tracking_domain,consent_category,vendor_name,tracker_type,tracker_name,tracker_purpose,tracker_duration,3rd_party_sharing,first_found_at,party_type,vendor_description,modified,consent_category_new,tracker_purpose_[language code],vendor_description_[language code]
CLIENT_X.com.my,Essential cookies (exempt from consent),CLIENT_X - Malaysia,HTTP Cookie,FPLC,,,,https://www.CLIENT_X.lt/,New Third Party Trackers,,,,,
store-CLIENT_X.tw,Essential cookies (exempt from consent),CLIENT_X Store - Taiwan,HTTP Cookie,_gid,,bench_update_duration,TRUE,https://www.CLIENT_X.lt/c-e/ho/lyginimas/drabuziu-garintuvai/handheld-steamer-7000-series.html,Existing CM Trackers-Found,,,,,
vtex.vtexassets.com,Performance Cookies [Requires consent],VTEX,JavaScript,-,,bench_update_duration,,,Existing CM Trackers-Not Found,,,,,
CLIENT_X.co.th,Essential cookies (exempt from consent),CLIENT_X - Thailand,HTTP Cookie,s_ugv,,bench_update_duration,TRUE,https://www.CLIENT_X.lt/c-e/pe/veidas-barzdaskutes/9000-serijos.html,Existing CM Trackers-Found,,,,,
www.CLIENT_X.lv,Essential cookies (exempt from consent),CLIENT_X - Latvia,HTTP Cookie,eddl_itc_list,,bench_update_duration,TRUE,https://www.CLIENT_X.lt/a-w/naudojimo_salygos,Existing CM Trackers-Found,,,,,
www.domesticappliances.CLIENT_X.co.in,Essential cookies (exempt from consent),CLIENT_X - India,HTTP Cookie,__seg,,,TRUE,https://www.CLIENT_X.lt/healthcare,Existing CM Trackers-Found,,,,,
CLIENT_X.com.cn,Essential cookies (exempt from consent),CLIENT_X - China,HTTP Cookie,s_eVar44,,bench_update_duration,TRUE,https://www.CLIENT_X.lt/,Existing CM Trackers-Found,,,,,
www.coreline.lighting.CLIENT_X.com,Performance Cookies [Requires consent],Signify (formerly CLIENT_X Lighting),JavaScript,-,,bench_update_duration,,,Existing CM Trackers-Not Found,,,,,
CLIENT_X.ua,Essential cookies (exempt from consent),CLIENT_X - Ukraine,HTTP Cookie,s_eVar8,,bench_update_duration,TRUE,https://www.CLIENT_X.lt/,Existing CM Trackers-Found,,,,,
CLIENT_X.com.hk,Essential cookies (exempt from consent),CLIENT_X - Hong Kong,HTTP Cookie,_gid,,bench_update_duration,,,Existing CM Trackers-Not Found,,,,,
www.CLIENT_X.com.my,Essential cookies (exempt from consent),CLIENT_X - Malaysia,HTTP Cookie,T01-recentlyViewedProducts,,bench_update_duration,,,Existing CM Trackers-Not Found,,,,,
CLIENT_X.lt,Essential cookies,CLIENT_X - Lithuania,HTTP Cookie,_ga_failed_lookup_marker_18_11,,90,,https://www.CLIENT_X.lt/,New First Party Trackers,,,,,
CLIENT_X.fi,Essential cookies (exempt from consent),CLIENT_X - Finland,HTTP Cookie,internalUserCheck,,session,TRUE,https://www.CLIENT_X.lt/,Existing CM Trackers-Found,,,,,
media.flixfacts.com,Targeted Advertising cookies (including social media) [Requires consent],Flixmedia,JavaScript,bench_new_T2_3704,,,,,Existing CM Trackers-Not Found,,,,,
CLIENT_X.com.gh,Essential cookies (exempt from consent),CLIENT_X - Ghana,HTTP Cookie,internalUserCheck,,400,TRUE,https://www.CLIENT_X.lt/a-w/naudojimo_salygos,Existing CM Trackers-Found,,,,,
*.t.eloqua.com,Targeted Advertising cookies (including social media) [Requires consent],Oracle Marketing,JavaScript,_ga_failed_lookup_marker_18_15,,,,https://www.CLIENT_X.lt/healthcare/product/HC830233/xper-information-management-with-CLIENT_X-hemo,Existing CM Trackers-Found,,,,,
CLIENT_X.com.br,Essential cookies (exempt from consent),CLIENT_X - Brazil,HTTP Cookie,li_cm_prefs_session,,90,TRUE,https://www.CLIENT_X.lt/a-w/naudojimo_salygos,Existing CM Trackers-Found,,,,,
www.healthcare.shop.CLIENT_X.co.uk,Essential cookies (exempt from consent),CLIENT_X - United Kingdom,HTTP Cookie,kampyleSessionPageCounter,,bench_update_duration,TRUE,https://www.CLIENT_X.lt/,Existing CM Trackers-Found,,,,,
www.CLIENT_X.fr,Essential cookies (exempt from consent),CLIENT_X - France,HTTP Cookie,RT,,365,TRUE,https://www.CLIENT_X.lt/c-e/benefits.html,Existing CM Trackers-Found,,,,,
CLIENT_X.bg,Essential cookies (exempt from consent),CLIENT_X - Bulgaria,HTTP Cookie,s_eVar8,,0,TRUE,https://www.CLIENT_X.lt/a-w/naudojimo_salygos,Existing CM Trackers-Found,,,,,
CLIENT_X.ae,Essential cookies (exempt from consent),CLIENT_X - Middle East Arab,HTTP Cookie,_gcl_au,,session,TRUE,https://www.CLIENT_X.lt/,Existing CM Trackers-Found,,,,,
www.CLIENT_X-hue.com,Performance cookies [Requires consent],CLIENT_X Hue,ETag,bench_new_T2_3698,,,,,Existing CM Trackers-Not Found,,,,,
www.tienda.CLIENT_X.com.ar,Essential cookies (exempt from consent),CLIENT_X - Argentina,HTTP Cookie,VtexRCSessionIdv7,,729,TRUE,https://www.CLIENT_X.lt/,Existing CM Trackers-Found,,,,,
CLIENT_X.lt,Performance cookies [Requires consent],CLIENT_X - Lithuania,HTTP Cookie,bench_new_T2_3649,,session,TRUE,https://www.CLIENT_X.lt/,Existing CM Trackers-Found,,,,,
api-maps.yandex.ru,Targeted Advertising Cookies (including social media) [Requires consent],Yandex,ETag,-,,bench_update_duration,TRUE,https://www.CLIENT_X.lt/healthcare/about/support/resource-center/results,Existing CM Trackers-Found,,,,,
CLIENT_X.de,Essential cookies (exempt from consent),CLIENT_X - Germany,HTTP Cookie,s_cc,,bench_update_duration,TRUE,https://www.CLIENT_X.lt/,Existing CM Trackers-Found,,,,,
secure.adnxs.com,Targeted Advertising Cookies (including social media) [Requires consent],"Xandr, Inc.",Beacon,-,,,,,Existing CM Trackers-Not Found,,,,,
CLIENT_X.com.au,Essential cookies (exempt from consent),CLIENT_X - Australia,HTTP Cookie,s_gnr,,bench_update_duration,,,Existing CM Trackers-Not Found,,,,,
www.CLIENT_X.ru,Essential cookies (exempt from consent),CLIENT_X - Russia,HTTP Cookie,kampyleUserSessionsCount,,bench_update_duration,,,Existing CM Trackers-Not Found,,,,,
company-target.com,Targeted Advertising cookies (including social media) [Requires consent],"Demandbase, Inc.",HTTP Cookie,bench_new_T2_3747,,396,TRUE,https://www.CLIENT_X.lt/a-w/naudojimo_salygos,Existing CM Trackers-Found,,,,,
www.CLIENT_X.com.tw,Essential cookies (exempt from consent),CLIENT_X - Taiwan,HTTP Cookie,AWSELB,,0,TRUE,https://www.CLIENT_X.lt/,Existing CM Trackers-Found,,,,,
CLIENT_X.co.jp,Essential cookies (exempt from consent),CLIENT_X Electronics Corporation Japan,HTTP Cookie,FPLC,,,,,Existing CM Trackers-Not Found,,,,,
cdn.cookiehub.eu,Targeted Advertising Cookies (including social media) [Requires consent],CookieHub,ETag,-,,365,TRUE,https://www.CLIENT_X.lt/c-e/benefits.html,Existing CM Trackers-Found,,,,,
www.crsc.lighting.CLIENT_X.com,Performance cookies [Requires consent],Signify (formerly CLIENT_X Lighting),ETag,_ga_failed_lookup_marker_18_33,,,,,Existing CM Trackers-Not Found,,,,,
logo.flix360.io,Performance Cookies [Requires consent],Flix360.com,ETag,-,,bench_update_duration,,,Existing CM Trackers-Not Found,,,,,
pz-ew-cdn-np-static-contents.azureedge.net,Performance Cookies [Requires consent],Microsoft,JavaScript,-,,,,,Existing CM Trackers-Not Found,,,,,
www.CLIENT_X.fr,Essential cookies (exempt from consent),CLIENT_X - France,HTTP Cookie,kampylePageLoadedTimestamp,,,,,Existing CM Trackers-Not Found,,,,,
CLIENT_X.com.eg,Essential cookies (exempt from consent),CLIENT_X - Egypt,HTTP Cookie,TEST_AMCV_COOKIE_WRITE,,bench_update_duration,,,Existing CM Trackers-Not Found,,,,,
CLIENT_X.lt,Essential cookies (exempt from consent),CLIENT_X - Lithuania,HTTP Cookie,_ga_failed_lookup_marker_18_38,,,,,Existing CM Trackers-Not Found,,,,,
CLIENT_X.co.il,Essential cookies (exempt from consent),CLIENT_X - Israel,HTTP Cookie,at_check,,,,,Existing CM Trackers-Not Found,,,,,
dpm.demdex.net,Targeted Advertising cookies (including social media) [Requires consent],"Adobe Audience Manager, Adobe Experience Cloud",Beacon,bench_new_T2_3743,,,,,Existing CM Trackers-Not Found,,,,,
CLIENT_X.co.il,Essential cookies (exempt from consent),CLIENT_X - Israel,HTTP Cookie,mboxEdgeCluster,,bench_update_duration,TRUE,https://www.CLIENT_X.lt/c-e/benefits.html,Existing CM Trackers-Found,,,,,
lighting.CLIENT_X.ro,Essential cookies (exempt from consent),Signify (formerly CLIENT_X Lighting),HTTP Cookie,_mkto_trk,,bench_update_duration,,,Existing CM Trackers-Not Found,,,,,
www.lighting.CLIENT_X.com,Performance cookies [Requires consent],Signify (formerly CLIENT_X Lighting),JavaScript,bench_new_T2_3700,,,,,Existing CM Trackers-Not Found,,,,,
CLIENT_X.com.ar,Essential cookies (exempt from consent),CLIENT_X - Argentina,HTTP Cookie,coveo_visitorId,,729,TRUE,https://www.CLIENT_X.lt/c-e/benefits.html,Existing CM Trackers-Found,,,,,
CLIENT_X.lt,Essential cookies (exempt from consent),CLIENT_X - Lithuania,HTTP Cookie,_ga_failed_lookup_marker_18_45,,,,,Existing CM Trackers-Not Found,,,,,
cdnjs.cloudflare.com,Performance Cookies [Requires consent],Cloudflare,ETag,-,,bench_update_duration,TRUE,https://www.CLIENT_X.lt/a-w/naudojimo_salygos,Existing CM Trackers-Found,,,,,
www.CLIENT_X.cl,Essential cookies (exempt from consent),CLIENT_X - Chile,HTTP Cookie,liveagent_sid,,bench_update_duration,,,Existing CM Trackers-Not Found,,,,,
www.coffee.equalizer.CLIENT_X.com,Essential cookies (exempt from consent),Koninklijke CLIENT_X N.V.,ETag,blank (etag),,bench_update_duration,TRUE,https://www.CLIENT_X.lt/,Existing CM Trackers-Found,,,,,
www.accounts.CLIENT_X.ru,Essential cookies (exempt from consent),CLIENT_X - Russia,Local Storage,blank (local storage),,,,,Existing CM Trackers-Not Found,,,,,
www.CLIENT_X.lt,Essential cookies (exempt from consent),CLIENT_X - Lithuania,HTTP Cookie,_ga_failed_lookup_marker_18_50,,session,TRUE,https://www.CLIENT_X.lt/c-e/benefits.html,Existing CM Trackers-Found,,,,,
www.CLIENT_X.co.za,Essential cookies (exempt from consent),CLIENT_X - South Africa,HTTP Cookie,_sdsat_pgm_optin,,bench_update_duration,,,Existing CM Trackers-Not Found,,,,,
gtli35yxjasjwznqtiva-perylk-XXXXXXXXX-clientnsv4-s.akamaihd.net,Performance Cookies [Requires consent],Akamai,ETag,-,,session,TRUE,https://www.CLIENT_X.lt/c-e/benefits.html,Existing CM Trackers-Found,,,,,
www.lighting.CLIENT_X.co.nz,Essential cookies (exempt from consent),Signify (formerly CLIENT_X Lighting),HTTP Cookie,s_sid,,,TRUE,https://www.CLIENT_X.lt/c-e/ho/oro-valytuvas-ir-oro-drekintuvas/air-matters-aplikacija.html,Existing CM Trackers-Found,,,,,
netdna.bootstrapcdn.com,Targeted Advertising Cookies (including social media) [Requires consent],Bootstrap CDN,ETag,-,,bench_update_duration,,https://www.CLIENT_X.lt/c-f/XC000021443/mano-%E2%80%9ECLIENT_X%E2%80%9C-bok%C5%A1tinis-ventiliatorius-vibruodamas-skleid%C5%BEia-ne%C4%AFprast%C4%85-triuk%C5%A1m%C4%85,New Third Party Trackers,,,,,
www.CLIENT_X.se,Essential cookies (exempt from consent),CLIENT_X - Sweden,HTTP Cookie,kampyleUserSessionsCount,,bench_update_duration,,,Existing CM Trackers-Not Found,,,,,
cdn.navdmp.com,Targeted Advertising Cookies (including social media) [Requires consent],Navegg,JavaScript,-,,bench_update_duration,TRUE,https://www.CLIENT_X.lt/a-w/naudojimo_salygos,Existing CM Trackers-Found,,,,,
CLIENT_X.ae,Essential cookies (exempt from consent),CLIENT_X - Middle East Arab,HTTP Cookie,_scid,,,TRUE,https://www.CLIENT_X.lt/c-e/ho/airfryer-accessories.html,Existing CM Trackers-Found,,,,,
CLIENT_X.com.pe,Essential cookies (exempt from consent),CLIENT_X - Peru,HTTP Cookie,s_eVar44,,,,,Existing CM Trackers-Not Found,,,,,
CLIENT_X.ng,Essential cookies (exempt from consent),CLIENT_X - Nigeria,HTTP Cookie,da_sid,,bench_update_duration,,,Existing CM Trackers-Not Found,,,,,
CLIENT_Xb2c.my.site.com,Performance cookies [Requires consent],"Salesforce.com, Inc.",JavaScript,_ga_failed_lookup_marker_18_60,,,TRUE,https://www.CLIENT_X.lt/c-w/pagalba/support-contact-page,Existing CM Trackers-Found,,,,,
dev.CLIENT_X.com.vn,Essential cookies (exempt from consent),CLIENT_X - Vietnam,Local Storage,blank (local storage),,,TRUE,https://www.CLIENT_X.lt/c-m-pe/plauku-salinimo-priemones/naujausi,Existing CM Trackers-Found,,,,,
acc.usa.CLIENT_X.com,Essential cookies (exempt from consent),Koninklijke CLIENT_X N.V.,HTTP Cookie,__spdt,,bench_update_duration,TRUE,https://www.CLIENT_X.lt/,Existing CM Trackers-Found,,,,,
www.CLIENT_X.pt,Essential cookies (exempt from consent),CLIENT_X - Portugal,HTTP Cookie,JSESSIONID,,bench_update_duration,TRUE,https://www.CLIENT_X.lt/,Existing CM Trackers-Found,,,,,
exchange.mediavine.com,Targeted Advertising Cookies (including social media) [Requires consent],"Mediavine, Inc.",HTTP Cookie,am_tokens,,13,TRUE,https://www.CLIENT_X.lt/a-w/naudojimo_salygos,Existing CM Trackers-Found,,,,,
www.lighting.CLIENT_X.co.th,Essential cookies (exempt from consent),Signify (formerly CLIENT_X Lighting),HTTP Cookie,s_int,,0,TRUE,https://www.CLIENT_X.lt/,Existing CM Trackers-Found,,,,,
www.lighting.CLIENT_X.fi,Essential cookies (exempt from consent),Signify (formerly CLIENT_X Lighting),HTTP Cookie,AWSELBCORS,,0,,,Existing CM Trackers-Not Found,,,,,
www.CLIENT_X.lt,Essential cookies (exempt from consent),CLIENT_X - Lithuania,Beacon,_ga_failed_lookup_marker_18_67,,,TRUE,https://www.CLIENT_X.lt/,Existing CM Trackers-Found,,,,,
display.ugc.bazaarvoice.com,Essential cookies (exempt from consent),"Bazaarvoice, Inc.",ETag,bench_new_T2_3709,,,,,Existing CM Trackers-Not Found,,,,,
dotz.com.br,Targeted Advertising Cookies (including social media) [Requires consent],Companhia Brasileira de Soluï¿½ï¿½es de Marketing,HTTP Cookie,__cf_bm,,bench_update_duration,TRUE,https://www.CLIENT_X.lt/c-e/ho/lyginimas/drabuziu-garintuvai/handheld-steamer-7000-series.html,Existing CM Trackers-Found,,,,,
www.CLIENT_X.ie,Essential cookies (exempt from consent),CLIENT_X - Ireland,HTTP Cookie,user_country,,,,,Existing CM Trackers-Not Found,,,,,
CLIENT_X.com.ar,Essential cookies (exempt from consent),CLIENT_X - Argentina,HTTP Cookie,biggy-session-tccommercear,,0,,,Existing CM Trackers-Not Found,,,,,
www.service.CLIENT_X.ru,Essential cookies (exempt from consent),CLIENT_X - Russia,HTTP Cookie,OnlineClaimSlClientId,,bench_update_duration,,,Existing CM Trackers-Not Found,,,,,
dev.CLIENT_X.com.vn,Essential cookies (exempt from consent),CLIENT_X - Vietnam,HTTP Cookie,AWSELB,,bench_update_duration,,,Existing CM Trackers-Not Found,,,,,
CLIENT_X.de,Essential cookies (exempt from consent),CLIENT_X - Germany,HTTP Cookie,_y2,,,,,Existing CM Trackers-Not Found,,,,,
lighting.CLIENT_X.com.tr,Essential cookies (exempt from consent),Signify (formerly CLIENT_X Lighting),HTTP Cookie,s_pv,,bench_update_duration,,,Existing CM Trackers-Not Found,,,,,
CLIENT_X.co.uk,Essential cookies (exempt from consent),CLIENT_X - United Kingdom,HTTP Cookie,s_eVar8,,session,TRUE,https://www.CLIENT_X.lt/,Existing CM Trackers-Found,,,,,
www.CLIENT_X.hr,Essential cookies (exempt from consent),CLIENT_X - Croatia,Beacon,blank (beacon),,session,TRUE,https://www.CLIENT_X.lt/,Existing CM Trackers-Found,,,,,
lighting.CLIENT_X.com.ph,Essential cookies (exempt from consent),CLIENT_X - Philippines,HTTP Cookie,s_nr30,,bench_update_duration,,,Existing CM Trackers-Not Found,,,,,
weather-website-client.tomorrow.io,Performance Cookies [Requires consent],Tomorrow.io,ETag,-,,90,TRUE,https://www.CLIENT_X.lt/a-w/naudojimo_salygos,Existing CM Trackers-Found,,,,,
www.lighting.CLIENT_X.co.kr,Essential cookies (exempt from consent),Signify (formerly CLIENT_X Lighting),HTTP Cookie,d01-layout,,bench_update_duration,,,Existing CM Trackers-Not Found,,,,,
CLIENT_X.com.cn,Essential cookies (exempt from consent),CLIENT_X - China,HTTP Cookie,s_cc,,bench_update_duration,,,Existing CM Trackers-Not Found,,,,,
CLIENT_X.no,Essential cookies (exempt from consent),CLIENT_X - Norway,HTTP Cookie,at_check,,bench_update_duration,TRUE,https://www.CLIENT_X.lt/,Existing CM Trackers-Found,,,,,
api.snappylabs.io,Performance Cookies [Requires consent],Snappy Labs,ETag,-,,400,,https://www.CLIENT_X.lt/,New Third Party Trackers,,,,,
www.lighting.CLIENT_X.com.ph,Essential cookies (exempt from consent),CLIENT_X - Philippines,HTTP Cookie,BCTempID,,bench_update_duration,TRUE,https://www.CLIENT_X.lt/a-w/naudojimo_salygos,Existing CM Trackers-Found,,,,,
consent.trustarc.com,Essential cookies (exempt from consent),TrustArc,JavaScript,-,,bench_update_duration,TRUE,https://www.CLIENT_X.lt/,Existing CM Trackers-Found,,,,,
www.CLIENT_X.at,Essential cookies (exempt from consent),CLIENT_X - Austria,HTTP Cookie,kampyleSessionPageCounter,,bench_update_duration,TRUE,https://www.CLIENT_X.lt/a-w/naudojimo_salygos,Existing CM Trackers-Found,,,,,
www.CLIENT_X.com.tr,Essential cookies (exempt from consent),CLIENT_X - Turkey,HTTP Cookie,AWSELB,,bench_update_duration,TRUE,https://www.CLIENT_X.lt/,Existing CM Trackers-Found,,,,,
www.CLIENT_X.fi,Essential cookies (exempt from consent),CLIENT_X - Finland,HTTP Cookie,kampyleSessionPageCounter,,bench_update_duration,,,Existing CM Trackers-Not Found,,,,,
www.CLIENT_X.fi,Essential cookies (exempt from consent),CLIENT_X - Finland,HTTP Cookie,p-hc-catg,,bench_update_duration,,https://www.CLIENT_X.lt/healthcare/about/support/resource-center/results,New Third Party Trackers,,,,,
CLIENT_X.lt,Essential cookies (exempt from consent),CLIENT_X - Lithuania,HTTP Cookie,bench_new_T2_3637,,,,,Existing CM Trackers-Not Found,,,,,
www.CLIENT_X.com.kw,Essential cookies (exempt from consent),CLIENT_X - Kuwait,HTTP Cookie,p-hc-catg,,,,,Existing CM Trackers-Not Found,,,,,
www.CLIENT_X.cz,Performance cookies [Requires consent],CLIENT_X - Czech Republic,ETag,bench_new_T2_3668,,,TRUE,https://www.CLIENT_X.lt/c-e/blog/burnos-higiena.html,Existing CM Trackers-Found,,,,,
images.CLIENT_X.com,Essential cookies (exempt from consent),Koninklijke CLIENT_X N.V.,JavaScript,_ga_failed_lookup_marker_18_93,,,TRUE,https://www.CLIENT_X.lt/healthcare/product/881120,Existing CM Trackers-Found,,,,,
c.amazon-adsystem.com,Targeted Advertising cookies (including social media) [Requires consent],Amazon Ads,JavaScript,bench_new_T2_3740,,,,,Existing CM Trackers-Not Found,,,,,
CLIENT_X.ro,Essential cookies (exempt from consent),CLIENT_X - Romania,HTTP Cookie,mboxEdgeCluster,,bench_update_duration,,https://www.CLIENT_X.lt/c-e/benefits.html,New First Party Trackers,,,,,
www.CLIENT_X.ma,Essential cookies (exempt from consent),CLIENT_X - Morocco,HTTP Cookie,kampyleUserSession,,bench_update_duration,,,Existing CM Trackers-Not Found,,,,,
www.CLIENT_X.com.cn,Essential cookies (exempt from consent),CLIENT_X - China,HTTP Cookie,kampylePageLoadedTimestamp,,0,,https://www.CLIENT_X.lt/c-e/benefits.html,New First Party Trackers,,,,,
XXXXXXXXXXXXX.cloudfront.net,Targeted Advertising Cookies (including social media) [Requires consent],Amazon (Cloudfront),ETag,-,,bench_update_duration,TRUE,https://www.CLIENT_X.lt/,Existing CM Trackers-Found,,,,,
consent-pref.trustarc.com,Essential cookies (exempt from consent),TrustArc,JavaScript,bench_new_T2_3701,,,,,Existing CM Trackers-Not Found,,,,,
CLIENT_X.com.br,Essential cookies (exempt from consent),CLIENT_X - Brazil,HTTP Cookie,__kdtv,,bench_update_duration,TRUE,https://www.CLIENT_X.lt/,Existing CM Trackers-Found,,,,,
www.lighting.CLIENT_X.com.pk,Essential cookies (exempt from consent),Signify (formerly CLIENT_X Lighting),Local Storage,blank (local storage),,bench_update_duration,,,Existing CM Trackers-Not Found,,,,,
media.flixcar.com,Targeted Advertising Cookies (including social media) [Requires consent],Flixmedia,ETag,-,,,,,Existing CM Trackers-Not Found,,,,,
skaiciuokles.inbank.lt,Performance Cookies [Requires consent],Inbank,JavaScript,-,,,,,Existing CM Trackers-Not Found,,,,,
CLIENT_X.com.vn,Essential cookies (exempt from consent),CLIENT_X - Vietnam,HTTP Cookie,TEST_AMCV_COOKIE,,bench_update_duration,TRUE,https://www.CLIENT_X.lt/c-e/pe/veidas-barzdaskutes/9000-serijos.html,Existing CM Trackers-Found,,,,,
www.youtube.com,Targeted Advertising Cookies (including social media) [Requires consent],Google Advertising Products,JavaScript,-,,bench_update_duration,,,Existing CM Trackers-Not Found,,,,,
sc-static.net,Targeted Advertising cookies (including social media) [Requires consent],Snap Inc.,HTTP Cookie,_ga_failed_lookup_marker_18_106,,1,TRUE,https://www.CLIENT_X.lt/c-e/ho/lyginimas/drabuziu-garintuvai/handheld-steamer-7000-series.html,Existing CM Trackers-Found,,,,,
CLIENT_X.co.in,Essential cookies (exempt from consent),CLIENT_X - India,HTTP Cookie,s_cm,,bench_update_duration,,,Existing CM Trackers-Not Found,,,,,
www.CLIENT_X.ca,Essential cookies (exempt from consent),CLIENT_X - Canada,HTTP Cookie,__attentive_id,,bench_update_duration,TRUE,https://www.CLIENT_X.lt/,Existing CM Trackers-Found,,,,,
CLIENT_X.com.eg,Essential cookies (exempt from consent),CLIENT_X - Egypt,HTTP Cookie,at_check,,bench_update_duration,TRUE,https://www.CLIENT_X.lt/c-w/pagalba/support-contact-page,Existing CM Trackers-Found,,,,,
www.lighting.CLIENT_X.lt,Essential cookies (exempt from consent),Signify (formerly CLIENT_X Lighting),HTTP Cookie,_ga_failed_lookup_marker_18_110,,,,,Existing CM Trackers-Not Found,,,,,
munchkin.marketo.net,Targeted Advertising cookies (including social media) [Requires consent],Marketo,ETag,bench_new_T2_3764,,,,,Existing CM Trackers-Not Found,,,,,
CLIENT_X.hr,Essential cookies (exempt from consent),CLIENT_X - Croatia,HTTP Cookie,TAsessionID,,bench_update_duration,,https://www.CLIENT_X.lt/,New First Party Trackers,,,,,
www.CLIENT_X.fr,Essential cookies (exempt from consent),CLIENT_X - France,HTTP Cookie,notice_settings,,400,TRUE,https://www.CLIENT_X.lt/,Existing CM Trackers-Found,,,,,
tiktok.com,Targeted Advertising cookies (including social media) [Requires consent],TikTok,HTTP Cookie,_ga_failed_lookup_marker_18_114,,90,TRUE,https://www.CLIENT_X.lt/,Existing CM Trackers-Found,,,,,
tags.t.tailtarget.com,Targeted Advertising Cookies (including social media) [Requires consent],Tail Target,ETag,-,,,,,Existing CM Trackers-Not Found,,,,,
lighting.CLIENT_X.com.vn,Essential cookies (exempt from consent),Signify (formerly CLIENT_X Lighting),HTTP Cookie,s_sid,,90,TRUE,https://www.CLIENT_X.lt/,Existing CM Trackers-Found,,,,,
www.healthcare.shop.CLIENT_X.fr,Essential cookies (exempt from consent),CLIENT_X - France,HTTP Cookie,kampyleUserSessionsCount,,,TRUE,https://www.CLIENT_X.lt/c-e/pe/veidas-barzdaskutes/9000-serijos.html,Existing CM Trackers-Found,,,,,
www.lighting.CLIENT_X.com.cn,Essential cookies (exempt from consent),Signify (formerly CLIENT_X Lighting),HTTP Cookie,s_as,,,TRUE,https://www.CLIENT_X.lt/,Existing CM Trackers-Found,,,,,
CLIENT_X.at,Essential cookies (exempt from consent),CLIENT_X - Austria,HTTP Cookie,TEST_AMCV_COOKIE_WRITE,,bench_update_duration,TRUE,https://www.CLIENT_X.lt/,Existing CM Trackers-Found,,,,,
youtube.com,Targeted Advertising cookies (including social media) [Requires consent],Google Advertising Products,HTTP Cookie,bench_new_T2_3711,,180,TRUE,https://www.CLIENT_X.lt/c-e/ho/oro-valytuvas-ir-oro-drekintuvas/air-matters-aplikacija.html,Existing CM Trackers-Found,,,,,
sc-static.net,Targeted Advertising Cookies (including social media) [Requires consent],Snap Inc.,HTTP Cookie,X-AB,,0,,,Existing CM Trackers-Not Found,,,,,
www.CLIENT_X.pt,Essential cookies (exempt from consent),CLIENT_X - Portugal,HTTP Cookie,kampyle_userid,,,,,Existing CM Trackers-Not Found,,,,,
CLIENT_X.ae,Essential cookies (exempt from consent),CLIENT_X - Middle East Arab,HTTP Cookie,s_cm_direct,,session,TRUE,https://www.CLIENT_X.lt/,Existing CM Trackers-Found,,,,,
www.CLIENT_X.sa,Essential cookies (exempt from consent),CLIENT_X - Kingdom of Saudi Arabia,HTTP Cookie,kampylePageLoadedTimestamp,,bench_update_duration,,,Existing CM Trackers-Not Found,,,,,
CLIENT_X.cl,Essential cookies (exempt from consent),CLIENT_X - Chile,HTTP Cookie,_gid,,,,,Existing CM Trackers-Not Found,,,,,
www.lighting.CLIENT_X.si,Essential cookies (exempt from consent),Signify (formerly CLIENT_X Lighting),JavaScript,blank (java),,bench_update_duration,,,Existing CM Trackers-Not Found,,,,,
CLIENT_X.es,Essential cookies (exempt from consent),CLIENT_X - Spain,HTTP Cookie,s_nrpv,,session,TRUE,https://www.CLIENT_X.lt/,Existing CM Trackers-Found,,,,,
lighting.CLIENT_X.com.hk,Essential cookies (exempt from consent),CLIENT_X - Hong Kong,HTTP Cookie,s_vs,,,,,Existing CM Trackers-Not Found,,,,,
www.CLIENT_X.com.br,Essential cookies (exempt from consent),CLIENT_X - Brazil,HTTP Cookie,_sdsat_pgm_optin,,,TRUE,https://www.CLIENT_X.lt/,Existing CM Trackers-Found,,,,,
www.CLIENT_X.bg,Essential cookies (exempt from consent),CLIENT_X - Bulgaria,HTTP Cookie,kampyleUserSessionsCount,,bench_update_duration,,,Existing CM Trackers-Not Found,,,,,
CLIENT_X.lt,Essential cookies (exempt from consent),CLIENT_X - Lithuania,HTTP Cookie,bench_new_T2_3644,,400,TRUE,https://www.CLIENT_X.lt/,Existing CM Trackers-Found,,,,,
CLIENT_X.com.tr,Essential cookies (exempt from consent),CLIENT_X - Turkey,HTTP Cookie,zScalerUser,,bench_update_duration,TRUE,https://www.CLIENT_X.lt/,Existing CM Trackers-Found,,,,,
display.ugc.bazaarvoice.com,Performance cookies [Requires consent],"Bazaarvoice, Inc.",JavaScript,bench_new_T2_3635,,,,,Existing CM Trackers-Not Found,,,,,
www.CLIENT_X.com.br,Essential cookies (exempt from consent),CLIENT_X - Brazil,JavaScript,blank (java),,session,TRUE,https://www.CLIENT_X.lt/,Existing CM Trackers-Found,,,,,
CLIENT_X.com.pe,Essential cookies (exempt from consent),CLIENT_X - Peru,HTTP Cookie,_schn2,,,,,Existing CM Trackers-Not Found,,,,,
www.CLIENT_X.de,Essential cookies (exempt from consent),CLIENT_X - Germany,HTTP Cookie,AWSELBCORS,,bench_update_duration,TRUE,https://www.CLIENT_X.lt/c-e/benefits.html,Existing CM Trackers-Found,,,,,
CLIENT_X.com.cn,Essential cookies (exempt from consent),CLIENT_X - China,HTTP Cookie,mbox,,,,,Existing CM Trackers-Not Found,,,,,
CLIENT_X.pl,Essential cookies (exempt from consent),CLIENT_X - Poland,HTTP Cookie,test,,session,TRUE,https://www.CLIENT_X.lt/,Existing CM Trackers-Found,,,,,
CLIENT_X.pt,Essential cookies (exempt from consent),CLIENT_X - Portugal,HTTP Cookie,_fbp,,180,TRUE,https://www.CLIENT_X.lt/c-e/ho/lyginimas/drabuziu-garintuvai/handheld-steamer-7000-series.html,Existing CM Trackers-Found,,,,,
www.ambilightexperience.com,Performance Cookies [Requires consent],Koninklijke CLIENT_X N.V.,JavaScript,-,,bench_update_duration,TRUE,https://www.CLIENT_X.lt/,Existing CM Trackers-Found,,,,,
www.CLIENT_X.no,Essential cookies (exempt from consent),CLIENT_X - Norway,HTTP Cookie,ROUTE,,,,,Existing CM Trackers-Not Found,,,,,
www.CLIENT_X.co.kr,Essential cookies (exempt from consent),CLIENT_X - Korea,HTTP Cookie,_scid_r,,365,TRUE,https://www.CLIENT_X.lt/c-e/benefits.html,Existing CM Trackers-Found,,,,,
CLIENT_X.ee,Essential cookies (exempt from consent),CLIENT_X - Republic of Estonia,HTTP Cookie,internalUserCheck,,,,,Existing CM Trackers-Not Found,,,,,
CLIENT_X.be,Essential cookies (exempt from consent),CLIENT_X - Belgium,HTTP Cookie,zScalerUser,,bench_update_duration,,,Existing CM Trackers-Not Found,,,,,
www.CLIENT_X.rs,Essential cookies (exempt from consent),CLIENT_X - Serbia,Local Storage,blank (local storage),,bench_update_duration,TRUE,https://www.CLIENT_X.lt/c-e/benefits.html,Existing CM Trackers-Found,,,,,
smetrics.marketing.CLIENT_X-hue.com,Performance Cookies [Requires consent],CLIENT_X Hue,Beacon,-,,60,TRUE,https://www.CLIENT_X.lt/,Existing CM Trackers-Found,,,,,
CLIENT_X.lt,Essential cookies (exempt from consent),CLIENT_X - Lithuania,HTTP Cookie,_ga_failed_lookup_marker_18_147,,,,,Existing CM Trackers-Not Found,,,,,
candyrack.ds-cdn.com,Performance cookies [Requires consent],Digismoothie,ETag,bench_new_T2_3638,,,,,Existing CM Trackers-Not Found,,,,,
static.cloud.coveo.com,Targeted Advertising cookies (including social media) [Requires consent],Coveo Solutions Inc.,ETag,_ga_failed_lookup_marker_18_149,,,TRUE,https://www.CLIENT_X.lt/healthcare/about/support/resource-center/results,Existing CM Trackers-Found,,,,,
CLIENT_X.sa,Essential cookies (exempt from consent),CLIENT_X - Kingdom of Saudi Arabia,HTTP Cookie,iadvize-8003-vuid,,400,,https://www.CLIENT_X.lt/,New Third Party Trackers,,,,,
CLIENT_X.lt,Performance cookies [Requires consent],CLIENT_X - Lithuania,HTTP Cookie,bench_new_T2_3658,,,,,Existing CM Trackers-Not Found,,,,,
www.CLIENT_X.ca,Essential cookies (exempt from consent),CLIENT_X - Canada,HTTP Cookie,_yi,,,TRUE,https://www.CLIENT_X.lt/healthcare/product/881120,Existing CM Trackers-Found,,,,,
www.mylife.CLIENT_X.com.cn,Essential cookies (exempt from consent),CLIENT_X - China,ETag,blank (etag),,bench_update_duration,,,Existing CM Trackers-Not Found,,,,,
region1.google-analytics.com,Performance cookies [Requires consent],Google Inc.,HTTP Cookie,_ga_failed_lookup_marker_18_154,,,,,Existing CM Trackers-Not Found,,,,,
CLIENT_X.lt,Essential cookies (exempt from consent),CLIENT_X - Lithuania,HTTP Cookie,bench_new_T2_3627,,60,TRUE,https://www.CLIENT_X.lt/,Existing CM Trackers-Found,,,,,
www.CLIENT_X.cz,Essential cookies (exempt from consent),CLIENT_X - Czech Republic,HTTP Cookie,fl_qualified_entry,,bench_update_duration,TRUE,https://www.CLIENT_X.lt/c-m-pe/plauku-salinimo-priemones/naujausi,Existing CM Trackers-Found,,,,,
www.CLIENT_X.sa,Essential cookies (exempt from consent),CLIENT_X - Kingdom of Saudi Arabia,HTTP Cookie,_y2,,180,TRUE,https://www.CLIENT_X.lt/c-e/blog.html,Existing CM Trackers-Found,,,,,
www.ambilux.CLIENT_X.com,Essential cookies (exempt from consent),Koninklijke CLIENT_X N.V.,HTTP Cookie,AWSALB,,bench_update_duration,TRUE,https://www.CLIENT_X.lt/,Existing CM Trackers-Found,,,,,
CLIENT_X.hu,Essential cookies (exempt from consent),CLIENT_X - Hungary,HTTP Cookie,_scid,,365,TRUE,https://www.CLIENT_X.lt/c-e/benefits.html,Existing CM Trackers-Found,,,,,
www.lighting.CLIENT_X.com.au,Essential cookies (exempt from consent),Signify (formerly CLIENT_X Lighting),ETag,blank (etag),,0,TRUE,https://www.CLIENT_X.lt/c-w/pagalba/service-center-locator.html,Existing CM Trackers-Found,,,,,
www.CLIENT_X.be,Essential cookies (exempt from consent),CLIENT_X - Belgium,HTTP Cookie,AWSELBCORS,,bench_update_duration,,,Existing CM Trackers-Not Found,,,,,
www.CLIENT_X.nl,Essential cookies (exempt from consent),CLIENT_X - Netherlands,Local Storage,blank (local storage),,400,TRUE,https://www.CLIENT_X.lt/a-w/naudojimo_salygos,Existing CM Trackers-Found,,,,,
www.CLIENT_X.co.za,Essential cookies (exempt from consent),CLIENT_X - South Africa,HTTP Cookie,eddl_gtm_qe_session_start_6523424625,,,,,Existing CM Trackers-Not Found,,,,,
www.lighting.CLIENT_X.com.my,Essential cookies (exempt from consent),Signify (formerly CLIENT_X Lighting),HTTP Cookie,customer_country,,bench_update_duration,,,Existing CM Trackers-Not Found,,,,,
snapchat.com,Targeted Advertising cookies (including social media) [Requires consent],Snap Inc.,HTTP Cookie,bench_new_T2_3751,,390,TRUE,https://www.CLIENT_X.lt/c-e/ho/lyginimas/drabuziu-garintuvai/handheld-steamer-7000-series.html,Existing CM Trackers-Found,,,,,
CLIENT_X.be,Essential cookies (exempt from consent),CLIENT_X - Belgium,HTTP Cookie,_scid,,0,,,Existing CM Trackers-Not Found,,,,,
tabby.ai,Performance Cookies [Requires consent],tabby.ai,HTTP Cookie,_cfuvid,,session,TRUE,https://www.CLIENT_X.lt/,Existing CM Trackers-Found,,,,,
www.CLIENT_X.rs,Essential cookies (exempt from consent),CLIENT_X - Serbia,HTTP Cookie,p-hc-specialty,,,,,Existing CM Trackers-Not Found,,,,,
CLIENT_X.pl,Essential cookies (exempt from consent),CLIENT_X - Poland,HTTP Cookie,li_cm_prefs_session,,bench_update_duration,TRUE,https://www.CLIENT_X.lt/,Existing CM Trackers-Found,,,,,
www.healthcare.shop.CLIENT_X.it,Essential cookies (exempt from consent),CLIENT_X - Italy,HTTP Cookie,kampyleSessionPageCounter,,,TRUE,https://www.CLIENT_X.lt/,Existing CM Trackers-Found,,,,,
www.CLIENT_X.com,Performance Cookies [Requires consent],Koninklijke CLIENT_X N.V.,HTTP Cookie,AWSELBCORS,,bench_update_duration,TRUE,https://www.CLIENT_X.lt/a-w/naudojimo_salygos,Existing CM Trackers-Found,,,,,
www.youtube-nocookie.com,Preference cookies,Google Inc.,Local Storage,yt-remote-session-name,,bench_update_duration,,,Existing CM Trackers-Not Found,,,,,
www.CLIENT_X.com.qa,Essential cookies (exempt from consent),CLIENT_X - Qatar,HTTP Cookie,kampyleUserSession,,,,,Existing CM Trackers-Not Found,,,,,
www.CLIENT_X.gr,Essential cookies (exempt from consent),CLIENT_X - Greece,HTTP Cookie,p-hc-specialty,,session,TRUE,https://www.CLIENT_X.lt/c-e/benefits.html,Existing CM Trackers-Found,,,,,
CLIENT_X.bg,Essential cookies (exempt from consent),CLIENT_X - Bulgaria,HTTP Cookie,s_campaign,,729,TRUE,https://www.CLIENT_X.lt/,Existing CM Trackers-Found,,,,,
CLIENT_X.com.sg,Essential cookies (exempt from consent),CLIENT_X - Singapore,HTTP Cookie,_ga,,bench_update_duration,TRUE,https://www.CLIENT_X.lt/,Existing CM Trackers-Found,,,,,
www.CLIENT_X.gr,Essential cookies (exempt from consent),CLIENT_X - Greece,HTTP Cookie,kampyleSessionPageCounter,,,,,Existing CM Trackers-Not Found,,,,,
dsum-sec.casalemedia.com,Targeted Advertising cookies (including social media) [Requires consent],Index Exchange Inc.,Beacon,bench_new_T2_3655,,,TRUE,https://www.CLIENT_X.lt/a-w/naudojimo_salygos,Existing CM Trackers-Found,,,,,
CLIENT_X.com.gh,Essential cookies (exempt from consent),CLIENT_X - Ghana,HTTP Cookie,s_ugv,,392,TRUE,https://www.CLIENT_X.lt/healthcare,Existing CM Trackers-Found,,,,,
www.CLIENT_X.si,Essential cookies (exempt from consent),CLIENT_X - Slovenia,ETag,blank (etag),,bench_update_duration,TRUE,https://www.CLIENT_X.lt/a-w/naudojimo_salygos,Existing CM Trackers-Found,,,,,
www.CLIENT_X.lt,Essential cookies,CLIENT_X - Lithuania,HTTP Cookie,bench_new_T2_3715,,0,,https://www.CLIENT_X.lt/c-e/benefits.html,New First Party Trackers,,,,,
CLIENT_X.be,Essential cookies (exempt from consent),CLIENT_X - Belgium,HTTP Cookie,internalUserCheck,,89,,https://www.CLIENT_X.lt/c-e/benefits.html,New First Party Trackers,,,,,
subscription.CLIENT_X.fr,Essential cookies (exempt from consent),CLIENT_X - France,HTTP Cookie,TAsessionID,,,,,Existing CM Trackers-Not Found,,,,,
channelsightstorage.blob.core.windows.net,Targeted Advertising Cookies (including social media) [Requires consent],Microsoft,ETag,-,,,,,Existing CM Trackers-Not Found,,,,,
CLIENT_X.com.cn,Essential cookies (exempt from consent),CLIENT_X - China,HTTP Cookie,_scid,,bench_update_duration,TRUE,https://www.CLIENT_X.lt/c-w/pagalba/support-contact-page,Existing CM Trackers-Found,,,,,
CLIENT_X.ua,Essential cookies (exempt from consent),CLIENT_X - Ukraine,HTTP Cookie,BCSessionID,,,TRUE,https://www.CLIENT_X.lt/,Existing CM Trackers-Found,,,,,
CLIENT_X.fi,Essential cookies (exempt from consent),CLIENT_X - Finland,HTTP Cookie,com.adobe.alloy.getTld,,,TRUE,https://www.CLIENT_X.lt/c-p/AC3829_10,Existing CM Trackers-Found,,,,,
www.CLIENT_X.de,Essential cookies (exempt from consent),CLIENT_X - Germany,HTTP Cookie,kampyleUserPercentile,,,,https://www.CLIENT_X.lt/c-f/XC000021443/mano-%E2%80%9ECLIENT_X%E2%80%9C-bok%C5%A1tinis-ventiliatorius-vibruodamas-skleid%C5%BEia-ne%C4%AFprast%C4%85-triuk%C5%A1m%C4%85,New Third Party Trackers,,,,,
www.lighting.CLIENT_X.ro,Essential cookies (exempt from consent),Signify (formerly CLIENT_X Lighting),HTTP Cookie,AWSELBCORS,,bench_update_duration,,https://www.CLIENT_X.lt/c-m-ho/kava/pusiau-automatinis-espreso-aparatas,New Third Party Trackers,,,,,
CLIENT_X.de,Essential cookies (exempt from consent),CLIENT_X - Germany,HTTP Cookie,_scid,,180,TRUE,https://www.CLIENT_X.lt/c-e/ho/oro-valytuvas-ir-oro-drekintuvas/air-matters-aplikacija.html,Existing CM Trackers-Found,,,,,
CLIENT_X.co.kr,Essential cookies (exempt from consent),CLIENT_X - Korea,HTTP Cookie,_gcl_au,,,,,Existing CM Trackers-Not Found,,,,,
www.CLIENT_X.fi,Essential cookies (exempt from consent),CLIENT_X - Finland,HTTP Cookie,kampyle_userid,,bench_update_duration,TRUE,https://www.CLIENT_X.lt/,Existing CM Trackers-Found,,,,,
ssl.google-analytics.com,Performance Cookies [Requires consent],Google Inc.,Beacon,-,,bench_update_duration,,,Existing CM Trackers-Not Found,,,,,
CLIENT_X.lt,Essential cookies (exempt from consent),CLIENT_X - Lithuania,HTTP Cookie,_ga_failed_lookup_marker_18_194,,0,TRUE,https://www.CLIENT_X.lt/,Existing CM Trackers-Found,,,,,
stg.CLIENT_X.ru,Essential cookies (exempt from consent),CLIENT_X - Russia,HTTP Cookie,kampyleUserSessionsCount,,,,,Existing CM Trackers-Not Found,,,,,
www.supurgesepeti.com,Essential cookies (exempt from consent),Supurgesepeti.com,HTTP Cookie,_cfuvid,,bench_update_duration,,,Existing CM Trackers-Not Found,,,,,
CLIENT_X.ma,Essential cookies (exempt from consent),CLIENT_X - Morocco,HTTP Cookie,_scid_r,,bench_update_duration,,,Existing CM Trackers-Not Found,,,,,
CLIENT_X.lt,Performance cookies [Requires consent],CLIENT_X - Lithuania,HTTP Cookie,bench_new_T2_3791,,,,,Existing CM Trackers-Not Found,,,,,
yieldify-static-files.s3.amazonaws.com,Performance Cookies [Requires consent],Amazon (Web Services),ETag,-,,bench_update_duration,TRUE,https://www.CLIENT_X.lt/,Existing CM Trackers-Found,,,,,
CLIENT_X.ua,Essential cookies (exempt from consent),CLIENT_X - Ukraine,HTTP Cookie,s_vtime,,,,,Existing CM Trackers-Not Found,,,,,
prefmgr-cookie.truste-svc.net,Essential cookies (exempt from consent),TrustArc,HTTP Cookie,cookie_3rdparty,,bench_update_duration,TRUE,https://www.CLIENT_X.lt/,Existing CM Trackers-Found,,,,,
CLIENT_X.cdn.prismic.io,Performance Cookies [Requires consent],Prismic,ETag,-,,bench_update_duration,TRUE,https://www.CLIENT_X.lt/c-e/ho/oro-valytuvas-ir-oro-drekintuvas/air-matters-aplikacija.html,Existing CM Trackers-Found,,,,,
cdn.channelsight.com,Essential cookies (exempt from consent),ChannelSight,ETag,_ga_failed_lookup_marker_18_203,,,TRUE,https://www.CLIENT_X.lt/c-e/ho/dulkiu-siurbliai-sluotos/dulkiu-siurblys-sluota/cordless-vc-series-8000-aqua,Existing CM Trackers-Found,,,,,
www.subscription.CLIENT_X.co.uk,Essential cookies (exempt from consent),CLIENT_X - United Kingdom,HTTP Cookie,kampyle_userid,,,TRUE,https://www.CLIENT_X.lt/c-e/blog.html,Existing CM Trackers-Found,,,,,
lighting.CLIENT_X.ru,Essential cookies (exempt from consent),Signify (formerly CLIENT_X Lighting),HTTP Cookie,s_ppvl,,bench_update_duration,TRUE,https://www.CLIENT_X.lt/,Existing CM Trackers-Found,,,,,
CLIENT_X.com.hk,Essential cookies (exempt from consent),CLIENT_X - Hong Kong,HTTP Cookie,_schn2,,bench_update_duration,TRUE,https://www.CLIENT_X.lt/c-e/pe/veidas-barzdaskutes/9000-serijos.html,Existing CM Trackers-Found,,,,,
www.CLIENT_X.co.th,Essential cookies (exempt from consent),CLIENT_X - Thailand,HTTP Cookie,AWSELB,,bench_update_duration,,https://www.CLIENT_X.lt/,New First Party Trackers,,,,,
CLIENT_X.bg,Essential cookies (exempt from consent),CLIENT_X - Bulgaria,HTTP Cookie,s_nrpv,,0,TRUE,https://www.CLIENT_X.lt/,Existing CM Trackers-Found,,,,,
koninklijkeCLIENT_Xnvproduction2k8xfrmr.org.coveo.com,Performance cookies,Coveo Solutions Inc.,Beacon,_ga_failed_lookup_marker_18_209,,,,https://www.CLIENT_X.lt/healthcare/about/support/resource-center/results,New Third Party Trackers,,,,,
www.CLIENT_X.co.nz,Essential cookies (exempt from consent),CLIENT_X - New Zealand,HTTP Cookie,kampyleUserSessionsCount,,bench_update_duration,,https://www.CLIENT_X.lt/healthcare,Existing CM Trackers-Found,,,,,
www.CLIENT_X.lt,Performance cookies [Requires consent],CLIENT_X - Italy,HTTP Cookie,bench_new_T2_3605,,,,,Existing CM Trackers-Not Found,,,,,
CLIENT_X.be,Essential cookies (exempt from consent),CLIENT_X - Belgium,HTTP Cookie,li_cm_prefs_session,,session,TRUE,https://www.CLIENT_X.lt/c-e/ho/lyginimas/drabuziu-garintuvai/handheld-steamer-7000-series.html,Existing CM Trackers-Found,,,,,
photos-eu.bazaarvoice.com,Performance cookies [Requires consent],"Bazaarvoice, Inc.",ETag,_ga_failed_lookup_marker_18_213,,,,,Existing CM Trackers-Not Found,,,,,
www.usa.CLIENT_X.com,Essential cookies (exempt from consent),Koninklijke CLIENT_X N.V.,HTTP Cookie,liveagent_oref,,390,TRUE,https://www.CLIENT_X.lt/,Existing CM Trackers-Found,,,,,
www.lighting.CLIENT_X.co.nz,Essential cookies (exempt from consent),Signify (formerly CLIENT_X Lighting),HTTP Cookie,customer_country,,,,,Existing CM Trackers-Not Found,,,,,
CLIENT_X.ng,Essential cookies (exempt from consent),CLIENT_X - Nigeria,HTTP Cookie,s_eVar44,,bench_update_duration,,,Existing CM Trackers-Not Found,,,,,
CLIENT_X.co.in,Essential cookies (exempt from consent),CLIENT_X - India,HTTP Cookie,adobe_amp_id,,bench_update_duration,,,Existing CM Trackers-Not Found,,,,,
www.shop.CLIENT_X.lt,Performance cookies [Requires consent],CLIENT_X - Lithuania,HTTP Cookie,bench_new_T2_3770,,,,,Existing CM Trackers-Not Found,,,,,
www.abonnementen.CLIENT_X.nl,Essential cookies (exempt from consent),CLIENT_X - Netherlands,HTTP Cookie,eddl_gtm_qe_session_start_6523424625,,,,,Existing CM Trackers-Not Found,,,,,
lighting.CLIENT_X.ma,Essential cookies (exempt from consent),Signify (formerly CLIENT_X Lighting),HTTP Cookie,s_ppvl,,bench_update_duration,,,Existing CM Trackers-Not Found,,,,,
CLIENT_X.be,Essential cookies (exempt from consent),CLIENT_X - Belgium,HTTP Cookie,_fbp,,bench_update_duration,,,Existing CM Trackers-Not Found,,,,,
www.usa.CLIENT_X.com,Essential cookies (exempt from consent),Koninklijke CLIENT_X N.V.,HTTP Cookie,JSESSIONID,,bench_update_duration,,,Existing CM Trackers-Not Found,,,,,
hm.baidu.com,Performance Cookies [Requires consent],Baidu,HTTP Cookie,HMACCOUNT_BFESS,,bench_update_duration,TRUE,https://www.CLIENT_X.lt/a-w/naudojimo_salygos,Existing CM Trackers-Found,,,,,
acc.usa.CLIENT_X.com,Essential cookies (exempt from consent),Koninklijke CLIENT_X N.V.,HTTP Cookie,user_country,,bench_update_duration,TRUE,https://www.CLIENT_X.lt/,Existing CM Trackers-Found,,,,,
www.supurgesepeti.com,Essential cookies (exempt from consent),Supurgesepeti.com,HTTP Cookie,__RequestVerificationToken,,90,,https://www.CLIENT_X.lt/,New First Party Trackers,,,,,
www.accounts.CLIENT_X.com,Essential cookies (exempt from consent),Koninklijke CLIENT_X N.V.,ETag,bench_new_T2_3647,,,,,Existing CM Trackers-Not Found,,,,,
tst.CLIENT_X.si,Essential cookies (exempt from consent),CLIENT_X - Slovenia,JavaScript,blank (java),,,TRUE,https://www.CLIENT_X.lt/c-e/ho/airfryer-accessories.html,Existing CM Trackers-Found,,,,,
loja.CLIENT_X.com.br,Essential cookies (exempt from consent),CLIENT_X - Brazil,HTTP Cookie,_ga,,,TRUE,https://www.CLIENT_X.lt/,Existing CM Trackers-Found,,,,,
CLIENT_X.com.vn,Essential cookies (exempt from consent),CLIENT_X - Vietnam,HTTP Cookie,coveo_visitorId,,bench_update_duration,,,Existing CM Trackers-Not Found,,,,,
CLIENT_X.com.kw,Essential cookies (exempt from consent),CLIENT_X - Kuwait,HTTP Cookie,_scid_r,,,,,Existing CM Trackers-Not Found,,,,,
stg.CLIENT_X.com.kw,Essential cookies (exempt from consent),CLIENT_X - Kuwait,HTTP Cookie,kampyleSessionPageCounter,,bench_update_duration,,https://www.CLIENT_X.lt/c-m-ho/kava/pusiau-automatinis-espreso-aparatas,New Third Party Trackers,,,,,
www.CLIENT_X.co.jp,Essential cookies (exempt from consent),CLIENT_X Electronics Corporation Japan,Local Storage,blank (local storage),,,,,Existing CM Trackers-Not Found,,,,,
dsum-sec.casalemedia.com,Targeted Advertising Cookies (including social media) [Requires consent],Index Exchange Inc.,Beacon,-,,bench_update_duration,,,Existing CM Trackers-Not Found,,,,,
CLIENT_X.be,Essential cookies (exempt from consent),CLIENT_X - Belgium,HTTP Cookie,_gat_UA-XXX,,bench_update_duration,,,Existing CM Trackers-Not Found,,,,,
shop.CLIENT_X.lt,Essential cookies (exempt from consent),CLIENT_X - Lithuania,HTTP Cookie,bench_new_T2_3620,,,,,Existing CM Trackers-Not Found,,,,,
apps.bazaarvoice.com,Performance cookies [Requires consent],"Bazaarvoice, Inc.",ETag,bench_new_T2_3793,,,,,Existing CM Trackers-Not Found,,,,,
CLIENT_X.es,Essential cookies (exempt from consent),CLIENT_X - Spain,HTTP Cookie,s_pv,,bench_update_duration,,,Existing CM Trackers-Not Found,,,,,
CLIENT_X.ro,Essential cookies (exempt from consent),CLIENT_X - Romania,HTTP Cookie,_gdXXX,,bench_update_duration,,https://www.CLIENT_X.lt/c-e/benefits.html,New First Party Trackers,,,,,
CLIENT_X.co.nz,Essential cookies (exempt from consent),CLIENT_X - New Zealand,HTTP Cookie,_ga,,365,TRUE,https://www.CLIENT_X.lt/c-e/benefits.html,Existing CM Trackers-Found,,,,,
www.healthcare.shop.CLIENT_X.it,Essential cookies (exempt from consent),CLIENT_X - Italy,HTTP Cookie,mdLogger,,bench_update_duration,,,Existing CM Trackers-Not Found,,,,,
CLIENT_X.ma,Essential cookies (exempt from consent),CLIENT_X - Morocco,HTTP Cookie,s_cm_direct,,,TRUE,https://www.CLIENT_X.lt/c-w/pagalba/support-contact-page,Existing CM Trackers-Found,,,,,
www.CLIENT_X.ua,Essential cookies (exempt from consent),CLIENT_X - Ukraine,HTTP Cookie,mdLogger,,,,,Existing CM Trackers-Not Found,,,,,
www.CLIENT_X.co.id,Essential cookies (exempt from consent),CLIENT_X - Indonesia,HTTP Cookie,p-hc-catg,,bench_update_duration,,,Existing CM Trackers-Not Found,,,,,
www.CLIENT_X.es,Essential cookies (exempt from consent),CLIENT_X - Spain,HTTP Cookie,user_country,,bench_update_duration,,,Existing CM Trackers-Not Found,,,,,
www.CLIENT_X.co.in,Essential cookies (exempt from consent),CLIENT_X - India,HTTP Cookie,AWSELBCORS,,0,TRUE,https://www.CLIENT_X.lt/,Existing CM Trackers-Found,,,,,
cdnjs.cloudflare.com,Performance cookies [Requires consent],Cloudflare,JavaScript,bench_new_T2_3628,,,,,Existing CM Trackers-Not Found,,,,,
www.healthcare.shop.CLIENT_X.fr,Essential cookies (exempt from consent),CLIENT_X - France,Local Storage,blank (local storage),,bench_update_duration,,,Existing CM Trackers-Not Found,,,,,
www.abonnementen.CLIENT_X.nl,Essential cookies (exempt from consent),CLIENT_X - Netherlands,HTTP Cookie,kampyleUserSession,,bench_update_duration,,,Existing CM Trackers-Found,,,,,
CLIENT_X.lt,Essential cookies (exempt from consent),CLIENT_X - Lithuania,HTTP Cookie,bench_new_T2_3632,,393,TRUE,https://www.CLIENT_X.lt/,Existing CM Trackers-Found,,,,,
www.healthcare.shop.CLIENT_X.com.au,Essential cookies (exempt from consent),CLIENT_X - Australia,HTTP Cookie,RT,,729,,,Existing CM Trackers-Not Found,,,,,
CLIENT_X.com,Essential cookies (exempt from consent),Koninklijke CLIENT_X N.V.,HTTP Cookie,bench_new_T2_3622,,,,,Existing CM Trackers-Not Found,,,,,
www.CLIENT_X.co.th,Essential cookies (exempt from consent),CLIENT_X - Thailand,HTTP Cookie,kampyleUserSessionsCount,,bench_update_duration,TRUE,https://www.CLIENT_X.lt/c-e/benefits.html,Existing CM Trackers-Found,,,,,
www.lighting.CLIENT_X.com.tr,Essential cookies (exempt from consent),Signify (formerly CLIENT_X Lighting),HTTP Cookie,BCTempID,,,,,Existing CM Trackers-Not Found,,,,,
www.CLIENT_X.ie,Essential cookies (exempt from consent),CLIENT_X - Ireland,HTTP Cookie,p-hc-catg,,,,,Existing CM Trackers-Not Found,,,,,
CLIENT_X.co.uk,Essential cookies (exempt from consent),CLIENT_X - United Kingdom,HTTP Cookie,s_cc,,bench_update_duration,,https://www.CLIENT_X.lt/,New Third Party Trackers,,,,,
www.igt-interactive-tour.com,Essential cookies (exempt from consent),Koninklijke CLIENT_X N.V.,HTTP Cookie,AWSALB,,,,,Existing CM Trackers-Not Found,,,,,
CLIENT_X.ca,Essential cookies (exempt from consent),CLIENT_X - Canada,HTTP Cookie,_scid,,,TRUE,https://www.CLIENT_X.lt/,Existing CM Trackers-Found,,,,,
CLIENT_X.se,Essential cookies (exempt from consent),CLIENT_X - Sweden,HTTP Cookie,coveo_visitorId,,,,,Existing CM Trackers-Not Found,,,,,
widget-cdn.janraincapture.com,Performance cookies [Requires consent],Akamai,ETag,_ga_failed_lookup_marker_18_259,,,,,Existing CM Trackers-Not Found,,,,,
www.CLIENT_X.com.kw,Essential cookies (exempt from consent),CLIENT_X - Kuwait,HTTP Cookie,kampyleUserSession,,7,TRUE,https://www.CLIENT_X.lt/,Existing CM Trackers-Found,,,,,
youtube.com,Targeted Advertising cookies (including social media) [Requires consent],Google Advertising Products,HTTP Cookie,bench_new_T2_3775,,session,TRUE,https://www.CLIENT_X.lt/c-e/ho/oro-valytuvas-ir-oro-drekintuvas/air-matters-aplikacija.html,Existing CM Trackers-Found,,,,,
platform.twitter.com,Targeted Advertising Cookies (including social media) [Requires consent],Twitter,ETag,-,,bench_update_duration,,,Existing CM Trackers-Not Found,,,,,
signify.blueconic.net,Targeted Advertising Cookies (including social media) [Requires consent],BlueConic,HTTP Cookie,AWSALBCORS,,bench_update_duration,,,Existing CM Trackers-Not Found,,,,,
www.CLIENT_X.co.kr,Essential cookies (exempt from consent),CLIENT_X - Korea,HTTP Cookie,RT,,bench_update_duration,,https://www.CLIENT_X.lt/healthcare/about/support/resource-center/results,New Third Party Trackers,,,,,
acc.usa.CLIENT_X.com,Essential cookies (exempt from consent),Koninklijke CLIENT_X N.V.,HTTP Cookie,__attentive_dv,,180,TRUE,https://www.CLIENT_X.lt/c-e/ho/lyginimas/drabuziu-garintuvai/handheld-steamer-7000-series.html,Existing CM Trackers-Found,,,,,
static.ads-twitter.com,Targeted Advertising Cookies (including social media) [Requires consent],Twitter,JavaScript,-,,bench_update_duration,,https://www.CLIENT_X.lt/c-e/benefits.html,New First Party Trackers,,,,,
CLIENT_X.ae,Essential cookies (exempt from consent),CLIENT_X - Middle East Arab,HTTP Cookie,s_vtime,,392,TRUE,https://www.CLIENT_X.lt/healthcare,Existing CM Trackers-Found,,,,,
www.CLIENT_X.com.ph,Essential cookies (exempt from consent),CLIENT_X - Philippines,HTTP Cookie,T01-recentlyViewedProducts,,,,,Existing CM Trackers-Not Found,,,,,
www.CLIENT_X.hr,Essential cookies (exempt from consent),CLIENT_X - Croatia,HTTP Cookie,notice_settings,,,TRUE,https://www.CLIENT_X.lt/c-w/pagalba/support-contact-page,Existing CM Trackers-Found,,,,,
CLIENT_X.co.jp,Essential cookies (exempt from consent),CLIENT_X Electronics Corporation Japan,HTTP Cookie,_gdXXX,,session,TRUE,https://www.CLIENT_X.lt/,Existing CM Trackers-Found,,,,,
CLIENT_X.com.sg,Essential cookies (exempt from consent),CLIENT_X - Singapore,HTTP Cookie,_scid_r,,bench_update_duration,TRUE,https://www.CLIENT_X.lt/c-e/ho/oro-valytuvas-ir-oro-drekintuvas/air-matters-aplikacija.html,Existing CM Trackers-Found,,,,,
www.CLIENT_X.it,Essential cookies (exempt from consent),CLIENT_X - Italy,HTTP Cookie,IT_Pub-cartstatus-com,,bench_update_duration,TRUE,https://www.CLIENT_X.lt/,Existing CM Trackers-Found,,,,,
www.lighting.CLIENT_X.co.th,Essential cookies (exempt from consent),Signify (formerly CLIENT_X Lighting),HTTP Cookie,s_sid,,bench_update_duration,,https://www.CLIENT_X.lt/,New Third Party Trackers,,,,,
CLIENT_X.lt,Essential cookies (exempt from consent),CLIENT_X - Lithuania,HTTP Cookie,_ga_failed_lookup_marker_18_274,,0,TRUE,https://www.CLIENT_X.lt/,Existing CM Trackers-Found,,,,,
CLIENT_X.no,Essential cookies (exempt from consent),CLIENT_X - Norway,HTTP Cookie,internalUserCheck,,,,,Existing CM Trackers-Not Found,,,,,
tremorhub.com,Targeted Advertising cookies (including social media) [Requires consent],"Magnite CTV, Inc.",HTTP Cookie,bench_new_T2_3786,,365,TRUE,https://www.CLIENT_X.lt/a-w/naudojimo_salygos,Existing CM Trackers-Found,,,,,
www.lighting.CLIENT_X.co.nz,Essential cookies (exempt from consent),Signify (formerly CLIENT_X Lighting),HTTP Cookie,ltc_cf,,bench_update_duration,TRUE,https://www.CLIENT_X.lt/c-f/XC000021357/kaip-kurti-ir-tvarkyti-%C5%BEem%C4%97lapius-program%C4%97l%C4%97je-%E2%80%9ECLIENT_X-homerun%E2%80%9C,Existing CM Trackers-Found,,,,,
www.googletagmanager.com,Performance cookies [Requires consent],Google Inc.,JavaScript,_ga_failed_lookup_marker_18_278,,,TRUE,https://www.CLIENT_X.lt/,Existing CM Trackers-Found,,,,,
CLIENT_X.co.kr,Essential cookies (exempt from consent),CLIENT_X - Korea,HTTP Cookie,BCSessionID,,bench_update_duration,TRUE,https://www.CLIENT_X.lt/,Existing CM Trackers-Found,,,,,
CLIENT_X.lt,Essential cookies (exempt from consent),CLIENT_X - Lithuania,HTTP Cookie,bench_new_T2_3726,,,,,Existing CM Trackers-Not Found,,,,,
www.CLIENT_X.pl,Essential cookies (exempt from consent),CLIENT_X - Poland,HTTP Cookie,notice_settings,,30,TRUE,https://www.CLIENT_X.lt/,Existing CM Trackers-Found,,,,,
www.CLIENT_X.com.eg,Essential cookies (exempt from consent),CLIENT_X - Egypt,HTTP Cookie,p-hc-catg,,,TRUE,https://www.CLIENT_X.lt/healthcare/clinical-solutions/early-warning-scoring,Existing CM Trackers-Found,,,,,
www.CLIENT_X.ua,Essential cookies (exempt from consent),CLIENT_X - Ukraine,HTTP Cookie,RT,,bench_update_duration,TRUE,https://www.CLIENT_X.lt/c-e/ho/lyginimas/descale-garment-steamers,Existing CM Trackers-Found,,,,,
CLIENT_X.rs,Essential cookies (exempt from consent),CLIENT_X - Serbia,HTTP Cookie,s_gnr,,bench_update_duration,,https://www.CLIENT_X.lt/c-f/XC000021443/mano-%E2%80%9ECLIENT_X%E2%80%9C-bok%C5%A1tinis-ventiliatorius-vibruodamas-skleid%C5%BEia-ne%C4%AFprast%C4%85-triuk%C5%A1m%C4%85,New Third Party Trackers,,,,,
www.lighting.CLIENT_X.co.uk,Essential cookies (exempt from consent),Signify (formerly CLIENT_X Lighting),HTTP Cookie,customer_language_accept,,,,,Existing CM Trackers-Not Found,,,,,
gallery.retailrocket.net,Performance Cookies [Requires consent],Retail Rocket LLC,ETag,-,,session,TRUE,https://www.CLIENT_X.lt/c-e/ho/oro-valytuvas-ir-oro-drekintuvas/air-matters-aplikacija.html,Existing CM Trackers-Found,,,,,
ad.yieldlab.net,Targeted Advertising Cookies (including social media) [Requires consent],Yieldlab (Virtual Minds GmbH),Beacon,-,,bench_update_duration,,,Existing CM Trackers-Not Found,,,,,
www.lighting.CLIENT_X.co.nz,Essential cookies (exempt from consent),Signify (formerly CLIENT_X Lighting),ETag,blank (etag),,bench_update_duration,,,Existing CM Trackers-Not Found,,,,,
lighting.CLIENT_X.lt,Essential cookies (exempt from consent),Signify (formerly CLIENT_X Lighting),Local Storage,bench_new_T2_3602,,,,,Existing CM Trackers-Not Found,,,,,
www.CLIENT_X.co.jp,Essential cookies (exempt from consent),CLIENT_X Electronics Corporation Japan,HTTP Cookie,eddl_itc_list,,bench_update_duration,,,Existing CM Trackers-Not Found,,,,,
stats.g.doubleclick.net,Targeted Advertising Cookies (including social media) [Requires consent],Google Advertising Products,Beacon,-,,90,TRUE,https://www.CLIENT_X.lt/a-w/naudojimo_salygos,Existing CM Trackers-Found,,,,,
CLIENT_X.fr,Essential cookies (exempt from consent),CLIENT_X - France,HTTP Cookie,s_pv,,bench_update_duration,TRUE,https://www.CLIENT_X.lt/c-e/ho/oro-valytuvas-ir-oro-drekintuvas/air-matters-aplikacija.html,Existing CM Trackers-Found,,,,,
lighting.CLIENT_X.com.au,Essential cookies (exempt from consent),Signify (formerly CLIENT_X Lighting),HTTP Cookie,com.adobe.alloy.getTld,,0,,https://www.CLIENT_X.lt/c-m-ho/kava/pusiau-automatinis-espreso-aparatas,New Third Party Trackers,,,,,
www.CLIENT_X.com.cn,Essential cookies (exempt from consent),CLIENT_X - China,Local Storage,blank (local storage),,bench_update_duration,TRUE,https://www.CLIENT_X.lt/c-e/benefits.html,Existing CM Trackers-Found,,,,,
CLIENT_X.com.cn,Essential cookies (exempt from consent),CLIENT_X - China,HTTP Cookie,_gid,,90,TRUE,https://www.CLIENT_X.lt/,Existing CM Trackers-Found,,,,,
www.shop.CLIENT_X.lt,Performance cookies [Requires consent],CLIENT_X - Lithuania,HTTP Cookie,_ga_failed_lookup_marker_18_296,,,,,Existing CM Trackers-Not Found,,,,,
CLIENT_X.com.au,Essential cookies (exempt from consent),CLIENT_X - Australia,HTTP Cookie,li_cm_prefs_session,,0,,,Existing CM Trackers-Not Found,,,,,
www.centralamerica.CLIENT_X.com,Essential cookies (exempt from consent),Koninklijke CLIENT_X N.V.,HTTP Cookie,p-hc-catg,,392,TRUE,https://www.CLIENT_X.lt/healthcare,Existing CM Trackers-Found,,,,,
CLIENT_Xb2c.my.site.com,Performance cookies [Requires consent],"Salesforce.com, Inc.",ETag,_ga_failed_lookup_marker_18_299,,,TRUE,https://www.CLIENT_X.lt/c-w/pagalba/support-contact-page,Existing CM Trackers-Found,,,,,
stg.CLIENT_X.ro,Essential cookies (exempt from consent),CLIENT_X - Romania,HTTP Cookie,kampyleSessionPageCounter,,bench_update_duration,,,Existing CM Trackers-Not Found,,,,,
media.flixcar.com,Targeted Advertising cookies (including social media) [Requires consent],Flixmedia,JavaScript,bench_new_T2_3777,,,,,Existing CM Trackers-Not Found,,,,,
www.CLIENT_X.co.th,Essential cookies (exempt from consent),CLIENT_X - Thailand,HTTP Cookie,eddl_itc_list,,396,TRUE,https://www.CLIENT_X.lt/a-w/naudojimo_salygos,Existing CM Trackers-Found,,,,,
CLIENT_X.ru,Essential cookies (exempt from consent),CLIENT_X - Russia,HTTP Cookie,s_vs,,,,,Existing CM Trackers-Not Found,,,,,
www.CLIENT_X-hue.com,Performance cookies [Requires consent],CLIENT_X Hue,ETag,_ga_failed_lookup_marker_18_304,,,,,Existing CM Trackers-Not Found,,,,,
CLIENT_X.fi,Essential cookies (exempt from consent),CLIENT_X - Finland,HTTP Cookie,_gid,,bench_update_duration,TRUE,https://www.CLIENT_X.lt/,Existing CM Trackers-Found,,,,,
CLIENT_Xit.api.useinsider.com,Targeted Advertising Cookies (including social media) [Requires consent],Insider,ETag,-,,bench_update_duration,TRUE,https://www.CLIENT_X.lt/,Existing CM Trackers-Found,,,,,
CLIENT_X.ma,Essential cookies (exempt from consent),CLIENT_X - Morocco,HTTP Cookie,s_ugv,,bench_update_duration,,,Existing CM Trackers-Not Found,,,,,
CLIENT_X.com.qa,Essential cookies (exempt from consent),CLIENT_X - Qatar,HTTP Cookie,_fbp,,,,,Existing CM Trackers-Not Found,,,,,
CLIENT_X.es,Essential cookies (exempt from consent),CLIENT_X - Spain,HTTP Cookie,_fbp,,,,,Existing CM Trackers-Not Found,,,,,
CLIENT_X.cz,Essential cookies (exempt from consent),CLIENT_X - Czech Republic,HTTP Cookie,FPLC,,,,,Existing CM Trackers-Not Found,,,,,
CLIENT_X.lt,Essential cookies (exempt from consent),CLIENT_X - Lithuania,HTTP Cookie,_ga_failed_lookup_marker_18_311,,,,,Existing CM Trackers-Not Found,,,,,
media.flixfacts.com,Performance cookies [Requires consent],Flixmedia,ETag,_ga_failed_lookup_marker_18_312,,,,,Existing CM Trackers-Not Found,,,,,
CLIENT_X.lt,Essential cookies (exempt from consent),CLIENT_X - Lithuania,HTTP Cookie,_ga_failed_lookup_marker_18_313,,,,,Existing CM Trackers-Not Found,,,,,
www.centralamerica.CLIENT_X.com,Essential cookies (exempt from consent),Koninklijke CLIENT_X N.V.,HTTP Cookie,kampyleUserSession,,bench_update_duration,TRUE,https://www.CLIENT_X.lt/,Existing CM Trackers-Found,,,,,
CLIENT_X.co.kr,Essential cookies (exempt from consent),CLIENT_X - Korea,HTTP Cookie,s_eVar44,,,TRUE,https://www.CLIENT_X.lt/,Existing CM Trackers-Found,,,,,
www.shop.CLIENT_X.lt,Essential cookies (exempt from consent),CLIENT_X - Lithuania,HTTP Cookie,bench_new_T2_3671,,,,,Existing CM Trackers-Not Found,,,,,
CLIENT_X.sa,Essential cookies (exempt from consent),CLIENT_X - Kingdom of Saudi Arabia,HTTP Cookie,s_ugv,,365,TRUE,https://www.CLIENT_X.lt/c-e/benefits.html,Existing CM Trackers-Found,,,,,
t.adx.opera.com,Targeted Advertising Cookies (including social media) [Requires consent],Opera Software Ireland Limited,Beacon,-,,,,,Existing CM Trackers-Not Found,,,,,
lighting.CLIENT_X.com.gh,Essential cookies (exempt from consent),Signify (formerly CLIENT_X Lighting),HTTP Cookie,s_pv,,,,,Existing CM Trackers-Not Found,,,,,
CLIENT_X.lt,Essential cookies (exempt from consent),CLIENT_X - Lithuania,HTTP Cookie,TEST_AMCV_COOKIE_WRITE,,bench_update_duration,,,Existing CM Trackers-Not Found,,,,,
CLIENT_X.com.pk,Essential cookies (exempt from consent),CLIENT_X - Pakistan,HTTP Cookie,at_check,,,,,Existing CM Trackers-Not Found,,,,,
tremorhub.com,Targeted Advertising cookies (including social media) [Requires consent],"Magnite CTV, Inc.",HTTP Cookie,bench_new_T2_3702,,365,TRUE,https://www.CLIENT_X.lt/a-w/naudojimo_salygos,Existing CM Trackers-Found,,,,,
CLIENT_X.com.hk,Essential cookies (exempt from consent),CLIENT_X - Hong Kong,HTTP Cookie,internalUserCheck,,bench_update_duration,TRUE,https://www.CLIENT_X.lt/a-w/naudojimo_salygos,Existing CM Trackers-Found,,,,,
CLIENT_X.nl,Essential cookies (exempt from consent),CLIENT_X - Netherlands,HTTP Cookie,_ga,,bench_update_duration,,,Existing CM Trackers-Not Found,,,,,
CLIENT_X.com,Essential cookies (exempt from consent),Koninklijke CLIENT_X N.V.,HTTP Cookie,s_cc,,90,,https://www.CLIENT_X.lt/,New First Party Trackers,,,,,
www.CLIENT_X.co.jp,Essential cookies (exempt from consent),CLIENT_X Electronics Corporation Japan,HTTP Cookie,kampyle_userid,,0,TRUE,https://www.CLIENT_X.lt/,Existing CM Trackers-Found,,,,,
www.mczbf.com,Targeted Advertising cookies (including social media) [Requires consent],CJ Affiliate by Conversant,JavaScript,_ga_failed_lookup_marker_18_327,,,,,Existing CM Trackers-Not Found,,,,,
CLIENT_X.com,Essential cookies (exempt from consent),Koninklijke CLIENT_X N.V.,HTTP Cookie,FPID,,bench_update_duration,,,Existing CM Trackers-Not Found,,,,,
www.CLIENT_X.ca,Essential cookies (exempt from consent),CLIENT_X - Canada,HTTP Cookie,janrainSSO_session,,,TRUE,https://www.CLIENT_X.lt/c-f/XC000021357/kaip-kurti-ir-tvarkyti-%C5%BEem%C4%97lapius-program%C4%97l%C4%97je-%E2%80%9ECLIENT_X-homerun%E2%80%9C,Existing CM Trackers-Found,,,,,
CLIENT_X.co.in,Essential cookies (exempt from consent),CLIENT_X - India,HTTP Cookie,s_cm_direct,,bench_update_duration,TRUE,https://www.CLIENT_X.lt/,Existing CM Trackers-Found,,,,,
lighting.CLIENT_X.com.tr,Essential cookies (exempt from consent),Signify (formerly CLIENT_X Lighting),HTTP Cookie,s_nr,,bench_update_duration,,,Existing CM Trackers-Not Found,,,,,
CLIENT_X.hr,Essential cookies (exempt from consent),CLIENT_X - Croatia,HTTP Cookie,at_check,,,,,Existing CM Trackers-Not Found,,,,,
cdnext.fynd.com,Performance Cookies [Requires consent],Fynd,ETag,-,,,,,Existing CM Trackers-Not Found,,,,,
www.shop.CLIENT_X.lt,Targeted Advertising cookies (including social media) [Requires consent],CLIENT_X - Lithuania,ETag,_ga_failed_lookup_marker_18_334,,,,,Existing CM Trackers-Not Found,,,,,
www.CLIENT_X.ca,Essential cookies (exempt from consent),CLIENT_X - Canada,HTTP Cookie,_scid,,bench_update_duration,TRUE,https://www.CLIENT_X.lt/healthcare/product/881120,Existing CM Trackers-Found,,,,,
CLIENT_X.ae,Essential cookies (exempt from consent),CLIENT_X - Middle East Arab,HTTP Cookie,s_ugv,,,,,Existing CM Trackers-Not Found,,,,,
region1.google-analytics.com,Performance cookies [Requires consent],Google Inc.,HTTP Cookie,bench_new_T2_3744,,,,,Existing CM Trackers-Not Found,,,,,
acc.usa.CLIENT_X.com,Essential cookies (exempt from consent),Koninklijke CLIENT_X N.V.,HTTP Cookie,TAsessionID,,,,,Existing CM Trackers-Not Found,,,,,
www.shop.CLIENT_X.lt,Essential cookies (exempt from consent),CLIENT_X - Lithuania,HTTP Cookie,_ga_failed_lookup_marker_18_339,,,,,Existing CM Trackers-Not Found,,,,,
CLIENT_X.nl,Essential cookies (exempt from consent),CLIENT_X - Netherlands,HTTP Cookie,_gat_UA-XXX,,0,,,Existing CM Trackers-Not Found,,,,,
CLIENT_X.com.hk,Essential cookies (exempt from consent),CLIENT_X - Hong Kong,HTTP Cookie,s_gnr,,bench_update_duration,TRUE,https://www.CLIENT_X.lt/c-w/pagalba/support-contact-page,Existing CM Trackers-Found,,,,,
CLIENT_X.it,Essential cookies (exempt from consent),CLIENT_X - Italy,HTTP Cookie,FPID,,,TRUE,https://www.CLIENT_X.lt/,Existing CM Trackers-Found,,,,,
CLIENT_X.com.gh,Essential cookies (exempt from consent),CLIENT_X - Ghana,HTTP Cookie,s_eVar44,,bench_update_duration,,,Existing CM Trackers-Not Found,,,,,
CLIENT_X.lt,Targeted Advertising cookies (including social media) [Requires consent],CLIENT_X - Lithuania,HTTP Cookie,bench_new_T2_3782,,90,TRUE,https://www.CLIENT_X.lt/,Existing CM Trackers-Found,,,,,
CLIENT_X.lt,Essential cookies,CLIENT_X - Lithuania,HTTP Cookie,_ga_failed_lookup_marker_18_345,,90,,https://www.CLIENT_X.lt/,New First Party Trackers,,,,,
CLIENT_X.ie,Essential cookies (exempt from consent),CLIENT_X - Ireland,HTTP Cookie,mboxEdgeCluster,,,TRUE,https://www.CLIENT_X.lt/a-w/naudojimo_salygos,Existing CM Trackers-Found,,,,,
display.ugc.bazaarvoice.com,Essential cookies (exempt from consent),"Bazaarvoice, Inc.",ETag,_ga_failed_lookup_marker_18_347,,,,,Existing CM Trackers-Not Found,,,,,
www.lighting.CLIENT_X.at,Essential cookies (exempt from consent),Signify (formerly CLIENT_X Lighting),HTTP Cookie,remember_customer_type,,bench_update_duration,,,Existing CM Trackers-Not Found,,,,,
CLIENT_Xlighting.d3.sc.omtrdc.net,Performance cookies [Requires consent],Adobe Experience Cloud - Analytics,JavaScript,bench_new_T2_3781,,,,,Existing CM Trackers-Not Found,,,,,
www.CLIENT_X.co.za,Essential cookies (exempt from consent),CLIENT_X - South Africa,HTTP Cookie,kampylePageLoadedTimestamp,,bench_update_duration,,,Existing CM Trackers-Not Found,,,,,
cdn.webpushr.com,Performance Cookies [Requires consent],Webpushr,ETag,-,,392,TRUE,https://www.CLIENT_X.lt/healthcare,Existing CM Trackers-Found,,,,,
youtube.com,Targeted Advertising cookies (including social media),Google Advertising Products,HTTP Cookie,bench_new_T2_3797,,180,,https://www.CLIENT_X.lt/c-e/ho/oro-valytuvas-ir-oro-drekintuvas/air-matters-aplikacija.html,New Third Party Trackers,,,,,
www.CLIENT_X.ae,Essential cookies (exempt from consent),CLIENT_X - Middle East Arab,HTTP Cookie,eddl_gtm_qe_session_start_6523424625,,bench_update_duration,TRUE,https://www.CLIENT_X.lt/c-e/ho/dulkiu-siurbliai-sluotos/dulkiu-siurblys-sluota/cordless-vc-series-8000-aqua,Existing CM Trackers-Found,,,,,
CLIENT_X.hr,Essential cookies (exempt from consent),CLIENT_X - Croatia,HTTP Cookie,s_pv,,bench_update_duration,TRUE,https://www.CLIENT_X.lt/c-w/pagalba/support-contact-page,Existing CM Trackers-Found,,,,,
www.tienda.CLIENT_X.com.ar,Essential cookies (exempt from consent),CLIENT_X - Argentina,Local Storage,blank (local storage),,0,,https://www.CLIENT_X.lt/c-m-ho/kava/pusiau-automatinis-espreso-aparatas,New Third Party Trackers,,,,,
www.CLIENT_X.sa,Essential cookies (exempt from consent),CLIENT_X - Kingdom of Saudi Arabia,HTTP Cookie,AWSELB,,bench_update_duration,TRUE,https://www.CLIENT_X.lt/c-p/BRI977_00/lumea-ipl-9900-series-ipl-hair-removal-device-with-senseiq,Existing CM Trackers-Found,,,,,
www.CLIENT_X.no,Essential cookies (exempt from consent),CLIENT_X - Norway,HTTP Cookie,kampyle_userid,,bench_update_duration,,,Existing CM Trackers-Not Found,,,,,
CLIENT_X.lv,Essential cookies (exempt from consent),CLIENT_X - Latvia,HTTP Cookie,_scid_r,,bench_update_duration,TRUE,https://www.CLIENT_X.lt/healthcare,Existing CM Trackers-Found,,,,,
www.shop.CLIENT_X.lt,Essential cookies (exempt from consent),CLIENT_X - Lithuania,JavaScript,bench_new_T2_3669,,,,,Existing CM Trackers-Not Found,,,,,
www.CLIENT_X.com.ph,Essential cookies (exempt from consent),CLIENT_X - Philippines,HTTP Cookie,_scid_r,,,,,Existing CM Trackers-Not Found,,,,,
region1.google-analytics.com,Performance cookies [Requires consent],Google Inc.,Beacon,bench_new_T2_3732,,,,,Existing CM Trackers-Not Found,,,,,
www.lighting.CLIENT_X.pt,Essential cookies (exempt from consent),Signify (formerly CLIENT_X Lighting),HTTP Cookie,remember_customer_type,,bench_update_duration,,,Existing CM Trackers-Not Found,,,,,
CLIENT_X.com.sg,Essential cookies (exempt from consent),CLIENT_X - Singapore,HTTP Cookie,_gid,,bench_update_duration,TRUE,https://www.CLIENT_X.lt/,Existing CM Trackers-Found,,,,,
CLIENT_X.com.mx,Essential cookies (exempt from consent),CLIENT_X - Mexico,HTTP Cookie,s_eVar44,,bench_update_duration,,,Existing CM Trackers-Not Found,,,,,
CLIENT_X.com,Essential cookies (exempt from consent),Koninklijke CLIENT_X N.V.,HTTP Cookie,_gac_UA-XXX,,90,TRUE,https://www.CLIENT_X.lt/a-w/naudojimo_salygos,Existing CM Trackers-Found,,,,,
www.centralamerica.CLIENT_X.com,Essential cookies (exempt from consent),Koninklijke CLIENT_X N.V.,HTTP Cookie,liveagent_oref,,,TRUE,https://www.CLIENT_X.lt/,Existing CM Trackers-Found,,,,,
www.lighting.CLIENT_X.com.gh,Essential cookies (exempt from consent),Signify (formerly CLIENT_X Lighting),HTTP Cookie,AWSELB,,0,,,Existing CM Trackers-Not Found,,,,,
snappychat.snappylabs.io,Performance Cookies [Requires consent],Snappy Labs,ETag,-,,,,,Existing CM Trackers-Not Found,,,,,
stg.CLIENT_X.co.id,Essential cookies (exempt from consent),CLIENT_X - Indonesia,HTTP Cookie,eddl_gtm_qe_session_start_6523424625,,,,,Existing CM Trackers-Not Found,,,,,
www.CLIENT_X.com.sg,Essential cookies (exempt from consent),CLIENT_X - Singapore,HTTP Cookie,user_country,,,,,Existing CM Trackers-Not Found,,,,,
www.lighting.CLIENT_X.lv,Essential cookies (exempt from consent),Signify (formerly CLIENT_X Lighting),HTTP Cookie,d01-layout,,400,TRUE,https://www.CLIENT_X.lt/,Existing CM Trackers-Found,,,,,
CLIENT_X.lt,Performance cookies [Requires consent],CLIENT_X - Lithuania,HTTP Cookie,bench_new_T2_3606,,session,TRUE,https://www.CLIENT_X.lt/,Existing CM Trackers-Found,,,,,
smetrics.marketing.lighting.CLIENT_X.ua,Essential cookies (exempt from consent),CLIENT_X - Ukraine,JavaScript,blank (java),,,,,Existing CM Trackers-Not Found,,,,,
www.CLIENT_X.pt,Essential cookies (exempt from consent),CLIENT_X - Portugal,HTTP Cookie,kampylePageLoadedTimestamp,,bench_update_duration,TRUE,https://www.CLIENT_X.lt/c-e/ho/oro-valytuvas-ir-oro-drekintuvas/air-matters-aplikacija.html,Existing CM Trackers-Found,,,,,
www.CLIENT_X.fr,Essential cookies (exempt from consent),CLIENT_X - France,HTTP Cookie,kampyle_userid,,bench_update_duration,TRUE,https://www.CLIENT_X.lt/c-e/ho/oro-valytuvas-ir-oro-drekintuvas/air-matters-aplikacija.html,Existing CM Trackers-Found,,,,,
www.CLIENT_X.ca,Essential cookies (exempt from consent),CLIENT_X - Canada,HTTP Cookie,CA_Pub-cartstatus-com,,365,TRUE,https://www.CLIENT_X.lt/c-e/benefits.html,Existing CM Trackers-Found,,,,,
CLIENT_X.lt,Essential cookies (exempt from consent),CLIENT_X - Lithuania,HTTP Cookie,bench_new_T2_3763,,,,,Existing CM Trackers-Not Found,,,,,
www.lighting.CLIENT_X.com.co,Essential cookies (exempt from consent),Signify (formerly CLIENT_X Lighting),HTTP Cookie,customer_language_accept,,bench_update_duration,TRUE,https://www.CLIENT_X.lt/c-w/pagalba/service-center-locator.html,Existing CM Trackers-Found,,,,,
www.shop.CLIENT_X.lt,Essential cookies (exempt from consent),CLIENT_X - Lithuania,HTTP Cookie,_ga_failed_lookup_marker_18_379,,,,,Existing CM Trackers-Not Found,,,,,
www.lighting.CLIENT_X.hr,Essential cookies (exempt from consent),Signify (formerly CLIENT_X Lighting),HTTP Cookie,customer_country,,bench_update_duration,TRUE,https://www.CLIENT_X.lt/c-e/ho/airfryer-accessories.html,Existing CM Trackers-Found,,,,,
CLIENT_X.com.eg,Essential cookies (exempt from consent),CLIENT_X - Egypt,HTTP Cookie,_mkto_trk,,,TRUE,https://www.CLIENT_X.lt/c-e/ho/airfryer-accessories.html,Existing CM Trackers-Found,,,,,
lighting.CLIENT_X.com.sg,Essential cookies (exempt from consent),Signify (formerly CLIENT_X Lighting),HTTP Cookie,s_nr,,,,,Existing CM Trackers-Not Found,,,,,
acc.usa.CLIENT_X.com,Essential cookies (exempt from consent),Koninklijke CLIENT_X N.V.,HTTP Cookie,kampyleSessionPageCounter,,,,https://www.CLIENT_X.lt/,New Third Party Trackers,,,,,
CLIENT_X.co.id,Essential cookies (exempt from consent),CLIENT_X - Indonesia,HTTP Cookie,BCSessionID,,session,TRUE,https://www.CLIENT_X.lt/c-e/benefits.html,Existing CM Trackers-Found,,,,,
production.parcely.app,Performance cookies [Requires consent],Parcely.app,JavaScript,_ga_failed_lookup_marker_18_385,,,,,Existing CM Trackers-Not Found,,,,,
CLIENT_X.com.kw,Essential cookies (exempt from consent),CLIENT_X - Kuwait,HTTP Cookie,TAsessionID,,bench_update_duration,,https://www.CLIENT_X.lt/c-f/XC000003591/kokius-patiekalus-galima-gaminti-%E2%80%9ECLIENT_X-airfryer%E2%80%9C,New Third Party Trackers,,,,,
www.CLIENT_X.co.kr,Essential cookies (exempt from consent),CLIENT_X - Korea,HTTP Cookie,_schn3,,bench_update_duration,,,Existing CM Trackers-Not Found,,,,,
www.lighting.CLIENT_X.sk,Essential cookies (exempt from consent),Signify (formerly CLIENT_X Lighting),HTTP Cookie,AWSELB,,bench_update_duration,,,Existing CM Trackers-Not Found,,,,,
c.amazon-adsystem.com,Targeted Advertising cookies (including social media) [Requires consent],Amazon Ads,ETag,_ga_failed_lookup_marker_18_389,,,,,Existing CM Trackers-Not Found,,,,,
CLIENT_X.at,Essential cookies (exempt from consent),CLIENT_X - Austria,HTTP Cookie,zScalerUser,,bench_update_duration,,,Existing CM Trackers-Not Found,,,,,
www.lighting.CLIENT_X.com.pe,Essential cookies (exempt from consent),Signify (formerly CLIENT_X Lighting),JavaScript,blank (java),,bench_update_duration,,,Existing CM Trackers-Not Found,,,,,
www.CLIENT_X.com.sg,Essential cookies (exempt from consent),CLIENT_X - Singapore,HTTP Cookie,fl_qualified_entry,,,,,Existing CM Trackers-Not Found,,,,,
doubleclick.net,Targeted Advertising cookies (including social media) [Requires consent],Google Advertising Products,HTTP Cookie,bench_new_T2_3657,,30,TRUE,https://www.CLIENT_X.lt/,Existing CM Trackers-Found,,,,,
www.lighting.CLIENT_X.at,Essential cookies (exempt from consent),Signify (formerly CLIENT_X Lighting),Local Storage,blank (local storage),,bench_update_duration,,,Existing CM Trackers-Not Found,,,,,
www.CLIENT_X.co.id,Essential cookies (exempt from consent),CLIENT_X - Indonesia,JavaScript,blank (java),,bench_update_duration,TRUE,https://www.CLIENT_X.lt/c-e/ho/oro-valytuvas-ir-oro-drekintuvas/air-matters-aplikacija.html,Existing CM Trackers-Found,,,,,
CLIENT_X.com.ph,Essential cookies (exempt from consent),CLIENT_X - Philippines,HTTP Cookie,coveo_visitorId,,,,,Existing CM Trackers-Not Found,,,,,
CLIENT_X.si,Essential cookies (exempt from consent),CLIENT_X - Slovenia,HTTP Cookie,_scid,,bench_update_duration,,,Existing CM Trackers-Not Found,,,,,
www.dictation.CLIENT_X.com,Essential cookies (exempt from consent),Koninklijke CLIENT_X N.V.,HTTP Cookie,visitor_id790813,,bench_update_duration,TRUE,https://www.CLIENT_X.lt/healthcare/about/support/resource-center/results,Existing CM Trackers-Found,,,,,
CLIENT_X.ie,Essential cookies (exempt from consent),CLIENT_X - Ireland,HTTP Cookie,s_tid,,bench_update_duration,TRUE,https://www.CLIENT_X.lt/c-e/ho/oro-valytuvas-ir-oro-drekintuvas/air-matters-aplikacija.html,Existing CM Trackers-Found,,,,,
www.supplierinnovation.CLIENT_X.com,Essential cookies (exempt from consent),Koninklijke CLIENT_X N.V.,JavaScript,blank (java),,,,https://www.CLIENT_X.lt/healthcare,Existing CM Trackers-Found,,,,,
CLIENT_X.no,Essential cookies (exempt from consent),CLIENT_X - Norway,HTTP Cookie,_scid,,,,,Existing CM Trackers-Not Found,,,,,
www.blog.CLIENT_X.com.br,Essential cookies (exempt from consent),CLIENT_X - Brazil,JavaScript,blank (java),,,,,Existing CM Trackers-Not Found,,,,,
www.CLIENT_X.ca,Essential cookies (exempt from consent),CLIENT_X - Canada,HTTP Cookie,AWSELB,,bench_update_duration,TRUE,https://www.CLIENT_X.lt/c-p/AC3829_10,Existing CM Trackers-Found,,,,,
www.CLIENT_X.lt,Essential cookies (exempt from consent),CLIENT_X - Italy,HTTP Cookie,bench_new_T2_3719,,,,,Existing CM Trackers-Not Found,,,,,
www.CLIENT_X.pl,Essential cookies (exempt from consent),CLIENT_X - Poland,HTTP Cookie,user_country,,,,,Existing CM Trackers-Not Found,,,,,
dev.CLIENT_X.com.vn,Essential cookies (exempt from consent),CLIENT_X - Vietnam,HTTP Cookie,AWSELBCORS,,0,,,Existing CM Trackers-Not Found,,,,,
supurgesepeti.com,Essential cookies (exempt from consent),Supurgesepeti.com,HTTP Cookie,_fbp,,,,,Existing CM Trackers-Not Found,,,,,
CLIENT_X.de,Essential cookies (exempt from consent),CLIENT_X - Germany,HTTP Cookie,_yi,,bench_update_duration,TRUE,https://www.CLIENT_X.lt/c-f/XC000021357/kaip-kurti-ir-tvarkyti-%C5%BEem%C4%97lapius-program%C4%97l%C4%97je-%E2%80%9ECLIENT_X-homerun%E2%80%9C,Existing CM Trackers-Found,,,,,
www.subscription.CLIENT_X.it,Essential cookies (exempt from consent),CLIENT_X - Italy,HTTP Cookie,eddl_gtm_qe_session_start_6523424625,,bench_update_duration,TRUE,https://www.CLIENT_X.lt/healthcare,Existing CM Trackers-Found,,,,,
stg.CLIENT_X.ru,Essential cookies (exempt from consent),CLIENT_X - Russia,HTTP Cookie,AWSELB,,0,,,Existing CM Trackers-Not Found,,,,,
s.yimg.com,Targeted Advertising Cookies (including social media) [Requires consent],Yahoo EMEA Limited,ETag,-,,,,,Existing CM Trackers-Not Found,,,,,
www.lighting.CLIENT_X.lt,Essential cookies (exempt from consent),Signify (formerly CLIENT_X Lighting),HTTP Cookie,_ga_failed_lookup_marker_18_412,,,,,Existing CM Trackers-Not Found,,,,,
www.lighting.CLIENT_X.sa,Essential cookies (exempt from consent),Signify (formerly CLIENT_X Lighting),Local Storage,blank (local storage),,bench_update_duration,TRUE,https://www.CLIENT_X.lt/c-e/ho/airfryer-accessories.html,Existing CM Trackers-Found,,,,,
CLIENT_X.com.vn,Essential cookies (exempt from consent),CLIENT_X - Vietnam,HTTP Cookie,mbox,,,,,Existing CM Trackers-Not Found,,,,,
CLIENT_X.lt,Targeted Advertising cookies (including social media) [Requires consent],CLIENT_X - Lithuania,HTTP Cookie,bench_new_T2_3737,,session,TRUE,https://www.CLIENT_X.lt/,Existing CM Trackers-Found,,,,,
www.accounts.CLIENT_X.com,Essential cookies (exempt from consent),Koninklijke CLIENT_X N.V.,JavaScript,bench_new_T2_3699,,,,,Existing CM Trackers-Not Found,,,,,
api.bazaarvoice.com,Performance cookies [Requires consent],"Bazaarvoice, Inc.",JavaScript,_ga_failed_lookup_marker_18_417,,,,,Existing CM Trackers-Not Found,,,,,
CLIENT_X.rs,Essential cookies (exempt from consent),CLIENT_X - Serbia,HTTP Cookie,_gcl_au,,bench_update_duration,,,Existing CM Trackers-Not Found,,,,,
www.CLIENT_X.ch,Essential cookies (exempt from consent),CLIENT_X - Switzerland,HTTP Cookie,ROUTE,,bench_update_duration,,,Existing CM Trackers-Not Found,,,,,
www.CLIENT_X.com.br,Essential cookies (exempt from consent),CLIENT_X - Brazil,Beacon,blank (beacon),,,TRUE,https://www.CLIENT_X.lt/c-f/XC000021357/kaip-kurti-ir-tvarkyti-%C5%BEem%C4%97lapius-program%C4%97l%C4%97je-%E2%80%9ECLIENT_X-homerun%E2%80%9C,Existing CM Trackers-Found,,,,,
CLIENT_X.com.gh,Essential cookies (exempt from consent),CLIENT_X - Ghana,HTTP Cookie,at_check,,,,,Existing CM Trackers-Not Found,,,,,
CLIENT_X.com.tw,Essential cookies (exempt from consent),CLIENT_X - Taiwan,HTTP Cookie,s_ugv,,bench_update_duration,TRUE,https://www.CLIENT_X.lt/,Existing CM Trackers-Found,,,,,
CLIENT_X.lv,Essential cookies (exempt from consent),CLIENT_X - Latvia,HTTP Cookie,s_eVar8,,bench_update_duration,TRUE,https://www.CLIENT_X.lt/c-p/BRI977_00/lumea-ipl-9900-series-ipl-hair-removal-device-with-senseiq,Existing CM Trackers-Found,,,,,
www.CLIENT_X.it,Essential cookies (exempt from consent),CLIENT_X - Italy,HTTP Cookie,mdLogger,,bench_update_duration,TRUE,https://www.CLIENT_X.lt/,Existing CM Trackers-Found,,,,,
cdn.decibelinsight.net,Targeted Advertising Cookies (including social media) [Requires consent],Medallia,JavaScript,-,,bench_update_duration,,,Existing CM Trackers-Not Found,,,,,
CLIENT_X.com.ar,Essential cookies (exempt from consent),CLIENT_X - Argentina,HTTP Cookie,s_cc,,729,,,Existing CM Trackers-Not Found,,,,,
candyrack.ds-cdn.com,Performance cookies [Requires consent],Digismoothie,ETag,_ga_failed_lookup_marker_18_427,,,,,Existing CM Trackers-Not Found,,,,,
cdn.botframework.com,Performance cookies [Requires consent],Microsoft Bot Framework,ETag,_ga_failed_lookup_marker_18_428,,,,,Existing CM Trackers-Not Found,,,,,
puui.qpic.cn,Performance Cookies [Requires consent],Tencent,ETag,-,,,,,Existing CM Trackers-Not Found,,,,,
www.CLIENT_X.de,Essential cookies (exempt from consent),CLIENT_X - Germany,HTTP Cookie,T01-recentlyViewedProducts,,,,,Existing CM Trackers-Not Found,,,,,
www.careers.CLIENT_X.com.cn,Essential cookies (exempt from consent),CLIENT_X - China,HTTP Cookie,Team,,bench_update_duration,TRUE,https://www.CLIENT_X.lt/c-e/benefits.html,Existing CM Trackers-Found,,,,,
shop.CLIENT_X.lt,Essential cookies (exempt from consent),CLIENT_X - Lithuania,HTTP Cookie,_ga_failed_lookup_marker_18_432,,,,,Existing CM Trackers-Not Found,,,,,
www.usa.CLIENT_X.com,Essential cookies (exempt from consent),Koninklijke CLIENT_X N.V.,HTTP Cookie,AWSELBCORS,,bench_update_duration,,,Existing CM Trackers-Not Found,,,,,
www.CLIENT_X.com.my,Essential cookies (exempt from consent),CLIENT_X - Malaysia,HTTP Cookie,kampyleUserPercentile,,bench_update_duration,TRUE,https://www.CLIENT_X.lt/,Existing CM Trackers-Found,,,,,
www.lighting.CLIENT_X.de,Essential cookies (exempt from consent),Signify (formerly CLIENT_X Lighting),HTTP Cookie,customer_language_accept,,bench_update_duration,,https://www.CLIENT_X.lt/,New Third Party Trackers,,,,,
www.CLIENT_X.it,Essential cookies (exempt from consent),CLIENT_X - Italy,HTTP Cookie,eddl_itc_list,,bench_update_duration,,,Existing CM Trackers-Not Found,,,,,
CLIENT_X.lt,Essential cookies (exempt from consent),CLIENT_X - Lithuania,HTTP Cookie,_scid_r,,,,,Existing CM Trackers-Not Found,,,,,
www.CLIENT_X.co.il,Essential cookies (exempt from consent),CLIENT_X - Israel,HTTP Cookie,eddl_gtm_qe_session_start_6523424625,,bench_update_duration,TRUE,https://www.CLIENT_X.lt/,Existing CM Trackers-Found,,,,,
www.CLIENT_X.co.id,Essential cookies (exempt from consent),CLIENT_X - Indonesia,HTTP Cookie,p-gc35,,bench_update_duration,,,Existing CM Trackers-Not Found,,,,,
www.lighting.CLIENT_X.com.tw,Essential cookies (exempt from consent),Signify (formerly CLIENT_X Lighting),Local Storage,blank (local storage),,bench_update_duration,,,Existing CM Trackers-Not Found,,,,,
www.CLIENT_X.es,Essential cookies (exempt from consent),CLIENT_X - Spain,HTTP Cookie,AWSELB,,bench_update_duration,,,Existing CM Trackers-Not Found,,,,,
store-CLIENT_X.tw,Essential cookies (exempt from consent),CLIENT_X Store - Taiwan,HTTP Cookie,_fbp,,bench_update_duration,,,Existing CM Trackers-Not Found,,,,,
apps.bazaarvoice.com,Performance cookies [Requires consent],"Bazaarvoice, Inc.",JavaScript,bench_new_T2_3683,,,,,Existing CM Trackers-Not Found,,,,,
CLIENT_X.si,Essential cookies (exempt from consent),CLIENT_X - Slovenia,HTTP Cookie,zScalerUser,,,,,Existing CM Trackers-Not Found,,,,,
eloqua.com,Essential cookies (exempt from consent),Oracle Marketing,HTTP Cookie,bench_new_T2_3670,,392,TRUE,https://www.CLIENT_X.lt/healthcare,Existing CM Trackers-Found,,,,,
CLIENT_X.com.sg,Essential cookies (exempt from consent),CLIENT_X - Singapore,HTTP Cookie,_fbp,,6,,https://www.CLIENT_X.lt/c-e/benefits.html,New First Party Trackers,,,,,
www.lighting.CLIENT_X.co.th,Essential cookies (exempt from consent),Signify (formerly CLIENT_X Lighting),HTTP Cookie,s_mc,,bench_update_duration,,https://www.CLIENT_X.lt/,New Third Party Trackers,,,,,
CLIENT_X.com.cn,Essential cookies (exempt from consent),CLIENT_X - China,HTTP Cookie,_ga,,bench_update_duration,TRUE,https://www.CLIENT_X.lt/c-e/pe/veidas-barzdaskutes/9000-serijos.html,Existing CM Trackers-Found,,,,,
CLIENT_X.sa,Essential cookies (exempt from consent),CLIENT_X - Kingdom of Saudi Arabia,HTTP Cookie,TAsessionID,,bench_update_duration,,,Existing CM Trackers-Not Found,,,,,
www.CLIENT_X.co.kr,Essential cookies (exempt from consent),CLIENT_X - Korea,HTTP Cookie,p-hc-specialty,,bench_update_duration,TRUE,https://www.CLIENT_X.lt/,Existing CM Trackers-Found,,,,,
chat.snappylabs.io,Performance Cookies [Requires consent],Snappy Labs,ETag,-,,0,TRUE,https://www.CLIENT_X.lt/,Existing CM Trackers-Found,,,,,
www.CLIENT_X.com.sg,Essential cookies (exempt from consent),CLIENT_X - Singapore,HTTP Cookie,SG_Pub-cartstatus-com,,bench_update_duration,TRUE,https://www.CLIENT_X.lt/healthcare/about/support/resource-center/results,Existing CM Trackers-Found,,,,,
www.shop.CLIENT_X.lt,Performance cookies [Requires consent],CLIENT_X - Lithuania,HTTP Cookie,_ga_failed_lookup_marker_18_453,,,,,Existing CM Trackers-Not Found,,,,,
www.CLIENT_X.lv,Essential cookies (exempt from consent),CLIENT_X - Latvia,HTTP Cookie,eddl_gtm_qe_session_start_6523424625,,session,TRUE,https://www.CLIENT_X.lt/,Existing CM Trackers-Found,,,,,
CLIENT_X.hr,Essential cookies (exempt from consent),CLIENT_X - Croatia,HTTP Cookie,_fbp,,,,,Existing CM Trackers-Not Found,,,,,
md-scp.kampyle.com,Performance Cookies [Requires consent],Medallia,JavaScript,-,,,,,Existing CM Trackers-Not Found,,,,,
CLIENT_X.co.za,Essential cookies (exempt from consent),CLIENT_X - South Africa,HTTP Cookie,_gcl_au,,bench_update_duration,TRUE,https://www.CLIENT_X.lt/,Existing CM Trackers-Found,,,,,
www.CLIENT_X.lv,Essential cookies (exempt from consent),CLIENT_X - Latvia,HTTP Cookie,kampylePageLoadedTimestamp,,bench_update_duration,TRUE,https://www.CLIENT_X.lt/,Existing CM Trackers-Found,,,,,
CLIENT_X.dk,Essential cookies (exempt from consent),CLIENT_X - Denmark,HTTP Cookie,com.adobe.alloy.getTld,,,,,Existing CM Trackers-Not Found,,,,,
www.lighting.CLIENT_X.ua,Essential cookies (exempt from consent),Signify (formerly CLIENT_X Lighting),HTTP Cookie,AWSELB,,0,,,Existing CM Trackers-Not Found,,,,,
CLIENT_X.ua,Essential cookies (exempt from consent),CLIENT_X - Ukraine,HTTP Cookie,_scid,,,,,Existing CM Trackers-Not Found,,,,,
tracking.krip.cl,Performance Cookies [Requires consent],Krip,JavaScript,-,,,,,Existing CM Trackers-Not Found,,,,,
www.CLIENT_Xcare.com,Essential cookies (exempt from consent),CLIENT_X Care,HTTP Cookie,GoogleAdServingTest,,bench_update_duration,TRUE,https://www.CLIENT_X.lt/,Existing CM Trackers-Found,,,,,
www.coffee.equalizer.CLIENT_X.com,Essential cookies (exempt from consent),Koninklijke CLIENT_X N.V.,JavaScript,blank (java),,,,,Existing CM Trackers-Not Found,,,,,
www.healthcare.shop.CLIENT_X.co.uk,Essential cookies (exempt from consent),CLIENT_X - United Kingdom,Local Storage,blank (local storage),,,TRUE,https://www.CLIENT_X.lt/c-w/pagalba/service-center-locator.html,Existing CM Trackers-Found,,,,,
tag.demandbase.com,Targeted Advertising cookies (including social media) [Requires consent],"Demandbase, Inc.",ETag,_ga_failed_lookup_marker_18_466,,,TRUE,https://www.CLIENT_X.lt/a-w/naudojimo_salygos,Existing CM Trackers-Found,,,,,
www.lighting.CLIENT_X.at,Essential cookies (exempt from consent),Signify (formerly CLIENT_X Lighting),HTTP Cookie,AWSELB,,bench_update_duration,TRUE,https://www.CLIENT_X.lt/,Existing CM Trackers-Found,,,,,
CLIENT_X.co.il,Essential cookies (exempt from consent),CLIENT_X - Israel,HTTP Cookie,s_eVar44,,392,TRUE,https://www.CLIENT_X.lt/healthcare,Existing CM Trackers-Found,,,,,
www.CLIENT_X.cz,Essential cookies (exempt from consent),CLIENT_X - Czech Republic,HTTP Cookie,T01-recentlyViewedProducts,,,TRUE,https://www.CLIENT_X.lt/,Existing CM Trackers-Found,,,,,
CLIENT_X.lt,Essential cookies (exempt from consent),CLIENT_X - Lithuania,HTTP Cookie,bench_new_T2_3785,,60,TRUE,https://www.CLIENT_X.lt/,Existing CM Trackers-Found,,,,,
CLIENT_X.co.il,Essential cookies (exempt from consent),CLIENT_X - Israel,HTTP Cookie,da_sid,,bench_update_duration,TRUE,https://www.CLIENT_X.lt/c-e/benefits.html,Existing CM Trackers-Found,,,,,
policy.cookieinformation.com,Performance Cookies [Requires consent],Cookie Information A/S,ETag,-,,bench_update_duration,TRUE,https://www.CLIENT_X.lt/,Existing CM Trackers-Found,,,,,
www.lighting.CLIENT_X.ma,Essential cookies (exempt from consent),Signify (formerly CLIENT_X Lighting),HTTP Cookie,AWSELB,,bench_update_duration,,,Existing CM Trackers-Not Found,,,,,
CLIENT_X.ru,Essential cookies (exempt from consent),CLIENT_X - Russia,HTTP Cookie,_ym_isad,,,,,Existing CM Trackers-Not Found,,,,,
www.lighting.CLIENT_X.co.jp,Essential cookies (exempt from consent),Signify (formerly CLIENT_X Lighting),ETag,blank (etag),,,TRUE,https://www.CLIENT_X.lt/c-e/ho/lyginimas/descale-garment-steamers,Existing CM Trackers-Found,,,,,
www.CLIENT_X.co.kr,Essential cookies (exempt from consent),CLIENT_X - Korea,HTTP Cookie,kampyleUserSessionsCount,,,,,Existing CM Trackers-Not Found,,,,,
CLIENT_X.com.tr,Essential cookies (exempt from consent),CLIENT_X - Turkey,HTTP Cookie,_scid_r,,bench_update_duration,,,Existing CM Trackers-Not Found,,,,,
www.CLIENT_X.lt,Essential cookies (exempt from consent),CLIENT_X - Lithuania,HTTP Cookie,eddl_gtm_qe_session_start_6523424625,,,,,Existing CM Trackers-Not Found,,,,,
www.centralamerica.CLIENT_X.com,Essential cookies (exempt from consent),Koninklijke CLIENT_X N.V.,HTTP Cookie,p-hc-specialty,,bench_update_duration,,,Existing CM Trackers-Not Found,,,,,
lighting.CLIENT_X.dk,Essential cookies (exempt from consent),Signify (formerly CLIENT_X Lighting),HTTP Cookie,_mkto_trk,,365,TRUE,https://www.CLIENT_X.lt/a-w/naudojimo_salygos,Existing CM Trackers-Found,,,,,
www.lighting.CLIENT_X.com,Performance cookies [Requires consent],Signify (formerly CLIENT_X Lighting),ETag,bench_new_T2_3741,,,,,Existing CM Trackers-Not Found,,,,,
www.shop.CLIENT_X.lt,Performance cookies [Requires consent],CLIENT_X - Lithuania,HTTP Cookie,_ga_failed_lookup_marker_18_482,,,,,Existing CM Trackers-Not Found,,,,,
cdn.webpushr.com,Performance Cookies [Requires consent],Webpushr,JavaScript,-,,,,,Existing CM Trackers-Not Found,,,,,
CLIENT_X.com.hk,Essential cookies (exempt from consent),CLIENT_X - Hong Kong,HTTP Cookie,at_check,,bench_update_duration,TRUE,https://www.CLIENT_X.lt/,Existing CM Trackers-Found,,,,,
CLIENT_X.cz,Essential cookies (exempt from consent),CLIENT_X - Czech Republic,HTTP Cookie,_fbp,,bench_update_duration,TRUE,https://www.CLIENT_X.lt/,Existing CM Trackers-Found,,,,,
lighting.CLIENT_X.co.nz,Essential cookies (exempt from consent),Signify (formerly CLIENT_X Lighting),HTTP Cookie,aam_uuid,,bench_update_duration,,,Existing CM Trackers-Not Found,,,,,
c.go-mpulse.net,Performance Cookies [Requires consent],Akamai,JavaScript,-,,bench_update_duration,,https://www.CLIENT_X.lt/c-e/benefits.html,New First Party Trackers,,,,,
CLIENT_X.fi,Essential cookies (exempt from consent),CLIENT_X - Finland,HTTP Cookie,s_gnr,,bench_update_duration,TRUE,https://www.CLIENT_X.lt/c-e/ho/lyginimas/drabuziu-garintuvai/handheld-steamer-7000-series.html,Existing CM Trackers-Found,,,,,
www.CLIENT_X.lt,Essential cookies (exempt from consent),CLIENT_X - Lithuania,ETag,_ga_failed_lookup_marker_18_489,,,TRUE,https://www.CLIENT_X.lt/,Existing CM Trackers-Found,,,,,
CLIENT_X.com.ar,Essential cookies (exempt from consent),CLIENT_X - Argentina,HTTP Cookie,_fbp,,bench_update_duration,,https://www.CLIENT_X.lt/healthcare,Existing CM Trackers-Found,,,,,
lighting.CLIENT_X.ua,Essential cookies (exempt from consent),Signify (formerly CLIENT_X Lighting),HTTP Cookie,s_nr,,,,,Existing CM Trackers-Not Found,,,,,
www.respirtech.com,Essential cookies (exempt from consent),RespirTech,HTTP Cookie,__attentive_ss_referrer,,1,TRUE,https://www.CLIENT_X.lt/c-e/ho/lyginimas/drabuziu-garintuvai/handheld-steamer-7000-series.html,Existing CM Trackers-Found,,,,,
lighting.CLIENT_X.pt,Essential cookies (exempt from consent),Signify (formerly CLIENT_X Lighting),HTTP Cookie,_mkto_trk,,bench_update_duration,,,Existing CM Trackers-Not Found,,,,,
www.CLIENT_X.com.hk,Essential cookies (exempt from consent),CLIENT_X - Hong Kong,Local Storage,blank (local storage),,bench_update_duration,,https://www.CLIENT_X.lt/healthcare,Existing CM Trackers-Found,,,,,
www.CLIENT_X.nl,Essential cookies (exempt from consent),CLIENT_X - Netherlands,HTTP Cookie,ROUTE,,365,TRUE,https://www.CLIENT_X.lt/c-e/benefits.html,Existing CM Trackers-Found,,,,,
www.store-CLIENT_X.tw,Essential cookies (exempt from consent),CLIENT_X Store - Taiwan,HTTP Cookie,91_FPID_v3_4_1,,,TRUE,https://www.CLIENT_X.lt/,Existing CM Trackers-Found,,,,,
photos-eu.bazaarvoice.com,Performance cookies [Requires consent],"Bazaarvoice, Inc.",ETag,bench_new_T2_3646,,,,,Existing CM Trackers-Not Found,,,,,
www.supplierinnovation.CLIENT_X.com,Essential cookies (exempt from consent),Koninklijke CLIENT_X N.V.,HTTP Cookie,_gat,,,,,Existing CM Trackers-Not Found,,,,,
www.lighting.CLIENT_X.sa,Essential cookies (exempt from consent),Signify (formerly CLIENT_X Lighting),HTTP Cookie,d01-layout,,,,,Existing CM Trackers-Not Found,,,,,
www.subscriptions.CLIENT_X.de,Essential cookies (exempt from consent),CLIENT_X - Germany,HTTP Cookie,ARRAffinitySameSite,,bench_update_duration,TRUE,https://www.CLIENT_X.lt/,Existing CM Trackers-Found,,,,,
cms.cdn.91app.com,Performance Cookies [Requires consent],91App,JavaScript,-,,bench_update_duration,,https://www.CLIENT_X.lt/,New First Party Trackers,,,,,
CLIENT_X.ma,Essential cookies (exempt from consent),CLIENT_X - Morocco,HTTP Cookie,_gdXXX,,bench_update_duration,,,Existing CM Trackers-Not Found,,,,,
CLIENT_X.it,Essential cookies (exempt from consent),CLIENT_X - Italy,HTTP Cookie,_scid_r,,,,,Existing CM Trackers-Not Found,,,,,
www.healthcare.shop.CLIENT_X.de,Essential cookies (exempt from consent),CLIENT_X - Germany,ETag,blank (etag),,,,,Existing CM Trackers-Not Found,,,,,
www.lighting.CLIENT_X.com.vn,Essential cookies (exempt from consent),Signify (formerly CLIENT_X Lighting),HTTP Cookie,customer_country,,bench_update_duration,,,Existing CM Trackers-Not Found,,,,,
www.CLIENT_X.pl,Essential cookies (exempt from consent),CLIENT_X - Poland,HTTP Cookie,kampyle_userid,,,TRUE,https://www.CLIENT_X.lt/a-w/naudojimo_salygos,Existing CM Trackers-Found,,,,,
CLIENT_X.lt,Essential cookies (exempt from consent),CLIENT_X - Lithuania,HTTP Cookie,_schn1,,90,TRUE,https://www.CLIENT_X.lt/,Existing CM Trackers-Found,,,,,
www.CLIENT_X.hr,Essential cookies (exempt from consent),CLIENT_X - Croatia,HTTP Cookie,p-hc-specialty,,,TRUE,https://www.CLIENT_X.lt/c-w/pagalba/service-center-locator.html,Existing CM Trackers-Found,,,,,
connect.facebook.net,Targeted Advertising cookies (including social media) [Requires consent],Meta (formerly Facebook),JavaScript,_ga_failed_lookup_marker_18_509,,,TRUE,https://www.CLIENT_X.lt/,Existing CM Trackers-Found,,,,,
CLIENT_X.lt,Performance cookies [Requires consent],CLIENT_X - Lithuania,HTTP Cookie,bench_new_T2_3788,,0,TRUE,https://www.CLIENT_X.lt/,Existing CM Trackers-Found,,,,,
CLIENT_X.pl,Essential cookies (exempt from consent),CLIENT_X - Poland,HTTP Cookie,s_pv,,bench_update_duration,,,Existing CM Trackers-Not Found,,,,,
www.CLIENT_X.lt,Essential cookies (exempt from consent),CLIENT_X - Lithuania,ETag,_ga_failed_lookup_marker_18_512,,,TRUE,https://www.CLIENT_X.lt/,Existing CM Trackers-Found,,,,,
www.shop.CLIENT_X.lt,Performance cookies [Requires consent],CLIENT_X - Lithuania,HTTP Cookie,_ga_failed_lookup_marker_18_513,,,,,Existing CM Trackers-Not Found,,,,,
www.CLIENT_X.co.jp,Essential cookies (exempt from consent),CLIENT_X Electronics Corporation Japan,HTTP Cookie,kampyleUserSessionsCount,,bench_update_duration,,,Existing CM Trackers-Not Found,,,,,
track.91app.io,Performance Cookies [Requires consent],91App,ETag,-,,,,https://www.CLIENT_X.lt/healthcare,Existing CM Trackers-Found,,,,,
www.shop.CLIENT_X.lt,Performance cookies [Requires consent],CLIENT_X - Lithuania,HTTP Cookie,bench_new_T2_3762,,,,,Existing CM Trackers-Not Found,,,,,
www.subskrypcje-da.CLIENT_X.pl,Essential cookies (exempt from consent),CLIENT_X - Poland,HTTP Cookie,project_770_cart_subscription_token,,bench_update_duration,,,Existing CM Trackers-Not Found,,,,,
www.CLIENT_X.ae,Essential cookies (exempt from consent),CLIENT_X - Middle East Arab,HTTP Cookie,kampyleUserSession,,,,,Existing CM Trackers-Not Found,,,,,
CLIENT_X.es,Essential cookies (exempt from consent),CLIENT_X - Spain,HTTP Cookie,mboxEdgeCluster,,,,https://www.CLIENT_X.lt/a-w/slapuku-politika,New Third Party Trackers,,,,,
lighting.CLIENT_X.com.gh,Essential cookies (exempt from consent),Signify (formerly CLIENT_X Lighting),HTTP Cookie,aam_uuid,,bench_update_duration,TRUE,https://www.CLIENT_X.lt/,Existing CM Trackers-Found,,,,,
www.CLIENT_X.hu,Essential cookies (exempt from consent),CLIENT_X - Hungary,HTTP Cookie,mdLogger,,90,,https://www.CLIENT_X.lt/,New First Party Trackers,,,,,
www.healthcare.shop.CLIENT_X.de,Essential cookies (exempt from consent),CLIENT_X - Germany,HTTP Cookie,kampyleUserSession,,bench_update_duration,,https://www.CLIENT_X.lt/c-e/ho/oro-valytuvas-ir-oro-drekintuvas/air-matters-aplikacija.html,New Third Party Trackers,,,,,
CLIENT_X.no,Essential cookies (exempt from consent),CLIENT_X - Norway,HTTP Cookie,_gat_UA-XXX,,bench_update_duration,,,Existing CM Trackers-Not Found,,,,,
loja.CLIENT_X.com.br,Essential cookies (exempt from consent),CLIENT_X - Brazil,HTTP Cookie,_ttp,,,,,Existing CM Trackers-Not Found,,,,,
www.lighting.CLIENT_X.se,Essential cookies (exempt from consent),Signify (formerly CLIENT_X Lighting),HTTP Cookie,s_mc,,180,TRUE,https://www.CLIENT_X.lt/c-e/blog.html,Existing CM Trackers-Found,,,,,
www.airdisinfectioncalculator.lighting.CLIENT_X.com,Performance Cookies [Requires consent],Signify (formerly CLIENT_X Lighting),ETag,-,,bench_update_duration,TRUE,https://www.CLIENT_X.lt/c-e/pe/veidas-barzdaskutes/9000-serijos.html,Existing CM Trackers-Found,,,,,
www.CLIENT_X.ru,Essential cookies (exempt from consent),CLIENT_X - Russia,HTTP Cookie,ws-id,,bench_update_duration,,,Existing CM Trackers-Not Found,,,,,
www.CLIENT_X.at,Essential cookies (exempt from consent),CLIENT_X - Austria,HTTP Cookie,AWSELB,,0,TRUE,https://www.CLIENT_X.lt/,Existing CM Trackers-Found,,,,,
www.CLIENT_X.ch,Essential cookies (exempt from consent),CLIENT_X - Switzerland,HTTP Cookie,_y2,,,,,Existing CM Trackers-Not Found,,,,,
CLIENT_X.com.tw,Essential cookies (exempt from consent),CLIENT_X - Taiwan,HTTP Cookie,internalUserCheck,,,,,Existing CM Trackers-Not Found,,,,,
www.CLIENT_X.co.il,Essential cookies (exempt from consent),CLIENT_X - Israel,JavaScript,blank (java),,bench_update_duration,TRUE,https://www.CLIENT_X.lt/,Existing CM Trackers-Found,,,,,
x.cnt.my,Targeted Advertising Cookies (including social media) [Requires consent],Unknown,ETag,-,,,,,Existing CM Trackers-Not Found,,,,,
www.CLIENT_X.com.sg,Essential cookies (exempt from consent),CLIENT_X - Singapore,HTTP Cookie,T01-recentlyViewedProducts,,bench_update_duration,TRUE,https://www.CLIENT_X.lt/,Existing CM Trackers-Found,,,,,
CLIENT_X.co.th,Essential cookies (exempt from consent),CLIENT_X - Thailand,HTTP Cookie,s_eVar44,,bench_update_duration,TRUE,https://www.CLIENT_X.lt/a-w/naudojimo_salygos,Existing CM Trackers-Found,,,,,
c.amazon-adsystem.com,Targeted Advertising cookies (including social media) [Requires consent],Amazon Ads,JavaScript,_ga_failed_lookup_marker_18_535,,,,,Existing CM Trackers-Not Found,,,,,
www.CLIENT_X.com.co,Essential cookies (exempt from consent),CLIENT_X - Colombia,HTTP Cookie,user_country,,bench_update_duration,,https://www.CLIENT_X.lt/c-e/benefits.html,New First Party Trackers,,,,,
CLIENT_X.co.th,Essential cookies (exempt from consent),CLIENT_X - Thailand,HTTP Cookie,_schn2,,,TRUE,https://www.CLIENT_X.lt/,Existing CM Trackers-Found,,,,,
www.CLIENT_X.be,Essential cookies (exempt from consent),CLIENT_X - Belgium,JavaScript,blank (java),,729,,,Existing CM Trackers-Not Found,,,,,
www.lighting.CLIENT_X.cl,Essential cookies (exempt from consent),Signify (formerly CLIENT_X Lighting),HTTP Cookie,s_mc,,bench_update_duration,TRUE,https://www.CLIENT_X.lt/c-e/benefits.html,Existing CM Trackers-Found,,,,,
CLIENT_X.dk,Essential cookies (exempt from consent),CLIENT_X - Denmark,HTTP Cookie,s_cc,,bench_update_duration,TRUE,https://www.CLIENT_X.lt/c-e/blog.html,Existing CM Trackers-Found,,,,,
www.CLIENT_X.ie,Essential cookies (exempt from consent),CLIENT_X - Ireland,HTTP Cookie,kampyleUserSessionsCount,,bench_update_duration,,https://www.CLIENT_X.lt/c-f/XC000003591/kokius-patiekalus-galima-gaminti-%E2%80%9ECLIENT_X-airfryer%E2%80%9C,New Third Party Trackers,,,,,
www.CLIENT_X.com.my,Essential cookies (exempt from consent),CLIENT_X - Malaysia,HTTP Cookie,_schn3,,,,,Existing CM Trackers-Not Found,,,,,
www.lighting.CLIENT_X.co.in,Essential cookies (exempt from consent),Signify (formerly CLIENT_X Lighting),HTTP Cookie,AWSELB,,0,TRUE,https://www.CLIENT_X.lt/,Existing CM Trackers-Found,,,,,
www.CLIENT_X.co.ke,Essential cookies (exempt from consent),CLIENT_X - Kenya,JavaScript,blank (java),,bench_update_duration,,,Existing CM Trackers-Not Found,,,,,
www.gwarancjaksenon.CLIENT_X.pl,Essential cookies (exempt from consent),CLIENT_X - Poland,JavaScript,blank (java),,,,,Existing CM Trackers-Not Found,,,,,
CLIENT_X.com.tw,Essential cookies (exempt from consent),CLIENT_X - Taiwan,HTTP Cookie,s_cm,,session,TRUE,https://www.CLIENT_X.lt/c-e/benefits.html,Existing CM Trackers-Found,,,,,
www.lighting.CLIENT_X.com.my,Essential cookies (exempt from consent),Signify (formerly CLIENT_X Lighting),HTTP Cookie,CLIENT_X,,bench_update_duration,,,Existing CM Trackers-Not Found,,,,,
www.CLIENT_X.de,Essential cookies (exempt from consent),CLIENT_X - Germany,HTTP Cookie,kampyle_userid,,,,,Existing CM Trackers-Not Found,,,,,
CLIENT_X.es,Essential cookies (exempt from consent),CLIENT_X - Spain,HTTP Cookie,internalUserCheck,,365,TRUE,https://www.CLIENT_X.lt/a-w/naudojimo_salygos,Existing CM Trackers-Found,,,,,
www.CLIENT_X.pl,Essential cookies (exempt from consent),CLIENT_X - Poland,HTTP Cookie,kampylePageLoadedTimestamp,,,,,Existing CM Trackers-Not Found,,,,,
www.subskrypcje.CLIENT_X.pl,Essential cookies (exempt from consent),CLIENT_X - Poland,HTTP Cookie,__rtbh.lid,,bench_update_duration,TRUE,https://www.CLIENT_X.lt/c-e/benefits.html,Existing CM Trackers-Found,,,,,
www.lighting.CLIENT_X.co.id,Essential cookies (exempt from consent),Signify (formerly CLIENT_X Lighting),HTTP Cookie,customer_language_accept,,bench_update_duration,TRUE,https://www.CLIENT_X.lt/c-w/pagalba/support-contact-page,Existing CM Trackers-Found,,,,,
www.CLIENT_X.ca,Essential cookies (exempt from consent),CLIENT_X - Canada,HTTP Cookie,_scid_r,,bench_update_duration,,,Existing CM Trackers-Not Found,,,,,
CLIENT_X.lt,Essential cookies (exempt from consent),CLIENT_X - Lithuania,HTTP Cookie,bench_new_T2_3729,,393,TRUE,https://www.CLIENT_X.lt/,Existing CM Trackers-Found,,,,,
CLIENT_X.co.il,Essential cookies (exempt from consent),CLIENT_X - Israel,HTTP Cookie,_gid,,,,https://www.CLIENT_X.lt/a-w/slapuku-politika,New Third Party Trackers,,,,,
CLIENT_X.co.uk,Essential cookies (exempt from consent),CLIENT_X - United Kingdom,HTTP Cookie,_mkto_trk,,bench_update_duration,,,Existing CM Trackers-Not Found,,,,,
www.respirtech.com,Essential cookies (exempt from consent),RespirTech,Local Storage,blank (local storage),,1,TRUE,https://www.CLIENT_X.lt/c-e/ho/lyginimas/drabuziu-garintuvai/handheld-steamer-7000-series.html,Existing CM Trackers-Found,,,,,
www.CLIENT_X.com.mx,Essential cookies (exempt from consent),CLIENT_X - Mexico,HTTP Cookie,kampyleUserPercentile,,bench_update_duration,,,Existing CM Trackers-Not Found,,,,,
CLIENT_X.ng,Essential cookies (exempt from consent),CLIENT_X - Nigeria,HTTP Cookie,s_eVar8,,bench_update_duration,TRUE,https://www.CLIENT_X.lt/a-w/naudojimo_salygos,Existing CM Trackers-Found,,,,,
www.crsc.CLIENT_X.com,Essential cookies (exempt from consent),Koninklijke CLIENT_X N.V.,ETag,blank (etag),,bench_update_duration,,,Existing CM Trackers-Not Found,,,,,
CLIENT_X.co.il,Essential cookies (exempt from consent),CLIENT_X - Israel,HTTP Cookie,_gat_UA-XXX,,0,,,Existing CM Trackers-Not Found,,,,,
www.CLIENT_X.com.pe,Essential cookies (exempt from consent),CLIENT_X - Peru,HTTP Cookie,kampyle_userid,,,,,Existing CM Trackers-Not Found,,,,,
sc-static.net,Targeted Advertising Cookies (including social media) [Requires consent],Snap Inc.,JavaScript,-,,180,TRUE,https://www.CLIENT_X.lt/c-e/ho/oro-valytuvas-ir-oro-drekintuvas/air-matters-aplikacija.html,Existing CM Trackers-Found,,,,,
CLIENT_X.de,Essential cookies (exempt from consent),CLIENT_X - Germany,HTTP Cookie,s_gnr,,bench_update_duration,TRUE,https://www.CLIENT_X.lt/c-e/benefits.html,Existing CM Trackers-Found,,,,,
CLIENT_X.com.eg,Essential cookies (exempt from consent),CLIENT_X - Egypt,HTTP Cookie,test,,,,,Existing CM Trackers-Not Found,,,,,
CLIENT_X.hu,Essential cookies (exempt from consent),CLIENT_X - Hungary,HTTP Cookie,_scid_r,,bench_update_duration,,,Existing CM Trackers-Not Found,,,,,
*.fls.doubleclick.net,Targeted Advertising cookies (including social media) [Requires consent],Google Advertising Products,Beacon,bench_new_T2_3673,,,,,Existing CM Trackers-Not Found,,,,,
www.lighting.CLIENT_X.com.tr,Essential cookies (exempt from consent),Signify (formerly CLIENT_X Lighting),HTTP Cookie,CLIENT_X,,bench_update_duration,,,Existing CM Trackers-Not Found,,,,,
www.lighting.CLIENT_X.com.tw,Essential cookies (exempt from consent),Signify (formerly CLIENT_X Lighting),HTTP Cookie,s_int,,bench_update_duration,,https://www.CLIENT_X.lt/c-f/XC000003591/kokius-patiekalus-galima-gaminti-%E2%80%9ECLIENT_X-airfryer%E2%80%9C,New Third Party Trackers,,,,,
CLIENT_X.co.in,Essential cookies (exempt from consent),CLIENT_X - India,HTTP Cookie,ajs_anonymous_id,,bench_update_duration,,,Existing CM Trackers-Not Found,,,,,
www.CLIENT_X.com.pe,Essential cookies (exempt from consent),CLIENT_X - Peru,HTTP Cookie,eddl_itc_list,,,,,Existing CM Trackers-Not Found,,,,,
www.CLIENT_X.rs,Essential cookies (exempt from consent),CLIENT_X - Serbia,HTTP Cookie,_sdsat_pgm_optin,,,,,Existing CM Trackers-Found,,,,,
CLIENT_X.bg,Essential cookies (exempt from consent),CLIENT_X - Bulgaria,HTTP Cookie,_gdXXX,,bench_update_duration,,,Existing CM Trackers-Not Found,,,,,
CLIENT_X.com.br,Essential cookies (exempt from consent),CLIENT_X - Brazil,HTTP Cookie,biggy-event-queue,,bench_update_duration,,,Existing CM Trackers-Not Found,,,,,
www.youtube-nocookie.com,Preference cookies,Google Inc.,Local Storage,ytidb::LAST_RESULT_ENTRY_KEY,,,TRUE,https://www.CLIENT_X.lt/c-e/blog.html,Existing CM Trackers-Found,,,,,
www.lighting.CLIENT_X.co.za,Essential cookies (exempt from consent),Signify (formerly CLIENT_X Lighting),HTTP Cookie,s_as,,bench_update_duration,,,Existing CM Trackers-Not Found,,,,,
CLIENT_X.com.my,Essential cookies (exempt from consent),CLIENT_X - Malaysia,HTTP Cookie,s_nrpv,,bench_update_duration,,,Existing CM Trackers-Not Found,,,,,
lighting.CLIENT_X.fi,Essential cookies (exempt from consent),Signify (formerly CLIENT_X Lighting),HTTP Cookie,test,,,,,Existing CM Trackers-Not Found,,,,,
CLIENT_X.co.il,Essential cookies (exempt from consent),CLIENT_X - Israel,HTTP Cookie,FPLC,,bench_update_duration,TRUE,https://www.CLIENT_X.lt/c-e/blog.html,Existing CM Trackers-Found,,,,,
www.youtube-nocookie.com,Preference cookies,Google Inc.,Local Storage,yt-remote-connected-devices,,bench_update_duration,TRUE,https://www.CLIENT_X.lt/,Existing CM Trackers-Found,,,,,
datamilk.app,Targeted Advertising Cookies (including social media) [Requires consent],DataMilk,JavaScript,-,,bench_update_duration,TRUE,https://www.CLIENT_X.lt/,Existing CM Trackers-Found,,,,,
CLIENT_X.co.il,Essential cookies (exempt from consent),CLIENT_X - Israel,HTTP Cookie,s_campaign,,bench_update_duration,,,Existing CM Trackers-Not Found,,,,,
www.lighting.CLIENT_X.co.kr,Essential cookies (exempt from consent),Signify (formerly CLIENT_X Lighting),JavaScript,blank (java),,,,,Existing CM Trackers-Not Found,,,,,
CLIENT_X.lt,Essential cookies (exempt from consent),CLIENT_X - Lithuania,HTTP Cookie,bench_new_T2_3794,,0,TRUE,https://www.CLIENT_X.lt/,Existing CM Trackers-Found,,,,,
www.subscription.CLIENT_X.es,Essential cookies (exempt from consent),CLIENT_X - Spain,HTTP Cookie,RT,,,,,Existing CM Trackers-Not Found,,,,,
CLIENT_X.co.kr,Essential cookies (exempt from consent),CLIENT_X - Korea,HTTP Cookie,kndctr_AF93936257A37E0A7F000101_AdobeOrg_identity,,bench_update_duration,,,Existing CM Trackers-Not Found,,,,,
visitor.omnitagjs.com,Targeted Advertising Cookies (including social media) [Requires consent],ADYOULIKE SA,Beacon,-,,bench_update_duration,TRUE,https://www.CLIENT_X.lt/c-e/blog.html,Existing CM Trackers-Found,,,,,
dpm.demdex.net,Targeted Advertising cookies (including social media) [Requires consent],"Adobe Audience Manager, Adobe Experience Cloud",Beacon,_ga_failed_lookup_marker_18_588,,,,,Existing CM Trackers-Not Found,,,,,
ik.imagekit.io,Performance Cookies [Requires consent],ImageKit.io,ETag,-,,,,,Existing CM Trackers-Not Found,,,,,
CLIENT_X.co.in,Essential cookies (exempt from consent),CLIENT_X - India,HTTP Cookie,at_check,,bench_update_duration,TRUE,https://www.CLIENT_X.lt/,Existing CM Trackers-Found,,,,,
CLIENT_X.co.ke,Essential cookies (exempt from consent),CLIENT_X - Kenya,HTTP Cookie,_mkto_trk,,bench_update_duration,TRUE,https://www.CLIENT_X.lt/,Existing CM Trackers-Found,,,,,
lighting.CLIENT_X.ua,Essential cookies (exempt from consent),Signify (formerly CLIENT_X Lighting),HTTP Cookie,s_nr30,,,TRUE,https://www.CLIENT_X.lt/c-f/XC000021357/kaip-kurti-ir-tvarkyti-%C5%BEem%C4%97lapius-program%C4%97l%C4%97je-%E2%80%9ECLIENT_X-homerun%E2%80%9C,Existing CM Trackers-Found,,,,,
lighting.CLIENT_X.com.tr,Essential cookies (exempt from consent),Signify (formerly CLIENT_X Lighting),HTTP Cookie,s_ppvl,,0,TRUE,https://www.CLIENT_X.lt/,Existing CM Trackers-Found,,,,,
eloqua.com,Targeted Advertising cookies (including social media) [Requires consent],Oracle Marketing,HTTP Cookie,bench_new_T2_3752,,392,TRUE,https://www.CLIENT_X.lt/healthcare,Existing CM Trackers-Found,,,,,
CLIENT_X.fr,Essential cookies (exempt from consent),CLIENT_X - France,HTTP Cookie,zScalerUser,,bench_update_duration,,,Existing CM Trackers-Not Found,,,,,
www.healthcare.shop.CLIENT_X.fr,Essential cookies (exempt from consent),CLIENT_X - France,HTTP Cookie,pcms-CLIENT_X-fr-cart,,bench_update_duration,,,Existing CM Trackers-Not Found,,,,,
www.CLIENT_X.si,Essential cookies (exempt from consent),CLIENT_X - Slovenia,HTTP Cookie,eddl_gtm_qe_session_start_6523424625,,,TRUE,https://www.CLIENT_X.lt/,Existing CM Trackers-Found,,,,,
respirtech.com,Essential cookies (exempt from consent),RespirTech,HTTP Cookie,notice_behavior,,bench_update_duration,TRUE,https://www.CLIENT_X.lt/c-e/benefits.html,Existing CM Trackers-Found,,,,,
www.mylife.CLIENT_X.com.cn,Essential cookies (exempt from consent),CLIENT_X - China,Local Storage,blank (local storage),,session,TRUE,https://www.CLIENT_X.lt/c-e/benefits.html,Existing CM Trackers-Found,,,,,
CLIENT_X.com.au,Essential cookies (exempt from consent),CLIENT_X - Australia,HTTP Cookie,FPLC,,bench_update_duration,,,Existing CM Trackers-Not Found,,,,,
CLIENT_X.sa,Essential cookies (exempt from consent),CLIENT_X - Kingdom of Saudi Arabia,HTTP Cookie,mboxEdgeCluster,,,,,Existing CM Trackers-Not Found,,,,,
www.crsc.lighting.CLIENT_X.com,Performance Cookies [Requires consent],Koninklijke CLIENT_X N.V.,JavaScript,-,,bench_update_duration,TRUE,https://www.CLIENT_X.lt/c-e/ho/oro-valytuvas-ir-oro-drekintuvas/air-matters-aplikacija.html,Existing CM Trackers-Found,,,,,
www.lighting.CLIENT_X.com.tw,Essential cookies (exempt from consent),Signify (formerly CLIENT_X Lighting),Beacon,blank (beacon),,,,,Existing CM Trackers-Not Found,,,,,
CLIENT_X.ch,Essential cookies (exempt from consent),CLIENT_X - Switzerland,HTTP Cookie,FPID,,bench_update_duration,TRUE,https://www.CLIENT_X.lt/,Existing CM Trackers-Found,,,,,
www.CLIENT_X.rs,Essential cookies (exempt from consent),CLIENT_X - Serbia,ETag,blank (etag),,,,,Existing CM Trackers-Not Found,,,,,
doubleclick.net,Targeted Advertising cookies (including social media) [Requires consent],Google Advertising Products,HTTP Cookie,_ga_failed_lookup_marker_18_606,,390,TRUE,https://www.CLIENT_X.lt/,Existing CM Trackers-Found,,,,,
www.lighting.CLIENT_X.co.in,Essential cookies (exempt from consent),Signify (formerly CLIENT_X Lighting),HTTP Cookie,s_sid,,bench_update_duration,,,Existing CM Trackers-Not Found,,,,,
CLIENT_X.co.in,Essential cookies (exempt from consent),CLIENT_X - India,HTTP Cookie,TAsessionID,,,,,Existing CM Trackers-Not Found,,,,,
tr.snapchat.com,Targeted Advertising cookies (including social media) [Requires consent],Snap Inc.,Beacon,bench_new_T2_3723,,,TRUE,https://www.CLIENT_X.lt/c-e/ho/airfryer-accessories.html,Existing CM Trackers-Found,,,,,
www.CLIENT_X.com.qa,Essential cookies (exempt from consent),CLIENT_X - Qatar,HTTP Cookie,p-hc-specialty,,,,,Existing CM Trackers-Not Found,,,,,
CLIENT_X.com.au,Essential cookies (exempt from consent),CLIENT_X - Australia,HTTP Cookie,_scid_r,,bench_update_duration,,,Existing CM Trackers-Not Found,,,,,
CLIENT_X.com.co,Essential cookies (exempt from consent),CLIENT_X - Colombia,HTTP Cookie,s_cm,,bench_update_duration,TRUE,https://www.CLIENT_X.lt/a-w/naudojimo_salygos,Existing CM Trackers-Found,,,,,
www.usa.CLIENT_X.com,Essential cookies (exempt from consent),Koninklijke CLIENT_X N.V.,HTTP Cookie,kampyleUserPercentile,,,TRUE,https://www.CLIENT_X.lt/c-e/benefits.html,Existing CM Trackers-Found,,,,,
www.lighting.CLIENT_X.com.sg,Essential cookies (exempt from consent),Signify (formerly CLIENT_X Lighting),JavaScript,blank (java),,180,TRUE,https://www.CLIENT_X.lt/c-e/ho/oro-valytuvas-ir-oro-drekintuvas/air-matters-aplikacija.html,Existing CM Trackers-Found,,,,,
www.CLIENT_X.hr,Essential cookies (exempt from consent),CLIENT_X - Croatia,HTTP Cookie,kampyleUserSession,,,,,Existing CM Trackers-Not Found,,,,,
www.assets.lighting.CLIENT_X.com,Performance cookies [Requires consent],Signify (formerly CLIENT_X Lighting),ETag,_ga_failed_lookup_marker_18_616,,,,,Existing CM Trackers-Not Found,,,,,
CLIENT_X-dmec.eu.orbita.cloud,Performance Cookies [Requires consent],Orbita,HTTP Cookie,AWSALBCORS,,bench_update_duration,TRUE,https://www.CLIENT_X.lt/,Existing CM Trackers-Found,,,,,
giftbox.ds-cdn.com,Performance cookies [Requires consent],Digismoothie,JavaScript,_ga_failed_lookup_marker_18_618,,,,,Existing CM Trackers-Not Found,,,,,
www.CLIENT_X.lt,Essential cookies (exempt from consent),CLIENT_X - Italy,HTTP Cookie,_ga_failed_lookup_marker_18_619,,,,,Existing CM Trackers-Not Found,,,,,
CLIENT_X.com.my,Essential cookies (exempt from consent),CLIENT_X - Malaysia,HTTP Cookie,mbox,,,,,Existing CM Trackers-Not Found,,,,,
www.saude.CLIENT_X.com.br,Essential cookies (exempt from consent),CLIENT_X - Brazil,Local Storage,blank (local storage),,bench_update_duration,TRUE,https://www.CLIENT_X.lt/,Existing CM Trackers-Found,,,,,
www.tienda.CLIENT_X.com.ar,Essential cookies (exempt from consent),CLIENT_X - Argentina,ETag,blank (etag),,bench_update_duration,TRUE,https://www.CLIENT_X.lt/,Existing CM Trackers-Found,,,,,
contentorigin.bazaarvoice.com,Performance Cookies [Requires consent],"Bazaarvoice, Inc.",ETag,-,,bench_update_duration,TRUE,https://www.CLIENT_X.lt/,Existing CM Trackers-Found,,,,,
www.googletagmanager.com,Performance cookies [Requires consent],Google Inc.,JavaScript,_ga_failed_lookup_marker_18_624,,,TRUE,https://www.CLIENT_X.lt/,Existing CM Trackers-Found,,,,,
www.lighting.CLIENT_X.com.vn,Essential cookies (exempt from consent),Signify (formerly CLIENT_X Lighting),HTTP Cookie,AWSELBCORS,,bench_update_duration,,,Existing CM Trackers-Not Found,,,,,
www.shop.CLIENT_X.lt,Performance cookies [Requires consent],CLIENT_X - Lithuania,HTTP Cookie,_ga_failed_lookup_marker_18_626,,,,,Existing CM Trackers-Not Found,,,,,
www.CLIENT_X.cl,Essential cookies (exempt from consent),CLIENT_X - Chile,HTTP Cookie,test,,365,TRUE,https://www.CLIENT_X.lt/c-e/ho/lyginimas/drabuziu-garintuvai/handheld-steamer-7000-series.html,Existing CM Trackers-Found,,,,,
lighting.CLIENT_X.no,Essential cookies (exempt from consent),Signify (formerly CLIENT_X Lighting),HTTP Cookie,_mkto_trk,,session,TRUE,https://www.CLIENT_X.lt/,Existing CM Trackers-Found,,,,,
CLIENT_X.co.id,Essential cookies (exempt from consent),CLIENT_X - Indonesia,HTTP Cookie,li_cm_prefs_session,,bench_update_duration,,,Existing CM Trackers-Not Found,,,,,
maps.googleapis.com,Performance cookies [Requires consent],Google Inc.,JavaScript,_ga_failed_lookup_marker_18_630,,,TRUE,https://www.CLIENT_X.lt/c-w/pagalba/service-center-locator.html,Existing CM Trackers-Found,,,,,
CLIENT_X.at,Essential cookies (exempt from consent),CLIENT_X - Austria,HTTP Cookie,_yi,,729,TRUE,https://www.CLIENT_X.lt/,Existing CM Trackers-Found,,,,,
lighting.CLIENT_X.ie,Essential cookies (exempt from consent),Signify (formerly CLIENT_X Lighting),HTTP Cookie,com.adobe.alloy.getTld,,,,,Existing CM Trackers-Not Found,,,,,
dpm.demdex.net,Targeted Advertising Cookies (including social media) [Requires consent],"Adobe Audience Manager, Adobe Experience Platform",Beacon,-,,,,https://www.CLIENT_X.lt/a-w/slapuku-politika,New Third Party Trackers,,,,,
www.lighting.CLIENT_X.de,Essential cookies (exempt from consent),Signify (formerly CLIENT_X Lighting),JavaScript,blank (java),,bench_update_duration,,,Existing CM Trackers-Not Found,,,,,
company-target.com,Targeted Advertising cookies (including social media) [Requires consent],"Demandbase, Inc.",HTTP Cookie,bench_new_T2_3661,,396,TRUE,https://www.CLIENT_X.lt/a-w/naudojimo_salygos,Existing CM Trackers-Found,,,,,
www.CLIENT_X.rs,Essential cookies (exempt from consent),CLIENT_X - Serbia,HTTP Cookie,mdLogger,,bench_update_duration,,,Existing CM Trackers-Not Found,,,,,
www.CLIENT_X.pl,Essential cookies (exempt from consent),CLIENT_X - Poland,HTTP Cookie,gtm_mouseflow_session_inscope,,0,TRUE,https://www.CLIENT_X.lt/,Existing CM Trackers-Found,,,,,
CLIENT_X.jo,Essential cookies (exempt from consent),CLIENT_X - Jordan,HTTP Cookie,internalUserCheck,,bench_update_duration,TRUE,https://www.CLIENT_X.lt/,Existing CM Trackers-Found,,,,,
CLIENT_X.nl,Essential cookies (exempt from consent),CLIENT_X - Netherlands,HTTP Cookie,s_eVar8,,bench_update_duration,TRUE,https://www.CLIENT_X.lt/c-e/benefits.html,Existing CM Trackers-Found,,,,,
XXXXXXXXXXXXX.cloudfront.net,Targeted Advertising Cookies (including social media) [Requires consent],Amazon (Cloudfront),JavaScript,-,,bench_update_duration,,,Existing CM Trackers-Not Found,,,,,
CLIENT_X.ch,Essential cookies (exempt from consent),CLIENT_X - Switzerland,HTTP Cookie,test,,bench_update_duration,TRUE,https://www.CLIENT_X.lt/c-e/benefits.html,Existing CM Trackers-Found,,,,,
www.CLIENT_Xcare.com,Essential cookies (exempt from consent),CLIENT_X Care,HTTP Cookie,_policy,,,,,Existing CM Trackers-Not Found,,,,,
www.CLIENT_X.co.il,Essential cookies (exempt from consent),CLIENT_X - Israel,HTTP Cookie,kampyleUserSession,,,TRUE,https://www.CLIENT_X.lt/healthcare,Existing CM Trackers-Found,,,,,
CLIENT_X.com.qa,Essential cookies (exempt from consent),CLIENT_X - Qatar,HTTP Cookie,FPLC,,,,,Existing CM Trackers-Not Found,,,,,
lighting.CLIENT_X.ru,Essential cookies (exempt from consent),Signify (formerly CLIENT_X Lighting),HTTP Cookie,s_pv,,,,,Existing CM Trackers-Not Found,,,,,
CLIENT_X.hu,Essential cookies (exempt from consent),CLIENT_X - Hungary,HTTP Cookie,s_ugv,,bench_update_duration,TRUE,https://www.CLIENT_X.lt/,Existing CM Trackers-Found,,,,,
www.lighting.CLIENT_X.hr,Essential cookies (exempt from consent),Signify (formerly CLIENT_X Lighting),HTTP Cookie,s_mc,,bench_update_duration,TRUE,https://www.CLIENT_X.lt/c-e/benefits.html,Existing CM Trackers-Found,,,,,
www.CLIENT_X.co.za,Essential cookies (exempt from consent),CLIENT_X - South Africa,ETag,blank (etag),,bench_update_duration,,,Existing CM Trackers-Not Found,,,,,
CLIENT_X.lt,Essential cookies (exempt from consent),CLIENT_X - Lithuania,HTTP Cookie,bench_new_T2_3707,,session,TRUE,https://www.CLIENT_X.lt/,Existing CM Trackers-Found,,,,,
connect.facebook.net,Targeted Advertising cookies (including social media) [Requires consent],Meta (formerly Facebook),Beacon,bench_new_T2_3636,,,TRUE,https://www.CLIENT_X.lt/c-m-pe/plauku-salinimo-priemones/naujausi,Existing CM Trackers-Found,,,,,
CLIENT_X.co.il,Essential cookies (exempt from consent),CLIENT_X - Israel,HTTP Cookie,_gcl_au,,,,https://www.CLIENT_X.lt/c-f/XC000021443/mano-%E2%80%9ECLIENT_X%E2%80%9C-bok%C5%A1tinis-ventiliatorius-vibruodamas-skleid%C5%BEia-ne%C4%AFprast%C4%85-triuk%C5%A1m%C4%85,New Third Party Trackers,,,,,
network-eu-a.bazaarvoice.com,Targeted Advertising cookies (including social media) [Requires consent],"Bazaarvoice, Inc.",Beacon,_ga_failed_lookup_marker_18_652,,,,,Existing CM Trackers-Not Found,,,,,
www.CLIENT_X.se,Essential cookies (exempt from consent),CLIENT_X - Sweden,HTTP Cookie,mdLogger,,400,TRUE,https://www.CLIENT_X.lt/,Existing CM Trackers-Found,,,,,
tag.rmp.rakuten.com,Targeted Advertising Cookies (including social media) [Requires consent],Rakuten,JavaScript,-,,,,,Existing CM Trackers-Not Found,,,,,
www.CLIENT_X.lt,Essential cookies (exempt from consent),CLIENT_X - Lithuania,JavaScript,_ga_failed_lookup_marker_18_655,,,TRUE,https://www.CLIENT_X.lt/,Existing CM Trackers-Found,,,,,
www.lighting.CLIENT_X.com.vn,Essential cookies (exempt from consent),Signify (formerly CLIENT_X Lighting),HTTP Cookie,AWSELB,,0,TRUE,https://www.CLIENT_X.lt/c-e/benefits.html,Existing CM Trackers-Found,,,,,
www.google.com,Essential cookies (exempt from consent),Google Inc.,Local Storage,rc::f,,bench_update_duration,,,Existing CM Trackers-Not Found,,,,,
www.CLIENT_X.com.sg,Essential cookies (exempt from consent),CLIENT_X - Singapore,HTTP Cookie,p-hc-catg,,,,,Existing CM Trackers-Not Found,,,,,
CLIENT_X.com.ph,Essential cookies (exempt from consent),CLIENT_X - Philippines,HTTP Cookie,s_cm_direct,,bench_update_duration,,,Existing CM Trackers-Not Found,,,,,
www.lighting.CLIENT_X.ro,Essential cookies (exempt from consent),Signify (formerly CLIENT_X Lighting),JavaScript,blank (java),,,TRUE,https://www.CLIENT_X.lt/c-w/pagalba/support-contact-page,Existing CM Trackers-Found,,,,,
CLIENT_X.ae,Essential cookies (exempt from consent),CLIENT_X - Middle East Arab,HTTP Cookie,s_eVar8,,,TRUE,https://www.CLIENT_X.lt/c-e/blog.html,Existing CM Trackers-Found,,,,,
www.CLIENT_X.com.tr,Essential cookies (exempt from consent),CLIENT_X - Turkey,JavaScript,blank (java),,bench_update_duration,TRUE,https://www.CLIENT_X.lt/c-e/ho/lyginimas/descale-garment-steamers,Existing CM Trackers-Found,,,,,
dev.CLIENT_X.com.mx,Essential cookies (exempt from consent),CLIENT_X - Mexico,HTTP Cookie,AWSELBCORS,,bench_update_duration,,,Existing CM Trackers-Not Found,,,,,
www.healthcare.shop.CLIENT_X.de,Essential cookies (exempt from consent),CLIENT_X - Germany,HTTP Cookie,isBrowserPopUp,,1,TRUE,https://www.CLIENT_X.lt/c-e/ho/lyginimas/drabuziu-garintuvai/handheld-steamer-7000-series.html,Existing CM Trackers-Found,,,,,
CLIENT_X.co.za,Essential cookies (exempt from consent),CLIENT_X - South Africa,HTTP Cookie,BCSessionID,,,TRUE,https://www.CLIENT_X.lt/c-w/pagalba/support-contact-page,Existing CM Trackers-Found,,,,,
www.shop.CLIENT_X.com.cn,Essential cookies (exempt from consent),CLIENT_X - China,Local Storage,blank (local storage),,bench_update_duration,,,Existing CM Trackers-Not Found,,,,,
www.CLIENT_X.ca,Essential cookies (exempt from consent),CLIENT_X - Canada,HTTP Cookie,mdLogger,,,,,Existing CM Trackers-Not Found,,,,,
CLIENT_X.lt,Essential cookies (exempt from consent),CLIENT_X - Lithuania,HTTP Cookie,bench_new_T2_3772,,,,,Existing CM Trackers-Not Found,,,,,
CLIENT_X.lt,Essential cookies (exempt from consent),CLIENT_X - Lithuania,HTTP Cookie,bench_new_T2_3687,,0,TRUE,https://www.CLIENT_X.lt/,Existing CM Trackers-Found,,,,,
cdn.botframework.com,Performance cookies [Requires consent],Microsoft Bot Framework,JavaScript,_ga_failed_lookup_marker_18_670,,,,,Existing CM Trackers-Not Found,,,,,
www.healthcare.shop.CLIENT_X.co.uk,Essential cookies (exempt from consent),CLIENT_X - United Kingdom,HTTP Cookie,ROUTE,,,,,Existing CM Trackers-Not Found,,,,,
www.lightset-creator.lighting.CLIENT_X.com,Performance Cookies [Requires consent],Signify (formerly CLIENT_X Lighting),JavaScript,-,,session,TRUE,https://www.CLIENT_X.lt/c-e/benefits.html,Existing CM Trackers-Found,,,,,
www.subscription.CLIENT_X.ro,Essential cookies (exempt from consent),CLIENT_X - Romania,HTTP Cookie,eddl_gtm_qe_session_start_6523424625,,bench_update_duration,TRUE,https://www.CLIENT_X.lt/c-e/blog.html,Existing CM Trackers-Found,,,,,
CLIENT_X.bg,Essential cookies (exempt from consent),CLIENT_X - Bulgaria,HTTP Cookie,_gid,,729,TRUE,https://www.CLIENT_X.lt/c-e/ho/lyginimas/drabuziu-garintuvai/handheld-steamer-7000-series.html,Existing CM Trackers-Found,,,,,
www.CLIENT_X.lt,Essential cookies (exempt from consent),CLIENT_X - Lithuania,ETag,_ga_failed_lookup_marker_18_675,,,TRUE,https://www.CLIENT_X.lt/,Existing CM Trackers-Found,,,,,
485-ikz-407.mktoweb.com,Targeted Advertising Cookies (including social media) [Requires consent],Marketo,ETag,-,,bench_update_duration,TRUE,https://www.CLIENT_X.lt/c-e/ho/lyginimas/drabuziu-garintuvai/handheld-steamer-7000-series.html,Existing CM Trackers-Found,,,,,
CLIENT_X.fi,Essential cookies (exempt from consent),CLIENT_X - Finland,HTTP Cookie,s_vtime,,bench_update_duration,,,Existing CM Trackers-Not Found,,,,,
CLIENT_X.it,Essential cookies (exempt from consent),CLIENT_X - Italy,HTTP Cookie,_schn1,,,,,Existing CM Trackers-Not Found,,,,,
c.amazon-adsystem.com,Targeted Advertising cookies (including social media) [Requires consent],Amazon Ads,JavaScript,_ga_failed_lookup_marker_18_679,,,,,Existing CM Trackers-Not Found,,,,,
CLIENT_X.com.my,Essential cookies (exempt from consent),CLIENT_X - Malaysia,HTTP Cookie,at_check,,,,,Existing CM Trackers-Not Found,,,,,
CLIENT_X.ca,Essential cookies (exempt from consent),CLIENT_X - Canada,HTTP Cookie,TEST_AMCV_COOKIE,,,,,Existing CM Trackers-Not Found,,,,,
www.lighting.CLIENT_X.co.za,Essential cookies (exempt from consent),Signify (formerly CLIENT_X Lighting),Local Storage,blank (local storage),,bench_update_duration,TRUE,https://www.CLIENT_X.lt/,Existing CM Trackers-Found,,,,,
www.CLIENT_X.dk,Essential cookies (exempt from consent),CLIENT_X - Denmark,HTTP Cookie,eddl_itc_list,,bench_update_duration,TRUE,https://www.CLIENT_X.lt/c-e/ho/oro-valytuvas-ir-oro-drekintuvas/air-matters-aplikacija.html,Existing CM Trackers-Found,,,,,
www.CLIENT_X.co.th,Essential cookies (exempt from consent),CLIENT_X - Thailand,HTTP Cookie,p-gc35,,,TRUE,https://www.CLIENT_X.lt/,Existing CM Trackers-Found,,,,,
CLIENT_X.com.tr,Essential cookies (exempt from consent),CLIENT_X - Turkey,HTTP Cookie,iAdvize:splitGroup,,bench_update_duration,,,Existing CM Trackers-Not Found,,,,,
CLIENT_X.com.ph,Essential cookies (exempt from consent),CLIENT_X - Philippines,HTTP Cookie,mbox,,,TRUE,https://www.CLIENT_X.lt/c-e/blog.html,Existing CM Trackers-Found,,,,,
www.accounts.CLIENT_X.ru,Essential cookies (exempt from consent),CLIENT_X - Russia,HTTP Cookie,_csrf_token,,bench_update_duration,,,Existing CM Trackers-Not Found,,,,,
www.lighting.CLIENT_X.ca,Essential cookies (exempt from consent),Signify (formerly CLIENT_X Lighting),HTTP Cookie,remember_customer_type,,,TRUE,https://www.CLIENT_X.lt/healthcare,Existing CM Trackers-Found,,,,,
lighting.CLIENT_X.com.pk,Essential cookies (exempt from consent),Signify (formerly CLIENT_X Lighting),HTTP Cookie,test,,bench_update_duration,,,Existing CM Trackers-Not Found,,,,,
CLIENT_X.sk,Essential cookies (exempt from consent),CLIENT_X - Slovakia,HTTP Cookie,_schn1,,bench_update_duration,,,Existing CM Trackers-Not Found,,,,,
www.CLIENT_X.ng,Essential cookies (exempt from consent),CLIENT_X - Nigeria,Local Storage,blank (local storage),,bench_update_duration,,,Existing CM Trackers-Not Found,,,,,
google.com,Performance cookies [Requires consent],Google Inc.,Local Storage,_ga_failed_lookup_marker_18_692,,,TRUE,https://www.CLIENT_X.lt/c-e/blog.html,Existing CM Trackers-Found,,,,,
www.lighting.CLIENT_X.bg,Essential cookies (exempt from consent),Signify (formerly CLIENT_X Lighting),HTTP Cookie,AWSELBCORS,,bench_update_duration,TRUE,https://www.CLIENT_X.lt/,Existing CM Trackers-Found,,,,,
www.CLIENT_X.com.my,Essential cookies (exempt from consent),CLIENT_X - Malaysia,JavaScript,blank (java),,,,,Existing CM Trackers-Not Found,,,,,
www.CLIENT_X.ro,Essential cookies (exempt from consent),CLIENT_X - Romania,HTTP Cookie,_sdsat_pgm_optin,,,,,Existing CM Trackers-Not Found,,,,,
www.CLIENT_X.ch,Essential cookies (exempt from consent),CLIENT_X - Switzerland,HTTP Cookie,_sdsat_pgm_sh_alloc,,,TRUE,https://www.CLIENT_X.lt/healthcare/about/support/resource-center/results,Existing CM Trackers-Found,,,,,
www.CLIENT_X.it,Essential cookies (exempt from consent),CLIENT_X - Italy,HTTP Cookie,ws-id,,,,,Existing CM Trackers-Not Found,,,,,
CLIENT_X.cl,Essential cookies (exempt from consent),CLIENT_X - Chile,HTTP Cookie,_scid_r,,,TRUE,https://www.CLIENT_X.lt/,Existing CM Trackers-Found,,,,,
www.shop.CLIENT_X.com.cn,Essential cookies (exempt from consent),CLIENT_X - China,JavaScript,blank (java),,bench_update_duration,,https://www.CLIENT_X.lt/c-w/pagalba/support-contact-page,New Third Party Trackers,,,,,
CLIENT_X.co.in,Essential cookies (exempt from consent),CLIENT_X - India,HTTP Cookie,s_ugv,,,,,Existing CM Trackers-Not Found,,,,,
CLIENT_X.be,Essential cookies (exempt from consent),CLIENT_X - Belgium,HTTP Cookie,_schn1,,session,,,Existing CM Trackers-Not Found,,,,,
www.lighting.CLIENT_X.co.th,Essential cookies (exempt from consent),Signify (formerly CLIENT_X Lighting),Local Storage,blank (local storage),,396,TRUE,https://www.CLIENT_X.lt/a-w/naudojimo_salygos,Existing CM Trackers-Found,,,,,
cdn.onesignal.com,Performance Cookies [Requires consent],OneSignal,ETag,-,,bench_update_duration,TRUE,https://www.CLIENT_X.lt/,Existing CM Trackers-Found,,,,,
www.lighting.CLIENT_X.de,Essential cookies (exempt from consent),Signify (formerly CLIENT_X Lighting),HTTP Cookie,AWSELBCORS,,0,,,Existing CM Trackers-Not Found,,,,,
www.CLIENT_X.hu,Essential cookies (exempt from consent),CLIENT_X - Hungary,Local Storage,blank (local storage),,bench_update_duration,,,Existing CM Trackers-Not Found,,,,,
CLIENT_X.ro,Essential cookies (exempt from consent),CLIENT_X - Romania,HTTP Cookie,TEST_AMCV_COOKIE_WRITE,,session,TRUE,https://www.CLIENT_X.lt/,Existing CM Trackers-Found,,,,,
www.CLIENT_X.fi,Essential cookies (exempt from consent),CLIENT_X - Finland,HTTP Cookie,notice_settings,,bench_update_duration,TRUE,https://www.CLIENT_X.lt/c-m-pe/plauku-salinimo-priemones/naujausi,Existing CM Trackers-Found,,,,,
cdn.speedcurve.com,Performance cookies,Speedcurve,JavaScript,_ga_failed_lookup_marker_18_708,,,,https://www.CLIENT_X.lt/,New Third Party Trackers,,,,,
www.lighting.CLIENT_X.lt,Essential cookies (exempt from consent),Signify (formerly CLIENT_X Lighting),HTTP Cookie,_ga_failed_lookup_marker_18_709,,,,,Existing CM Trackers-Not Found,,,,,
www.patientcare.shop.CLIENT_X.co.in,Essential cookies (exempt from consent),CLIENT_X - India,HTTP Cookie,RT,,,TRUE,https://www.CLIENT_X.lt/c-w/pagalba/support-contact-page,Existing CM Trackers-Found,,,,,
CLIENT_X.lt,Essential cookies (exempt from consent),CLIENT_X - Lithuania,HTTP Cookie,_ga_failed_lookup_marker_18_711,,,,,Existing CM Trackers-Not Found,,,,,
www.store-CLIENT_X.tw,Essential cookies (exempt from consent),CLIENT_X Store - Taiwan,HTTP Cookie,criteo_write_test,,,,,Existing CM Trackers-Not Found,,,,,
www.lighting.CLIENT_X.com.hk,Essential cookies (exempt from consent),CLIENT_X - Hong Kong,HTTP Cookie,AWSELB,,bench_update_duration,TRUE,https://www.CLIENT_X.lt/,Existing CM Trackers-Found,,,,,
www.shop.CLIENT_X.lt,Essential cookies (exempt from consent),CLIENT_X - Lithuania,HTTP Cookie,_ga_failed_lookup_marker_18_714,,,,,Existing CM Trackers-Not Found,,,,,
lighting.CLIENT_X.pt,Essential cookies (exempt from consent),Signify (formerly CLIENT_X Lighting),HTTP Cookie,com.adobe.alloy.getTld,,,TRUE,https://www.CLIENT_X.lt/c-p/AC3829_10,Existing CM Trackers-Found,,,,,
CLIENT_X.at,Essential cookies (exempt from consent),CLIENT_X - Austria,HTTP Cookie,s_tid,,bench_update_duration,,,Existing CM Trackers-Not Found,,,,,
www.CLIENT_X.ae,Essential cookies (exempt from consent),CLIENT_X - Middle East Arab,HTTP Cookie,p-hc-catg,,,TRUE,https://www.CLIENT_X.lt/c-e/ho/lyginimas/descale-garment-steamers,Existing CM Trackers-Found,,,,,
consent.trustarc.com,Essential cookies (exempt from consent),TrustArc,Beacon,bench_new_T2_3697,,,TRUE,https://www.CLIENT_X.lt/,Existing CM Trackers-Found,,,,,
www.CLIENT_X.com.my,Essential cookies (exempt from consent),CLIENT_X - Malaysia,HTTP Cookie,test,,bench_update_duration,,,Existing CM Trackers-Not Found,,,,,
CLIENT_X.ee,Essential cookies (exempt from consent),CLIENT_X - Republic of Estonia,HTTP Cookie,notice_behavior,,,,,Existing CM Trackers-Not Found,,,,,
maps.googleapis.com,Performance cookies [Requires consent],Google Inc.,ETag,bench_new_T2_3766,,,TRUE,https://www.CLIENT_X.lt/c-w/pagalba/service-center-locator.html,Existing CM Trackers-Found,,,,,
www.CLIENT_X.co.il,Essential cookies (exempt from consent),CLIENT_X - Israel,HTTP Cookie,kampylePageLoadedTimestamp,,bench_update_duration,TRUE,https://www.CLIENT_X.lt/c-e/benefits.html,Existing CM Trackers-Found,,,,,
CLIENT_X.com.kw,Essential cookies (exempt from consent),CLIENT_X - Kuwait,HTTP Cookie,s_gnr,,,,,Existing CM Trackers-Not Found,,,,,
www.shop.CLIENT_X.lt,Performance cookies [Requires consent],CLIENT_X - Lithuania,HTTP Cookie,bench_new_T2_3778,,,,,Existing CM Trackers-Not Found,,,,,
www.CLIENT_X.lt,Essential cookies (exempt from consent),CLIENT_X - Lithuania,HTTP Cookie,_ga_failed_lookup_marker_18_725,,365,TRUE,https://www.CLIENT_X.lt/c-e/benefits.html,Existing CM Trackers-Found,,,,,
www.respirtech.com,Essential cookies (exempt from consent),RespirTech,HTTP Cookie,kampyleUserSession,,,,,Existing CM Trackers-Not Found,,,,,
beacon.krxd.net,Targeted Advertising Cookies (including social media) [Requires consent],"Salesforce DMP (formerly Krux Digital, Inc.)",Beacon,-,,bench_update_duration,TRUE,https://www.CLIENT_X.lt/,Existing CM Trackers-Found,,,,,
pixel.rubiconproject.com,Targeted Advertising Cookies (including social media) [Requires consent],"Magnite, Inc.",Beacon,-,,,,,Existing CM Trackers-Not Found,,,,,
www.CLIENT_X.no,Essential cookies (exempt from consent),CLIENT_X - Norway,HTTP Cookie,NO_Pub-cart-com,,bench_update_duration,,,Existing CM Trackers-Not Found,,,,,
doubleclick.net,Targeted Advertising cookies (including social media) [Requires consent],Google Advertising Products,HTTP Cookie,bench_new_T2_3603,,,,,Existing CM Trackers-Not Found,,,,,
www.healthcare.shop.CLIENT_X.fr,Essential cookies (exempt from consent),CLIENT_X - France,HTTP Cookie,kampyleUserSession,,bench_update_duration,,,Existing CM Trackers-Not Found,,,,,
api.retailrocket.net,Performance Cookies [Requires consent],Retail Rocket LLC,Beacon,-,,bench_update_duration,TRUE,https://www.CLIENT_X.lt/,Existing CM Trackers-Found,,,,,
CLIENT_X.hr,Essential cookies (exempt from consent),CLIENT_X - Croatia,HTTP Cookie,_gid,,,,,Existing CM Trackers-Not Found,,,,,
CLIENT_X.com.pe,Essential cookies (exempt from consent),CLIENT_X - Peru,HTTP Cookie,_fbp,,,TRUE,https://www.CLIENT_X.lt/c-e/ho/airfryer-accessories.html,Existing CM Trackers-Found,,,,,
CLIENT_X.sk,Essential cookies (exempt from consent),CLIENT_X - Slovakia,HTTP Cookie,test,,bench_update_duration,,,Existing CM Trackers-Not Found,,,,,
CLIENT_X.com,Essential cookies (exempt from consent),Koninklijke CLIENT_X N.V.,HTTP Cookie,bench_new_T2_3640,,,,,Existing CM Trackers-Not Found,,,,,
www.CLIENT_X.lt,Essential cookies (exempt from consent),CLIENT_X - Lithuania,HTTP Cookie,_ga_failed_lookup_marker_18_737,,0,TRUE,https://www.CLIENT_X.lt/c-e/benefits.html,Existing CM Trackers-Found,,,,,
www.CLIENT_X.ch,Essential cookies (exempt from consent),CLIENT_X - Switzerland,HTTP Cookie,kampyleSessionPageCounter,,bench_update_duration,TRUE,https://www.CLIENT_X.lt/c-e/ho/lyginimas/drabuziu-garintuvai/handheld-steamer-7000-series.html,Existing CM Trackers-Found,,,,,
www.lighting.CLIENT_X.lv,Essential cookies (exempt from consent),Signify (formerly CLIENT_X Lighting),HTTP Cookie,customer_country,,bench_update_duration,,,Existing CM Trackers-Not Found,,,,,
www.CLIENT_X.pt,Essential cookies (exempt from consent),CLIENT_X - Portugal,HTTP Cookie,AWSELB,,0,TRUE,https://www.CLIENT_X.lt/c-e/ho/dulkiu-siurbliai-sluotos/dulkiu-siurblys-sluota/cordless-vc-series-8000-aqua,Existing CM Trackers-Found,,,,,
CLIENT_X.com.sg,Essential cookies (exempt from consent),CLIENT_X - Singapore,HTTP Cookie,zScalerUser,,365,TRUE,https://www.CLIENT_X.lt/c-e/benefits.html,Existing CM Trackers-Found,,,,,
CLIENT_X.nl,Essential cookies (exempt from consent),CLIENT_X - Netherlands,HTTP Cookie,_gid,,,TRUE,https://www.CLIENT_X.lt/c-w/pagalba/service-center-locator.html,Existing CM Trackers-Found,,,,,
www.assets.signify.com,Performance Cookies [Requires consent],Signify (formerly CLIENT_X Lighting),ETag,-,,90,TRUE,https://www.CLIENT_X.lt/a-w/naudojimo_salygos,Existing CM Trackers-Found,,,,,
CLIENT_X.nl,Essential cookies (exempt from consent),CLIENT_X - Netherlands,HTTP Cookie,s_campaign,,bench_update_duration,TRUE,https://www.CLIENT_X.lt/,Existing CM Trackers-Found,,,,,
CLIENT_X.ro,Essential cookies (exempt from consent),CLIENT_X - Romania,HTTP Cookie,_gcl_au,,,,,Existing CM Trackers-Not Found,,,,,
www.CLIENT_X.com.sg,Essential cookies (exempt from consent),CLIENT_X - Singapore,HTTP Cookie,_schn3,,,TRUE,https://www.CLIENT_X.lt/c-e/blog/burnos-higiena.html,Existing CM Trackers-Found,,,,,
www.lighting.CLIENT_X.sa,Essential cookies (exempt from consent),Signify (formerly CLIENT_X Lighting),ETag,blank (etag),,bench_update_duration,,,Existing CM Trackers-Not Found,,,,,
www.shop.CLIENT_X.lv,Essential cookies (exempt from consent),CLIENT_X - Latvia,HTTP Cookie,woocommerce_items_in_cart,,,,,Existing CM Trackers-Not Found,,,,,
www.CLIENT_X.es,Essential cookies (exempt from consent),CLIENT_X - Spain,HTTP Cookie,T01-recentlyViewedProducts,,bench_update_duration,TRUE,https://www.CLIENT_X.lt/,Existing CM Trackers-Found,,,,,
widget-cdn.janraincapture.com,Performance cookies [Requires consent],Akamai,JavaScript,_ga_failed_lookup_marker_18_750,,,,,Existing CM Trackers-Not Found,,,,,
ssl-static.janraincapture.com,Performance Cookies [Requires consent],Akamai,ETag,-,,bench_update_duration,TRUE,https://www.CLIENT_X.lt/healthcare/product/881120,Existing CM Trackers-Found,,,,,
www.lighting.CLIENT_X.com.pk,Essential cookies (exempt from consent),Signify (formerly CLIENT_X Lighting),HTTP Cookie,s_sid,,bench_update_duration,TRUE,https://www.CLIENT_X.lt/,Existing CM Trackers-Found,,,,,
CLIENT_X.fr,Essential cookies (exempt from consent),CLIENT_X - France,HTTP Cookie,s_eVar44,,,TRUE,https://www.CLIENT_X.lt/,Existing CM Trackers-Found,,,,,
usa.CLIENT_X.com,Essential cookies (exempt from consent),Koninklijke CLIENT_X N.V.,HTTP Cookie,_yi,,bench_update_duration,,,Existing CM Trackers-Not Found,,,,,
dpm.demdex.net,Targeted Advertising cookies (including social media) [Requires consent],"Adobe Audience Manager, Adobe Experience Cloud",HTTP Cookie,bench_new_T2_3759,,,,,Existing CM Trackers-Not Found,,,,,
www.abonnementen.CLIENT_X.nl,Essential cookies (exempt from consent),CLIENT_X - Netherlands,HTTP Cookie,fl_qualified_entry,,bench_update_duration,TRUE,https://www.CLIENT_X.lt/c-e/benefits.html,Existing CM Trackers-Found,,,,,
CLIENT_X.com.mx,Essential cookies (exempt from consent),CLIENT_X - Mexico,HTTP Cookie,s_gnr,,bench_update_duration,TRUE,https://www.CLIENT_X.lt/,Existing CM Trackers-Found,,,,,
www.lighting.CLIENT_X.com.pe,Essential cookies (exempt from consent),Signify (formerly CLIENT_X Lighting),ETag,blank (etag),,bench_update_duration,TRUE,https://www.CLIENT_X.lt/,Existing CM Trackers-Found,,,,,
www.CLIENT_X.ma,Essential cookies (exempt from consent),CLIENT_X - Morocco,HTTP Cookie,eddl_gtm_qe_session_start_6523424625,,bench_update_duration,TRUE,https://www.CLIENT_X.lt/healthcare,Existing CM Trackers-Found,,,,,
acc.usa.CLIENT_X.com,Essential cookies (exempt from consent),Koninklijke CLIENT_X N.V.,HTTP Cookie,ws-id,,bench_update_duration,TRUE,https://www.CLIENT_X.lt/,Existing CM Trackers-Found,,,,,
www.supplierinnovation.CLIENT_X.com,Essential cookies (exempt from consent),Koninklijke CLIENT_X N.V.,ETag,blank (etag),,bench_update_duration,,,Existing CM Trackers-Not Found,,,,,
static.cloud.coveo.com,Targeted Advertising cookies (including social media) [Requires consent],Coveo Solutions Inc.,ETag,_ga_failed_lookup_marker_18_762,,,TRUE,https://www.CLIENT_X.lt/healthcare/about/support/resource-center/results,Existing CM Trackers-Found,,,,,
linkedin.com,Targeted Advertising cookies (including social media) [Requires consent],LinkedIn,HTTP Cookie,bench_new_T2_3664,,180,TRUE,https://www.CLIENT_X.lt/c-e/ho/lyginimas/drabuziu-garintuvai/handheld-steamer-7000-series.html,Existing CM Trackers-Found,,,,,
cdn.attn.tv,Performance Cookies [Requires consent],"Attentive Mobile, Inc.",JavaScript,-,,bench_update_duration,TRUE,https://www.CLIENT_X.lt/,Existing CM Trackers-Found,,,,,
www.patientcare.shop.CLIENT_X.co.in,Essential cookies (exempt from consent),CLIENT_X - India,HTTP Cookie,mdLogger,,400,TRUE,https://www.CLIENT_X.lt/,Existing CM Trackers-Found,,,,,
www.store-CLIENT_X.tw,Essential cookies (exempt from consent),CLIENT_X Store - Taiwan,HTTP Cookie,gaClientId,,bench_update_duration,TRUE,https://www.CLIENT_X.lt/,Existing CM Trackers-Found,,,,,
CLIENT_X.pl,Essential cookies (exempt from consent),CLIENT_X - Poland,HTTP Cookie,_ga,,,TRUE,https://www.CLIENT_X.lt/c-f/XC000021357/kaip-kurti-ir-tvarkyti-%C5%BEem%C4%97lapius-program%C4%97l%C4%97je-%E2%80%9ECLIENT_X-homerun%E2%80%9C,Existing CM Trackers-Found,,,,,
lighting.CLIENT_X.com.tw,Essential cookies (exempt from consent),Signify (formerly CLIENT_X Lighting),HTTP Cookie,s_nr30,,,,,Existing CM Trackers-Not Found,,,,,
www.shop.CLIENT_X.lt,Performance cookies [Requires consent],CLIENT_X - Lithuania,HTTP Cookie,bench_new_T2_3618,,,,,Existing CM Trackers-Not Found,,,,,
www.CLIENT_X.se,Essential cookies (exempt from consent),CLIENT_X - Sweden,HTTP Cookie,JSESSIONID,,bench_update_duration,TRUE,https://www.CLIENT_X.lt/c-e/ho/dulkiu-siurbliai-sluotos/dulkiu-siurblys-sluota/cordless-vc-series-8000-aqua,Existing CM Trackers-Found,,,,,
CLIENT_X.es,Essential cookies (exempt from consent),CLIENT_X - Spain,HTTP Cookie,s_ugv,,400,TRUE,https://www.CLIENT_X.lt/a-w/naudojimo_salygos,Existing CM Trackers-Found,,,,,
www.healthcare.shop.CLIENT_X.it,Essential cookies (exempt from consent),CLIENT_X - Italy,HTTP Cookie,kampyleUserSession,,bench_update_duration,,,Existing CM Trackers-Not Found,,,,,
s.pinimg.com,Targeted Advertising Cookies (including social media) [Requires consent],Pinterest,JavaScript,-,,,,https://www.CLIENT_X.lt/healthcare/product/HC830233/xper-information-management-with-CLIENT_X-hemo,Existing CM Trackers-Found,,,,,
CLIENT_X.de,Essential cookies (exempt from consent),CLIENT_X - Germany,HTTP Cookie,FPLC,,bench_update_duration,,,Existing CM Trackers-Not Found,,,,,
photos-eu.bazaarvoice.com,Performance cookies [Requires consent],"Bazaarvoice, Inc.",ETag,bench_new_T2_3716,,,,,Existing CM Trackers-Not Found,,,,,
CLIENT_X.com.cn,Essential cookies (exempt from consent),CLIENT_X - China,HTTP Cookie,s_fid,,,,,Existing CM Trackers-Not Found,,,,,
www.CLIENT_X.co.jp,Essential cookies (exempt from consent),CLIENT_X Electronics Corporation Japan,HTTP Cookie,kampylePageLoadedTimestamp,,,,,Existing CM Trackers-Not Found,,,,,
px.ads.linkedin.com,Targeted Advertising Cookies (including social media) [Requires consent],LinkedIn,JavaScript,-,,,TRUE,https://www.CLIENT_X.lt/,Existing CM Trackers-Found,,,,,
www.CLIENT_X.hr,Essential cookies (exempt from consent),CLIENT_X - Croatia,HTTP Cookie,eddl_itc_list,,,,,Existing CM Trackers-Not Found,,,,,
CLIENT_X.se,Essential cookies (exempt from consent),CLIENT_X - Sweden,HTTP Cookie,_scid,,bench_update_duration,TRUE,https://www.CLIENT_X.lt/c-u/at_book_755999/SCD971SCD973NightOwl2_0onlineEU,Existing CM Trackers-Found,,,,,
CLIENT_X.com.hk,Essential cookies (exempt from consent),CLIENT_X - Hong Kong,HTTP Cookie,s_ugv,,,,,Existing CM Trackers-Not Found,,,,,
www.lighting.CLIENT_X.com.br,Essential cookies (exempt from consent),Signify (formerly CLIENT_X Lighting),Local Storage,blank (local storage),,bench_update_duration,TRUE,https://www.CLIENT_X.lt/,Existing CM Trackers-Found,,,,,
CLIENT_X.fr,Essential cookies (exempt from consent),CLIENT_X - France,HTTP Cookie,iadvize-7929-vuid,,bench_update_duration,TRUE,https://www.CLIENT_X.lt/,Existing CM Trackers-Found,,,,,
www.lighting.CLIENT_X.com.my,Essential cookies (exempt from consent),Signify (formerly CLIENT_X Lighting),HTTP Cookie,s_mc,,,,,Existing CM Trackers-Not Found,,,,,
CLIENT_X.com,Essential cookies (exempt from consent),Koninklijke CLIENT_X N.V.,HTTP Cookie,s_ugv,,bench_update_duration,,,Existing CM Trackers-Not Found,,,,,
CLIENT_X.co.za,Essential cookies (exempt from consent),CLIENT_X - South Africa,HTTP Cookie,test,,bench_update_duration,,,Existing CM Trackers-Not Found,,,,,
www.CLIENT_X.com.tr,Essential cookies (exempt from consent),CLIENT_X - Turkey,ETag,blank (etag),,bench_update_duration,TRUE,https://www.CLIENT_X.lt/,Existing CM Trackers-Found,,,,,
www.lighting.CLIENT_X.ma,Essential cookies (exempt from consent),Signify (formerly CLIENT_X Lighting),HTTP Cookie,s_int,,bench_update_duration,,,Existing CM Trackers-Not Found,,,,,
lighting.CLIENT_X.com.au,Essential cookies (exempt from consent),Signify (formerly CLIENT_X Lighting),HTTP Cookie,s_sid,,bench_update_duration,,,Existing CM Trackers-Not Found,,,,,
www.CLIENT_X.pt,Essential cookies (exempt from consent),CLIENT_X - Portugal,HTTP Cookie,eddl_gtm_qe_session_start_6523424625,,bench_update_duration,TRUE,https://www.CLIENT_X.lt/,Existing CM Trackers-Found,,,,,
CLIENT_X.lt,Essential cookies (exempt from consent),CLIENT_X - Lithuania,HTTP Cookie,bench_new_T2_3748,,0,TRUE,https://www.CLIENT_X.lt/,Existing CM Trackers-Found,,,,,
www.adsensecustomsearchads.com,Targeted Advertising Cookies (including social media) [Requires consent],Google Inc.,ETag,-,,90,TRUE,https://www.CLIENT_X.lt/,Existing CM Trackers-Found,,,,,
www.subscription.CLIENT_X.it,Essential cookies (exempt from consent),CLIENT_X - Italy,Local Storage,blank (local storage),,bench_update_duration,,https://www.CLIENT_X.lt/c-e/benefits.html,New First Party Trackers,,,,,
ct.pinterest.com,Targeted Advertising Cookies (including social media) [Requires consent],Pinterest,JavaScript,-,,bench_update_duration,,,Existing CM Trackers-Not Found,,,,,
CLIENT_X.no,Essential cookies (exempt from consent),CLIENT_X - Norway,HTTP Cookie,_gid,,bench_update_duration,,,Existing CM Trackers-Not Found,,,,,
www.accounts.CLIENT_X.ru,Essential cookies (exempt from consent),CLIENT_X - Russia,HTTP Cookie,aic_sb_c2a48310-9715-3beb-895e-000000000000,,bench_update_duration,,,Existing CM Trackers-Not Found,,,,,
www.CLIENT_X.ru,Essential cookies (exempt from consent),CLIENT_X - Russia,HTTP Cookie,kampylePageLoadedTimestamp,,bench_update_duration,TRUE,https://www.CLIENT_X.lt/,Existing CM Trackers-Found,,,,,
X.XXX-XX-XXX.salesforceliveagent.com,Targeted Advertising Cookies (including social media) [Requires consent],"salesforce.com, inc.",JavaScript,-,,bench_update_duration,TRUE,https://www.CLIENT_X.lt/c-w/pagalba/support-contact-page,Existing CM Trackers-Found,,,,,
CLIENT_X.hu,Essential cookies (exempt from consent),CLIENT_X - Hungary,HTTP Cookie,test,,bench_update_duration,TRUE,https://www.CLIENT_X.lt/a-w/naudojimo_salygos,Existing CM Trackers-Found,,,,,
www.CLIENT_X.ie,Essential cookies (exempt from consent),CLIENT_X - Ireland,HTTP Cookie,kampylePageLoadedTimestamp,,bench_update_duration,,,Existing CM Trackers-Not Found,,,,,
CLIENT_X.com.br,Essential cookies (exempt from consent),CLIENT_X - Brazil,HTTP Cookie,mboxEdgeCluster,,bench_update_duration,,,Existing CM Trackers-Not Found,,,,,
www.tomorrow.io,Performance Cookies [Requires consent],Tomorrow.io,JavaScript,-,,,TRUE,https://www.CLIENT_X.lt/c-e/ho/airfryer-accessories.html,Existing CM Trackers-Found,,,,,
www.lighting.CLIENT_X.com.sg,Essential cookies (exempt from consent),Signify (formerly CLIENT_X Lighting),HTTP Cookie,s_as,,bench_update_duration,TRUE,https://www.CLIENT_X.lt/,Existing CM Trackers-Found,,,,,
www.CLIENT_X.pt,Essential cookies (exempt from consent),CLIENT_X - Portugal,HTTP Cookie,kampyleUserPercentile,,bench_update_duration,TRUE,https://www.CLIENT_X.lt/,Existing CM Trackers-Found,,,,,
CLIENT_X.es,Essential cookies (exempt from consent),CLIENT_X - Spain,HTTP Cookie,s_cm,,396,TRUE,https://www.CLIENT_X.lt/a-w/naudojimo_salygos,Existing CM Trackers-Found,,,,,
photos-eu.bazaarvoice.com,Performance cookies [Requires consent],"Bazaarvoice, Inc.",ETag,_ga_failed_lookup_marker_18_806,,,,,Existing CM Trackers-Not Found,,,,,
CLIENT_X.co.kr,Essential cookies (exempt from consent),CLIENT_X - Korea,HTTP Cookie,_gac_UA-XXX,,bench_update_duration,TRUE,https://www.CLIENT_X.lt/c-e/blog.html,Existing CM Trackers-Found,,,,,
www.lighting.CLIENT_X.com.tr,Essential cookies (exempt from consent),Signify (formerly CLIENT_X Lighting),HTTP Cookie,AWSELB,,bench_update_duration,,,Existing CM Trackers-Not Found,,,,,
CLIENT_X.lt,Essential cookies (exempt from consent),CLIENT_X - Lithuania,HTTP Cookie,bench_new_T2_3639,,,,,Existing CM Trackers-Not Found,,,,,
CLIENT_X.cz,Essential cookies (exempt from consent),CLIENT_X - Czech Republic,HTTP Cookie,_scid,,,TRUE,https://www.CLIENT_X.lt/,Existing CM Trackers-Found,,,,,
CLIENT_X.com.mx,Essential cookies (exempt from consent),CLIENT_X - Mexico,HTTP Cookie,biggy-session-CLIENT_Xmx,,,,,Existing CM Trackers-Not Found,,,,,
www.lighting.CLIENT_X.com.pk,Essential cookies (exempt from consent),Signify (formerly CLIENT_X Lighting),ETag,blank (etag),,,TRUE,https://www.CLIENT_X.lt/a-w/naudojimo_salygos,Existing CM Trackers-Found,,,,,
tracking.krip.cl,Performance Cookies [Requires consent],Krip,ETag,-,,,,,Existing CM Trackers-Not Found,,,,,
CLIENT_X.co.th,Essential cookies (exempt from consent),CLIENT_X - Thailand,HTTP Cookie,_ga,,,TRUE,https://www.CLIENT_X.lt/,Existing CM Trackers-Found,,,,,
www.CLIENT_X.co.nz,Essential cookies (exempt from consent),CLIENT_X - New Zealand,HTTP Cookie,CLIENT_X,,,TRUE,https://www.CLIENT_X.lt/,Existing CM Trackers-Found,,,,,
www.tienda.CLIENT_X.com.ar,Essential cookies (exempt from consent),CLIENT_X - Argentina,HTTP Cookie,VtexWorkspace,,89,,,Existing CM Trackers-Not Found,,,,,
www.CLIENT_X.hu,Essential cookies (exempt from consent),CLIENT_X - Hungary,HTTP Cookie,_sdsat_pgm_optin,,,,,Existing CM Trackers-Not Found,,,,,
CLIENT_X.com.gh,Essential cookies (exempt from consent),CLIENT_X - Ghana,HTTP Cookie,com.adobe.alloy.getTld,,0,TRUE,https://www.CLIENT_X.lt/,Existing CM Trackers-Found,,,,,
consent-pref.trustarc.com,Essential cookies (exempt from consent),TrustArc,JavaScript,_ga_failed_lookup_marker_18_819,,,,,Existing CM Trackers-Not Found,,,,,
www.CLIENT_X.rs,Essential cookies (exempt from consent),CLIENT_X - Serbia,HTTP Cookie,kampylePageLoadedTimestamp,,,,,Existing CM Trackers-Not Found,,,,,
www.lighting.CLIENT_X.cz,Essential cookies (exempt from consent),Signify (formerly CLIENT_X Lighting),HTTP Cookie,d01-layout,,bench_update_duration,TRUE,https://www.CLIENT_X.lt/c-e/blog.html,Existing CM Trackers-Found,,,,,
www.recaptcha.net,Performance Cookies [Requires consent],Google Inc.,JavaScript,-,,bench_update_duration,,https://www.CLIENT_X.lt/,New First Party Trackers,,,,,
www.lighting.CLIENT_X.co.il,Essential cookies (exempt from consent),Signify (formerly CLIENT_X Lighting),HTTP Cookie,ltc_cf,,bench_update_duration,,,Existing CM Trackers-Not Found,,,,,
www.abonnementen.CLIENT_X.nl,Essential cookies (exempt from consent),CLIENT_X - Netherlands,Local Storage,blank (local storage),,bench_update_duration,TRUE,https://www.CLIENT_X.lt/,Existing CM Trackers-Found,,,,,
CLIENT_X.fi,Essential cookies (exempt from consent),CLIENT_X - Finland,HTTP Cookie,at_check,,,,,Existing CM Trackers-Not Found,,,,,
www.respirtech.com,Essential cookies (exempt from consent),RespirTech,HTTP Cookie,__attentive_cco,,bench_update_duration,,,Existing CM Trackers-Not Found,,,,,
td.yieldify.com,Targeted Advertising Cookies (including social media) [Requires consent],Yieldify,ETag,-,,,TRUE,https://www.CLIENT_X.lt/c-w/pagalba/support-contact-page,Existing CM Trackers-Found,,,,,
maps.googleapis.com,Performance cookies [Requires consent],Google Inc.,JavaScript,bench_new_T2_3689,,,TRUE,https://www.CLIENT_X.lt/c-w/pagalba/service-center-locator.html,Existing CM Trackers-Found,,,,,
CLIENT_X.lt,Essential cookies (exempt from consent),CLIENT_X - Lithuania,HTTP Cookie,_ga_failed_lookup_marker_18_829,,,,,Existing CM Trackers-Not Found,,,,,
CLIENT_X.bg,Essential cookies (exempt from consent),CLIENT_X - Bulgaria,HTTP Cookie,li_cm_prefs_session,,bench_update_duration,,,Existing CM Trackers-Not Found,,,,,
CLIENT_X.com.tw,Essential cookies (exempt from consent),CLIENT_X - Taiwan,HTTP Cookie,s_nrpv,,0,TRUE,https://www.CLIENT_X.lt/,Existing CM Trackers-Found,,,,,
www.CLIENT_X.bg,Essential cookies (exempt from consent),CLIENT_X - Bulgaria,Beacon,blank (beacon),,729,TRUE,https://www.CLIENT_X.lt/c-e/ho/oro-valytuvas-ir-oro-drekintuvas/air-matters-aplikacija.html,Existing CM Trackers-Found,,,,,
www.shop.CLIENT_X.lt,Performance cookies [Requires consent],CLIENT_X - Lithuania,HTTP Cookie,_ga_failed_lookup_marker_18_833,,,,,Existing CM Trackers-Not Found,,,,,
www.CLIENT_X.com.sg,Essential cookies (exempt from consent),CLIENT_X - Singapore,HTTP Cookie,_sdsat_pgm_sh_alloc,,bench_update_duration,TRUE,https://www.CLIENT_X.lt/c-u/at_book_755999/SCD971SCD973NightOwl2_0onlineEU,Existing CM Trackers-Found,,,,,
www.lighting.CLIENT_X.hr,Essential cookies (exempt from consent),Signify (formerly CLIENT_X Lighting),JavaScript,blank (java),,bench_update_duration,TRUE,https://www.CLIENT_X.lt/c-e/benefits.html,Existing CM Trackers-Found,,,,,
www.lighting.CLIENT_X.lt,Essential cookies (exempt from consent),Signify (formerly CLIENT_X Lighting),HTTP Cookie,bench_new_T2_3774,,,,,Existing CM Trackers-Not Found,,,,,
CLIENT_X.gr,Essential cookies (exempt from consent),CLIENT_X - Greece,HTTP Cookie,_scid_r,,bench_update_duration,,,Existing CM Trackers-Not Found,,,,,
www.dictation.CLIENT_X.com,Essential cookies (exempt from consent),Koninklijke CLIENT_X N.V.,Local Storage,blank (local storage),,,,,Existing CM Trackers-Not Found,,,,,
www.CLIENT_X.es,Essential cookies (exempt from consent),CLIENT_X - Spain,HTTP Cookie,kampyle_userid,,390,TRUE,https://www.CLIENT_X.lt/c-e/ho/lyginimas/drabuziu-garintuvai/handheld-steamer-7000-series.html,Existing CM Trackers-Found,,,,,
hearingsolutions.CLIENT_X.com.cn,Essential cookies (exempt from consent),CLIENT_X - China,HTTP Cookie,Hm_lpvt_4f744fef8de2c9d00b16edc990b0d7e1,,bench_update_duration,TRUE,https://www.CLIENT_X.lt/c-w/pagalba/support-contact-page,Existing CM Trackers-Found,,,,,
www.lighting.CLIENT_X.lt,Essential cookies (exempt from consent),Signify (formerly CLIENT_X Lighting),HTTP Cookie,bench_new_T2_3607,,,,,Existing CM Trackers-Not Found,,,,,
www.supurgesepeti.com,Essential cookies (exempt from consent),Supurgesepeti.com,HTTP Cookie,TcmxSID,,,TRUE,https://www.CLIENT_X.lt/c-w/pagalba/support-contact-page,Existing CM Trackers-Found,,,,,
acc.CLIENT_X.ro,Essential cookies (exempt from consent),CLIENT_X - Romania,JavaScript,blank (java),,bench_update_duration,,,Existing CM Trackers-Not Found,,,,,
lighting.CLIENT_X.co.za,Essential cookies (exempt from consent),Signify (formerly CLIENT_X Lighting),HTTP Cookie,aam_uuid,,bench_update_duration,,,Existing CM Trackers-Not Found,,,,,
tags.creativecdn.com,Targeted Advertising Cookies (including social media) [Requires consent],RTB House S.A.,ETag,-,,bench_update_duration,,,Existing CM Trackers-Not Found,,,,,
CLIENT_X.com,Essential cookies (exempt from consent),Koninklijke CLIENT_X N.V.,HTTP Cookie,test,,,,,Existing CM Trackers-Not Found,,,,,
www.shop.CLIENT_X.lt,Essential cookies (exempt from consent),CLIENT_X - Lithuania,HTTP Cookie,bench_new_T2_3765,,,,,Existing CM Trackers-Not Found,,,,,
485-ikz-407.mktoweb.com,Targeted Advertising Cookies (including social media) [Requires consent],Marketo,JavaScript,-,,,,,Existing CM Trackers-Not Found,,,,,
maps.googleapis.com,Performance cookies [Requires consent],Google Inc.,ETag,bench_new_T2_3663,,,TRUE,https://www.CLIENT_X.lt/c-w/pagalba/service-center-locator.html,Existing CM Trackers-Found,,,,,
CLIENT_X.com.kw,Essential cookies (exempt from consent),CLIENT_X - Kuwait,HTTP Cookie,s_nrpv,,393,TRUE,https://www.CLIENT_X.lt/,Existing CM Trackers-Found,,,,,
CLIENT_X.com.sg,Essential cookies (exempt from consent),CLIENT_X - Singapore,HTTP Cookie,_scid,,,TRUE,https://www.CLIENT_X.lt/c-w/pagalba/support-contact-page,Existing CM Trackers-Found,,,,,
lighting.CLIENT_X.co.in,Essential cookies (exempt from consent),Signify (formerly CLIENT_X Lighting),HTTP Cookie,s_ppvl,,bench_update_duration,,,Existing CM Trackers-Not Found,,,,,
CLIENT_X.com.tr,Essential cookies (exempt from consent),CLIENT_X - Turkey,HTTP Cookie,com.adobe.alloy.getTld,,0,TRUE,https://www.CLIENT_X.lt/,Existing CM Trackers-Found,,,,,
CLIENT_X.hu,Essential cookies (exempt from consent),CLIENT_X - Hungary,HTTP Cookie,internalUserCheck,,bench_update_duration,TRUE,https://www.CLIENT_X.lt/c-w/pagalba/support-contact-page,Existing CM Trackers-Found,,,,,
img.en25.com,Targeted Advertising cookies (including social media) [Requires consent],Oracle Marketing,JavaScript,_ga_failed_lookup_marker_18_855,,,TRUE,https://www.CLIENT_X.lt/healthcare,Existing CM Trackers-Found,,,,,
CLIENT_X.co.ke,Essential cookies (exempt from consent),CLIENT_X - Kenya,HTTP Cookie,s_ugv,,bench_update_duration,,,Existing CM Trackers-Not Found,,,,,
maps.googleapis.com,Performance Cookies [Requires consent],Google Inc.,JavaScript,-,,bench_update_duration,TRUE,https://www.CLIENT_X.lt/c-e/benefits.html,Existing CM Trackers-Found,,,,,
tr.snapchat.com,Targeted Advertising cookies (including social media) [Requires consent],Snap Inc.,Beacon,bench_new_T2_3756,,,TRUE,https://www.CLIENT_X.lt/c-e/ho/airfryer-accessories.html,Existing CM Trackers-Found,,,,,
www.CLIENT_X.ng,Essential cookies (exempt from consent),CLIENT_X - Nigeria,Beacon,blank (beacon),,bench_update_duration,,https://www.CLIENT_X.lt/c-f/XC000003591/kokius-patiekalus-galima-gaminti-%E2%80%9ECLIENT_X-airfryer%E2%80%9C,New Third Party Trackers,,,,,
CLIENT_X.co.nz,Essential cookies (exempt from consent),CLIENT_X - New Zealand,HTTP Cookie,s_cm,,bench_update_duration,TRUE,https://www.CLIENT_X.lt/c-e/ho/airfryer-accessories.html,Existing CM Trackers-Found,,,,,
www.lighting.CLIENT_X.pl,Essential cookies (exempt from consent),Signify (formerly CLIENT_X Lighting),HTTP Cookie,remember_customer_type,,bench_update_duration,TRUE,https://www.CLIENT_X.lt/healthcare,Existing CM Trackers-Found,,,,,
CLIENT_X.bg,Essential cookies (exempt from consent),CLIENT_X - Bulgaria,HTTP Cookie,FPLC,,729,,,Existing CM Trackers-Not Found,,,,,
www.CLIENT_X.hr,Essential cookies (exempt from consent),CLIENT_X - Croatia,JavaScript,blank (java),,bench_update_duration,TRUE,https://www.CLIENT_X.lt/c-e/ho/lyginimas/drabuziu-garintuvai/handheld-steamer-7000-series.html,Existing CM Trackers-Found,,,,,
www.CLIENT_X.nl,Essential cookies (exempt from consent),CLIENT_X - Netherlands,HTTP Cookie,kampyleSessionPageCounter,,bench_update_duration,TRUE,https://www.CLIENT_X.lt/,Existing CM Trackers-Found,,,,,
www.lighting.CLIENT_X.es,Essential cookies (exempt from consent),Signify (formerly CLIENT_X Lighting),Local Storage,blank (local storage),,bench_update_duration,TRUE,https://www.CLIENT_X.lt/a-w/naudojimo_salygos,Existing CM Trackers-Found,,,,,
www.lighting.CLIENT_X.co.kr,Essential cookies (exempt from consent),Signify (formerly CLIENT_X Lighting),HTTP Cookie,s_as,,bench_update_duration,TRUE,https://www.CLIENT_X.lt/,Existing CM Trackers-Found,,,,,
CLIENT_X.ma,Essential cookies (exempt from consent),CLIENT_X - Morocco,HTTP Cookie,s_cm,,bench_update_duration,TRUE,https://www.CLIENT_X.lt/c-e/benefits.html,Existing CM Trackers-Found,,,,,
acc.usa.CLIENT_X.com,Essential cookies (exempt from consent),Koninklijke CLIENT_X N.V.,HTTP Cookie,__attentive_cco,,,TRUE,https://www.CLIENT_X.lt/c-e/ho/airfryer-accessories.html,Existing CM Trackers-Found,,,,,
CLIENT_X.fr,Essential cookies (exempt from consent),CLIENT_X - France,HTTP Cookie,s_gnr,,,,,Existing CM Trackers-Not Found,,,,,
CLIENT_X.it,Essential cookies (exempt from consent),CLIENT_X - Italy,HTTP Cookie,internalUserCheck,,bench_update_duration,,,Existing CM Trackers-Not Found,,,,,
tracker-detail-page.trustarc.com,Essential cookies,TrustArc,ETag,_ga_failed_lookup_marker_18_871,,,,https://www.CLIENT_X.lt/a-w/slapuku-politika,New Third Party Trackers,,,,,
www.CLIENT_X.co.za,Essential cookies (exempt from consent),CLIENT_X - South Africa,HTTP Cookie,T01-recentlyViewedProducts,,bench_update_duration,,,Existing CM Trackers-Not Found,,,,,
static.cloud.coveo.com,Targeted Advertising cookies (including social media) [Requires consent],Coveo Solutions Inc.,ETag,bench_new_T2_3623,,,TRUE,https://www.CLIENT_X.lt/healthcare/about/support/resource-center/results,Existing CM Trackers-Found,,,,,
www.CLIENT_X.ie,Essential cookies (exempt from consent),CLIENT_X - Ireland,HTTP Cookie,kampyleSessionPageCounter,,bench_update_duration,TRUE,https://www.CLIENT_X.lt/a-w/naudojimo_salygos,Existing CM Trackers-Found,,,,,
www.usa.CLIENT_X.com,Essential cookies (exempt from consent),Koninklijke CLIENT_X N.V.,HTTP Cookie,user_country,,,,,Existing CM Trackers-Not Found,,,,,
CLIENT_X.ma,Essential cookies (exempt from consent),CLIENT_X - Morocco,HTTP Cookie,_schn1,,390,TRUE,https://www.CLIENT_X.lt/c-e/ho/lyginimas/drabuziu-garintuvai/handheld-steamer-7000-series.html,Existing CM Trackers-Found,,,,,
lighting.CLIENT_X.lt,Performance cookies [Requires consent],Signify (formerly CLIENT_X Lighting),HTTP Cookie,_ga_failed_lookup_marker_18_877,,,,,Existing CM Trackers-Not Found,,,,,
respirtech.com,Essential cookies (exempt from consent),RespirTech,HTTP Cookie,_ttp,,bench_update_duration,,,Existing CM Trackers-Not Found,,,,,
CLIENT_X.lt,Essential cookies (exempt from consent),CLIENT_X - Lithuania,HTTP Cookie,_ga_failed_lookup_marker_18_879,,,,,Existing CM Trackers-Not Found,,,,,
www.CLIENT_X.ng,Essential cookies (exempt from consent),CLIENT_X - Nigeria,JavaScript,blank (java),,,,,Existing CM Trackers-Not Found,,,,,
www.usa.CLIENT_X.com,Essential cookies (exempt from consent),Koninklijke CLIENT_X N.V.,HTTP Cookie,RT,,,,,Existing CM Trackers-Not Found,,,,,
CLIENT_X.com.br,Essential cookies (exempt from consent),CLIENT_X - Brazil,HTTP Cookie,FPLC,,,,,Existing CM Trackers-Not Found,,,,,
tracker-detail-page.trustarc.com,Essential cookies,TrustArc,ETag,bench_new_T2_3799,,,,https://www.CLIENT_X.lt/a-w/slapuku-politika,New Third Party Trackers,,,,,
www.lighting.CLIENT_X.ng,Essential cookies (exempt from consent),Signify (formerly CLIENT_X Lighting),HTTP Cookie,AWSELB,,bench_update_duration,TRUE,https://www.CLIENT_X.lt/,Existing CM Trackers-Found,,,,,
static-web.cdn.91app.com,Performance Cookies [Requires consent],91App,ETag,-,,bench_update_duration,,,Existing CM Trackers-Not Found,,,,,
acc.usa.CLIENT_X.com,Essential cookies (exempt from consent),Koninklijke CLIENT_X N.V.,HTTP Cookie,__attentive_id,,,TRUE,https://www.CLIENT_X.lt/c-e/blog.html,Existing CM Trackers-Found,,,,,
www.shop.CLIENT_X.lt,Performance cookies [Requires consent],CLIENT_X - Lithuania,HTTP Cookie,bench_new_T2_3722,,,,,Existing CM Trackers-Not Found,,,,,
www.CLIENT_X.com.qa,Essential cookies (exempt from consent),CLIENT_X - Qatar,Local Storage,blank (local storage),,,,,Existing CM Trackers-Not Found,,,,,
www.patientcare.shop.CLIENT_X.co.in,Essential cookies (exempt from consent),CLIENT_X - India,HTTP Cookie,ROUTE,,bench_update_duration,,,Existing CM Trackers-Not Found,,,,,
www.CLIENT_X.dk,Essential cookies (exempt from consent),CLIENT_X - Denmark,HTTP Cookie,p-hc-specialty,,,TRUE,https://www.CLIENT_X.lt/healthcare,Existing CM Trackers-Found,,,,,
CLIENT_X.cl,Essential cookies (exempt from consent),CLIENT_X - Chile,HTTP Cookie,TAsessionID,,,,,Existing CM Trackers-Not Found,,,,,
www.CLIENT_X.gr,Essential cookies (exempt from consent),CLIENT_X - Greece,ETag,blank (etag),,bench_update_duration,TRUE,https://www.CLIENT_X.lt/c-e/blog.html,Existing CM Trackers-Found,,,,,
CLIENT_X.dk,Essential cookies (exempt from consent),CLIENT_X - Denmark,HTTP Cookie,_yi,,bench_update_duration,,,Existing CM Trackers-Not Found,,,,,
munchkin.marketo.net,Targeted Advertising cookies (including social media) [Requires consent],Marketo,ETag,bench_new_T2_3691,,,,,Existing CM Trackers-Not Found,,,,,
CLIENT_X.se,Essential cookies (exempt from consent),CLIENT_X - Sweden,HTTP Cookie,s_nrpv,,,TRUE,https://www.CLIENT_X.lt/healthcare,Existing CM Trackers-Found,,,,,
CLIENT_X.ma,Essential cookies (exempt from consent),CLIENT_X - Morocco,HTTP Cookie,_scid,,,,,Existing CM Trackers-Not Found,,,,,
www.CLIENT_X.com.sg,Essential cookies (exempt from consent),CLIENT_X - Singapore,HTTP Cookie,ws-active-shop,,,TRUE,https://www.CLIENT_X.lt/c-e/ho/oro-valytuvas-ir-oro-drekintuvas/air-matters-aplikacija.html,Existing CM Trackers-Found,,,,,
www.CLIENT_X.sa,Essential cookies (exempt from consent),CLIENT_X - Kingdom of Saudi Arabia,HTTP Cookie,user_country,,0,TRUE,https://www.CLIENT_X.lt/c-e/benefits.html,Existing CM Trackers-Found,,,,,
igt-interactive-tour.com,Essential cookies (exempt from consent),Koninklijke CLIENT_X N.V.,HTTP Cookie,s_nrpv,,,TRUE,https://www.CLIENT_X.lt/c-e/ho/airfryer-accessories.html,Existing CM Trackers-Found,,,,,
lighting.CLIENT_X.pl,Essential cookies (exempt from consent),Signify (formerly CLIENT_X Lighting),HTTP Cookie,com.adobe.alloy.getTld,,0,TRUE,https://www.CLIENT_X.lt/,Existing CM Trackers-Found,,,,,
cdnjs.cloudflare.com,Performance cookies [Requires consent],Cloudflare,ETag,bench_new_T2_3745,,,,,Existing CM Trackers-Not Found,,,,,
consent.truste.com,Essential cookies (exempt from consent),TrustArc,JavaScript,_ga_failed_lookup_marker_18_902,,,,,Existing CM Trackers-Not Found,,,,,
lighting.CLIENT_X.nl,Essential cookies (exempt from consent),Signify (formerly CLIENT_X Lighting),HTTP Cookie,com.adobe.alloy.getTld,,,,https://www.CLIENT_X.lt/c-f/XC000021443/mano-%E2%80%9ECLIENT_X%E2%80%9C-bok%C5%A1tinis-ventiliatorius-vibruodamas-skleid%C5%BEia-ne%C4%AFprast%C4%85-triuk%C5%A1m%C4%85,New Third Party Trackers,,,,,
www.supurgesepeti.com,Essential cookies (exempt from consent),Supurgesepeti.com,HTTP Cookie,ticimax_PopupSettings,,bench_update_duration,TRUE,https://www.CLIENT_X.lt/c-e/benefits.html,Existing CM Trackers-Found,,,,,
CLIENT_X.lt,Essential cookies (exempt from consent),CLIENT_X - Lithuania,HTTP Cookie,_ga_failed_lookup_marker_18_905,,0,TRUE,https://www.CLIENT_X.lt/,Existing CM Trackers-Found,,,,,
CLIENT_X.com.pe,Essential cookies (exempt from consent),CLIENT_X - Peru,HTTP Cookie,s_cm_direct,,,,https://www.CLIENT_X.lt/c-w/pagalba/support-contact-page,New Third Party Trackers,,,,,
CLIENT_X.lt,Essential cookies (exempt from consent),CLIENT_X - Lithuania,HTTP Cookie,_ga_failed_lookup_marker_18_907,,0,TRUE,https://www.CLIENT_X.lt/,Existing CM Trackers-Found,,,,,
www.gstatic.com,Performance cookies [Requires consent],Google Inc.,JavaScript,bench_new_T2_3659,,,TRUE,https://www.CLIENT_X.lt/c-e/blog.html,Existing CM Trackers-Found,,,,,
cdn.mouseflow.com,Performance Cookies [Requires consent],Mouseflow,JavaScript,-,,400,,https://www.CLIENT_X.lt/,New First Party Trackers,,,,,
www.subscription.CLIENT_X.se,Essential cookies (exempt from consent),CLIENT_X - Sweden,HTTP Cookie,ARRAffinitySameSite,,bench_update_duration,TRUE,https://www.CLIENT_X.lt/healthcare,Existing CM Trackers-Found,,,,,
www.CLIENT_X.sa,Essential cookies (exempt from consent),CLIENT_X - Kingdom of Saudi Arabia,HTTP Cookie,kampyleUserSessionsCount,,365,TRUE,https://www.CLIENT_X.lt/a-w/naudojimo_salygos,Existing CM Trackers-Found,,,,,
loja.CLIENT_X.com.br,Essential cookies (exempt from consent),CLIENT_X - Brazil,HTTP Cookie,_gid,,bench_update_duration,TRUE,https://www.CLIENT_X.lt/,Existing CM Trackers-Found,,,,,
CLIENT_X.lv,Essential cookies (exempt from consent),CLIENT_X - Latvia,HTTP Cookie,_fbp,,90,,https://www.CLIENT_X.lt/,New First Party Trackers,,,,,
www.CLIENT_X.ae,Essential cookies (exempt from consent),CLIENT_X - Middle East Arab,HTTP Cookie,kampyle_userid,,bench_update_duration,,,Existing CM Trackers-Not Found,,,,,
media.flixfacts.com,Performance cookies [Requires consent],Flixmedia,ETag,_ga_failed_lookup_marker_18_915,,,,,Existing CM Trackers-Not Found,,,,,
CLIENT_X.it,Essential cookies (exempt from consent),CLIENT_X - Italy,HTTP Cookie,s_pv,,bench_update_duration,TRUE,https://www.CLIENT_X.lt/,Existing CM Trackers-Found,,,,,
www.CLIENT_X.pl,Essential cookies (exempt from consent),CLIENT_X - Poland,HTTP Cookie,fl_qualified_entry,,,,,Existing CM Trackers-Not Found,,,,,
lighting.CLIENT_X.co.jp,Essential cookies (exempt from consent),Signify (formerly CLIENT_X Lighting),HTTP Cookie,s_ppvl,,bench_update_duration,,,Existing CM Trackers-Not Found,,,,,
onesignal.com,Targeted Advertising Cookies (including social media) [Requires consent],OneSignal,ETag,-,,bench_update_duration,,https://www.CLIENT_X.lt/a-w/slapuku-politika,New Third Party Trackers,,,,,
www.CLIENT_X.com.tr,Essential cookies (exempt from consent),CLIENT_X - Turkey,HTTP Cookie,ROUTE,,,TRUE,https://www.CLIENT_X.lt/,Existing CM Trackers-Found,,,,,
www.CLIENT_X.be,Essential cookies (exempt from consent),CLIENT_X - Belgium,HTTP Cookie,BE_Pub-cart-com,,0,,https://www.CLIENT_X.lt/c-f/XC000021443/mano-%E2%80%9ECLIENT_X%E2%80%9C-bok%C5%A1tinis-ventiliatorius-vibruodamas-skleid%C5%BEia-ne%C4%AFprast%C4%85-triuk%C5%A1m%C4%85,New Third Party Trackers,,,,,
igt-interactive-tour.com,Essential cookies (exempt from consent),Koninklijke CLIENT_X N.V.,HTTP Cookie,s_cc,,,,,Existing CM Trackers-Not Found,,,,,
www.CLIENT_X.co.ke,Essential cookies (exempt from consent),CLIENT_X - Kenya,HTTP Cookie,kampyleUserPercentile,,bench_update_duration,TRUE,https://www.CLIENT_X.lt/,Existing CM Trackers-Found,,,,,
CLIENT_X.de,Essential cookies (exempt from consent),CLIENT_X - Germany,HTTP Cookie,test,,bench_update_duration,,https://www.CLIENT_X.lt/healthcare/about/support/resource-center/results,New Third Party Trackers,,,,,
connect.facebook.net,Targeted Advertising cookies (including social media) [Requires consent],Meta (formerly Facebook),JavaScript,bench_new_T2_3736,,,TRUE,https://www.CLIENT_X.lt/,Existing CM Trackers-Found,,,,,
cm.mgid.com,Targeted Advertising Cookies (including social media) [Requires consent],MGID Inc.,Beacon,-,,365,TRUE,https://www.CLIENT_X.lt/a-w/naudojimo_salygos,Existing CM Trackers-Found,,,,,
www.CLIENT_X.sa,Essential cookies (exempt from consent),CLIENT_X - Kingdom of Saudi Arabia,Local Storage,blank (local storage),,,TRUE,https://www.CLIENT_X.lt/,Existing CM Trackers-Found,,,,,
lighting.CLIENT_X.com.sg,Essential cookies (exempt from consent),Signify (formerly CLIENT_X Lighting),HTTP Cookie,s_vs,,bench_update_duration,TRUE,https://www.CLIENT_X.lt/c-e/benefits.html,Existing CM Trackers-Found,,,,,
www.lighting.CLIENT_X.ee,Essential cookies (exempt from consent),Signify (formerly CLIENT_X Lighting),Beacon,blank (beacon),,bench_update_duration,TRUE,https://www.CLIENT_X.lt/,Existing CM Trackers-Found,,,,,
www.lighting.CLIENT_X.hu,Essential cookies (exempt from consent),CLIENT_X - Hungary,ETag,blank (etag),,bench_update_duration,,,Existing CM Trackers-Not Found,,,,,
CLIENT_X.com.gh,Essential cookies (exempt from consent),CLIENT_X - Ghana,HTTP Cookie,coveo_visitorId,,bench_update_duration,TRUE,https://www.CLIENT_X.lt/,Existing CM Trackers-Found,,,,,
CLIENT_X.ua,Essential cookies (exempt from consent),CLIENT_X - Ukraine,HTTP Cookie,test,,,,,Existing CM Trackers-Not Found,,,,,
CLIENT_X.lv,Essential cookies (exempt from consent),CLIENT_X - Latvia,HTTP Cookie,s_nrpv,,bench_update_duration,,,Existing CM Trackers-Not Found,,,,,
www.CLIENT_X.ma,Essential cookies (exempt from consent),CLIENT_X - Morocco,HTTP Cookie,_sdsat_pgm_optin,,bench_update_duration,TRUE,https://www.CLIENT_X.lt/,Existing CM Trackers-Found,,,,,
www.lighting.CLIENT_X.ee,Essential cookies (exempt from consent),Signify (formerly CLIENT_X Lighting),HTTP Cookie,d01-layout,,bench_update_duration,,https://www.CLIENT_X.lt/,New First Party Trackers,,,,,
CLIENT_X.se,Essential cookies (exempt from consent),CLIENT_X - Sweden,HTTP Cookie,_schn1,,,TRUE,https://www.CLIENT_X.lt/c-w/pagalba/service-center-locator.html,Existing CM Trackers-Found,,,,,
network-eu-a.bazaarvoice.com,Targeted Advertising cookies (including social media) [Requires consent],"Bazaarvoice, Inc.",Beacon,_ga_failed_lookup_marker_18_937,,,,,Existing CM Trackers-Not Found,,,,,
www.service.CLIENT_X.ru,Essential cookies (exempt from consent),CLIENT_X - Russia,JavaScript,blank (java),,0,TRUE,https://www.CLIENT_X.lt/,Existing CM Trackers-Found,,,,,
datamilk.app,Targeted Advertising Cookies (including social media) [Requires consent],DataMilk,ETag,-,,bench_update_duration,TRUE,https://www.CLIENT_X.lt/c-e/ho/lyginimas/drabuziu-garintuvai/handheld-steamer-7000-series.html,Existing CM Trackers-Found,,,,,
www.CLIENT_X.co.uk,Essential cookies (exempt from consent),CLIENT_X - United Kingdom,HTTP Cookie,UK_Pub-cartstatus-com,,bench_update_duration,,,Existing CM Trackers-Not Found,,,,,
CLIENT_X.co.uk,Essential cookies (exempt from consent),CLIENT_X - United Kingdom,HTTP Cookie,_scid,,,TRUE,https://www.CLIENT_X.lt/,Existing CM Trackers-Found,,,,,
tiktok.com,Targeted Advertising cookies (including social media) [Requires consent],TikTok,HTTP Cookie,_ga_failed_lookup_marker_18_942,,90,TRUE,https://www.CLIENT_X.lt/,Existing CM Trackers-Found,,,,,
CLIENT_X.de,Essential cookies (exempt from consent),CLIENT_X - Germany,HTTP Cookie,s_pv,,bench_update_duration,TRUE,https://www.CLIENT_X.lt/a-w/naudojimo_salygos,Existing CM Trackers-Found,,,,,
shopper.shop.pe,Targeted Advertising Cookies (including social media) [Requires consent],SafeOpt (Formerly Shop.pe),JavaScript,-,,bench_update_duration,TRUE,https://www.CLIENT_X.lt/,Existing CM Trackers-Found,,,,,
www.lighting.CLIENT_X.ru,Essential cookies (exempt from consent),Signify (formerly CLIENT_X Lighting),HTTP Cookie,AWSELB,,0,,,Existing CM Trackers-Not Found,,,,,
CLIENT_X.lt,Essential cookies (exempt from consent),CLIENT_X - Lithuania,HTTP Cookie,_ga_failed_lookup_marker_18_946,,,,,Existing CM Trackers-Not Found,,,,,
www.CLIENT_X.dk,Essential cookies (exempt from consent),CLIENT_X - Denmark,HTTP Cookie,kampyle_userid,,,,,Existing CM Trackers-Not Found,,,,,
www.lighting.CLIENT_X.com.pk,Essential cookies (exempt from consent),Signify (formerly CLIENT_X Lighting),HTTP Cookie,AWSELB,,bench_update_duration,,,Existing CM Trackers-Not Found,,,,,
acdn-digitaltrans-01-p.azureedge.net,Targeted Advertising cookies (including social media) [Requires consent],Microsoft,JavaScript,bench_new_T2_3692,,,,,Existing CM Trackers-Not Found,,,,,
assets.adobedtm.com,Performance cookies [Requires consent],Adobe Inc.,JavaScript,_ga_failed_lookup_marker_18_950,,,,,Existing CM Trackers-Not Found,,,,,
doubleclick.net,Targeted Advertising cookies (including social media) [Requires consent],Google Advertising Products,HTTP Cookie,_ga_failed_lookup_marker_18_951,,390,TRUE,https://www.CLIENT_X.lt/,Existing CM Trackers-Found,,,,,
www.CLIENT_X.com.tr,Essential cookies (exempt from consent),CLIENT_X - Turkey,HTTP Cookie,_sdsat_pgm_optin,,bench_update_duration,TRUE,https://www.CLIENT_X.lt/c-w/pagalba/support-contact-page,Existing CM Trackers-Found,,,,,
CLIENT_X.sk,Essential cookies (exempt from consent),CLIENT_X - Slovakia,HTTP Cookie,TAsessionID,,,TRUE,https://www.CLIENT_X.lt/healthcare/clinical-solutions/early-warning-scoring,Existing CM Trackers-Found,,,,,
www.CLIENT_X.no,Essential cookies (exempt from consent),CLIENT_X - Norway,HTTP Cookie,kampyleSessionPageCounter,,,TRUE,https://www.CLIENT_X.lt/c-p/AC3829_10,Existing CM Trackers-Found,,,,,
www.lighting.CLIENT_X.at,Essential cookies (exempt from consent),Signify (formerly CLIENT_X Lighting),JavaScript,blank (java),,bench_update_duration,,,Existing CM Trackers-Not Found,,,,,
cdn.jsdelivr.net,Performance cookies [Requires consent],Volentio JSD Limited,ETag,_ga_failed_lookup_marker_18_956,,,,,Existing CM Trackers-Not Found,,,,,
tracker-detail-page.trustarc.com,Essential cookies,TrustArc,JavaScript,bench_new_T2_3674,,,,https://www.CLIENT_X.lt/a-w/slapuku-politika,New Third Party Trackers,,,,,
www.lighting.CLIENT_X.co.in,Essential cookies (exempt from consent),Signify (formerly CLIENT_X Lighting),HTTP Cookie,customer_language_accept,,bench_update_duration,TRUE,https://www.CLIENT_X.lt/,Existing CM Trackers-Found,,,,,
CLIENT_X.ro,Essential cookies (exempt from consent),CLIENT_X - Romania,HTTP Cookie,s_cm_direct,,bench_update_duration,TRUE,https://www.CLIENT_X.lt/,Existing CM Trackers-Found,,,,,
CLIENT_X.sa,Essential cookies (exempt from consent),CLIENT_X - Kingdom of Saudi Arabia,HTTP Cookie,s_nrpv,,,,https://www.CLIENT_X.lt/c-f/XC000021443/mano-%E2%80%9ECLIENT_X%E2%80%9C-bok%C5%A1tinis-ventiliatorius-vibruodamas-skleid%C5%BEia-ne%C4%AFprast%C4%85-triuk%C5%A1m%C4%85,New Third Party Trackers,,,,,
www.loja.CLIENT_X.com.br,Essential cookies (exempt from consent),CLIENT_X - Brazil,HTTP Cookie,checkout.vtex.com,,bench_update_duration,,https://www.CLIENT_X.lt/,New Third Party Trackers,,,,,
storage.googleapis.com,Performance Cookies [Requires consent],Google Inc.,ETag,-,,bench_update_duration,,,Existing CM Trackers-Not Found,,,,,
creativecdn.com,Targeted Advertising Cookies (including social media) [Requires consent],RTB House S.A.,HTTP Cookie,g,,bench_update_duration,,,Existing CM Trackers-Not Found,,,,,
doubleclick.net,Targeted Advertising cookies (including social media) [Requires consent],Google Advertising Products,HTTP Cookie,bench_new_T2_3760,,0,TRUE,https://www.CLIENT_X.lt/,Existing CM Trackers-Found,,,,,
CLIENT_X.com.gh,Essential cookies (exempt from consent),CLIENT_X - Ghana,HTTP Cookie,FPID,,bench_update_duration,,,Existing CM Trackers-Not Found,,,,,
www.subscription.CLIENT_X.cz,Essential cookies (exempt from consent),CLIENT_X - Czech Republic,HTTP Cookie,ARRAffinity,,bench_update_duration,TRUE,https://www.CLIENT_X.lt/c-w/pagalba/support-contact-page,Existing CM Trackers-Found,,,,,
www.CLIENT_X.jo,Essential cookies (exempt from consent),CLIENT_X - Jordan,HTTP Cookie,mdLogger,,,,,Existing CM Trackers-Not Found,,,,,
CLIENT_X.lt,Essential cookies (exempt from consent),CLIENT_X - Lithuania,HTTP Cookie,bench_new_T2_3680,,0,TRUE,https://www.CLIENT_X.lt/,Existing CM Trackers-Found,,,,,
www.docs.lighting.CLIENT_X.com,Performance Cookies [Requires consent],Signify (formerly CLIENT_X Lighting),ETag,-,,,,,Existing CM Trackers-Not Found,,,,,
www.CLIENT_X.ee,Essential cookies (exempt from consent),CLIENT_X - Republic of Estonia,HTTP Cookie,kampyleSessionPageCounter,,90,TRUE,https://www.CLIENT_X.lt/,Existing CM Trackers-Found,,,,,
CLIENT_X.com.kw,Essential cookies (exempt from consent),CLIENT_X - Kuwait,HTTP Cookie,da_sid,,bench_update_duration,,,Existing CM Trackers-Not Found,,,,,
CLIENT_X.lt,Performance cookies [Requires consent],CLIENT_X - Lithuania,HTTP Cookie,_ga_failed_lookup_marker_18_972,,,,,Existing CM Trackers-Not Found,,,,,
www.shop.CLIENT_X.lt,Essential cookies (exempt from consent),CLIENT_X - Lithuania,HTTP Cookie,bench_new_T2_3601,,,,,Existing CM Trackers-Not Found,,,,,
www.lighting.CLIENT_X.ng,Essential cookies (exempt from consent),Signify (formerly CLIENT_X Lighting),Local Storage,blank (local storage),,bench_update_duration,TRUE,https://www.CLIENT_X.lt/healthcare/clinical-solutions/early-warning-scoring,Existing CM Trackers-Found,,,,,
CLIENT_X.com,Essential cookies (exempt from consent),Koninklijke CLIENT_X N.V.,HTTP Cookie,_gcl_aw,,bench_update_duration,TRUE,https://www.CLIENT_X.lt/healthcare,Existing CM Trackers-Found,,,,,
www.healthcare.shop.CLIENT_X.co.uk,Essential cookies (exempt from consent),CLIENT_X - United Kingdom,HTTP Cookie,isBrowserPopUp,,0,TRUE,https://www.CLIENT_X.lt/,Existing CM Trackers-Found,,,,,
calculator.inbank.lv,Targeted Advertising Cookies (including social media) [Requires consent],Inbank - Latvia,JavaScript,-,,,,,Existing CM Trackers-Not Found,,,,,
www.lighting.CLIENT_X.ua,Essential cookies (exempt from consent),Signify (formerly CLIENT_X Lighting),HTTP Cookie,s_sid,,,,,Existing CM Trackers-Not Found,,,,,
www.CLIENT_X.ua,Essential cookies (exempt from consent),CLIENT_X - Ukraine,HTTP Cookie,kampyle_userid,,bench_update_duration,TRUE,https://www.CLIENT_X.lt/,Existing CM Trackers-Found,,,,,
CLIENT_X.si,Essential cookies (exempt from consent),CLIENT_X - Slovenia,HTTP Cookie,mboxEdgeCluster,,bench_update_duration,TRUE,https://www.CLIENT_X.lt/c-e/benefits.html,Existing CM Trackers-Found,,,,,
www.CLIENT_X.lt,Essential cookies (exempt from consent),CLIENT_X - Lithuania,ETag,_ga_failed_lookup_marker_18_981,,,TRUE,https://www.CLIENT_X.lt/,Existing CM Trackers-Found,,,,,
acc.CLIENT_X.ru,Essential cookies (exempt from consent),CLIENT_X - Russia,ETag,blank (etag),,bench_update_duration,,,Existing CM Trackers-Not Found,,,,,
CLIENT_X.co.jp,Essential cookies (exempt from consent),CLIENT_X Electronics Corporation Japan,HTTP Cookie,s_nrpv,,bench_update_duration,,,Existing CM Trackers-Not Found,,,,,
CLIENT_X.pl,Essential cookies (exempt from consent),CLIENT_X - Poland,HTTP Cookie,s_eVar8,,392,TRUE,https://www.CLIENT_X.lt/healthcare,Existing CM Trackers-Found,,,,,
retailrocket.net,Performance Cookies [Requires consent],Retail Rocket LLC,HTTP Cookie,rcuid,,bench_update_duration,TRUE,https://www.CLIENT_X.lt/,Existing CM Trackers-Found,,,,,
www.CLIENT_X.co.uk,Essential cookies (exempt from consent),CLIENT_X - United Kingdom,HTTP Cookie,p-gc35,,,TRUE,https://www.CLIENT_X.lt/c-w/pagalba/support-contact-page,Existing CM Trackers-Found,,,,,
www.CLIENT_X.it,Essential cookies (exempt from consent),CLIENT_X - Italy,HTTP Cookie,T01-recentlyViewedProducts,,,,,Existing CM Trackers-Not Found,,,,,
www.lighting.CLIENT_X.hu,Essential cookies (exempt from consent),CLIENT_X - Hungary,HTTP Cookie,customer_country,,,,,Existing CM Trackers-Not Found,,,,,
static.hotjar.com,Performance Cookies [Requires consent],Hotjar,JavaScript,-,,,TRUE,https://www.CLIENT_X.lt/,Existing CM Trackers-Found,,,,,
www.author.CLIENT_X.com,Essential cookies (exempt from consent),Koninklijke CLIENT_X N.V.,HTTP Cookie,AWSELB,,0,,,Existing CM Trackers-Not Found,,,,,
CLIENT_X.se,Essential cookies (exempt from consent),CLIENT_X - Sweden,HTTP Cookie,s_tid,,,TRUE,https://www.CLIENT_X.lt/,Existing CM Trackers-Found,,,,,
www.crsc.lighting.CLIENT_X.com,Performance cookies [Requires consent],Signify (formerly CLIENT_X Lighting),ETag,bench_new_T2_3728,,,,,Existing CM Trackers-Not Found,,,,,
CLIENT_X.lt,Essential cookies,CLIENT_X - Lithuania,HTTP Cookie,_ga_failed_lookup_marker_18_993,,90,,https://www.CLIENT_X.lt/,New First Party Trackers,,,,,
CLIENT_X.pt,Essential cookies (exempt from consent),CLIENT_X - Portugal,HTTP Cookie,_scid_r,,bench_update_duration,TRUE,https://www.CLIENT_X.lt/,Existing CM Trackers-Found,,,,,
www.patientcare.shop.CLIENT_X.com.sg,Essential cookies (exempt from consent),CLIENT_X - Singapore,HTTP Cookie,kampyleSessionPageCounter,,bench_update_duration,TRUE,https://www.CLIENT_X.lt/,Existing CM Trackers-Found,,,,,
www.lighting.CLIENT_X.com.au,Essential cookies (exempt from consent),Signify (formerly CLIENT_X Lighting),JavaScript,blank (java),,bench_update_duration,,,Existing CM Trackers-Not Found,,,,,
content.delivery-portal.demant.com,Performance Cookies [Requires consent],Demant,ETag,-,,,,,Existing CM Trackers-Not Found,,,,,
tst.CLIENT_X.com.mx,Essential cookies (exempt from consent),CLIENT_X - Mexico,ETag,blank (etag),,,,https://www.CLIENT_X.lt/a-w/slapuku-politika,New Third Party Trackers,,,,,
CLIENT_X.sa,Essential cookies (exempt from consent),CLIENT_X - Kingdom of Saudi Arabia,HTTP Cookie,s_eVar44,,bench_update_duration,TRUE,https://www.CLIENT_X.lt/c-e/benefits.html,Existing CM Trackers-Found,,,,,
CLIENT_X.fr,Essential cookies (exempt from consent),CLIENT_X - France,HTTP Cookie,iAdvize:splitGroup,,bench_update_duration,TRUE,https://www.CLIENT_X.lt/c-w/pagalba/support-contact-page,Existing CM Trackers-Found,,,,,
guide-ph.netlify.app,Targeted Advertising Cookies (including social media) [Requires consent],Netlify,JavaScript,-,,bench_update_duration,,,Existing CM Trackers-Not Found,,,,,
www.CLIENT_X.com.mx,Essential cookies (exempt from consent),CLIENT_X - Mexico,HTTP Cookie,eddl_itc_list,,bench_update_duration,,,Existing CM Trackers-Not Found,,,,,
www.CLIENT_X.bg,Essential cookies (exempt from consent),CLIENT_X - Bulgaria,HTTP Cookie,eddl_gtm_qe_session_start_6523424625,,729,,,Existing CM Trackers-Not Found,,,,,
www.lighting.CLIENT_X.co.kr,Essential cookies (exempt from consent),Signify (formerly CLIENT_X Lighting),HTTP Cookie,BCTempID,,,TRUE,https://www.CLIENT_X.lt/c-e/ho/oro-valytuvas-ir-oro-drekintuvas/air-matters-aplikacija.html,Existing CM Trackers-Found,,,,,
www.CLIENT_X.com.mx,Essential cookies (exempt from consent),CLIENT_X - Mexico,HTTP Cookie,AWSELB,,0,TRUE,https://www.CLIENT_X.lt/,Existing CM Trackers-Found,,,,,
www.youtube.com,Targeted Advertising cookies (including social media) [Requires consent],Google Advertising Products,JavaScript,_ga_failed_lookup_marker_18_1006,,,TRUE,https://www.CLIENT_X.lt/c-e/ho/oro-valytuvas-ir-oro-drekintuvas/air-matters-aplikacija.html,Existing CM Trackers-Found,,,,,
www.CLIENT_X.ae,Essential cookies (exempt from consent),CLIENT_X - Middle East Arab,HTTP Cookie,user_country,,bench_update_duration,,,Existing CM Trackers-Not Found,,,,,
dev.CLIENT_X.com.mx,Essential cookies (exempt from consent),CLIENT_X - Mexico,JavaScript,blank (java),,bench_update_duration,,,Existing CM Trackers-Not Found,,,,,
dpm.demdex.net,Targeted Advertising cookies (including social media) [Requires consent],"Adobe Audience Manager, Adobe Experience Cloud",Beacon,_ga_failed_lookup_marker_18_1009,,,,,Existing CM Trackers-Not Found,,,,,
lighting.CLIENT_X.lt,Performance cookies [Requires consent],Signify (formerly CLIENT_X Lighting),HTTP Cookie,bench_new_T2_3690,,,,,Existing CM Trackers-Not Found,,,,,
CLIENT_X.ro,Essential cookies (exempt from consent),CLIENT_X - Romania,HTTP Cookie,notice_behavior,,bench_update_duration,,,Existing CM Trackers-Not Found,,,,,
acc.CLIENT_X.com.kw,Essential cookies (exempt from consent),CLIENT_X - Kuwait,ETag,blank (etag),,bench_update_duration,TRUE,https://www.CLIENT_X.lt/,Existing CM Trackers-Found,,,,,
www.dentiste.CLIENT_X.fr,Essential cookies (exempt from consent),CLIENT_X - France,Beacon,blank (beacon),,,TRUE,https://www.CLIENT_X.lt/,Existing CM Trackers-Found,,,,,
CLIENT_X.com.pk,Essential cookies (exempt from consent),CLIENT_X - Pakistan,HTTP Cookie,_scid_r,,session,TRUE,https://www.CLIENT_X.lt/,Existing CM Trackers-Found,,,,,
CLIENT_X.lt,Essential cookies (exempt from consent),CLIENT_X - Lithuania,HTTP Cookie,_ga_failed_lookup_marker_18_1015,,,,,Existing CM Trackers-Not Found,,,,,
CLIENT_X.de,Essential cookies (exempt from consent),CLIENT_X - Germany,HTTP Cookie,s_nrpv,,,,,Existing CM Trackers-Not Found,,,,,
region1.analytics.google.com,Performance cookies [Requires consent],Google Inc.,Beacon,_ga_failed_lookup_marker_18_1017,,,TRUE,https://www.CLIENT_X.lt/,Existing CM Trackers-Found,,,,,
www.CLIENT_X.ch,Essential cookies (exempt from consent),CLIENT_X - Switzerland,HTTP Cookie,p-gc35,,bench_update_duration,TRUE,https://www.CLIENT_X.lt/c-e/blog.html,Existing CM Trackers-Found,,,,,
www.CLIENT_X.ae,Essential cookies (exempt from consent),CLIENT_X - Middle East Arab,HTTP Cookie,eddl_itc_list,,0,TRUE,https://www.CLIENT_X.lt/c-e/benefits.html,Existing CM Trackers-Found,,,,,
sc-static.net,Targeted Advertising cookies (including social media) [Requires consent],Snap Inc.,HTTP Cookie,bench_new_T2_3703,,1,TRUE,https://www.CLIENT_X.lt/c-e/ho/lyginimas/drabuziu-garintuvai/handheld-steamer-7000-series.html,Existing CM Trackers-Found,,,,,
CLIENT_X.se,Essential cookies (exempt from consent),CLIENT_X - Sweden,HTTP Cookie,mboxEdgeCluster,,0,TRUE,https://www.CLIENT_X.lt/,Existing CM Trackers-Found,,,,,
www.lighting.CLIENT_X.lt,Essential cookies (exempt from consent),Signify (formerly CLIENT_X Lighting),ETag,_ga_failed_lookup_marker_18_1022,,,,,Existing CM Trackers-Not Found,,,,,
www.CLIENT_X.com.ph,Essential cookies (exempt from consent),CLIENT_X - Philippines,HTTP Cookie,kampyleUserSession,,180,,https://www.CLIENT_X.lt/c-e/ho/oro-valytuvas-ir-oro-drekintuvas/air-matters-aplikacija.html,New Third Party Trackers,,,,,
CLIENT_X.rs,Essential cookies (exempt from consent),CLIENT_X - Serbia,HTTP Cookie,_gid,,bench_update_duration,,,Existing CM Trackers-Not Found,,,,,
CLIENT_X.co.in,Essential cookies (exempt from consent),CLIENT_X - India,HTTP Cookie,amp_8e87cd,,bench_update_duration,,,Existing CM Trackers-Not Found,,,,,
www.CLIENT_X.cz,Essential cookies (exempt from consent),CLIENT_X - Czech Republic,HTTP Cookie,kampyleUserPercentile,,180,TRUE,https://www.CLIENT_X.lt/c-e/blog.html,Existing CM Trackers-Found,,,,,
CLIENT_X.com.mx,Essential cookies (exempt from consent),CLIENT_X - Mexico,HTTP Cookie,mboxEdgeCluster,,,TRUE,https://www.CLIENT_X.lt/c-w/pagalba/service-center-locator.html,Existing CM Trackers-Found,,,,,
CLIENT_X.sa,Essential cookies (exempt from consent),CLIENT_X - Kingdom of Saudi Arabia,HTTP Cookie,s_cm,,,TRUE,https://www.CLIENT_X.lt/c-w/pagalba/service-center-locator.html,Existing CM Trackers-Found,,,,,
CLIENT_X.es,Essential cookies (exempt from consent),CLIENT_X - Spain,HTTP Cookie,_tt_enable_cookie,,bench_update_duration,,,Existing CM Trackers-Not Found,,,,,
tracker-detail-page.trustarc.com,Essential cookies,TrustArc,JavaScript,bench_new_T2_3761,,,,https://www.CLIENT_X.lt/a-w/slapuku-politika,New Third Party Trackers,,,,,
www.lighting.CLIENT_X.co.za,Essential cookies (exempt from consent),Signify (formerly CLIENT_X Lighting),HTTP Cookie,s_sid,,bench_update_duration,,,Existing CM Trackers-Not Found,,,,,
www.CLIENT_X.se,Essential cookies (exempt from consent),CLIENT_X - Sweden,HTTP Cookie,ws-active-shop,,bench_update_duration,,,Existing CM Trackers-Not Found,,,,,
CLIENT_X.rs,Essential cookies (exempt from consent),CLIENT_X - Serbia,HTTP Cookie,_fbp,,bench_update_duration,TRUE,https://www.CLIENT_X.lt/,Existing CM Trackers-Found,,,,,
CLIENT_X.dk,Essential cookies (exempt from consent),CLIENT_X - Denmark,HTTP Cookie,s_eVar8,,bench_update_duration,,,Existing CM Trackers-Not Found,,,,,
CLIENT_X.com.my,Essential cookies (exempt from consent),CLIENT_X - Malaysia,HTTP Cookie,FPID,,bench_update_duration,,,Existing CM Trackers-Not Found,,,,,
www.CLIENT_X.lt,Essential cookies (exempt from consent),CLIENT_X - Lithuania,HTTP Cookie,bench_new_T2_3787,,365,TRUE,https://www.CLIENT_X.lt/c-e/benefits.html,Existing CM Trackers-Found,,,,,
s3.amazonaws.com,Targeted Advertising Cookies (including social media) [Requires consent],Amazon (Web Services),ETag,-,,,TRUE,https://www.CLIENT_X.lt/c-w/pagalba/support-contact-page,Existing CM Trackers-Found,,,,,
www.lighting.CLIENT_X.ee,Essential cookies (exempt from consent),Signify (formerly CLIENT_X Lighting),HTTP Cookie,s_mc,,bench_update_duration,TRUE,https://www.CLIENT_X.lt/,Existing CM Trackers-Found,,,,,
www.CLIENT_X.bg,Essential cookies (exempt from consent),CLIENT_X - Bulgaria,HTTP Cookie,eddl_etc_list,,bench_update_duration,TRUE,https://www.CLIENT_X.lt/c-e/benefits.html,Existing CM Trackers-Found,,,,,
track.91app.io,Performance Cookies [Requires consent],91App,Beacon,-,,bench_update_duration,TRUE,https://www.CLIENT_X.lt/,Existing CM Trackers-Found,,,,,
linkedin.com,Targeted Advertising cookies (including social media) [Requires consent],LinkedIn,HTTP Cookie,_ga_failed_lookup_marker_18_1041,,180,TRUE,https://www.CLIENT_X.lt/c-e/ho/lyginimas/drabuziu-garintuvai/handheld-steamer-7000-series.html,Existing CM Trackers-Found,,,,,
www.mercadolibre.com,Performance Cookies [Requires consent],"MercadoLibre, Inc.",JavaScript,-,,,,,Existing CM Trackers-Not Found,,,,,
CLIENT_X.com.my,Essential cookies (exempt from consent),CLIENT_X - Malaysia,HTTP Cookie,_gid,,,TRUE,https://www.CLIENT_X.lt/c-e/ho/airfryer-accessories.html,Existing CM Trackers-Found,,,,,
lighting.CLIENT_X.co.id,Essential cookies (exempt from consent),Signify (formerly CLIENT_X Lighting),HTTP Cookie,s_cc,,,,,Existing CM Trackers-Not Found,,,,,
www.CLIENT_X.co.nz,Essential cookies (exempt from consent),CLIENT_X - New Zealand,HTTP Cookie,AWSELB,,bench_update_duration,TRUE,https://www.CLIENT_X.lt/,Existing CM Trackers-Found,,,,,
www.google.ie,Targeted Advertising cookies (including social media) [Requires consent],Google Inc.,Beacon,_ga_failed_lookup_marker_18_1046,,,TRUE,https://www.CLIENT_X.lt/,Existing CM Trackers-Found,,,,,
www.CLIENT_X.hr,Essential cookies (exempt from consent),CLIENT_X - Croatia,HTTP Cookie,AWSELB,,0,TRUE,https://www.CLIENT_X.lt/healthcare,Existing CM Trackers-Found,,,,,
lighting.CLIENT_X.de,Essential cookies (exempt from consent),Signify (formerly CLIENT_X Lighting),HTTP Cookie,com.adobe.alloy.getTld,,,TRUE,https://www.CLIENT_X.lt/c-f/XC000021357/kaip-kurti-ir-tvarkyti-%C5%BEem%C4%97lapius-program%C4%97l%C4%97je-%E2%80%9ECLIENT_X-homerun%E2%80%9C,Existing CM Trackers-Found,,,,,
www.CLIENT_X.se,Essential cookies (exempt from consent),CLIENT_X - Sweden,HTTP Cookie,eddl_itc_list,,,TRUE,https://www.CLIENT_X.lt/c-e/blog.html,Existing CM Trackers-Found,,,,,
CLIENT_X.ie,Essential cookies (exempt from consent),CLIENT_X - Ireland,HTTP Cookie,notice_behavior,,,,,Existing CM Trackers-Not Found,,,,,
www.CLIENT_X.com.ar,Essential cookies (exempt from consent),CLIENT_X - Argentina,HTTP Cookie,kampyleUserSession,,729,TRUE,https://www.CLIENT_X.lt/,Existing CM Trackers-Found,,,,,
CLIENT_X.com.my,Essential cookies (exempt from consent),CLIENT_X - Malaysia,HTTP Cookie,_hjTLDTest,,bench_update_duration,,,Existing CM Trackers-Not Found,,,,,
www.mczbf.com,Targeted Advertising cookies (including social media) [Requires consent],CJ Affiliate by Conversant,JavaScript,bench_new_T2_3656,,,,,Existing CM Trackers-Not Found,,,,,
www.CLIENT_X.pt,Essential cookies (exempt from consent),CLIENT_X - Portugal,HTTP Cookie,p-hc-catg,,,,,Existing CM Trackers-Not Found,,,,,
www.store-CLIENT_X.tw,Essential cookies (exempt from consent),CLIENT_X Store - Taiwan,HTTP Cookie,CFFPCKUUIDMAIN,,,TRUE,https://www.CLIENT_X.lt/,Existing CM Trackers-Found,,,,,
www.lighting.CLIENT_X.co.th,Essential cookies (exempt from consent),Signify (formerly CLIENT_X Lighting),HTTP Cookie,customer_language_accept,,,,,Existing CM Trackers-Not Found,,,,,
CLIENT_X.lt,Essential cookies (exempt from consent),CLIENT_X - Lithuania,HTTP Cookie,_ga_failed_lookup_marker_18_1057,,,,,Existing CM Trackers-Found,,,,,
dev.CLIENT_X.com.mx,Essential cookies (exempt from consent),CLIENT_X - Mexico,Local Storage,blank (local storage),,bench_update_duration,TRUE,https://www.CLIENT_X.lt/c-e/ho/oro-valytuvas-ir-oro-drekintuvas/air-matters-aplikacija.html,Existing CM Trackers-Found,,,,,
www.CLIENT_X.lt,Essential cookies (exempt from consent),CLIENT_X - Lithuania,HTTP Cookie,_ga_failed_lookup_marker_18_1059,,365,TRUE,https://www.CLIENT_X.lt/c-e/benefits.html,Existing CM Trackers-Found,,,,,
www.CLIENT_X.sk,Essential cookies (exempt from consent),CLIENT_X - Slovakia,HTTP Cookie,kampylePageLoadedTimestamp,,,TRUE,https://www.CLIENT_X.lt/c-w/pagalba/service-center-locator.html,Existing CM Trackers-Found,,,,,
CLIENT_X.com,Essential cookies (exempt from consent),Koninklijke CLIENT_X N.V.,HTTP Cookie,bench_new_T2_3634,,,,,Existing CM Trackers-Not Found,,,,,
www.lighting.CLIENT_X.pl,Essential cookies (exempt from consent),Signify (formerly CLIENT_X Lighting),HTTP Cookie,s_mc,,bench_update_duration,,https://www.CLIENT_X.lt/c-w/pagalba/support-contact-page,New Third Party Trackers,,,,,
f.vimeocdn.com,Performance Cookies [Requires consent],Vimeo,JavaScript,-,,,,,Existing CM Trackers-Not Found,,,,,
tools.eurolandir.com,Performance Cookies [Requires consent],Euroland,JavaScript,-,,,TRUE,https://www.CLIENT_X.lt/a-w/naudojimo_salygos,Existing CM Trackers-Found,,,,,
img1.wsimg.com,Targeted Advertising Cookies (including social media) [Requires consent],Wild West Domains,JavaScript,-,,,TRUE,https://www.CLIENT_X.lt/,Existing CM Trackers-Found,,,,,
CLIENT_X.hu,Essential cookies (exempt from consent),CLIENT_X - Hungary,HTTP Cookie,FPLC,,90,TRUE,https://www.CLIENT_X.lt/a-w/naudojimo_salygos,Existing CM Trackers-Found,,,,,
www.shop.CLIENT_X.lt,Targeted Advertising cookies (including social media) [Requires consent],CLIENT_X - Lithuania,ETag,bench_new_T2_3677,,,,,Existing CM Trackers-Not Found,,,,,
www.hcare.CLIENT_X.com.cn,Essential cookies (exempt from consent),CLIENT_X - China,JavaScript,blank (java),,1,TRUE,https://www.CLIENT_X.lt/c-e/ho/lyginimas/drabuziu-garintuvai/handheld-steamer-7000-series.html,Existing CM Trackers-Found,,,,,
www.results.CLIENT_X.com.cn,Essential cookies (exempt from consent),CLIENT_X - China,ETag,blank (etag),,,TRUE,https://www.CLIENT_X.lt/healthcare/about/support/resource-center/results,Existing CM Trackers-Found,,,,,
CLIENT_X.co.id,Essential cookies (exempt from consent),CLIENT_X - Indonesia,HTTP Cookie,at_check,,bench_update_duration,,,Existing CM Trackers-Not Found,,,,,
www.patientcare.shop.CLIENT_X.co.in,Essential cookies (exempt from consent),CLIENT_X - India,HTTP Cookie,kampyleUserSessionsCount,,bench_update_duration,TRUE,https://www.CLIENT_X.lt/,Existing CM Trackers-Found,,,,,
CLIENT_X.com.hk,Essential cookies (exempt from consent),CLIENT_X - Hong Kong,HTTP Cookie,_fbp,,0,TRUE,https://www.CLIENT_X.lt/,Existing CM Trackers-Found,,,,,
www.CLIENT_X.ie,Essential cookies (exempt from consent),CLIENT_X - Ireland,HTTP Cookie,AWSELBCORS,,bench_update_duration,,,Existing CM Trackers-Not Found,,,,,
lighting.CLIENT_X.co.nz,Essential cookies (exempt from consent),Signify (formerly CLIENT_X Lighting),HTTP Cookie,test,,bench_update_duration,TRUE,https://www.CLIENT_X.lt/c-e/pe/veidas-barzdaskutes/9000-serijos.html,Existing CM Trackers-Found,,,,,
tremorhub.com,Targeted Advertising Cookies (including social media) [Requires consent],"Magnite CTV, Inc.",HTTP Cookie,tv_UICR,,bench_update_duration,,,Existing CM Trackers-Not Found,,,,,
script.hotjar.com,Targeted Advertising Cookies (including social media) [Requires consent],Hotjar,JavaScript,-,,,,https://www.CLIENT_X.lt/,New Third Party Trackers,,,,,
CLIENT_X.co.id,Essential cookies (exempt from consent),CLIENT_X - Indonesia,HTTP Cookie,s_gnr,,bench_update_duration,TRUE,https://www.CLIENT_X.lt/c-f/XC000021357/kaip-kurti-ir-tvarkyti-%C5%BEem%C4%97lapius-program%C4%97l%C4%97je-%E2%80%9ECLIENT_X-homerun%E2%80%9C,Existing CM Trackers-Found,,,,,
tremorhub.com,Targeted Advertising cookies (including social media) [Requires consent],"Magnite CTV, Inc.",HTTP Cookie,_ga_failed_lookup_marker_18_1078,,400,TRUE,https://www.CLIENT_X.lt/a-w/naudojimo_salygos,Existing CM Trackers-Found,,,,,
CLIENT_X.ch,Essential cookies (exempt from consent),CLIENT_X - Switzerland,HTTP Cookie,s_gnr,,,,,Existing CM Trackers-Not Found,,,,,
CLIENT_X.ie,Essential cookies (exempt from consent),CLIENT_X - Ireland,HTTP Cookie,_schn1,,bench_update_duration,TRUE,https://www.CLIENT_X.lt/c-e/blog.html,Existing CM Trackers-Found,,,,,
www.shop.CLIENT_X.lt,Essential cookies (exempt from consent),CLIENT_X - Lithuania,HTTP Cookie,bench_new_T2_3767,,,,,Existing CM Trackers-Not Found,,,,,
CLIENT_X.nl,Essential cookies (exempt from consent),CLIENT_X - Netherlands,HTTP Cookie,crl8.fpcuid,,,,https://www.CLIENT_X.lt/healthcare,Existing CM Trackers-Found,,,,,
www.lighting.CLIENT_X.nl,Essential cookies (exempt from consent),Signify (formerly CLIENT_X Lighting),HTTP Cookie,s_mc,,bench_update_duration,TRUE,https://www.CLIENT_X.lt/,Existing CM Trackers-Found,,,,,
smetrics.marketing.lighting.CLIENT_X.co.th,Essential cookies (exempt from consent),CLIENT_X - Thailand,JavaScript,blank (java),,bench_update_duration,,,Existing CM Trackers-Not Found,,,,,
trial-eum-clienttons-s.akamaihd.net,Targeted Advertising Cookies (including social media) [Requires consent],Akamai,ETag,-,,,,,Existing CM Trackers-Not Found,,,,,
lighting.CLIENT_X.ca,Essential cookies (exempt from consent),Signify (formerly CLIENT_X Lighting),HTTP Cookie,s_nr,,bench_update_duration,,,Existing CM Trackers-Not Found,,,,,
www.CLIENT_X.pl,Essential cookies (exempt from consent),CLIENT_X - Poland,ETag,blank (etag),,,TRUE,https://www.CLIENT_X.lt/c-p/AC3829_10,Existing CM Trackers-Found,,,,,
adservice.google.com,Targeted Advertising Cookies (including social media) [Requires consent],Google Advertising Products,Beacon,-,,bench_update_duration,TRUE,https://www.CLIENT_X.lt/c-e/ho/lyginimas/drabuziu-garintuvai/handheld-steamer-7000-series.html,Existing CM Trackers-Found,,,,,
CLIENT_X.hr,Essential cookies (exempt from consent),CLIENT_X - Croatia,HTTP Cookie,TEST_AMCV_COOKIE_WRITE,,bench_update_duration,TRUE,https://www.CLIENT_X.lt/c-e/pe/veidas-barzdaskutes/9000-serijos.html,Existing CM Trackers-Found,,,,,
www.shop.CLIENT_X.ee,Essential cookies (exempt from consent),CLIENT_X - Republic of Estonia,HTTP Cookie,wjecf_free_product_coupons,,session,TRUE,https://www.CLIENT_X.lt/,Existing CM Trackers-Found,,,,,
www.google-analytics.com,Performance Cookies [Requires consent],Google Inc.,JavaScript,-,,bench_update_duration,TRUE,https://www.CLIENT_X.lt/,Existing CM Trackers-Found,,,,,
www.tienda.CLIENT_X.com.mx,Essential cookies (exempt from consent),CLIENT_X - Mexico,HTTP Cookie,hideCookiesTrigger,,bench_update_duration,TRUE,https://www.CLIENT_X.lt/,Existing CM Trackers-Found,,,,,
www.lighting.CLIENT_X.com.ph,Essential cookies (exempt from consent),CLIENT_X - Philippines,HTTP Cookie,AWSELB,,bench_update_duration,TRUE,https://www.CLIENT_X.lt/c-e/ho/dulkiu-siurbliai-sluotos/dulkiu-siurblys-sluota/cordless-vc-series-8000-aqua,Existing CM Trackers-Found,,,,,
CLIENT_X.at,Essential cookies (exempt from consent),CLIENT_X - Austria,HTTP Cookie,s_ugv,,0,,,Existing CM Trackers-Not Found,,,,,
www.CLIENT_X.com.my,Essential cookies (exempt from consent),CLIENT_X - Malaysia,HTTP Cookie,kampyle_userid,,90,,https://www.CLIENT_X.lt/,New First Party Trackers,,,,,
CLIENT_X.fr,Essential cookies (exempt from consent),CLIENT_X - France,HTTP Cookie,_gdXXX,,bench_update_duration,TRUE,https://www.CLIENT_X.lt/,Existing CM Trackers-Found,,,,,
CLIENT_X.co.uk,Essential cookies (exempt from consent),CLIENT_X - United Kingdom,HTTP Cookie,coveo_visitorId,,bench_update_duration,TRUE,https://www.CLIENT_X.lt/,Existing CM Trackers-Found,,,,,
www.lighting.CLIENT_X.fi,Essential cookies (exempt from consent),Signify (formerly CLIENT_X Lighting),HTTP Cookie,AWSELB,,0,,,Existing CM Trackers-Not Found,,,,,
api-maps.yandex.ru,Targeted Advertising Cookies (including social media) [Requires consent],Yandex,JavaScript,-,,,TRUE,https://www.CLIENT_X.lt/c-w/pagalba/support-contact-page,Existing CM Trackers-Found,,,,,
www.CLIENT_X.ng,Essential cookies (exempt from consent),CLIENT_X - Nigeria,HTTP Cookie,RT,,bench_update_duration,TRUE,https://www.CLIENT_X.lt/c-e/ho/lyginimas/drabuziu-garintuvai/handheld-steamer-7000-series.html,Existing CM Trackers-Found,,,,,
CLIENT_X.112.2o7.net,Performance Cookies [Requires consent],Adobe Experience Cloud - Analytics,HTTP Cookie,s_vi,,729,,,Existing CM Trackers-Not Found,,,,,
www.CLIENT_X.ru,Essential cookies (exempt from consent),CLIENT_X - Russia,HTTP Cookie,p-gc35,,90,TRUE,https://www.CLIENT_X.lt/,Existing CM Trackers-Found,,,,,
www.usa.CLIENT_X.com,Essential cookies (exempt from consent),Koninklijke CLIENT_X N.V.,Local Storage,blank (local storage),,bench_update_duration,TRUE,https://www.CLIENT_X.lt/,Existing CM Trackers-Found,,,,,
CLIENT_Xb2c.my.salesforce-scrt.com,Performance cookies,"Salesforce.com, Inc.",Beacon,_ga_failed_lookup_marker_18_1104,,,,https://www.CLIENT_X.lt/c-w/pagalba/support-contact-page,New Third Party Trackers,,,,,
CLIENT_X.com.qa,Essential cookies (exempt from consent),CLIENT_X - Qatar,HTTP Cookie,TAsessionID,,365,TRUE,https://www.CLIENT_X.lt/c-e/benefits.html,Existing CM Trackers-Found,,,,,
cdn.channelsight.com,Essential cookies (exempt from consent),ChannelSight,ETag,_ga_failed_lookup_marker_18_1106,,,TRUE,https://www.CLIENT_X.lt/c-e/ho/dulkiu-siurbliai-sluotos/dulkiu-siurblys-sluota/cordless-vc-series-8000-aqua,Existing CM Trackers-Found,,,,,
www.CLIENT_X-hue.com,Performance cookies [Requires consent],CLIENT_X Hue,ETag,_ga_failed_lookup_marker_18_1107,,,,,Existing CM Trackers-Not Found,,,,,
lighting.CLIENT_X.co.jp,Essential cookies (exempt from consent),Signify (formerly CLIENT_X Lighting),HTTP Cookie,s_vs,,,,,Existing CM Trackers-Not Found,,,,,
snap.licdn.com,Performance cookies [Requires consent],LinkedIn,JavaScript,_ga_failed_lookup_marker_18_1109,,,TRUE,https://www.CLIENT_X.lt/c-e/ho/airfryer-accessories.html,Existing CM Trackers-Found,,,,,
www.CLIENT_X.com.kw,Essential cookies (exempt from consent),CLIENT_X - Kuwait,HTTP Cookie,liveagent_ptid,,1,TRUE,https://www.CLIENT_X.lt/c-e/ho/lyginimas/drabuziu-garintuvai/handheld-steamer-7000-series.html,Existing CM Trackers-Found,,,,,
www.lighting.CLIENT_X.co.uk,Essential cookies (exempt from consent),Signify (formerly CLIENT_X Lighting),Beacon,blank (beacon),,bench_update_duration,,,Existing CM Trackers-Not Found,,,,,
www.lighting.CLIENT_X.ru,Essential cookies (exempt from consent),Signify (formerly CLIENT_X Lighting),HTTP Cookie,ltc_cf,,,,,Existing CM Trackers-Not Found,,,,,
www.shop.CLIENT_X.lt,Essential cookies (exempt from consent),CLIENT_X - Lithuania,HTTP Cookie,bench_new_T2_3629,,,,,Existing CM Trackers-Not Found,,,,,
www.lighting.CLIENT_X.ch,Essential cookies (exempt from consent),Signify (formerly CLIENT_X Lighting),HTTP Cookie,AWSELB,,0,,,Existing CM Trackers-Not Found,,,,,
CLIENT_Xlighting.d3.sc.omtrdc.net,Performance cookies [Requires consent],Adobe Experience Cloud - Analytics,JavaScript,bench_new_T2_3725,,,,,Existing CM Trackers-Not Found,,,,,
www.lighting.CLIENT_X.pl,Essential cookies (exempt from consent),Signify (formerly CLIENT_X Lighting),HTTP Cookie,AWSELBCORS,,bench_update_duration,,,Existing CM Trackers-Not Found,,,,,
stg.CLIENT_X.ru,Essential cookies (exempt from consent),CLIENT_X - Russia,HTTP Cookie,kampyleUserSession,,bench_update_duration,TRUE,https://www.CLIENT_X.lt/c-e/benefits.html,Existing CM Trackers-Found,,,,,
www.CLIENT_X.ua,Essential cookies (exempt from consent),CLIENT_X - Ukraine,Beacon,blank (beacon),,bench_update_duration,TRUE,https://www.CLIENT_X.lt/c-e/pe/veidas-barzdaskutes/9000-serijos.html,Existing CM Trackers-Found,,,,,
www.lighting.CLIENT_X.com.hk,Essential cookies (exempt from consent),CLIENT_X - Hong Kong,JavaScript,blank (java),,bench_update_duration,TRUE,https://www.CLIENT_X.lt/c-e/ho/lyginimas/drabuziu-garintuvai/handheld-steamer-7000-series.html,Existing CM Trackers-Found,,,,,
www.CLIENT_X.co.il,Essential cookies (exempt from consent),CLIENT_X - Israel,HTTP Cookie,test,,,TRUE,https://www.CLIENT_X.lt/,Existing CM Trackers-Found,,,,,
www.CLIENT_X.ca,Essential cookies (exempt from consent),CLIENT_X - Canada,HTTP Cookie,addshoppers.com,,bench_update_duration,TRUE,https://www.CLIENT_X.lt/,Existing CM Trackers-Found,,,,,
CLIENT_X.com.br,Essential cookies (exempt from consent),CLIENT_X - Brazil,HTTP Cookie,zScalerUser,,,,,Existing CM Trackers-Not Found,,,,,
CLIENT_X.co.jp,Essential cookies (exempt from consent),CLIENT_X Electronics Corporation Japan,HTTP Cookie,mbox,,bench_update_duration,,,Existing CM Trackers-Not Found,,,,,
jadserve.postrelease.com,Targeted Advertising Cookies (including social media) [Requires consent],"Nativo, Inc.",Beacon,-,,,,,Existing CM Trackers-Not Found,,,,,
www.supurgesepeti.com,Essential cookies (exempt from consent),Supurgesepeti.com,HTTP Cookie,Ticimax_Cart_SessionID,,session,TRUE,https://www.CLIENT_X.lt/,Existing CM Trackers-Found,,,,,
www.CLIENT_X.ae,Essential cookies (exempt from consent),CLIENT_X - Middle East Arab,HTTP Cookie,liveagent_ptid,,6,,https://www.CLIENT_X.lt/c-e/benefits.html,New First Party Trackers,,,,,
www.CLIENT_X.bg,Essential cookies (exempt from consent),CLIENT_X - Bulgaria,HTTP Cookie,fl_qualified_entry,,0,TRUE,https://www.CLIENT_X.lt/c-e/ho/airfryer-accessories.html,Existing CM Trackers-Found,,,,,
www.CLIENT_X.com.br,Essential cookies (exempt from consent),CLIENT_X - Brazil,HTTP Cookie,kampyleUserSessionsCount,,365,TRUE,https://www.CLIENT_X.lt/c-e/benefits.html,Existing CM Trackers-Found,,,,,
www.CLIENT_X.pl,Essential cookies (exempt from consent),CLIENT_X - Poland,HTTP Cookie,JSESSIONID,,,TRUE,https://www.CLIENT_X.lt/c-w/pagalba/service-center-locator.html,Existing CM Trackers-Found,,,,,
www.CLIENT_X.co.jp,Essential cookies (exempt from consent),CLIENT_X Electronics Corporation Japan,HTTP Cookie,kampyleUserPercentile,,bench_update_duration,,https://www.CLIENT_X.lt/,New First Party Trackers,,,,,
www.healthcare.shop.CLIENT_X.it,Essential cookies (exempt from consent),CLIENT_X - Italy,HTTP Cookie,ROUTE,,bench_update_duration,,,Existing CM Trackers-Not Found,,,,,
lighting.CLIENT_X.com.tw,Essential cookies (exempt from consent),Signify (formerly CLIENT_X Lighting),HTTP Cookie,s_sid,,bench_update_duration,,,Existing CM Trackers-Not Found,,,,,
www.centralamerica.CLIENT_X.com,Essential cookies (exempt from consent),Koninklijke CLIENT_X N.V.,Beacon,blank (beacon),,bench_update_duration,TRUE,https://www.CLIENT_X.lt/c-e/ho/lyginimas/drabuziu-garintuvai/handheld-steamer-7000-series.html,Existing CM Trackers-Found,,,,,
www.CLIENT_X.lv,Performance cookies [Requires consent],CLIENT_X - Latvia,ETag,bench_new_T2_3753,,,TRUE,https://www.CLIENT_X.lt/c-e/pe/veidas-barzdaskutes/9000-serijos.html,Existing CM Trackers-Found,,,,,
www.CLIENT_X.ua,Essential cookies (exempt from consent),CLIENT_X - Ukraine,HTTP Cookie,UA_Pub-cartstatus-com,,bench_update_duration,,,Existing CM Trackers-Not Found,,,,,
www.family.CLIENT_X.co.kr,Essential cookies (exempt from consent),CLIENT_X - Korea,ETag,blank (etag),,,,,Existing CM Trackers-Not Found,,,,,
www.subscription.CLIENT_X.at,Essential cookies (exempt from consent),CLIENT_X - Austria,HTTP Cookie,eddl_gtm_qe_session_start_6523424625,,bench_update_duration,TRUE,https://www.CLIENT_X.lt/c-e/ho/dulkiu-siurbliai-sluotos/dulkiu-siurblys-sluota/cordless-vc-series-8000-aqua,Existing CM Trackers-Found,,,,,
www.lighting.CLIENT_X.com.mx,Essential cookies (exempt from consent),Signify (formerly CLIENT_X Lighting),JavaScript,blank (java),,bench_update_duration,,,Existing CM Trackers-Not Found,,,,,
lighting.CLIENT_X.lt,Essential cookies (exempt from consent),Signify (formerly CLIENT_X Lighting),Local Storage,bench_new_T2_3626,,,,,Existing CM Trackers-Not Found,,,,,
loja.CLIENT_X.com.br,Essential cookies (exempt from consent),CLIENT_X - Brazil,HTTP Cookie,_gdXXX,,session,,,Existing CM Trackers-Not Found,,,,,
www.CLIENT_X.com.co,Essential cookies (exempt from consent),CLIENT_X - Colombia,HTTP Cookie,eddl_gtm_qe_session_start_6523424625,,bench_update_duration,TRUE,https://www.CLIENT_X.lt/a-w/naudojimo_salygos,Existing CM Trackers-Found,,,,,
snap.licdn.com,Performance cookies [Requires consent],LinkedIn,JavaScript,_ga_failed_lookup_marker_18_1142,,,TRUE,https://www.CLIENT_X.lt/c-e/ho/airfryer-accessories.html,Existing CM Trackers-Found,,,,,
www.shop.CLIENT_X.lt,Essential cookies (exempt from consent),CLIENT_X - Lithuania,JavaScript,bench_new_T2_3611,,,,,Existing CM Trackers-Not Found,,,,,
CLIENT_X.co.ke,Essential cookies (exempt from consent),CLIENT_X - Kenya,HTTP Cookie,s_cm,,,,,Existing CM Trackers-Found,,,,,
lighting.CLIENT_X.ua,Essential cookies (exempt from consent),Signify (formerly CLIENT_X Lighting),HTTP Cookie,s_ppvl,,,,,Existing CM Trackers-Not Found,,,,,
youtube.com,Targeted Advertising cookies (including social media) [Requires consent],Google Advertising Products,HTTP Cookie,bench_new_T2_3682,,180,TRUE,https://www.CLIENT_X.lt/c-e/ho/oro-valytuvas-ir-oro-drekintuvas/air-matters-aplikacija.html,Existing CM Trackers-Found,,,,,
www.CLIENT_X.cz,Essential cookies (exempt from consent),CLIENT_X - Czech Republic,HTTP Cookie,kampyleUserSession,,session,TRUE,https://www.CLIENT_X.lt/c-e/benefits.html,Existing CM Trackers-Found,,,,,
www.lighting.CLIENT_X.at,Essential cookies (exempt from consent),Signify (formerly CLIENT_X Lighting),ETag,blank (etag),,session,TRUE,https://www.CLIENT_X.lt/c-e/blog.html,Existing CM Trackers-Found,,,,,
www.CLIENT_X.co.id,Essential cookies (exempt from consent),CLIENT_X - Indonesia,HTTP Cookie,eddl_gtm_qe_session_start_6523424625,,bench_update_duration,,,Existing CM Trackers-Not Found,,,,,
checkout.tabby.ai,Performance Cookies [Requires consent],tabby.ai,HTTP Cookie,xxx111otrckid,,session,,,Existing CM Trackers-Not Found,,,,,
CLIENT_X.com.sg,Essential cookies (exempt from consent),CLIENT_X - Singapore,HTTP Cookie,internalUserCheck,,bench_update_duration,TRUE,https://www.CLIENT_X.lt/,Existing CM Trackers-Found,,,,,
amazon-adsystem.com,Targeted Advertising Cookies (including social media) [Requires consent],Amazon Advertising,HTTP Cookie,ad-id,,242,,https://www.CLIENT_X.lt/,New First Party Trackers,,,,,
www.CLIENT_X.co.il,Essential cookies (exempt from consent),CLIENT_X - Israel,Beacon,blank (beacon),,bench_update_duration,,,Existing CM Trackers-Not Found,,,,,
giftbox.ds-cdn.com,Performance cookies [Requires consent],Digismoothie,JavaScript,_ga_failed_lookup_marker_18_1154,,,,,Existing CM Trackers-Not Found,,,,,
shop.CLIENT_X.com.hk,Essential cookies (exempt from consent),CLIENT_X - Hong Kong,ETag,blank (etag),,,,,Existing CM Trackers-Not Found,,,,,
CLIENT_X.lt,Targeted Advertising cookies (including social media) [Requires consent],CLIENT_X - Lithuania,HTTP Cookie,_ga_failed_lookup_marker_18_1156,,7,TRUE,https://www.CLIENT_X.lt/,Existing CM Trackers-Found,,,,,
respirtech.com,Essential cookies (exempt from consent),RespirTech,HTTP Cookie,_scid,,bench_update_duration,TRUE,https://www.CLIENT_X.lt/c-e/blog.html,Existing CM Trackers-Found,,,,,
region1.analytics.google.com,Performance cookies [Requires consent],Google Inc.,Beacon,bench_new_T2_3749,,,TRUE,https://www.CLIENT_X.lt/,Existing CM Trackers-Found,,,,,
CLIENT_X.jo,Essential cookies (exempt from consent),CLIENT_X - Jordan,HTTP Cookie,_scid,,,TRUE,https://www.CLIENT_X.lt/c-e/ho/dulkiu-siurbliai-sluotos/dulkiu-siurblys-sluota/cordless-vc-series-8000-aqua,Existing CM Trackers-Found,,,,,
www.lighting.CLIENT_X.co.in,Essential cookies (exempt from consent),Signify (formerly CLIENT_X Lighting),HTTP Cookie,s_UbVar,,bench_update_duration,TRUE,https://www.CLIENT_X.lt/,Existing CM Trackers-Found,,,,,
CLIENT_X.rs,Essential cookies (exempt from consent),CLIENT_X - Serbia,HTTP Cookie,s_cc,,bench_update_duration,TRUE,https://www.CLIENT_X.lt/,Existing CM Trackers-Found,,,,,
www.gearselectiontool.lighting.CLIENT_X.com,Performance Cookies [Requires consent],Koninklijke CLIENT_X N.V.,ETag,-,,,,,Existing CM Trackers-Not Found,,,,,
CLIENT_X.ae,Essential cookies (exempt from consent),CLIENT_X - Middle East Arab,HTTP Cookie,s_eVar44,,bench_update_duration,,,Existing CM Trackers-Not Found,,,,,
media.flixfacts.com,Targeted Advertising cookies (including social media) [Requires consent],Flixmedia,JavaScript,bench_new_T2_3739,,,,,Existing CM Trackers-Not Found,,,,,
lighting.CLIENT_X.cz,Essential cookies (exempt from consent),Signify (formerly CLIENT_X Lighting),HTTP Cookie,com.adobe.alloy.getTld,,bench_update_duration,TRUE,https://www.CLIENT_X.lt/c-e/ho/airfryer-accessories.html,Existing CM Trackers-Found,,,,,
www.CLIENT_X.com.pk,Essential cookies (exempt from consent),CLIENT_X - Pakistan,Beacon,blank (beacon),,,,,Existing CM Trackers-Not Found,,,,,
CLIENT_X.hr,Essential cookies (exempt from consent),CLIENT_X - Croatia,HTTP Cookie,_scid_r,,,,,Existing CM Trackers-Not Found,,,,,
snapchat.com,Targeted Advertising cookies (including social media) [Requires consent],Snap Inc.,HTTP Cookie,_ga_failed_lookup_marker_18_1168,,390,TRUE,https://www.CLIENT_X.lt/c-e/ho/lyginimas/drabuziu-garintuvai/handheld-steamer-7000-series.html,Existing CM Trackers-Found,,,,,
i.ytimg.com,Targeted Advertising cookies (including social media) [Requires consent],Google Inc.,ETag,_ga_failed_lookup_marker_18_1169,,,TRUE,https://www.CLIENT_X.lt/c-e/ho/lyginimas/descale-garment-steamers,Existing CM Trackers-Found,,,,,
CLIENT_X.lt,Essential cookies (exempt from consent),CLIENT_X - Lithuania,HTTP Cookie,_ga_failed_lookup_marker_18_1170,,,,,Existing CM Trackers-Not Found,,,,,
www.google.com,Targeted Advertising cookies (including social media) [Requires consent],Google Inc.,Beacon,_ga_failed_lookup_marker_18_1171,,,TRUE,https://www.CLIENT_X.lt/,Existing CM Trackers-Found,,,,,
CLIENT_X.no,Essential cookies (exempt from consent),CLIENT_X - Norway,HTTP Cookie,_scid_r,,,,,Existing CM Trackers-Not Found,,,,,
www.CLIENT_X.be,Essential cookies (exempt from consent),CLIENT_X - Belgium,HTTP Cookie,JSESSIONID,,0,TRUE,https://www.CLIENT_X.lt/,Existing CM Trackers-Found,,,,,
CLIENT_X.com.eg,Essential cookies (exempt from consent),CLIENT_X - Egypt,HTTP Cookie,s_cc,,,,,Existing CM Trackers-Not Found,,,,,
www.CLIENT_X.com.qa,Essential cookies (exempt from consent),CLIENT_X - Qatar,HTTP Cookie,T01-recentlyViewedProducts,,bench_update_duration,,,Existing CM Trackers-Not Found,,,,,
www.lighting.CLIENT_X.lt,Essential cookies (exempt from consent),Signify (formerly CLIENT_X Lighting),HTTP Cookie,bench_new_T2_3735,,,,,Existing CM Trackers-Not Found,,,,,
www.CLIENT_X.com.co,Essential cookies (exempt from consent),CLIENT_X - Colombia,HTTP Cookie,mdLogger,,,,,Existing CM Trackers-Not Found,,,,,
CLIENT_X.lt,Essential cookies (exempt from consent),CLIENT_X - Lithuania,HTTP Cookie,bench_new_T2_3617,,,,,Existing CM Trackers-Not Found,,,,,
www.lighting.CLIENT_X.com.pe,Essential cookies (exempt from consent),Signify (formerly CLIENT_X Lighting),HTTP Cookie,CLIENT_X,,bench_update_duration,,,Existing CM Trackers-Not Found,,,,,
eloqua.com,Essential cookies (exempt from consent),Oracle Marketing,HTTP Cookie,bench_new_T2_3798,,392,TRUE,https://www.CLIENT_X.lt/healthcare,Existing CM Trackers-Found,,,,,
www.CLIENT_X.es,Essential cookies (exempt from consent),CLIENT_X - Spain,HTTP Cookie,liveagent_sid,,bench_update_duration,,,Existing CM Trackers-Not Found,,,,,
www.static.accounts.CLIENT_X.com,Essential cookies (exempt from consent),Koninklijke CLIENT_X N.V.,JavaScript,_ga_failed_lookup_marker_18_1182,,,,,Existing CM Trackers-Not Found,,,,,
CLIENT_X.gr,Essential cookies (exempt from consent),CLIENT_X - Greece,HTTP Cookie,s_vtime,,,,,Existing CM Trackers-Not Found,,,,,
www.CLIENT_X.ca,Essential cookies (exempt from consent),CLIENT_X - Canada,HTTP Cookie,_schn2,,,,,Existing CM Trackers-Not Found,,,,,
www.tienda.CLIENT_X.cl,Essential cookies (exempt from consent),CLIENT_X - Chile,HTTP Cookie,VtexRCSessionIdv7,,,,,Existing CM Trackers-Not Found,,,,,
CLIENT_X.si,Essential cookies (exempt from consent),CLIENT_X - Slovenia,HTTP Cookie,_gat_UA-XXX,,0,TRUE,https://www.CLIENT_X.lt/c-w/pagalba/support-contact-page,Existing CM Trackers-Found,,,,,
CLIENT_X.112.2o7.net,Performance Cookies [Requires consent],Adobe Experience Cloud - Analytics,Beacon,-,,,,,Existing CM Trackers-Not Found,,,,,
www.CLIENT_X.cz,Essential cookies (exempt from consent),CLIENT_X - Czech Republic,HTTP Cookie,AWSELBCORS,,0,,,Existing CM Trackers-Not Found,,,,,
CLIENT_X.lt,Essential cookies,CLIENT_X - Lithuania,HTTP Cookie,bench_new_T2_3625,,400,,https://www.CLIENT_X.lt/,New First Party Trackers,,,,,
demdex.net,Targeted Advertising cookies (including social media) [Requires consent],"Adobe Audience Manager, Adobe Experience Cloud",HTTP Cookie,bench_new_T2_3693,,,,,Existing CM Trackers-Not Found,,,,,
www.CLIENT_X.co.jp,Essential cookies (exempt from consent),CLIENT_X Electronics Corporation Japan,HTTP Cookie,user_country,,bench_update_duration,,,Existing CM Trackers-Not Found,,,,,
imgs.signifyd.com,Performance Cookies [Requires consent],Signifyd,HTTP Cookie,thx_guid,,bench_update_duration,,,Existing CM Trackers-Not Found,,,,,
www.CLIENT_X.hr,Essential cookies (exempt from consent),CLIENT_X - Croatia,HTTP Cookie,T01-recentlyViewedProducts,,bench_update_duration,,,Existing CM Trackers-Not Found,,,,,
i.ytimg.com,Targeted Advertising cookies (including social media) [Requires consent],Google Inc.,ETag,bench_new_T2_3783,,,TRUE,https://www.CLIENT_X.lt/c-e/ho/lyginimas/descale-garment-steamers,Existing CM Trackers-Found,,,,,
www.lighting.CLIENT_X.no,Essential cookies (exempt from consent),Signify (formerly CLIENT_X Lighting),HTTP Cookie,customer_language_accept,,bench_update_duration,,,Existing CM Trackers-Not Found,,,,,
www.CLIENT_X.nl,Essential cookies (exempt from consent),CLIENT_X - Netherlands,HTTP Cookie,liveagent_ptid,,,,https://www.CLIENT_X.lt/healthcare,Existing CM Trackers-Found,,,,,
CLIENT_X.lt,Targeted Advertising cookies (including social media) [Requires consent],CLIENT_X - Lithuania,HTTP Cookie,bench_new_T2_3653,,session,TRUE,https://www.CLIENT_X.lt/,Existing CM Trackers-Found,,,,,
www.domesticappliances.CLIENT_X.co.in,Essential cookies (exempt from consent),CLIENT_X - India,HTTP Cookie,currency,,bench_update_duration,TRUE,https://www.CLIENT_X.lt/c-m-pe/plauku-salinimo-priemones/naujausi,Existing CM Trackers-Found,,,,,
youtube.com,Targeted Advertising cookies (including social media) [Requires consent],Google Advertising Products,HTTP Cookie,bench_new_T2_3633,,180,TRUE,https://www.CLIENT_X.lt/c-e/ho/oro-valytuvas-ir-oro-drekintuvas/air-matters-aplikacija.html,Existing CM Trackers-Found,,,,,
www.lighting.CLIENT_X.fr,Essential cookies (exempt from consent),Signify (formerly CLIENT_X Lighting),HTTP Cookie,AWSELBCORS,,bench_update_duration,TRUE,https://www.CLIENT_X.lt/,Existing CM Trackers-Found,,,,,
consent.trustarc.com,Essential cookies (exempt from consent),TrustArc,JavaScript,_ga_failed_lookup_marker_18_1201,,,TRUE,https://www.CLIENT_X.lt/,Existing CM Trackers-Found,,,,,
CLIENT_X.de,Essential cookies (exempt from consent),CLIENT_X - Germany,HTTP Cookie,s_eVar8,,bench_update_duration,TRUE,https://www.CLIENT_X.lt/,Existing CM Trackers-Found,,,,,
www.CLIENT_X.com.vn,Essential cookies (exempt from consent),CLIENT_X - Vietnam,HTTP Cookie,mdLogger,,,,,Existing CM Trackers-Not Found,,,,,
www.lighting.CLIENT_X.lt,Essential cookies (exempt from consent),Signify (formerly CLIENT_X Lighting),JavaScript,_ga_failed_lookup_marker_18_1204,,,,,Existing CM Trackers-Not Found,,,,,
www.dictation.CLIENT_X.com,Essential cookies (exempt from consent),Koninklijke CLIENT_X N.V.,HTTP Cookie,fe_typo_user,,,,https://www.CLIENT_X.lt/c-f/XC000021443/mano-%E2%80%9ECLIENT_X%E2%80%9C-bok%C5%A1tinis-ventiliatorius-vibruodamas-skleid%C5%BEia-ne%C4%AFprast%C4%85-triuk%C5%A1m%C4%85,New Third Party Trackers,,,,,
www.lighting.CLIENT_X.co.kr,Essential cookies (exempt from consent),Signify (formerly CLIENT_X Lighting),HTTP Cookie,ltc_cf,,session,TRUE,https://www.CLIENT_X.lt/c-e/ho/oro-valytuvas-ir-oro-drekintuvas/air-matters-aplikacija.html,Existing CM Trackers-Found,,,,,
CLIENT_X.hr,Essential cookies (exempt from consent),CLIENT_X - Croatia,HTTP Cookie,s_cm_direct,,bench_update_duration,,,Existing CM Trackers-Not Found,,,,,
www.CLIENT_X.com.my,Essential cookies (exempt from consent),CLIENT_X - Malaysia,HTTP Cookie,eddl_itc_list,,,,,Existing CM Trackers-Not Found,,,,,
CLIENT_X.nl,Essential cookies (exempt from consent),CLIENT_X - Netherlands,HTTP Cookie,TAsessionID,,,,,Existing CM Trackers-Not Found,,,,,
shop.CLIENT_X.lt,Essential cookies (exempt from consent),CLIENT_X - Lithuania,HTTP Cookie,TAsessionID,,bench_update_duration,TRUE,https://www.CLIENT_X.lt/c-w/pagalba/support-contact-page,Existing CM Trackers-Found,,,,,
www.CLIENT_X.com.kw,Essential cookies (exempt from consent),CLIENT_X - Kuwait,HTTP Cookie,AWSELB,,0,TRUE,https://www.CLIENT_X.lt/c-e/ho/lyginimas/drabuziu-garintuvai/handheld-steamer-7000-series.html,Existing CM Trackers-Found,,,,,
CLIENT_X.lt,Essential cookies (exempt from consent),CLIENT_X - Lithuania,HTTP Cookie,bench_new_T2_3769,,,,,Existing CM Trackers-Not Found,,,,,
CLIENT_X.hr,Essential cookies (exempt from consent),CLIENT_X - Croatia,HTTP Cookie,test,,,,,Existing CM Trackers-Not Found,,,,,
analytics.tiktok.com,Targeted Advertising cookies (including social media) [Requires consent],TikTok,Beacon,bench_new_T2_3684,,,TRUE,https://www.CLIENT_X.lt/,Existing CM Trackers-Found,,,,,
lighting.CLIENT_X.ru,Essential cookies (exempt from consent),Signify (formerly CLIENT_X Lighting),HTTP Cookie,s_vs,,396,TRUE,https://www.CLIENT_X.lt/a-w/naudojimo_salygos,Existing CM Trackers-Found,,,,,
CLIENT_X.com.pk,Essential cookies (exempt from consent),CLIENT_X - Pakistan,HTTP Cookie,_fbp,,bench_update_duration,,https://www.CLIENT_X.lt/c-e/ho/oro-valytuvas-ir-oro-drekintuvas/air-matters-aplikacija.html,New Third Party Trackers,,,,,
www.google.com,Essential cookies (exempt from consent),Google Inc.,Local Storage,rc::a,,,TRUE,https://www.CLIENT_X.lt/c-e/ho/airfryer-accessories.html,Existing CM Trackers-Found,,,,,
www.lighting.CLIENT_X.lt,Essential cookies (exempt from consent),Signify (formerly CLIENT_X Lighting),HTTP Cookie,_ga_failed_lookup_marker_18_1218,,,,,Existing CM Trackers-Not Found,,,,,
lighting.CLIENT_X.ma,Essential cookies (exempt from consent),Signify (formerly CLIENT_X Lighting),HTTP Cookie,s_cc,,bench_update_duration,,,Existing CM Trackers-Not Found,,,,,
www.lighting.CLIENT_X.cl,Essential cookies (exempt from consent),Signify (formerly CLIENT_X Lighting),ETag,blank (etag),,bench_update_duration,,,Existing CM Trackers-Not Found,,,,,
www.lighting.CLIENT_X.com.my,Essential cookies (exempt from consent),Signify (formerly CLIENT_X Lighting),Beacon,blank (beacon),,bench_update_duration,,,Existing CM Trackers-Not Found,,,,,
CLIENT_X.lt,Essential cookies (exempt from consent),CLIENT_X - Lithuania,HTTP Cookie,_ga_failed_lookup_marker_18_1222,,session,TRUE,https://www.CLIENT_X.lt/,Existing CM Trackers-Found,,,,,
CLIENT_X.lt,Essential cookies (exempt from consent),CLIENT_X - Lithuania,HTTP Cookie,s_nrpv,,,,,Existing CM Trackers-Not Found,,,,,
CLIENT_X.com.tw,Essential cookies (exempt from consent),CLIENT_X - Taiwan,HTTP Cookie,_gid,,,,,Existing CM Trackers-Not Found,,,,,
www.CLIENT_X.co.uk,Essential cookies (exempt from consent),CLIENT_X - United Kingdom,HTTP Cookie,p-hc-catg,,,,,Existing CM Trackers-Not Found,,,,,
CLIENT_X.no,Essential cookies (exempt from consent),CLIENT_X - Norway,HTTP Cookie,_gcl_au,,396,TRUE,https://www.CLIENT_X.lt/a-w/naudojimo_salygos,Existing CM Trackers-Found,,,,,
lighting.CLIENT_X.com.tw,Essential cookies (exempt from consent),Signify (formerly CLIENT_X Lighting),HTTP Cookie,aam_uuid,,,TRUE,https://www.CLIENT_X.lt/c-u/at_book_755999/SCD971SCD973NightOwl2_0onlineEU,Existing CM Trackers-Found,,,,,
www.CLIENT_X.com.tr,Essential cookies (exempt from consent),CLIENT_X - Turkey,HTTP Cookie,TR_Pub-cartstatus-com,,bench_update_duration,,,Existing CM Trackers-Not Found,,,,,
CLIENT_X.cl,Essential cookies (exempt from consent),CLIENT_X - Chile,HTTP Cookie,s_ugv,,bench_update_duration,TRUE,https://www.CLIENT_X.lt/c-e/benefits.html,Existing CM Trackers-Found,,,,,
CLIENT_X.fr,Essential cookies (exempt from consent),CLIENT_X - France,HTTP Cookie,s_vtime,,bench_update_duration,,,Existing CM Trackers-Not Found,,,,,
CLIENT_X.com.br,Essential cookies (exempt from consent),CLIENT_X - Brazil,HTTP Cookie,s_gnr,,bench_update_duration,,,Existing CM Trackers-Not Found,,,,,
www.CLIENT_X.ro,Essential cookies (exempt from consent),CLIENT_X - Romania,HTTP Cookie,p-hc-catg,,,,,Existing CM Trackers-Not Found,,,,,
www.CLIENT_X.hu,Essential cookies (exempt from consent),CLIENT_X - Hungary,HTTP Cookie,kampylePageLoadedTimestamp,,,,,Existing CM Trackers-Not Found,,,,,
www.lighting.CLIENT_X.com,Performance cookies [Requires consent],Signify (formerly CLIENT_X Lighting),ETag,bench_new_T2_3717,,,,,Existing CM Trackers-Not Found,,,,,
CLIENT_X.lt,Essential cookies (exempt from consent),CLIENT_X - Lithuania,HTTP Cookie,bench_new_T2_3780,,90,TRUE,https://www.CLIENT_X.lt/,Existing CM Trackers-Found,,,,,
CLIENT_X.com.au,Essential cookies (exempt from consent),CLIENT_X - Australia,HTTP Cookie,com.adobe.alloy.getTld,,session,TRUE,https://www.CLIENT_X.lt/c-u/at_book_755999/SCD971SCD973NightOwl2_0onlineEU,Existing CM Trackers-Found,,,,,
CLIENT_X.no,Essential cookies (exempt from consent),CLIENT_X - Norway,HTTP Cookie,_schn1,,,TRUE,https://www.CLIENT_X.lt/a-w/naudojimo_salygos,Existing CM Trackers-Found,,,,,
www.google.com,Essential cookies (exempt from consent),Google Inc.,HTTP Cookie,_GRECAPTCHA,,bench_update_duration,,,Existing CM Trackers-Not Found,,,,,
www.loja.CLIENT_X.com.br,Essential cookies (exempt from consent),CLIENT_X - Brazil,HTTP Cookie,VtexRCSessionIdv7,,,,,Existing CM Trackers-Not Found,,,,,
acc.usa.CLIENT_X.com,Essential cookies (exempt from consent),Koninklijke CLIENT_X N.V.,HTTP Cookie,eddl_gtm_qe_session_start_6523424625,,,,,Existing CM Trackers-Not Found,,,,,
stg.CLIENT_X.co.id,Essential cookies (exempt from consent),CLIENT_X - Indonesia,HTTP Cookie,AWSELB,,0,TRUE,https://www.CLIENT_X.lt/c-e/benefits.html,Existing CM Trackers-Found,,,,,
consent-pref.trustarc.com,Essential cookies (exempt from consent),TrustArc,ETag,-,,bench_update_duration,,https://www.CLIENT_X.lt/c-e/benefits.html,New First Party Trackers,,,,,
www.CLIENT_X.ie,Essential cookies (exempt from consent),CLIENT_X - Ireland,HTTP Cookie,kampyleUserSession,,,TRUE,https://www.CLIENT_X.lt/c-e/ho/airfryer-accessories.html,Existing CM Trackers-Found,,,,,
www.lighting.CLIENT_X.co.za,Essential cookies (exempt from consent),Signify (formerly CLIENT_X Lighting),HTTP Cookie,AWSELB,,0,TRUE,https://www.CLIENT_X.lt/a-w/naudojimo_salygos,Existing CM Trackers-Found,,,,,
lighting.CLIENT_X.sa,Essential cookies (exempt from consent),Signify (formerly CLIENT_X Lighting),HTTP Cookie,s_ppvl,,,,,Existing CM Trackers-Not Found,,,,,
linksynergy.com,Targeted Advertising Cookies (including social media) [Requires consent],Rakuten Marketing LLC,HTTP Cookie,rmuid,,bench_update_duration,TRUE,https://www.CLIENT_X.lt/,Existing CM Trackers-Found,,,,,
api.tumblr.com,Targeted Advertising Cookies (including social media) [Requires consent],Tumblr,JavaScript,-,,,,,Existing CM Trackers-Not Found,,,,,
www.CLIENT_X.nl,Essential cookies (exempt from consent),CLIENT_X - Netherlands,HTTP Cookie,T01-recentlyViewedProducts,,bench_update_duration,TRUE,https://www.CLIENT_X.lt/c-e/blog.html,Existing CM Trackers-Found,,,,,
www.CLIENT_X.com.ar,Essential cookies (exempt from consent),CLIENT_X - Argentina,HTTP Cookie,_schn3,,bench_update_duration,,,Existing CM Trackers-Not Found,,,,,
ssl-static.janraincapture.com,Performance Cookies [Requires consent],Akamai,JavaScript,-,,session,TRUE,https://www.CLIENT_X.lt/,Existing CM Trackers-Found,,,,,
CLIENT_X.co.nz,Essential cookies (exempt from consent),CLIENT_X - New Zealand,HTTP Cookie,_gat_UA-XXX,,bench_update_duration,,,Existing CM Trackers-Not Found,,,,,
www.CLIENT_X.fi,Essential cookies (exempt from consent),CLIENT_X - Finland,HTTP Cookie,kampyleUserPercentile,,bench_update_duration,,,Existing CM Trackers-Not Found,,,,,
www.CLIENT_X.it,Essential cookies (exempt from consent),CLIENT_X - Italy,HTTP Cookie,user_country,,180,TRUE,https://www.CLIENT_X.lt/c-e/ho/oro-valytuvas-ir-oro-drekintuvas/air-matters-aplikacija.html,Existing CM Trackers-Found,,,,,
CLIENT_X.com.kw,Essential cookies (exempt from consent),CLIENT_X - Kuwait,HTTP Cookie,zScalerUser,,,,,Existing CM Trackers-Not Found,,,,,
www.lighting.CLIENT_X.gr,Essential cookies (exempt from consent),Signify (formerly CLIENT_X Lighting),ETag,blank (etag),,,,,Existing CM Trackers-Not Found,,,,,
www.lighting.CLIENT_X.ch,Essential cookies (exempt from consent),Signify (formerly CLIENT_X Lighting),Local Storage,blank (local storage),,bench_update_duration,,,Existing CM Trackers-Not Found,,,,,
www.lighting.CLIENT_X.com.hk,Essential cookies (exempt from consent),CLIENT_X - Hong Kong,HTTP Cookie,AWSELBCORS,,0,TRUE,https://www.CLIENT_X.lt/c-p/AC3829_10,Existing CM Trackers-Found,,,,,
assets.adobedtm.com,Performance cookies [Requires consent],Adobe Inc.,ETag,_ga_failed_lookup_marker_18_1258,,,,,Existing CM Trackers-Not Found,,,,,
CLIENT_X.com.pk,Essential cookies (exempt from consent),CLIENT_X - Pakistan,HTTP Cookie,BCSessionID,,,TRUE,https://www.CLIENT_X.lt/,Existing CM Trackers-Found,,,,,
www.CLIENT_X.com.sg,Essential cookies (exempt from consent),CLIENT_X - Singapore,HTTP Cookie,_scid_r,,bench_update_duration,TRUE,https://www.CLIENT_X.lt/,Existing CM Trackers-Found,,,,,
CLIENT_X.com.pk,Essential cookies (exempt from consent),CLIENT_X - Pakistan,HTTP Cookie,_gat_UA-XXX,,bench_update_duration,,,Existing CM Trackers-Not Found,,,,,
doubleclick.net,Targeted Advertising cookies (including social media) [Requires consent],Google Advertising Products,HTTP Cookie,_ga_failed_lookup_marker_18_1262,,0,TRUE,https://www.CLIENT_X.lt/,Existing CM Trackers-Found,,,,,
www.CLIENT_X.lt,Essential cookies (exempt from consent),CLIENT_X - Lithuania,HTTP Cookie,_ga_failed_lookup_marker_18_1263,,365,TRUE,https://www.CLIENT_X.lt/c-e/benefits.html,Existing CM Trackers-Found,,,,,
chat56.live800.com,Performance Cookies [Requires consent],Live800,HTTP Cookie,JSESSIONID,,session,,,Existing CM Trackers-Not Found,,,,,
www.loja.CLIENT_X.com.br,Essential cookies (exempt from consent),CLIENT_X - Brazil,HTTP Cookie,janus_sid,,session,TRUE,https://www.CLIENT_X.lt/,Existing CM Trackers-Found,,,,,
www.photometrics.lighting.CLIENT_X.com,Essential cookies (exempt from consent),Signify (formerly CLIENT_X Lighting),ETag,-,,0,TRUE,https://www.CLIENT_X.lt/,Existing CM Trackers-Found,,,,,
www.CLIENT_X.cz,Performance Cookies [Requires consent],CLIENT_X - Czech Republic,ETag,-,,bench_update_duration,TRUE,https://www.CLIENT_X.lt/c-e/benefits.html,Existing CM Trackers-Found,,,,,
www.clarity.ms,Performance Cookies [Requires consent],Microsoft,ETag,-,,bench_update_duration,TRUE,https://www.CLIENT_X.lt/c-e/benefits.html,Existing CM Trackers-Found,,,,,
CLIENT_X.co.za,Essential cookies (exempt from consent),CLIENT_X - South Africa,HTTP Cookie,_tt_enable_cookie,,bench_update_duration,,,Existing CM Trackers-Found,,,,,
www.shop.CLIENT_X.lt,Essential cookies (exempt from consent),CLIENT_X - Lithuania,HTTP Cookie,bench_new_T2_3757,,,,,Existing CM Trackers-Not Found,,,,,
CLIENT_X.ru,Essential cookies (exempt from consent),CLIENT_X - Russia,HTTP Cookie,s_vtime,,bench_update_duration,,https://www.CLIENT_X.lt/,New First Party Trackers,,,,,
CLIENT_X.com.hk,Essential cookies (exempt from consent),CLIENT_X - Hong Kong,HTTP Cookie,_gat_UA-XXX,,0,,,Existing CM Trackers-Not Found,,,,,
www.CLIENT_X.lt,Essential cookies (exempt from consent),CLIENT_X - Lithuania,HTTP Cookie,_ga_failed_lookup_marker_18_1273,,365,TRUE,https://www.CLIENT_X.lt/c-e/benefits.html,Existing CM Trackers-Found,,,,,
lighting.CLIENT_X.de,Essential cookies (exempt from consent),Signify (formerly CLIENT_X Lighting),HTTP Cookie,_mkto_trk,,bench_update_duration,,,Existing CM Trackers-Not Found,,,,,
CLIENT_X.hr,Essential cookies (exempt from consent),CLIENT_X - Croatia,HTTP Cookie,_gcl_au,,bench_update_duration,,,Existing CM Trackers-Not Found,,,,,
tiktok.com,Targeted Advertising cookies (including social media) [Requires consent],TikTok,HTTP Cookie,_ga_failed_lookup_marker_18_1276,,90,TRUE,https://www.CLIENT_X.lt/,Existing CM Trackers-Found,,,,,
tr.snapchat.com,Targeted Advertising cookies (including social media) [Requires consent],Snap Inc.,JavaScript,_ga_failed_lookup_marker_18_1277,,,TRUE,https://www.CLIENT_X.lt/c-e/ho/dulkiu-siurbliai-sluotos/dulkiu-siurblys-sluota/cordless-vc-series-8000-aqua,Existing CM Trackers-Found,,,,,
consent-st.trustarc.com,Essential cookies (exempt from consent),TrustArc,JavaScript,_ga_failed_lookup_marker_18_1278,,,,,Existing CM Trackers-Not Found,,,,,
shop.CLIENT_X.com.hk,Essential cookies (exempt from consent),CLIENT_X - Hong Kong,HTTP Cookie,TAsessionID,,,,https://www.CLIENT_X.lt/c-f/XC000003591/kokius-patiekalus-galima-gaminti-%E2%80%9ECLIENT_X-airfryer%E2%80%9C,New Third Party Trackers,,,,,
www.usa.CLIENT_X.com,Essential cookies (exempt from consent),Koninklijke CLIENT_X N.V.,HTTP Cookie,__attentive_ss_referrer,,bench_update_duration,,,Existing CM Trackers-Not Found,,,,,
www.lighting.CLIENT_X.com.ph,Essential cookies (exempt from consent),CLIENT_X - Philippines,HTTP Cookie,AWSELBCORS,,0,,https://www.CLIENT_X.lt/c-e/benefits.html,New First Party Trackers,,,,,
adservice.google.com,Targeted Advertising cookies (including social media) [Requires consent],Google Advertising Products,Beacon,bench_new_T2_3614,,,TRUE,https://www.CLIENT_X.lt/,Existing CM Trackers-Found,,,,,
www.CLIENT_X.hr,Essential cookies (exempt from consent),CLIENT_X - Croatia,HTTP Cookie,eddl_gtm_qe_session_start_6523424625,,bench_update_duration,,,Existing CM Trackers-Not Found,,,,,
www.CLIENT_X.dk,Essential cookies (exempt from consent),CLIENT_X - Denmark,JavaScript,blank (java),,bench_update_duration,,,Existing CM Trackers-Not Found,,,,,
nebula-cdn.kampyle.com,Performance cookies [Requires consent],Medallia,JavaScript,bench_new_T2_3651,,,TRUE,https://www.CLIENT_X.lt/,Existing CM Trackers-Found,,,,,
eloqua.com,Targeted Advertising Cookies (including social media) [Requires consent],Oracle Marketing,HTTP Cookie,ELOQUA,,bench_update_duration,TRUE,https://www.CLIENT_X.lt/c-w/pagalba/support-contact-page,Existing CM Trackers-Found,,,,,
www.CLIENT_X.com.pe,Essential cookies (exempt from consent),CLIENT_X - Peru,HTTP Cookie,kampyleUserSessionsCount,,bench_update_duration,TRUE,https://www.CLIENT_X.lt/c-e/blog.html,Existing CM Trackers-Found,,,,,
CLIENT_X.sa,Essential cookies (exempt from consent),CLIENT_X - Kingdom of Saudi Arabia,HTTP Cookie,zScalerUser,,,,,Existing CM Trackers-Not Found,,,,,
lighting.CLIENT_X.com.tw,Essential cookies (exempt from consent),Signify (formerly CLIENT_X Lighting),HTTP Cookie,s_pv,,bench_update_duration,TRUE,https://www.CLIENT_X.lt/healthcare,Existing CM Trackers-Found,,,,,
www.supplierinnovation.CLIENT_X.com,Essential cookies (exempt from consent),Koninklijke CLIENT_X N.V.,HTTP Cookie,_gid,,,,https://www.CLIENT_X.lt/healthcare/clinical-solutions/alarm-management,New Third Party Trackers,,,,,
CLIENT_X.lt,Essential cookies (exempt from consent),CLIENT_X - Lithuania,HTTP Cookie,_ga_failed_lookup_marker_18_1291,,400,TRUE,https://www.CLIENT_X.lt/,Existing CM Trackers-Found,,,,,
www.assets.signify.com,Performance cookies [Requires consent],Signify (formerly CLIENT_X Lighting),ETag,_ga_failed_lookup_marker_18_1292,,,,,Existing CM Trackers-Not Found,,,,,
*.t.eloqua.com,Targeted Advertising cookies (including social media) [Requires consent],Oracle Marketing,Beacon,_ga_failed_lookup_marker_18_1293,,,,https://www.CLIENT_X.lt/healthcare,Existing CM Trackers-Found,,,,,
cenarius.orangeclickmedia.com,Targeted Advertising Cookies (including social media) [Requires consent],ORANGE CLICK MEDIA & COMMERCE LTD,HTTP Cookie,a749381,,62,TRUE,https://www.CLIENT_X.lt/,Existing CM Trackers-Found,,,,,
www.CLIENT_X.co.kr,Essential cookies (exempt from consent),CLIENT_X - Korea,HTTP Cookie,AWSELBCORS,,0,TRUE,https://www.CLIENT_X.lt/,Existing CM Trackers-Found,,,,,
CLIENT_X.lt,Essential cookies (exempt from consent),CLIENT_X - Lithuania,HTTP Cookie,_ga_failed_lookup_marker_18_1296,,393,TRUE,https://www.CLIENT_X.lt/,Existing CM Trackers-Found,,,,,
www.tienda.CLIENT_X.com.mx,Essential cookies (exempt from consent),CLIENT_X - Mexico,HTTP Cookie,BVImplmain_site,,,,,Existing CM Trackers-Not Found,,,,,
CLIENT_X.com.kw,Essential cookies (exempt from consent),CLIENT_X - Kuwait,HTTP Cookie,s_eVar8,,bench_update_duration,,,Existing CM Trackers-Not Found,,,,,
www.lighting.CLIENT_X.ie,Essential cookies (exempt from consent),Signify (formerly CLIENT_X Lighting),JavaScript,blank (java),,bench_update_duration,,,Existing CM Trackers-Not Found,,,,,
www.CLIENT_X.pl,Essential cookies (exempt from consent),CLIENT_X - Poland,HTTP Cookie,__rtbh.lid,,bench_update_duration,TRUE,https://www.CLIENT_X.lt/,Existing CM Trackers-Found,,,,,
www.googletagmanager.com,Performance cookies [Requires consent],Google Inc.,Beacon,_ga_failed_lookup_marker_18_1301,,,TRUE,https://www.CLIENT_X.lt/c-e/benefits.html,Existing CM Trackers-Found,,,,,
c.amazon-adsystem.com,Targeted Advertising cookies (including social media) [Requires consent],Amazon Ads,ETag,_ga_failed_lookup_marker_18_1302,,,,,Existing CM Trackers-Not Found,,,,,
CLIENT_X.com.au,Essential cookies (exempt from consent),CLIENT_X - Australia,HTTP Cookie,TEST_AMCV_COOKIE_WRITE,,0,,,Existing CM Trackers-Not Found,,,,,
www.lighting.CLIENT_X.ie,Essential cookies (exempt from consent),Signify (formerly CLIENT_X Lighting),HTTP Cookie,customer_country,,bench_update_duration,,,Existing CM Trackers-Not Found,,,,,
CLIENT_X.lv,Essential cookies (exempt from consent),CLIENT_X - Latvia,HTTP Cookie,li_cm_prefs_session,,,,,Existing CM Trackers-Not Found,,,,,
CLIENT_X.com.pk,Essential cookies (exempt from consent),CLIENT_X - Pakistan,HTTP Cookie,s_pv,,90,,https://www.CLIENT_X.lt/,New First Party Trackers,,,,,
ssl.ceneo.pl,Targeted Advertising Cookies (including social media) [Requires consent],Ceneo.pl,JavaScript,-,,,,,Existing CM Trackers-Not Found,,,,,
CLIENT_X.at,Essential cookies (exempt from consent),CLIENT_X - Austria,HTTP Cookie,s_cm,,0,,,Existing CM Trackers-Not Found,,,,,
images.CLIENT_X.com,Essential cookies (exempt from consent),Koninklijke CLIENT_X N.V.,JavaScript,_ga_failed_lookup_marker_18_1309,,,TRUE,https://www.CLIENT_X.lt/healthcare/product/881120,Existing CM Trackers-Found,,,,,
i.ytimg.com,Targeted Advertising cookies (including social media) [Requires consent],Google Inc.,ETag,bench_new_T2_3672,,,TRUE,https://www.CLIENT_X.lt/c-e/ho/lyginimas/descale-garment-steamers,Existing CM Trackers-Found,,,,,
CLIENT_X.co.kr,Essential cookies (exempt from consent),CLIENT_X - Korea,HTTP Cookie,TAsessionID,,bench_update_duration,,,Existing CM Trackers-Not Found,,,,,
s1065054172.t.eloqua.com,Targeted Advertising Cookies (including social media) [Requires consent],Oracle Marketing,Beacon,-,,session,TRUE,https://www.CLIENT_X.lt/,Existing CM Trackers-Found,,,,,
CLIENT_X.si,Essential cookies (exempt from consent),CLIENT_X - Slovenia,HTTP Cookie,_gid,,session,TRUE,https://www.CLIENT_X.lt/,Existing CM Trackers-Found,,,,,
gwarancjaksenon.CLIENT_X.pl,Essential cookies (exempt from consent),CLIENT_X - Poland,HTTP Cookie,TAsessionID,,bench_update_duration,,,Existing CM Trackers-Not Found,,,,,
CLIENT_X.co.ke,Essential cookies (exempt from consent),CLIENT_X - Kenya,HTTP Cookie,_fbp,,,TRUE,https://www.CLIENT_X.lt/c-w/pagalba/support-contact-page,Existing CM Trackers-Found,,,,,
www.CLIENT_X.de,Essential cookies (exempt from consent),CLIENT_X - Germany,HTTP Cookie,ws-id,,bench_update_duration,,,Existing CM Trackers-Not Found,,,,,
ib.adnxs.com,Targeted Advertising Cookies (including social media) [Requires consent],"Xandr, Inc.",Beacon,-,,bench_update_duration,,,Existing CM Trackers-Not Found,,,,,
CLIENT_X.com.ph,Essential cookies (exempt from consent),CLIENT_X - Philippines,HTTP Cookie,TEST_AMCV_COOKIE,,,,,Existing CM Trackers-Not Found,,,,,
www.CLIENT_X.ru,Essential cookies (exempt from consent),CLIENT_X - Russia,Local Storage,blank (local storage),,,,,Existing CM Trackers-Not Found,,,,,
www.lighting.CLIENT_X.hr,Essential cookies (exempt from consent),Signify (formerly CLIENT_X Lighting),Local Storage,blank (local storage),,bench_update_duration,,,Existing CM Trackers-Not Found,,,,,
beacon.cdn.qq.com,Performance Cookies [Requires consent],Tencent - QQ.com,JavaScript,-,,bench_update_duration,,https://www.CLIENT_X.lt/c-m-ho/kava/pusiau-automatinis-espreso-aparatas,New Third Party Trackers,,,,,
app.cdn.91app.com,Performance Cookies [Requires consent],91App,ETag,-,,bench_update_duration,,,Existing CM Trackers-Not Found,,,,,
www.gwarancjaksenon.CLIENT_X.pl,Essential cookies (exempt from consent),CLIENT_X - Poland,HTTP Cookie,AWSALB,,390,TRUE,https://www.CLIENT_X.lt/,Existing CM Trackers-Found,,,,,
sync.outbrain.com,Targeted Advertising Cookies (including social media) [Requires consent],Outbrain,Beacon,-,,bench_update_duration,TRUE,https://www.CLIENT_X.lt/c-e/ho/oro-valytuvas-ir-oro-drekintuvas/air-matters-aplikacija.html,Existing CM Trackers-Found,,,,,
c.amazon-adsystem.com,Targeted Advertising cookies (including social media) [Requires consent],Amazon Ads,JavaScript,bench_new_T2_3694,,,,,Existing CM Trackers-Not Found,,,,,
www.CLIENT_X.sk,Essential cookies (exempt from consent),CLIENT_X - Slovakia,HTTP Cookie,kampyleUserSessionsCount,,,,,Existing CM Trackers-Not Found,,,,,
CLIENT_X.co.uk,Essential cookies (exempt from consent),CLIENT_X - United Kingdom,HTTP Cookie,TEST_AMCV_COOKIE,,,,,Existing CM Trackers-Not Found,,,,,
www.CLIENT_X.com.cn,Essential cookies (exempt from consent),CLIENT_X - China,HTTP Cookie,eddl_gtm_qe_session_start_6523424625,,bench_update_duration,TRUE,https://www.CLIENT_X.lt/c-e/ho/airfryer-accessories.html,Existing CM Trackers-Found,,,,,
CLIENT_X.com,Essential cookies (exempt from consent),Koninklijke CLIENT_X N.V.,HTTP Cookie,_ga_failed_lookup_marker_18_1329,,,,,Existing CM Trackers-Not Found,,,,,
CLIENT_X.it,Essential cookies (exempt from consent),CLIENT_X - Italy,HTTP Cookie,s_nrpv,,bench_update_duration,,,Existing CM Trackers-Not Found,,,,,
CLIENT_X.jo,Essential cookies (exempt from consent),CLIENT_X - Jordan,HTTP Cookie,s_ugv,,bench_update_duration,TRUE,https://www.CLIENT_X.lt/,Existing CM Trackers-Found,,,,,
CLIENT_X.bg,Essential cookies (exempt from consent),CLIENT_X - Bulgaria,HTTP Cookie,_schn1,,bench_update_duration,TRUE,https://www.CLIENT_X.lt/,Existing CM Trackers-Found,,,,,
static.maksekeskus.ee,Performance Cookies [Requires consent],Maksekeskus AS,ETag,-,,365,TRUE,https://www.CLIENT_X.lt/c-e/benefits.html,Existing CM Trackers-Found,,,,,
www.shop.CLIENT_X.lt,Essential cookies (exempt from consent),CLIENT_X - Lithuania,HTTP Cookie,_ga_failed_lookup_marker_18_1334,,,,,Existing CM Trackers-Not Found,,,,,
www.CLIENT_X.be,Essential cookies (exempt from consent),CLIENT_X - Belgium,HTTP Cookie,eddl_gtm_qe_session_start_6523424625,,729,TRUE,https://www.CLIENT_X.lt/c-e/ho/airfryer-accessories.html,Existing CM Trackers-Found,,,,,
www.mylife.CLIENT_X.com.cn,Essential cookies (exempt from consent),CLIENT_X - China,HTTP Cookie,BMAP_SECKEY,,bench_update_duration,,,Existing CM Trackers-Not Found,,,,,
CLIENT_X.com.gh,Essential cookies (exempt from consent),CLIENT_X - Ghana,HTTP Cookie,s_cm_direct,,bench_update_duration,,,Existing CM Trackers-Not Found,,,,,
www.lighting.CLIENT_X.lt,Essential cookies (exempt from consent),Signify (formerly CLIENT_X Lighting),JavaScript,_ga_failed_lookup_marker_18_1338,,,,,Existing CM Trackers-Not Found,,,,,
CLIENT_X.dk,Essential cookies (exempt from consent),CLIENT_X - Denmark,HTTP Cookie,s_eVar44,,bench_update_duration,TRUE,https://www.CLIENT_X.lt/c-e/ho/airfryer-accessories.html,Existing CM Trackers-Found,,,,,
www.lighting.CLIENT_X.lt,Essential cookies (exempt from consent),Signify (formerly CLIENT_X Lighting),HTTP Cookie,_ga_failed_lookup_marker_18_1340,,,,,Existing CM Trackers-Not Found,,,,,
www.CLIENT_X.sa,Essential cookies (exempt from consent),CLIENT_X - Kingdom of Saudi Arabia,HTTP Cookie,AWSELBCORS,,bench_update_duration,,,Existing CM Trackers-Not Found,,,,,
www.CLIENT_X.co.ke,Essential cookies (exempt from consent),CLIENT_X - Kenya,HTTP Cookie,p-gc35,,,TRUE,https://www.CLIENT_X.lt/,Existing CM Trackers-Found,,,,,
www.CLIENT_X.co.za,Essential cookies (exempt from consent),CLIENT_X - South Africa,HTTP Cookie,AWSELBCORS,,0,TRUE,https://www.CLIENT_X.lt/c-e/ho/lyginimas/drabuziu-garintuvai/handheld-steamer-7000-series.html,Existing CM Trackers-Found,,,,,
www.lighting.CLIENT_X.cl,Essential cookies (exempt from consent),Signify (formerly CLIENT_X Lighting),HTTP Cookie,customer_country,,,,https://www.CLIENT_X.lt/healthcare,Existing CM Trackers-Found,,,,,
www.lighting.CLIENT_X.pt,Essential cookies (exempt from consent),Signify (formerly CLIENT_X Lighting),HTTP Cookie,AWSELB,,bench_update_duration,TRUE,https://www.CLIENT_X.lt/,Existing CM Trackers-Found,,,,,
www.lighting.CLIENT_X.com,Performance cookies [Requires consent],Signify (formerly CLIENT_X Lighting),JavaScript,_ga_failed_lookup_marker_18_1346,,,,,Existing CM Trackers-Not Found,,,,,
www.powersensormonitor.CLIENT_X.com,Essential cookies (exempt from consent),Koninklijke CLIENT_X N.V.,JavaScript,blank (java),,,TRUE,https://www.CLIENT_X.lt/,Existing CM Trackers-Found,,,,,
www.lighting.CLIENT_X.it,Essential cookies (exempt from consent),Signify (formerly CLIENT_X Lighting),Local Storage,blank (local storage),,session,TRUE,https://www.CLIENT_X.lt/c-e/ho/oro-valytuvas-ir-oro-drekintuvas/air-matters-aplikacija.html,Existing CM Trackers-Found,,,,,
www.CLIENT_X.co.kr,Essential cookies (exempt from consent),CLIENT_X - Korea,HTTP Cookie,_sdsat_pgm_optin,,,,https://www.CLIENT_X.lt/healthcare/about/support/resource-center/results,New Third Party Trackers,,,,,
nova.collect.igodigital.com,Targeted Advertising Cookies (including social media) [Requires consent],Salesforce Marketing Cloud,ETag,-,,bench_update_duration,TRUE,https://www.CLIENT_X.lt/c-e/benefits.html,Existing CM Trackers-Found,,,,,
www.usa.CLIENT_X.com,Essential cookies (exempt from consent),Koninklijke CLIENT_X N.V.,HTTP Cookie,p-hc-specialty,,,,,Existing CM Trackers-Not Found,,,,,
CLIENT_X.co.jp,Essential cookies (exempt from consent),CLIENT_X Electronics Corporation Japan,HTTP Cookie,_fbp,,bench_update_duration,TRUE,https://www.CLIENT_X.lt/a-w/naudojimo_salygos,Existing CM Trackers-Found,,,,,
CLIENT_X.com.au,Essential cookies (exempt from consent),CLIENT_X - Australia,HTTP Cookie,_schn2,,session,TRUE,https://www.CLIENT_X.lt/a-w/naudojimo_salygos,Existing CM Trackers-Found,,,,,
mercadopago.com.mx,Performance Cookies [Requires consent],Mercado Pago - Mexico,HTTP Cookie,_d2id,,364,,,Existing CM Trackers-Not Found,,,,,
www.CLIENT_X.com.ar,Essential cookies (exempt from consent),CLIENT_X - Argentina,HTTP Cookie,p-gc35,,bench_update_duration,,,Existing CM Trackers-Not Found,,,,,
CLIENT_X.bg,Essential cookies (exempt from consent),CLIENT_X - Bulgaria,HTTP Cookie,s_ugv,,session,TRUE,https://www.CLIENT_X.lt/,Existing CM Trackers-Found,,,,,
display.ugc.bazaarvoice.com,Performance cookies [Requires consent],"Bazaarvoice, Inc.",JavaScript,bench_new_T2_3600,,,,,Existing CM Trackers-Not Found,,,,,
CLIENT_X.com.hk,Essential cookies (exempt from consent),CLIENT_X - Hong Kong,HTTP Cookie,s_cc,,session,TRUE,https://www.CLIENT_X.lt/,Existing CM Trackers-Found,,,,,
lighting.CLIENT_X.de,Essential cookies (exempt from consent),Signify (formerly CLIENT_X Lighting),HTTP Cookie,test,,bench_update_duration,,,Existing CM Trackers-Not Found,,,,,
www.subscription.CLIENT_X.at,Essential cookies (exempt from consent),CLIENT_X - Austria,HTTP Cookie,ARRAffinity,,bench_update_duration,,https://www.CLIENT_X.lt/,New Third Party Trackers,,,,,
CLIENT_X.ch,Essential cookies (exempt from consent),CLIENT_X - Switzerland,HTTP Cookie,_scid,,,TRUE,https://www.CLIENT_X.lt/c-w/pagalba/support-contact-page,Existing CM Trackers-Found,,,,,
www.CLIENT_X.es,Essential cookies (exempt from consent),CLIENT_X - Spain,HTTP Cookie,liveagent_oref,,,,,Existing CM Trackers-Not Found,,,,,
lighting.CLIENT_X.com.my,Essential cookies (exempt from consent),Signify (formerly CLIENT_X Lighting),HTTP Cookie,s_cc,,,TRUE,https://www.CLIENT_X.lt/,Existing CM Trackers-Found,,,,,
munchkin.marketo.net,Targeted Advertising cookies (including social media) [Requires consent],Marketo,JavaScript,bench_new_T2_3641,,,,,Existing CM Trackers-Not Found,,,,,
CLIENT_X.lt,Performance cookies [Requires consent],CLIENT_X - Lithuania,HTTP Cookie,bench_new_T2_3795,,0,TRUE,https://www.CLIENT_X.lt/,Existing CM Trackers-Found,,,,,
CLIENT_X.com.pk,Essential cookies (exempt from consent),CLIENT_X - Pakistan,HTTP Cookie,_gdXXX,,session,TRUE,https://www.CLIENT_X.lt/,Existing CM Trackers-Found,,,,,
CLIENT_X.com.kw,Essential cookies (exempt from consent),CLIENT_X - Kuwait,HTTP Cookie,da_lid,,bench_update_duration,TRUE,https://www.CLIENT_X.lt/,Existing CM Trackers-Found,,,,,
www.CLIENT_Xcare.com,Essential cookies (exempt from consent),CLIENT_X Care,HTTP Cookie,caf_ipaddr,,bench_update_duration,TRUE,https://www.CLIENT_X.lt/a-w/naudojimo_salygos,Existing CM Trackers-Found,,,,,
www.CLIENT_X.com.ar,Essential cookies (exempt from consent),CLIENT_X - Argentina,HTTP Cookie,p-hc-specialty,,729,,,Existing CM Trackers-Not Found,,,,,
www.planguide.lighting.CLIENT_X.com,Performance Cookies [Requires consent],Signify (formerly CLIENT_X Lighting),JavaScript,-,,,,,Existing CM Trackers-Not Found,,,,,
www.CLIENT_X.jo,Essential cookies (exempt from consent),CLIENT_X - Jordan,HTTP Cookie,p-hc-specialty,,,,,Existing CM Trackers-Not Found,,,,,
region1.google-analytics.com,Performance cookies [Requires consent],Google Inc.,HTTP Cookie,bench_new_T2_3713,,,,,Existing CM Trackers-Not Found,,,,,
CLIENT_X.nl,Essential cookies (exempt from consent),CLIENT_X - Netherlands,HTTP Cookie,mbox,,bench_update_duration,,,Existing CM Trackers-Not Found,,,,,
CLIENT_X.com.tr,Essential cookies (exempt from consent),CLIENT_X - Turkey,HTTP Cookie,internalUserCheck,,bench_update_duration,,https://www.CLIENT_X.lt/healthcare/product/HC830233/xper-information-management-with-CLIENT_X-hemo,Existing CM Trackers-Found,,,,,
CLIENT_X.com.cn,Essential cookies (exempt from consent),CLIENT_X - China,HTTP Cookie,s_gnr,,,,,Existing CM Trackers-Not Found,,,,,
CLIENT_X.lt,Essential cookies (exempt from consent),CLIENT_X - Lithuania,HTTP Cookie,_ga_failed_lookup_marker_18_1376,,session,TRUE,https://www.CLIENT_X.lt/,Existing CM Trackers-Found,,,,,
www.lighting.CLIENT_X.co.in,Essential cookies (exempt from consent),Signify (formerly CLIENT_X Lighting),HTTP Cookie,ltc_cf,,bench_update_duration,TRUE,https://www.CLIENT_X.lt/,Existing CM Trackers-Found,,,,,
CLIENT_X.cl,Essential cookies (exempt from consent),CLIENT_X - Chile,HTTP Cookie,_schn1,,,TRUE,https://www.CLIENT_X.lt/c-w/pagalba/support-contact-page,Existing CM Trackers-Found,,,,,
CLIENT_X.si,Essential cookies (exempt from consent),CLIENT_X - Slovenia,HTTP Cookie,FPID,,180,TRUE,https://www.CLIENT_X.lt/c-e/ho/oro-valytuvas-ir-oro-drekintuvas/air-matters-aplikacija.html,Existing CM Trackers-Found,,,,,
www.healthcare.shop.CLIENT_X.fr,Essential cookies (exempt from consent),CLIENT_X - France,HTTP Cookie,country_currency_rememberme_cookie,,bench_update_duration,,,Existing CM Trackers-Not Found,,,,,
www.tienda.CLIENT_X.com.ar,Essential cookies (exempt from consent),CLIENT_X - Argentina,HTTP Cookie,TawkConnectionTime,,bench_update_duration,TRUE,https://www.CLIENT_X.lt/healthcare,Existing CM Trackers-Found,,,,,
CLIENT_X.cl,Essential cookies (exempt from consent),CLIENT_X - Chile,HTTP Cookie,_gcl_au,,bench_update_duration,TRUE,https://www.CLIENT_X.lt/a-w/naudojimo_salygos,Existing CM Trackers-Found,,,,,
www.respirtech.com,Essential cookies (exempt from consent),RespirTech,HTTP Cookie,addshoppers.com,,bench_update_duration,TRUE,https://www.CLIENT_X.lt/,Existing CM Trackers-Found,,,,,
www.ledsavingscalculator.CLIENT_X.co.uk,Performance cookies [Requires consent],Signify (formerly CLIENT_X Lighting),ETag,_ga_failed_lookup_marker_18_1384,,,,,Existing CM Trackers-Not Found,,,,,
va.tawk.to,Targeted Advertising Cookies (including social media) [Requires consent],Tawk.to,ETag,-,,bench_update_duration,,,Existing CM Trackers-Not Found,,,,,
www.CLIENT_X.co.th,Essential cookies (exempt from consent),CLIENT_X - Thailand,HTTP Cookie,test,,bench_update_duration,,,Existing CM Trackers-Not Found,,,,,
www.googletagmanager.com,Performance cookies [Requires consent],Google Inc.,Beacon,_ga_failed_lookup_marker_18_1387,,,TRUE,https://www.CLIENT_X.lt/c-e/benefits.html,Existing CM Trackers-Found,,,,,
linkedin.com,Targeted Advertising cookies (including social media) [Requires consent],LinkedIn,HTTP Cookie,bench_new_T2_3624,,180,TRUE,https://www.CLIENT_X.lt/c-e/ho/lyginimas/drabuziu-garintuvai/handheld-steamer-7000-series.html,Existing CM Trackers-Found,,,,,
images.CLIENT_X.com,Essential cookies (exempt from consent),Koninklijke CLIENT_X N.V.,JavaScript,bench_new_T2_3706,,,TRUE,https://www.CLIENT_X.lt/healthcare/product/881120,Existing CM Trackers-Found,,,,,
www.CLIENT_X.com.cn,Essential cookies (exempt from consent),CLIENT_X - China,ETag,blank (etag),,bench_update_duration,,,Existing CM Trackers-Not Found,,,,,
CLIENT_X.lt,Essential cookies (exempt from consent),CLIENT_X - Lithuania,HTTP Cookie,_ga_failed_lookup_marker_18_1391,,0,TRUE,https://www.CLIENT_X.lt/,Existing CM Trackers-Found,,,,,
www.CLIENT_X.co.in,Essential cookies (exempt from consent),CLIENT_X - India,HTTP Cookie,liveagent_oref,,bench_update_duration,TRUE,https://www.CLIENT_X.lt/,Existing CM Trackers-Found,,,,,
CLIENT_X.com.co,Essential cookies (exempt from consent),CLIENT_X - Colombia,HTTP Cookie,_gcl_au,,bench_update_duration,,,Existing CM Trackers-Not Found,,,,,
www.CLIENT_X.dk,Essential cookies (exempt from consent),CLIENT_X - Denmark,HTTP Cookie,user_country,,bench_update_duration,,,Existing CM Trackers-Not Found,,,,,
www.CLIENT_X.com.cn,Essential cookies (exempt from consent),CLIENT_X - China,HTTP Cookie,user_country,,bench_update_duration,TRUE,https://www.CLIENT_X.lt/c-e/ho/oro-valytuvas-ir-oro-drekintuvas/air-matters-aplikacija.html,Existing CM Trackers-Found,,,,,
apps.bazaarvoice.com,Performance cookies [Requires consent],"Bazaarvoice, Inc.",JavaScript,_ga_failed_lookup_marker_18_1396,,,,,Existing CM Trackers-Not Found,,,,,
CLIENT_X.pl,Essential cookies (exempt from consent),CLIENT_X - Poland,HTTP Cookie,iAdvize:splitGroup,,bench_update_duration,,,Existing CM Trackers-Not Found,,,,,
www.lighting.CLIENT_X.com.pk,Essential cookies (exempt from consent),Signify (formerly CLIENT_X Lighting),HTTP Cookie,BCTempID,,,,,Existing CM Trackers-Not Found,,,,,
www.CLIENT_X.co.th,Essential cookies (exempt from consent),CLIENT_X - Thailand,HTTP Cookie,kampyleUserSession,,session,TRUE,https://www.CLIENT_X.lt/,Existing CM Trackers-Found,,,,,
www.CLIENT_X.co.uk,Essential cookies (exempt from consent),CLIENT_X - United Kingdom,HTTP Cookie,eddl_etc_list,,,,,Existing CM Trackers-Not Found,,,,,
www.CLIENT_X.ee,Essential cookies (exempt from consent),CLIENT_X - Republic of Estonia,HTTP Cookie,p-hc-specialty,,180,TRUE,https://www.CLIENT_X.lt/c-e/ho/lyginimas/drabuziu-garintuvai/handheld-steamer-7000-series.html,Existing CM Trackers-Found,,,,,
www.lighting.CLIENT_X.sa,Essential cookies (exempt from consent),Signify (formerly CLIENT_X Lighting),HTTP Cookie,s_mc,,bench_update_duration,,,Existing CM Trackers-Not Found,,,,,
nebula-cdn.kampyle.com,Performance cookies [Requires consent],Medallia,ETag,bench_new_T2_3718,,,TRUE,https://www.CLIENT_X.lt/,Existing CM Trackers-Found,,,,,
www.CLIENT_X.co.jp,Essential cookies (exempt from consent),CLIENT_X Electronics Corporation Japan,HTTP Cookie,T01-recentlyViewedProducts,,bench_update_duration,TRUE,https://www.CLIENT_X.lt/,Existing CM Trackers-Found,,,,,
www.CLIENT_X.co.za,Essential cookies (exempt from consent),CLIENT_X - South Africa,HTTP Cookie,_yi,,bench_update_duration,,,Existing CM Trackers-Not Found,,,,,
www.CLIENT_X.ng,Essential cookies (exempt from consent),CLIENT_X - Nigeria,HTTP Cookie,kampyleSessionPageCounter,,bench_update_duration,TRUE,https://www.CLIENT_X.lt/,Existing CM Trackers-Found,,,,,
sc-static.net,Targeted Advertising cookies (including social media) [Requires consent],Snap Inc.,ETag,bench_new_T2_3613,,,TRUE,https://www.CLIENT_X.lt/c-e/ho/dulkiu-siurbliai-sluotos/dulkiu-siurblys-sluota/cordless-vc-series-8000-aqua,Existing CM Trackers-Found,,,,,
CLIENT_X.com.ph,Essential cookies (exempt from consent),CLIENT_X - Philippines,HTTP Cookie,s_vtime,,bench_update_duration,,,Existing CM Trackers-Not Found,,,,,
CLIENT_X.com.my,Essential cookies (exempt from consent),CLIENT_X - Malaysia,HTTP Cookie,_schn2,,,TRUE,https://www.CLIENT_X.lt/c-w/pagalba/support-contact-page,Existing CM Trackers-Found,,,,,
CLIENT_X.sa,Essential cookies (exempt from consent),CLIENT_X - Kingdom of Saudi Arabia,HTTP Cookie,li_cm_prefs_session,,0,TRUE,https://www.CLIENT_X.lt/,Existing CM Trackers-Found,,,,,
network-eu-a.bazaarvoice.com,Targeted Advertising Cookies (including social media) [Requires consent],"Bazaarvoice, Inc.",Beacon,-,,bench_update_duration,TRUE,https://www.CLIENT_X.lt/c-f/XC000021357/kaip-kurti-ir-tvarkyti-%C5%BEem%C4%97lapius-program%C4%97l%C4%97je-%E2%80%9ECLIENT_X-homerun%E2%80%9C,Existing CM Trackers-Found,,,,,
www.lighting.CLIENT_X.lt,Essential cookies (exempt from consent),Signify (formerly CLIENT_X Lighting),HTTP Cookie,bench_new_T2_3616,,,,,Existing CM Trackers-Not Found,,,,,
www.lighting.CLIENT_X.co.uk,Essential cookies (exempt from consent),Signify (formerly CLIENT_X Lighting),HTTP Cookie,AWSELBCORS,,bench_update_duration,,,Existing CM Trackers-Not Found,,,,,
www.CLIENT_X.com.au,Essential cookies (exempt from consent),CLIENT_X - Australia,HTTP Cookie,kampyleUserSession,,729,,,Existing CM Trackers-Not Found,,,,,
CLIENT_X.com.sg,Essential cookies (exempt from consent),CLIENT_X - Singapore,HTTP Cookie,_mkto_trk,,,TRUE,https://www.CLIENT_X.lt/c-e/ho/dulkiu-siurbliai-sluotos/dulkiu-siurblys-sluota/cordless-vc-series-8000-aqua,Existing CM Trackers-Found,,,,,
production.parcely.app,Performance cookies [Requires consent],Parcely.app,JavaScript,bench_new_T2_3685,,,,,Existing CM Trackers-Not Found,,,,,
imgs.signifyd.com,Performance Cookies [Requires consent],Signifyd,Beacon,-,,bench_update_duration,,,Existing CM Trackers-Not Found,,,,,
sc-static.net,Targeted Advertising Cookies (including social media) [Requires consent],Snap Inc.,ETag,-,,30,TRUE,https://www.CLIENT_X.lt/,Existing CM Trackers-Found,,,,,
secure.afilio.com.br,Targeted Advertising Cookies (including social media) [Requires consent],Afilio,JavaScript,-,,,,,Existing CM Trackers-Not Found,,,,,
CLIENT_X.co.uk,Essential cookies (exempt from consent),CLIENT_X - United Kingdom,HTTP Cookie,TAsessionID,,bench_update_duration,,,Existing CM Trackers-Not Found,,,,,
lighting.CLIENT_X.co.th,Essential cookies (exempt from consent),Signify (formerly CLIENT_X Lighting),HTTP Cookie,s_vs,,bench_update_duration,,,Existing CM Trackers-Not Found,,,,,
www.lighting.CLIENT_X.sk,Essential cookies (exempt from consent),Signify (formerly CLIENT_X Lighting),HTTP Cookie,s_mc,,,TRUE,https://www.CLIENT_X.lt/c-e/ho/airfryer-accessories.html,Existing CM Trackers-Found,,,,,
www.CLIENT_X.be,Essential cookies (exempt from consent),CLIENT_X - Belgium,HTTP Cookie,p-hc-specialty,,0,,,Existing CM Trackers-Not Found,,,,,
youtube.com,Targeted Advertising cookies (including social media) [Requires consent],Google Advertising Products,HTTP Cookie,_ga_failed_lookup_marker_18_1424,,session,TRUE,https://www.CLIENT_X.lt/c-e/ho/oro-valytuvas-ir-oro-drekintuvas/air-matters-aplikacija.html,Existing CM Trackers-Found,,,,,
CLIENT_X.com.mx,Essential cookies (exempt from consent),CLIENT_X - Mexico,HTTP Cookie,li_cm_prefs_session,,,TRUE,https://www.CLIENT_X.lt/c-e/ho/airfryer-accessories.html,Existing CM Trackers-Found,,,,,
lighting.CLIENT_X.com.tr,Essential cookies (exempt from consent),Signify (formerly CLIENT_X Lighting),HTTP Cookie,test,,,,,Existing CM Trackers-Not Found,,,,,
maponline1.bdimg.com,Performance Cookies [Requires consent],Baidu,ETag,-,,bench_update_duration,,,Existing CM Trackers-Not Found,,,,,
CLIENT_X.no,Essential cookies (exempt from consent),CLIENT_X - Norway,HTTP Cookie,test,,bench_update_duration,TRUE,https://www.CLIENT_X.lt/,Existing CM Trackers-Found,,,,,
c.amazon-adsystem.com,Targeted Advertising cookies (including social media) [Requires consent],Amazon Ads,ETag,_ga_failed_lookup_marker_18_1429,,,,,Existing CM Trackers-Not Found,,,,,
CLIENT_X.com.vn,Essential cookies (exempt from consent),CLIENT_X - Vietnam,HTTP Cookie,FPID,,bench_update_duration,TRUE,https://www.CLIENT_X.lt/a-w/naudojimo_salygos,Existing CM Trackers-Found,,,,,
www.CLIENT_X.co.id,Essential cookies (exempt from consent),CLIENT_X - Indonesia,ETag,blank (etag),,,,,Existing CM Trackers-Not Found,,,,,
www.CLIENT_X.ae,Essential cookies (exempt from consent),CLIENT_X - Middle East Arab,HTTP Cookie,kampyleUserSessionsCount,,bench_update_duration,TRUE,https://www.CLIENT_X.lt/c-e/benefits.html,Existing CM Trackers-Found,,,,,
CLIENT_X.lt,Essential cookies (exempt from consent),CLIENT_X - Lithuania,HTTP Cookie,bench_new_T2_3696,,393,TRUE,https://www.CLIENT_X.lt/,Existing CM Trackers-Found,,,,,
lighting.CLIENT_X.ua,Essential cookies (exempt from consent),Signify (formerly CLIENT_X Lighting),HTTP Cookie,s_sid,,bench_update_duration,,,Existing CM Trackers-Not Found,,,,,
www.CLIENT_X.co.nz,Essential cookies (exempt from consent),CLIENT_X - New Zealand,HTTP Cookie,fl_qualified_entry,,bench_update_duration,,,Existing CM Trackers-Not Found,,,,,
tracker-detail-page.trustarc.com,Essential cookies,TrustArc,JavaScript,_ga_failed_lookup_marker_18_1436,,,,https://www.CLIENT_X.lt/a-w/slapuku-politika,New Third Party Trackers,,,,,
www.CLIENT_X.sk,Essential cookies (exempt from consent),CLIENT_X - Slovakia,HTTP Cookie,p-gc35,,bench_update_duration,,,Existing CM Trackers-Not Found,,,,,
lighting.CLIENT_X.ng,Essential cookies (exempt from consent),Signify (formerly CLIENT_X Lighting),HTTP Cookie,s_nr30,,bench_update_duration,TRUE,https://www.CLIENT_X.lt/a-w/naudojimo_salygos,Existing CM Trackers-Found,,,,,
CLIENT_X.ro,Essential cookies (exempt from consent),CLIENT_X - Romania,HTTP Cookie,s_eVar44,,session,TRUE,https://www.CLIENT_X.lt/c-e/ho/oro-valytuvas-ir-oro-drekintuvas/air-matters-aplikacija.html,Existing CM Trackers-Found,,,,,
CLIENT_X.co.il,Essential cookies (exempt from consent),CLIENT_X - Israel,HTTP Cookie,_fbp,,,,,Existing CM Trackers-Not Found,,,,,
www.CLIENT_X.com.ar,Essential cookies (exempt from consent),CLIENT_X - Argentina,Beacon,blank (beacon),,bench_update_duration,,,Existing CM Trackers-Not Found,,,,,
www.CLIENT_X.gr,Essential cookies (exempt from consent),CLIENT_X - Greece,HTTP Cookie,notice_settings,,bench_update_duration,,,Existing CM Trackers-Not Found,,,,,
app.cdn.91app.com,Performance Cookies [Requires consent],91App,JavaScript,-,,bench_update_duration,TRUE,https://www.CLIENT_X.lt/c-e/benefits.html,Existing CM Trackers-Found,,,,,
acc.usa.CLIENT_X.com,Essential cookies (exempt from consent),Koninklijke CLIENT_X N.V.,HTTP Cookie,notice_behavior,,,,,Existing CM Trackers-Not Found,,,,,
www.CLIENT_X.com.br,Essential cookies (exempt from consent),CLIENT_X - Brazil,HTTP Cookie,p-hc-specialty,,bench_update_duration,TRUE,https://www.CLIENT_X.lt/,Existing CM Trackers-Found,,,,,
www.shop.CLIENT_X.lt,Performance cookies [Requires consent],CLIENT_X - Lithuania,HTTP Cookie,_ga_failed_lookup_marker_18_1446,,,,,Existing CM Trackers-Not Found,,,,,
www.CLIENT_X.co.jp,Essential cookies (exempt from consent),CLIENT_X Electronics Corporation Japan,HTTP Cookie,p-hc-specialty,,,TRUE,https://www.CLIENT_X.lt/c-w/pagalba/service-center-locator.html,Existing CM Trackers-Found,,,,,
www.google.com,Targeted Advertising cookies (including social media) [Requires consent],Google Inc.,JavaScript,bench_new_T2_3608,,,TRUE,https://www.CLIENT_X.lt/c-e/blog.html,Existing CM Trackers-Found,,,,,
www.CLIENT_X.com.sg,Essential cookies (exempt from consent),CLIENT_X - Singapore,HTTP Cookie,kampylePageLoadedTimestamp,,,,,Existing CM Trackers-Not Found,,,,,
CLIENT_X.attn.tv,Targeted Advertising Cookies (including social media) [Requires consent],"Attentive Mobile, Inc.",Beacon,-,,bench_update_duration,TRUE,https://www.CLIENT_X.lt/a-w/naudojimo_salygos,Existing CM Trackers-Found,,,,,
acsbapp.com,Performance Cookies [Requires consent],accessiBe,ETag,-,,bench_update_duration,,,Existing CM Trackers-Not Found,,,,,
CLIENT_X.com,Essential cookies (exempt from consent),Koninklijke CLIENT_X N.V.,HTTP Cookie,s_eVar8,,bench_update_duration,TRUE,https://www.CLIENT_X.lt/c-w/pagalba/support-contact-page,Existing CM Trackers-Found,,,,,
www.CLIENT_X.lt,Essential cookies (exempt from consent),CLIENT_X - Lithuania,JavaScript,blank (java),,,TRUE,https://www.CLIENT_X.lt/,Existing CM Trackers-Found,,,,,
www.shop.CLIENT_X.lv,Essential cookies (exempt from consent),CLIENT_X - Latvia,Local Storage,blank (local storage),,365,TRUE,https://www.CLIENT_X.lt/c-e/benefits.html,Existing CM Trackers-Found,,,,,
www.CLIENT_X.lt,Essential cookies (exempt from consent),CLIENT_X - Lithuania,HTTP Cookie,mdLogger,,,,,Existing CM Trackers-Not Found,,,,,
lighting.CLIENT_X.co.kr,Essential cookies (exempt from consent),Signify (formerly CLIENT_X Lighting),HTTP Cookie,s_nr30,,,TRUE,https://www.CLIENT_X.lt/a-w/naudojimo_salygos,Existing CM Trackers-Found,,,,,
www.author.CLIENT_X.com,Essential cookies (exempt from consent),Koninklijke CLIENT_X N.V.,HTTP Cookie,AWSELBCORS,,0,TRUE,https://www.CLIENT_X.lt/,Existing CM Trackers-Found,,,,,
media.flixcar.com,Targeted Advertising cookies (including social media) [Requires consent],Flixmedia,JavaScript,_ga_failed_lookup_marker_18_1458,,,,,Existing CM Trackers-Not Found,,,,,
www.CLIENT_X.co.in,Essential cookies (exempt from consent),CLIENT_X - India,ETag,blank (etag),,,,,Existing CM Trackers-Not Found,,,,,
CLIENT_X.cz,Essential cookies (exempt from consent),CLIENT_X - Czech Republic,HTTP Cookie,mbox,,90,TRUE,https://www.CLIENT_X.lt/a-w/naudojimo_salygos,Existing CM Trackers-Found,,,,,
CLIENT_X.co.za,Essential cookies (exempt from consent),CLIENT_X - South Africa,HTTP Cookie,da_sid,,,,,Existing CM Trackers-Not Found,,,,,
CLIENT_X.co.ke,Essential cookies (exempt from consent),CLIENT_X - Kenya,HTTP Cookie,FPLC,,400,TRUE,https://www.CLIENT_X.lt/,Existing CM Trackers-Found,,,,,
www.youtube.com,Targeted Advertising cookies (including social media) [Requires consent],Google Advertising Products,JavaScript,_ga_failed_lookup_marker_18_1463,,,TRUE,https://www.CLIENT_X.lt/c-e/ho/oro-valytuvas-ir-oro-drekintuvas/air-matters-aplikacija.html,Existing CM Trackers-Found,,,,,
www.CLIENT_X.gr,Essential cookies (exempt from consent),CLIENT_X - Greece,HTTP Cookie,kampyle_userid,,,TRUE,https://www.CLIENT_X.lt/a-w/naudojimo_salygos,Existing CM Trackers-Found,,,,,
www.CLIENT_X.nl,Essential cookies (exempt from consent),CLIENT_X - Netherlands,HTTP Cookie,shop-health,,bench_update_duration,TRUE,https://www.CLIENT_X.lt/c-e/pe/veidas-barzdaskutes/9000-serijos.html,Existing CM Trackers-Found,,,,,
shop.CLIENT_X.co.in,Essential cookies (exempt from consent),CLIENT_X - India,HTTP Cookie,_fbp,,bench_update_duration,,,Existing CM Trackers-Not Found,,,,,
CLIENT_X.cz,Essential cookies (exempt from consent),CLIENT_X - Czech Republic,HTTP Cookie,li_cm_prefs_session,,bench_update_duration,,,Existing CM Trackers-Not Found,,,,,
www.lighting.CLIENT_X.be,Essential cookies (exempt from consent),Signify (formerly CLIENT_X Lighting),HTTP Cookie,customer_language_accept,,bench_update_duration,TRUE,https://www.CLIENT_X.lt/c-e/ho/lyginimas/drabuziu-garintuvai/handheld-steamer-7000-series.html,Existing CM Trackers-Found,,,,,
www.CLIENT_X.com.pe,Essential cookies (exempt from consent),CLIENT_X - Peru,HTTP Cookie,mdLogger,,,,,Existing CM Trackers-Not Found,,,,,
www.CLIENT_X.com.cn,Essential cookies (exempt from consent),CLIENT_X - China,HTTP Cookie,kampyle_userid,,bench_update_duration,,,Existing CM Trackers-Not Found,,,,,
stg.CLIENT_X.com.kw,Essential cookies (exempt from consent),CLIENT_X - Kuwait,HTTP Cookie,T01-recentlyViewedProducts,,bench_update_duration,,,Existing CM Trackers-Not Found,,,,,
www.lighting.CLIENT_X.lv,Essential cookies (exempt from consent),Signify (formerly CLIENT_X Lighting),HTTP Cookie,AWSELBCORS,,bench_update_duration,TRUE,https://www.CLIENT_X.lt/c-e/ho/airfryer-accessories.html,Existing CM Trackers-Found,,,,,
lighting.CLIENT_X.com.vn,Essential cookies (exempt from consent),Signify (formerly CLIENT_X Lighting),HTTP Cookie,s_ppvl,,bench_update_duration,,,Existing CM Trackers-Not Found,,,,,
www.CLIENT_X.com.hk,Essential cookies (exempt from consent),CLIENT_X - Hong Kong,HTTP Cookie,p-hc-specialty,,bench_update_duration,TRUE,https://www.CLIENT_X.lt/c-w/pagalba/support-contact-page,Existing CM Trackers-Found,,,,,
www.CLIENT_X.com.pe,Essential cookies (exempt from consent),CLIENT_X - Peru,Local Storage,blank (local storage),,bench_update_duration,TRUE,https://www.CLIENT_X.lt/,Existing CM Trackers-Found,,,,,
www.CLIENT_X.pl,Essential cookies (exempt from consent),CLIENT_X - Poland,HTTP Cookie,kampyleSessionPageCounter,,,TRUE,https://www.CLIENT_X.lt/c-e/ho/oro-valytuvas-ir-oro-drekintuvas/air-matters-aplikacija.html,Existing CM Trackers-Found,,,,,
www.respirtech.com,Essential cookies (exempt from consent),RespirTech,HTTP Cookie,mdLogger,,session,TRUE,https://www.CLIENT_X.lt/c-e/benefits.html,Existing CM Trackers-Found,,,,,
CLIENT_X.jo,Essential cookies (exempt from consent),CLIENT_X - Jordan,HTTP Cookie,_scid_r,,session,TRUE,https://www.CLIENT_X.lt/c-e/benefits.html,Existing CM Trackers-Found,,,,,
lighting.CLIENT_X.co.jp,Essential cookies (exempt from consent),Signify (formerly CLIENT_X Lighting),HTTP Cookie,s_nr,,bench_update_duration,TRUE,https://www.CLIENT_X.lt/,Existing CM Trackers-Found,,,,,
www.CLIENT_X.com.my,Essential cookies (exempt from consent),CLIENT_X - Malaysia,HTTP Cookie,_sdsat_pgm_optin,,bench_update_duration,,,Existing CM Trackers-Not Found,,,,,
www.CLIENT_X.com.sg,Essential cookies (exempt from consent),CLIENT_X - Singapore,HTTP Cookie,kampyleUserPercentile,,,,,Existing CM Trackers-Not Found,,,,,
CLIENT_X.com.ar,Essential cookies (exempt from consent),CLIENT_X - Argentina,HTTP Cookie,_mkto_trk,,bench_update_duration,,,Existing CM Trackers-Not Found,,,,,
www.CLIENT_X.co.kr,Essential cookies (exempt from consent),CLIENT_X - Korea,HTTP Cookie,eddl_gtm_qe_session_start_6523424625,,bench_update_duration,,https://www.CLIENT_X.lt/healthcare/clinical-solutions/alarm-management,New Third Party Trackers,,,,,
www.CLIENT_X.co.in,Essential cookies (exempt from consent),CLIENT_X - India,HTTP Cookie,fl_qualified_entry,,,TRUE,https://www.CLIENT_X.lt/,Existing CM Trackers-Found,,,,,
io.vtexpayments.com.br,Performance Cookies [Requires consent],VTEX,ETag,-,,bench_update_duration,TRUE,https://www.CLIENT_X.lt/a-w/naudojimo_salygos,Existing CM Trackers-Found,,,,,
company-target.com,Targeted Advertising cookies (including social media) [Requires consent],"Demandbase, Inc.",HTTP Cookie,_ga_failed_lookup_marker_18_1486,,396,TRUE,https://www.CLIENT_X.lt/a-w/naudojimo_salygos,Existing CM Trackers-Found,,,,,
CLIENT_X.lt,Essential cookies (exempt from consent),CLIENT_X - Lithuania,HTTP Cookie,_ga_failed_lookup_marker_18_1487,,session,TRUE,https://www.CLIENT_X.lt/,Existing CM Trackers-Found,,,,,
www.CLIENT_X.com.tw,Essential cookies (exempt from consent),CLIENT_X - Taiwan,HTTP Cookie,_schn3,,bench_update_duration,TRUE,https://www.CLIENT_X.lt/a-w/naudojimo_salygos,Existing CM Trackers-Found,,,,,
www.lighting.CLIENT_X.dk,Essential cookies (exempt from consent),Signify (formerly CLIENT_X Lighting),HTTP Cookie,AWSELBCORS,,bench_update_duration,,,Existing CM Trackers-Not Found,,,,,
www.CLIENT_X.ng,Essential cookies (exempt from consent),CLIENT_X - Nigeria,HTTP Cookie,kampylePageLoadedTimestamp,,,,,Existing CM Trackers-Not Found,,,,,
www.gstatic.com,Performance cookies [Requires consent],Google Inc.,JavaScript,_ga_failed_lookup_marker_18_1491,,,TRUE,https://www.CLIENT_X.lt/c-e/blog.html,Existing CM Trackers-Found,,,,,
CLIENT_X.com.vn,Essential cookies (exempt from consent),CLIENT_X - Vietnam,HTTP Cookie,TAsessionID,,,,,Existing CM Trackers-Not Found,,,,,
www.subscriptions.CLIENT_X.ca,Essential cookies (exempt from consent),CLIENT_X - Canada,HTTP Cookie,ARRAffinity,,bench_update_duration,TRUE,https://www.CLIENT_X.lt/c-e/benefits.html,Existing CM Trackers-Found,,,,,
tienda.CLIENT_X.cl,Essential cookies (exempt from consent),CLIENT_X - Chile,HTTP Cookie,test,,0,TRUE,https://www.CLIENT_X.lt/,Existing CM Trackers-Found,,,,,
www.lighting.CLIENT_X.com.au,Essential cookies (exempt from consent),Signify (formerly CLIENT_X Lighting),HTTP Cookie,AWSELBCORS,,0,,,Existing CM Trackers-Not Found,,,,,
www.CLIENT_X.bg,Essential cookies (exempt from consent),CLIENT_X - Bulgaria,HTTP Cookie,kampyle_userid,,89,TRUE,https://www.CLIENT_X.lt/c-e/ho/airfryer-accessories.html,Existing CM Trackers-Found,,,,,
www.CLIENT_X.ru,Essential cookies (exempt from consent),CLIENT_X - Russia,HTTP Cookie,_sdsat_pgm_optin,,,,,Existing CM Trackers-Not Found,,,,,
CLIENT_X.be,Essential cookies (exempt from consent),CLIENT_X - Belgium,HTTP Cookie,TEST_AMCV_COOKIE_WRITE,,bench_update_duration,TRUE,https://www.CLIENT_X.lt/,Existing CM Trackers-Found,,,,,
lighting.CLIENT_X.co.kr,Essential cookies (exempt from consent),Signify (formerly CLIENT_X Lighting),HTTP Cookie,aam_uuid,,bench_update_duration,,,Existing CM Trackers-Not Found,,,,,
www.CLIENT_X.sa,Essential cookies (exempt from consent),CLIENT_X - Kingdom of Saudi Arabia,HTTP Cookie,kampyleUserPercentile,,,,,Existing CM Trackers-Not Found,,,,,
CLIENT_X.fi,Essential cookies (exempt from consent),CLIENT_X - Finland,HTTP Cookie,_ttp,,bench_update_duration,,,Existing CM Trackers-Not Found,,,,,
www.CLIENT_X.com.vn,Essential cookies (exempt from consent),CLIENT_X - Vietnam,Beacon,blank (beacon),,bench_update_duration,,,Existing CM Trackers-Not Found,,,,,
linkedin.com,Targeted Advertising cookies (including social media) [Requires consent],LinkedIn,HTTP Cookie,_ga_failed_lookup_marker_18_1503,,180,TRUE,https://www.CLIENT_X.lt/c-e/ho/lyginimas/drabuziu-garintuvai/handheld-steamer-7000-series.html,Existing CM Trackers-Found,,,,,
CLIENT_X.com.eg,Essential cookies (exempt from consent),CLIENT_X - Egypt,HTTP Cookie,s_eVar44,,,TRUE,https://www.CLIENT_X.lt/c-e/blog.html,Existing CM Trackers-Found,,,,,
www.google.com,Essential cookies (exempt from consent),Google Inc.,HTTP Cookie,_ga_failed_lookup_marker_18_1505,,180,TRUE,https://www.CLIENT_X.lt/c-e/blog.html,Existing CM Trackers-Found,,,,,
www.CLIENT_X.lt,Essential cookies (exempt from consent),CLIENT_X - Lithuania,HTTP Cookie,_ga_failed_lookup_marker_18_1506,,365,TRUE,https://www.CLIENT_X.lt/c-e/benefits.html,Existing CM Trackers-Found,,,,,
CLIENT_X.hu,Essential cookies (exempt from consent),CLIENT_X - Hungary,HTTP Cookie,TEST_AMCV_COOKIE,,bench_update_duration,TRUE,https://www.CLIENT_X.lt/,Existing CM Trackers-Found,,,,,
www.CLIENT_X.lt,Essential cookies (exempt from consent),CLIENT_X - Lithuania,HTTP Cookie,_ga_failed_lookup_marker_18_1508,,365,TRUE,https://www.CLIENT_X.lt/c-e/benefits.html,Existing CM Trackers-Found,,,,,
usa.CLIENT_X.com,Essential cookies (exempt from consent),Koninklijke CLIENT_X N.V.,HTTP Cookie,TAsessionID,,,,,Existing CM Trackers-Not Found,,,,,
CLIENT_X.co.nz,Essential cookies (exempt from consent),CLIENT_X - New Zealand,HTTP Cookie,TAsessionID,,0,TRUE,https://www.CLIENT_X.lt/,Existing CM Trackers-Found,,,,,
idash.ifcshop.net,Targeted Advertising Cookies (including social media) [Requires consent],Unknown,JavaScript,-,,bench_update_duration,,,Existing CM Trackers-Not Found,,,,,
www.lighting.CLIENT_X.co.jp,Essential cookies (exempt from consent),Signify (formerly CLIENT_X Lighting),HTTP Cookie,customer_country,,90,TRUE,https://www.CLIENT_X.lt/a-w/naudojimo_salygos,Existing CM Trackers-Found,,,,,
www.CLIENT_X.be,Essential cookies (exempt from consent),CLIENT_X - Belgium,HTTP Cookie,ws-id,,729,,https://www.CLIENT_X.lt/,New First Party Trackers,,,,,
CLIENT_X.lv,Essential cookies (exempt from consent),CLIENT_X - Latvia,HTTP Cookie,FPID,,bench_update_duration,TRUE,https://www.CLIENT_X.lt/,Existing CM Trackers-Found,,,,,
CLIENT_X.co.ke,Essential cookies (exempt from consent),CLIENT_X - Kenya,HTTP Cookie,_ga,,0,TRUE,https://www.CLIENT_X.lt/,Existing CM Trackers-Found,,,,,
www.CLIENT_X.co.za,Essential cookies (exempt from consent),CLIENT_X - South Africa,HTTP Cookie,test,,,,https://www.CLIENT_X.lt/healthcare/about/support/resource-center/results,New Third Party Trackers,,,,,
CLIENT_X.ma,Essential cookies (exempt from consent),CLIENT_X - Morocco,HTTP Cookie,s_eVar44,,session,TRUE,https://www.CLIENT_X.lt/,Existing CM Trackers-Found,,,,,
casalemedia.com,Targeted Advertising cookies (including social media) [Requires consent],Index Exchange Inc.,HTTP Cookie,bench_new_T2_3750,,365,TRUE,https://www.CLIENT_X.lt/a-w/naudojimo_salygos,Existing CM Trackers-Found,,,,,
CLIENT_X.gr,Essential cookies (exempt from consent),CLIENT_X - Greece,HTTP Cookie,da_lid,,bench_update_duration,,,Existing CM Trackers-Not Found,,,,,
lighting.CLIENT_X.cl,Essential cookies (exempt from consent),Signify (formerly CLIENT_X Lighting),HTTP Cookie,_mkto_trk,,365,TRUE,https://www.CLIENT_X.lt/c-e/benefits.html,Existing CM Trackers-Found,,,,,
CLIENT_X.ru,Essential cookies (exempt from consent),CLIENT_X - Russia,HTTP Cookie,_gid,,session,TRUE,https://www.CLIENT_X.lt/,Existing CM Trackers-Found,,,,,
CLIENT_X.com.mx,Essential cookies (exempt from consent),CLIENT_X - Mexico,HTTP Cookie,com.adobe.alloy.getTld,,,TRUE,https://www.CLIENT_X.lt/,Existing CM Trackers-Found,,,,,
CLIENT_X.112.2o7.net,Performance cookies,"Adobe Audience Manager, Adobe Experience Cloud",HTTP Cookie,_ga_failed_lookup_marker_18_1523,,400,,https://www.CLIENT_X.lt/,New Third Party Trackers,,,,,
CLIENT_X.lt,Essential cookies (exempt from consent),CLIENT_X - Lithuania,HTTP Cookie,bench_new_T2_3796,,,,,Existing CM Trackers-Not Found,,,,,
www.google.ie,Targeted Advertising cookies (including social media) [Requires consent],Google Inc.,Beacon,bench_new_T2_3621,,,TRUE,https://www.CLIENT_X.lt/,Existing CM Trackers-Found,,,,,
CLIENT_X.co.in,Essential cookies (exempt from consent),CLIENT_X - India,HTTP Cookie,_gdXXX,,session,,,Existing CM Trackers-Not Found,,,,,
CLIENT_X.co.kr,Essential cookies (exempt from consent),CLIENT_X - Korea,HTTP Cookie,_scid,,bench_update_duration,,,Existing CM Trackers-Not Found,,,,,
CLIENT_X.com,Essential cookies (exempt from consent),Koninklijke CLIENT_X N.V.,HTTP Cookie,_scid,,,,,Existing CM Trackers-Not Found,,,,,
cdn.orbita.cloud,Performance Cookies [Requires consent],Orbita,ETag,-,,,,https://www.CLIENT_X.lt/c-f/XC000003591/kokius-patiekalus-galima-gaminti-%E2%80%9ECLIENT_X-airfryer%E2%80%9C,New Third Party Trackers,,,,,
doubleclick.net,Targeted Advertising cookies (including social media) [Requires consent],Google Advertising Products,HTTP Cookie,bench_new_T2_3724,,,,,Existing CM Trackers-Not Found,,,,,
lighting.CLIENT_X.co.in,Essential cookies (exempt from consent),Signify (formerly CLIENT_X Lighting),HTTP Cookie,s_sid,,,,,Existing CM Trackers-Not Found,,,,,
CLIENT_X.lt,Essential cookies,CLIENT_X - Lithuania,HTTP Cookie,bench_new_T2_3768,,90,,https://www.CLIENT_X.lt/,New First Party Trackers,,,,,
lighting.CLIENT_X.co.in,Essential cookies (exempt from consent),Signify (formerly CLIENT_X Lighting),HTTP Cookie,s_ppv,,180,TRUE,https://www.CLIENT_X.lt/c-e/ho/oro-valytuvas-ir-oro-drekintuvas/air-matters-aplikacija.html,Existing CM Trackers-Found,,,,,
cdnjs.cloudflare.com,Performance cookies [Requires consent],Cloudflare,ETag,_ga_failed_lookup_marker_18_1534,,,,,Existing CM Trackers-Not Found,,,,,
www.lighting.CLIENT_X.ru,Essential cookies (exempt from consent),Signify (formerly CLIENT_X Lighting),HTTP Cookie,s_as,,bench_update_duration,TRUE,https://www.CLIENT_X.lt/,Existing CM Trackers-Found,,,,,
www.CLIENT_X.com.gh,Essential cookies (exempt from consent),CLIENT_X - Ghana,HTTP Cookie,kampyleSessionPageCounter,,,TRUE,https://www.CLIENT_X.lt/,Existing CM Trackers-Found,,,,,
google.com,Performance cookies [Requires consent],Google Inc.,Local Storage,bench_new_T2_3642,,,TRUE,https://www.CLIENT_X.lt/c-e/blog.html,Existing CM Trackers-Found,,,,,
lighting.CLIENT_X.com.cn,Essential cookies (exempt from consent),Signify (formerly CLIENT_X Lighting),HTTP Cookie,s_pv,,,TRUE,https://www.CLIENT_X.lt/c-e/ho/dulkiu-siurbliai-sluotos/dulkiu-siurblys-sluota/cordless-vc-series-8000-aqua,Existing CM Trackers-Found,,,,,
addshoppers.s3.amazonaws.com,Targeted Advertising Cookies (including social media) [Requires consent],Amazon (Web Services),ETag,-,,,,,Existing CM Trackers-Not Found,,,,,
CLIENT_X.at,Essential cookies (exempt from consent),CLIENT_X - Austria,HTTP Cookie,li_cm_prefs_session,,bench_update_duration,TRUE,https://www.CLIENT_X.lt/c-e/benefits.html,Existing CM Trackers-Found,,,,,
www.CLIENT_X.ca,Essential cookies (exempt from consent),CLIENT_X - Canada,HTTP Cookie,kampyleUserSessionsCount,,bench_update_duration,,,Existing CM Trackers-Not Found,,,,,
CLIENT_X.lt,Essential cookies (exempt from consent),CLIENT_X - Lithuania,HTTP Cookie,bench_new_T2_3714,,0,TRUE,https://www.CLIENT_X.lt/,Existing CM Trackers-Found,,,,,
www.CLIENT_X.ua,Essential cookies (exempt from consent),CLIENT_X - Ukraine,HTTP Cookie,ROUTE,,bench_update_duration,TRUE,https://www.CLIENT_X.lt/,Existing CM Trackers-Found,,,,,
CLIENT_X.com.tr,Essential cookies (exempt from consent),CLIENT_X - Turkey,HTTP Cookie,FPLC,,bench_update_duration,,,Existing CM Trackers-Not Found,,,,,
CLIENT_X.com.ar,Essential cookies (exempt from consent),CLIENT_X - Argentina,HTTP Cookie,TAsessionID,,729,,,Existing CM Trackers-Not Found,,,,,
CLIENT_X-dmec-dev.eu.orbita.cloud,Performance Cookies [Requires consent],Orbita,JavaScript,-,,bench_update_duration,TRUE,https://www.CLIENT_X.lt/a-w/naudojimo_salygos,Existing CM Trackers-Found,,,,,
CLIENT_X.com.my,Essential cookies (exempt from consent),CLIENT_X - Malaysia,HTTP Cookie,TAsessionID,,bench_update_duration,,,Existing CM Trackers-Not Found,,,,,
CLIENT_X.fr,Essential cookies (exempt from consent),CLIENT_X - France,HTTP Cookie,s_tid,,bench_update_duration,,,Existing CM Trackers-Not Found,,,,,
www.lighting.CLIENT_X.co.uk,Essential cookies (exempt from consent),Signify (formerly CLIENT_X Lighting),Local Storage,blank (local storage),,bench_update_duration,,,Existing CM Trackers-Not Found,,,,,
www.CLIENT_X.co.il,Essential cookies (exempt from consent),CLIENT_X - Israel,ETag,blank (etag),,,TRUE,https://www.CLIENT_X.lt/,Existing CM Trackers-Found,,,,,
www.CLIENT_X.com.gh,Essential cookies (exempt from consent),CLIENT_X - Ghana,HTTP Cookie,kampyleUserSession,,,,,Existing CM Trackers-Not Found,,,,,
munchkin.marketo.net,Targeted Advertising cookies (including social media) [Requires consent],Marketo,JavaScript,_ga_failed_lookup_marker_18_1552,,,,,Existing CM Trackers-Not Found,,,,,
CLIENT_X.ng,Essential cookies (exempt from consent),CLIENT_X - Nigeria,HTTP Cookie,s_ugv,,bench_update_duration,,,Existing CM Trackers-Not Found,,,,,
CLIENT_X.lt,Essential cookies (exempt from consent),CLIENT_X - Lithuania,HTTP Cookie,_ga_failed_lookup_marker_18_1554,,0,TRUE,https://www.CLIENT_X.lt/,Existing CM Trackers-Found,,,,,
www.lighting.CLIENT_X.sk,Essential cookies (exempt from consent),Signify (formerly CLIENT_X Lighting),Local Storage,blank (local storage),,bench_update_duration,,,Existing CM Trackers-Not Found,,,,,
www.CLIENT_X.fi,Essential cookies (exempt from consent),CLIENT_X - Finland,HTTP Cookie,mdLogger,,,,,Existing CM Trackers-Not Found,,,,,
c.la1-c2-par.salesforceliveagent.com,Performance Cookies [Requires consent],"salesforce.com, inc.",JavaScript,-,,bench_update_duration,TRUE,https://www.CLIENT_X.lt/c-e/benefits.html,Existing CM Trackers-Found,,,,,
lighting.CLIENT_X.ch,Essential cookies (exempt from consent),Signify (formerly CLIENT_X Lighting),HTTP Cookie,_mkto_trk,,,TRUE,https://www.CLIENT_X.lt/,Existing CM Trackers-Found,,,,,
www.lighting.CLIENT_X.com,Performance cookies [Requires consent],Signify (formerly CLIENT_X Lighting),ETag,_ga_failed_lookup_marker_18_1559,,,,,Existing CM Trackers-Not Found,,,,,
stg.CLIENT_X.com.kw,Essential cookies (exempt from consent),CLIENT_X - Kuwait,HTTP Cookie,mdLogger,,bench_update_duration,,,Existing CM Trackers-Not Found,,,,,
www.CLIENT_X.ua,Essential cookies (exempt from consent),CLIENT_X - Ukraine,HTTP Cookie,user_country,,bench_update_duration,,,Existing CM Trackers-Not Found,,,,,
CLIENT_X.ng,Essential cookies (exempt from consent),CLIENT_X - Nigeria,HTTP Cookie,FPID,,,,,Existing CM Trackers-Not Found,,,,,
lighting.CLIENT_X.ro,Essential cookies (exempt from consent),Signify (formerly CLIENT_X Lighting),HTTP Cookie,test,,bench_update_duration,TRUE,https://www.CLIENT_X.lt/c-e/ho/lyginimas/descale-garment-steamers,Existing CM Trackers-Found,,,,,
.youtube.com,Preference cookies,Google Inc.,HTTP Cookie,VISITOR_INFO1_LIVE,,180,TRUE,https://www.CLIENT_X.lt/,Existing CM Trackers-Found,,,,,
www.CLIENT_X.lt,Essential cookies (exempt from consent),CLIENT_X - Lithuania,HTTP Cookie,_ga_failed_lookup_marker_18_1565,,365,TRUE,https://www.CLIENT_X.lt/c-e/benefits.html,Existing CM Trackers-Found,,,,,
dmp.eland-tech.com,Targeted Advertising Cookies (including social media) [Requires consent],Unknown,JavaScript,-,,bench_update_duration,,https://www.CLIENT_X.lt/,New First Party Trackers,,,,,
connect.facebook.net,Targeted Advertising cookies (including social media) [Requires consent],Meta (formerly Facebook),JavaScript,_ga_failed_lookup_marker_18_1567,,,TRUE,https://www.CLIENT_X.lt/,Existing CM Trackers-Found,,,,,
www.lighting.CLIENT_X.com,Performance cookies [Requires consent],Signify (formerly CLIENT_X Lighting),ETag,bench_new_T2_3712,,,,,Existing CM Trackers-Not Found,,,,,
www.crsc.CLIENT_X.com,Targeted Advertising Cookies (including social media) [Requires consent],Koninklijke CLIENT_X N.V.,ETag,-,,bench_update_duration,TRUE,https://www.CLIENT_X.lt/a-w/naudojimo_salygos,Existing CM Trackers-Found,,,,,
www.CLIENT_X.gr,Essential cookies (exempt from consent),CLIENT_X - Greece,HTTP Cookie,AWSELBCORS,,0,,,Existing CM Trackers-Not Found,,,,,
www.subscription.CLIENT_X.ro,Essential cookies (exempt from consent),CLIENT_X - Romania,HTTP Cookie,ARRAffinity,,,TRUE,https://www.CLIENT_X.lt/c-e/ho/airfryer-accessories.html,Existing CM Trackers-Found,,,,,
CLIENT_X.ch,Essential cookies (exempt from consent),CLIENT_X - Switzerland,HTTP Cookie,at_check,,bench_update_duration,,,Existing CM Trackers-Not Found,,,,,
lighting.CLIENT_X.com.hk,Essential cookies (exempt from consent),CLIENT_X - Hong Kong,HTTP Cookie,s_sid,,1,TRUE,https://www.CLIENT_X.lt/c-e/ho/lyginimas/drabuziu-garintuvai/handheld-steamer-7000-series.html,Existing CM Trackers-Found,,,,,
CLIENT_X.pt,Essential cookies (exempt from consent),CLIENT_X - Portugal,HTTP Cookie,s_ugv,,bench_update_duration,,,Existing CM Trackers-Not Found,,,,,
CLIENT_X.com.br,Essential cookies (exempt from consent),CLIENT_X - Brazil,HTTP Cookie,s_cm,,bench_update_duration,,,Existing CM Trackers-Not Found,,,,,
CLIENT_X.lt,Essential cookies (exempt from consent),CLIENT_X - Lithuania,HTTP Cookie,bench_new_T2_3755,,,,,Existing CM Trackers-Not Found,,,,,
www.google.com,Targeted Advertising Cookies (including social media) [Requires consent],Google Inc.,Local Storage,sb_wiz.zpc.gws-wiz-serp.,,bench_update_duration,TRUE,https://www.CLIENT_X.lt/c-e/blog.html,Existing CM Trackers-Found,,,,,
CLIENT_X.cz,Essential cookies (exempt from consent),CLIENT_X - Czech Republic,HTTP Cookie,_schn1,,bench_update_duration,TRUE,https://www.CLIENT_X.lt/a-w/naudojimo_salygos,Existing CM Trackers-Found,,,,,
consent.trustarc.com,Essential cookies (exempt from consent),TrustArc,JavaScript,_ga_failed_lookup_marker_18_1579,,,TRUE,https://www.CLIENT_X.lt/,Existing CM Trackers-Found,,,,,
www.CLIENT_X.com.eg,Essential cookies (exempt from consent),CLIENT_X - Egypt,JavaScript,blank (java),,180,TRUE,https://www.CLIENT_X.lt/c-e/ho/oro-valytuvas-ir-oro-drekintuvas/air-matters-aplikacija.html,Existing CM Trackers-Found,,,,,
www.CLIENT_X.ca,Essential cookies (exempt from consent),CLIENT_X - Canada,HTTP Cookie,__attentive_dv,,bench_update_duration,,,Existing CM Trackers-Not Found,,,,,
www.CLIENT_X.lt,Essential cookies (exempt from consent),CLIENT_X - Lithuania,HTTP Cookie,eddl_itc_list,,bench_update_duration,,https://www.CLIENT_X.lt/a-w/slapuku-politika,New Third Party Trackers,,,,,
CLIENT_X.cl,Essential cookies (exempt from consent),CLIENT_X - Chile,HTTP Cookie,_fbp,,,TRUE,https://www.CLIENT_X.lt/,Existing CM Trackers-Found,,,,,
www.lighting.CLIENT_X.com,Performance cookies [Requires consent],Signify (formerly CLIENT_X Lighting),ETag,_ga_failed_lookup_marker_18_1584,,,,,Existing CM Trackers-Not Found,,,,,
tr.snapchat.com,Targeted Advertising cookies (including social media) [Requires consent],Snap Inc.,JavaScript,bench_new_T2_3686,,,TRUE,https://www.CLIENT_X.lt/c-e/ho/dulkiu-siurbliai-sluotos/dulkiu-siurblys-sluota/cordless-vc-series-8000-aqua,Existing CM Trackers-Found,,,,,
CLIENT_X.co.uk,Essential cookies (exempt from consent),CLIENT_X - United Kingdom,HTTP Cookie,at_check,,session,TRUE,https://www.CLIENT_X.lt/c-e/ho/oro-valytuvas-ir-oro-drekintuvas/air-matters-aplikacija.html,Existing CM Trackers-Found,,,,,
stg.CLIENT_X.ro,Essential cookies (exempt from consent),CLIENT_X - Romania,HTTP Cookie,JSESSIONID,,session,TRUE,https://www.CLIENT_X.lt/,Existing CM Trackers-Found,,,,,
www.CLIENT_X.lv,Essential cookies (exempt from consent),CLIENT_X - Latvia,HTTP Cookie,kampyleSessionPageCounter,,,TRUE,https://www.CLIENT_X.lt/,Existing CM Trackers-Found,,,,,
www.CLIENT_X.com.sg,Essential cookies (exempt from consent),CLIENT_X - Singapore,JavaScript,blank (java),,bench_update_duration,TRUE,https://www.CLIENT_X.lt/a-w/naudojimo_salygos,Existing CM Trackers-Found,,,,,
pixel.rubiconproject.com,Targeted Advertising cookies (including social media) [Requires consent],"Magnite, Inc.",Beacon,_ga_failed_lookup_marker_18_1590,,,TRUE,https://www.CLIENT_X.lt/a-w/naudojimo_salygos,Existing CM Trackers-Found,,,,,
widget-cdn.janraincapture.com,Performance cookies [Requires consent],Akamai,JavaScript,_ga_failed_lookup_marker_18_1591,,,,,Existing CM Trackers-Not Found,,,,,
.google.com,Essential cookies (exempt from consent),Google Inc.,HTTP Cookie,CONSENT,,bench_update_duration,TRUE,https://www.CLIENT_X.lt/healthcare/about/support/resource-center/results,Existing CM Trackers-Found,,,,,
www.lighting.CLIENT_X.com.au,Essential cookies (exempt from consent),Signify (formerly CLIENT_X Lighting),HTTP Cookie,BCTempID,,89,,https://www.CLIENT_X.lt/a-w/slapuku-politika,New Third Party Trackers,,,,,
CLIENT_X.112.2o7.net,Performance cookies,"Adobe Audience Manager, Adobe Experience Cloud",HTTP Cookie,bench_new_T2_3784,,400,,https://www.CLIENT_X.lt/,New Third Party Trackers,,,,,
www.CLIENT_X.co.uk,Essential cookies (exempt from consent),CLIENT_X - United Kingdom,HTTP Cookie,AWSELB,,bench_update_duration,,,Existing CM Trackers-Not Found,,,,,
www.lighting.CLIENT_X.pt,Essential cookies (exempt from consent),Signify (formerly CLIENT_X Lighting),ETag,blank (etag),,365,TRUE,https://www.CLIENT_X.lt/c-e/benefits.html,Existing CM Trackers-Found,,,,,
www.CLIENT_X.com.sg,Essential cookies (exempt from consent),CLIENT_X - Singapore,HTTP Cookie,eddl_gtm_qe_session_start_6523424625,,,TRUE,https://www.CLIENT_X.lt/c-e/ho/lyginimas/descale-garment-steamers,Existing CM Trackers-Found,,,,,
CLIENT_X.com.sg,Essential cookies (exempt from consent),CLIENT_X - Singapore,HTTP Cookie,BCSessionID,,bench_update_duration,,,Existing CM Trackers-Not Found,,,,,
CLIENT_X.lt,Essential cookies (exempt from consent),CLIENT_X - Lithuania,HTTP Cookie,_ga_failed_lookup_marker_18_1599,,,,,Existing CM Trackers-Not Found,,,,,
CLIENT_X.co.ke,Essential cookies (exempt from consent),CLIENT_X - Kenya,HTTP Cookie,FPID,,365,TRUE,https://www.CLIENT_X.lt/c-e/benefits.html,Existing CM Trackers-Found,,,,,
www.CLIENT_X.co.kr,Essential cookies (exempt from consent),CLIENT_X - Korea,JavaScript,blank (java),,bench_update_duration,TRUE,https://www.CLIENT_X.lt/,Existing CM Trackers-Found,,,,,
CLIENT_Xes.api.useinsider.com,Targeted Advertising Cookies (including social media) [Requires consent],Insider,JavaScript,-,,bench_update_duration,,,Existing CM Trackers-Not Found,,,,,
www.CLIENT_X.ro,Essential cookies (exempt from consent),CLIENT_X - Romania,HTTP Cookie,kampyleUserSession,,bench_update_duration,TRUE,https://www.CLIENT_X.lt/c-e/benefits.html,Existing CM Trackers-Found,,,,,
lighting.CLIENT_X.ru,Essential cookies (exempt from consent),Signify (formerly CLIENT_X Lighting),HTTP Cookie,com.adobe.alloy.getTld,,,TRUE,https://www.CLIENT_X.lt/a-w/naudojimo_salygos,Existing CM Trackers-Found,,,,,
www.CLIENT_X.pl,Essential cookies (exempt from consent),CLIENT_X - Poland,HTTP Cookie,kampyleUserPercentile,,,,,Existing CM Trackers-Not Found,,,,,
www.lighting.CLIENT_X.lt,Essential cookies (exempt from consent),Signify (formerly CLIENT_X Lighting),ETag,_ga_failed_lookup_marker_18_1606,,,,,Existing CM Trackers-Not Found,,,,,
www.lighting.CLIENT_X.co.za,Essential cookies (exempt from consent),Signify (formerly CLIENT_X Lighting),ETag,blank (etag),,bench_update_duration,TRUE,https://www.CLIENT_X.lt/,Existing CM Trackers-Found,,,,,
CLIENT_X.com.br,Essential cookies (exempt from consent),CLIENT_X - Brazil,HTTP Cookie,_ttp,,bench_update_duration,,,Existing CM Trackers-Not Found,,,,,
CLIENT_X.com.qa,Essential cookies (exempt from consent),CLIENT_X - Qatar,HTTP Cookie,at_check,,,TRUE,https://www.CLIENT_X.lt/,Existing CM Trackers-Found,,,,,
usr.navdmp.com,Targeted Advertising Cookies (including social media) [Requires consent],Navegg,JavaScript,-,,bench_update_duration,,,Existing CM Trackers-Not Found,,,,,
www.CLIENT_X.co.za,Essential cookies (exempt from consent),CLIENT_X - South Africa,HTTP Cookie,kampyleSessionPageCounter,,bench_update_duration,,,Existing CM Trackers-Not Found,,,,,
CLIENT_X.com.sg,Essential cookies (exempt from consent),CLIENT_X - Singapore,HTTP Cookie,s_ugv,,365,TRUE,https://www.CLIENT_X.lt/c-e/benefits.html,Existing CM Trackers-Found,,,,,
CLIENT_X.sa,Essential cookies (exempt from consent),CLIENT_X - Kingdom of Saudi Arabia,HTTP Cookie,_tt_enable_cookie,,,,https://www.CLIENT_X.lt/a-w/slapuku-politika,New Third Party Trackers,,,,,
www.shop.CLIENT_X.lt,Performance cookies [Requires consent],CLIENT_X - Lithuania,HTTP Cookie,bench_new_T2_3631,,,,,Existing CM Trackers-Not Found,,,,,
versuni.scene7.com,Performance cookies [Requires consent],Adobe Experience Cloud - Experience Manager,ETag,_ga_failed_lookup_marker_18_1615,,,TRUE,https://www.CLIENT_X.lt/c-f/XC000021357/kaip-kurti-ir-tvarkyti-%C5%BEem%C4%97lapius-program%C4%97l%C4%97je-%E2%80%9ECLIENT_X-homerun%E2%80%9C,Existing CM Trackers-Found,,,,,
CLIENT_X.com.tr,Essential cookies (exempt from consent),CLIENT_X - Turkey,HTTP Cookie,test,,bench_update_duration,TRUE,https://www.CLIENT_X.lt/healthcare/about/support/resource-center/results,Existing CM Trackers-Found,,,,,
CLIENT_X.co.jp,Essential cookies (exempt from consent),CLIENT_X Electronics Corporation Japan,HTTP Cookie,TEST_AMCV_COOKIE_WRITE,,bench_update_duration,,,Existing CM Trackers-Not Found,,,,,
www.google.com,Performance Cookies [Requires consent],Google Inc.,ETag,-,,bench_update_duration,,,Existing CM Trackers-Not Found,,,,,
www.lighting.CLIENT_X.co.jp,Essential cookies (exempt from consent),Signify (formerly CLIENT_X Lighting),JavaScript,blank (java),,bench_update_duration,,,Existing CM Trackers-Not Found,,,,,
www.CLIENT_X.lt,Essential cookies (exempt from consent),CLIENT_X - Lithuania,HTTP Cookie,bench_new_T2_3648,,0,TRUE,https://www.CLIENT_X.lt/c-e/benefits.html,Existing CM Trackers-Found,,,,,
www.lighting.CLIENT_X.co.kr,Essential cookies (exempt from consent),Signify (formerly CLIENT_X Lighting),HTTP Cookie,customer_country,,,TRUE,https://www.CLIENT_X.lt/c-p/BRI977_00/lumea-ipl-9900-series-ipl-hair-removal-device-with-senseiq,Existing CM Trackers-Found,,,,,
www.CLIENT_X.ch,Essential cookies (exempt from consent),CLIENT_X - Switzerland,HTTP Cookie,RT,,,,,Existing CM Trackers-Not Found,,,,,
www.lighting.CLIENT_X.co.jp,Essential cookies (exempt from consent),Signify (formerly CLIENT_X Lighting),HTTP Cookie,s_as,,bench_update_duration,TRUE,https://www.CLIENT_X.lt/c-e/blog.html,Existing CM Trackers-Found,,,,,
CLIENT_X.rs,Essential cookies (exempt from consent),CLIENT_X - Serbia,HTTP Cookie,mboxEdgeCluster,,bench_update_duration,,,Existing CM Trackers-Not Found,,,,,
CLIENT_X.co.in,Essential cookies (exempt from consent),CLIENT_X - India,HTTP Cookie,s_pv,,400,TRUE,https://www.CLIENT_X.lt/a-w/naudojimo_salygos,Existing CM Trackers-Found,,,,,
api.ipify.org,Performance Cookies [Requires consent],ipify,JavaScript,-,,,,,Existing CM Trackers-Not Found,,,,,
www.subscription.CLIENT_X.be,Essential cookies (exempt from consent),CLIENT_X - Belgium,HTTP Cookie,ARRAffinitySameSite,,729,,,Existing CM Trackers-Not Found,,,,,
CLIENT_X.bg,Essential cookies (exempt from consent),CLIENT_X - Bulgaria,HTTP Cookie,_fbp,,bench_update_duration,,https://www.CLIENT_X.lt/c-m-ho/kava/pusiau-automatinis-espreso-aparatas,New Third Party Trackers,,,,,
CLIENT_X.at,Essential cookies (exempt from consent),CLIENT_X - Austria,HTTP Cookie,FPID,,bench_update_duration,TRUE,https://www.CLIENT_X.lt/c-e/blog/burnos-higiena.html,Existing CM Trackers-Found,,,,,
media.flixcar.com,Targeted Advertising cookies (including social media) [Requires consent],Flixmedia,JavaScript,bench_new_T2_3738,,,,,Existing CM Trackers-Not Found,,,,,
CLIENT_X.fi,Essential cookies (exempt from consent),CLIENT_X - Finland,HTTP Cookie,_tt_enable_cookie,,bench_update_duration,TRUE,https://www.CLIENT_X.lt/a-w/naudojimo_salygos,Existing CM Trackers-Found,,,,,
CLIENT_X.lv,Essential cookies (exempt from consent),CLIENT_X - Latvia,HTTP Cookie,s_pv,,bench_update_duration,TRUE,https://www.CLIENT_X.lt/c-w/pagalba/support-contact-page,Existing CM Trackers-Found,,,,,
www.CLIENT_X.lt,Essential cookies (exempt from consent),CLIENT_X - Lithuania,HTTP Cookie,bench_new_T2_3610,,365,TRUE,https://www.CLIENT_X.lt/c-e/benefits.html,Existing CM Trackers-Found,,,,,
CLIENT_X.be,Essential cookies (exempt from consent),CLIENT_X - Belgium,HTTP Cookie,s_tid,,bench_update_duration,,,Existing CM Trackers-Not Found,,,,,
www.CLIENT_X.co.nz,Essential cookies (exempt from consent),CLIENT_X - New Zealand,HTTP Cookie,eddl_itc_list,,bench_update_duration,,,Existing CM Trackers-Not Found,,,,,
CLIENT_X.es,Essential cookies (exempt from consent),CLIENT_X - Spain,HTTP Cookie,_y2,,bench_update_duration,,,Existing CM Trackers-Not Found,,,,,
CLIENT_X.co.uk,Essential cookies (exempt from consent),CLIENT_X - United Kingdom,HTTP Cookie,li_cm_prefs_session,,bench_update_duration,TRUE,https://www.CLIENT_X.lt/c-w/pagalba/service-center-locator.html,Existing CM Trackers-Found,,,,,
CLIENT_X.bg,Essential cookies (exempt from consent),CLIENT_X - Bulgaria,HTTP Cookie,mbox,,session,TRUE,https://www.CLIENT_X.lt/healthcare/clinical-solutions/early-warning-scoring,Existing CM Trackers-Found,,,,,
www.CLIENT_X.hu,Essential cookies (exempt from consent),CLIENT_X - Hungary,HTTP Cookie,T01-recentlyViewedProducts,,bench_update_duration,TRUE,https://www.CLIENT_X.lt/a-w/naudojimo_salygos,Existing CM Trackers-Found,,,,,
consent-st.trustarc.com,Essential cookies (exempt from consent),TrustArc,JavaScript,bench_new_T2_3758,,,,,Existing CM Trackers-Not Found,,,,,
lighting.CLIENT_X.com.ph,Essential cookies (exempt from consent),CLIENT_X - Philippines,HTTP Cookie,aam_uuid,,bench_update_duration,,https://www.CLIENT_X.lt/healthcare,Existing CM Trackers-Found,,,,,
igt-interactive-tour.com,Essential cookies (exempt from consent),Koninklijke CLIENT_X N.V.,HTTP Cookie,s_cm,,400,,https://www.CLIENT_X.lt/,New Third Party Trackers,,,,,
www.CLIENT_X.bg,Essential cookies (exempt from consent),CLIENT_X - Bulgaria,ETag,blank (etag),,89,TRUE,https://www.CLIENT_X.lt/,Existing CM Trackers-Found,,,,,
www.lighting.CLIENT_X.ng,Essential cookies (exempt from consent),Signify (formerly CLIENT_X Lighting),ETag,blank (etag),,,TRUE,https://www.CLIENT_X.lt/,Existing CM Trackers-Found,,,,,
www.CLIENT_X.fi,Essential cookies (exempt from consent),CLIENT_X - Finland,HTTP Cookie,kampyleUserSessionsCount,,bench_update_duration,TRUE,https://www.CLIENT_X.lt/,Existing CM Trackers-Found,,,,,
CLIENT_X.hu,Essential cookies (exempt from consent),CLIENT_X - Hungary,HTTP Cookie,li_cm_prefs_session,,bench_update_duration,,,Existing CM Trackers-Not Found,,,,,
lighting.CLIENT_X.lt,Essential cookies (exempt from consent),Signify (formerly CLIENT_X Lighting),Local Storage,bench_new_T2_3790,,,,,Existing CM Trackers-Not Found,,,,,
CLIENT_X.ae,Essential cookies (exempt from consent),CLIENT_X - Middle East Arab,HTTP Cookie,iadvize-8002-vuid,,,,,Existing CM Trackers-Not Found,,,,,
master--CLIENT_Xmx.myvtex.com,Performance Cookies [Requires consent],VTEX,ETag,-,,bench_update_duration,TRUE,https://www.CLIENT_X.lt/c-e/benefits.html,Existing CM Trackers-Found,,,,,
lighting.CLIENT_X.fr,Essential cookies (exempt from consent),Signify (formerly CLIENT_X Lighting),HTTP Cookie,com.adobe.alloy.getTld,,bench_update_duration,,,Existing CM Trackers-Not Found,,,,,
CLIENT_X.sk,Essential cookies (exempt from consent),CLIENT_X - Slovakia,HTTP Cookie,_ga,,,,,Existing CM Trackers-Not Found,,,,,
www.CLIENT_X.hu,Essential cookies (exempt from consent),CLIENT_X - Hungary,HTTP Cookie,kampyleUserSessionsCount,,bench_update_duration,TRUE,https://www.CLIENT_X.lt/,Existing CM Trackers-Found,,,,,
www.lighting.CLIENT_X.co.id,Essential cookies (exempt from consent),Signify (formerly CLIENT_X Lighting),HTTP Cookie,s_as,,,,,Existing CM Trackers-Not Found,,,,,
CLIENT_X.lt,Essential cookies (exempt from consent),CLIENT_X - Lithuania,HTTP Cookie,bench_new_T2_3789,,,,,Existing CM Trackers-Not Found,,,,,
linkedin.com,Targeted Advertising cookies (including social media) [Requires consent],LinkedIn,HTTP Cookie,bench_new_T2_3776,,1,TRUE,https://www.CLIENT_X.lt/c-e/ho/lyginimas/drabuziu-garintuvai/handheld-steamer-7000-series.html,Existing CM Trackers-Found,,,,,
CLIENT_X.no,Essential cookies (exempt from consent),CLIENT_X - Norway,HTTP Cookie,_gdXXX,,bench_update_duration,,,Existing CM Trackers-Not Found,,,,,
CLIENT_X.com.tr,Essential cookies (exempt from consent),CLIENT_X - Turkey,HTTP Cookie,s_cc,,,,,Existing CM Trackers-Not Found,,,,,
lighting.CLIENT_X.co.za,Essential cookies (exempt from consent),Signify (formerly CLIENT_X Lighting),HTTP Cookie,s_cc,,bench_update_duration,,,Existing CM Trackers-Not Found,,,,,
CLIENT_X.ch,Essential cookies (exempt from consent),CLIENT_X - Switzerland,HTTP Cookie,s_cm_direct,,bench_update_duration,,,Existing CM Trackers-Not Found,,,,,
CLIENT_X.com.my,Essential cookies (exempt from consent),CLIENT_X - Malaysia,HTTP Cookie,_gdXXX,,session,TRUE,https://www.CLIENT_X.lt/,Existing CM Trackers-Found,,,,,
www.CLIENT_X.ro,Essential cookies (exempt from consent),CLIENT_X - Romania,HTTP Cookie,eddl_gtm_qe_session_start_6523424625,,0,TRUE,https://www.CLIENT_X.lt/c-e/benefits.html,Existing CM Trackers-Found,,,,,
www.subscription.CLIENT_X.be,Essential cookies (exempt from consent),CLIENT_X - Belgium,JavaScript,blank (java),,session,,,Existing CM Trackers-Not Found,,,,,
analytics.tiktok.com,Targeted Advertising Cookies (including social media) [Requires consent],TikTok,Beacon,-,,bench_update_duration,,,Existing CM Trackers-Not Found,,,,,
lighting.CLIENT_X.com.vn,Essential cookies (exempt from consent),Signify (formerly CLIENT_X Lighting),HTTP Cookie,s_nr30,,,,,Existing CM Trackers-Not Found,,,,,
CLIENT_X.com.ph,Essential cookies (exempt from consent),CLIENT_X - Philippines,HTTP Cookie,_ttp,,,TRUE,https://www.CLIENT_X.lt/c-u/at_book_755999/SCD971SCD973NightOwl2_0onlineEU,Existing CM Trackers-Found,,,,,
CLIENT_X.com.cn,Essential cookies (exempt from consent),CLIENT_X - China,HTTP Cookie,_fbp,,,,,Existing CM Trackers-Not Found,,,,,
www.CLIENT_X.lt,Essential cookies (exempt from consent),CLIENT_X - Lithuania,HTTP Cookie,_ga_failed_lookup_marker_18_1667,,365,TRUE,https://www.CLIENT_X.lt/c-e/benefits.html,Existing CM Trackers-Found,,,,,
t.tailtarget.com,Targeted Advertising Cookies (including social media) [Requires consent],Tail Target,Beacon,-,,bench_update_duration,,,Existing CM Trackers-Not Found,,,,,
youtube.com,Targeted Advertising cookies (including social media),Google Advertising Products,HTTP Cookie,_ga_failed_lookup_marker_18_1669,,180,,https://www.CLIENT_X.lt/c-e/ho/oro-valytuvas-ir-oro-drekintuvas/air-matters-aplikacija.html,New Third Party Trackers,,,,,
CLIENT_X.ng,Essential cookies (exempt from consent),CLIENT_X - Nigeria,HTTP Cookie,_ga,,,,,Existing CM Trackers-Not Found,,,,,
CLIENT_X.lt,Essential cookies (exempt from consent),CLIENT_X - Lithuania,HTTP Cookie,bench_new_T2_3792,,60,TRUE,https://www.CLIENT_X.lt/,Existing CM Trackers-Found,,,,,
stats.wp.com,Performance Cookies [Requires consent],WordPress,JavaScript,-,,bench_update_duration,,,Existing CM Trackers-Not Found,,,,,
www.patientcare.shop.CLIENT_X.com.sg,Essential cookies (exempt from consent),CLIENT_X - Singapore,HTTP Cookie,kampyle_userid,,bench_update_duration,,,Existing CM Trackers-Not Found,,,,,
tiktok.com,Targeted Advertising cookies (including social media) [Requires consent],TikTok,HTTP Cookie,_ga_failed_lookup_marker_18_1674,,90,TRUE,https://www.CLIENT_X.lt/,Existing CM Trackers-Found,,,,,
CLIENT_X.nl,Essential cookies (exempt from consent),CLIENT_X - Netherlands,HTTP Cookie,s_eVar44,,,,,Existing CM Trackers-Not Found,,,,,
www.subskrypcje.CLIENT_X.pl,Essential cookies (exempt from consent),CLIENT_X - Poland,HTTP Cookie,ARRAffinitySameSite,,90,TRUE,https://www.CLIENT_X.lt/,Existing CM Trackers-Found,,,,,
CLIENT_X.112.2o7.net,Performance cookies,"Adobe Audience Manager, Adobe Experience Cloud",HTTP Cookie,bench_new_T2_3773,,400,,https://www.CLIENT_X.lt/,New Third Party Trackers,,,,,
content.syndigo.com,Targeted Advertising Cookies (including social media) [Requires consent],Syndigo (formerly Webcollage),ETag,-,,bench_update_duration,,,Existing CM Trackers-Not Found,,,,,
acdn-digitaltrans-01-p.azureedge.net,Targeted Advertising cookies (including social media) [Requires consent],Microsoft,JavaScript,bench_new_T2_3733,,,,,Existing CM Trackers-Not Found,,,,,
api.snappylabs.io,Performance Cookies [Requires consent],Snappy Labs,JavaScript,-,,session,TRUE,https://www.CLIENT_X.lt/,Existing CM Trackers-Found,,,,,
www.CLIENT_X.com.hk,Essential cookies (exempt from consent),CLIENT_X - Hong Kong,HTTP Cookie,_sdsat_pgm_optin,,bench_update_duration,,,Existing CM Trackers-Not Found,,,,,
CLIENT_X.cz,Essential cookies (exempt from consent),CLIENT_X - Czech Republic,HTTP Cookie,internalUserCheck,,392,TRUE,https://www.CLIENT_X.lt/healthcare,Existing CM Trackers-Found,,,,,
CLIENT_X.pl,Essential cookies (exempt from consent),CLIENT_X - Poland,HTTP Cookie,s_vtime,,390,TRUE,https://www.CLIENT_X.lt/c-e/ho/lyginimas/drabuziu-garintuvai/handheld-steamer-7000-series.html,Existing CM Trackers-Found,,,,,
CLIENT_X.rs,Essential cookies (exempt from consent),CLIENT_X - Serbia,HTTP Cookie,FPLC,,bench_update_duration,TRUE,https://www.CLIENT_X.lt/,Existing CM Trackers-Found,,,,,
stg.CLIENT_X.ro,Essential cookies (exempt from consent),CLIENT_X - Romania,JavaScript,blank (java),,,TRUE,https://www.CLIENT_X.lt/c-e/blog.html,Existing CM Trackers-Found,,,,,
www.CLIENT_X.co.uk,Essential cookies (exempt from consent),CLIENT_X - United Kingdom,JavaScript,blank (java),,bench_update_duration,TRUE,https://www.CLIENT_X.lt/,Existing CM Trackers-Found,,,,,
CLIENT_X.ma,Essential cookies (exempt from consent),CLIENT_X - Morocco,HTTP Cookie,BCSessionID,,0,TRUE,https://www.CLIENT_X.lt/,Existing CM Trackers-Found,,,,,
assets.adobedtm.com,Performance cookies [Requires consent],Adobe Inc.,JavaScript,bench_new_T2_3654,,,,,Existing CM Trackers-Not Found,,,,,
CLIENT_X.cl,Essential cookies (exempt from consent),CLIENT_X - Chile,HTTP Cookie,_scid,,,TRUE,https://www.CLIENT_X.lt/c-e/pe/veidas-barzdaskutes/9000-serijos.html,Existing CM Trackers-Found,,,,,
www.lighting.CLIENT_X.de,Essential cookies (exempt from consent),Signify (formerly CLIENT_X Lighting),HTTP Cookie,AWSELB,,bench_update_duration,TRUE,https://www.CLIENT_X.lt/c-e/ho/oro-valytuvas-ir-oro-drekintuvas/air-matters-aplikacija.html,Existing CM Trackers-Found,,,,,
nexx360.io,Targeted Advertising Cookies (including social media) [Requires consent],Nexx360,HTTP Cookie,n360-rtbhouse,,89999,TRUE,https://www.CLIENT_X.lt/,Existing CM Trackers-Found,,,,,
www.lighting.CLIENT_X.co.in,Essential cookies (exempt from consent),Signify (formerly CLIENT_X Lighting),HTTP Cookie,AWSELBCORS,,0,,https://www.CLIENT_X.lt/c-f/XC000003591/kokius-patiekalus-galima-gaminti-%E2%80%9ECLIENT_X-airfryer%E2%80%9C,New Third Party Trackers,,,,,
CLIENT_X.lt,Essential cookies (exempt from consent),CLIENT_X - Lithuania,HTTP Cookie,_ga_failed_lookup_marker_18_1693,,0,TRUE,https://www.CLIENT_X.lt/,Existing CM Trackers-Found,,,,,
www.lighting.CLIENT_X.com.hk,Essential cookies (exempt from consent),CLIENT_X - Hong Kong,Beacon,blank (beacon),,session,TRUE,https://www.CLIENT_X.lt/,Existing CM Trackers-Found,,,,,
tracking.channelsight.com,Targeted Advertising cookies (including social media) [Requires consent],ChannelSight,JavaScript,_ga_failed_lookup_marker_18_1695,,,,,Existing CM Trackers-Not Found,,,,,
www.CLIENT_X.hu,Essential cookies (exempt from consent),CLIENT_X - Hungary,HTTP Cookie,_y2,,bench_update_duration,TRUE,https://www.CLIENT_X.lt/healthcare/product/881120,Existing CM Trackers-Found,,,,,
www.CLIENT_X.ma,Essential cookies (exempt from consent),CLIENT_X - Morocco,HTTP Cookie,RT,,,TRUE,https://www.CLIENT_X.lt/c-m-pe/plauku-salinimo-priemones/naujausi,Existing CM Trackers-Found,,,,,
CLIENT_X.com.hk,Essential cookies (exempt from consent),CLIENT_X - Hong Kong,HTTP Cookie,s_nrpv,,,,,Existing CM Trackers-Not Found,,,,,
www.clarity.ms,Performance Cookies [Requires consent],Microsoft,JavaScript,-,,bench_update_duration,,,Existing CM Trackers-Not Found,,,,,
www.lighting.CLIENT_X.com.vn,Essential cookies (exempt from consent),Signify (formerly CLIENT_X Lighting),HTTP Cookie,d01-layout,,bench_update_duration,TRUE,https://www.CLIENT_X.lt/,Existing CM Trackers-Found,,,,,
CLIENT_X.hu,Essential cookies (exempt from consent),CLIENT_X - Hungary,HTTP Cookie,_gdXXX,,session,TRUE,https://www.CLIENT_X.lt/a-w/naudojimo_salygos,Existing CM Trackers-Found,,,,,
www.CLIENT_X.lt,Essential cookies,CLIENT_X - Lithuania,HTTP Cookie,bench_new_T2_3612,,6,,https://www.CLIENT_X.lt/c-e/benefits.html,New First Party Trackers,,,,,
www.lighting.CLIENT_X.no,Essential cookies (exempt from consent),Signify (formerly CLIENT_X Lighting),Local Storage,blank (local storage),,,,,Existing CM Trackers-Not Found,,,,,
www.CLIENT_X.si,Essential cookies (exempt from consent),CLIENT_X - Slovenia,HTTP Cookie,eddl_itc_list,,,,,Existing CM Trackers-Not Found,,,,,
www.CLIENT_X.ae,Essential cookies (exempt from consent),CLIENT_X - Middle East Arab,HTTP Cookie,kampyleUserPercentile,,bench_update_duration,,,Existing CM Trackers-Not Found,,,,,
CLIENT_X.co.in,Essential cookies (exempt from consent),CLIENT_X - India,HTTP Cookie,_gid,,,,,Existing CM Trackers-Not Found,,,,,
dmp.eland-tech.com,Targeted Advertising Cookies (including social media) [Requires consent],Unknown,Beacon,-,,bench_update_duration,,,Existing CM Trackers-Not Found,,,,,
www.CLIENT_X.ro,Essential cookies (exempt from consent),CLIENT_X - Romania,HTTP Cookie,mdLogger,,,,,Existing CM Trackers-Not Found,,,,,
www.CLIENT_X.nl,Essential cookies (exempt from consent),CLIENT_X - Netherlands,HTTP Cookie,kampyle_userid,,bench_update_duration,,,Existing CM Trackers-Not Found,,,,,
CLIENT_Xmx.vtexassets.com,Performance Cookies [Requires consent],VTEX,ETag,-,,bench_update_duration,TRUE,https://www.CLIENT_X.lt/,Existing CM Trackers-Found,,,,,
CLIENT_X.gr,Essential cookies (exempt from consent),CLIENT_X - Greece,HTTP Cookie,_scid,,,TRUE,https://www.CLIENT_X.lt/,Existing CM Trackers-Found,,,,,
nebula-cdn.kampyle.com,Performance cookies [Requires consent],Medallia,JavaScript,_ga_failed_lookup_marker_18_1712,,,TRUE,https://www.CLIENT_X.lt/,Existing CM Trackers-Found,,,,,
www.CLIENT_X.nl,Essential cookies (exempt from consent),CLIENT_X - Netherlands,HTTP Cookie,liveagent_vc,,bench_update_duration,TRUE,https://www.CLIENT_X.lt/,Existing CM Trackers-Found,,,,,
www.subscriptions.CLIENT_X.de,Essential cookies (exempt from consent),CLIENT_X - Germany,Local Storage,blank (local storage),,bench_update_duration,TRUE,https://www.CLIENT_X.lt/,Existing CM Trackers-Found,,,,,
CLIENT_X.lt,Essential cookies (exempt from consent),CLIENT_X - Lithuania,HTTP Cookie,_ga_failed_lookup_marker_18_1715,,,,,Existing CM Trackers-Not Found,,,,,
www.lighting.CLIENT_X.com.tw,Essential cookies (exempt from consent),Signify (formerly CLIENT_X Lighting),JavaScript,blank (java),,bench_update_duration,,https://www.CLIENT_X.lt/c-f/XC000003591/kokius-patiekalus-galima-gaminti-%E2%80%9ECLIENT_X-airfryer%E2%80%9C,New Third Party Trackers,,,,,
www.CLIENT_X.lv,Essential cookies (exempt from consent),CLIENT_X - Latvia,HTTP Cookie,kampyleUserSessionsCount,,400,,https://www.CLIENT_X.lt/,New Third Party Trackers,,,,,
www.subscription.CLIENT_X.fr,Essential cookies (exempt from consent),CLIENT_X - France,HTTP Cookie,fl_qualified_entry,,,,,Existing CM Trackers-Not Found,,,,,
www.CLIENT_X.es,Essential cookies (exempt from consent),CLIENT_X - Spain,HTTP Cookie,kampylePageLoadedTimestamp,,,,,Existing CM Trackers-Not Found,,,,,
lighting.CLIENT_X.lt,Performance cookies [Requires consent],Signify (formerly CLIENT_X Lighting),HTTP Cookie,bench_new_T2_3615,,,,,Existing CM Trackers-Not Found,,,,,
www.usa.CLIENT_X.com,Essential cookies (exempt from consent),Koninklijke CLIENT_X N.V.,HTTP Cookie,notice_settings,,bench_update_duration,TRUE,https://www.CLIENT_X.lt/healthcare/about/support/resource-center/results,Existing CM Trackers-Found,,,,,
www.CLIENT_X.pt,Essential cookies (exempt from consent),CLIENT_X - Portugal,HTTP Cookie,PT_Pub-cartstatus-com,,session,TRUE,https://www.CLIENT_X.lt/,Existing CM Trackers-Found,,,,,
acc.usa.CLIENT_X.com,Essential cookies (exempt from consent),Koninklijke CLIENT_X N.V.,HTTP Cookie,__attentive_pv,,,TRUE,https://www.CLIENT_X.lt/c-w/pagalba/service-center-locator.html,Existing CM Trackers-Found,,,,,
az416426.vo.msecnd.net,Performance Cookies [Requires consent],Microsoft,ETag,-,,bench_update_duration,,,Existing CM Trackers-Not Found,,,,,
www.CLIENT_X.lt,Essential cookies (exempt from consent),CLIENT_X - Lithuania,HTTP Cookie,bench_new_T2_3678,,365,TRUE,https://www.CLIENT_X.lt/c-e/benefits.html,Existing CM Trackers-Found,,,,,
www.lighting.CLIENT_X.com.pe,Essential cookies (exempt from consent),Signify (formerly CLIENT_X Lighting),HTTP Cookie,customer_language_accept,,,,,Existing CM Trackers-Not Found,,,,,
www.dentalprofessionalshop.CLIENT_X.co.uk,Essential cookies (exempt from consent),CLIENT_X - United Kingdom,JavaScript,blank (java),,bench_update_duration,,https://www.CLIENT_X.lt/c-f/XC000021443/mano-%E2%80%9ECLIENT_X%E2%80%9C-bok%C5%A1tinis-ventiliatorius-vibruodamas-skleid%C5%BEia-ne%C4%AFprast%C4%85-triuk%C5%A1m%C4%85,New Third Party Trackers,,,,,
cdn.holmesmind.com,Performance Cookies [Requires consent],DoubleMax Technology,ETag,-,,bench_update_duration,TRUE,https://www.CLIENT_X.lt/c-w/pagalba/service-center-locator.html,Existing CM Trackers-Found,,,,,
CLIENT_X.com.sg,Essential cookies (exempt from consent),CLIENT_X - Singapore,HTTP Cookie,notice_behavior,,bench_update_duration,TRUE,https://www.CLIENT_X.lt/c-u/at_book_755999/SCD971SCD973NightOwl2_0onlineEU,Existing CM Trackers-Found,,,,,
CLIENT_X.co.nz,Essential cookies (exempt from consent),CLIENT_X - New Zealand,HTTP Cookie,kndctr_AF93936257A37E0A7F000101_AdobeOrg_cluster,,,TRUE,https://www.CLIENT_X.lt/,Existing CM Trackers-Found,,,,,
CLIENT_X.com.sg,Essential cookies (exempt from consent),CLIENT_X - Singapore,HTTP Cookie,s_nrpv,,,,,Existing CM Trackers-Not Found,,,,,
www.shop.CLIENT_X.lv,Essential cookies (exempt from consent),CLIENT_X - Latvia,HTTP Cookie,eddl_gtm_qe_session_start_6523424625,,,,,Existing CM Trackers-Not Found,,,,,
CLIENT_X.com,Essential cookies (exempt from consent),Koninklijke CLIENT_X N.V.,HTTP Cookie,TEST_AMCV_COOKIE,,,TRUE,https://www.CLIENT_X.lt/,Existing CM Trackers-Found,,,,,
www.CLIENT_X.se,Essential cookies (exempt from consent),CLIENT_X - Sweden,HTTP Cookie,p-hc-catg,,bench_update_duration,,,Existing CM Trackers-Not Found,,,,,
CLIENT_X.lt,Essential cookies (exempt from consent),CLIENT_X - Lithuania,HTTP Cookie,bench_new_T2_3710,,400,TRUE,https://www.CLIENT_X.lt/,Existing CM Trackers-Found,,,,,
www.CLIENT_X.se,Essential cookies (exempt from consent),CLIENT_X - Sweden,HTTP Cookie,T01-recentlyViewedProducts,,,,,Existing CM Trackers-Not Found,,,,,
CLIENT_X.hu,Essential cookies (exempt from consent),CLIENT_X - Hungary,HTTP Cookie,_ga,,400,TRUE,https://www.CLIENT_X.lt/a-w/naudojimo_salygos,Existing CM Trackers-Found,,,,,
www.CLIENT_X.bg,Essential cookies (exempt from consent),CLIENT_X - Bulgaria,HTTP Cookie,AWSELBCORS,,bench_update_duration,,,Existing CM Trackers-Not Found,,,,,
www.CLIENT_X.com.mx,Essential cookies (exempt from consent),CLIENT_X - Mexico,HTTP Cookie,kampyleUserSessionsCount,,,TRUE,https://www.CLIENT_X.lt/c-e/blog/burnos-higiena.html,Existing CM Trackers-Found,,,,,
snap.licdn.com,Performance cookies [Requires consent],LinkedIn,JavaScript,bench_new_T2_3734,,,TRUE,https://www.CLIENT_X.lt/c-e/ho/airfryer-accessories.html,Existing CM Trackers-Found,,,,,
nebula-cdn.kampyle.com,Performance cookies [Requires consent],Medallia,JavaScript,_ga_failed_lookup_marker_18_1741,,,TRUE,https://www.CLIENT_X.lt/,Existing CM Trackers-Found,,,,,
bing.com,Targeted Advertising Cookies (including social media) [Requires consent],Microsoft Advertising,HTTP Cookie,MUID,,389,TRUE,https://www.CLIENT_X.lt/c-e/ho/dulkiu-siurbliai-sluotos/dulkiu-siurblys-sluota/cordless-vc-series-8000-aqua,Existing CM Trackers-Found,,,,,
assets.adobedtm.com,Performance cookies [Requires consent],Adobe Inc.,JavaScript,bench_new_T2_3652,,,,,Existing CM Trackers-Not Found,,,,,
www.shop.CLIENT_X.lt,Performance cookies [Requires consent],CLIENT_X - Lithuania,HTTP Cookie,bench_new_T2_3681,,,,,Existing CM Trackers-Not Found,,,,,
content.syndigo.com,Targeted Advertising Cookies (including social media) [Requires consent],Syndigo (formerly Webcollage),JavaScript,-,,,,,Existing CM Trackers-Not Found,,,,,
www.artfut.com,Targeted Advertising Cookies (including social media) [Requires consent],Admitad GmbH,ETag,-,,bench_update_duration,TRUE,https://www.CLIENT_X.lt/healthcare/clinical-solutions/early-warning-scoring,Existing CM Trackers-Found,,,,,
CLIENT_Xb2c.my.site.com,Performance cookies [Requires consent],"Salesforce.com, Inc.",Local Storage,bench_new_T2_3695,,,TRUE,https://www.CLIENT_X.lt/c-w/pagalba/support-contact-page,Existing CM Trackers-Found,,,,,
CLIENT_X.com.tr,Essential cookies (exempt from consent),CLIENT_X - Turkey,HTTP Cookie,mboxEdgeCluster,,bench_update_duration,,https://www.CLIENT_X.lt/healthcare/about/support/resource-center/results,New Third Party Trackers,,,,,
www.CLIENT_X.hr,Essential cookies (exempt from consent),CLIENT_X - Croatia,ETag,blank (etag),,bench_update_duration,,,Existing CM Trackers-Not Found,,,,,
tracking.channelsight.com,Targeted Advertising cookies (including social media) [Requires consent],ChannelSight,JavaScript,bench_new_T2_3705,,,,,Existing CM Trackers-Not Found,,,,,
careers.CLIENT_X.com.cn,Essential cookies (exempt from consent),CLIENT_X - China,HTTP Cookie,Hm_ck_XXXXXXXXXXXXX,,bench_update_duration,,,Existing CM Trackers-Not Found,,,,,
www.CLIENT_X.lt,Performance cookies [Requires consent],CLIENT_X - Lithuania,HTTP Cookie,bench_new_T2_3666,,session,TRUE,https://www.CLIENT_X.lt/c-e/benefits.html,Existing CM Trackers-Found,,,,,
CLIENT_X.lt,Essential cookies (exempt from consent),CLIENT_X - Lithuania,HTTP Cookie,_scid,,bench_update_duration,,,Existing CM Trackers-Not Found,,,,,
acc.usa.CLIENT_X.com,Essential cookies (exempt from consent),Koninklijke CLIENT_X N.V.,HTTP Cookie,shop-health,,,,,Existing CM Trackers-Not Found,,,,,
www.lighting.CLIENT_X.com.pe,Essential cookies (exempt from consent),Signify (formerly CLIENT_X Lighting),HTTP Cookie,AWSELBCORS,,0,,,Existing CM Trackers-Not Found,,,,,
CLIENT_X.co.ke,Essential cookies (exempt from consent),CLIENT_X - Kenya,HTTP Cookie,_gcl_au,,bench_update_duration,TRUE,https://www.CLIENT_X.lt/c-e/benefits.html,Existing CM Trackers-Found,,,,,
www.CLIENT_X.co.uk,Essential cookies (exempt from consent),CLIENT_X - United Kingdom,HTTP Cookie,mdLogger,,,TRUE,https://www.CLIENT_X.lt/c-e/ho/airfryer-accessories.html,Existing CM Trackers-Found,,,,,
beacon.speedcurve.com,Performance cookies,Speedcurve,Beacon,_ga_failed_lookup_marker_18_1758,,,,https://www.CLIENT_X.lt/c-m-ho/kava/pusiau-automatinis-espreso-aparatas,New Third Party Trackers,,,,,
www.mylife.CLIENT_X.com.cn,Essential cookies (exempt from consent),CLIENT_X - China,HTTP Cookie,ASP.NET_SessionId,,bench_update_duration,TRUE,https://www.CLIENT_X.lt/healthcare/about/support/resource-center/results,Existing CM Trackers-Found,,,,,
demdex.net,Targeted Advertising cookies (including social media) [Requires consent],"Adobe Audience Manager, Adobe Experience Cloud",HTTP Cookie,_ga_failed_lookup_marker_18_1760,,,,,Existing CM Trackers-Not Found,,,,,
px.ads.linkedin.com,Targeted Advertising cookies (including social media) [Requires consent],LinkedIn,JavaScript,bench_new_T2_3604,,,TRUE,https://www.CLIENT_X.lt/c-p/AC3829_10,Existing CM Trackers-Found,,,,,
CLIENT_X.it,Essential cookies (exempt from consent),CLIENT_X - Italy,HTTP Cookie,TEST_AMCV_COOKIE_WRITE,,bench_update_duration,TRUE,https://www.CLIENT_X.lt/,Existing CM Trackers-Found,,,,,
CLIENT_X.it,Essential cookies (exempt from consent),CLIENT_X - Italy,HTTP Cookie,s_vtime,,bench_update_duration,,,Existing CM Trackers-Not Found,,,,,
www.CLIENT_X.cz,Performance cookies [Requires consent],CLIENT_X - Czech Republic,ETag,_ga_failed_lookup_marker_18_1764,,,TRUE,https://www.CLIENT_X.lt/c-e/blog/burnos-higiena.html,Existing CM Trackers-Found,,,,,
CLIENT_X.com.sg,Essential cookies (exempt from consent),CLIENT_X - Singapore,HTTP Cookie,TAsessionID,,bench_update_duration,TRUE,https://www.CLIENT_X.lt/,Existing CM Trackers-Found,,,,,
CLIENT_X.be,Essential cookies (exempt from consent),CLIENT_X - Belgium,HTTP Cookie,at_check,,89,,,Existing CM Trackers-Not Found,,,,,
lighting.CLIENT_X.se,Essential cookies (exempt from consent),Signify (formerly CLIENT_X Lighting),HTTP Cookie,_mkto_trk,,bench_update_duration,TRUE,https://www.CLIENT_X.lt/,Existing CM Trackers-Found,,,,,
www.CLIENT_X.dk,Essential cookies (exempt from consent),CLIENT_X - Denmark,HTTP Cookie,ws-id,,,TRUE,https://www.CLIENT_X.lt/,Existing CM Trackers-Found,,,,,
CLIENT_X.se,Essential cookies (exempt from consent),CLIENT_X - Sweden,HTTP Cookie,s_vtime,,,TRUE,https://www.CLIENT_X.lt/c-u/at_book_755999/SCD971SCD973NightOwl2_0onlineEU,Existing CM Trackers-Found,,,,,
cm.g.doubleclick.net,Targeted Advertising Cookies (including social media) [Requires consent],Google Advertising Products,Beacon,-,,bench_update_duration,,,Existing CM Trackers-Not Found,,,,,
www.CLIENT_X.com.tw,Essential cookies (exempt from consent),CLIENT_X - Taiwan,HTTP Cookie,kampyleUserSessionsCount,,,,,Existing CM Trackers-Not Found,,,,,
dev.CLIENT_X.si,Essential cookies (exempt from consent),CLIENT_X - Slovenia,HTTP Cookie,user_country,,90,,https://www.CLIENT_X.lt/,New First Party Trackers,,,,,
CLIENT_X.fr,Essential cookies (exempt from consent),CLIENT_X - France,HTTP Cookie,coveo_visitorId,,bench_update_duration,TRUE,https://www.CLIENT_X.lt/c-e/benefits.html,Existing CM Trackers-Found,,,,,
apps.bazaarvoice.com,Performance Cookies [Requires consent],"Bazaarvoice, Inc.",JavaScript,-,,bench_update_duration,,,Existing CM Trackers-Not Found,,,,,
lighting.CLIENT_X.com.tw,Essential cookies (exempt from consent),Signify (formerly CLIENT_X Lighting),HTTP Cookie,s_cc,,,,,Existing CM Trackers-Not Found,,,,,
c.amazon-adsystem.com,Targeted Advertising Cookies (including social media) [Requires consent],Amazon Advertising,ETag,-,,bench_update_duration,TRUE,https://www.CLIENT_X.lt/a-w/naudojimo_salygos,Existing CM Trackers-Found,,,,,
CLIENT_X.fi,Essential cookies (exempt from consent),CLIENT_X - Finland,HTTP Cookie,mboxEdgeCluster,,,,,Existing CM Trackers-Not Found,,,,,
www.accounts.CLIENT_X.com,Essential cookies (exempt from consent),Koninklijke CLIENT_X N.V.,JavaScript,bench_new_T2_3730,,,,,Existing CM Trackers-Not Found,,,,,
www.CLIENT_X.cz,Essential cookies (exempt from consent),CLIENT_X - Czech Republic,HTTP Cookie,kampyle_userid,,,,https://www.CLIENT_X.lt/c-w/pagalba/support-contact-page,New Third Party Trackers,,,,,
CLIENT_X.rs,Essential cookies (exempt from consent),CLIENT_X - Serbia,HTTP Cookie,_scid,,,,,Existing CM Trackers-Not Found,,,,,
www.hcare.CLIENT_X.com.cn,Essential cookies (exempt from consent),CLIENT_X - China,HTTP Cookie,VisitorCapacity,,,,,Existing CM Trackers-Not Found,,,,,
CLIENT_X.lt,Performance cookies [Requires consent],CLIENT_X - Lithuania,HTTP Cookie,_ga_failed_lookup_marker_18_1782,,,,,Existing CM Trackers-Not Found,,,,,
CLIENT_X.at,Essential cookies (exempt from consent),CLIENT_X - Austria,HTTP Cookie,FPLC,,bench_update_duration,,,Existing CM Trackers-Not Found,,,,,
display.ugc.bazaarvoice.com,Essential cookies (exempt from consent),"Bazaarvoice, Inc.",ETag,bench_new_T2_3619,,,,,Existing CM Trackers-Not Found,,,,,
CLIENT_X.com.tw,Essential cookies (exempt from consent),CLIENT_X - Taiwan,HTTP Cookie,mbox,,,TRUE,https://www.CLIENT_X.lt/,Existing CM Trackers-Found,,,,,
demdex.net,Targeted Advertising cookies (including social media) [Requires consent],"Adobe Audience Manager, Adobe Experience Cloud",HTTP Cookie,_ga_failed_lookup_marker_18_1786,,,,,Existing CM Trackers-Not Found,,,,,
CLIENT_X.de,Essential cookies (exempt from consent),CLIENT_X - Germany,HTTP Cookie,iadvize_test_cookie_top_domain,,session,TRUE,https://www.CLIENT_X.lt/c-e/benefits.html,Existing CM Trackers-Found,,,,,
static.doubleclick.net,Targeted Advertising Cookies (including social media) [Requires consent],Google Advertising Products,JavaScript,-,,,TRUE,https://www.CLIENT_X.lt/healthcare/about/support/resource-center/results,Existing CM Trackers-Found,,,,,
fcm2.holmesmind.com,Performance Cookies [Requires consent],DoubleMax Technology,JavaScript,-,,,,,Existing CM Trackers-Not Found,,,,,
www.CLIENT_X.pl,Essential cookies (exempt from consent),CLIENT_X - Poland,HTTP Cookie,ROUTE,,400,,https://www.CLIENT_X.lt/,New First Party Trackers,,,,,
CLIENT_X.at,Essential cookies (exempt from consent),CLIENT_X - Austria,HTTP Cookie,_schn1,,0,,,Existing CM Trackers-Not Found,,,,,
www.CLIENT_X.com.ar,Essential cookies (exempt from consent),CLIENT_X - Argentina,HTTP Cookie,fl_qualified_entry,,0,,,Existing CM Trackers-Not Found,,,,,
CLIENT_X.rs,Essential cookies (exempt from consent),CLIENT_X - Serbia,HTTP Cookie,s_vtime,,365,TRUE,https://www.CLIENT_X.lt/c-e/benefits.html,Existing CM Trackers-Found,,,,,
CLIENT_X.com.co,Essential cookies (exempt from consent),CLIENT_X - Colombia,HTTP Cookie,_gid,,0,TRUE,https://www.CLIENT_X.lt/c-e/benefits.html,Existing CM Trackers-Found,,,,,
www.CLIENT_X.co.in,Essential cookies (exempt from consent),CLIENT_X - India,HTTP Cookie,mdLogger,,,TRUE,https://www.CLIENT_X.lt/c-e/ho/airfryer-accessories.html,Existing CM Trackers-Found,,,,,
www.powersensormonitor.CLIENT_X.com,Essential cookies (exempt from consent),Koninklijke CLIENT_X N.V.,ETag,blank (etag),,bench_update_duration,TRUE,https://www.CLIENT_X.lt/c-e/blog.html,Existing CM Trackers-Found,,,,,
CLIENT_X.ru,Essential cookies (exempt from consent),CLIENT_X - Russia,HTTP Cookie,s_cm_direct,,,,,Existing CM Trackers-Not Found,,,,,
www.CLIENT_X.jo,Essential cookies (exempt from consent),CLIENT_X - Jordan,JavaScript,blank (java),,,TRUE,https://www.CLIENT_X.lt/c-e/blog/burnos-higiena.html,Existing CM Trackers-Found,,,,,
sc-static.net,Targeted Advertising cookies (including social media) [Requires consent],Snap Inc.,ETag,bench_new_T2_3742,,,TRUE,https://www.CLIENT_X.lt/c-e/ho/dulkiu-siurbliai-sluotos/dulkiu-siurblys-sluota/cordless-vc-series-8000-aqua,Existing CM Trackers-Found,,,,,
www.CLIENT_X.be,Essential cookies (exempt from consent),CLIENT_X - Belgium,HTTP Cookie,kampyleSessionPageCounter,,bench_update_duration,,,Existing CM Trackers-Not Found,,,,,
static.iadvize.com,Performance Cookies [Requires consent],iAdvize,ETag,-,,,,,Existing CM Trackers-Not Found,,,,,
www.CLIENT_X.com,Essential cookies (exempt from consent),Koninklijke CLIENT_X N.V.,ETag,blank (etag),,bench_update_duration,,,Existing CM Trackers-Not Found,,,,,
respirtech.com,Essential cookies (exempt from consent),RespirTech,HTTP Cookie,_tt_enable_cookie,,,TRUE,https://www.CLIENT_X.lt/c-e/blog.html,Existing CM Trackers-Found,,,,,
lighting.CLIENT_X.co.ke,Essential cookies (exempt from consent),Signify (formerly CLIENT_X Lighting),HTTP Cookie,s_pv,,,,,Existing CM Trackers-Not Found,,,,,
CLIENT_X.co.id,Essential cookies (exempt from consent),CLIENT_X - Indonesia,HTTP Cookie,com.adobe.alloy.getTld,,,,,Existing CM Trackers-Not Found,,,,,
careers.CLIENT_X.com.cn,Essential cookies (exempt from consent),CLIENT_X - China,HTTP Cookie,Hm_lpvt_d05d5f17221b8fd16d670f34b4af8397,,bench_update_duration,TRUE,https://www.CLIENT_X.lt/healthcare,Existing CM Trackers-Found,,,,,
www.lighting.CLIENT_X.co.kr,Essential cookies (exempt from consent),Signify (formerly CLIENT_X Lighting),ETag,blank (etag),,bench_update_duration,TRUE,https://www.CLIENT_X.lt/a-w/naudojimo_salygos,Existing CM Trackers-Found,,,,,
CLIENT_X.it,Essential cookies (exempt from consent),CLIENT_X - Italy,HTTP Cookie,s_ugv,,bench_update_duration,TRUE,https://www.CLIENT_X.lt/,Existing CM Trackers-Found,,,,,
CLIENT_X.at,Essential cookies (exempt from consent),CLIENT_X - Austria,HTTP Cookie,_tt_enable_cookie,,bench_update_duration,,,Existing CM Trackers-Not Found,,,,,
CLIENT_X.it,Essential cookies (exempt from consent),CLIENT_X - Italy,HTTP Cookie,s_cc,,,,,Existing CM Trackers-Not Found,,,,,
CLIENT_X.com.eg,Essential cookies (exempt from consent),CLIENT_X - Egypt,HTTP Cookie,com.adobe.alloy.getTld,,,,,Existing CM Trackers-Not Found,,,,,
www.lighting.CLIENT_X.co.nz,Essential cookies (exempt from consent),Signify (formerly CLIENT_X Lighting),Local Storage,blank (local storage),,bench_update_duration,,,Existing CM Trackers-Not Found,,,,,
www.CLIENT_X.bg,Essential cookies (exempt from consent),CLIENT_X - Bulgaria,HTTP Cookie,mdLogger,,0,,,Existing CM Trackers-Not Found,,,,,
CLIENT_X.de,Essential cookies (exempt from consent),CLIENT_X - Germany,HTTP Cookie,TAsessionID,,,,,Existing CM Trackers-Not Found,,,,,
shop.CLIENT_X.lt,Essential cookies (exempt from consent),CLIENT_X - Lithuania,Local Storage,bench_new_T2_3679,,,,,Existing CM Trackers-Not Found,,,,,
CLIENT_X.cl,Essential cookies (exempt from consent),CLIENT_X - Chile,HTTP Cookie,TEST_AMCV_COOKIE_WRITE,,,TRUE,https://www.CLIENT_X.lt/c-f/XC000021357/kaip-kurti-ir-tvarkyti-%C5%BEem%C4%97lapius-program%C4%97l%C4%97je-%E2%80%9ECLIENT_X-homerun%E2%80%9C,Existing CM Trackers-Found,,,,,
CLIENT_X.de,Essential cookies (exempt from consent),CLIENT_X - Germany,HTTP Cookie,_scid_r,,bench_update_duration,TRUE,https://www.CLIENT_X.lt/c-p/BRI977_00/lumea-ipl-9900-series-ipl-hair-removal-device-with-senseiq,Existing CM Trackers-Found,,,,,
CLIENT_X.at,Essential cookies (exempt from consent),CLIENT_X - Austria,HTTP Cookie,s_vtime,,bench_update_duration,TRUE,https://www.CLIENT_X.lt/,Existing CM Trackers-Found,,,,,
connect.facebook.net,Targeted Advertising cookies (including social media) [Requires consent],Meta (formerly Facebook),JavaScript,_ga_failed_lookup_marker_18_1819,,,TRUE,https://www.CLIENT_X.lt/,Existing CM Trackers-Found,,,,,
doubleclick.net,Targeted Advertising cookies (including social media) [Requires consent],Google Advertising Products,HTTP Cookie,bench_new_T2_3771,,30,TRUE,https://www.CLIENT_X.lt/,Existing CM Trackers-Found,,,,,
www.lighting.CLIENT_X.com.sg,Essential cookies (exempt from consent),Signify (formerly CLIENT_X Lighting),HTTP Cookie,ltc_cf,,bench_update_duration,TRUE,https://www.CLIENT_X.lt/c-e/pe/veidas-barzdaskutes/9000-serijos.html,Existing CM Trackers-Found,,,,,
www.CLIENT_X.rs,Essential cookies (exempt from consent),CLIENT_X - Serbia,HTTP Cookie,AWSELB,,bench_update_duration,,https://www.CLIENT_X.lt/a-w/slapuku-politika,New Third Party Trackers,,,,,
www.ambilux.CLIENT_X.com,Essential cookies (exempt from consent),Koninklijke CLIENT_X N.V.,ETag,blank (etag),,bench_update_duration,,,Existing CM Trackers-Not Found,,,,,
CLIENT_X.ae,Essential cookies (exempt from consent),CLIENT_X - Middle East Arab,HTTP Cookie,_ttp,,bench_update_duration,,,Existing CM Trackers-Not Found,,,,,
dsum-sec.casalemedia.com,Targeted Advertising cookies (including social media) [Requires consent],Index Exchange Inc.,Beacon,_ga_failed_lookup_marker_18_1825,,,TRUE,https://www.CLIENT_X.lt/a-w/naudojimo_salygos,Existing CM Trackers-Found,,,,,
CLIENT_X.rs,Essential cookies (exempt from consent),CLIENT_X - Serbia,HTTP Cookie,FPID,,bench_update_duration,,,Existing CM Trackers-Not Found,,,,,
www.CLIENT_X.ie,Essential cookies (exempt from consent),CLIENT_X - Ireland,Local Storage,blank (local storage),,bench_update_duration,TRUE,https://www.CLIENT_X.lt/c-e/benefits.html,Existing CM Trackers-Found,,,,,
www.CLIENT_X.com.hk,Essential cookies (exempt from consent),CLIENT_X - Hong Kong,HTTP Cookie,kampyleUserPercentile,,,,,Existing CM Trackers-Not Found,,,,,
www.CLIENT_X.fr,Essential cookies (exempt from consent),CLIENT_X - France,JavaScript,blank (java),,0,,https://www.CLIENT_X.lt/c-e/benefits.html,New First Party Trackers,,,,,
www.CLIENT_X.co.za,Essential cookies (exempt from consent),CLIENT_X - South Africa,HTTP Cookie,kampyleUserPercentile,,bench_update_duration,,https://www.CLIENT_X.lt/healthcare/product/HC830233/xper-information-management-with-CLIENT_X-hemo,Existing CM Trackers-Found,,,,,
www.CLIENT_X.com.vn,Essential cookies (exempt from consent),CLIENT_X - Vietnam,HTTP Cookie,AWSELBCORS,,0,,https://www.CLIENT_X.lt/,New First Party Trackers,,,,,
dpm.demdex.net,Targeted Advertising cookies (including social media) [Requires consent],"Adobe Audience Manager, Adobe Experience Cloud",Beacon,bench_new_T2_3675,,,,,Existing CM Trackers-Not Found,,,,,
tst.CLIENT_X.si,Essential cookies (exempt from consent),CLIENT_X - Slovenia,ETag,blank (etag),,bench_update_duration,TRUE,https://www.CLIENT_X.lt/c-e/benefits.html,Existing CM Trackers-Found,,,,,
adservice.google.com,Targeted Advertising cookies (including social media) [Requires consent],Google Advertising Products,Beacon,_ga_failed_lookup_marker_18_1834,,,TRUE,https://www.CLIENT_X.lt/,Existing CM Trackers-Found,,,,,
dis.criteo.com,Targeted Advertising Cookies (including social media) [Requires consent],Criteo SA,Beacon,-,,,,,Existing CM Trackers-Not Found,,,,,
CLIENT_X.be,Essential cookies (exempt from consent),CLIENT_X - Belgium,HTTP Cookie,s_ugv,,729,,,Existing CM Trackers-Not Found,,,,,
CLIENT_X.co.nz,Essential cookies (exempt from consent),CLIENT_X - New Zealand,HTTP Cookie,s_gnr,,,,,Existing CM Trackers-Not Found,,,,,
www.CLIENT_X.lt,Essential cookies (exempt from consent),CLIENT_X - Lithuania,HTTP Cookie,bench_new_T2_3727,,session,TRUE,https://www.CLIENT_X.lt/c-e/benefits.html,Existing CM Trackers-Found,,,,,
CLIENT_X.co.uk,Essential cookies (exempt from consent),CLIENT_X - United Kingdom,HTTP Cookie,s_eVar44,,0,TRUE,https://www.CLIENT_X.lt/,Existing CM Trackers-Found,,,,,
CLIENT_X.at,Essential cookies (exempt from consent),CLIENT_X - Austria,HTTP Cookie,_gdXXX,,session,TRUE,https://www.CLIENT_X.lt/,Existing CM Trackers-Found,,,,,
www.CLIENT_X.lt,Essential cookies (exempt from consent),CLIENT_X - Lithuania,Beacon,bench_new_T2_3731,,,TRUE,https://www.CLIENT_X.lt/,Existing CM Trackers-Found,,,,,
lighting.CLIENT_X.co.jp,Essential cookies (exempt from consent),Signify (formerly CLIENT_X Lighting),HTTP Cookie,s_nr30,,,,,Existing CM Trackers-Not Found,,,,,
tr.snapchat.com,Targeted Advertising cookies (including social media) [Requires consent],Snap Inc.,JavaScript,_ga_failed_lookup_marker_18_1843,,,TRUE,https://www.CLIENT_X.lt/c-e/ho/dulkiu-siurbliai-sluotos/dulkiu-siurblys-sluota/cordless-vc-series-8000-aqua,Existing CM Trackers-Found,,,,,
candyrack.ds-cdn.com,Performance cookies [Requires consent],Digismoothie,ETag,_ga_failed_lookup_marker_18_1844,,,,,Existing CM Trackers-Not Found,,,,,
CLIENT_X.com.tr,Essential cookies (exempt from consent),CLIENT_X - Turkey,HTTP Cookie,FPID,,,TRUE,https://www.CLIENT_X.lt/c-e/ho/dulkiu-siurbliai-sluotos/dulkiu-siurblys-sluota/cordless-vc-series-8000-aqua,Existing CM Trackers-Found,,,,,
CLIENT_X.lt,Essential cookies (exempt from consent),CLIENT_X - Lithuania,HTTP Cookie,TAsessionID,,,TRUE,https://www.CLIENT_X.lt/c-w/pagalba/support-contact-page,Existing CM Trackers-Found,,,,,
CLIENT_X.bg,Essential cookies (exempt from consent),CLIENT_X - Bulgaria,HTTP Cookie,com.adobe.alloy.getTld,,session,TRUE,https://www.CLIENT_X.lt/,Existing CM Trackers-Found,,,,,
CLIENT_X.com.ar,Essential cookies (exempt from consent),CLIENT_X - Argentina,HTTP Cookie,s_eVar8,,89,TRUE,https://www.CLIENT_X.lt/c-e/benefits.html,Existing CM Trackers-Found,,,,,
www.CLIENT_X.lt,Performance cookies [Requires consent],CLIENT_X - Lithuania,HTTP Cookie,_ga_failed_lookup_marker_18_1849,,session,TRUE,https://www.CLIENT_X.lt/c-e/benefits.html,Existing CM Trackers-Found,,,,,
CLIENT_X.co.za,Essential cookies (exempt from consent),CLIENT_X - South Africa,HTTP Cookie,s_cm,,bench_update_duration,,,Existing CM Trackers-Not Found,,,,,
www.CLIENT_X.ru,Essential cookies (exempt from consent),CLIENT_X - Russia,HTTP Cookie,kampyleSessionPageCounter,,bench_update_duration,TRUE,https://www.CLIENT_X.lt/,Existing CM Trackers-Found,,,,,
www.CLIENT_X.com.kw,Essential cookies (exempt from consent),CLIENT_X - Kuwait,HTTP Cookie,eddl_itc_list,,bench_update_duration,,,Existing CM Trackers-Not Found,,,,,
CLIENT_X.es,Essential cookies (exempt from consent),CLIENT_X - Spain,HTTP Cookie,s_eVar8,,,,,Existing CM Trackers-Not Found,,,,,
www.CLIENT_X.hr,Essential cookies (exempt from consent),CLIENT_X - Croatia,HTTP Cookie,kampyle_userid,,bench_update_duration,,,Existing CM Trackers-Not Found,,,,,
www.lighting.CLIENT_X.no,Essential cookies (exempt from consent),Signify (formerly CLIENT_X Lighting),JavaScript,blank (java),,bench_update_duration,,,Existing CM Trackers-Not Found,,,,,
www.shop.CLIENT_X.lt,Essential cookies (exempt from consent),CLIENT_X - Lithuania,HTTP Cookie,bench_new_T2_3754,,,,,Existing CM Trackers-Not Found,,,,,
www.lighting.CLIENT_X.de,Essential cookies (exempt from consent),Signify (formerly CLIENT_X Lighting),HTTP Cookie,d01-layout,,bench_update_duration,,https://www.CLIENT_X.lt/healthcare/product/HC830233/xper-information-management-with-CLIENT_X-hemo,Existing CM Trackers-Found,,,,,
www.CLIENT_X.sa,Essential cookies (exempt from consent),CLIENT_X - Kingdom of Saudi Arabia,HTTP Cookie,kampyleSessionPageCounter,,bench_update_duration,TRUE,https://www.CLIENT_X.lt/,Existing CM Trackers-Found,,,,,
www.lighting.CLIENT_X.com,Performance Cookies [Requires consent],Signify (formerly CLIENT_X Lighting),JavaScript,-,,,TRUE,https://www.CLIENT_X.lt/,Existing CM Trackers-Found,,,,,
www.CLIENT_X.com.eg,Essential cookies (exempt from consent),CLIENT_X - Egypt,HTTP Cookie,_scid,,bench_update_duration,,,Existing CM Trackers-Not Found,,,,,
www.CLIENT_X.com.au,Essential cookies (exempt from consent),CLIENT_X - Australia,HTTP Cookie,AWSELB,,0,,,Existing CM Trackers-Not Found,,,,,
www.CLIENT_X.pt,Essential cookies (exempt from consent),CLIENT_X - Portugal,HTTP Cookie,ws-active-shop,,bench_update_duration,,,Existing CM Trackers-Not Found,,,,,
www.CLIENT_X.com.kw,Essential cookies (exempt from consent),CLIENT_X - Kuwait,Beacon,blank (beacon),,bench_update_duration,TRUE,https://www.CLIENT_X.lt/c-e/ho/lyginimas/drabuziu-garintuvai/handheld-steamer-7000-series.html,Existing CM Trackers-Found,,,,,
CLIENT_X.cl,Essential cookies (exempt from consent),CLIENT_X - Chile,HTTP Cookie,at_check,,392,TRUE,https://www.CLIENT_X.lt/healthcare,Existing CM Trackers-Found,,,,,
www.lighting.CLIENT_X.com.pk,Essential cookies (exempt from consent),Signify (formerly CLIENT_X Lighting),JavaScript,blank (java),,0,,https://www.CLIENT_X.lt/c-e/benefits.html,New First Party Trackers,,,,,
www.lighting.CLIENT_X.ua,Essential cookies (exempt from consent),Signify (formerly CLIENT_X Lighting),HTTP Cookie,s_as,,bench_update_duration,TRUE,https://www.CLIENT_X.lt/,Existing CM Trackers-Found,,,,,
*.t.eloqua.com,Targeted Advertising cookies (including social media) [Requires consent],Oracle Marketing,Beacon,bench_new_T2_3779,,,,https://www.CLIENT_X.lt/healthcare,Existing CM Trackers-Found,,,,,
www.healthcare.shop.CLIENT_X.nl,Essential cookies (exempt from consent),CLIENT_X - Netherlands,HTTP Cookie,eddl_gtm_qe_session_start_6523424625,,bench_update_duration,TRUE,https://www.CLIENT_X.lt/a-w/naudojimo_salygos,Existing CM Trackers-Found,,,,,
www.airdisinfectioncalculator.lighting.CLIENT_X.com,Performance Cookies [Requires consent],Signify (formerly CLIENT_X Lighting),JavaScript,-,,,,https://www.CLIENT_X.lt/a-w/slapuku-politika,New Third Party Trackers,,,,,
www.CLIENT_X.com.au,Essential cookies (exempt from consent),CLIENT_X - Australia,HTTP Cookie,kampylePageLoadedTimestamp,,89,,,Existing CM Trackers-Not Found,,,,,
www.CLIENT_X.co.kr,Essential cookies (exempt from consent),CLIENT_X - Korea,HTTP Cookie,kampyle_userid,,bench_update_duration,,,Existing CM Trackers-Not Found,,,,,
stg.CLIENT_X.com.kw,Essential cookies (exempt from consent),CLIENT_X - Kuwait,ETag,blank (etag),,session,TRUE,https://www.CLIENT_X.lt/,Existing CM Trackers-Found,,,,,
www.healthcare.shop.CLIENT_X.nl,Essential cookies (exempt from consent),CLIENT_X - Netherlands,HTTP Cookie,kampyleSessionPageCounter,,bench_update_duration,TRUE,https://www.CLIENT_X.lt/,Existing CM Trackers-Found,,,,,
www.supurgesepeti.com,Essential cookies (exempt from consent),Supurgesepeti.com,HTTP Cookie,CultureSettings,,0,TRUE,https://www.CLIENT_X.lt/,Existing CM Trackers-Found,,,,,
store-CLIENT_X.tw,Essential cookies (exempt from consent),CLIENT_X Store - Taiwan,HTTP Cookie,cto_bundle,,,,,Existing CM Trackers-Not Found,,,,,
CLIENT_X.ca,Essential cookies (exempt from consent),CLIENT_X - Canada,HTTP Cookie,mbox,,90,,https://www.CLIENT_X.lt/,New First Party Trackers,,,,,
www.CLIENT_X.it,Essential cookies (exempt from consent),CLIENT_X - Italy,HTTP Cookie,kampyleUserSessionsCount,,,,,Existing CM Trackers-Not Found,,,,,
CLIENT_X.no,Essential cookies (exempt from consent),CLIENT_X - Norway,HTTP Cookie,s_eVar44,,bench_update_duration,TRUE,https://www.CLIENT_X.lt/c-w/pagalba/service-center-locator.html,Existing CM Trackers-Found,,,,,
www.CLIENT_X.lt,Essential cookies (exempt from consent),CLIENT_X - Lithuania,HTTP Cookie,bench_new_T2_3662,,session,TRUE,https://www.CLIENT_X.lt/c-e/benefits.html,Existing CM Trackers-Found,,,,,
www.subskrypcje.CLIENT_X.pl,Essential cookies (exempt from consent),CLIENT_X - Poland,HTTP Cookie,ARRAffinity,,bench_update_duration,,,Existing CM Trackers-Not Found,,,,,
CLIENT_X.com,Essential cookies (exempt from consent),Koninklijke CLIENT_X N.V.,HTTP Cookie,_ga_failed_lookup_marker_18_1881,,,,,Existing CM Trackers-Not Found,,,,,
www.CLIENT_X.co.il,Essential cookies (exempt from consent),CLIENT_X - Israel,HTTP Cookie,p-hc-specialty,,bench_update_duration,,,Existing CM Trackers-Not Found,,,,,
ad.doubleclick.net,Targeted Advertising cookies (including social media) [Requires consent],Google Advertising Products,Beacon,_ga_failed_lookup_marker_18_1883,,,TRUE,https://www.CLIENT_X.lt/,Existing CM Trackers-Found,,,,,
www.lighting.CLIENT_X.com.gh,Essential cookies (exempt from consent),Signify (formerly CLIENT_X Lighting),JavaScript,blank (java),,,,https://www.CLIENT_X.lt/,New Third Party Trackers,,,,,
www.CLIENT_X.it,Essential cookies (exempt from consent),CLIENT_X - Italy,HTTP Cookie,p-hc-catg,,bench_update_duration,TRUE,https://www.CLIENT_X.lt/c-w/pagalba/support-contact-page,Existing CM Trackers-Found,,,,,
www.assets.lighting.CLIENT_X.com,Performance cookies [Requires consent],Signify (formerly CLIENT_X Lighting),ETag,bench_new_T2_3645,,,,,Existing CM Trackers-Not Found,,,,,
www.CLIENT_X.rs,Essential cookies (exempt from consent),CLIENT_X - Serbia,HTTP Cookie,kampyleUserSessionsCount,,bench_update_duration,TRUE,https://www.CLIENT_X.lt/,Existing CM Trackers-Found,,,,,
CLIENT_X.ch,Essential cookies (exempt from consent),CLIENT_X - Switzerland,HTTP Cookie,coveo_visitorId,,bench_update_duration,,,Existing CM Trackers-Not Found,,,,,
CLIENT_X.lt,Targeted Advertising cookies (including social media) [Requires consent],CLIENT_X - Lithuania,HTTP Cookie,_ga_failed_lookup_marker_18_1889,,90,TRUE,https://www.CLIENT_X.lt/,Existing CM Trackers-Found,,,,,
www.CLIENT_X.com.tr,Essential cookies (exempt from consent),CLIENT_X - Turkey,HTTP Cookie,shop-health,,90,TRUE,https://www.CLIENT_X.lt/a-w/naudojimo_salygos,Existing CM Trackers-Found,,,,,
shop.CLIENT_X.lt,Essential cookies (exempt from consent),CLIENT_X - Lithuania,Local Storage,bench_new_T2_3746,,,,,Existing CM Trackers-Not Found,,,,,
*.t.eloqua.com,Targeted Advertising cookies (including social media) [Requires consent],Oracle Marketing,Beacon,_ga_failed_lookup_marker_18_1892,,,,https://www.CLIENT_X.lt/healthcare,Existing CM Trackers-Found,,,,,
www.lighting.CLIENT_X.com.gh,Essential cookies (exempt from consent),Signify (formerly CLIENT_X Lighting),HTTP Cookie,ltc_cf,,,,,Existing CM Trackers-Not Found,,,,,
CLIENT_X.co.za,Essential cookies (exempt from consent),CLIENT_X - South Africa,HTTP Cookie,s_ugv,,bench_update_duration,,,Existing CM Trackers-Not Found,,,,,
www.CLIENT_X.co.th,Essential cookies (exempt from consent),CLIENT_X - Thailand,HTTP Cookie,p-hc-specialty,,,,,Existing CM Trackers-Not Found,,,,,
www.healthcare.shop.CLIENT_X.de,Essential cookies (exempt from consent),CLIENT_X - Germany,HTTP Cookie,country_currency_rememberme_cookie,,bench_update_duration,TRUE,https://www.CLIENT_X.lt/a-w/naudojimo_salygos,Existing CM Trackers-Found,,,,,
CLIENT_X.ma,Essential cookies (exempt from consent),CLIENT_X - Morocco,HTTP Cookie,FPLC,,,TRUE,https://www.CLIENT_X.lt/,Existing CM Trackers-Found,,,,,
munchkin.marketo.net,Targeted Advertising cookies (including social media) [Requires consent],Marketo,JavaScript,_ga_failed_lookup_marker_18_1898,,,,,Existing CM Trackers-Not Found,,,,,
CLIENT_X.de,Essential cookies (exempt from consent),CLIENT_X - Germany,HTTP Cookie,notice_behavior,,,TRUE,https://www.CLIENT_X.lt/,Existing CM Trackers-Found,,,,,
CLIENT_X.ee,Essential cookies (exempt from consent),CLIENT_X - Republic of Estonia,HTTP Cookie,li_cm_prefs_session,,bench_update_duration,,,Existing CM Trackers-Not Found,,,,,
events.attentivemobile.com,Targeted Advertising Cookies (including social media) [Requires consent],"Attentive Mobile, Inc.",Beacon,-,,,TRUE,https://www.CLIENT_X.lt/,Existing CM Trackers-Found,,,,,
www.store-CLIENT_X.tw,Essential cookies (exempt from consent),CLIENT_X Store - Taiwan,HTTP Cookie,__lt__cid,,bench_update_duration,TRUE,https://www.CLIENT_X.lt/,Existing CM Trackers-Found,,,,,
CLIENT_X.com.my,Essential cookies (exempt from consent),CLIENT_X - Malaysia,HTTP Cookie,li_cm_prefs_session,,bench_update_duration,,,Existing CM Trackers-Not Found,,,,,
www.lighting.CLIENT_X.lt,Essential cookies (exempt from consent),Signify (formerly CLIENT_X Lighting),HTTP Cookie,bench_new_T2_3665,,,,,Existing CM Trackers-Not Found,,,,,
www.CLIENT_X.ca,Essential cookies (exempt from consent),CLIENT_X - Canada,HTTP Cookie,ROUTE,,,,,Existing CM Trackers-Not Found,,,,,
www.lighting.CLIENT_X.ca,Essential cookies (exempt from consent),Signify (formerly CLIENT_X Lighting),HTTP Cookie,customer_language_accept,,bench_update_duration,,,Existing CM Trackers-Not Found,,,,,
lighting.CLIENT_X.com.hk,Essential cookies (exempt from consent),CLIENT_X - Hong Kong,HTTP Cookie,s_nr30,,bench_update_duration,TRUE,https://www.CLIENT_X.lt/,Existing CM Trackers-Found,,,,,
www.CLIENT_X.fr,Essential cookies (exempt from consent),CLIENT_X - France,HTTP Cookie,AWSELBCORS,,0,TRUE,https://www.CLIENT_X.lt/,Existing CM Trackers-Found,,,,,
CLIENT_X.nl,Essential cookies (exempt from consent),CLIENT_X - Netherlands,HTTP Cookie,_gcl_aw,,,,https://www.CLIENT_X.lt/healthcare/about/support/resource-center/results,New Third Party Trackers,,,,,
CLIENT_X.de,Essential cookies (exempt from consent),CLIENT_X - Germany,HTTP Cookie,_ga,,session,TRUE,https://www.CLIENT_X.lt/,Existing CM Trackers-Found,,,,,
www.gstatic.com,Performance Cookies [Requires consent],Google Inc.,JavaScript,-,,,TRUE,https://www.CLIENT_X.lt/,Existing CM Trackers-Found,,,,,
speech-support.zendesk.com,Targeted Advertising Cookies (including social media) [Requires consent],Zendesk,ETag,-,,,TRUE,https://www.CLIENT_X.lt/,Existing CM Trackers-Found,,,,,
www.CLIENT_X.sa,Essential cookies (exempt from consent),CLIENT_X - Kingdom of Saudi Arabia,JavaScript,blank (java),,bench_update_duration,,,Existing CM Trackers-Not Found,,,,,
CLIENT_X.lt,Essential cookies (exempt from consent),CLIENT_X - Lithuania,HTTP Cookie,_ga_failed_lookup_marker_18_1914,,,,,Existing CM Trackers-Not Found,,,,,
www.lighting.CLIENT_X.ca,Essential cookies (exempt from consent),Signify (formerly CLIENT_X Lighting),Beacon,blank (beacon),,bench_update_duration,,,Existing CM Trackers-Not Found,,,,,
acc.usa.CLIENT_X.com,Essential cookies (exempt from consent),Koninklijke CLIENT_X N.V.,Beacon,blank (beacon),,365,TRUE,https://www.CLIENT_X.lt/c-e/benefits.html,Existing CM Trackers-Found,,,,,
CLIENT_X.co.za,Essential cookies (exempt from consent),CLIENT_X - South Africa,HTTP Cookie,_scid_r,,bench_update_duration,,,Existing CM Trackers-Not Found,,,,,
CLIENT_X.lt,Essential cookies (exempt from consent),CLIENT_X - Lithuania,HTTP Cookie,_ga_failed_lookup_marker_18_1918,,393,TRUE,https://www.CLIENT_X.lt/,Existing CM Trackers-Found,,,,,
www.store-CLIENT_X.tw,Essential cookies (exempt from consent),CLIENT_X Store - Taiwan,HTTP Cookie,_cft_P,,,,,Existing CM Trackers-Not Found,,,,,
www.CLIENT_X.com.ph,Essential cookies (exempt from consent),CLIENT_X - Philippines,HTTP Cookie,AWSELBCORS,,bench_update_duration,,,Existing CM Trackers-Not Found,,,,,
CLIENT_X.co.nz,Essential cookies (exempt from consent),CLIENT_X - New Zealand,HTTP Cookie,_scid,,bench_update_duration,,,Existing CM Trackers-Not Found,,,,,
CLIENT_X.pl,Essential cookies (exempt from consent),CLIENT_X - Poland,HTTP Cookie,s_ugv,,bench_update_duration,TRUE,https://www.CLIENT_X.lt/a-w/naudojimo_salygos,Existing CM Trackers-Found,,,,,
www.CLIENT_X.co.kr,Essential cookies (exempt from consent),CLIENT_X - Korea,Beacon,blank (beacon),,bench_update_duration,,,Existing CM Trackers-Not Found,,,,,
dev.CLIENT_X.si,Essential cookies (exempt from consent),CLIENT_X - Slovenia,JavaScript,blank (java),,0,TRUE,https://www.CLIENT_X.lt/,Existing CM Trackers-Found,,,,,
CLIENT_X.nl,Essential cookies (exempt from consent),CLIENT_X - Netherlands,HTTP Cookie,coveo_visitorId,,400,,https://www.CLIENT_X.lt/,New First Party Trackers,,,,,
dpm.demdex.net,Targeted Advertising cookies (including social media) [Requires consent],"Adobe Audience Manager, Adobe Experience Cloud",HTTP Cookie,bench_new_T2_3708,,,,,Existing CM Trackers-Not Found,,,,,
www.lighting.CLIENT_X.fr,Essential cookies (exempt from consent),Signify (formerly CLIENT_X Lighting),HTTP Cookie,CLIENT_X,,bench_update_duration,TRUE,https://www.CLIENT_X.lt/a-w/naudojimo_salygos,Existing CM Trackers-Found,,,,,
www.lighting.CLIENT_X.be,Essential cookies (exempt from consent),Signify (formerly CLIENT_X Lighting),HTTP Cookie,s_mc,,bench_update_duration,TRUE,https://www.CLIENT_X.lt/,Existing CM Trackers-Found,,,,,
www.CLIENT_X.fi,Essential cookies (exempt from consent),CLIENT_X - Finland,HTTP Cookie,T01-recentlyViewedProducts,,,,,Existing CM Trackers-Not Found,,,,,
CLIENT_X.ch,Essential cookies (exempt from consent),CLIENT_X - Switzerland,HTTP Cookie,s_nrpv,,bench_update_duration,TRUE,https://www.CLIENT_X.lt/c-f/XC000021357/kaip-kurti-ir-tvarkyti-%C5%BEem%C4%97lapius-program%C4%97l%C4%97je-%E2%80%9ECLIENT_X-homerun%E2%80%9C,Existing CM Trackers-Found,,,,,
www.CLIENT_X.com.gh,Essential cookies (exempt from consent),CLIENT_X - Ghana,HTTP Cookie,T01-recentlyViewedProducts,,,TRUE,https://www.CLIENT_X.lt/healthcare/about/support/resource-center/results,Existing CM Trackers-Found,,,,,
CLIENT_X.ch,Essential cookies (exempt from consent),CLIENT_X - Switzerland,HTTP Cookie,TAsessionID,,bench_update_duration,TRUE,https://www.CLIENT_X.lt/c-e/ho/dulkiu-siurbliai-sluotos/dulkiu-siurblys-sluota/cordless-vc-series-8000-aqua,Existing CM Trackers-Found,,,,,
CLIENT_X.ru,Essential cookies (exempt from consent),CLIENT_X - Russia,HTTP Cookie,s_eVar44,,bench_update_duration,TRUE,https://www.CLIENT_X.lt/,Existing CM Trackers-Found,,,,,
CLIENT_X.ro,Essential cookies (exempt from consent),CLIENT_X - Romania,HTTP Cookie,_fbp,,bench_update_duration,,,Existing CM Trackers-Not Found,,,,,
CLIENT_X.se,Essential cookies (exempt from consent),CLIENT_X - Sweden,HTTP Cookie,_yi,,0,TRUE,https://www.CLIENT_X.lt/,Existing CM Trackers-Found,,,,,
secure.afilio.com.br,Targeted Advertising Cookies (including social media) [Requires consent],Afilio,HTTP Cookie,AWSALBCORS,,bench_update_duration,,,Existing CM Trackers-Not Found,,,,,
code.delivery-portal.demant.com,Performance Cookies [Requires consent],Demant,JavaScript,-,,bench_update_duration,,,Existing CM Trackers-Not Found,,,,,
www.rendertool.lighting.CLIENT_X.com,Performance Cookies [Requires consent],Signify (formerly CLIENT_X Lighting),ETag,-,,,TRUE,https://www.CLIENT_X.lt/,Existing CM Trackers-Found,,,,,
CLIENT_X.es,Essential cookies (exempt from consent),CLIENT_X - Spain,HTTP Cookie,_gid,,bench_update_duration,TRUE,https://www.CLIENT_X.lt/c-e/benefits.html,Existing CM Trackers-Found,,,,,
www.shop.CLIENT_X.co.in,Essential cookies (exempt from consent),CLIENT_X - India,HTTP Cookie,kartify,,,TRUE,https://www.CLIENT_X.lt/c-m-pe/plauku-salinimo-priemones/naujausi,Existing CM Trackers-Found,,,,,
CLIENT_X.pl,Essential cookies (exempt from consent),CLIENT_X - Poland,HTTP Cookie,_gid,,90,TRUE,https://www.CLIENT_X.lt/a-w/naudojimo_salygos,Existing CM Trackers-Found,,,,,
respirtech.com,Essential cookies (exempt from consent),RespirTech,HTTP Cookie,da_intState,,400,,https://www.CLIENT_X.lt/,New Third Party Trackers,,,,,
CLIENT_X.ae,Essential cookies (exempt from consent),CLIENT_X - Middle East Arab,HTTP Cookie,s_cc,,bench_update_duration,,,Existing CM Trackers-Not Found,,,,,
CLIENT_X.pl,Essential cookies (exempt from consent),CLIENT_X - Poland,HTTP Cookie,zScalerUser,,bench_update_duration,,,Existing CM Trackers-Not Found,,,,,
linkedin.com,Targeted Advertising cookies (including social media) [Requires consent],LinkedIn,HTTP Cookie,bench_new_T2_3609,,365,TRUE,https://www.CLIENT_X.lt/c-e/ho/lyginimas/drabuziu-garintuvai/handheld-steamer-7000-series.html,Existing CM Trackers-Found,,,,,
CLIENT_X.sk,Essential cookies (exempt from consent),CLIENT_X - Slovakia,HTTP Cookie,s_nrpv,,,,,Existing CM Trackers-Not Found,,,,,
www.CLIENT_X.com.cn,Essential cookies (exempt from consent),CLIENT_X - China,JavaScript,blank (java),,,TRUE,https://www.CLIENT_X.lt/c-e/blog.html,Existing CM Trackers-Found,,,,,
www.subscription.CLIENT_X.at,Essential cookies (exempt from consent),CLIENT_X - Austria,HTTP Cookie,fl_qualified_entry,,session,,,Existing CM Trackers-Not Found,,,,,
www.tienda.CLIENT_X.cl,Essential cookies (exempt from consent),CLIENT_X - Chile,Beacon,blank (beacon),,bench_update_duration,,,Existing CM Trackers-Not Found,,,,,
images.CLIENT_X.com,Essential cookies (exempt from consent),Koninklijke CLIENT_X N.V.,JavaScript,bench_new_T2_3667,,,TRUE,https://www.CLIENT_X.lt/healthcare/product/881120,Existing CM Trackers-Found,,,,,
www.google.com,Targeted Advertising cookies (including social media) [Requires consent],Google Inc.,JavaScript,bench_new_T2_3660,,,TRUE,https://www.CLIENT_X.lt/c-e/blog.html,Existing CM Trackers-Found,,,,,
www.careers.CLIENT_X.com.cn,Essential cookies (exempt from consent),CLIENT_X - China,HTTP Cookie,SourceEndTime,,bench_update_duration,TRUE,https://www.CLIENT_X.lt/,Existing CM Trackers-Found,,,,,
patientcare.shop.CLIENT_X.co.in,Essential cookies (exempt from consent),CLIENT_X - India,HTTP Cookie,TAsessionID,,,,,Existing CM Trackers-Not Found,,,,,
CLIENT_X.ru,Essential cookies (exempt from consent),CLIENT_X - Russia,HTTP Cookie,bm_sz,,bench_update_duration,,,Existing CM Trackers-Not Found,,,,,
CLIENT_X.com.gh,Essential cookies (exempt from consent),CLIENT_X - Ghana,HTTP Cookie,_schn2,,bench_update_duration,,,Existing CM Trackers-Not Found,,,,,
www.CLIENT_X.es,Essential cookies (exempt from consent),CLIENT_X - Spain,HTTP Cookie,AWSELBCORS,,bench_update_duration,TRUE,https://www.CLIENT_X.lt/c-w/pagalba/support-contact-page,Existing CM Trackers-Found,,,,,
connect.facebook.net,Targeted Advertising cookies (including social media) [Requires consent],Meta (formerly Facebook),JavaScript,_ga_failed_lookup_marker_18_1957,,,TRUE,https://www.CLIENT_X.lt/,Existing CM Trackers-Found,,,,,
www.CLIENT_X.co.in,Essential cookies (exempt from consent),CLIENT_X - India,HTTP Cookie,p-gc35,,396,TRUE,https://www.CLIENT_X.lt/a-w/naudojimo_salygos,Existing CM Trackers-Found,,,,,
s3-sa-east-1.amazonaws.com,Targeted Advertising Cookies (including social media) [Requires consent],Amazon (Web Services),JavaScript,-,,,,,Existing CM Trackers-Not Found,,,,,
www.lighting.CLIENT_X.co.za,Essential cookies (exempt from consent),Signify (formerly CLIENT_X Lighting),HTTP Cookie,d01-layout,,bench_update_duration,TRUE,https://www.CLIENT_X.lt/healthcare,Existing CM Trackers-Found,,,,,
CLIENT_X.ru,Essential cookies (exempt from consent),CLIENT_X - Russia,HTTP Cookie,li_cm_prefs_session,,,,https://www.CLIENT_X.lt/c-f/XC000021443/mano-%E2%80%9ECLIENT_X%E2%80%9C-bok%C5%A1tinis-ventiliatorius-vibruodamas-skleid%C5%BEia-ne%C4%AFprast%C4%85-triuk%C5%A1m%C4%85,New Third Party Trackers,,,,,
www.CLIENT_X.lt,Essential cookies (exempt from consent),CLIENT_X - Lithuania,HTTP Cookie,bench_new_T2_3720,,365,TRUE,https://www.CLIENT_X.lt/c-e/benefits.html,Existing CM Trackers-Found,,,,,
CLIENT_X.co.jp,Essential cookies (exempt from consent),CLIENT_X Electronics Corporation Japan,HTTP Cookie,s_cm_direct,,bench_update_duration,,,Existing CM Trackers-Not Found,,,,,
innovationandyou.podigee.io,Performance Cookies [Requires consent],Podigee,ETag,-,,,,,Existing CM Trackers-Not Found,,,,,
www.CLIENT_X.com.tr,Essential cookies (exempt from consent),CLIENT_X - Turkey,HTTP Cookie,test,,,TRUE,https://www.CLIENT_X.lt/,Existing CM Trackers-Found,,,,,
www.CLIENT_X.com.pe,Essential cookies (exempt from consent),CLIENT_X - Peru,HTTP Cookie,kampyleUserPercentile,,180,,https://www.CLIENT_X.lt/c-e/ho/oro-valytuvas-ir-oro-drekintuvas/air-matters-aplikacija.html,New Third Party Trackers,,,,,
stg.CLIENT_X.com.kw,Essential cookies (exempt from consent),CLIENT_X - Kuwait,HTTP Cookie,eddl_gtm_qe_session_start_6523424625,,bench_update_duration,,https://www.CLIENT_X.lt/healthcare/about/support/resource-center/results,New Third Party Trackers,,,,,
CLIENT_X.fr,Essential cookies (exempt from consent),CLIENT_X - France,HTTP Cookie,TEST_AMCV_COOKIE_WRITE,,bench_update_duration,TRUE,https://www.CLIENT_X.lt/,Existing CM Trackers-Found,,,,,
CLIENT_X.lt,Essential cookies (exempt from consent),CLIENT_X - Lithuania,HTTP Cookie,_ga_failed_lookup_marker_18_1969,,session,TRUE,https://www.CLIENT_X.lt/,Existing CM Trackers-Found,,,,,
CLIENT_X.lt,Performance cookies [Requires consent],CLIENT_X - Lithuania,HTTP Cookie,_ga_failed_lookup_marker_18_1970,,session,TRUE,https://www.CLIENT_X.lt/,Existing CM Trackers-Found,,,,,
www.shop.CLIENT_X.lt,Essential cookies (exempt from consent),CLIENT_X - Lithuania,HTTP Cookie,_ga_failed_lookup_marker_18_1971,,,,,Existing CM Trackers-Not Found,,,,,
CLIENT_X.com.pe,Essential cookies (exempt from consent),CLIENT_X - Peru,HTTP Cookie,_ga,,bench_update_duration,,,Existing CM Trackers-Not Found,,,,,
pixel.rubiconproject.com,Targeted Advertising cookies (including social media) [Requires consent],"Magnite, Inc.",Beacon,bench_new_T2_3676,,,TRUE,https://www.CLIENT_X.lt/a-w/naudojimo_salygos,Existing CM Trackers-Found,,,,,
CLIENT_X.ua,Essential cookies (exempt from consent),CLIENT_X - Ukraine,HTTP Cookie,s_ugv,,,,,Existing CM Trackers-Not Found,,,,,
www.tienda.CLIENT_X.com.mx,Essential cookies (exempt from consent),CLIENT_X - Mexico,HTTP Cookie,janus_sid,,bench_update_duration,TRUE,https://www.CLIENT_X.lt/c-e/benefits.html,Existing CM Trackers-Found,,,,,
ad.holmesmind.com,Performance Cookies [Requires consent],DoubleMax Technology,HTTP Cookie,AWSALBCORS,,6,TRUE,https://www.CLIENT_X.lt/c-e/benefits.html,Existing CM Trackers-Found,,,,,
consent.trustarc.com,Essential cookies (exempt from consent),TrustArc,JavaScript,bench_new_T2_3721,,,TRUE,https://www.CLIENT_X.lt/,Existing CM Trackers-Found,,,,,
CLIENT_X.ee,Essential cookies (exempt from consent),CLIENT_X - Republic of Estonia,HTTP Cookie,s_nrpv,,bench_update_duration,,,Existing CM Trackers-Not Found,,,,,
CLIENT_X.ua,Essential cookies (exempt from consent),CLIENT_X - Ukraine,HTTP Cookie,_schn1,,,,,Existing CM Trackers-Not Found,,,,,
www.CLIENT_X.lt,Performance cookies [Requires consent],CLIENT_X - Italy,HTTP Cookie,bench_new_T2_3688,,,,,Existing CM Trackers-Not Found,,,,,
CLIENT_X.be,Essential cookies (exempt from consent),CLIENT_X - Belgium,HTTP Cookie,s_cm_direct,,session,TRUE,https://www.CLIENT_X.lt/c-e/ho/airfryer-accessories.html,Existing CM Trackers-Found,,,,,
img.en25.com,Targeted Advertising cookies (including social media) [Requires consent],Oracle Marketing,JavaScript,bench_new_T2_3643,,,TRUE,https://www.CLIENT_X.lt/healthcare,Existing CM Trackers-Found,,,,,
subscription.CLIENT_X.cz,Essential cookies (exempt from consent),CLIENT_X - Czech Republic,HTTP Cookie,TAsessionID,,,,,Existing CM Trackers-Not Found,,,,,
www.lighting.CLIENT_X.com.hk,Essential cookies (exempt from consent),CLIENT_X - Hong Kong,HTTP Cookie,ltc_cf,,90,,https://www.CLIENT_X.lt/,New First Party Trackers,,,,,
CLIENT_X.dk,Essential cookies (exempt from consent),CLIENT_X - Denmark,HTTP Cookie,_fbp,,,,,Existing CM Trackers-Not Found,,,,,
CLIENT_X.cl,Essential cookies (exempt from consent),CLIENT_X - Chile,HTTP Cookie,coveo_visitorId,,bench_update_duration,,,Existing CM Trackers-Not Found,,,,,
www.crsc.CLIENT_X.com,Essential cookies (exempt from consent),Koninklijke CLIENT_X N.V.,JavaScript,bench_new_T2_3630,,,,,Existing CM Trackers-Not Found,,,,,
CLIENT_X.co.uk,Essential cookies (exempt from consent),CLIENT_X - United Kingdom,HTTP Cookie,iadvize-7826-vuid,,bench_update_duration,TRUE,https://www.CLIENT_X.lt/c-e/blog.html,Existing CM Trackers-Found,,,,,
CLIENT_X.com.au,Essential cookies (exempt from consent),CLIENT_X - Australia,HTTP Cookie,zScalerUser,,89,,,Existing CM Trackers-Not Found,,,,,
mt.holmesmind.com,Performance Cookies [Requires consent],DoubleMax Technology,ETag,-,,,,,Existing CM Trackers-Not Found,,,,,
tags.t.tailtarget.com,Targeted Advertising Cookies (including social media) [Requires consent],Tail Target,JavaScript,-,,bench_update_duration,,,Existing CM Trackers-Not Found,,,,,
CLIENT_X.com.br,Essential cookies (exempt from consent),CLIENT_X - Brazil,HTTP Cookie,cto_tld_test,,,,https://www.CLIENT_X.lt/,New Third Party Trackers,,,,,
www.CLIENT_X.dk,Essential cookies (exempt from consent),CLIENT_X - Denmark,HTTP Cookie,DK_Pub-cartstatus-com,,bench_update_duration,,,Existing CM Trackers-Not Found,,,,,
www.shop.CLIENT_X.lt,Essential cookies (exempt from consent),CLIENT_X - Lithuania,HTTP Cookie,bench_new_T2_3650,,,,,Existing CM Trackers-Not Found,,,,,
doubleclick.net,Targeted Advertising cookies (including social media) [Requires consent],Google Advertising Products,HTTP Cookie,_ga_failed_lookup_marker_18_1995,,0,TRUE,https://www.CLIENT_X.lt/,Existing CM Trackers-Found,,,,,
www.CLIENT_X.co.za,Essential cookies (exempt from consent),CLIENT_X - South Africa,HTTP Cookie,AWSELB,,0,,,Existing CM Trackers-Not Found,,,,,
CLIENT_X.com.mx,Essential cookies (exempt from consent),CLIENT_X - Mexico,HTTP Cookie,TEST_AMCV_COOKIE_WRITE,,bench_update_duration,TRUE,https://www.CLIENT_X.lt/c-m-pe/plauku-salinimo-priemones/naujausi,Existing CM Trackers-Found,,,,,
CLIENT_X.com.co,Essential cookies (exempt from consent),CLIENT_X - Colombia,HTTP Cookie,biggy-anonymous,,bench_update_duration,,,Existing CM Trackers-Not Found,,,,,
www.CLIENT_X.com.gh,Essential cookies (exempt from consent),CLIENT_X - Ghana,HTTP Cookie,AWSELB,,0,TRUE,https://www.CLIENT_X.lt/,Existing CM Trackers-Found,,,,,
