tracking_domain,consent_category,vendor_name,tracker_type,tracker_name,tracker_purpose,tracker_duration,3rd_party_sharing,first_found_at,party_type,vendor_description,modified,consent_category_new,tracker_purpose_[language code],vendor_description_[language code]
www.CLIENT_X.ca,Essential cookies (exempt from consent),CLIENT_X - Canada,HTTP Cookie,__attentive_id,,,,https://www.CLIENT_X.com.au/c-m-pe/hair-removal,New Third Party Trackers,,,,,
CLIENT_X.ch,Essential cookies (exempt from consent),CLIENT_X - Switzerland,HTTP Cookie,_schn1,,,,,Existing CM Trackers-Not Found,,,,,
CLIENT_X.fr,Essential cookies (exempt from consent),CLIENT_X - France,HTTP Cookie,mbox,,,TRUE,https://www.CLIENT_X.com.au/c-p/BRI957_00/lumea-ipl-9000-series-ipl-hair-removal-device-with-senseiq,Existing CM Trackers-Found,,,,,
CLIENT_X.com.sg,Essential cookies (exempt from consent),CLIENT_X - Singapore,HTTP Cookie,_fbp,,bench_update_duration,,https://www.CLIENT_X.com.au/healthcare,New Third Party Trackers,,,,,
doubleclick.net,Targeted Advertising cookies (including social media),Google Advertising Products,HTTP Cookie,bench_new_T2_322,,0,TRUE,https://www.CLIENT_X.com.au/,Existing CM Trackers-Found,,,,,
munchkin.marketo.net,Targeted Advertising cookies (including social media),Marketo,JavaScript,bench_new_T2_295,,,,,Existing CM Trackers-Not Found,,,,,
www.lighting.CLIENT_X.pl,Essential cookies (exempt from consent),Signify (formerly CLIENT_X Lighting),Local Storage,blank (local storage),,,,,Existing CM Trackers-Not Found,,,,,
CLIENT_X.ru,Essential cookies (exempt from consent),CLIENT_X - Russia,HTTP Cookie,s_nrpv,,bench_update_duration,TRUE,https://www.CLIENT_X.com.au/c-m-pe/airfloss-ultra,Existing CM Trackers-Found,,,,,
www.CLIENT_X.com.ph,Essential cookies (exempt from consent),CLIENT_X - Philippines,HTTP Cookie,p-gc35,,bench_update_duration,,,Existing CM Trackers-Not Found,,,,,
www.healthcare.shop.CLIENT_X.com.au,Essential cookies,CLIENT_X - Australia,ETag,_ga_failed_lookup_marker_1_9,,,,,Existing CM Trackers-Not Found,,,,,
www.CLIENT_X.ee,Essential cookies (exempt from consent),CLIENT_X - Republic of Estonia,HTTP Cookie,user_country,,,,,Existing CM Trackers-Not Found,,,,,
apps.bazaarvoice.com,Performance Cookies [Requires consent],"Bazaarvoice, Inc.",JavaScript,-,,bench_update_duration,,,Existing CM Trackers-Not Found,,,,,
www.CLIENT_X.lv,Essential cookies (exempt from consent),CLIENT_X - Latvia,HTTP Cookie,kampyleUserSessionsCount,,session,,https://www.CLIENT_X.com.au/,New First Party Trackers,,,,,
www.CLIENT_X.fr,Essential cookies (exempt from consent),CLIENT_X - France,ETag,blank (etag),,90,TRUE,https://www.CLIENT_X.com.au/,Existing CM Trackers-Found,,,,,
CLIENT_X.com.au,Essential cookies,CLIENT_X - Australia,HTTP Cookie,_ga_failed_lookup_marker_1_14,,,,,Existing CM Trackers-Not Found,,,,,
www.CLIENT_X.com.hk,Essential cookies (exempt from consent),CLIENT_X - Hong Kong,HTTP Cookie,AWSELB,,bench_update_duration,,,Existing CM Trackers-Not Found,,,,,
www.lighting.CLIENT_X.ro,Essential cookies (exempt from consent),Signify (formerly CLIENT_X Lighting),JavaScript,blank (java),,bench_update_duration,,,Existing CM Trackers-Not Found,,,,,
www.CLIENT_X.com.mx,Essential cookies (exempt from consent),CLIENT_X - Mexico,HTTP Cookie,kampyle_userid,,,,,Existing CM Trackers-Not Found,,,,,
CLIENT_X.sk,Essential cookies (exempt from consent),CLIENT_X - Slovakia,HTTP Cookie,s_nrpv,,15,,https://www.CLIENT_X.com.au/,New First Party Trackers,,,,,
www.CLIENT_X.es,Essential cookies (exempt from consent),CLIENT_X - Spain,HTTP Cookie,kampyleUserPercentile,,180,TRUE,https://www.CLIENT_X.com.au/c-e/products.html,Existing CM Trackers-Found,,,,,
CLIENT_X.ro,Essential cookies (exempt from consent),CLIENT_X - Romania,HTTP Cookie,_tt_enable_cookie,,bench_update_duration,,https://www.CLIENT_X.com.au/healthcare/e/sleep-and-respiratory-care/what-matters-most/our-patient-care,Existing CM Trackers-Found,,,,,
CLIENT_X.co.za,Essential cookies (exempt from consent),CLIENT_X - South Africa,HTTP Cookie,s_cc,,bench_update_duration,,,Existing CM Trackers-Not Found,,,,,
CLIENT_X.se,Essential cookies (exempt from consent),CLIENT_X - Sweden,HTTP Cookie,s_cm,,400,TRUE,https://www.CLIENT_X.com.au/,Existing CM Trackers-Found,,,,,
imgs.signifyd.com,Essential cookies,Signifyd,HTTP Cookie,bench_new_T2_227,,390,TRUE,https://www.CLIENT_X.com.au/,Existing CM Trackers-Found,,,,,
CLIENT_X.com.kw,Essential cookies (exempt from consent),CLIENT_X - Kuwait,HTTP Cookie,FPLC,,bench_update_duration,,,Existing CM Trackers-Not Found,,,,,
stg.CLIENT_X.co.id,Essential cookies (exempt from consent),CLIENT_X - Indonesia,ETag,blank (etag),,bench_update_duration,,,Existing CM Trackers-Not Found,,,,,
www.lighting.CLIENT_X.com.ph,Essential cookies (exempt from consent),CLIENT_X - Philippines,JavaScript,blank (java),,,,,Existing CM Trackers-Not Found,,,,,
www.usa.CLIENT_X.com,Essential cookies (exempt from consent),Koninklijke CLIENT_X N.V.,HTTP Cookie,kampyle_userid,,,,https://www.CLIENT_X.com.au/c-w/consumer-support/support-contact-page,New Third Party Trackers,,,,,
lighting.CLIENT_X.ee,Essential cookies (exempt from consent),Signify (formerly CLIENT_X Lighting),HTTP Cookie,_mkto_trk,,bench_update_duration,TRUE,https://www.CLIENT_X.com.au/,Existing CM Trackers-Found,,,,,
CLIENT_X.lv,Essential cookies (exempt from consent),CLIENT_X - Latvia,HTTP Cookie,_schn1,,bench_update_duration,,,Existing CM Trackers-Not Found,,,,,
www.CLIENT_X.com.ar,Essential cookies (exempt from consent),CLIENT_X - Argentina,HTTP Cookie,_schn3,,bench_update_duration,,https://www.CLIENT_X.com.au/,New First Party Trackers,,,,,
www.saude.CLIENT_X.com.br,Essential cookies (exempt from consent),CLIENT_X - Brazil,HTTP Cookie,VtexWorkspace,,,TRUE,https://www.CLIENT_X.com.au/,Existing CM Trackers-Found,,,,,
dpm.demdex.net,Targeted Advertising cookies (including social media),"Adobe Audience Manager, Adobe Experience Cloud",Beacon,bench_new_T2_254,,,,,Existing CM Trackers-Not Found,,,,,
www.CLIENT_X.fi,Essential cookies (exempt from consent),CLIENT_X - Finland,HTTP Cookie,T01-recentlyViewedProducts,,,,,Existing CM Trackers-Not Found,,,,,
lighting.CLIENT_X.com.cn,Essential cookies (exempt from consent),Signify (formerly CLIENT_X Lighting),HTTP Cookie,aam_uuid,,bench_update_duration,,,Existing CM Trackers-Not Found,,,,,
retailrocket.net,Performance Cookies [Requires consent],Retail Rocket LLC,HTTP Cookie,rcuid,,365,TRUE,https://www.CLIENT_X.com.au/,Existing CM Trackers-Found,,,,,
CLIENT_X.ma,Essential cookies (exempt from consent),CLIENT_X - Morocco,HTTP Cookie,_fbp,,bench_update_duration,,,Existing CM Trackers-Not Found,,,,,
www.CLIENT_X.com.tw,Essential cookies (exempt from consent),CLIENT_X - Taiwan,HTTP Cookie,kampyleUserPercentile,,bench_update_duration,TRUE,https://www.CLIENT_X.com.au/,Existing CM Trackers-Found,,,,,
www.CLIENT_X.com.tr,Essential cookies (exempt from consent),CLIENT_X - Turkey,HTTP Cookie,_scid,,bench_update_duration,,,Existing CM Trackers-Not Found,,,,,
CLIENT_X.hr,Essential cookies (exempt from consent),CLIENT_X - Croatia,HTTP Cookie,_scid_r,,bench_update_duration,,,Existing CM Trackers-Not Found,,,,,
CLIENT_X.com.pk,Essential cookies (exempt from consent),CLIENT_X - Pakistan,HTTP Cookie,com.adobe.alloy.getTld,,bench_update_duration,,,Existing CM Trackers-Not Found,,,,,
assets.kampyle.com,Performance cookies,Medallia,ETag,bench_new_T2_347,,,TRUE,https://www.CLIENT_X.com.au/c-f/XC000012903/how-to-clean-the-insideheating-element-of-my-CLIENT_X-airfryer,Existing CM Trackers-Found,,,,,
www.lighting.CLIENT_X.com.tw,Essential cookies (exempt from consent),Signify (formerly CLIENT_X Lighting),HTTP Cookie,CLIENT_X,,,TRUE,https://www.CLIENT_X.com.au/c-m-pe/toothbrush-heads/latest,Existing CM Trackers-Found,,,,,
www.CLIENT_X.co.nz,Essential cookies (exempt from consent),CLIENT_X - New Zealand,HTTP Cookie,_sdsat_pgm_optin,,bench_update_duration,TRUE,https://www.CLIENT_X.com.au/,Existing CM Trackers-Found,,,,,
CLIENT_X.nl,Essential cookies (exempt from consent),CLIENT_X - Netherlands,HTTP Cookie,s_tid,,0,TRUE,https://www.CLIENT_X.com.au/,Existing CM Trackers-Found,,,,,
lighting.CLIENT_X.es,Essential cookies (exempt from consent),Signify (formerly CLIENT_X Lighting),HTTP Cookie,_mkto_trk,,bench_update_duration,,,Existing CM Trackers-Not Found,,,,,
CLIENT_X.com.qa,Essential cookies (exempt from consent),CLIENT_X - Qatar,HTTP Cookie,TAsessionID,,,,,Existing CM Trackers-Not Found,,,,,
CLIENT_X.be,Essential cookies (exempt from consent),CLIENT_X - Belgium,HTTP Cookie,_schn1,,bench_update_duration,,https://www.CLIENT_X.com.au/,New First Party Trackers,,,,,
www.CLIENT_X.ca,Essential cookies (exempt from consent),CLIENT_X - Canada,HTTP Cookie,kampyleUserSession,,bench_update_duration,,https://www.CLIENT_X.com.au/,New First Party Trackers,,,,,
www.powersensormonitor.CLIENT_X.com,Essential cookies (exempt from consent),Koninklijke CLIENT_X N.V.,HTTP Cookie,AWSALBCORS,,,,,Existing CM Trackers-Not Found,,,,,
CLIENT_X.es,Essential cookies (exempt from consent),CLIENT_X - Spain,HTTP Cookie,TAsessionID,,,,https://www.CLIENT_X.com.au/c-m-pe/airfloss-ultra,New Third Party Trackers,,,,,
www.lighting.CLIENT_X.fi,Essential cookies (exempt from consent),Signify (formerly CLIENT_X Lighting),HTTP Cookie,customer_language_accept,,bench_update_duration,TRUE,https://www.CLIENT_X.com.au/,Existing CM Trackers-Found,,,,,
www.lighting.CLIENT_X.fi,Essential cookies (exempt from consent),Signify (formerly CLIENT_X Lighting),HTTP Cookie,d01-layout,,bench_update_duration,TRUE,https://www.CLIENT_X.com.au/healthcare/e/sleep-and-respiratory-care/what-matters-most/our-patient-care,Existing CM Trackers-Found,,,,,
www.CLIENT_X.co.id,Essential cookies (exempt from consent),CLIENT_X - Indonesia,ETag,blank (etag),,bench_update_duration,TRUE,https://www.CLIENT_X.com.au/c-e/products.html,Existing CM Trackers-Found,,,,,
CLIENT_X.com,Essential cookies (exempt from consent),Koninklijke CLIENT_X N.V.,HTTP Cookie,mboxEdgeCluster,,,TRUE,https://www.CLIENT_X.com.au/c-e/ho/air-education.html,Existing CM Trackers-Found,,,,,
www.CLIENT_X.de,Essential cookies (exempt from consent),CLIENT_X - Germany,HTTP Cookie,shop-health,,bench_update_duration,TRUE,https://www.CLIENT_X.com.au/,Existing CM Trackers-Found,,,,,
CLIENT_X.com.tr,Essential cookies (exempt from consent),CLIENT_X - Turkey,HTTP Cookie,_schn2,,,TRUE,https://www.CLIENT_X.com.au/,Existing CM Trackers-Found,,,,,
CLIENT_X.si,Essential cookies (exempt from consent),CLIENT_X - Slovenia,HTTP Cookie,s_cm_direct,,,,,Existing CM Trackers-Not Found,,,,,
CLIENT_X.co.nz,Essential cookies (exempt from consent),CLIENT_X - New Zealand,HTTP Cookie,s_nrpv,,,,,Existing CM Trackers-Not Found,,,,,
doubleclick.net,Targeted Advertising cookies (including social media),Google Advertising Products,HTTP Cookie,bench_new_T2_229,,,,,Existing CM Trackers-Not Found,,,,,
store-CLIENT_X.tw,Essential cookies (exempt from consent),CLIENT_X Store - Taiwan,HTTP Cookie,_gdltbwXXXX,,,TRUE,https://www.CLIENT_X.com.au/c-w/product-registration/coffee-fathers-day-promotion,Existing CM Trackers-Found,,,,,
CLIENT_X.ng,Essential cookies (exempt from consent),CLIENT_X - Nigeria,HTTP Cookie,_ttp,,,,,Existing CM Trackers-Not Found,,,,,
CLIENT_X.co.th,Essential cookies (exempt from consent),CLIENT_X - Thailand,HTTP Cookie,_tt_enable_cookie,,bench_update_duration,TRUE,https://www.CLIENT_X.com.au/,Existing CM Trackers-Found,,,,,
www.patientcare.shop.CLIENT_X.com.sg,Essential cookies (exempt from consent),CLIENT_X - Singapore,HTTP Cookie,mdLogger,,,,,Existing CM Trackers-Not Found,,,,,
www.shop.CLIENT_X.ee,Essential cookies (exempt from consent),CLIENT_X - Republic of Estonia,HTTP Cookie,bv_metrics,,bench_update_duration,,,Existing CM Trackers-Not Found,,,,,
www.lighting.CLIENT_X.com.cn,Essential cookies (exempt from consent),Signify (formerly CLIENT_X Lighting),HTTP Cookie,customer_country,,,,,Existing CM Trackers-Not Found,,,,,
www.usa.CLIENT_X.com,Essential cookies (exempt from consent),Koninklijke CLIENT_X N.V.,HTTP Cookie,_sst_sfcamid,,89,,https://www.CLIENT_X.com.au/,New First Party Trackers,,,,,
www.shop.CLIENT_X.lt,Essential cookies (exempt from consent),CLIENT_X - Lithuania,HTTP Cookie,woocommerce_cart_hash,,bench_update_duration,,,Existing CM Trackers-Not Found,,,,,
CLIENT_X.jo,Essential cookies (exempt from consent),CLIENT_X - Jordan,HTTP Cookie,internalUserCheck,,,TRUE,https://www.CLIENT_X.com.au/healthcare/e/sleep-and-respiratory-care/what-matters-most/our-patient-care,Existing CM Trackers-Found,,,,,
www.respirtech.com,Essential cookies (exempt from consent),RespirTech,HTTP Cookie,PHPSESSID,,365,TRUE,https://www.CLIENT_X.com.au/,Existing CM Trackers-Found,,,,,
pages.information.signify.com,Performance cookies,Signify (formerly CLIENT_X Lighting),JavaScript,bench_new_T2_241,,,,,Existing CM Trackers-Not Found,,,,,
s2.go-mpulse.net,Performance cookies,Akamai,JavaScript,bench_new_T2_326,,,,,Existing CM Trackers-Not Found,,,,,
CLIENT_X.de,Essential cookies (exempt from consent),CLIENT_X - Germany,HTTP Cookie,_gid,,400,,https://www.CLIENT_X.com.au/healthcare,New Third Party Trackers,,,,,
www.lighting.CLIENT_X.cl,Essential cookies (exempt from consent),Signify (formerly CLIENT_X Lighting),HTTP Cookie,customer_language_accept,,,,,Existing CM Trackers-Not Found,,,,,
www.CLIENT_X.ee,Essential cookies (exempt from consent),CLIENT_X - Republic of Estonia,Beacon,blank (beacon),,bench_update_duration,TRUE,https://www.CLIENT_X.com.au/c-m-au/car-lights/store-locator,Existing CM Trackers-Found,,,,,
www.CLIENT_X.co.id,Essential cookies (exempt from consent),CLIENT_X - Indonesia,Beacon,blank (beacon),,bench_update_duration,TRUE,https://www.CLIENT_X.com.au/,Existing CM Trackers-Found,,,,,
CLIENT_X.com.ph,Essential cookies (exempt from consent),CLIENT_X - Philippines,HTTP Cookie,_mkto_trk,,,TRUE,https://www.CLIENT_X.com.au/,Existing CM Trackers-Found,,,,,
go.speech.com,Targeted Advertising Cookies (including social media) [Requires consent],Speech Processing Solutions GmbH,HTTP Cookie,visitor_id790813,,bench_update_duration,,,Existing CM Trackers-Not Found,,,,,
www.lighting.CLIENT_X.si,Essential cookies (exempt from consent),Signify (formerly CLIENT_X Lighting),Beacon,blank (beacon),,bench_update_duration,,,Existing CM Trackers-Not Found,,,,,
www.CLIENT_X.com.tr,Essential cookies (exempt from consent),CLIENT_X - Turkey,HTTP Cookie,eddl_gtm_qe_session_start_6523424625,,bench_update_duration,,,Existing CM Trackers-Not Found,,,,,
www.lighting.CLIENT_X.co.kr,Essential cookies (exempt from consent),Signify (formerly CLIENT_X Lighting),HTTP Cookie,BCTempID,,bench_update_duration,,,Existing CM Trackers-Not Found,,,,,
CLIENT_X.gr,Essential cookies (exempt from consent),CLIENT_X - Greece,HTTP Cookie,_schn1,,bench_update_duration,TRUE,https://www.CLIENT_X.com.au/c-m-pe/airfloss-ultra,Existing CM Trackers-Found,,,,,
www.CLIENT_X.com.au,Essential cookies,CLIENT_X - Australia,HTTP Cookie,bench_new_T2_340,,365,TRUE,https://www.CLIENT_X.com.au/,Existing CM Trackers-Found,,,,,
www.CLIENT_X.com.pk,Essential cookies (exempt from consent),CLIENT_X - Pakistan,HTTP Cookie,user_country,,,TRUE,https://www.CLIENT_X.com.au/,Existing CM Trackers-Found,,,,,
www.CLIENT_X.pt,Essential cookies (exempt from consent),CLIENT_X - Portugal,JavaScript,blank (java),,,TRUE,https://www.CLIENT_X.com.au/,Existing CM Trackers-Found,,,,,
CLIENT_X.com.tw,Essential cookies (exempt from consent),CLIENT_X - Taiwan,HTTP Cookie,BCSessionID,,,TRUE,https://www.CLIENT_X.com.au/c-w/resources-and-education/resource-library.html,Existing CM Trackers-Found,,,,,
CLIENT_X.com.au,Essential cookies,CLIENT_X - Australia,HTTP Cookie,bench_new_T2_390,,89,,https://www.CLIENT_X.com.au/,New First Party Trackers,,,,,
www.CLIENT_X.com.co,Essential cookies (exempt from consent),CLIENT_X - Colombia,HTTP Cookie,kampyle_userid,,session,,https://www.CLIENT_X.com.au/,New First Party Trackers,,,,,
CLIENT_X.nl,Essential cookies (exempt from consent),CLIENT_X - Netherlands,HTTP Cookie,_pin_unauth,,bench_update_duration,,https://www.CLIENT_X.com.au/,New First Party Trackers,,,,,
www.CLIENT_X.de,Essential cookies (exempt from consent),CLIENT_X - Germany,HTTP Cookie,AWSELBCORS,,bench_update_duration,TRUE,https://www.CLIENT_X.com.au/c-m-au/car-lights/store-locator,Existing CM Trackers-Found,,,,,
www.usa.CLIENT_X.com,Essential cookies (exempt from consent),Koninklijke CLIENT_X N.V.,HTTP Cookie,__attentive_cco,,bench_update_duration,,,Existing CM Trackers-Not Found,,,,,
www.CLIENT_X.com.au,Essential cookies,CLIENT_X - Australia,Beacon,bench_new_T2_292,,,TRUE,https://www.CLIENT_X.com.au/a-w/about,Existing CM Trackers-Found,,,,,
js-agent.newrelic.com,Performance Cookies [Requires consent],New Relic Inc.,ETag,-,,,TRUE,https://www.CLIENT_X.com.au/,Existing CM Trackers-Found,,,,,
www.CLIENT_X.com.eg,Essential cookies (exempt from consent),CLIENT_X - Egypt,HTTP Cookie,_scid_r,,bench_update_duration,,,Existing CM Trackers-Not Found,,,,,
tr.snapchat.com,Targeted Advertising cookies (including social media),Snap Inc.,Beacon,_ga_failed_lookup_marker_1_94,,,TRUE,https://www.CLIENT_X.com.au/c-e/ho/air-education.html,Existing CM Trackers-Found,,,,,
consent.trustarc.com,Essential cookies,TrustArc,JavaScript,_ga_failed_lookup_marker_1_95,,,TRUE,https://www.CLIENT_X.com.au/,Existing CM Trackers-Found,,,,,
c.amazon-adsystem.com,Targeted Advertising cookies (including social media),Amazon Ads,JavaScript,bench_new_T2_286,,,TRUE,https://www.CLIENT_X.com.au/,Existing CM Trackers-Found,,,,,
www.google.com,Targeted Advertising cookies (including social media),Google Inc.,JavaScript,_ga_failed_lookup_marker_1_97,,,TRUE,https://www.CLIENT_X.com.au/c-e/forms/sfmc/avent-reward-interest.html,Existing CM Trackers-Found,,,,,
www.CLIENT_X.co.jp,Essential cookies (exempt from consent),CLIENT_X Electronics Corporation Japan,HTTP Cookie,_sdsat_pgm_optin,,bench_update_duration,,,Existing CM Trackers-Not Found,,,,,
CLIENT_X.co.kr,Essential cookies (exempt from consent),CLIENT_X - Korea,HTTP Cookie,s_eVar44,,bench_update_duration,,https://www.CLIENT_X.com.au/a-w/cookie-notice,New Third Party Trackers,,,,,
www.lighting.CLIENT_X.com.cn,Essential cookies (exempt from consent),Signify (formerly CLIENT_X Lighting),Local Storage,blank (local storage),,,TRUE,https://www.CLIENT_X.com.au/c-e/ho/air-education.html,Existing CM Trackers-Found,,,,,
CLIENT_X.nl,Essential cookies (exempt from consent),CLIENT_X - Netherlands,HTTP Cookie,FPID,,bench_update_duration,,https://www.CLIENT_X.com.au/a-w/about,New Third Party Trackers,,,,,
.CLIENT_X.com,Performance Cookies [Requires consent],Google Inc.,HTTP Cookie,_gat_UA-200342981-1,,session,,,Existing CM Trackers-Not Found,,,,,
lighting.CLIENT_X.ro,Essential cookies (exempt from consent),Signify (formerly CLIENT_X Lighting),HTTP Cookie,test,,bench_update_duration,,,Existing CM Trackers-Not Found,,,,,
www.CLIENT_X.com.au,Essential cookies,CLIENT_X - Australia,JavaScript,bench_new_T2_307,,,TRUE,https://www.CLIENT_X.com.au/,Existing CM Trackers-Found,,,,,
www.mylife.CLIENT_X.com.cn,Essential cookies (exempt from consent),CLIENT_X - China,HTTP Cookie,ASP.NET_SessionId,,180,TRUE,https://www.CLIENT_X.com.au/c-e/products.html,Existing CM Trackers-Found,,,,,
www.lighting.CLIENT_X.ua,Essential cookies (exempt from consent),Signify (formerly CLIENT_X Lighting),JavaScript,blank (java),,bench_update_duration,,,Existing CM Trackers-Not Found,,,,,
www.lighting.CLIENT_X.ma,Essential cookies (exempt from consent),Signify (formerly CLIENT_X Lighting),Local Storage,blank (local storage),,bench_update_duration,TRUE,https://www.CLIENT_X.com.au/,Existing CM Trackers-Found,,,,,
www.lighting.CLIENT_X.co.id,Essential cookies (exempt from consent),Signify (formerly CLIENT_X Lighting),HTTP Cookie,s_as,,,TRUE,https://www.CLIENT_X.com.au/,Existing CM Trackers-Found,,,,,
CLIENT_X.co.th,Essential cookies (exempt from consent),CLIENT_X - Thailand,HTTP Cookie,s_nrpv,,,,,Existing CM Trackers-Not Found,,,,,
www.subscription.CLIENT_X.co.uk,Essential cookies (exempt from consent),CLIENT_X - United Kingdom,HTTP Cookie,kampyleUserSessionsCount,,bench_update_duration,TRUE,https://www.CLIENT_X.com.au/,Existing CM Trackers-Found,,,,,
CLIENT_X.com.kw,Essential cookies (exempt from consent),CLIENT_X - Kuwait,HTTP Cookie,s_cm_direct,,,,,Existing CM Trackers-Not Found,,,,,
CLIENT_X.com.ar,Essential cookies (exempt from consent),CLIENT_X - Argentina,HTTP Cookie,biggy-event-queue,,session,,,Existing CM Trackers-Not Found,,,,,
www.supplierinnovation.CLIENT_X.com,Essential cookies (exempt from consent),Koninklijke CLIENT_X N.V.,HTTP Cookie,_ga,,,,,Existing CM Trackers-Not Found,,,,,
www.lighting.CLIENT_X.hu,Essential cookies (exempt from consent),CLIENT_X - Hungary,HTTP Cookie,customer_country,,bench_update_duration,,,Existing CM Trackers-Not Found,,,,,
guide-ph.netlify.app,Targeted Advertising Cookies (including social media) [Requires consent],Netlify,JavaScript,-,,bench_update_duration,TRUE,https://www.CLIENT_X.com.au/,Existing CM Trackers-Found,,,,,
CLIENT_X.se,Essential cookies (exempt from consent),CLIENT_X - Sweden,HTTP Cookie,_fbp,,7,,https://www.CLIENT_X.com.au/,New First Party Trackers,,,,,
CLIENT_X.com.cn,Essential cookies (exempt from consent),CLIENT_X - China,HTTP Cookie,_schn2,,bench_update_duration,,,Existing CM Trackers-Not Found,,,,,
www.healthtechproducts.CLIENT_X.com,Essential cookies (exempt from consent),Koninklijke CLIENT_X N.V.,HTTP Cookie,ELOQUA,,bench_update_duration,,https://www.CLIENT_X.com.au/c-f/XC000021443/my-CLIENT_X-fan-makes-an-unusual-noise-when-oscillating,New Third Party Trackers,,,,,
CLIENT_X.co.in,Essential cookies (exempt from consent),CLIENT_X - India,HTTP Cookie,adobe_amp_id,,bench_update_duration,,,Existing CM Trackers-Not Found,,,,,
www.lighting.CLIENT_X.co.in,Essential cookies (exempt from consent),Signify (formerly CLIENT_X Lighting),Local Storage,blank (local storage),,bench_update_duration,,,Existing CM Trackers-Not Found,,,,,
www.lighting.CLIENT_X.co.th,Essential cookies (exempt from consent),Signify (formerly CLIENT_X Lighting),HTTP Cookie,s_mc,,,TRUE,https://www.CLIENT_X.com.au/,Existing CM Trackers-Found,,,,,
www.CLIENT_X.sa,Essential cookies (exempt from consent),CLIENT_X - Kingdom of Saudi Arabia,HTTP Cookie,_y2,,bench_update_duration,TRUE,https://www.CLIENT_X.com.au/c-w/consumer-support/support-contact-page,Existing CM Trackers-Found,,,,,
CLIENT_X.ru,Essential cookies (exempt from consent),CLIENT_X - Russia,HTTP Cookie,notice_behavior,,,,https://www.CLIENT_X.com.au/healthcare/solutions/sleep-and-respiratory-care/sleep-therapy-software/sleep-therapy-software,Existing CM Trackers-Found,,,,,
CLIENT_X.ro,Essential cookies (exempt from consent),CLIENT_X - Romania,HTTP Cookie,s_pv,,0,TRUE,https://www.CLIENT_X.com.au/,Existing CM Trackers-Found,,,,,
www.lighting.CLIENT_X.com.tr,Essential cookies (exempt from consent),Signify (formerly CLIENT_X Lighting),HTTP Cookie,d01-layout,,bench_update_duration,,,Existing CM Trackers-Not Found,,,,,
igt-interactive-tour.com,Essential cookies (exempt from consent),Koninklijke CLIENT_X N.V.,HTTP Cookie,s_pv,,,,,Existing CM Trackers-Not Found,,,,,
www.CLIENT_X.fi,Essential cookies (exempt from consent),CLIENT_X - Finland,HTTP Cookie,ws-id,,,,,Existing CM Trackers-Not Found,,,,,
www.lighting.CLIENT_X.dk,Essential cookies (exempt from consent),Signify (formerly CLIENT_X Lighting),Local Storage,blank (local storage),,90,TRUE,https://www.CLIENT_X.com.au/,Existing CM Trackers-Found,,,,,
www.healthcare.shop.CLIENT_X.fr,Essential cookies (exempt from consent),CLIENT_X - France,HTTP Cookie,kampyleUserSession,,bench_update_duration,,,Existing CM Trackers-Not Found,,,,,
www.CLIENT_X.com.kw,Essential cookies (exempt from consent),CLIENT_X - Kuwait,HTTP Cookie,kampyleUserSession,,bench_update_duration,TRUE,https://www.CLIENT_X.com.au/c-e/au/automotive-health-and-wellness/thermal-box.html,Existing CM Trackers-Found,,,,,
www.CLIENT_X.com.qa,Essential cookies (exempt from consent),CLIENT_X - Qatar,HTTP Cookie,mdLogger,,,TRUE,https://www.CLIENT_X.com.au/c-w/consumer-support/support-contact-page,Existing CM Trackers-Found,,,,,
stg.CLIENT_X.com.kw,Essential cookies (exempt from consent),CLIENT_X - Kuwait,HTTP Cookie,T01-recentlyViewedProducts,,,,,Existing CM Trackers-Not Found,,,,,
www.googleadservices.com,Targeted Advertising cookies (including social media),Google Advertising Products,JavaScript,bench_new_T2_252,,,,,Existing CM Trackers-Not Found,,,,,
c.seznam.cz,Targeted Advertising Cookies (including social media) [Requires consent],"Seznam.cz, a.s.",Beacon,-,,,,https://www.CLIENT_X.com.au/healthcare/e/sleep-and-respiratory-care/what-matters-most/our-patient-care,New Third Party Trackers,,,,,
CLIENT_X.com.my,Essential cookies (exempt from consent),CLIENT_X - Malaysia,HTTP Cookie,_ga,,bench_update_duration,,,Existing CM Trackers-Not Found,,,,,
connect.facebook.net,Targeted Advertising cookies (including social media),Meta (formerly Facebook),JavaScript,_ga_failed_lookup_marker_1_136,,,TRUE,https://www.CLIENT_X.com.au/,Existing CM Trackers-Found,,,,,
www.CLIENT_X.co.kr,Essential cookies (exempt from consent),CLIENT_X - Korea,HTTP Cookie,_sdsat_pgm_optin,,,TRUE,https://www.CLIENT_X.com.au/c-e/ho/air-education.html,Existing CM Trackers-Found,,,,,
CLIENT_X.fi,Essential cookies (exempt from consent),CLIENT_X - Finland,HTTP Cookie,_scid,,,,,Existing CM Trackers-Not Found,,,,,
lighting.CLIENT_X.sk,Essential cookies (exempt from consent),Signify (formerly CLIENT_X Lighting),HTTP Cookie,com.adobe.alloy.getTld,,,,,Existing CM Trackers-Not Found,,,,,
www.careers.CLIENT_X.com.cn,Essential cookies (exempt from consent),CLIENT_X - China,HTTP Cookie,Team,,,TRUE,https://www.CLIENT_X.com.au/c-w/product-registration/coffee-fathers-day-promotion,Existing CM Trackers-Found,,,,,
static-web.cdn.91app.com,Performance Cookies [Requires consent],91App,ETag,-,,bench_update_duration,TRUE,https://www.CLIENT_X.com.au/c-w/consumer-support/support-contact-page,Existing CM Trackers-Found,,,,,
www.usa.CLIENT_X.com,Essential cookies (exempt from consent),Koninklijke CLIENT_X N.V.,HTTP Cookie,_sst_dcamid,,,,,Existing CM Trackers-Not Found,,,,,
smetrics.marketing.lighting.CLIENT_X.com.au,Essential cookies,CLIENT_X - Australia,JavaScript,bench_new_T2_258,,,,,Existing CM Trackers-Not Found,,,,,
lighting.CLIENT_X.com.my,Essential cookies (exempt from consent),Signify (formerly CLIENT_X Lighting),HTTP Cookie,s_nr30,,,,,Existing CM Trackers-Not Found,,,,,
CLIENT_X.com.mx,Essential cookies (exempt from consent),CLIENT_X - Mexico,HTTP Cookie,s_gnr,,0,TRUE,https://www.CLIENT_X.com.au/,Existing CM Trackers-Found,,,,,
googleads.g.doubleclick.net,Targeted Advertising Cookies (including social media) [Requires consent],Google Advertising Products,Beacon,-,,bench_update_duration,,,Existing CM Trackers-Not Found,,,,,
CLIENT_X.ee,Essential cookies (exempt from consent),CLIENT_X - Republic of Estonia,HTTP Cookie,TEST_AMCV_COOKIE_WRITE,,session,TRUE,https://www.CLIENT_X.com.au/,Existing CM Trackers-Found,,,,,
www.healthcare.shop.CLIENT_X.com.au,Targeted Advertising cookies (including social media),CLIENT_X - Australia,HTTP Cookie,bench_new_T2_309,,,,,Existing CM Trackers-Not Found,,,,,
www.CLIENT_X.com.cn,Essential cookies (exempt from consent),CLIENT_X - China,ETag,blank (etag),,,TRUE,https://www.CLIENT_X.com.au/,Existing CM Trackers-Found,,,,,
www.CLIENT_X.lv,Essential cookies (exempt from consent),CLIENT_X - Latvia,HTTP Cookie,AWSELB,,bench_update_duration,,https://www.CLIENT_X.com.au/a-w/about,New Third Party Trackers,,,,,
www.lighting.CLIENT_X.co.nz,Essential cookies (exempt from consent),Signify (formerly CLIENT_X Lighting),HTTP Cookie,s_sid,,bench_update_duration,TRUE,https://www.CLIENT_X.com.au/healthcare/e/sleep-and-respiratory-care/what-matters-most/our-patient-care,Existing CM Trackers-Found,,,,,
CLIENT_X.com.au,Essential cookies,CLIENT_X - Australia,HTTP Cookie,_ga_failed_lookup_marker_1_152,,0,TRUE,https://www.CLIENT_X.com.au/,Existing CM Trackers-Found,,,,,
www.CLIENT_X.fi,Essential cookies (exempt from consent),CLIENT_X - Finland,HTTP Cookie,JSESSIONID,,365,TRUE,https://www.CLIENT_X.com.au/,Existing CM Trackers-Found,,,,,
CLIENT_X.com,Essential cookies (exempt from consent),Koninklijke CLIENT_X N.V.,HTTP Cookie,da_sid,,bench_update_duration,TRUE,https://www.CLIENT_X.com.au/,Existing CM Trackers-Found,,,,,
CLIENT_X.be,Essential cookies (exempt from consent),CLIENT_X - Belgium,HTTP Cookie,s_tid,,bench_update_duration,,,Existing CM Trackers-Not Found,,,,,
www.CLIENT_X.ch,Essential cookies (exempt from consent),CLIENT_X - Switzerland,HTTP Cookie,kampylePageLoadedTimestamp,,bench_update_duration,,https://www.CLIENT_X.com.au/a-w/cookie-notice,New Third Party Trackers,,,,,
www.lighting.CLIENT_X.com.vn,Essential cookies (exempt from consent),Signify (formerly CLIENT_X Lighting),HTTP Cookie,s_int,,0,TRUE,https://www.CLIENT_X.com.au/,Existing CM Trackers-Found,,,,,
www.healthcare.shop.CLIENT_X.com.au,Essential cookies,CLIENT_X - Australia,JavaScript,_ga_failed_lookup_marker_1_158,,,,,Existing CM Trackers-Not Found,,,,,
CLIENT_X.com.qa,Essential cookies (exempt from consent),CLIENT_X - Qatar,HTTP Cookie,iadvize_test_cookie_top_domain,,session,TRUE,https://www.CLIENT_X.com.au/c-e/products.html,Existing CM Trackers-Found,,,,,
CLIENT_X.cz,Essential cookies (exempt from consent),CLIENT_X - Czech Republic,HTTP Cookie,s_eVar44,,,TRUE,https://www.CLIENT_X.com.au/c-e/hs/sleep-apnoea-therapy/getting-diagnosed.html,Existing CM Trackers-Found,,,,,
*.mktoweb.com,Targeted Advertising cookies (including social media),Marketo,Local Storage,_ga_failed_lookup_marker_1_161,,,,,Existing CM Trackers-Not Found,,,,,
CLIENT_X.com.au,Essential cookies,CLIENT_X - Australia,HTTP Cookie,bench_new_T2_294,,90,TRUE,https://www.CLIENT_X.com.au/,Existing CM Trackers-Found,,,,,
koninklijkeCLIENT_Xnvproduction2k8xfrmr.org.coveo.com,Performance cookies,Coveo Solutions Inc.,Beacon,_ga_failed_lookup_marker_1_163,,,,https://www.CLIENT_X.com.au/en-AU/about/news-and-insights/all,New Third Party Trackers,,,,,
cdnext.fynd.com,Performance Cookies [Requires consent],Fynd,ETag,-,,bench_update_duration,,,Existing CM Trackers-Not Found,,,,,
CLIENT_X.ca,Essential cookies (exempt from consent),CLIENT_X - Canada,HTTP Cookie,_scid_r,,session,TRUE,https://www.CLIENT_X.com.au/c-e/products.html,Existing CM Trackers-Found,,,,,
linkedin.com,Targeted Advertising cookies (including social media),LinkedIn,HTTP Cookie,_ga_failed_lookup_marker_1_166,,180,TRUE,https://www.CLIENT_X.com.au/c-e/ho/air-education.html,Existing CM Trackers-Found,,,,,
parts.CLIENT_X.com.au,Essential cookies,CLIENT_X - Australia,Local Storage,_ga_failed_lookup_marker_1_167,,,,,Existing CM Trackers-Not Found,,,,,
munchkin.marketo.net,Targeted Advertising cookies (including social media),Marketo,JavaScript,_ga_failed_lookup_marker_1_168,,,,,Existing CM Trackers-Not Found,,,,,
www.CLIENT_X.ro,Essential cookies (exempt from consent),CLIENT_X - Romania,HTTP Cookie,user_country,,,,,Existing CM Trackers-Not Found,,,,,
www.lighting.CLIENT_X.com.sg,Essential cookies (exempt from consent),Signify (formerly CLIENT_X Lighting),HTTP Cookie,s_sid,,bench_update_duration,TRUE,https://www.CLIENT_X.com.au/,Existing CM Trackers-Found,,,,,
youtube.com,Targeted Advertising cookies (including social media),Google Advertising Products,HTTP Cookie,bench_new_T2_236,,session,TRUE,https://www.CLIENT_X.com.au/c-e/products.html,Existing CM Trackers-Found,,,,,
CLIENT_X.com.my,Essential cookies (exempt from consent),CLIENT_X - Malaysia,HTTP Cookie,s_ugv,,session,TRUE,https://www.CLIENT_X.com.au/c-e/products.html,Existing CM Trackers-Found,,,,,
www.CLIENT_X.no,Essential cookies (exempt from consent),CLIENT_X - Norway,HTTP Cookie,kampyleUserSession,,,,https://www.CLIENT_X.com.au/c-e/shop/checkout,New Third Party Trackers,,,,,
www.CLIENT_X.com.au,Essential cookies,CLIENT_X - Australia,HTTP Cookie,_ga_failed_lookup_marker_1_174,,,,,Existing CM Trackers-Not Found,,,,,
CLIENT_X.gr,Essential cookies (exempt from consent),CLIENT_X - Greece,HTTP Cookie,at_check,,,TRUE,https://www.CLIENT_X.com.au/c-f/XC000004909/how-do-i-use-the-attachments-on-my-CLIENT_X-epilator,Existing CM Trackers-Found,,,,,
www.lighting.CLIENT_X.se,Essential cookies (exempt from consent),Signify (formerly CLIENT_X Lighting),JavaScript,blank (java),,,TRUE,https://www.CLIENT_X.com.au/c-f/XC000004909/how-do-i-use-the-attachments-on-my-CLIENT_X-epilator,Existing CM Trackers-Found,,,,,
www.conversiontool.lighting.CLIENT_X.com,Targeted Advertising cookies (including social media),Signify (formerly CLIENT_X Lighting),ETag,_ga_failed_lookup_marker_1_177,,,,,Existing CM Trackers-Not Found,,,,,
display.ugc.bazaarvoice.com,Essential cookies (exempt from consent),Bazaarvoice,Local Storage,keys,,bench_update_duration,TRUE,https://www.CLIENT_X.com.au/,Existing CM Trackers-Found,,,,,
www.googleadservices.com,Targeted Advertising cookies (including social media),Google Advertising Products,ETag,bench_new_T2_275,,,,,Existing CM Trackers-Not Found,,,,,
www.CLIENT_X.com.pe,Essential cookies (exempt from consent),CLIENT_X - Peru,HTTP Cookie,_schn3,,bench_update_duration,,,Existing CM Trackers-Not Found,,,,,
www.healthcare.shop.CLIENT_X.fr,Essential cookies (exempt from consent),CLIENT_X - France,HTTP Cookie,isBrowserPopUp,,,,,Existing CM Trackers-Not Found,,,,,
lighting.CLIENT_X.ch,Essential cookies (exempt from consent),Signify (formerly CLIENT_X Lighting),HTTP Cookie,_mkto_trk,,90,,https://www.CLIENT_X.com.au/,New First Party Trackers,,,,,
images.CLIENT_X.com,Essential cookies,Koninklijke CLIENT_X N.V.,JavaScript,_ga_failed_lookup_marker_1_183,,,TRUE,https://www.CLIENT_X.com.au/c-f/XC000012903/how-to-clean-the-insideheating-element-of-my-CLIENT_X-airfryer,Existing CM Trackers-Found,,,,,
www.CLIENT_X.it,Essential cookies (exempt from consent),CLIENT_X - Italy,HTTP Cookie,p-hc-specialty,,bench_update_duration,TRUE,https://www.CLIENT_X.com.au/,Existing CM Trackers-Found,,,,,
CLIENT_X.com.au,Performance cookies,CLIENT_X - Australia,HTTP Cookie,_ga_failed_lookup_marker_1_185,,,,,Existing CM Trackers-Not Found,,,,,
dsum-sec.casalemedia.com,Targeted Advertising cookies (including social media),Index Exchange Inc.,Beacon,_ga_failed_lookup_marker_1_186,,,,https://www.CLIENT_X.com.au/a-w/about,New Third Party Trackers,,,,,
CLIENT_X.com.tw,Essential cookies (exempt from consent),CLIENT_X - Taiwan,HTTP Cookie,mbox,,bench_update_duration,TRUE,https://www.CLIENT_X.com.au/,Existing CM Trackers-Found,,,,,
www.subscription.CLIENT_X.at,Essential cookies (exempt from consent),CLIENT_X - Austria,Local Storage,blank (local storage),,0,,,Existing CM Trackers-Not Found,,,,,
CLIENT_X.cl,Essential cookies (exempt from consent),CLIENT_X - Chile,HTTP Cookie,_clsk,,bench_update_duration,,,Existing CM Trackers-Not Found,,,,,
api.snappylabs.io,Performance Cookies [Requires consent],Snappy Labs,JavaScript,-,,bench_update_duration,TRUE,https://www.CLIENT_X.com.au/,Existing CM Trackers-Found,,,,,
CLIENT_X.rs,Essential cookies (exempt from consent),CLIENT_X - Serbia,HTTP Cookie,mboxEdgeCluster,,bench_update_duration,,,Existing CM Trackers-Not Found,,,,,
CLIENT_X.co.uk,Essential cookies (exempt from consent),CLIENT_X - United Kingdom,HTTP Cookie,_scid,,,TRUE,https://www.CLIENT_X.com.au/,Existing CM Trackers-Found,,,,,
www.CLIENT_X.bg,Essential cookies (exempt from consent),CLIENT_X - Bulgaria,HTTP Cookie,_sdsat_pgm_optin,,89,,,Existing CM Trackers-Not Found,,,,,
CLIENT_X.com.ph,Essential cookies (exempt from consent),CLIENT_X - Philippines,HTTP Cookie,_scid_r,,bench_update_duration,,,Existing CM Trackers-Not Found,,,,,
CLIENT_X.pt,Essential cookies (exempt from consent),CLIENT_X - Portugal,HTTP Cookie,s_gnr,,bench_update_duration,,,Existing CM Trackers-Not Found,,,,,
www.tienda.CLIENT_X.com.ar,Essential cookies (exempt from consent),CLIENT_X - Argentina,Local Storage,blank (local storage),,0,TRUE,https://www.CLIENT_X.com.au/,Existing CM Trackers-Found,,,,,
lighting.CLIENT_X.ro,Essential cookies (exempt from consent),Signify (formerly CLIENT_X Lighting),HTTP Cookie,_mkto_trk,,,TRUE,https://www.CLIENT_X.com.au/c-w/consumer-support/support-contact-page,Existing CM Trackers-Found,,,,,
www.lighting.CLIENT_X.nl,Essential cookies (exempt from consent),Signify (formerly CLIENT_X Lighting),HTTP Cookie,AWSELB,,0,TRUE,https://www.CLIENT_X.com.au/,Existing CM Trackers-Found,,,,,
CLIENT_X.gr,Essential cookies (exempt from consent),CLIENT_X - Greece,HTTP Cookie,da_sid,,session,TRUE,https://www.CLIENT_X.com.au/,Existing CM Trackers-Found,,,,,
CLIENT_X.com.vn,Essential cookies (exempt from consent),CLIENT_X - Vietnam,HTTP Cookie,_fbp,,0,TRUE,https://www.CLIENT_X.com.au/,Existing CM Trackers-Found,,,,,
CLIENT_X.cl,Essential cookies (exempt from consent),CLIENT_X - Chile,HTTP Cookie,s_eVar44,,bench_update_duration,,,Existing CM Trackers-Not Found,,,,,
CLIENT_Xhealth.vtexassets.com,Targeted Advertising Cookies (including social media) [Requires consent],VTEX,JavaScript,-,,bench_update_duration,,https://www.CLIENT_X.com.au/c-f/XC000021443/my-CLIENT_X-fan-makes-an-unusual-noise-when-oscillating,New Third Party Trackers,,,,,
www.CLIENT_X.com.vn,Essential cookies (exempt from consent),CLIENT_X - Vietnam,HTTP Cookie,user_country,,bench_update_duration,TRUE,https://www.CLIENT_X.com.au/c-p/BRI957_00/lumea-ipl-9000-series-ipl-hair-removal-device-with-senseiq,Existing CM Trackers-Found,,,,,
www.lighting.CLIENT_X.com.au,Essential cookies (exempt from consent),Signify (formerly CLIENT_X Lighting),HTTP Cookie,s_int,,session,,,Existing CM Trackers-Not Found,,,,,
www.youtube-nocookie.com,Preference cookies,Google Inc.,Local Storage,yt.innertube::nextId,,bench_update_duration,,https://www.CLIENT_X.com.au/,New First Party Trackers,,,,,
www.respirtech.com,Essential cookies (exempt from consent),RespirTech,HTTP Cookie,__attentive_ss_referrer,,,,,Existing CM Trackers-Not Found,,,,,
ajax.aspnetcdn.com,Targeted Advertising Cookies (including social media) [Requires consent],Microsoft,JavaScript,-,,90,TRUE,https://www.CLIENT_X.com.au/,Existing CM Trackers-Found,,,,,
CLIENT_X.co.il,Essential cookies (exempt from consent),CLIENT_X - Israel,HTTP Cookie,FPLC,,bench_update_duration,TRUE,https://www.CLIENT_X.com.au/,Existing CM Trackers-Found,,,,,
CLIENT_X.com.ph,Essential cookies (exempt from consent),CLIENT_X - Philippines,HTTP Cookie,at_check,,,,,Existing CM Trackers-Not Found,,,,,
munchkin.marketo.net,Targeted Advertising cookies (including social media),Marketo,JavaScript,bench_new_T2_373,,,,,Existing CM Trackers-Not Found,,,,,
lighting.CLIENT_X.com.pk,Essential cookies (exempt from consent),Signify (formerly CLIENT_X Lighting),HTTP Cookie,test,,bench_update_duration,TRUE,https://www.CLIENT_X.com.au/,Existing CM Trackers-Found,,,,,
CLIENT_X.co.id,Essential cookies (exempt from consent),CLIENT_X - Indonesia,HTTP Cookie,_ga,,,,https://www.CLIENT_X.com.au/c-e/pe/beauty-tips-women.html,New Third Party Trackers,,,,,
az416426.vo.msecnd.net,Performance Cookies [Requires consent],Microsoft,ETag,-,,90,,https://www.CLIENT_X.com.au/,New First Party Trackers,,,,,
CLIENT_X.com.cn,Essential cookies (exempt from consent),CLIENT_X - China,HTTP Cookie,_gcl_au,,1,TRUE,https://www.CLIENT_X.com.au/c-e/ho/air-education.html,Existing CM Trackers-Found,,,,,
www.respirtech.com,Essential cookies (exempt from consent),RespirTech,ETag,blank (etag),,,,,Existing CM Trackers-Not Found,,,,,
www.CLIENT_X.no,Essential cookies (exempt from consent),CLIENT_X - Norway,HTTP Cookie,NO_Pub-cart-com,,0,TRUE,https://www.CLIENT_X.com.au/,Existing CM Trackers-Found,,,,,
CLIENT_X.com.tr,Essential cookies (exempt from consent),CLIENT_X - Turkey,HTTP Cookie,s_cc,,396,,https://www.CLIENT_X.com.au/a-w/cookie-notice,New Third Party Trackers,,,,,
cdn-scripts.signifyd.com,Essential cookies,Signifyd,ETag,bench_new_T2_268,,,TRUE,https://www.CLIENT_X.com.au/,Existing CM Trackers-Found,,,,,
www.CLIENT_X.bg,Essential cookies (exempt from consent),CLIENT_X - Bulgaria,HTTP Cookie,kampylePageLoadedTimestamp,,session,,,Existing CM Trackers-Not Found,,,,,
lighting.CLIENT_X.com.pk,Essential cookies (exempt from consent),Signify (formerly CLIENT_X Lighting),HTTP Cookie,s_ppv,,,,,Existing CM Trackers-Not Found,,,,,
www.lighting.CLIENT_X.lt,Essential cookies (exempt from consent),Signify (formerly CLIENT_X Lighting),HTTP Cookie,customer_country,,1,TRUE,https://www.CLIENT_X.com.au/c-e/ho/air-education.html,Existing CM Trackers-Found,,,,,
recaptcha.net,Performance cookies,Google Inc.,Local Storage,bench_new_T2_319,,,,,Existing CM Trackers-Not Found,,,,,
t.tailtarget.com,Targeted Advertising Cookies (including social media) [Requires consent],Tail Target,Beacon,-,,,,,Existing CM Trackers-Not Found,,,,,
www.CLIENT_X.com.mx,Essential cookies (exempt from consent),CLIENT_X - Mexico,HTTP Cookie,mdLogger,,400,TRUE,https://www.CLIENT_X.com.au/,Existing CM Trackers-Found,,,,,
www.CLIENT_X.hr,Essential cookies (exempt from consent),CLIENT_X - Croatia,HTTP Cookie,kampylePageLoadedTimestamp,,,,,Existing CM Trackers-Not Found,,,,,
syndi.webcollage.net,Targeted Advertising Cookies (including social media) [Requires consent],Syndigo (formerly Webcollage),ETag,-,,bench_update_duration,,,Existing CM Trackers-Not Found,,,,,
www.lighting.CLIENT_X.nl,Essential cookies (exempt from consent),Signify (formerly CLIENT_X Lighting),HTTP Cookie,s_mc,,,TRUE,https://www.CLIENT_X.com.au/c-m-pe/toothbrush-heads/latest,Existing CM Trackers-Found,,,,,
www.CLIENT_X.hu,Essential cookies (exempt from consent),CLIENT_X - Hungary,JavaScript,blank (java),,bench_update_duration,,https://www.CLIENT_X.com.au/healthcare/e/sleep-and-respiratory-care/what-matters-most/our-patient-care,New Third Party Trackers,,,,,
CLIENT_X.hu,Essential cookies (exempt from consent),CLIENT_X - Hungary,HTTP Cookie,test,,bench_update_duration,TRUE,https://www.CLIENT_X.com.au/,Existing CM Trackers-Found,,,,,
CLIENT_X.ng,Essential cookies (exempt from consent),CLIENT_X - Nigeria,HTTP Cookie,_hjTLDTest,,,TRUE,https://www.CLIENT_X.com.au/c-f/XC000012903/how-to-clean-the-insideheating-element-of-my-CLIENT_X-airfryer,Existing CM Trackers-Found,,,,,
www.CLIENT_X.com.br,Essential cookies (exempt from consent),CLIENT_X - Brazil,HTTP Cookie,kampyleUserPercentile,,bench_update_duration,,,Existing CM Trackers-Not Found,,,,,
www.CLIENT_X.com.ph,Essential cookies (exempt from consent),CLIENT_X - Philippines,HTTP Cookie,eddl_gtm_qe_session_start_6523424625,,bench_update_duration,,,Existing CM Trackers-Not Found,,,,,
pi.pardot.com,Targeted Advertising Cookies (including social media) [Requires consent],Pardot,ETag,-,,bench_update_duration,TRUE,https://www.CLIENT_X.com.au/,Existing CM Trackers-Found,,,,,
stg.CLIENT_X.co.id,Essential cookies (exempt from consent),CLIENT_X - Indonesia,HTTP Cookie,kampyleUserSession,,,,,Existing CM Trackers-Not Found,,,,,
CLIENT_X.com.br,Essential cookies (exempt from consent),CLIENT_X - Brazil,HTTP Cookie,zScalerUser,,,,,Existing CM Trackers-Not Found,,,,,
www.CLIENT_X.com.sg,Essential cookies (exempt from consent),CLIENT_X - Singapore,HTTP Cookie,ws-id,,bench_update_duration,TRUE,https://www.CLIENT_X.com.au/,Existing CM Trackers-Found,,,,,
lighting.CLIENT_X.co.nz,Essential cookies (exempt from consent),Signify (formerly CLIENT_X Lighting),HTTP Cookie,s_nr30,,bench_update_duration,,,Existing CM Trackers-Not Found,,,,,
CLIENT_X.hr,Essential cookies (exempt from consent),CLIENT_X - Croatia,HTTP Cookie,zScalerUser,,bench_update_duration,TRUE,https://www.CLIENT_X.com.au/,Existing CM Trackers-Found,,,,,
smetrics.marketing.lighting.CLIENT_X.com,Targeted Advertising cookies (including social media),Koninklijke CLIENT_X N.V.,JavaScript,bench_new_T2_278,,,,,Existing CM Trackers-Not Found,,,,,
www.healthcare.shop.CLIENT_X.co.uk,Essential cookies (exempt from consent),CLIENT_X - United Kingdom,HTTP Cookie,isBrowserPopUp,,bench_update_duration,,,Existing CM Trackers-Not Found,,,,,
CLIENT_X.ae,Essential cookies (exempt from consent),CLIENT_X - Middle East Arab,HTTP Cookie,_tt_enable_cookie,,,,,Existing CM Trackers-Not Found,,,,,
www.gwarancjaksenon.CLIENT_X.pl,Essential cookies (exempt from consent),CLIENT_X - Poland,HTTP Cookie,AWSALBCORS,,89,,https://www.CLIENT_X.com.au/,New First Party Trackers,,,,,
CLIENT_Xb2c.file.force.com,Essential cookies,"Salesforce.com, Inc.",HTTP Cookie,_ga_failed_lookup_marker_1_243,,,,,Existing CM Trackers-Not Found,,,,,
CLIENT_X.com.br,Essential cookies (exempt from consent),CLIENT_X - Brazil,HTTP Cookie,_kdt,,bench_update_duration,,,Existing CM Trackers-Not Found,,,,,
CLIENT_X.cz,Essential cookies (exempt from consent),CLIENT_X - Czech Republic,HTTP Cookie,_schn1,,,TRUE,https://www.CLIENT_X.com.au/,Existing CM Trackers-Found,,,,,
CLIENT_X.lt,Essential cookies (exempt from consent),CLIENT_X - Lithuania,HTTP Cookie,_gid,,,TRUE,https://www.CLIENT_X.com.au/c-w/consumer-support/support-contact-page,Existing CM Trackers-Found,,,,,
CLIENT_X.ee,Essential cookies (exempt from consent),CLIENT_X - Republic of Estonia,HTTP Cookie,com.adobe.alloy.getTld,,,,,Existing CM Trackers-Not Found,,,,,
lighting.CLIENT_X.com.tw,Essential cookies (exempt from consent),Signify (formerly CLIENT_X Lighting),HTTP Cookie,s_sid,,,,,Existing CM Trackers-Not Found,,,,,
www.CLIENT_X.jo,Essential cookies (exempt from consent),CLIENT_X - Jordan,HTTP Cookie,liveagent_vc,,,,,Existing CM Trackers-Not Found,,,,,
CLIENT_X.ma,Essential cookies (exempt from consent),CLIENT_X - Morocco,HTTP Cookie,TAsessionID,,,TRUE,https://www.CLIENT_X.com.au/c-e/ho/air-education.html,Existing CM Trackers-Found,,,,,
www.CLIENT_X.com.ar,Essential cookies (exempt from consent),CLIENT_X - Argentina,HTTP Cookie,user_country,,89,,https://www.CLIENT_X.com.au/c-f/XC000021443/my-CLIENT_X-fan-makes-an-unusual-noise-when-oscillating,New Third Party Trackers,,,,,
www.CLIENT_X.de,Essential cookies (exempt from consent),CLIENT_X - Germany,HTTP Cookie,T01-recentlyViewedProducts,,,TRUE,https://www.CLIENT_X.com.au/c-e/ho/watercare/countertop-water-stations.html,Existing CM Trackers-Found,,,,,
www.CLIENT_X.at,Essential cookies (exempt from consent),CLIENT_X - Austria,Local Storage,blank (local storage),,bench_update_duration,TRUE,https://www.CLIENT_X.com.au/,Existing CM Trackers-Found,,,,,
CLIENT_X.sa,Essential cookies (exempt from consent),CLIENT_X - Kingdom of Saudi Arabia,HTTP Cookie,s_eVar8,,bench_update_duration,,https://www.CLIENT_X.com.au/,New First Party Trackers,,,,,
consent-pref.trustarc.com,Essential cookies,TrustArc,JavaScript,bench_new_T2_356,,,TRUE,https://www.CLIENT_X.com.au/c-w/product-registration/coffee-fathers-day-promotion,Existing CM Trackers-Found,,,,,
lighting.CLIENT_X.com.tw,Essential cookies (exempt from consent),Signify (formerly CLIENT_X Lighting),HTTP Cookie,s_ppvl,,bench_update_duration,,,Existing CM Trackers-Not Found,,,,,
CLIENT_X.bg,Essential cookies (exempt from consent),CLIENT_X - Bulgaria,HTTP Cookie,s_eVar8,,0,,,Existing CM Trackers-Not Found,,,,,
login.cn.janrain.biz,Performance Cookies [Requires consent],Akamai,ETag,-,,,,,Existing CM Trackers-Not Found,,,,,
CLIENT_X.com.ar,Essential cookies (exempt from consent),CLIENT_X - Argentina,HTTP Cookie,biggy-session-tccommercear,,bench_update_duration,,,Existing CM Trackers-Not Found,,,,,
CLIENT_X.co.id,Essential cookies (exempt from consent),CLIENT_X - Indonesia,HTTP Cookie,_gcl_au,,session,TRUE,https://www.CLIENT_X.com.au/,Existing CM Trackers-Found,,,,,
koninklijkeCLIENT_Xnvproduction2k8xfrmr.org.coveo.com,Performance cookies,Coveo Solutions Inc.,Beacon,_ga_failed_lookup_marker_1_261,,,,https://www.CLIENT_X.com.au/en-AU/about/news-and-insights/all,New Third Party Trackers,,,,,
www.CLIENT_X.si,Essential cookies (exempt from consent),CLIENT_X - Slovenia,HTTP Cookie,notice_settings,,bench_update_duration,,,Existing CM Trackers-Not Found,,,,,
www.CLIENT_X.lt,Essential cookies (exempt from consent),CLIENT_X - Lithuania,HTTP Cookie,kampyleUserPercentile,,bench_update_duration,,,Existing CM Trackers-Not Found,,,,,
lighting.CLIENT_X.com.tr,Essential cookies (exempt from consent),Signify (formerly CLIENT_X Lighting),HTTP Cookie,s_pv,,bench_update_duration,,,Existing CM Trackers-Not Found,,,,,
www.CLIENT_X.com.hk,Essential cookies (exempt from consent),CLIENT_X - Hong Kong,HTTP Cookie,T01-recentlyViewedProducts,,,,,Existing CM Trackers-Not Found,,,,,
www.CLIENT_X.com.cn,Essential cookies (exempt from consent),CLIENT_X - China,HTTP Cookie,eddl_etc_list,,,TRUE,https://www.CLIENT_X.com.au/c-w/consumer-support/support-contact-page,Existing CM Trackers-Found,,,,,
lighting.CLIENT_X.be,Essential cookies (exempt from consent),Signify (formerly CLIENT_X Lighting),HTTP Cookie,com.adobe.alloy.getTld,,bench_update_duration,,,Existing CM Trackers-Not Found,,,,,
CLIENT_X.com.au,Essential cookies,CLIENT_X - Australia,HTTP Cookie,bench_new_T2_328,,90,,https://www.CLIENT_X.com.au/,New First Party Trackers,,,,,
CLIENT_X.com.kw,Essential cookies (exempt from consent),CLIENT_X - Kuwait,HTTP Cookie,s_cm,,bench_update_duration,,,Existing CM Trackers-Not Found,,,,,
CLIENT_X.com.co,Essential cookies (exempt from consent),CLIENT_X - Colombia,HTTP Cookie,s_gnr,,bench_update_duration,TRUE,https://www.CLIENT_X.com.au/,Existing CM Trackers-Found,,,,,
CLIENT_X.dk,Essential cookies (exempt from consent),CLIENT_X - Denmark,HTTP Cookie,_gid,,bench_update_duration,TRUE,https://www.CLIENT_X.com.au/c-e/products.html,Existing CM Trackers-Found,,,,,
CLIENT_X.com,Essential cookies (exempt from consent),Koninklijke CLIENT_X N.V.,HTTP Cookie,_scid_r,,,,,Existing CM Trackers-Not Found,,,,,
www.lighting.CLIENT_X.ro,Essential cookies (exempt from consent),Signify (formerly CLIENT_X Lighting),Local Storage,blank (local storage),,bench_update_duration,,,Existing CM Trackers-Not Found,,,,,
CLIENT_X.dk,Essential cookies (exempt from consent),CLIENT_X - Denmark,HTTP Cookie,TAsessionID,,bench_update_duration,,,Existing CM Trackers-Not Found,,,,,
checkout.tabby.ai,Performance Cookies [Requires consent],tabby.ai,JavaScript,-,,bench_update_duration,,,Existing CM Trackers-Not Found,,,,,
*.t.eloqua.com,Targeted Advertising cookies (including social media),Oracle Marketing,Beacon,_ga_failed_lookup_marker_1_276,,,,https://www.CLIENT_X.com.au/healthcare/e/sleep-and-respiratory-care/what-matters-most/our-patient-care,Existing CM Trackers-Found,,,,,
CLIENT_X.no,Essential cookies (exempt from consent),CLIENT_X - Norway,HTTP Cookie,_tt_enable_cookie,,,,,Existing CM Trackers-Not Found,,,,,
consent.trustarc.com,Essential cookies,TrustArc,Beacon,_ga_failed_lookup_marker_1_278,,,TRUE,https://www.CLIENT_X.com.au/,Existing CM Trackers-Found,,,,,
CLIENT_X.es,Essential cookies (exempt from consent),CLIENT_X - Spain,HTTP Cookie,TEST_AMCV_COOKIE,,0,,https://www.CLIENT_X.com.au/,New First Party Trackers,,,,,
CLIENT_X.com.co,Essential cookies (exempt from consent),CLIENT_X - Colombia,HTTP Cookie,s_eVar8,,bench_update_duration,TRUE,https://www.CLIENT_X.com.au/,Existing CM Trackers-Found,,,,,
tag.demandbase.com,Targeted Advertising cookies (including social media),"Demandbase, Inc.",ETag,_ga_failed_lookup_marker_1_281,,,,https://www.CLIENT_X.com.au/a-w/about,New Third Party Trackers,,,,,
CLIENT_X.de,Essential cookies (exempt from consent),CLIENT_X - Germany,HTTP Cookie,_scid,,,,,Existing CM Trackers-Not Found,,,,,
CLIENT_X.ro,Essential cookies (exempt from consent),CLIENT_X - Romania,HTTP Cookie,com.adobe.alloy.getTld,,0,TRUE,https://www.CLIENT_X.com.au/,Existing CM Trackers-Found,,,,,
www.lighting.CLIENT_X.com.vn,Essential cookies (exempt from consent),Signify (formerly CLIENT_X Lighting),HTTP Cookie,s_mc,,bench_update_duration,,,Existing CM Trackers-Not Found,,,,,
www.CLIENT_X.co.uk,Essential cookies (exempt from consent),CLIENT_X - United Kingdom,HTTP Cookie,mdLogger,,,,,Existing CM Trackers-Not Found,,,,,
wdh01.azureedge.net,Performance Cookies [Requires consent],Microsoft,ETag,-,,,,https://www.CLIENT_X.com.au/,New Third Party Trackers,,,,,
www.CLIENT_X.ca,Essential cookies (exempt from consent),CLIENT_X - Canada,HTTP Cookie,liveagent_oref,,,,,Existing CM Trackers-Not Found,,,,,
www.tienda.CLIENT_X.com.mx,Essential cookies (exempt from consent),CLIENT_X - Mexico,HTTP Cookie,VtexRCMacIdv7,,bench_update_duration,,,Existing CM Trackers-Not Found,,,,,
www.CLIENT_X.pt,Essential cookies (exempt from consent),CLIENT_X - Portugal,HTTP Cookie,JSESSIONID,,bench_update_duration,,,Existing CM Trackers-Not Found,,,,,
www.CLIENT_X.com.au,Essential cookies (exempt from consent),CLIENT_X - Australia,HTTP Cookie,kampyleSessionPageCounter,,0,,,Existing CM Trackers-Not Found,,,,,
www.CLIENT_X.com.my,Essential cookies (exempt from consent),CLIENT_X - Malaysia,HTTP Cookie,T01-recentlyViewedProducts,,bench_update_duration,,,Existing CM Trackers-Not Found,,,,,
hearingsolutions.CLIENT_X.com.cn,Essential cookies (exempt from consent),CLIENT_X - China,HTTP Cookie,cuvon,,,,https://www.CLIENT_X.com.au/a-w/about,New Third Party Trackers,,,,,
CLIENT_X.co.th,Essential cookies (exempt from consent),CLIENT_X - Thailand,HTTP Cookie,s_ugv,,bench_update_duration,,,Existing CM Trackers-Not Found,,,,,
CLIENT_X.co.za,Essential cookies (exempt from consent),CLIENT_X - South Africa,HTTP Cookie,s_cm_direct,,bench_update_duration,,,Existing CM Trackers-Not Found,,,,,
scripts.demandbase.com,Targeted Advertising Cookies (including social media) [Requires consent],"Demandbase, Inc.",JavaScript,-,,,,,Existing CM Trackers-Not Found,,,,,
CLIENT_X.com.mx,Essential cookies (exempt from consent),CLIENT_X - Mexico,HTTP Cookie,TEST_AMCV_COOKIE,,bench_update_duration,,,Existing CM Trackers-Not Found,,,,,
www.artfut.com,Targeted Advertising Cookies (including social media) [Requires consent],Admitad GmbH,ETag,-,,bench_update_duration,TRUE,https://www.CLIENT_X.com.au/c-w/product-registration/coffee-fathers-day-promotion,Existing CM Trackers-Found,,,,,
www.CLIENT_X.com.au,Essential cookies,CLIENT_X - Australia,HTTP Cookie,bench_new_T2_247,,365,TRUE,https://www.CLIENT_X.com.au/,Existing CM Trackers-Found,,,,,
www.centralamerica.CLIENT_X.com,Essential cookies (exempt from consent),Koninklijke CLIENT_X N.V.,HTTP Cookie,p-hc-specialty,,,,,Existing CM Trackers-Not Found,,,,,
www.lighting.CLIENT_X.fi,Essential cookies (exempt from consent),Signify (formerly CLIENT_X Lighting),HTTP Cookie,AWSELBCORS,,0,TRUE,https://www.CLIENT_X.com.au/,Existing CM Trackers-Found,,,,,
www.CLIENT_X.com.vn,Essential cookies (exempt from consent),CLIENT_X - Vietnam,HTTP Cookie,fl_qualified_entry,,session,TRUE,https://www.CLIENT_X.com.au/,Existing CM Trackers-Found,,,,,
CLIENT_X.com.vn,Essential cookies (exempt from consent),CLIENT_X - Vietnam,HTTP Cookie,at_check,,,,,Existing CM Trackers-Not Found,,,,,
lighting.CLIENT_X.co.kr,Essential cookies (exempt from consent),Signify (formerly CLIENT_X Lighting),HTTP Cookie,s_nr,,,,,Existing CM Trackers-Not Found,,,,,
www.patientcare.shop.CLIENT_X.com.sg,Essential cookies (exempt from consent),CLIENT_X - Singapore,HTTP Cookie,fl_qualified_entry,,bench_update_duration,TRUE,https://www.CLIENT_X.com.au/,Existing CM Trackers-Found,,,,,
acdn.adnxs.com,Performance cookies,"Xandr, Inc.",JavaScript,bench_new_T2_240,,,,https://www.CLIENT_X.com.au/c-e/pe/beauty-tips-women.html,New Third Party Trackers,,,,,
cdn.jsdelivr.net,Performance cookies,Volentio JSD Limited,JavaScript,bench_new_T2_365,,,,,Existing CM Trackers-Not Found,,,,,
CLIENT_X.com.br,Essential cookies (exempt from consent),CLIENT_X - Brazil,HTTP Cookie,_gdXXX,,session,,,Existing CM Trackers-Not Found,,,,,
www.CLIENT_X.com.mx,Essential cookies (exempt from consent),CLIENT_X - Mexico,JavaScript,blank (java),,,TRUE,https://www.CLIENT_X.com.au/,Existing CM Trackers-Found,,,,,
www.CLIENT_X.jo,Essential cookies (exempt from consent),CLIENT_X - Jordan,HTTP Cookie,kampyleUserSession,,bench_update_duration,TRUE,https://www.CLIENT_X.com.au/c-w/product-registration/coffee-fathers-day-promotion,Existing CM Trackers-Found,,,,,
www.lighting.CLIENT_X.se,Essential cookies (exempt from consent),Signify (formerly CLIENT_X Lighting),ETag,blank (etag),,,,https://www.CLIENT_X.com.au/c-f/XC000017093/how-to-clean-and-maintain-my-lor-barista-coffee-machine,New Third Party Trackers,,,,,
consent.trustarc.com,Essential cookies,TrustArc,JavaScript,bench_new_T2_298,,,TRUE,https://www.CLIENT_X.com.au/,Existing CM Trackers-Found,,,,,
pages.information.signify.com,Performance cookies,Signify (formerly CLIENT_X Lighting),JavaScript,_ga_failed_lookup_marker_1_312,,,,,Existing CM Trackers-Not Found,,,,,
CLIENT_X.bg,Essential cookies (exempt from consent),CLIENT_X - Bulgaria,HTTP Cookie,s_ugv,,session,TRUE,https://www.CLIENT_X.com.au/,Existing CM Trackers-Found,,,,,
www.recaptcha.net,Performance cookies,Google Inc.,JavaScript,bench_new_T2_314,,,,,Existing CM Trackers-Not Found,,,,,
www.subscription.CLIENT_X.cz,Essential cookies (exempt from consent),CLIENT_X - Czech Republic,HTTP Cookie,eddl_gtm_qe_session_start_6523424625,,400,TRUE,https://www.CLIENT_X.com.au/,Existing CM Trackers-Found,,,,,
CLIENT_X.pl,Essential cookies (exempt from consent),CLIENT_X - Poland,HTTP Cookie,s_pv,,89,,https://www.CLIENT_X.com.au/,New First Party Trackers,,,,,
CLIENT_X.ch,Essential cookies (exempt from consent),CLIENT_X - Switzerland,HTTP Cookie,test,,,,,Existing CM Trackers-Not Found,,,,,
nebula-cdn.kampyle.com,Performance cookies,Medallia,JavaScript,bench_new_T2_251,,,TRUE,https://www.CLIENT_X.com.au/,Existing CM Trackers-Found,,,,,
s334834414.t.eloqua.com,Performance cookies,Oracle Marketing,Beacon,_ga_failed_lookup_marker_1_319,,,,https://www.CLIENT_X.com.au/healthcare/e/sleep-and-respiratory-care/what-matters-most/our-patient-care,New Third Party Trackers,,,,,
www.lighting.CLIENT_X.ma,Essential cookies (exempt from consent),Signify (formerly CLIENT_X Lighting),HTTP Cookie,s_sid,,bench_update_duration,,https://www.CLIENT_X.com.au/,New First Party Trackers,,,,,
www.lighting.CLIENT_X.com.au,Essential cookies (exempt from consent),Signify (formerly CLIENT_X Lighting),HTTP Cookie,AWSELB,,bench_update_duration,TRUE,https://www.CLIENT_X.com.au/c-w/product-registration/coffee-fathers-day-promotion,Existing CM Trackers-Found,,,,,
i.k-analytix.com,Targeted Advertising Cookies (including social media) [Requires consent],Konduto,ETag,-,,bench_update_duration,,,Existing CM Trackers-Not Found,,,,,
www.CLIENT_X.co.ke,Essential cookies (exempt from consent),CLIENT_X - Kenya,JavaScript,blank (java),,,,https://www.CLIENT_X.com.au/healthcare/e/sleep-and-respiratory-care/what-matters-most/our-patient-care,Existing CM Trackers-Found,,,,,
www.centralamerica.CLIENT_X.com,Essential cookies (exempt from consent),Koninklijke CLIENT_X N.V.,HTTP Cookie,liveagent_vc,,,TRUE,https://www.CLIENT_X.com.au/,Existing CM Trackers-Found,,,,,
CLIENT_X.com.vn,Essential cookies (exempt from consent),CLIENT_X - Vietnam,HTTP Cookie,_scid_r,,,,,Existing CM Trackers-Not Found,,,,,
CLIENT_X.cz,Essential cookies (exempt from consent),CLIENT_X - Czech Republic,HTTP Cookie,_gdXXX,,bench_update_duration,TRUE,https://www.CLIENT_X.com.au/,Existing CM Trackers-Found,,,,,
parts.CLIENT_X.com.au,Essential cookies,CLIENT_X - Australia,Local Storage,_ga_failed_lookup_marker_1_327,,,,,Existing CM Trackers-Not Found,,,,,
CLIENT_X.com.tw,Essential cookies (exempt from consent),CLIENT_X - Taiwan,HTTP Cookie,_gcl_au,,bench_update_duration,,,Existing CM Trackers-Not Found,,,,,
tracker-detail-page.trustarc.com,Essential cookies,TrustArc,JavaScript,bench_new_T2_398,,,,https://www.CLIENT_X.com.au/a-w/cookie-notice,New Third Party Trackers,,,,,
acc.usa.CLIENT_X.com,Essential cookies (exempt from consent),Koninklijke CLIENT_X N.V.,HTTP Cookie,US_Pub-cartstatus-com,,bench_update_duration,TRUE,https://www.CLIENT_X.com.au/,Existing CM Trackers-Found,,,,,
www.CLIENT_X.sa,Essential cookies (exempt from consent),CLIENT_X - Kingdom of Saudi Arabia,HTTP Cookie,eddl_itc_list,,,TRUE,https://www.CLIENT_X.com.au/c-e/hs/sleep-apnoea-therapy/getting-diagnosed.html,Existing CM Trackers-Found,,,,,
CLIENT_X.bg,Essential cookies (exempt from consent),CLIENT_X - Bulgaria,HTTP Cookie,_fbp,,bench_update_duration,,https://www.CLIENT_X.com.au/healthcare,New Third Party Trackers,,,,,
www.lighting.CLIENT_X.com.sg,Essential cookies (exempt from consent),Signify (formerly CLIENT_X Lighting),Local Storage,blank (local storage),,,,,Existing CM Trackers-Not Found,,,,,
t.adx.opera.com,Targeted Advertising Cookies (including social media) [Requires consent],Opera Software Ireland Limited,Beacon,-,,bench_update_duration,,https://www.CLIENT_X.com.au/healthcare/e/sleep-and-respiratory-care/what-matters-most/our-patient-care,Existing CM Trackers-Found,,,,,
dev.CLIENT_X.com.mx,Essential cookies (exempt from consent),CLIENT_X - Mexico,HTTP Cookie,AWSELB,,bench_update_duration,,,Existing CM Trackers-Not Found,,,,,
www.patientcare.shop.CLIENT_X.co.in,Essential cookies (exempt from consent),CLIENT_X - India,ETag,blank (etag),,,,,Existing CM Trackers-Not Found,,,,,
www.tienda.CLIENT_X.com.ar,Essential cookies (exempt from consent),CLIENT_X - Argentina,ETag,blank (etag),,bench_update_duration,,,Existing CM Trackers-Not Found,,,,,
imgs.signifyd.com,Essential cookies,Signifyd,JavaScript,_ga_failed_lookup_marker_1_338,,,TRUE,https://www.CLIENT_X.com.au/c-p/HH1423_00,Existing CM Trackers-Found,,,,,
CLIENT_X.co.ke,Essential cookies (exempt from consent),CLIENT_X - Kenya,HTTP Cookie,FPLC,,bench_update_duration,,,Existing CM Trackers-Not Found,,,,,
www.healthcare.shop.CLIENT_X.com.au,Essential cookies,CLIENT_X - Australia,HTTP Cookie,bench_new_T2_219,,,,,Existing CM Trackers-Not Found,,,,,
www.lighting.CLIENT_X.ie,Essential cookies (exempt from consent),Signify (formerly CLIENT_X Lighting),HTTP Cookie,customer_country,,,,,Existing CM Trackers-Not Found,,,,,
idash.ifcshop.net,Targeted Advertising Cookies (including social media) [Requires consent],Unknown,Beacon,-,,,TRUE,https://www.CLIENT_X.com.au/,Existing CM Trackers-Found,,,,,
CLIENT_X.hr,Essential cookies (exempt from consent),CLIENT_X - Croatia,HTTP Cookie,s_gnr,,bench_update_duration,,,Existing CM Trackers-Not Found,,,,,
CLIENT_X.com.tr,Essential cookies (exempt from consent),CLIENT_X - Turkey,HTTP Cookie,s_pv,,bench_update_duration,TRUE,https://www.CLIENT_X.com.au/c-e/ho/air-education.html,Existing CM Trackers-Found,,,,,
static.hotjar.com,Performance cookies,Hotjar,JavaScript,bench_new_T2_332,,,,,Existing CM Trackers-Not Found,,,,,
www.static.accounts.CLIENT_X.com,Essential cookies,Koninklijke CLIENT_X N.V.,JavaScript,bench_new_T2_233,,,,,Existing CM Trackers-Not Found,,,,,
CLIENT_X.it,Essential cookies (exempt from consent),CLIENT_X - Italy,HTTP Cookie,TEST_AMCV_COOKIE_WRITE,,bench_update_duration,,,Existing CM Trackers-Not Found,,,,,
www.domesticappliances.CLIENT_X.co.in,Essential cookies (exempt from consent),CLIENT_X - India,HTTP Cookie,currency,,365,TRUE,https://www.CLIENT_X.com.au/,Existing CM Trackers-Found,,,,,
CLIENT_X.com.au,Essential cookies (exempt from consent),CLIENT_X - Australia,HTTP Cookie,_scid_r,,729,,,Existing CM Trackers-Not Found,,,,,
www.lighting.CLIENT_X.se,Essential cookies (exempt from consent),Signify (formerly CLIENT_X Lighting),HTTP Cookie,CLIENT_X,,0,,https://www.CLIENT_X.com.au/,New First Party Trackers,,,,,
*.mktoweb.com,Targeted Advertising cookies (including social media),Marketo,HTTP Cookie,bench_new_T2_302,,,,,Existing CM Trackers-Not Found,,,,,
www.lighting.CLIENT_X.co.jp,Essential cookies (exempt from consent),Signify (formerly CLIENT_X Lighting),JavaScript,blank (java),,bench_update_duration,,https://www.CLIENT_X.com.au/healthcare,New Third Party Trackers,,,,,
assets.adobedtm.com,Performance cookies,Adobe Inc.,JavaScript,bench_new_T2_361,,,TRUE,https://www.CLIENT_X.com.au/shop/order-search/search-input,Existing CM Trackers-Found,,,,,
CLIENT_X.com.pe,Essential cookies (exempt from consent),CLIENT_X - Peru,HTTP Cookie,zScalerUser,,,,https://www.CLIENT_X.com.au/healthcare/solutions/sleep-and-respiratory-care/sleep-therapy-software/sleep-therapy-software,New Third Party Trackers,,,,,
smetrics.marketing.lighting.CLIENT_X.ca,Essential cookies (exempt from consent),CLIENT_X - Canada,JavaScript,blank (java),,bench_update_duration,TRUE,https://www.CLIENT_X.com.au/a-w/about,Existing CM Trackers-Found,,,,,
6417571.fls.doubleclick.net,Targeted Advertising Cookies (including social media) [Requires consent],Google Advertising Products,Beacon,-,,390,TRUE,https://www.CLIENT_X.com.au/,Existing CM Trackers-Found,,,,,
respirtech.com,Essential cookies (exempt from consent),RespirTech,HTTP Cookie,s_nrpv,,,TRUE,https://www.CLIENT_X.com.au/c-e/hs/sleep-apnoea-therapy/getting-diagnosed.html,Existing CM Trackers-Found,,,,,
www.supurgesepeti.com,Essential cookies (exempt from consent),Supurgesepeti.com,HTTP Cookie,SonZiyaretEdilenUrunler,,0,TRUE,https://www.CLIENT_X.com.au/,Existing CM Trackers-Found,,,,,
CLIENT_X.co.za,Essential cookies (exempt from consent),CLIENT_X - South Africa,HTTP Cookie,at_check,,bench_update_duration,TRUE,https://www.CLIENT_X.com.au/c-p/BRI957_00/lumea-ipl-9000-series-ipl-hair-removal-device-with-senseiq,Existing CM Trackers-Found,,,,,
media.flixcar.com,Targeted Advertising Cookies (including social media) [Requires consent],Flixmedia,JavaScript,-,,bench_update_duration,,,Existing CM Trackers-Not Found,,,,,
CLIENT_X.com.gh,Essential cookies (exempt from consent),CLIENT_X - Ghana,HTTP Cookie,s_cm_direct,,,,,Existing CM Trackers-Not Found,,,,,
CLIENT_X.ua,Essential cookies (exempt from consent),CLIENT_X - Ukraine,HTTP Cookie,internalUserCheck,,bench_update_duration,TRUE,https://www.CLIENT_X.com.au/,Existing CM Trackers-Found,,,,,
www.lighting.CLIENT_X.com.br,Essential cookies (exempt from consent),Signify (formerly CLIENT_X Lighting),HTTP Cookie,AWSELBCORS,,0,,,Existing CM Trackers-Not Found,,,,,
snapchat.com,Targeted Advertising cookies (including social media),Snap Inc.,HTTP Cookie,_ga_failed_lookup_marker_1_364,,390,TRUE,https://www.CLIENT_X.com.au/c-e/ho/air-education.html,Existing CM Trackers-Found,,,,,
CLIENT_X.se,Essential cookies (exempt from consent),CLIENT_X - Sweden,HTTP Cookie,notice_behavior,,bench_update_duration,TRUE,https://www.CLIENT_X.com.au/,Existing CM Trackers-Found,,,,,
www.centralamerica.CLIENT_X.com,Essential cookies (exempt from consent),Koninklijke CLIENT_X N.V.,HTTP Cookie,kampyleSessionPageCounter,,bench_update_duration,TRUE,https://www.CLIENT_X.com.au/,Existing CM Trackers-Found,,,,,
www.gearselectiontool.lighting.CLIENT_X.com,Performance cookies,Signify (formerly CLIENT_X Lighting),JavaScript,_ga_failed_lookup_marker_1_367,,,,,Existing CM Trackers-Not Found,,,,,
www.youtube-nocookie.com,Preference cookies,Google Inc.,Local Storage,yt-player-bandwidth,,bench_update_duration,,,Existing CM Trackers-Not Found,,,,,
lighting.CLIENT_X.com.sg,Essential cookies (exempt from consent),Signify (formerly CLIENT_X Lighting),HTTP Cookie,s_cc,,session,,https://www.CLIENT_X.com.au/,New First Party Trackers,,,,,
CLIENT_X.co.uk,Essential cookies (exempt from consent),CLIENT_X - United Kingdom,HTTP Cookie,s_eVar8,,bench_update_duration,,,Existing CM Trackers-Not Found,,,,,
koninklijkeCLIENT_Xnvproduction2k8xfrmr.analytics.org.coveo.com,Performance cookies,Coveo Solutions Inc.,Beacon,_ga_failed_lookup_marker_1_371,,,TRUE,https://www.CLIENT_X.com.au/c-p/DE3306_71/series-3000,Existing CM Trackers-Found,,,,,
www.CLIENT_X.jo,Essential cookies (exempt from consent),CLIENT_X - Jordan,HTTP Cookie,mdLogger,,bench_update_duration,TRUE,https://www.CLIENT_X.com.au/,Existing CM Trackers-Found,,,,,
www.google.ie,Targeted Advertising cookies (including social media),Google Inc.,Beacon,_ga_failed_lookup_marker_1_373,,,TRUE,https://www.CLIENT_X.com.au/,Existing CM Trackers-Found,,,,,
www.podbean.com,Performance cookies,Podbean,ETag,_ga_failed_lookup_marker_1_374,,,,,Existing CM Trackers-Not Found,,,,,
www.CLIENT_X.no,Essential cookies (exempt from consent),CLIENT_X - Norway,HTTP Cookie,user_country,,0,TRUE,https://www.CLIENT_X.com.au/,Existing CM Trackers-Found,,,,,
www.lighting.CLIENT_X.com.pe,Essential cookies (exempt from consent),Signify (formerly CLIENT_X Lighting),HTTP Cookie,d01-layout,,,,,Existing CM Trackers-Not Found,,,,,
www.healthcare.shop.CLIENT_X.nl,Essential cookies (exempt from consent),CLIENT_X - Netherlands,JavaScript,blank (java),,bench_update_duration,,,Existing CM Trackers-Not Found,,,,,
CLIENT_X.com.pe,Essential cookies (exempt from consent),CLIENT_X - Peru,HTTP Cookie,_gcl_au,,session,,https://www.CLIENT_X.com.au/,New First Party Trackers,,,,,
www.healthcare.shop.CLIENT_X.co.uk,Essential cookies (exempt from consent),CLIENT_X - United Kingdom,HTTP Cookie,kampyleUserSessionsCount,,,TRUE,https://www.CLIENT_X.com.au/c-p/DE3306_71/series-3000,Existing CM Trackers-Found,,,,,
CLIENT_X.co.ke,Essential cookies (exempt from consent),CLIENT_X - Kenya,HTTP Cookie,zScalerUser,,bench_update_duration,,,Existing CM Trackers-Not Found,,,,,
CLIENT_X.co.uk,Essential cookies,CLIENT_X - United Kingdom,HTTP Cookie,bench_new_T2_296,,,,,Existing CM Trackers-Not Found,,,,,
lighting.CLIENT_X.com.my,Essential cookies (exempt from consent),Signify (formerly CLIENT_X Lighting),HTTP Cookie,test,,bench_update_duration,,,Existing CM Trackers-Not Found,,,,,
d6tizftlrpuof.cloudfront.net,Performance Cookies [Requires consent],Amazon (Cloudfront),ETag,-,,390,TRUE,https://www.CLIENT_X.com.au/,Existing CM Trackers-Found,,,,,
www.CLIENT_X.com.vn,Essential cookies (exempt from consent),CLIENT_X - Vietnam,HTTP Cookie,kampyle_userid,,,,,Existing CM Trackers-Not Found,,,,,
www.lighting.CLIENT_X.com.eg,Essential cookies (exempt from consent),Signify (formerly CLIENT_X Lighting),HTTP Cookie,ltc_cf,,bench_update_duration,TRUE,https://www.CLIENT_X.com.au/,Existing CM Trackers-Found,,,,,
CLIENT_X.com.pk,Essential cookies (exempt from consent),CLIENT_X - Pakistan,HTTP Cookie,test,,bench_update_duration,,https://www.CLIENT_X.com.au/c-e/shop/checkout,New Third Party Trackers,,,,,
d.line-scdn.net,Performance Cookies [Requires consent],LY Corporation (formerly LINE Corporation),ETag,-,,,,,Existing CM Trackers-Not Found,,,,,
www.healthcare.shop.CLIENT_X.de,Essential cookies (exempt from consent),CLIENT_X - Germany,HTTP Cookie,ROUTE,,bench_update_duration,TRUE,https://www.CLIENT_X.com.au/c-w/consumer-support/support-contact-page,Existing CM Trackers-Found,,,,,
.google.com,Essential cookies (exempt from consent),Google Inc.,HTTP Cookie,CONSENT,,400,,,Existing CM Trackers-Not Found,,,,,
www.CLIENT_X.gr,Essential cookies (exempt from consent),CLIENT_X - Greece,HTTP Cookie,kampyle_userid,,,,,Existing CM Trackers-Not Found,,,,,
www.CLIENT_X.com,Performance cookies,,HTTP Cookie,bench_new_T2_359,,,,,Existing CM Trackers-Not Found,,,,,
www.CLIENT_X.com.au,Essential cookies,CLIENT_X - Australia,ETag,bench_new_T2_284,,,TRUE,https://www.CLIENT_X.com.au/,Existing CM Trackers-Found,,,,,
www.CLIENT_X.com.hk,Essential cookies (exempt from consent),CLIENT_X - Hong Kong,HTTP Cookie,kampyle_userid,,,TRUE,https://www.CLIENT_X.com.au/shop/order-search/search-input,Existing CM Trackers-Found,,,,,
lighting.CLIENT_X.com.tr,Essential cookies (exempt from consent),Signify (formerly CLIENT_X Lighting),HTTP Cookie,test,,bench_update_duration,,,Existing CM Trackers-Not Found,,,,,
www.domesticappliances.CLIENT_X.co.in,Essential cookies (exempt from consent),CLIENT_X - India,HTTP Cookie,__seg,,bench_update_duration,,,Existing CM Trackers-Not Found,,,,,
report.23video.com,Performance Cookies [Requires consent],TwentyThree,JavaScript,-,,,,,Existing CM Trackers-Not Found,,,,,
www.shop.CLIENT_X.lt,Essential cookies (exempt from consent),CLIENT_X - Lithuania,JavaScript,blank (java),,,,,Existing CM Trackers-Not Found,,,,,
static.hotjar.com,Performance cookies,Hotjar,ETag,_ga_failed_lookup_marker_1_398,,,,,Existing CM Trackers-Not Found,,,,,
CLIENT_X.com.au,Essential cookies,CLIENT_X - Australia,HTTP Cookie,bench_new_T2_228,,0,TRUE,https://www.CLIENT_X.com.au/,Existing CM Trackers-Found,,,,,
CLIENT_X.es,Essential cookies (exempt from consent),CLIENT_X - Spain,HTTP Cookie,s_ugv,,,,,Existing CM Trackers-Not Found,,,,,
CLIENT_X.com.my,Essential cookies (exempt from consent),CLIENT_X - Malaysia,HTTP Cookie,s_cm_direct,,bench_update_duration,TRUE,https://www.CLIENT_X.com.au/,Existing CM Trackers-Found,,,,,
www.respirtech.com,Essential cookies (exempt from consent),RespirTech,HTTP Cookie,mdLogger,,,TRUE,https://www.CLIENT_X.com.au/,Existing CM Trackers-Found,,,,,
CLIENT_X.com.au,Essential cookies,CLIENT_X - Australia,HTTP Cookie,_ga_failed_lookup_marker_1_403,,,,,Existing CM Trackers-Not Found,,,,,
www.google.com,Targeted Advertising cookies (including social media),Google Inc.,JavaScript,_ga_failed_lookup_marker_1_404,,,TRUE,https://www.CLIENT_X.com.au/c-e/forms/sfmc/avent-reward-interest.html,Existing CM Trackers-Found,,,,,
www.CLIENT_X.ng,Essential cookies (exempt from consent),CLIENT_X - Nigeria,HTTP Cookie,eddl_gtm_qe_session_start_6523424625,,bench_update_duration,,https://www.CLIENT_X.com.au/c-m-pe/airfloss-ultra,New Third Party Trackers,,,,,
static.hotjar.com,Performance cookies,Hotjar,ETag,_ga_failed_lookup_marker_1_406,,,,,Existing CM Trackers-Not Found,,,,,
lighting.CLIENT_X.com.vn,Essential cookies (exempt from consent),Signify (formerly CLIENT_X Lighting),HTTP Cookie,s_cc,,bench_update_duration,TRUE,https://www.CLIENT_X.com.au/c-e/forms/sfmc/avent-reward-interest.html,Existing CM Trackers-Found,,,,,
www.CLIENT_X.com.pe,Essential cookies (exempt from consent),CLIENT_X - Peru,HTTP Cookie,T01-recentlyViewedProducts,,session,,https://www.CLIENT_X.com.au/,New First Party Trackers,,,,,
www.healthcare.shop.CLIENT_X.co.uk,Essential cookies (exempt from consent),CLIENT_X - United Kingdom,HTTP Cookie,pcms-CLIENT_X-gb-cart,,,TRUE,https://www.CLIENT_X.com.au/c-w/consumer-support/support-contact-page,Existing CM Trackers-Found,,,,,
CLIENT_X.sa,Essential cookies (exempt from consent),CLIENT_X - Kingdom of Saudi Arabia,HTTP Cookie,FPLC,,,TRUE,https://www.CLIENT_X.com.au/c-w/product-registration/coffee-fathers-day-promotion,Existing CM Trackers-Found,,,,,
CLIENT_X.ma,Essential cookies (exempt from consent),CLIENT_X - Morocco,HTTP Cookie,s_nrpv,,,,,Existing CM Trackers-Not Found,,,,,
www.lighting.CLIENT_X.pl,Essential cookies (exempt from consent),Signify (formerly CLIENT_X Lighting),HTTP Cookie,AWSELB,,0,,https://www.CLIENT_X.com.au/,New First Party Trackers,,,,,
CLIENT_X.com.au,Targeted Advertising cookies (including social media),CLIENT_X - Australia,HTTP Cookie,bench_new_T2_357,,,,,Existing CM Trackers-Not Found,,,,,
assets.adoberesources.net,Performance cookies,Adobe Inc.,ETag,_ga_failed_lookup_marker_1_414,,,,,Existing CM Trackers-Not Found,,,,,
www.lighting.CLIENT_X.com.tw,Essential cookies (exempt from consent),Signify (formerly CLIENT_X Lighting),HTTP Cookie,ltc_cf,,,,,Existing CM Trackers-Not Found,,,,,
www.youtube-nocookie.com,Preference cookies,Google Inc.,Local Storage,yt-player-headers-readable,,400,,https://www.CLIENT_X.com.au/healthcare,New Third Party Trackers,,,,,
www.CLIENT_X.co.uk,Essential cookies (exempt from consent),CLIENT_X - United Kingdom,HTTP Cookie,kampylePageLoadedTimestamp,,bench_update_duration,TRUE,https://www.CLIENT_X.com.au/,Existing CM Trackers-Found,,,,,
www.lighting.CLIENT_X.com.tr,Essential cookies (exempt from consent),Signify (formerly CLIENT_X Lighting),HTTP Cookie,BCTempID,,,,,Existing CM Trackers-Not Found,,,,,
www.CLIENT_X.gr,Essential cookies (exempt from consent),CLIENT_X - Greece,ETag,blank (etag),,89,,https://www.CLIENT_X.com.au/,New First Party Trackers,,,,,
static.cloud.coveo.com,Targeted Advertising cookies (including social media),Coveo Solutions Inc.,ETag,_ga_failed_lookup_marker_1_420,,,TRUE,https://www.CLIENT_X.com.au/c-p/BRI957_00/lumea-ipl-9000-series-ipl-hair-removal-device-with-senseiq,Existing CM Trackers-Found,,,,,
www.CLIENT_X.com.pk,Essential cookies (exempt from consent),CLIENT_X - Pakistan,HTTP Cookie,kampyleUserPercentile,,,TRUE,https://www.CLIENT_X.com.au/healthcare/e/sleep-and-respiratory-care/what-matters-most/our-patient-care,Existing CM Trackers-Found,,,,,
CLIENT_X.ma,Essential cookies (exempt from consent),CLIENT_X - Morocco,HTTP Cookie,li_cm_prefs_session,,,TRUE,https://www.CLIENT_X.com.au/c-w/consumer-support/support-contact-page,Existing CM Trackers-Found,,,,,
CLIENT_X.com.tw,Essential cookies (exempt from consent),CLIENT_X - Taiwan,HTTP Cookie,at_check,,bench_update_duration,TRUE,https://www.CLIENT_X.com.au/c-w/consumer-support/support-contact-page,Existing CM Trackers-Found,,,,,
acc.CLIENT_X.ru,Essential cookies (exempt from consent),CLIENT_X - Russia,ETag,blank (etag),,session,TRUE,https://www.CLIENT_X.com.au/,Existing CM Trackers-Found,,,,,
smetrics.marketing.lighting.CLIENT_X.co.th,Essential cookies (exempt from consent),CLIENT_X - Thailand,JavaScript,blank (java),,bench_update_duration,TRUE,https://www.CLIENT_X.com.au/c-w/consumer-support/support-contact-page,Existing CM Trackers-Found,,,,,
agent-versuni.mindtouch.us,Performance cookies,MindTouch,HTTP Cookie,bench_new_T2_350,,400,,https://www.CLIENT_X.com.au/c-f/XC000021443/my-CLIENT_X-fan-makes-an-unusual-noise-when-oscillating,New Third Party Trackers,,,,,
CLIENT_X.ma,Essential cookies (exempt from consent),CLIENT_X - Morocco,HTTP Cookie,_ga,,0,,https://www.CLIENT_X.com.au/,New First Party Trackers,,,,,
CLIENT_X.ie,Essential cookies (exempt from consent),CLIENT_X - Ireland,HTTP Cookie,mbox,,bench_update_duration,TRUE,https://www.CLIENT_X.com.au/,Existing CM Trackers-Found,,,,,
pages.information.signify.com,Performance Cookies [Requires consent],Signify (formerly CLIENT_X Lighting),JavaScript,-,,bench_update_duration,TRUE,https://www.CLIENT_X.com.au/,Existing CM Trackers-Found,,,,,
www.google.com,Targeted Advertising cookies (including social media),Google Inc.,Beacon,_ga_failed_lookup_marker_1_430,,,TRUE,https://www.CLIENT_X.com.au/,Existing CM Trackers-Found,,,,,
CLIENT_X.co.in,Essential cookies (exempt from consent),CLIENT_X - India,HTTP Cookie,_uetvid,,7,,https://www.CLIENT_X.com.au/,New First Party Trackers,,,,,
CLIENT_X.de,Essential cookies (exempt from consent),CLIENT_X - Germany,HTTP Cookie,_schn1,,bench_update_duration,TRUE,https://www.CLIENT_X.com.au/c-w/product-registration/coffee-fathers-day-promotion,Existing CM Trackers-Found,,,,,
CLIENT_X.com.au,Essential cookies,CLIENT_X - Australia,HTTP Cookie,_ga_failed_lookup_marker_1_433,,60,TRUE,https://www.CLIENT_X.com.au/,Existing CM Trackers-Found,,,,,
www.standout.com.br,Targeted Advertising Cookies (including social media) [Requires consent],Standout,JavaScript,-,,,,,Existing CM Trackers-Not Found,,,,,
www.CLIENT_X.rs,Essential cookies (exempt from consent),CLIENT_X - Serbia,HTTP Cookie,mdLogger,,223,TRUE,https://www.CLIENT_X.com.au/,Existing CM Trackers-Found,,,,,
www.CLIENT_X.com.pe,Essential cookies (exempt from consent),CLIENT_X - Peru,HTTP Cookie,_sdsat_pgm_optin,,bench_update_duration,,,Existing CM Trackers-Not Found,,,,,
www.healthcare.shop.CLIENT_X.com.au,Essential cookies,CLIENT_X - Australia,HTTP Cookie,_ga_failed_lookup_marker_1_437,,,,,Existing CM Trackers-Not Found,,,,,
CLIENT_X.com.au,Essential cookies,CLIENT_X - Australia,HTTP Cookie,_ga_failed_lookup_marker_1_438,,90,,https://www.CLIENT_X.com.au/,New First Party Trackers,,,,,
www.lighting.CLIENT_X.si,Essential cookies (exempt from consent),Signify (formerly CLIENT_X Lighting),HTTP Cookie,CLIENT_X,,bench_update_duration,,,Existing CM Trackers-Not Found,,,,,
www.CLIENT_X.ro,Essential cookies (exempt from consent),CLIENT_X - Romania,HTTP Cookie,ROUTE,,bench_update_duration,TRUE,https://www.CLIENT_X.com.au/,Existing CM Trackers-Found,,,,,
www.CLIENT_X.fi,Essential cookies (exempt from consent),CLIENT_X - Finland,HTTP Cookie,eddl_gtm_qe_session_start_6523424625,,bench_update_duration,,,Existing CM Trackers-Not Found,,,,,
www.CLIENT_X.com.eg,Essential cookies (exempt from consent),CLIENT_X - Egypt,HTTP Cookie,_scid,,,,,Existing CM Trackers-Not Found,,,,,
www.CLIENT_X.hu,Essential cookies (exempt from consent),CLIENT_X - Hungary,HTTP Cookie,notice_settings,,bench_update_duration,TRUE,https://www.CLIENT_X.com.au/c-f/XC000004909/how-do-i-use-the-attachments-on-my-CLIENT_X-epilator,Existing CM Trackers-Found,,,,,
CLIENT_X.at,Essential cookies (exempt from consent),CLIENT_X - Austria,HTTP Cookie,_yi,,bench_update_duration,,,Existing CM Trackers-Not Found,,,,,
static.xx.fbcdn.net,Performance Cookies [Requires consent],Meta (formerly Facebook),JavaScript,-,,,TRUE,https://www.CLIENT_X.com.au/c-w/consumer-support/support-contact-page,Existing CM Trackers-Found,,,,,
cdn.webpushr.com,Performance Cookies [Requires consent],Webpushr,JavaScript,-,,bench_update_duration,,,Existing CM Trackers-Not Found,,,,,
www.CLIENT_X.com.au,Essential cookies,CLIENT_X - Australia,HTTP Cookie,bench_new_T2_345,,0,,https://www.CLIENT_X.com.au/,New First Party Trackers,,,,,
igt-interactive-tour.com,Essential cookies (exempt from consent),Koninklijke CLIENT_X N.V.,HTTP Cookie,s_nrpv,,90,,https://www.CLIENT_X.com.au/healthcare,New Third Party Trackers,,,,,
CLIENT_X.se,Essential cookies (exempt from consent),CLIENT_X - Sweden,HTTP Cookie,_scid_r,,0,TRUE,https://www.CLIENT_X.com.au/,Existing CM Trackers-Found,,,,,
CLIENT_X.sa,Essential cookies (exempt from consent),CLIENT_X - Kingdom of Saudi Arabia,HTTP Cookie,s_nrpv,,,TRUE,https://www.CLIENT_X.com.au/c-e/au/car-lights/automotive-articles/safety/check-and-adjust-headlights.html,Existing CM Trackers-Found,,,,,
CLIENT_X.ie,Essential cookies (exempt from consent),CLIENT_X - Ireland,HTTP Cookie,TEST_AMCV_COOKIE_WRITE,,180,TRUE,https://www.CLIENT_X.com.au/c-e/products.html,Existing CM Trackers-Found,,,,,
www.CLIENT_X.pl,Essential cookies (exempt from consent),CLIENT_X - Poland,HTTP Cookie,liveagent_sid,,bench_update_duration,TRUE,https://www.CLIENT_X.com.au/,Existing CM Trackers-Found,,,,,
CLIENT_X.com.au,Targeted Advertising cookies (including social media),CLIENT_X - Australia,HTTP Cookie,bench_new_T2_269,,6,TRUE,https://www.CLIENT_X.com.au/,Existing CM Trackers-Found,,,,,
CLIENT_X.se,Essential cookies (exempt from consent),CLIENT_X - Sweden,HTTP Cookie,coveo_visitorId,,bench_update_duration,,,Existing CM Trackers-Not Found,,,,,
www.CLIENT_X.com.co,Essential cookies (exempt from consent),CLIENT_X - Colombia,HTTP Cookie,p-hc-catg,,bench_update_duration,,,Existing CM Trackers-Not Found,,,,,
c.go-mpulse.net,Performance cookies,Akamai,JavaScript,_ga_failed_lookup_marker_1_456,,,,,Existing CM Trackers-Not Found,,,,,
www.CLIENT_X.ro,Essential cookies (exempt from consent),CLIENT_X - Romania,HTTP Cookie,RO_Pub-cart-com,,,,,Existing CM Trackers-Not Found,,,,,
CLIENT_X.at,Essential cookies (exempt from consent),CLIENT_X - Austria,HTTP Cookie,_gid,,729,,,Existing CM Trackers-Not Found,,,,,
www.CLIENT_X.bg,Essential cookies (exempt from consent),CLIENT_X - Bulgaria,HTTP Cookie,CLIENT_X,,bench_update_duration,,,Existing CM Trackers-Not Found,,,,,
CLIENT_X.co.za,Essential cookies (exempt from consent),CLIENT_X - South Africa,HTTP Cookie,s_cm,,bench_update_duration,,,Existing CM Trackers-Not Found,,,,,
hearingsolutions.CLIENT_X.com.cn,Essential cookies (exempt from consent),CLIENT_X - China,HTTP Cookie,Hm_lvt_4f744fef8de2c9d00b16edc990b0d7e1,,,TRUE,https://www.CLIENT_X.com.au/,Existing CM Trackers-Found,,,,,
CLIENT_X.si,Essential cookies (exempt from consent),CLIENT_X - Slovenia,HTTP Cookie,s_eVar44,,,TRUE,https://www.CLIENT_X.com.au/,Existing CM Trackers-Found,,,,,
www.lighting.CLIENT_X.co.jp,Essential cookies (exempt from consent),Signify (formerly CLIENT_X Lighting),HTTP Cookie,ltc_cf,,,,https://www.CLIENT_X.com.au/c-f/XC000021443/my-CLIENT_X-fan-makes-an-unusual-noise-when-oscillating,New Third Party Trackers,,,,,
www.CLIENT_X.ca,Essential cookies (exempt from consent),CLIENT_X - Canada,HTTP Cookie,kampyleUserPercentile,,bench_update_duration,,,Existing CM Trackers-Not Found,,,,,
www.CLIENT_X.at,Essential cookies (exempt from consent),CLIENT_X - Austria,HTTP Cookie,AT_Pub-cartstatus-com,,bench_update_duration,,,Existing CM Trackers-Not Found,,,,,
www.CLIENT_X.pl,Essential cookies (exempt from consent),CLIENT_X - Poland,HTTP Cookie,T01-recentlyViewedProducts,,bench_update_duration,TRUE,https://www.CLIENT_X.com.au/,Existing CM Trackers-Found,,,,,
media.flixcar.com,Targeted Advertising Cookies (including social media) [Requires consent],Flixmedia,ETag,-,,,,,Existing CM Trackers-Not Found,,,,,
consent.trustarc.com,Essential cookies,TrustArc,Beacon,_ga_failed_lookup_marker_1_468,,,TRUE,https://www.CLIENT_X.com.au/,Existing CM Trackers-Found,,,,,
CLIENT_X.pl,Essential cookies (exempt from consent),CLIENT_X - Poland,HTTP Cookie,iadvize-6965-vuid,,bench_update_duration,TRUE,https://www.CLIENT_X.com.au/,Existing CM Trackers-Found,,,,,
www.google.com,Targeted Advertising cookies (including social media),Google Inc.,Beacon,bench_new_T2_301,,,TRUE,https://www.CLIENT_X.com.au/,Existing CM Trackers-Found,,,,,
lighting.CLIENT_X.com.au,Performance cookies,Signify (formerly CLIENT_X Lighting),HTTP Cookie,_ga_failed_lookup_marker_1_471,,,,,Existing CM Trackers-Not Found,,,,,
smetrics.marketing.lighting.CLIENT_X.ma,Essential cookies (exempt from consent),CLIENT_X - Morocco,JavaScript,blank (java),,session,TRUE,https://www.CLIENT_X.com.au/,Existing CM Trackers-Found,,,,,
dsum-sec.casalemedia.com,Targeted Advertising cookies (including social media),Index Exchange Inc.,Beacon,bench_new_T2_224,,,,https://www.CLIENT_X.com.au/a-w/about,New Third Party Trackers,,,,,
CLIENT_X.at,Essential cookies (exempt from consent),CLIENT_X - Austria,HTTP Cookie,li_cm_prefs_session,,729,,,Existing CM Trackers-Not Found,,,,,
CLIENT_X-dmec.eu.orbita.cloud,Performance Cookies [Requires consent],Orbita,HTTP Cookie,AWSALBCORS,,bench_update_duration,TRUE,https://www.CLIENT_X.com.au/c-e/ho/cooking/pasta-maker.html,Existing CM Trackers-Found,,,,,
h.online-metrix.net,Performance cookies,LexisNexis Risk Solutions (formerly ThreatMetrix),Beacon,bench_new_T2_282,,,TRUE,https://www.CLIENT_X.com.au/,Existing CM Trackers-Found,,,,,
munchkin.marketo.net,Targeted Advertising cookies (including social media),Marketo,JavaScript,bench_new_T2_317,,,,,Existing CM Trackers-Not Found,,,,,
w.usabilla.com,Performance cookies,GetFeedback,JavaScript,bench_new_T2_315,,,,,Existing CM Trackers-Not Found,,,,,
lighting.CLIENT_X.com.au,Essential cookies,Signify (formerly CLIENT_X Lighting),HTTP Cookie,bench_new_T2_208,,,,,Existing CM Trackers-Not Found,,,,,
CLIENT_X.com.au,Essential cookies,CLIENT_X - Australia,HTTP Cookie,_ga_failed_lookup_marker_1_480,,,,,Existing CM Trackers-Not Found,,,,,
www.lighting.CLIENT_X.com.tr,Essential cookies (exempt from consent),Signify (formerly CLIENT_X Lighting),JavaScript,blank (java),,session,TRUE,https://www.CLIENT_X.com.au/,Existing CM Trackers-Found,,,,,
www.domesticappliances.CLIENT_X.co.in,Essential cookies (exempt from consent),CLIENT_X - India,HTTP Cookie,criteo_write_test,,,,,Existing CM Trackers-Not Found,,,,,
www.CLIENT_X.de,Essential cookies (exempt from consent),CLIENT_X - Germany,HTTP Cookie,JSESSIONID,,bench_update_duration,TRUE,https://www.CLIENT_X.com.au/c-e/ho/cooking/pasta-maker.html,Existing CM Trackers-Found,,,,,
www.lighting.CLIENT_X.sa,Essential cookies (exempt from consent),Signify (formerly CLIENT_X Lighting),HTTP Cookie,customer_country,,,,,Existing CM Trackers-Not Found,,,,,
www.CLIENT_X.pl,Essential cookies (exempt from consent),CLIENT_X - Poland,HTTP Cookie,ROUTE,,bench_update_duration,,,Existing CM Trackers-Not Found,,,,,
www.googletagmanager.com,Performance cookies,Google Inc.,JavaScript,_ga_failed_lookup_marker_1_486,,,TRUE,https://www.CLIENT_X.com.au/,Existing CM Trackers-Found,,,,,
www.CLIENT_X.rs,Essential cookies (exempt from consent),CLIENT_X - Serbia,HTTP Cookie,user_country,,bench_update_duration,TRUE,https://www.CLIENT_X.com.au/healthcare/support/distributors,Existing CM Trackers-Found,,,,,
igt-interactive-tour.com,Essential cookies (exempt from consent),Koninklijke CLIENT_X N.V.,HTTP Cookie,s_cm_direct,,,,,Existing CM Trackers-Not Found,,,,,
www.lighting.CLIENT_X.com.au,Essential cookies,Signify (formerly CLIENT_X Lighting),HTTP Cookie,_ga_failed_lookup_marker_1_489,,,,,Existing CM Trackers-Not Found,,,,,
*.online-metrix.net,Performance cookies,LexisNexis Risk Solutions (formerly ThreatMetrix),Beacon,_ga_failed_lookup_marker_1_490,,,,https://www.CLIENT_X.com.au/,Existing CM Trackers-Found,,,,,
amazon-adsystem.com,Targeted Advertising cookies (including social media),Amazon Ads,HTTP Cookie,_ga_failed_lookup_marker_1_491,,223,TRUE,https://www.CLIENT_X.com.au/,Existing CM Trackers-Found,,,,,
api.map.baidu.com,Performance Cookies [Requires consent],Baidu,ETag,-,,,,,Existing CM Trackers-Not Found,,,,,
CLIENT_X.com.au,Essential cookies,CLIENT_X - Australia,HTTP Cookie,_ga_failed_lookup_marker_1_493,,89,,https://www.CLIENT_X.com.au/,New First Party Trackers,,,,,
www.CLIENT_X.com.my,Essential cookies (exempt from consent),CLIENT_X - Malaysia,HTTP Cookie,user_country,,223,TRUE,https://www.CLIENT_X.com.au/,Existing CM Trackers-Found,,,,,
lighting.CLIENT_X.cz,Essential cookies (exempt from consent),Signify (formerly CLIENT_X Lighting),HTTP Cookie,com.adobe.alloy.getTld,,bench_update_duration,,,Existing CM Trackers-Not Found,,,,,
lighting.CLIENT_X.co.id,Essential cookies (exempt from consent),Signify (formerly CLIENT_X Lighting),HTTP Cookie,s_vs,,,TRUE,https://www.CLIENT_X.com.au/,Existing CM Trackers-Found,,,,,
lighting.CLIENT_X.co.id,Essential cookies (exempt from consent),Signify (formerly CLIENT_X Lighting),HTTP Cookie,s_nr30,,bench_update_duration,,https://www.CLIENT_X.com.au/,New First Party Trackers,,,,,
www.CLIENT_X.ae,Essential cookies (exempt from consent),CLIENT_X - Middle East Arab,HTTP Cookie,liveagent_sid,,bench_update_duration,,,Existing CM Trackers-Not Found,,,,,
CLIENT_X.com.au,Essential cookies,CLIENT_X - Australia,HTTP Cookie,bench_new_T2_277,,session,,https://www.CLIENT_X.com.au/,New First Party Trackers,,,,,
CLIENT_X.com.kw,Essential cookies (exempt from consent),CLIENT_X - Kuwait,HTTP Cookie,FPID,,session,,https://www.CLIENT_X.com.au/,New First Party Trackers,,,,,
www.respirtech.com,Essential cookies (exempt from consent),RespirTech,HTTP Cookie,AWSELBCORS,,bench_update_duration,TRUE,https://www.CLIENT_X.com.au/shop/order-search/search-input,Existing CM Trackers-Found,,,,,
c.clarity.ms,Performance Cookies [Requires consent],Microsoft,HTTP Cookie,ANONCHK,,bench_update_duration,,https://www.CLIENT_X.com.au/,New First Party Trackers,,,,,
CLIENT_X.dk,Essential cookies (exempt from consent),CLIENT_X - Denmark,HTTP Cookie,mbox,,bench_update_duration,TRUE,https://www.CLIENT_X.com.au/,Existing CM Trackers-Found,,,,,
pages.information.signify.com,Performance cookies,Signify (formerly CLIENT_X Lighting),JavaScript,_ga_failed_lookup_marker_1_504,,,,,Existing CM Trackers-Not Found,,,,,
www.CLIENT_X.es,Essential cookies (exempt from consent),CLIENT_X - Spain,HTTP Cookie,_sdsat_Ub,,bench_update_duration,,https://www.CLIENT_X.com.au/a-w/about,New Third Party Trackers,,,,,
i.liadm.com,Targeted Advertising Cookies (including social media) [Requires consent],Liveintent Inc.,HTTP Cookie,_li_ss,,29,,https://www.CLIENT_X.com.au/,New First Party Trackers,,,,,
www.googletagmanager.com,Performance cookies,Google Inc.,JavaScript,_ga_failed_lookup_marker_1_507,,,TRUE,https://www.CLIENT_X.com.au/,Existing CM Trackers-Found,,,,,
comment.niceteknoloji.com,Performance Cookies [Requires consent],Nice Technology,ETag,-,,bench_update_duration,,,Existing CM Trackers-Not Found,,,,,
x.cnt.my,Targeted Advertising Cookies (including social media) [Requires consent],Unknown,Beacon,-,,,,,Existing CM Trackers-Not Found,,,,,
agent-versuni.mindtouch.us,Performance cookies,MindTouch,HTTP Cookie,_ga_failed_lookup_marker_1_510,,400,,https://www.CLIENT_X.com.au/c-f/XC000021443/my-CLIENT_X-fan-makes-an-unusual-noise-when-oscillating,New Third Party Trackers,,,,,
www.CLIENT_X.sk,Essential cookies (exempt from consent),CLIENT_X - Slovakia,HTTP Cookie,notice_settings,,bench_update_duration,,,Existing CM Trackers-Not Found,,,,,
www.CLIENT_X.fi,Essential cookies (exempt from consent),CLIENT_X - Finland,JavaScript,blank (java),,,,,Existing CM Trackers-Not Found,,,,,
CLIENT_X.fr,Essential cookies (exempt from consent),CLIENT_X - France,HTTP Cookie,iAdvize:splitGroup,,bench_update_duration,,,Existing CM Trackers-Not Found,,,,,
CLIENT_X.ru,Essential cookies (exempt from consent),CLIENT_X - Russia,HTTP Cookie,_ym_isad,,,TRUE,https://www.CLIENT_X.com.au/,Existing CM Trackers-Found,,,,,
www.CLIENT_X.lv,Essential cookies (exempt from consent),CLIENT_X - Latvia,HTTP Cookie,user_country,,bench_update_duration,,,Existing CM Trackers-Not Found,,,,,
www.healthcare.shop.CLIENT_X.com.au,Essential cookies,CLIENT_X - Australia,HTTP Cookie,bench_new_T2_239,,,,,Existing CM Trackers-Not Found,,,,,
www.CLIENT_Xcare.com,Essential cookies (exempt from consent),CLIENT_X Care,HTTP Cookie,country,,,,,Existing CM Trackers-Not Found,,,,,
www.lighting.CLIENT_X.com.vn,Essential cookies (exempt from consent),Signify (formerly CLIENT_X Lighting),ETag,blank (etag),,bench_update_duration,,,Existing CM Trackers-Not Found,,,,,
CLIENT_X.es,Essential cookies (exempt from consent),CLIENT_X - Spain,HTTP Cookie,coveo_visitorId,,,,,Existing CM Trackers-Not Found,,,,,
www.dwin1.com,Targeted Advertising Cookies (including social media) [Requires consent],AWIN AG,ETag,-,,bench_update_duration,,,Existing CM Trackers-Not Found,,,,,
cdn.taboola.com,Performance Cookies [Requires consent],Taboola Europe Limited,JavaScript,-,,bench_update_duration,,,Existing CM Trackers-Not Found,,,,,
consent-st.trustarc.com,Essential cookies,TrustArc,JavaScript,bench_new_T2_355,,,TRUE,https://www.CLIENT_X.com.au/c-w/product-registration/coffee-fathers-day-promotion,Existing CM Trackers-Found,,,,,
lighting.CLIENT_X.com.gh,Essential cookies (exempt from consent),Signify (formerly CLIENT_X Lighting),HTTP Cookie,aam_uuid,,bench_update_duration,,,Existing CM Trackers-Not Found,,,,,
beacon.speedcurve.com,Performance cookies,Speedcurve,Beacon,bench_new_T2_379,,,,https://www.CLIENT_X.com.au/,New Third Party Trackers,,,,,
www.CLIENT_X.bg,Essential cookies (exempt from consent),CLIENT_X - Bulgaria,HTTP Cookie,notice_settings,,bench_update_duration,,,Existing CM Trackers-Not Found,,,,,
www.CLIENT_X.com.au,Essential cookies,CLIENT_X - Australia,JavaScript,_ga_failed_lookup_marker_1_526,,,TRUE,https://www.CLIENT_X.com.au/,Existing CM Trackers-Found,,,,,
www.domesticappliances.CLIENT_X.co.in,Essential cookies (exempt from consent),CLIENT_X - India,HTTP Cookie,language,,,,https://www.CLIENT_X.com.au/c-e/pe/beauty-tips-women.html,New Third Party Trackers,,,,,
www.CLIENT_X.co.nz,Essential cookies (exempt from consent),CLIENT_X - New Zealand,HTTP Cookie,AWSELB,,bench_update_duration,,,Existing CM Trackers-Not Found,,,,,
www.googleadservices.com,Targeted Advertising cookies (including social media),Google Advertising Products,JavaScript,_ga_failed_lookup_marker_1_529,,,,,Existing CM Trackers-Not Found,,,,,
www.CLIENT_X.com.mx,Essential cookies (exempt from consent),CLIENT_X - Mexico,HTTP Cookie,eddl_gtm_qe_session_start_6523424625,,,,,Existing CM Trackers-Not Found,,,,,
CLIENT_X.co.in,Essential cookies (exempt from consent),CLIENT_X - India,HTTP Cookie,s_cm,,bench_update_duration,TRUE,https://www.CLIENT_X.com.au/,Existing CM Trackers-Found,,,,,
www.lighting.CLIENT_X.ca,Essential cookies (exempt from consent),Signify (formerly CLIENT_X Lighting),HTTP Cookie,d01-layout,,bench_update_duration,TRUE,https://www.CLIENT_X.com.au/c-m-pe/toothbrush-heads/latest,Existing CM Trackers-Found,,,,,
www.abonnementen.CLIENT_X.nl,Essential cookies (exempt from consent),CLIENT_X - Netherlands,HTTP Cookie,kampyleUserSession,,,,,Existing CM Trackers-Not Found,,,,,
CLIENT_X.co.id,Essential cookies (exempt from consent),CLIENT_X - Indonesia,HTTP Cookie,s_cm,,,,,Existing CM Trackers-Not Found,,,,,
www.lighting.CLIENT_X.ma,Essential cookies (exempt from consent),Signify (formerly CLIENT_X Lighting),HTTP Cookie,AWSELBCORS,,0,,,Existing CM Trackers-Not Found,,,,,
w.usabilla.com,Performance cookies,GetFeedback,JavaScript,bench_new_T2_213,,,,,Existing CM Trackers-Not Found,,,,,
www.CLIENT_X.at,Essential cookies (exempt from consent),CLIENT_X - Austria,HTTP Cookie,kampyle_userid,,bench_update_duration,,https://www.CLIENT_X.com.au/c-e/ho/air-education.html,New Third Party Trackers,,,,,
CLIENT_X.de,Essential cookies (exempt from consent),CLIENT_X - Germany,HTTP Cookie,_gdXXX,,session,,,Existing CM Trackers-Not Found,,,,,
CLIENT_X.com.au,Essential cookies,CLIENT_X - Australia,HTTP Cookie,_ga_failed_lookup_marker_1_539,,,,,Existing CM Trackers-Not Found,,,,,
CLIENT_X.no,Essential cookies (exempt from consent),CLIENT_X - Norway,HTTP Cookie,s_pv,,session,TRUE,https://www.CLIENT_X.com.au/,Existing CM Trackers-Found,,,,,
prismic-io.s3.amazonaws.com,Targeted Advertising Cookies (including social media) [Requires consent],Amazon (Web Services),ETag,-,,bench_update_duration,,,Existing CM Trackers-Not Found,,,,,
www.lighting.CLIENT_X.ch,Essential cookies (exempt from consent),Signify (formerly CLIENT_X Lighting),HTTP Cookie,AWSELB,,bench_update_duration,,,Existing CM Trackers-Not Found,,,,,
CLIENT_X.co.ke,Essential cookies (exempt from consent),CLIENT_X - Kenya,HTTP Cookie,s_nrpv,,session,TRUE,https://www.CLIENT_X.com.au/,Existing CM Trackers-Found,,,,,
CLIENT_X.com.au,Essential cookies,CLIENT_X - Australia,HTTP Cookie,_ga_failed_lookup_marker_1_544,,60,TRUE,https://www.CLIENT_X.com.au/,Existing CM Trackers-Found,,,,,
www.CLIENT_X.no,Essential cookies (exempt from consent),CLIENT_X - Norway,HTTP Cookie,JSESSIONID,,session,,https://www.CLIENT_X.com.au/,New First Party Trackers,,,,,
lighting.CLIENT_X.co.kr,Essential cookies (exempt from consent),Signify (formerly CLIENT_X Lighting),HTTP Cookie,com.adobe.alloy.getTld,,90,TRUE,https://www.CLIENT_X.com.au/c-e/ho/air-education.html,Existing CM Trackers-Found,,,,,
www.CLIENT_X.com.ar,Essential cookies (exempt from consent),CLIENT_X - Argentina,HTTP Cookie,p-hc-specialty,,bench_update_duration,TRUE,https://www.CLIENT_X.com.au/c-p/BRI957_00/lumea-ipl-9000-series-ipl-hair-removal-device-with-senseiq,Existing CM Trackers-Found,,,,,
www.subscription.CLIENT_X.es,Essential cookies (exempt from consent),CLIENT_X - Spain,HTTP Cookie,ARRAffinitySameSite,,bench_update_duration,,,Existing CM Trackers-Not Found,,,,,
www.CLIENT_X.com.hk,Essential cookies (exempt from consent),CLIENT_X - Hong Kong,HTTP Cookie,kampyleInvitePresented,,,TRUE,https://www.CLIENT_X.com.au/c-e/ho/air-education.html,Existing CM Trackers-Found,,,,,
www.CLIENT_X.de,Essential cookies (exempt from consent),CLIENT_X - Germany,HTTP Cookie,DE_Pub-cartstatus-com,,bench_update_duration,,https://www.CLIENT_X.com.au/a-w/cookie-notice,New Third Party Trackers,,,,,
www.CLIENT_X.ae,Essential cookies (exempt from consent),CLIENT_X - Middle East Arab,HTTP Cookie,p-hc-specialty,,bench_update_duration,,,Existing CM Trackers-Not Found,,,,,
CLIENT_X.com.my,Essential cookies (exempt from consent),CLIENT_X - Malaysia,HTTP Cookie,FPID,,,,,Existing CM Trackers-Not Found,,,,,
api.photometrics-db.signify.com,Targeted Advertising Cookies (including social media) [Requires consent],Signify (formerly CLIENT_X Lighting),Beacon,-,,,TRUE,https://www.CLIENT_X.com.au/c-e/forms/sfmc/avent-reward-interest.html,Existing CM Trackers-Found,,,,,
lighting.CLIENT_X.co.in,Essential cookies (exempt from consent),Signify (formerly CLIENT_X Lighting),HTTP Cookie,aam_uuid,,0,TRUE,https://www.CLIENT_X.com.au/,Existing CM Trackers-Found,,,,,
www.crsc.CLIENT_X.com,Targeted Advertising cookies (including social media),Koninklijke CLIENT_X N.V.,ETag,_ga_failed_lookup_marker_1_555,,,TRUE,https://www.CLIENT_X.com.au/shop/order-search/search-input,Existing CM Trackers-Found,,,,,
www.CLIENT_Xcare.com,Essential cookies (exempt from consent),CLIENT_X Care,HTTP Cookie,lander_type,,bench_update_duration,,https://www.CLIENT_X.com.au/,New First Party Trackers,,,,,
linkedin.com,Targeted Advertising cookies (including social media),LinkedIn,HTTP Cookie,_ga_failed_lookup_marker_1_557,,1,TRUE,https://www.CLIENT_X.com.au/c-e/ho/air-education.html,Existing CM Trackers-Found,,,,,
www.healthcare.shop.CLIENT_X.fr,Essential cookies (exempt from consent),CLIENT_X - France,HTTP Cookie,kampyleSessionPageCounter,,,,,Existing CM Trackers-Not Found,,,,,
ekr.zdassets.com,Targeted Advertising Cookies (including social media) [Requires consent],Zendesk,ETag,-,,bench_update_duration,TRUE,https://www.CLIENT_X.com.au/,Existing CM Trackers-Found,,,,,
CLIENT_X.pt,Essential cookies (exempt from consent),CLIENT_X - Portugal,HTTP Cookie,at_check,,,,,Existing CM Trackers-Not Found,,,,,
CLIENT_X.de,Essential cookies (exempt from consent),CLIENT_X - Germany,HTTP Cookie,_y2,,bench_update_duration,TRUE,https://www.CLIENT_X.com.au/,Existing CM Trackers-Found,,,,,
chat56.live800.com,Performance Cookies [Requires consent],Live800,ETag,-,,bench_update_duration,TRUE,https://www.CLIENT_X.com.au/c-w/resources-and-education/resource-library.html,Existing CM Trackers-Found,,,,,
hm.baidu.com,Performance Cookies [Requires consent],Baidu,JavaScript,-,,,TRUE,https://www.CLIENT_X.com.au/c-e/hs/sleep-apnoea-therapy/getting-diagnosed.html,Existing CM Trackers-Found,,,,,
ams.creativecdn.com,Targeted Advertising Cookies (including social media) [Requires consent],RTB House S.A.,Beacon,-,,,,,Existing CM Trackers-Not Found,,,,,
www.hcare.CLIENT_X.com.cn,Essential cookies (exempt from consent),CLIENT_X - China,JavaScript,blank (java),,,,https://www.CLIENT_X.com.au/healthcare/e/sleep-and-respiratory-care/what-matters-most/our-patient-care,Existing CM Trackers-Found,,,,,
www.lighting.CLIENT_X.it,Essential cookies (exempt from consent),Signify (formerly CLIENT_X Lighting),HTTP Cookie,AWSELB,,bench_update_duration,TRUE,https://www.CLIENT_X.com.au/,Existing CM Trackers-Found,,,,,
www.powersensormonitor.CLIENT_X.com,Essential cookies (exempt from consent),Koninklijke CLIENT_X N.V.,Local Storage,blank (local storage),,30,TRUE,https://www.CLIENT_X.com.au/,Existing CM Trackers-Found,,,,,
tracker-detail-page.trustarc.com,Essential cookies,TrustArc,ETag,_ga_failed_lookup_marker_1_568,,,,https://www.CLIENT_X.com.au/a-w/cookie-notice,New Third Party Trackers,,,,,
www.lighting.CLIENT_X.hu,Essential cookies (exempt from consent),CLIENT_X - Hungary,JavaScript,blank (java),,,,,Existing CM Trackers-Not Found,,,,,
CLIENT_X.com.ph,Essential cookies (exempt from consent),CLIENT_X - Philippines,HTTP Cookie,_gcl_au,,,,,Existing CM Trackers-Not Found,,,,,
www.tienda.CLIENT_X.com.co,Essential cookies (exempt from consent),CLIENT_X - Colombia,HTTP Cookie,VtexRCSessionIdv7,,bench_update_duration,,,Existing CM Trackers-Not Found,,,,,
CLIENT_X.com.eg,Essential cookies (exempt from consent),CLIENT_X - Egypt,HTTP Cookie,s_gnr,,bench_update_duration,TRUE,https://www.CLIENT_X.com.au/,Existing CM Trackers-Found,,,,,
shop.CLIENT_X.com.hk,Essential cookies (exempt from consent),CLIENT_X - Hong Kong,HTTP Cookie,TAsessionID,,bench_update_duration,TRUE,https://www.CLIENT_X.com.au/,Existing CM Trackers-Found,,,,,
CLIENT_X.co.kr,Essential cookies (exempt from consent),CLIENT_X - Korea,HTTP Cookie,s_ugv,,,,,Existing CM Trackers-Not Found,,,,,
www.lighting.CLIENT_X.com.au,Essential cookies,Signify (formerly CLIENT_X Lighting),HTTP Cookie,_ga_failed_lookup_marker_1_575,,,,,Existing CM Trackers-Not Found,,,,,
CLIENT_X.com.tw,Essential cookies (exempt from consent),CLIENT_X - Taiwan,HTTP Cookie,FPLC,,bench_update_duration,,https://www.CLIENT_X.com.au/healthcare/solutions/sleep-and-respiratory-care/sleep-therapy-software/sleep-therapy-software,New Third Party Trackers,,,,,
bing.com,Targeted Advertising Cookies (including social media) [Requires consent],Microsoft Advertising,HTTP Cookie,MUID,,bench_update_duration,,,Existing CM Trackers-Not Found,,,,,
www.CLIENT_X.it,Essential cookies (exempt from consent),CLIENT_X - Italy,HTTP Cookie,ROUTE,,bench_update_duration,,,Existing CM Trackers-Not Found,,,,,
assets.adobedtm.com,Performance Cookies [Requires consent],Adobe Inc.,JavaScript,-,,,,,Existing CM Trackers-Not Found,,,,,
CLIENT_X.com.sg,Essential cookies (exempt from consent),CLIENT_X - Singapore,HTTP Cookie,_gat_UA-XXX,,0,,https://www.CLIENT_X.com.au/a-w/about,New Third Party Trackers,,,,,
sc-static.net,Targeted Advertising cookies (including social media),Snap Inc.,HTTP Cookie,bench_new_T2_364,,1,TRUE,https://www.CLIENT_X.com.au/c-e/ho/air-education.html,Existing CM Trackers-Found,,,,,
acdn.adnxs.com,Performance cookies,"Xandr, Inc.",ETag,_ga_failed_lookup_marker_1_582,,,,https://www.CLIENT_X.com.au/c-e/pe/beauty-tips-women.html,New Third Party Trackers,,,,,
CLIENT_X.com.ph,Essential cookies (exempt from consent),CLIENT_X - Philippines,HTTP Cookie,_ttp,,bench_update_duration,,,Existing CM Trackers-Not Found,,,,,
vimeo.com,Performance Cookies [Requires consent],Vimeo,Beacon,-,,bench_update_duration,,,Existing CM Trackers-Not Found,,,,,
www.CLIENT_X.cl,Essential cookies (exempt from consent),CLIENT_X - Chile,HTTP Cookie,mdLogger,,,TRUE,https://www.CLIENT_X.com.au/,Existing CM Trackers-Found,,,,,
*.t.eloqua.com,Targeted Advertising cookies (including social media),Oracle Marketing,Beacon,_ga_failed_lookup_marker_1_586,,,,https://www.CLIENT_X.com.au/healthcare/e/sleep-and-respiratory-care/what-matters-most/our-patient-care,Existing CM Trackers-Found,,,,,
sc-static.net,Targeted Advertising cookies (including social media),Snap Inc.,ETag,bench_new_T2_367,,,TRUE,https://www.CLIENT_X.com.au/c-e/ho/cooking/pasta-maker.html,Existing CM Trackers-Found,,,,,
www.subscription.CLIENT_X.be,Essential cookies (exempt from consent),CLIENT_X - Belgium,HTTP Cookie,ARRAffinity,,bench_update_duration,,https://www.CLIENT_X.com.au/,New First Party Trackers,,,,,
www.healthcare.shop.CLIENT_X.co.uk,Essential cookies (exempt from consent),CLIENT_X - United Kingdom,HTTP Cookie,fl_qualified_entry,,,,https://www.CLIENT_X.com.au/c-e/pe/beauty-tips-women.html,New Third Party Trackers,,,,,
lighting.CLIENT_X.ru,Essential cookies (exempt from consent),Signify (formerly CLIENT_X Lighting),HTTP Cookie,s_nr30,,,TRUE,https://www.CLIENT_X.com.au/healthcare/product/HCIGTDINTRSGHT,Existing CM Trackers-Found,,,,,
www.google.com,Essential cookies,Google Inc.,HTTP Cookie,_ga_failed_lookup_marker_1_591,,180,TRUE,https://www.CLIENT_X.com.au/c-e/forms/sfmc/avent-reward-interest.html,Existing CM Trackers-Found,,,,,
www.CLIENT_X.com.au,Essential cookies (exempt from consent),CLIENT_X - Australia,HTTP Cookie,RT,,729,,,Existing CM Trackers-Not Found,,,,,
CLIENT_X.com.eg,Essential cookies (exempt from consent),CLIENT_X - Egypt,HTTP Cookie,internalUserCheck,,,TRUE,https://www.CLIENT_X.com.au/c-e/ho/cooking/pasta-maker.html,Existing CM Trackers-Found,,,,,
agent-versuni.mindtouch.us,Performance cookies,MindTouch,Beacon,bench_new_T2_225,,,,https://www.CLIENT_X.com.au/c-f/XC000021443/my-CLIENT_X-fan-makes-an-unusual-noise-when-oscillating,New Third Party Trackers,,,,,
www.lighting.CLIENT_X.com.my,Essential cookies (exempt from consent),Signify (formerly CLIENT_X Lighting),HTTP Cookie,s_as,,15,,https://www.CLIENT_X.com.au/,New First Party Trackers,,,,,
www.CLIENT_X.com.ph,Essential cookies (exempt from consent),CLIENT_X - Philippines,HTTP Cookie,T01-recentlyViewedProducts,,bench_update_duration,,,Existing CM Trackers-Not Found,,,,,
www.CLIENT_X.co.za,Essential cookies (exempt from consent),CLIENT_X - South Africa,HTTP Cookie,AWSELB,,bench_update_duration,,,Existing CM Trackers-Not Found,,,,,
CLIENT_X.com.hk,Essential cookies (exempt from consent),CLIENT_X - Hong Kong,HTTP Cookie,s_ugv,,bench_update_duration,TRUE,https://www.CLIENT_X.com.au/,Existing CM Trackers-Found,,,,,
cdn.onesignal.com,Performance Cookies [Requires consent],OneSignal,ETag,-,,bench_update_duration,,https://www.CLIENT_X.com.au/,New First Party Trackers,,,,,
www.lighting.CLIENT_X.com.tw,Essential cookies (exempt from consent),Signify (formerly CLIENT_X Lighting),HTTP Cookie,d01-layout,,,,,Existing CM Trackers-Not Found,,,,,
www.lighting.CLIENT_X.com.au,Essential cookies,Signify (formerly CLIENT_X Lighting),HTTP Cookie,_ga_failed_lookup_marker_1_601,,,,,Existing CM Trackers-Not Found,,,,,
lighting.CLIENT_X.lt,Essential cookies (exempt from consent),Signify (formerly CLIENT_X Lighting),HTTP Cookie,_mkto_trk,,0,TRUE,https://www.CLIENT_X.com.au/,Existing CM Trackers-Found,,,,,
CLIENT_X.dk,Essential cookies (exempt from consent),CLIENT_X - Denmark,HTTP Cookie,_gat_UA-XXX,,0,,,Existing CM Trackers-Not Found,,,,,
consent-st.trustarc.com,Essential cookies,TrustArc,JavaScript,bench_new_T2_391,,,TRUE,https://www.CLIENT_X.com.au/c-w/product-registration/coffee-fathers-day-promotion,Existing CM Trackers-Found,,,,,
CLIENT_X.com.tw,Essential cookies (exempt from consent),CLIENT_X - Taiwan,HTTP Cookie,test,,bench_update_duration,,,Existing CM Trackers-Not Found,,,,,
www.CLIENT_X.com.qa,Essential cookies (exempt from consent),CLIENT_X - Qatar,HTTP Cookie,kampyleUserSessionsCount,,,,https://www.CLIENT_X.com.au/c-e/pe/beauty-tips-women.html,New Third Party Trackers,,,,,
www.CLIENT_X.co.nz,Essential cookies (exempt from consent),CLIENT_X - New Zealand,HTTP Cookie,kampyleUserPercentile,,bench_update_duration,TRUE,https://www.CLIENT_X.com.au/,Existing CM Trackers-Found,,,,,
www.CLIENT_X.co.th,Essential cookies (exempt from consent),CLIENT_X - Thailand,JavaScript,blank (java),,,,,Existing CM Trackers-Not Found,,,,,
www.lighting.CLIENT_X.co.il,Essential cookies (exempt from consent),Signify (formerly CLIENT_X Lighting),HTTP Cookie,s_sid,,bench_update_duration,TRUE,https://www.CLIENT_X.com.au/,Existing CM Trackers-Found,,,,,
www.patientcare.shop.CLIENT_X.com.sg,Essential cookies (exempt from consent),CLIENT_X - Singapore,HTTP Cookie,pcms-CLIENT_X-sguserSelectionCookie,,session,TRUE,https://www.CLIENT_X.com.au/,Existing CM Trackers-Found,,,,,
CLIENT_Xb2c.my.salesforce.com,Essential cookies,"Salesforce.com, Inc.",HTTP Cookie,_ga_failed_lookup_marker_1_611,,,,,Existing CM Trackers-Not Found,,,,,
store-CLIENT_X.tw,Essential cookies (exempt from consent),CLIENT_X Store - Taiwan,HTTP Cookie,_gid,,bench_update_duration,,,Existing CM Trackers-Not Found,,,,,
www.CLIENT_X.com.mx,Essential cookies (exempt from consent),CLIENT_X - Mexico,HTTP Cookie,p-gc35,,bench_update_duration,TRUE,https://www.CLIENT_X.com.au/shop/order-search/search-input,Existing CM Trackers-Found,,,,,
www.hcare.CLIENT_X.com.cn,Essential cookies (exempt from consent),CLIENT_X - China,HTTP Cookie,VisitorCapacity,,,TRUE,https://www.CLIENT_X.com.au/c-e/hs/sleep-apnoea-therapy/getting-diagnosed.html,Existing CM Trackers-Found,,,,,
CLIENT_X.com,Essential cookies (exempt from consent),Koninklijke CLIENT_X N.V.,HTTP Cookie,_gcl_dc,,bench_update_duration,TRUE,https://www.CLIENT_X.com.au/,Existing CM Trackers-Found,,,,,
CLIENT_X.ee,Essential cookies (exempt from consent),CLIENT_X - Republic of Estonia,HTTP Cookie,FPID,,,,,Existing CM Trackers-Not Found,,,,,
CLIENT_X.com.au,Essential cookies,CLIENT_X - Australia,HTTP Cookie,bench_new_T2_256,,session,TRUE,https://www.CLIENT_X.com.au/,Existing CM Trackers-Found,,,,,
www.CLIENT_X.com.co,Essential cookies (exempt from consent),CLIENT_X - Colombia,HTTP Cookie,kampyleUserSessionsCount,,,,,Existing CM Trackers-Not Found,,,,,
acc.CLIENT_X.ro,Essential cookies (exempt from consent),CLIENT_X - Romania,JavaScript,blank (java),,,TRUE,https://www.CLIENT_X.com.au/c-w/consumer-support/support-contact-page,Existing CM Trackers-Found,,,,,
visitor.omnitagjs.com,Targeted Advertising Cookies (including social media) [Requires consent],ADYOULIKE SA,Beacon,-,,1,,https://www.CLIENT_X.com.au/,New First Party Trackers,,,,,
plugins.soclminer.com.br,Targeted Advertising Cookies (including social media) [Requires consent],Social Miner,ETag,-,,,,,Existing CM Trackers-Not Found,,,,,
*.mktoweb.com,Targeted Advertising cookies (including social media),Marketo,ETag,_ga_failed_lookup_marker_1_622,,,,,Existing CM Trackers-Not Found,,,,,
www.CLIENT_X.be,Essential cookies (exempt from consent),CLIENT_X - Belgium,HTTP Cookie,user_country,,0,,,Existing CM Trackers-Not Found,,,,,
www.subskrypcje-da.CLIENT_X.pl,Essential cookies (exempt from consent),CLIENT_X - Poland,ETag,blank (etag),,400,TRUE,https://www.CLIENT_X.com.au/,Existing CM Trackers-Found,,,,,
lighting.CLIENT_X.co.th,Essential cookies (exempt from consent),Signify (formerly CLIENT_X Lighting),HTTP Cookie,s_cc,,,TRUE,https://www.CLIENT_X.com.au/c-p/HH1423_00,Existing CM Trackers-Found,,,,,
CLIENT_X.pl,Essential cookies (exempt from consent),CLIENT_X - Poland,HTTP Cookie,com.adobe.alloy.getTld,,,TRUE,https://www.CLIENT_X.com.au/c-e/ho/cooking/pasta-maker.html,Existing CM Trackers-Found,,,,,
CLIENT_X.com.au,Essential cookies,CLIENT_X - Australia,HTTP Cookie,bench_new_T2_222,,,,,Existing CM Trackers-Not Found,,,,,
www.CLIENT_X.co.uk,Essential cookies (exempt from consent),CLIENT_X - United Kingdom,HTTP Cookie,p-gc35,,bench_update_duration,,https://www.CLIENT_X.com.au/c-e/pe/beauty-tips-women.html,New Third Party Trackers,,,,,
CLIENT_X.ru,Essential cookies (exempt from consent),CLIENT_X - Russia,HTTP Cookie,zScalerUser,,390,TRUE,https://www.CLIENT_X.com.au/c-e/ho/air-education.html,Existing CM Trackers-Found,,,,,
sync.go.sonobi.com,Targeted Advertising Cookies (including social media) [Requires consent],"Sonobi, Inc",Beacon,-,,bench_update_duration,TRUE,https://www.CLIENT_X.com.au/,Existing CM Trackers-Found,,,,,
www.CLIENT_X.com.pe,Essential cookies (exempt from consent),CLIENT_X - Peru,JavaScript,blank (java),,bench_update_duration,,https://www.CLIENT_X.com.au/,New First Party Trackers,,,,,
CLIENT_X.se,Essential cookies (exempt from consent),CLIENT_X - Sweden,HTTP Cookie,li_cm_prefs_session,,bench_update_duration,TRUE,https://www.CLIENT_X.com.au/,Existing CM Trackers-Found,,,,,
respirtech.com,Essential cookies (exempt from consent),RespirTech,HTTP Cookie,s_cm_direct,,,TRUE,https://www.CLIENT_X.com.au/c-e/au/automotive-health-and-wellness/thermal-box.html,Existing CM Trackers-Found,,,,,
versuni.scene7.com,Performance cookies,Adobe Experience Cloud - Experience Manager,ETag,bench_new_T2_206,,,,https://www.CLIENT_X.com.au/c-f/XC000017093/how-to-clean-and-maintain-my-lor-barista-coffee-machine,New Third Party Trackers,,,,,
CLIENT_X.com.tw,Essential cookies (exempt from consent),CLIENT_X - Taiwan,HTTP Cookie,coveo_visitorId,,bench_update_duration,TRUE,https://www.CLIENT_X.com.au/c-p/BRI957_00/lumea-ipl-9000-series-ipl-hair-removal-device-with-senseiq,Existing CM Trackers-Found,,,,,
1rx.io,Targeted Advertising Cookies (including social media) [Requires consent],RhythmOne DBA Unruly Group Ltd,HTTP Cookie,_rxuuid,,364,,,Existing CM Trackers-Not Found,,,,,
lighting.CLIENT_X.com.au,Essential cookies,Signify (formerly CLIENT_X Lighting),HTTP Cookie,bench_new_T2_285,,,,,Existing CM Trackers-Not Found,,,,,
www.lighting.CLIENT_X.com.gh,Essential cookies (exempt from consent),Signify (formerly CLIENT_X Lighting),HTTP Cookie,customer_country,,,TRUE,https://www.CLIENT_X.com.au/c-f/XC000004909/how-do-i-use-the-attachments-on-my-CLIENT_X-epilator,Existing CM Trackers-Found,,,,,
www.supplierinnovation.CLIENT_X.com,Essential cookies (exempt from consent),Koninklijke CLIENT_X N.V.,HTTP Cookie,AWSALBCORS,,,,https://www.CLIENT_X.com.au/c-w/consumer-support/support-contact-page,New Third Party Trackers,,,,,
CLIENT_X.com.au,Essential cookies,CLIENT_X - Australia,HTTP Cookie,bench_new_T2_394,,400,TRUE,https://www.CLIENT_X.com.au/,Existing CM Trackers-Found,,,,,
www.abonnementen.CLIENT_X.nl,Essential cookies (exempt from consent),CLIENT_X - Netherlands,HTTP Cookie,ARRAffinity,,,,,Existing CM Trackers-Not Found,,,,,
www.CLIENT_X.com.au,Essential cookies,CLIENT_X - Australia,HTTP Cookie,_ga_failed_lookup_marker_1_642,,session,TRUE,https://www.CLIENT_X.com.au/,Existing CM Trackers-Found,,,,,
www.CLIENT_X.com.br,Essential cookies (exempt from consent),CLIENT_X - Brazil,HTTP Cookie,eddl_itc_list,,bench_update_duration,,,Existing CM Trackers-Not Found,,,,,
conversiontool.lighting.CLIENT_X.com,Targeted Advertising cookies (including social media),Koninklijke CLIENT_X N.V.,Local Storage,bench_new_T2_221,,,,,Existing CM Trackers-Not Found,,,,,
www.CLIENT_X.com.mx,Essential cookies (exempt from consent),CLIENT_X - Mexico,HTTP Cookie,AWSELB,,0,TRUE,https://www.CLIENT_X.com.au/,Existing CM Trackers-Found,,,,,
www.lighting.CLIENT_X.sk,Essential cookies (exempt from consent),Signify (formerly CLIENT_X Lighting),HTTP Cookie,d01-layout,,bench_update_duration,TRUE,https://www.CLIENT_X.com.au/,Existing CM Trackers-Found,,,,,
CLIENT_X.com.sg,Essential cookies (exempt from consent),CLIENT_X - Singapore,HTTP Cookie,notice_behavior,,bench_update_duration,,,Existing CM Trackers-Not Found,,,,,
www.healthcare.shop.CLIENT_X.com.au,Essential cookies,CLIENT_X - Australia,HTTP Cookie,_ga_failed_lookup_marker_1_648,,,,,Existing CM Trackers-Not Found,,,,,
assets.adoberesources.net,Performance cookies,Adobe Inc.,JavaScript,bench_new_T2_291,,,,,Existing CM Trackers-Not Found,,,,,
www.healthcare.shop.CLIENT_X.com.au,Essential cookies,CLIENT_X - Australia,HTTP Cookie,_ga_failed_lookup_marker_1_650,,,,,Existing CM Trackers-Not Found,,,,,
ct.pinterest.com,Targeted Advertising Cookies (including social media) [Requires consent],Pinterest,Beacon,-,,bench_update_duration,,,Existing CM Trackers-Not Found,,,,,
consent.trustarc.com,Essential cookies,TrustArc,JavaScript,_ga_failed_lookup_marker_1_652,,,TRUE,https://www.CLIENT_X.com.au/,Existing CM Trackers-Found,,,,,
www.CLIENT_X.com.au,Essential cookies (exempt from consent),CLIENT_X - Australia,HTTP Cookie,fl_qualified_entry,,729,TRUE,https://www.CLIENT_X.com.au/,Existing CM Trackers-Found,,,,,
healthcare.shop.CLIENT_X.com.au,Essential cookies,CLIENT_X - Australia,HTTP Cookie,_ga_failed_lookup_marker_1_654,,,,,Existing CM Trackers-Not Found,,,,,
CLIENT_X.com.mx,Essential cookies (exempt from consent),CLIENT_X - Mexico,HTTP Cookie,_schn2,,bench_update_duration,,,Existing CM Trackers-Not Found,,,,,
youtube.com,Targeted Advertising cookies (including social media),Google Advertising Products,HTTP Cookie,_ga_failed_lookup_marker_1_656,,180,TRUE,https://www.CLIENT_X.com.au/c-e/products.html,Existing CM Trackers-Found,,,,,
www.CLIENT_X.ru,Essential cookies (exempt from consent),CLIENT_X - Russia,HTTP Cookie,kampyle_userid,,,TRUE,https://www.CLIENT_X.com.au/c-f/XC000012903/how-to-clean-the-insideheating-element-of-my-CLIENT_X-airfryer,Existing CM Trackers-Found,,,,,
www.CLIENT_X.com.au,Essential cookies,CLIENT_X - Australia,HTTP Cookie,bench_new_T2_260,,1,,https://www.CLIENT_X.com.au/,New First Party Trackers,,,,,
CLIENT_X.com.ph,Essential cookies (exempt from consent),CLIENT_X - Philippines,HTTP Cookie,s_nrpv,,1,,https://www.CLIENT_X.com.au/,New First Party Trackers,,,,,
tr.line.me,Performance Cookies [Requires consent],LINE,Beacon,-,,,,https://www.CLIENT_X.com.au/,New Third Party Trackers,,,,,
consent.trustarc.com,Essential cookies,TrustArc,Beacon,_ga_failed_lookup_marker_1_661,,,TRUE,https://www.CLIENT_X.com.au/,Existing CM Trackers-Found,,,,,
CLIENT_X.co.za,Essential cookies (exempt from consent),CLIENT_X - South Africa,HTTP Cookie,FPID,,393,TRUE,https://www.CLIENT_X.com.au/,Existing CM Trackers-Found,,,,,
www.CLIENT_X.com.eg,Essential cookies (exempt from consent),CLIENT_X - Egypt,HTTP Cookie,_yi,,6,TRUE,https://www.CLIENT_X.com.au/,Existing CM Trackers-Found,,,,,
CLIENT_X.ch,Essential cookies (exempt from consent),CLIENT_X - Switzerland,HTTP Cookie,coveo_visitorId,,bench_update_duration,,,Existing CM Trackers-Not Found,,,,,
agent-versuni.mindtouch.us,Performance cookies,MindTouch,HTTP Cookie,bench_new_T2_374,,session,,https://www.CLIENT_X.com.au/c-f/XC000021443/my-CLIENT_X-fan-makes-an-unusual-noise-when-oscillating,New Third Party Trackers,,,,,
CLIENT_X.si,Essential cookies (exempt from consent),CLIENT_X - Slovenia,HTTP Cookie,TEST_AMCV_COOKIE_WRITE,,bench_update_duration,,,Existing CM Trackers-Not Found,,,,,
lighting.CLIENT_X.co.il,Essential cookies (exempt from consent),Signify (formerly CLIENT_X Lighting),HTTP Cookie,s_nr30,,bench_update_duration,TRUE,https://www.CLIENT_X.com.au/shop/order-search/search-input,Existing CM Trackers-Found,,,,,
static.socialminer.com,Targeted Advertising Cookies (including social media) [Requires consent],Social Miner,JavaScript,-,,bench_update_duration,,https://www.CLIENT_X.com.au/a-w/cookie-notice,New Third Party Trackers,,,,,
www.CLIENT_X.com.eg,Essential cookies (exempt from consent),CLIENT_X - Egypt,HTTP Cookie,p-gc35,,bench_update_duration,,,Existing CM Trackers-Not Found,,,,,
www.CLIENT_X.dk,Essential cookies (exempt from consent),CLIENT_X - Denmark,HTTP Cookie,mdLogger,,bench_update_duration,TRUE,https://www.CLIENT_X.com.au/c-m-au/car-lights/store-locator,Existing CM Trackers-Found,,,,,
www.CLIENT_X.de,Essential cookies (exempt from consent),CLIENT_X - Germany,HTTP Cookie,kampylePageLoadedTimestamp,,bench_update_duration,,,Existing CM Trackers-Not Found,,,,,
www.planguide.lighting.CLIENT_X.com,Performance Cookies [Requires consent],Signify (formerly CLIENT_X Lighting),ETag,-,,bench_update_duration,,,Existing CM Trackers-Not Found,,,,,
agent-versuni.mindtouch.us,Performance cookies,MindTouch,Beacon,_ga_failed_lookup_marker_1_673,,,,https://www.CLIENT_X.com.au/c-f/XC000021443/my-CLIENT_X-fan-makes-an-unusual-noise-when-oscillating,New Third Party Trackers,,,,,
official-static.91app.com,Performance Cookies [Requires consent],91App,ETag,-,,bench_update_duration,,,Existing CM Trackers-Not Found,,,,,
www.healthcare.shop.CLIENT_X.de,Essential cookies (exempt from consent),CLIENT_X - Germany,HTTP Cookie,kampyleUserSessionsCount,,,,,Existing CM Trackers-Not Found,,,,,
www.CLIENT_X.com,Performance cookies,Koninklijke CLIENT_X N.V.,ETag,_ga_failed_lookup_marker_1_676,,,TRUE,https://www.CLIENT_X.com.au/c-w/resources-and-education/resource-library.html,Existing CM Trackers-Found,,,,,
CLIENT_X.jo,Essential cookies (exempt from consent),CLIENT_X - Jordan,HTTP Cookie,s_eVar44,,,TRUE,https://www.CLIENT_X.com.au/c-f/XC000004909/how-do-i-use-the-attachments-on-my-CLIENT_X-epilator,Existing CM Trackers-Found,,,,,
www.CLIENT_X.se,Essential cookies (exempt from consent),CLIENT_X - Sweden,HTTP Cookie,AWSELBCORS,,0,,,Existing CM Trackers-Not Found,,,,,
CLIENT_X.com.au,Essential cookies,CLIENT_X - Australia,HTTP Cookie,_ga_failed_lookup_marker_1_679,,session,,https://www.CLIENT_X.com.au/,New First Party Trackers,,,,,
CLIENT_X.be,Essential cookies (exempt from consent),CLIENT_X - Belgium,HTTP Cookie,s_cm,,89,,,Existing CM Trackers-Not Found,,,,,
www.lighting.CLIENT_X.cz,Essential cookies (exempt from consent),Signify (formerly CLIENT_X Lighting),HTTP Cookie,AWSELB,,bench_update_duration,TRUE,https://www.CLIENT_X.com.au/c-e/forms/sfmc/avent-reward-interest.html,Existing CM Trackers-Found,,,,,
www.CLIENT_X.nl,Essential cookies (exempt from consent),CLIENT_X - Netherlands,HTTP Cookie,RT,,,,,Existing CM Trackers-Not Found,,,,,
www.CLIENT_X.ie,Essential cookies (exempt from consent),CLIENT_X - Ireland,HTTP Cookie,user_country,,0,TRUE,https://www.CLIENT_X.com.au/,Existing CM Trackers-Found,,,,,
content.syndigo.com,Targeted Advertising Cookies (including social media) [Requires consent],Syndigo (formerly Webcollage),JavaScript,-,,,,,Existing CM Trackers-Not Found,,,,,
www.CLIENT_X.co.za,Essential cookies (exempt from consent),CLIENT_X - South Africa,HTTP Cookie,user_country,,180,TRUE,https://www.CLIENT_X.com.au/c-e/forms/sfmc/avent-reward-interest.html,Existing CM Trackers-Found,,,,,
www.lighting.CLIENT_X.com.tr,Essential cookies (exempt from consent),Signify (formerly CLIENT_X Lighting),HTTP Cookie,s_int,,bench_update_duration,TRUE,https://www.CLIENT_X.com.au/,Existing CM Trackers-Found,,,,,
www.lighting.CLIENT_X.ma,Essential cookies (exempt from consent),Signify (formerly CLIENT_X Lighting),HTTP Cookie,customer_country,,,TRUE,https://www.CLIENT_X.com.au/c-e/ho/air-education.html,Existing CM Trackers-Found,,,,,
www.tco.lighting.CLIENT_X.com,Performance Cookies [Requires consent],Koninklijke CLIENT_X N.V.,JavaScript,-,,bench_update_duration,,https://www.CLIENT_X.com.au/,New First Party Trackers,,,,,
CLIENT_X.com.au,Performance cookies,CLIENT_X - Australia,HTTP Cookie,bench_new_T2_371,,session,TRUE,https://www.CLIENT_X.com.au/,Existing CM Trackers-Found,,,,,
www.lighting.CLIENT_X.com.eg,Essential cookies (exempt from consent),Signify (formerly CLIENT_X Lighting),HTTP Cookie,s_mc,,bench_update_duration,,,Existing CM Trackers-Not Found,,,,,
www.lighting.CLIENT_X.bg,Essential cookies (exempt from consent),Signify (formerly CLIENT_X Lighting),HTTP Cookie,customer_country,,bench_update_duration,TRUE,https://www.CLIENT_X.com.au/c-e/forms/sfmc/avent-reward-interest.html,Existing CM Trackers-Found,,,,,
www.coreline.lighting.CLIENT_X.com,Performance Cookies [Requires consent],Signify (formerly CLIENT_X Lighting),JavaScript,-,,,,,Existing CM Trackers-Not Found,,,,,
CLIENT_X.com.au,Essential cookies,CLIENT_X - Australia,HTTP Cookie,bench_new_T2_305,,,,,Existing CM Trackers-Not Found,,,,,
cdn.kueskipay.com,Performance Cookies [Requires consent],KueskiPay,ETag,-,,session,TRUE,https://www.CLIENT_X.com.au/,Existing CM Trackers-Found,,,,,
salesforce.com,Essential cookies,"Salesforce.com, Inc.",HTTP Cookie,_ga_failed_lookup_marker_1_695,,,,,Existing CM Trackers-Not Found,,,,,
www.CLIENT_X.com.au,Essential cookies,CLIENT_X - Australia,HTTP Cookie,_ga_failed_lookup_marker_1_696,,14,,https://www.CLIENT_X.com.au/,New First Party Trackers,,,,,
www.CLIENT_X.com.hk,Essential cookies (exempt from consent),CLIENT_X - Hong Kong,HTTP Cookie,p-hc-specialty,,,,,Existing CM Trackers-Not Found,,,,,
www.CLIENT_X.com.sg,Essential cookies (exempt from consent),CLIENT_X - Singapore,HTTP Cookie,kampyleUserSessionsCount,,bench_update_duration,,,Existing CM Trackers-Not Found,,,,,
widget-cdn.janraincapture.com,Performance cookies,Akamai,ETag,bench_new_T2_325,,,,,Existing CM Trackers-Not Found,,,,,
www.CLIENT_X.jo,Essential cookies (exempt from consent),CLIENT_X - Jordan,HTTP Cookie,kampyleUserPercentile,,bench_update_duration,TRUE,https://www.CLIENT_X.com.au/,Existing CM Trackers-Found,,,,,
www.CLIENT_X.com.au,Essential cookies,CLIENT_X - Australia,Beacon,bench_new_T2_234,,,TRUE,https://www.CLIENT_X.com.au/a-w/about,Existing CM Trackers-Found,,,,,
www.healthcare.shop.CLIENT_X.fr,Essential cookies (exempt from consent),CLIENT_X - France,HTTP Cookie,country_currency_rememberme_cookie,,bench_update_duration,,,Existing CM Trackers-Not Found,,,,,
CLIENT_X.co.il,Essential cookies (exempt from consent),CLIENT_X - Israel,HTTP Cookie,s_vtime,,,,,Existing CM Trackers-Not Found,,,,,
CLIENT_X.com.vn,Essential cookies (exempt from consent),CLIENT_X - Vietnam,HTTP Cookie,li_cm_prefs_session,,bench_update_duration,,,Existing CM Trackers-Not Found,,,,,
CLIENT_X.com.au,Essential cookies,CLIENT_X - Australia,HTTP Cookie,bench_new_T2_336,,400,TRUE,https://www.CLIENT_X.com.au/,Existing CM Trackers-Found,,,,,
line.me,Performance Cookies [Requires consent],LINE,HTTP Cookie,_ldbrbid,,bench_update_duration,,https://www.CLIENT_X.com.au/,Existing CM Trackers-Found,,,,,
cdn.channelsight.com,Essential cookies,ChannelSight,ETag,_ga_failed_lookup_marker_1_707,,,TRUE,https://www.CLIENT_X.com.au/c-e/ho/watercare/countertop-water-stations.html,Existing CM Trackers-Found,,,,,
igt-interactive-tour.com,Essential cookies (exempt from consent),Koninklijke CLIENT_X N.V.,HTTP Cookie,s_gnr,,,TRUE,https://www.CLIENT_X.com.au/c-f/XC000012903/how-to-clean-the-insideheating-element-of-my-CLIENT_X-airfryer,Existing CM Trackers-Found,,,,,
linksynergy.com,Targeted Advertising Cookies (including social media) [Requires consent],Rakuten Marketing LLC,HTTP Cookie,rmuid,,bench_update_duration,,,Existing CM Trackers-Not Found,,,,,
s.pinimg.com,Targeted Advertising Cookies (including social media) [Requires consent],Pinterest,JavaScript,-,,,,https://www.CLIENT_X.com.au/c-f/XC000017093/how-to-clean-and-maintain-my-lor-barista-coffee-machine,New Third Party Trackers,,,,,
CLIENT_X.at,Essential cookies (exempt from consent),CLIENT_X - Austria,HTTP Cookie,s_gnr,,729,TRUE,https://www.CLIENT_X.com.au/c-w/consumer-support/support-contact-page,Existing CM Trackers-Found,,,,,
stg.CLIENT_X.com.kw,Essential cookies (exempt from consent),CLIENT_X - Kuwait,HTTP Cookie,mdLogger,,,TRUE,https://www.CLIENT_X.com.au/,Existing CM Trackers-Found,,,,,
CLIENT_X.co.in,Essential cookies (exempt from consent),CLIENT_X - India,HTTP Cookie,TEST_AMCV_COOKIE,,bench_update_duration,TRUE,https://www.CLIENT_X.com.au/c-w/consumer-support/support-contact-page,Existing CM Trackers-Found,,,,,
www.CLIENT_X.com.qa,Essential cookies (exempt from consent),CLIENT_X - Qatar,HTTP Cookie,kampylePageLoadedTimestamp,,,,,Existing CM Trackers-Not Found,,,,,
CLIENT_X.co.th,Essential cookies (exempt from consent),CLIENT_X - Thailand,HTTP Cookie,TAsessionID,,bench_update_duration,,https://www.CLIENT_X.com.au/c-m-pe/hair-removal,New Third Party Trackers,,,,,
www.CLIENT_X.pt,Essential cookies (exempt from consent),CLIENT_X - Portugal,HTTP Cookie,kampylePageLoadedTimestamp,,bench_update_duration,,,Existing CM Trackers-Not Found,,,,,
www.CLIENT_X.com.br,Essential cookies (exempt from consent),CLIENT_X - Brazil,Beacon,blank (beacon),,365,TRUE,https://www.CLIENT_X.com.au/,Existing CM Trackers-Found,,,,,
www.lighting.CLIENT_X.hr,Essential cookies (exempt from consent),Signify (formerly CLIENT_X Lighting),HTTP Cookie,AWSELB,,0,,https://www.CLIENT_X.com.au/,New First Party Trackers,,,,,
company-target.com,Targeted Advertising cookies (including social media),"Demandbase, Inc.",HTTP Cookie,bench_new_T2_257,,396,,https://www.CLIENT_X.com.au/a-w/cookie-notice,New Third Party Trackers,,,,,
www.lighting.CLIENT_X.fi,Essential cookies (exempt from consent),Signify (formerly CLIENT_X Lighting),HTTP Cookie,CLIENT_X,,,TRUE,https://www.CLIENT_X.com.au/c-e/forms/sfmc/avent-reward-interest.html,Existing CM Trackers-Found,,,,,
CLIENT_X.com.ph,Essential cookies (exempt from consent),CLIENT_X - Philippines,HTTP Cookie,_tt_enable_cookie,,,,,Existing CM Trackers-Not Found,,,,,
CLIENT_X.es,Essential cookies (exempt from consent),CLIENT_X - Spain,HTTP Cookie,FPLC,,,,,Existing CM Trackers-Not Found,,,,,
amazon-adsystem.com,Targeted Advertising cookies (including social media),Amazon Ads,HTTP Cookie,_ga_failed_lookup_marker_1_723,,223,TRUE,https://www.CLIENT_X.com.au/,Existing CM Trackers-Found,,,,,
www.googleadservices.com,Targeted Advertising cookies (including social media),Google Advertising Products,ETag,_ga_failed_lookup_marker_1_724,,,,,Existing CM Trackers-Not Found,,,,,
CLIENT_X.co.za,Essential cookies (exempt from consent),CLIENT_X - South Africa,HTTP Cookie,iAdvize:splitGroup,,,,,Existing CM Trackers-Not Found,,,,,
CLIENT_X.pl,Essential cookies (exempt from consent),CLIENT_X - Poland,HTTP Cookie,at_check,,,TRUE,https://www.CLIENT_X.com.au/,Existing CM Trackers-Found,,,,,
www.CLIENT_X.com.au,Essential cookies,CLIENT_X - Australia,HTTP Cookie,_ga_failed_lookup_marker_1_727,,session,TRUE,https://www.CLIENT_X.com.au/,Existing CM Trackers-Found,,,,,
www.CLIENT_X.ma,Essential cookies (exempt from consent),CLIENT_X - Morocco,HTTP Cookie,kampyleUserPercentile,,bench_update_duration,TRUE,https://www.CLIENT_X.com.au/c-e/ho/air-education.html,Existing CM Trackers-Found,,,,,
lighting.CLIENT_X.com.au,Essential cookies (exempt from consent),Signify (formerly CLIENT_X Lighting),HTTP Cookie,s_nr,,bench_update_duration,,,Existing CM Trackers-Not Found,,,,,
www.CLIENT_X.com.hk,Essential cookies (exempt from consent),CLIENT_X - Hong Kong,HTTP Cookie,_scid_r,,,,,Existing CM Trackers-Not Found,,,,,
s.pinimg.com,Targeted Advertising Cookies (including social media) [Requires consent],Pinterest,ETag,-,,,,https://www.CLIENT_X.com.au/a-w/about,New Third Party Trackers,,,,,
www.CLIENT_X.com.sg,Essential cookies (exempt from consent),CLIENT_X - Singapore,HTTP Cookie,p-hc-catg,,,,,Existing CM Trackers-Not Found,,,,,
CLIENT_X.com,Essential cookies,Koninklijke CLIENT_X N.V.,HTTP Cookie,_ga_failed_lookup_marker_1_733,,,,,Existing CM Trackers-Not Found,,,,,
imgs.signifyd.com,Performance Cookies [Requires consent],Signifyd,HTTP Cookie,thx_guid,,bench_update_duration,,,Existing CM Trackers-Not Found,,,,,
www.youtube-nocookie.com,Preference cookies,Google Inc.,Local Storage,yt.innertube::requests,,bench_update_duration,,https://www.CLIENT_X.com.au/a-w/cookie-notice,New Third Party Trackers,,,,,
www.healthcare.shop.CLIENT_X.nl,Essential cookies (exempt from consent),CLIENT_X - Netherlands,HTTP Cookie,RT,,,TRUE,https://www.CLIENT_X.com.au/,Existing CM Trackers-Found,,,,,
www.CLIENT_X.com.au,Essential cookies,CLIENT_X - Australia,HTTP Cookie,bench_new_T2_297,,1,,https://www.CLIENT_X.com.au/,New First Party Trackers,,,,,
CLIENT_X.com.my,Essential cookies (exempt from consent),CLIENT_X - Malaysia,HTTP Cookie,s_eVar44,,bench_update_duration,TRUE,https://www.CLIENT_X.com.au/c-w/consumer-support/support-contact-page,Existing CM Trackers-Found,,,,,
CLIENT_X.jo,Essential cookies (exempt from consent),CLIENT_X - Jordan,HTTP Cookie,test,,bench_update_duration,TRUE,https://www.CLIENT_X.com.au/,Existing CM Trackers-Found,,,,,
CLIENT_X.ma,Essential cookies (exempt from consent),CLIENT_X - Morocco,HTTP Cookie,at_check,,bench_update_duration,TRUE,https://www.CLIENT_X.com.au/c-e/ho/air-education.html,Existing CM Trackers-Found,,,,,
www.CLIENT_X.ae,Essential cookies (exempt from consent),CLIENT_X - Middle East Arab,HTTP Cookie,eddl_itc_list,,bench_update_duration,TRUE,https://www.CLIENT_X.com.au/healthcare/product/HCIGTDINTRSGHT,Existing CM Trackers-Found,,,,,
www.tienda.CLIENT_X.com.co,Essential cookies (exempt from consent),CLIENT_X - Colombia,HTTP Cookie,VtexWorkspace,,bench_update_duration,,,Existing CM Trackers-Not Found,,,,,
media.net,Targeted Advertising Cookies (including social media) [Requires consent],Media.net Advertising FZ-LLC,HTTP Cookie,data-c,,bench_update_duration,TRUE,https://www.CLIENT_X.com.au/c-e/forms/sfmc/avent-reward-interest.html,Existing CM Trackers-Found,,,,,
www.lighting.CLIENT_X.com.sg,Essential cookies (exempt from consent),Signify (formerly CLIENT_X Lighting),HTTP Cookie,d01-layout,,,TRUE,https://www.CLIENT_X.com.au/,Existing CM Trackers-Found,,,,,
CLIENT_X.ch,Essential cookies (exempt from consent),CLIENT_X - Switzerland,HTTP Cookie,TEST_AMCV_COOKIE_WRITE,,bench_update_duration,,https://www.CLIENT_X.com.au/healthcare,New Third Party Trackers,,,,,
lighting.CLIENT_X.co.kr,Essential cookies (exempt from consent),Signify (formerly CLIENT_X Lighting),HTTP Cookie,s_pv,,session,TRUE,https://www.CLIENT_X.com.au/,Existing CM Trackers-Found,,,,,
versuni.scene7.com,Performance cookies,Adobe Experience Cloud - Experience Manager,ETag,bench_new_T2_337,,,,https://www.CLIENT_X.com.au/c-f/XC000017093/how-to-clean-and-maintain-my-lor-barista-coffee-machine,New Third Party Trackers,,,,,
www.subskrypcje-da.CLIENT_X.pl,Essential cookies (exempt from consent),CLIENT_X - Poland,HTTP Cookie,project_770_cart_subscription_token,,bench_update_duration,,https://www.CLIENT_X.com.au/a-w/cookie-notice,New Third Party Trackers,,,,,
www.subscription.CLIENT_X.es,Essential cookies (exempt from consent),CLIENT_X - Spain,HTTP Cookie,ARRAffinity,,bench_update_duration,,https://www.CLIENT_X.com.au/a-w/cookie-notice,New Third Party Trackers,,,,,
CLIENT_X.ee,Essential cookies (exempt from consent),CLIENT_X - Republic of Estonia,HTTP Cookie,_schn1,,bench_update_duration,,,Existing CM Trackers-Not Found,,,,,
www.shop.CLIENT_X.ee,Essential cookies (exempt from consent),CLIENT_X - Republic of Estonia,HTTP Cookie,wjecf_free_product_coupons,,bench_update_duration,TRUE,https://www.CLIENT_X.com.au/,Existing CM Trackers-Found,,,,,
lighting.CLIENT_X.co.id,Essential cookies (exempt from consent),Signify (formerly CLIENT_X Lighting),HTTP Cookie,s_ppvl,,session,TRUE,https://www.CLIENT_X.com.au/,Existing CM Trackers-Found,,,,,
www.CLIENT_X.com.mx,Essential cookies (exempt from consent),CLIENT_X - Mexico,HTTP Cookie,p-hc-specialty,,bench_update_duration,TRUE,https://www.CLIENT_X.com.au/,Existing CM Trackers-Found,,,,,
www.CLIENT_X.es,Essential cookies (exempt from consent),CLIENT_X - Spain,HTTP Cookie,ES_Pub-cartstatus-com,,bench_update_duration,,,Existing CM Trackers-Not Found,,,,,
snap.licdn.com,Performance cookies,LinkedIn,JavaScript,bench_new_T2_265,,,TRUE,https://www.CLIENT_X.com.au/c-e/ho/air-education.html,Existing CM Trackers-Found,,,,,
CLIENT_X.pl,Essential cookies (exempt from consent),CLIENT_X - Poland,HTTP Cookie,_ttp,,bench_update_duration,,,Existing CM Trackers-Not Found,,,,,
www.CLIENT_X.co.nz,Essential cookies (exempt from consent),CLIENT_X - New Zealand,Local Storage,blank (local storage),,15,,https://www.CLIENT_X.com.au/,New First Party Trackers,,,,,
www.CLIENT_X.com.au,Essential cookies (exempt from consent),CLIENT_X - Australia,HTTP Cookie,kampyleUserSession,,bench_update_duration,,,Existing CM Trackers-Not Found,,,,,
www.CLIENT_X.pl,Essential cookies (exempt from consent),CLIENT_X - Poland,HTTP Cookie,liveagent_ptid,,bench_update_duration,TRUE,https://www.CLIENT_X.com.au/,Existing CM Trackers-Found,,,,,
www.CLIENT_X.es,Essential cookies (exempt from consent),CLIENT_X - Spain,Local Storage,blank (local storage),,bench_update_duration,TRUE,https://www.CLIENT_X.com.au/c-p/GC012_00/-,Existing CM Trackers-Found,,,,,
CLIENT_X.com.tr,Essential cookies (exempt from consent),CLIENT_X - Turkey,HTTP Cookie,notice_behavior,,bench_update_duration,,,Existing CM Trackers-Not Found,,,,,
CLIENT_X.co.jp,Essential cookies (exempt from consent),CLIENT_X Electronics Corporation Japan,HTTP Cookie,coveo_visitorId,,bench_update_duration,TRUE,https://www.CLIENT_X.com.au/,Existing CM Trackers-Found,,,,,
linkedin.com,Targeted Advertising cookies (including social media),LinkedIn,HTTP Cookie,bench_new_T2_288,,365,TRUE,https://www.CLIENT_X.com.au/c-e/ho/air-education.html,Existing CM Trackers-Found,,,,,
CLIENT_X.fi,Essential cookies (exempt from consent),CLIENT_X - Finland,HTTP Cookie,s_tid,,,TRUE,https://www.CLIENT_X.com.au/,Existing CM Trackers-Found,,,,,
CLIENT_X.lv,Essential cookies (exempt from consent),CLIENT_X - Latvia,HTTP Cookie,FPID,,bench_update_duration,,https://www.CLIENT_X.com.au/,New First Party Trackers,,,,,
www.CLIENT_X.gr,Essential cookies (exempt from consent),CLIENT_X - Greece,JavaScript,blank (java),,90,,https://www.CLIENT_X.com.au/,New First Party Trackers,,,,,
acc.usa.CLIENT_X.com,Essential cookies (exempt from consent),Koninklijke CLIENT_X N.V.,Beacon,blank (beacon),,bench_update_duration,,,Existing CM Trackers-Not Found,,,,,
agent-versuni.mindtouch.us,Performance cookies,MindTouch,HTTP Cookie,bench_new_T2_259,,session,,https://www.CLIENT_X.com.au/c-f/XC000021443/my-CLIENT_X-fan-makes-an-unusual-noise-when-oscillating,New Third Party Trackers,,,,,
dev.CLIENT_X.com.vn,Essential cookies (exempt from consent),CLIENT_X - Vietnam,HTTP Cookie,AWSELB,,0,,,Existing CM Trackers-Not Found,,,,,
assets.api.useinsider.com,Targeted Advertising Cookies (including social media) [Requires consent],Insider,JavaScript,-,,,,,Existing CM Trackers-Not Found,,,,,
www.subscriptions.CLIENT_X.de,Essential cookies (exempt from consent),CLIENT_X - Germany,HTTP Cookie,kampyleUserSessionsCount,,392,TRUE,https://www.CLIENT_X.com.au/healthcare/e/sleep-and-respiratory-care/what-matters-most/our-patient-care,Existing CM Trackers-Found,,,,,
www.CLIENT_X.pl,Essential cookies (exempt from consent),CLIENT_X - Poland,HTTP Cookie,shop-health,,bench_update_duration,TRUE,https://www.CLIENT_X.com.au/c-f/XC000004909/how-do-i-use-the-attachments-on-my-CLIENT_X-epilator,Existing CM Trackers-Found,,,,,
amazon-adsystem.com,Targeted Advertising Cookies (including social media) [Requires consent],Amazon Advertising,HTTP Cookie,ad-id,,242,TRUE,https://www.CLIENT_X.com.au/c-p/BRI957_00/lumea-ipl-9000-series-ipl-hair-removal-device-with-senseiq,Existing CM Trackers-Found,,,,,
www.CLIENT_X.ma,Essential cookies (exempt from consent),CLIENT_X - Morocco,Beacon,blank (beacon),,bench_update_duration,TRUE,https://www.CLIENT_X.com.au/c-p/BRI957_00/lumea-ipl-9000-series-ipl-hair-removal-device-with-senseiq,Existing CM Trackers-Found,,,,,
platform-eu.cloud.coveo.com,Performance cookies,Coveo Solutions Inc.,Beacon,bench_new_T2_281,,,,,Existing CM Trackers-Not Found,,,,,
sync.console.adtarget.com.tr,Targeted Advertising Cookies (including social media) [Requires consent],Adtarget Teknoloji A.S.,ETag,-,,bench_update_duration,,,Existing CM Trackers-Not Found,,,,,
CLIENT_X.com.gh,Essential cookies (exempt from consent),CLIENT_X - Ghana,HTTP Cookie,at_check,,bench_update_duration,,,Existing CM Trackers-Not Found,,,,,
www.crsc.CLIENT_X.com,Targeted Advertising cookies (including social media),Koninklijke CLIENT_X N.V.,JavaScript,_ga_failed_lookup_marker_1_778,,,TRUE,https://www.CLIENT_X.com.au/shop/order-search/search-input,Existing CM Trackers-Found,,,,,
assets.adobedtm.com,Performance cookies,Adobe Inc.,JavaScript,bench_new_T2_393,,,TRUE,https://www.CLIENT_X.com.au/shop/order-search/search-input,Existing CM Trackers-Found,,,,,
cdn.cookiehub.eu,Targeted Advertising Cookies (including social media) [Requires consent],CookieHub,ETag,-,,bench_update_duration,,,Existing CM Trackers-Not Found,,,,,
raw.githubusercontent.com,Performance cookies,GitHub Inc.,ETag,bench_new_T2_264,,,TRUE,https://www.CLIENT_X.com.au/healthcare/support/distributors,Existing CM Trackers-Found,,,,,
CLIENT_X.gr,Essential cookies (exempt from consent),CLIENT_X - Greece,HTTP Cookie,da_lid,,bench_update_duration,TRUE,https://www.CLIENT_X.com.au/,Existing CM Trackers-Found,,,,,
www.CLIENT_X.com.co,Essential cookies (exempt from consent),CLIENT_X - Colombia,Beacon,blank (beacon),,,,,Existing CM Trackers-Not Found,,,,,
CLIENT_X.ch,Essential cookies (exempt from consent),CLIENT_X - Switzerland,HTTP Cookie,s_ugv,,bench_update_duration,TRUE,https://www.CLIENT_X.com.au/c-e/products.html,Existing CM Trackers-Found,,,,,
CLIENT_X.com.au,Essential cookies,CLIENT_X - Australia,HTTP Cookie,bench_new_T2_382,,89,,https://www.CLIENT_X.com.au/,New First Party Trackers,,,,,
CLIENT_X.cl,Essential cookies (exempt from consent),CLIENT_X - Chile,HTTP Cookie,biggy-session-CLIENT_Xcl,,7,,https://www.CLIENT_X.com.au/,New First Party Trackers,,,,,
s3-sa-east-1.amazonaws.com,Targeted Advertising Cookies (including social media) [Requires consent],Amazon (Web Services),JavaScript,-,,bench_update_duration,TRUE,https://www.CLIENT_X.com.au/healthcare/e/sleep-and-respiratory-care/what-matters-most/our-patient-care,Existing CM Trackers-Found,,,,,
partner.googleadservices.com,Targeted Advertising Cookies (including social media) [Requires consent],Google Advertising Products,JavaScript,-,,,,,Existing CM Trackers-Not Found,,,,,
mpsnare.iesnare.com,Targeted Advertising Cookies (including social media) [Requires consent],TransUnion,JavaScript,-,,,,,Existing CM Trackers-Not Found,,,,,
static.ticimax.cloud,Performance Cookies [Requires consent],Ticimax,ETag,-,,,TRUE,https://www.CLIENT_X.com.au/c-e/ho/watercare/countertop-water-stations.html,Existing CM Trackers-Found,,,,,
www.lampreplacementtool.CLIENT_X.com,Essential cookies (exempt from consent),Koninklijke CLIENT_X N.V.,JavaScript,-,,,,https://www.CLIENT_X.com.au/c-e/ho/air-education.html,New Third Party Trackers,,,,,
CLIENT_X.ch,Essential cookies (exempt from consent),CLIENT_X - Switzerland,HTTP Cookie,com.adobe.alloy.getTld,,bench_update_duration,,,Existing CM Trackers-Not Found,,,,,
*.fls.doubleclick.net,Targeted Advertising cookies (including social media),Google Advertising Products,Beacon,bench_new_T2_289,,,,,Existing CM Trackers-Not Found,,,,,
www.CLIENT_X.pt,Essential cookies (exempt from consent),CLIENT_X - Portugal,HTTP Cookie,T01-recentlyViewedProducts,,bench_update_duration,TRUE,https://www.CLIENT_X.com.au/,Existing CM Trackers-Found,,,,,
www.dentiste.CLIENT_X.fr,Essential cookies (exempt from consent),CLIENT_X - France,HTTP Cookie,PHPSESSID,,bench_update_duration,TRUE,https://www.CLIENT_X.com.au/,Existing CM Trackers-Found,,,,,
www.healthcare.shop.CLIENT_X.com.au,Targeted Advertising cookies (including social media),CLIENT_X - Australia,HTTP Cookie,_ga_failed_lookup_marker_1_796,,,,,Existing CM Trackers-Not Found,,,,,
www.lighting.CLIENT_X.com.vn,Essential cookies (exempt from consent),Signify (formerly CLIENT_X Lighting),HTTP Cookie,BCTempID,,,,,Existing CM Trackers-Not Found,,,,,
www.lighting.CLIENT_X.co.id,Essential cookies (exempt from consent),Signify (formerly CLIENT_X Lighting),HTTP Cookie,BCTempID,,bench_update_duration,,https://www.CLIENT_X.com.au/,New First Party Trackers,,,,,
static.doubleclick.net,Targeted Advertising Cookies (including social media) [Requires consent],Google Advertising Products,JavaScript,-,,session,,https://www.CLIENT_X.com.au/,New First Party Trackers,,,,,
www.CLIENT_X.ch,Essential cookies (exempt from consent),CLIENT_X - Switzerland,HTTP Cookie,AWSELB,,0,,,Existing CM Trackers-Not Found,,,,,
www.lighting.CLIENT_X.com.my,Essential cookies (exempt from consent),Signify (formerly CLIENT_X Lighting),Local Storage,blank (local storage),,,,,Existing CM Trackers-Not Found,,,,,
www.respirtech.com,Essential cookies (exempt from consent),RespirTech,HTTP Cookie,eddl_gtm_qe_session_start_6523424625,,,TRUE,https://www.CLIENT_X.com.au/c-m-au/car-lights/store-locator,Existing CM Trackers-Found,,,,,
ad.doubleclick.net,Targeted Advertising cookies (including social media),Google Advertising Products,Beacon,_ga_failed_lookup_marker_1_803,,,TRUE,https://www.CLIENT_X.com.au/,Existing CM Trackers-Found,,,,,
CLIENT_X.dk,Essential cookies (exempt from consent),CLIENT_X - Denmark,HTTP Cookie,s_cc,,,,,Existing CM Trackers-Not Found,,,,,
CLIENT_X.ro,Essential cookies (exempt from consent),CLIENT_X - Romania,HTTP Cookie,coveo_visitorId,,bench_update_duration,TRUE,https://www.CLIENT_X.com.au/,Existing CM Trackers-Found,,,,,
CLIENT_X.com.cn,Essential cookies (exempt from consent),CLIENT_X - China,HTTP Cookie,s_fid,,,,,Existing CM Trackers-Not Found,,,,,
usa.CLIENT_X.com,Essential cookies (exempt from consent),Koninklijke CLIENT_X N.V.,HTTP Cookie,_yi,,bench_update_duration,TRUE,https://www.CLIENT_X.com.au/,Existing CM Trackers-Found,,,,,
CLIENT_X.ch,Essential cookies (exempt from consent),CLIENT_X - Switzerland,HTTP Cookie,_gcl_au,,bench_update_duration,,https://www.CLIENT_X.com.au/healthcare,New Third Party Trackers,,,,,
consent.trustarc.com,Essential cookies,TrustArc,JavaScript,_ga_failed_lookup_marker_1_809,,,TRUE,https://www.CLIENT_X.com.au/,Existing CM Trackers-Found,,,,,
www.centralamerica.CLIENT_X.com,Essential cookies (exempt from consent),Koninklijke CLIENT_X N.V.,HTTP Cookie,liveagent_sid,,bench_update_duration,TRUE,https://www.CLIENT_X.com.au/,Existing CM Trackers-Found,,,,,
lighting.CLIENT_X.com.au,Essential cookies,Signify (formerly CLIENT_X Lighting),HTTP Cookie,_ga_failed_lookup_marker_1_811,,,,,Existing CM Trackers-Not Found,,,,,
www.CLIENT_X.com.br,Essential cookies (exempt from consent),CLIENT_X - Brazil,HTTP Cookie,test,,,,,Existing CM Trackers-Not Found,,,,,
h64.online-metrix.net,Performance cookies,LexisNexis Risk Solutions (formerly ThreatMetrix),JavaScript,bench_new_T2_321,,,TRUE,https://www.CLIENT_X.com.au/c-p/GC012_00/-,Existing CM Trackers-Found,,,,,
www.lighting.CLIENT_X.co.kr,Essential cookies (exempt from consent),Signify (formerly CLIENT_X Lighting),HTTP Cookie,s_sid,,bench_update_duration,,,Existing CM Trackers-Not Found,,,,,
CLIENT_X.com.au,Targeted Advertising cookies (including social media),CLIENT_X - Australia,HTTP Cookie,_ga_failed_lookup_marker_1_815,,90,TRUE,https://www.CLIENT_X.com.au/,Existing CM Trackers-Found,,,,,
CLIENT_X.co.uk,Essential cookies (exempt from consent),CLIENT_X - United Kingdom,HTTP Cookie,s_gnr,,bench_update_duration,TRUE,https://www.CLIENT_X.com.au/c-e/ho/air-education.html,Existing CM Trackers-Found,,,,,
www.CLIENT_X.dk,Essential cookies (exempt from consent),CLIENT_X - Denmark,HTTP Cookie,eddl_gtm_qe_session_start_6523424625,,,,,Existing CM Trackers-Not Found,,,,,
www.CLIENT_X.com.kw,Essential cookies (exempt from consent),CLIENT_X - Kuwait,HTTP Cookie,_y2,,bench_update_duration,,,Existing CM Trackers-Not Found,,,,,
CLIENT_X.fi,Essential cookies (exempt from consent),CLIENT_X - Finland,HTTP Cookie,TAsessionID,,,TRUE,https://www.CLIENT_X.com.au/,Existing CM Trackers-Found,,,,,
CLIENT_X.co.kr,Essential cookies (exempt from consent),CLIENT_X - Korea,HTTP Cookie,s_nrpv,,bench_update_duration,,,Existing CM Trackers-Not Found,,,,,
tremorhub.com,Targeted Advertising cookies (including social media),"Magnite CTV, Inc.",HTTP Cookie,_ga_failed_lookup_marker_1_821,,365,,https://www.CLIENT_X.com.au/healthcare,New Third Party Trackers,,,,,
www.healthcare.shop.CLIENT_X.com.au,Essential cookies,CLIENT_X - Australia,Beacon,bench_new_T2_250,,,,,Existing CM Trackers-Not Found,,,,,
www.CLIENT_X.co.th,Essential cookies (exempt from consent),CLIENT_X - Thailand,HTTP Cookie,fl_qualified_entry,,bench_update_duration,,,Existing CM Trackers-Not Found,,,,,
www.CLIENT_X.de,Essential cookies (exempt from consent),CLIENT_X - Germany,HTTP Cookie,ws-id,,,,,Existing CM Trackers-Not Found,,,,,
www.conversiontool.lighting.CLIENT_X.com,Performance Cookies [Requires consent],Signify (formerly CLIENT_X Lighting),JavaScript,-,,,,,Existing CM Trackers-Not Found,,,,,
CLIENT_X.ae,Essential cookies (exempt from consent),CLIENT_X - Middle East Arab,HTTP Cookie,iAdvize:splitGroup,,,,https://www.CLIENT_X.com.au/en-AU/about/news-and-insights/all,New Third Party Trackers,,,,,
www.CLIENT_X.ch,Essential cookies (exempt from consent),CLIENT_X - Switzerland,HTTP Cookie,_sdsat_Ub,,bench_update_duration,TRUE,https://www.CLIENT_X.com.au/,Existing CM Trackers-Found,,,,,
www.CLIENT_X.at,Essential cookies (exempt from consent),CLIENT_X - Austria,HTTP Cookie,kampyleUserSession,,729,,,Existing CM Trackers-Not Found,,,,,
CLIENT_Xb2c.my.site.com,Performance cookies,"Salesforce.com, Inc.",ETag,bench_new_T2_287,,,TRUE,https://www.CLIENT_X.com.au/c-w/consumer-support/support-contact-page,Existing CM Trackers-Found,,,,,
CLIENT_X.ae,Essential cookies (exempt from consent),CLIENT_X - Middle East Arab,HTTP Cookie,_fbp,,bench_update_duration,,,Existing CM Trackers-Not Found,,,,,
eloqua.com,Essential cookies,Oracle Marketing,HTTP Cookie,bench_new_T2_388,,392,TRUE,https://www.CLIENT_X.com.au/healthcare/e/sleep-and-respiratory-care/what-matters-most/our-patient-care,Existing CM Trackers-Found,,,,,
CLIENT_X.si,Essential cookies (exempt from consent),CLIENT_X - Slovenia,HTTP Cookie,li_cm_prefs_session,,bench_update_duration,TRUE,https://www.CLIENT_X.com.au/c-w/resources-and-education/resource-library.html,Existing CM Trackers-Found,,,,,
casalemedia.com,Targeted Advertising cookies (including social media),Index Exchange Inc.,HTTP Cookie,bench_new_T2_304,,90,,https://www.CLIENT_X.com.au/healthcare,New Third Party Trackers,,,,,
code.jquery.com,Performance cookies,jQuery,JavaScript,bench_new_T2_274,,,,,Existing CM Trackers-Not Found,,,,,
CLIENT_X.ru,Essential cookies (exempt from consent),CLIENT_X - Russia,HTTP Cookie,_gcl_au,,,,https://www.CLIENT_X.com.au/a-w/about,New Third Party Trackers,,,,,
www.CLIENT_X.rs,Essential cookies (exempt from consent),CLIENT_X - Serbia,HTTP Cookie,p-hc-catg,,bench_update_duration,,,Existing CM Trackers-Not Found,,,,,
www.CLIENT_X.com.au,Essential cookies,CLIENT_X - Australia,JavaScript,_ga_failed_lookup_marker_1_837,,,TRUE,https://www.CLIENT_X.com.au/,Existing CM Trackers-Found,,,,,
CLIENT_X.com.my,Essential cookies (exempt from consent),CLIENT_X - Malaysia,HTTP Cookie,com.adobe.alloy.getTld,,bench_update_duration,,,Existing CM Trackers-Not Found,,,,,
www.healthcare.shop.CLIENT_X.co.uk,Essential cookies (exempt from consent),CLIENT_X - United Kingdom,HTTP Cookie,eddl_gtm_qe_session_start_6523424625,,bench_update_duration,,,Existing CM Trackers-Not Found,,,,,
www.shop.CLIENT_X.ee,Essential cookies (exempt from consent),CLIENT_X - Republic of Estonia,JavaScript,blank (java),,,,,Existing CM Trackers-Not Found,,,,,
www.centralamerica.CLIENT_X.com,Essential cookies (exempt from consent),Koninklijke CLIENT_X N.V.,HTTP Cookie,AWSELB,,bench_update_duration,,,Existing CM Trackers-Not Found,,,,,
www.lighting.CLIENT_X.at,Essential cookies (exempt from consent),Signify (formerly CLIENT_X Lighting),HTTP Cookie,remember_customer_type,,bench_update_duration,,,Existing CM Trackers-Not Found,,,,,
usa.CLIENT_X.com,Essential cookies (exempt from consent),Koninklijke CLIENT_X N.V.,HTTP Cookie,_y2,,bench_update_duration,,https://www.CLIENT_X.com.au/,New First Party Trackers,,,,,
CLIENT_X.com.au,Essential cookies,CLIENT_X - Australia,HTTP Cookie,bench_new_T2_261,,session,TRUE,https://www.CLIENT_X.com.au/,Existing CM Trackers-Found,,,,,
CLIENT_X.hu,Essential cookies (exempt from consent),CLIENT_X - Hungary,HTTP Cookie,_gcl_au,,bench_update_duration,,,Existing CM Trackers-Not Found,,,,,
CLIENT_X.ua,Essential cookies (exempt from consent),CLIENT_X - Ukraine,HTTP Cookie,s_eVar8,,,,,Existing CM Trackers-Not Found,,,,,
CLIENT_X.co.jp,Essential cookies (exempt from consent),CLIENT_X Electronics Corporation Japan,HTTP Cookie,test,,bench_update_duration,TRUE,https://www.CLIENT_X.com.au/c-e/products.html,Existing CM Trackers-Found,,,,,
cdnjs.cloudflare.com,Performance cookies,Cloudflare,ETag,_ga_failed_lookup_marker_1_848,,,,,Existing CM Trackers-Not Found,,,,,
www.CLIENT_X.com.ph,Essential cookies (exempt from consent),CLIENT_X - Philippines,HTTP Cookie,test,,bench_update_duration,TRUE,https://www.CLIENT_X.com.au/c-e/products.html,Existing CM Trackers-Found,,,,,
CLIENT_X.com.hk,Essential cookies (exempt from consent),CLIENT_X - Hong Kong,HTTP Cookie,TEST_AMCV_COOKIE_WRITE,,bench_update_duration,,,Existing CM Trackers-Not Found,,,,,
www.CLIENT_X.co.il,Essential cookies (exempt from consent),CLIENT_X - Israel,HTTP Cookie,kampyle_userid,,bench_update_duration,,,Existing CM Trackers-Not Found,,,,,
CLIENT_X.es,Essential cookies (exempt from consent),CLIENT_X - Spain,HTTP Cookie,_fbp,,,TRUE,https://www.CLIENT_X.com.au/c-w/consumer-support/support-contact-page,Existing CM Trackers-Found,,,,,
stg.CLIENT_X.ru,Essential cookies (exempt from consent),CLIENT_X - Russia,HTTP Cookie,kampyle_userid,,365,TRUE,https://www.CLIENT_X.com.au/,Existing CM Trackers-Found,,,,,
imgs.signifyd.com,Targeted Advertising Cookies (including social media) [Requires consent],Signifyd,JavaScript,-,,0,TRUE,https://www.CLIENT_X.com.au/,Existing CM Trackers-Found,,,,,
CLIENT_X.com.co,Essential cookies (exempt from consent),CLIENT_X - Colombia,HTTP Cookie,_scid_r,,bench_update_duration,,https://www.CLIENT_X.com.au/a-w/cookie-notice,New Third Party Trackers,,,,,
CLIENT_X.com.hk,Essential cookies (exempt from consent),CLIENT_X - Hong Kong,HTTP Cookie,TAsessionID,,bench_update_duration,TRUE,https://www.CLIENT_X.com.au/,Existing CM Trackers-Found,,,,,
munchkin.marketo.net,Targeted Advertising Cookies (including social media) [Requires consent],Marketo,JavaScript,-,,bench_update_duration,,,Existing CM Trackers-Not Found,,,,,
www.CLIENT_X.com.au,Essential cookies,CLIENT_X - Australia,HTTP Cookie,_ga_failed_lookup_marker_1_858,,session,TRUE,https://www.CLIENT_X.com.au/,Existing CM Trackers-Found,,,,,
recaptcha.net,Performance cookies,Google Inc.,Local Storage,bench_new_T2_351,,,,,Existing CM Trackers-Not Found,,,,,
.google.com,Targeted Advertising Cookies (including social media) [Requires consent],Google Inc.,HTTP Cookie,__Secure-ENID,,395,,,Existing CM Trackers-Not Found,,,,,
www.CLIENT_X.co.jp,Essential cookies (exempt from consent),CLIENT_X Electronics Corporation Japan,HTTP Cookie,kampylePageLoadedTimestamp,,,,https://www.CLIENT_X.com.au/c-f/XC000021443/my-CLIENT_X-fan-makes-an-unusual-noise-when-oscillating,New Third Party Trackers,,,,,
www.CLIENT_X.co.il,Essential cookies (exempt from consent),CLIENT_X - Israel,HTTP Cookie,AWSELBCORS,,0,,,Existing CM Trackers-Not Found,,,,,
www.lighting.CLIENT_X.com.vn,Essential cookies (exempt from consent),Signify (formerly CLIENT_X Lighting),HTTP Cookie,s_sid,,,,,Existing CM Trackers-Not Found,,,,,
www.healthcare.shop.CLIENT_X.com.au,Essential cookies,CLIENT_X - Australia,HTTP Cookie,_ga_failed_lookup_marker_1_864,,,,,Existing CM Trackers-Not Found,,,,,
www.CLIENT_X.ru,Essential cookies (exempt from consent),CLIENT_X - Russia,HTTP Cookie,mdLogger,,,,,Existing CM Trackers-Not Found,,,,,
www.respirtech.com,Essential cookies (exempt from consent),RespirTech,JavaScript,blank (java),,,TRUE,https://www.CLIENT_X.com.au/,Existing CM Trackers-Found,,,,,
acc.usa.CLIENT_X.com,Essential cookies (exempt from consent),Koninklijke CLIENT_X N.V.,HTTP Cookie,__attentive_ss_referrer,,bench_update_duration,TRUE,https://www.CLIENT_X.com.au/,Existing CM Trackers-Found,,,,,
lighting.CLIENT_X.com.hk,Essential cookies (exempt from consent),CLIENT_X - Hong Kong,HTTP Cookie,s_nr,,bench_update_duration,TRUE,https://www.CLIENT_X.com.au/,Existing CM Trackers-Found,,,,,
www.CLIENT_X.com.kw,Essential cookies (exempt from consent),CLIENT_X - Kuwait,HTTP Cookie,liveagent_sid,,bench_update_duration,,https://www.CLIENT_X.com.au/healthcare/solutions/sleep-and-respiratory-care/sleep-therapy-software/sleep-therapy-software,Existing CM Trackers-Found,,,,,
acc.usa.CLIENT_X.com,Essential cookies (exempt from consent),Koninklijke CLIENT_X N.V.,JavaScript,blank (java),,,TRUE,https://www.CLIENT_X.com.au/c-w/consumer-support/support-contact-page,Existing CM Trackers-Found,,,,,
c.go-mpulse.net,Performance cookies,Akamai,JavaScript,_ga_failed_lookup_marker_1_871,,,,,Existing CM Trackers-Not Found,,,,,
cdn-scripts.signifyd.com,Essential cookies,Signifyd,ETag,_ga_failed_lookup_marker_1_872,,,TRUE,https://www.CLIENT_X.com.au/,Existing CM Trackers-Found,,,,,
lighting.CLIENT_X.com.pe,Essential cookies (exempt from consent),Signify (formerly CLIENT_X Lighting),HTTP Cookie,com.adobe.alloy.getTld,,bench_update_duration,TRUE,https://www.CLIENT_X.com.au/,Existing CM Trackers-Found,,,,,
www.shop.CLIENT_X.lv,Essential cookies (exempt from consent),CLIENT_X - Latvia,ETag,blank (etag),,bench_update_duration,TRUE,https://www.CLIENT_X.com.au/,Existing CM Trackers-Found,,,,,
www.CLIENT_X.dk,Essential cookies (exempt from consent),CLIENT_X - Denmark,HTTP Cookie,kampyleUserSessionsCount,,90,,https://www.CLIENT_X.com.au/healthcare,New Third Party Trackers,,,,,
www.CLIENT_X.com.br,Essential cookies (exempt from consent),CLIENT_X - Brazil,HTTP Cookie,eddl_gtm_qe_session_start_6523424625,,,,,Existing CM Trackers-Not Found,,,,,
CLIENT_X.nl,Essential cookies (exempt from consent),CLIENT_X - Netherlands,HTTP Cookie,TAsessionID,,bench_update_duration,TRUE,https://www.CLIENT_X.com.au/shop/order-search/search-input,Existing CM Trackers-Found,,,,,
www.CLIENT_X.com.my,Essential cookies (exempt from consent),CLIENT_X - Malaysia,HTTP Cookie,kampyle_userid,,bench_update_duration,TRUE,https://www.CLIENT_X.com.au/,Existing CM Trackers-Found,,,,,
versuni.scene7.com,Performance cookies,Adobe Experience Cloud - Experience Manager,ETag,bench_new_T2_209,,,,https://www.CLIENT_X.com.au/c-f/XC000017093/how-to-clean-and-maintain-my-lor-barista-coffee-machine,New Third Party Trackers,,,,,
CLIENT_X.com.ar,Essential cookies (exempt from consent),CLIENT_X - Argentina,HTTP Cookie,FPID,,bench_update_duration,,,Existing CM Trackers-Not Found,,,,,
www.CLIENT_X.lv,Essential cookies (exempt from consent),CLIENT_X - Latvia,HTTP Cookie,eddl_gtm_qe_session_start_6523424625,,90,TRUE,https://www.CLIENT_X.com.au/,Existing CM Trackers-Found,,,,,
www.CLIENT_X.es,Essential cookies (exempt from consent),CLIENT_X - Spain,HTTP Cookie,kampylePageLoadedTimestamp,,,TRUE,https://www.CLIENT_X.com.au/,Existing CM Trackers-Found,,,,,
www.CLIENT_X.rs,Essential cookies (exempt from consent),CLIENT_X - Serbia,HTTP Cookie,_sdsat_pgm_optin,,,TRUE,https://www.CLIENT_X.com.au/c-p/BRI957_00/lumea-ipl-9000-series-ipl-hair-removal-device-with-senseiq,Existing CM Trackers-Found,,,,,
smetrics.marketing.CLIENT_X-hue.com,Targeted Advertising Cookies (including social media) [Requires consent],CLIENT_X Hue,JavaScript,-,,,TRUE,https://www.CLIENT_X.com.au/c-w/consumer-support/support-contact-page,Existing CM Trackers-Found,,,,,
www.CLIENT_X.com.vn,Essential cookies (exempt from consent),CLIENT_X - Vietnam,HTTP Cookie,eddl_gtm_qe_session_start_6523424625,,396,,https://www.CLIENT_X.com.au/a-w/cookie-notice,New Third Party Trackers,,,,,
www.CLIENT_X.sk,Essential cookies (exempt from consent),CLIENT_X - Slovakia,HTTP Cookie,kampyleUserSession,,bench_update_duration,,,Existing CM Trackers-Not Found,,,,,
CLIENT_X.com.vn,Essential cookies (exempt from consent),CLIENT_X - Vietnam,HTTP Cookie,mboxEdgeCluster,,,TRUE,https://www.CLIENT_X.com.au/,Existing CM Trackers-Found,,,,,
www.tienda.CLIENT_X.com.co,Essential cookies (exempt from consent),CLIENT_X - Colombia,HTTP Cookie,vtex_segment,,365,TRUE,https://www.CLIENT_X.com.au/,Existing CM Trackers-Found,,,,,
www.CLIENT_X.co.kr,Essential cookies (exempt from consent),CLIENT_X - Korea,HTTP Cookie,_scid,,bench_update_duration,,,Existing CM Trackers-Not Found,,,,,
cdn-scripts.signifyd.com,Essential cookies,Signifyd,JavaScript,_ga_failed_lookup_marker_1_890,,,TRUE,https://www.CLIENT_X.com.au/,Existing CM Trackers-Found,,,,,
tracker-detail-page.trustarc.com,Essential cookies,TrustArc,JavaScript,bench_new_T2_331,,,,https://www.CLIENT_X.com.au/a-w/cookie-notice,New Third Party Trackers,,,,,
www.CLIENT_X.ro,Essential cookies (exempt from consent),CLIENT_X - Romania,HTTP Cookie,ws-id,,,,,Existing CM Trackers-Not Found,,,,,
CLIENT_X.com.au,Targeted Advertising cookies (including social media),CLIENT_X - Australia,HTTP Cookie,_ga_failed_lookup_marker_1_893,,90,TRUE,https://www.CLIENT_X.com.au/,Existing CM Trackers-Found,,,,,
CLIENT_X.ua,Essential cookies (exempt from consent),CLIENT_X - Ukraine,HTTP Cookie,s_cc,,,,,Existing CM Trackers-Not Found,,,,,
CLIENT_X.com,Essential cookies (exempt from consent),Koninklijke CLIENT_X N.V.,HTTP Cookie,s_ria,,bench_update_duration,,,Existing CM Trackers-Not Found,,,,,
www.lighting.CLIENT_X.co.in,Essential cookies (exempt from consent),Signify (formerly CLIENT_X Lighting),HTTP Cookie,customer_language_accept,,,TRUE,https://www.CLIENT_X.com.au/c-e/ho/air-education.html,Existing CM Trackers-Found,,,,,
CLIENT_X.sa,Essential cookies (exempt from consent),CLIENT_X - Kingdom of Saudi Arabia,HTTP Cookie,_scid_r,,bench_update_duration,TRUE,https://www.CLIENT_X.com.au/,Existing CM Trackers-Found,,,,,
www.lighting.CLIENT_X.com.ph,Essential cookies (exempt from consent),CLIENT_X - Philippines,Local Storage,blank (local storage),,session,,https://www.CLIENT_X.com.au/,New First Party Trackers,,,,,
www.respirtech.com,Essential cookies (exempt from consent),RespirTech,HTTP Cookie,kampyleUserSession,,,,,Existing CM Trackers-Not Found,,,,,
www.accounts.CLIENT_X.ru,Essential cookies (exempt from consent),CLIENT_X - Russia,HTTP Cookie,__Secure-aic_3psb_c2a48310-9715-3beb-895e-000000000000,,bench_update_duration,TRUE,https://www.CLIENT_X.com.au/,Existing CM Trackers-Found,,,,,
www.store-CLIENT_X.tw,Essential cookies (exempt from consent),CLIENT_X Store - Taiwan,HTTP Cookie,_cft_uid,,bench_update_duration,TRUE,https://www.CLIENT_X.com.au/c-p/BRI957_00/lumea-ipl-9000-series-ipl-hair-removal-device-with-senseiq,Existing CM Trackers-Found,,,,,
lighting.CLIENT_X.com.au,Essential cookies,Signify (formerly CLIENT_X Lighting),HTTP Cookie,_ga_failed_lookup_marker_1_902,,,,,Existing CM Trackers-Not Found,,,,,
tst.CLIENT_X.com.vn,Essential cookies (exempt from consent),CLIENT_X - Vietnam,JavaScript,blank (java),,,,,Existing CM Trackers-Not Found,,,,,
CLIENT_X.ru,Essential cookies (exempt from consent),CLIENT_X - Russia,HTTP Cookie,_abck,,,,https://www.CLIENT_X.com.au/healthcare/e/sleep-and-respiratory-care/what-matters-most/our-patient-care,Existing CM Trackers-Found,,,,,
CLIENT_X.ng,Essential cookies (exempt from consent),CLIENT_X - Nigeria,HTTP Cookie,s_pv,,0,TRUE,https://www.CLIENT_X.com.au/,Existing CM Trackers-Found,,,,,
www.lighting.CLIENT_X.bg,Essential cookies (exempt from consent),Signify (formerly CLIENT_X Lighting),JavaScript,blank (java),,bench_update_duration,,https://www.CLIENT_X.com.au/a-w/about,New Third Party Trackers,,,,,
CLIENT_X.com.pe,Essential cookies (exempt from consent),CLIENT_X - Peru,HTTP Cookie,_fbp,,bench_update_duration,,,Existing CM Trackers-Not Found,,,,,
www.CLIENT_X.fi,Essential cookies (exempt from consent),CLIENT_X - Finland,HTTP Cookie,p-hc-specialty,,400,,https://www.CLIENT_X.com.au/c-f/XC000021443/my-CLIENT_X-fan-makes-an-unusual-noise-when-oscillating,New Third Party Trackers,,,,,
CLIENT_X.co.il,Essential cookies (exempt from consent),CLIENT_X - Israel,HTTP Cookie,zScalerUser,,bench_update_duration,TRUE,https://www.CLIENT_X.com.au/c-e/ho/air-education.html,Existing CM Trackers-Found,,,,,
www.lighting.CLIENT_X.fi,Essential cookies (exempt from consent),Signify (formerly CLIENT_X Lighting),Local Storage,blank (local storage),,0,TRUE,https://www.CLIENT_X.com.au/,Existing CM Trackers-Found,,,,,
snap.licdn.com,Performance cookies,LinkedIn,JavaScript,bench_new_T2_370,,,TRUE,https://www.CLIENT_X.com.au/c-e/ho/air-education.html,Existing CM Trackers-Found,,,,,
CLIENT_X.com.au,Essential cookies,CLIENT_X - Australia,HTTP Cookie,_ga_failed_lookup_marker_1_912,,session,TRUE,https://www.CLIENT_X.com.au/,Existing CM Trackers-Found,,,,,
nebula-cdn.kampyle.com,Performance cookies,Medallia,JavaScript,bench_new_T2_201,,,TRUE,https://www.CLIENT_X.com.au/,Existing CM Trackers-Found,,,,,
www.CLIENT_X.com.eg,Essential cookies (exempt from consent),CLIENT_X - Egypt,HTTP Cookie,kampyleSessionPageCounter,,bench_update_duration,,https://www.CLIENT_X.com.au/c-m-pe/hair-removal,New Third Party Trackers,,,,,
CLIENT_X.com.kw,Essential cookies (exempt from consent),CLIENT_X - Kuwait,HTTP Cookie,da_sid,,,,,Existing CM Trackers-Not Found,,,,,
smetrics.marketing.lighting.CLIENT_X.co.jp,Essential cookies (exempt from consent),CLIENT_X Electronics Corporation Japan,JavaScript,blank (java),,bench_update_duration,,,Existing CM Trackers-Not Found,,,,,
CLIENT_X.com.au,Performance cookies,CLIENT_X - Australia,HTTP Cookie,_ga_failed_lookup_marker_1_917,,,,,Existing CM Trackers-Not Found,,,,,
CLIENT_X.ma,Essential cookies (exempt from consent),CLIENT_X - Morocco,HTTP Cookie,_hjTLDTest,,bench_update_duration,,https://www.CLIENT_X.com.au/,New First Party Trackers,,,,,
www.CLIENT_X.co.in,Essential cookies (exempt from consent),CLIENT_X - India,HTTP Cookie,p-hc-catg,,bench_update_duration,,,Existing CM Trackers-Not Found,,,,,
s2.go-mpulse.net,Performance Cookies [Requires consent],Akamai,JavaScript,-,,,TRUE,https://www.CLIENT_X.com.au/,Existing CM Trackers-Found,,,,,
CLIENT_X.hr,Essential cookies (exempt from consent),CLIENT_X - Croatia,HTTP Cookie,FPID,,bench_update_duration,,,Existing CM Trackers-Not Found,,,,,
CLIENT_X.nl,Essential cookies (exempt from consent),CLIENT_X - Netherlands,HTTP Cookie,cto_bundle,,bench_update_duration,TRUE,https://www.CLIENT_X.com.au/,Existing CM Trackers-Found,,,,,
CLIENT_X.hr,Essential cookies (exempt from consent),CLIENT_X - Croatia,HTTP Cookie,s_pv,,bench_update_duration,,,Existing CM Trackers-Not Found,,,,,
www.horticulture-partnertool.lighting.CLIENT_X.com,Performance cookies,Signify (formerly CLIENT_X Lighting),ETag,_ga_failed_lookup_marker_1_924,,,,,Existing CM Trackers-Not Found,,,,,
static.hotjar.com,Performance cookies,Hotjar,ETag,_ga_failed_lookup_marker_1_925,,,,,Existing CM Trackers-Not Found,,,,,
CLIENT_X.ro,Essential cookies (exempt from consent),CLIENT_X - Romania,HTTP Cookie,at_check,,,,,Existing CM Trackers-Not Found,,,,,
CLIENT_X.hr,Essential cookies (exempt from consent),CLIENT_X - Croatia,HTTP Cookie,com.adobe.alloy.getTld,,365,TRUE,https://www.CLIENT_X.com.au/,Existing CM Trackers-Found,,,,,
CLIENT_X.com.au,Essential cookies,CLIENT_X - Australia,HTTP Cookie,_ga_failed_lookup_marker_1_928,,,,,Existing CM Trackers-Not Found,,,,,
cnt.my,Targeted Advertising Cookies (including social media) [Requires consent],Unknown,HTTP Cookie,xcntID,,364,TRUE,https://www.CLIENT_X.com.au/,Existing CM Trackers-Found,,,,,
www.CLIENT_X.sk,Essential cookies (exempt from consent),CLIENT_X - Slovakia,HTTP Cookie,BVImplcrm_campaigns,,bench_update_duration,TRUE,https://www.CLIENT_X.com.au/,Existing CM Trackers-Found,,,,,
assets.adobedtm.com,Performance Cookies [Requires consent],Adobe Inc.,ETag,-,,,TRUE,https://www.CLIENT_X.com.au/c-w/consumer-support/support-contact-page,Existing CM Trackers-Found,,,,,
www.tienda.CLIENT_X.com.ar,Essential cookies (exempt from consent),CLIENT_X - Argentina,HTTP Cookie,janus_sid,,0,TRUE,https://www.CLIENT_X.com.au/,Existing CM Trackers-Found,,,,,
www.CLIENT_X.at,Essential cookies (exempt from consent),CLIENT_X - Austria,HTTP Cookie,_sdsat_pgm_sh_alloc,,bench_update_duration,,,Existing CM Trackers-Not Found,,,,,
www.CLIENT_X.com.ph,Essential cookies (exempt from consent),CLIENT_X - Philippines,HTTP Cookie,AWSELB,,bench_update_duration,,,Existing CM Trackers-Not Found,,,,,
CLIENT_X.co.ke,Essential cookies (exempt from consent),CLIENT_X - Kenya,HTTP Cookie,_fbp,,bench_update_duration,,,Existing CM Trackers-Not Found,,,,,
www.CLIENT_X.ua,Essential cookies (exempt from consent),CLIENT_X - Ukraine,HTTP Cookie,p-hc-catg,,393,TRUE,https://www.CLIENT_X.com.au/,Existing CM Trackers-Found,,,,,
www.lighting.CLIENT_X.co.th,Essential cookies (exempt from consent),Signify (formerly CLIENT_X Lighting),HTTP Cookie,AWSELBCORS,,bench_update_duration,,,Existing CM Trackers-Not Found,,,,,
www.CLIENT_X.co.il,Essential cookies (exempt from consent),CLIENT_X - Israel,HTTP Cookie,kampyleUserSession,,,TRUE,https://www.CLIENT_X.com.au/,Existing CM Trackers-Found,,,,,
www.CLIENT_X.com.mx,Essential cookies (exempt from consent),CLIENT_X - Mexico,HTTP Cookie,fl_qualified_entry,,,,,Existing CM Trackers-Not Found,,,,,
tr.snapchat.com,Targeted Advertising cookies (including social media),Snap Inc.,Beacon,_ga_failed_lookup_marker_1_940,,,TRUE,https://www.CLIENT_X.com.au/c-e/ho/air-education.html,Existing CM Trackers-Found,,,,,
CLIENT_X.de,Essential cookies (exempt from consent),CLIENT_X - Germany,HTTP Cookie,test,,90,TRUE,https://www.CLIENT_X.com.au/,Existing CM Trackers-Found,,,,,
CLIENT_X.ru,Essential cookies (exempt from consent),CLIENT_X - Russia,HTTP Cookie,_gid,,,,,Existing CM Trackers-Not Found,,,,,
www.lighting.CLIENT_X.com.au,Essential cookies (exempt from consent),Signify (formerly CLIENT_X Lighting),HTTP Cookie,d01-layout,,729,,https://www.CLIENT_X.com.au/,New First Party Trackers,,,,,
www.abonnementen.CLIENT_X.nl,Essential cookies (exempt from consent),CLIENT_X - Netherlands,HTTP Cookie,eddl_gtm_qe_session_start_6523424625,,,,,Existing CM Trackers-Not Found,,,,,
CLIENT_X.nl,Essential cookies (exempt from consent),CLIENT_X - Netherlands,HTTP Cookie,mboxEdgeCluster,,bench_update_duration,TRUE,https://www.CLIENT_X.com.au/,Existing CM Trackers-Found,,,,,
CLIENT_X.com.au,Essential cookies,CLIENT_X - Australia,HTTP Cookie,bench_new_T2_395,,,,,Existing CM Trackers-Not Found,,,,,
CLIENT_X.com.mx,Essential cookies (exempt from consent),CLIENT_X - Mexico,HTTP Cookie,s_campaign,,0,TRUE,https://www.CLIENT_X.com.au/,Existing CM Trackers-Found,,,,,
CLIENT_X.com.au,Essential cookies,CLIENT_X - Australia,HTTP Cookie,_ga_failed_lookup_marker_1_948,,session,TRUE,https://www.CLIENT_X.com.au/,Existing CM Trackers-Found,,,,,
CLIENT_X.com.br,Essential cookies (exempt from consent),CLIENT_X - Brazil,HTTP Cookie,_gat_UA-XXX,,bench_update_duration,TRUE,https://www.CLIENT_X.com.au/a-w/about,Existing CM Trackers-Found,,,,,
CLIENT_X.co.th,Essential cookies (exempt from consent),CLIENT_X - Thailand,HTTP Cookie,_mkto_trk,,,,,Existing CM Trackers-Not Found,,,,,
CLIENT_X.fi,Essential cookies (exempt from consent),CLIENT_X - Finland,HTTP Cookie,_tt_enable_cookie,,bench_update_duration,,,Existing CM Trackers-Not Found,,,,,
www.CLIENT_X.com.pe,Essential cookies (exempt from consent),CLIENT_X - Peru,HTTP Cookie,p-gc35,,bench_update_duration,TRUE,https://www.CLIENT_X.com.au/,Existing CM Trackers-Found,,,,,
www.CLIENT_X.com.tr,Essential cookies (exempt from consent),CLIENT_X - Turkey,HTTP Cookie,user_country,,bench_update_duration,,,Existing CM Trackers-Not Found,,,,,
CLIENT_X.com.eg,Essential cookies (exempt from consent),CLIENT_X - Egypt,HTTP Cookie,_gcl_au,,bench_update_duration,TRUE,https://www.CLIENT_X.com.au/c-f/XC000004909/how-do-i-use-the-attachments-on-my-CLIENT_X-epilator,Existing CM Trackers-Found,,,,,
www.CLIENT_X.pl,Essential cookies (exempt from consent),CLIENT_X - Poland,HTTP Cookie,eddl_gtm_qe_session_start_6523424625,,,,https://www.CLIENT_X.com.au/,New Third Party Trackers,,,,,
www.CLIENT_X.com.br,Essential cookies (exempt from consent),CLIENT_X - Brazil,HTTP Cookie,AWSELB,,bench_update_duration,TRUE,https://www.CLIENT_X.com.au/c-e/ho/air-education.html,Existing CM Trackers-Found,,,,,
www.CLIENT_X.it,Essential cookies (exempt from consent),CLIENT_X - Italy,HTTP Cookie,ws-active-shop,,bench_update_duration,TRUE,https://www.CLIENT_X.com.au/,Existing CM Trackers-Found,,,,,
www.lighting.CLIENT_X.ma,Essential cookies (exempt from consent),Signify (formerly CLIENT_X Lighting),HTTP Cookie,CLIENT_X,,session,TRUE,https://www.CLIENT_X.com.au/,Existing CM Trackers-Found,,,,,
www.CLIENT_X.ro,Essential cookies (exempt from consent),CLIENT_X - Romania,HTTP Cookie,gtm_mouseflow_session_inscope,,,,,Existing CM Trackers-Not Found,,,,,
www.CLIENT_X.ru,Essential cookies (exempt from consent),CLIENT_X - Russia,HTTP Cookie,user_country,,bench_update_duration,,,Existing CM Trackers-Not Found,,,,,
CLIENT_X.ua,Essential cookies (exempt from consent),CLIENT_X - Ukraine,HTTP Cookie,FPLC,,bench_update_duration,,,Existing CM Trackers-Not Found,,,,,
www.CLIENT_X.com.au,Essential cookies,CLIENT_X - Australia,Beacon,_ga_failed_lookup_marker_1_962,,,TRUE,https://www.CLIENT_X.com.au/a-w/about,Existing CM Trackers-Found,,,,,
www.documents.CLIENT_X.com,Targeted Advertising cookies (including social media),Koninklijke CLIENT_X N.V.,ETag,_ga_failed_lookup_marker_1_963,,,,https://www.CLIENT_X.com.au/healthcare/clinical-solutions/early-warning-scoring,New Third Party Trackers,,,,,
CLIENT_X.ch,Essential cookies (exempt from consent),CLIENT_X - Switzerland,HTTP Cookie,s_tid,,390,TRUE,https://www.CLIENT_X.com.au/,Existing CM Trackers-Found,,,,,
www.eu-west-1.api.CLIENT_X.com,Targeted Advertising cookies (including social media),Koninklijke CLIENT_X N.V.,Beacon,bench_new_T2_210,,,,https://www.CLIENT_X.com.au/c-e/shop/checkout,New Third Party Trackers,,,,,
www.tienda.CLIENT_X.com.co,Essential cookies (exempt from consent),CLIENT_X - Colombia,HTTP Cookie,vtex_session,,,,,Existing CM Trackers-Not Found,,,,,
www.lighting.CLIENT_X.com.my,Essential cookies (exempt from consent),Signify (formerly CLIENT_X Lighting),ETag,blank (etag),,,TRUE,https://www.CLIENT_X.com.au/c-m-pe/toothbrush-heads/latest,Existing CM Trackers-Found,,,,,
CLIENT_X.com.au,Essential cookies,CLIENT_X - Australia,HTTP Cookie,bench_new_T2_312,,,,,Existing CM Trackers-Not Found,,,,,
www.lighting.CLIENT_X.ma,Essential cookies (exempt from consent),Signify (formerly CLIENT_X Lighting),JavaScript,blank (java),,,,,Existing CM Trackers-Not Found,,,,,
CLIENT_X.jo,Essential cookies (exempt from consent),CLIENT_X - Jordan,HTTP Cookie,s_ugv,,,,,Existing CM Trackers-Not Found,,,,,
www.CLIENT_X.fr,Essential cookies (exempt from consent),CLIENT_X - France,HTTP Cookie,notice_settings,,15,,https://www.CLIENT_X.com.au/,New First Party Trackers,,,,,
www.CLIENT_X.com.au,Essential cookies,CLIENT_X - Australia,HTTP Cookie,bench_new_T2_327,,,,,Existing CM Trackers-Not Found,,,,,
CLIENT_X.co.kr,Essential cookies (exempt from consent),CLIENT_X - Korea,HTTP Cookie,at_check,,bench_update_duration,TRUE,https://www.CLIENT_X.com.au/,Existing CM Trackers-Found,,,,,
www.dictation.CLIENT_X.com,Essential cookies (exempt from consent),Koninklijke CLIENT_X N.V.,JavaScript,blank (java),,bench_update_duration,,https://www.CLIENT_X.com.au/c-f/XC000021443/my-CLIENT_X-fan-makes-an-unusual-noise-when-oscillating,New Third Party Trackers,,,,,
www.CLIENT_X.com.kw,Essential cookies (exempt from consent),CLIENT_X - Kuwait,HTTP Cookie,AWSELBCORS,,0,,,Existing CM Trackers-Not Found,,,,,
w.usabilla.com,Performance Cookies [Requires consent],GetFeedback,JavaScript,-,,15,,https://www.CLIENT_X.com.au/,New First Party Trackers,,,,,
www.lighting.CLIENT_X.com.eg,Essential cookies (exempt from consent),Signify (formerly CLIENT_X Lighting),HTTP Cookie,AWSELBCORS,,bench_update_duration,TRUE,https://www.CLIENT_X.com.au/,Existing CM Trackers-Found,,,,,
sc-static.net,Targeted Advertising Cookies (including social media) [Requires consent],Snap Inc.,JavaScript,-,,,TRUE,https://www.CLIENT_X.com.au/c-e/products.html,Existing CM Trackers-Found,,,,,
CLIENT_X.com.ph,Essential cookies (exempt from consent),CLIENT_X - Philippines,HTTP Cookie,TAsessionID,,bench_update_duration,,https://www.CLIENT_X.com.au/,New Third Party Trackers,,,,,
CLIENT_X.ie,Essential cookies (exempt from consent),CLIENT_X - Ireland,HTTP Cookie,mboxEdgeCluster,,1,,https://www.CLIENT_X.com.au/,New First Party Trackers,,,,,
www.lighting.CLIENT_X.at,Essential cookies (exempt from consent),Signify (formerly CLIENT_X Lighting),Beacon,blank (beacon),,bench_update_duration,,https://www.CLIENT_X.com.au/c-f/XC000021443/my-CLIENT_X-fan-makes-an-unusual-noise-when-oscillating,New Third Party Trackers,,,,,
CLIENT_X.lv,Essential cookies (exempt from consent),CLIENT_X - Latvia,HTTP Cookie,s_pv,,bench_update_duration,,,Existing CM Trackers-Not Found,,,,,
www.CLIENT_X.lv,Performance Cookies [Requires consent],CLIENT_X - Latvia,ETag,-,,365,,https://www.CLIENT_X.com.au/healthcare,New Third Party Trackers,,,,,
www.crsc.lighting.CLIENT_X.com,Performance Cookies [Requires consent],Koninklijke CLIENT_X N.V.,JavaScript,-,,bench_update_duration,TRUE,https://www.CLIENT_X.com.au/c-f/XC000012903/how-to-clean-the-insideheating-element-of-my-CLIENT_X-airfryer,Existing CM Trackers-Found,,,,,
www.lighting.CLIENT_X.com.co,Essential cookies (exempt from consent),Signify (formerly CLIENT_X Lighting),HTTP Cookie,CLIENT_X,,bench_update_duration,TRUE,https://www.CLIENT_X.com.au/,Existing CM Trackers-Found,,,,,
CLIENT_X.at,Essential cookies (exempt from consent),CLIENT_X - Austria,HTTP Cookie,_schn1,,0,,https://www.CLIENT_X.com.au/,New First Party Trackers,,,,,
CLIENT_X.co.za,Essential cookies (exempt from consent),CLIENT_X - South Africa,HTTP Cookie,iadvize-8005-vuid,,bench_update_duration,TRUE,https://www.CLIENT_X.com.au/c-w/consumer-support/support-contact-page,Existing CM Trackers-Found,,,,,
CLIENT_X.ua,Essential cookies (exempt from consent),CLIENT_X - Ukraine,HTTP Cookie,s_tid,,390,TRUE,https://www.CLIENT_X.com.au/,Existing CM Trackers-Found,,,,,
www.CLIENT_X.rs,Essential cookies (exempt from consent),CLIENT_X - Serbia,HTTP Cookie,AWSELBCORS,,bench_update_duration,,,Existing CM Trackers-Not Found,,,,,
www.accounts.CLIENT_X.ru,Essential cookies (exempt from consent),CLIENT_X - Russia,HTTP Cookie,_csrf_token,,,,,Existing CM Trackers-Not Found,,,,,
CLIENT_X.at,Essential cookies (exempt from consent),CLIENT_X - Austria,HTTP Cookie,_scid,,0,,https://www.CLIENT_X.com.au/c-f/XC000021443/my-CLIENT_X-fan-makes-an-unusual-noise-when-oscillating,New Third Party Trackers,,,,,
CLIENT_X.es,Essential cookies (exempt from consent),CLIENT_X - Spain,HTTP Cookie,s_pv,,bench_update_duration,,https://www.CLIENT_X.com.au/c-f/XC000021443/my-CLIENT_X-fan-makes-an-unusual-noise-when-oscillating,New Third Party Trackers,,,,,
igt-interactive-tour.com,Essential cookies (exempt from consent),Koninklijke CLIENT_X N.V.,HTTP Cookie,test,,7,,https://www.CLIENT_X.com.au/,New First Party Trackers,,,,,
*.akstat.io,Performance cookies,Akamai,Beacon,_ga_failed_lookup_marker_1_994,,,,,Existing CM Trackers-Not Found,,,,,
CLIENT_X.com.qa,Essential cookies (exempt from consent),CLIENT_X - Qatar,HTTP Cookie,s_ugv,,bench_update_duration,TRUE,https://www.CLIENT_X.com.au/c-e/ho/air-education.html,Existing CM Trackers-Found,,,,,
dlswbr.baidu.com,Performance Cookies [Requires consent],Baidu,ETag,-,,365,,https://www.CLIENT_X.com.au/,New First Party Trackers,,,,,
www.CLIENT_X.bg,Essential cookies (exempt from consent),CLIENT_X - Bulgaria,Local Storage,blank (local storage),,0,TRUE,https://www.CLIENT_X.com.au/,Existing CM Trackers-Found,,,,,
CLIENT_X.ch,Essential cookies (exempt from consent),CLIENT_X - Switzerland,HTTP Cookie,s_cm,,,TRUE,https://www.CLIENT_X.com.au/c-p/HH1423_00,Existing CM Trackers-Found,,,,,
www.accounts.CLIENT_X.com,Essential cookies,Koninklijke CLIENT_X N.V.,ETag,bench_new_T2_318,,,,,Existing CM Trackers-Not Found,,,,,
stg.CLIENT_X.ro,Essential cookies (exempt from consent),CLIENT_X - Romania,HTTP Cookie,ROUTE,,,,,Existing CM Trackers-Not Found,,,,,
www.healthcare.shop.CLIENT_X.co.uk,Essential cookies (exempt from consent),CLIENT_X - United Kingdom,HTTP Cookie,mdLogger,,bench_update_duration,,,Existing CM Trackers-Not Found,,,,,
CLIENT_X.com.au,Essential cookies,CLIENT_X - Australia,HTTP Cookie,bench_new_T2_235,,0,TRUE,https://www.CLIENT_X.com.au/,Existing CM Trackers-Found,,,,,
www.gwarancjaksenon.CLIENT_X.pl,Essential cookies (exempt from consent),CLIENT_X - Poland,ETag,blank (etag),,400,TRUE,https://www.CLIENT_X.com.au/,Existing CM Trackers-Found,,,,,
www.CLIENT_X.ua,Essential cookies (exempt from consent),CLIENT_X - Ukraine,HTTP Cookie,UA_Pub-cartstatus-com,,,TRUE,https://www.CLIENT_X.com.au/c-f/XC000004909/how-do-i-use-the-attachments-on-my-CLIENT_X-epilator,Existing CM Trackers-Found,,,,,
www.CLIENT_X.com.sg,Essential cookies (exempt from consent),CLIENT_X - Singapore,HTTP Cookie,_sdsat_pgm_sh_alloc,,,,,Existing CM Trackers-Not Found,,,,,
www.CLIENT_X.ae,Essential cookies (exempt from consent),CLIENT_X - Middle East Arab,Local Storage,blank (local storage),,bench_update_duration,TRUE,https://www.CLIENT_X.com.au/,Existing CM Trackers-Found,,,,,
respirtech.com,Essential cookies (exempt from consent),RespirTech,HTTP Cookie,s_ugv,,bench_update_duration,TRUE,https://www.CLIENT_X.com.au/c-m-pe/toothbrush-heads/latest,Existing CM Trackers-Found,,,,,
www.CLIENT_X.co.id,Essential cookies (exempt from consent),CLIENT_X - Indonesia,HTTP Cookie,p-hc-specialty,,bench_update_duration,,https://www.CLIENT_X.com.au/c-e/pe/beauty-tips-women.html,New Third Party Trackers,,,,,
www.CLIENT_X.es,Essential cookies (exempt from consent),CLIENT_X - Spain,HTTP Cookie,p-hc-specialty,,,,,Existing CM Trackers-Not Found,,,,,
www.CLIENT_X.nl,Essential cookies (exempt from consent),CLIENT_X - Netherlands,HTTP Cookie,AWSELBCORS,,0,,,Existing CM Trackers-Not Found,,,,,
CLIENT_X.it,Essential cookies (exempt from consent),CLIENT_X - Italy,HTTP Cookie,s_pv,,bench_update_duration,TRUE,https://www.CLIENT_X.com.au/,Existing CM Trackers-Found,,,,,
CLIENT_X.co.kr,Essential cookies (exempt from consent),CLIENT_X - Korea,HTTP Cookie,mboxEdgeCluster,,,,,Existing CM Trackers-Not Found,,,,,
search-eu.cloud.coveo.com,Performance Cookies [Requires consent],Coveo Solutions Inc.,Beacon,-,,bench_update_duration,,,Existing CM Trackers-Not Found,,,,,
tag.dotz.com.br,Targeted Advertising Cookies (including social media) [Requires consent],Companhia Brasileira de Soluï¿½ï¿½es de Marketing,ETag,-,,,TRUE,https://www.CLIENT_X.com.au/c-w/product-registration/coffee-fathers-day-promotion,Existing CM Trackers-Found,,,,,
CLIENT_X.com.my,Essential cookies (exempt from consent),CLIENT_X - Malaysia,HTTP Cookie,_scid,,bench_update_duration,,https://www.CLIENT_X.com.au/,New Third Party Trackers,,,,,
www.ambilux.CLIENT_X.com,Essential cookies (exempt from consent),Koninklijke CLIENT_X N.V.,ETag,blank (etag),,365,,https://www.CLIENT_X.com.au/healthcare,New Third Party Trackers,,,,,
CLIENT_X.es,Essential cookies (exempt from consent),CLIENT_X - Spain,HTTP Cookie,_yi,,bench_update_duration,,https://www.CLIENT_X.com.au/,New First Party Trackers,,,,,
CLIENT_X.com.sg,Essential cookies (exempt from consent),CLIENT_X - Singapore,HTTP Cookie,FPID,,bench_update_duration,,,Existing CM Trackers-Not Found,,,,,
www.shop.CLIENT_X.com.cn,Essential cookies (exempt from consent),CLIENT_X - China,ETag,blank (etag),,,,https://www.CLIENT_X.com.au/healthcare/solutions/sleep-and-respiratory-care/sleep-therapy-software/sleep-therapy-software,Existing CM Trackers-Found,,,,,
CLIENT_X.com.tr,Essential cookies (exempt from consent),CLIENT_X - Turkey,HTTP Cookie,_fbp,,bench_update_duration,,https://www.CLIENT_X.com.au/,New First Party Trackers,,,,,
www.CLIENT_X.sa,Essential cookies (exempt from consent),CLIENT_X - Kingdom of Saudi Arabia,HTTP Cookie,_yi,,,,,Existing CM Trackers-Not Found,,,,,
www.CLIENT_X.nl,Essential cookies (exempt from consent),CLIENT_X - Netherlands,Beacon,blank (beacon),,,,,Existing CM Trackers-Not Found,,,,,
www.CLIENT_X.com.mx,Essential cookies (exempt from consent),CLIENT_X - Mexico,HTTP Cookie,test,,bench_update_duration,TRUE,https://www.CLIENT_X.com.au/,Existing CM Trackers-Found,,,,,
www.accounts.CLIENT_X.ru,Essential cookies (exempt from consent),CLIENT_X - Russia,Local Storage,blank (local storage),,,,https://www.CLIENT_X.com.au/a-w/cookie-notice,New Third Party Trackers,,,,,
www.CLIENT_X.com.kw,Essential cookies (exempt from consent),CLIENT_X - Kuwait,HTTP Cookie,p-hc-catg,,365,TRUE,https://www.CLIENT_X.com.au/,Existing CM Trackers-Found,,,,,
www.supurgesepeti.com,Essential cookies (exempt from consent),Supurgesepeti.com,Local Storage,blank (local storage),,bench_update_duration,,https://www.CLIENT_X.com.au/healthcare/ventilation/ventilation-masks,New Third Party Trackers,,,,,
www.lighting.CLIENT_X.com.ar,Essential cookies (exempt from consent),Signify (formerly CLIENT_X Lighting),HTTP Cookie,AWSELB,,bench_update_duration,,https://www.CLIENT_X.com.au/c-p/GC012_00/-,Existing CM Trackers-Found,,,,,
widget-cdn.janraincapture.com,Performance Cookies [Requires consent],Akamai,ETag,-,,,,,Existing CM Trackers-Not Found,,,,,
youtube.com,Targeted Advertising cookies (including social media),Google Advertising Products,HTTP Cookie,bench_new_T2_381,,180,TRUE,https://www.CLIENT_X.com.au/c-e/products.html,Existing CM Trackers-Found,,,,,
www.lighting.CLIENT_X.com.br,Essential cookies (exempt from consent),Signify (formerly CLIENT_X Lighting),Local Storage,blank (local storage),,90,TRUE,https://www.CLIENT_X.com.au/,Existing CM Trackers-Found,,,,,
www.centralamerica.CLIENT_X.com,Essential cookies (exempt from consent),Koninklijke CLIENT_X N.V.,HTTP Cookie,kampyle_userid,,,TRUE,https://www.CLIENT_X.com.au/c-e/ho/air-education.html,Existing CM Trackers-Found,,,,,
*.fls.doubleclick.net,Targeted Advertising cookies (including social media),Google Advertising Products,Beacon,bench_new_T2_216,,,,,Existing CM Trackers-Not Found,,,,,
CLIENT_X.de,Essential cookies (exempt from consent),CLIENT_X - Germany,HTTP Cookie,zScalerUser,,,TRUE,https://www.CLIENT_X.com.au/,Existing CM Trackers-Found,,,,,
www.CLIENT_X.com.au,Essential cookies,CLIENT_X - Australia,HTTP Cookie,_ga_failed_lookup_marker_1_1034,,session,TRUE,https://www.CLIENT_X.com.au/,Existing CM Trackers-Found,,,,,
CLIENT_X.hr,Essential cookies (exempt from consent),CLIENT_X - Croatia,HTTP Cookie,s_eVar8,,,,,Existing CM Trackers-Not Found,,,,,
www.youtube.com,Targeted Advertising cookies (including social media),Google Advertising Products,JavaScript,bench_new_T2_205,,,TRUE,https://www.CLIENT_X.com.au/c-e/products.html,Existing CM Trackers-Found,,,,,
www.lighting.CLIENT_X.com.hk,Essential cookies (exempt from consent),CLIENT_X - Hong Kong,HTTP Cookie,d01-layout,,bench_update_duration,,,Existing CM Trackers-Not Found,,,,,
CLIENT_X.pl,Essential cookies (exempt from consent),CLIENT_X - Poland,HTTP Cookie,_gdXXX,,session,,https://www.CLIENT_X.com.au/,New First Party Trackers,,,,,
CLIENT_X.com.pk,Essential cookies (exempt from consent),CLIENT_X - Pakistan,HTTP Cookie,FPLC,,bench_update_duration,,,Existing CM Trackers-Not Found,,,,,
www.CLIENT_X.pl,Essential cookies (exempt from consent),CLIENT_X - Poland,HTTP Cookie,_sdsat_pgm_yieldify_no,,session,TRUE,https://www.CLIENT_X.com.au/,Existing CM Trackers-Found,,,,,
www.CLIENT_X.co.id,Essential cookies (exempt from consent),CLIENT_X - Indonesia,HTTP Cookie,AWSELBCORS,,bench_update_duration,,https://www.CLIENT_X.com.au/,New First Party Trackers,,,,,
www.lighting.CLIENT_X.com.eg,Essential cookies (exempt from consent),Signify (formerly CLIENT_X Lighting),HTTP Cookie,AWSELB,,bench_update_duration,TRUE,https://www.CLIENT_X.com.au/,Existing CM Trackers-Found,,,,,
CLIENT_X.se,Essential cookies (exempt from consent),CLIENT_X - Sweden,HTTP Cookie,s_nrpv,,bench_update_duration,,https://www.CLIENT_X.com.au/,New First Party Trackers,,,,,
CLIENT_X.lt,Essential cookies (exempt from consent),CLIENT_X - Lithuania,HTTP Cookie,_gcl_au,,bench_update_duration,TRUE,https://www.CLIENT_X.com.au/c-f/XC000004909/how-do-i-use-the-attachments-on-my-CLIENT_X-epilator,Existing CM Trackers-Found,,,,,
stg.CLIENT_X.co.id,Essential cookies (exempt from consent),CLIENT_X - Indonesia,Local Storage,blank (local storage),,bench_update_duration,TRUE,https://www.CLIENT_X.com.au/c-e/ho/air-education.html,Existing CM Trackers-Found,,,,,
CLIENT_X.com.br,Essential cookies (exempt from consent),CLIENT_X - Brazil,HTTP Cookie,FPID,,session,,https://www.CLIENT_X.com.au/,New First Party Trackers,,,,,
cdn.cookiehub.eu,Targeted Advertising Cookies (including social media) [Requires consent],CookieHub,JavaScript,-,,,,,Existing CM Trackers-Not Found,,,,,
lighting.CLIENT_X.com.tr,Essential cookies (exempt from consent),Signify (formerly CLIENT_X Lighting),HTTP Cookie,s_nr,,,TRUE,https://www.CLIENT_X.com.au/healthcare/e/sleep-and-respiratory-care/what-matters-most/our-patient-care,Existing CM Trackers-Found,,,,,
cdn-scripts.signifyd.com,Essential cookies,Signifyd,ETag,bench_new_T2_223,,,TRUE,https://www.CLIENT_X.com.au/,Existing CM Trackers-Found,,,,,
www.CLIENT_X.es,Essential cookies (exempt from consent),CLIENT_X - Spain,HTTP Cookie,liveagent_ptid,,,TRUE,https://www.CLIENT_X.com.au/c-p/BRI957_00/lumea-ipl-9000-series-ipl-hair-removal-device-with-senseiq,Existing CM Trackers-Found,,,,,
store-CLIENT_X.tw,Essential cookies (exempt from consent),CLIENT_X Store - Taiwan,HTTP Cookie,_gcl_au,,365,,https://www.CLIENT_X.com.au/,New First Party Trackers,,,,,
www.CLIENT_X.de,Essential cookies (exempt from consent),CLIENT_X - Germany,Local Storage,blank (local storage),,365,,https://www.CLIENT_X.com.au/healthcare,New Third Party Trackers,,,,,
www.healthcare.shop.CLIENT_X.it,Essential cookies (exempt from consent),CLIENT_X - Italy,HTTP Cookie,country_currency_rememberme_cookie,,bench_update_duration,,,Existing CM Trackers-Not Found,,,,,
CLIENT_X.com.au,Essential cookies,CLIENT_X - Australia,HTTP Cookie,_ga_failed_lookup_marker_1_1054,,400,TRUE,https://www.CLIENT_X.com.au/,Existing CM Trackers-Found,,,,,
CLIENT_X.com.au,Essential cookies,CLIENT_X - Australia,HTTP Cookie,_ga_failed_lookup_marker_1_1055,,0,TRUE,https://www.CLIENT_X.com.au/,Existing CM Trackers-Found,,,,,
www.lighting.CLIENT_X.ru,Essential cookies (exempt from consent),Signify (formerly CLIENT_X Lighting),HTTP Cookie,customer_language_accept,,bench_update_duration,,,Existing CM Trackers-Not Found,,,,,
CLIENT_X.lt,Essential cookies (exempt from consent),CLIENT_X - Lithuania,HTTP Cookie,mboxEdgeCluster,,,,,Existing CM Trackers-Not Found,,,,,
linkedin.com,Targeted Advertising cookies (including social media),LinkedIn,HTTP Cookie,_ga_failed_lookup_marker_1_1058,,365,TRUE,https://www.CLIENT_X.com.au/c-e/ho/air-education.html,Existing CM Trackers-Found,,,,,
www.lighting.CLIENT_X.co.th,Essential cookies (exempt from consent),Signify (formerly CLIENT_X Lighting),HTTP Cookie,customer_country,,,,,Existing CM Trackers-Not Found,,,,,
www.subscription.CLIENT_X.co.uk,Essential cookies (exempt from consent),CLIENT_X - United Kingdom,HTTP Cookie,ARRAffinitySameSite,,session,TRUE,https://www.CLIENT_X.com.au/,Existing CM Trackers-Found,,,,,
www.CLIENT_X.dk,Essential cookies (exempt from consent),CLIENT_X - Denmark,HTTP Cookie,p-hc-catg,,bench_update_duration,,,Existing CM Trackers-Not Found,,,,,
www.lighting.CLIENT_X.ie,Essential cookies (exempt from consent),Signify (formerly CLIENT_X Lighting),Local Storage,blank (local storage),,,,,Existing CM Trackers-Not Found,,,,,
www.CLIENT_X.com.pk,Essential cookies (exempt from consent),CLIENT_X - Pakistan,HTTP Cookie,kampyleUserSessionsCount,,400,TRUE,https://www.CLIENT_X.com.au/,Existing CM Trackers-Found,,,,,
www.lighting.CLIENT_X.hu,Essential cookies (exempt from consent),CLIENT_X - Hungary,Local Storage,blank (local storage),,,,,Existing CM Trackers-Not Found,,,,,
www.CLIENT_X.se,Essential cookies (exempt from consent),CLIENT_X - Sweden,HTTP Cookie,kampyleUserSessionsCount,,,,,Existing CM Trackers-Not Found,,,,,
CLIENT_X.co.th,Essential cookies (exempt from consent),CLIENT_X - Thailand,HTTP Cookie,s_gnr,,bench_update_duration,TRUE,https://www.CLIENT_X.com.au/,Existing CM Trackers-Found,,,,,
www.lighting.CLIENT_X.ie,Essential cookies (exempt from consent),Signify (formerly CLIENT_X Lighting),ETag,blank (etag),,bench_update_duration,,,Existing CM Trackers-Not Found,,,,,
CLIENT_X.com.ph,Essential cookies (exempt from consent),CLIENT_X - Philippines,HTTP Cookie,TEST_AMCV_COOKIE_WRITE,,,TRUE,https://www.CLIENT_X.com.au/,Existing CM Trackers-Found,,,,,
CLIENT_X.com.au,Targeted Advertising cookies (including social media),CLIENT_X - Australia,HTTP Cookie,_ga_failed_lookup_marker_1_1069,,90,TRUE,https://www.CLIENT_X.com.au/,Existing CM Trackers-Found,,,,,
www.CLIENT_X.com.ph,Essential cookies (exempt from consent),CLIENT_X - Philippines,JavaScript,blank (java),,bench_update_duration,,https://www.CLIENT_X.com.au/,New First Party Trackers,,,,,
www.lighting.CLIENT_X.hr,Essential cookies (exempt from consent),Signify (formerly CLIENT_X Lighting),HTTP Cookie,customer_country,,,TRUE,https://www.CLIENT_X.com.au/c-w/consumer-support/support-contact-page,Existing CM Trackers-Found,,,,,
CLIENT_X.bg,Essential cookies (exempt from consent),CLIENT_X - Bulgaria,HTTP Cookie,s_nrpv,,bench_update_duration,,,Existing CM Trackers-Not Found,,,,,
*.mktoweb.com,Targeted Advertising cookies (including social media),Marketo,JavaScript,bench_new_T2_346,,,,,Existing CM Trackers-Not Found,,,,,
CLIENT_X.rs,Essential cookies (exempt from consent),CLIENT_X - Serbia,HTTP Cookie,s_cm,,bench_update_duration,TRUE,https://www.CLIENT_X.com.au/c-e/ho/air-education.html,Existing CM Trackers-Found,,,,,
www.results.CLIENT_X.com.cn,Essential cookies (exempt from consent),CLIENT_X - China,Local Storage,blank (local storage),,0,TRUE,https://www.CLIENT_X.com.au/,Existing CM Trackers-Found,,,,,
www.CLIENT_X.co.uk,Essential cookies (exempt from consent),CLIENT_X - United Kingdom,ETag,blank (etag),,session,,https://www.CLIENT_X.com.au/,New First Party Trackers,,,,,
tracker-detail-page.trustarc.com,Essential cookies,TrustArc,ETag,bench_new_T2_360,,,,https://www.CLIENT_X.com.au/a-w/cookie-notice,New Third Party Trackers,,,,,
www.CLIENT_X.ng,Essential cookies (exempt from consent),CLIENT_X - Nigeria,Beacon,blank (beacon),,400,TRUE,https://www.CLIENT_X.com.au/,Existing CM Trackers-Found,,,,,
CLIENT_X.co.ke,Essential cookies (exempt from consent),CLIENT_X - Kenya,HTTP Cookie,s_gnr,,,,,Existing CM Trackers-Not Found,,,,,
www.CLIENT_X.si,Essential cookies (exempt from consent),CLIENT_X - Slovenia,HTTP Cookie,T01-recentlyViewedProducts,,90,TRUE,https://www.CLIENT_X.com.au/,Existing CM Trackers-Found,,,,,
www.mercadolibre.com,Performance Cookies [Requires consent],"MercadoLibre, Inc.",Beacon,-,,,TRUE,https://www.CLIENT_X.com.au/,Existing CM Trackers-Found,,,,,
CLIENT_X.fi,Essential cookies (exempt from consent),CLIENT_X - Finland,HTTP Cookie,s_ugv,,90,TRUE,https://www.CLIENT_X.com.au/,Existing CM Trackers-Found,,,,,
www.CLIENT_X.pl,Essential cookies (exempt from consent),CLIENT_X - Poland,HTTP Cookie,ws-active-shop,,bench_update_duration,TRUE,https://www.CLIENT_X.com.au/c-e/products.html,Existing CM Trackers-Found,,,,,
www.CLIENT_X.pl,Essential cookies (exempt from consent),CLIENT_X - Poland,HTTP Cookie,kampyle_userid,,,,,Existing CM Trackers-Not Found,,,,,
CLIENT_X.cz,Essential cookies (exempt from consent),CLIENT_X - Czech Republic,HTTP Cookie,s_cm,,bench_update_duration,,,Existing CM Trackers-Not Found,,,,,
acc.usa.CLIENT_X.com,Essential cookies (exempt from consent),Koninklijke CLIENT_X N.V.,HTTP Cookie,shop-health,,bench_update_duration,,https://www.CLIENT_X.com.au/healthcare,New Third Party Trackers,,,,,
www.careers.CLIENT_X.com.cn,Essential cookies (exempt from consent),CLIENT_X - China,JavaScript,blank (java),,session,,https://www.CLIENT_X.com.au/,New First Party Trackers,,,,,
CLIENT_X.com.au,Essential cookies (exempt from consent),CLIENT_X - Australia,HTTP Cookie,zScalerUser,,bench_update_duration,,,Existing CM Trackers-Not Found,,,,,
www.CLIENT_X.co.th,Essential cookies (exempt from consent),CLIENT_X - Thailand,HTTP Cookie,kampyle_userid,,,,,Existing CM Trackers-Not Found,,,,,
stg.CLIENT_X.com.kw,Essential cookies (exempt from consent),CLIENT_X - Kuwait,JavaScript,blank (java),,bench_update_duration,TRUE,https://www.CLIENT_X.com.au/,Existing CM Trackers-Found,,,,,
www.CLIENT_X.pt,Essential cookies (exempt from consent),CLIENT_X - Portugal,HTTP Cookie,PT_Pub-cartstatus-com,,bench_update_duration,TRUE,https://www.CLIENT_X.com.au/c-w/consumer-support/support-contact-page,Existing CM Trackers-Found,,,,,
CLIENT_X.com.sg,Essential cookies (exempt from consent),CLIENT_X - Singapore,HTTP Cookie,zScalerUser,,bench_update_duration,,https://www.CLIENT_X.com.au/,New First Party Trackers,,,,,
doubleclick.net,Targeted Advertising cookies (including social media),Google Advertising Products,HTTP Cookie,_ga_failed_lookup_marker_1_1093,,390,TRUE,https://www.CLIENT_X.com.au/,Existing CM Trackers-Found,,,,,
www.lighting.CLIENT_X.co.jp,Essential cookies (exempt from consent),Signify (formerly CLIENT_X Lighting),HTTP Cookie,AWSELBCORS,,0,TRUE,https://www.CLIENT_X.com.au/,Existing CM Trackers-Found,,,,,
CLIENT_X.com.au,Essential cookies,CLIENT_X - Australia,HTTP Cookie,_ga_failed_lookup_marker_1_1095,,session,TRUE,https://www.CLIENT_X.com.au/,Existing CM Trackers-Found,,,,,
www.lighting.CLIENT_X.com.hk,Essential cookies (exempt from consent),CLIENT_X - Hong Kong,ETag,blank (etag),,bench_update_duration,TRUE,https://www.CLIENT_X.com.au/c-e/products.html,Existing CM Trackers-Found,,,,,
sc-static.net,Targeted Advertising cookies (including social media),Snap Inc.,JavaScript,bench_new_T2_299,,,TRUE,https://www.CLIENT_X.com.au/c-e/ho/air-education.html,Existing CM Trackers-Found,,,,,
myfonts.net,Targeted Advertising Cookies (including social media) [Requires consent],MyFonts,HTTP Cookie,__cf_bm,,bench_update_duration,TRUE,https://www.CLIENT_X.com.au/,Existing CM Trackers-Found,,,,,
www.usa.CLIENT_X.com,Essential cookies (exempt from consent),Koninklijke CLIENT_X N.V.,HTTP Cookie,p-hc-specialty,,bench_update_duration,,,Existing CM Trackers-Not Found,,,,,
www.lighting.CLIENT_X.co.za,Essential cookies (exempt from consent),Signify (formerly CLIENT_X Lighting),HTTP Cookie,customer_language_accept,,bench_update_duration,,,Existing CM Trackers-Not Found,,,,,
www.CLIENT_X.com.hk,Essential cookies (exempt from consent),CLIENT_X - Hong Kong,HTTP Cookie,RT,,bench_update_duration,,,Existing CM Trackers-Not Found,,,,,
smetrics.marketing.CLIENT_X-hue.com,Targeted Advertising cookies (including social media),CLIENT_X Hue,JavaScript,_ga_failed_lookup_marker_1_1102,,,,,Existing CM Trackers-Not Found,,,,,
CLIENT_X.com.ar,Essential cookies (exempt from consent),CLIENT_X - Argentina,HTTP Cookie,_hjTLDTest,,bench_update_duration,,,Existing CM Trackers-Not Found,,,,,
www.CLIENT_X.nl,Essential cookies (exempt from consent),CLIENT_X - Netherlands,HTTP Cookie,mdLogger,,bench_update_duration,,,Existing CM Trackers-Not Found,,,,,
www.horticulture-partnertool.lighting.CLIENT_X.com,Performance cookies,Signify (formerly CLIENT_X Lighting),JavaScript,bench_new_T2_378,,,,,Existing CM Trackers-Not Found,,,,,
img.en25.com,Targeted Advertising cookies (including social media),Oracle Marketing,JavaScript,bench_new_T2_392,,,TRUE,https://www.CLIENT_X.com.au/healthcare/e/sleep-and-respiratory-care/what-matters-most/our-patient-care,Existing CM Trackers-Found,,,,,
www.lighting.CLIENT_X.se,Essential cookies (exempt from consent),Signify (formerly CLIENT_X Lighting),HTTP Cookie,d01-layout,,,TRUE,https://www.CLIENT_X.com.au/,Existing CM Trackers-Found,,,,,
CLIENT_X.com.cn,Essential cookies (exempt from consent),CLIENT_X - China,HTTP Cookie,_scid,,bench_update_duration,,,Existing CM Trackers-Not Found,,,,,
www.CLIENT_X.com.ph,Essential cookies (exempt from consent),CLIENT_X - Philippines,HTTP Cookie,p-hc-specialty,,bench_update_duration,TRUE,https://www.CLIENT_X.com.au/c-m-pe/toothbrush-heads/latest,Existing CM Trackers-Found,,,,,
www.youtube.com,Targeted Advertising cookies (including social media),Google Advertising Products,JavaScript,bench_new_T2_203,,,TRUE,https://www.CLIENT_X.com.au/c-e/products.html,Existing CM Trackers-Found,,,,,
lighting.CLIENT_X.com.au,Essential cookies,Signify (formerly CLIENT_X Lighting),HTTP Cookie,bench_new_T2_341,,,,,Existing CM Trackers-Not Found,,,,,
stg.CLIENT_X.ro,Essential cookies (exempt from consent),CLIENT_X - Romania,ETag,blank (etag),,,,,Existing CM Trackers-Not Found,,,,,
dsum-sec.casalemedia.com,Targeted Advertising Cookies (including social media) [Requires consent],Index Exchange Inc.,Beacon,-,,bench_update_duration,,,Existing CM Trackers-Not Found,,,,,
CLIENT_X.no,Essential cookies (exempt from consent),CLIENT_X - Norway,HTTP Cookie,_yi,,bench_update_duration,,,Existing CM Trackers-Not Found,,,,,
www.gwarancjaksenon.CLIENT_X.pl,Essential cookies (exempt from consent),CLIENT_X - Poland,HTTP Cookie,AWSALB,,,,,Existing CM Trackers-Not Found,,,,,
www.CLIENT_X.pl,Essential cookies (exempt from consent),CLIENT_X - Poland,HTTP Cookie,user_country,,bench_update_duration,,,Existing CM Trackers-Not Found,,,,,
www.lighting.CLIENT_X.com,Performance Cookies [Requires consent],Signify (formerly CLIENT_X Lighting),ETag,-,,,,,Existing CM Trackers-Not Found,,,,,
CLIENT_X.ng,Essential cookies (exempt from consent),CLIENT_X - Nigeria,HTTP Cookie,_gcl_au,,,,,Existing CM Trackers-Not Found,,,,,
www.lighting.CLIENT_X.at,Essential cookies (exempt from consent),Signify (formerly CLIENT_X Lighting),HTTP Cookie,AWSELB,,0,,https://www.CLIENT_X.com.au/,Existing CM Trackers-Found,,,,,
www.CLIENT_X.co.jp,Essential cookies (exempt from consent),CLIENT_X Electronics Corporation Japan,HTTP Cookie,fl_qualified_entry,,,TRUE,https://www.CLIENT_X.com.au/c-e/products.html,Existing CM Trackers-Found,,,,,
CLIENT_X.com.au,Essential cookies,CLIENT_X - Australia,HTTP Cookie,bench_new_T2_214,,session,,https://www.CLIENT_X.com.au/,New First Party Trackers,,,,,
www.tienda.CLIENT_X.com.ar,Essential cookies (exempt from consent),CLIENT_X - Argentina,HTTP Cookie,VtexRCSessionIdv7,,bench_update_duration,,,Existing CM Trackers-Not Found,,,,,
lighting.CLIENT_X.com.au,Essential cookies,Signify (formerly CLIENT_X Lighting),HTTP Cookie,bench_new_T2_377,,,,,Existing CM Trackers-Not Found,,,,,
www.CLIENT_X.com.au,Essential cookies,CLIENT_X - Australia,HTTP Cookie,_ga_failed_lookup_marker_1_1124,,,,,Existing CM Trackers-Not Found,,,,,
www.store-CLIENT_X.tw,Essential cookies (exempt from consent),CLIENT_X Store - Taiwan,ETag,blank (etag),,bench_update_duration,,,Existing CM Trackers-Not Found,,,,,
www.CLIENT_X.ch,Essential cookies (exempt from consent),CLIENT_X - Switzerland,HTTP Cookie,ROUTE,,bench_update_duration,,,Existing CM Trackers-Not Found,,,,,
www.CLIENT_X.com.kw,Essential cookies (exempt from consent),CLIENT_X - Kuwait,HTTP Cookie,_yi,,0,TRUE,https://www.CLIENT_X.com.au/,Existing CM Trackers-Found,,,,,
CLIENT_X.lt,Essential cookies (exempt from consent),CLIENT_X - Lithuania,HTTP Cookie,_gat_UA-XXX,,bench_update_duration,,,Existing CM Trackers-Not Found,,,,,
www.healthcare.shop.CLIENT_X.co.uk,Essential cookies (exempt from consent),CLIENT_X - United Kingdom,ETag,blank (etag),,89,,https://www.CLIENT_X.com.au/,New First Party Trackers,,,,,
CLIENT_X.dk,Essential cookies (exempt from consent),CLIENT_X - Denmark,HTTP Cookie,s_eVar8,,bench_update_duration,TRUE,https://www.CLIENT_X.com.au/c-m-pe/airfloss-ultra,Existing CM Trackers-Found,,,,,
www.lighting.CLIENT_X.be,Essential cookies (exempt from consent),Signify (formerly CLIENT_X Lighting),HTTP Cookie,s_mc,,bench_update_duration,TRUE,https://www.CLIENT_X.com.au/c-p/BRI957_00/lumea-ipl-9000-series-ipl-hair-removal-device-with-senseiq,Existing CM Trackers-Found,,,,,
www.CLIENT_X.nl,Essential cookies (exempt from consent),CLIENT_X - Netherlands,HTTP Cookie,ROUTE,,bench_update_duration,,https://www.CLIENT_X.com.au/a-w/cookie-notice,New Third Party Trackers,,,,,
www.CLIENT_X.com.au,Essential cookies,CLIENT_X - Australia,HTTP Cookie,bench_new_T2_342,,365,TRUE,https://www.CLIENT_X.com.au/,Existing CM Trackers-Found,,,,,
CLIENT_X.com.hk,Essential cookies (exempt from consent),CLIENT_X - Hong Kong,HTTP Cookie,_mkto_trk,,bench_update_duration,,https://www.CLIENT_X.com.au/c-m-pe/hair-removal,New Third Party Trackers,,,,,
CLIENT_X.co.uk,Essential cookies (exempt from consent),CLIENT_X - United Kingdom,HTTP Cookie,mboxEdgeCluster,,,TRUE,https://www.CLIENT_X.com.au/c-p/BRI957_00/lumea-ipl-9000-series-ipl-hair-removal-device-with-senseiq,Existing CM Trackers-Found,,,,,
cdn.tt.omtrdc.net,Performance cookies,"Adobe Audience Manager, Adobe Experience Cloud",ETag,bench_new_T2_217,,,,,Existing CM Trackers-Not Found,,,,,
salesforce.com,Essential cookies,"Salesforce.com, Inc.",HTTP Cookie,bench_new_T2_267,,,,,Existing CM Trackers-Not Found,,,,,
images.CLIENT_X.com,Essential cookies,Koninklijke CLIENT_X N.V.,ETag,bench_new_T2_237,,,TRUE,https://www.CLIENT_X.com.au/c-p/BRI957_00/lumea-ipl-9000-series-ipl-hair-removal-device-with-senseiq,Existing CM Trackers-Found,,,,,
CLIENT_X.jo,Essential cookies (exempt from consent),CLIENT_X - Jordan,HTTP Cookie,s_nrpv,,1,,https://www.CLIENT_X.com.au/,New First Party Trackers,,,,,
tag-logger.demandbase.com,Targeted Advertising cookies (including social media),"Demandbase, Inc.",ETag,_ga_failed_lookup_marker_1_1140,,,,https://www.CLIENT_X.com.au/a-w/about,New Third Party Trackers,,,,,
CLIENT_X.nl,Essential cookies (exempt from consent),CLIENT_X - Netherlands,HTTP Cookie,s_eVar44,,bench_update_duration,TRUE,https://www.CLIENT_X.com.au/,Existing CM Trackers-Found,,,,,
store-CLIENT_X.tw,Essential cookies (exempt from consent),CLIENT_X Store - Taiwan,HTTP Cookie,ad2udid,,bench_update_duration,TRUE,https://www.CLIENT_X.com.au/c-p/BRI957_00/lumea-ipl-9000-series-ipl-hair-removal-device-with-senseiq,Existing CM Trackers-Found,,,,,
healthcare.shop.CLIENT_X.co.uk,Essential cookies (exempt from consent),CLIENT_X - United Kingdom,HTTP Cookie,TAsessionID,,,TRUE,https://www.CLIENT_X.com.au/c-p/HH1423_00,Existing CM Trackers-Found,,,,,
CLIENT_X.com.mx,Essential cookies (exempt from consent),CLIENT_X - Mexico,HTTP Cookie,_mkto_trk,,,,https://www.CLIENT_X.com.au/healthcare/e/sleep-and-respiratory-care/what-matters-most/our-patient-care,Existing CM Trackers-Found,,,,,
csync.loopme.me,Targeted Advertising Cookies (including social media) [Requires consent],LoopMe Limited,HTTP Cookie,viewer_token,,bench_update_duration,,,Existing CM Trackers-Not Found,,,,,
www.lighting.CLIENT_X.sk,Essential cookies (exempt from consent),Signify (formerly CLIENT_X Lighting),HTTP Cookie,CLIENT_X,,bench_update_duration,TRUE,https://www.CLIENT_X.com.au/,Existing CM Trackers-Found,,,,,
c.go-mpulse.net,Performance cookies,Akamai,JavaScript,_ga_failed_lookup_marker_1_1147,,,,,Existing CM Trackers-Not Found,,,,,
CLIENT_X.com.sg,Essential cookies (exempt from consent),CLIENT_X - Singapore,HTTP Cookie,TAsessionID,,,,,Existing CM Trackers-Not Found,,,,,
www.CLIENT_X.ca,Essential cookies (exempt from consent),CLIENT_X - Canada,HTTP Cookie,_y2,,bench_update_duration,TRUE,https://www.CLIENT_X.com.au/c-m-pe/toothbrush-heads/latest,Existing CM Trackers-Found,,,,,
www.CLIENT_X.com.au,Essential cookies,CLIENT_X - Australia,HTTP Cookie,_ga_failed_lookup_marker_1_1150,,365,TRUE,https://www.CLIENT_X.com.au/,Existing CM Trackers-Found,,,,,
www.CLIENT_X.co.in,Essential cookies (exempt from consent),CLIENT_X - India,HTTP Cookie,kampyle_userid,,365,TRUE,https://www.CLIENT_X.com.au/,Existing CM Trackers-Found,,,,,
www.hcare.CLIENT_X.com.cn,Essential cookies (exempt from consent),CLIENT_X - China,HTTP Cookie,firstEnterUrlInSession,,bench_update_duration,,https://www.CLIENT_X.com.au/c-e/pe/beauty-tips-women.html,New Third Party Trackers,,,,,
www.CLIENT_X.lv,Essential cookies (exempt from consent),CLIENT_X - Latvia,HTTP Cookie,kampylePageLoadedTimestamp,,,TRUE,https://www.CLIENT_X.com.au/,Existing CM Trackers-Found,,,,,
acc.usa.CLIENT_X.com,Essential cookies (exempt from consent),Koninklijke CLIENT_X N.V.,HTTP Cookie,addshoppers.com,,,TRUE,https://www.CLIENT_X.com.au/,Existing CM Trackers-Found,,,,,
www.CLIENT_X.sk,Essential cookies (exempt from consent),CLIENT_X - Slovakia,HTTP Cookie,kampyleUserSessionsCount,,,,,Existing CM Trackers-Not Found,,,,,
www.healthcare.shop.CLIENT_X.com.au,Targeted Advertising cookies (including social media),CLIENT_X - Australia,HTTP Cookie,bench_new_T2_376,,,,,Existing CM Trackers-Not Found,,,,,
imgs.signifyd.com,Essential cookies,Signifyd,HTTP Cookie,_ga_failed_lookup_marker_1_1157,,390,TRUE,https://www.CLIENT_X.com.au/,Existing CM Trackers-Found,,,,,
CLIENT_X.com.ph,Essential cookies (exempt from consent),CLIENT_X - Philippines,HTTP Cookie,mbox,,,TRUE,https://www.CLIENT_X.com.au/,Existing CM Trackers-Found,,,,,
CLIENT_X.co.th,Essential cookies (exempt from consent),CLIENT_X - Thailand,HTTP Cookie,_schn2,,bench_update_duration,,https://www.CLIENT_X.com.au/c-m-pe/airfloss-ultra,New Third Party Trackers,,,,,
CLIENT_X.sa,Essential cookies (exempt from consent),CLIENT_X - Kingdom of Saudi Arabia,HTTP Cookie,TEST_AMCV_COOKIE,,,,,Existing CM Trackers-Not Found,,,,,
www.CLIENT_X.si,Essential cookies (exempt from consent),CLIENT_X - Slovenia,HTTP Cookie,kampyle_userid,,,,,Existing CM Trackers-Not Found,,,,,
www.CLIENT_X.co.kr,Essential cookies (exempt from consent),CLIENT_X - Korea,HTTP Cookie,kampyleUserSession,,bench_update_duration,TRUE,https://www.CLIENT_X.com.au/shop/order-search/search-input,Existing CM Trackers-Found,,,,,
CLIENT_X.com.ph,Essential cookies (exempt from consent),CLIENT_X - Philippines,HTTP Cookie,_hjTLDTest,,,,https://www.CLIENT_X.com.au/a-w/about,New Third Party Trackers,,,,,
www.CLIENT_X.it,Essential cookies (exempt from consent),CLIENT_X - Italy,HTTP Cookie,kampyle_userid,,bench_update_duration,,,Existing CM Trackers-Not Found,,,,,
www.CLIENT_X.si,Essential cookies (exempt from consent),CLIENT_X - Slovenia,HTTP Cookie,kampyleUserSessionsCount,,7,,https://www.CLIENT_X.com.au/,New First Party Trackers,,,,,
www.CLIENT_X.at,Essential cookies (exempt from consent),CLIENT_X - Austria,HTTP Cookie,notice_settings,,bench_update_duration,,,Existing CM Trackers-Not Found,,,,,
CLIENT_X.com.au,Performance cookies,CLIENT_X - Australia,HTTP Cookie,bench_new_T2_300,,,,,Existing CM Trackers-Not Found,,,,,
www.CLIENT_X.es,Essential cookies (exempt from consent),CLIENT_X - Spain,HTTP Cookie,p-hc-catg,,180,,https://www.CLIENT_X.com.au/c-e/products.html,New Third Party Trackers,,,,,
cdn.taboola.com,Performance Cookies [Requires consent],Taboola Europe Limited,ETag,-,,bench_update_duration,,,Existing CM Trackers-Not Found,,,,,
region1.google-analytics.com,Performance cookies,Google Inc.,Beacon,bench_new_T2_362,,,,,Existing CM Trackers-Not Found,,,,,
CLIENT_X.co.uk,Essential cookies (exempt from consent),CLIENT_X - United Kingdom,HTTP Cookie,da_intState,,bench_update_duration,TRUE,https://www.CLIENT_X.com.au/,Existing CM Trackers-Found,,,,,
www.lighting.CLIENT_X.com.gh,Essential cookies (exempt from consent),Signify (formerly CLIENT_X Lighting),HTTP Cookie,AWSELB,,bench_update_duration,,https://www.CLIENT_X.com.au/,New Third Party Trackers,,,,,
www.CLIENT_X.no,Essential cookies (exempt from consent),CLIENT_X - Norway,HTTP Cookie,kampyleUserPercentile,,bench_update_duration,TRUE,https://www.CLIENT_X.com.au/,Existing CM Trackers-Found,,,,,
www.CLIENT_X.nl,Essential cookies (exempt from consent),CLIENT_X - Netherlands,HTTP Cookie,criteo_write_test,,bench_update_duration,TRUE,https://www.CLIENT_X.com.au/c-e/ho/air-education.html,Existing CM Trackers-Found,,,,,
CLIENT_X.lt,Essential cookies (exempt from consent),CLIENT_X - Lithuania,HTTP Cookie,li_cm_prefs_session,,390,TRUE,https://www.CLIENT_X.com.au/,Existing CM Trackers-Found,,,,,
www.lighting.CLIENT_X.co.kr,Essential cookies (exempt from consent),Signify (formerly CLIENT_X Lighting),ETag,blank (etag),,bench_update_duration,,https://www.CLIENT_X.com.au/,New First Party Trackers,,,,,
cdn.botframework.com,Performance cookies,Microsoft Bot Framework,ETag,_ga_failed_lookup_marker_1_1177,,,TRUE,https://www.CLIENT_X.com.au/c-m-pe/toothbrush-heads/latest,Existing CM Trackers-Found,,,,,
www.CLIENT_X.com.qa,Essential cookies (exempt from consent),CLIENT_X - Qatar,JavaScript,blank (java),,session,,https://www.CLIENT_X.com.au/,New First Party Trackers,,,,,
www.CLIENT_X.ch,Essential cookies (exempt from consent),CLIENT_X - Switzerland,HTTP Cookie,_y2,,session,,https://www.CLIENT_X.com.au/c-f/XC000021443/my-CLIENT_X-fan-makes-an-unusual-noise-when-oscillating,New Third Party Trackers,,,,,
www.CLIENT_X.com.cn,Essential cookies (exempt from consent),CLIENT_X - China,HTTP Cookie,kampyle_userid,,bench_update_duration,,,Existing CM Trackers-Not Found,,,,,
lighting.CLIENT_X.com.au,Essential cookies,Signify (formerly CLIENT_X Lighting),Local Storage,bench_new_T2_389,,,,,Existing CM Trackers-Not Found,,,,,
CLIENT_X.com.ar,Essential cookies (exempt from consent),CLIENT_X - Argentina,HTTP Cookie,_gcl_au,,729,TRUE,https://www.CLIENT_X.com.au/,Existing CM Trackers-Found,,,,,
CLIENT_X.si,Essential cookies (exempt from consent),CLIENT_X - Slovenia,HTTP Cookie,_schn1,,session,TRUE,https://www.CLIENT_X.com.au/,Existing CM Trackers-Found,,,,,
lighting.CLIENT_X.com.au,Essential cookies (exempt from consent),Signify (formerly CLIENT_X Lighting),HTTP Cookie,test,,0,,,Existing CM Trackers-Not Found,,,,,
www.supurgesepeti.com,Essential cookies (exempt from consent),Supurgesepeti.com,HTTP Cookie,Ticimax_Cart_SessionID,,bench_update_duration,TRUE,https://www.CLIENT_X.com.au/c-p/HH1423_00,Existing CM Trackers-Found,,,,,
CLIENT_X.bg,Essential cookies (exempt from consent),CLIENT_X - Bulgaria,HTTP Cookie,_ga,,729,,,Existing CM Trackers-Not Found,,,,,
www.CLIENT_X.jo,Essential cookies (exempt from consent),CLIENT_X - Jordan,HTTP Cookie,liveagent_sid,,bench_update_duration,,,Existing CM Trackers-Not Found,,,,,
apps.mypurecloud.de,Performance Cookies [Requires consent],Genesys,ETag,-,,,TRUE,https://www.CLIENT_X.com.au/c-e/hs/sleep-apnoea-therapy/getting-diagnosed.html,Existing CM Trackers-Found,,,,,
www.CLIENT_X.com.hk,Essential cookies (exempt from consent),CLIENT_X - Hong Kong,HTTP Cookie,p-gc35,,,,,Existing CM Trackers-Not Found,,,,,
CLIENT_X.com.co,Essential cookies (exempt from consent),CLIENT_X - Colombia,HTTP Cookie,coveo_visitorId,,bench_update_duration,,,Existing CM Trackers-Not Found,,,,,
www.lighting.CLIENT_X.co.za,Essential cookies (exempt from consent),Signify (formerly CLIENT_X Lighting),HTTP Cookie,BCTempID,,bench_update_duration,TRUE,https://www.CLIENT_X.com.au/c-e/ho/air-education.html,Existing CM Trackers-Found,,,,,
CLIENT_X.com.ar,Essential cookies (exempt from consent),CLIENT_X - Argentina,HTTP Cookie,TAsessionID,,729,,,Existing CM Trackers-Not Found,,,,,
master--CLIENT_Xcl.myvtex.com,Performance Cookies [Requires consent],VTEX,ETag,-,,,,,Existing CM Trackers-Not Found,,,,,
CLIENT_X.co.jp,Essential cookies (exempt from consent),CLIENT_X Electronics Corporation Japan,HTTP Cookie,TEST_AMCV_COOKIE_WRITE,,,,,Existing CM Trackers-Not Found,,,,,
agent-versuni.mindtouch.us,Performance cookies,MindTouch,HTTP Cookie,bench_new_T2_385,,session,,https://www.CLIENT_X.com.au/c-f/XC000021443/my-CLIENT_X-fan-makes-an-unusual-noise-when-oscillating,New Third Party Trackers,,,,,
CLIENT_X.com.vn,Essential cookies (exempt from consent),CLIENT_X - Vietnam,HTTP Cookie,mbox,,,TRUE,https://www.CLIENT_X.com.au/,Existing CM Trackers-Found,,,,,
www.CLIENT_X.be,Essential cookies (exempt from consent),CLIENT_X - Belgium,ETag,blank (etag),,729,,https://www.CLIENT_X.com.au/,New First Party Trackers,,,,,
CLIENT_X.co.th,Essential cookies (exempt from consent),CLIENT_X - Thailand,HTTP Cookie,s_vtime,,393,TRUE,https://www.CLIENT_X.com.au/,Existing CM Trackers-Found,,,,,
tag-logger.demandbase.com,Targeted Advertising cookies (including social media),"Demandbase, Inc.",ETag,bench_new_T2_384,,,,https://www.CLIENT_X.com.au/a-w/about,New Third Party Trackers,,,,,
CLIENT_X.co.in,Essential cookies (exempt from consent),CLIENT_X - India,HTTP Cookie,s_cc,,bench_update_duration,,,Existing CM Trackers-Not Found,,,,,
www.CLIENT_X.si,Essential cookies (exempt from consent),CLIENT_X - Slovenia,HTTP Cookie,eddl_gtm_qe_session_start_6523424625,,bench_update_duration,,https://www.CLIENT_X.com.au/c-w/consumer-support/support-contact-page,New Third Party Trackers,,,,,
static.hotjar.com,Performance cookies,Hotjar,ETag,_ga_failed_lookup_marker_1_1202,,,,,Existing CM Trackers-Not Found,,,,,
www.CLIENT_X.ro,Essential cookies (exempt from consent),CLIENT_X - Romania,HTTP Cookie,p-hc-specialty,,bench_update_duration,TRUE,https://www.CLIENT_X.com.au/,Existing CM Trackers-Found,,,,,
www.usa.CLIENT_X.com,Essential cookies (exempt from consent),Koninklijke CLIENT_X N.V.,HTTP Cookie,_attn_,,bench_update_duration,,,Existing CM Trackers-Not Found,,,,,
acc.usa.CLIENT_X.com,Essential cookies (exempt from consent),Koninklijke CLIENT_X N.V.,HTTP Cookie,__attentive_id,,400,TRUE,https://www.CLIENT_X.com.au/,Existing CM Trackers-Found,,,,,
acsbapp.com,Performance Cookies [Requires consent],accessiBe,ETag,-,,400,,https://www.CLIENT_X.com.au/c-f/XC000021443/my-CLIENT_X-fan-makes-an-unusual-noise-when-oscillating,New Third Party Trackers,,,,,
www.lighting.CLIENT_X.sk,Essential cookies (exempt from consent),Signify (formerly CLIENT_X Lighting),HTTP Cookie,AWSELB,,bench_update_duration,,,Existing CM Trackers-Not Found,,,,,
www.subscriptions.CLIENT_X.de,Essential cookies (exempt from consent),CLIENT_X - Germany,HTTP Cookie,mdLogger,,bench_update_duration,,,Existing CM Trackers-Not Found,,,,,
CLIENT_X.be,Essential cookies (exempt from consent),CLIENT_X - Belgium,HTTP Cookie,_gat_UA-XXX,,0,,,Existing CM Trackers-Not Found,,,,,
stg.CLIENT_X.ro,Essential cookies (exempt from consent),CLIENT_X - Romania,HTTP Cookie,kampyle_userid,,bench_update_duration,,,Existing CM Trackers-Not Found,,,,,
www.CLIENT_X.com.ar,Essential cookies (exempt from consent),CLIENT_X - Argentina,HTTP Cookie,liveagent_sid,,bench_update_duration,,,Existing CM Trackers-Not Found,,,,,
www.CLIENT_X.at,Essential cookies (exempt from consent),CLIENT_X - Austria,HTTP Cookie,mdLogger,,bench_update_duration,TRUE,https://www.CLIENT_X.com.au/,Existing CM Trackers-Found,,,,,
pages.information.signify.com,Performance cookies,Signify (formerly CLIENT_X Lighting),ETag,bench_new_T2_215,,,,,Existing CM Trackers-Not Found,,,,,
CLIENT_X.it,Essential cookies (exempt from consent),CLIENT_X - Italy,HTTP Cookie,_ga,,,,,Existing CM Trackers-Not Found,,,,,
amazon-adsystem.com,Targeted Advertising cookies (including social media),Amazon Ads,HTTP Cookie,bench_new_T2_386,,223,TRUE,https://www.CLIENT_X.com.au/,Existing CM Trackers-Found,,,,,
CLIENT_X.cz,Essential cookies (exempt from consent),CLIENT_X - Czech Republic,HTTP Cookie,_gid,,,,https://www.CLIENT_X.com.au/c-p/GC012_00/-,Existing CM Trackers-Found,,,,,
CLIENT_X.co.il,Essential cookies (exempt from consent),CLIENT_X - Israel,HTTP Cookie,s_eVar42,,,,,Existing CM Trackers-Not Found,,,,,
CLIENT_X.co.za,Essential cookies (exempt from consent),CLIENT_X - South Africa,HTTP Cookie,s_eVar8,,bench_update_duration,TRUE,https://www.CLIENT_X.com.au/,Existing CM Trackers-Found,,,,,
www.CLIENT_X.co.kr,Essential cookies (exempt from consent),CLIENT_X - Korea,HTTP Cookie,kampyleUserSessionsCount,,bench_update_duration,TRUE,https://www.CLIENT_X.com.au/c-w/consumer-support/support-contact-page,Existing CM Trackers-Found,,,,,
www.abonnementen.CLIENT_X.nl,Essential cookies (exempt from consent),CLIENT_X - Netherlands,HTTP Cookie,mdLogger,,400,,https://www.CLIENT_X.com.au/,New First Party Trackers,,,,,
www.abonnementen.CLIENT_X.nl,Essential cookies (exempt from consent),CLIENT_X - Netherlands,HTTP Cookie,kampyleSessionPageCounter,,,,,Existing CM Trackers-Not Found,,,,,
www.abonnementen.CLIENT_X.nl,Essential cookies (exempt from consent),CLIENT_X - Netherlands,Local Storage,blank (local storage),,,TRUE,https://www.CLIENT_X.com.au/,Existing CM Trackers-Found,,,,,
consent.trustarc.com,Essential cookies,TrustArc,Beacon,_ga_failed_lookup_marker_1_1223,,,TRUE,https://www.CLIENT_X.com.au/,Existing CM Trackers-Found,,,,,
io.vtex.com.br,Performance Cookies [Requires consent],VTEX,JavaScript,-,,bench_update_duration,TRUE,https://www.CLIENT_X.com.au/,Existing CM Trackers-Found,,,,,
lighting.CLIENT_X.com.au,Essential cookies,Signify (formerly CLIENT_X Lighting),HTTP Cookie,_ga_failed_lookup_marker_1_1225,,,,,Existing CM Trackers-Not Found,,,,,
www.crsc.lighting.CLIENT_X.com,Performance cookies,Signify (formerly CLIENT_X Lighting),JavaScript,_ga_failed_lookup_marker_1_1226,,,,,Existing CM Trackers-Not Found,,,,,
ib.adnxs.com,Targeted Advertising cookies (including social media),"Xandr, Inc.",Beacon,bench_new_T2_204,,,,https://www.CLIENT_X.com.au/c-e/pe/beauty-tips-women.html,New Third Party Trackers,,,,,
www.CLIENT_X.com.au,Essential cookies,CLIENT_X - Australia,HTTP Cookie,bench_new_T2_396,,0,TRUE,https://www.CLIENT_X.com.au/,Existing CM Trackers-Found,,,,,
cdn.ampproject.org,Performance Cookies [Requires consent],AMP,ETag,-,,bench_update_duration,TRUE,https://www.CLIENT_X.com.au/c-e/products.html,Existing CM Trackers-Found,,,,,
CLIENT_X.com.au,Essential cookies,CLIENT_X - Australia,HTTP Cookie,_ga_failed_lookup_marker_1_1230,,0,TRUE,https://www.CLIENT_X.com.au/,Existing CM Trackers-Found,,,,,
www.CLIENT_X.ro,Essential cookies (exempt from consent),CLIENT_X - Romania,Beacon,blank (beacon),,,,,Existing CM Trackers-Not Found,,,,,
CLIENT_X.com.au,Essential cookies (exempt from consent),CLIENT_X - Australia,HTTP Cookie,test,,bench_update_duration,,,Existing CM Trackers-Not Found,,,,,
www.CLIENT_X.pt,Essential cookies (exempt from consent),CLIENT_X - Portugal,HTTP Cookie,kampyleUserPercentile,,bench_update_duration,,https://www.CLIENT_X.com.au/,New First Party Trackers,,,,,
CLIENT_X.com.pk,Essential cookies (exempt from consent),CLIENT_X - Pakistan,HTTP Cookie,s_nrpv,,bench_update_duration,,,Existing CM Trackers-Not Found,,,,,
www.CLIENT_X.cz,Essential cookies (exempt from consent),CLIENT_X - Czech Republic,HTTP Cookie,kampyleUserSessionsCount,,bench_update_duration,,,Existing CM Trackers-Not Found,,,,,
CLIENT_X.com.tw,Essential cookies (exempt from consent),CLIENT_X - Taiwan,HTTP Cookie,s_cm,,,,,Existing CM Trackers-Not Found,,,,,
www.CLIENT_X.ru,Essential cookies (exempt from consent),CLIENT_X - Russia,HTTP Cookie,kampyleUserSessionsCount,,bench_update_duration,TRUE,https://www.CLIENT_X.com.au/,Existing CM Trackers-Found,,,,,
www.recaptcha.net,Performance cookies,Google Inc.,JavaScript,bench_new_T2_253,,,,,Existing CM Trackers-Not Found,,,,,
www.CLIENT_X.fr,Essential cookies (exempt from consent),CLIENT_X - France,HTTP Cookie,kampyleSessionPageCounter,,bench_update_duration,,,Existing CM Trackers-Not Found,,,,,
www.CLIENT_X.fi,Essential cookies (exempt from consent),CLIENT_X - Finland,HTTP Cookie,kampyleSessionPageCounter,,,,,Existing CM Trackers-Not Found,,,,,
CLIENT_X.ro,Essential cookies (exempt from consent),CLIENT_X - Romania,HTTP Cookie,_gcl_au,,bench_update_duration,TRUE,https://www.CLIENT_X.com.au/c-e/forms/sfmc/avent-reward-interest.html,Existing CM Trackers-Found,,,,,
CLIENT_X.com.vn,Essential cookies (exempt from consent),CLIENT_X - Vietnam,HTTP Cookie,_hjTLDTest,,session,TRUE,https://www.CLIENT_X.com.au/,Existing CM Trackers-Found,,,,,
www.loja.CLIENT_X.com.br,Essential cookies (exempt from consent),CLIENT_X - Brazil,HTTP Cookie,janus_sid,,bench_update_duration,,https://www.CLIENT_X.com.au/a-w/about,New Third Party Trackers,,,,,
CLIENT_X.cl,Essential cookies (exempt from consent),CLIENT_X - Chile,HTTP Cookie,s_eVar8,,,TRUE,https://www.CLIENT_X.com.au/shop/order-search/search-input,Existing CM Trackers-Found,,,,,
www.mercadopago.com.mx,Performance Cookies [Requires consent],Mercado Pago - Mexico,HTTP Cookie,p_dsid,,bench_update_duration,,,Existing CM Trackers-Not Found,,,,,
www.lighting.CLIENT_X.com.gh,Essential cookies (exempt from consent),Signify (formerly CLIENT_X Lighting),HTTP Cookie,ltc_cf,,bench_update_duration,,,Existing CM Trackers-Not Found,,,,,
www.CLIENT_X.com.au,Essential cookies,CLIENT_X - Australia,HTTP Cookie,_ga_failed_lookup_marker_1_1247,,400,TRUE,https://www.CLIENT_X.com.au/,Existing CM Trackers-Found,,,,,
www.lighting.CLIENT_X.lt,Essential cookies (exempt from consent),Signify (formerly CLIENT_X Lighting),HTTP Cookie,AWSELB,,bench_update_duration,TRUE,https://www.CLIENT_X.com.au/c-w/consumer-support/support-contact-page,Existing CM Trackers-Found,,,,,
CLIENT_X.ro,Essential cookies (exempt from consent),CLIENT_X - Romania,HTTP Cookie,FPLC,,bench_update_duration,,https://www.CLIENT_X.com.au/,New First Party Trackers,,,,,
CLIENT_X.com.co,Essential cookies (exempt from consent),CLIENT_X - Colombia,HTTP Cookie,s_vtime,,bench_update_duration,,https://www.CLIENT_X.com.au/,New First Party Trackers,,,,,
CLIENT_X.com.au,Essential cookies,CLIENT_X - Australia,HTTP Cookie,_ga_failed_lookup_marker_1_1251,,session,,https://www.CLIENT_X.com.au/,New First Party Trackers,,,,,
apps.bazaarvoice.com,Performance Cookies [Requires consent],"Bazaarvoice, Inc.",ETag,-,,bench_update_duration,TRUE,https://www.CLIENT_X.com.au/c-p/BRI957_00/lumea-ipl-9000-series-ipl-hair-removal-device-with-senseiq,Existing CM Trackers-Found,,,,,
CLIENT_X.com.vn,Essential cookies (exempt from consent),CLIENT_X - Vietnam,HTTP Cookie,_gcl_au,,,,,Existing CM Trackers-Not Found,,,,,
www.tienda.CLIENT_X.cl,Essential cookies (exempt from consent),CLIENT_X - Chile,HTTP Cookie,VtexRCMacIdv7,,365,TRUE,https://www.CLIENT_X.com.au/c-e/ho/air-education.html,Existing CM Trackers-Found,,,,,
CLIENT_X.com.au,Essential cookies (exempt from consent),CLIENT_X - Australia,HTTP Cookie,_ga,,bench_update_duration,,https://www.CLIENT_X.com.au/c-m-pe/airfloss-ultra,New Third Party Trackers,,,,,
CLIENT_X.co.in,Essential cookies (exempt from consent),CLIENT_X - India,HTTP Cookie,_clck,,bench_update_duration,TRUE,https://www.CLIENT_X.com.au/shop/order-search/search-input,Existing CM Trackers-Found,,,,,
www.CLIENT_X.ca,Essential cookies (exempt from consent),CLIENT_X - Canada,HTTP Cookie,p-hc-catg,,bench_update_duration,TRUE,https://www.CLIENT_X.com.au/c-f/XC000004909/how-do-i-use-the-attachments-on-my-CLIENT_X-epilator,Existing CM Trackers-Found,,,,,
CLIENT_X.com.au,Essential cookies,CLIENT_X - Australia,HTTP Cookie,bench_new_T2_383,,0,TRUE,https://www.CLIENT_X.com.au/,Existing CM Trackers-Found,,,,,
acc.CLIENT_X.ru,Essential cookies (exempt from consent),CLIENT_X - Russia,JavaScript,blank (java),,,,,Existing CM Trackers-Not Found,,,,,
CLIENT_X.ng,Essential cookies (exempt from consent),CLIENT_X - Nigeria,HTTP Cookie,s_cm,,bench_update_duration,,https://www.CLIENT_X.com.au/,New First Party Trackers,,,,,
tremorhub.com,Targeted Advertising cookies (including social media),"Magnite CTV, Inc.",HTTP Cookie,bench_new_T2_255,,400,,https://www.CLIENT_X.com.au/healthcare,New Third Party Trackers,,,,,
linkedin.com,Targeted Advertising Cookies (including social media) [Requires consent],LinkedIn,HTTP Cookie,AnalyticsSyncHistory,,bench_update_duration,TRUE,https://www.CLIENT_X.com.au/,Existing CM Trackers-Found,,,,,
www.lighting.CLIENT_X.ca,Essential cookies (exempt from consent),Signify (formerly CLIENT_X Lighting),Beacon,blank (beacon),,,,,Existing CM Trackers-Not Found,,,,,
platform.twitter.com,Targeted Advertising Cookies (including social media) [Requires consent],Twitter,JavaScript,-,,400,,https://www.CLIENT_X.com.au/c-f/XC000021443/my-CLIENT_X-fan-makes-an-unusual-noise-when-oscillating,New Third Party Trackers,,,,,
stg.CLIENT_X.ru,Essential cookies (exempt from consent),CLIENT_X - Russia,JavaScript,blank (java),,bench_update_duration,TRUE,https://www.CLIENT_X.com.au/c-e/ho/air-education.html,Existing CM Trackers-Found,,,,,
lighting.CLIENT_X.com.ph,Essential cookies (exempt from consent),CLIENT_X - Philippines,HTTP Cookie,s_ppvl,,,TRUE,https://www.CLIENT_X.com.au/a-w/about,Existing CM Trackers-Found,,,,,
www.lighting.CLIENT_X.ru,Essential cookies (exempt from consent),Signify (formerly CLIENT_X Lighting),HTTP Cookie,AWSELBCORS,,bench_update_duration,,,Existing CM Trackers-Not Found,,,,,
www.shop.CLIENT_X.lv,Essential cookies (exempt from consent),CLIENT_X - Latvia,HTTP Cookie,BVImplmain_site,,bench_update_duration,TRUE,https://www.CLIENT_X.com.au/,Existing CM Trackers-Found,,,,,
CLIENT_X.it,Essential cookies (exempt from consent),CLIENT_X - Italy,HTTP Cookie,_ttp,,,,,Existing CM Trackers-Not Found,,,,,
www.lighting.CLIENT_X.ru,Essential cookies (exempt from consent),Signify (formerly CLIENT_X Lighting),HTTP Cookie,customer_country,,,,https://www.CLIENT_X.com.au/c-w/consumer-support/support-contact-page,New Third Party Trackers,,,,,
www.youtube-nocookie.com,Preference cookies,Google Inc.,Local Storage,yt-player-quality,,,TRUE,https://www.CLIENT_X.com.au/c-f/XC000012903/how-to-clean-the-insideheating-element-of-my-CLIENT_X-airfryer,Existing CM Trackers-Found,,,,,
vm.gtimg.cn,Performance Cookies [Requires consent],Tencent,JavaScript,-,,bench_update_duration,TRUE,https://www.CLIENT_X.com.au/c-w/consumer-support/support-contact-page,Existing CM Trackers-Found,,,,,
www.lighting.CLIENT_X.com.ph,Essential cookies (exempt from consent),CLIENT_X - Philippines,HTTP Cookie,ltc_cf,,bench_update_duration,,https://www.CLIENT_X.com.au/,New First Party Trackers,,,,,
www.CLIENT_X.com.au,Essential cookies (exempt from consent),CLIENT_X - Australia,Local Storage,blank (local storage),,729,,,Existing CM Trackers-Not Found,,,,,
CLIENT_X.com.my,Essential cookies (exempt from consent),CLIENT_X - Malaysia,HTTP Cookie,_fbp,,bench_update_duration,,,Existing CM Trackers-Not Found,,,,,
casalemedia.com,Targeted Advertising cookies (including social media),Index Exchange Inc.,HTTP Cookie,bench_new_T2_211,,365,,https://www.CLIENT_X.com.au/healthcare,New Third Party Trackers,,,,,
www.CLIENT_X.pl,Essential cookies (exempt from consent),CLIENT_X - Poland,HTTP Cookie,eddl_itc_list,,,,,Existing CM Trackers-Not Found,,,,,
www.CLIENT_X.com.br,Essential cookies (exempt from consent),CLIENT_X - Brazil,HTTP Cookie,fl_qualified_entry,,bench_update_duration,,,Existing CM Trackers-Not Found,,,,,
casalemedia.com,Targeted Advertising cookies (including social media),Index Exchange Inc.,HTTP Cookie,_ga_failed_lookup_marker_1_1279,,90,,https://www.CLIENT_X.com.au/healthcare,New Third Party Trackers,,,,,
www.lighting.CLIENT_X.co.uk,Essential cookies (exempt from consent),Signify (formerly CLIENT_X Lighting),JavaScript,blank (java),,bench_update_duration,,https://www.CLIENT_X.com.au/healthcare,New Third Party Trackers,,,,,
CLIENT_X.com.vn,Essential cookies (exempt from consent),CLIENT_X - Vietnam,HTTP Cookie,_scid,,bench_update_duration,TRUE,https://www.CLIENT_X.com.au/,Existing CM Trackers-Found,,,,,
lighting.CLIENT_X.com.ar,Essential cookies (exempt from consent),Signify (formerly CLIENT_X Lighting),HTTP Cookie,com.adobe.alloy.getTld,,bench_update_duration,,https://www.CLIENT_X.com.au/,New First Party Trackers,,,,,
cdn.blueconic.net,Performance Cookies [Requires consent],BlueConic,JavaScript,-,,,TRUE,https://www.CLIENT_X.com.au/c-e/ho/air-education.html,Existing CM Trackers-Found,,,,,
CLIENT_X.pl,Essential cookies (exempt from consent),CLIENT_X - Poland,HTTP Cookie,_tt_enable_cookie,,bench_update_duration,,https://www.CLIENT_X.com.au/c-f/XC000021443/my-CLIENT_X-fan-makes-an-unusual-noise-when-oscillating,New Third Party Trackers,,,,,
CLIENT_X.ca,Essential cookies (exempt from consent),CLIENT_X - Canada,HTTP Cookie,s_tid,,bench_update_duration,TRUE,https://www.CLIENT_X.com.au/c-e/ho/air-education.html,Existing CM Trackers-Found,,,,,
CLIENT_X.com.cn,Essential cookies (exempt from consent),CLIENT_X - China,HTTP Cookie,FPLC,,,TRUE,https://www.CLIENT_X.com.au/c-f/XC000004909/how-do-i-use-the-attachments-on-my-CLIENT_X-epilator,Existing CM Trackers-Found,,,,,
CLIENT_X.jo,Essential cookies (exempt from consent),CLIENT_X - Jordan,HTTP Cookie,_schn1,,bench_update_duration,,,Existing CM Trackers-Not Found,,,,,
ticimax.cloud,Performance Cookies [Requires consent],Ticimax,HTTP Cookie,__cf_bm,,0,,,Existing CM Trackers-Not Found,,,,,
decibelinsight.net,Performance Cookies [Requires consent],Medallia,HTTP Cookie,da_lid,,bench_update_duration,TRUE,https://www.CLIENT_X.com.au/,Existing CM Trackers-Found,,,,,
lighting.CLIENT_X.co.id,Essential cookies (exempt from consent),Signify (formerly CLIENT_X Lighting),HTTP Cookie,s_pv,,bench_update_duration,TRUE,https://www.CLIENT_X.com.au/,Existing CM Trackers-Found,,,,,
www.CLIENT_X.com.qa,Essential cookies (exempt from consent),CLIENT_X - Qatar,ETag,blank (etag),,bench_update_duration,TRUE,https://www.CLIENT_X.com.au/c-e/products.html,Existing CM Trackers-Found,,,,,
www.subscription.CLIENT_X.fr,Essential cookies (exempt from consent),CLIENT_X - France,HTTP Cookie,ARRAffinity,,1,TRUE,https://www.CLIENT_X.com.au/c-e/ho/air-education.html,Existing CM Trackers-Found,,,,,
www.CLIENT_X.com.gh,Essential cookies (exempt from consent),CLIENT_X - Ghana,HTTP Cookie,user_country,,bench_update_duration,TRUE,https://www.CLIENT_X.com.au/healthcare/e/sleep-and-respiratory-care/what-matters-most/our-patient-care,Existing CM Trackers-Found,,,,,
www.CLIENT_X.ca,Essential cookies (exempt from consent),CLIENT_X - Canada,HTTP Cookie,RT,,bench_update_duration,,,Existing CM Trackers-Not Found,,,,,
CLIENT_X.com.gh,Essential cookies (exempt from consent),CLIENT_X - Ghana,HTTP Cookie,TAsessionID,,bench_update_duration,,,Existing CM Trackers-Not Found,,,,,
CLIENT_X.com.au,Essential cookies,CLIENT_X - Australia,HTTP Cookie,bench_new_T2_273,,90,,https://www.CLIENT_X.com.au/,New First Party Trackers,,,,,
www.lighting.CLIENT_X.cl,Essential cookies (exempt from consent),Signify (formerly CLIENT_X Lighting),HTTP Cookie,d01-layout,,bench_update_duration,TRUE,https://www.CLIENT_X.com.au/c-f/XC000004909/how-do-i-use-the-attachments-on-my-CLIENT_X-epilator,Existing CM Trackers-Found,,,,,
www.CLIENT_X.co.za,Essential cookies (exempt from consent),CLIENT_X - South Africa,HTTP Cookie,liveagent_ptid,,bench_update_duration,,,Existing CM Trackers-Not Found,,,,,
lighting.CLIENT_X.co.za,Essential cookies (exempt from consent),Signify (formerly CLIENT_X Lighting),HTTP Cookie,s_nr,,bench_update_duration,,,Existing CM Trackers-Not Found,,,,,
www.CLIENT_X.com.au,Essential cookies,CLIENT_X - Australia,HTTP Cookie,_ga_failed_lookup_marker_1_1300,,15,,https://www.CLIENT_X.com.au/,New First Party Trackers,,,,,
www.healthcare.shop.CLIENT_X.com.au,Essential cookies,CLIENT_X - Australia,HTTP Cookie,_ga_failed_lookup_marker_1_1301,,,,,Existing CM Trackers-Not Found,,,,,
CLIENT_X.no,Essential cookies (exempt from consent),CLIENT_X - Norway,HTTP Cookie,_schn1,,400,TRUE,https://www.CLIENT_X.com.au/,Existing CM Trackers-Found,,,,,
lux.speedcurve.com,Performance cookies,Speedcurve,JavaScript,bench_new_T2_271,,,,https://www.CLIENT_X.com.au/healthcare/ventilation/ventilation-masks,New Third Party Trackers,,,,,
CLIENT_X.com.au,Essential cookies (exempt from consent),CLIENT_X - Australia,HTTP Cookie,s_tid,,729,,,Existing CM Trackers-Not Found,,,,,
www.CLIENT_X.ng,Essential cookies (exempt from consent),CLIENT_X - Nigeria,HTTP Cookie,_sdsat_pgm_optin,,,TRUE,https://www.CLIENT_X.com.au/,Existing CM Trackers-Found,,,,,
www.CLIENT_X.es,Essential cookies (exempt from consent),CLIENT_X - Spain,HTTP Cookie,AWSELB,,bench_update_duration,,,Existing CM Trackers-Not Found,,,,,
lighting.CLIENT_X.com.hk,Essential cookies (exempt from consent),CLIENT_X - Hong Kong,HTTP Cookie,com.adobe.alloy.getTld,,bench_update_duration,,,Existing CM Trackers-Not Found,,,,,
widget.as.criteo.com,Targeted Advertising Cookies (including social media) [Requires consent],Criteo SA,JavaScript,-,,,,https://www.CLIENT_X.com.au/c-f/XC000017093/how-to-clean-and-maintain-my-lor-barista-coffee-machine,New Third Party Trackers,,,,,
www.CLIENT_X.co.ke,Essential cookies (exempt from consent),CLIENT_X - Kenya,HTTP Cookie,p-hc-specialty,,bench_update_duration,TRUE,https://www.CLIENT_X.com.au/c-w/resources-and-education/resource-library.html,Existing CM Trackers-Found,,,,,
www.lighting.CLIENT_X.com.au,Essential cookies (exempt from consent),Signify (formerly CLIENT_X Lighting),ETag,blank (etag),,0,TRUE,https://www.CLIENT_X.com.au/,Existing CM Trackers-Found,,,,,
CLIENT_X.co.ke,Essential cookies (exempt from consent),CLIENT_X - Kenya,HTTP Cookie,da_sid,,bench_update_duration,TRUE,https://www.CLIENT_X.com.au/,Existing CM Trackers-Found,,,,,
CLIENT_X.co.uk,Targeted Advertising cookies (including social media),CLIENT_X - United Kingdom,Local Storage,_ga_failed_lookup_marker_1_1312,,,,,Existing CM Trackers-Not Found,,,,,
CLIENT_X.co.nz,Essential cookies (exempt from consent),CLIENT_X - New Zealand,HTTP Cookie,internalUserCheck,,bench_update_duration,,,Existing CM Trackers-Not Found,,,,,
www.CLIENT_X.sk,Essential cookies (exempt from consent),CLIENT_X - Slovakia,Beacon,blank (beacon),,bench_update_duration,,https://www.CLIENT_X.com.au/,New First Party Trackers,,,,,
lighting.CLIENT_X.com.ph,Essential cookies (exempt from consent),CLIENT_X - Philippines,HTTP Cookie,aam_uuid,,bench_update_duration,,,Existing CM Trackers-Not Found,,,,,
CLIENT_X.lv,Essential cookies (exempt from consent),CLIENT_X - Latvia,HTTP Cookie,FPLC,,bench_update_duration,,https://www.CLIENT_X.com.au/,New First Party Trackers,,,,,
analytics-fe.digital-cloud-us-main.medallia.com,Performance cookies,Medallia,Beacon,_ga_failed_lookup_marker_1_1317,,,TRUE,https://www.CLIENT_X.com.au/,Existing CM Trackers-Found,,,,,
www.CLIENT_X.com.au,Essential cookies,CLIENT_X - Australia,HTTP Cookie,bench_new_T2_320,,0,TRUE,https://www.CLIENT_X.com.au/,Existing CM Trackers-Found,,,,,
pagead2.googlesyndication.com,Targeted Advertising cookies (including social media),Google Advertising Products,Beacon,bench_new_T2_245,,,,,Existing CM Trackers-Not Found,,,,,
CLIENT_X.dk,Essential cookies (exempt from consent),CLIENT_X - Denmark,HTTP Cookie,_ga,,bench_update_duration,,,Existing CM Trackers-Not Found,,,,,
lighting.CLIENT_X.co.ke,Essential cookies (exempt from consent),Signify (formerly CLIENT_X Lighting),HTTP Cookie,aam_uuid,,390,TRUE,https://www.CLIENT_X.com.au/,Existing CM Trackers-Found,,,,,
CLIENT_X.com.au,Essential cookies,CLIENT_X - Australia,HTTP Cookie,_ga_failed_lookup_marker_1_1322,,400,TRUE,https://www.CLIENT_X.com.au/,Existing CM Trackers-Found,,,,,
respirtech.com,Essential cookies (exempt from consent),RespirTech,HTTP Cookie,_gat_UA-XXX,,0,,,Existing CM Trackers-Not Found,,,,,
www.CLIENT_X.ng,Essential cookies (exempt from consent),CLIENT_X - Nigeria,HTTP Cookie,kampyle_userid,,bench_update_duration,,,Existing CM Trackers-Not Found,,,,,
cdn.staticans.com,Targeted Advertising Cookies (including social media) [Requires consent],Unknown,ETag,-,,,,,Existing CM Trackers-Not Found,,,,,
www.lighting.CLIENT_X.com.gh,Essential cookies (exempt from consent),Signify (formerly CLIENT_X Lighting),ETag,blank (etag),,bench_update_duration,,,Existing CM Trackers-Not Found,,,,,
www.CLIENT_X.com.my,Essential cookies (exempt from consent),CLIENT_X - Malaysia,Beacon,blank (beacon),,,,,Existing CM Trackers-Not Found,,,,,
www.lighting.CLIENT_X.lv,Essential cookies (exempt from consent),Signify (formerly CLIENT_X Lighting),JavaScript,blank (java),,,TRUE,https://www.CLIENT_X.com.au/c-m-au/car-lights/store-locator,Existing CM Trackers-Found,,,,,
www.CLIENT_X.at,Essential cookies (exempt from consent),CLIENT_X - Austria,HTTP Cookie,ws-id,,bench_update_duration,,,Existing CM Trackers-Not Found,,,,,
CLIENT_X.se,Essential cookies (exempt from consent),CLIENT_X - Sweden,HTTP Cookie,s_tid,,,TRUE,https://www.CLIENT_X.com.au/c-f/XC000012903/how-to-clean-the-insideheating-element-of-my-CLIENT_X-airfryer,Existing CM Trackers-Found,,,,,
CLIENT_X.no,Essential cookies (exempt from consent),CLIENT_X - Norway,HTTP Cookie,_y2,,bench_update_duration,TRUE,https://www.CLIENT_X.com.au/c-e/ho/air-education.html,Existing CM Trackers-Found,,,,,
www.CLIENT_X.cz,Essential cookies (exempt from consent),CLIENT_X - Czech Republic,HTTP Cookie,JSESSIONID,,,TRUE,https://www.CLIENT_X.com.au/c-w/resources-and-education/resource-library.html,Existing CM Trackers-Found,,,,,
www.CLIENT_X.hu,Essential cookies (exempt from consent),CLIENT_X - Hungary,HTTP Cookie,p-gc35,,bench_update_duration,TRUE,https://www.CLIENT_X.com.au/c-p/BRI957_00/lumea-ipl-9000-series-ipl-hair-removal-device-with-senseiq,Existing CM Trackers-Found,,,,,
www.healthcare.shop.CLIENT_X.com.au,Performance cookies,CLIENT_X - Australia,HTTP Cookie,_ga_failed_lookup_marker_1_1334,,,,,Existing CM Trackers-Not Found,,,,,
CLIENT_X.com.au,Essential cookies,CLIENT_X - Australia,HTTP Cookie,bench_new_T2_344,,,,,Existing CM Trackers-Not Found,,,,,
pages.information.signify.com,Performance Cookies [Requires consent],Signify (formerly CLIENT_X Lighting),ETag,-,,bench_update_duration,,https://www.CLIENT_X.com.au/c-f/XC000017093/how-to-clean-and-maintain-my-lor-barista-coffee-machine,New Third Party Trackers,,,,,
CLIENT_X.co.uk,Targeted Advertising cookies (including social media),CLIENT_X - United Kingdom,Local Storage,bench_new_T2_349,,,,,Existing CM Trackers-Not Found,,,,,
CLIENT_X.ee,Essential cookies (exempt from consent),CLIENT_X - Republic of Estonia,HTTP Cookie,s_cc,,bench_update_duration,TRUE,https://www.CLIENT_X.com.au/c-e/products.html,Existing CM Trackers-Found,,,,,
cdn.blueconic.net,Performance Cookies [Requires consent],BlueConic,ETag,-,,bench_update_duration,TRUE,https://www.CLIENT_X.com.au/shop/order-search/search-input,Existing CM Trackers-Found,,,,,
www.CLIENT_X.com.mx,Essential cookies (exempt from consent),CLIENT_X - Mexico,HTTP Cookie,user_country,,365,TRUE,https://www.CLIENT_X.com.au/,Existing CM Trackers-Found,,,,,
CLIENT_X.at,Essential cookies (exempt from consent),CLIENT_X - Austria,HTTP Cookie,TEST_AMCV_COOKIE_WRITE,,729,,,Existing CM Trackers-Not Found,,,,,
CLIENT_X.cl,Essential cookies (exempt from consent),CLIENT_X - Chile,HTTP Cookie,internalUserCheck,,,,,Existing CM Trackers-Not Found,,,,,
CLIENT_X.com.au,Essential cookies (exempt from consent),CLIENT_X - Australia,HTTP Cookie,_gdXXX,,session,,https://www.CLIENT_X.com.au/,New First Party Trackers,,,,,
www.lighting.CLIENT_X.co.nz,Essential cookies (exempt from consent),Signify (formerly CLIENT_X Lighting),ETag,blank (etag),,bench_update_duration,TRUE,https://www.CLIENT_X.com.au/,Existing CM Trackers-Found,,,,,
CLIENT_X.it,Essential cookies (exempt from consent),CLIENT_X - Italy,HTTP Cookie,_fbp,,,,,Existing CM Trackers-Not Found,,,,,
event.syndigo.cloud,Targeted Advertising Cookies (including social media) [Requires consent],Syndigo (formerly Webcollage),ETag,-,,,,,Existing CM Trackers-Not Found,,,,,
CLIENT_X.co.uk,Essential cookies (exempt from consent),CLIENT_X - United Kingdom,HTTP Cookie,s_pv,,,,,Existing CM Trackers-Not Found,,,,,
www.CLIENT_X.com.pe,Essential cookies (exempt from consent),CLIENT_X - Peru,ETag,blank (etag),,90,,https://www.CLIENT_X.com.au/,New First Party Trackers,,,,,
www.lighting.CLIENT_X.co.il,Essential cookies (exempt from consent),Signify (formerly CLIENT_X Lighting),HTTP Cookie,s_as,,,,https://www.CLIENT_X.com.au/,New Third Party Trackers,,,,,
www.lighting.CLIENT_X.ru,Essential cookies (exempt from consent),Signify (formerly CLIENT_X Lighting),HTTP Cookie,CLIENT_X,,390,TRUE,https://www.CLIENT_X.com.au/,Existing CM Trackers-Found,,,,,
www.lighting.CLIENT_X.sa,Essential cookies (exempt from consent),Signify (formerly CLIENT_X Lighting),HTTP Cookie,s_int,,bench_update_duration,TRUE,https://www.CLIENT_X.com.au/c-e/ho/air-education.html,Existing CM Trackers-Found,,,,,
www.CLIENT_X.ie,Essential cookies (exempt from consent),CLIENT_X - Ireland,HTTP Cookie,kampyle_userid,,,,,Existing CM Trackers-Not Found,,,,,
CLIENT_X.be,Essential cookies (exempt from consent),CLIENT_X - Belgium,HTTP Cookie,_y2,,0,,https://www.CLIENT_X.com.au/,New First Party Trackers,,,,,
www.CLIENT_X.se,Essential cookies (exempt from consent),CLIENT_X - Sweden,HTTP Cookie,fl_qualified_entry,,,,,Existing CM Trackers-Not Found,,,,,
www.store-CLIENT_X.tw,Essential cookies (exempt from consent),CLIENT_X Store - Taiwan,HTTP Cookie,gaClientId,,90,,https://www.CLIENT_X.com.au/,New First Party Trackers,,,,,
CLIENT_X.fi,Essential cookies (exempt from consent),CLIENT_X - Finland,HTTP Cookie,s_vtime,,bench_update_duration,,,Existing CM Trackers-Not Found,,,,,
www.CLIENT_X.com.gh,Essential cookies (exempt from consent),CLIENT_X - Ghana,JavaScript,blank (java),,bench_update_duration,TRUE,https://www.CLIENT_X.com.au/,Existing CM Trackers-Found,,,,,
CLIENT_X.nl,Essential cookies (exempt from consent),CLIENT_X - Netherlands,HTTP Cookie,_ttp,,session,TRUE,https://www.CLIENT_X.com.au/,Existing CM Trackers-Found,,,,,
lighting.CLIENT_X.cz,Essential cookies (exempt from consent),Signify (formerly CLIENT_X Lighting),HTTP Cookie,_mkto_trk,,,,https://www.CLIENT_X.com.au/healthcare/solutions/sleep-and-respiratory-care/sleep-therapy-software/sleep-therapy-software,Existing CM Trackers-Found,,,,,
io.vtexpayments.com.br,Performance Cookies [Requires consent],VTEX,ETag,-,,400,TRUE,https://www.CLIENT_X.com.au/,Existing CM Trackers-Found,,,,,
CLIENT_X.ca,Essential cookies (exempt from consent),CLIENT_X - Canada,HTTP Cookie,s_cc,,bench_update_duration,,https://www.CLIENT_X.com.au/healthcare,New Third Party Trackers,,,,,
www.CLIENT_X.es,Essential cookies (exempt from consent),CLIENT_X - Spain,HTTP Cookie,_sdsat_pgm_sh_alloc,,,TRUE,https://www.CLIENT_X.com.au/c-e/ho/air-education.html,Existing CM Trackers-Found,,,,,
api.bufferapp.com,Targeted Advertising Cookies (including social media) [Requires consent],Buffer,ETag,-,,bench_update_duration,,,Existing CM Trackers-Not Found,,,,,
www.CLIENT_X.co.in,Essential cookies (exempt from consent),CLIENT_X - India,HTTP Cookie,user_country,,,TRUE,https://www.CLIENT_X.com.au/,Existing CM Trackers-Found,,,,,
CLIENT_X.ca,Essential cookies (exempt from consent),CLIENT_X - Canada,HTTP Cookie,s_vtime,,bench_update_duration,TRUE,https://www.CLIENT_X.com.au/c-e/ho/air-education.html,Existing CM Trackers-Found,,,,,
CLIENT_X.fi,Essential cookies (exempt from consent),CLIENT_X - Finland,HTTP Cookie,_yi,,89,,https://www.CLIENT_X.com.au/,New First Party Trackers,,,,,
www.lighting.CLIENT_X.ru,Essential cookies (exempt from consent),Signify (formerly CLIENT_X Lighting),ETag,blank (etag),,,,https://www.CLIENT_X.com.au/c-e/shop/checkout,New Third Party Trackers,,,,,
www.lighting.CLIENT_X.co.id,Essential cookies (exempt from consent),Signify (formerly CLIENT_X Lighting),HTTP Cookie,customer_language_accept,,0,TRUE,https://www.CLIENT_X.com.au/,Existing CM Trackers-Found,,,,,
www.CLIENT_X.ae,Essential cookies (exempt from consent),CLIENT_X - Middle East Arab,HTTP Cookie,eddl_gtm_qe_session_start_6523424625,,bench_update_duration,,,Existing CM Trackers-Not Found,,,,,
www.CLIENT_X.co.in,Essential cookies (exempt from consent),CLIENT_X - India,HTTP Cookie,AWSELB,,bench_update_duration,TRUE,https://www.CLIENT_X.com.au/,Existing CM Trackers-Found,,,,,
api.mercadopago.com,Performance Cookies [Requires consent],Mercado Pago,Beacon,-,,bench_update_duration,,,Existing CM Trackers-Not Found,,,,,
www.patientcare.shop.CLIENT_X.com.sg,Essential cookies (exempt from consent),CLIENT_X - Singapore,HTTP Cookie,JSESSIONID,,,TRUE,https://www.CLIENT_X.com.au/,Existing CM Trackers-Found,,,,,
www.CLIENT_X.co.id,Essential cookies (exempt from consent),CLIENT_X - Indonesia,HTTP Cookie,kampylePageLoadedTimestamp,,,,,Existing CM Trackers-Not Found,,,,,
www.subscription.CLIENT_X.cz,Essential cookies (exempt from consent),CLIENT_X - Czech Republic,JavaScript,blank (java),,bench_update_duration,,,Existing CM Trackers-Not Found,,,,,
www.CLIENT_X.co.jp,Essential cookies (exempt from consent),CLIENT_X Electronics Corporation Japan,Beacon,blank (beacon),,,TRUE,https://www.CLIENT_X.com.au/c-p/HH1423_00,Existing CM Trackers-Found,,,,,
www.CLIENT_X.be,Essential cookies (exempt from consent),CLIENT_X - Belgium,HTTP Cookie,ws-active-shop,,bench_update_duration,TRUE,https://www.CLIENT_X.com.au/c-w/product-registration/coffee-fathers-day-promotion,Existing CM Trackers-Found,,,,,
scontent.webcollage.net,Targeted Advertising Cookies (including social media) [Requires consent],Syndigo (formerly Webcollage),ETag,-,,bench_update_duration,,,Existing CM Trackers-Not Found,,,,,
www.shop.CLIENT_X.lt,Essential cookies (exempt from consent),CLIENT_X - Lithuania,Beacon,blank (beacon),,,,,Existing CM Trackers-Not Found,,,,,
lighting.CLIENT_X.co.jp,Essential cookies (exempt from consent),Signify (formerly CLIENT_X Lighting),HTTP Cookie,s_pv,,bench_update_duration,,https://www.CLIENT_X.com.au/c-f/XC000017093/how-to-clean-and-maintain-my-lor-barista-coffee-machine,New Third Party Trackers,,,,,
www.CLIENT_X.co.id,Essential cookies (exempt from consent),CLIENT_X - Indonesia,HTTP Cookie,_schn3,,bench_update_duration,TRUE,https://www.CLIENT_X.com.au/,Existing CM Trackers-Found,,,,,
www.service.CLIENT_X.ru,Essential cookies (exempt from consent),CLIENT_X - Russia,Local Storage,blank (local storage),,,TRUE,https://www.CLIENT_X.com.au/,Existing CM Trackers-Found,,,,,
www.lighting.CLIENT_X.com.co,Essential cookies (exempt from consent),Signify (formerly CLIENT_X Lighting),HTTP Cookie,AWSELB,,0,,,Existing CM Trackers-Not Found,,,,,
www.lighting.CLIENT_X.com.eg,Essential cookies (exempt from consent),Signify (formerly CLIENT_X Lighting),HTTP Cookie,s_as,,,,,Existing CM Trackers-Not Found,,,,,
www.gearselectiontool.lighting.CLIENT_X.com,Performance cookies,Signify (formerly CLIENT_X Lighting),ETag,_ga_failed_lookup_marker_1_1384,,,,,Existing CM Trackers-Not Found,,,,,
CLIENT_X.co.il,Essential cookies (exempt from consent),CLIENT_X - Israel,HTTP Cookie,test,,bench_update_duration,,,Existing CM Trackers-Not Found,,,,,
eloqua.com,Essential cookies,Oracle Marketing,HTTP Cookie,bench_new_T2_369,,392,TRUE,https://www.CLIENT_X.com.au/healthcare/e/sleep-and-respiratory-care/what-matters-most/our-patient-care,Existing CM Trackers-Found,,,,,
www.lighting.CLIENT_X.com.ph,Essential cookies (exempt from consent),CLIENT_X - Philippines,HTTP Cookie,s_int,,,,,Existing CM Trackers-Not Found,,,,,
CLIENT_X.ro,Essential cookies (exempt from consent),CLIENT_X - Romania,HTTP Cookie,TEST_AMCV_COOKIE_WRITE,,90,TRUE,https://www.CLIENT_X.com.au/c-e/ho/air-education.html,Existing CM Trackers-Found,,,,,
www.patientcare.shop.CLIENT_X.co.in,Essential cookies (exempt from consent),CLIENT_X - India,HTTP Cookie,country_currency_rememberme_cookie,,,,,Existing CM Trackers-Not Found,,,,,
lighting.CLIENT_X.co.th,Essential cookies (exempt from consent),Signify (formerly CLIENT_X Lighting),HTTP Cookie,s_ppv,,,,,Existing CM Trackers-Not Found,,,,,
www.CLIENT_X.com.tr,Essential cookies (exempt from consent),CLIENT_X - Turkey,HTTP Cookie,TR_Pub-cartstatus-com,,,TRUE,https://www.CLIENT_X.com.au/,Existing CM Trackers-Found,,,,,
www.CLIENT_X.com.vn,Essential cookies (exempt from consent),CLIENT_X - Vietnam,HTTP Cookie,p-hc-specialty,,,TRUE,https://www.CLIENT_X.com.au/shop/order-search/search-input,Existing CM Trackers-Found,,,,,
www.usa.CLIENT_X.com,Essential cookies (exempt from consent),Koninklijke CLIENT_X N.V.,HTTP Cookie,p-hc-catg,,bench_update_duration,,https://www.CLIENT_X.com.au/,New First Party Trackers,,,,,
CLIENT_X.ng,Essential cookies (exempt from consent),CLIENT_X - Nigeria,HTTP Cookie,mboxEdgeCluster,,,,,Existing CM Trackers-Not Found,,,,,
www.CLIENT_X.bg,Essential cookies (exempt from consent),CLIENT_X - Bulgaria,HTTP Cookie,p-gc35,,session,,,Existing CM Trackers-Not Found,,,,,
www.lighting.CLIENT_X.com.au,Essential cookies,Signify (formerly CLIENT_X Lighting),HTTP Cookie,bench_new_T2_330,,,,,Existing CM Trackers-Not Found,,,,,
www.CLIENT_X.com.sg,Essential cookies (exempt from consent),CLIENT_X - Singapore,HTTP Cookie,SG_Pub-cartstatus-com,,bench_update_duration,,,Existing CM Trackers-Not Found,,,,,
www.CLIENT_X.cl,Essential cookies (exempt from consent),CLIENT_X - Chile,ETag,blank (etag),,bench_update_duration,TRUE,https://www.CLIENT_X.com.au/,Existing CM Trackers-Found,,,,,
www.lighting.CLIENT_X.com.pk,Essential cookies (exempt from consent),Signify (formerly CLIENT_X Lighting),HTTP Cookie,AWSELB,,0,,,Existing CM Trackers-Not Found,,,,,
lighting.CLIENT_X.ua,Essential cookies (exempt from consent),Signify (formerly CLIENT_X Lighting),HTTP Cookie,aam_uuid,,,,https://www.CLIENT_X.com.au/c-e/ho/air-education.html,New Third Party Trackers,,,,,
www.CLIENT_X.nl,Essential cookies (exempt from consent),CLIENT_X - Netherlands,HTTP Cookie,AWSELB,,0,,,Existing CM Trackers-Not Found,,,,,
www.CLIENT_X.ca,Essential cookies (exempt from consent),CLIENT_X - Canada,HTTP Cookie,_yi,,bench_update_duration,,,Existing CM Trackers-Not Found,,,,,
www.lighting.CLIENT_X.co.kr,Essential cookies (exempt from consent),Signify (formerly CLIENT_X Lighting),HTTP Cookie,d01-layout,,,,https://www.CLIENT_X.com.au/a-w/about,New Third Party Trackers,,,,,
www.CLIENT_X.pt,Essential cookies (exempt from consent),CLIENT_X - Portugal,HTTP Cookie,p-gc35,,,TRUE,https://www.CLIENT_X.com.au/c-m-pe/toothbrush-heads/latest,Existing CM Trackers-Found,,,,,
www.tienda.CLIENT_X.com.mx,Essential cookies (exempt from consent),CLIENT_X - Mexico,Beacon,blank (beacon),,,,,Existing CM Trackers-Not Found,,,,,
CLIENT_X.fi,Essential cookies (exempt from consent),CLIENT_X - Finland,HTTP Cookie,s_eVar8,,bench_update_duration,,,Existing CM Trackers-Not Found,,,,,
CLIENT_X.com.my,Essential cookies (exempt from consent),CLIENT_X - Malaysia,HTTP Cookie,_gid,,bench_update_duration,,https://www.CLIENT_X.com.au/c-f/XC000021443/my-CLIENT_X-fan-makes-an-unusual-noise-when-oscillating,New Third Party Trackers,,,,,
lighting.CLIENT_X.ru,Essential cookies (exempt from consent),Signify (formerly CLIENT_X Lighting),HTTP Cookie,s_ppv,,393,TRUE,https://www.CLIENT_X.com.au/,Existing CM Trackers-Found,,,,,
www.CLIENT_X.com.au,Essential cookies,CLIENT_X - Australia,HTTP Cookie,bench_new_T2_352,,7,,https://www.CLIENT_X.com.au/,New First Party Trackers,,,,,
www.CLIENT_X.com,Performance cookies,Koninklijke CLIENT_X N.V.,ETag,_ga_failed_lookup_marker_1_1410,,,TRUE,https://www.CLIENT_X.com.au/c-w/resources-and-education/resource-library.html,Existing CM Trackers-Found,,,,,
www.facebook.com,Targeted Advertising cookies (including social media),Meta (formerly Facebook),Beacon,_ga_failed_lookup_marker_1_1411,,,TRUE,https://www.CLIENT_X.com.au/,Existing CM Trackers-Found,,,,,
CLIENT_X.com.au,Essential cookies,CLIENT_X - Australia,HTTP Cookie,bench_new_T2_387,,90,TRUE,https://www.CLIENT_X.com.au/,Existing CM Trackers-Found,,,,,
lighting.CLIENT_X.com.au,Performance cookies,Signify (formerly CLIENT_X Lighting),HTTP Cookie,bench_new_T2_283,,,,,Existing CM Trackers-Not Found,,,,,
www.lighting.CLIENT_X.ua,Essential cookies (exempt from consent),Signify (formerly CLIENT_X Lighting),HTTP Cookie,customer_country,,,,,Existing CM Trackers-Not Found,,,,,
www.CLIENT_X.co.kr,Essential cookies (exempt from consent),CLIENT_X - Korea,HTTP Cookie,eddl_itc_list,,bench_update_duration,,https://www.CLIENT_X.com.au/c-e/products.html,New Third Party Trackers,,,,,
CLIENT_X.ro,Essential cookies (exempt from consent),CLIENT_X - Romania,HTTP Cookie,iAdvize:splitGroup,,365,TRUE,https://www.CLIENT_X.com.au/,Existing CM Trackers-Found,,,,,
youtube.com,Targeted Advertising cookies (including social media),Google Advertising Products,HTTP Cookie,bench_new_T2_243,,180,TRUE,https://www.CLIENT_X.com.au/c-e/products.html,Existing CM Trackers-Found,,,,,
www.patientcare.shop.CLIENT_X.co.in,Essential cookies (exempt from consent),CLIENT_X - India,HTTP Cookie,isBrowserPopUp,,bench_update_duration,,,Existing CM Trackers-Not Found,,,,,
www.CLIENT_X.com.kw,Essential cookies (exempt from consent),CLIENT_X - Kuwait,HTTP Cookie,eddl_itc_list,,bench_update_duration,,,Existing CM Trackers-Not Found,,,,,
www.CLIENT_X.hu,Essential cookies (exempt from consent),CLIENT_X - Hungary,HTTP Cookie,kampyleUserSession,,bench_update_duration,,https://www.CLIENT_X.com.au/,New First Party Trackers,,,,,
CLIENT_X.co.uk,Essential cookies (exempt from consent),CLIENT_X - United Kingdom,HTTP Cookie,_ga,,90,TRUE,https://www.CLIENT_X.com.au/,Existing CM Trackers-Found,,,,,
CLIENT_Xb2c.lightning.force.com,Essential cookies,"Salesforce.com, Inc.",HTTP Cookie,bench_new_T2_372,,,,,Existing CM Trackers-Not Found,,,,,
lighting.CLIENT_X.dk,Essential cookies (exempt from consent),Signify (formerly CLIENT_X Lighting),HTTP Cookie,com.adobe.alloy.getTld,,,,,Existing CM Trackers-Not Found,,,,,
www.CLIENT_X-hue.com,Performance cookies,CLIENT_X Hue,ETag,bench_new_T2_323,,,,,Existing CM Trackers-Not Found,,,,,
CLIENT_X.com.au,Essential cookies (exempt from consent),CLIENT_X - Australia,HTTP Cookie,s_vtime,,session,,,Existing CM Trackers-Not Found,,,,,
www.hearingsolutions.CLIENT_X.com.cn,Essential cookies (exempt from consent),CLIENT_X - China,Local Storage,blank (local storage),,bench_update_duration,,,Existing CM Trackers-Not Found,,,,,
CLIENT_X.com.hk,Essential cookies (exempt from consent),CLIENT_X - Hong Kong,HTTP Cookie,_hjTLDTest,,1,,https://www.CLIENT_X.com.au/,New First Party Trackers,,,,,
lighting.CLIENT_X.ru,Essential cookies (exempt from consent),Signify (formerly CLIENT_X Lighting),HTTP Cookie,s_vs,,bench_update_duration,,https://www.CLIENT_X.com.au/,New First Party Trackers,,,,,
www.lighting.CLIENT_X.co.uk,Essential cookies (exempt from consent),Signify (formerly CLIENT_X Lighting),HTTP Cookie,AWSELB,,0,TRUE,https://www.CLIENT_X.com.au/,Existing CM Trackers-Found,,,,,
CLIENT_X.com.ph,Essential cookies (exempt from consent),CLIENT_X - Philippines,HTTP Cookie,internalUserCheck,,1,,https://www.CLIENT_X.com.au/,New First Party Trackers,,,,,
lighting.CLIENT_X.si,Essential cookies (exempt from consent),Signify (formerly CLIENT_X Lighting),HTTP Cookie,_mkto_trk,,,,,Existing CM Trackers-Not Found,,,,,
CLIENT_X.co.ke,Essential cookies (exempt from consent),CLIENT_X - Kenya,HTTP Cookie,com.adobe.alloy.getTld,,,,,Existing CM Trackers-Not Found,,,,,
www.CLIENT_X.com.au,Essential cookies,CLIENT_X - Australia,HTTP Cookie,bench_new_T2_212,,365,TRUE,https://www.CLIENT_X.com.au/,Existing CM Trackers-Found,,,,,
snap.licdn.com,Performance Cookies [Requires consent],LinkedIn,JavaScript,-,,,,,Existing CM Trackers-Not Found,,,,,
www.CLIENT_X.hu,Essential cookies (exempt from consent),CLIENT_X - Hungary,HTTP Cookie,kampyleUserSessionsCount,,bench_update_duration,TRUE,https://www.CLIENT_X.com.au/,Existing CM Trackers-Found,,,,,
www.igt-interactive-tour.com,Essential cookies (exempt from consent),Koninklijke CLIENT_X N.V.,ETag,blank (etag),,400,,https://www.CLIENT_X.com.au/healthcare,New Third Party Trackers,,,,,
www.CLIENT_X.com.pk,Essential cookies (exempt from consent),CLIENT_X - Pakistan,Beacon,blank (beacon),,,TRUE,https://www.CLIENT_X.com.au/c-e/au/car-lights/automotive-articles/safety/check-and-adjust-headlights.html,Existing CM Trackers-Found,,,,,
CLIENT_X.nl,Essential cookies (exempt from consent),CLIENT_X - Netherlands,HTTP Cookie,iadvize_test_cookie_top_domain,,bench_update_duration,TRUE,https://www.CLIENT_X.com.au/c-m-au/car-lights/store-locator,Existing CM Trackers-Found,,,,,
static.hotjar.com,Performance cookies,Hotjar,ETag,_ga_failed_lookup_marker_1_1439,,,,,Existing CM Trackers-Not Found,,,,,
static.hotjar.com,Performance Cookies [Requires consent],Hotjar,ETag,-,,bench_update_duration,,,Existing CM Trackers-Not Found,,,,,
www.reparatur-service.CLIENT_X.ch,Essential cookies (exempt from consent),CLIENT_X - Switzerland,JavaScript,blank (java),,bench_update_duration,TRUE,https://www.CLIENT_X.com.au/,Existing CM Trackers-Found,,,,,
CLIENT_X.com.au,Essential cookies (exempt from consent),CLIENT_X - Australia,HTTP Cookie,BCSessionID,,bench_update_duration,,,Existing CM Trackers-Not Found,,,,,
shop.sleepeasy.CLIENT_X.com.au,Essential cookies,CLIENT_X - Australia,Local Storage,bench_new_T2_375,,,,,Existing CM Trackers-Not Found,,,,,
www.google.com,Essential cookies (exempt from consent),Google Inc.,Local Storage,rc::a,,bench_update_duration,,https://www.CLIENT_X.com.au/,New First Party Trackers,,,,,
diz36nn4q02zr.cloudfront.net,Performance Cookies [Requires consent],Amazon (Cloudfront),ETag,-,,,TRUE,https://www.CLIENT_X.com.au/,Existing CM Trackers-Found,,,,,
CLIENT_X.com.au,Essential cookies,CLIENT_X - Australia,HTTP Cookie,bench_new_T2_293,,,,,Existing CM Trackers-Not Found,,,,,
versuni.scene7.com,Performance cookies,Adobe Experience Cloud - Experience Manager,JavaScript,_ga_failed_lookup_marker_1_1447,,,,https://www.CLIENT_X.com.au/c-f/XC000017093/how-to-clean-and-maintain-my-lor-barista-coffee-machine,New Third Party Trackers,,,,,
ajax.googleapis.com,Performance cookies,Google Inc.,JavaScript,_ga_failed_lookup_marker_1_1448,,,,,Existing CM Trackers-Not Found,,,,,
CLIENT_X.co.nz,Essential cookies (exempt from consent),CLIENT_X - New Zealand,HTTP Cookie,BCSessionID,,bench_update_duration,TRUE,https://www.CLIENT_X.com.au/,Existing CM Trackers-Found,,,,,
www.CLIENT_X.pt,Essential cookies (exempt from consent),CLIENT_X - Portugal,Local Storage,blank (local storage),,,,,Existing CM Trackers-Not Found,,,,,
CLIENT_X.com.ar,Essential cookies (exempt from consent),CLIENT_X - Argentina,HTTP Cookie,s_nrpv,,0,TRUE,https://www.CLIENT_X.com.au/c-w/consumer-support/support-contact-page,Existing CM Trackers-Found,,,,,
www.CLIENT_X.com.hk,Essential cookies (exempt from consent),CLIENT_X - Hong Kong,HTTP Cookie,kampyleUserPercentile,,bench_update_duration,,,Existing CM Trackers-Not Found,,,,,
supurgesepeti.com,Essential cookies (exempt from consent),Supurgesepeti.com,HTTP Cookie,_ga,,30,TRUE,https://www.CLIENT_X.com.au/,Existing CM Trackers-Found,,,,,
vimeo.com,Performance Cookies [Requires consent],Vimeo,HTTP Cookie,__cf_bm,,0,TRUE,https://www.CLIENT_X.com.au/,Existing CM Trackers-Found,,,,,
www.CLIENT_X.ru,Essential cookies (exempt from consent),CLIENT_X - Russia,HTTP Cookie,eddl_gtm_qe_session_start_6523424625,,bench_update_duration,,,Existing CM Trackers-Not Found,,,,,
www.mriclinicalcasemap.CLIENT_X.com,Essential cookies (exempt from consent),Koninklijke CLIENT_X N.V.,JavaScript,blank (java),,,,https://www.CLIENT_X.com.au/c-w/consumer-support/support-contact-page,New Third Party Trackers,,,,,
www.CLIENT_X.it,Essential cookies (exempt from consent),CLIENT_X - Italy,HTTP Cookie,fl_qualified_entry,,bench_update_duration,,,Existing CM Trackers-Not Found,,,,,
c.bing.com,Targeted Advertising Cookies (including social media) [Requires consent],Microsoft Advertising,HTTP Cookie,MR,,bench_update_duration,TRUE,https://www.CLIENT_X.com.au/c-e/forms/sfmc/avent-reward-interest.html,Existing CM Trackers-Found,,,,,
www.subscriptions.CLIENT_X.ca,Essential cookies (exempt from consent),CLIENT_X - Canada,JavaScript,blank (java),,,,https://www.CLIENT_X.com.au/a-w/about,New Third Party Trackers,,,,,
be-middleware-subscription-coca-lamuutvmeq-uc.a.run.app,Targeted Advertising Cookies (including social media) [Requires consent],Google Inc.,ETag,-,,,TRUE,https://www.CLIENT_X.com.au/c-p/BRI957_00/lumea-ipl-9000-series-ipl-hair-removal-device-with-senseiq,Existing CM Trackers-Found,,,,,
www.patientcare.shop.CLIENT_X.co.in,Essential cookies (exempt from consent),CLIENT_X - India,HTTP Cookie,pcms-CLIENT_X-inuserSelectionCookie,,bench_update_duration,,,Existing CM Trackers-Not Found,,,,,
shop.CLIENT_X.lt,Essential cookies (exempt from consent),CLIENT_X - Lithuania,HTTP Cookie,TAsessionID,,,,,Existing CM Trackers-Not Found,,,,,
www.CLIENT_X.com.sg,Essential cookies (exempt from consent),CLIENT_X - Singapore,HTTP Cookie,_scid_r,,bench_update_duration,TRUE,https://www.CLIENT_X.com.au/,Existing CM Trackers-Found,,,,,
www.CLIENT_X.ee,Essential cookies (exempt from consent),CLIENT_X - Republic of Estonia,HTTP Cookie,kampyleUserSessionsCount,,,,https://www.CLIENT_X.com.au/a-w/about,New Third Party Trackers,,,,,
CLIENT_X.ng,Essential cookies (exempt from consent),CLIENT_X - Nigeria,HTTP Cookie,coveo_visitorId,,bench_update_duration,TRUE,https://www.CLIENT_X.com.au/,Existing CM Trackers-Found,,,,,
www.lighting.CLIENT_X.co.il,Essential cookies (exempt from consent),Signify (formerly CLIENT_X Lighting),ETag,blank (etag),,,,https://www.CLIENT_X.com.au/en-AU/about/news-and-insights/all,New Third Party Trackers,,,,,
CLIENT_X.com.au,Targeted Advertising cookies (including social media),CLIENT_X - Australia,HTTP Cookie,bench_new_T2_238,,,,,Existing CM Trackers-Not Found,,,,,
CLIENT_X.se,Essential cookies (exempt from consent),CLIENT_X - Sweden,HTTP Cookie,s_eVar8,,,,,Existing CM Trackers-Not Found,,,,,
www.CLIENT_X.com.vn,Essential cookies (exempt from consent),CLIENT_X - Vietnam,HTTP Cookie,_scid,,bench_update_duration,TRUE,https://www.CLIENT_X.com.au/c-w/consumer-support/support-contact-page,Existing CM Trackers-Found,,,,,
h64.online-metrix.net,Performance cookies,LexisNexis Risk Solutions (formerly ThreatMetrix),JavaScript,bench_new_T2_306,,,TRUE,https://www.CLIENT_X.com.au/c-p/GC012_00/-,Existing CM Trackers-Found,,,,,
www.horticulture-partnertool.lighting.CLIENT_X.com,Performance cookies,Signify (formerly CLIENT_X Lighting),JavaScript,bench_new_T2_231,,,,,Existing CM Trackers-Not Found,,,,,
www.CLIENT_X.com.co,Essential cookies (exempt from consent),CLIENT_X - Colombia,HTTP Cookie,eddl_gtm_qe_session_start_6523424625,,session,TRUE,https://www.CLIENT_X.com.au/,Existing CM Trackers-Found,,,,,
www.loja.CLIENT_X.com.br,Essential cookies (exempt from consent),CLIENT_X - Brazil,Beacon,blank (beacon),,session,,https://www.CLIENT_X.com.au/,New First Party Trackers,,,,,
www.google.com,Essential cookies (exempt from consent),Google Inc.,Local Storage,rc::c,,bench_update_duration,TRUE,https://www.CLIENT_X.com.au/,Existing CM Trackers-Found,,,,,
widget.us.criteo.com,Targeted Advertising Cookies (including social media) [Requires consent],Criteo SA,JavaScript,-,,bench_update_duration,,https://www.CLIENT_X.com.au/healthcare/clinical-solutions/early-warning-scoring,New Third Party Trackers,,,,,
CLIENT_Xb2c.my.site.com,Performance cookies,"Salesforce.com, Inc.",ETag,_ga_failed_lookup_marker_1_1476,,,TRUE,https://www.CLIENT_X.com.au/c-w/consumer-support/support-contact-page,Existing CM Trackers-Found,,,,,
CLIENT_X.com.pe,Essential cookies (exempt from consent),CLIENT_X - Peru,HTTP Cookie,com.adobe.alloy.getTld,,bench_update_duration,,,Existing CM Trackers-Not Found,,,,,
CLIENT_X.co.kr,Essential cookies (exempt from consent),CLIENT_X - Korea,HTTP Cookie,li_cm_prefs_session,,bench_update_duration,,https://www.CLIENT_X.com.au/,New First Party Trackers,,,,,
www.CLIENT_X.cz,Essential cookies (exempt from consent),CLIENT_X - Czech Republic,Beacon,blank (beacon),,,,https://www.CLIENT_X.com.au/healthcare/e/sleep-and-respiratory-care/what-matters-most/our-patient-care,Existing CM Trackers-Found,,,,,
www.CLIENT_X.ng,Essential cookies (exempt from consent),CLIENT_X - Nigeria,HTTP Cookie,user_country,,bench_update_duration,,,Existing CM Trackers-Not Found,,,,,
lighting.CLIENT_X.com.au,Essential cookies,Signify (formerly CLIENT_X Lighting),HTTP Cookie,_ga_failed_lookup_marker_1_1481,,,,,Existing CM Trackers-Not Found,,,,,
CLIENT_X.co.th,Essential cookies (exempt from consent),CLIENT_X - Thailand,HTTP Cookie,mbox,,bench_update_duration,,,Existing CM Trackers-Not Found,,,,,
www.CLIENT_X.com.au,Essential cookies,CLIENT_X - Australia,HTTP Cookie,bench_new_T2_308,,30,TRUE,https://www.CLIENT_X.com.au/,Existing CM Trackers-Found,,,,,
demdex.net,Targeted Advertising cookies (including social media),"Adobe Audience Manager, Adobe Experience Cloud",HTTP Cookie,_ga_failed_lookup_marker_1_1484,,,,,Existing CM Trackers-Not Found,,,,,
www.CLIENT_X.ca,Essential cookies (exempt from consent),CLIENT_X - Canada,HTTP Cookie,_scid,,bench_update_duration,TRUE,https://www.CLIENT_X.com.au/,Existing CM Trackers-Found,,,,,
CLIENT_X.co.uk,Essential cookies (exempt from consent),CLIENT_X - United Kingdom,HTTP Cookie,li_cm_prefs_session,,bench_update_duration,TRUE,https://www.CLIENT_X.com.au/,Existing CM Trackers-Found,,,,,
CLIENT_X.hr,Essential cookies (exempt from consent),CLIENT_X - Croatia,HTTP Cookie,_scid,,bench_update_duration,,https://www.CLIENT_X.com.au/a-w/about,New Third Party Trackers,,,,,
www.CLIENT_X.fi,Essential cookies (exempt from consent),CLIENT_X - Finland,HTTP Cookie,CLIENT_X,,bench_update_duration,,https://www.CLIENT_X.com.au/,New First Party Trackers,,,,,
CLIENT_X.co.id,Essential cookies (exempt from consent),CLIENT_X - Indonesia,HTTP Cookie,s_ugv,,bench_update_duration,,,Existing CM Trackers-Not Found,,,,,
extend.vimeocdn.com,Targeted Advertising Cookies (including social media) [Requires consent],Vimeo,ETag,-,,bench_update_duration,TRUE,https://www.CLIENT_X.com.au/c-m-au/car-lights/store-locator,Existing CM Trackers-Found,,,,,
www.lighting.CLIENT_X.cz,Essential cookies (exempt from consent),Signify (formerly CLIENT_X Lighting),HTTP Cookie,AWSELBCORS,,0,,https://www.CLIENT_X.com.au/healthcare/e/sleep-and-respiratory-care/what-matters-most/our-patient-care,Existing CM Trackers-Found,,,,,
stg.CLIENT_X.ro,Essential cookies (exempt from consent),CLIENT_X - Romania,HTTP Cookie,_yi,,bench_update_duration,TRUE,https://www.CLIENT_X.com.au/,Existing CM Trackers-Found,,,,,
www.CLIENT_X.com.au,Essential cookies,CLIENT_X - Australia,HTTP Cookie,_ga_failed_lookup_marker_1_1493,,session,TRUE,https://www.CLIENT_X.com.au/,Existing CM Trackers-Found,,,,,
CLIENT_X.pt,Essential cookies (exempt from consent),CLIENT_X - Portugal,HTTP Cookie,s_cm_direct,,bench_update_duration,TRUE,https://www.CLIENT_X.com.au/,Existing CM Trackers-Found,,,,,
CLIENT_X.com.eg,Essential cookies (exempt from consent),CLIENT_X - Egypt,HTTP Cookie,_hjTLDTest,,bench_update_duration,,,Existing CM Trackers-Not Found,,,,,
CLIENT_X.lt,Essential cookies (exempt from consent),CLIENT_X - Lithuania,HTTP Cookie,s_cm_direct,,,,,Existing CM Trackers-Not Found,,,,,
shop.sleepeasy.CLIENT_X.com.au,Essential cookies,CLIENT_X - Australia,Local Storage,_ga_failed_lookup_marker_1_1497,,,,,Existing CM Trackers-Not Found,,,,,
lighting.CLIENT_X.com.tw,Essential cookies (exempt from consent),Signify (formerly CLIENT_X Lighting),HTTP Cookie,s_nr30,,,,,Existing CM Trackers-Not Found,,,,,
www.CLIENT_X.rs,Essential cookies (exempt from consent),CLIENT_X - Serbia,JavaScript,blank (java),,,,,Existing CM Trackers-Not Found,,,,,
CLIENT_X.ng,Essential cookies (exempt from consent),CLIENT_X - Nigeria,HTTP Cookie,zScalerUser,,bench_update_duration,TRUE,https://www.CLIENT_X.com.au/,Existing CM Trackers-Found,,,,,
XXXXXXXXXXXXXXXXXXXXXXXXXXXXXXXXXXXXXXXXXXXXXXXXXXXXXXXX.e.aa.online-metrix.net,Targeted Advertising Cookies (including social media) [Requires consent],LexisNexis Risk Solutions (formerly ThreatMetrix),Beacon,-,,,,,Existing CM Trackers-Not Found,,,,,
CLIENT_X.bg,Essential cookies (exempt from consent),CLIENT_X - Bulgaria,HTTP Cookie,s_cc,,89,,,Existing CM Trackers-Not Found,,,,,
www.CLIENT_X.co.ke,Essential cookies (exempt from consent),CLIENT_X - Kenya,HTTP Cookie,user_country,,,TRUE,https://www.CLIENT_X.com.au/c-e/ho/cooking/pasta-maker.html,Existing CM Trackers-Found,,,,,
www.CLIENT_X.co.in,Essential cookies (exempt from consent),CLIENT_X - India,HTTP Cookie,kampyleUserPercentile,,,,,Existing CM Trackers-Not Found,,,,,
CLIENT_X.it,Essential cookies (exempt from consent),CLIENT_X - Italy,HTTP Cookie,s_eVar8,,,,,Existing CM Trackers-Not Found,,,,,
CLIENT_X.ch,Essential cookies (exempt from consent),CLIENT_X - Switzerland,HTTP Cookie,internalUserCheck,,bench_update_duration,TRUE,https://www.CLIENT_X.com.au/c-e/products.html,Existing CM Trackers-Found,,,,,
CLIENT_X.com.mx,Essential cookies (exempt from consent),CLIENT_X - Mexico,HTTP Cookie,s_cm_direct,,400,,https://www.CLIENT_X.com.au/c-f/XC000021443/my-CLIENT_X-fan-makes-an-unusual-noise-when-oscillating,New Third Party Trackers,,,,,
lighting.CLIENT_X.com.vn,Essential cookies (exempt from consent),Signify (formerly CLIENT_X Lighting),HTTP Cookie,s_ppvl,,bench_update_duration,,,Existing CM Trackers-Not Found,,,,,
CLIENT_X.se,Essential cookies (exempt from consent),CLIENT_X - Sweden,HTTP Cookie,_gcl_au,,,,,Existing CM Trackers-Not Found,,,,,
CLIENT_X.rs,Essential cookies (exempt from consent),CLIENT_X - Serbia,HTTP Cookie,_fbp,,bench_update_duration,TRUE,https://www.CLIENT_X.com.au/,Existing CM Trackers-Found,,,,,
www.CLIENT_X.it,Essential cookies (exempt from consent),CLIENT_X - Italy,HTTP Cookie,IT_Pub-cartstatus-com,,bench_update_duration,,https://www.CLIENT_X.com.au/,New First Party Trackers,,,,,
www.CLIENT_X.com.tw,Essential cookies (exempt from consent),CLIENT_X - Taiwan,HTTP Cookie,AWSELBCORS,,bench_update_duration,,,Existing CM Trackers-Not Found,,,,,
www.CLIENT_X.lt,Essential cookies (exempt from consent),CLIENT_X - Lithuania,HTTP Cookie,AWSELBCORS,,0,,,Existing CM Trackers-Not Found,,,,,
www.CLIENT_X.co.il,Essential cookies (exempt from consent),CLIENT_X - Israel,JavaScript,blank (java),,bench_update_duration,,,Existing CM Trackers-Not Found,,,,,
CLIENT_X.com.tr,Essential cookies (exempt from consent),CLIENT_X - Turkey,HTTP Cookie,_gdXXX,,bench_update_duration,TRUE,https://www.CLIENT_X.com.au/c-w/consumer-support/support-contact-page,Existing CM Trackers-Found,,,,,
lighting.CLIENT_X.com.tr,Essential cookies (exempt from consent),Signify (formerly CLIENT_X Lighting),HTTP Cookie,s_sid,,390,TRUE,https://www.CLIENT_X.com.au/,Existing CM Trackers-Found,,,,,
unpkg.com,Performance Cookies [Requires consent],UNPKG,JavaScript,-,,,,,Existing CM Trackers-Not Found,,,,,
www.CLIENT_X.ma,Essential cookies (exempt from consent),CLIENT_X - Morocco,HTTP Cookie,mdLogger,,bench_update_duration,TRUE,https://www.CLIENT_X.com.au/c-e/au/car-lights/automotive-articles/safety/check-and-adjust-headlights.html,Existing CM Trackers-Found,,,,,
www.adsensecustomsearchads.com,Targeted Advertising Cookies (including social media) [Requires consent],Google Inc.,JavaScript,-,,bench_update_duration,,https://www.CLIENT_X.com.au/,New Third Party Trackers,,,,,
CLIENT_X.com.au,Essential cookies,CLIENT_X - Australia,HTTP Cookie,_ga_failed_lookup_marker_1_1520,,400,TRUE,https://www.CLIENT_X.com.au/,Existing CM Trackers-Found,,,,,
CLIENT_X.com.au,Essential cookies,CLIENT_X - Australia,HTTP Cookie,_ga_failed_lookup_marker_1_1521,,,,,Existing CM Trackers-Not Found,,,,,
api-maps.yandex.ru,Targeted Advertising Cookies (including social media) [Requires consent],Yandex,ETag,-,,bench_update_duration,TRUE,https://www.CLIENT_X.com.au/,Existing CM Trackers-Found,,,,,
www.healthcare.shop.CLIENT_X.com.au,Essential cookies,CLIENT_X - Australia,HTTP Cookie,_ga_failed_lookup_marker_1_1523,,,,,Existing CM Trackers-Not Found,,,,,
www.CLIENT_X.ee,Essential cookies (exempt from consent),CLIENT_X - Republic of Estonia,HTTP Cookie,kampyleUserPercentile,,,TRUE,https://www.CLIENT_X.com.au/c-e/au/car-lights/automotive-articles/safety/check-and-adjust-headlights.html,Existing CM Trackers-Found,,,,,
www.CLIENT_X.co.za,Essential cookies (exempt from consent),CLIENT_X - South Africa,HTTP Cookie,fl_qualified_entry,,0,,https://www.CLIENT_X.com.au/,New First Party Trackers,,,,,
lighting.CLIENT_X.nl,Essential cookies (exempt from consent),Signify (formerly CLIENT_X Lighting),HTTP Cookie,_mkto_trk,,bench_update_duration,,,Existing CM Trackers-Not Found,,,,,
CLIENT_X.dk,Essential cookies (exempt from consent),CLIENT_X - Denmark,HTTP Cookie,test,,bench_update_duration,,,Existing CM Trackers-Not Found,,,,,
www.lighting.CLIENT_X.pl,Essential cookies (exempt from consent),Signify (formerly CLIENT_X Lighting),JavaScript,blank (java),,session,TRUE,https://www.CLIENT_X.com.au/,Existing CM Trackers-Found,,,,,
www.lighting.CLIENT_X.com.au,Essential cookies,Signify (formerly CLIENT_X Lighting),HTTP Cookie,_ga_failed_lookup_marker_1_1529,,,,,Existing CM Trackers-Not Found,,,,,
CLIENT_X.ca,Essential cookies (exempt from consent),CLIENT_X - Canada,HTTP Cookie,_scid,,bench_update_duration,,https://www.CLIENT_X.com.au/a-w/cookie-notice,New Third Party Trackers,,,,,
w2txo5aaXXXXXXXXXXXXXXXXXXXXXXXXXXXXXXXXXXXXXXXXXXXXXXX.e.aa.online-metrix.net,Performance Cookies [Requires consent],LexisNexis Risk Solutions (formerly ThreatMetrix),Beacon,-,,,,,Existing CM Trackers-Not Found,,,,,
CLIENT_X.ro,Essential cookies (exempt from consent),CLIENT_X - Romania,HTTP Cookie,s_cm,,bench_update_duration,TRUE,https://www.CLIENT_X.com.au/,Existing CM Trackers-Found,,,,,
www.CLIENT_X.gr,Essential cookies (exempt from consent),CLIENT_X - Greece,HTTP Cookie,eddl_itc_list,,bench_update_duration,,,Existing CM Trackers-Not Found,,,,,
CLIENT_X.com.au,Essential cookies,CLIENT_X - Australia,HTTP Cookie,_ga_failed_lookup_marker_1_1534,,,,,Existing CM Trackers-Not Found,,,,,
dlswbr.baidu.com,Performance Cookies [Requires consent],Baidu,JavaScript,-,,,,,Existing CM Trackers-Not Found,,,,,
pbcdn1.podbean.com,Performance cookies,Podbean,ETag,_ga_failed_lookup_marker_1_1536,,,,,Existing CM Trackers-Not Found,,,,,
CLIENT_X.com.au,Essential cookies,CLIENT_X - Australia,HTTP Cookie,bench_new_T2_353,,90,,https://www.CLIENT_X.com.au/,New First Party Trackers,,,,,
s334834414.t.eloqua.com,Performance cookies,Oracle Marketing,JavaScript,_ga_failed_lookup_marker_1_1538,,,,https://www.CLIENT_X.com.au/healthcare/solutions/sleep-and-respiratory-care/sleep-therapy-software/sleep-therapy-software,New Third Party Trackers,,,,,
CLIENT_X.co.id,Essential cookies (exempt from consent),CLIENT_X - Indonesia,HTTP Cookie,TEST_AMCV_COOKIE,,session,TRUE,https://www.CLIENT_X.com.au/,Existing CM Trackers-Found,,,,,
www.CLIENT_X.jo,Essential cookies (exempt from consent),CLIENT_X - Jordan,HTTP Cookie,kampyle_userid,,bench_update_duration,TRUE,https://www.CLIENT_X.com.au/a-w/about,Existing CM Trackers-Found,,,,,
www.CLIENT_X.es,Essential cookies (exempt from consent),CLIENT_X - Spain,HTTP Cookie,ES_Pub-cart-com,,bench_update_duration,,,Existing CM Trackers-Not Found,,,,,
www.CLIENT_X.co.uk,Essential cookies (exempt from consent),CLIENT_X - United Kingdom,HTTP Cookie,ws-active-shop,,,,,Existing CM Trackers-Not Found,,,,,
ajax.googleapis.com,Performance cookies,Google Inc.,JavaScript,_ga_failed_lookup_marker_1_1543,,,,,Existing CM Trackers-Not Found,,,,,
www.CLIENT_X.pl,Essential cookies (exempt from consent),CLIENT_X - Poland,HTTP Cookie,AWSELB,,bench_update_duration,TRUE,https://www.CLIENT_X.com.au/,Existing CM Trackers-Found,,,,,
CLIENT_X.co.jp,Essential cookies (exempt from consent),CLIENT_X Electronics Corporation Japan,HTTP Cookie,FPLC,,,,,Existing CM Trackers-Not Found,,,,,
CLIENT_X.com.hk,Essential cookies (exempt from consent),CLIENT_X - Hong Kong,HTTP Cookie,BCSessionID,,,TRUE,https://www.CLIENT_X.com.au/,Existing CM Trackers-Found,,,,,
www.CLIENT_X.com.au,Essential cookies,CLIENT_X - Australia,HTTP Cookie,_ga_failed_lookup_marker_1_1547,,0,TRUE,https://www.CLIENT_X.com.au/,Existing CM Trackers-Found,,,,,
CLIENT_X.cz,Essential cookies (exempt from consent),CLIENT_X - Czech Republic,HTTP Cookie,s_cc,,90,TRUE,https://www.CLIENT_X.com.au/,Existing CM Trackers-Found,,,,,
CLIENT_X.ae,Essential cookies (exempt from consent),CLIENT_X - Middle East Arab,HTTP Cookie,s_gnr,,bench_update_duration,TRUE,https://www.CLIENT_X.com.au/,Existing CM Trackers-Found,,,,,
www.lighting.CLIENT_X.bg,Essential cookies (exempt from consent),Signify (formerly CLIENT_X Lighting),Local Storage,blank (local storage),,729,TRUE,https://www.CLIENT_X.com.au/,Existing CM Trackers-Found,,,,,
www.CLIENT_X.com.br,Essential cookies (exempt from consent),CLIENT_X - Brazil,HTTP Cookie,liveagent_ptid,,bench_update_duration,,,Existing CM Trackers-Not Found,,,,,
pages.information.signify.com,Performance cookies,Signify (formerly CLIENT_X Lighting),HTTP Cookie,_ga_failed_lookup_marker_1_1552,,,,,Existing CM Trackers-Not Found,,,,,
beacon.speedcurve.com,Performance cookies,Speedcurve,Beacon,_ga_failed_lookup_marker_1_1553,,,,https://www.CLIENT_X.com.au/,New Third Party Trackers,,,,,
CLIENT_X.sk,Essential cookies (exempt from consent),CLIENT_X - Slovakia,HTTP Cookie,s_pv,,bench_update_duration,TRUE,https://www.CLIENT_X.com.au/c-e/ho/cooking/pasta-maker.html,Existing CM Trackers-Found,,,,,
www.usa.CLIENT_X.com,Essential cookies (exempt from consent),Koninklijke CLIENT_X N.V.,HTTP Cookie,ROUTE,,bench_update_duration,TRUE,https://www.CLIENT_X.com.au/,Existing CM Trackers-Found,,,,,
CLIENT_X.fr,Essential cookies (exempt from consent),CLIENT_X - France,HTTP Cookie,_fbp,,bench_update_duration,,https://www.CLIENT_X.com.au/c-m-pe/hair-removal,New Third Party Trackers,,,,,
www.store-CLIENT_X.tw,Essential cookies (exempt from consent),CLIENT_X Store - Taiwan,HTTP Cookie,ai_user,,,TRUE,https://www.CLIENT_X.com.au/,Existing CM Trackers-Found,,,,,
CLIENT_X.ma,Essential cookies (exempt from consent),CLIENT_X - Morocco,HTTP Cookie,s_cc,,bench_update_duration,TRUE,https://www.CLIENT_X.com.au/,Existing CM Trackers-Found,,,,,
www.google.com,Essential cookies (exempt from consent),Google Inc.,Local Storage,rc::d-1695371215449,,,,,Existing CM Trackers-Not Found,,,,,
CLIENT_X.be,Essential cookies (exempt from consent),CLIENT_X - Belgium,HTTP Cookie,s_nrpv,,bench_update_duration,TRUE,https://www.CLIENT_X.com.au/c-w/product-registration/coffee-fathers-day-promotion,Existing CM Trackers-Found,,,,,
CLIENT_X.se,Essential cookies (exempt from consent),CLIENT_X - Sweden,HTTP Cookie,_ga,,bench_update_duration,,,Existing CM Trackers-Not Found,,,,,
tst.CLIENT_X.com.mx,Essential cookies (exempt from consent),CLIENT_X - Mexico,JavaScript,blank (java),,,,,Existing CM Trackers-Not Found,,,,,
www.lighting.CLIENT_X.ng,Essential cookies (exempt from consent),Signify (formerly CLIENT_X Lighting),HTTP Cookie,customer_country,,,,,Existing CM Trackers-Not Found,,,,,
CLIENT_X.com.au,Essential cookies,CLIENT_X - Australia,HTTP Cookie,bench_new_T2_272,,,,,Existing CM Trackers-Not Found,,,,,
lighting.CLIENT_X.com.au,Essential cookies,Signify (formerly CLIENT_X Lighting),HTTP Cookie,_ga_failed_lookup_marker_1_1565,,,,,Existing CM Trackers-Not Found,,,,,
www.lighting.CLIENT_X.pl,Essential cookies (exempt from consent),Signify (formerly CLIENT_X Lighting),HTTP Cookie,s_mc,,bench_update_duration,,,Existing CM Trackers-Not Found,,,,,
lighting.CLIENT_X.com.au,Essential cookies (exempt from consent),Signify (formerly CLIENT_X Lighting),HTTP Cookie,s_vs,,bench_update_duration,TRUE,https://www.CLIENT_X.com.au/c-e/ho/air-education.html,Existing CM Trackers-Found,,,,,
cdn1.staticans.com,Targeted Advertising Cookies (including social media) [Requires consent],Unknown,ETag,-,,,TRUE,https://www.CLIENT_X.com.au/c-e/ho/air-education.html,Existing CM Trackers-Found,,,,,
www.CLIENT_X.ma,Essential cookies (exempt from consent),CLIENT_X - Morocco,HTTP Cookie,AWSELBCORS,,0,,,Existing CM Trackers-Not Found,,,,,
static.cloudflareinsights.com,Performance Cookies [Requires consent],Cloudflare,ETag,-,,bench_update_duration,,,Existing CM Trackers-Not Found,,,,,
www.igt-interactive-tour.com,Essential cookies (exempt from consent),Koninklijke CLIENT_X N.V.,JavaScript,blank (java),,,,,Existing CM Trackers-Not Found,,,,,
www.CLIENT_X.fi,Essential cookies (exempt from consent),CLIENT_X - Finland,HTTP Cookie,shop-health,,365,TRUE,https://www.CLIENT_X.com.au/c-e/ho/air-education.html,Existing CM Trackers-Found,,,,,
www.CLIENT_X.es,Essential cookies (exempt from consent),CLIENT_X - Spain,HTTP Cookie,notice_settings,,0,,https://www.CLIENT_X.com.au/,New First Party Trackers,,,,,
x.cnt.my,Targeted Advertising Cookies (including social media) [Requires consent],Unknown,ETag,-,,session,TRUE,https://www.CLIENT_X.com.au/,Existing CM Trackers-Found,,,,,
CLIENT_X.co.kr,Essential cookies (exempt from consent),CLIENT_X - Korea,HTTP Cookie,com.adobe.alloy.getTld,,bench_update_duration,,,Existing CM Trackers-Not Found,,,,,
CLIENT_Xes.api.useinsider.com,Targeted Advertising Cookies (including social media) [Requires consent],Insider,JavaScript,-,,bench_update_duration,,,Existing CM Trackers-Not Found,,,,,
CLIENT_X.gr,Essential cookies (exempt from consent),CLIENT_X - Greece,HTTP Cookie,TEST_AMCV_COOKIE_WRITE,,,TRUE,https://www.CLIENT_X.com.au/shop/order-search/search-input,Existing CM Trackers-Found,,,,,
cft.holmesmind.com,Performance Cookies [Requires consent],DoubleMax Technology,ETag,-,,bench_update_duration,TRUE,https://www.CLIENT_X.com.au/,Existing CM Trackers-Found,,,,,
cdn.jsdelivr.net,Performance cookies,Volentio JSD Limited,ETag,bench_new_T2_230,,,,,Existing CM Trackers-Not Found,,,,,
CLIENT_X.bg,Essential cookies (exempt from consent),CLIENT_X - Bulgaria,HTTP Cookie,FPLC,,bench_update_duration,,,Existing CM Trackers-Not Found,,,,,
www.CLIENT_X.com.kw,Essential cookies (exempt from consent),CLIENT_X - Kuwait,Local Storage,blank (local storage),,bench_update_duration,TRUE,https://www.CLIENT_X.com.au/,Existing CM Trackers-Found,,,,,
CLIENT_X.com.cn,Essential cookies (exempt from consent),CLIENT_X - China,HTTP Cookie,s_nrpv,,,,,Existing CM Trackers-Not Found,,,,,
CLIENT_X.com.au,Essential cookies,CLIENT_X - Australia,HTTP Cookie,bench_new_T2_218,,,,,Existing CM Trackers-Not Found,,,,,
www.subscription.CLIENT_X.at,Essential cookies (exempt from consent),CLIENT_X - Austria,HTTP Cookie,ARRAffinity,,729,TRUE,https://www.CLIENT_X.com.au/,Existing CM Trackers-Found,,,,,
www.googletagmanager.com,Performance cookies,Google Inc.,Beacon,bench_new_T2_220,,,TRUE,https://www.CLIENT_X.com.au/c-e/au/automotive-health-and-wellness/thermal-box.html,Existing CM Trackers-Found,,,,,
dmp.eland-tech.com,Targeted Advertising Cookies (including social media) [Requires consent],Unknown,HTTP Cookie,AWSELBCORS,,0,,,Existing CM Trackers-Not Found,,,,,
lighting.CLIENT_X.co.id,Essential cookies (exempt from consent),Signify (formerly CLIENT_X Lighting),HTTP Cookie,aam_uuid,,,,,Existing CM Trackers-Not Found,,,,,
www.tienda.CLIENT_X.cl,Essential cookies (exempt from consent),CLIENT_X - Chile,HTTP Cookie,eddl_gtm_qe_session_start_6523424625,,bench_update_duration,,,Existing CM Trackers-Not Found,,,,,
CLIENT_X.com.pe,Essential cookies (exempt from consent),CLIENT_X - Peru,HTTP Cookie,_gid,,,,,Existing CM Trackers-Not Found,,,,,
www.mylife.CLIENT_X.com.cn,Essential cookies (exempt from consent),CLIENT_X - China,HTTP Cookie,SECKEY_ABVK,,bench_update_duration,,,Existing CM Trackers-Not Found,,,,,
secure.afilio.com.br,Targeted Advertising Cookies (including social media) [Requires consent],Afilio,JavaScript,-,,bench_update_duration,TRUE,https://www.CLIENT_X.com.au/c-e/au/automotive-health-and-wellness/thermal-box.html,Existing CM Trackers-Found,,,,,
CLIENT_X.com.sg,Essential cookies (exempt from consent),CLIENT_X - Singapore,HTTP Cookie,_hjTLDTest,,bench_update_duration,,,Existing CM Trackers-Not Found,,,,,
CLIENT_X.es,Essential cookies (exempt from consent),CLIENT_X - Spain,HTTP Cookie,s_cm_direct,,bench_update_duration,,,Existing CM Trackers-Not Found,,,,,
www.CLIENT_X.cz,Essential cookies (exempt from consent),CLIENT_X - Czech Republic,HTTP Cookie,_sdsat_pgm_optin,,bench_update_duration,,https://www.CLIENT_X.com.au/,New First Party Trackers,,,,,
CLIENT_X.co.kr,Essential cookies (exempt from consent),CLIENT_X - Korea,HTTP Cookie,_scid,,89,,https://www.CLIENT_X.com.au/,New First Party Trackers,,,,,
CLIENT_X.co.uk,Essential cookies (exempt from consent),CLIENT_X - United Kingdom,HTTP Cookie,com.adobe.alloy.getTld,,bench_update_duration,,https://www.CLIENT_X.com.au/,New First Party Trackers,,,,,
ssl.ceneo.pl,Targeted Advertising Cookies (including social media) [Requires consent],Ceneo.pl,JavaScript,-,,89,,https://www.CLIENT_X.com.au/,New First Party Trackers,,,,,
www.service.CLIENT_X.ru,Essential cookies (exempt from consent),CLIENT_X - Russia,HTTP Cookie,ASP.NET_SessionId,,bench_update_duration,,,Existing CM Trackers-Not Found,,,,,
CLIENT_X.cl,Essential cookies (exempt from consent),CLIENT_X - Chile,HTTP Cookie,coveo_visitorId,,,,https://www.CLIENT_X.com.au/c-m-pe/hair-removal,New Third Party Trackers,,,,,
www.CLIENT_X.it,Essential cookies (exempt from consent),CLIENT_X - Italy,HTTP Cookie,kampylePageLoadedTimestamp,,,,,Existing CM Trackers-Not Found,,,,,
lighting.CLIENT_X.com.au,Essential cookies,Signify (formerly CLIENT_X Lighting),HTTP Cookie,bench_new_T2_248,,,,,Existing CM Trackers-Not Found,,,,,
www.CLIENT_X.com.au,Essential cookies,CLIENT_X - Australia,HTTP Cookie,bench_new_T2_303,,7,,https://www.CLIENT_X.com.au/,New First Party Trackers,,,,,
www.healthcare.shop.CLIENT_X.com.au,Essential cookies,CLIENT_X - Australia,HTTP Cookie,_ga_failed_lookup_marker_1_1603,,,,,Existing CM Trackers-Not Found,,,,,
www.healthcare.shop.CLIENT_X.com.au,Performance cookies,CLIENT_X - Australia,HTTP Cookie,_ga_failed_lookup_marker_1_1604,,,,,Existing CM Trackers-Not Found,,,,,
CLIENT_X.nl,Essential cookies (exempt from consent),CLIENT_X - Netherlands,HTTP Cookie,s_campaign,,bench_update_duration,,,Existing CM Trackers-Not Found,,,,,
www.supurgesepeti.com,Essential cookies (exempt from consent),Supurgesepeti.com,HTTP Cookie,TicimaxReferer,,15,,https://www.CLIENT_X.com.au/,New First Party Trackers,,,,,
www.horticulture-partnertool.lighting.CLIENT_X.com,Performance cookies,Signify (formerly CLIENT_X Lighting),ETag,bench_new_T2_276,,,,,Existing CM Trackers-Not Found,,,,,
CLIENT_X.com.ar,Essential cookies (exempt from consent),CLIENT_X - Argentina,HTTP Cookie,_gid,,729,,,Existing CM Trackers-Not Found,,,,,
www.CLIENT_X.co.th,Essential cookies (exempt from consent),CLIENT_X - Thailand,HTTP Cookie,kampyleSessionPageCounter,,,,,Existing CM Trackers-Not Found,,,,,
CLIENT_X.es,Essential cookies (exempt from consent),CLIENT_X - Spain,HTTP Cookie,test,,bench_update_duration,,,Existing CM Trackers-Not Found,,,,,
www.CLIENT_X.hu,Essential cookies (exempt from consent),CLIENT_X - Hungary,HTTP Cookie,HU_Pub-cart-com,,,,https://www.CLIENT_X.com.au/c-w/consumer-support/support-contact-page,New Third Party Trackers,,,,,
www.CLIENT_X.ua,Essential cookies (exempt from consent),CLIENT_X - Ukraine,HTTP Cookie,AWSELB,,bench_update_duration,,,Existing CM Trackers-Not Found,,,,,
.google.com,Essential cookies (exempt from consent),Google Inc.,HTTP Cookie,SOCS,,bench_update_duration,TRUE,https://www.CLIENT_X.com.au/c-w/resources-and-education/resource-library.html,Existing CM Trackers-Found,,,,,
www.lighting.CLIENT_X.ru,Essential cookies (exempt from consent),Signify (formerly CLIENT_X Lighting),JavaScript,blank (java),,,,,Existing CM Trackers-Not Found,,,,,
dev.CLIENT_X.si,Essential cookies (exempt from consent),CLIENT_X - Slovenia,HTTP Cookie,eddl_gtm_qe_session_start_6523424625,,session,TRUE,https://www.CLIENT_X.com.au/,Existing CM Trackers-Found,,,,,
www.lighting.CLIENT_X.fi,Essential cookies (exempt from consent),Signify (formerly CLIENT_X Lighting),HTTP Cookie,s_mc,,bench_update_duration,TRUE,https://www.CLIENT_X.com.au/,Existing CM Trackers-Found,,,,,
CLIENT_X.com.kw,Essential cookies (exempt from consent),CLIENT_X - Kuwait,HTTP Cookie,da_intState,,,,,Existing CM Trackers-Not Found,,,,,
CLIENT_X.ng,Essential cookies (exempt from consent),CLIENT_X - Nigeria,HTTP Cookie,_fbp,,,,,Existing CM Trackers-Not Found,,,,,
www.CLIENT_X.hr,Essential cookies (exempt from consent),CLIENT_X - Croatia,HTTP Cookie,p-gc35,,bench_update_duration,TRUE,https://www.CLIENT_X.com.au/,Existing CM Trackers-Found,,,,,
www.CLIENT_X.com.au,Essential cookies,CLIENT_X - Australia,HTTP Cookie,_ga_failed_lookup_marker_1_1620,,0,,https://www.CLIENT_X.com.au/,New First Party Trackers,,,,,
CLIENT_X.com.sg,Essential cookies (exempt from consent),CLIENT_X - Singapore,HTTP Cookie,s_nrpv,,bench_update_duration,TRUE,https://www.CLIENT_X.com.au/,Existing CM Trackers-Found,,,,,
CLIENT_X.cl,Essential cookies (exempt from consent),CLIENT_X - Chile,HTTP Cookie,notice_behavior,,,,,Existing CM Trackers-Not Found,,,,,
lighting.CLIENT_X.ua,Essential cookies (exempt from consent),Signify (formerly CLIENT_X Lighting),HTTP Cookie,s_nr,,,TRUE,https://www.CLIENT_X.com.au/c-w/product-registration/coffee-fathers-day-promotion,Existing CM Trackers-Found,,,,,
CLIENT_X.com.tr,Essential cookies (exempt from consent),CLIENT_X - Turkey,HTTP Cookie,li_cm_prefs_session,,,TRUE,https://www.CLIENT_X.com.au/healthcare/product/HCIGTDINTRSGHT,Existing CM Trackers-Found,,,,,
CLIENT_Xb2c.file.force.com,Essential cookies,"Salesforce.com, Inc.",HTTP Cookie,_ga_failed_lookup_marker_1_1625,,,,,Existing CM Trackers-Not Found,,,,,
lighting.CLIENT_X.com.au,Essential cookies,Signify (formerly CLIENT_X Lighting),HTTP Cookie,_ga_failed_lookup_marker_1_1626,,,,,Existing CM Trackers-Not Found,,,,,
.google.com,Essential cookies (exempt from consent),Google Inc.,HTTP Cookie,AEC,,180,,,Existing CM Trackers-Not Found,,,,,
CLIENT_X.gr,Essential cookies (exempt from consent),CLIENT_X - Greece,HTTP Cookie,_gid,,,,,Existing CM Trackers-Not Found,,,,,
force.com,Essential cookies,"Salesforce.com, Inc.",HTTP Cookie,bench_new_T2_226,,,,,Existing CM Trackers-Not Found,,,,,
acdn.adnxs.com,Performance cookies,"Xandr, Inc.",ETag,bench_new_T2_354,,,,https://www.CLIENT_X.com.au/c-e/pe/beauty-tips-women.html,New Third Party Trackers,,,,,
www.crsc.CLIENT_X.com,Targeted Advertising cookies (including social media),Koninklijke CLIENT_X N.V.,ETag,bench_new_T2_316,,,TRUE,https://www.CLIENT_X.com.au/shop/order-search/search-input,Existing CM Trackers-Found,,,,,
CLIENT_X.ee,Essential cookies (exempt from consent),CLIENT_X - Republic of Estonia,HTTP Cookie,s_eVar44,,bench_update_duration,TRUE,https://www.CLIENT_X.com.au/,Existing CM Trackers-Found,,,,,
dev.CLIENT_X.si,Essential cookies (exempt from consent),CLIENT_X - Slovenia,HTTP Cookie,AWSELB,,bench_update_duration,,,Existing CM Trackers-Not Found,,,,,
shop.CLIENT_X.com.cn,Essential cookies (exempt from consent),CLIENT_X - China,HTTP Cookie,Hm_lvt_5d2361cc458f9678f6c7f552c2b4c1d8,,bench_update_duration,TRUE,https://www.CLIENT_X.com.au/c-e/au/automotive-health-and-wellness/thermal-box.html,Existing CM Trackers-Found,,,,,
www.CLIENT_X.com.sg,Essential cookies (exempt from consent),CLIENT_X - Singapore,HTTP Cookie,SG_Pub-cart-com,,bench_update_duration,TRUE,https://www.CLIENT_X.com.au/c-w/consumer-support/support-contact-page,Existing CM Trackers-Found,,,,,
lighting.CLIENT_X.ma,Essential cookies (exempt from consent),Signify (formerly CLIENT_X Lighting),HTTP Cookie,s_cc,,bench_update_duration,,,Existing CM Trackers-Not Found,,,,,
www.patientcare.shop.CLIENT_X.co.in,Essential cookies (exempt from consent),CLIENT_X - India,Local Storage,blank (local storage),,bench_update_duration,TRUE,https://www.CLIENT_X.com.au/,Existing CM Trackers-Found,,,,,
CLIENT_X.com.tw,Essential cookies (exempt from consent),CLIENT_X - Taiwan,HTTP Cookie,s_eVar44,,bench_update_duration,TRUE,https://www.CLIENT_X.com.au/,Existing CM Trackers-Found,,,,,
CLIENT_X.ua,Essential cookies (exempt from consent),CLIENT_X - Ukraine,HTTP Cookie,test,,bench_update_duration,,,Existing CM Trackers-Not Found,,,,,
www.CLIENT_X.com.ar,Essential cookies (exempt from consent),CLIENT_X - Argentina,HTTP Cookie,liveagent_ptid,,bench_update_duration,,,Existing CM Trackers-Not Found,,,,,
www.CLIENT_X.cl,Essential cookies (exempt from consent),CLIENT_X - Chile,HTTP Cookie,eddl_itc_list,,,TRUE,https://www.CLIENT_X.com.au/c-f/XC000012903/how-to-clean-the-insideheating-element-of-my-CLIENT_X-airfryer,Existing CM Trackers-Found,,,,,
CLIENT_X.co.ke,Essential cookies (exempt from consent),CLIENT_X - Kenya,HTTP Cookie,_ttp,,bench_update_duration,,https://www.CLIENT_X.com.au/c-e/pe/beauty-tips-women.html,New Third Party Trackers,,,,,
CLIENT_X.it,Essential cookies (exempt from consent),CLIENT_X - Italy,HTTP Cookie,mboxEdgeCluster,,,,,Existing CM Trackers-Not Found,,,,,
www.subscriptions.CLIENT_X.de,Essential cookies (exempt from consent),CLIENT_X - Germany,HTTP Cookie,eddl_gtm_qe_session_start_6523424625,,,,https://www.CLIENT_X.com.au/c-w/consumer-support/support-contact-page,New Third Party Trackers,,,,,
CLIENT_X.co.in,Essential cookies (exempt from consent),CLIENT_X - India,HTTP Cookie,amp_cookie_testgcNP6DU4EclIlhqkUtsfz0,,bench_update_duration,,https://www.CLIENT_X.com.au/,New Third Party Trackers,,,,,
respirtech.com,Essential cookies (exempt from consent),RespirTech,HTTP Cookie,__utmz,,,,https://www.CLIENT_X.com.au/c-m-pe/airfloss-ultra,New Third Party Trackers,,,,,
CLIENT_Xcl.vtexassets.com,Performance Cookies [Requires consent],VTEX,JavaScript,-,,0,TRUE,https://www.CLIENT_X.com.au/,Existing CM Trackers-Found,,,,,
CLIENT_X.co.il,Essential cookies (exempt from consent),CLIENT_X - Israel,HTTP Cookie,_gdXXX,,session,TRUE,https://www.CLIENT_X.com.au/shop/order-search/search-input,Existing CM Trackers-Found,,,,,
CLIENT_X.ee,Essential cookies (exempt from consent),CLIENT_X - Republic of Estonia,HTTP Cookie,_fbp,,bench_update_duration,,,Existing CM Trackers-Not Found,,,,,
CLIENT_X.co.jp,Essential cookies (exempt from consent),CLIENT_X Electronics Corporation Japan,HTTP Cookie,_gdXXX,,session,,,Existing CM Trackers-Not Found,,,,,
acsbapp.com,Performance Cookies [Requires consent],accessiBe,JavaScript,-,,,TRUE,https://www.CLIENT_X.com.au/c-e/au/car-lights/automotive-articles/safety/check-and-adjust-headlights.html,Existing CM Trackers-Found,,,,,
www.CLIENT_X.cz,Essential cookies (exempt from consent),CLIENT_X - Czech Republic,HTTP Cookie,ws-id,,bench_update_duration,TRUE,https://www.CLIENT_X.com.au/c-e/ho/air-education.html,Existing CM Trackers-Found,,,,,
www.CLIENT_X.ua,Essential cookies (exempt from consent),CLIENT_X - Ukraine,HTTP Cookie,AWSELBCORS,,bench_update_duration,TRUE,https://www.CLIENT_X.com.au/,Existing CM Trackers-Found,,,,,
www.lighting.CLIENT_X.com.pe,Essential cookies (exempt from consent),Signify (formerly CLIENT_X Lighting),HTTP Cookie,customer_language_accept,,,,,Existing CM Trackers-Not Found,,,,,
CLIENT_X.com.au,Essential cookies,CLIENT_X - Australia,HTTP Cookie,bench_new_T2_358,,,,,Existing CM Trackers-Not Found,,,,,
CLIENT_X.com.ar,Essential cookies (exempt from consent),CLIENT_X - Argentina,HTTP Cookie,s_eVar8,,89,TRUE,https://www.CLIENT_X.com.au/c-f/XC000012903/how-to-clean-the-insideheating-element-of-my-CLIENT_X-airfryer,Existing CM Trackers-Found,,,,,
www.CLIENT_X.co.za,Essential cookies (exempt from consent),CLIENT_X - South Africa,HTTP Cookie,kampyleSessionPageCounter,,bench_update_duration,,,Existing CM Trackers-Not Found,,,,,
www.lighting.CLIENT_X.com.tw,Essential cookies (exempt from consent),Signify (formerly CLIENT_X Lighting),HTTP Cookie,s_sid,,session,TRUE,https://www.CLIENT_X.com.au/c-e/products.html,Existing CM Trackers-Found,,,,,
connect.facebook.net,Targeted Advertising Cookies (including social media) [Requires consent],Meta (formerly Facebook),ETag,-,,bench_update_duration,TRUE,https://www.CLIENT_X.com.au/,Existing CM Trackers-Found,,,,,
CLIENT_X.com.br,Essential cookies (exempt from consent),CLIENT_X - Brazil,HTTP Cookie,TEST_AMCV_COOKIE,,,,,Existing CM Trackers-Not Found,,,,,
www.CLIENT_X.co.uk,Performance cookies,CLIENT_X - United Kingdom,ETag,bench_new_T2_244,,,,,Existing CM Trackers-Not Found,,,,,
www.CLIENT_X.com.ar,Essential cookies (exempt from consent),CLIENT_X - Argentina,HTTP Cookie,test,,bench_update_duration,,,Existing CM Trackers-Not Found,,,,,
www.CLIENT_X.rs,Essential cookies (exempt from consent),CLIENT_X - Serbia,HTTP Cookie,T01-recentlyViewedProducts,,396,,https://www.CLIENT_X.com.au/a-w/cookie-notice,New Third Party Trackers,,,,,
pages.information.signify.com,Performance cookies,Signify (formerly CLIENT_X Lighting),HTTP Cookie,_ga_failed_lookup_marker_1_1664,,,,,Existing CM Trackers-Not Found,,,,,
assets.api.useinsider.com,Targeted Advertising Cookies (including social media) [Requires consent],Insider,ETag,-,,bench_update_duration,,,Existing CM Trackers-Not Found,,,,,
www.lighting.CLIENT_X.com.hk,Essential cookies (exempt from consent),CLIENT_X - Hong Kong,HTTP Cookie,ltc_cf,,bench_update_duration,TRUE,https://www.CLIENT_X.com.au/,Existing CM Trackers-Found,,,,,
lighting.CLIENT_X.fi,Essential cookies (exempt from consent),Signify (formerly CLIENT_X Lighting),HTTP Cookie,_mkto_trk,,,,,Existing CM Trackers-Not Found,,,,,
youtube.com,Targeted Advertising cookies (including social media),Google Advertising Products,HTTP Cookie,bench_new_T2_311,,180,TRUE,https://www.CLIENT_X.com.au/c-e/products.html,Existing CM Trackers-Found,,,,,
CLIENT_X.hu,Essential cookies (exempt from consent),CLIENT_X - Hungary,HTTP Cookie,s_cm_direct,,bench_update_duration,TRUE,https://www.CLIENT_X.com.au/,Existing CM Trackers-Found,,,,,
www.loja.CLIENT_X.com.br,Essential cookies (exempt from consent),CLIENT_X - Brazil,HTTP Cookie,vtex_segment,,bench_update_duration,,,Existing CM Trackers-Not Found,,,,,
CLIENT_Xco.vtexassets.com,Performance Cookies [Requires consent],VTEX,ETag,-,,bench_update_duration,TRUE,https://www.CLIENT_X.com.au/c-e/au/car-lights/automotive-articles/safety/check-and-adjust-headlights.html,Existing CM Trackers-Found,,,,,
www.lighting.CLIENT_X.com.au,Essential cookies,Signify (formerly CLIENT_X Lighting),JavaScript,bench_new_T2_348,,,,,Existing CM Trackers-Not Found,,,,,
CLIENT_X.com.co,Essential cookies (exempt from consent),CLIENT_X - Colombia,HTTP Cookie,s_nrpv,,bench_update_duration,TRUE,https://www.CLIENT_X.com.au/,Existing CM Trackers-Found,,,,,
maps.googleapis.com,Performance Cookies [Requires consent],Google Inc.,ETag,-,,,,,Existing CM Trackers-Not Found,,,,,
CLIENT_X.co.uk,Essential cookies (exempt from consent),CLIENT_X - United Kingdom,HTTP Cookie,_gdXXX,,session,TRUE,https://www.CLIENT_X.com.au/,Existing CM Trackers-Found,,,,,
CLIENT_X.com.hk,Essential cookies (exempt from consent),CLIENT_X - Hong Kong,HTTP Cookie,s_eVar44,,0,,https://www.CLIENT_X.com.au/,New First Party Trackers,,,,,
www.patientcare.shop.CLIENT_X.com.sg,Essential cookies (exempt from consent),CLIENT_X - Singapore,HTTP Cookie,pcms-CLIENT_X-sg-cart,,,TRUE,https://www.CLIENT_X.com.au/,Existing CM Trackers-Found,,,,,
www.lighting.CLIENT_X.sa,Essential cookies (exempt from consent),Signify (formerly CLIENT_X Lighting),ETag,blank (etag),,bench_update_duration,,,Existing CM Trackers-Not Found,,,,,
assets.kampyle.com,Performance Cookies [Requires consent],Medallia,ETag,-,,bench_update_duration,TRUE,https://www.CLIENT_X.com.au/,Existing CM Trackers-Found,,,,,
ad.holmesmind.com,Performance Cookies [Requires consent],DoubleMax Technology,HTTP Cookie,AWSALBCORS,,bench_update_duration,,,Existing CM Trackers-Not Found,,,,,
www.lighting.CLIENT_X.ee,Essential cookies (exempt from consent),Signify (formerly CLIENT_X Lighting),Beacon,blank (beacon),,,,,Existing CM Trackers-Not Found,,,,,
youtube.com,Targeted Advertising cookies (including social media),Google Advertising Products,HTTP Cookie,_ga_failed_lookup_marker_1_1682,,session,TRUE,https://www.CLIENT_X.com.au/c-e/products.html,Existing CM Trackers-Found,,,,,
CLIENT_X.com.sg,Essential cookies (exempt from consent),CLIENT_X - Singapore,HTTP Cookie,com.adobe.alloy.getTld,,,,,Existing CM Trackers-Not Found,,,,,
CLIENT_X.112.2o7.net,Performance cookies,"Adobe Audience Manager, Adobe Experience Cloud",Beacon,bench_new_T2_246,,,TRUE,https://www.CLIENT_X.com.au/,Existing CM Trackers-Found,,,,,
www.CLIENT_X.co.in,Essential cookies (exempt from consent),CLIENT_X - India,JavaScript,blank (java),,bench_update_duration,,,Existing CM Trackers-Not Found,,,,,
CLIENT_X.com.au,Essential cookies,CLIENT_X - Australia,HTTP Cookie,_ga_failed_lookup_marker_1_1686,,90,TRUE,https://www.CLIENT_X.com.au/,Existing CM Trackers-Found,,,,,
www.CLIENT_X.lv,Essential cookies (exempt from consent),CLIENT_X - Latvia,HTTP Cookie,T01-recentlyViewedProducts,,390,TRUE,https://www.CLIENT_X.com.au/,Existing CM Trackers-Found,,,,,
CLIENT_X.ee,Essential cookies (exempt from consent),CLIENT_X - Republic of Estonia,HTTP Cookie,FPLC,,365,TRUE,https://www.CLIENT_X.com.au/,Existing CM Trackers-Found,,,,,
www.CLIENT_X.com.br,Essential cookies (exempt from consent),CLIENT_X - Brazil,HTTP Cookie,kampyle_userid,,bench_update_duration,,https://www.CLIENT_X.com.au/,New First Party Trackers,,,,,
www.CLIENT_X.si,Essential cookies (exempt from consent),CLIENT_X - Slovenia,HTTP Cookie,kampylePageLoadedTimestamp,,bench_update_duration,,https://www.CLIENT_X.com.au/,New First Party Trackers,,,,,
yt3.ggpht.com,Performance Cookies [Requires consent],Google Inc.,ETag,-,,bench_update_duration,,https://www.CLIENT_X.com.au/c-m-pe/airfloss-ultra,New Third Party Trackers,,,,,
CLIENT_X.com.au,Essential cookies,CLIENT_X - Australia,HTTP Cookie,_ga_failed_lookup_marker_1_1692,,,,,Existing CM Trackers-Not Found,,,,,
www.CLIENT_Xcare.com,Essential cookies (exempt from consent),CLIENT_X Care,HTTP Cookie,caf_ipaddr,,400,,https://www.CLIENT_X.com.au/c-f/XC000021443/my-CLIENT_X-fan-makes-an-unusual-noise-when-oscillating,New Third Party Trackers,,,,,
CLIENT_X.ma,Essential cookies (exempt from consent),CLIENT_X - Morocco,HTTP Cookie,mbox,,bench_update_duration,,,Existing CM Trackers-Not Found,,,,,
CLIENT_X.com,Essential cookies (exempt from consent),Koninklijke CLIENT_X N.V.,HTTP Cookie,_gcl_aw,,,,,Existing CM Trackers-Not Found,,,,,
www.CLIENT_X.co.ke,Essential cookies (exempt from consent),CLIENT_X - Kenya,HTTP Cookie,kampyleUserSessionsCount,,bench_update_duration,TRUE,https://www.CLIENT_X.com.au/,Existing CM Trackers-Found,,,,,
CLIENT_X.ro,Essential cookies (exempt from consent),CLIENT_X - Romania,HTTP Cookie,mboxEdgeCluster,,bench_update_duration,,https://www.CLIENT_X.com.au/c-m-pe/airfloss-ultra,New Third Party Trackers,,,,,
CLIENT_X.com.pk,Essential cookies (exempt from consent),CLIENT_X - Pakistan,HTTP Cookie,internalUserCheck,,bench_update_duration,,,Existing CM Trackers-Not Found,,,,,
CLIENT_X.ch,Essential cookies (exempt from consent),CLIENT_X - Switzerland,HTTP Cookie,mboxEdgeCluster,,bench_update_duration,,,Existing CM Trackers-Not Found,,,,,
CLIENT_X.com.au,Essential cookies,CLIENT_X - Australia,HTTP Cookie,_ga_failed_lookup_marker_1_1700,,session,,https://www.CLIENT_X.com.au/,New First Party Trackers,,,,,
www.CLIENT_X.com.pe,Essential cookies (exempt from consent),CLIENT_X - Peru,Beacon,blank (beacon),,bench_update_duration,,,Existing CM Trackers-Not Found,,,,,
CLIENT_X.com.tr,Essential cookies (exempt from consent),CLIENT_X - Turkey,HTTP Cookie,com.adobe.alloy.getTld,,,TRUE,https://www.CLIENT_X.com.au/,Existing CM Trackers-Found,,,,,
smetrics.marketing.lighting.CLIENT_X.sa,Essential cookies (exempt from consent),CLIENT_X - Kingdom of Saudi Arabia,JavaScript,blank (java),,bench_update_duration,,https://www.CLIENT_X.com.au/healthcare/ventilation/ventilation-masks,New Third Party Trackers,,,,,
dev.CLIENT_X.si,Essential cookies (exempt from consent),CLIENT_X - Slovenia,ETag,blank (etag),,bench_update_duration,TRUE,https://www.CLIENT_X.com.au/healthcare/e/sleep-and-respiratory-care/what-matters-most/our-patient-care,Existing CM Trackers-Found,,,,,
CLIENT_X.co.za,Essential cookies (exempt from consent),CLIENT_X - South Africa,HTTP Cookie,s_eVar44,,,,,Existing CM Trackers-Not Found,,,,,
CLIENT_X.com.co,Essential cookies (exempt from consent),CLIENT_X - Colombia,HTTP Cookie,TAsessionID,,bench_update_duration,,,Existing CM Trackers-Not Found,,,,,
CLIENT_X.no,Essential cookies (exempt from consent),CLIENT_X - Norway,HTTP Cookie,TAsessionID,,bench_update_duration,,,Existing CM Trackers-Not Found,,,,,
netdna.bootstrapcdn.com,Targeted Advertising Cookies (including social media) [Requires consent],Bootstrap CDN,JavaScript,-,,390,TRUE,https://www.CLIENT_X.com.au/c-e/ho/air-education.html,Existing CM Trackers-Found,,,,,
CLIENT_X.se,Essential cookies (exempt from consent),CLIENT_X - Sweden,HTTP Cookie,_schn1,,bench_update_duration,TRUE,https://www.CLIENT_X.com.au/c-e/forms/sfmc/avent-reward-interest.html,Existing CM Trackers-Found,,,,,
www.patientcare.shop.CLIENT_X.com.sg,Essential cookies (exempt from consent),CLIENT_X - Singapore,HTTP Cookie,ROUTE,,,TRUE,https://www.CLIENT_X.com.au/shop/order-search/search-input,Existing CM Trackers-Found,,,,,
CLIENT_X.ch,Essential cookies (exempt from consent),CLIENT_X - Switzerland,HTTP Cookie,s_cc,,,,,Existing CM Trackers-Not Found,,,,,
d.la2-c2-cdg.salesforceliveagent.com,Performance Cookies [Requires consent],"salesforce.com, inc.",JavaScript,-,,bench_update_duration,TRUE,https://www.CLIENT_X.com.au/,Existing CM Trackers-Found,,,,,
*.t.eloqua.com,Targeted Advertising cookies (including social media),Oracle Marketing,Beacon,_ga_failed_lookup_marker_1_1713,,,,https://www.CLIENT_X.com.au/healthcare/e/sleep-and-respiratory-care/what-matters-most/our-patient-care,Existing CM Trackers-Found,,,,,
CLIENT_X.pt,Essential cookies (exempt from consent),CLIENT_X - Portugal,HTTP Cookie,com.adobe.alloy.getTld,,bench_update_duration,TRUE,https://www.CLIENT_X.com.au/,Existing CM Trackers-Found,,,,,
www.respirtech.com,Essential cookies (exempt from consent),RespirTech,Local Storage,blank (local storage),,bench_update_duration,,,Existing CM Trackers-Not Found,,,,,
CLIENT_X.it,Essential cookies (exempt from consent),CLIENT_X - Italy,HTTP Cookie,FPLC,,bench_update_duration,TRUE,https://www.CLIENT_X.com.au/c-m-pe/toothbrush-heads/latest,Existing CM Trackers-Found,,,,,
www.google.com,Targeted Advertising cookies (including social media),Google Inc.,Beacon,bench_new_T2_366,,,TRUE,https://www.CLIENT_X.com.au/,Existing CM Trackers-Found,,,,,
www.CLIENT_X.gr,Essential cookies (exempt from consent),CLIENT_X - Greece,HTTP Cookie,kampyleSessionPageCounter,,,TRUE,https://www.CLIENT_X.com.au/,Existing CM Trackers-Found,,,,,
CLIENT_X.rs,Essential cookies (exempt from consent),CLIENT_X - Serbia,HTTP Cookie,s_cc,,bench_update_duration,,,Existing CM Trackers-Not Found,,,,,
www.CLIENT_X.co.nz,Essential cookies (exempt from consent),CLIENT_X - New Zealand,Beacon,blank (beacon),,bench_update_duration,,https://www.CLIENT_X.com.au/a-w/cookie-notice,New Third Party Trackers,,,,,
CLIENT_X.co.nz,Essential cookies (exempt from consent),CLIENT_X - New Zealand,HTTP Cookie,_ga,,,TRUE,https://www.CLIENT_X.com.au/c-w/consumer-support/support-contact-page,Existing CM Trackers-Found,,,,,
CLIENT_X.com.au,Essential cookies,CLIENT_X - Australia,HTTP Cookie,_ga_failed_lookup_marker_1_1722,,session,,https://www.CLIENT_X.com.au/,New First Party Trackers,,,,,
cdn.mouseflow.com,Performance Cookies [Requires consent],Mouseflow,ETag,-,,390,TRUE,https://www.CLIENT_X.com.au/,Existing CM Trackers-Found,,,,,
www.healthcare.shop.CLIENT_X.com.au,Performance cookies,CLIENT_X - Australia,HTTP Cookie,_ga_failed_lookup_marker_1_1724,,,,,Existing CM Trackers-Not Found,,,,,
www.CLIENT_X.ma,Essential cookies (exempt from consent),CLIENT_X - Morocco,HTTP Cookie,_schn2,,bench_update_duration,,https://www.CLIENT_X.com.au/en-AU/about/news-and-insights/all,New Third Party Trackers,,,,,
www.lighting.CLIENT_X.at,Essential cookies (exempt from consent),Signify (formerly CLIENT_X Lighting),HTTP Cookie,s_mc,,bench_update_duration,,,Existing CM Trackers-Not Found,,,,,
CLIENT_X.com.gh,Essential cookies (exempt from consent),CLIENT_X - Ghana,HTTP Cookie,_ga,,bench_update_duration,,,Existing CM Trackers-Not Found,,,,,
CLIENT_X.gr,Essential cookies (exempt from consent),CLIENT_X - Greece,HTTP Cookie,s_eVar8,,bench_update_duration,,https://www.CLIENT_X.com.au/,New First Party Trackers,,,,,
www.CLIENT_X.com.au,Essential cookies,CLIENT_X - Australia,HTTP Cookie,bench_new_T2_262,,1,,https://www.CLIENT_X.com.au/,New First Party Trackers,,,,,
www.CLIENT_X.ro,Essential cookies (exempt from consent),CLIENT_X - Romania,HTTP Cookie,notice_settings,,bench_update_duration,,,Existing CM Trackers-Not Found,,,,,
www.CLIENT_X.pl,Essential cookies (exempt from consent),CLIENT_X - Poland,HTTP Cookie,ws-id,,,,,Existing CM Trackers-Not Found,,,,,
tt-11795-1.seg.t.tailtarget.com,Targeted Advertising Cookies (including social media) [Requires consent],Tail Target,HTTP Cookie,trk,,bench_update_duration,TRUE,https://www.CLIENT_X.com.au/c-w/product-registration/coffee-fathers-day-promotion,Existing CM Trackers-Found,,,,,
www.lighting.CLIENT_X.ro,Essential cookies (exempt from consent),Signify (formerly CLIENT_X Lighting),HTTP Cookie,customer_country,,bench_update_duration,,https://www.CLIENT_X.com.au/,New First Party Trackers,,,,,
www.lighting.CLIENT_X.cl,Essential cookies (exempt from consent),Signify (formerly CLIENT_X Lighting),HTTP Cookie,s_mc,,bench_update_duration,TRUE,https://www.CLIENT_X.com.au/,Existing CM Trackers-Found,,,,,
www.googleapis.com,Performance cookies,Google Inc.,JavaScript,bench_new_T2_368,,,TRUE,https://www.CLIENT_X.com.au/c-f/XC000004909/how-do-i-use-the-attachments-on-my-CLIENT_X-epilator,Existing CM Trackers-Found,,,,,
www.healthcare.shop.CLIENT_X.nl,Essential cookies (exempt from consent),CLIENT_X - Netherlands,ETag,blank (etag),,session,TRUE,https://www.CLIENT_X.com.au/,Existing CM Trackers-Found,,,,,
CLIENT_X.cz,Essential cookies (exempt from consent),CLIENT_X - Czech Republic,HTTP Cookie,TEST_AMCV_COOKIE_WRITE,,bench_update_duration,TRUE,https://www.CLIENT_X.com.au/,Existing CM Trackers-Found,,,,,
www.CLIENT_X.nl,Essential cookies (exempt from consent),CLIENT_X - Netherlands,HTTP Cookie,kampyleUserSessionsCount,,bench_update_duration,,https://www.CLIENT_X.com.au/,New First Party Trackers,,,,,
CLIENT_X.com.co,Essential cookies (exempt from consent),CLIENT_X - Colombia,HTTP Cookie,mboxEdgeCluster,,bench_update_duration,,https://www.CLIENT_X.com.au/,New First Party Trackers,,,,,
CLIENT_X.com.sg,Essential cookies (exempt from consent),CLIENT_X - Singapore,HTTP Cookie,li_cm_prefs_session,,,,,Existing CM Trackers-Not Found,,,,,
www.CLIENT_X.com.tw,Essential cookies (exempt from consent),CLIENT_X - Taiwan,HTTP Cookie,_scid_r,,,TRUE,https://www.CLIENT_X.com.au/c-p/BRI957_00/lumea-ipl-9000-series-ipl-hair-removal-device-with-senseiq,Existing CM Trackers-Found,,,,,
www.CLIENT_X.com.au,Essential cookies,CLIENT_X - Australia,HTTP Cookie,_ga_failed_lookup_marker_1_1742,,365,TRUE,https://www.CLIENT_X.com.au/,Existing CM Trackers-Found,,,,,
lighting.CLIENT_X.ma,Essential cookies (exempt from consent),Signify (formerly CLIENT_X Lighting),HTTP Cookie,s_ppvl,,bench_update_duration,TRUE,https://www.CLIENT_X.com.au/c-e/products.html,Existing CM Trackers-Found,,,,,
CLIENT_X.fr,Essential cookies (exempt from consent),CLIENT_X - France,HTTP Cookie,coveo_visitorId,,bench_update_duration,,https://www.CLIENT_X.com.au/,New First Party Trackers,,,,,
www.healthcare.shop.CLIENT_X.com.au,Essential cookies,CLIENT_X - Australia,HTTP Cookie,_ga_failed_lookup_marker_1_1745,,,,,Existing CM Trackers-Not Found,,,,,
www.subscription.CLIENT_X.es,Essential cookies (exempt from consent),CLIENT_X - Spain,HTTP Cookie,fl_qualified_entry,,,,https://www.CLIENT_X.com.au/en-AU/about/news-and-insights/all,New Third Party Trackers,,,,,
www.healthcare.shop.CLIENT_X.fr,Essential cookies (exempt from consent),CLIENT_X - France,JavaScript,blank (java),,,,,Existing CM Trackers-Not Found,,,,,
youtube.com,Targeted Advertising cookies (including social media),Google Advertising Products,HTTP Cookie,_ga_failed_lookup_marker_1_1748,,180,,https://www.CLIENT_X.com.au/c-e/products.html,New Third Party Trackers,,,,,
CLIENT_X.no,Essential cookies (exempt from consent),CLIENT_X - Norway,HTTP Cookie,s_tid,,bench_update_duration,,,Existing CM Trackers-Not Found,,,,,
CLIENT_X.com.sg,Essential cookies (exempt from consent),CLIENT_X - Singapore,HTTP Cookie,test,,,,,Existing CM Trackers-Not Found,,,,,
www.shop.CLIENT_X.co.in,Essential cookies (exempt from consent),CLIENT_X - India,HTTP Cookie,kartify,,bench_update_duration,,https://www.CLIENT_X.com.au/,New First Party Trackers,,,,,
www.CLIENT_X.fi,Essential cookies (exempt from consent),CLIENT_X - Finland,HTTP Cookie,RT,,365,TRUE,https://www.CLIENT_X.com.au/,Existing CM Trackers-Found,,,,,
idash.ifcshop.net,Targeted Advertising Cookies (including social media) [Requires consent],Unknown,ETag,-,,bench_update_duration,,,Existing CM Trackers-Not Found,,,,,
loja.CLIENT_X.com.br,Essential cookies (exempt from consent),CLIENT_X - Brazil,HTTP Cookie,_gid,,,,,Existing CM Trackers-Not Found,,,,,
www.CLIENT_X.jo,Essential cookies (exempt from consent),CLIENT_X - Jordan,HTTP Cookie,kampyleSessionPageCounter,,,TRUE,https://www.CLIENT_X.com.au/,Existing CM Trackers-Found,,,,,
www.CLIENT_X.com.eg,Essential cookies (exempt from consent),CLIENT_X - Egypt,HTTP Cookie,test,,bench_update_duration,TRUE,https://www.CLIENT_X.com.au/,Existing CM Trackers-Found,,,,,
CLIENT_X.com.hk,Essential cookies (exempt from consent),CLIENT_X - Hong Kong,HTTP Cookie,s_cm_direct,,bench_update_duration,,,Existing CM Trackers-Not Found,,,,,
CLIENT_X.com.tr,Essential cookies (exempt from consent),CLIENT_X - Turkey,HTTP Cookie,s_nrpv,,,,,Existing CM Trackers-Not Found,,,,,
CLIENT_X.co.id,Essential cookies (exempt from consent),CLIENT_X - Indonesia,HTTP Cookie,zScalerUser,,400,TRUE,https://www.CLIENT_X.com.au/,Existing CM Trackers-Found,,,,,
CLIENT_X.com.au,Essential cookies,CLIENT_X - Australia,HTTP Cookie,bench_new_T2_363,,session,TRUE,https://www.CLIENT_X.com.au/,Existing CM Trackers-Found,,,,,
www.CLIENT_X.it,Essential cookies (exempt from consent),CLIENT_X - Italy,HTTP Cookie,ws-id,,bench_update_duration,,https://www.CLIENT_X.com.au/healthcare/e/sleep-and-respiratory-care/what-matters-most/our-patient-care,Existing CM Trackers-Found,,,,,
www.store-CLIENT_X.tw,Essential cookies (exempt from consent),CLIENT_X Store - Taiwan,HTTP Cookie,uAUTH,,400,,https://www.CLIENT_X.com.au/c-f/XC000021443/my-CLIENT_X-fan-makes-an-unusual-noise-when-oscillating,New Third Party Trackers,,,,,
www.CLIENT_X.it,Essential cookies (exempt from consent),CLIENT_X - Italy,HTTP Cookie,AWSELBCORS,,0,TRUE,https://www.CLIENT_X.com.au/,Existing CM Trackers-Found,,,,,
www.tienda.CLIENT_X.cl,Essential cookies (exempt from consent),CLIENT_X - Chile,HTTP Cookie,checkout.vtex.com,,bench_update_duration,,,Existing CM Trackers-Not Found,,,,,
www.CLIENT_X.com.co,Essential cookies (exempt from consent),CLIENT_X - Colombia,HTTP Cookie,AWSELBCORS,,0,,,Existing CM Trackers-Not Found,,,,,
CLIENT_X.fi,Essential cookies (exempt from consent),CLIENT_X - Finland,HTTP Cookie,_fbp,,,,,Existing CM Trackers-Not Found,,,,,
static.hotjar.com,Performance cookies,Hotjar,JavaScript,bench_new_T2_249,,,,,Existing CM Trackers-Not Found,,,,,
CLIENT_X.co.jp,Essential cookies (exempt from consent),CLIENT_X Electronics Corporation Japan,HTTP Cookie,_gcl_au,,bench_update_duration,,https://www.CLIENT_X.com.au/c-w/consumer-support/support-contact-page,New Third Party Trackers,,,,,
www.CLIENT_X.com.sg,Essential cookies (exempt from consent),CLIENT_X - Singapore,HTTP Cookie,test,,,TRUE,https://www.CLIENT_X.com.au/,Existing CM Trackers-Found,,,,,
code.delivery-portal.demant.com,Performance Cookies [Requires consent],Demant,JavaScript,-,,bench_update_duration,TRUE,https://www.CLIENT_X.com.au/c-m-au/car-lights/store-locator,Existing CM Trackers-Found,,,,,
CLIENT_X.ma,Essential cookies (exempt from consent),CLIENT_X - Morocco,HTTP Cookie,s_ugv,,bench_update_duration,TRUE,https://www.CLIENT_X.com.au/,Existing CM Trackers-Found,,,,,
CLIENT_X.co.za,Essential cookies (exempt from consent),CLIENT_X - South Africa,HTTP Cookie,_gat_UA-XXX,,bench_update_duration,,,Existing CM Trackers-Not Found,,,,,
www.CLIENT_X.com.sg,Essential cookies (exempt from consent),CLIENT_X - Singapore,HTTP Cookie,AWSELBCORS,,0,,,Existing CM Trackers-Not Found,,,,,
s2.go-mpulse.net,Performance cookies,Akamai,JavaScript,bench_new_T2_290,,,,,Existing CM Trackers-Not Found,,,,,
maxcdn.bootstrapcdn.com,Performance Cookies [Requires consent],Bootstrap CDN,ETag,-,,bench_update_duration,,,Existing CM Trackers-Not Found,,,,,
www.lighting.CLIENT_X.se,Essential cookies (exempt from consent),Signify (formerly CLIENT_X Lighting),HTTP Cookie,customer_country,,bench_update_duration,,https://www.CLIENT_X.com.au/c-e/pe/beauty-tips-women.html,New Third Party Trackers,,,,,
CLIENT_X.ru,Essential cookies (exempt from consent),CLIENT_X - Russia,HTTP Cookie,coveo_visitorId,,90,TRUE,https://www.CLIENT_X.com.au/,Existing CM Trackers-Found,,,,,
CLIENT_X.ie,Essential cookies (exempt from consent),CLIENT_X - Ireland,HTTP Cookie,TAsessionID,,bench_update_duration,,,Existing CM Trackers-Not Found,,,,,
holmesmind.com,Performance Cookies [Requires consent],DoubleMax Technology,HTTP Cookie,C,,,TRUE,https://www.CLIENT_X.com.au/c-p/DE3306_71/series-3000,Existing CM Trackers-Found,,,,,
pinterest.com,Targeted Advertising Cookies (including social media) [Requires consent],Pinterest,HTTP Cookie,ar_debug,,bench_update_duration,TRUE,https://www.CLIENT_X.com.au/c-w/product-registration/coffee-fathers-day-promotion,Existing CM Trackers-Found,,,,,
CLIENT_X.ma,Essential cookies (exempt from consent),CLIENT_X - Morocco,HTTP Cookie,s_cm,,,TRUE,https://www.CLIENT_X.com.au/,Existing CM Trackers-Found,,,,,
CLIENT_X.se,Essential cookies (exempt from consent),CLIENT_X - Sweden,HTTP Cookie,s_vtime,,bench_update_duration,,,Existing CM Trackers-Not Found,,,,,
CLIENT_X.cz,Essential cookies (exempt from consent),CLIENT_X - Czech Republic,HTTP Cookie,FPLC,,bench_update_duration,,https://www.CLIENT_X.com.au/,New Third Party Trackers,,,,,
CLIENT_X.com.mx,Essential cookies (exempt from consent),CLIENT_X - Mexico,HTTP Cookie,crs-tk,,bench_update_duration,,,Existing CM Trackers-Not Found,,,,,
CLIENT_X.co.za,Essential cookies (exempt from consent),CLIENT_X - South Africa,HTTP Cookie,_scid,,,,https://www.CLIENT_X.com.au/en-AU/about/news-and-insights/all,New Third Party Trackers,,,,,
www.lighting.CLIENT_X.fi,Essential cookies (exempt from consent),Signify (formerly CLIENT_X Lighting),JavaScript,blank (java),,bench_update_duration,,,Existing CM Trackers-Not Found,,,,,
www.lighting.CLIENT_X.at,Essential cookies (exempt from consent),Signify (formerly CLIENT_X Lighting),HTTP Cookie,customer_country,,729,,,Existing CM Trackers-Not Found,,,,,
www.tienda.CLIENT_X.com.mx,Essential cookies (exempt from consent),CLIENT_X - Mexico,HTTP Cookie,checkout.vtex.com,,bench_update_duration,TRUE,https://www.CLIENT_X.com.au/,Existing CM Trackers-Found,,,,,
lighting.CLIENT_X.com.tr,Essential cookies (exempt from consent),Signify (formerly CLIENT_X Lighting),HTTP Cookie,s_nr30,,0,TRUE,https://www.CLIENT_X.com.au/,Existing CM Trackers-Found,,,,,
CLIENT_X.ca,Essential cookies (exempt from consent),CLIENT_X - Canada,HTTP Cookie,s_eVar44,,,TRUE,https://www.CLIENT_X.com.au/,Existing CM Trackers-Found,,,,,
www.CLIENT_X.ee,Essential cookies (exempt from consent),CLIENT_X - Republic of Estonia,HTTP Cookie,p-hc-catg,,bench_update_duration,,https://www.CLIENT_X.com.au/,New First Party Trackers,,,,,
www.lighting.CLIENT_X.co.in,Essential cookies (exempt from consent),Signify (formerly CLIENT_X Lighting),HTTP Cookie,s_UbVar,,bench_update_duration,TRUE,https://www.CLIENT_X.com.au/,Existing CM Trackers-Found,,,,,
www.CLIENT_X.ca,Essential cookies (exempt from consent),CLIENT_X - Canada,HTTP Cookie,T01-recentlyViewedProducts,,bench_update_duration,,https://www.CLIENT_X.com.au/,New Third Party Trackers,,,,,
www.healthcare.shop.CLIENT_X.de,Essential cookies (exempt from consent),CLIENT_X - Germany,HTTP Cookie,pcms-CLIENT_X-de-cart,,392,TRUE,https://www.CLIENT_X.com.au/healthcare/e/sleep-and-respiratory-care/what-matters-most/our-patient-care,Existing CM Trackers-Found,,,,,
CLIENT_X.com.sg,Essential cookies (exempt from consent),CLIENT_X - Singapore,HTTP Cookie,_mkto_trk,,bench_update_duration,TRUE,https://www.CLIENT_X.com.au/,Existing CM Trackers-Found,,,,,
www.shop.CLIENT_X.co.in,Essential cookies (exempt from consent),CLIENT_X - India,HTTP Cookie,amp_cookie_testXXXXXXXXXXXXXXXXXXXXX,,0,TRUE,https://www.CLIENT_X.com.au/,Existing CM Trackers-Found,,,,,
CLIENT_X.com.co,Essential cookies (exempt from consent),CLIENT_X - Colombia,HTTP Cookie,biggy-event-queue,,session,,https://www.CLIENT_X.com.au/,New First Party Trackers,,,,,
acc.usa.CLIENT_X.com,Essential cookies (exempt from consent),Koninklijke CLIENT_X N.V.,HTTP Cookie,kampyleUserSessionsCount,,bench_update_duration,,,Existing CM Trackers-Not Found,,,,,
www.lighting.CLIENT_X.ua,Essential cookies (exempt from consent),Signify (formerly CLIENT_X Lighting),Beacon,blank (beacon),,bench_update_duration,TRUE,https://www.CLIENT_X.com.au/,Existing CM Trackers-Found,,,,,
CLIENT_Xb2c.my.site.com,Performance cookies,"Salesforce.com, Inc.",Local Storage,_ga_failed_lookup_marker_1_1800,,,TRUE,https://www.CLIENT_X.com.au/c-w/consumer-support/support-contact-page,Existing CM Trackers-Found,,,,,
CLIENT_X.co.nz,Essential cookies (exempt from consent),CLIENT_X - New Zealand,HTTP Cookie,_gdXXX,,session,TRUE,https://www.CLIENT_X.com.au/c-w/consumer-support/support-contact-page,Existing CM Trackers-Found,,,,,
CLIENT_X.be,Essential cookies (exempt from consent),CLIENT_X - Belgium,HTTP Cookie,_tt_enable_cookie,,bench_update_duration,,,Existing CM Trackers-Not Found,,,,,
www.CLIENT_X.at,Essential cookies (exempt from consent),CLIENT_X - Austria,HTTP Cookie,AWSELBCORS,,bench_update_duration,TRUE,https://www.CLIENT_X.com.au/,Existing CM Trackers-Found,,,,,
CLIENT_X.com.co,Essential cookies (exempt from consent),CLIENT_X - Colombia,HTTP Cookie,_gdXXX,,session,,https://www.CLIENT_X.com.au/,New First Party Trackers,,,,,
www.CLIENT_X.ru,Essential cookies (exempt from consent),CLIENT_X - Russia,HTTP Cookie,test,,90,TRUE,https://www.CLIENT_X.com.au/,Existing CM Trackers-Found,,,,,
c.go-mpulse.net,Performance cookies,Akamai,JavaScript,bench_new_T2_263,,,,,Existing CM Trackers-Not Found,,,,,
CLIENT_X.co.uk,Essential cookies (exempt from consent),CLIENT_X - United Kingdom,HTTP Cookie,_gcl_au,,,,,Existing CM Trackers-Not Found,,,,,
*.en25.com,Targeted Advertising cookies (including social media),Oracle Marketing,JavaScript,_ga_failed_lookup_marker_1_1808,,,,https://www.CLIENT_X.com.au/healthcare/e/sleep-and-respiratory-care/what-matters-most/our-patient-care,Existing CM Trackers-Found,,,,,
CLIENT_Xb2c.lightning.force.com,Essential cookies,"Salesforce.com, Inc.",HTTP Cookie,_ga_failed_lookup_marker_1_1809,,,,,Existing CM Trackers-Not Found,,,,,
CLIENT_X.hr,Essential cookies (exempt from consent),CLIENT_X - Croatia,HTTP Cookie,TAsessionID,,bench_update_duration,,,Existing CM Trackers-Not Found,,,,,
www.CLIENT_X.hu,Essential cookies (exempt from consent),CLIENT_X - Hungary,ETag,blank (etag),,,,,Existing CM Trackers-Not Found,,,,,
www.lighting.CLIENT_X.com.au,Essential cookies,Signify (formerly CLIENT_X Lighting),HTTP Cookie,bench_new_T2_339,,,,,Existing CM Trackers-Not Found,,,,,
CLIENT_X.com.ph,Essential cookies (exempt from consent),CLIENT_X - Philippines,HTTP Cookie,zScalerUser,,bench_update_duration,,,Existing CM Trackers-Not Found,,,,,
www.shop.CLIENT_X.lv,Essential cookies (exempt from consent),CLIENT_X - Latvia,HTTP Cookie,eddl_gtm_qe_session_start_6523424625,,,TRUE,https://www.CLIENT_X.com.au/,Existing CM Trackers-Found,,,,,
h64.online-metrix.net,Performance cookies,LexisNexis Risk Solutions (formerly ThreatMetrix),Beacon,_ga_failed_lookup_marker_1_1815,,,TRUE,https://www.CLIENT_X.com.au/,Existing CM Trackers-Found,,,,,
CLIENT_X.com.au,Essential cookies,CLIENT_X - Australia,HTTP Cookie,bench_new_T2_397,,400,TRUE,https://www.CLIENT_X.com.au/,Existing CM Trackers-Found,,,,,
munchkin.marketo.net,Targeted Advertising Cookies (including social media) [Requires consent],Marketo,ETag,-,,bench_update_duration,TRUE,https://www.CLIENT_X.com.au/,Existing CM Trackers-Found,,,,,
lighting.CLIENT_X.co.th,Essential cookies (exempt from consent),Signify (formerly CLIENT_X Lighting),HTTP Cookie,s_nr,,,,,Existing CM Trackers-Not Found,,,,,
www.lighting.CLIENT_X.com.cn,Essential cookies (exempt from consent),Signify (formerly CLIENT_X Lighting),HTTP Cookie,AWSELB,,0,TRUE,https://www.CLIENT_X.com.au/c-e/ho/air-education.html,Existing CM Trackers-Found,,,,,
loja.CLIENT_X.com.br,Essential cookies (exempt from consent),CLIENT_X - Brazil,HTTP Cookie,_gdXXX,,bench_update_duration,,,Existing CM Trackers-Not Found,,,,,
ib.adnxs.com,Targeted Advertising Cookies (including social media) [Requires consent],"Xandr, Inc.",Beacon,-,,14,,https://www.CLIENT_X.com.au/,New First Party Trackers,,,,,
CLIENT_X.com.au,Performance cookies,CLIENT_X - Australia,HTTP Cookie,bench_new_T2_200,,,,,Existing CM Trackers-Not Found,,,,,
fts-api.91app.com,Performance Cookies [Requires consent],91App,Beacon,-,,,,,Existing CM Trackers-Not Found,,,,,
www.CLIENT_X.it,Essential cookies (exempt from consent),CLIENT_X - Italy,HTTP Cookie,kampyleUserSessionsCount,,bench_update_duration,TRUE,https://www.CLIENT_X.com.au/c-e/ho/air-education.html,Existing CM Trackers-Found,,,,,
CLIENT_X.co.il,Essential cookies (exempt from consent),CLIENT_X - Israel,HTTP Cookie,s_pv,,session,TRUE,https://www.CLIENT_X.com.au/,Existing CM Trackers-Found,,,,,
www.subscriptions.CLIENT_X.de,Essential cookies (exempt from consent),CLIENT_X - Germany,HTTP Cookie,kampyleSessionPageCounter,,bench_update_duration,TRUE,https://www.CLIENT_X.com.au/,Existing CM Trackers-Found,,,,,
www.CLIENT_X.no,Essential cookies (exempt from consent),CLIENT_X - Norway,ETag,blank (etag),,bench_update_duration,,,Existing CM Trackers-Not Found,,,,,
CLIENT_X.de,Essential cookies (exempt from consent),CLIENT_X - Germany,HTTP Cookie,li_cm_prefs_session,,,,,Existing CM Trackers-Not Found,,,,,
lighting.CLIENT_X.ua,Essential cookies (exempt from consent),Signify (formerly CLIENT_X Lighting),HTTP Cookie,s_vs,,bench_update_duration,,,Existing CM Trackers-Not Found,,,,,
www.CLIENT_Xcare.com,Essential cookies (exempt from consent),CLIENT_X Care,HTTP Cookie,city,,bench_update_duration,,,Existing CM Trackers-Not Found,,,,,
www.CLIENT_X.gr,Essential cookies (exempt from consent),CLIENT_X - Greece,HTTP Cookie,notice_settings,,,,,Existing CM Trackers-Not Found,,,,,
CLIENT_Xb2c.my.site.com,Performance cookies,"Salesforce.com, Inc.",JavaScript,bench_new_T2_335,,,TRUE,https://www.CLIENT_X.com.au/c-w/consumer-support/support-contact-page,Existing CM Trackers-Found,,,,,
www.CLIENT_X.pt,Essential cookies (exempt from consent),CLIENT_X - Portugal,Beacon,blank (beacon),,,TRUE,https://www.CLIENT_X.com.au/,Existing CM Trackers-Found,,,,,
CLIENT_X.ro,Essential cookies (exempt from consent),CLIENT_X - Romania,HTTP Cookie,FPID,,bench_update_duration,,,Existing CM Trackers-Not Found,,,,,
www.CLIENT_X.ch,Essential cookies (exempt from consent),CLIENT_X - Switzerland,HTTP Cookie,fl_qualified_entry,,1,,https://www.CLIENT_X.com.au/,New First Party Trackers,,,,,
CLIENT_X.ch,Essential cookies (exempt from consent),CLIENT_X - Switzerland,HTTP Cookie,_ga,,,,,Existing CM Trackers-Not Found,,,,,
www.CLIENT_X.lv,Essential cookies (exempt from consent),CLIENT_X - Latvia,HTTP Cookie,eddl_itc_list,,bench_update_duration,TRUE,https://www.CLIENT_X.com.au/c-e/products.html,Existing CM Trackers-Found,,,,,
www.CLIENT_X.ua,Essential cookies (exempt from consent),CLIENT_X - Ukraine,HTTP Cookie,mdLogger,,bench_update_duration,,,Existing CM Trackers-Not Found,,,,,
consent-pref.trustarc.com,Essential cookies (exempt from consent),TrustArc,ETag,-,,365,TRUE,https://www.CLIENT_X.com.au/,Existing CM Trackers-Found,,,,,
CLIENT_X.com.tw,Essential cookies (exempt from consent),CLIENT_X - Taiwan,HTTP Cookie,s_pv,,,,,Existing CM Trackers-Not Found,,,,,
www.lighting.CLIENT_X.com.co,Essential cookies (exempt from consent),Signify (formerly CLIENT_X Lighting),HTTP Cookie,s_mc,,,TRUE,https://www.CLIENT_X.com.au/c-e/ho/air-education.html,Existing CM Trackers-Found,,,,,
www.CLIENT_X.com.eg,Essential cookies (exempt from consent),CLIENT_X - Egypt,HTTP Cookie,user_country,,,TRUE,https://www.CLIENT_X.com.au/shop/order-search/search-input,Existing CM Trackers-Found,,,,,
mercadopago.com.mx,Performance Cookies [Requires consent],Mercado Pago - Mexico,HTTP Cookie,_d2id,,364,,,Existing CM Trackers-Not Found,,,,,
CLIENT_X.com.ar,Essential cookies (exempt from consent),CLIENT_X - Argentina,HTTP Cookie,_scid,,bench_update_duration,,https://www.CLIENT_X.com.au/a-w/about,New Third Party Trackers,,,,,
www.lighting.CLIENT_X.hr,Essential cookies (exempt from consent),Signify (formerly CLIENT_X Lighting),HTTP Cookie,customer_language_accept,,,,,Existing CM Trackers-Not Found,,,,,
www.CLIENT_X.com.sg,Essential cookies (exempt from consent),CLIENT_X - Singapore,HTTP Cookie,_yi,,bench_update_duration,TRUE,https://www.CLIENT_X.com.au/,Existing CM Trackers-Found,,,,,
www.terracycle.com,Essential cookies (exempt from consent),TerraCycle,JavaScript,-,,,,https://www.CLIENT_X.com.au/healthcare/e/sleep-and-respiratory-care/what-matters-most/our-patient-care,New Third Party Trackers,,,,,
www.CLIENT_X.com.cn,Essential cookies (exempt from consent),CLIENT_X - China,HTTP Cookie,kampyleSessionPageCounter,,bench_update_duration,,,Existing CM Trackers-Not Found,,,,,
CLIENT_X.pt,Essential cookies (exempt from consent),CLIENT_X - Portugal,HTTP Cookie,s_pv,,bench_update_duration,TRUE,https://www.CLIENT_X.com.au/c-p/GC012_00/-,Existing CM Trackers-Found,,,,,
CLIENT_X.com.tw,Essential cookies (exempt from consent),CLIENT_X - Taiwan,HTTP Cookie,_ga,,,,,Existing CM Trackers-Not Found,,,,,
www.CLIENT_X.ro,Essential cookies (exempt from consent),CLIENT_X - Romania,HTTP Cookie,ws-active-shop,,,,,Existing CM Trackers-Not Found,,,,,
CLIENT_X.com.au,Essential cookies (exempt from consent),CLIENT_X - Australia,HTTP Cookie,_scid,,bench_update_duration,,https://www.CLIENT_X.com.au/healthcare/e/sleep-and-respiratory-care/what-matters-most/our-patient-care,Existing CM Trackers-Found,,,,,
www.CLIENT_X.dk,Essential cookies (exempt from consent),CLIENT_X - Denmark,JavaScript,blank (java),,bench_update_duration,,,Existing CM Trackers-Not Found,,,,,
www.CLIENT_X.com.pk,Essential cookies (exempt from consent),CLIENT_X - Pakistan,JavaScript,blank (java),,bench_update_duration,,,Existing CM Trackers-Not Found,,,,,
www.CLIENT_X.co.uk,Essential cookies (exempt from consent),CLIENT_X - United Kingdom,HTTP Cookie,kampyleUserSessionsCount,,bench_update_duration,,,Existing CM Trackers-Not Found,,,,,
www.CLIENT_X.com.eg,Essential cookies (exempt from consent),CLIENT_X - Egypt,HTTP Cookie,RT,,bench_update_duration,TRUE,https://www.CLIENT_X.com.au/c-e/ho/air-education.html,Existing CM Trackers-Found,,,,,
CLIENT_X.com.my,Essential cookies (exempt from consent),CLIENT_X - Malaysia,HTTP Cookie,internalUserCheck,,,,,Existing CM Trackers-Not Found,,,,,
www.CLIENT_X.fi,Essential cookies (exempt from consent),CLIENT_X - Finland,HTTP Cookie,kampyleUserSession,,bench_update_duration,,https://www.CLIENT_X.com.au/,New Third Party Trackers,,,,,
www.CLIENT_X.com.ph,Essential cookies (exempt from consent),CLIENT_X - Philippines,Beacon,blank (beacon),,bench_update_duration,,https://www.CLIENT_X.com.au/,New First Party Trackers,,,,,
www.CLIENT_X.com.my,Essential cookies (exempt from consent),CLIENT_X - Malaysia,HTTP Cookie,fl_qualified_entry,,bench_update_duration,TRUE,https://www.CLIENT_X.com.au/,Existing CM Trackers-Found,,,,,
doubleclick.net,Targeted Advertising cookies (including social media),Google Advertising Products,HTTP Cookie,bench_new_T2_202,,390,TRUE,https://www.CLIENT_X.com.au/,Existing CM Trackers-Found,,,,,
www.subscription.CLIENT_X.fr,Essential cookies (exempt from consent),CLIENT_X - France,HTTP Cookie,eddl_gtm_qe_session_start_6523424625,,,,,Existing CM Trackers-Not Found,,,,,
www.google.com,Essential cookies,Google Inc.,HTTP Cookie,_ga_failed_lookup_marker_1_1863,,180,TRUE,https://www.CLIENT_X.com.au/c-e/forms/sfmc/avent-reward-interest.html,Existing CM Trackers-Found,,,,,
snapchat.com,Targeted Advertising cookies (including social media),Snap Inc.,HTTP Cookie,bench_new_T2_338,,390,TRUE,https://www.CLIENT_X.com.au/c-e/ho/air-education.html,Existing CM Trackers-Found,,,,,
CLIENT_X.com.ar,Essential cookies (exempt from consent),CLIENT_X - Argentina,HTTP Cookie,li_cm_prefs_session,,bench_update_duration,TRUE,https://www.CLIENT_X.com.au/c-m-pe/toothbrush-heads/latest,Existing CM Trackers-Found,,,,,
CLIENT_X.hu,Essential cookies (exempt from consent),CLIENT_X - Hungary,HTTP Cookie,FPID,,180,,https://www.CLIENT_X.com.au/c-e/products.html,New Third Party Trackers,,,,,
policy.app.cookieinformation.com,Performance Cookies [Requires consent],Cookie Information A/S,ETag,-,,0,TRUE,https://www.CLIENT_X.com.au/,Existing CM Trackers-Found,,,,,
px.ads.linkedin.com,Targeted Advertising Cookies (including social media) [Requires consent],LinkedIn,JavaScript,-,,bench_update_duration,,,Existing CM Trackers-Not Found,,,,,
CLIENT_X.efmfeedback.com,Performance Cookies [Requires consent],Verint Systems Inc.,JavaScript,-,,,TRUE,https://www.CLIENT_X.com.au/shop/order-search/search-input,Existing CM Trackers-Found,,,,,
www.CLIENT_X.co.id,Essential cookies (exempt from consent),CLIENT_X - Indonesia,HTTP Cookie,mdLogger,,,TRUE,https://www.CLIENT_X.com.au/shop/order-search/search-input,Existing CM Trackers-Found,,,,,
www.CLIENT_X.pl,Essential cookies (exempt from consent),CLIENT_X - Poland,HTTP Cookie,_sdsat_pgm_sh_alloc,,bench_update_duration,TRUE,https://www.CLIENT_X.com.au/c-w/consumer-support/support-contact-page,Existing CM Trackers-Found,,,,,
CLIENT_X.co.in,Essential cookies (exempt from consent),CLIENT_X - India,HTTP Cookie,iAdvize:splitGroup,,,TRUE,https://www.CLIENT_X.com.au/,Existing CM Trackers-Found,,,,,
consent-pref.trustarc.com,Essential cookies,TrustArc,JavaScript,bench_new_T2_343,,,TRUE,https://www.CLIENT_X.com.au/c-w/product-registration/coffee-fathers-day-promotion,Existing CM Trackers-Found,,,,,
CLIENT_X.com.au,Essential cookies (exempt from consent),CLIENT_X - Australia,HTTP Cookie,s_cm_direct,,bench_update_duration,,https://www.CLIENT_X.com.au/c-f/XC000021443/my-CLIENT_X-fan-makes-an-unusual-noise-when-oscillating,New Third Party Trackers,,,,,
lighting.CLIENT_X.co.th,Essential cookies (exempt from consent),Signify (formerly CLIENT_X Lighting),HTTP Cookie,s_nr30,,,TRUE,https://www.CLIENT_X.com.au/,Existing CM Trackers-Found,,,,,
www.supplierinnovation.CLIENT_X.com,Essential cookies (exempt from consent),Koninklijke CLIENT_X N.V.,HTTP Cookie,AWSALB,,bench_update_duration,,,Existing CM Trackers-Not Found,,,,,
CLIENT_X.com.eg,Essential cookies (exempt from consent),CLIENT_X - Egypt,HTTP Cookie,TEST_AMCV_COOKIE,,400,,https://www.CLIENT_X.com.au/c-f/XC000021443/my-CLIENT_X-fan-makes-an-unusual-noise-when-oscillating,New Third Party Trackers,,,,,
CLIENT_X.com.br,Essential cookies (exempt from consent),CLIENT_X - Brazil,HTTP Cookie,s_nrpv,,bench_update_duration,TRUE,https://www.CLIENT_X.com.au/,Existing CM Trackers-Found,,,,,
www.CLIENT_X.co.th,Essential cookies (exempt from consent),CLIENT_X - Thailand,HTTP Cookie,test,,30,TRUE,https://www.CLIENT_X.com.au/,Existing CM Trackers-Found,,,,,
www.CLIENT_X.com.mx,Essential cookies (exempt from consent),CLIENT_X - Mexico,Beacon,blank (beacon),,,,,Existing CM Trackers-Not Found,,,,,
lighting.CLIENT_X.com.au,Performance cookies,Signify (formerly CLIENT_X Lighting),HTTP Cookie,bench_new_T2_279,,,,,Existing CM Trackers-Not Found,,,,,
doubleclick.net,Targeted Advertising cookies (including social media),Google Advertising Products,HTTP Cookie,_ga_failed_lookup_marker_1_1882,,30,TRUE,https://www.CLIENT_X.com.au/,Existing CM Trackers-Found,,,,,
www.CLIENT_X.com.tw,Essential cookies (exempt from consent),CLIENT_X - Taiwan,HTTP Cookie,p-hc-specialty,,bench_update_duration,TRUE,https://www.CLIENT_X.com.au/c-m-pe/airfloss-ultra,Existing CM Trackers-Found,,,,,
CLIENT_X.co.il,Essential cookies (exempt from consent),CLIENT_X - Israel,HTTP Cookie,_schn2,,,,,Existing CM Trackers-Not Found,,,,,
tremorhub.com,Targeted Advertising cookies (including social media),"Magnite CTV, Inc.",HTTP Cookie,bench_new_T2_334,,400,,https://www.CLIENT_X.com.au/healthcare,New Third Party Trackers,,,,,
CLIENT_X.com.gh,Essential cookies (exempt from consent),CLIENT_X - Ghana,HTTP Cookie,s_vtime,,bench_update_duration,TRUE,https://www.CLIENT_X.com.au/c-e/products.html,Existing CM Trackers-Found,,,,,
www.lighting.CLIENT_X.com.co,Essential cookies (exempt from consent),Signify (formerly CLIENT_X Lighting),JavaScript,blank (java),,,TRUE,https://www.CLIENT_X.com.au/c-e/au/automotive-health-and-wellness/thermal-box.html,Existing CM Trackers-Found,,,,,
ssl-static.janraincapture.com,Performance cookies,Akamai,JavaScript,bench_new_T2_399,,,,,Existing CM Trackers-Not Found,,,,,
www.lighting.CLIENT_X.co.jp,Essential cookies (exempt from consent),Signify (formerly CLIENT_X Lighting),HTTP Cookie,s_as,,session,TRUE,https://www.CLIENT_X.com.au/,Existing CM Trackers-Found,,,,,
CLIENT_X.com.mx,Essential cookies (exempt from consent),CLIENT_X - Mexico,HTTP Cookie,at_check,,bench_update_duration,,,Existing CM Trackers-Not Found,,,,,
pz-ew-cdn-np-static-contents.azureedge.net,Performance Cookies [Requires consent],Microsoft,ETag,-,,session,TRUE,https://www.CLIENT_X.com.au/,Existing CM Trackers-Found,,,,,
CLIENT_X.ch,Essential cookies (exempt from consent),CLIENT_X - Switzerland,HTTP Cookie,FPID,,14,,https://www.CLIENT_X.com.au/,New First Party Trackers,,,,,
CLIENT_X.com.pe,Essential cookies (exempt from consent),CLIENT_X - Peru,HTTP Cookie,test,,,,,Existing CM Trackers-Not Found,,,,,
CLIENT_Xgb.api.useinsider.com,Targeted Advertising Cookies (including social media) [Requires consent],Insider,JavaScript,-,,,TRUE,https://www.CLIENT_X.com.au/,Existing CM Trackers-Found,,,,,
gsp0.baidu.com,Performance Cookies [Requires consent],Baidu,ETag,-,,bench_update_duration,,,Existing CM Trackers-Not Found,,,,,
CLIENT_X.com,Essential cookies (exempt from consent),Koninklijke CLIENT_X N.V.,HTTP Cookie,_gid,,,,,Existing CM Trackers-Not Found,,,,,
CLIENT_X.ua,Essential cookies (exempt from consent),CLIENT_X - Ukraine,HTTP Cookie,_gcl_au,,session,,https://www.CLIENT_X.com.au/,New First Party Trackers,,,,,
pages.information.signify.com,Performance cookies,Signify (formerly CLIENT_X Lighting),Local Storage,_ga_failed_lookup_marker_1_1898,,,,,Existing CM Trackers-Not Found,,,,,
CLIENT_X.ae,Essential cookies (exempt from consent),CLIENT_X - Middle East Arab,HTTP Cookie,TAsessionID,,bench_update_duration,,,Existing CM Trackers-Not Found,,,,,
www.CLIENT_X.com.co,Essential cookies (exempt from consent),CLIENT_X - Colombia,HTTP Cookie,mdLogger,,,,,Existing CM Trackers-Not Found,,,,,
CLIENT_X.co.uk,Targeted Advertising cookies (including social media),CLIENT_X - United Kingdom,Local Storage,_ga_failed_lookup_marker_1_1901,,,,,Existing CM Trackers-Not Found,,,,,
CLIENT_X.com.hk,Essential cookies (exempt from consent),CLIENT_X - Hong Kong,HTTP Cookie,_schn2,,bench_update_duration,,,Existing CM Trackers-Not Found,,,,,
connect.facebook.net,Targeted Advertising cookies (including social media),Meta (formerly Facebook),Beacon,_ga_failed_lookup_marker_1_1903,,,TRUE,https://www.CLIENT_X.com.au/c-e/au/car-lights/automotive-articles/safety/check-and-adjust-headlights.html,Existing CM Trackers-Found,,,,,
lighting.CLIENT_X.co.nz,Essential cookies (exempt from consent),Signify (formerly CLIENT_X Lighting),HTTP Cookie,s_pv,,bench_update_duration,TRUE,https://www.CLIENT_X.com.au/,Existing CM Trackers-Found,,,,,
CLIENT_X.it,Essential cookies (exempt from consent),CLIENT_X - Italy,HTTP Cookie,_yi,,bench_update_duration,TRUE,https://www.CLIENT_X.com.au/,Existing CM Trackers-Found,,,,,
www.lighting.CLIENT_X.com.pk,Essential cookies (exempt from consent),Signify (formerly CLIENT_X Lighting),HTTP Cookie,customer_country,,bench_update_duration,TRUE,https://www.CLIENT_X.com.au/,Existing CM Trackers-Found,,,,,
www.healthcare.shop.CLIENT_X.nl,Essential cookies (exempt from consent),CLIENT_X - Netherlands,HTTP Cookie,mdLogger,,bench_update_duration,,https://www.CLIENT_X.com.au/a-w/cookie-notice,New Third Party Trackers,,,,,
www.healthcare.shop.CLIENT_X.com.au,Essential cookies,CLIENT_X - Australia,HTTP Cookie,bench_new_T2_310,,,,,Existing CM Trackers-Not Found,,,,,
CLIENT_X.com,Essential cookies (exempt from consent),Koninklijke CLIENT_X N.V.,HTTP Cookie,s_cm_direct,,bench_update_duration,,,Existing CM Trackers-Not Found,,,,,
www.CLIENT_X.bg,Essential cookies (exempt from consent),CLIENT_X - Bulgaria,HTTP Cookie,kampyle_userid,,bench_update_duration,,https://www.CLIENT_X.com.au/healthcare,New Third Party Trackers,,,,,
CLIENT_Xb2c.my.site.com,Performance cookies,"Salesforce.com, Inc.",ETag,bench_new_T2_313,,,TRUE,https://www.CLIENT_X.com.au/c-w/consumer-support/support-contact-page,Existing CM Trackers-Found,,,,,
www.subscription.CLIENT_X.cz,Essential cookies (exempt from consent),CLIENT_X - Czech Republic,Local Storage,blank (local storage),,bench_update_duration,,,Existing CM Trackers-Not Found,,,,,
www.lighting.CLIENT_X.com.my,Essential cookies (exempt from consent),Signify (formerly CLIENT_X Lighting),HTTP Cookie,AWSELB,,0,TRUE,https://www.CLIENT_X.com.au/c-e/ho/watercare/countertop-water-stations.html,Existing CM Trackers-Found,,,,,
consent-st.trustarc.com,Essential cookies,TrustArc,JavaScript,bench_new_T2_266,,,TRUE,https://www.CLIENT_X.com.au/c-w/product-registration/coffee-fathers-day-promotion,Existing CM Trackers-Found,,,,,
www.shop.CLIENT_X.lv,Essential cookies (exempt from consent),CLIENT_X - Latvia,Beacon,blank (beacon),,,,,Existing CM Trackers-Not Found,,,,,
CLIENT_X.co.nz,Essential cookies (exempt from consent),CLIENT_X - New Zealand,HTTP Cookie,zScalerUser,,bench_update_duration,TRUE,https://www.CLIENT_X.com.au/,Existing CM Trackers-Found,,,,,
www.lighting.CLIENT_X.ie,Essential cookies (exempt from consent),Signify (formerly CLIENT_X Lighting),JavaScript,blank (java),,bench_update_duration,,,Existing CM Trackers-Not Found,,,,,
eloqua.com,Targeted Advertising cookies (including social media),Oracle Marketing,HTTP Cookie,_ga_failed_lookup_marker_1_1918,,392,TRUE,https://www.CLIENT_X.com.au/healthcare/e/sleep-and-respiratory-care/what-matters-most/our-patient-care,Existing CM Trackers-Found,,,,,
respirtech.com,Essential cookies (exempt from consent),RespirTech,HTTP Cookie,_scid_r,,,,,Existing CM Trackers-Not Found,,,,,
www.usa.CLIENT_X.com,Essential cookies (exempt from consent),Koninklijke CLIENT_X N.V.,HTTP Cookie,ws-id,,bench_update_duration,TRUE,https://www.CLIENT_X.com.au/c-e/products.html,Existing CM Trackers-Found,,,,,
assets.adobedtm.com,Performance cookies,Adobe Inc.,JavaScript,_ga_failed_lookup_marker_1_1921,,,TRUE,https://www.CLIENT_X.com.au/shop/order-search/search-input,Existing CM Trackers-Found,,,,,
csm.fr3.eu.criteo.net,Targeted Advertising Cookies (including social media) [Requires consent],Criteo SA,Beacon,-,,bench_update_duration,,,Existing CM Trackers-Not Found,,,,,
www.lighting.CLIENT_X.com.tr,Essential cookies (exempt from consent),Signify (formerly CLIENT_X Lighting),HTTP Cookie,AWSELB,,bench_update_duration,,https://www.CLIENT_X.com.au/,New Third Party Trackers,,,,,
CLIENT_X.ae,Essential cookies (exempt from consent),CLIENT_X - Middle East Arab,HTTP Cookie,s_vtime,,bench_update_duration,TRUE,https://www.CLIENT_X.com.au/c-e/au/automotive-health-and-wellness/thermal-box.html,Existing CM Trackers-Found,,,,,
pixel.byspotify.com,Targeted Advertising Cookies (including social media) [Requires consent],Spotify,JavaScript,-,,bench_update_duration,,https://www.CLIENT_X.com.au/c-m-pe/hair-removal,New Third Party Trackers,,,,,
www.CLIENT_X.cl,Essential cookies (exempt from consent),CLIENT_X - Chile,HTTP Cookie,kampylePageLoadedTimestamp,,bench_update_duration,,,Existing CM Trackers-Not Found,,,,,
www.photometrics.lighting.CLIENT_X.com,Essential cookies (exempt from consent),Signify (formerly CLIENT_X Lighting),ETag,-,,,,,Existing CM Trackers-Not Found,,,,,
www.CLIENT_X.fr,Essential cookies (exempt from consent),CLIENT_X - France,HTTP Cookie,p-hc-specialty,,bench_update_duration,,https://www.CLIENT_X.com.au/c-e/pe/beauty-tips-women.html,New Third Party Trackers,,,,,
CLIENT_Xb2c.file.force.com,Essential cookies,"Salesforce.com, Inc.",HTTP Cookie,bench_new_T2_242,,,,,Existing CM Trackers-Not Found,,,,,
lighting.CLIENT_X.ma,Essential cookies (exempt from consent),Signify (formerly CLIENT_X Lighting),HTTP Cookie,s_vs,,,TRUE,https://www.CLIENT_X.com.au/c-e/au/automotive-health-and-wellness/thermal-box.html,Existing CM Trackers-Found,,,,,
CLIENT_X.ee,Essential cookies (exempt from consent),CLIENT_X - Republic of Estonia,HTTP Cookie,_gat_UA-XXX,,0,TRUE,https://www.CLIENT_X.com.au/c-f/XC000012903/how-to-clean-the-insideheating-element-of-my-CLIENT_X-airfryer,Existing CM Trackers-Found,,,,,
cdn.ticimax.cloud,Performance Cookies [Requires consent],Ticimax,ETag,-,,,,,Existing CM Trackers-Not Found,,,,,
s334834414.t.eloqua.com,Performance cookies,Oracle Marketing,JavaScript,bench_new_T2_232,,,,https://www.CLIENT_X.com.au/healthcare/solutions/sleep-and-respiratory-care/sleep-therapy-software/sleep-therapy-software,New Third Party Trackers,,,,,
www.CLIENT_X.com.au,Essential cookies,CLIENT_X - Australia,HTTP Cookie,bench_new_T2_207,,,,,Existing CM Trackers-Not Found,,,,,
CLIENT_X.com.tr,Essential cookies (exempt from consent),CLIENT_X - Turkey,HTTP Cookie,_ga,,bench_update_duration,,,Existing CM Trackers-Not Found,,,,,
versuni.scene7.com,Performance cookies,Adobe Experience Cloud - Experience Manager,ETag,bench_new_T2_380,,,,https://www.CLIENT_X.com.au/c-f/XC000017093/how-to-clean-and-maintain-my-lor-barista-coffee-machine,New Third Party Trackers,,,,,
www.lighting.CLIENT_X.pt,Essential cookies (exempt from consent),Signify (formerly CLIENT_X Lighting),HTTP Cookie,d01-layout,,bench_update_duration,TRUE,https://www.CLIENT_X.com.au/c-e/ho/air-education.html,Existing CM Trackers-Found,,,,,
www.CLIENT_X.com,Performance cookies,,HTTP Cookie,_ga_failed_lookup_marker_1_1938,,,,,Existing CM Trackers-Not Found,,,,,
www.CLIENT_X.com.gh,Essential cookies (exempt from consent),CLIENT_X - Ghana,HTTP Cookie,_sdsat_pgm_optin,,,,https://www.CLIENT_X.com.au/c-m-pe/hair-removal,New Third Party Trackers,,,,,
www.documents.CLIENT_X.com,Targeted Advertising cookies (including social media),Koninklijke CLIENT_X N.V.,ETag,bench_new_T2_324,,,,https://www.CLIENT_X.com.au/healthcare/clinical-solutions/early-warning-scoring,New Third Party Trackers,,,,,
www.subskrypcje.CLIENT_X.pl,Essential cookies (exempt from consent),CLIENT_X - Poland,HTTP Cookie,eddl_gtm_qe_session_start_6523424625,,bench_update_duration,,,Existing CM Trackers-Not Found,,,,,
CLIENT_X.se,Essential cookies (exempt from consent),CLIENT_X - Sweden,HTTP Cookie,_tt_enable_cookie,,90,,https://www.CLIENT_X.com.au/,New First Party Trackers,,,,,
lighting.CLIENT_X.com.au,Essential cookies,Signify (formerly CLIENT_X Lighting),HTTP Cookie,_ga_failed_lookup_marker_1_1943,,,,,Existing CM Trackers-Not Found,,,,,
www.CLIENT_X.ma,Essential cookies (exempt from consent),CLIENT_X - Morocco,ETag,blank (etag),,,TRUE,https://www.CLIENT_X.com.au/,Existing CM Trackers-Found,,,,,
www.lighting.CLIENT_X.ru,Essential cookies (exempt from consent),Signify (formerly CLIENT_X Lighting),HTTP Cookie,s_as,,,TRUE,https://www.CLIENT_X.com.au/c-w/consumer-support/support-contact-page,Existing CM Trackers-Found,,,,,
www.CLIENT_X.com.cn,Essential cookies (exempt from consent),CLIENT_X - China,HTTP Cookie,kampylePageLoadedTimestamp,,bench_update_duration,TRUE,https://www.CLIENT_X.com.au/c-e/au/car-lights/automotive-articles/safety/check-and-adjust-headlights.html,Existing CM Trackers-Found,,,,,
ad.doubleclick.net,Targeted Advertising Cookies (including social media) [Requires consent],Google Advertising Products,Beacon,-,,bench_update_duration,TRUE,https://www.CLIENT_X.com.au/,Existing CM Trackers-Found,,,,,
CLIENT_X.cl,Essential cookies (exempt from consent),CLIENT_X - Chile,HTTP Cookie,_schn1,,,,,Existing CM Trackers-Not Found,,,,,
www.CLIENT_X.pl,Essential cookies (exempt from consent),CLIENT_X - Poland,HTTP Cookie,kampyleUserPercentile,,bench_update_duration,,https://www.CLIENT_X.com.au/,New First Party Trackers,,,,,
www.abonnementen.CLIENT_X.nl,Essential cookies (exempt from consent),CLIENT_X - Netherlands,HTTP Cookie,kampyle_userid,,bench_update_duration,,,Existing CM Trackers-Not Found,,,,,
www.CLIENT_X.hu,Essential cookies (exempt from consent),CLIENT_X - Hungary,HTTP Cookie,mdLogger,,bench_update_duration,TRUE,https://www.CLIENT_X.com.au/,Existing CM Trackers-Found,,,,,
CLIENT_X.ie,Essential cookies (exempt from consent),CLIENT_X - Ireland,HTTP Cookie,s_vtime,,,,,Existing CM Trackers-Not Found,,,,,
www.CLIENT_X.no,Essential cookies (exempt from consent),CLIENT_X - Norway,HTTP Cookie,p-hc-specialty,,bench_update_duration,,,Existing CM Trackers-Not Found,,,,,
smetrics.marketing.lighting.CLIENT_X.com,Targeted Advertising Cookies (including social media) [Requires consent],Koninklijke CLIENT_X N.V.,JavaScript,-,,90,,https://www.CLIENT_X.com.au/healthcare,New Third Party Trackers,,,,,
accunix.net,Targeted Advertising Cookies (including social media) [Requires consent],Unknown,HTTP Cookie,cf_clearance,,,,,Existing CM Trackers-Not Found,,,,,
www.CLIENT_X.co.ke,Essential cookies (exempt from consent),CLIENT_X - Kenya,HTTP Cookie,p-gc35,,bench_update_duration,,https://www.CLIENT_X.com.au/healthcare/e/sleep-and-respiratory-care/what-matters-most/our-patient-care,Existing CM Trackers-Found,,,,,
CLIENT_X.ua,Essential cookies (exempt from consent),CLIENT_X - Ukraine,HTTP Cookie,TAsessionID,,bench_update_duration,,,Existing CM Trackers-Not Found,,,,,
www.lighting.CLIENT_X.cl,Essential cookies (exempt from consent),Signify (formerly CLIENT_X Lighting),JavaScript,blank (java),,bench_update_duration,,,Existing CM Trackers-Not Found,,,,,
www.careers.CLIENT_X.com.cn,Essential cookies (exempt from consent),CLIENT_X - China,HTTP Cookie,SourceEndTime,,,,,Existing CM Trackers-Not Found,,,,,
www.patientcare.shop.CLIENT_X.com.sg,Essential cookies (exempt from consent),CLIENT_X - Singapore,Local Storage,blank (local storage),,,,,Existing CM Trackers-Not Found,,,,,
consent-pref.trustarc.com,Essential cookies,TrustArc,JavaScript,bench_new_T2_280,,,TRUE,https://www.CLIENT_X.com.au/c-w/product-registration/coffee-fathers-day-promotion,Existing CM Trackers-Found,,,,,
www.assets.signify.com,Performance Cookies [Requires consent],Signify (formerly CLIENT_X Lighting),ETag,-,,bench_update_duration,TRUE,https://www.CLIENT_X.com.au/shop/order-search/search-input,Existing CM Trackers-Found,,,,,
www.usa.CLIENT_X.com,Essential cookies (exempt from consent),Koninklijke CLIENT_X N.V.,HTTP Cookie,addshoppers.com,,,,,Existing CM Trackers-Not Found,,,,,
CLIENT_X.gr,Essential cookies (exempt from consent),CLIENT_X - Greece,HTTP Cookie,s_vtime,,14,,https://www.CLIENT_X.com.au/,New First Party Trackers,,,,,
CLIENT_X.lv,Essential cookies (exempt from consent),CLIENT_X - Latvia,HTTP Cookie,_scid_r,,bench_update_duration,,https://www.CLIENT_X.com.au/c-m-pe/airfloss-ultra,New Third Party Trackers,,,,,
CLIENT_X.co.za,Essential cookies (exempt from consent),CLIENT_X - South Africa,HTTP Cookie,test,,bench_update_duration,TRUE,https://www.CLIENT_X.com.au/,Existing CM Trackers-Found,,,,,
casalemedia.com,Targeted Advertising cookies (including social media),Index Exchange Inc.,HTTP Cookie,_ga_failed_lookup_marker_1_1967,,90,,https://www.CLIENT_X.com.au/healthcare,New Third Party Trackers,,,,,
CLIENT_X.cz,Essential cookies (exempt from consent),CLIENT_X - Czech Republic,HTTP Cookie,at_check,,bench_update_duration,,https://www.CLIENT_X.com.au/c-f/XC000021443/my-CLIENT_X-fan-makes-an-unusual-noise-when-oscillating,New Third Party Trackers,,,,,
www.CLIENT_X.com.tr,Essential cookies (exempt from consent),CLIENT_X - Turkey,HTTP Cookie,T01-recentlyViewedProducts,,,TRUE,https://www.CLIENT_X.com.au/c-p/HH1423_00,Existing CM Trackers-Found,,,,,
CLIENT_X.es,Essential cookies (exempt from consent),CLIENT_X - Spain,HTTP Cookie,li_cm_prefs_session,,bench_update_duration,,https://www.CLIENT_X.com.au/,New First Party Trackers,,,,,
doubleclick.net,Targeted Advertising cookies (including social media),Google Advertising Products,HTTP Cookie,_ga_failed_lookup_marker_1_1971,,390,TRUE,https://www.CLIENT_X.com.au/,Existing CM Trackers-Found,,,,,
www.CLIENT_X.dk,Essential cookies (exempt from consent),CLIENT_X - Denmark,HTTP Cookie,RT,,bench_update_duration,,,Existing CM Trackers-Not Found,,,,,
CLIENT_X.com.au,Essential cookies,CLIENT_X - Australia,HTTP Cookie,_ga_failed_lookup_marker_1_1973,,,,,Existing CM Trackers-Not Found,,,,,
www.lighting.CLIENT_X.ie,Essential cookies (exempt from consent),Signify (formerly CLIENT_X Lighting),HTTP Cookie,AWSELB,,0,TRUE,https://www.CLIENT_X.com.au/,Existing CM Trackers-Found,,,,,
CLIENT_X.com.au,Essential cookies,CLIENT_X - Australia,HTTP Cookie,bench_new_T2_270,,0,TRUE,https://www.CLIENT_X.com.au/,Existing CM Trackers-Found,,,,,
www.lighting.CLIENT_X.lv,Essential cookies (exempt from consent),Signify (formerly CLIENT_X Lighting),HTTP Cookie,customer_country,,bench_update_duration,,https://www.CLIENT_X.com.au/,New First Party Trackers,,,,,
www.lighting.CLIENT_X.com.eg,Essential cookies (exempt from consent),Signify (formerly CLIENT_X Lighting),JavaScript,blank (java),,bench_update_duration,TRUE,https://www.CLIENT_X.com.au/,Existing CM Trackers-Found,,,,,
accujs.accunix.net,Targeted Advertising Cookies (including social media) [Requires consent],Unknown,JavaScript,-,,,TRUE,https://www.CLIENT_X.com.au/c-e/ho/air-education.html,Existing CM Trackers-Found,,,,,
CLIENT_X.ua,Essential cookies (exempt from consent),CLIENT_X - Ukraine,HTTP Cookie,_scid,,bench_update_duration,,,Existing CM Trackers-Not Found,,,,,
d2mjzob2nc713b.cloudfront.net,Performance Cookies [Requires consent],Amazon (Cloudfront),JavaScript,-,,bench_update_duration,,https://www.CLIENT_X.com.au/c-e/pe/beauty-tips-women.html,New Third Party Trackers,,,,,
www.lighting.CLIENT_X.com.cn,Essential cookies (exempt from consent),Signify (formerly CLIENT_X Lighting),HTTP Cookie,customer_language_accept,,,,,Existing CM Trackers-Not Found,,,,,
www.CLIENT_X.cz,Essential cookies (exempt from consent),CLIENT_X - Czech Republic,Local Storage,blank (local storage),,396,,https://www.CLIENT_X.com.au/a-w/cookie-notice,New Third Party Trackers,,,,,
nebula-cdn.kampyle.com,Performance cookies,Medallia,ETag,_ga_failed_lookup_marker_1_1983,,,TRUE,https://www.CLIENT_X.com.au/,Existing CM Trackers-Found,,,,,
lighting.CLIENT_X.com.au,Essential cookies (exempt from consent),Signify (formerly CLIENT_X Lighting),HTTP Cookie,aam_uuid,,bench_update_duration,,https://www.CLIENT_X.com.au/healthcare,New Third Party Trackers,,,,,
lighting.CLIENT_X.com.tr,Essential cookies (exempt from consent),Signify (formerly CLIENT_X Lighting),HTTP Cookie,com.adobe.alloy.getTld,,bench_update_duration,,https://www.CLIENT_X.com.au/,New First Party Trackers,,,,,
casalemedia.com,Targeted Advertising cookies (including social media),Index Exchange Inc.,HTTP Cookie,bench_new_T2_329,,90,,https://www.CLIENT_X.com.au/healthcare,New Third Party Trackers,,,,,
CLIENT_X.com.sg,Essential cookies (exempt from consent),CLIENT_X - Singapore,HTTP Cookie,s_cc,,,TRUE,https://www.CLIENT_X.com.au/,Existing CM Trackers-Found,,,,,
CLIENT_X.com.au,Essential cookies,CLIENT_X - Australia,HTTP Cookie,_ga_failed_lookup_marker_1_1988,,session,,https://www.CLIENT_X.com.au/,New First Party Trackers,,,,,
www.CLIENT_X.com.kw,Essential cookies (exempt from consent),CLIENT_X - Kuwait,Beacon,blank (beacon),,0,TRUE,https://www.CLIENT_X.com.au/,Existing CM Trackers-Found,,,,,
CLIENT_X.com.br,Essential cookies (exempt from consent),CLIENT_X - Brazil,HTTP Cookie,_fbp,,bench_update_duration,TRUE,https://www.CLIENT_X.com.au/,Existing CM Trackers-Found,,,,,
www.CLIENT_X.com.my,Essential cookies (exempt from consent),CLIENT_X - Malaysia,Local Storage,blank (local storage),,bench_update_duration,,,Existing CM Trackers-Not Found,,,,,
widget-cdn.janraincapture.com,Performance cookies,Akamai,JavaScript,_ga_failed_lookup_marker_1_1992,,,,,Existing CM Trackers-Not Found,,,,,
www.google.com,Targeted Advertising cookies (including social media),Google Inc.,JavaScript,_ga_failed_lookup_marker_1_1993,,,TRUE,https://www.CLIENT_X.com.au/c-e/forms/sfmc/avent-reward-interest.html,Existing CM Trackers-Found,,,,,
CLIENT_Xb2c.my.site.com,Performance cookies,"Salesforce.com, Inc.",Beacon,_ga_failed_lookup_marker_1_1994,,,TRUE,https://www.CLIENT_X.com.au/c-w/consumer-support/support-contact-page,Existing CM Trackers-Found,,,,,
CLIENT_X.co.jp,Essential cookies (exempt from consent),CLIENT_X Electronics Corporation Japan,HTTP Cookie,at_check,,,,,Existing CM Trackers-Not Found,,,,,
CLIENT_X.com.au,Essential cookies,CLIENT_X - Australia,HTTP Cookie,bench_new_T2_333,,0,TRUE,https://www.CLIENT_X.com.au/,Existing CM Trackers-Found,,,,,
CLIENT_X.com.mx,Essential cookies (exempt from consent),CLIENT_X - Mexico,HTTP Cookie,internalUserCheck,,bench_update_duration,TRUE,https://www.CLIENT_X.com.au/,Existing CM Trackers-Found,,,,,
CLIENT_X.dk,Essential cookies (exempt from consent),CLIENT_X - Denmark,HTTP Cookie,s_tid,,bench_update_duration,,,Existing CM Trackers-Not Found,,,,,
CLIENT_X.com.au,Essential cookies,CLIENT_X - Australia,HTTP Cookie,_ga_failed_lookup_marker_1_1999,,,,,Existing CM Trackers-Not Found,,,,,
