tracking_domain,consent_category,vendor_name,tracker_type,tracker_name,tracker_purpose,tracker_duration,3rd_party_sharing,first_found_at,party_type,vendor_description,modified,consent_category_new,tracker_purpose_[language code],vendor_description_[language code]
www.healthcare.shop.CLIENT_X.com.au,Essential cookies (exempt from consent),CLIENT_X - Australia,HTTP Cookie,RT,,bench_update_duration,,,Existing CM Trackers-Not Found,,,,,
lighting.CLIENT_X.com.vn,Essential cookies (exempt from consent),Signify (formerly CLIENT_X Lighting),HTTP Cookie,s_ppvl,,bench_update_duration,,,Existing CM Trackers-Not Found,,,,,
www.mriclinicalcasemap.CLIENT_X.com,Essential cookies (exempt from consent),Koninklijke CLIENT_X N.V.,ETag,blank (etag),,bench_update_duration,,,Existing CM Trackers-Not Found,,,,,
dev.CLIENT_X.com.mx,Essential cookies (exempt from consent),CLIENT_X - Mexico,HTTP Cookie,_sdsat_pgm_optin,,,TRUE,https://www.CLIENT_X.com.tr/a-w/about,Existing CM Trackers-Found,,,,,
www.CLIENT_X.no,Essential cookies (exempt from consent),CLIENT_X - Norway,HTTP Cookie,p-hc-specialty,,bench_update_duration,TRUE,https://www.CLIENT_X.com.tr/c-f/XC000021359/CLIENT_X-homerun-elektrikli-robot-s%C3%BCp%C3%BCrgemi-nas%C4%B1l-temizlerim,Existing CM Trackers-Found,,,,,
CLIENT_X.fr,Essential cookies (exempt from consent),CLIENT_X - France,HTTP Cookie,zScalerUser,,,TRUE,https://www.CLIENT_X.com.tr/c-w/tuketici-urunleri-destek/support-contact-page.html,Existing CM Trackers-Found,,,,,
CLIENT_X.com.tr,Essential cookies,CLIENT_X - Turkey,HTTP Cookie,_ga_failed_lookup_marker_66_6,,,,,Existing CM Trackers-Not Found,,,,,
www.CLIENT_X.si,Essential cookies (exempt from consent),CLIENT_X - Slovenia,HTTP Cookie,kampyleUserPercentile,,bench_update_duration,,,Existing CM Trackers-Not Found,,,,,
www.healthcare.shop.CLIENT_X.it,Essential cookies (exempt from consent),CLIENT_X - Italy,HTTP Cookie,mdLogger,,,TRUE,https://www.CLIENT_X.com.tr/c-w/tuketici-urunleri-destek/support-contact-page.html,Existing CM Trackers-Found,,,,,
CLIENT_X.dk,Essential cookies (exempt from consent),CLIENT_X - Denmark,HTTP Cookie,s_pv,,bench_update_duration,,https://www.CLIENT_X.com.tr/c-p/SWV9433C_00/hdmi-2.1-kablosu,New Third Party Trackers,,,,,
www.CLIENT_X.sk,Essential cookies (exempt from consent),CLIENT_X - Slovakia,ETag,blank (etag),,,,https://www.CLIENT_X.com.tr/healthcare,Existing CM Trackers-Found,,,,,
td.yieldify.com,Targeted Advertising cookies (including social media),Yieldify,ETag,_ga_failed_lookup_marker_66_11,,,,,Existing CM Trackers-Not Found,,,,,
www.CLIENT_X.co.jp,Essential cookies (exempt from consent),CLIENT_X Electronics Corporation Japan,HTTP Cookie,AWSELBCORS,,bench_update_duration,TRUE,https://www.CLIENT_X.com.tr/c-p/AMF870_15/air-performer-8000-serisi-3-1-arada-hava-temizleyici-fan-ve-isitici,Existing CM Trackers-Found,,,,,
CLIENT_X.com.hk,Essential cookies (exempt from consent),CLIENT_X - Hong Kong,HTTP Cookie,mboxEdgeCluster,,,,,Existing CM Trackers-Not Found,,,,,
www.respirtech.com,Essential cookies (exempt from consent),RespirTech,HTTP Cookie,_y2,,,TRUE,https://www.CLIENT_X.com.tr/,Existing CM Trackers-Found,,,,,
CLIENT_X.com.tr,Essential cookies (exempt from consent),CLIENT_X - Turkey,HTTP Cookie,li_cm_prefs_session,,,,,Existing CM Trackers-Not Found,,,,,
www.CLIENT_X.co.nz,Essential cookies (exempt from consent),CLIENT_X - New Zealand,Local Storage,blank (local storage),,bench_update_duration,TRUE,https://www.CLIENT_X.com.tr/,Existing CM Trackers-Found,,,,,
www.lighting.CLIENT_X.com.tr,Essential cookies,Signify (formerly CLIENT_X Lighting),JavaScript,_ga_failed_lookup_marker_66_17,,,,,Existing CM Trackers-Not Found,,,,,
CLIENT_X.ru,Essential cookies (exempt from consent),CLIENT_X - Russia,HTTP Cookie,internalUserCheck,,bench_update_duration,,https://www.CLIENT_X.com.tr/healthcare,Existing CM Trackers-Found,,,,,
*.t.eloqua.com,Performance cookies,Oracle Marketing,JavaScript,bench_new_T2_13216,,,,https://www.CLIENT_X.com.tr/healthcare/education-resources/education-training,New Third Party Trackers,,,,,
www.CLIENT_X.com.tw,Essential cookies (exempt from consent),CLIENT_X - Taiwan,HTTP Cookie,AWSELBCORS,,bench_update_duration,,,Existing CM Trackers-Not Found,,,,,
CLIENT_X.no,Essential cookies (exempt from consent),CLIENT_X - Norway,HTTP Cookie,s_cm_direct,,,,,Existing CM Trackers-Not Found,,,,,
lighting.CLIENT_X.ua,Essential cookies (exempt from consent),Signify (formerly CLIENT_X Lighting),HTTP Cookie,s_ppvl,,400,TRUE,https://www.CLIENT_X.com.tr/c-p/AMF870_15/air-performer-8000-serisi-3-1-arada-hava-temizleyici-fan-ve-isitici,Existing CM Trackers-Found,,,,,
CLIENT_X.com.au,Essential cookies (exempt from consent),CLIENT_X - Australia,HTTP Cookie,TEST_AMCV_COOKIE,,729,,,Existing CM Trackers-Not Found,,,,,
CLIENT_X.com.tr,Essential cookies,CLIENT_X - Turkey,HTTP Cookie,bench_new_T2_13311,,0,TRUE,https://www.CLIENT_X.com.tr/,Existing CM Trackers-Found,,,,,
CLIENT_X.com.gh,Essential cookies (exempt from consent),CLIENT_X - Ghana,HTTP Cookie,_schn2,,bench_update_duration,TRUE,https://www.CLIENT_X.com.tr/healthcare/clinical-solutions/early-warning-scoring,Existing CM Trackers-Found,,,,,
pixel.rubiconproject.com,Targeted Advertising cookies (including social media),"Magnite, Inc.",Beacon,bench_new_T2_13283,,,TRUE,https://www.CLIENT_X.com.tr/a-w/about,Existing CM Trackers-Found,,,,,
www.CLIENT_X.com.kw,Essential cookies (exempt from consent),CLIENT_X - Kuwait,HTTP Cookie,eddl_gtm_qe_session_start_6523424625,,,,,Existing CM Trackers-Not Found,,,,,
www.domesticappliances.CLIENT_X.co.in,Essential cookies (exempt from consent),CLIENT_X - India,Beacon,blank (beacon),,bench_update_duration,TRUE,https://www.CLIENT_X.com.tr/c-p/AC3033_10/3000i-series-hava-temizleyici,Existing CM Trackers-Found,,,,,
CLIENT_X.co.uk,Essential cookies (exempt from consent),CLIENT_X - United Kingdom,HTTP Cookie,TEST_AMCV_COOKIE_WRITE,,bench_update_duration,TRUE,https://www.CLIENT_X.com.tr/,Existing CM Trackers-Found,,,,,
mcdn.retailrocket.net,Performance Cookies [Requires consent],Retail Rocket LLC,JavaScript,-,,,TRUE,https://www.CLIENT_X.com.tr/,Existing CM Trackers-Found,,,,,
cdnjs.cloudflare.com,Performance cookies,Cloudflare,ETag,_ga_failed_lookup_marker_66_31,,,,,Existing CM Trackers-Not Found,,,,,
www.CLIENT_X.rs,Essential cookies (exempt from consent),CLIENT_X - Serbia,HTTP Cookie,AWSELBCORS,,0,TRUE,https://www.CLIENT_X.com.tr/c-p/AMF870_15/air-performer-8000-serisi-3-1-arada-hava-temizleyici-fan-ve-isitici,Existing CM Trackers-Found,,,,,
CLIENT_X.ae,Essential cookies (exempt from consent),CLIENT_X - Middle East Arab,HTTP Cookie,_ga,,,TRUE,https://www.CLIENT_X.com.tr/healthcare/about/distributors,Existing CM Trackers-Found,,,,,
www.signify.com,Performance Cookies [Requires consent],Signify (formerly CLIENT_X Lighting),HTTP Cookie,AWSELBCORS,,0,,,Existing CM Trackers-Not Found,,,,,
www.CLIENT_X.hu,Essential cookies (exempt from consent),CLIENT_X - Hungary,HTTP Cookie,user_country,,bench_update_duration,,,Existing CM Trackers-Not Found,,,,,
www.usa.CLIENT_X.com,Essential cookies (exempt from consent),Koninklijke CLIENT_X N.V.,HTTP Cookie,shop-health,,bench_update_duration,TRUE,https://www.CLIENT_X.com.tr/,Existing CM Trackers-Found,,,,,
www.shop.CLIENT_X.ee,Essential cookies (exempt from consent),CLIENT_X - Republic of Estonia,HTTP Cookie,woocommerce_items_in_cart,,365,,https://www.CLIENT_X.com.tr/,New First Party Trackers,,,,,
CLIENT_X.co.in,Essential cookies (exempt from consent),CLIENT_X - India,HTTP Cookie,test-amp-cookie-tmp,,,TRUE,https://www.CLIENT_X.com.tr/,Existing CM Trackers-Found,,,,,
www.CLIENT_X.sk,Essential cookies (exempt from consent),CLIENT_X - Slovakia,HTTP Cookie,kampylePageLoadedTimestamp,,,TRUE,https://www.CLIENT_X.com.tr/c-w/tuketici-urunleri-destek/support-contact-page.html,Existing CM Trackers-Found,,,,,
lighting.CLIENT_X.se,Essential cookies (exempt from consent),Signify (formerly CLIENT_X Lighting),HTTP Cookie,com.adobe.alloy.getTld,,365,,https://www.CLIENT_X.com.tr/,New First Party Trackers,,,,,
www.healthcare.shop.CLIENT_X.de,Essential cookies (exempt from consent),CLIENT_X - Germany,HTTP Cookie,eddl_gtm_qe_session_start_6523424625,,7,TRUE,https://www.CLIENT_X.com.tr/c-p/AMF870_15/air-performer-8000-serisi-3-1-arada-hava-temizleyici-fan-ve-isitici,Existing CM Trackers-Found,,,,,
lighting.CLIENT_X.com.tr,Essential cookies (exempt from consent),Signify (formerly CLIENT_X Lighting),HTTP Cookie,s_pv,,bench_update_duration,,,Existing CM Trackers-Not Found,,,,,
www.subscription.CLIENT_X.at,Essential cookies (exempt from consent),CLIENT_X - Austria,Local Storage,blank (local storage),,bench_update_duration,TRUE,https://www.CLIENT_X.com.tr/,Existing CM Trackers-Found,,,,,
CLIENT_X.lv,Essential cookies (exempt from consent),CLIENT_X - Latvia,HTTP Cookie,s_eVar8,,bench_update_duration,,https://www.CLIENT_X.com.tr/,New First Party Trackers,,,,,
smetrics.marketing.lighting.CLIENT_X.com.sg,Essential cookies (exempt from consent),CLIENT_X - Singapore,JavaScript,blank (java),,,TRUE,https://www.CLIENT_X.com.tr/c-e/ho/cooking/airfryer-7000-serisi-xxl.html,Existing CM Trackers-Found,,,,,
comment.niceteknoloji.com,Performance Cookies [Requires consent],Nice Technology,JavaScript,-,,session,TRUE,https://www.CLIENT_X.com.tr/,Existing CM Trackers-Found,,,,,
www.subscription.CLIENT_X.co.uk,Essential cookies (exempt from consent),CLIENT_X - United Kingdom,HTTP Cookie,eddl_gtm_qe_session_start_6523424625,,bench_update_duration,TRUE,https://www.CLIENT_X.com.tr/c-p/AMF870_15/air-performer-8000-serisi-3-1-arada-hava-temizleyici-fan-ve-isitici,Existing CM Trackers-Found,,,,,
accounts.CLIENT_X.com,Performance cookies,Koninklijke CLIENT_X N.V.,HTTP Cookie,_ga_failed_lookup_marker_66_48,,,,,Existing CM Trackers-Not Found,,,,,
CLIENT_X.cz,Essential cookies (exempt from consent),CLIENT_X - Czech Republic,HTTP Cookie,s_eVar42,,bench_update_duration,TRUE,https://www.CLIENT_X.com.tr/healthcare/clinical-solutions/early-warning-scoring,Existing CM Trackers-Found,,,,,
CLIENT_X.com.qa,Essential cookies (exempt from consent),CLIENT_X - Qatar,HTTP Cookie,FPLC,,bench_update_duration,TRUE,https://www.CLIENT_X.com.tr/c-e/ho/cooking/airfryer-7000-serisi-xxl.html,Existing CM Trackers-Found,,,,,
www.CLIENT_X.rs,Essential cookies (exempt from consent),CLIENT_X - Serbia,HTTP Cookie,kampyleUserSession,,bench_update_duration,,,Existing CM Trackers-Not Found,,,,,
youtube.com,Targeted Advertising cookies (including social media),Google Advertising Products,HTTP Cookie,_ga_failed_lookup_marker_66_52,,180,,https://www.CLIENT_X.com.tr/healthcare/clinical-solutions/early-warning-scoring,New Third Party Trackers,,,,,
linkedin.com,Targeted Advertising cookies (including social media),LinkedIn,HTTP Cookie,bench_new_T2_13214,,365,TRUE,https://www.CLIENT_X.com.tr/c-e/ho/cooking/airfryer-7000-serisi-xxl.html,Existing CM Trackers-Found,,,,,
www.CLIENT_X.de,Essential cookies (exempt from consent),CLIENT_X - Germany,HTTP Cookie,ROUTE,,bench_update_duration,,https://www.CLIENT_X.com.tr/c-e/ho/cooking/elektrikli-akilli-duduklu-tencere-3000-serisi.html,New Third Party Trackers,,,,,
static.iadvize.com,Performance cookies,iAdvize,ETag,_ga_failed_lookup_marker_66_55,,,,,Existing CM Trackers-Not Found,,,,,
us-central1-addshoppers-data-production.cloudfunctions.net,Targeted Advertising Cookies (including social media) [Requires consent],Google Inc.,Beacon,-,,bench_update_duration,TRUE,https://www.CLIENT_X.com.tr/c-w/tuketici-urunleri-destek/support-contact-page.html,Existing CM Trackers-Found,,,,,
CLIENT_X.sa,Essential cookies (exempt from consent),CLIENT_X - Kingdom of Saudi Arabia,HTTP Cookie,s_vtime,,bench_update_duration,TRUE,https://www.CLIENT_X.com.tr/c-p/EP4441_50/4400-serisi-tam-otomatik-espresso-makinesi/destek,Existing CM Trackers-Found,,,,,
CLIENT_X.co.th,Essential cookies (exempt from consent),CLIENT_X - Thailand,HTTP Cookie,s_cm_direct,,bench_update_duration,,,Existing CM Trackers-Not Found,,,,,
CLIENT_X.at,Essential cookies (exempt from consent),CLIENT_X - Austria,HTTP Cookie,_scid_r,,89,TRUE,https://www.CLIENT_X.com.tr/shop/order-search/search-input,Existing CM Trackers-Found,,,,,
www.lighting.CLIENT_X.co.il,Essential cookies (exempt from consent),Signify (formerly CLIENT_X Lighting),HTTP Cookie,customer_country,,0,TRUE,https://www.CLIENT_X.com.tr/,Existing CM Trackers-Found,,,,,
adservice.google.com,Targeted Advertising cookies (including social media),Google Advertising Products,Beacon,bench_new_T2_13275,,,TRUE,https://www.CLIENT_X.com.tr/,Existing CM Trackers-Found,,,,,
CLIENT_X.ee,Essential cookies (exempt from consent),CLIENT_X - Republic of Estonia,HTTP Cookie,s_gnr,,session,TRUE,https://www.CLIENT_X.com.tr/,Existing CM Trackers-Found,,,,,
www.shop.CLIENT_X.lt,Essential cookies (exempt from consent),CLIENT_X - Lithuania,Local Storage,blank (local storage),,,,,Existing CM Trackers-Not Found,,,,,
display.ugc.bazaarvoice.com,Essential cookies (exempt from consent),Bazaarvoice,Local Storage,keys,,bench_update_duration,,,Existing CM Trackers-Not Found,,,,,
lighting.CLIENT_X.com.tr,Essential cookies,Signify (formerly CLIENT_X Lighting),HTTP Cookie,_ga_failed_lookup_marker_66_65,,,,,Existing CM Trackers-Not Found,,,,,
www.subscription.CLIENT_X.co.uk,Essential cookies (exempt from consent),CLIENT_X - United Kingdom,HTTP Cookie,fl_qualified_entry,,,,,Existing CM Trackers-Not Found,,,,,
guide-CLIENT_Xhealth.netlify.app,Targeted Advertising Cookies (including social media) [Requires consent],Netlify,Beacon,-,,bench_update_duration,,,Existing CM Trackers-Not Found,,,,,
CLIENT_X.cz,Essential cookies (exempt from consent),CLIENT_X - Czech Republic,HTTP Cookie,FPID,,,,,Existing CM Trackers-Not Found,,,,,
www.respirtech.com,Essential cookies (exempt from consent),RespirTech,HTTP Cookie,__attentive_ss_referrer,,,,,Existing CM Trackers-Not Found,,,,,
mcdn.retailrocket.net,Performance Cookies [Requires consent],Retail Rocket LLC,ETag,-,,,,,Existing CM Trackers-Not Found,,,,,
CLIENT_X.rs,Essential cookies (exempt from consent),CLIENT_X - Serbia,HTTP Cookie,at_check,,,,,Existing CM Trackers-Not Found,,,,,
www.CLIENT_X.com.my,Essential cookies (exempt from consent),CLIENT_X - Malaysia,HTTP Cookie,kampyleUserSessionsCount,,,,,Existing CM Trackers-Not Found,,,,,
CLIENT_X.com.tr,Essential cookies,CLIENT_X - Turkey,HTTP Cookie,bench_new_T2_13276,,400,TRUE,https://www.CLIENT_X.com.tr/,Existing CM Trackers-Found,,,,,
linkedin.com,Targeted Advertising cookies (including social media),LinkedIn,HTTP Cookie,bench_new_T2_13327,,365,TRUE,https://www.CLIENT_X.com.tr/c-e/ho/cooking/airfryer-7000-serisi-xxl.html,Existing CM Trackers-Found,,,,,
CLIENT_X.com.br,Essential cookies (exempt from consent),CLIENT_X - Brazil,HTTP Cookie,s_gnr,,,,,Existing CM Trackers-Not Found,,,,,
www.CLIENT_X.ru,Essential cookies (exempt from consent),CLIENT_X - Russia,HTTP Cookie,user_country,,bench_update_duration,TRUE,https://www.CLIENT_X.com.tr/a-w/about,Existing CM Trackers-Found,,,,,
CLIENT_X.com.tr,Essential cookies,CLIENT_X - Turkey,HTTP Cookie,_ga_failed_lookup_marker_66_77,,393,TRUE,https://www.CLIENT_X.com.tr/,Existing CM Trackers-Found,,,,,
CLIENT_X.nl,Essential cookies (exempt from consent),CLIENT_X - Netherlands,HTTP Cookie,TAsessionID,,bench_update_duration,,,Existing CM Trackers-Not Found,,,,,
CLIENT_X.com.pk,Essential cookies (exempt from consent),CLIENT_X - Pakistan,HTTP Cookie,_mkto_trk,,bench_update_duration,,,Existing CM Trackers-Not Found,,,,,
www.CLIENT_X.com.au,Essential cookies (exempt from consent),CLIENT_X - Australia,HTTP Cookie,CLIENT_X,,bench_update_duration,,,Existing CM Trackers-Not Found,,,,,
CLIENT_X.sa,Essential cookies (exempt from consent),CLIENT_X - Kingdom of Saudi Arabia,HTTP Cookie,coveo_visitorId,,bench_update_duration,,,Existing CM Trackers-Not Found,,,,,
www.lighting.CLIENT_X.com.ar,Essential cookies (exempt from consent),Signify (formerly CLIENT_X Lighting),HTTP Cookie,customer_country,,bench_update_duration,,,Existing CM Trackers-Not Found,,,,,
CLIENT_X.es,Essential cookies (exempt from consent),CLIENT_X - Spain,HTTP Cookie,TEST_AMCV_COOKIE,,,,,Existing CM Trackers-Not Found,,,,,
www.tienda.CLIENT_X.com.mx,Essential cookies (exempt from consent),CLIENT_X - Mexico,HTTP Cookie,vtex_segment,,bench_update_duration,TRUE,https://www.CLIENT_X.com.tr/,Existing CM Trackers-Found,,,,,
www.tienda.CLIENT_X.cl,Essential cookies (exempt from consent),CLIENT_X - Chile,ETag,blank (etag),,bench_update_duration,,https://www.CLIENT_X.com.tr/healthcare,Existing CM Trackers-Found,,,,,
*.mktoweb.com,Targeted Advertising cookies (including social media),Marketo,JavaScript,_ga_failed_lookup_marker_66_86,,,,,Existing CM Trackers-Not Found,,,,,
CLIENT_X.ee,Essential cookies (exempt from consent),CLIENT_X - Republic of Estonia,HTTP Cookie,at_check,,bench_update_duration,TRUE,https://www.CLIENT_X.com.tr/c-e/ho/cooking/airfryer-7000-serisi-xxl.html,Existing CM Trackers-Found,,,,,
CLIENT_X.fr,Essential cookies (exempt from consent),CLIENT_X - France,HTTP Cookie,s_pv,,bench_update_duration,,,Existing CM Trackers-Not Found,,,,,
www.reparatur-service.CLIENT_X.at,Essential cookies (exempt from consent),CLIENT_X - Austria,JavaScript,blank (java),,89,TRUE,https://www.CLIENT_X.com.tr/,Existing CM Trackers-Found,,,,,
www.CLIENT_X.fr,Essential cookies (exempt from consent),CLIENT_X - France,HTTP Cookie,kampylePageLoadedTimestamp,,bench_update_duration,TRUE,https://www.CLIENT_X.com.tr/,Existing CM Trackers-Found,,,,,
XXXXXXXXXXXXXXXXXXXXXXXXXXXXXXXXXXXXXXXXXXXXXXXXXXXXXXXX.e.aa.online-metrix.net,Targeted Advertising Cookies (including social media) [Requires consent],LexisNexis Risk Solutions (formerly ThreatMetrix),Beacon,-,,bench_update_duration,TRUE,https://www.CLIENT_X.com.tr/c-p/AMF870_15/air-performer-8000-serisi-3-1-arada-hava-temizleyici-fan-ve-isitici,Existing CM Trackers-Found,,,,,
idash.ifcshop.net,Targeted Advertising Cookies (including social media) [Requires consent],Unknown,Beacon,-,,,TRUE,https://www.CLIENT_X.com.tr/c-e/ho/cooking/airfryer-7000-serisi-xxl.html,Existing CM Trackers-Found,,,,,
www.shop.CLIENT_X.ee,Essential cookies (exempt from consent),CLIENT_X - Republic of Estonia,HTTP Cookie,woocommerce_cart_hash,,bench_update_duration,TRUE,https://www.CLIENT_X.com.tr/c-p/AMF870_15/air-performer-8000-serisi-3-1-arada-hava-temizleyici-fan-ve-isitici,Existing CM Trackers-Found,,,,,
CLIENT_X.com.tw,Essential cookies (exempt from consent),CLIENT_X - Taiwan,HTTP Cookie,s_eVar44,,,,https://www.CLIENT_X.com.tr/c-p/SPT6607B_62/6000-series-kablosuz-klavye-fare-seti,New Third Party Trackers,,,,,
www.CLIENT_X.co.il,Essential cookies (exempt from consent),CLIENT_X - Israel,HTTP Cookie,_scid_r,,,TRUE,https://www.CLIENT_X.com.tr/a-w/about,Existing CM Trackers-Found,,,,,
*.mktoweb.com,Targeted Advertising cookies (including social media),Marketo,JavaScript,bench_new_T2_13386,,,,,Existing CM Trackers-Not Found,,,,,
lighting.CLIENT_X.ie,Essential cookies (exempt from consent),Signify (formerly CLIENT_X Lighting),HTTP Cookie,_mkto_trk,,,TRUE,https://www.CLIENT_X.com.tr/,Existing CM Trackers-Found,,,,,
tag.demandbase.com,Targeted Advertising cookies (including social media),"Demandbase, Inc.",ETag,_ga_failed_lookup_marker_66_98,,,TRUE,https://www.CLIENT_X.com.tr/a-w/about,Existing CM Trackers-Found,,,,,
CLIENT_X.com.co,Essential cookies (exempt from consent),CLIENT_X - Colombia,HTTP Cookie,_scid,,bench_update_duration,TRUE,https://www.CLIENT_X.com.tr/a-w/about,Existing CM Trackers-Found,,,,,
www.lighting.CLIENT_X.co.za,Essential cookies (exempt from consent),Signify (formerly CLIENT_X Lighting),HTTP Cookie,ltc_cf,,,TRUE,https://www.CLIENT_X.com.tr/c-e/ho/cooking/airfryer-7000-serisi-xxl.html,Existing CM Trackers-Found,,,,,
CLIENT_X.com.hk,Essential cookies (exempt from consent),CLIENT_X - Hong Kong,HTTP Cookie,_scid,,90,TRUE,https://www.CLIENT_X.com.tr/,Existing CM Trackers-Found,,,,,
CLIENT_X.ng,Essential cookies (exempt from consent),CLIENT_X - Nigeria,HTTP Cookie,_ttp,,,TRUE,https://www.CLIENT_X.com.tr/c-p/AC3033_10/3000i-series-hava-temizleyici,Existing CM Trackers-Found,,,,,
stg.CLIENT_X.ro,Essential cookies (exempt from consent),CLIENT_X - Romania,HTTP Cookie,shop-health,,,,,Existing CM Trackers-Not Found,,,,,
www.CLIENT_X.co.kr,Essential cookies (exempt from consent),CLIENT_X - Korea,HTTP Cookie,p-gc35,,bench_update_duration,TRUE,https://www.CLIENT_X.com.tr/c-e/ho/cooking/airfryer-7000-serisi-xxl.html,Existing CM Trackers-Found,,,,,
netdna.bootstrapcdn.com,Targeted Advertising Cookies (including social media) [Requires consent],Bootstrap CDN,JavaScript,-,,,,https://www.CLIENT_X.com.tr/healthcare,New Third Party Trackers,,,,,
CLIENT_X.hu,Essential cookies (exempt from consent),CLIENT_X - Hungary,HTTP Cookie,s_tid,,bench_update_duration,TRUE,https://www.CLIENT_X.com.tr/,Existing CM Trackers-Found,,,,,
supurgesepeti.com,Essential cookies,Supurgesepeti.com,HTTP Cookie,bench_new_T2_13363,,,,,Existing CM Trackers-Not Found,,,,,
www.lighting.CLIENT_X.nl,Essential cookies (exempt from consent),Signify (formerly CLIENT_X Lighting),HTTP Cookie,customer_country,,,TRUE,https://www.CLIENT_X.com.tr/c-e/ho/ironing/azur-8000-series,Existing CM Trackers-Found,,,,,
www.CLIENT_X.com.tr,Essential cookies,CLIENT_X - Turkey,HTTP Cookie,bench_new_T2_13228,,400,TRUE,https://www.CLIENT_X.com.tr/c-p/AMF870_15/air-performer-8000-serisi-3-1-arada-hava-temizleyici-fan-ve-isitici,Existing CM Trackers-Found,,,,,
visitor.omnitagjs.com,Targeted Advertising Cookies (including social media) [Requires consent],ADYOULIKE SA,Beacon,-,,,,,Existing CM Trackers-Not Found,,,,,
igt-interactive-tour.com,Essential cookies (exempt from consent),Koninklijke CLIENT_X N.V.,HTTP Cookie,s_nrpv,,bench_update_duration,TRUE,https://www.CLIENT_X.com.tr/a-w/about,Existing CM Trackers-Found,,,,,
www.shop.CLIENT_X.co.in,Essential cookies (exempt from consent),CLIENT_X - India,HTTP Cookie,_clsk,,365,TRUE,https://www.CLIENT_X.com.tr/c-p/AMF870_15/air-performer-8000-serisi-3-1-arada-hava-temizleyici-fan-ve-isitici,Existing CM Trackers-Found,,,,,
CLIENT_X.com.kw,Essential cookies (exempt from consent),CLIENT_X - Kuwait,HTTP Cookie,da_intState,,bench_update_duration,,,Existing CM Trackers-Not Found,,,,,
secure.p01.eloqua.com,Performance Cookies [Requires consent],Oracle Marketing,JavaScript,-,,bench_update_duration,TRUE,https://www.CLIENT_X.com.tr/c-e/ho/cooking/airfryer-7000-serisi-xxl.html,Existing CM Trackers-Found,,,,,
www.CLIENT_X.sa,Essential cookies (exempt from consent),CLIENT_X - Kingdom of Saudi Arabia,HTTP Cookie,eddl_gtm_qe_session_start_6523424625,,bench_update_duration,,,Existing CM Trackers-Not Found,,,,,
CLIENT_X.co.kr,Essential cookies (exempt from consent),CLIENT_X - Korea,HTTP Cookie,_ga,,bench_update_duration,TRUE,https://www.CLIENT_X.com.tr/c-w/tuketici-urunleri-destek/support-contact-page.html,Existing CM Trackers-Found,,,,,
CLIENT_X.com.au,Essential cookies (exempt from consent),CLIENT_X - Australia,HTTP Cookie,_scid,,0,,,Existing CM Trackers-Not Found,,,,,
www.mriclinicalcasemap.CLIENT_X.com,Essential cookies (exempt from consent),Koninklijke CLIENT_X N.V.,HTTP Cookie,eddl_gtm_qe_session_start_6523424625,,bench_update_duration,TRUE,https://www.CLIENT_X.com.tr/,Existing CM Trackers-Found,,,,,
www.assets.lighting.CLIENT_X.com,Performance cookies,Signify (formerly CLIENT_X Lighting),ETag,_ga_failed_lookup_marker_66_119,,,,,Existing CM Trackers-Not Found,,,,,
www.CLIENT_X.com.tr,Essential cookies,CLIENT_X - Turkey,HTTP Cookie,bench_new_T2_13271,,,,,Existing CM Trackers-Not Found,,,,,
www.dictation.CLIENT_X.com,Essential cookies (exempt from consent),Koninklijke CLIENT_X N.V.,Beacon,blank (beacon),,bench_update_duration,,,Existing CM Trackers-Not Found,,,,,
www.CLIENT_X.be,Essential cookies (exempt from consent),CLIENT_X - Belgium,HTTP Cookie,BE_Pub-cart-com,,0,TRUE,https://www.CLIENT_X.com.tr/a-w/about,Existing CM Trackers-Found,,,,,
www.CLIENT_X.be,Essential cookies (exempt from consent),CLIENT_X - Belgium,HTTP Cookie,T01-recentlyViewedProducts,,bench_update_duration,,,Existing CM Trackers-Not Found,,,,,
www.CLIENT_X.com.tr,Essential cookies,CLIENT_X - Turkey,HTTP Cookie,bench_new_T2_13240,,365,TRUE,https://www.CLIENT_X.com.tr/c-p/AMF870_15/air-performer-8000-serisi-3-1-arada-hava-temizleyici-fan-ve-isitici,Existing CM Trackers-Found,,,,,
smetrics.marketing.lighting.CLIENT_X.co.za,Essential cookies (exempt from consent),CLIENT_X - South Africa,JavaScript,blank (java),,,,,Existing CM Trackers-Not Found,,,,,
www.CLIENT_X.com.sg,Essential cookies (exempt from consent),CLIENT_X - Singapore,HTTP Cookie,kampyleSessionPageCounter,,,TRUE,https://www.CLIENT_X.com.tr/c-e/ho/cooking/airfryer-7000-serisi-xxl.html,Existing CM Trackers-Found,,,,,
www.saude.CLIENT_X.com.br,Essential cookies (exempt from consent),CLIENT_X - Brazil,JavaScript,blank (java),,,TRUE,https://www.CLIENT_X.com.tr/a-w/about-CLIENT_X/sustainability.html,Existing CM Trackers-Found,,,,,
www.CLIENT_X.co.za,Essential cookies (exempt from consent),CLIENT_X - South Africa,HTTP Cookie,mdLogger,,bench_update_duration,,,Existing CM Trackers-Not Found,,,,,
www.CLIENT_X.com.ar,Essential cookies (exempt from consent),CLIENT_X - Argentina,HTTP Cookie,liveagent_vc,,bench_update_duration,TRUE,https://www.CLIENT_X.com.tr/,Existing CM Trackers-Found,,,,,
www.google.com,Essential cookies,Google Inc.,HTTP Cookie,bench_new_T2_13309,,180,TRUE,https://www.CLIENT_X.com.tr/c-e/welcome?mag=F02&origin=20_tr_tr_mylumea_app,Existing CM Trackers-Found,,,,,
tracker-detail-page.trustarc.com,Essential cookies,TrustArc,JavaScript,bench_new_T2_13395,,,,https://www.CLIENT_X.com.tr/a-w/tanimlama-bilgileri-politikasi,New Third Party Trackers,,,,,
CLIENT_X.lv,Essential cookies (exempt from consent),CLIENT_X - Latvia,HTTP Cookie,_fbp,,bench_update_duration,TRUE,https://www.CLIENT_X.com.tr/c-p/AMF870_15/air-performer-8000-serisi-3-1-arada-hava-temizleyici-fan-ve-isitici,Existing CM Trackers-Found,,,,,
CLIENT_X.com.hk,Essential cookies (exempt from consent),CLIENT_X - Hong Kong,HTTP Cookie,_mkto_trk,,bench_update_duration,,,Existing CM Trackers-Not Found,,,,,
CLIENT_X.com.tr,Essential cookies,CLIENT_X - Turkey,HTTP Cookie,bench_new_T2_13374,,0,TRUE,https://www.CLIENT_X.com.tr/,Existing CM Trackers-Found,,,,,
report.23video.com,Performance Cookies [Requires consent],TwentyThree,JavaScript,-,,,,https://www.CLIENT_X.com.tr/a-w/about,New Third Party Trackers,,,,,
www.CLIENT_X.ro,Essential cookies (exempt from consent),CLIENT_X - Romania,HTTP Cookie,_sdsat_pgm_sh_alloc,,session,TRUE,https://www.CLIENT_X.com.tr/,Existing CM Trackers-Found,,,,,
CLIENT_X.es,Essential cookies (exempt from consent),CLIENT_X - Spain,HTTP Cookie,TAsessionID,,bench_update_duration,,,Existing CM Trackers-Not Found,,,,,
checkout-ui.prod.ticimax.net,Performance cookies,Ticimax,ETag,_ga_failed_lookup_marker_66_138,,,,,Existing CM Trackers-Not Found,,,,,
www.patientcare.shop.CLIENT_X.com.sg,Essential cookies (exempt from consent),CLIENT_X - Singapore,HTTP Cookie,isBrowserPopUp,,,,,Existing CM Trackers-Not Found,,,,,
CLIENT_X.ee,Essential cookies (exempt from consent),CLIENT_X - Republic of Estonia,HTTP Cookie,_scid,,bench_update_duration,,,Existing CM Trackers-Not Found,,,,,
consent.trustarc.com,Essential cookies,TrustArc,Beacon,_ga_failed_lookup_marker_66_141,,,TRUE,https://www.CLIENT_X.com.tr/,Existing CM Trackers-Found,,,,,
CLIENT_X.com.br,Essential cookies (exempt from consent),CLIENT_X - Brazil,HTTP Cookie,_tt_enable_cookie,,,TRUE,https://www.CLIENT_X.com.tr/healthcare/product/HCNOCTN424PACS,Existing CM Trackers-Found,,,,,
www.respirtech.com,Essential cookies (exempt from consent),RespirTech,HTTP Cookie,__attentive_cco,,bench_update_duration,,,Existing CM Trackers-Not Found,,,,,
acc.usa.CLIENT_X.com,Essential cookies (exempt from consent),Koninklijke CLIENT_X N.V.,HTTP Cookie,AWSELB,,bench_update_duration,TRUE,https://www.CLIENT_X.com.tr/a-w/about,Existing CM Trackers-Found,,,,,
checkout-ui.prod.ticimax.net,Performance cookies,Ticimax,JavaScript,_ga_failed_lookup_marker_66_145,,,,,Existing CM Trackers-Not Found,,,,,
www.lighting.CLIENT_X.nl,Essential cookies (exempt from consent),Signify (formerly CLIENT_X Lighting),JavaScript,blank (java),,,,,Existing CM Trackers-Not Found,,,,,
lighting.CLIENT_X.com.tr,Essential cookies,Signify (formerly CLIENT_X Lighting),HTTP Cookie,_ga_failed_lookup_marker_66_147,,,,,Existing CM Trackers-Not Found,,,,,
*.t.eloqua.com,Performance cookies,Oracle Marketing,Beacon,_ga_failed_lookup_marker_66_148,,,,https://www.CLIENT_X.com.tr/healthcare,New Third Party Trackers,,,,,
CLIENT_X.com.vn,Essential cookies (exempt from consent),CLIENT_X - Vietnam,HTTP Cookie,_mkto_trk,,bench_update_duration,,,Existing CM Trackers-Not Found,,,,,
CLIENT_X.com.tr,Targeted Advertising cookies (including social media),CLIENT_X - Turkey,HTTP Cookie,bench_new_T2_13263,,7,TRUE,https://www.CLIENT_X.com.tr/,Existing CM Trackers-Found,,,,,
CLIENT_X.ro,Essential cookies (exempt from consent),CLIENT_X - Romania,HTTP Cookie,TEST_AMCV_COOKIE,,bench_update_duration,,,Existing CM Trackers-Not Found,,,,,
www.lighting.CLIENT_X.com.br,Essential cookies (exempt from consent),Signify (formerly CLIENT_X Lighting),Local Storage,blank (local storage),,,,,Existing CM Trackers-Not Found,,,,,
CLIENT_X.com.tr,Targeted Advertising cookies (including social media),CLIENT_X - Turkey,HTTP Cookie,_ga_failed_lookup_marker_66_153,,,,,Existing CM Trackers-Not Found,,,,,
www.CLIENT_X.com.pk,Essential cookies (exempt from consent),CLIENT_X - Pakistan,HTTP Cookie,kampyleUserPercentile,,393,TRUE,https://www.CLIENT_X.com.tr/,Existing CM Trackers-Found,,,,,
cdn.speedcurve.com,Performance cookies,Speedcurve,JavaScript,_ga_failed_lookup_marker_66_155,,,,https://www.CLIENT_X.com.tr/,New Third Party Trackers,,,,,
www.lighting.CLIENT_X.co.kr,Essential cookies (exempt from consent),Signify (formerly CLIENT_X Lighting),Local Storage,blank (local storage),,,,,Existing CM Trackers-Not Found,,,,,
CLIENT_X.si,Essential cookies (exempt from consent),CLIENT_X - Slovenia,HTTP Cookie,s_cm_direct,,,,,Existing CM Trackers-Not Found,,,,,
www.CLIENT_X.sa,Essential cookies (exempt from consent),CLIENT_X - Kingdom of Saudi Arabia,HTTP Cookie,_y2,,bench_update_duration,TRUE,https://www.CLIENT_X.com.tr/healthcare/about/distributors,Existing CM Trackers-Found,,,,,
www.tienda.CLIENT_X.cl,Essential cookies (exempt from consent),CLIENT_X - Chile,Local Storage,blank (local storage),,,,,Existing CM Trackers-Not Found,,,,,
www.CLIENT_X.ua,Essential cookies (exempt from consent),CLIENT_X - Ukraine,JavaScript,blank (java),,,,https://www.CLIENT_X.com.tr/a-w/tanimlama-bilgileri-politikasi,New Third Party Trackers,,,,,
CLIENT_X.nl,Essential cookies (exempt from consent),CLIENT_X - Netherlands,HTTP Cookie,s_gnr,,session,,https://www.CLIENT_X.com.tr/c-f/XC000021443/CLIENT_X-vantilat%C3%B6r%C3%BCm-sal%C4%B1n%C4%B1m-yaparken-al%C4%B1%C5%9F%C4%B1lmad%C4%B1k-bir-ses-%C3%A7%C4%B1kar%C4%B1yor,New Third Party Trackers,,,,,
www.docs.lighting.CLIENT_X.com,Performance Cookies [Requires consent],Signify (formerly CLIENT_X Lighting),JavaScript,-,,90,TRUE,https://www.CLIENT_X.com.tr/a-w/about,Existing CM Trackers-Found,,,,,
www.dictation.CLIENT_X.com,Essential cookies (exempt from consent),Koninklijke CLIENT_X N.V.,JavaScript,blank (java),,bench_update_duration,,,Existing CM Trackers-Not Found,,,,,
CLIENT_X.com,Essential cookies (exempt from consent),Koninklijke CLIENT_X N.V.,HTTP Cookie,_gcl_au,,bench_update_duration,TRUE,https://www.CLIENT_X.com.tr/healthcare/product/HCNOCTN424PACS,Existing CM Trackers-Found,,,,,
www.CLIENT_X.co.in,Essential cookies (exempt from consent),CLIENT_X - India,HTTP Cookie,user_country,,,,,Existing CM Trackers-Not Found,,,,,
analytics.tiktok.com,Targeted Advertising cookies (including social media),TikTok,Beacon,bench_new_T2_13246,,,TRUE,https://www.CLIENT_X.com.tr/,Existing CM Trackers-Found,,,,,
CLIENT_X.co.ke,Essential cookies (exempt from consent),CLIENT_X - Kenya,HTTP Cookie,s_ugv,,bench_update_duration,TRUE,https://www.CLIENT_X.com.tr/healthcare/product/HCNOCTN424PACS,Existing CM Trackers-Found,,,,,
*.fls.doubleclick.net,Targeted Advertising cookies (including social media),Google Advertising Products,Beacon,bench_new_T2_13258,,,,,Existing CM Trackers-Not Found,,,,,
CLIENT_X.it,Essential cookies (exempt from consent),CLIENT_X - Italy,HTTP Cookie,_gdXXX,,session,,,Existing CM Trackers-Not Found,,,,,
static.cloudflareinsights.com,Performance cookies,Cloudflare,JavaScript,_ga_failed_lookup_marker_66_170,,,,,Existing CM Trackers-Not Found,,,,,
www.CLIENT_X.fr,Essential cookies (exempt from consent),CLIENT_X - France,HTTP Cookie,_sdsat_pgm_optin,,,,,Existing CM Trackers-Not Found,,,,,
CLIENT_X.gr,Essential cookies (exempt from consent),CLIENT_X - Greece,HTTP Cookie,da_sid,,bench_update_duration,TRUE,https://www.CLIENT_X.com.tr/a-w/about/news/all-news.html,Existing CM Trackers-Found,,,,,
CLIENT_X.co.jp,Essential cookies (exempt from consent),CLIENT_X Electronics Corporation Japan,HTTP Cookie,s_eVar44,,400,TRUE,https://www.CLIENT_X.com.tr/c-p/AMF870_15/air-performer-8000-serisi-3-1-arada-hava-temizleyici-fan-ve-isitici,Existing CM Trackers-Found,,,,,
CLIENT_X.rs,Essential cookies (exempt from consent),CLIENT_X - Serbia,HTTP Cookie,mbox,,,,,Existing CM Trackers-Not Found,,,,,
lighting.CLIENT_X.com.tr,Essential cookies,Signify (formerly CLIENT_X Lighting),HTTP Cookie,_ga_failed_lookup_marker_66_175,,,,,Existing CM Trackers-Not Found,,,,,
custom.yieldify.com,Targeted Advertising cookies (including social media),Yieldify,JavaScript,_ga_failed_lookup_marker_66_176,,,,,Existing CM Trackers-Not Found,,,,,
CLIENT_X.com.tr,Essential cookies,CLIENT_X - Turkey,HTTP Cookie,_ga_failed_lookup_marker_66_177,,365,,https://www.CLIENT_X.com.tr/,New First Party Trackers,,,,,
www.CLIENT_X.hu,Essential cookies (exempt from consent),CLIENT_X - Hungary,HTTP Cookie,kampylePageLoadedTimestamp,,bench_update_duration,,https://www.CLIENT_X.com.tr/,New Third Party Trackers,,,,,
www.lighting.CLIENT_X.com.tr,Essential cookies,Signify (formerly CLIENT_X Lighting),HTTP Cookie,_ga_failed_lookup_marker_66_179,,,,,Existing CM Trackers-Not Found,,,,,
CLIENT_X.co.il,Essential cookies (exempt from consent),CLIENT_X - Israel,HTTP Cookie,FPLC,,bench_update_duration,,,Existing CM Trackers-Not Found,,,,,
www.CLIENT_X.co.jp,Essential cookies (exempt from consent),CLIENT_X Electronics Corporation Japan,HTTP Cookie,kampylePageLoadedTimestamp,,bench_update_duration,,,Existing CM Trackers-Not Found,,,,,
www.lighting.CLIENT_X.co.ke,Essential cookies (exempt from consent),Signify (formerly CLIENT_X Lighting),HTTP Cookie,s_mc,,,,,Existing CM Trackers-Not Found,,,,,
www.lighting.CLIENT_X.lt,Essential cookies (exempt from consent),Signify (formerly CLIENT_X Lighting),HTTP Cookie,customer_language_accept,,,,,Existing CM Trackers-Not Found,,,,,
cm.mgid.com,Targeted Advertising Cookies (including social media) [Requires consent],MGID Inc.,Beacon,-,,bench_update_duration,,https://www.CLIENT_X.com.tr/,New First Party Trackers,,,,,
lighting.CLIENT_X.co.nz,Essential cookies (exempt from consent),Signify (formerly CLIENT_X Lighting),HTTP Cookie,aam_uuid,,session,TRUE,https://www.CLIENT_X.com.tr/c-p/AMF870_15/air-performer-8000-serisi-3-1-arada-hava-temizleyici-fan-ve-isitici,Existing CM Trackers-Found,,,,,
www.CLIENT_X.com.tr,Essential cookies (exempt from consent),CLIENT_X - Turkey,HTTP Cookie,eddl_itc_list,,0,TRUE,https://www.CLIENT_X.com.tr/,Existing CM Trackers-Found,,,,,
CLIENT_X.co.th,Essential cookies (exempt from consent),CLIENT_X - Thailand,HTTP Cookie,_gcl_au,,session,TRUE,https://www.CLIENT_X.com.tr/c-p/AMF870_15/air-performer-8000-serisi-3-1-arada-hava-temizleyici-fan-ve-isitici,Existing CM Trackers-Found,,,,,
www.CLIENT_X.ee,Essential cookies (exempt from consent),CLIENT_X - Republic of Estonia,HTTP Cookie,kampyle_userid,,90,TRUE,https://www.CLIENT_X.com.tr/,Existing CM Trackers-Found,,,,,
www.CLIENT_X.fi,Essential cookies (exempt from consent),CLIENT_X - Finland,HTTP Cookie,shop-health,,,,,Existing CM Trackers-Not Found,,,,,
cdn.cookiehub.eu,Targeted Advertising Cookies (including social media) [Requires consent],CookieHub,JavaScript,-,,bench_update_duration,,,Existing CM Trackers-Not Found,,,,,
CLIENT_X.com.ar,Essential cookies (exempt from consent),CLIENT_X - Argentina,HTTP Cookie,TAsessionID,,bench_update_duration,TRUE,https://www.CLIENT_X.com.tr/,Existing CM Trackers-Found,,,,,
www.lighting.CLIENT_X.ru,Essential cookies (exempt from consent),Signify (formerly CLIENT_X Lighting),HTTP Cookie,ltc_cf,,bench_update_duration,TRUE,https://www.CLIENT_X.com.tr/c-e/ho/cooking/airfryer-7000-serisi-xxl.html,Existing CM Trackers-Found,,,,,
www.CLIENT_X.com.ar,Essential cookies (exempt from consent),CLIENT_X - Argentina,HTTP Cookie,p-hc-specialty,,729,,https://www.CLIENT_X.com.tr/healthcare/clinical-solutions/early-warning-scoring,New Third Party Trackers,,,,,
www.patientcare.shop.CLIENT_X.com.sg,Essential cookies (exempt from consent),CLIENT_X - Singapore,HTTP Cookie,ROUTE,,bench_update_duration,TRUE,https://www.CLIENT_X.com.tr/,Existing CM Trackers-Found,,,,,
CLIENT_X.co.jp,Essential cookies (exempt from consent),CLIENT_X Electronics Corporation Japan,HTTP Cookie,FPLC,,bench_update_duration,,https://www.CLIENT_X.com.tr/c-p/SPT6607B_62/6000-series-kablosuz-klavye-fare-seti,Existing CM Trackers-Found,,,,,
www.store-CLIENT_X.tw,Essential cookies (exempt from consent),CLIENT_X Store - Taiwan,HTTP Cookie,_gcl_au,,bench_update_duration,,https://www.CLIENT_X.com.tr/a-w/about-CLIENT_X/bilgi-toplumu-hizmetleri.html,New Third Party Trackers,,,,,
www.CLIENT_X.co.il,Essential cookies (exempt from consent),CLIENT_X - Israel,HTTP Cookie,mdLogger,,,,,Existing CM Trackers-Not Found,,,,,
www.lighting.CLIENT_X.com.br,Essential cookies (exempt from consent),Signify (formerly CLIENT_X Lighting),JavaScript,blank (java),,bench_update_duration,TRUE,https://www.CLIENT_X.com.tr/c-f/XC000004909/CLIENT_X-epilat%C3%B6r-cihaz%C4%B1m%C4%B1n-aparatlar%C4%B1-nas%C4%B1l-kullan%C4%B1l%C4%B1r,Existing CM Trackers-Found,,,,,
www.CLIENT_X.gr,Essential cookies (exempt from consent),CLIENT_X - Greece,HTTP Cookie,kampyleSessionPageCounter,,bench_update_duration,,,Existing CM Trackers-Not Found,,,,,
www.CLIENT_X.co.uk,Essential cookies (exempt from consent),CLIENT_X - United Kingdom,HTTP Cookie,notice_settings,,,TRUE,https://www.CLIENT_X.com.tr/shop/order-search/search-input,Existing CM Trackers-Found,,,,,
www.CLIENT_X.ch,Essential cookies (exempt from consent),CLIENT_X - Switzerland,HTTP Cookie,AWSELB,,0,TRUE,https://www.CLIENT_X.com.tr/,Existing CM Trackers-Found,,,,,
www.lighting.CLIENT_X.cz,Essential cookies (exempt from consent),Signify (formerly CLIENT_X Lighting),Local Storage,blank (local storage),,393,TRUE,https://www.CLIENT_X.com.tr/,Existing CM Trackers-Found,,,,,
CLIENT_X.com.au,Essential cookies (exempt from consent),CLIENT_X - Australia,HTTP Cookie,test,,bench_update_duration,TRUE,https://www.CLIENT_X.com.tr/a-w/about,Existing CM Trackers-Found,,,,,
www.CLIENT_X.co.ke,Essential cookies (exempt from consent),CLIENT_X - Kenya,HTTP Cookie,kampyleUserPercentile,,bench_update_duration,,,Existing CM Trackers-Not Found,,,,,
CLIENT_X.cz,Essential cookies (exempt from consent),CLIENT_X - Czech Republic,HTTP Cookie,s_ugv,,,,,Existing CM Trackers-Not Found,,,,,
www.CLIENT_X.nl,Essential cookies (exempt from consent),CLIENT_X - Netherlands,HTTP Cookie,ws-active-shop,,,,,Existing CM Trackers-Not Found,,,,,
imgs.signifyd.com,Essential cookies,Signifyd,Beacon,bench_new_T2_13254,,,TRUE,https://www.CLIENT_X.com.tr/,Existing CM Trackers-Found,,,,,
www.subscriptions.CLIENT_X.de,Essential cookies (exempt from consent),CLIENT_X - Germany,HTTP Cookie,fl_qualified_entry,,bench_update_duration,,,Existing CM Trackers-Not Found,,,,,
www.CLIENT_X.ie,Essential cookies (exempt from consent),CLIENT_X - Ireland,Local Storage,blank (local storage),,bench_update_duration,,,Existing CM Trackers-Not Found,,,,,
www.lighting.CLIENT_X.ru,Essential cookies (exempt from consent),Signify (formerly CLIENT_X Lighting),Local Storage,blank (local storage),,,TRUE,https://www.CLIENT_X.com.tr/,Existing CM Trackers-Found,,,,,
www.lighting.CLIENT_X.com.mx,Essential cookies (exempt from consent),Signify (formerly CLIENT_X Lighting),HTTP Cookie,d01-layout,,bench_update_duration,,,Existing CM Trackers-Not Found,,,,,
CLIENT_X.ae,Essential cookies (exempt from consent),CLIENT_X - Middle East Arab,HTTP Cookie,test,,0,TRUE,https://www.CLIENT_X.com.tr/,Existing CM Trackers-Found,,,,,
CLIENT_X.lt,Essential cookies (exempt from consent),CLIENT_X - Lithuania,HTTP Cookie,s_vtime,,,TRUE,https://www.CLIENT_X.com.tr/,Existing CM Trackers-Found,,,,,
lighting.CLIENT_X.com.my,Essential cookies (exempt from consent),Signify (formerly CLIENT_X Lighting),HTTP Cookie,s_vs,,session,TRUE,https://www.CLIENT_X.com.tr/,Existing CM Trackers-Found,,,,,
www.lighting.CLIENT_X.no,Essential cookies (exempt from consent),Signify (formerly CLIENT_X Lighting),Local Storage,blank (local storage),,,,,Existing CM Trackers-Not Found,,,,,
www.CLIENT_X.ca,Essential cookies (exempt from consent),CLIENT_X - Canada,HTTP Cookie,CA_Pub-cartstatus-com,,bench_update_duration,,,Existing CM Trackers-Not Found,,,,,
www.CLIENT_X.cl,Essential cookies (exempt from consent),CLIENT_X - Chile,HTTP Cookie,user_country,,365,TRUE,https://www.CLIENT_X.com.tr/c-e/ho/cooking/airfryer-7000-serisi-xxl.html,Existing CM Trackers-Found,,,,,
tst.CLIENT_X.si,Essential cookies (exempt from consent),CLIENT_X - Slovenia,JavaScript,blank (java),,,,,Existing CM Trackers-Not Found,,,,,
CLIENT_X.com.tr,Essential cookies,CLIENT_X - Turkey,HTTP Cookie,bench_new_T2_13306,,400,TRUE,https://www.CLIENT_X.com.tr/,Existing CM Trackers-Found,,,,,
www.careers.CLIENT_X.com.cn,Essential cookies (exempt from consent),CLIENT_X - China,HTTP Cookie,Campaign,,,,,Existing CM Trackers-Not Found,,,,,
CLIENT_X.co.ke,Essential cookies (exempt from consent),CLIENT_X - Kenya,HTTP Cookie,zScalerUser,,,,,Existing CM Trackers-Not Found,,,,,
CLIENT_X.ie,Essential cookies (exempt from consent),CLIENT_X - Ireland,HTTP Cookie,s_cc,,,,https://www.CLIENT_X.com.tr/c-w/tuketici-urunleri-destek/support-contact-page.html,New Third Party Trackers,,,,,
www.CLIENT_X.com.gh,Essential cookies (exempt from consent),CLIENT_X - Ghana,HTTP Cookie,kampyle_userid,,bench_update_duration,TRUE,https://www.CLIENT_X.com.tr/c-p/AC3033_10/3000i-series-hava-temizleyici,Existing CM Trackers-Found,,,,,
www.CLIENT_X.be,Essential cookies (exempt from consent),CLIENT_X - Belgium,HTTP Cookie,ROUTE,,729,,https://www.CLIENT_X.com.tr/c-p/SPT6607B_62/6000-series-kablosuz-klavye-fare-seti,Existing CM Trackers-Found,,,,,
www.CLIENT_X.com.pe,Essential cookies (exempt from consent),CLIENT_X - Peru,HTTP Cookie,_scid_r,,bench_update_duration,,,Existing CM Trackers-Not Found,,,,,
CLIENT_X.ro,Essential cookies (exempt from consent),CLIENT_X - Romania,HTTP Cookie,iadvize_test_cookie_top_domain,,bench_update_duration,TRUE,https://www.CLIENT_X.com.tr/c-e/ho/cooking/airfryer-7000-serisi-xxl.html,Existing CM Trackers-Found,,,,,
lighting.CLIENT_X.co.id,Essential cookies (exempt from consent),Signify (formerly CLIENT_X Lighting),HTTP Cookie,s_pv,,bench_update_duration,,,Existing CM Trackers-Not Found,,,,,
CLIENT_X.ie,Essential cookies (exempt from consent),CLIENT_X - Ireland,HTTP Cookie,li_cm_prefs_session,,bench_update_duration,,,Existing CM Trackers-Not Found,,,,,
CLIENT_X.pl,Essential cookies (exempt from consent),CLIENT_X - Poland,HTTP Cookie,s_eVar44,,,,,Existing CM Trackers-Not Found,,,,,
static.ticimax.cloud,Performance cookies,Ticimax,ETag,_ga_failed_lookup_marker_66_230,,,,,Existing CM Trackers-Not Found,,,,,
CLIENT_X.com.eg,Essential cookies (exempt from consent),CLIENT_X - Egypt,HTTP Cookie,_schn2,,bench_update_duration,,,Existing CM Trackers-Not Found,,,,,
CLIENT_X.com.kw,Essential cookies (exempt from consent),CLIENT_X - Kuwait,HTTP Cookie,s_eVar8,,7,TRUE,https://www.CLIENT_X.com.tr/,Existing CM Trackers-Found,,,,,
app2.bluerank.pl,Targeted Advertising Cookies (including social media) [Requires consent],Bluerank,ETag,-,,,TRUE,https://www.CLIENT_X.com.tr/c-w/tuketici-urunleri-destek/support-contact-page.html,Existing CM Trackers-Found,,,,,
CLIENT_X.gr,Essential cookies (exempt from consent),CLIENT_X - Greece,HTTP Cookie,_gat_UA-XXX,,bench_update_duration,,https://www.CLIENT_X.com.tr/c-m-pe/hair-removal,New Third Party Trackers,,,,,
assets-v2.yieldify.com,Targeted Advertising cookies (including social media),Yieldify,ETag,bench_new_T2_13369,,,,,Existing CM Trackers-Not Found,,,,,
.google.com,Essential cookies (exempt from consent),Google Inc.,HTTP Cookie,CONSENT,,400,,,Existing CM Trackers-Not Found,,,,,
CLIENT_X.gr,Essential cookies (exempt from consent),CLIENT_X - Greece,HTTP Cookie,s_eVar8,,,,,Existing CM Trackers-Not Found,,,,,
doubleclick.net,Targeted Advertising cookies (including social media),Google Advertising Products,HTTP Cookie,bench_new_T2_13372,,390,TRUE,https://www.CLIENT_X.com.tr/,Existing CM Trackers-Found,,,,,
www.CLIENT_X.com.br,Essential cookies (exempt from consent),CLIENT_X - Brazil,HTTP Cookie,RT,,bench_update_duration,,,Existing CM Trackers-Not Found,,,,,
www.CLIENT_X.be,Essential cookies (exempt from consent),CLIENT_X - Belgium,JavaScript,blank (java),,729,TRUE,https://www.CLIENT_X.com.tr/a-w/about,Existing CM Trackers-Found,,,,,
dev.CLIENT_X.si,Essential cookies (exempt from consent),CLIENT_X - Slovenia,HTTP Cookie,AWSELBCORS,,0,TRUE,https://www.CLIENT_X.com.tr/shop/order-search/search-input,Existing CM Trackers-Found,,,,,
lighting.CLIENT_X.ca,Essential cookies (exempt from consent),Signify (formerly CLIENT_X Lighting),HTTP Cookie,s_sid,,,,,Existing CM Trackers-Not Found,,,,,
s.pinimg.com,Targeted Advertising Cookies (including social media) [Requires consent],Pinterest,JavaScript,-,,365,TRUE,https://www.CLIENT_X.com.tr/c-p/AMF870_15/air-performer-8000-serisi-3-1-arada-hava-temizleyici-fan-ve-isitici,Existing CM Trackers-Found,,,,,
CLIENT_X.co.ke,Essential cookies (exempt from consent),CLIENT_X - Kenya,HTTP Cookie,_ga,,396,TRUE,https://www.CLIENT_X.com.tr/a-w/about,Existing CM Trackers-Found,,,,,
www.lighting.CLIENT_X.com.ph,Essential cookies (exempt from consent),CLIENT_X - Philippines,Beacon,blank (beacon),,bench_update_duration,,,Existing CM Trackers-Not Found,,,,,
www.CLIENT_X.nl,Essential cookies (exempt from consent),CLIENT_X - Netherlands,Local Storage,blank (local storage),,,,https://www.CLIENT_X.com.tr/c-f/XC000021443/CLIENT_X-vantilat%C3%B6r%C3%BCm-sal%C4%B1n%C4%B1m-yaparken-al%C4%B1%C5%9F%C4%B1lmad%C4%B1k-bir-ses-%C3%A7%C4%B1kar%C4%B1yor,New Third Party Trackers,,,,,
CLIENT_X.com.mx,Essential cookies (exempt from consent),CLIENT_X - Mexico,HTTP Cookie,_fbp,,30,TRUE,https://www.CLIENT_X.com.tr/,Existing CM Trackers-Found,,,,,
www.mriclinicalcasemap.CLIENT_X.com,Essential cookies (exempt from consent),Koninklijke CLIENT_X N.V.,HTTP Cookie,AWSALBCORS,,bench_update_duration,TRUE,https://www.CLIENT_X.com.tr/a-w/about,Existing CM Trackers-Found,,,,,
i.l-dsp.inmobicdn.net,Performance Cookies [Requires consent],InMobi Pte Ltd,ETag,-,,,,,Existing CM Trackers-Not Found,,,,,
www.CLIENT_X.co.ke,Essential cookies (exempt from consent),CLIENT_X - Kenya,HTTP Cookie,p-gc35,,,,,Existing CM Trackers-Not Found,,,,,
CLIENT_X.com.tw,Essential cookies (exempt from consent),CLIENT_X - Taiwan,HTTP Cookie,s_cc,,,TRUE,https://www.CLIENT_X.com.tr/c-w/tuketici-urunleri-destek/support-contact-page.html,Existing CM Trackers-Found,,,,,
www.CLIENT_X.com.tw,Essential cookies (exempt from consent),CLIENT_X - Taiwan,HTTP Cookie,eddl_gtm_qe_session_start_6523424625,,bench_update_duration,TRUE,https://www.CLIENT_X.com.tr/a-w/about/news/all-news.html,Existing CM Trackers-Found,,,,,
pages.information.signify.com,Performance cookies,Signify (formerly CLIENT_X Lighting),Local Storage,_ga_failed_lookup_marker_66_253,,,,,Existing CM Trackers-Not Found,,,,,
www.service.CLIENT_X.ru,Essential cookies (exempt from consent),CLIENT_X - Russia,Local Storage,blank (local storage),,bench_update_duration,,,Existing CM Trackers-Not Found,,,,,
www.CLIENT_X.com.tr,Essential cookies,CLIENT_X - Turkey,HTTP Cookie,_ga_failed_lookup_marker_66_255,,session,TRUE,https://www.CLIENT_X.com.tr/c-p/AMF870_15/air-performer-8000-serisi-3-1-arada-hava-temizleyici-fan-ve-isitici,Existing CM Trackers-Found,,,,,
CLIENT_X.com.tr,Essential cookies,CLIENT_X - Turkey,HTTP Cookie,bench_new_T2_13354,,365,,https://www.CLIENT_X.com.tr/,New First Party Trackers,,,,,
CLIENT_X.lt,Essential cookies (exempt from consent),CLIENT_X - Lithuania,HTTP Cookie,FPLC,,bench_update_duration,,,Existing CM Trackers-Not Found,,,,,
www.CLIENT_X.ch,Essential cookies (exempt from consent),CLIENT_X - Switzerland,HTTP Cookie,fl_qualified_entry,,180,TRUE,https://www.CLIENT_X.com.tr/healthcare/clinical-solutions/early-warning-scoring,Existing CM Trackers-Found,,,,,
www.CLIENT_X.com.pk,Essential cookies (exempt from consent),CLIENT_X - Pakistan,HTTP Cookie,p-hc-specialty,,session,TRUE,https://www.CLIENT_X.com.tr/,Existing CM Trackers-Found,,,,,
CLIENT_X.dk,Essential cookies (exempt from consent),CLIENT_X - Denmark,HTTP Cookie,_schn1,,,,,Existing CM Trackers-Not Found,,,,,
CLIENT_X.co.id,Essential cookies (exempt from consent),CLIENT_X - Indonesia,HTTP Cookie,s_cm,,,,,Existing CM Trackers-Not Found,,,,,
CLIENT_X.lv,Essential cookies (exempt from consent),CLIENT_X - Latvia,HTTP Cookie,FPID,,,,,Existing CM Trackers-Not Found,,,,,
www.usa.CLIENT_X.com,Essential cookies (exempt from consent),Koninklijke CLIENT_X N.V.,HTTP Cookie,kampyleSessionPageCounter,,bench_update_duration,,https://www.CLIENT_X.com.tr/c-p/AMF870_15/air-performer-8000-serisi-3-1-arada-hava-temizleyici-fan-ve-isitici,New First Party Trackers,,,,,
tiktok.com,Targeted Advertising cookies (including social media),TikTok,HTTP Cookie,bench_new_T2_13392,,90,TRUE,https://www.CLIENT_X.com.tr/,Existing CM Trackers-Found,,,,,
cdn.mouseflow.com,Performance cookies,Mouseflow,JavaScript,bench_new_T2_13330,,,,https://www.CLIENT_X.com.tr/c-m-pe/hair-removal,New Third Party Trackers,,,,,
static.ticimax.cloud,Performance cookies,Ticimax,JavaScript,bench_new_T2_13389,,,,,Existing CM Trackers-Not Found,,,,,
CLIENT_X.dk,Essential cookies (exempt from consent),CLIENT_X - Denmark,HTTP Cookie,s_tid,,0,TRUE,https://www.CLIENT_X.com.tr/,Existing CM Trackers-Found,,,,,
lighting.CLIENT_X.si,Essential cookies (exempt from consent),Signify (formerly CLIENT_X Lighting),HTTP Cookie,_mkto_trk,,bench_update_duration,TRUE,https://www.CLIENT_X.com.tr/c-e/ho/cooking/airfryer-7000-serisi-xxl.html,Existing CM Trackers-Found,,,,,
lighting.CLIENT_X.com.sg,Essential cookies (exempt from consent),Signify (formerly CLIENT_X Lighting),HTTP Cookie,aam_uuid,,bench_update_duration,,,Existing CM Trackers-Not Found,,,,,
CLIENT_X.ma,Essential cookies (exempt from consent),CLIENT_X - Morocco,HTTP Cookie,FPID,,,,,Existing CM Trackers-Not Found,,,,,
CLIENT_X.pt,Essential cookies (exempt from consent),CLIENT_X - Portugal,HTTP Cookie,test,,,,,Existing CM Trackers-Not Found,,,,,
secure.afilio.com.br,Targeted Advertising Cookies (including social media) [Requires consent],Afilio,JavaScript,-,,bench_update_duration,TRUE,https://www.CLIENT_X.com.tr/,Existing CM Trackers-Found,,,,,
smetrics.marketing.lighting.CLIENT_X.com.tr,Essential cookies,CLIENT_X - Turkey,JavaScript,bench_new_T2_13364,,,,,Existing CM Trackers-Not Found,,,,,
images.CLIENT_X.com,Essential cookies (exempt from consent),Koninklijke CLIENT_X N.V.,ETag,-,,,TRUE,https://www.CLIENT_X.com.tr/,Existing CM Trackers-Found,,,,,
www.CLIENT_X.se,Essential cookies (exempt from consent),CLIENT_X - Sweden,Beacon,blank (beacon),,,,,Existing CM Trackers-Not Found,,,,,
www.healthcare.shop.CLIENT_X.co.uk,Essential cookies (exempt from consent),CLIENT_X - United Kingdom,HTTP Cookie,country_currency_rememberme_cookie,,400,TRUE,https://www.CLIENT_X.com.tr/,Existing CM Trackers-Found,,,,,
www.CLIENT_X.ma,Essential cookies (exempt from consent),CLIENT_X - Morocco,Beacon,blank (beacon),,,TRUE,https://www.CLIENT_X.com.tr/,Existing CM Trackers-Found,,,,,
lighting.CLIENT_X.ro,Essential cookies (exempt from consent),Signify (formerly CLIENT_X Lighting),HTTP Cookie,_mkto_trk,,,,https://www.CLIENT_X.com.tr/,New Third Party Trackers,,,,,
cdn.anscommerce.com,Performance Cookies [Requires consent],ANS Commerce,ETag,-,,400,TRUE,https://www.CLIENT_X.com.tr/,Existing CM Trackers-Found,,,,,
CLIENT_X.lt,Essential cookies (exempt from consent),CLIENT_X - Lithuania,HTTP Cookie,s_ugv,,7,,https://www.CLIENT_X.com.tr/c-p/AMF870_15/air-performer-8000-serisi-3-1-arada-hava-temizleyici-fan-ve-isitici,New First Party Trackers,,,,,
stg.CLIENT_X.ro,Essential cookies (exempt from consent),CLIENT_X - Romania,JavaScript,blank (java),,bench_update_duration,TRUE,https://www.CLIENT_X.com.tr/,Existing CM Trackers-Found,,,,,
CLIENT_X.com.pe,Essential cookies (exempt from consent),CLIENT_X - Peru,HTTP Cookie,com.adobe.alloy.getTld,,bench_update_duration,TRUE,https://www.CLIENT_X.com.tr/,Existing CM Trackers-Found,,,,,
www.subscription.CLIENT_X.cz,Essential cookies (exempt from consent),CLIENT_X - Czech Republic,HTTP Cookie,eddl_gtm_qe_session_start_6523424625,,bench_update_duration,,,Existing CM Trackers-Not Found,,,,,
CLIENT_X.fi,Essential cookies (exempt from consent),CLIENT_X - Finland,HTTP Cookie,s_nrpv,,,,,Existing CM Trackers-Not Found,,,,,
CLIENT_X.co.nz,Essential cookies (exempt from consent),CLIENT_X - New Zealand,HTTP Cookie,internalUserCheck,,,,https://www.CLIENT_X.com.tr/c-p/SPT6607B_62/6000-series-kablosuz-klavye-fare-seti,Existing CM Trackers-Found,,,,,
www.patientcare.shop.CLIENT_X.com.sg,Essential cookies (exempt from consent),CLIENT_X - Singapore,HTTP Cookie,pcms-CLIENT_X-sguserSelectionCookie,,bench_update_duration,,,Existing CM Trackers-Not Found,,,,,
www.CLIENT_X.ru,Essential cookies (exempt from consent),CLIENT_X - Russia,HTTP Cookie,RT,,,,,Existing CM Trackers-Not Found,,,,,
www.CLIENT_X.dk,Essential cookies (exempt from consent),CLIENT_X - Denmark,HTTP Cookie,T01-recentlyViewedProducts,,bench_update_duration,TRUE,https://www.CLIENT_X.com.tr/a-w/about,Existing CM Trackers-Found,,,,,
CLIENT_X.ch,Essential cookies (exempt from consent),CLIENT_X - Switzerland,HTTP Cookie,mbox,,,,,Existing CM Trackers-Not Found,,,,,
www.lighting.CLIENT_X.nl,Essential cookies (exempt from consent),Signify (formerly CLIENT_X Lighting),HTTP Cookie,AWSELB,,0,TRUE,https://www.CLIENT_X.com.tr/c-p/AMF870_15/air-performer-8000-serisi-3-1-arada-hava-temizleyici-fan-ve-isitici,Existing CM Trackers-Found,,,,,
www.CLIENT_X.jo,Essential cookies (exempt from consent),CLIENT_X - Jordan,HTTP Cookie,kampyle_userid,,,,,Existing CM Trackers-Not Found,,,,,
CLIENT_X.gr,Essential cookies (exempt from consent),CLIENT_X - Greece,HTTP Cookie,TAsessionID,,,,,Existing CM Trackers-Not Found,,,,,
www.centralamerica.CLIENT_X.com,Essential cookies (exempt from consent),Koninklijke CLIENT_X N.V.,ETag,blank (etag),,session,TRUE,https://www.CLIENT_X.com.tr/c-p/AMF870_15/air-performer-8000-serisi-3-1-arada-hava-temizleyici-fan-ve-isitici,Existing CM Trackers-Found,,,,,
connect.facebook.net,Targeted Advertising cookies (including social media),Meta (formerly Facebook),Beacon,_ga_failed_lookup_marker_66_294,,,TRUE,https://www.CLIENT_X.com.tr/c-p/EP4441_50/4400-serisi-tam-otomatik-espresso-makinesi/destek,Existing CM Trackers-Found,,,,,
www.CLIENT_X.gr,Essential cookies (exempt from consent),CLIENT_X - Greece,HTTP Cookie,user_country,,,,,Existing CM Trackers-Not Found,,,,,
www.lighting.CLIENT_X.com.vn,Essential cookies (exempt from consent),Signify (formerly CLIENT_X Lighting),HTTP Cookie,s_as,,bench_update_duration,,,Existing CM Trackers-Not Found,,,,,
www.CLIENT_X.hu,Essential cookies (exempt from consent),CLIENT_X - Hungary,HTTP Cookie,notice_settings,,bench_update_duration,,https://www.CLIENT_X.com.tr/healthcare/education-resources/education-training,New Third Party Trackers,,,,,
tiktok.com,Targeted Advertising cookies (including social media),TikTok,HTTP Cookie,bench_new_T2_13336,,90,TRUE,https://www.CLIENT_X.com.tr/,Existing CM Trackers-Found,,,,,
CLIENT_X.com.vn,Essential cookies (exempt from consent),CLIENT_X - Vietnam,HTTP Cookie,BCSessionID,,bench_update_duration,,https://www.CLIENT_X.com.tr/c-f/XC000021443/CLIENT_X-vantilat%C3%B6r%C3%BCm-sal%C4%B1n%C4%B1m-yaparken-al%C4%B1%C5%9F%C4%B1lmad%C4%B1k-bir-ses-%C3%A7%C4%B1kar%C4%B1yor,New Third Party Trackers,,,,,
subskrypcje.CLIENT_X.pl,Essential cookies (exempt from consent),CLIENT_X - Poland,HTTP Cookie,_pin_unauth,,bench_update_duration,TRUE,https://www.CLIENT_X.com.tr/,Existing CM Trackers-Found,,,,,
CLIENT_X.bg,Essential cookies (exempt from consent),CLIENT_X - Bulgaria,HTTP Cookie,_schn1,,89,,,Existing CM Trackers-Not Found,,,,,
www.lighting.CLIENT_X.com.vn,Essential cookies (exempt from consent),Signify (formerly CLIENT_X Lighting),JavaScript,blank (java),,bench_update_duration,TRUE,https://www.CLIENT_X.com.tr/,Existing CM Trackers-Found,,,,,
lighting.CLIENT_X.ua,Essential cookies (exempt from consent),Signify (formerly CLIENT_X Lighting),HTTP Cookie,s_vs,,session,TRUE,https://www.CLIENT_X.com.tr/,Existing CM Trackers-Found,,,,,
CLIENT_X.com.tr,Essential cookies,CLIENT_X - Turkey,HTTP Cookie,_ga_failed_lookup_marker_66_304,,,,,Existing CM Trackers-Not Found,,,,,
CLIENT_X.it,Essential cookies (exempt from consent),CLIENT_X - Italy,HTTP Cookie,_ga,,bench_update_duration,TRUE,https://www.CLIENT_X.com.tr/,Existing CM Trackers-Found,,,,,
store-CLIENT_X.tw,Essential cookies (exempt from consent),CLIENT_X Store - Taiwan,HTTP Cookie,_gid,,,,,Existing CM Trackers-Not Found,,,,,
CLIENT_X.com.au,Essential cookies (exempt from consent),CLIENT_X - Australia,HTTP Cookie,_scid_r,,729,,,Existing CM Trackers-Not Found,,,,,
www.CLIENT_X.com.br,Essential cookies (exempt from consent),CLIENT_X - Brazil,HTTP Cookie,eddl_itc_list,,bench_update_duration,,,Existing CM Trackers-Not Found,,,,,
www.lighting.CLIENT_X.ee,Essential cookies (exempt from consent),Signify (formerly CLIENT_X Lighting),HTTP Cookie,s_mc,,400,TRUE,https://www.CLIENT_X.com.tr/a-w/about,Existing CM Trackers-Found,,,,,
CLIENT_X.at,Essential cookies (exempt from consent),CLIENT_X - Austria,HTTP Cookie,mbox,,bench_update_duration,,,Existing CM Trackers-Not Found,,,,,
www.CLIENT_X.fi,Essential cookies (exempt from consent),CLIENT_X - Finland,HTTP Cookie,AWSELBCORS,,0,TRUE,https://www.CLIENT_X.com.tr/,Existing CM Trackers-Found,,,,,
search-eu.cloud.coveo.com,Performance Cookies [Requires consent],Coveo Solutions Inc.,Beacon,-,,bench_update_duration,TRUE,https://www.CLIENT_X.com.tr/,Existing CM Trackers-Found,,,,,
CLIENT_X.com.tr,Essential cookies,CLIENT_X - Turkey,HTTP Cookie,_ga_failed_lookup_marker_66_313,,0,TRUE,https://www.CLIENT_X.com.tr/,Existing CM Trackers-Found,,,,,
CLIENT_X.cl,Essential cookies (exempt from consent),CLIENT_X - Chile,HTTP Cookie,crs-tk,,bench_update_duration,,https://www.CLIENT_X.com.tr/c-e/shop/checkout,New Third Party Trackers,,,,,
www.healthcare.shop.CLIENT_X.co.uk,Essential cookies (exempt from consent),CLIENT_X - United Kingdom,HTTP Cookie,eddl_gtm_qe_session_start_6523424625,,bench_update_duration,TRUE,https://www.CLIENT_X.com.tr/c-p/AMF870_15/air-performer-8000-serisi-3-1-arada-hava-temizleyici-fan-ve-isitici,Existing CM Trackers-Found,,,,,
www.CLIENT_X.hr,Essential cookies (exempt from consent),CLIENT_X - Croatia,HTTP Cookie,eddl_itc_list,,bench_update_duration,TRUE,https://www.CLIENT_X.com.tr/a-w/about,Existing CM Trackers-Found,,,,,
3-249-88-67_s-23-216-154-160_ts-XXXXXXXXXX-clienttons-s.akamaihd.net,Targeted Advertising Cookies (including social media) [Requires consent],Akamai,ETag,-,,bench_update_duration,,,Existing CM Trackers-Not Found,,,,,
www.CLIENT_X.pl,Essential cookies (exempt from consent),CLIENT_X - Poland,Beacon,blank (beacon),,bench_update_duration,,https://www.CLIENT_X.com.tr/c-m-pe/hair-removal,New Third Party Trackers,,,,,
assets.adoberesources.net,Performance cookies,Adobe Inc.,JavaScript,_ga_failed_lookup_marker_66_319,,,,,Existing CM Trackers-Not Found,,,,,
halc.iadvize.com,Performance cookies,iAdvize,JavaScript,_ga_failed_lookup_marker_66_320,,,TRUE,https://www.CLIENT_X.com.tr/c-e/ho/cooking/airfryer-7000-serisi-xxl.html,Existing CM Trackers-Found,,,,,
www.CLIENT_X.cl,Essential cookies (exempt from consent),CLIENT_X - Chile,JavaScript,blank (java),,,TRUE,https://www.CLIENT_X.com.tr/c-f/XC000004909/CLIENT_X-epilat%C3%B6r-cihaz%C4%B1m%C4%B1n-aparatlar%C4%B1-nas%C4%B1l-kullan%C4%B1l%C4%B1r,Existing CM Trackers-Found,,,,,
www.lighting.CLIENT_X.si,Essential cookies (exempt from consent),Signify (formerly CLIENT_X Lighting),HTTP Cookie,s_mc,,,,,Existing CM Trackers-Not Found,,,,,
www.lighting.CLIENT_X.com.cn,Essential cookies (exempt from consent),Signify (formerly CLIENT_X Lighting),HTTP Cookie,customer_country,,,,,Existing CM Trackers-Not Found,,,,,
www.CLIENT_X.com.tr,Essential cookies,CLIENT_X - Turkey,HTTP Cookie,bench_new_T2_13285,,365,TRUE,https://www.CLIENT_X.com.tr/c-p/AMF870_15/air-performer-8000-serisi-3-1-arada-hava-temizleyici-fan-ve-isitici,Existing CM Trackers-Found,,,,,
www.CLIENT_X.ua,Essential cookies (exempt from consent),CLIENT_X - Ukraine,HTTP Cookie,UA_Pub-cart-com,,bench_update_duration,TRUE,https://www.CLIENT_X.com.tr/c-f/XC000021359/CLIENT_X-homerun-elektrikli-robot-s%C3%BCp%C3%BCrgemi-nas%C4%B1l-temizlerim,Existing CM Trackers-Found,,,,,
www.CLIENT_X.co.uk,Performance cookies,CLIENT_X - United Kingdom,ETag,_ga_failed_lookup_marker_66_326,,,,,Existing CM Trackers-Not Found,,,,,
CLIENT_X.co.za,Essential cookies (exempt from consent),CLIENT_X - South Africa,HTTP Cookie,FPLC,,,,,Existing CM Trackers-Not Found,,,,,
CLIENT_X.ca,Essential cookies (exempt from consent),CLIENT_X - Canada,HTTP Cookie,com.adobe.alloy.getTld,,bench_update_duration,,,Existing CM Trackers-Not Found,,,,,
*.casalemedia.com,Targeted Advertising cookies (including social media),Index Exchange Inc.,Beacon,_ga_failed_lookup_marker_66_329,,,,https://www.CLIENT_X.com.tr/a-w/about,Existing CM Trackers-Found,,,,,
CLIENT_X.com.eg,Essential cookies (exempt from consent),CLIENT_X - Egypt,HTTP Cookie,FPLC,,400,TRUE,https://www.CLIENT_X.com.tr/,Existing CM Trackers-Found,,,,,
cdn-scripts.signifyd.com,Essential cookies,Signifyd,JavaScript,bench_new_T2_13332,,,TRUE,https://www.CLIENT_X.com.tr/,Existing CM Trackers-Found,,,,,
store-CLIENT_X.tw,Essential cookies (exempt from consent),CLIENT_X Store - Taiwan,HTTP Cookie,cto_bundle,,bench_update_duration,,,Existing CM Trackers-Not Found,,,,,
www.uvccalculator.lighting.CLIENT_X.com,Performance Cookies [Requires consent],Koninklijke CLIENT_X N.V.,JavaScript,-,,bench_update_duration,,,Existing CM Trackers-Not Found,,,,,
www.lighting.CLIENT_X.com.tr,Essential cookies,Signify (formerly CLIENT_X Lighting),HTTP Cookie,_ga_failed_lookup_marker_66_334,,,,,Existing CM Trackers-Not Found,,,,,
CLIENT_X.pl,Essential cookies (exempt from consent),CLIENT_X - Poland,HTTP Cookie,at_check,,0,TRUE,https://www.CLIENT_X.com.tr/c-p/AMF870_15/air-performer-8000-serisi-3-1-arada-hava-temizleyici-fan-ve-isitici,Existing CM Trackers-Found,,,,,
lighting.CLIENT_X.com.tr,Essential cookies,Signify (formerly CLIENT_X Lighting),HTTP Cookie,_ga_failed_lookup_marker_66_336,,,,,Existing CM Trackers-Not Found,,,,,
widget-cdn.janraincapture.com,Performance Cookies [Requires consent],Akamai,JavaScript,-,,,,https://www.CLIENT_X.com.tr/c-m-pe/hair-removal,New Third Party Trackers,,,,,
www.lighting.CLIENT_X.cz,Essential cookies (exempt from consent),Signify (formerly CLIENT_X Lighting),ETag,blank (etag),,bench_update_duration,,,Existing CM Trackers-Not Found,,,,,
www.CLIENT_X.com.mx,Essential cookies (exempt from consent),CLIENT_X - Mexico,HTTP Cookie,eddl_etc_list,,session,TRUE,https://www.CLIENT_X.com.tr/,Existing CM Trackers-Found,,,,,
tst.CLIENT_X.com.mx,Essential cookies (exempt from consent),CLIENT_X - Mexico,JavaScript,blank (java),,bench_update_duration,,,Existing CM Trackers-Not Found,,,,,
CLIENT_X.at,Essential cookies (exempt from consent),CLIENT_X - Austria,HTTP Cookie,notice_behavior,,bench_update_duration,,,Existing CM Trackers-Not Found,,,,,
stg.CLIENT_X.com.kw,Essential cookies (exempt from consent),CLIENT_X - Kuwait,ETag,blank (etag),,bench_update_duration,TRUE,https://www.CLIENT_X.com.tr/shop/order-search/search-input,Existing CM Trackers-Found,,,,,
cdn.speedcurve.com,Performance cookies,Speedcurve,JavaScript,_ga_failed_lookup_marker_66_343,,,,https://www.CLIENT_X.com.tr/,New Third Party Trackers,,,,,
CLIENT_X.co.uk,Essential cookies (exempt from consent),CLIENT_X - United Kingdom,HTTP Cookie,s_eVar42,,bench_update_duration,TRUE,https://www.CLIENT_X.com.tr/shop/order-search/search-input,Existing CM Trackers-Found,,,,,
www.CLIENT_X.hr,Essential cookies (exempt from consent),CLIENT_X - Croatia,HTTP Cookie,eddl_gtm_qe_session_start_6523424625,,365,TRUE,https://www.CLIENT_X.com.tr/c-p/AMF870_15/air-performer-8000-serisi-3-1-arada-hava-temizleyici-fan-ve-isitici,Existing CM Trackers-Found,,,,,
www.lighting.CLIENT_X.sk,Essential cookies (exempt from consent),Signify (formerly CLIENT_X Lighting),HTTP Cookie,AWSELBCORS,,bench_update_duration,,,Existing CM Trackers-Not Found,,,,,
lighting.CLIENT_X.co.il,Essential cookies (exempt from consent),Signify (formerly CLIENT_X Lighting),HTTP Cookie,s_nr30,,0,TRUE,https://www.CLIENT_X.com.tr/,Existing CM Trackers-Found,,,,,
www.lighting.CLIENT_X.co.kr,Essential cookies (exempt from consent),Signify (formerly CLIENT_X Lighting),JavaScript,blank (java),,bench_update_duration,,,Existing CM Trackers-Not Found,,,,,
CLIENT_X.ua,Essential cookies (exempt from consent),CLIENT_X - Ukraine,HTTP Cookie,bc_tstgrp,,400,TRUE,https://www.CLIENT_X.com.tr/,Existing CM Trackers-Found,,,,,
www.CLIENT_X.it,Essential cookies (exempt from consent),CLIENT_X - Italy,HTTP Cookie,JSESSIONID,,bench_update_duration,,,Existing CM Trackers-Not Found,,,,,
CLIENT_Xlighting.d3.sc.omtrdc.net,Performance cookies,"Adobe Audience Manager, Adobe Experience Cloud",Beacon,bench_new_T2_13202,,,,,Existing CM Trackers-Not Found,,,,,
www.CLIENT_X.hr,Essential cookies (exempt from consent),CLIENT_X - Croatia,HTTP Cookie,kampyle_userid,,,,,Existing CM Trackers-Not Found,,,,,
CLIENT_X.com.au,Essential cookies (exempt from consent),CLIENT_X - Australia,HTTP Cookie,s_nrpv,,bench_update_duration,TRUE,https://www.CLIENT_X.com.tr/,Existing CM Trackers-Found,,,,,
CLIENT_X.ru,Essential cookies (exempt from consent),CLIENT_X - Russia,HTTP Cookie,s_pv,,,,,Existing CM Trackers-Not Found,,,,,
code.jquery.com,Performance cookies,jQuery,JavaScript,_ga_failed_lookup_marker_66_355,,,,,Existing CM Trackers-Not Found,,,,,
CLIENT_X.com.tr,Targeted Advertising cookies (including social media),CLIENT_X - Turkey,HTTP Cookie,_ga_failed_lookup_marker_66_356,,,,,Existing CM Trackers-Not Found,,,,,
CLIENT_X.gr,Essential cookies (exempt from consent),CLIENT_X - Greece,HTTP Cookie,_scid,,bench_update_duration,,,Existing CM Trackers-Not Found,,,,,
CLIENT_X.se,Essential cookies (exempt from consent),CLIENT_X - Sweden,HTTP Cookie,test,,bench_update_duration,TRUE,https://www.CLIENT_X.com.tr/,Existing CM Trackers-Found,,,,,
CLIENT_X.com,Essential cookies (exempt from consent),Koninklijke CLIENT_X N.V.,HTTP Cookie,_gcl_dc,,,TRUE,https://www.CLIENT_X.com.tr/c-e/ho/cooking/airfryer-7000-serisi-xxl.html,Existing CM Trackers-Found,,,,,
CLIENT_X.be,Essential cookies (exempt from consent),CLIENT_X - Belgium,HTTP Cookie,_ttp,,89,,,Existing CM Trackers-Not Found,,,,,
CLIENT_X.com.mx,Essential cookies (exempt from consent),CLIENT_X - Mexico,HTTP Cookie,biggy-event-queue,,365,TRUE,https://www.CLIENT_X.com.tr/c-p/AMF870_15/air-performer-8000-serisi-3-1-arada-hava-temizleyici-fan-ve-isitici,Existing CM Trackers-Found,,,,,
www.CLIENT_X.ca,Essential cookies (exempt from consent),CLIENT_X - Canada,HTTP Cookie,kampyleUserPercentile,,,TRUE,https://www.CLIENT_X.com.tr/c-w/tuketici-urunleri-destek/support-contact-page.html,Existing CM Trackers-Found,,,,,
be-middleware-subscription-coca-lamuutvmeq-uc.a.run.app,Targeted Advertising Cookies (including social media) [Requires consent],Google Inc.,ETag,-,,,,,Existing CM Trackers-Not Found,,,,,
CLIENT_X.pl,Essential cookies (exempt from consent),CLIENT_X - Poland,HTTP Cookie,iadvize_test_cookie_top_domain,,,,https://www.CLIENT_X.com.tr/,Existing CM Trackers-Found,,,,,
CLIENT_X.com.eg,Essential cookies (exempt from consent),CLIENT_X - Egypt,HTTP Cookie,s_nrpv,,390,TRUE,https://www.CLIENT_X.com.tr/,Existing CM Trackers-Found,,,,,
consent-pref.trustarc.com,Essential cookies,TrustArc,JavaScript,_ga_failed_lookup_marker_66_366,,,,,Existing CM Trackers-Not Found,,,,,
www.lighting.CLIENT_X.se,Essential cookies (exempt from consent),Signify (formerly CLIENT_X Lighting),JavaScript,blank (java),,session,TRUE,https://www.CLIENT_X.com.tr/,Existing CM Trackers-Found,,,,,
www.CLIENT_X.ae,Essential cookies (exempt from consent),CLIENT_X - Middle East Arab,HTTP Cookie,p-hc-specialty,,bench_update_duration,,,Existing CM Trackers-Not Found,,,,,
CLIENT_X.ch,Essential cookies (exempt from consent),CLIENT_X - Switzerland,HTTP Cookie,_gat_UA-XXX,,0,,https://www.CLIENT_X.com.tr/healthcare/education-resources/education-training,Existing CM Trackers-Found,,,,,
www.subscription.CLIENT_X.be,Essential cookies (exempt from consent),CLIENT_X - Belgium,HTTP Cookie,ARRAffinitySameSite,,bench_update_duration,,https://www.CLIENT_X.com.tr/a-w/about/news/all-news.html,New Third Party Trackers,,,,,
www.lighting.CLIENT_X.com.pe,Essential cookies (exempt from consent),Signify (formerly CLIENT_X Lighting),HTTP Cookie,s_mc,,bench_update_duration,,,Existing CM Trackers-Not Found,,,,,
CLIENT_X.co.ke,Essential cookies (exempt from consent),CLIENT_X - Kenya,HTTP Cookie,da_intState,,,,,Existing CM Trackers-Not Found,,,,,
CLIENT_X.com.cn,Essential cookies (exempt from consent),CLIENT_X - China,HTTP Cookie,mboxEdgeCluster,,180,TRUE,https://www.CLIENT_X.com.tr/healthcare/clinical-solutions/early-warning-scoring,Existing CM Trackers-Found,,,,,
www.lighting.CLIENT_X.lt,Essential cookies (exempt from consent),Signify (formerly CLIENT_X Lighting),JavaScript,blank (java),,bench_update_duration,TRUE,https://www.CLIENT_X.com.tr/c-e/ho/cooking/airfryer-7000-serisi-xxl.html,Existing CM Trackers-Found,,,,,
static.cloud.coveo.com,Targeted Advertising cookies (including social media),Coveo Solutions Inc.,ETag,bench_new_T2_13310,,,TRUE,https://www.CLIENT_X.com.tr/c-p/AMF870_15/air-performer-8000-serisi-3-1-arada-hava-temizleyici-fan-ve-isitici,Existing CM Trackers-Found,,,,,
CLIENT_X.com.co,Essential cookies (exempt from consent),CLIENT_X - Colombia,HTTP Cookie,s_eVar8,,bench_update_duration,TRUE,https://www.CLIENT_X.com.tr/a-w/about,Existing CM Trackers-Found,,,,,
static.cdninstagram.com,Targeted Advertising Cookies (including social media) [Requires consent],Instagram,JavaScript,-,,bench_update_duration,TRUE,https://www.CLIENT_X.com.tr/a-w/about,Existing CM Trackers-Found,,,,,
agent-versuni.mindtouch.us,Performance cookies,MindTouch,HTTP Cookie,bench_new_T2_13279,,session,,https://www.CLIENT_X.com.tr/c-f/XC000021443/CLIENT_X-vantilat%C3%B6r%C3%BCm-sal%C4%B1n%C4%B1m-yaparken-al%C4%B1%C5%9F%C4%B1lmad%C4%B1k-bir-ses-%C3%A7%C4%B1kar%C4%B1yor,New Third Party Trackers,,,,,
CLIENT_X.ro,Essential cookies (exempt from consent),CLIENT_X - Romania,HTTP Cookie,iAdvize:splitGroup,,,,https://www.CLIENT_X.com.tr/c-f/XC000021443/CLIENT_X-vantilat%C3%B6r%C3%BCm-sal%C4%B1n%C4%B1m-yaparken-al%C4%B1%C5%9F%C4%B1lmad%C4%B1k-bir-ses-%C3%A7%C4%B1kar%C4%B1yor,New Third Party Trackers,,,,,
CLIENT_X.com.tr,Essential cookies,CLIENT_X - Turkey,HTTP Cookie,bench_new_T2_13259,,session,TRUE,https://www.CLIENT_X.com.tr/,Existing CM Trackers-Found,,,,,
adnxs.com,Targeted Advertising Cookies (including social media) [Requires consent],"Xandr, Inc.",HTTP Cookie,anj,,bench_update_duration,TRUE,https://www.CLIENT_X.com.tr/,Existing CM Trackers-Found,,,,,
www.lighting.CLIENT_X.cl,Essential cookies (exempt from consent),Signify (formerly CLIENT_X Lighting),HTTP Cookie,s_mc,,bench_update_duration,TRUE,https://www.CLIENT_X.com.tr/,Existing CM Trackers-Found,,,,,
CLIENT_X.jo,Essential cookies (exempt from consent),CLIENT_X - Jordan,HTTP Cookie,_gcl_au,,,,,Existing CM Trackers-Not Found,,,,,
CLIENT_X.pt,Essential cookies (exempt from consent),CLIENT_X - Portugal,HTTP Cookie,s_cm_direct,,bench_update_duration,TRUE,https://www.CLIENT_X.com.tr/c-p/AMF870_15/air-performer-8000-serisi-3-1-arada-hava-temizleyici-fan-ve-isitici,Existing CM Trackers-Found,,,,,
CLIENT_X.gr,Essential cookies (exempt from consent),CLIENT_X - Greece,HTTP Cookie,test,,,,,Existing CM Trackers-Not Found,,,,,
www.CLIENT_X.co.in,Essential cookies (exempt from consent),CLIENT_X - India,HTTP Cookie,kampyleSessionPageCounter,,bench_update_duration,TRUE,https://www.CLIENT_X.com.tr/c-e/ho/cooking/airfryer-7000-serisi-xxl.html,Existing CM Trackers-Found,,,,,
www.CLIENT_X.com.tr,Performance cookies,CLIENT_X - Turkey,HTTP Cookie,_ga_failed_lookup_marker_66_387,,session,TRUE,https://www.CLIENT_X.com.tr/c-p/AMF870_15/air-performer-8000-serisi-3-1-arada-hava-temizleyici-fan-ve-isitici,Existing CM Trackers-Found,,,,,
www.lighting.CLIENT_X.co.za,Essential cookies (exempt from consent),Signify (formerly CLIENT_X Lighting),Beacon,blank (beacon),,,,,Existing CM Trackers-Not Found,,,,,
www.CLIENT_X.com.co,Essential cookies (exempt from consent),CLIENT_X - Colombia,HTTP Cookie,kampyle_userid,,bench_update_duration,,,Existing CM Trackers-Not Found,,,,,
www.CLIENT_X.com.ar,Essential cookies (exempt from consent),CLIENT_X - Argentina,HTTP Cookie,kampyleUserPercentile,,0,,,Existing CM Trackers-Not Found,,,,,
www.CLIENT_X.co.id,Essential cookies (exempt from consent),CLIENT_X - Indonesia,HTTP Cookie,kampyleUserSession,,,,,Existing CM Trackers-Not Found,,,,,
eitri.api.useinsider.com,Targeted Advertising Cookies (including social media) [Requires consent],Insider,ETag,-,,,TRUE,https://www.CLIENT_X.com.tr/,Existing CM Trackers-Found,,,,,
www.gstatic.com,Performance cookies,Google Inc.,JavaScript,_ga_failed_lookup_marker_66_393,,,TRUE,https://www.CLIENT_X.com.tr/c-e/welcome?mag=F02&origin=20_tr_tr_mylumea_app,Existing CM Trackers-Found,,,,,
CLIENT_X.lv,Essential cookies (exempt from consent),CLIENT_X - Latvia,HTTP Cookie,_gid,,,,,Existing CM Trackers-Not Found,,,,,
www.lighting.CLIENT_X.cl,Essential cookies (exempt from consent),Signify (formerly CLIENT_X Lighting),HTTP Cookie,AWSELBCORS,,bench_update_duration,,,Existing CM Trackers-Not Found,,,,,
CLIENT_X.co.uk,Essential cookies (exempt from consent),CLIENT_X - United Kingdom,HTTP Cookie,_uetsid,,390,TRUE,https://www.CLIENT_X.com.tr/,Existing CM Trackers-Found,,,,,
stg.CLIENT_X.ro,Essential cookies (exempt from consent),CLIENT_X - Romania,HTTP Cookie,AWSELB,,bench_update_duration,,https://www.CLIENT_X.com.tr/c-p/AMF870_15/air-performer-8000-serisi-3-1-arada-hava-temizleyici-fan-ve-isitici,New First Party Trackers,,,,,
CLIENT_X.dk,Essential cookies (exempt from consent),CLIENT_X - Denmark,HTTP Cookie,s_gnr,,bench_update_duration,,,Existing CM Trackers-Not Found,,,,,
lighting.CLIENT_X.com.tr,Essential cookies,Signify (formerly CLIENT_X Lighting),Local Storage,_ga_failed_lookup_marker_66_399,,,,,Existing CM Trackers-Not Found,,,,,
www.centralamerica.CLIENT_X.com,Essential cookies (exempt from consent),Koninklijke CLIENT_X N.V.,HTTP Cookie,liveagent_ptid,,bench_update_duration,TRUE,https://www.CLIENT_X.com.tr/c-f/XC000021359/CLIENT_X-homerun-elektrikli-robot-s%C3%BCp%C3%BCrgemi-nas%C4%B1l-temizlerim,Existing CM Trackers-Found,,,,,
www.CLIENT_X.com.ph,Essential cookies (exempt from consent),CLIENT_X - Philippines,HTTP Cookie,_sdsat_pgm_optin,,,,,Existing CM Trackers-Not Found,,,,,
www.patientcare.shop.CLIENT_X.co.in,Essential cookies (exempt from consent),CLIENT_X - India,HTTP Cookie,RT,,bench_update_duration,,,Existing CM Trackers-Not Found,,,,,
mgid.com,Targeted Advertising Cookies (including social media) [Requires consent],MGID Inc.,HTTP Cookie,__cf_bm,,bench_update_duration,,https://www.CLIENT_X.com.tr/,New Third Party Trackers,,,,,
fonts.yieldify-production.com,Targeted Advertising cookies (including social media),Yieldify,ETag,_ga_failed_lookup_marker_66_404,,,,,Existing CM Trackers-Not Found,,,,,
www.lighting.CLIENT_X.ma,Essential cookies (exempt from consent),Signify (formerly CLIENT_X Lighting),ETag,blank (etag),,bench_update_duration,TRUE,https://www.CLIENT_X.com.tr/,Existing CM Trackers-Found,,,,,
CLIENT_X.se,Essential cookies (exempt from consent),CLIENT_X - Sweden,HTTP Cookie,_schn1,,bench_update_duration,TRUE,https://www.CLIENT_X.com.tr/c-e/ho/ironing/azur-8000-series,Existing CM Trackers-Found,,,,,
www.CLIENT_X.co.id,Essential cookies (exempt from consent),CLIENT_X - Indonesia,HTTP Cookie,_scid_r,,1,TRUE,https://www.CLIENT_X.com.tr/c-e/ho/cooking/airfryer-7000-serisi-xxl.html,Existing CM Trackers-Found,,,,,
CLIENT_X.co.za,Essential cookies (exempt from consent),CLIENT_X - South Africa,HTTP Cookie,_gid,,,,,Existing CM Trackers-Not Found,,,,,
store-CLIENT_X.tw,Essential cookies (exempt from consent),CLIENT_X Store - Taiwan,HTTP Cookie,_gdltbwXXXX,,,TRUE,https://www.CLIENT_X.com.tr/c-e/ho/cooking/airfryer-7000-serisi-xxl.html,Existing CM Trackers-Found,,,,,
demdex.net,Targeted Advertising cookies (including social media),"Adobe Audience Manager, Adobe Experience Cloud",HTTP Cookie,_ga_failed_lookup_marker_66_410,,,,,Existing CM Trackers-Not Found,,,,,
www.CLIENT_X.com.ar,Essential cookies (exempt from consent),CLIENT_X - Argentina,HTTP Cookie,p-hc-catg,,bench_update_duration,,,Existing CM Trackers-Not Found,,,,,
lighting.CLIENT_X.co.za,Essential cookies (exempt from consent),Signify (formerly CLIENT_X Lighting),HTTP Cookie,s_pv,,400,TRUE,https://www.CLIENT_X.com.tr/,Existing CM Trackers-Found,,,,,
labs.iadvize.com,Performance cookies,iAdvize,ETag,bench_new_T2_13225,,,TRUE,https://www.CLIENT_X.com.tr/c-e/ho/cooking/airfryer-7000-serisi-xxl.html,Existing CM Trackers-Found,,,,,
www.lighting.CLIENT_X.com.tr,Essential cookies,Signify (formerly CLIENT_X Lighting),HTTP Cookie,_ga_failed_lookup_marker_66_414,,,,,Existing CM Trackers-Not Found,,,,,
www.supurgesepeti.com,Essential cookies,Supurgesepeti.com,HTTP Cookie,_ga_failed_lookup_marker_66_415,,,,,Existing CM Trackers-Not Found,,,,,
www.CLIENT_X.com.tr,Essential cookies,CLIENT_X - Turkey,JavaScript,_ga_failed_lookup_marker_66_416,,,TRUE,https://www.CLIENT_X.com.tr/,Existing CM Trackers-Found,,,,,
assets-v2.yieldify.com,Targeted Advertising cookies (including social media),Yieldify,ETag,_ga_failed_lookup_marker_66_417,,,,,Existing CM Trackers-Not Found,,,,,
www.lighting.CLIENT_X.bg,Essential cookies (exempt from consent),Signify (formerly CLIENT_X Lighting),HTTP Cookie,remember_customer_type,,89,,,Existing CM Trackers-Not Found,,,,,
www.CLIENT_X.rs,Essential cookies (exempt from consent),CLIENT_X - Serbia,HTTP Cookie,kampylePageLoadedTimestamp,,bench_update_duration,,,Existing CM Trackers-Not Found,,,,,
www.blog.CLIENT_X.com.br,Essential cookies (exempt from consent),CLIENT_X - Brazil,ETag,blank (etag),,bench_update_duration,TRUE,https://www.CLIENT_X.com.tr/,Existing CM Trackers-Found,,,,,
CLIENT_X.com,Essential cookies (exempt from consent),Koninklijke CLIENT_X N.V.,HTTP Cookie,mboxEdgeCluster,,bench_update_duration,TRUE,https://www.CLIENT_X.com.tr/,Existing CM Trackers-Found,,,,,
pixel.rubiconproject.com,Targeted Advertising cookies (including social media),"Magnite, Inc.",Beacon,_ga_failed_lookup_marker_66_422,,,TRUE,https://www.CLIENT_X.com.tr/a-w/about,Existing CM Trackers-Found,,,,,
www.CLIENT_X.ng,Essential cookies (exempt from consent),CLIENT_X - Nigeria,HTTP Cookie,kampyle_userid,,bench_update_duration,TRUE,https://www.CLIENT_X.com.tr/c-p/AMF870_15/air-performer-8000-serisi-3-1-arada-hava-temizleyici-fan-ve-isitici,Existing CM Trackers-Found,,,,,
www.CLIENT_X.com.tw,Essential cookies (exempt from consent),CLIENT_X - Taiwan,Local Storage,blank (local storage),,bench_update_duration,TRUE,https://www.CLIENT_X.com.tr/,Existing CM Trackers-Found,,,,,
lighting.CLIENT_X.fi,Essential cookies (exempt from consent),Signify (formerly CLIENT_X Lighting),HTTP Cookie,_mkto_trk,,bench_update_duration,,,Existing CM Trackers-Not Found,,,,,
CLIENT_X.co.il,Essential cookies (exempt from consent),CLIENT_X - Israel,HTTP Cookie,test,,bench_update_duration,TRUE,https://www.CLIENT_X.com.tr/,Existing CM Trackers-Found,,,,,
cdn-scripts.signifyd.com,Essential cookies,Signifyd,JavaScript,_ga_failed_lookup_marker_66_427,,,TRUE,https://www.CLIENT_X.com.tr/,Existing CM Trackers-Found,,,,,
CLIENT_X.com,Essential cookies (exempt from consent),Koninklijke CLIENT_X N.V.,HTTP Cookie,_abck,,,,,Existing CM Trackers-Not Found,,,,,
checkout-ui.prod.ticimax.net,Performance cookies,Ticimax,JavaScript,_ga_failed_lookup_marker_66_429,,,,,Existing CM Trackers-Not Found,,,,,
images.CLIENT_X.com,Essential cookies,Koninklijke CLIENT_X N.V.,JavaScript,_ga_failed_lookup_marker_66_430,,,TRUE,https://www.CLIENT_X.com.tr/healthcare/product/HCNOCTN424PACS,Existing CM Trackers-Found,,,,,
smetrics.marketing.lighting.CLIENT_X.sa,Essential cookies (exempt from consent),CLIENT_X - Kingdom of Saudi Arabia,JavaScript,blank (java),,bench_update_duration,,,Existing CM Trackers-Not Found,,,,,
CLIENT_X.co.th,Essential cookies (exempt from consent),CLIENT_X - Thailand,HTTP Cookie,_tt_enable_cookie,,bench_update_duration,,https://www.CLIENT_X.com.tr/healthcare/clinical-solutions/early-warning-scoring,New Third Party Trackers,,,,,
www.CLIENT_X.com.tr,Essential cookies (exempt from consent),CLIENT_X - Turkey,Beacon,blank (beacon),,180,TRUE,https://www.CLIENT_X.com.tr/c-e/ho/cooking/airfryer-7000-serisi-xxl.html,Existing CM Trackers-Found,,,,,
CLIENT_X.com.br,Essential cookies (exempt from consent),CLIENT_X - Brazil,HTTP Cookie,_kdt,,,,,Existing CM Trackers-Not Found,,,,,
CLIENT_X.co.uk,Essential cookies (exempt from consent),CLIENT_X - United Kingdom,HTTP Cookie,s_cm,,,TRUE,https://www.CLIENT_X.com.tr/c-e/welcome?mag=F02&origin=20_tr_tr_mylumea_app,Existing CM Trackers-Found,,,,,
clarity.ms,Performance Cookies [Requires consent],Microsoft,HTTP Cookie,MUID,,389,TRUE,https://www.CLIENT_X.com.tr/,Existing CM Trackers-Found,,,,,
*.mktoweb.com,Targeted Advertising cookies (including social media),Marketo,Local Storage,bench_new_T2_13396,,,,,Existing CM Trackers-Not Found,,,,,
www.lighting.CLIENT_X.com.sg,Essential cookies (exempt from consent),Signify (formerly CLIENT_X Lighting),HTTP Cookie,CLIENT_X,,bench_update_duration,TRUE,https://www.CLIENT_X.com.tr/,Existing CM Trackers-Found,,,,,
www.patientcare.shop.CLIENT_X.com.sg,Essential cookies (exempt from consent),CLIENT_X - Singapore,HTTP Cookie,fl_qualified_entry,,bench_update_duration,TRUE,https://www.CLIENT_X.com.tr/c-w/tuketici-urunleri-destek/support-contact-page.html,Existing CM Trackers-Found,,,,,
platform-eu.cloud.coveo.com,Performance cookies,Coveo Solutions Inc.,Beacon,_ga_failed_lookup_marker_66_440,,,,,Existing CM Trackers-Not Found,,,,,
mpsnare.iesnare.com,Targeted Advertising Cookies (including social media) [Requires consent],TransUnion,HTTP Cookie,io_token_7c6a6574-f011-4c9a-abdd-9894a102ccef,,bench_update_duration,,,Existing CM Trackers-Not Found,,,,,
CLIENT_X.com.vn,Essential cookies (exempt from consent),CLIENT_X - Vietnam,HTTP Cookie,TEST_AMCV_COOKIE_WRITE,,,,,Existing CM Trackers-Not Found,,,,,
CLIENT_X.it,Essential cookies (exempt from consent),CLIENT_X - Italy,HTTP Cookie,s_ugv,,bench_update_duration,TRUE,https://www.CLIENT_X.com.tr/,Existing CM Trackers-Found,,,,,
supurgesepeti.com,Essential cookies,Supurgesepeti.com,Local Storage,bench_new_T2_13300,,,,,Existing CM Trackers-Not Found,,,,,
linkedin.com,Targeted Advertising cookies (including social media),LinkedIn,HTTP Cookie,bench_new_T2_13341,,180,TRUE,https://www.CLIENT_X.com.tr/c-e/ho/cooking/airfryer-7000-serisi-xxl.html,Existing CM Trackers-Found,,,,,
CLIENT_X.ro,Essential cookies (exempt from consent),CLIENT_X - Romania,HTTP Cookie,test,,,TRUE,https://www.CLIENT_X.com.tr/,Existing CM Trackers-Found,,,,,
www.lighting.CLIENT_X.pl,Essential cookies (exempt from consent),Signify (formerly CLIENT_X Lighting),HTTP Cookie,customer_language_accept,,bench_update_duration,,,Existing CM Trackers-Not Found,,,,,
supurgesepeti.com,Essential cookies,Supurgesepeti.com,HTTP Cookie,_ga_failed_lookup_marker_66_448,,,,,Existing CM Trackers-Not Found,,,,,
s.yimg.com,Targeted Advertising Cookies (including social media) [Requires consent],Yahoo EMEA Limited,ETag,-,,bench_update_duration,TRUE,https://www.CLIENT_X.com.tr/a-w/about,Existing CM Trackers-Found,,,,,
www.CLIENT_X.com.cn,Essential cookies (exempt from consent),CLIENT_X - China,HTTP Cookie,kampyleSessionPageCounter,,,,,Existing CM Trackers-Not Found,,,,,
api.pinterest.com,Targeted Advertising Cookies (including social media) [Requires consent],Pinterest,JavaScript,-,,,TRUE,https://www.CLIENT_X.com.tr/c-e/ho/cooking/airfryer-7000-serisi-xxl.html,Existing CM Trackers-Found,,,,,
cdn.jsdelivr.net,Performance cookies,Volentio JSD Limited,JavaScript,bench_new_T2_13397,,,,,Existing CM Trackers-Not Found,,,,,
www.healthcare.shop.CLIENT_X.nl,Essential cookies (exempt from consent),CLIENT_X - Netherlands,HTTP Cookie,JSESSIONID,,bench_update_duration,TRUE,https://www.CLIENT_X.com.tr/,Existing CM Trackers-Found,,,,,
hmcdn.baidu.com,Performance Cookies [Requires consent],Baidu,ETag,-,,,,,Existing CM Trackers-Not Found,,,,,
www.CLIENT_X.com.tr,Essential cookies,CLIENT_X - Turkey,ETag,_ga_failed_lookup_marker_66_455,,,TRUE,https://www.CLIENT_X.com.tr/,Existing CM Trackers-Found,,,,,
CLIENT_X.co.kr,Essential cookies (exempt from consent),CLIENT_X - Korea,HTTP Cookie,coveo_visitorId,,,TRUE,https://www.CLIENT_X.com.tr/healthcare/solutions/value-products,Existing CM Trackers-Found,,,,,
CLIENT_X.co.in,Essential cookies (exempt from consent),CLIENT_X - India,HTTP Cookie,_gat_UA-XXX,,bench_update_duration,,,Existing CM Trackers-Not Found,,,,,
mpsnare.iesnare.com,Targeted Advertising Cookies (including social media) [Requires consent],TransUnion,JavaScript,-,,bench_update_duration,,,Existing CM Trackers-Not Found,,,,,
yandex.com,Targeted Advertising Cookies (including social media) [Requires consent],Yandex,HTTP Cookie,bh,,bench_update_duration,,,Existing CM Trackers-Not Found,,,,,
www.CLIENT_X.com.tr,Essential cookies,CLIENT_X - Turkey,HTTP Cookie,_ga_failed_lookup_marker_66_460,,365,TRUE,https://www.CLIENT_X.com.tr/c-p/AMF870_15/air-performer-8000-serisi-3-1-arada-hava-temizleyici-fan-ve-isitici,Existing CM Trackers-Found,,,,,
www.CLIENT_X.com.br,Essential cookies (exempt from consent),CLIENT_X - Brazil,HTTP Cookie,kampylePageLoadedTimestamp,,bench_update_duration,,https://www.CLIENT_X.com.tr/c-p/AMF870_15/air-performer-8000-serisi-3-1-arada-hava-temizleyici-fan-ve-isitici,New First Party Trackers,,,,,
CLIENT_X.co.il,Essential cookies (exempt from consent),CLIENT_X - Israel,HTTP Cookie,s_cc,,bench_update_duration,TRUE,https://www.CLIENT_X.com.tr/healthcare,Existing CM Trackers-Found,,,,,
www.CLIENT_X.lt,Essential cookies (exempt from consent),CLIENT_X - Lithuania,HTTP Cookie,kampyleUserSessionsCount,,365,TRUE,https://www.CLIENT_X.com.tr/a-w/about,Existing CM Trackers-Found,,,,,
www.CLIENT_X.com.tr,Essential cookies,CLIENT_X - Turkey,HTTP Cookie,_ga_failed_lookup_marker_66_464,,,,,Existing CM Trackers-Not Found,,,,,
www.loja.CLIENT_X.com.br,Essential cookies (exempt from consent),CLIENT_X - Brazil,ETag,blank (etag),,,,,Existing CM Trackers-Not Found,,,,,
www.CLIENT_X.com.tr,Essential cookies (exempt from consent),CLIENT_X - Turkey,HTTP Cookie,kampyle_userid,,,,,Existing CM Trackers-Not Found,,,,,
www.CLIENT_X.cl,Essential cookies (exempt from consent),CLIENT_X - Chile,HTTP Cookie,kampyleSessionPageCounter,,bench_update_duration,,,Existing CM Trackers-Not Found,,,,,
CLIENT_X.com.qa,Essential cookies (exempt from consent),CLIENT_X - Qatar,HTTP Cookie,_schn2,,bench_update_duration,TRUE,https://www.CLIENT_X.com.tr/c-e/ho/cooking/airfryer-7000-serisi-xxl.html,Existing CM Trackers-Found,,,,,
CLIENT_X.rs,Essential cookies (exempt from consent),CLIENT_X - Serbia,HTTP Cookie,s_eVar8,,0,TRUE,https://www.CLIENT_X.com.tr/,Existing CM Trackers-Found,,,,,
www.lighting.CLIENT_X.co.kr,Essential cookies (exempt from consent),Signify (formerly CLIENT_X Lighting),HTTP Cookie,ltc_cf,,bench_update_duration,,,Existing CM Trackers-Not Found,,,,,
ad.doubleclick.net,Targeted Advertising cookies (including social media),Google Advertising Products,Beacon,_ga_failed_lookup_marker_66_471,,,TRUE,https://www.CLIENT_X.com.tr/,Existing CM Trackers-Found,,,,,
CLIENT_X.ch,Essential cookies (exempt from consent),CLIENT_X - Switzerland,HTTP Cookie,coveo_visitorId,,bench_update_duration,,https://www.CLIENT_X.com.tr/c-e/ho/cooking/elektrikli-akilli-duduklu-tencere-3000-serisi.html,New Third Party Trackers,,,,,
www.hcare.CLIENT_X.com.cn,Essential cookies (exempt from consent),CLIENT_X - China,HTTP Cookie,firstEnterUrlInSession,,bench_update_duration,,,Existing CM Trackers-Not Found,,,,,
CLIENT_X.com.tr,Essential cookies,CLIENT_X - Turkey,HTTP Cookie,bench_new_T2_13203,,session,TRUE,https://www.CLIENT_X.com.tr/,Existing CM Trackers-Found,,,,,
www.lighting.CLIENT_X.com.my,Essential cookies (exempt from consent),Signify (formerly CLIENT_X Lighting),HTTP Cookie,CLIENT_X,,,,,Existing CM Trackers-Not Found,,,,,
www.accounts.CLIENT_X.com,Essential cookies,Koninklijke CLIENT_X N.V.,JavaScript,_ga_failed_lookup_marker_66_476,,,,,Existing CM Trackers-Not Found,,,,,
images.CLIENT_X.com,Essential cookies,Koninklijke CLIENT_X N.V.,ETag,bench_new_T2_13241,,,TRUE,https://www.CLIENT_X.com.tr/c-p/AMF870_15/air-performer-8000-serisi-3-1-arada-hava-temizleyici-fan-ve-isitici,Existing CM Trackers-Found,,,,,
CLIENT_X.com.tr,Essential cookies,CLIENT_X - Turkey,HTTP Cookie,bench_new_T2_13338,,session,TRUE,https://www.CLIENT_X.com.tr/,Existing CM Trackers-Found,,,,,
www.CLIENT_X.fr,Essential cookies (exempt from consent),CLIENT_X - France,HTTP Cookie,p-hc-specialty,,bench_update_duration,,,Existing CM Trackers-Not Found,,,,,
CLIENT_X.ch,Essential cookies (exempt from consent),CLIENT_X - Switzerland,HTTP Cookie,s_tid,,session,TRUE,https://www.CLIENT_X.com.tr/,Existing CM Trackers-Found,,,,,
www.CLIENT_X.ch,Essential cookies (exempt from consent),CLIENT_X - Switzerland,HTTP Cookie,eddl_gtm_qe_session_start_6523424625,,,,,Existing CM Trackers-Not Found,,,,,
CLIENT_X.ee,Essential cookies (exempt from consent),CLIENT_X - Republic of Estonia,HTTP Cookie,_gdXXX,,session,,,Existing CM Trackers-Not Found,,,,,
*.en25.com,Targeted Advertising cookies (including social media),Oracle Marketing,JavaScript,bench_new_T2_13335,,,,https://www.CLIENT_X.com.tr/healthcare,Existing CM Trackers-Found,,,,,
www.CLIENT_X.co.uk,Essential cookies (exempt from consent),CLIENT_X - United Kingdom,HTTP Cookie,ws-id,,,,,Existing CM Trackers-Not Found,,,,,
CLIENT_X.com.au,Essential cookies (exempt from consent),CLIENT_X - Australia,HTTP Cookie,FPLC,,bench_update_duration,TRUE,https://www.CLIENT_X.com.tr/,Existing CM Trackers-Found,,,,,
CLIENT_X.com.tr,Essential cookies,CLIENT_X - Turkey,HTTP Cookie,bench_new_T2_13205,,session,TRUE,https://www.CLIENT_X.com.tr/,Existing CM Trackers-Found,,,,,
CLIENT_X.nl,Essential cookies (exempt from consent),CLIENT_X - Netherlands,HTTP Cookie,_gac_UA-XXX,,bench_update_duration,,,Existing CM Trackers-Not Found,,,,,
www.lighting.CLIENT_X.ua,Essential cookies (exempt from consent),Signify (formerly CLIENT_X Lighting),HTTP Cookie,customer_country,,,,,Existing CM Trackers-Not Found,,,,,
www.supurgesepeti.com,Essential cookies,Supurgesepeti.com,HTTP Cookie,_ga_failed_lookup_marker_66_489,,,,,Existing CM Trackers-Not Found,,,,,
www.CLIENT_X.pl,Essential cookies (exempt from consent),CLIENT_X - Poland,HTTP Cookie,_sdsat_pgm_optin,,bench_update_duration,TRUE,https://www.CLIENT_X.com.tr/,Existing CM Trackers-Found,,,,,
CLIENT_X.rs,Essential cookies (exempt from consent),CLIENT_X - Serbia,HTTP Cookie,TAsessionID,,bench_update_duration,,,Existing CM Trackers-Not Found,,,,,
postrelease.com,Targeted Advertising Cookies (including social media) [Requires consent],"Nativo, Inc.",HTTP Cookie,opt_out,,364,TRUE,https://www.CLIENT_X.com.tr/c-w/tuketici-urunleri-destek/support-contact-page.html,Existing CM Trackers-Found,,,,,
www.lighting.CLIENT_X.si,Essential cookies (exempt from consent),Signify (formerly CLIENT_X Lighting),HTTP Cookie,AWSELB,,0,,,Existing CM Trackers-Not Found,,,,,
CLIENT_X.com.ph,Essential cookies (exempt from consent),CLIENT_X - Philippines,HTTP Cookie,_ga,,,,,Existing CM Trackers-Not Found,,,,,
www.CLIENT_X.com.tw,Essential cookies (exempt from consent),CLIENT_X - Taiwan,HTTP Cookie,kampyleUserPercentile,,bench_update_duration,,https://www.CLIENT_X.com.tr/healthcare,New Third Party Trackers,,,,,
www.CLIENT_X.se,Essential cookies (exempt from consent),CLIENT_X - Sweden,HTTP Cookie,kampyleUserSessionsCount,,90,TRUE,https://www.CLIENT_X.com.tr/,Existing CM Trackers-Found,,,,,
stg.CLIENT_X.ru,Essential cookies (exempt from consent),CLIENT_X - Russia,ETag,blank (etag),,bench_update_duration,,,Existing CM Trackers-Not Found,,,,,
www.lighting.CLIENT_X.co.nz,Essential cookies (exempt from consent),Signify (formerly CLIENT_X Lighting),HTTP Cookie,remember_customer_type,,,,https://www.CLIENT_X.com.tr/,Existing CM Trackers-Found,,,,,
ka-f.fontawesome.com,Targeted Advertising Cookies (including social media) [Requires consent],Font Awesome,ETag,-,,,,,Existing CM Trackers-Not Found,,,,,
CLIENT_X.com.pk,Essential cookies (exempt from consent),CLIENT_X - Pakistan,HTTP Cookie,_gcl_au,,bench_update_duration,,,Existing CM Trackers-Not Found,,,,,
www.CLIENT_X.sa,Essential cookies (exempt from consent),CLIENT_X - Kingdom of Saudi Arabia,HTTP Cookie,p-hc-specialty,,365,TRUE,https://www.CLIENT_X.com.tr/c-p/AMF870_15/air-performer-8000-serisi-3-1-arada-hava-temizleyici-fan-ve-isitici,Existing CM Trackers-Found,,,,,
CLIENT_X.de,Essential cookies (exempt from consent),CLIENT_X - Germany,HTTP Cookie,s_gnr,,bench_update_duration,,https://www.CLIENT_X.com.tr/healthcare,Existing CM Trackers-Found,,,,,
CLIENT_X.pt,Essential cookies (exempt from consent),CLIENT_X - Portugal,HTTP Cookie,_scid_r,,bench_update_duration,TRUE,https://www.CLIENT_X.com.tr/c-f/XC000004909/CLIENT_X-epilat%C3%B6r-cihaz%C4%B1m%C4%B1n-aparatlar%C4%B1-nas%C4%B1l-kullan%C4%B1l%C4%B1r,Existing CM Trackers-Found,,,,,
CLIENT_X.com.tr,Essential cookies,CLIENT_X - Turkey,HTTP Cookie,bench_new_T2_13231,,,,,Existing CM Trackers-Not Found,,,,,
youtube.com,Targeted Advertising cookies (including social media),Google Advertising Products,HTTP Cookie,bench_new_T2_13282,,180,TRUE,https://www.CLIENT_X.com.tr/healthcare/clinical-solutions/early-warning-scoring,Existing CM Trackers-Found,,,,,
www.lighting.CLIENT_X.co.za,Essential cookies (exempt from consent),Signify (formerly CLIENT_X Lighting),JavaScript,blank (java),,0,TRUE,https://www.CLIENT_X.com.tr/,Existing CM Trackers-Found,,,,,
www.CLIENT_X.ng,Essential cookies (exempt from consent),CLIENT_X - Nigeria,HTTP Cookie,mdLogger,,223,TRUE,https://www.CLIENT_X.com.tr/,Existing CM Trackers-Found,,,,,
CLIENT_X.com.tr,Essential cookies,CLIENT_X - Turkey,HTTP Cookie,bench_new_T2_13260,,60,TRUE,https://www.CLIENT_X.com.tr/,Existing CM Trackers-Found,,,,,
www.CLIENT_X.com.vn,Essential cookies (exempt from consent),CLIENT_X - Vietnam,HTTP Cookie,eddl_gtm_qe_session_start_6523424625,,session,TRUE,https://www.CLIENT_X.com.tr/,Existing CM Trackers-Found,,,,,
dsum-sec.casalemedia.com,Targeted Advertising cookies (including social media),Index Exchange Inc.,Beacon,bench_new_T2_13242,,,,https://www.CLIENT_X.com.tr/a-w/about,New Third Party Trackers,,,,,
XXXXXXXXXXXXX.cloudfront.net,Targeted Advertising Cookies (including social media) [Requires consent],Amazon (Cloudfront),ETag,-,,,TRUE,https://www.CLIENT_X.com.tr/shop/order-search/search-input,Existing CM Trackers-Found,,,,,
www.CLIENT_X.ua,Essential cookies (exempt from consent),CLIENT_X - Ukraine,HTTP Cookie,AWSELB,,bench_update_duration,TRUE,https://www.CLIENT_X.com.tr/c-e/ho/cooking/airfryer-7000-serisi-xxl.html,Existing CM Trackers-Found,,,,,
www.CLIENT_X.com.kw,Essential cookies (exempt from consent),CLIENT_X - Kuwait,HTTP Cookie,liveagent_oref,,,,https://www.CLIENT_X.com.tr/healthcare,Existing CM Trackers-Found,,,,,
CLIENT_X.com.tr,Essential cookies,CLIENT_X - Turkey,HTTP Cookie,bench_new_T2_13201,,400,TRUE,https://www.CLIENT_X.com.tr/,Existing CM Trackers-Found,,,,,
www.CLIENT_X.com.ar,Essential cookies (exempt from consent),CLIENT_X - Argentina,HTTP Cookie,kampyleUserSessionsCount,,729,,,Existing CM Trackers-Not Found,,,,,
CLIENT_Xb2c.my.site.com,Performance cookies,"Salesforce.com, Inc.",Local Storage,_ga_failed_lookup_marker_66_516,,,TRUE,https://www.CLIENT_X.com.tr/c-w/tuketici-urunleri-destek/support-contact-page.html,Existing CM Trackers-Found,,,,,
acdn-digitaltrans-01-p.azureedge.net,Targeted Advertising Cookies (including social media) [Requires consent],Microsoft,ETag,-,,bench_update_duration,,,Existing CM Trackers-Not Found,,,,,
www.CLIENT_X.cz,Essential cookies (exempt from consent),CLIENT_X - Czech Republic,HTTP Cookie,_y2,,bench_update_duration,,,Existing CM Trackers-Not Found,,,,,
lighting.CLIENT_X.co.jp,Essential cookies (exempt from consent),Signify (formerly CLIENT_X Lighting),HTTP Cookie,com.adobe.alloy.getTld,,392,TRUE,https://www.CLIENT_X.com.tr/healthcare,Existing CM Trackers-Found,,,,,
CLIENT_X.ro,Essential cookies (exempt from consent),CLIENT_X - Romania,HTTP Cookie,s_nrpv,,90,TRUE,https://www.CLIENT_X.com.tr/,Existing CM Trackers-Found,,,,,
www.lighting.CLIENT_X.co.th,Essential cookies (exempt from consent),Signify (formerly CLIENT_X Lighting),Beacon,blank (beacon),,bench_update_duration,TRUE,https://www.CLIENT_X.com.tr/a-w/about,Existing CM Trackers-Found,,,,,
eitri.api.useinsider.com,Targeted Advertising Cookies (including social media) [Requires consent],Insider,JavaScript,-,,,,,Existing CM Trackers-Not Found,,,,,
CLIENT_X.com.tr,Essential cookies,CLIENT_X - Turkey,HTTP Cookie,bench_new_T2_13221,,,,,Existing CM Trackers-Not Found,,,,,
www.lighting.CLIENT_X.it,Essential cookies (exempt from consent),Signify (formerly CLIENT_X Lighting),HTTP Cookie,AWSELBCORS,,bench_update_duration,,,Existing CM Trackers-Not Found,,,,,
platform.twitter.com,Targeted Advertising cookies (including social media),X (formerly Twitter),ETag,bench_new_T2_13342,,,,,Existing CM Trackers-Not Found,,,,,
www.CLIENT_X.com.co,Essential cookies (exempt from consent),CLIENT_X - Colombia,HTTP Cookie,_scid,,,,,Existing CM Trackers-Not Found,,,,,
www.healthcare.shop.CLIENT_X.it,Essential cookies (exempt from consent),CLIENT_X - Italy,HTTP Cookie,JSESSIONID,,bench_update_duration,,,Existing CM Trackers-Not Found,,,,,
CLIENT_X.co.th,Essential cookies (exempt from consent),CLIENT_X - Thailand,HTTP Cookie,s_gnr,,bench_update_duration,,,Existing CM Trackers-Not Found,,,,,
CLIENT_X.com.tw,Essential cookies (exempt from consent),CLIENT_X - Taiwan,HTTP Cookie,BCSessionID,,,,,Existing CM Trackers-Not Found,,,,,
CLIENT_X.com.my,Essential cookies (exempt from consent),CLIENT_X - Malaysia,HTTP Cookie,s_eVar8,,bench_update_duration,,,Existing CM Trackers-Not Found,,,,,
activity-flow.vtex.com,Performance Cookies [Requires consent],VTEX,ETag,-,,bench_update_duration,,,Existing CM Trackers-Not Found,,,,,
analytics-ipv6.tiktokw.us,Targeted Advertising cookies (including social media),TikTok,Beacon,bench_new_T2_13220,,,,https://www.CLIENT_X.com.tr/,New Third Party Trackers,,,,,
www.CLIENT_X.de,Essential cookies (exempt from consent),CLIENT_X - Germany,HTTP Cookie,user_country,,,,,Existing CM Trackers-Not Found,,,,,
respirtech.com,Essential cookies (exempt from consent),RespirTech,HTTP Cookie,mbox,,,,,Existing CM Trackers-Not Found,,,,,
consent.trustarc.com,Essential cookies,TrustArc,JavaScript,bench_new_T2_13320,,,TRUE,https://www.CLIENT_X.com.tr/,Existing CM Trackers-Found,,,,,
www.store-CLIENT_X.tw,Essential cookies (exempt from consent),CLIENT_X Store - Taiwan,HTTP Cookie,_cft_P,,,,https://www.CLIENT_X.com.tr/c-m-pe/hair-removal,New Third Party Trackers,,,,,
CLIENT_X.co.in,Essential cookies (exempt from consent),CLIENT_X - India,HTTP Cookie,s_eVar44,,bench_update_duration,,,Existing CM Trackers-Not Found,,,,,
ajax.aspnetcdn.com,Targeted Advertising Cookies (including social media) [Requires consent],Microsoft,ETag,-,,bench_update_duration,,,Existing CM Trackers-Not Found,,,,,
CLIENT_X.sa,Essential cookies (exempt from consent),CLIENT_X - Kingdom of Saudi Arabia,HTTP Cookie,_gid,,,,,Existing CM Trackers-Not Found,,,,,
www.CLIENT_X.co.il,Essential cookies (exempt from consent),CLIENT_X - Israel,HTTP Cookie,kampyleUserSession,,,TRUE,https://www.CLIENT_X.com.tr/,Existing CM Trackers-Found,,,,,
www.igt-interactive-tour.com,Essential cookies (exempt from consent),Koninklijke CLIENT_X N.V.,HTTP Cookie,AWSALBCORS,,,,,Existing CM Trackers-Not Found,,,,,
www.tienda.CLIENT_X.cl,Essential cookies (exempt from consent),CLIENT_X - Chile,HTTP Cookie,vtex_session,,,,https://www.CLIENT_X.com.tr/a-w/tanimlama-bilgileri-politikasi,New Third Party Trackers,,,,,
www.lighting.CLIENT_X.com.sg,Essential cookies (exempt from consent),Signify (formerly CLIENT_X Lighting),HTTP Cookie,customer_language_accept,,bench_update_duration,,,Existing CM Trackers-Not Found,,,,,
CLIENT_Xb2c.my.site.com,Performance cookies,"Salesforce.com, Inc.",JavaScript,_ga_failed_lookup_marker_66_544,,,TRUE,https://www.CLIENT_X.com.tr/c-w/tuketici-urunleri-destek/support-contact-page.html,Existing CM Trackers-Found,,,,,
CLIENT_X.bg,Essential cookies (exempt from consent),CLIENT_X - Bulgaria,HTTP Cookie,_gid,,bench_update_duration,TRUE,https://www.CLIENT_X.com.tr/,Existing CM Trackers-Found,,,,,
www.crsc.lighting.CLIENT_X.com,Performance cookies,Signify (formerly CLIENT_X Lighting),ETag,bench_new_T2_13382,,,,,Existing CM Trackers-Not Found,,,,,
www.lighting.CLIENT_X.bg,Essential cookies (exempt from consent),Signify (formerly CLIENT_X Lighting),HTTP Cookie,customer_language_accept,,729,,,Existing CM Trackers-Not Found,,,,,
lighting.CLIENT_X.com.tr,Essential cookies,Signify (formerly CLIENT_X Lighting),HTTP Cookie,_ga_failed_lookup_marker_66_548,,,,,Existing CM Trackers-Not Found,,,,,
dev.CLIENT_X.si,Essential cookies (exempt from consent),CLIENT_X - Slovenia,HTTP Cookie,notice_settings,,392,TRUE,https://www.CLIENT_X.com.tr/healthcare,Existing CM Trackers-Found,,,,,
CLIENT_X.com.eg,Essential cookies (exempt from consent),CLIENT_X - Egypt,HTTP Cookie,zScalerUser,,bench_update_duration,,,Existing CM Trackers-Not Found,,,,,
lighting.CLIENT_X.com.my,Essential cookies (exempt from consent),Signify (formerly CLIENT_X Lighting),HTTP Cookie,s_nr30,,bench_update_duration,TRUE,https://www.CLIENT_X.com.tr/c-e/welcome?mag=F02&origin=20_tr_tr_mylumea_app,Existing CM Trackers-Found,,,,,
CLIENT_X.sk,Essential cookies (exempt from consent),CLIENT_X - Slovakia,HTTP Cookie,_gcl_au,,bench_update_duration,TRUE,https://www.CLIENT_X.com.tr/,Existing CM Trackers-Found,,,,,
trial-eum-clientnsv4-s.akamaihd.net,Targeted Advertising Cookies (including social media) [Requires consent],Akamai,ETag,-,,,,,Existing CM Trackers-Not Found,,,,,
CLIENT_Xit.api.useinsider.com,Targeted Advertising Cookies (including social media) [Requires consent],Insider,ETag,-,,bench_update_duration,TRUE,https://www.CLIENT_X.com.tr/healthcare/clinical-solutions/early-warning-scoring,Existing CM Trackers-Found,,,,,
www.CLIENT_X.at,Essential cookies (exempt from consent),CLIENT_X - Austria,HTTP Cookie,AWSELBCORS,,bench_update_duration,TRUE,https://www.CLIENT_X.com.tr/,Existing CM Trackers-Found,,,,,
www.lighting.CLIENT_X.com.vn,Essential cookies (exempt from consent),Signify (formerly CLIENT_X Lighting),HTTP Cookie,AWSELB,,0,,,Existing CM Trackers-Not Found,,,,,
www.CLIENT_X.co.za,Essential cookies (exempt from consent),CLIENT_X - South Africa,HTTP Cookie,_y2,,,,https://www.CLIENT_X.com.tr/c-e/ho/cooking/elektrikli-akilli-duduklu-tencere-3000-serisi.html,New Third Party Trackers,,,,,
respirtech.com,Essential cookies (exempt from consent),RespirTech,HTTP Cookie,__utmb,,bench_update_duration,,,Existing CM Trackers-Not Found,,,,,
www.lighting.CLIENT_X.com.tr,Essential cookies (exempt from consent),Signify (formerly CLIENT_X Lighting),HTTP Cookie,BCTempID,,,,,Existing CM Trackers-Not Found,,,,,
www.lighting.CLIENT_X.com.my,Essential cookies (exempt from consent),Signify (formerly CLIENT_X Lighting),HTTP Cookie,BCTempID,,bench_update_duration,,,Existing CM Trackers-Not Found,,,,,
CLIENT_X.de,Essential cookies (exempt from consent),CLIENT_X - Germany,HTTP Cookie,_schn1,,bench_update_duration,TRUE,https://www.CLIENT_X.com.tr/c-f/XC000021357/CLIENT_X-homerun-uygulamamda-haritalar-nas%C4%B1l-olu%C5%9Fturulur-ve-y%C3%B6netilir,Existing CM Trackers-Found,,,,,
cdn.navdmp.com,Targeted Advertising Cookies (including social media) [Requires consent],Navegg,JavaScript,-,,bench_update_duration,TRUE,https://www.CLIENT_X.com.tr/healthcare,Existing CM Trackers-Found,,,,,
www.lighting.CLIENT_X.com.hk,Essential cookies (exempt from consent),CLIENT_X - Hong Kong,HTTP Cookie,customer_country,,,TRUE,https://www.CLIENT_X.com.tr/c-e/ho/cooking/airfryer-7000-serisi-xxl.html,Existing CM Trackers-Found,,,,,
CLIENT_X.com.br,Essential cookies (exempt from consent),CLIENT_X - Brazil,HTTP Cookie,_gat_UA-XXX,,bench_update_duration,TRUE,https://www.CLIENT_X.com.tr/,Existing CM Trackers-Found,,,,,
plugins.soclminer.com.br,Targeted Advertising Cookies (including social media) [Requires consent],Social Miner,JavaScript,-,,bench_update_duration,,https://www.CLIENT_X.com.tr/c-p/AMF870_15/air-performer-8000-serisi-3-1-arada-hava-temizleyici-fan-ve-isitici,New First Party Trackers,,,,,
lighting.CLIENT_X.com.sg,Essential cookies (exempt from consent),Signify (formerly CLIENT_X Lighting),HTTP Cookie,s_ppv,,,,,Existing CM Trackers-Not Found,,,,,
www.crsc.lighting.CLIENT_X.com,Performance Cookies [Requires consent],Koninklijke CLIENT_X N.V.,ETag,-,,bench_update_duration,,https://www.CLIENT_X.com.tr/,New Third Party Trackers,,,,,
CLIENT_X.com.eg,Essential cookies (exempt from consent),CLIENT_X - Egypt,HTTP Cookie,_gid,,,,,Existing CM Trackers-Not Found,,,,,
www.CLIENT_X.si,Essential cookies (exempt from consent),CLIENT_X - Slovenia,HTTP Cookie,eddl_itc_list,,bench_update_duration,,,Existing CM Trackers-Not Found,,,,,
CLIENT_X.com.gh,Essential cookies (exempt from consent),CLIENT_X - Ghana,HTTP Cookie,s_vtime,,bench_update_duration,TRUE,https://www.CLIENT_X.com.tr/a-w/about,Existing CM Trackers-Found,,,,,
f.vimeocdn.com,Performance Cookies [Requires consent],Vimeo,JavaScript,-,,bench_update_duration,,,Existing CM Trackers-Not Found,,,,,
CLIENT_X.nl,Essential cookies (exempt from consent),CLIENT_X - Netherlands,HTTP Cookie,_ga,,,,,Existing CM Trackers-Not Found,,,,,
www.CLIENT_X.com.vn,Essential cookies (exempt from consent),CLIENT_X - Vietnam,HTTP Cookie,kampyleUserSession,,,TRUE,https://www.CLIENT_X.com.tr/,Existing CM Trackers-Found,,,,,
www.CLIENT_X.com.eg,Essential cookies (exempt from consent),CLIENT_X - Egypt,HTTP Cookie,kampyleUserPercentile,,,,,Existing CM Trackers-Not Found,,,,,
CLIENT_X.cz,Essential cookies (exempt from consent),CLIENT_X - Czech Republic,HTTP Cookie,com.adobe.alloy.getTld,,,,,Existing CM Trackers-Not Found,,,,,
www.lighting.CLIENT_X.com.tr,Essential cookies (exempt from consent),Signify (formerly CLIENT_X Lighting),Beacon,blank (beacon),,bench_update_duration,,,Existing CM Trackers-Not Found,,,,,
CLIENT_X.com.pk,Essential cookies (exempt from consent),CLIENT_X - Pakistan,HTTP Cookie,test,,bench_update_duration,,https://www.CLIENT_X.com.tr/a-w/about/news/all-news.html,New Third Party Trackers,,,,,
CLIENT_X.jo,Essential cookies (exempt from consent),CLIENT_X - Jordan,HTTP Cookie,s_pv,,,,,Existing CM Trackers-Not Found,,,,,
s2.go-mpulse.net,Performance cookies,Akamai,JavaScript,_ga_failed_lookup_marker_66_579,,,TRUE,https://www.CLIENT_X.com.tr/,Existing CM Trackers-Found,,,,,
www.lighting.CLIENT_X.de,Essential cookies (exempt from consent),Signify (formerly CLIENT_X Lighting),HTTP Cookie,CLIENT_X,,bench_update_duration,,,Existing CM Trackers-Not Found,,,,,
www.CLIENT_X.pl,Essential cookies (exempt from consent),CLIENT_X - Poland,HTTP Cookie,liveagent_vc,,bench_update_duration,,,Existing CM Trackers-Not Found,,,,,
lighting.CLIENT_X.pl,Essential cookies (exempt from consent),Signify (formerly CLIENT_X Lighting),HTTP Cookie,_mkto_trk,,0,TRUE,https://www.CLIENT_X.com.tr/c-p/AMF870_15/air-performer-8000-serisi-3-1-arada-hava-temizleyici-fan-ve-isitici,Existing CM Trackers-Found,,,,,
maps.googleapis.com,Targeted Advertising cookies (including social media),Google Inc.,JavaScript,bench_new_T2_13337,,,TRUE,https://www.CLIENT_X.com.tr/healthcare/about/distributors,Existing CM Trackers-Found,,,,,
CLIENT_X.cl,Essential cookies (exempt from consent),CLIENT_X - Chile,HTTP Cookie,_gid,,,,https://www.CLIENT_X.com.tr/healthcare/education-resources/education-training,New Third Party Trackers,,,,,
www.ambilux.CLIENT_X.com,Essential cookies (exempt from consent),Koninklijke CLIENT_X N.V.,HTTP Cookie,AWSALBCORS,,bench_update_duration,,,Existing CM Trackers-Not Found,,,,,
acc.usa.CLIENT_X.com,Essential cookies (exempt from consent),Koninklijke CLIENT_X N.V.,Beacon,blank (beacon),,,,https://www.CLIENT_X.com.tr/a-w/about,Existing CM Trackers-Found,,,,,
CLIENT_X.se,Essential cookies (exempt from consent),CLIENT_X - Sweden,HTTP Cookie,_gid,,bench_update_duration,,,Existing CM Trackers-Not Found,,,,,
CLIENT_X.com.hk,Essential cookies (exempt from consent),CLIENT_X - Hong Kong,HTTP Cookie,s_pv,,bench_update_duration,TRUE,https://www.CLIENT_X.com.tr/,Existing CM Trackers-Found,,,,,
calculator.inbank.lv,Targeted Advertising Cookies (including social media) [Requires consent],Inbank - Latvia,JavaScript,-,,bench_update_duration,,,Existing CM Trackers-Not Found,,,,,
usa.CLIENT_X.com,Essential cookies (exempt from consent),Koninklijke CLIENT_X N.V.,HTTP Cookie,coveo_visitorId,,,,,Existing CM Trackers-Not Found,,,,,
lighting.CLIENT_X.com.tr,Essential cookies,Signify (formerly CLIENT_X Lighting),HTTP Cookie,bench_new_T2_13365,,,,,Existing CM Trackers-Not Found,,,,,
CLIENT_X.lt,Essential cookies (exempt from consent),CLIENT_X - Lithuania,HTTP Cookie,mbox,,bench_update_duration,TRUE,https://www.CLIENT_X.com.tr/,Existing CM Trackers-Found,,,,,
CLIENT_X.co.ke,Essential cookies (exempt from consent),CLIENT_X - Kenya,HTTP Cookie,_gat_UA-XXX,,0,TRUE,https://www.CLIENT_X.com.tr/,Existing CM Trackers-Found,,,,,
www.CLIENT_X.com.tr,Essential cookies,CLIENT_X - Turkey,HTTP Cookie,bench_new_T2_13251,,30,TRUE,https://www.CLIENT_X.com.tr/c-p/AMF870_15/air-performer-8000-serisi-3-1-arada-hava-temizleyici-fan-ve-isitici,Existing CM Trackers-Found,,,,,
www.subscription.CLIENT_X.es,Essential cookies (exempt from consent),CLIENT_X - Spain,HTTP Cookie,eddl_gtm_qe_session_start_6523424625,,session,TRUE,https://www.CLIENT_X.com.tr/c-p/AMF870_15/air-performer-8000-serisi-3-1-arada-hava-temizleyici-fan-ve-isitici,Existing CM Trackers-Found,,,,,
www.lighting.CLIENT_X.co.za,Essential cookies (exempt from consent),Signify (formerly CLIENT_X Lighting),HTTP Cookie,AWSELB,,bench_update_duration,,,Existing CM Trackers-Not Found,,,,,
CLIENT_X.com.tr,Performance cookies,CLIENT_X - Turkey,HTTP Cookie,_ga_failed_lookup_marker_66_597,,,,,Existing CM Trackers-Not Found,,,,,
www.CLIENT_X.com.tr,Essential cookies,CLIENT_X - Turkey,HTTP Cookie,_ga_failed_lookup_marker_66_598,,365,TRUE,https://www.CLIENT_X.com.tr/c-p/AMF870_15/air-performer-8000-serisi-3-1-arada-hava-temizleyici-fan-ve-isitici,Existing CM Trackers-Found,,,,,
www.subscription.CLIENT_X.se,Essential cookies (exempt from consent),CLIENT_X - Sweden,HTTP Cookie,ARRAffinity,,,,,Existing CM Trackers-Not Found,,,,,
CLIENT_X.lv,Essential cookies (exempt from consent),CLIENT_X - Latvia,HTTP Cookie,notice_behavior,,bench_update_duration,TRUE,https://www.CLIENT_X.com.tr/c-p/AMF870_15/air-performer-8000-serisi-3-1-arada-hava-temizleyici-fan-ve-isitici,Existing CM Trackers-Found,,,,,
CLIENT_X.rs,Essential cookies (exempt from consent),CLIENT_X - Serbia,HTTP Cookie,_schn1,,bench_update_duration,,,Existing CM Trackers-Not Found,,,,,
youtube.com,Targeted Advertising Cookies (including social media) [Requires consent],Google Advertising Products,HTTP Cookie,VISITOR_INFO1_LIVE,,179,TRUE,https://www.CLIENT_X.com.tr/,Existing CM Trackers-Found,,,,,
CLIENT_X.com.tr,Essential cookies,CLIENT_X - Turkey,HTTP Cookie,bench_new_T2_13235,,365,,https://www.CLIENT_X.com.tr/,New First Party Trackers,,,,,
CLIENT_X.com.sg,Essential cookies (exempt from consent),CLIENT_X - Singapore,HTTP Cookie,zScalerUser,,bench_update_duration,,,Existing CM Trackers-Not Found,,,,,
CLIENT_X.com.ph,Essential cookies (exempt from consent),CLIENT_X - Philippines,HTTP Cookie,da_intState,,bench_update_duration,,,Existing CM Trackers-Not Found,,,,,
CLIENT_X.gr,Essential cookies (exempt from consent),CLIENT_X - Greece,HTTP Cookie,zScalerUser,,,,,Existing CM Trackers-Not Found,,,,,
www.CLIENT_X.com.tr,Essential cookies,CLIENT_X - Turkey,HTTP Cookie,_ga_failed_lookup_marker_66_607,,30,TRUE,https://www.CLIENT_X.com.tr/c-p/AMF870_15/air-performer-8000-serisi-3-1-arada-hava-temizleyici-fan-ve-isitici,Existing CM Trackers-Found,,,,,
www.subskrypcje.CLIENT_X.pl,Essential cookies (exempt from consent),CLIENT_X - Poland,HTTP Cookie,ARRAffinitySameSite,,bench_update_duration,TRUE,https://www.CLIENT_X.com.tr/,Existing CM Trackers-Found,,,,,
CLIENT_X.rs,Essential cookies (exempt from consent),CLIENT_X - Serbia,HTTP Cookie,s_ugv,,,,,Existing CM Trackers-Not Found,,,,,
lighting.CLIENT_X.co.za,Essential cookies (exempt from consent),Signify (formerly CLIENT_X Lighting),HTTP Cookie,aam_uuid,,,,,Existing CM Trackers-Not Found,,,,,
*.online-metrix.net,Performance cookies,LexisNexis Risk Solutions (formerly ThreatMetrix),JavaScript,bench_new_T2_13269,,,,https://www.CLIENT_X.com.tr/c-f/XC000021305/CLIENT_X-buhar-%C3%9Creticiminhepsi-bir-arada-%C3%87%C3%B6z%C3%BCm%C3%BCm%C3%BCn-kirecini-nas%C4%B1l-temizlerim,Existing CM Trackers-Found,,,,,
stg.CLIENT_X.ro,Essential cookies (exempt from consent),CLIENT_X - Romania,HTTP Cookie,AWSELBCORS,,bench_update_duration,TRUE,https://www.CLIENT_X.com.tr/,Existing CM Trackers-Found,,,,,
CLIENT_X.co.th,Essential cookies (exempt from consent),CLIENT_X - Thailand,HTTP Cookie,s_cm,,bench_update_duration,,,Existing CM Trackers-Not Found,,,,,
*.akstat.io,Performance cookies,Akamai,Beacon,bench_new_T2_13280,,,,https://www.CLIENT_X.com.tr/c-p/SPT6607B_62/6000-series-kablosuz-klavye-fare-seti,Existing CM Trackers-Found,,,,,
www.lighting.CLIENT_X.com.au,Essential cookies (exempt from consent),Signify (formerly CLIENT_X Lighting),HTTP Cookie,d01-layout,,729,TRUE,https://www.CLIENT_X.com.tr/,Existing CM Trackers-Found,,,,,
CLIENT_X.sk,Essential cookies (exempt from consent),CLIENT_X - Slovakia,HTTP Cookie,internalUserCheck,,90,,https://www.CLIENT_X.com.tr/,New First Party Trackers,,,,,
CLIENT_X.be,Essential cookies (exempt from consent),CLIENT_X - Belgium,HTTP Cookie,iAdvize:splitGroup,,0,,,Existing CM Trackers-Not Found,,,,,
www.shop.CLIENT_X.lt,Essential cookies (exempt from consent),CLIENT_X - Lithuania,JavaScript,blank (java),,400,,https://www.CLIENT_X.com.tr/,New First Party Trackers,,,,,
www.lighting.CLIENT_X.com,Performance cookies,Signify (formerly CLIENT_X Lighting),JavaScript,bench_new_T2_13226,,,,,Existing CM Trackers-Not Found,,,,,
CLIENT_X.ng,Essential cookies (exempt from consent),CLIENT_X - Nigeria,HTTP Cookie,_ga,,bench_update_duration,TRUE,https://www.CLIENT_X.com.tr/,Existing CM Trackers-Found,,,,,
sc-static.net,Targeted Advertising cookies (including social media),Snap Inc.,ETag,bench_new_T2_13209,,,TRUE,https://www.CLIENT_X.com.tr/c-e/ho/ironing/azur-8000-series,Existing CM Trackers-Found,,,,,
CLIENT_X.com,Essential cookies (exempt from consent),Koninklijke CLIENT_X N.V.,HTTP Cookie,_gcl_aw,,365,TRUE,https://www.CLIENT_X.com.tr/c-p/AMF870_15/air-performer-8000-serisi-3-1-arada-hava-temizleyici-fan-ve-isitici,Existing CM Trackers-Found,,,,,
www.CLIENT_X.at,Essential cookies (exempt from consent),CLIENT_X - Austria,HTTP Cookie,ws-active-shop,,bench_update_duration,TRUE,https://www.CLIENT_X.com.tr/,Existing CM Trackers-Found,,,,,
www.CLIENT_X.com.tr,Essential cookies,CLIENT_X - Turkey,HTTP Cookie,_ga_failed_lookup_marker_66_624,,session,TRUE,https://www.CLIENT_X.com.tr/c-p/AMF870_15/air-performer-8000-serisi-3-1-arada-hava-temizleyici-fan-ve-isitici,Existing CM Trackers-Found,,,,,
www.CLIENT_X.com.tr,Essential cookies,CLIENT_X - Turkey,HTTP Cookie,bench_new_T2_13391,,session,TRUE,https://www.CLIENT_X.com.tr/c-p/AMF870_15/air-performer-8000-serisi-3-1-arada-hava-temizleyici-fan-ve-isitici,Existing CM Trackers-Found,,,,,
www.CLIENT_X.co.kr,Essential cookies (exempt from consent),CLIENT_X - Korea,HTTP Cookie,eddl_gtm_qe_session_start_6523424625,,bench_update_duration,,,Existing CM Trackers-Not Found,,,,,
www.CLIENT_X.at,Essential cookies (exempt from consent),CLIENT_X - Austria,HTTP Cookie,mdLogger,,bench_update_duration,TRUE,https://www.CLIENT_X.com.tr/,Existing CM Trackers-Found,,,,,
www.CLIENT_X.hr,Essential cookies (exempt from consent),CLIENT_X - Croatia,Local Storage,blank (local storage),,,,,Existing CM Trackers-Not Found,,,,,
analytics-ipv6.tiktokw.us,Targeted Advertising cookies (including social media),TikTok,Beacon,_ga_failed_lookup_marker_66_629,,,,https://www.CLIENT_X.com.tr/,New Third Party Trackers,,,,,
www.CLIENT_X.nl,Essential cookies (exempt from consent),CLIENT_X - Netherlands,HTTP Cookie,kampyleUserSession,,,,,Existing CM Trackers-Not Found,,,,,
CLIENT_X.com.au,Essential cookies (exempt from consent),CLIENT_X - Australia,HTTP Cookie,mbox,,bench_update_duration,TRUE,https://www.CLIENT_X.com.tr/healthcare/clinical-solutions/early-warning-scoring,Existing CM Trackers-Found,,,,,
www.healthcare.shop.CLIENT_X.fr,Essential cookies (exempt from consent),CLIENT_X - France,HTTP Cookie,eddl_gtm_qe_session_start_6523424625,,365,TRUE,https://www.CLIENT_X.com.tr/a-w/about,Existing CM Trackers-Found,,,,,
static.hotjar.com,Performance cookies,Hotjar,JavaScript,_ga_failed_lookup_marker_66_633,,,,,Existing CM Trackers-Not Found,,,,,
s1065054172.t.eloqua.com,Targeted Advertising Cookies (including social media) [Requires consent],Oracle Marketing,JavaScript,-,,,,,Existing CM Trackers-Not Found,,,,,
www.lighting.CLIENT_X.it,Essential cookies (exempt from consent),Signify (formerly CLIENT_X Lighting),HTTP Cookie,d01-layout,,,,,Existing CM Trackers-Not Found,,,,,
cdn.mouseflow.com,Performance cookies,Mouseflow,ETag,bench_new_T2_13229,,,,https://www.CLIENT_X.com.tr/c-m-pe/hair-removal,New Third Party Trackers,,,,,
www.CLIENT_X.fi,Essential cookies (exempt from consent),CLIENT_X - Finland,HTTP Cookie,T01-recentlyViewedProducts,,bench_update_duration,TRUE,https://www.CLIENT_X.com.tr/,Existing CM Trackers-Found,,,,,
supurgesepeti.com,Essential cookies,Supurgesepeti.com,HTTP Cookie,_ga_failed_lookup_marker_66_638,,,,,Existing CM Trackers-Not Found,,,,,
www.CLIENT_X.si,Essential cookies (exempt from consent),CLIENT_X - Slovenia,HTTP Cookie,AWSELBCORS,,0,TRUE,https://www.CLIENT_X.com.tr/c-p/AMF870_15/air-performer-8000-serisi-3-1-arada-hava-temizleyici-fan-ve-isitici,Existing CM Trackers-Found,,,,,
CLIENT_X.com.hk,Essential cookies (exempt from consent),CLIENT_X - Hong Kong,HTTP Cookie,BCSessionID,,bench_update_duration,,https://www.CLIENT_X.com.tr/c-e/ho/cooking/elektrikli-akilli-duduklu-tencere-3000-serisi.html,New Third Party Trackers,,,,,
CLIENT_X.co.uk,Essential cookies (exempt from consent),CLIENT_X - United Kingdom,HTTP Cookie,_scid_r,,bench_update_duration,TRUE,https://www.CLIENT_X.com.tr/c-w/tuketici-urunleri-destek/support-contact-page.html,Existing CM Trackers-Found,,,,,
CLIENT_X.com.pk,Essential cookies (exempt from consent),CLIENT_X - Pakistan,HTTP Cookie,s_eVar44,,,,,Existing CM Trackers-Not Found,,,,,
js-package.s3.ap-northeast-1.amazonaws.com,Performance Cookies [Requires consent],Amazon (Web Services),JavaScript,-,,bench_update_duration,,,Existing CM Trackers-Not Found,,,,,
www.CLIENT_X.ro,Essential cookies (exempt from consent),CLIENT_X - Romania,HTTP Cookie,RO_Pub-cart-com,,,,,Existing CM Trackers-Not Found,,,,,
CLIENT_X.lv,Essential cookies (exempt from consent),CLIENT_X - Latvia,HTTP Cookie,s_ugv,,bench_update_duration,,,Existing CM Trackers-Not Found,,,,,
content.delivery-portal.demant.com,Performance Cookies [Requires consent],Demant,ETag,-,,,,,Existing CM Trackers-Not Found,,,,,
www.lighting.CLIENT_X.dk,Essential cookies (exempt from consent),Signify (formerly CLIENT_X Lighting),ETag,blank (etag),,bench_update_duration,TRUE,https://www.CLIENT_X.com.tr/c-w/tuketici-urunleri-destek/support-contact-page.html,Existing CM Trackers-Found,,,,,
consent.trustarc.com,Essential cookies,TrustArc,Beacon,bench_new_T2_13248,,,TRUE,https://www.CLIENT_X.com.tr/,Existing CM Trackers-Found,,,,,
CLIENT_X.com.tr,Essential cookies (exempt from consent),CLIENT_X - Turkey,HTTP Cookie,notice_behavior,,,,,Existing CM Trackers-Not Found,,,,,
td.yieldify.com,Targeted Advertising cookies (including social media),Yieldify,ETag,bench_new_T2_13265,,,,,Existing CM Trackers-Not Found,,,,,
www.supurgesepeti.com,Essential cookies,Supurgesepeti.com,HTTP Cookie,bench_new_T2_13213,,,,,Existing CM Trackers-Not Found,,,,,
trc.taboola.com,Targeted Advertising Cookies (including social media) [Requires consent],Taboola Europe Limited,Beacon,-,,,,https://www.CLIENT_X.com.tr/c-f/XC000021305/CLIENT_X-buhar-%C3%9Creticiminhepsi-bir-arada-%C3%87%C3%B6z%C3%BCm%C3%BCm%C3%BCn-kirecini-nas%C4%B1l-temizlerim,Existing CM Trackers-Found,,,,,
careers.CLIENT_X.com.cn,Essential cookies (exempt from consent),CLIENT_X - China,HTTP Cookie,Hm_ck_XXXXXXXXXXXXX,,bench_update_duration,,https://www.CLIENT_X.com.tr/c-p/SWV9433C_00/hdmi-2.1-kablosu,New Third Party Trackers,,,,,
www.lighting.CLIENT_X.hr,Essential cookies (exempt from consent),Signify (formerly CLIENT_X Lighting),HTTP Cookie,CLIENT_X,,,TRUE,https://www.CLIENT_X.com.tr/c-f/XC000004909/CLIENT_X-epilat%C3%B6r-cihaz%C4%B1m%C4%B1n-aparatlar%C4%B1-nas%C4%B1l-kullan%C4%B1l%C4%B1r,Existing CM Trackers-Found,,,,,
CLIENT_X.co.il,Essential cookies (exempt from consent),CLIENT_X - Israel,HTTP Cookie,mboxEdgeCluster,,bench_update_duration,TRUE,https://www.CLIENT_X.com.tr/,Existing CM Trackers-Found,,,,,
fonts.yieldify-production.com,Targeted Advertising cookies (including social media),Yieldify,ETag,bench_new_T2_13384,,,,,Existing CM Trackers-Not Found,,,,,
www.CLIENT_X.fi,Essential cookies (exempt from consent),CLIENT_X - Finland,Local Storage,blank (local storage),,,,,Existing CM Trackers-Not Found,,,,,
respirtech.com,Essential cookies (exempt from consent),RespirTech,HTTP Cookie,_schn1,,,,,Existing CM Trackers-Not Found,,,,,
CLIENT_X.pl,Essential cookies (exempt from consent),CLIENT_X - Poland,HTTP Cookie,mboxEdgeCluster,,,,,Existing CM Trackers-Not Found,,,,,
www.lighting.CLIENT_X.ua,Essential cookies (exempt from consent),Signify (formerly CLIENT_X Lighting),HTTP Cookie,s_as,,bench_update_duration,,,Existing CM Trackers-Not Found,,,,,
CLIENT_X.de,Essential cookies (exempt from consent),CLIENT_X - Germany,HTTP Cookie,_uetvid,,390,TRUE,https://www.CLIENT_X.com.tr/c-e/ho/cooking/airfryer-7000-serisi-xxl.html,Existing CM Trackers-Found,,,,,
www.youtube-nocookie.com,Preference cookies,Google Inc.,Local Storage,yt.innertube::nextId,,,TRUE,https://www.CLIENT_X.com.tr/,Existing CM Trackers-Found,,,,,
CLIENT_X.sk,Essential cookies (exempt from consent),CLIENT_X - Slovakia,HTTP Cookie,li_cm_prefs_session,,,,,Existing CM Trackers-Not Found,,,,,
CLIENT_X.com.tr,Essential cookies (exempt from consent),CLIENT_X - Turkey,HTTP Cookie,com.adobe.alloy.getTld,,,TRUE,https://www.CLIENT_X.com.tr/c-p/AMF870_15/air-performer-8000-serisi-3-1-arada-hava-temizleyici-fan-ve-isitici,Existing CM Trackers-Found,,,,,
www.CLIENT_X.com.tr,Performance cookies,CLIENT_X - Turkey,HTTP Cookie,_ga_failed_lookup_marker_66_665,,,,,Existing CM Trackers-Not Found,,,,,
halc.iadvize.com,Performance cookies,iAdvize,ETag,_ga_failed_lookup_marker_66_666,,,TRUE,https://www.CLIENT_X.com.tr/c-e/ho/cooking/airfryer-7000-serisi-xxl.html,Existing CM Trackers-Found,,,,,
www.supurgesepeti.com,Essential cookies,Supurgesepeti.com,HTTP Cookie,_ga_failed_lookup_marker_66_667,,,,,Existing CM Trackers-Not Found,,,,,
mcdn.retailrocket.net,Performance Cookies [Requires consent],Retail Rocket LLC,Beacon,-,,bench_update_duration,,,Existing CM Trackers-Not Found,,,,,
CLIENT_X.ru,Essential cookies (exempt from consent),CLIENT_X - Russia,HTTP Cookie,_fbp,,,TRUE,https://www.CLIENT_X.com.tr/,Existing CM Trackers-Found,,,,,
CLIENT_X.com.gh,Essential cookies (exempt from consent),CLIENT_X - Ghana,HTTP Cookie,_gat_UA-XXX,,0,,,Existing CM Trackers-Not Found,,,,,
*.mktoweb.com,Targeted Advertising cookies (including social media),Marketo,JavaScript,bench_new_T2_13297,,,,,Existing CM Trackers-Not Found,,,,,
www.CLIENT_X.com.tr,Essential cookies,CLIENT_X - Turkey,HTTP Cookie,_ga_failed_lookup_marker_66_672,,0,,https://www.CLIENT_X.com.tr/c-p/AMF870_15/air-performer-8000-serisi-3-1-arada-hava-temizleyici-fan-ve-isitici,New First Party Trackers,,,,,
www.CLIENT_X.jo,Essential cookies (exempt from consent),CLIENT_X - Jordan,HTTP Cookie,AWSELB,,0,TRUE,https://www.CLIENT_X.com.tr/,Existing CM Trackers-Found,,,,,
cdn.segment.com,Performance Cookies [Requires consent],Segment,ETag,-,,,TRUE,https://www.CLIENT_X.com.tr/a-w/about-CLIENT_X/sustainability.html,Existing CM Trackers-Found,,,,,
CLIENT_X.fi,Essential cookies (exempt from consent),CLIENT_X - Finland,HTTP Cookie,s_eVar8,,,,,Existing CM Trackers-Not Found,,,,,
www.CLIENT_X.gr,Essential cookies (exempt from consent),CLIENT_X - Greece,HTTP Cookie,mdLogger,,,TRUE,https://www.CLIENT_X.com.tr/c-e/ho/homeid-app.html,Existing CM Trackers-Found,,,,,
lighting.CLIENT_X.com.tr,Performance cookies,Signify (formerly CLIENT_X Lighting),HTTP Cookie,bench_new_T2_13243,,,,,Existing CM Trackers-Not Found,,,,,
www.healthcare.shop.CLIENT_X.nl,Essential cookies (exempt from consent),CLIENT_X - Netherlands,HTTP Cookie,kampyle_userid,,,TRUE,https://www.CLIENT_X.com.tr/c-e/welcome?mag=F02&origin=20_tr_tr_mylumea_app,Existing CM Trackers-Found,,,,,
CLIENT_X.com.gh,Essential cookies (exempt from consent),CLIENT_X - Ghana,HTTP Cookie,zScalerUser,,bench_update_duration,,,Existing CM Trackers-Not Found,,,,,
CLIENT_X.nl,Essential cookies (exempt from consent),CLIENT_X - Netherlands,HTTP Cookie,_scid_r,,,,,Existing CM Trackers-Not Found,,,,,
CLIENT_X.cl,Essential cookies (exempt from consent),CLIENT_X - Chile,HTTP Cookie,_gcl_au,,bench_update_duration,,,Existing CM Trackers-Not Found,,,,,
www.crsc.lighting.CLIENT_X.com,Performance cookies,Signify (formerly CLIENT_X Lighting),ETag,bench_new_T2_13301,,,,,Existing CM Trackers-Not Found,,,,,
tremorhub.com,Targeted Advertising cookies (including social media),"Magnite CTV, Inc.",HTTP Cookie,bench_new_T2_13314,,400,TRUE,https://www.CLIENT_X.com.tr/a-w/about,Existing CM Trackers-Found,,,,,
lighting.CLIENT_X.com.tr,Essential cookies,Signify (formerly CLIENT_X Lighting),HTTP Cookie,_ga_failed_lookup_marker_66_684,,,,,Existing CM Trackers-Not Found,,,,,
CLIENT_X.com.tr,Essential cookies,CLIENT_X - Turkey,HTTP Cookie,bench_new_T2_13324,,393,TRUE,https://www.CLIENT_X.com.tr/,Existing CM Trackers-Found,,,,,
www.CLIENT_X.ca,Essential cookies (exempt from consent),CLIENT_X - Canada,HTTP Cookie,AWSELBCORS,,bench_update_duration,TRUE,https://www.CLIENT_X.com.tr/c-p/AMF870_15/air-performer-8000-serisi-3-1-arada-hava-temizleyici-fan-ve-isitici,Existing CM Trackers-Found,,,,,
www.lighting.CLIENT_X.co.id,Essential cookies (exempt from consent),Signify (formerly CLIENT_X Lighting),HTTP Cookie,AWSELBCORS,,bench_update_duration,TRUE,https://www.CLIENT_X.com.tr/c-p/AMF870_15/air-performer-8000-serisi-3-1-arada-hava-temizleyici-fan-ve-isitici,Existing CM Trackers-Found,,,,,
CLIENT_X.ee,Essential cookies (exempt from consent),CLIENT_X - Republic of Estonia,HTTP Cookie,_scid_r,,,,,Existing CM Trackers-Not Found,,,,,
www.CLIENT_X.es,Essential cookies (exempt from consent),CLIENT_X - Spain,JavaScript,blank (java),,,,,Existing CM Trackers-Not Found,,,,,
www.respirtech.com,Essential cookies (exempt from consent),RespirTech,HTTP Cookie,__attentive_dv,,bench_update_duration,TRUE,https://www.CLIENT_X.com.tr/,Existing CM Trackers-Found,,,,,
www.lighting.CLIENT_X.bg,Essential cookies (exempt from consent),Signify (formerly CLIENT_X Lighting),HTTP Cookie,AWSELBCORS,,0,TRUE,https://www.CLIENT_X.com.tr/a-w/about/news/all-news.html,Existing CM Trackers-Found,,,,,
yieldify-static-files.s3.eu-west-1.amazonaws.com,Targeted Advertising Cookies (including social media) [Requires consent],Amazon (Web Services),ETag,-,,,,,Existing CM Trackers-Not Found,,,,,
www.lighting.CLIENT_X.com.my,Essential cookies (exempt from consent),Signify (formerly CLIENT_X Lighting),ETag,blank (etag),,,,https://www.CLIENT_X.com.tr/c-w/tuketici-urunleri-destek/support-contact-page.html,New Third Party Trackers,,,,,
lighting.CLIENT_X.com.tr,Essential cookies,Signify (formerly CLIENT_X Lighting),HTTP Cookie,_ga_failed_lookup_marker_66_694,,,,,Existing CM Trackers-Not Found,,,,,
CLIENT_X.es,Essential cookies (exempt from consent),CLIENT_X - Spain,HTTP Cookie,_gdXXX,,bench_update_duration,,https://www.CLIENT_X.com.tr/,New First Party Trackers,,,,,
www.CLIENT_X.co.uk,Essential cookies (exempt from consent),CLIENT_X - United Kingdom,HTTP Cookie,kampyleUserPercentile,,bench_update_duration,,,Existing CM Trackers-Not Found,,,,,
www.mylife.CLIENT_X.com.cn,Essential cookies (exempt from consent),CLIENT_X - China,ETag,blank (etag),,,,https://www.CLIENT_X.com.tr/c-w/tuketici-urunleri-destek/support-contact-page.html,New Third Party Trackers,,,,,
platform-eu.cloud.coveo.com,Performance cookies,Coveo Solutions Inc.,Beacon,_ga_failed_lookup_marker_66_698,,,,,Existing CM Trackers-Not Found,,,,,
www.CLIENT_X.se,Essential cookies (exempt from consent),CLIENT_X - Sweden,HTTP Cookie,ws-id,,bench_update_duration,,,Existing CM Trackers-Not Found,,,,,
cdn.ticimax.cloud,Performance cookies,Ticimax,JavaScript,_ga_failed_lookup_marker_66_700,,,,,Existing CM Trackers-Not Found,,,,,
agent-versuni.mindtouch.us,Performance cookies,MindTouch,Beacon,bench_new_T2_13237,,,,https://www.CLIENT_X.com.tr/c-f/XC000021443/CLIENT_X-vantilat%C3%B6r%C3%BCm-sal%C4%B1n%C4%B1m-yaparken-al%C4%B1%C5%9F%C4%B1lmad%C4%B1k-bir-ses-%C3%A7%C4%B1kar%C4%B1yor,New Third Party Trackers,,,,,
CLIENT_X.cl,Essential cookies (exempt from consent),CLIENT_X - Chile,HTTP Cookie,s_cc,,,,,Existing CM Trackers-Not Found,,,,,
lighting.CLIENT_X.co.kr,Essential cookies (exempt from consent),Signify (formerly CLIENT_X Lighting),HTTP Cookie,s_pv,,,,https://www.CLIENT_X.com.tr/c-e/shop/checkout,New Third Party Trackers,,,,,
www.usa.CLIENT_X.com,Essential cookies (exempt from consent),Koninklijke CLIENT_X N.V.,HTTP Cookie,_sst_dcamid,,bench_update_duration,TRUE,https://www.CLIENT_X.com.tr/c-p/AMF870_15/air-performer-8000-serisi-3-1-arada-hava-temizleyici-fan-ve-isitici,Existing CM Trackers-Found,,,,,
mc.yandex.com,Targeted Advertising Cookies (including social media) [Requires consent],Yandex,ETag,-,,400,TRUE,https://www.CLIENT_X.com.tr/,Existing CM Trackers-Found,,,,,
*.mktoweb.com,Targeted Advertising cookies (including social media),Marketo,JavaScript,_ga_failed_lookup_marker_66_706,,,,,Existing CM Trackers-Not Found,,,,,
www.gwarancjaksenon.CLIENT_X.pl,Essential cookies (exempt from consent),CLIENT_X - Poland,ETag,blank (etag),,bench_update_duration,,,Existing CM Trackers-Not Found,,,,,
www.usa.CLIENT_X.com,Essential cookies (exempt from consent),Koninklijke CLIENT_X N.V.,HTTP Cookie,__attentive_id,,bench_update_duration,TRUE,https://www.CLIENT_X.com.tr/,Existing CM Trackers-Found,,,,,
www.maxosfusionconfigurator.lighting.CLIENT_X.com,Performance Cookies [Requires consent],Koninklijke CLIENT_X N.V.,JavaScript,-,,bench_update_duration,TRUE,https://www.CLIENT_X.com.tr/c-e/ho/cooking/airfryer-7000-serisi-xxl.html,Existing CM Trackers-Found,,,,,
CLIENT_X.cz,Essential cookies (exempt from consent),CLIENT_X - Czech Republic,HTTP Cookie,li_cm_prefs_session,,390,TRUE,https://www.CLIENT_X.com.tr/,Existing CM Trackers-Found,,,,,
www.CLIENT_X.be,Essential cookies (exempt from consent),CLIENT_X - Belgium,HTTP Cookie,kampyleSessionPageCounter,,bench_update_duration,TRUE,https://www.CLIENT_X.com.tr/a-w/about,Existing CM Trackers-Found,,,,,
www.usa.CLIENT_X.com,Essential cookies (exempt from consent),Koninklijke CLIENT_X N.V.,HTTP Cookie,liveagent_vc,,bench_update_duration,TRUE,https://www.CLIENT_X.com.tr/a-w/about,Existing CM Trackers-Found,,,,,
tag-logger.demandbase.com,Targeted Advertising cookies (including social media),"Demandbase, Inc.",ETag,bench_new_T2_13375,,,,https://www.CLIENT_X.com.tr/a-w/about-CLIENT_X/bilgi-toplumu-hizmetleri.html,New Third Party Trackers,,,,,
googleads.g.doubleclick.net,Targeted Advertising cookies (including social media),Google Advertising Products,Beacon,bench_new_T2_13385,,,TRUE,https://www.CLIENT_X.com.tr/,Existing CM Trackers-Found,,,,,
CLIENT_X.com.eg,Essential cookies (exempt from consent),CLIENT_X - Egypt,HTTP Cookie,s_cc,,,,https://www.CLIENT_X.com.tr/c-m-pe/hair-removal,New Third Party Trackers,,,,,
www.CLIENT_X.com.eg,Essential cookies (exempt from consent),CLIENT_X - Egypt,HTTP Cookie,_sdsat_pgm_optin,,session,TRUE,https://www.CLIENT_X.com.tr/,Existing CM Trackers-Found,,,,,
bh.contextweb.com,Targeted Advertising Cookies (including social media) [Requires consent],"PulsePoint, Inc.",HTTP Cookie,INGRESSCOOKIE,,bench_update_duration,,,Existing CM Trackers-Not Found,,,,,
CLIENT_X.com.tr,Essential cookies,CLIENT_X - Turkey,HTTP Cookie,_ga_failed_lookup_marker_66_718,,,,,Existing CM Trackers-Not Found,,,,,
lighting.CLIENT_X.no,Essential cookies (exempt from consent),Signify (formerly CLIENT_X Lighting),HTTP Cookie,_mkto_trk,,bench_update_duration,TRUE,https://www.CLIENT_X.com.tr/,Existing CM Trackers-Found,,,,,
CLIENT_X.sk,Essential cookies (exempt from consent),CLIENT_X - Slovakia,HTTP Cookie,zScalerUser,,392,TRUE,https://www.CLIENT_X.com.tr/healthcare,Existing CM Trackers-Found,,,,,
www.CLIENT_X.com.tr,Essential cookies,CLIENT_X - Turkey,HTTP Cookie,bench_new_T2_13345,,session,TRUE,https://www.CLIENT_X.com.tr/c-p/AMF870_15/air-performer-8000-serisi-3-1-arada-hava-temizleyici-fan-ve-isitici,Existing CM Trackers-Found,,,,,
maps.googleapis.com,Targeted Advertising Cookies (including social media) [Requires consent],Google Inc.,Beacon,-,,,TRUE,https://www.CLIENT_X.com.tr/shop/order-search/search-input,Existing CM Trackers-Found,,,,,
CLIENT_X.com.tr,Essential cookies,CLIENT_X - Turkey,HTTP Cookie,bench_new_T2_13239,,400,TRUE,https://www.CLIENT_X.com.tr/,Existing CM Trackers-Found,,,,,
CLIENT_X.co.id,Essential cookies (exempt from consent),CLIENT_X - Indonesia,HTTP Cookie,s_vtime,,392,TRUE,https://www.CLIENT_X.com.tr/healthcare,Existing CM Trackers-Found,,,,,
www.gwarancjaksenon.CLIENT_X.pl,Essential cookies (exempt from consent),CLIENT_X - Poland,HTTP Cookie,PHPSESSID,,bench_update_duration,TRUE,https://www.CLIENT_X.com.tr/c-p/AMF870_15/air-performer-8000-serisi-3-1-arada-hava-temizleyici-fan-ve-isitici,Existing CM Trackers-Found,,,,,
linkedin.com,Targeted Advertising Cookies (including social media) [Requires consent],LinkedIn,HTTP Cookie,AnalyticsSyncHistory,,bench_update_duration,,,Existing CM Trackers-Not Found,,,,,
www.lighting.CLIENT_X.com.gh,Essential cookies (exempt from consent),Signify (formerly CLIENT_X Lighting),HTTP Cookie,s_mc,,bench_update_duration,TRUE,https://www.CLIENT_X.com.tr/c-e/ho/cooking/airfryer-7000-serisi-xxl.html,Existing CM Trackers-Found,,,,,
www.CLIENT_X.at,Essential cookies (exempt from consent),CLIENT_X - Austria,HTTP Cookie,ws-id,,0,,,Existing CM Trackers-Not Found,,,,,
www.lighting.CLIENT_X.es,Essential cookies (exempt from consent),Signify (formerly CLIENT_X Lighting),HTTP Cookie,customer_country,,bench_update_duration,TRUE,https://www.CLIENT_X.com.tr/,Existing CM Trackers-Found,,,,,
www.CLIENT_X.lt,Essential cookies (exempt from consent),CLIENT_X - Lithuania,HTTP Cookie,kampyleUserPercentile,,bench_update_duration,TRUE,https://www.CLIENT_X.com.tr/shop/order-search/search-input,Existing CM Trackers-Found,,,,,
www.CLIENT_X.bg,Essential cookies (exempt from consent),CLIENT_X - Bulgaria,HTTP Cookie,kampyleUserSessionsCount,,729,TRUE,https://www.CLIENT_X.com.tr/c-p/AMF870_15/air-performer-8000-serisi-3-1-arada-hava-temizleyici-fan-ve-isitici,Existing CM Trackers-Found,,,,,
www.centralamerica.CLIENT_X.com,Essential cookies (exempt from consent),Koninklijke CLIENT_X N.V.,HTTP Cookie,user_country,,bench_update_duration,,,Existing CM Trackers-Not Found,,,,,
tag.demandbase.com,Targeted Advertising cookies (including social media),"Demandbase, Inc.",ETag,_ga_failed_lookup_marker_66_733,,,TRUE,https://www.CLIENT_X.com.tr/a-w/about,Existing CM Trackers-Found,,,,,
www.lighting.CLIENT_X.co.il,Essential cookies (exempt from consent),Signify (formerly CLIENT_X Lighting),JavaScript,blank (java),,,TRUE,https://www.CLIENT_X.com.tr/,Existing CM Trackers-Found,,,,,
CLIENT_X.com.cn,Essential cookies (exempt from consent),CLIENT_X - China,HTTP Cookie,s_cm,,,TRUE,https://www.CLIENT_X.com.tr/,Existing CM Trackers-Found,,,,,
CLIENT_X.com.tw,Essential cookies (exempt from consent),CLIENT_X - Taiwan,HTTP Cookie,com.adobe.alloy.getTld,,,TRUE,https://www.CLIENT_X.com.tr/,Existing CM Trackers-Found,,,,,
www.CLIENT_X.com.sg,Essential cookies (exempt from consent),CLIENT_X - Singapore,HTTP Cookie,kampyleUserPercentile,,bench_update_duration,,,Existing CM Trackers-Not Found,,,,,
tracking.krip.cl,Performance Cookies [Requires consent],Krip,JavaScript,-,,bench_update_duration,TRUE,https://www.CLIENT_X.com.tr/,Existing CM Trackers-Found,,,,,
www.CLIENT_X.it,Essential cookies (exempt from consent),CLIENT_X - Italy,HTTP Cookie,p-hc-catg,,,TRUE,https://www.CLIENT_X.com.tr/c-f/XC000004909/CLIENT_X-epilat%C3%B6r-cihaz%C4%B1m%C4%B1n-aparatlar%C4%B1-nas%C4%B1l-kullan%C4%B1l%C4%B1r,Existing CM Trackers-Found,,,,,
www.lighting.CLIENT_X.co.il,Essential cookies (exempt from consent),Signify (formerly CLIENT_X Lighting),HTTP Cookie,AWSELB,,bench_update_duration,TRUE,https://www.CLIENT_X.com.tr/c-e/ho/cooking/airfryer-7000-serisi-xxl.html,Existing CM Trackers-Found,,,,,
CLIENT_X.com.sg,Essential cookies (exempt from consent),CLIENT_X - Singapore,HTTP Cookie,BCSessionID,,390,TRUE,https://www.CLIENT_X.com.tr/c-e/ho/cooking/airfryer-7000-serisi-xxl.html,Existing CM Trackers-Found,,,,,
CLIENT_X.co.in,Essential cookies (exempt from consent),CLIENT_X - India,HTTP Cookie,__tld__,,,,,Existing CM Trackers-Not Found,,,,,
CLIENT_X.es,Essential cookies (exempt from consent),CLIENT_X - Spain,HTTP Cookie,_gcl_au,,bench_update_duration,TRUE,https://www.CLIENT_X.com.tr/,Existing CM Trackers-Found,,,,,
www.subscriptions.CLIENT_X.de,Essential cookies (exempt from consent),CLIENT_X - Germany,HTTP Cookie,kampyleSessionPageCounter,,bench_update_duration,TRUE,https://www.CLIENT_X.com.tr/,Existing CM Trackers-Found,,,,,
CLIENT_X.com.co,Essential cookies (exempt from consent),CLIENT_X - Colombia,HTTP Cookie,coveo_visitorId,,bench_update_duration,TRUE,https://www.CLIENT_X.com.tr/healthcare/about/distributors,Existing CM Trackers-Found,,,,,
CLIENT_X.ca,Essential cookies (exempt from consent),CLIENT_X - Canada,HTTP Cookie,s_vtime,,,,,Existing CM Trackers-Not Found,,,,,
support.niceteknoloji.com,Performance cookies,Nice Technology,JavaScript,bench_new_T2_13373,,,,,Existing CM Trackers-Not Found,,,,,
www.CLIENT_X.com.tr,Essential cookies,CLIENT_X - Turkey,HTTP Cookie,_ga_failed_lookup_marker_66_748,,365,TRUE,https://www.CLIENT_X.com.tr/c-p/AMF870_15/air-performer-8000-serisi-3-1-arada-hava-temizleyici-fan-ve-isitici,Existing CM Trackers-Found,,,,,
CLIENT_X.ma,Essential cookies (exempt from consent),CLIENT_X - Morocco,HTTP Cookie,internalUserCheck,,,,,Existing CM Trackers-Not Found,,,,,
prefmgr-cookie.truste-svc.net,Essential cookies (exempt from consent),TrustArc,HTTP Cookie,cookie_3rdparty,,,,,Existing CM Trackers-Not Found,,,,,
koninklijkeCLIENT_Xnvproduction2k8xfrmr.org.coveo.com,Performance Cookies [Requires consent],Coveo Solutions Inc.,Beacon,-,,,,,Existing CM Trackers-Not Found,,,,,
www.lightset-creator.lighting.CLIENT_X.com,Performance Cookies [Requires consent],Signify (formerly CLIENT_X Lighting),ETag,-,,,TRUE,https://www.CLIENT_X.com.tr/,Existing CM Trackers-Found,,,,,
CLIENT_X.com.tr,Essential cookies,CLIENT_X - Turkey,HTTP Cookie,_ga_failed_lookup_marker_66_753,,400,TRUE,https://www.CLIENT_X.com.tr/,Existing CM Trackers-Found,,,,,
www.CLIENT_X.bg,Essential cookies (exempt from consent),CLIENT_X - Bulgaria,HTTP Cookie,fl_qualified_entry,,bench_update_duration,,,Existing CM Trackers-Not Found,,,,,
lighting.CLIENT_X.com.ph,Essential cookies (exempt from consent),CLIENT_X - Philippines,HTTP Cookie,test,,bench_update_duration,,,Existing CM Trackers-Not Found,,,,,
www.lighting.CLIENT_X.com.tr,Essential cookies,Signify (formerly CLIENT_X Lighting),HTTP Cookie,bench_new_T2_13219,,,,,Existing CM Trackers-Not Found,,,,,
lighting.CLIENT_X.ua,Essential cookies (exempt from consent),Signify (formerly CLIENT_X Lighting),HTTP Cookie,_mkto_trk,,,,,Existing CM Trackers-Not Found,,,,,
CLIENT_X.com.co,Essential cookies (exempt from consent),CLIENT_X - Colombia,HTTP Cookie,internalUserCheck,,bench_update_duration,,https://www.CLIENT_X.com.tr/a-w/tanimlama-bilgileri-politikasi,New Third Party Trackers,,,,,
www.loja.CLIENT_X.com.br,Essential cookies (exempt from consent),CLIENT_X - Brazil,HTTP Cookie,eddl_gtm_qe_session_start_6523424625,,bench_update_duration,TRUE,https://www.CLIENT_X.com.tr/,Existing CM Trackers-Found,,,,,
www.CLIENT_X.com.br,Essential cookies (exempt from consent),CLIENT_X - Brazil,HTTP Cookie,AWSELBCORS,,bench_update_duration,,https://www.CLIENT_X.com.tr/healthcare,Existing CM Trackers-Found,,,,,
www.CLIENT_X.ee,Essential cookies (exempt from consent),CLIENT_X - Republic of Estonia,HTTP Cookie,eddl_itc_list,,90,,https://www.CLIENT_X.com.tr/,New First Party Trackers,,,,,
www.CLIENT_X.ch,Essential cookies (exempt from consent),CLIENT_X - Switzerland,ETag,blank (etag),,365,,https://www.CLIENT_X.com.tr/,New First Party Trackers,,,,,
CLIENT_X.no,Essential cookies (exempt from consent),CLIENT_X - Norway,HTTP Cookie,coveo_visitorId,,,,,Existing CM Trackers-Not Found,,,,,
www.healthcare.shop.CLIENT_X.nl,Essential cookies (exempt from consent),CLIENT_X - Netherlands,Local Storage,blank (local storage),,,,https://www.CLIENT_X.com.tr/healthcare,Existing CM Trackers-Found,,,,,
www.CLIENT_X.com.hk,Essential cookies (exempt from consent),CLIENT_X - Hong Kong,HTTP Cookie,eddl_itc_list,,bench_update_duration,TRUE,https://www.CLIENT_X.com.tr/c-p/AMF870_15/air-performer-8000-serisi-3-1-arada-hava-temizleyici-fan-ve-isitici,Existing CM Trackers-Found,,,,,
www.lighting.CLIENT_X.com.hk,Essential cookies (exempt from consent),CLIENT_X - Hong Kong,HTTP Cookie,BCTempID,,,,,Existing CM Trackers-Not Found,,,,,
www.CLIENT_X.com.hk,Essential cookies (exempt from consent),CLIENT_X - Hong Kong,ETag,blank (etag),,,,,Existing CM Trackers-Not Found,,,,,
www.CLIENT_X.com.br,Essential cookies (exempt from consent),CLIENT_X - Brazil,HTTP Cookie,test,,bench_update_duration,,,Existing CM Trackers-Not Found,,,,,
www.igt-interactive-tour.com,Essential cookies (exempt from consent),Koninklijke CLIENT_X N.V.,ETag,blank (etag),,,,,Existing CM Trackers-Not Found,,,,,
analytics-ipv6.tiktokw.us,Targeted Advertising cookies (including social media),TikTok,Beacon,_ga_failed_lookup_marker_66_770,,,,https://www.CLIENT_X.com.tr/,New Third Party Trackers,,,,,
www.CLIENT_X.be,Essential cookies (exempt from consent),CLIENT_X - Belgium,HTTP Cookie,_sdsat_pgm_sh_alloc,,0,TRUE,https://www.CLIENT_X.com.tr/healthcare/about/distributors,Existing CM Trackers-Found,,,,,
CLIENT_X.nl,Essential cookies (exempt from consent),CLIENT_X - Netherlands,HTTP Cookie,internalUserCheck,,1,TRUE,https://www.CLIENT_X.com.tr/c-e/ho/cooking/airfryer-7000-serisi-xxl.html,Existing CM Trackers-Found,,,,,
CLIENT_X.it,Essential cookies (exempt from consent),CLIENT_X - Italy,HTTP Cookie,TAsessionID,,bench_update_duration,,https://www.CLIENT_X.com.tr/healthcare,Existing CM Trackers-Found,,,,,
www.CLIENT_X.es,Essential cookies (exempt from consent),CLIENT_X - Spain,HTTP Cookie,kampyle_userid,,bench_update_duration,,,Existing CM Trackers-Not Found,,,,,
googleads.g.doubleclick.net,Targeted Advertising cookies (including social media),Google Advertising Products,Beacon,bench_new_T2_13370,,,TRUE,https://www.CLIENT_X.com.tr/,Existing CM Trackers-Found,,,,,
www.lighting.CLIENT_X.co.ke,Essential cookies (exempt from consent),Signify (formerly CLIENT_X Lighting),HTTP Cookie,ltc_cf,,,,https://www.CLIENT_X.com.tr/c-w/tuketici-urunleri-destek/support-contact-page.html,New Third Party Trackers,,,,,
www.lighting.CLIENT_X.com.tr,Essential cookies,Signify (formerly CLIENT_X Lighting),HTTP Cookie,_ga_failed_lookup_marker_66_777,,,,,Existing CM Trackers-Not Found,,,,,
CLIENT_X.com.pe,Essential cookies (exempt from consent),CLIENT_X - Peru,HTTP Cookie,s_gnr,,bench_update_duration,,,Existing CM Trackers-Not Found,,,,,
supurgesepeti.com,Essential cookies,Supurgesepeti.com,HTTP Cookie,_ga_failed_lookup_marker_66_779,,,,,Existing CM Trackers-Not Found,,,,,
www.lighting.CLIENT_X.co.jp,Essential cookies (exempt from consent),Signify (formerly CLIENT_X Lighting),Local Storage,blank (local storage),,bench_update_duration,,https://www.CLIENT_X.com.tr/c-p/AMF870_15/air-performer-8000-serisi-3-1-arada-hava-temizleyici-fan-ve-isitici,New First Party Trackers,,,,,
CLIENT_X.com.au,Essential cookies (exempt from consent),CLIENT_X - Australia,HTTP Cookie,s_eVar44,,0,,https://www.CLIENT_X.com.tr/healthcare,New Third Party Trackers,,,,,
CLIENT_X.lt,Essential cookies (exempt from consent),CLIENT_X - Lithuania,HTTP Cookie,_ga,,bench_update_duration,,,Existing CM Trackers-Not Found,,,,,
CLIENT_X.ma,Essential cookies (exempt from consent),CLIENT_X - Morocco,HTTP Cookie,test,,session,TRUE,https://www.CLIENT_X.com.tr/,Existing CM Trackers-Found,,,,,
www.CLIENT_X.pt,Essential cookies (exempt from consent),CLIENT_X - Portugal,HTTP Cookie,PT_Pub-cart-com,,bench_update_duration,TRUE,https://www.CLIENT_X.com.tr/c-p/AMF870_15/air-performer-8000-serisi-3-1-arada-hava-temizleyici-fan-ve-isitici,Existing CM Trackers-Found,,,,,
calculator.inbank.ee,Performance Cookies [Requires consent],Inbank,JavaScript,-,,bench_update_duration,,,Existing CM Trackers-Not Found,,,,,
youtube.com,Targeted Advertising cookies (including social media),Google Advertising Products,HTTP Cookie,_ga_failed_lookup_marker_66_786,,session,TRUE,https://www.CLIENT_X.com.tr/healthcare/clinical-solutions/early-warning-scoring,Existing CM Trackers-Found,,,,,
respirtech.com,Essential cookies (exempt from consent),RespirTech,HTTP Cookie,s_cm,,,TRUE,https://www.CLIENT_X.com.tr/c-w/tuketici-urunleri-destek/support-contact-page.html,Existing CM Trackers-Found,,,,,
www.CLIENT_X.co.id,Essential cookies (exempt from consent),CLIENT_X - Indonesia,Local Storage,blank (local storage),,365,,https://www.CLIENT_X.com.tr/,New First Party Trackers,,,,,
www.lighting.CLIENT_X.com.pe,Essential cookies (exempt from consent),Signify (formerly CLIENT_X Lighting),HTTP Cookie,d01-layout,,,,,Existing CM Trackers-Not Found,,,,,
stg.CLIENT_X.ro,Essential cookies (exempt from consent),CLIENT_X - Romania,HTTP Cookie,kampyleSessionPageCounter,,,,,Existing CM Trackers-Not Found,,,,,
CLIENT_X.co.il,Essential cookies (exempt from consent),CLIENT_X - Israel,HTTP Cookie,s_pv,,,,,Existing CM Trackers-Not Found,,,,,
www.CLIENT_X.com.sg,Essential cookies (exempt from consent),CLIENT_X - Singapore,HTTP Cookie,kampyleUserSessionsCount,,,,,Existing CM Trackers-Not Found,,,,,
www.lighting.CLIENT_X.ru,Essential cookies (exempt from consent),Signify (formerly CLIENT_X Lighting),HTTP Cookie,AWSELBCORS,,0,TRUE,https://www.CLIENT_X.com.tr/healthcare/clinical-solutions/early-warning-scoring,Existing CM Trackers-Found,,,,,
CLIENT_X.com.gh,Essential cookies (exempt from consent),CLIENT_X - Ghana,HTTP Cookie,com.adobe.alloy.getTld,,400,TRUE,https://www.CLIENT_X.com.tr/a-w/about,Existing CM Trackers-Found,,,,,
font.static.useinsider.com,Targeted Advertising Cookies (including social media) [Requires consent],Insider,ETag,-,,,,,Existing CM Trackers-Not Found,,,,,
www.CLIENT_X.com.au,Essential cookies (exempt from consent),CLIENT_X - Australia,HTTP Cookie,kampyleUserSession,,bench_update_duration,,,Existing CM Trackers-Not Found,,,,,
lighting.CLIENT_X.co.kr,Essential cookies (exempt from consent),Signify (formerly CLIENT_X Lighting),HTTP Cookie,s_sid,,,,,Existing CM Trackers-Not Found,,,,,
www.CLIENT_X.com.pe,Essential cookies (exempt from consent),CLIENT_X - Peru,HTTP Cookie,kampyleUserSessionsCount,,bench_update_duration,TRUE,https://www.CLIENT_X.com.tr/,Existing CM Trackers-Found,,,,,
CLIENT_X.co.za,Essential cookies (exempt from consent),CLIENT_X - South Africa,HTTP Cookie,_scid_r,,,TRUE,https://www.CLIENT_X.com.tr/a-w/about-CLIENT_X/sustainability.html,Existing CM Trackers-Found,,,,,
images.CLIENT_X.com,Essential cookies (exempt from consent),Koninklijke CLIENT_X N.V.,ETag,blank (etag),,,,,Existing CM Trackers-Not Found,,,,,
www.ambilightexperience.com,Essential cookies (exempt from consent),Koninklijke CLIENT_X N.V.,ETag,-,,bench_update_duration,,,Existing CM Trackers-Not Found,,,,,
www.healthcare.shop.CLIENT_X.nl,Essential cookies (exempt from consent),CLIENT_X - Netherlands,HTTP Cookie,kampyleUserSessionsCount,,bench_update_duration,,,Existing CM Trackers-Not Found,,,,,
acc.usa.CLIENT_X.com,Essential cookies (exempt from consent),Koninklijke CLIENT_X N.V.,HTTP Cookie,__attentive_id,,bench_update_duration,,,Existing CM Trackers-Not Found,,,,,
CLIENT_X.com.tr,Essential cookies,CLIENT_X - Turkey,HTTP Cookie,bench_new_T2_13217,,90,TRUE,https://www.CLIENT_X.com.tr/,Existing CM Trackers-Found,,,,,
CLIENT_X.be,Essential cookies (exempt from consent),CLIENT_X - Belgium,HTTP Cookie,_tt_enable_cookie,,729,,,Existing CM Trackers-Not Found,,,,,
CLIENT_X.co.th,Essential cookies (exempt from consent),CLIENT_X - Thailand,HTTP Cookie,coveo_visitorId,,session,TRUE,https://www.CLIENT_X.com.tr/c-p/AMF870_15/air-performer-8000-serisi-3-1-arada-hava-temizleyici-fan-ve-isitici,Existing CM Trackers-Found,,,,,
stg.CLIENT_X.com.kw,Essential cookies (exempt from consent),CLIENT_X - Kuwait,HTTP Cookie,kampyleUserSessionsCount,,,,,Existing CM Trackers-Not Found,,,,,
CLIENT_X.com.pk,Essential cookies (exempt from consent),CLIENT_X - Pakistan,HTTP Cookie,com.adobe.alloy.getTld,,bench_update_duration,,https://www.CLIENT_X.com.tr/c-m-pe/hair-removal,New Third Party Trackers,,,,,
static.iadvize.com,Performance cookies,iAdvize,ETag,bench_new_T2_13244,,,,,Existing CM Trackers-Not Found,,,,,
dev.CLIENT_X.com.vn,Essential cookies (exempt from consent),CLIENT_X - Vietnam,JavaScript,blank (java),,bench_update_duration,TRUE,https://www.CLIENT_X.com.tr/healthcare/clinical-solutions/early-warning-scoring,Existing CM Trackers-Found,,,,,
CLIENT_X.ua,Essential cookies (exempt from consent),CLIENT_X - Ukraine,HTTP Cookie,_fbp,,bench_update_duration,,https://www.CLIENT_X.com.tr/,New First Party Trackers,,,,,
www.CLIENT_X.sa,Essential cookies (exempt from consent),CLIENT_X - Kingdom of Saudi Arabia,HTTP Cookie,kampyleUserSession,,bench_update_duration,,,Existing CM Trackers-Not Found,,,,,
CLIENT_X.de,Essential cookies (exempt from consent),CLIENT_X - Germany,HTTP Cookie,iadvize-6633-vuid,,bench_update_duration,TRUE,https://www.CLIENT_X.com.tr/c-f/XC000004909/CLIENT_X-epilat%C3%B6r-cihaz%C4%B1m%C4%B1n-aparatlar%C4%B1-nas%C4%B1l-kullan%C4%B1l%C4%B1r,Existing CM Trackers-Found,,,,,
www.lighting.CLIENT_X.ma,Essential cookies (exempt from consent),Signify (formerly CLIENT_X Lighting),JavaScript,blank (java),,,,,Existing CM Trackers-Not Found,,,,,
CLIENT_X.de,Essential cookies (exempt from consent),CLIENT_X - Germany,HTTP Cookie,TEST_AMCV_COOKIE_WRITE,,bench_update_duration,,,Existing CM Trackers-Not Found,,,,,
CLIENT_X.com.ph,Essential cookies (exempt from consent),CLIENT_X - Philippines,HTTP Cookie,_ttp,,,,,Existing CM Trackers-Not Found,,,,,
www.CLIENT_X.de,Essential cookies (exempt from consent),CLIENT_X - Germany,HTTP Cookie,notice_settings,,bench_update_duration,TRUE,https://www.CLIENT_X.com.tr/c-w/tuketici-urunleri-destek/support-contact-page.html,Existing CM Trackers-Found,,,,,
CLIENT_X.com.tr,Essential cookies,CLIENT_X - Turkey,HTTP Cookie,_ga_failed_lookup_marker_66_818,,,,,Existing CM Trackers-Not Found,,,,,
www.tienda.CLIENT_X.cl,Essential cookies (exempt from consent),CLIENT_X - Chile,HTTP Cookie,checkout.vtex.com,,,,,Existing CM Trackers-Not Found,,,,,
CLIENT_X.at,Essential cookies (exempt from consent),CLIENT_X - Austria,HTTP Cookie,internalUserCheck,,729,,https://www.CLIENT_X.com.tr/c-p/AMF870_15/air-performer-8000-serisi-3-1-arada-hava-temizleyici-fan-ve-isitici,New First Party Trackers,,,,,
*.mktoweb.com,Targeted Advertising cookies (including social media),Marketo,ETag,bench_new_T2_13390,,,,,Existing CM Trackers-Not Found,,,,,
CLIENT_X.fr,Essential cookies (exempt from consent),CLIENT_X - France,HTTP Cookie,s_cm_direct,,session,TRUE,https://www.CLIENT_X.com.tr/,Existing CM Trackers-Found,,,,,
CLIENT_X.co.za,Essential cookies (exempt from consent),CLIENT_X - South Africa,HTTP Cookie,internalUserCheck,,,,,Existing CM Trackers-Not Found,,,,,
acc.usa.CLIENT_X.com,Essential cookies (exempt from consent),Koninklijke CLIENT_X N.V.,HTTP Cookie,mdLogger,,bench_update_duration,,,Existing CM Trackers-Not Found,,,,,
CLIENT_X.co.uk,Essential cookies (exempt from consent),CLIENT_X - United Kingdom,HTTP Cookie,zScalerUser,,bench_update_duration,,,Existing CM Trackers-Not Found,,,,,
www.lighting.CLIENT_X.ru,Essential cookies (exempt from consent),Signify (formerly CLIENT_X Lighting),HTTP Cookie,AWSELB,,bench_update_duration,TRUE,https://www.CLIENT_X.com.tr/,Existing CM Trackers-Found,,,,,
lighting.CLIENT_X.pt,Essential cookies (exempt from consent),Signify (formerly CLIENT_X Lighting),HTTP Cookie,com.adobe.alloy.getTld,,,TRUE,https://www.CLIENT_X.com.tr/c-e/welcome?mag=F02&origin=20_tr_tr_mylumea_app,Existing CM Trackers-Found,,,,,
connect.facebook.net,Targeted Advertising Cookies (including social media) [Requires consent],Meta (formerly Facebook),Beacon,-,,,,,Existing CM Trackers-Not Found,,,,,
*.en25.com,Targeted Advertising cookies (including social media),Oracle Marketing,JavaScript,_ga_failed_lookup_marker_66_829,,,,https://www.CLIENT_X.com.tr/healthcare,Existing CM Trackers-Found,,,,,
CLIENT_X.com.co,Essential cookies (exempt from consent),CLIENT_X - Colombia,HTTP Cookie,s_nrpv,,,,,Existing CM Trackers-Not Found,,,,,
www.CLIENT_X.co.in,Essential cookies (exempt from consent),CLIENT_X - India,HTTP Cookie,fl_qualified_entry,,bench_update_duration,TRUE,https://www.CLIENT_X.com.tr/c-p/AMF870_15/air-performer-8000-serisi-3-1-arada-hava-temizleyici-fan-ve-isitici,Existing CM Trackers-Found,,,,,
www.CLIENT_X.lv,Essential cookies (exempt from consent),CLIENT_X - Latvia,HTTP Cookie,notice_settings,,bench_update_duration,TRUE,https://www.CLIENT_X.com.tr/,Existing CM Trackers-Found,,,,,
www.lighting.CLIENT_X.sa,Essential cookies (exempt from consent),Signify (formerly CLIENT_X Lighting),HTTP Cookie,CLIENT_X,,bench_update_duration,,https://www.CLIENT_X.com.tr/c-f/XC000021443/CLIENT_X-vantilat%C3%B6r%C3%BCm-sal%C4%B1n%C4%B1m-yaparken-al%C4%B1%C5%9F%C4%B1lmad%C4%B1k-bir-ses-%C3%A7%C4%B1kar%C4%B1yor,New Third Party Trackers,,,,,
www.CLIENT_X.com.kw,Essential cookies (exempt from consent),CLIENT_X - Kuwait,HTTP Cookie,kampyleUserSessionsCount,,,TRUE,https://www.CLIENT_X.com.tr/c-e/welcome?mag=F02&origin=20_tr_tr_mylumea_app,Existing CM Trackers-Found,,,,,
CLIENT_X.jo,Essential cookies (exempt from consent),CLIENT_X - Jordan,HTTP Cookie,internalUserCheck,,bench_update_duration,TRUE,https://www.CLIENT_X.com.tr/,Existing CM Trackers-Found,,,,,
CLIENT_X.com.tr,Essential cookies,CLIENT_X - Turkey,HTTP Cookie,bench_new_T2_13292,,,,,Existing CM Trackers-Not Found,,,,,
fonts.yieldify-production.com,Targeted Advertising cookies (including social media),Yieldify,ETag,bench_new_T2_13211,,,,,Existing CM Trackers-Not Found,,,,,
CLIENT_X.com.pk,Essential cookies (exempt from consent),CLIENT_X - Pakistan,HTTP Cookie,FPLC,,bench_update_duration,,,Existing CM Trackers-Not Found,,,,,
www.CLIENT_X.com.tw,Essential cookies (exempt from consent),CLIENT_X - Taiwan,Beacon,blank (beacon),,0,TRUE,https://www.CLIENT_X.com.tr/,Existing CM Trackers-Found,,,,,
www.healthcare.shop.CLIENT_X.fr,Essential cookies (exempt from consent),CLIENT_X - France,HTTP Cookie,country_currency_rememberme_cookie,,0,TRUE,https://www.CLIENT_X.com.tr/,Existing CM Trackers-Found,,,,,
CLIENT_X.co.uk,Essential cookies (exempt from consent),CLIENT_X - United Kingdom,HTTP Cookie,notice_behavior,,bench_update_duration,,,Existing CM Trackers-Not Found,,,,,
CLIENT_X.dk,Essential cookies (exempt from consent),CLIENT_X - Denmark,HTTP Cookie,TEST_AMCV_COOKIE_WRITE,,bench_update_duration,,,Existing CM Trackers-Not Found,,,,,
www.assets.signify.com,Performance Cookies [Requires consent],Signify (formerly CLIENT_X Lighting),ETag,-,,,,,Existing CM Trackers-Not Found,,,,,
www.google.com,Essential cookies (exempt from consent),Google Inc.,Local Storage,rc::d-1695371215449,,bench_update_duration,,,Existing CM Trackers-Not Found,,,,,
snappychat.snappylabs.io,Performance Cookies [Requires consent],Snappy Labs,JavaScript,-,,bench_update_duration,TRUE,https://www.CLIENT_X.com.tr/,Existing CM Trackers-Found,,,,,
CLIENT_X.com.tr,Essential cookies,CLIENT_X - Turkey,Local Storage,bench_new_T2_13334,,,TRUE,https://www.CLIENT_X.com.tr/c-w/tuketici-urunleri-destek/support-contact-page.html,Existing CM Trackers-Found,,,,,
www.subscription.CLIENT_X.ro,Essential cookies (exempt from consent),CLIENT_X - Romania,JavaScript,blank (java),,bench_update_duration,TRUE,https://www.CLIENT_X.com.tr/,Existing CM Trackers-Found,,,,,
www.CLIENT_X.it,Essential cookies (exempt from consent),CLIENT_X - Italy,HTTP Cookie,RT,,bench_update_duration,TRUE,https://www.CLIENT_X.com.tr/,Existing CM Trackers-Found,,,,,
supurgesepeti.com,Essential cookies,Supurgesepeti.com,HTTP Cookie,_ga_failed_lookup_marker_66_849,,,,,Existing CM Trackers-Not Found,,,,,
CLIENT_X.de,Essential cookies (exempt from consent),CLIENT_X - Germany,HTTP Cookie,_uetsid,,1,TRUE,https://www.CLIENT_X.com.tr/c-e/ho/cooking/airfryer-7000-serisi-xxl.html,Existing CM Trackers-Found,,,,,
www.lighting.CLIENT_X.pt,Essential cookies (exempt from consent),Signify (formerly CLIENT_X Lighting),HTTP Cookie,remember_customer_type,,,,,Existing CM Trackers-Not Found,,,,,
.CLIENT_X.com,Performance Cookies [Requires consent],Google Inc.,HTTP Cookie,_gid,,1,,,Existing CM Trackers-Not Found,,,,,
linksynergy.com,Targeted Advertising Cookies (including social media) [Requires consent],Rakuten Marketing LLC,HTTP Cookie,rmuid,,364,,,Existing CM Trackers-Not Found,,,,,
js-package.s3.ap-northeast-1.amazonaws.com,Performance Cookies [Requires consent],Amazon (Web Services),ETag,-,,bench_update_duration,,,Existing CM Trackers-Not Found,,,,,
script.hotjar.com,Targeted Advertising cookies (including social media),Hotjar,JavaScript,_ga_failed_lookup_marker_66_855,,,,,Existing CM Trackers-Not Found,,,,,
www.CLIENT_X.es,Essential cookies (exempt from consent),CLIENT_X - Spain,HTTP Cookie,AWSELBCORS,,0,,,Existing CM Trackers-Not Found,,,,,
www.CLIENT_X.pt,Essential cookies (exempt from consent),CLIENT_X - Portugal,HTTP Cookie,_sdsat_pgm_optin,,90,TRUE,https://www.CLIENT_X.com.tr/,Existing CM Trackers-Found,,,,,
www.tienda.CLIENT_X.com.co,Essential cookies (exempt from consent),CLIENT_X - Colombia,JavaScript,blank (java),,,,,Existing CM Trackers-Not Found,,,,,
CLIENT_X.com.pe,Essential cookies (exempt from consent),CLIENT_X - Peru,HTTP Cookie,_gcl_au,,180,,https://www.CLIENT_X.com.tr/healthcare/clinical-solutions/early-warning-scoring,New Third Party Trackers,,,,,
cdn.speedcurve.com,Performance cookies,Speedcurve,JavaScript,bench_new_T2_13304,,,,https://www.CLIENT_X.com.tr/,New Third Party Trackers,,,,,
smetrics.marketing.lighting.CLIENT_X.com.tr,Essential cookies,CLIENT_X - Turkey,JavaScript,bench_new_T2_13245,,,,,Existing CM Trackers-Not Found,,,,,
CLIENT_X.ua,Essential cookies (exempt from consent),CLIENT_X - Ukraine,HTTP Cookie,s_ugv,,30,TRUE,https://www.CLIENT_X.com.tr/c-p/AMF870_15/air-performer-8000-serisi-3-1-arada-hava-temizleyici-fan-ve-isitici,Existing CM Trackers-Found,,,,,
www.lighting.CLIENT_X.gr,Essential cookies (exempt from consent),Signify (formerly CLIENT_X Lighting),HTTP Cookie,AWSELB,,bench_update_duration,,https://www.CLIENT_X.com.tr/c-p/AMF870_15/air-performer-8000-serisi-3-1-arada-hava-temizleyici-fan-ve-isitici,New First Party Trackers,,,,,
master--CLIENT_Xmx.myvtex.com,Performance Cookies [Requires consent],VTEX,JavaScript,-,,,,,Existing CM Trackers-Not Found,,,,,
CLIENT_X.nl,Essential cookies (exempt from consent),CLIENT_X - Netherlands,HTTP Cookie,_gcl_au,,bench_update_duration,,,Existing CM Trackers-Not Found,,,,,
www.store-CLIENT_X.tw,Essential cookies (exempt from consent),CLIENT_X Store - Taiwan,HTTP Cookie,lang,,,TRUE,https://www.CLIENT_X.com.tr/,Existing CM Trackers-Found,,,,,
www.CLIENT_X.lv,Essential cookies (exempt from consent),CLIENT_X - Latvia,HTTP Cookie,AWSELB,,bench_update_duration,TRUE,https://www.CLIENT_X.com.tr/,Existing CM Trackers-Found,,,,,
where-to-buy.co,Targeted Advertising Cookies (including social media) [Requires consent],ChannelAdvisor,ETag,-,,,,,Existing CM Trackers-Not Found,,,,,
dev.CLIENT_X.com.mx,Essential cookies (exempt from consent),CLIENT_X - Mexico,Beacon,blank (beacon),,365,TRUE,https://www.CLIENT_X.com.tr/c-p/AMF870_15/air-performer-8000-serisi-3-1-arada-hava-temizleyici-fan-ve-isitici,Existing CM Trackers-Found,,,,,
www.CLIENT_X.com.tr,Essential cookies (exempt from consent),CLIENT_X - Turkey,HTTP Cookie,_scid_r,,bench_update_duration,TRUE,https://www.CLIENT_X.com.tr/,Existing CM Trackers-Found,,,,,
CLIENT_X.com.qa,Essential cookies (exempt from consent),CLIENT_X - Qatar,HTTP Cookie,mboxEdgeCluster,,bench_update_duration,,,Existing CM Trackers-Not Found,,,,,
CLIENT_X.lv,Essential cookies (exempt from consent),CLIENT_X - Latvia,HTTP Cookie,s_pv,,bench_update_duration,TRUE,https://www.CLIENT_X.com.tr/,Existing CM Trackers-Found,,,,,
www.CLIENT_X.com.qa,Essential cookies (exempt from consent),CLIENT_X - Qatar,HTTP Cookie,kampylePageLoadedTimestamp,,bench_update_duration,,,Existing CM Trackers-Not Found,,,,,
CLIENT_X.rs,Essential cookies (exempt from consent),CLIENT_X - Serbia,HTTP Cookie,FPID,,bench_update_duration,,,Existing CM Trackers-Not Found,,,,,
www.CLIENT_X.com.pk,Essential cookies (exempt from consent),CLIENT_X - Pakistan,HTTP Cookie,AWSELBCORS,,bench_update_duration,,https://www.CLIENT_X.com.tr/,Existing CM Trackers-Found,,,,,
www.CLIENT_X.com.vn,Essential cookies (exempt from consent),CLIENT_X - Vietnam,HTTP Cookie,AWSELB,,bench_update_duration,TRUE,https://www.CLIENT_X.com.tr/,Existing CM Trackers-Found,,,,,
CLIENT_X.co.jp,Essential cookies (exempt from consent),CLIENT_X Electronics Corporation Japan,HTTP Cookie,s_cm_direct,,,TRUE,https://www.CLIENT_X.com.tr/,Existing CM Trackers-Found,,,,,
CLIENT_X.ma,Essential cookies (exempt from consent),CLIENT_X - Morocco,HTTP Cookie,s_vs,,,,,Existing CM Trackers-Not Found,,,,,
CLIENT_X.bg,Essential cookies (exempt from consent),CLIENT_X - Bulgaria,HTTP Cookie,s_eVar44,,bench_update_duration,TRUE,https://www.CLIENT_X.com.tr/,Existing CM Trackers-Found,,,,,
CLIENT_X.com.tr,Performance cookies,CLIENT_X - Turkey,HTTP Cookie,_ga_failed_lookup_marker_66_880,,0,TRUE,https://www.CLIENT_X.com.tr/,Existing CM Trackers-Found,,,,,
ticimax.cloud,Performance cookies,Ticimax,HTTP Cookie,_ga_failed_lookup_marker_66_881,,,,,Existing CM Trackers-Not Found,,,,,
CLIENT_X.com.co,Essential cookies (exempt from consent),CLIENT_X - Colombia,HTTP Cookie,s_pv,,,,,Existing CM Trackers-Not Found,,,,,
CLIENT_X.co.kr,Essential cookies (exempt from consent),CLIENT_X - Korea,HTTP Cookie,internalUserCheck,,0,TRUE,https://www.CLIENT_X.com.tr/,Existing CM Trackers-Found,,,,,
CLIENT_X.ro,Essential cookies (exempt from consent),CLIENT_X - Romania,HTTP Cookie,s_ugv,,bench_update_duration,,,Existing CM Trackers-Not Found,,,,,
CLIENT_X.com.eg,Essential cookies (exempt from consent),CLIENT_X - Egypt,HTTP Cookie,com.adobe.alloy.getTld,,,,,Existing CM Trackers-Not Found,,,,,
www.CLIENT_X.co.id,Essential cookies (exempt from consent),CLIENT_X - Indonesia,HTTP Cookie,kampyleUserSessionsCount,,bench_update_duration,,,Existing CM Trackers-Not Found,,,,,
www.family.CLIENT_X.co.kr,Essential cookies (exempt from consent),CLIENT_X - Korea,ETag,blank (etag),,180,TRUE,https://www.CLIENT_X.com.tr/c-e/welcome?mag=F02&origin=20_tr_tr_mylumea_app,Existing CM Trackers-Found,,,,,
CLIENT_X.lt,Essential cookies (exempt from consent),CLIENT_X - Lithuania,HTTP Cookie,_scid_r,,,,,Existing CM Trackers-Not Found,,,,,
www.lighting.CLIENT_X.co.th,Essential cookies (exempt from consent),Signify (formerly CLIENT_X Lighting),HTTP Cookie,customer_country,,bench_update_duration,,https://www.CLIENT_X.com.tr/c-f/XC000021443/CLIENT_X-vantilat%C3%B6r%C3%BCm-sal%C4%B1n%C4%B1m-yaparken-al%C4%B1%C5%9F%C4%B1lmad%C4%B1k-bir-ses-%C3%A7%C4%B1kar%C4%B1yor,New Third Party Trackers,,,,,
CLIENT_X.ma,Essential cookies (exempt from consent),CLIENT_X - Morocco,HTTP Cookie,mbox,,bench_update_duration,,,Existing CM Trackers-Not Found,,,,,
CLIENT_X.co.th,Essential cookies (exempt from consent),CLIENT_X - Thailand,HTTP Cookie,mboxEdgeCluster,,,,https://www.CLIENT_X.com.tr/,Existing CM Trackers-Found,,,,,
www.lighting.CLIENT_X.pl,Essential cookies (exempt from consent),Signify (formerly CLIENT_X Lighting),HTTP Cookie,AWSELB,,0,,,Existing CM Trackers-Not Found,,,,,
www.CLIENT_X.co.nz,Essential cookies (exempt from consent),CLIENT_X - New Zealand,ETag,blank (etag),,,,,Existing CM Trackers-Not Found,,,,,
www.CLIENT_X.pt,Essential cookies (exempt from consent),CLIENT_X - Portugal,HTTP Cookie,user_country,,bench_update_duration,TRUE,https://www.CLIENT_X.com.tr/healthcare/clinical-solutions/early-warning-scoring,Existing CM Trackers-Found,,,,,
www.lighting.CLIENT_X.com.my,Essential cookies (exempt from consent),Signify (formerly CLIENT_X Lighting),HTTP Cookie,s_mc,,,,,Existing CM Trackers-Not Found,,,,,
scontent.webcollage.net,Targeted Advertising Cookies (including social media) [Requires consent],Syndigo (formerly Webcollage),JavaScript,-,,,,,Existing CM Trackers-Not Found,,,,,
cdn.webpushr.com,Performance Cookies [Requires consent],Webpushr,ETag,-,,bench_update_duration,,,Existing CM Trackers-Not Found,,,,,
www.lighting.CLIENT_X.com.ar,Essential cookies (exempt from consent),Signify (formerly CLIENT_X Lighting),ETag,blank (etag),,729,,,Existing CM Trackers-Not Found,,,,,
CLIENT_X.com,Essential cookies (exempt from consent),Koninklijke CLIENT_X N.V.,HTTP Cookie,da_sid,,,,,Existing CM Trackers-Not Found,,,,,
*.fls.doubleclick.net,Targeted Advertising cookies (including social media),Google Advertising Products,Beacon,_ga_failed_lookup_marker_66_900,,,,,Existing CM Trackers-Not Found,,,,,
CLIENT_X.it,Essential cookies (exempt from consent),CLIENT_X - Italy,HTTP Cookie,test,,90,TRUE,https://www.CLIENT_X.com.tr/,Existing CM Trackers-Found,,,,,
www.CLIENT_X.at,Essential cookies (exempt from consent),CLIENT_X - Austria,Local Storage,blank (local storage),,89,TRUE,https://www.CLIENT_X.com.tr/a-w/about,Existing CM Trackers-Found,,,,,
extend.vimeocdn.com,Targeted Advertising Cookies (including social media) [Requires consent],Vimeo,ETag,-,,,,,Existing CM Trackers-Not Found,,,,,
CLIENT_X.com.tr,Performance cookies,CLIENT_X - Turkey,HTTP Cookie,_ga_failed_lookup_marker_66_904,,,,,Existing CM Trackers-Not Found,,,,,
www.CLIENT_X.co.il,Essential cookies (exempt from consent),CLIENT_X - Israel,HTTP Cookie,AWSELB,,0,,https://www.CLIENT_X.com.tr/c-p/AMF870_15/air-performer-8000-serisi-3-1-arada-hava-temizleyici-fan-ve-isitici,New First Party Trackers,,,,,
acc.usa.CLIENT_X.com,Essential cookies (exempt from consent),Koninklijke CLIENT_X N.V.,ETag,blank (etag),,bench_update_duration,TRUE,https://www.CLIENT_X.com.tr/c-w/tuketici-urunleri-destek/support-contact-page.html,Existing CM Trackers-Found,,,,,
static.ticimax.cloud,Performance cookies,Ticimax,JavaScript,_ga_failed_lookup_marker_66_907,,,,,Existing CM Trackers-Not Found,,,,,
CLIENT_X.co.jp,Essential cookies (exempt from consent),CLIENT_X Electronics Corporation Japan,HTTP Cookie,s_cc,,,,,Existing CM Trackers-Not Found,,,,,
*.mktoweb.com,Targeted Advertising cookies (including social media),Marketo,JavaScript,bench_new_T2_13247,,,,,Existing CM Trackers-Not Found,,,,,
lighting.CLIENT_X.ma,Essential cookies (exempt from consent),Signify (formerly CLIENT_X Lighting),HTTP Cookie,aam_uuid,,bench_update_duration,TRUE,https://www.CLIENT_X.com.tr/,Existing CM Trackers-Found,,,,,
www.CLIENT_X.si,Essential cookies (exempt from consent),CLIENT_X - Slovenia,JavaScript,blank (java),,bench_update_duration,TRUE,https://www.CLIENT_X.com.tr/,Existing CM Trackers-Found,,,,,
CLIENT_X.com.tr,Essential cookies,CLIENT_X - Turkey,HTTP Cookie,_ga_failed_lookup_marker_66_912,,,,,Existing CM Trackers-Not Found,,,,,
www.CLIENT_X.sk,Essential cookies (exempt from consent),CLIENT_X - Slovakia,HTTP Cookie,T01-recentlyViewedProducts,,,TRUE,https://www.CLIENT_X.com.tr/c-e/ho/cooking/airfryer-7000-serisi-xxl.html,Existing CM Trackers-Found,,,,,
tr.snapchat.com,Targeted Advertising cookies (including social media),Snap Inc.,Beacon,_ga_failed_lookup_marker_66_914,,,TRUE,https://www.CLIENT_X.com.tr/c-e/ho/cooking/airfryer-7000-serisi-xxl.html,Existing CM Trackers-Found,,,,,
respirtech.com,Essential cookies (exempt from consent),RespirTech,HTTP Cookie,_scid_r,,,,,Existing CM Trackers-Not Found,,,,,
lighting.CLIENT_X.sa,Essential cookies (exempt from consent),Signify (formerly CLIENT_X Lighting),HTTP Cookie,s_sid,,bench_update_duration,,,Existing CM Trackers-Not Found,,,,,
www.CLIENT_X.com.co,Essential cookies (exempt from consent),CLIENT_X - Colombia,Local Storage,blank (local storage),,bench_update_duration,,,Existing CM Trackers-Not Found,,,,,
www.CLIENT_X.co.jp,Essential cookies (exempt from consent),CLIENT_X Electronics Corporation Japan,HTTP Cookie,AWSELB,,bench_update_duration,TRUE,https://www.CLIENT_X.com.tr/,Existing CM Trackers-Found,,,,,
tracker-detail-page.trustarc.com,Essential cookies,TrustArc,JavaScript,bench_new_T2_13299,,,,https://www.CLIENT_X.com.tr/a-w/tanimlama-bilgileri-politikasi,New Third Party Trackers,,,,,
www.CLIENT_X.nl,Essential cookies (exempt from consent),CLIENT_X - Netherlands,HTTP Cookie,eddl_itc_list,,,TRUE,https://www.CLIENT_X.com.tr/c-e/ho/ironing/azur-8000-series,Existing CM Trackers-Found,,,,,
CLIENT_X.com.br,Essential cookies (exempt from consent),CLIENT_X - Brazil,HTTP Cookie,mboxEdgeCluster,,90,TRUE,https://www.CLIENT_X.com.tr/,Existing CM Trackers-Found,,,,,
lighting.CLIENT_X.co.kr,Essential cookies (exempt from consent),Signify (formerly CLIENT_X Lighting),HTTP Cookie,com.adobe.alloy.getTld,,bench_update_duration,,https://www.CLIENT_X.com.tr/,Existing CM Trackers-Found,,,,,
CLIENT_X.com.tr,Essential cookies (exempt from consent),CLIENT_X - Turkey,HTTP Cookie,mbox,,bench_update_duration,,,Existing CM Trackers-Not Found,,,,,
stats.g.doubleclick.net,Targeted Advertising cookies (including social media),Google Advertising Products,Beacon,_ga_failed_lookup_marker_66_924,,,TRUE,https://www.CLIENT_X.com.tr/,Existing CM Trackers-Found,,,,,
CLIENT_X.com.vn,Essential cookies (exempt from consent),CLIENT_X - Vietnam,HTTP Cookie,_gdXXX,,session,TRUE,https://www.CLIENT_X.com.tr/,Existing CM Trackers-Found,,,,,
www.CLIENT_X.gr,Essential cookies (exempt from consent),CLIENT_X - Greece,ETag,blank (etag),,0,TRUE,https://www.CLIENT_X.com.tr/,Existing CM Trackers-Found,,,,,
CLIENT_X.at,Essential cookies (exempt from consent),CLIENT_X - Austria,HTTP Cookie,_gdXXX,,bench_update_duration,,https://www.CLIENT_X.com.tr/,Existing CM Trackers-Found,,,,,
shop.r10s.com,Performance Cookies [Requires consent],Rakuten,ETag,-,,bench_update_duration,TRUE,https://www.CLIENT_X.com.tr/,Existing CM Trackers-Found,,,,,
CLIENT_X.sk,Essential cookies (exempt from consent),CLIENT_X - Slovakia,HTTP Cookie,s_eVar44,,bench_update_duration,TRUE,https://www.CLIENT_X.com.tr/c-e/welcome?mag=F02&origin=20_tr_tr_mylumea_app,Existing CM Trackers-Found,,,,,
www.hcare.CLIENT_X.com.cn,Essential cookies (exempt from consent),CLIENT_X - China,HTTP Cookie,BMAP_SECKEY,,,,,Existing CM Trackers-Not Found,,,,,
lighting.CLIENT_X.com.vn,Essential cookies (exempt from consent),Signify (formerly CLIENT_X Lighting),HTTP Cookie,com.adobe.alloy.getTld,,bench_update_duration,TRUE,https://www.CLIENT_X.com.tr/healthcare/about/distributors,Existing CM Trackers-Found,,,,,
www.CLIENT_X.com.kw,Essential cookies (exempt from consent),CLIENT_X - Kuwait,HTTP Cookie,AWSELBCORS,,0,TRUE,https://www.CLIENT_X.com.tr/a-w/about/news/all-news.html,Existing CM Trackers-Found,,,,,
tracker-detail-page.trustarc.com,Essential cookies,TrustArc,JavaScript,_ga_failed_lookup_marker_66_933,,,,https://www.CLIENT_X.com.tr/a-w/tanimlama-bilgileri-politikasi,New Third Party Trackers,,,,,
CLIENT_X.com.qa,Essential cookies (exempt from consent),CLIENT_X - Qatar,HTTP Cookie,mbox,,bench_update_duration,TRUE,https://www.CLIENT_X.com.tr/c-e/ho/cooking/airfryer-7000-serisi-xxl.html,Existing CM Trackers-Found,,,,,
www.healthcare.shop.CLIENT_X.fr,Essential cookies (exempt from consent),CLIENT_X - France,HTTP Cookie,JSESSIONID,,bench_update_duration,,,Existing CM Trackers-Not Found,,,,,
CLIENT_X.cz,Essential cookies (exempt from consent),CLIENT_X - Czech Republic,HTTP Cookie,s_vtime,,bench_update_duration,TRUE,https://www.CLIENT_X.com.tr/,Existing CM Trackers-Found,,,,,
CLIENT_X.com.kw,Essential cookies (exempt from consent),CLIENT_X - Kuwait,HTTP Cookie,s_gnr,,bench_update_duration,,https://www.CLIENT_X.com.tr/c-m-pe/hair-removal,New Third Party Trackers,,,,,
www.family.CLIENT_X.co.kr,Essential cookies (exempt from consent),CLIENT_X - Korea,JavaScript,blank (java),,,,,Existing CM Trackers-Not Found,,,,,
CLIENT_X.com.mx,Essential cookies (exempt from consent),CLIENT_X - Mexico,HTTP Cookie,zScalerUser,,,,,Existing CM Trackers-Not Found,,,,,
www.lighting.CLIENT_X.com.ph,Essential cookies (exempt from consent),CLIENT_X - Philippines,HTTP Cookie,AWSELBCORS,,0,TRUE,https://www.CLIENT_X.com.tr/,Existing CM Trackers-Found,,,,,
www.uvccalculator.lighting.CLIENT_X.com,Performance Cookies [Requires consent],Koninklijke CLIENT_X N.V.,ETag,-,,bench_update_duration,,,Existing CM Trackers-Not Found,,,,,
CLIENT_X.com.ph,Essential cookies (exempt from consent),CLIENT_X - Philippines,HTTP Cookie,TEST_AMCV_COOKIE,,bench_update_duration,,,Existing CM Trackers-Not Found,,,,,
www.usa.CLIENT_X.com,Essential cookies (exempt from consent),Koninklijke CLIENT_X N.V.,HTTP Cookie,T01-recentlyViewedProducts,,bench_update_duration,TRUE,https://www.CLIENT_X.com.tr/,Existing CM Trackers-Found,,,,,
CLIENT_X.ro,Essential cookies (exempt from consent),CLIENT_X - Romania,HTTP Cookie,_gdXXX,,session,TRUE,https://www.CLIENT_X.com.tr/,Existing CM Trackers-Found,,,,,
stg.CLIENT_X.ro,Essential cookies (exempt from consent),CLIENT_X - Romania,HTTP Cookie,kampyleUserSession,,bench_update_duration,,,Existing CM Trackers-Not Found,,,,,
connect.facebook.net,Targeted Advertising cookies (including social media),Meta (formerly Facebook),JavaScript,bench_new_T2_13398,,,TRUE,https://www.CLIENT_X.com.tr/,Existing CM Trackers-Found,,,,,
CLIENT_X.com.pe,Essential cookies (exempt from consent),CLIENT_X - Peru,HTTP Cookie,_fbp,,bench_update_duration,,,Existing CM Trackers-Not Found,,,,,
loja.CLIENT_X.com.br,Essential cookies (exempt from consent),CLIENT_X - Brazil,HTTP Cookie,_pin_unauth,,bench_update_duration,,,Existing CM Trackers-Not Found,,,,,
www.CLIENT_X.com.tr,Essential cookies,CLIENT_X - Turkey,HTTP Cookie,_ga_failed_lookup_marker_66_949,,0,TRUE,https://www.CLIENT_X.com.tr/c-p/AMF870_15/air-performer-8000-serisi-3-1-arada-hava-temizleyici-fan-ve-isitici,Existing CM Trackers-Found,,,,,
ticimax.cloud,Performance Cookies [Requires consent],Ticimax,HTTP Cookie,__cf_bm,,0,,,Existing CM Trackers-Not Found,,,,,
www.CLIENT_X.jo,Essential cookies (exempt from consent),CLIENT_X - Jordan,HTTP Cookie,fl_qualified_entry,,,,,Existing CM Trackers-Not Found,,,,,
imgs.signifyd.com,Essential cookies,Signifyd,Beacon,_ga_failed_lookup_marker_66_952,,,TRUE,https://www.CLIENT_X.com.tr/,Existing CM Trackers-Found,,,,,
CLIENT_Xb2c.my.salesforce-scrt.com,Performance cookies,"Salesforce.com, Inc.",Beacon,_ga_failed_lookup_marker_66_953,,,,https://www.CLIENT_X.com.tr/c-w/tuketici-urunleri-destek/support-contact-page.html,New Third Party Trackers,,,,,
www.CLIENT_X.cz,Essential cookies (exempt from consent),CLIENT_X - Czech Republic,HTTP Cookie,kampyle_userid,,bench_update_duration,TRUE,https://www.CLIENT_X.com.tr/,Existing CM Trackers-Found,,,,,
www.careers.CLIENT_X.com.cn,Essential cookies (exempt from consent),CLIENT_X - China,HTTP Cookie,Source,,bench_update_duration,,,Existing CM Trackers-Not Found,,,,,
CLIENT_X.com.hk,Essential cookies (exempt from consent),CLIENT_X - Hong Kong,HTTP Cookie,com.adobe.alloy.getTld,,bench_update_duration,,https://www.CLIENT_X.com.tr/,New First Party Trackers,,,,,
www.lighting.CLIENT_X.com.tr,Essential cookies,Signify (formerly CLIENT_X Lighting),HTTP Cookie,_ga_failed_lookup_marker_66_957,,,,,Existing CM Trackers-Not Found,,,,,
www.CLIENT_X.se,Essential cookies (exempt from consent),CLIENT_X - Sweden,HTTP Cookie,p-hc-specialty,,bench_update_duration,TRUE,https://www.CLIENT_X.com.tr/,Existing CM Trackers-Found,,,,,
citydsp.com,Targeted Advertising Cookies (including social media) [Requires consent],Unknown,JavaScript,-,,bench_update_duration,,,Existing CM Trackers-Not Found,,,,,
www.CLIENT_X.ma,Essential cookies (exempt from consent),CLIENT_X - Morocco,HTTP Cookie,kampyle_userid,,bench_update_duration,,,Existing CM Trackers-Not Found,,,,,
static.iadvize.com,Performance Cookies [Requires consent],iAdvize,ETag,-,,bench_update_duration,,,Existing CM Trackers-Not Found,,,,,
dis.criteo.com,Targeted Advertising Cookies (including social media) [Requires consent],Criteo SA,Beacon,-,,,,,Existing CM Trackers-Not Found,,,,,
www.CLIENT_X.com.tr,Essential cookies,CLIENT_X - Turkey,HTTP Cookie,bench_new_T2_13383,,365,TRUE,https://www.CLIENT_X.com.tr/c-p/AMF870_15/air-performer-8000-serisi-3-1-arada-hava-temizleyici-fan-ve-isitici,Existing CM Trackers-Found,,,,,
www.CLIENT_X.ng,Essential cookies (exempt from consent),CLIENT_X - Nigeria,ETag,blank (etag),,bench_update_duration,,,Existing CM Trackers-Not Found,,,,,
*.mktoweb.com,Targeted Advertising cookies (including social media),Marketo,ETag,_ga_failed_lookup_marker_66_965,,,,,Existing CM Trackers-Not Found,,,,,
CLIENT_X.it,Essential cookies (exempt from consent),CLIENT_X - Italy,HTTP Cookie,_yi,,,,,Existing CM Trackers-Not Found,,,,,
CLIENT_X.co.nz,Essential cookies (exempt from consent),CLIENT_X - New Zealand,HTTP Cookie,com.adobe.alloy.getTld,,bench_update_duration,,,Existing CM Trackers-Not Found,,,,,
static.criteo.net,Targeted Advertising Cookies (including social media) [Requires consent],Criteo SA,ETag,-,,,,https://www.CLIENT_X.com.tr/healthcare,Existing CM Trackers-Found,,,,,
www.shop.CLIENT_X.lt,Essential cookies (exempt from consent),CLIENT_X - Lithuania,HTTP Cookie,bv_metrics,,bench_update_duration,,,Existing CM Trackers-Not Found,,,,,
CLIENT_X.fi,Essential cookies (exempt from consent),CLIENT_X - Finland,HTTP Cookie,_scid_r,,bench_update_duration,TRUE,https://www.CLIENT_X.com.tr/c-e/ho/cooking/airfryer-7000-serisi-xxl.html,Existing CM Trackers-Found,,,,,
CLIENT_X.com.tw,Essential cookies (exempt from consent),CLIENT_X - Taiwan,HTTP Cookie,s_ugv,,bench_update_duration,,,Existing CM Trackers-Not Found,,,,,
CLIENT_X.com.kw,Essential cookies (exempt from consent),CLIENT_X - Kuwait,HTTP Cookie,internalUserCheck,,,,,Existing CM Trackers-Not Found,,,,,
CLIENT_X.de,Essential cookies (exempt from consent),CLIENT_X - Germany,HTTP Cookie,FPID,,,,,Existing CM Trackers-Not Found,,,,,
www.store-CLIENT_X.tw,Essential cookies (exempt from consent),CLIENT_X Store - Taiwan,HTTP Cookie,GUID,,0,TRUE,https://www.CLIENT_X.com.tr/,Existing CM Trackers-Found,,,,,
www.healthcare.shop.CLIENT_X.nl,Essential cookies (exempt from consent),CLIENT_X - Netherlands,HTTP Cookie,kampyleUserSession,,bench_update_duration,,,Existing CM Trackers-Not Found,,,,,
checkout-ui.prod.ticimax.net,Performance cookies,Ticimax,ETag,bench_new_T2_13344,,,,,Existing CM Trackers-Not Found,,,,,
www.CLIENT_X.ca,Essential cookies (exempt from consent),CLIENT_X - Canada,HTTP Cookie,user_country,,,,,Existing CM Trackers-Not Found,,,,,
www.usa.CLIENT_X.com,Essential cookies (exempt from consent),Koninklijke CLIENT_X N.V.,HTTP Cookie,kampyle_userid,,,,,Existing CM Trackers-Not Found,,,,,
CLIENT_X.ee,Essential cookies (exempt from consent),CLIENT_X - Republic of Estonia,HTTP Cookie,notice_behavior,,bench_update_duration,,,Existing CM Trackers-Not Found,,,,,
CLIENT_X.com.ph,Essential cookies (exempt from consent),CLIENT_X - Philippines,HTTP Cookie,test,,,,,Existing CM Trackers-Not Found,,,,,
www.CLIENT_X.gr,Essential cookies (exempt from consent),CLIENT_X - Greece,HTTP Cookie,kampyle_userid,,bench_update_duration,,,Existing CM Trackers-Not Found,,,,,
www.CLIENT_X.sa,Essential cookies (exempt from consent),CLIENT_X - Kingdom of Saudi Arabia,HTTP Cookie,p-gc35,,bench_update_duration,TRUE,https://www.CLIENT_X.com.tr/,Existing CM Trackers-Found,,,,,
CLIENT_X.com.tr,Essential cookies,CLIENT_X - Turkey,HTTP Cookie,bench_new_T2_13257,,393,TRUE,https://www.CLIENT_X.com.tr/,Existing CM Trackers-Found,,,,,
www.gearselectiontool.lighting.CLIENT_X.com,Performance Cookies [Requires consent],Koninklijke CLIENT_X N.V.,ETag,-,,bench_update_duration,,,Existing CM Trackers-Not Found,,,,,
lighting.CLIENT_X.ca,Essential cookies (exempt from consent),Signify (formerly CLIENT_X Lighting),HTTP Cookie,s_pv,,bench_update_duration,TRUE,https://www.CLIENT_X.com.tr/,Existing CM Trackers-Found,,,,,
CLIENT_X.com.ph,Essential cookies (exempt from consent),CLIENT_X - Philippines,HTTP Cookie,s_gnr,,,,,Existing CM Trackers-Not Found,,,,,
www.CLIENT_X.com.ar,Essential cookies (exempt from consent),CLIENT_X - Argentina,HTTP Cookie,T01-recentlyViewedProducts,,bench_update_duration,,,Existing CM Trackers-Not Found,,,,,
CLIENT_X.gr,Essential cookies (exempt from consent),CLIENT_X - Greece,HTTP Cookie,notice_behavior,,bench_update_duration,,,Existing CM Trackers-Not Found,,,,,
CLIENT_X.hr,Essential cookies (exempt from consent),CLIENT_X - Croatia,HTTP Cookie,s_nrpv,,,,,Existing CM Trackers-Not Found,,,,,
mercadopago.com,Performance Cookies [Requires consent],Mercado Pago,HTTP Cookie,_d2id,,bench_update_duration,,,Existing CM Trackers-Not Found,,,,,
cdn.jsdelivr.net,Performance cookies,Volentio JSD Limited,ETag,_ga_failed_lookup_marker_66_991,,,,,Existing CM Trackers-Not Found,,,,,
CLIENT_X.com.cn,Essential cookies (exempt from consent),CLIENT_X - China,HTTP Cookie,at_check,,,,,Existing CM Trackers-Not Found,,,,,
www.lighting.CLIENT_X.ma,Essential cookies (exempt from consent),Signify (formerly CLIENT_X Lighting),HTTP Cookie,BCTempID,,bench_update_duration,,,Existing CM Trackers-Not Found,,,,,
tag.demandbase.com,Targeted Advertising cookies (including social media),"Demandbase, Inc.",ETag,_ga_failed_lookup_marker_66_994,,,TRUE,https://www.CLIENT_X.com.tr/a-w/about,Existing CM Trackers-Found,,,,,
consent-st.trustarc.com,Essential cookies,TrustArc,JavaScript,bench_new_T2_13359,,,,,Existing CM Trackers-Not Found,,,,,
custom.yieldify.com,Targeted Advertising cookies (including social media),Yieldify,ETag,bench_new_T2_13318,,,,,Existing CM Trackers-Not Found,,,,,
cdn.mouseflow.com,Performance Cookies [Requires consent],Mouseflow,ETag,-,,,,,Existing CM Trackers-Not Found,,,,,
www.CLIENT_X.com.au,Essential cookies (exempt from consent),CLIENT_X - Australia,HTTP Cookie,kampyleUserSessionsCount,,89,,,Existing CM Trackers-Not Found,,,,,
CLIENT_X.lv,Essential cookies (exempt from consent),CLIENT_X - Latvia,HTTP Cookie,internalUserCheck,,bench_update_duration,,https://www.CLIENT_X.com.tr/a-w/about,Existing CM Trackers-Found,,,,,
assetscdn-wchat.freshchat.com,Performance Cookies [Requires consent],Freshworks,JavaScript,-,,,,,Existing CM Trackers-Not Found,,,,,
www.ambilightexperience.com,Performance Cookies [Requires consent],Koninklijke CLIENT_X N.V.,JavaScript,-,,bench_update_duration,,,Existing CM Trackers-Not Found,,,,,
CLIENT_X.com.my,Essential cookies (exempt from consent),CLIENT_X - Malaysia,HTTP Cookie,_ga,,,,,Existing CM Trackers-Not Found,,,,,
stg.CLIENT_X.ru,Essential cookies (exempt from consent),CLIENT_X - Russia,HTTP Cookie,kampyleUserSessionsCount,,,,,Existing CM Trackers-Not Found,,,,,
www.CLIENT_X.com.sg,Essential cookies (exempt from consent),CLIENT_X - Singapore,HTTP Cookie,test,,0,TRUE,https://www.CLIENT_X.com.tr/c-p/AMF870_15/air-performer-8000-serisi-3-1-arada-hava-temizleyici-fan-ve-isitici,Existing CM Trackers-Found,,,,,
acc.usa.CLIENT_X.com,Essential cookies (exempt from consent),Koninklijke CLIENT_X N.V.,HTTP Cookie,__attentive_pv,,365,TRUE,https://www.CLIENT_X.com.tr/c-p/AMF870_15/air-performer-8000-serisi-3-1-arada-hava-temizleyici-fan-ve-isitici,Existing CM Trackers-Found,,,,,
www.healthcare.shop.CLIENT_X.it,Essential cookies (exempt from consent),CLIENT_X - Italy,Local Storage,blank (local storage),,,,,Existing CM Trackers-Not Found,,,,,
www.CLIENT_X.cz,Essential cookies (exempt from consent),CLIENT_X - Czech Republic,HTTP Cookie,CZ_Pub-cart-com,,,,,Existing CM Trackers-Not Found,,,,,
CLIENT_X.com.vn,Essential cookies (exempt from consent),CLIENT_X - Vietnam,HTTP Cookie,internalUserCheck,,bench_update_duration,TRUE,https://www.CLIENT_X.com.tr/,Existing CM Trackers-Found,,,,,
CLIENT_X.co.nz,Essential cookies (exempt from consent),CLIENT_X - New Zealand,HTTP Cookie,da_sid,,,,,Existing CM Trackers-Not Found,,,,,
CLIENT_X.es,Essential cookies (exempt from consent),CLIENT_X - Spain,HTTP Cookie,_scid_r,,,,,Existing CM Trackers-Not Found,,,,,
CLIENT_X.ie,Essential cookies (exempt from consent),CLIENT_X - Ireland,HTTP Cookie,notice_behavior,,,,,Existing CM Trackers-Not Found,,,,,
www.lighting.CLIENT_X.be,Essential cookies (exempt from consent),Signify (formerly CLIENT_X Lighting),Local Storage,blank (local storage),,729,,,Existing CM Trackers-Not Found,,,,,
CLIENT_X.co.za,Essential cookies (exempt from consent),CLIENT_X - South Africa,HTTP Cookie,iadvize_test_cookie_top_domain,,,TRUE,https://www.CLIENT_X.com.tr/c-p/AC3033_10/3000i-series-hava-temizleyici,Existing CM Trackers-Found,,,,,
www.shop.CLIENT_X.ee,Essential cookies (exempt from consent),CLIENT_X - Republic of Estonia,JavaScript,blank (java),,bench_update_duration,,,Existing CM Trackers-Not Found,,,,,
CLIENT_X.sk,Essential cookies (exempt from consent),CLIENT_X - Slovakia,HTTP Cookie,TEST_AMCV_COOKIE_WRITE,,,,,Existing CM Trackers-Not Found,,,,,
www.CLIENT_X.com.co,Essential cookies (exempt from consent),CLIENT_X - Colombia,HTTP Cookie,user_country,,,TRUE,https://www.CLIENT_X.com.tr/,Existing CM Trackers-Found,,,,,
CLIENT_X.com.my,Essential cookies (exempt from consent),CLIENT_X - Malaysia,HTTP Cookie,s_nrpv,,bench_update_duration,,,Existing CM Trackers-Not Found,,,,,
CLIENT_X.co.th,Essential cookies (exempt from consent),CLIENT_X - Thailand,HTTP Cookie,_ttp,,bench_update_duration,TRUE,https://www.CLIENT_X.com.tr/healthcare/clinical-solutions/early-warning-scoring,Existing CM Trackers-Found,,,,,
www.CLIENT_X.co.kr,Essential cookies (exempt from consent),CLIENT_X - Korea,HTTP Cookie,kampyleUserSession,,session,TRUE,https://www.CLIENT_X.com.tr/c-p/AMF870_15/air-performer-8000-serisi-3-1-arada-hava-temizleyici-fan-ve-isitici,Existing CM Trackers-Found,,,,,
CLIENT_Xcl.vtexassets.com,Performance Cookies [Requires consent],VTEX,ETag,-,,,TRUE,https://www.CLIENT_X.com.tr/c-e/ho/cooking/airfryer-7000-serisi-xxl.html,Existing CM Trackers-Found,,,,,
CLIENT_X.ca,Essential cookies (exempt from consent),CLIENT_X - Canada,HTTP Cookie,FPID,,bench_update_duration,TRUE,https://www.CLIENT_X.com.tr/c-p/AMF870_15/air-performer-8000-serisi-3-1-arada-hava-temizleyici-fan-ve-isitici,Existing CM Trackers-Found,,,,,
*.e.aa.online-metrix.net,Performance cookies,LexisNexis Risk Solutions (formerly ThreatMetrix),Beacon,bench_new_T2_13302,,,,https://www.CLIENT_X.com.tr/c-p/SWV9433C_00/hdmi-2.1-kablosu,New Third Party Trackers,,,,,
www.CLIENT_X.pl,Essential cookies (exempt from consent),CLIENT_X - Poland,HTTP Cookie,_sdsat_pgm_sh_alloc,,bench_update_duration,TRUE,https://www.CLIENT_X.com.tr/,Existing CM Trackers-Found,,,,,
www.lighting.CLIENT_X.at,Essential cookies (exempt from consent),Signify (formerly CLIENT_X Lighting),Beacon,blank (beacon),,0,TRUE,https://www.CLIENT_X.com.tr/,Existing CM Trackers-Found,,,,,
www.CLIENT_X.no,Essential cookies (exempt from consent),CLIENT_X - Norway,HTTP Cookie,eddl_gtm_qe_session_start_6523424625,,,,,Existing CM Trackers-Not Found,,,,,
www.CLIENT_X.si,Essential cookies (exempt from consent),CLIENT_X - Slovenia,HTTP Cookie,AWSELB,,0,TRUE,https://www.CLIENT_X.com.tr/,Existing CM Trackers-Found,,,,,
www.tco.lighting.CLIENT_X.com,Performance Cookies [Requires consent],Koninklijke CLIENT_X N.V.,JavaScript,-,,bench_update_duration,,,Existing CM Trackers-Not Found,,,,,
CLIENT_X.hu,Essential cookies (exempt from consent),CLIENT_X - Hungary,HTTP Cookie,internalUserCheck,,396,TRUE,https://www.CLIENT_X.com.tr/a-w/about,Existing CM Trackers-Found,,,,,
www.lighting.CLIENT_X.com.vn,Essential cookies (exempt from consent),Signify (formerly CLIENT_X Lighting),ETag,blank (etag),,390,TRUE,https://www.CLIENT_X.com.tr/,Existing CM Trackers-Found,,,,,
CLIENT_X.lt,Essential cookies (exempt from consent),CLIENT_X - Lithuania,HTTP Cookie,_gat_UA-XXX,,0,TRUE,https://www.CLIENT_X.com.tr/a-w/about,Existing CM Trackers-Found,,,,,
www.lighting.CLIENT_X.com.tr,Essential cookies,Signify (formerly CLIENT_X Lighting),HTTP Cookie,_ga_failed_lookup_marker_66_1031,,,,,Existing CM Trackers-Not Found,,,,,
www.CLIENT_X.com.tr,Essential cookies (exempt from consent),CLIENT_X - Turkey,HTTP Cookie,eddl_gtm_qe_session_start_6523424625,,,,,Existing CM Trackers-Not Found,,,,,
w.usabilla.com,Performance cookies,GetFeedback,JavaScript,bench_new_T2_13278,,,,,Existing CM Trackers-Not Found,,,,,
cdn.cookiehub.eu,Targeted Advertising Cookies (including social media) [Requires consent],CookieHub,ETag,-,,bench_update_duration,,,Existing CM Trackers-Not Found,,,,,
CLIENT_X.com.tr,Essential cookies,CLIENT_X - Turkey,HTTP Cookie,_ga_failed_lookup_marker_66_1035,,,,,Existing CM Trackers-Not Found,,,,,
www.CLIENT_X.com.tw,Essential cookies (exempt from consent),CLIENT_X - Taiwan,HTTP Cookie,p-hc-specialty,,bench_update_duration,,https://www.CLIENT_X.com.tr/c-p/SWV9433C_00/hdmi-2.1-kablosu,New Third Party Trackers,,,,,
CLIENT_X.bg,Essential cookies (exempt from consent),CLIENT_X - Bulgaria,HTTP Cookie,s_cm_direct,,729,,,Existing CM Trackers-Not Found,,,,,
www.CLIENT_X.com.ar,Essential cookies (exempt from consent),CLIENT_X - Argentina,HTTP Cookie,kampylePageLoadedTimestamp,,89,TRUE,https://www.CLIENT_X.com.tr/healthcare/clinical-solutions/early-warning-scoring,Existing CM Trackers-Found,,,,,
www.lighting.CLIENT_X.pt,Essential cookies (exempt from consent),Signify (formerly CLIENT_X Lighting),HTTP Cookie,customer_country,,,,,Existing CM Trackers-Not Found,,,,,
www.subscriptions.CLIENT_X.de,Essential cookies (exempt from consent),CLIENT_X - Germany,JavaScript,blank (java),,90,TRUE,https://www.CLIENT_X.com.tr/,Existing CM Trackers-Found,,,,,
CLIENT_X.sk,Essential cookies (exempt from consent),CLIENT_X - Slovakia,HTTP Cookie,_schn1,,,,,Existing CM Trackers-Not Found,,,,,
www.healthcare.shop.CLIENT_X.nl,Essential cookies (exempt from consent),CLIENT_X - Netherlands,HTTP Cookie,isBrowserPopUp,,bench_update_duration,,https://www.CLIENT_X.com.tr/,New Third Party Trackers,,,,,
CLIENT_X.lt,Essential cookies (exempt from consent),CLIENT_X - Lithuania,HTTP Cookie,s_cm,,bench_update_duration,,https://www.CLIENT_X.com.tr/c-f/XC000021443/CLIENT_X-vantilat%C3%B6r%C3%BCm-sal%C4%B1n%C4%B1m-yaparken-al%C4%B1%C5%9F%C4%B1lmad%C4%B1k-bir-ses-%C3%A7%C4%B1kar%C4%B1yor,New Third Party Trackers,,,,,
img.youtube.com,Targeted Advertising cookies (including social media),Google Advertising Products,ETag,_ga_failed_lookup_marker_66_1044,,,TRUE,https://www.CLIENT_X.com.tr/healthcare/solutions/clinical-informatics/clinical-informatics-enterprise-imaging/intellispace-portal,Existing CM Trackers-Found,,,,,
CLIENT_X.ru,Essential cookies (exempt from consent),CLIENT_X - Russia,HTTP Cookie,_schn1,,bench_update_duration,,,Existing CM Trackers-Not Found,,,,,
CLIENT_X.ua,Essential cookies (exempt from consent),CLIENT_X - Ukraine,HTTP Cookie,_schn1,,bench_update_duration,,https://www.CLIENT_X.com.tr/c-p/AMF870_15/air-performer-8000-serisi-3-1-arada-hava-temizleyici-fan-ve-isitici,New First Party Trackers,,,,,
www.CLIENT_X.co.kr,Essential cookies (exempt from consent),CLIENT_X - Korea,HTTP Cookie,kampyleSessionPageCounter,,,,,Existing CM Trackers-Not Found,,,,,
CLIENT_X.lt,Essential cookies (exempt from consent),CLIENT_X - Lithuania,HTTP Cookie,s_cc,,bench_update_duration,,,Existing CM Trackers-Not Found,,,,,
www.CLIENT_X.com.tr,Essential cookies,CLIENT_X - Turkey,HTTP Cookie,bench_new_T2_13362,,session,TRUE,https://www.CLIENT_X.com.tr/c-p/AMF870_15/air-performer-8000-serisi-3-1-arada-hava-temizleyici-fan-ve-isitici,Existing CM Trackers-Found,,,,,
imgs.signifyd.com,Essential cookies,Signifyd,JavaScript,bench_new_T2_13329,,,TRUE,https://www.CLIENT_X.com.tr/c-e/ho/uetueleme/descale-steam-generators,Existing CM Trackers-Found,,,,,
www.CLIENT_X.co.id,Essential cookies (exempt from consent),CLIENT_X - Indonesia,HTTP Cookie,kampyleSessionPageCounter,,bench_update_duration,TRUE,https://www.CLIENT_X.com.tr/c-e/ho/cooking/airfryer-7000-serisi-xxl.html,Existing CM Trackers-Found,,,,,
www.lighting.CLIENT_X.pt,Essential cookies (exempt from consent),Signify (formerly CLIENT_X Lighting),HTTP Cookie,AWSELB,,bench_update_duration,TRUE,https://www.CLIENT_X.com.tr/a-w/about,Existing CM Trackers-Found,,,,,
CLIENT_X.lt,Essential cookies (exempt from consent),CLIENT_X - Lithuania,HTTP Cookie,FPID,,bench_update_duration,TRUE,https://www.CLIENT_X.com.tr/a-w/about,Existing CM Trackers-Found,,,,,
wdh.23video.com,Performance Cookies [Requires consent],TwentyThree,JavaScript,-,,bench_update_duration,,https://www.CLIENT_X.com.tr/c-p/AMF870_15/air-performer-8000-serisi-3-1-arada-hava-temizleyici-fan-ve-isitici,New First Party Trackers,,,,,
CLIENT_X.es,Essential cookies (exempt from consent),CLIENT_X - Spain,HTTP Cookie,s_pv,,bench_update_duration,TRUE,https://www.CLIENT_X.com.tr/,Existing CM Trackers-Found,,,,,
CLIENT_X.com.tr,Essential cookies (exempt from consent),CLIENT_X - Turkey,HTTP Cookie,FPLC,,,,,Existing CM Trackers-Not Found,,,,,
CLIENT_X.de,Essential cookies (exempt from consent),CLIENT_X - Germany,HTTP Cookie,_gdXXX,,bench_update_duration,,,Existing CM Trackers-Not Found,,,,,
CLIENT_X.es,Essential cookies (exempt from consent),CLIENT_X - Spain,HTTP Cookie,s_vtime,,400,,https://www.CLIENT_X.com.tr/c-f/XC000021443/CLIENT_X-vantilat%C3%B6r%C3%BCm-sal%C4%B1n%C4%B1m-yaparken-al%C4%B1%C5%9F%C4%B1lmad%C4%B1k-bir-ses-%C3%A7%C4%B1kar%C4%B1yor,New Third Party Trackers,,,,,
CLIENT_X.cl,Essential cookies (exempt from consent),CLIENT_X - Chile,HTTP Cookie,mbox,,,,,Existing CM Trackers-Not Found,,,,,
www.lighting.CLIENT_X.co.th,Essential cookies (exempt from consent),Signify (formerly CLIENT_X Lighting),HTTP Cookie,s_mc,,bench_update_duration,TRUE,https://www.CLIENT_X.com.tr/,Existing CM Trackers-Found,,,,,
www.CLIENT_X.co.jp,Essential cookies (exempt from consent),CLIENT_X Electronics Corporation Japan,HTTP Cookie,T01-recentlyViewedProducts,,bench_update_duration,,https://www.CLIENT_X.com.tr/c-e/ho/cooking/elektrikli-akilli-duduklu-tencere-3000-serisi.html,New Third Party Trackers,,,,,
www.CLIENT_X.hu,Essential cookies (exempt from consent),CLIENT_X - Hungary,HTTP Cookie,kampyleSessionPageCounter,,393,TRUE,https://www.CLIENT_X.com.tr/,Existing CM Trackers-Found,,,,,
halc.iadvize.com,Performance cookies,iAdvize,JavaScript,bench_new_T2_13358,,,TRUE,https://www.CLIENT_X.com.tr/c-e/ho/cooking/airfryer-7000-serisi-xxl.html,Existing CM Trackers-Found,,,,,
www.CLIENT_X.com.co,Essential cookies (exempt from consent),CLIENT_X - Colombia,HTTP Cookie,test,,bench_update_duration,,https://www.CLIENT_X.com.tr/,New First Party Trackers,,,,,
www.google.ie,Targeted Advertising cookies (including social media),Google Inc.,Beacon,bench_new_T2_13377,,,TRUE,https://www.CLIENT_X.com.tr/,Existing CM Trackers-Found,,,,,
CLIENT_X.com.tr,Essential cookies,CLIENT_X - Turkey,HTTP Cookie,bench_new_T2_13277,,,,,Existing CM Trackers-Not Found,,,,,
CLIENT_X.com.pk,Essential cookies (exempt from consent),CLIENT_X - Pakistan,HTTP Cookie,_scid,,bench_update_duration,,,Existing CM Trackers-Not Found,,,,,
www.lighting.CLIENT_X.at,Essential cookies (exempt from consent),Signify (formerly CLIENT_X Lighting),JavaScript,blank (java),,bench_update_duration,TRUE,https://www.CLIENT_X.com.tr/,Existing CM Trackers-Found,,,,,
www.abonnementen.CLIENT_X.nl,Essential cookies (exempt from consent),CLIENT_X - Netherlands,HTTP Cookie,fl_qualified_entry,,,TRUE,https://www.CLIENT_X.com.tr/c-e/ho/cooking/airfryer-7000-serisi-xxl.html,Existing CM Trackers-Found,,,,,
www.tienda.CLIENT_X.com.ar,Essential cookies (exempt from consent),CLIENT_X - Argentina,HTTP Cookie,VtexRCMacIdv7,,bench_update_duration,TRUE,https://www.CLIENT_X.com.tr/shop/order-search/search-input,Existing CM Trackers-Found,,,,,
CLIENT_Xb2c.my.site.com,Performance cookies,"Salesforce.com, Inc.",JavaScript,_ga_failed_lookup_marker_66_1071,,,TRUE,https://www.CLIENT_X.com.tr/c-w/tuketici-urunleri-destek/support-contact-page.html,Existing CM Trackers-Found,,,,,
CLIENT_X.hr,Essential cookies (exempt from consent),CLIENT_X - Croatia,HTTP Cookie,TEST_AMCV_COOKIE_WRITE,,bench_update_duration,,,Existing CM Trackers-Not Found,,,,,
www.powersensormonitor.CLIENT_X.com,Essential cookies (exempt from consent),Koninklijke CLIENT_X N.V.,ETag,blank (etag),,,,,Existing CM Trackers-Not Found,,,,,
www.CLIENT_X.ca,Essential cookies (exempt from consent),CLIENT_X - Canada,HTTP Cookie,__attentive_cco,,bench_update_duration,TRUE,https://www.CLIENT_X.com.tr/,Existing CM Trackers-Found,,,,,
www.CLIENT_X.gr,Essential cookies (exempt from consent),CLIENT_X - Greece,HTTP Cookie,p-hc-catg,,bench_update_duration,TRUE,https://www.CLIENT_X.com.tr/,Existing CM Trackers-Found,,,,,
CLIENT_X.ee,Essential cookies (exempt from consent),CLIENT_X - Republic of Estonia,HTTP Cookie,TAsessionID,,,,,Existing CM Trackers-Not Found,,,,,
www.healthcare.shop.CLIENT_X.fr,Essential cookies (exempt from consent),CLIENT_X - France,HTTP Cookie,ROUTE,,,,,Existing CM Trackers-Not Found,,,,,
www.CLIENT_X.it,Essential cookies (exempt from consent),CLIENT_X - Italy,HTTP Cookie,mdLogger,,,,,Existing CM Trackers-Not Found,,,,,
creativecdn.com,Targeted Advertising Cookies (including social media) [Requires consent],RTB House S.A.,HTTP Cookie,g,,364,,,Existing CM Trackers-Not Found,,,,,
CLIENT_X.com.pe,Essential cookies (exempt from consent),CLIENT_X - Peru,HTTP Cookie,s_nrpv,,bench_update_duration,,,Existing CM Trackers-Not Found,,,,,
fonts.yieldify-production.com,Targeted Advertising cookies (including social media),Yieldify,ETag,_ga_failed_lookup_marker_66_1081,,,,,Existing CM Trackers-Not Found,,,,,
CLIENT_X.dk,Essential cookies (exempt from consent),CLIENT_X - Denmark,HTTP Cookie,_gdXXX,,session,TRUE,https://www.CLIENT_X.com.tr/,Existing CM Trackers-Found,,,,,
CLIENT_X.com.pe,Essential cookies (exempt from consent),CLIENT_X - Peru,HTTP Cookie,test,,bench_update_duration,TRUE,https://www.CLIENT_X.com.tr/,Existing CM Trackers-Found,,,,,
www.lighting.CLIENT_X.pt,Essential cookies (exempt from consent),Signify (formerly CLIENT_X Lighting),HTTP Cookie,d01-layout,,bench_update_duration,TRUE,https://www.CLIENT_X.com.tr/,Existing CM Trackers-Found,,,,,
www.supurgesepeti.com,Essential cookies,Supurgesepeti.com,HTTP Cookie,bench_new_T2_13325,,,,,Existing CM Trackers-Not Found,,,,,
www.lighting.CLIENT_X.no,Essential cookies (exempt from consent),Signify (formerly CLIENT_X Lighting),JavaScript,blank (java),,bench_update_duration,,,Existing CM Trackers-Not Found,,,,,
analytics.tiktok.com,Targeted Advertising cookies (including social media),TikTok,Beacon,_ga_failed_lookup_marker_66_1087,,,TRUE,https://www.CLIENT_X.com.tr/,Existing CM Trackers-Found,,,,,
www.CLIENT_X.com.sg,Essential cookies (exempt from consent),CLIENT_X - Singapore,HTTP Cookie,ws-active-shop,,bench_update_duration,TRUE,https://www.CLIENT_X.com.tr/,Existing CM Trackers-Found,,,,,
www.CLIENT_X.ru,Essential cookies (exempt from consent),CLIENT_X - Russia,HTTP Cookie,_scid_r,,bench_update_duration,TRUE,https://www.CLIENT_X.com.tr/c-e/ho/homeid-app.html,Existing CM Trackers-Found,,,,,
maps.gstatic.com,Performance cookies,Google Inc.,JavaScript,bench_new_T2_13289,,,,,Existing CM Trackers-Not Found,,,,,
www.CLIENT_X.pl,Essential cookies (exempt from consent),CLIENT_X - Poland,HTTP Cookie,RT,,bench_update_duration,,,Existing CM Trackers-Not Found,,,,,
CLIENT_X.dk,Essential cookies (exempt from consent),CLIENT_X - Denmark,HTTP Cookie,FPLC,,bench_update_duration,TRUE,https://www.CLIENT_X.com.tr/healthcare/clinical-solutions/early-warning-scoring,Existing CM Trackers-Found,,,,,
www.CLIENT_X.ch,Essential cookies (exempt from consent),CLIENT_X - Switzerland,HTTP Cookie,ws-id,,bench_update_duration,TRUE,https://www.CLIENT_X.com.tr/c-w/tuketici-urunleri-destek/support-contact-page.html,Existing CM Trackers-Found,,,,,
www.CLIENT_X.com.my,Essential cookies (exempt from consent),CLIENT_X - Malaysia,Local Storage,blank (local storage),,bench_update_duration,TRUE,https://www.CLIENT_X.com.tr/a-w/about,Existing CM Trackers-Found,,,,,
CLIENT_X.com.co,Essential cookies (exempt from consent),CLIENT_X - Colombia,HTTP Cookie,com.adobe.alloy.getTld,,bench_update_duration,TRUE,https://www.CLIENT_X.com.tr/,Existing CM Trackers-Found,,,,,
CLIENT_X.com.gh,Essential cookies (exempt from consent),CLIENT_X - Ghana,HTTP Cookie,s_nrpv,,bench_update_duration,TRUE,https://www.CLIENT_X.com.tr/c-p/AC3033_10/3000i-series-hava-temizleyici,Existing CM Trackers-Found,,,,,
lighting.CLIENT_X.com.tr,Essential cookies,Signify (formerly CLIENT_X Lighting),HTTP Cookie,_ga_failed_lookup_marker_66_1097,,,,,Existing CM Trackers-Not Found,,,,,
ro-gmtdmp.mookie1.com,Targeted Advertising Cookies (including social media) [Requires consent],GroupM UK Limited,ETag,-,,,,,Existing CM Trackers-Not Found,,,,,
CLIENT_X.ae,Essential cookies (exempt from consent),CLIENT_X - Middle East Arab,HTTP Cookie,s_nrpv,,bench_update_duration,,https://www.CLIENT_X.com.tr/,New First Party Trackers,,,,,
extend.vimeocdn.com,Targeted Advertising Cookies (including social media) [Requires consent],Vimeo,JavaScript,-,,,,https://www.CLIENT_X.com.tr/c-e/ho/cooking/elektrikli-akilli-duduklu-tencere-3000-serisi.html,New Third Party Trackers,,,,,
cdn.acsbapp.com,Targeted Advertising Cookies (including social media) [Requires consent],accessiBe,ETag,-,,bench_update_duration,TRUE,https://www.CLIENT_X.com.tr/,Existing CM Trackers-Found,,,,,
www.CLIENT_X.com.kw,Essential cookies (exempt from consent),CLIENT_X - Kuwait,HTTP Cookie,kampyleSessionPageCounter,,,,,Existing CM Trackers-Not Found,,,,,
www.CLIENT_X.hr,Essential cookies (exempt from consent),CLIENT_X - Croatia,HTTP Cookie,_sdsat_pgm_optin,,bench_update_duration,,https://www.CLIENT_X.com.tr/c-p/AMF870_15/air-performer-8000-serisi-3-1-arada-hava-temizleyici-fan-ve-isitici,New First Party Trackers,,,,,
CLIENT_X.com.tr,Performance cookies,CLIENT_X - Turkey,HTTP Cookie,_ga_failed_lookup_marker_66_1104,,400,,https://www.CLIENT_X.com.tr/,Existing CM Trackers-Found,,,,,
CLIENT_X.de,Essential cookies (exempt from consent),CLIENT_X - Germany,HTTP Cookie,_fbp,,bench_update_duration,,https://www.CLIENT_X.com.tr/,New Third Party Trackers,,,,,
www.supurgesepeti.com,Essential cookies,Supurgesepeti.com,HTTP Cookie,bench_new_T2_13346,,,,,Existing CM Trackers-Not Found,,,,,
CLIENT_X.co.ke,Essential cookies (exempt from consent),CLIENT_X - Kenya,HTTP Cookie,s_eVar8,,bench_update_duration,,,Existing CM Trackers-Not Found,,,,,
www.CLIENT_X.com.sg,Essential cookies (exempt from consent),CLIENT_X - Singapore,HTTP Cookie,_sdsat_pgm_optin,,bench_update_duration,,,Existing CM Trackers-Not Found,,,,,
CLIENT_X.co.jp,Essential cookies (exempt from consent),CLIENT_X Electronics Corporation Japan,HTTP Cookie,s_eVar8,,,,,Existing CM Trackers-Not Found,,,,,
CLIENT_X.cl,Essential cookies (exempt from consent),CLIENT_X - Chile,HTTP Cookie,_clsk,,bench_update_duration,,,Existing CM Trackers-Not Found,,,,,
CLIENT_X.com.tr,Essential cookies,CLIENT_X - Turkey,HTTP Cookie,_ga_failed_lookup_marker_66_1111,,0,TRUE,https://www.CLIENT_X.com.tr/,Existing CM Trackers-Found,,,,,
www.lighting.CLIENT_X.ru,Essential cookies (exempt from consent),Signify (formerly CLIENT_X Lighting),Beacon,blank (beacon),,,,,Existing CM Trackers-Not Found,,,,,
CLIENT_X.co.il,Essential cookies (exempt from consent),CLIENT_X - Israel,HTTP Cookie,s_campaign,,bench_update_duration,TRUE,https://www.CLIENT_X.com.tr/c-p/AMF870_15/air-performer-8000-serisi-3-1-arada-hava-temizleyici-fan-ve-isitici,Existing CM Trackers-Found,,,,,
www.lighting.CLIENT_X.com.tr,Essential cookies (exempt from consent),Signify (formerly CLIENT_X Lighting),JavaScript,blank (java),,,TRUE,https://www.CLIENT_X.com.tr/c-p/AMF870_15/air-performer-8000-serisi-3-1-arada-hava-temizleyici-fan-ve-isitici,Existing CM Trackers-Found,,,,,
CLIENT_X.com.hk,Essential cookies (exempt from consent),CLIENT_X - Hong Kong,HTTP Cookie,test,,,TRUE,https://www.CLIENT_X.com.tr/,Existing CM Trackers-Found,,,,,
www.CLIENT_X.com.tr,Essential cookies,CLIENT_X - Turkey,HTTP Cookie,_ga_failed_lookup_marker_66_1116,,365,TRUE,https://www.CLIENT_X.com.tr/c-p/AMF870_15/air-performer-8000-serisi-3-1-arada-hava-temizleyici-fan-ve-isitici,Existing CM Trackers-Found,,,,,
lighting.CLIENT_X.ua,Essential cookies (exempt from consent),Signify (formerly CLIENT_X Lighting),HTTP Cookie,s_nr,,,TRUE,https://www.CLIENT_X.com.tr/c-e/welcome?mag=F02&origin=20_tr_tr_mylumea_app,Existing CM Trackers-Found,,,,,
CLIENT_X.ro,Essential cookies (exempt from consent),CLIENT_X - Romania,HTTP Cookie,mboxEdgeCluster,,bench_update_duration,TRUE,https://www.CLIENT_X.com.tr/,Existing CM Trackers-Found,,,,,
CLIENT_X.bg,Essential cookies (exempt from consent),CLIENT_X - Bulgaria,HTTP Cookie,s_cc,,bench_update_duration,TRUE,https://www.CLIENT_X.com.tr/,Existing CM Trackers-Found,,,,,
www.lighting.CLIENT_X.co.id,Essential cookies (exempt from consent),Signify (formerly CLIENT_X Lighting),HTTP Cookie,BCTempID,,,,,Existing CM Trackers-Not Found,,,,,
XXXXXXXX.fls.doubleclick.net,Targeted Advertising Cookies (including social media) [Requires consent],Google Advertising Products,Beacon,-,,180,TRUE,https://www.CLIENT_X.com.tr/healthcare/clinical-solutions/early-warning-scoring,Existing CM Trackers-Found,,,,,
www.assets.lighting.CLIENT_X.com,Performance cookies,Signify (formerly CLIENT_X Lighting),ETag,bench_new_T2_13371,,,,,Existing CM Trackers-Not Found,,,,,
www.lighting.CLIENT_X.co.il,Essential cookies (exempt from consent),Signify (formerly CLIENT_X Lighting),HTTP Cookie,s_as,,390,TRUE,https://www.CLIENT_X.com.tr/,Existing CM Trackers-Found,,,,,
CLIENT_X.sa,Essential cookies (exempt from consent),CLIENT_X - Kingdom of Saudi Arabia,HTTP Cookie,iAdvize:splitGroup,,,TRUE,https://www.CLIENT_X.com.tr/,Existing CM Trackers-Found,,,,,
www.store-CLIENT_X.tw,Essential cookies (exempt from consent),CLIENT_X Store - Taiwan,HTTP Cookie,CFFPCKUUIDMAIN,,bench_update_duration,TRUE,https://www.CLIENT_X.com.tr/healthcare/clinical-solutions/early-warning-scoring,Existing CM Trackers-Found,,,,,
lighting.CLIENT_X.com.tr,Essential cookies (exempt from consent),Signify (formerly CLIENT_X Lighting),HTTP Cookie,s_cc,,bench_update_duration,,,Existing CM Trackers-Not Found,,,,,
CLIENT_X.bg,Essential cookies (exempt from consent),CLIENT_X - Bulgaria,HTTP Cookie,s_ugv,,bench_update_duration,,https://www.CLIENT_X.com.tr/healthcare/education-resources/education-training,New Third Party Trackers,,,,,
www.lighting.CLIENT_X.com.my,Essential cookies (exempt from consent),Signify (formerly CLIENT_X Lighting),JavaScript,blank (java),,bench_update_duration,,,Existing CM Trackers-Not Found,,,,,
custom.yieldify.com,Targeted Advertising cookies (including social media),Yieldify,JavaScript,_ga_failed_lookup_marker_66_1129,,,,,Existing CM Trackers-Not Found,,,,,
CLIENT_X.com.ar,Essential cookies (exempt from consent),CLIENT_X - Argentina,HTTP Cookie,_scid,,bench_update_duration,,,Existing CM Trackers-Not Found,,,,,
www.healthcare.shop.CLIENT_X.nl,Essential cookies (exempt from consent),CLIENT_X - Netherlands,HTTP Cookie,pcms-CLIENT_X-nl-cart,,bench_update_duration,TRUE,https://www.CLIENT_X.com.tr/c-e/ho/cooking/airfryer-7000-serisi-xxl.html,Existing CM Trackers-Found,,,,,
CLIENT_X.de,Essential cookies (exempt from consent),CLIENT_X - Germany,HTTP Cookie,iadvize_test_cookie_top_domain,,bench_update_duration,TRUE,https://www.CLIENT_X.com.tr/c-p/AC3033_10/3000i-series-hava-temizleyici,Existing CM Trackers-Found,,,,,
eloqua.com,Targeted Advertising cookies (including social media),Oracle Marketing,HTTP Cookie,_ga_failed_lookup_marker_66_1133,,392,TRUE,https://www.CLIENT_X.com.tr/healthcare,Existing CM Trackers-Found,,,,,
CLIENT_X.es,Essential cookies (exempt from consent),CLIENT_X - Spain,HTTP Cookie,_ttp,,bench_update_duration,TRUE,https://www.CLIENT_X.com.tr/,Existing CM Trackers-Found,,,,,
www.CLIENT_X.com.tr,Essential cookies,CLIENT_X - Turkey,Beacon,_ga_failed_lookup_marker_66_1135,,,TRUE,https://www.CLIENT_X.com.tr/a-w/about-CLIENT_X/sustainability.html,Existing CM Trackers-Found,,,,,
CLIENT_X.co.nz,Essential cookies (exempt from consent),CLIENT_X - New Zealand,HTTP Cookie,s_cm_direct,,365,,https://www.CLIENT_X.com.tr/,New First Party Trackers,,,,,
www.healthcare.shop.CLIENT_X.fr,Essential cookies (exempt from consent),CLIENT_X - France,HTTP Cookie,kampyleSessionPageCounter,,bench_update_duration,,,Existing CM Trackers-Not Found,,,,,
www.CLIENT_X.cz,Essential cookies (exempt from consent),CLIENT_X - Czech Republic,HTTP Cookie,AWSELBCORS,,bench_update_duration,,,Existing CM Trackers-Not Found,,,,,
CLIENT_X.co.jp,Essential cookies (exempt from consent),CLIENT_X Electronics Corporation Japan,HTTP Cookie,mboxEdgeCluster,,bench_update_duration,,https://www.CLIENT_X.com.tr/a-w/tanimlama-bilgileri-politikasi,New Third Party Trackers,,,,,
omnitagjs.com,Targeted Advertising Cookies (including social media) [Requires consent],ADYOULIKE SA,HTTP Cookie,ayl_visitor,,29,,,Existing CM Trackers-Not Found,,,,,
CLIENT_X.com.vn,Essential cookies (exempt from consent),CLIENT_X - Vietnam,HTTP Cookie,FPID,,,,,Existing CM Trackers-Not Found,,,,,
consent.trustarc.com,Essential cookies,TrustArc,JavaScript,_ga_failed_lookup_marker_66_1142,,,TRUE,https://www.CLIENT_X.com.tr/,Existing CM Trackers-Found,,,,,
CLIENT_X.com.au,Essential cookies (exempt from consent),CLIENT_X - Australia,HTTP Cookie,com.adobe.alloy.getTld,,session,,,Existing CM Trackers-Not Found,,,,,
CLIENT_X.it,Essential cookies (exempt from consent),CLIENT_X - Italy,HTTP Cookie,mboxEdgeCluster,,bench_update_duration,TRUE,https://www.CLIENT_X.com.tr/,Existing CM Trackers-Found,,,,,
tr.snapchat.com,Targeted Advertising cookies (including social media),Snap Inc.,JavaScript,bench_new_T2_13274,,,TRUE,https://www.CLIENT_X.com.tr/c-e/ho/ironing/azur-8000-series,Existing CM Trackers-Found,,,,,
lighting.CLIENT_X.com.tr,Essential cookies,Signify (formerly CLIENT_X Lighting),HTTP Cookie,bench_new_T2_13376,,,,,Existing CM Trackers-Not Found,,,,,
www.lighting.CLIENT_X.co.za,Essential cookies (exempt from consent),Signify (formerly CLIENT_X Lighting),HTTP Cookie,s_as,,bench_update_duration,TRUE,https://www.CLIENT_X.com.tr/healthcare,Existing CM Trackers-Found,,,,,
www.CLIENT_X.co.uk,Essential cookies (exempt from consent),CLIENT_X - United Kingdom,HTTP Cookie,fl_qualified_entry,,bench_update_duration,,,Existing CM Trackers-Not Found,,,,,
www.CLIENT_X.com.tr,Essential cookies,CLIENT_X - Turkey,HTTP Cookie,bench_new_T2_13232,,30,TRUE,https://www.CLIENT_X.com.tr/c-p/AMF870_15/air-performer-8000-serisi-3-1-arada-hava-temizleyici-fan-ve-isitici,Existing CM Trackers-Found,,,,,
CLIENT_X.com,Essential cookies,Koninklijke CLIENT_X N.V.,HTTP Cookie,bench_new_T2_13388,,,,,Existing CM Trackers-Not Found,,,,,
www.CLIENT_X.co.th,Essential cookies (exempt from consent),CLIENT_X - Thailand,Beacon,blank (beacon),,,,,Existing CM Trackers-Not Found,,,,,
t.adx.opera.com,Targeted Advertising Cookies (including social media) [Requires consent],Opera Software Ireland Limited,Beacon,-,,,,,Existing CM Trackers-Not Found,,,,,
*.mktoweb.com,Targeted Advertising cookies (including social media),Marketo,Local Storage,bench_new_T2_13360,,,,,Existing CM Trackers-Not Found,,,,,
www.CLIENT_X.co.ke,Essential cookies (exempt from consent),CLIENT_X - Kenya,HTTP Cookie,eddl_itc_list,,,,,Existing CM Trackers-Not Found,,,,,
www.lighting.CLIENT_X.com.pe,Essential cookies (exempt from consent),Signify (formerly CLIENT_X Lighting),HTTP Cookie,AWSELB,,0,TRUE,https://www.CLIENT_X.com.tr/,Existing CM Trackers-Found,,,,,
cm.adform.net,Targeted Advertising Cookies (including social media) [Requires consent],Adform A/S,ETag,-,,bench_update_duration,TRUE,https://www.CLIENT_X.com.tr/,Existing CM Trackers-Found,,,,,
CLIENT_X.com.co,Essential cookies (exempt from consent),CLIENT_X - Colombia,HTTP Cookie,s_cc,,400,,https://www.CLIENT_X.com.tr/,New Third Party Trackers,,,,,
*.e.aa.online-metrix.net,Performance cookies,LexisNexis Risk Solutions (formerly ThreatMetrix),Beacon,_ga_failed_lookup_marker_66_1158,,,,https://www.CLIENT_X.com.tr/c-p/SWV9433C_00/hdmi-2.1-kablosu,New Third Party Trackers,,,,,
www.CLIENT_X.co.id,Essential cookies (exempt from consent),CLIENT_X - Indonesia,HTTP Cookie,test,,,,,Existing CM Trackers-Not Found,,,,,
www.CLIENT_X.com.pk,Essential cookies (exempt from consent),CLIENT_X - Pakistan,HTTP Cookie,AWSELB,,bench_update_duration,,https://www.CLIENT_X.com.tr/,New Third Party Trackers,,,,,
CLIENT_X.pl,Essential cookies (exempt from consent),CLIENT_X - Poland,HTTP Cookie,s_eVar8,,90,TRUE,https://www.CLIENT_X.com.tr/,Existing CM Trackers-Found,,,,,
static.biggylabs.com.br,Performance Cookies [Requires consent],VTEX,JavaScript,-,,bench_update_duration,TRUE,https://www.CLIENT_X.com.tr/shop/order-search/search-input,Existing CM Trackers-Found,,,,,
www.assets.lighting.CLIENT_X.com,Performance cookies,Signify (formerly CLIENT_X Lighting),ETag,bench_new_T2_13380,,,,,Existing CM Trackers-Not Found,,,,,
www.eu-west-1.api.CLIENT_X.com,Targeted Advertising cookies (including social media),Koninklijke CLIENT_X N.V.,Beacon,_ga_failed_lookup_marker_66_1164,,,,https://www.CLIENT_X.com.tr/c-e/shop/checkout,New Third Party Trackers,,,,,
pages.information.signify.com,Performance cookies,Signify (formerly CLIENT_X Lighting),HTTP Cookie,_ga_failed_lookup_marker_66_1165,,,,,Existing CM Trackers-Not Found,,,,,
shop.CLIENT_X.ee,Essential cookies (exempt from consent),CLIENT_X - Republic of Estonia,HTTP Cookie,TAsessionID,,bench_update_duration,,https://www.CLIENT_X.com.tr/a-w/tanimlama-bilgileri-politikasi,New Third Party Trackers,,,,,
www.youtube-nocookie.com,Preference cookies,Google Inc.,Local Storage,yt-remote-connected-devices,,bench_update_duration,,,Existing CM Trackers-Not Found,,,,,
ad2iction.com,Targeted Advertising Cookies (including social media) [Requires consent],Ad2iction,HTTP Cookie,ad2udid,,bench_update_duration,,,Existing CM Trackers-Not Found,,,,,
www.lighting.CLIENT_X.com.my,Essential cookies (exempt from consent),Signify (formerly CLIENT_X Lighting),HTTP Cookie,AWSELB,,bench_update_duration,TRUE,https://www.CLIENT_X.com.tr/,Existing CM Trackers-Found,,,,,
www.lighting.CLIENT_X.ru,Essential cookies (exempt from consent),Signify (formerly CLIENT_X Lighting),ETag,blank (etag),,90,TRUE,https://www.CLIENT_X.com.tr/a-w/about,Existing CM Trackers-Found,,,,,
www.lighting.CLIENT_X.com.tr,Essential cookies,Signify (formerly CLIENT_X Lighting),ETag,_ga_failed_lookup_marker_66_1171,,,,,Existing CM Trackers-Not Found,,,,,
CLIENT_X.co.in,Essential cookies (exempt from consent),CLIENT_X - India,HTTP Cookie,coveo_visitorId,,bench_update_duration,,,Existing CM Trackers-Not Found,,,,,
CLIENT_X.com.sg,Essential cookies (exempt from consent),CLIENT_X - Singapore,HTTP Cookie,internalUserCheck,,bench_update_duration,TRUE,https://www.CLIENT_X.com.tr/,Existing CM Trackers-Found,,,,,
www.lighting.CLIENT_X.com.au,Essential cookies (exempt from consent),Signify (formerly CLIENT_X Lighting),HTTP Cookie,AWSELB,,0,,,Existing CM Trackers-Not Found,,,,,
CLIENT_X.com,Essential cookies (exempt from consent),Koninklijke CLIENT_X N.V.,HTTP Cookie,s_gnr,,bench_update_duration,TRUE,https://www.CLIENT_X.com.tr/,Existing CM Trackers-Found,,,,,
www.tienda.CLIENT_X.com.mx,Essential cookies (exempt from consent),CLIENT_X - Mexico,HTTP Cookie,vtex_binding_address,,bench_update_duration,,,Existing CM Trackers-Not Found,,,,,
CLIENT_X.lv,Essential cookies (exempt from consent),CLIENT_X - Latvia,HTTP Cookie,_ga,,bench_update_duration,TRUE,https://www.CLIENT_X.com.tr/,Existing CM Trackers-Found,,,,,
c.amazon-adsystem.com,Targeted Advertising cookies (including social media),Amazon Ads,ETag,bench_new_T2_13230,,,TRUE,https://www.CLIENT_X.com.tr/,Existing CM Trackers-Found,,,,,
m.holmesmind.com,Performance Cookies [Requires consent],DoubleMax Technology,ETag,-,,bench_update_duration,,,Existing CM Trackers-Not Found,,,,,
www.CLIENT_X.com.tr,Essential cookies,CLIENT_X - Turkey,HTTP Cookie,_ga_failed_lookup_marker_66_1180,,7,TRUE,https://www.CLIENT_X.com.tr/c-p/AMF870_15/air-performer-8000-serisi-3-1-arada-hava-temizleyici-fan-ve-isitici,Existing CM Trackers-Found,,,,,
www.CLIENT_X.sa,Essential cookies (exempt from consent),CLIENT_X - Kingdom of Saudi Arabia,Local Storage,blank (local storage),,bench_update_duration,,,Existing CM Trackers-Not Found,,,,,
CLIENT_X.com.qa,Essential cookies (exempt from consent),CLIENT_X - Qatar,HTTP Cookie,_gid,,bench_update_duration,TRUE,https://www.CLIENT_X.com.tr/,Existing CM Trackers-Found,,,,,
www.CLIENT_X.com.mx,Essential cookies (exempt from consent),CLIENT_X - Mexico,ETag,blank (etag),,bench_update_duration,,https://www.CLIENT_X.com.tr/healthcare,Existing CM Trackers-Found,,,,,
www.lighting.CLIENT_X.com.br,Essential cookies (exempt from consent),Signify (formerly CLIENT_X Lighting),HTTP Cookie,CLIENT_X,,bench_update_duration,,,Existing CM Trackers-Not Found,,,,,
CLIENT_X.pt,Essential cookies (exempt from consent),CLIENT_X - Portugal,HTTP Cookie,FPLC,,bench_update_duration,,,Existing CM Trackers-Not Found,,,,,
www.CLIENT_X.com.vn,Essential cookies (exempt from consent),CLIENT_X - Vietnam,HTTP Cookie,user_country,,bench_update_duration,,,Existing CM Trackers-Not Found,,,,,
www.lighting.CLIENT_X.com.gh,Essential cookies (exempt from consent),Signify (formerly CLIENT_X Lighting),HTTP Cookie,s_as,,bench_update_duration,,,Existing CM Trackers-Not Found,,,,,
pages.information.signify.com,Performance Cookies [Requires consent],Signify (formerly CLIENT_X Lighting),JavaScript,-,,,TRUE,https://www.CLIENT_X.com.tr/c-e/ho/uetueleme/descale-steam-generators,Existing CM Trackers-Found,,,,,
www.CLIENT_X.com.hk,Essential cookies (exempt from consent),CLIENT_X - Hong Kong,HTTP Cookie,T01-recentlyViewedProducts,,,,,Existing CM Trackers-Not Found,,,,,
www.CLIENT_X.jo,Essential cookies (exempt from consent),CLIENT_X - Jordan,HTTP Cookie,kampyleUserSession,,bench_update_duration,TRUE,https://www.CLIENT_X.com.tr/c-p/AMF870_15/air-performer-8000-serisi-3-1-arada-hava-temizleyici-fan-ve-isitici,Existing CM Trackers-Found,,,,,
cdn.staticans.com,Targeted Advertising Cookies (including social media) [Requires consent],Unknown,JavaScript,-,,,,https://www.CLIENT_X.com.tr/,New Third Party Trackers,,,,,
CLIENT_X.com,Essential cookies (exempt from consent),Koninklijke CLIENT_X N.V.,HTTP Cookie,s_ppv,,,,,Existing CM Trackers-Not Found,,,,,
www.lighting.CLIENT_X.ro,Essential cookies (exempt from consent),Signify (formerly CLIENT_X Lighting),HTTP Cookie,AWSELB,,0,TRUE,https://www.CLIENT_X.com.tr/,Existing CM Trackers-Found,,,,,
www.supurgesepeti.com,Essential cookies,Supurgesepeti.com,ETag,bench_new_T2_13294,,,,,Existing CM Trackers-Not Found,,,,,
CLIENT_X.co.uk,Essential cookies (exempt from consent),CLIENT_X - United Kingdom,HTTP Cookie,_uetvid,,bench_update_duration,,,Existing CM Trackers-Not Found,,,,,
CLIENT_X.es,Essential cookies (exempt from consent),CLIENT_X - Spain,HTTP Cookie,mbox,,,,,Existing CM Trackers-Not Found,,,,,
www.CLIENT_X.pl,Essential cookies (exempt from consent),CLIENT_X - Poland,ETag,blank (etag),,bench_update_duration,,,Existing CM Trackers-Not Found,,,,,
CLIENT_X.ru,Essential cookies (exempt from consent),CLIENT_X - Russia,HTTP Cookie,_scid_r,,,,,Existing CM Trackers-Not Found,,,,,
CLIENT_X.ng,Essential cookies (exempt from consent),CLIENT_X - Nigeria,HTTP Cookie,s_nrpv,,bench_update_duration,TRUE,https://www.CLIENT_X.com.tr/c-p/AMF870_15/air-performer-8000-serisi-3-1-arada-hava-temizleyici-fan-ve-isitici,Existing CM Trackers-Found,,,,,
consent.trustarc.com,Essential cookies,TrustArc,JavaScript,bench_new_T2_13399,,,TRUE,https://www.CLIENT_X.com.tr/,Existing CM Trackers-Found,,,,,
CLIENT_X.co.th,Essential cookies (exempt from consent),CLIENT_X - Thailand,HTTP Cookie,test,,,,,Existing CM Trackers-Not Found,,,,,
CLIENT_X.es,Essential cookies (exempt from consent),CLIENT_X - Spain,HTTP Cookie,s_cm,,bench_update_duration,,,Existing CM Trackers-Not Found,,,,,
tabby.ai,Performance Cookies [Requires consent],tabby.ai,HTTP Cookie,_cfuvid,,session,TRUE,https://www.CLIENT_X.com.tr/a-w/about,Existing CM Trackers-Found,,,,,
www.google.com,Targeted Advertising Cookies (including social media) [Requires consent],Google Inc.,Local Storage,sb_wiz.zpc.gws-wiz-serp.,,session,TRUE,https://www.CLIENT_X.com.tr/c-p/AMF870_15/air-performer-8000-serisi-3-1-arada-hava-temizleyici-fan-ve-isitici,Existing CM Trackers-Found,,,,,
*.cloudfront.net,Performance cookies,Amazon (Cloudfront),ETag,_ga_failed_lookup_marker_66_1205,,,,,Existing CM Trackers-Not Found,,,,,
www.CLIENT_X.lt,Essential cookies (exempt from consent),CLIENT_X - Lithuania,HTTP Cookie,user_country,,bench_update_duration,,https://www.CLIENT_X.com.tr/healthcare/education-resources/education-training,Existing CM Trackers-Found,,,,,
CLIENT_X.com.tr,Essential cookies,CLIENT_X - Turkey,HTTP Cookie,_ga_failed_lookup_marker_66_1207,,,,,Existing CM Trackers-Not Found,,,,,
www.CLIENT_X.se,Essential cookies (exempt from consent),CLIENT_X - Sweden,Local Storage,blank (local storage),,bench_update_duration,,,Existing CM Trackers-Not Found,,,,,
www.CLIENT_X.se,Essential cookies (exempt from consent),CLIENT_X - Sweden,JavaScript,blank (java),,365,TRUE,https://www.CLIENT_X.com.tr/c-e/ho/cooking/airfryer-7000-serisi-xxl.html,Existing CM Trackers-Found,,,,,
www.lighting.CLIENT_X.ma,Essential cookies (exempt from consent),Signify (formerly CLIENT_X Lighting),HTTP Cookie,s_int,,365,TRUE,https://www.CLIENT_X.com.tr/a-w/about,Existing CM Trackers-Found,,,,,
cdn.mouseflow.com,Performance cookies,Mouseflow,JavaScript,_ga_failed_lookup_marker_66_1211,,,,https://www.CLIENT_X.com.tr/c-m-pe/hair-removal,New Third Party Trackers,,,,,
www.supplierinnovation.CLIENT_X.com,Essential cookies (exempt from consent),Koninklijke CLIENT_X N.V.,HTTP Cookie,AWSALBCORS,,,,,Existing CM Trackers-Not Found,,,,,
embed.tawk.to,Targeted Advertising Cookies (including social media) [Requires consent],Tawk.to,JavaScript,-,,0,TRUE,https://www.CLIENT_X.com.tr/c-p/AMF870_15/air-performer-8000-serisi-3-1-arada-hava-temizleyici-fan-ve-isitici,Existing CM Trackers-Found,,,,,
lighting.CLIENT_X.com.tw,Essential cookies (exempt from consent),Signify (formerly CLIENT_X Lighting),HTTP Cookie,com.adobe.alloy.getTld,,400,TRUE,https://www.CLIENT_X.com.tr/,Existing CM Trackers-Found,,,,,
CLIENT_X.com.pe,Essential cookies (exempt from consent),CLIENT_X - Peru,HTTP Cookie,_ga,,bench_update_duration,,https://www.CLIENT_X.com.tr/a-w/about-CLIENT_X/bilgi-toplumu-hizmetleri.html,New Third Party Trackers,,,,,
*.akstat.io,Performance cookies,Akamai,Beacon,_ga_failed_lookup_marker_66_1216,,,,https://www.CLIENT_X.com.tr/c-p/SPT6607B_62/6000-series-kablosuz-klavye-fare-seti,Existing CM Trackers-Found,,,,,
www.CLIENT_X.com.qa,Essential cookies (exempt from consent),CLIENT_X - Qatar,HTTP Cookie,AWSELB,,0,TRUE,https://www.CLIENT_X.com.tr/c-e/ho/cooking/airfryer-7000-serisi-xxl.html,Existing CM Trackers-Found,,,,,
www.googletagmanager.com,Performance Cookies [Requires consent],Google Inc.,JavaScript,-,,,,,Existing CM Trackers-Not Found,,,,,
www.CLIENT_X.com.hk,Essential cookies (exempt from consent),CLIENT_X - Hong Kong,HTTP Cookie,kampyleUserPercentile,,bench_update_duration,,https://www.CLIENT_X.com.tr/c-p/SPT6607B_62/6000-series-kablosuz-klavye-fare-seti,New Third Party Trackers,,,,,
www.CLIENT_X.nl,Essential cookies (exempt from consent),CLIENT_X - Netherlands,HTTP Cookie,RT,,bench_update_duration,,,Existing CM Trackers-Not Found,,,,,
www.lighting.CLIENT_X.be,Essential cookies (exempt from consent),Signify (formerly CLIENT_X Lighting),Beacon,blank (beacon),,729,,,Existing CM Trackers-Not Found,,,,,
CLIENT_X.co.th,Essential cookies (exempt from consent),CLIENT_X - Thailand,HTTP Cookie,BCSessionID,,,TRUE,https://www.CLIENT_X.com.tr/,Existing CM Trackers-Found,,,,,
cdn.attn.tv,Performance Cookies [Requires consent],"Attentive Mobile, Inc.",ETag,-,,bench_update_duration,TRUE,https://www.CLIENT_X.com.tr/a-w/about,Existing CM Trackers-Found,,,,,
www.CLIENT_X.com.pk,Essential cookies (exempt from consent),CLIENT_X - Pakistan,JavaScript,blank (java),,session,TRUE,https://www.CLIENT_X.com.tr/c-p/AMF870_15/air-performer-8000-serisi-3-1-arada-hava-temizleyici-fan-ve-isitici,Existing CM Trackers-Found,,,,,
www.loja.CLIENT_X.com.br,Essential cookies (exempt from consent),CLIENT_X - Brazil,HTTP Cookie,vtex_session,,bench_update_duration,TRUE,https://www.CLIENT_X.com.tr/shop/order-search/search-input,Existing CM Trackers-Found,,,,,
www.CLIENT_X.com.tr,Essential cookies,CLIENT_X - Turkey,HTTP Cookie,bench_new_T2_13368,,,,,Existing CM Trackers-Not Found,,,,,
lighting.CLIENT_X.com.my,Essential cookies (exempt from consent),Signify (formerly CLIENT_X Lighting),HTTP Cookie,s_ppvl,,session,TRUE,https://www.CLIENT_X.com.tr/,Existing CM Trackers-Found,,,,,
CLIENT_Xit.api.useinsider.com,Targeted Advertising Cookies (including social media) [Requires consent],Insider,JavaScript,-,,bench_update_duration,,,Existing CM Trackers-Not Found,,,,,
www.lighting.CLIENT_X.fr,Essential cookies (exempt from consent),Signify (formerly CLIENT_X Lighting),Local Storage,blank (local storage),,bench_update_duration,TRUE,https://www.CLIENT_X.com.tr/,Existing CM Trackers-Found,,,,,
www.supurgesepeti.com,Essential cookies,Supurgesepeti.com,HTTP Cookie,_ga_failed_lookup_marker_66_1230,,,,,Existing CM Trackers-Not Found,,,,,
CLIENT_X.nl,Essential cookies (exempt from consent),CLIENT_X - Netherlands,HTTP Cookie,RT,,365,TRUE,https://www.CLIENT_X.com.tr/c-p/AMF870_15/air-performer-8000-serisi-3-1-arada-hava-temizleyici-fan-ve-isitici,Existing CM Trackers-Found,,,,,
www.lighting.CLIENT_X.com.pk,Essential cookies (exempt from consent),Signify (formerly CLIENT_X Lighting),JavaScript,blank (java),,bench_update_duration,TRUE,https://www.CLIENT_X.com.tr/a-w/about,Existing CM Trackers-Found,,,,,
CLIENT_X.no,Essential cookies (exempt from consent),CLIENT_X - Norway,HTTP Cookie,mboxEdgeCluster,,bench_update_duration,,,Existing CM Trackers-Not Found,,,,,
www.gearselectiontool.lighting.CLIENT_X.com,Performance cookies,Signify (formerly CLIENT_X Lighting),ETag,_ga_failed_lookup_marker_66_1234,,,,,Existing CM Trackers-Not Found,,,,,
CLIENT_X.com.tr,Essential cookies (exempt from consent),CLIENT_X - Turkey,HTTP Cookie,at_check,,bench_update_duration,,https://www.CLIENT_X.com.tr/,New Third Party Trackers,,,,,
CLIENT_X.com.tr,Essential cookies,CLIENT_X - Turkey,HTTP Cookie,_ga_failed_lookup_marker_66_1236,,365,,https://www.CLIENT_X.com.tr/,New First Party Trackers,,,,,
graph.instagram.com,Targeted Advertising Cookies (including social media) [Requires consent],Instagram,Beacon,-,,390,TRUE,https://www.CLIENT_X.com.tr/,Existing CM Trackers-Found,,,,,
stg.CLIENT_X.com.kw,Essential cookies (exempt from consent),CLIENT_X - Kuwait,HTTP Cookie,eddl_gtm_qe_session_start_6523424625,,bench_update_duration,,,Existing CM Trackers-Not Found,,,,,
googleads.g.doubleclick.net,Targeted Advertising Cookies (including social media) [Requires consent],Google Advertising Products,Beacon,-,,bench_update_duration,,https://www.CLIENT_X.com.tr/,New Third Party Trackers,,,,,
www.gearselectiontool.lighting.CLIENT_X.com,Performance cookies,Signify (formerly CLIENT_X Lighting),ETag,_ga_failed_lookup_marker_66_1240,,,,,Existing CM Trackers-Not Found,,,,,
CLIENT_X.com.au,Essential cookies (exempt from consent),CLIENT_X - Australia,HTTP Cookie,_hjTLDTest,,bench_update_duration,TRUE,https://www.CLIENT_X.com.tr/,Existing CM Trackers-Found,,,,,
CLIENT_X.ro,Essential cookies (exempt from consent),CLIENT_X - Romania,HTTP Cookie,_gcl_au,,365,,https://www.CLIENT_X.com.tr/,New First Party Trackers,,,,,
CLIENT_X.co.il,Essential cookies (exempt from consent),CLIENT_X - Israel,HTTP Cookie,_schn2,,0,TRUE,https://www.CLIENT_X.com.tr/,Existing CM Trackers-Found,,,,,
supurgesepeti.com,Essential cookies,Supurgesepeti.com,HTTP Cookie,_ga_failed_lookup_marker_66_1244,,,,,Existing CM Trackers-Not Found,,,,,
linkedin.com,Targeted Advertising cookies (including social media),LinkedIn,HTTP Cookie,bench_new_T2_13321,,180,TRUE,https://www.CLIENT_X.com.tr/c-e/ho/cooking/airfryer-7000-serisi-xxl.html,Existing CM Trackers-Found,,,,,
CLIENT_X.com.tr,Essential cookies,CLIENT_X - Turkey,HTTP Cookie,bench_new_T2_13298,,400,TRUE,https://www.CLIENT_X.com.tr/,Existing CM Trackers-Found,,,,,
CLIENT_X.fr,Essential cookies (exempt from consent),CLIENT_X - France,HTTP Cookie,internalUserCheck,,,TRUE,https://www.CLIENT_X.com.tr/c-e/ho/ironing/azur-8000-series,Existing CM Trackers-Found,,,,,
CLIENT_X.sk,Essential cookies (exempt from consent),CLIENT_X - Slovakia,HTTP Cookie,_scid_r,,,,,Existing CM Trackers-Not Found,,,,,
CLIENT_X.com.tr,Essential cookies,CLIENT_X - Turkey,HTTP Cookie,_ga_failed_lookup_marker_66_1249,,,,,Existing CM Trackers-Not Found,,,,,
www.powersensormonitor.CLIENT_X.com,Essential cookies (exempt from consent),Koninklijke CLIENT_X N.V.,Local Storage,blank (local storage),,,,https://www.CLIENT_X.com.tr/a-w/about,New Third Party Trackers,,,,,
demdex.net,Targeted Advertising cookies (including social media),"Adobe Audience Manager, Adobe Experience Cloud",HTTP Cookie,bench_new_T2_13322,,,,,Existing CM Trackers-Not Found,,,,,
www.gearselectiontool.lighting.CLIENT_X.com,Performance cookies,Signify (formerly CLIENT_X Lighting),ETag,bench_new_T2_13264,,,,,Existing CM Trackers-Not Found,,,,,
CLIENT_X.nl,Essential cookies (exempt from consent),CLIENT_X - Netherlands,HTTP Cookie,cto_bundle,,bench_update_duration,TRUE,https://www.CLIENT_X.com.tr/c-e/ho/cooking/airfryer-7000-serisi-xxl.html,Existing CM Trackers-Found,,,,,
amazon-adsystem.com,Targeted Advertising cookies (including social media),Amazon Ads,HTTP Cookie,_ga_failed_lookup_marker_66_1254,,400,TRUE,https://www.CLIENT_X.com.tr/,Existing CM Trackers-Found,,,,,
support.niceteknoloji.com,Performance cookies,Nice Technology,JavaScript,bench_new_T2_13207,,,,,Existing CM Trackers-Not Found,,,,,
www.lighting.CLIENT_X.com.tr,Essential cookies,Signify (formerly CLIENT_X Lighting),JavaScript,_ga_failed_lookup_marker_66_1256,,,,,Existing CM Trackers-Not Found,,,,,
CLIENT_X.co.uk,Essential cookies,CLIENT_X - United Kingdom,HTTP Cookie,_ga_failed_lookup_marker_66_1257,,,,,Existing CM Trackers-Not Found,,,,,
respirtech.com,Essential cookies (exempt from consent),RespirTech,HTTP Cookie,_scid,,,,https://www.CLIENT_X.com.tr/a-w/about/news/all-news.html,New Third Party Trackers,,,,,
lighting.CLIENT_X.com.tr,Essential cookies,Signify (formerly CLIENT_X Lighting),HTTP Cookie,bench_new_T2_13281,,,,,Existing CM Trackers-Not Found,,,,,
CLIENT_X.fi,Essential cookies (exempt from consent),CLIENT_X - Finland,HTTP Cookie,_y2,,bench_update_duration,,https://www.CLIENT_X.com.tr/c-p/SPT6607B_62/6000-series-kablosuz-klavye-fare-seti,Existing CM Trackers-Found,,,,,
*.e.aa.online-metrix.net,Performance cookies,LexisNexis Risk Solutions (formerly ThreatMetrix),Beacon,bench_new_T2_13262,,,,https://www.CLIENT_X.com.tr/c-p/SWV9433C_00/hdmi-2.1-kablosu,New Third Party Trackers,,,,,
x.cnt.my,Targeted Advertising Cookies (including social media) [Requires consent],Unknown,JavaScript,-,,,TRUE,https://www.CLIENT_X.com.tr/,Existing CM Trackers-Found,,,,,
www.CLIENT_X.it,Essential cookies (exempt from consent),CLIENT_X - Italy,HTTP Cookie,kampyleSessionPageCounter,,,,,Existing CM Trackers-Not Found,,,,,
www.lighting.CLIENT_X.it,Essential cookies (exempt from consent),Signify (formerly CLIENT_X Lighting),Local Storage,blank (local storage),,,TRUE,https://www.CLIENT_X.com.tr/c-e/ho/ironing/azur-8000-series,Existing CM Trackers-Found,,,,,
cdn-scripts.signifyd.com,Essential cookies,Signifyd,JavaScript,bench_new_T2_13233,,,TRUE,https://www.CLIENT_X.com.tr/,Existing CM Trackers-Found,,,,,
careers.CLIENT_X.com.cn,Essential cookies (exempt from consent),CLIENT_X - China,HTTP Cookie,Hm_lpvt_d05d5f17221b8fd16d670f34b4af8397,,,,,Existing CM Trackers-Not Found,,,,,
CLIENT_X.pl,Essential cookies (exempt from consent),CLIENT_X - Poland,HTTP Cookie,notice_behavior,,bench_update_duration,,,Existing CM Trackers-Not Found,,,,,
CLIENT_X.com.mx,Essential cookies (exempt from consent),CLIENT_X - Mexico,HTTP Cookie,s_eVar44,,bench_update_duration,TRUE,https://www.CLIENT_X.com.tr/c-p/AMF870_15/air-performer-8000-serisi-3-1-arada-hava-temizleyici-fan-ve-isitici,Existing CM Trackers-Found,,,,,
dev.CLIENT_X.si,Essential cookies (exempt from consent),CLIENT_X - Slovenia,JavaScript,blank (java),,bench_update_duration,TRUE,https://www.CLIENT_X.com.tr/c-e/ho/cooking/airfryer-7000-serisi-xxl.html,Existing CM Trackers-Found,,,,,
CLIENT_X.com.cn,Essential cookies (exempt from consent),CLIENT_X - China,HTTP Cookie,s_cm_direct,,bench_update_duration,TRUE,https://www.CLIENT_X.com.tr/,Existing CM Trackers-Found,,,,,
www.lighting.CLIENT_X.com.tr,Essential cookies,Signify (formerly CLIENT_X Lighting),HTTP Cookie,bench_new_T2_13273,,,,,Existing CM Trackers-Not Found,,,,,
www.lighting.CLIENT_X.co.uk,Essential cookies (exempt from consent),Signify (formerly CLIENT_X Lighting),HTTP Cookie,customer_country,,bench_update_duration,,https://www.CLIENT_X.com.tr/c-p/SPT6607B_62/6000-series-kablosuz-klavye-fare-seti,New Third Party Trackers,,,,,
*.mktoweb.com,Targeted Advertising cookies (including social media),Marketo,Local Storage,bench_new_T2_13270,,,,,Existing CM Trackers-Not Found,,,,,
cdn-scripts.signifyd.com,Performance Cookies [Requires consent],Signifyd,ETag,-,,396,TRUE,https://www.CLIENT_X.com.tr/a-w/about,Existing CM Trackers-Found,,,,,
lighting.CLIENT_X.co.za,Essential cookies (exempt from consent),Signify (formerly CLIENT_X Lighting),HTTP Cookie,s_ppvl,,bench_update_duration,TRUE,https://www.CLIENT_X.com.tr/,Existing CM Trackers-Found,,,,,
www.lighting.CLIENT_X.at,Essential cookies (exempt from consent),Signify (formerly CLIENT_X Lighting),ETag,blank (etag),,session,TRUE,https://www.CLIENT_X.com.tr/c-e/ho/cooking/airfryer-7000-serisi-xxl.html,Existing CM Trackers-Found,,,,,
CLIENT_X.jo,Essential cookies (exempt from consent),CLIENT_X - Jordan,HTTP Cookie,s_cm,,bench_update_duration,,,Existing CM Trackers-Not Found,,,,,
www.CLIENT_X.se,Essential cookies (exempt from consent),CLIENT_X - Sweden,HTTP Cookie,ROUTE,,,,,Existing CM Trackers-Not Found,,,,,
supurgesepeti.com,Essential cookies,Supurgesepeti.com,HTTP Cookie,bench_new_T2_13333,,,,,Existing CM Trackers-Not Found,,,,,
www.accounts.CLIENT_X.ru,Essential cookies (exempt from consent),CLIENT_X - Russia,HTTP Cookie,__Secure-aic_3psb_c2a48310-9715-3beb-895e-000000000000,,,,,Existing CM Trackers-Not Found,,,,,
CLIENT_X.de,Essential cookies (exempt from consent),CLIENT_X - Germany,HTTP Cookie,_y2,,bench_update_duration,,https://www.CLIENT_X.com.tr/c-p/SWV9433C_00/hdmi-2.1-kablosu,New Third Party Trackers,,,,,
www.lighting.CLIENT_X.lv,Essential cookies (exempt from consent),Signify (formerly CLIENT_X Lighting),Beacon,blank (beacon),,bench_update_duration,,,Existing CM Trackers-Not Found,,,,,
www.CLIENT_X.com.pe,Essential cookies (exempt from consent),CLIENT_X - Peru,HTTP Cookie,T01-recentlyViewedProducts,,0,TRUE,https://www.CLIENT_X.com.tr/,Existing CM Trackers-Found,,,,,
api.snappylabs.io,Performance Cookies [Requires consent],Snappy Labs,ETag,-,,bench_update_duration,TRUE,https://www.CLIENT_X.com.tr/,Existing CM Trackers-Found,,,,,
CLIENT_X.co.za,Essential cookies (exempt from consent),CLIENT_X - South Africa,HTTP Cookie,s_vtime,,,TRUE,https://www.CLIENT_X.com.tr/c-e/ho/cooking/airfryer-7000-serisi-xxl.html,Existing CM Trackers-Found,,,,,
*.mktoweb.com,Targeted Advertising cookies (including social media),Marketo,JavaScript,_ga_failed_lookup_marker_66_1286,,,,,Existing CM Trackers-Not Found,,,,,
www.CLIENT_X.lv,Essential cookies (exempt from consent),CLIENT_X - Latvia,HTTP Cookie,AWSELBCORS,,0,,,Existing CM Trackers-Not Found,,,,,
CLIENT_X.com.co,Essential cookies (exempt from consent),CLIENT_X - Colombia,HTTP Cookie,FPLC,,0,TRUE,https://www.CLIENT_X.com.tr/c-p/AMF870_15/air-performer-8000-serisi-3-1-arada-hava-temizleyici-fan-ve-isitici,Existing CM Trackers-Found,,,,,
CLIENT_X.it,Essential cookies (exempt from consent),CLIENT_X - Italy,HTTP Cookie,s_tid,,bench_update_duration,,,Existing CM Trackers-Not Found,,,,,
CLIENT_X.com,Essential cookies (exempt from consent),Koninklijke CLIENT_X N.V.,HTTP Cookie,s_cc,,bench_update_duration,,,Existing CM Trackers-Not Found,,,,,
CLIENT_X.ae,Essential cookies (exempt from consent),CLIENT_X - Middle East Arab,HTTP Cookie,s_cc,,,,,Existing CM Trackers-Not Found,,,,,
www.lighting.CLIENT_X.ee,Essential cookies (exempt from consent),Signify (formerly CLIENT_X Lighting),HTTP Cookie,AWSELBCORS,,0,,https://www.CLIENT_X.com.tr/,Existing CM Trackers-Found,,,,,
pages.information.signify.com,Performance Cookies [Requires consent],Signify (formerly CLIENT_X Lighting),HTTP Cookie,__cf_bm,,bench_update_duration,TRUE,https://www.CLIENT_X.com.tr/,Existing CM Trackers-Found,,,,,
dev.CLIENT_X.com.vn,Essential cookies (exempt from consent),CLIENT_X - Vietnam,HTTP Cookie,T01-recentlyViewedProducts,,30,TRUE,https://www.CLIENT_X.com.tr/,Existing CM Trackers-Found,,,,,
www.subscription.CLIENT_X.es,Essential cookies (exempt from consent),CLIENT_X - Spain,Local Storage,blank (local storage),,bench_update_duration,,,Existing CM Trackers-Not Found,,,,,
www.CLIENT_X.de,Essential cookies (exempt from consent),CLIENT_X - Germany,Beacon,blank (beacon),,,TRUE,https://www.CLIENT_X.com.tr/c-p/AMF870_15/air-performer-8000-serisi-3-1-arada-hava-temizleyici-fan-ve-isitici,Existing CM Trackers-Found,,,,,
CLIENT_X.com.gh,Essential cookies (exempt from consent),CLIENT_X - Ghana,HTTP Cookie,TAsessionID,,bench_update_duration,TRUE,https://www.CLIENT_X.com.tr/,Existing CM Trackers-Found,,,,,
signify.blueconic.net,Targeted Advertising Cookies (including social media) [Requires consent],BlueConic,HTTP Cookie,AWSALBCORS,,6,,https://www.CLIENT_X.com.tr/,Existing CM Trackers-Found,,,,,
XXXXXXXX.akstat.io,Targeted Advertising Cookies (including social media) [Requires consent],Akamai,Beacon,-,,bench_update_duration,TRUE,https://www.CLIENT_X.com.tr/,Existing CM Trackers-Found,,,,,
www.crsc.CLIENT_X.com,Essential cookies (exempt from consent),Koninklijke CLIENT_X N.V.,ETag,blank (etag),,,,,Existing CM Trackers-Not Found,,,,,
www.CLIENT_X.com.kw,Essential cookies (exempt from consent),CLIENT_X - Kuwait,HTTP Cookie,liveagent_vc,,,,,Existing CM Trackers-Not Found,,,,,
CLIENT_X.ru,Essential cookies (exempt from consent),CLIENT_X - Russia,HTTP Cookie,_ym_isad,,bench_update_duration,TRUE,https://www.CLIENT_X.com.tr/,Existing CM Trackers-Found,,,,,
www.CLIENT_X.ru,Essential cookies (exempt from consent),CLIENT_X - Russia,Beacon,blank (beacon),,bench_update_duration,,,Existing CM Trackers-Not Found,,,,,
www.CLIENT_X.pt,Essential cookies (exempt from consent),CLIENT_X - Portugal,HTTP Cookie,eddl_gtm_qe_session_start_6523424625,,,,,Existing CM Trackers-Not Found,,,,,
*.mktoweb.com,Targeted Advertising cookies (including social media),Marketo,Local Storage,_ga_failed_lookup_marker_66_1305,,,,,Existing CM Trackers-Not Found,,,,,
lighting.CLIENT_X.gr,Essential cookies (exempt from consent),Signify (formerly CLIENT_X Lighting),HTTP Cookie,com.adobe.alloy.getTld,,,,,Existing CM Trackers-Not Found,,,,,
www.CLIENT_X.de,Essential cookies (exempt from consent),CLIENT_X - Germany,HTTP Cookie,fl_qualified_entry,,,TRUE,https://www.CLIENT_X.com.tr/,Existing CM Trackers-Found,,,,,
www.lighting.CLIENT_X.com.tw,Essential cookies (exempt from consent),Signify (formerly CLIENT_X Lighting),HTTP Cookie,BCTempID,,,,,Existing CM Trackers-Not Found,,,,,
CLIENT_X.sk,Essential cookies (exempt from consent),CLIENT_X - Slovakia,HTTP Cookie,s_pv,,bench_update_duration,,,Existing CM Trackers-Not Found,,,,,
www.CLIENT_X.ae,Essential cookies (exempt from consent),CLIENT_X - Middle East Arab,HTTP Cookie,T01-recentlyViewedProducts,,,,,Existing CM Trackers-Not Found,,,,,
www.lighting.CLIENT_X.com.pk,Essential cookies (exempt from consent),Signify (formerly CLIENT_X Lighting),HTTP Cookie,s_int,,bench_update_duration,,,Existing CM Trackers-Not Found,,,,,
CLIENT_X.fr,Essential cookies (exempt from consent),CLIENT_X - France,HTTP Cookie,s_cc,,,TRUE,https://www.CLIENT_X.com.tr/shop/order-search/search-input,Existing CM Trackers-Found,,,,,
www.CLIENT_X.com.tw,Essential cookies (exempt from consent),CLIENT_X - Taiwan,HTTP Cookie,kampyleSessionPageCounter,,bench_update_duration,TRUE,https://www.CLIENT_X.com.tr/,Existing CM Trackers-Found,,,,,
CLIENT_X.ae,Essential cookies (exempt from consent),CLIENT_X - Middle East Arab,HTTP Cookie,_scid_r,,,,,Existing CM Trackers-Not Found,,,,,
tw-gmtdmp.mookie1.com,Targeted Advertising Cookies (including social media) [Requires consent],GroupM UK Limited,ETag,-,,,,,Existing CM Trackers-Not Found,,,,,
www.CLIENT_X.com.vn,Essential cookies (exempt from consent),CLIENT_X - Vietnam,HTTP Cookie,fl_qualified_entry,,bench_update_duration,TRUE,https://www.CLIENT_X.com.tr/,Existing CM Trackers-Found,,,,,
www.lighting.CLIENT_X.ca,Essential cookies (exempt from consent),Signify (formerly CLIENT_X Lighting),HTTP Cookie,customer_country,,,,,Existing CM Trackers-Not Found,,,,,
www.lighting.CLIENT_X.de,Essential cookies (exempt from consent),Signify (formerly CLIENT_X Lighting),Local Storage,blank (local storage),,bench_update_duration,TRUE,https://www.CLIENT_X.com.tr/c-p/AMF870_15/air-performer-8000-serisi-3-1-arada-hava-temizleyici-fan-ve-isitici,Existing CM Trackers-Found,,,,,
www.lighting.CLIENT_X.com.pk,Essential cookies (exempt from consent),Signify (formerly CLIENT_X Lighting),HTTP Cookie,s_mc,,bench_update_duration,,,Existing CM Trackers-Not Found,,,,,
CLIENT_X.com.mx,Essential cookies (exempt from consent),CLIENT_X - Mexico,HTTP Cookie,s_campaign,,,,https://www.CLIENT_X.com.tr/healthcare,New Third Party Trackers,,,,,
www.CLIENT_X.ua,Essential cookies (exempt from consent),CLIENT_X - Ukraine,HTTP Cookie,eddl_gtm_qe_session_start_6523424625,,bench_update_duration,,,Existing CM Trackers-Not Found,,,,,
www.lighting.CLIENT_X.co.kr,Essential cookies (exempt from consent),Signify (formerly CLIENT_X Lighting),HTTP Cookie,s_sid,,90,TRUE,https://www.CLIENT_X.com.tr/,Existing CM Trackers-Found,,,,,
www.lighting.CLIENT_X.co.in,Essential cookies (exempt from consent),Signify (formerly CLIENT_X Lighting),HTTP Cookie,CLIENT_X,,bench_update_duration,TRUE,https://www.CLIENT_X.com.tr/healthcare,Existing CM Trackers-Found,,,,,
CLIENT_X.com.kw,Essential cookies (exempt from consent),CLIENT_X - Kuwait,HTTP Cookie,_tt_enable_cookie,,180,TRUE,https://www.CLIENT_X.com.tr/c-e/welcome?mag=F02&origin=20_tr_tr_mylumea_app,Existing CM Trackers-Found,,,,,
CLIENT_Xtest.scene7.com,Performance cookies,Adobe Experience Cloud - Experience Manager,ETag,_ga_failed_lookup_marker_66_1325,,,,,Existing CM Trackers-Not Found,,,,,
www.supurgesepeti.com,Essential cookies,Supurgesepeti.com,HTTP Cookie,bench_new_T2_13347,,,,,Existing CM Trackers-Not Found,,,,,
supurgesepeti.com,Essential cookies,Supurgesepeti.com,HTTP Cookie,_ga_failed_lookup_marker_66_1327,,,,,Existing CM Trackers-Not Found,,,,,
www.CLIENT_X.ae,Essential cookies (exempt from consent),CLIENT_X - Middle East Arab,HTTP Cookie,eddl_itc_list,,,,https://www.CLIENT_X.com.tr/c-e/ho/cooking/elektrikli-akilli-duduklu-tencere-3000-serisi.html,New Third Party Trackers,,,,,
www.lighting.CLIENT_X.com.pk,Essential cookies (exempt from consent),Signify (formerly CLIENT_X Lighting),HTTP Cookie,customer_country,,,,,Existing CM Trackers-Not Found,,,,,
s.yimg.com,Targeted Advertising Cookies (including social media) [Requires consent],Yahoo EMEA Limited,JavaScript,-,,,,,Existing CM Trackers-Not Found,,,,,
lighting.CLIENT_X.ie,Essential cookies (exempt from consent),Signify (formerly CLIENT_X Lighting),HTTP Cookie,com.adobe.alloy.getTld,,,,,Existing CM Trackers-Not Found,,,,,
www.CLIENT_X.com.qa,Essential cookies (exempt from consent),CLIENT_X - Qatar,HTTP Cookie,kampyleUserSessionsCount,,bench_update_duration,TRUE,https://www.CLIENT_X.com.tr/c-e/welcome?mag=F02&origin=20_tr_tr_mylumea_app,Existing CM Trackers-Found,,,,,
lighting.CLIENT_X.co.kr,Essential cookies (exempt from consent),Signify (formerly CLIENT_X Lighting),HTTP Cookie,s_ppvl,,bench_update_duration,TRUE,https://www.CLIENT_X.com.tr/healthcare/clinical-solutions/early-warning-scoring,Existing CM Trackers-Found,,,,,
CLIENT_X.no,Essential cookies (exempt from consent),CLIENT_X - Norway,HTTP Cookie,_scid_r,,90,TRUE,https://www.CLIENT_X.com.tr/,Existing CM Trackers-Found,,,,,
analytics-eu.cloud.coveo.com,Performance Cookies [Requires consent],Coveo Solutions Inc.,Beacon,-,,bench_update_duration,,,Existing CM Trackers-Not Found,,,,,
connect.facebook.net,Targeted Advertising cookies (including social media),Meta (formerly Facebook),Beacon,_ga_failed_lookup_marker_66_1336,,,TRUE,https://www.CLIENT_X.com.tr/c-p/EP4441_50/4400-serisi-tam-otomatik-espresso-makinesi/destek,Existing CM Trackers-Found,,,,,
www.CLIENT_X.no,Essential cookies (exempt from consent),CLIENT_X - Norway,HTTP Cookie,ROUTE,,,,,Existing CM Trackers-Not Found,,,,,
CLIENT_X.be,Essential cookies (exempt from consent),CLIENT_X - Belgium,HTTP Cookie,mboxEdgeCluster,,bench_update_duration,,https://www.CLIENT_X.com.tr/c-e/ho/cooking/elektrikli-akilli-duduklu-tencere-3000-serisi.html,New Third Party Trackers,,,,,
www.CLIENT_X.sa,Essential cookies (exempt from consent),CLIENT_X - Kingdom of Saudi Arabia,HTTP Cookie,_yi,,bench_update_duration,,https://www.CLIENT_X.com.tr/c-p/AMF870_15/air-performer-8000-serisi-3-1-arada-hava-temizleyici-fan-ve-isitici,New First Party Trackers,,,,,
www.CLIENT_X.com.eg,Essential cookies (exempt from consent),CLIENT_X - Egypt,HTTP Cookie,fl_qualified_entry,,365,TRUE,https://www.CLIENT_X.com.tr/c-p/AMF870_15/air-performer-8000-serisi-3-1-arada-hava-temizleyici-fan-ve-isitici,Existing CM Trackers-Found,,,,,
dev.CLIENT_X.com.mx,Essential cookies (exempt from consent),CLIENT_X - Mexico,ETag,blank (etag),,,,https://www.CLIENT_X.com.tr/a-w/about,New Third Party Trackers,,,,,
www.lighting.CLIENT_X.gr,Essential cookies (exempt from consent),Signify (formerly CLIENT_X Lighting),Local Storage,blank (local storage),,bench_update_duration,TRUE,https://www.CLIENT_X.com.tr/,Existing CM Trackers-Found,,,,,
CLIENT_X.com.cn,Essential cookies (exempt from consent),CLIENT_X - China,HTTP Cookie,internalUserCheck,,,,,Existing CM Trackers-Not Found,,,,,
c.seznam.cz,Targeted Advertising Cookies (including social media) [Requires consent],"Seznam.cz, a.s.",Beacon,-,,bench_update_duration,TRUE,https://www.CLIENT_X.com.tr/c-w/tuketici-urunleri-destek/support-contact-page.html,Existing CM Trackers-Found,,,,,
smetrics.marketing.lighting.CLIENT_X.co.in,Essential cookies (exempt from consent),CLIENT_X - India,JavaScript,blank (java),,,,,Existing CM Trackers-Not Found,,,,,
cdn.jsdelivr.net,Performance cookies,Volentio JSD Limited,JavaScript,bench_new_T2_13381,,,,,Existing CM Trackers-Not Found,,,,,
www.lighting.CLIENT_X.ua,Essential cookies (exempt from consent),Signify (formerly CLIENT_X Lighting),HTTP Cookie,ltc_cf,,bench_update_duration,,,Existing CM Trackers-Not Found,,,,,
halc.iadvize.com,Performance cookies,iAdvize,ETag,_ga_failed_lookup_marker_66_1348,,,TRUE,https://www.CLIENT_X.com.tr/c-e/ho/cooking/airfryer-7000-serisi-xxl.html,Existing CM Trackers-Found,,,,,
www.lighting.CLIENT_X.bg,Essential cookies (exempt from consent),Signify (formerly CLIENT_X Lighting),HTTP Cookie,d01-layout,,bench_update_duration,,,Existing CM Trackers-Not Found,,,,,
youtube.com,Targeted Advertising cookies (including social media),Google Advertising Products,HTTP Cookie,bench_new_T2_13210,,session,TRUE,https://www.CLIENT_X.com.tr/healthcare/clinical-solutions/early-warning-scoring,Existing CM Trackers-Found,,,,,
www.abonnementen.CLIENT_X.nl,Essential cookies (exempt from consent),CLIENT_X - Netherlands,Local Storage,blank (local storage),,bench_update_duration,TRUE,https://www.CLIENT_X.com.tr/,Existing CM Trackers-Found,,,,,
www.CLIENT_X.co.uk,Essential cookies (exempt from consent),CLIENT_X - United Kingdom,HTTP Cookie,user_country,,bench_update_duration,TRUE,https://www.CLIENT_X.com.tr/c-w/tuketici-urunleri-destek/support-contact-page.html,Existing CM Trackers-Found,,,,,
CLIENT_X.com.qa,Essential cookies (exempt from consent),CLIENT_X - Qatar,HTTP Cookie,zScalerUser,,,,,Existing CM Trackers-Not Found,,,,,
lighting.CLIENT_X.co.in,Essential cookies (exempt from consent),Signify (formerly CLIENT_X Lighting),HTTP Cookie,s_vs,,bench_update_duration,TRUE,https://www.CLIENT_X.com.tr/,Existing CM Trackers-Found,,,,,
CLIENT_X.com.my,Essential cookies (exempt from consent),CLIENT_X - Malaysia,HTTP Cookie,li_cm_prefs_session,,bench_update_duration,TRUE,https://www.CLIENT_X.com.tr/c-e/ho/cooking/airfryer-7000-serisi-xxl.html,Existing CM Trackers-Found,,,,,
lighting.CLIENT_X.com.tw,Essential cookies (exempt from consent),Signify (formerly CLIENT_X Lighting),HTTP Cookie,s_nr,,bench_update_duration,TRUE,https://www.CLIENT_X.com.tr/c-p/AMF870_15/air-performer-8000-serisi-3-1-arada-hava-temizleyici-fan-ve-isitici,Existing CM Trackers-Found,,,,,
www.loja.CLIENT_X.com.br,Essential cookies (exempt from consent),CLIENT_X - Brazil,HTTP Cookie,vtex_binding_address,,,,https://www.CLIENT_X.com.tr/,New Third Party Trackers,,,,,
supurgesepeti.com,Essential cookies,Supurgesepeti.com,HTTP Cookie,_ga_failed_lookup_marker_66_1358,,,,,Existing CM Trackers-Not Found,,,,,
CLIENT_X.com.tr,Essential cookies,CLIENT_X - Turkey,HTTP Cookie,bench_new_T2_13234,,393,TRUE,https://www.CLIENT_X.com.tr/,Existing CM Trackers-Found,,,,,
www.googleadservices.com,Targeted Advertising Cookies (including social media) [Requires consent],Google Advertising Products,JavaScript,-,,bench_update_duration,TRUE,https://www.CLIENT_X.com.tr/c-e/ho/cooking/airfryer-7000-serisi-xxl.html,Existing CM Trackers-Found,,,,,
lighting.CLIENT_X.ru,Essential cookies (exempt from consent),Signify (formerly CLIENT_X Lighting),HTTP Cookie,s_cc,,0,TRUE,https://www.CLIENT_X.com.tr/c-p/AMF870_15/air-performer-8000-serisi-3-1-arada-hava-temizleyici-fan-ve-isitici,Existing CM Trackers-Found,,,,,
youtube.com,Targeted Advertising cookies (including social media),Google Advertising Products,HTTP Cookie,bench_new_T2_13317,,180,TRUE,https://www.CLIENT_X.com.tr/healthcare/clinical-solutions/early-warning-scoring,Existing CM Trackers-Found,,,,,
www.crsc.lighting.CLIENT_X.com,Performance cookies,Signify (formerly CLIENT_X Lighting),ETag,_ga_failed_lookup_marker_66_1363,,,,,Existing CM Trackers-Not Found,,,,,
www.CLIENT_X.com.tr,Essential cookies (exempt from consent),CLIENT_X - Turkey,HTTP Cookie,RT,,bench_update_duration,,,Existing CM Trackers-Not Found,,,,,
CLIENT_X.com.br,Essential cookies (exempt from consent),CLIENT_X - Brazil,HTTP Cookie,_ttp,,365,TRUE,https://www.CLIENT_X.com.tr/a-w/about,Existing CM Trackers-Found,,,,,
CLIENT_X.com.tr,Essential cookies,CLIENT_X - Turkey,HTTP Cookie,bench_new_T2_13288,,,,,Existing CM Trackers-Not Found,,,,,
CLIENT_X.sk,Essential cookies (exempt from consent),CLIENT_X - Slovakia,HTTP Cookie,TAsessionID,,bench_update_duration,,,Existing CM Trackers-Not Found,,,,,
www.CLIENT_X.sa,Essential cookies (exempt from consent),CLIENT_X - Kingdom of Saudi Arabia,HTTP Cookie,AWSELB,,bench_update_duration,,https://www.CLIENT_X.com.tr/c-e/shop/checkout,New Third Party Trackers,,,,,
CLIENT_X.be,Essential cookies (exempt from consent),CLIENT_X - Belgium,HTTP Cookie,s_tid,,bench_update_duration,,,Existing CM Trackers-Not Found,,,,,
CLIENT_X.ch,Essential cookies (exempt from consent),CLIENT_X - Switzerland,HTTP Cookie,s_cc,,bench_update_duration,TRUE,https://www.CLIENT_X.com.tr/a-w/about,Existing CM Trackers-Found,,,,,
acc.usa.CLIENT_X.com,Essential cookies (exempt from consent),Koninklijke CLIENT_X N.V.,HTTP Cookie,user_country,,bench_update_duration,,,Existing CM Trackers-Not Found,,,,,
CLIENT_X.fr,Essential cookies (exempt from consent),CLIENT_X - France,HTTP Cookie,s_gnr,,bench_update_duration,TRUE,https://www.CLIENT_X.com.tr/,Existing CM Trackers-Found,,,,,
www.CLIENT_X.lt,Essential cookies (exempt from consent),CLIENT_X - Lithuania,JavaScript,blank (java),,400,TRUE,https://www.CLIENT_X.com.tr/,Existing CM Trackers-Found,,,,,
www.usa.CLIENT_X.com,Essential cookies (exempt from consent),Koninklijke CLIENT_X N.V.,HTTP Cookie,gtm_mouseflow_session_inscope,,bench_update_duration,,,Existing CM Trackers-Not Found,,,,,
respirtech.com,Essential cookies (exempt from consent),RespirTech,HTTP Cookie,_gid,,,,https://www.CLIENT_X.com.tr/,New Third Party Trackers,,,,,
www.CLIENT_X.sk,Essential cookies (exempt from consent),CLIENT_X - Slovakia,HTTP Cookie,_sdsat_pgm_optin,,bench_update_duration,,,Existing CM Trackers-Not Found,,,,,
www.lighting.CLIENT_X.com.vn,Essential cookies (exempt from consent),Signify (formerly CLIENT_X Lighting),HTTP Cookie,customer_country,,bench_update_duration,,https://www.CLIENT_X.com.tr/,New First Party Trackers,,,,,
raw.githubusercontent.com,Performance cookies,GitHub Inc.,ETag,_ga_failed_lookup_marker_66_1378,,,TRUE,https://www.CLIENT_X.com.tr/healthcare/about/distributors,Existing CM Trackers-Found,,,,,
www.CLIENT_X.fi,Essential cookies (exempt from consent),CLIENT_X - Finland,HTTP Cookie,FI_Pub-cartstatus-com,,,,https://www.CLIENT_X.com.tr/a-w/tanimlama-bilgileri-politikasi,New Third Party Trackers,,,,,
respirtech.com,Essential cookies (exempt from consent),RespirTech,HTTP Cookie,_tt_enable_cookie,,bench_update_duration,TRUE,https://www.CLIENT_X.com.tr/,Existing CM Trackers-Found,,,,,
www.gwarancjaksenon.CLIENT_X.pl,Essential cookies (exempt from consent),CLIENT_X - Poland,HTTP Cookie,AWSALB,,,,https://www.CLIENT_X.com.tr/c-f/XC000021305/CLIENT_X-buhar-%C3%9Creticiminhepsi-bir-arada-%C3%87%C3%B6z%C3%BCm%C3%BCm%C3%BCn-kirecini-nas%C4%B1l-temizlerim,Existing CM Trackers-Found,,,,,
CLIENT_X.co.kr,Essential cookies (exempt from consent),CLIENT_X - Korea,HTTP Cookie,mboxEdgeCluster,,60,TRUE,https://www.CLIENT_X.com.tr/,Existing CM Trackers-Found,,,,,
CLIENT_X.com.sg,Essential cookies (exempt from consent),CLIENT_X - Singapore,HTTP Cookie,_scid,,,,,Existing CM Trackers-Not Found,,,,,
www.lighting.CLIENT_X.cl,Essential cookies (exempt from consent),Signify (formerly CLIENT_X Lighting),Local Storage,blank (local storage),,bench_update_duration,TRUE,https://www.CLIENT_X.com.tr/c-p/AMF870_15/air-performer-8000-serisi-3-1-arada-hava-temizleyici-fan-ve-isitici,Existing CM Trackers-Found,,,,,
www.coreline.lighting.CLIENT_X.com,Performance Cookies [Requires consent],Signify (formerly CLIENT_X Lighting),JavaScript,-,,365,TRUE,https://www.CLIENT_X.com.tr/c-p/AMF870_15/air-performer-8000-serisi-3-1-arada-hava-temizleyici-fan-ve-isitici,Existing CM Trackers-Found,,,,,
CLIENT_X.ru,Essential cookies (exempt from consent),CLIENT_X - Russia,HTTP Cookie,_gat,,0,TRUE,https://www.CLIENT_X.com.tr/c-p/AMF870_15/air-performer-8000-serisi-3-1-arada-hava-temizleyici-fan-ve-isitici,Existing CM Trackers-Found,,,,,
datamilk.app,Targeted Advertising Cookies (including social media) [Requires consent],DataMilk,ETag,-,,,TRUE,https://www.CLIENT_X.com.tr/c-f/XC000004909/CLIENT_X-epilat%C3%B6r-cihaz%C4%B1m%C4%B1n-aparatlar%C4%B1-nas%C4%B1l-kullan%C4%B1l%C4%B1r,Existing CM Trackers-Found,,,,,
www.lighting.CLIENT_X.ru,Essential cookies (exempt from consent),Signify (formerly CLIENT_X Lighting),HTTP Cookie,s_int,,bench_update_duration,,,Existing CM Trackers-Not Found,,,,,
www.centralamerica.CLIENT_X.com,Essential cookies (exempt from consent),Koninklijke CLIENT_X N.V.,HTTP Cookie,eddl_itc_list,,,,,Existing CM Trackers-Not Found,,,,,
www.lighting.CLIENT_X.co.kr,Essential cookies (exempt from consent),Signify (formerly CLIENT_X Lighting),ETag,blank (etag),,,TRUE,https://www.CLIENT_X.com.tr/c-e/ho/cooking/airfryer-7000-serisi-xxl.html,Existing CM Trackers-Found,,,,,
consent.trustarc.com,Essential cookies,TrustArc,JavaScript,_ga_failed_lookup_marker_66_1391,,,TRUE,https://www.CLIENT_X.com.tr/,Existing CM Trackers-Found,,,,,
log.api.useinsider.com,Performance Cookies [Requires consent],Insider,Beacon,-,,0,TRUE,https://www.CLIENT_X.com.tr/c-p/AMF870_15/air-performer-8000-serisi-3-1-arada-hava-temizleyici-fan-ve-isitici,Existing CM Trackers-Found,,,,,
www.CLIENT_X.ma,Essential cookies (exempt from consent),CLIENT_X - Morocco,HTTP Cookie,eddl_etc_list,,bench_update_duration,,,Existing CM Trackers-Not Found,,,,,
CLIENT_X.co.uk,Essential cookies (exempt from consent),CLIENT_X - United Kingdom,HTTP Cookie,s_vtime,,,,,Existing CM Trackers-Not Found,,,,,
www.CLIENT_X.pl,Essential cookies (exempt from consent),CLIENT_X - Poland,HTTP Cookie,notice_settings,,bench_update_duration,TRUE,https://www.CLIENT_X.com.tr/,Existing CM Trackers-Found,,,,,
CLIENT_X.com,Essential cookies (exempt from consent),Koninklijke CLIENT_X N.V.,HTTP Cookie,TEST_AMCV_COOKIE,,0,TRUE,https://www.CLIENT_X.com.tr/,Existing CM Trackers-Found,,,,,
CLIENT_X.gr,Essential cookies (exempt from consent),CLIENT_X - Greece,HTTP Cookie,s_cm_direct,,0,,https://www.CLIENT_X.com.tr/c-p/AMF870_15/air-performer-8000-serisi-3-1-arada-hava-temizleyici-fan-ve-isitici,New First Party Trackers,,,,,
www.lighting.CLIENT_X.co.za,Essential cookies (exempt from consent),Signify (formerly CLIENT_X Lighting),HTTP Cookie,AWSELBCORS,,0,,,Existing CM Trackers-Not Found,,,,,
www.CLIENT_X.jo,Essential cookies (exempt from consent),CLIENT_X - Jordan,ETag,blank (etag),,,,https://www.CLIENT_X.com.tr/healthcare,Existing CM Trackers-Found,,,,,
lighting.CLIENT_X.com.hk,Essential cookies (exempt from consent),CLIENT_X - Hong Kong,HTTP Cookie,s_cc,,bench_update_duration,,,Existing CM Trackers-Not Found,,,,,
www.CLIENT_X.ua,Essential cookies (exempt from consent),CLIENT_X - Ukraine,HTTP Cookie,p-hc-catg,,bench_update_duration,TRUE,https://www.CLIENT_X.com.tr/c-f/XC000021359/CLIENT_X-homerun-elektrikli-robot-s%C3%BCp%C3%BCrgemi-nas%C4%B1l-temizlerim,Existing CM Trackers-Found,,,,,
CLIENT_X.se,Essential cookies (exempt from consent),CLIENT_X - Sweden,HTTP Cookie,_y2,,bench_update_duration,,,Existing CM Trackers-Not Found,,,,,
CLIENT_X.sk,Essential cookies (exempt from consent),CLIENT_X - Slovakia,HTTP Cookie,_gdXXX,,session,,,Existing CM Trackers-Not Found,,,,,
lighting.CLIENT_X.com.tr,Essential cookies,Signify (formerly CLIENT_X Lighting),HTTP Cookie,_ga_failed_lookup_marker_66_1404,,,,,Existing CM Trackers-Not Found,,,,,
snap.licdn.com,Performance cookies,LinkedIn,JavaScript,bench_new_T2_13349,,,TRUE,https://www.CLIENT_X.com.tr/c-e/ho/cooking/airfryer-7000-serisi-xxl.html,Existing CM Trackers-Found,,,,,
CLIENT_X.com.ph,Essential cookies (exempt from consent),CLIENT_X - Philippines,HTTP Cookie,at_check,,bench_update_duration,,,Existing CM Trackers-Not Found,,,,,
CLIENT_X.com.sg,Essential cookies (exempt from consent),CLIENT_X - Singapore,HTTP Cookie,coveo_visitorId,,,,,Existing CM Trackers-Not Found,,,,,
www.CLIENT_X.dk,Essential cookies (exempt from consent),CLIENT_X - Denmark,HTTP Cookie,shop-health,,,TRUE,https://www.CLIENT_X.com.tr/c-e/ho/cooking/airfryer-7000-serisi-xxl.html,Existing CM Trackers-Found,,,,,
CLIENT_X.com.cn,Essential cookies (exempt from consent),CLIENT_X - China,HTTP Cookie,s_nrpv,,,,,Existing CM Trackers-Not Found,,,,,
CLIENT_X.com.mx,Essential cookies (exempt from consent),CLIENT_X - Mexico,HTTP Cookie,s_nrpv,,bench_update_duration,TRUE,https://www.CLIENT_X.com.tr/a-w/about,Existing CM Trackers-Found,,,,,
www.CLIENT_X.com.tr,Essential cookies,CLIENT_X - Turkey,HTTP Cookie,_ga_failed_lookup_marker_66_1411,,session,TRUE,https://www.CLIENT_X.com.tr/c-p/AMF870_15/air-performer-8000-serisi-3-1-arada-hava-temizleyici-fan-ve-isitici,Existing CM Trackers-Found,,,,,
www.lampreplacementtool.lighting.CLIENT_X.com,Performance cookies,Koninklijke CLIENT_X N.V.,JavaScript,_ga_failed_lookup_marker_66_1412,,,,,Existing CM Trackers-Not Found,,,,,
www.loja.CLIENT_X.com.br,Essential cookies (exempt from consent),CLIENT_X - Brazil,HTTP Cookie,VtexRCSessionIdv7,,bench_update_duration,,,Existing CM Trackers-Not Found,,,,,
supurgesepeti.com,Essential cookies,Supurgesepeti.com,HTTP Cookie,_ga_failed_lookup_marker_66_1414,,,,,Existing CM Trackers-Not Found,,,,,
stg.CLIENT_X.ru,Essential cookies (exempt from consent),CLIENT_X - Russia,HTTP Cookie,kampyle_userid,,365,TRUE,https://www.CLIENT_X.com.tr/a-w/about,Existing CM Trackers-Found,,,,,
CLIENT_X.hr,Essential cookies (exempt from consent),CLIENT_X - Croatia,HTTP Cookie,FPLC,,,,,Existing CM Trackers-Not Found,,,,,
CLIENT_X.no,Essential cookies (exempt from consent),CLIENT_X - Norway,HTTP Cookie,s_eVar8,,bench_update_duration,TRUE,https://www.CLIENT_X.com.tr/c-e/ho/cooking/airfryer-7000-serisi-xxl.html,Existing CM Trackers-Found,,,,,
lighting.CLIENT_X.co.id,Essential cookies (exempt from consent),Signify (formerly CLIENT_X Lighting),HTTP Cookie,s_vs,,,TRUE,https://www.CLIENT_X.com.tr/,Existing CM Trackers-Found,,,,,
versuni.scene7.com,Performance cookies,Adobe Experience Cloud - Experience Manager,ETag,bench_new_T2_13319,,,TRUE,https://www.CLIENT_X.com.tr/c-f/XC000021357/CLIENT_X-homerun-uygulamamda-haritalar-nas%C4%B1l-olu%C5%9Fturulur-ve-y%C3%B6netilir,Existing CM Trackers-Found,,,,,
ct.pinterest.com,Targeted Advertising Cookies (including social media) [Requires consent],Pinterest,ETag,-,,,,,Existing CM Trackers-Not Found,,,,,
www.lampreplacementtool.CLIENT_X.com,Essential cookies,Koninklijke CLIENT_X N.V.,ETag,bench_new_T2_13284,,,,,Existing CM Trackers-Not Found,,,,,
www.CLIENT_X.pl,Essential cookies (exempt from consent),CLIENT_X - Poland,HTTP Cookie,AWSELB,,0,,,Existing CM Trackers-Not Found,,,,,
www.CLIENT_X.com.tr,Essential cookies (exempt from consent),CLIENT_X - Turkey,HTTP Cookie,AWSELB,,0,,,Existing CM Trackers-Not Found,,,,,
www.patientcare.shop.CLIENT_X.com.sg,Essential cookies (exempt from consent),CLIENT_X - Singapore,HTTP Cookie,JSESSIONID,,,,,Existing CM Trackers-Not Found,,,,,
CLIENT_X.com.tr,Performance cookies,CLIENT_X - Turkey,HTTP Cookie,bench_new_T2_13212,,session,TRUE,https://www.CLIENT_X.com.tr/,Existing CM Trackers-Found,,,,,
www.lighting.CLIENT_X.ru,Essential cookies (exempt from consent),Signify (formerly CLIENT_X Lighting),HTTP Cookie,s_mc,,bench_update_duration,TRUE,https://www.CLIENT_X.com.tr/a-w/about,Existing CM Trackers-Found,,,,,
lighting.CLIENT_X.com.hk,Essential cookies (exempt from consent),CLIENT_X - Hong Kong,HTTP Cookie,s_sid,,,,,Existing CM Trackers-Not Found,,,,,
CLIENT_X.pt,Essential cookies (exempt from consent),CLIENT_X - Portugal,HTTP Cookie,_gdXXX,,bench_update_duration,,,Existing CM Trackers-Not Found,,,,,
www.usa.CLIENT_X.com,Essential cookies (exempt from consent),Koninklijke CLIENT_X N.V.,HTTP Cookie,p-hc-catg,,,,https://www.CLIENT_X.com.tr/healthcare,New Third Party Trackers,,,,,
stg.CLIENT_X.ru,Essential cookies (exempt from consent),CLIENT_X - Russia,HTTP Cookie,kampyleUserSession,,,,,Existing CM Trackers-Not Found,,,,,
CLIENT_X.com.co,Essential cookies (exempt from consent),CLIENT_X - Colombia,HTTP Cookie,s_gnr,,,,,Existing CM Trackers-Not Found,,,,,
www.lighting.CLIENT_X.dk,Essential cookies (exempt from consent),Signify (formerly CLIENT_X Lighting),HTTP Cookie,AWSELBCORS,,0,,,Existing CM Trackers-Not Found,,,,,
CLIENT_X.com.sg,Essential cookies (exempt from consent),CLIENT_X - Singapore,HTTP Cookie,s_gnr,,bench_update_duration,,https://www.CLIENT_X.com.tr/c-p/SPT6607B_62/6000-series-kablosuz-klavye-fare-seti,Existing CM Trackers-Found,,,,,
CLIENT_X.no,Essential cookies (exempt from consent),CLIENT_X - Norway,HTTP Cookie,at_check,,,,https://www.CLIENT_X.com.tr/,Existing CM Trackers-Found,,,,,
CLIENT_X.com.tr,Essential cookies,CLIENT_X - Turkey,Local Storage,_ga_failed_lookup_marker_66_1435,,,TRUE,https://www.CLIENT_X.com.tr/c-w/tuketici-urunleri-destek/support-contact-page.html,Existing CM Trackers-Found,,,,,
www.lighting.CLIENT_X.co.id,Essential cookies (exempt from consent),Signify (formerly CLIENT_X Lighting),HTTP Cookie,s_int,,bench_update_duration,TRUE,https://www.CLIENT_X.com.tr/,Existing CM Trackers-Found,,,,,
www.CLIENT_X.com.pe,Essential cookies (exempt from consent),CLIENT_X - Peru,HTTP Cookie,kampyleUserSession,,,,,Existing CM Trackers-Not Found,,,,,
CLIENT_X.co.th,Essential cookies (exempt from consent),CLIENT_X - Thailand,HTTP Cookie,_gdXXX,,session,,,Existing CM Trackers-Not Found,,,,,
www.lighting.CLIENT_X.com.co,Essential cookies (exempt from consent),Signify (formerly CLIENT_X Lighting),HTTP Cookie,AWSELBCORS,,bench_update_duration,,,Existing CM Trackers-Not Found,,,,,
www.CLIENT_X.com.eg,Essential cookies (exempt from consent),CLIENT_X - Egypt,HTTP Cookie,kampyleUserSession,,,TRUE,https://www.CLIENT_X.com.tr/c-e/ho/cooking/airfryer-7000-serisi-xxl.html,Existing CM Trackers-Found,,,,,
CLIENT_X.com.tr,Essential cookies,CLIENT_X - Turkey,HTTP Cookie,bench_new_T2_13200,,400,,https://www.CLIENT_X.com.tr/,New First Party Trackers,,,,,
www.CLIENT_X.ca,Essential cookies (exempt from consent),CLIENT_X - Canada,HTTP Cookie,_yi,,,,,Existing CM Trackers-Not Found,,,,,
www.tienda.CLIENT_X.com.mx,Essential cookies (exempt from consent),CLIENT_X - Mexico,HTTP Cookie,attr_source_cookie,,,,,Existing CM Trackers-Not Found,,,,,
www.led-calculator.coreline.lighting.CLIENT_X.com,Targeted Advertising Cookies (including social media) [Requires consent],Signify (formerly CLIENT_X Lighting),ETag,-,,,,,Existing CM Trackers-Not Found,,,,,
CLIENT_X.com.vn,Essential cookies (exempt from consent),CLIENT_X - Vietnam,HTTP Cookie,TAsessionID,,,TRUE,https://www.CLIENT_X.com.tr/,Existing CM Trackers-Found,,,,,
CLIENT_X.ie,Essential cookies (exempt from consent),CLIENT_X - Ireland,HTTP Cookie,_gid,,bench_update_duration,TRUE,https://www.CLIENT_X.com.tr/,Existing CM Trackers-Found,,,,,
www.shop.CLIENT_X.co.in,Essential cookies (exempt from consent),CLIENT_X - India,ETag,blank (etag),,,,,Existing CM Trackers-Not Found,,,,,
CLIENT_X.com.tr,Essential cookies,CLIENT_X - Turkey,HTTP Cookie,_ga_failed_lookup_marker_66_1448,,400,TRUE,https://www.CLIENT_X.com.tr/,Existing CM Trackers-Found,,,,,
www.CLIENT_X.com.ar,Essential cookies (exempt from consent),CLIENT_X - Argentina,Local Storage,blank (local storage),,bench_update_duration,,,Existing CM Trackers-Not Found,,,,,
CLIENT_X.com.co,Essential cookies (exempt from consent),CLIENT_X - Colombia,HTTP Cookie,mbox,,bench_update_duration,,,Existing CM Trackers-Not Found,,,,,
pardot.com,Targeted Advertising Cookies (including social media) [Requires consent],Pardot,HTTP Cookie,visitor_id790813,,bench_update_duration,,,Existing CM Trackers-Not Found,,,,,
www.CLIENT_X.si,Essential cookies (exempt from consent),CLIENT_X - Slovenia,HTTP Cookie,kampyleSessionPageCounter,,,TRUE,https://www.CLIENT_X.com.tr/c-p/AMF870_15/air-performer-8000-serisi-3-1-arada-hava-temizleyici-fan-ve-isitici,Existing CM Trackers-Found,,,,,
CLIENT_X.co.il,Essential cookies (exempt from consent),CLIENT_X - Israel,HTTP Cookie,da_sid,,bench_update_duration,TRUE,https://www.CLIENT_X.com.tr/healthcare/clinical-solutions/early-warning-scoring,Existing CM Trackers-Found,,,,,
CLIENT_X.jo,Essential cookies (exempt from consent),CLIENT_X - Jordan,HTTP Cookie,at_check,,bench_update_duration,TRUE,https://www.CLIENT_X.com.tr/healthcare/clinical-solutions/early-warning-scoring,Existing CM Trackers-Found,,,,,
CLIENT_X.bg,Essential cookies (exempt from consent),CLIENT_X - Bulgaria,HTTP Cookie,s_nrpv,,bench_update_duration,,,Existing CM Trackers-Not Found,,,,,
accujs.accunix.net,Targeted Advertising Cookies (including social media) [Requires consent],Unknown,JavaScript,-,,bench_update_duration,,,Existing CM Trackers-Not Found,,,,,
www.CLIENT_X.es,Essential cookies (exempt from consent),CLIENT_X - Spain,HTTP Cookie,RT,,session,TRUE,https://www.CLIENT_X.com.tr/,Existing CM Trackers-Found,,,,,
lighting.CLIENT_X.ma,Essential cookies (exempt from consent),Signify (formerly CLIENT_X Lighting),HTTP Cookie,s_sid,,bench_update_duration,,,Existing CM Trackers-Not Found,,,,,
www.CLIENT_X.sa,Essential cookies (exempt from consent),CLIENT_X - Kingdom of Saudi Arabia,HTTP Cookie,kampylePageLoadedTimestamp,,,TRUE,https://www.CLIENT_X.com.tr/c-e/ho/cooking/airfryer-7000-serisi-xxl.html,Existing CM Trackers-Found,,,,,
www.lighting.CLIENT_X.no,Essential cookies (exempt from consent),Signify (formerly CLIENT_X Lighting),HTTP Cookie,remember_customer_type,,session,TRUE,https://www.CLIENT_X.com.tr/c-p/AMF870_15/air-performer-8000-serisi-3-1-arada-hava-temizleyici-fan-ve-isitici,Existing CM Trackers-Found,,,,,
www.lighting.CLIENT_X.co.za,Essential cookies (exempt from consent),Signify (formerly CLIENT_X Lighting),HTTP Cookie,customer_language_accept,,180,TRUE,https://www.CLIENT_X.com.tr/healthcare/clinical-solutions/early-warning-scoring,Existing CM Trackers-Found,,,,,
www.accounts.CLIENT_X.com,Essential cookies,Koninklijke CLIENT_X N.V.,ETag,bench_new_T2_13307,,,,,Existing CM Trackers-Not Found,,,,,
www.lighting.CLIENT_X.fr,Essential cookies (exempt from consent),Signify (formerly CLIENT_X Lighting),HTTP Cookie,CLIENT_X,,,,,Existing CM Trackers-Not Found,,,,,
CLIENT_X.com.tr,Essential cookies,CLIENT_X - Turkey,HTTP Cookie,_ga_failed_lookup_marker_66_1464,,60,TRUE,https://www.CLIENT_X.com.tr/,Existing CM Trackers-Found,,,,,
lighting.CLIENT_X.com.hk,Essential cookies (exempt from consent),CLIENT_X - Hong Kong,HTTP Cookie,s_nr30,,0,TRUE,https://www.CLIENT_X.com.tr/c-p/AMF870_15/air-performer-8000-serisi-3-1-arada-hava-temizleyici-fan-ve-isitici,Existing CM Trackers-Found,,,,,
CLIENT_X.com.tr,Essential cookies,CLIENT_X - Turkey,HTTP Cookie,_ga_failed_lookup_marker_66_1466,,400,TRUE,https://www.CLIENT_X.com.tr/,Existing CM Trackers-Found,,,,,
www.lighting.CLIENT_X.co.jp,Essential cookies (exempt from consent),Signify (formerly CLIENT_X Lighting),Beacon,blank (beacon),,,TRUE,https://www.CLIENT_X.com.tr/c-f/XC000004909/CLIENT_X-epilat%C3%B6r-cihaz%C4%B1m%C4%B1n-aparatlar%C4%B1-nas%C4%B1l-kullan%C4%B1l%C4%B1r,Existing CM Trackers-Found,,,,,
t.tailtarget.com,Targeted Advertising Cookies (including social media) [Requires consent],Tail Target,Beacon,-,,bench_update_duration,TRUE,https://www.CLIENT_X.com.tr/healthcare/product/HCNOCTN424PACS,Existing CM Trackers-Found,,,,,
www.shop.CLIENT_X.ee,Essential cookies (exempt from consent),CLIENT_X - Republic of Estonia,HTTP Cookie,fl_qualified_entry,,bench_update_duration,,,Existing CM Trackers-Not Found,,,,,
www.mylife.CLIENT_X.com.cn,Essential cookies (exempt from consent),CLIENT_X - China,Local Storage,blank (local storage),,bench_update_duration,,,Existing CM Trackers-Not Found,,,,,
CLIENT_X.rs,Essential cookies (exempt from consent),CLIENT_X - Serbia,HTTP Cookie,mboxEdgeCluster,,bench_update_duration,TRUE,https://www.CLIENT_X.com.tr/,Existing CM Trackers-Found,,,,,
www.CLIENT_X.com.gh,Essential cookies (exempt from consent),CLIENT_X - Ghana,HTTP Cookie,user_country,,,,,Existing CM Trackers-Not Found,,,,,
*.t.eloqua.com,Performance cookies,Oracle Marketing,JavaScript,_ga_failed_lookup_marker_66_1473,,,,https://www.CLIENT_X.com.tr/healthcare/education-resources/education-training,Existing CM Trackers-Found,,,,,
CLIENT_X.cl,Essential cookies (exempt from consent),CLIENT_X - Chile,HTTP Cookie,biggy-session-CLIENT_Xcl,,session,,https://www.CLIENT_X.com.tr/c-f/XC000021443/CLIENT_X-vantilat%C3%B6r%C3%BCm-sal%C4%B1n%C4%B1m-yaparken-al%C4%B1%C5%9F%C4%B1lmad%C4%B1k-bir-ses-%C3%A7%C4%B1kar%C4%B1yor,New Third Party Trackers,,,,,
www.supurgesepeti.com,Essential cookies (exempt from consent),Supurgesepeti.com,HTTP Cookie,TicimaxReferer,,,TRUE,https://www.CLIENT_X.com.tr/,Existing CM Trackers-Found,,,,,
www.CLIENT_X.de,Essential cookies (exempt from consent),CLIENT_X - Germany,HTTP Cookie,eddl_gtm_qe_session_start_6523424625,,bench_update_duration,,,Existing CM Trackers-Not Found,,,,,
www.CLIENT_X.com.tr,Essential cookies,CLIENT_X - Turkey,HTTP Cookie,bench_new_T2_13328,,365,TRUE,https://www.CLIENT_X.com.tr/c-p/AMF870_15/air-performer-8000-serisi-3-1-arada-hava-temizleyici-fan-ve-isitici,Existing CM Trackers-Found,,,,,
www.usa.CLIENT_X.com,Essential cookies (exempt from consent),Koninklijke CLIENT_X N.V.,HTTP Cookie,_sst_sfcamid,,365,TRUE,https://www.CLIENT_X.com.tr/c-p/AMF870_15/air-performer-8000-serisi-3-1-arada-hava-temizleyici-fan-ve-isitici,Existing CM Trackers-Found,,,,,
CLIENT_X.ie,Essential cookies (exempt from consent),CLIENT_X - Ireland,HTTP Cookie,s_ugv,,,,,Existing CM Trackers-Not Found,,,,,
www.CLIENT_X.fr,Essential cookies (exempt from consent),CLIENT_X - France,HTTP Cookie,AWSELB,,0,TRUE,https://www.CLIENT_X.com.tr/,Existing CM Trackers-Found,,,,,
www.CLIENT_X.co.in,Essential cookies (exempt from consent),CLIENT_X - India,HTTP Cookie,liveagent_vc,,bench_update_duration,,,Existing CM Trackers-Not Found,,,,,
www.mriclinicalcasemap.CLIENT_X.com,Essential cookies (exempt from consent),Koninklijke CLIENT_X N.V.,Local Storage,blank (local storage),,,,,Existing CM Trackers-Not Found,,,,,
www.CLIENT_X.nl,Essential cookies (exempt from consent),CLIENT_X - Netherlands,HTTP Cookie,AWSELB,,bench_update_duration,,,Existing CM Trackers-Not Found,,,,,
CLIENT_X.se,Essential cookies (exempt from consent),CLIENT_X - Sweden,HTTP Cookie,s_cm_direct,,bench_update_duration,,,Existing CM Trackers-Not Found,,,,,
www.CLIENT_X.com.tr,Essential cookies,CLIENT_X - Turkey,HTTP Cookie,bench_new_T2_13315,,0,TRUE,https://www.CLIENT_X.com.tr/c-p/AMF870_15/air-performer-8000-serisi-3-1-arada-hava-temizleyici-fan-ve-isitici,Existing CM Trackers-Found,,,,,
www.CLIENT_X.ro,Essential cookies (exempt from consent),CLIENT_X - Romania,HTTP Cookie,p-gc35,,90,TRUE,https://www.CLIENT_X.com.tr/a-w/about,Existing CM Trackers-Found,,,,,
supurgesepeti.com,Essential cookies (exempt from consent),Supurgesepeti.com,HTTP Cookie,CultureSettings,,bench_update_duration,,,Existing CM Trackers-Not Found,,,,,
CLIENT_X.cl,Essential cookies (exempt from consent),CLIENT_X - Chile,HTTP Cookie,_fbp,,,,,Existing CM Trackers-Not Found,,,,,
www.CLIENT_X.ua,Essential cookies (exempt from consent),CLIENT_X - Ukraine,HTTP Cookie,JSESSIONID,,90,TRUE,https://www.CLIENT_X.com.tr/,Existing CM Trackers-Found,,,,,
www.lighting.CLIENT_X.nl,Essential cookies (exempt from consent),Signify (formerly CLIENT_X Lighting),HTTP Cookie,AWSELBCORS,,bench_update_duration,TRUE,https://www.CLIENT_X.com.tr/a-w/about,Existing CM Trackers-Found,,,,,
demdex.net,Targeted Advertising cookies (including social media),"Adobe Audience Manager, Adobe Experience Cloud",HTTP Cookie,bench_new_T2_13255,,,,,Existing CM Trackers-Not Found,,,,,
nova.collect.igodigital.com,Targeted Advertising Cookies (including social media) [Requires consent],Salesforce Marketing Cloud,ETag,-,,bench_update_duration,TRUE,https://www.CLIENT_X.com.tr/,Existing CM Trackers-Found,,,,,
CLIENT_X.nl,Essential cookies (exempt from consent),CLIENT_X - Netherlands,HTTP Cookie,iadvize_test_cookie_top_domain,,,,,Existing CM Trackers-Not Found,,,,,
www.CLIENT_X.com.ar,Essential cookies (exempt from consent),CLIENT_X - Argentina,HTTP Cookie,kampyle_userid,,bench_update_duration,,,Existing CM Trackers-Not Found,,,,,
CLIENT_X.ru,Essential cookies (exempt from consent),CLIENT_X - Russia,HTTP Cookie,_scid,,bench_update_duration,,,Existing CM Trackers-Not Found,,,,,
widget.as.criteo.com,Targeted Advertising Cookies (including social media) [Requires consent],Criteo SA,JavaScript,-,,bench_update_duration,,,Existing CM Trackers-Not Found,,,,,
www.lighting.CLIENT_X.com.tr,Essential cookies (exempt from consent),Signify (formerly CLIENT_X Lighting),HTTP Cookie,customer_language_accept,,bench_update_duration,,,Existing CM Trackers-Not Found,,,,,
stg.CLIENT_X.ro,Essential cookies (exempt from consent),CLIENT_X - Romania,HTTP Cookie,eddl_gtm_qe_session_start_6523424625,,bench_update_duration,TRUE,https://www.CLIENT_X.com.tr/,Existing CM Trackers-Found,,,,,
CLIENT_X.hu,Essential cookies (exempt from consent),CLIENT_X - Hungary,HTTP Cookie,_schn1,,bench_update_duration,,,Existing CM Trackers-Not Found,,,,,
csm.fr3.eu.criteo.net,Targeted Advertising Cookies (including social media) [Requires consent],Criteo SA,Beacon,-,,,,,Existing CM Trackers-Not Found,,,,,
igt-interactive-tour.com,Essential cookies (exempt from consent),Koninklijke CLIENT_X N.V.,HTTP Cookie,s_pv,,bench_update_duration,,,Existing CM Trackers-Not Found,,,,,
CLIENT_X.hr,Essential cookies (exempt from consent),CLIENT_X - Croatia,HTTP Cookie,_scid_r,,bench_update_duration,TRUE,https://www.CLIENT_X.com.tr/,Existing CM Trackers-Found,,,,,
CLIENT_X.pt,Essential cookies (exempt from consent),CLIENT_X - Portugal,HTTP Cookie,s_nrpv,,bench_update_duration,TRUE,https://www.CLIENT_X.com.tr/a-w/about,Existing CM Trackers-Found,,,,,
CLIENT_X.ru,Essential cookies (exempt from consent),CLIENT_X - Russia,HTTP Cookie,bm_sz,,bench_update_duration,,https://www.CLIENT_X.com.tr/c-f/XC000021443/CLIENT_X-vantilat%C3%B6r%C3%BCm-sal%C4%B1n%C4%B1m-yaparken-al%C4%B1%C5%9F%C4%B1lmad%C4%B1k-bir-ses-%C3%A7%C4%B1kar%C4%B1yor,New Third Party Trackers,,,,,
snapchat.com,Targeted Advertising Cookies (including social media) [Requires consent],Snap Inc.,HTTP Cookie,sc_at,,bench_update_duration,,https://www.CLIENT_X.com.tr/a-w/about/news/all-news.html,New Third Party Trackers,,,,,
CLIENT_X.co.th,Essential cookies (exempt from consent),CLIENT_X - Thailand,HTTP Cookie,_hjTLDTest,,bench_update_duration,TRUE,https://www.CLIENT_X.com.tr/c-w/tuketici-urunleri-destek/support-contact-page.html,Existing CM Trackers-Found,,,,,
supurgesepeti.com,Essential cookies (exempt from consent),Supurgesepeti.com,HTTP Cookie,_ga,,,,,Existing CM Trackers-Not Found,,,,,
CLIENT_X.co.za,Essential cookies (exempt from consent),CLIENT_X - South Africa,HTTP Cookie,da_lid,,,TRUE,https://www.CLIENT_X.com.tr/c-p/AMF870_15/air-performer-8000-serisi-3-1-arada-hava-temizleyici-fan-ve-isitici,Existing CM Trackers-Found,,,,,
www.CLIENT_X.be,Essential cookies (exempt from consent),CLIENT_X - Belgium,HTTP Cookie,notice_settings,,bench_update_duration,,,Existing CM Trackers-Not Found,,,,,
www.CLIENT_X.co.uk,Essential cookies (exempt from consent),CLIENT_X - United Kingdom,HTTP Cookie,T01-recentlyViewedProducts,,396,TRUE,https://www.CLIENT_X.com.tr/a-w/about,Existing CM Trackers-Found,,,,,
CLIENT_X.ng,Essential cookies (exempt from consent),CLIENT_X - Nigeria,HTTP Cookie,da_intState,,,,,Existing CM Trackers-Not Found,,,,,
www.CLIENT_X.at,Essential cookies (exempt from consent),CLIENT_X - Austria,HTTP Cookie,ROUTE,,bench_update_duration,,,Existing CM Trackers-Not Found,,,,,
CLIENT_X.com.tr,Essential cookies (exempt from consent),CLIENT_X - Turkey,HTTP Cookie,test,,bench_update_duration,TRUE,https://www.CLIENT_X.com.tr/healthcare/clinical-solutions/early-warning-scoring,Existing CM Trackers-Found,,,,,
rrstatic.retailrocket.net,Performance Cookies [Requires consent],Retail Rocket LLC,JavaScript,-,,,,https://www.CLIENT_X.com.tr/healthcare,Existing CM Trackers-Found,,,,,
www.CLIENT_X.ru,Essential cookies (exempt from consent),CLIENT_X - Russia,HTTP Cookie,mdLogger,,,,,Existing CM Trackers-Not Found,,,,,
CLIENT_Xes.api.useinsider.com,Targeted Advertising Cookies (including social media) [Requires consent],Insider,JavaScript,-,,session,TRUE,https://www.CLIENT_X.com.tr/c-p/AMF870_15/air-performer-8000-serisi-3-1-arada-hava-temizleyici-fan-ve-isitici,Existing CM Trackers-Found,,,,,
checkout-ui.prod.ticimax.net,Performance cookies,Ticimax,HTTP Cookie,bench_new_T2_13290,,,,,Existing CM Trackers-Not Found,,,,,
doubleclick.net,Targeted Advertising cookies (including social media),Google Advertising Products,HTTP Cookie,bench_new_T2_13361,,30,TRUE,https://www.CLIENT_X.com.tr/,Existing CM Trackers-Found,,,,,
www.lighting.CLIENT_X.gr,Essential cookies (exempt from consent),Signify (formerly CLIENT_X Lighting),JavaScript,blank (java),,bench_update_duration,TRUE,https://www.CLIENT_X.com.tr/a-w/about,Existing CM Trackers-Found,,,,,
CLIENT_Xtest.scene7.com,Performance cookies,Adobe Experience Cloud - Experience Manager,ETag,bench_new_T2_13326,,,,,Existing CM Trackers-Not Found,,,,,
www.CLIENT_X.ch,Essential cookies (exempt from consent),CLIENT_X - Switzerland,HTTP Cookie,_sdsat_Ub,,bench_update_duration,TRUE,https://www.CLIENT_X.com.tr/,Existing CM Trackers-Found,,,,,
CLIENT_X.jo,Essential cookies (exempt from consent),CLIENT_X - Jordan,HTTP Cookie,s_eVar8,,,,,Existing CM Trackers-Not Found,,,,,
code.jquery.com,Performance cookies,jQuery,ETag,_ga_failed_lookup_marker_66_1523,,,,,Existing CM Trackers-Not Found,,,,,
www.CLIENT_X.nl,Essential cookies (exempt from consent),CLIENT_X - Netherlands,HTTP Cookie,NL_Pub-cart-com,,,TRUE,https://www.CLIENT_X.com.tr/,Existing CM Trackers-Found,,,,,
supurgesepeti.com,Essential cookies,Supurgesepeti.com,HTTP Cookie,bench_new_T2_13296,,,,,Existing CM Trackers-Not Found,,,,,
www.lighting.CLIENT_X.co.nz,Essential cookies (exempt from consent),Signify (formerly CLIENT_X Lighting),HTTP Cookie,s_int,,bench_update_duration,TRUE,https://www.CLIENT_X.com.tr/c-p/AMF870_15/air-performer-8000-serisi-3-1-arada-hava-temizleyici-fan-ve-isitici,Existing CM Trackers-Found,,,,,
www.CLIENT_X.co.nz,Essential cookies (exempt from consent),CLIENT_X - New Zealand,HTTP Cookie,AWSELBCORS,,bench_update_duration,,https://www.CLIENT_X.com.tr/c-f/XC000021443/CLIENT_X-vantilat%C3%B6r%C3%BCm-sal%C4%B1n%C4%B1m-yaparken-al%C4%B1%C5%9F%C4%B1lmad%C4%B1k-bir-ses-%C3%A7%C4%B1kar%C4%B1yor,New Third Party Trackers,,,,,
www.subscription.CLIENT_X.at,Essential cookies (exempt from consent),CLIENT_X - Austria,HTTP Cookie,fl_qualified_entry,,session,,,Existing CM Trackers-Not Found,,,,,
CLIENT_X.co.in,Essential cookies (exempt from consent),CLIENT_X - India,HTTP Cookie,com.adobe.alloy.getTld,,bench_update_duration,,,Existing CM Trackers-Not Found,,,,,
CLIENT_X.lt,Essential cookies (exempt from consent),CLIENT_X - Lithuania,HTTP Cookie,at_check,,session,TRUE,https://www.CLIENT_X.com.tr/,Existing CM Trackers-Found,,,,,
www.CLIENT_X.co.za,Essential cookies (exempt from consent),CLIENT_X - South Africa,HTTP Cookie,fl_qualified_entry,,0,TRUE,https://www.CLIENT_X.com.tr/,Existing CM Trackers-Found,,,,,
widget-cdn.janraincapture.com,Performance Cookies [Requires consent],Akamai,ETag,-,,0,TRUE,https://www.CLIENT_X.com.tr/,Existing CM Trackers-Found,,,,,
lighting.CLIENT_X.com.co,Essential cookies (exempt from consent),Signify (formerly CLIENT_X Lighting),HTTP Cookie,test,,,,,Existing CM Trackers-Not Found,,,,,
CLIENT_X.nl,Essential cookies (exempt from consent),CLIENT_X - Netherlands,HTTP Cookie,_gdXXX,,session,TRUE,https://www.CLIENT_X.com.tr/healthcare/about/distributors,Existing CM Trackers-Found,,,,,
CLIENT_X.ie,Essential cookies (exempt from consent),CLIENT_X - Ireland,HTTP Cookie,_gdXXX,,session,TRUE,https://www.CLIENT_X.com.tr/,Existing CM Trackers-Found,,,,,
CLIENT_X.com.tr,Performance cookies,CLIENT_X - Turkey,HTTP Cookie,bench_new_T2_13343,,400,,https://www.CLIENT_X.com.tr/,Existing CM Trackers-Found,,,,,
CLIENT_X.ng,Essential cookies (exempt from consent),CLIENT_X - Nigeria,HTTP Cookie,TEST_AMCV_COOKIE_WRITE,,bench_update_duration,,https://www.CLIENT_X.com.tr/c-p/SPT6607B_62/6000-series-kablosuz-klavye-fare-seti,New Third Party Trackers,,,,,
CLIENT_X.pl,Essential cookies (exempt from consent),CLIENT_X - Poland,HTTP Cookie,s_tid,,bench_update_duration,TRUE,https://www.CLIENT_X.com.tr/,Existing CM Trackers-Found,,,,,
CLIENT_X.nl,Essential cookies (exempt from consent),CLIENT_X - Netherlands,HTTP Cookie,_yi,,bench_update_duration,TRUE,https://www.CLIENT_X.com.tr/c-p/EP4441_50/4400-serisi-tam-otomatik-espresso-makinesi/destek,Existing CM Trackers-Found,,,,,
www.CLIENT_X.sk,Essential cookies (exempt from consent),CLIENT_X - Slovakia,HTTP Cookie,kampyleUserSession,,bench_update_duration,TRUE,https://www.CLIENT_X.com.tr/a-w/about,Existing CM Trackers-Found,,,,,
CLIENT_X.hu,Essential cookies (exempt from consent),CLIENT_X - Hungary,HTTP Cookie,cjConsent,,bench_update_duration,,,Existing CM Trackers-Not Found,,,,,
CLIENT_X.com.mx,Essential cookies (exempt from consent),CLIENT_X - Mexico,HTTP Cookie,coveo_visitorId,,bench_update_duration,,,Existing CM Trackers-Not Found,,,,,
tracker-detail-page.trustarc.com,Essential cookies,TrustArc,ETag,bench_new_T2_13350,,,,https://www.CLIENT_X.com.tr/a-w/tanimlama-bilgileri-politikasi,New Third Party Trackers,,,,,
CLIENT_X.com.pk,Essential cookies (exempt from consent),CLIENT_X - Pakistan,HTTP Cookie,mbox,,bench_update_duration,TRUE,https://www.CLIENT_X.com.tr/,Existing CM Trackers-Found,,,,,
www.lighting.CLIENT_X.com.ph,Essential cookies (exempt from consent),CLIENT_X - Philippines,HTTP Cookie,AWSELB,,bench_update_duration,,,Existing CM Trackers-Not Found,,,,,
CLIENT_X.co.za,Essential cookies (exempt from consent),CLIENT_X - South Africa,HTTP Cookie,s_cm,,,,,Existing CM Trackers-Not Found,,,,,
lighting.CLIENT_X.com.tr,Essential cookies,Signify (formerly CLIENT_X Lighting),HTTP Cookie,_ga_failed_lookup_marker_66_1547,,,,,Existing CM Trackers-Not Found,,,,,
www.lighting.CLIENT_X.ua,Essential cookies (exempt from consent),Signify (formerly CLIENT_X Lighting),HTTP Cookie,s_sid,,session,TRUE,https://www.CLIENT_X.com.tr/,Existing CM Trackers-Found,,,,,
www.healthcare.shop.CLIENT_X.fr,Essential cookies (exempt from consent),CLIENT_X - France,HTTP Cookie,kampyleUserSession,,,,,Existing CM Trackers-Not Found,,,,,
CLIENT_X.com.hk,Essential cookies (exempt from consent),CLIENT_X - Hong Kong,HTTP Cookie,_hjTLDTest,,,,,Existing CM Trackers-Not Found,,,,,
www.supurgesepeti.com,Essential cookies,Supurgesepeti.com,HTTP Cookie,_ga_failed_lookup_marker_66_1551,,,,,Existing CM Trackers-Not Found,,,,,
CLIENT_X.co.il,Essential cookies (exempt from consent),CLIENT_X - Israel,HTTP Cookie,_gid,,,,,Existing CM Trackers-Not Found,,,,,
*.cloudfront.net,Performance cookies,Amazon (Cloudfront),ETag,_ga_failed_lookup_marker_66_1553,,,,,Existing CM Trackers-Not Found,,,,,
www.CLIENT_X.be,Essential cookies (exempt from consent),CLIENT_X - Belgium,HTTP Cookie,kampyle_userid,,bench_update_duration,,,Existing CM Trackers-Not Found,,,,,
dev.CLIENT_X.com.vn,Essential cookies (exempt from consent),CLIENT_X - Vietnam,HTTP Cookie,AWSELBCORS,,bench_update_duration,,,Existing CM Trackers-Not Found,,,,,
www.CLIENT_X.be,Essential cookies (exempt from consent),CLIENT_X - Belgium,HTTP Cookie,eddl_gtm_qe_session_start_6523424625,,729,,,Existing CM Trackers-Not Found,,,,,
CLIENT_X.com.ar,Essential cookies (exempt from consent),CLIENT_X - Argentina,HTTP Cookie,s_cm,,bench_update_duration,,,Existing CM Trackers-Not Found,,,,,
CLIENT_X.com.mx,Essential cookies (exempt from consent),CLIENT_X - Mexico,HTTP Cookie,s_vtime,,,,,Existing CM Trackers-Not Found,,,,,
CLIENT_X.sk,Essential cookies (exempt from consent),CLIENT_X - Slovakia,HTTP Cookie,_scid,,bench_update_duration,,https://www.CLIENT_X.com.tr/c-m-pe/hair-removal,New Third Party Trackers,,,,,
www.CLIENT_X.lv,Performance Cookies [Requires consent],CLIENT_X - Latvia,ETag,-,,,TRUE,https://www.CLIENT_X.com.tr/a-w/about-CLIENT_X/sustainability.html,Existing CM Trackers-Found,,,,,
CLIENT_X.com,Essential cookies (exempt from consent),Koninklijke CLIENT_X N.V.,HTTP Cookie,zScalerUser,,bench_update_duration,,,Existing CM Trackers-Not Found,,,,,
CLIENT_X.co.za,Essential cookies (exempt from consent),CLIENT_X - South Africa,HTTP Cookie,TEST_AMCV_COOKIE_WRITE,,bench_update_duration,TRUE,https://www.CLIENT_X.com.tr/,Existing CM Trackers-Found,,,,,
CLIENT_X.fr,Essential cookies (exempt from consent),CLIENT_X - France,HTTP Cookie,s_nrpv,,7,TRUE,https://www.CLIENT_X.com.tr/,Existing CM Trackers-Found,,,,,
www.CLIENT_X.com.eg,Essential cookies (exempt from consent),CLIENT_X - Egypt,Beacon,blank (beacon),,bench_update_duration,,,Existing CM Trackers-Not Found,,,,,
CLIENT_Xb2c.my.salesforce-scrt.com,Performance cookies,"Salesforce.com, Inc.",Beacon,_ga_failed_lookup_marker_66_1565,,,,https://www.CLIENT_X.com.tr/c-w/tuketici-urunleri-destek/support-contact-page.html,New Third Party Trackers,,,,,
CLIENT_X.com.my,Essential cookies (exempt from consent),CLIENT_X - Malaysia,HTTP Cookie,zScalerUser,,bench_update_duration,TRUE,https://www.CLIENT_X.com.tr/c-e/ho/cooking/airfryer-7000-serisi-xxl.html,Existing CM Trackers-Found,,,,,
www.CLIENT_X.com.tr,Performance cookies,CLIENT_X - Turkey,HTTP Cookie,bench_new_T2_13339,,,,,Existing CM Trackers-Not Found,,,,,
www.CLIENT_X.rs,Essential cookies (exempt from consent),CLIENT_X - Serbia,HTTP Cookie,mdLogger,,400,,https://www.CLIENT_X.com.tr/c-f/XC000021443/CLIENT_X-vantilat%C3%B6r%C3%BCm-sal%C4%B1n%C4%B1m-yaparken-al%C4%B1%C5%9F%C4%B1lmad%C4%B1k-bir-ses-%C3%A7%C4%B1kar%C4%B1yor,New Third Party Trackers,,,,,
yt3.ggpht.com,Performance cookies,Google Inc.,ETag,_ga_failed_lookup_marker_66_1569,,,,,Existing CM Trackers-Not Found,,,,,
*.akstat.io,Performance cookies,Akamai,Beacon,bench_new_T2_13222,,,,https://www.CLIENT_X.com.tr/c-p/SPT6607B_62/6000-series-kablosuz-klavye-fare-seti,New Third Party Trackers,,,,,
www.CLIENT_X.cz,Essential cookies (exempt from consent),CLIENT_X - Czech Republic,Local Storage,blank (local storage),,bench_update_duration,,https://www.CLIENT_X.com.tr/,New Third Party Trackers,,,,,
www.CLIENT_X.rs,Essential cookies (exempt from consent),CLIENT_X - Serbia,HTTP Cookie,eddl_gtm_qe_session_start_6523424625,,,,,Existing CM Trackers-Not Found,,,,,
CLIENT_X.jo,Essential cookies (exempt from consent),CLIENT_X - Jordan,HTTP Cookie,_tt_enable_cookie,,,,,Existing CM Trackers-Not Found,,,,,
www.CLIENT_X.co.nz,Essential cookies (exempt from consent),CLIENT_X - New Zealand,HTTP Cookie,kampyleUserSessionsCount,,bench_update_duration,TRUE,https://www.CLIENT_X.com.tr/,Existing CM Trackers-Found,,,,,
CLIENT_X.si,Essential cookies (exempt from consent),CLIENT_X - Slovenia,HTTP Cookie,test,,bench_update_duration,TRUE,https://www.CLIENT_X.com.tr/a-w/about,Existing CM Trackers-Found,,,,,
www.lighting.CLIENT_X.ro,Essential cookies (exempt from consent),Signify (formerly CLIENT_X Lighting),ETag,blank (etag),,90,TRUE,https://www.CLIENT_X.com.tr/,Existing CM Trackers-Found,,,,,
www.CLIENT_X.com.pk,Essential cookies (exempt from consent),CLIENT_X - Pakistan,HTTP Cookie,T01-recentlyViewedProducts,,bench_update_duration,,https://www.CLIENT_X.com.tr/,Existing CM Trackers-Found,,,,,
CLIENT_X.es,Essential cookies (exempt from consent),CLIENT_X - Spain,HTTP Cookie,_schn1,,bench_update_duration,TRUE,https://www.CLIENT_X.com.tr/,Existing CM Trackers-Found,,,,,
assets.adobedtm.com,Performance cookies,Adobe Inc.,JavaScript,bench_new_T2_13286,,,,,Existing CM Trackers-Not Found,,,,,
www.tienda.CLIENT_X.com.mx,Essential cookies (exempt from consent),CLIENT_X - Mexico,HTTP Cookie,vtex_session,,,,,Existing CM Trackers-Not Found,,,,,
www.lighting.CLIENT_X.no,Essential cookies (exempt from consent),Signify (formerly CLIENT_X Lighting),HTTP Cookie,AWSELB,,0,,,Existing CM Trackers-Not Found,,,,,
CLIENT_X.ma,Essential cookies (exempt from consent),CLIENT_X - Morocco,HTTP Cookie,s_gnr,,,,,Existing CM Trackers-Not Found,,,,,
www.CLIENT_X.hu,Essential cookies (exempt from consent),CLIENT_X - Hungary,JavaScript,blank (java),,bench_update_duration,,https://www.CLIENT_X.com.tr/,New Third Party Trackers,,,,,
CLIENT_X.com,Essential cookies (exempt from consent),Koninklijke CLIENT_X N.V.,HTTP Cookie,_gat_UA-XXX,,bench_update_duration,,,Existing CM Trackers-Not Found,,,,,
CLIENT_X.se,Essential cookies (exempt from consent),CLIENT_X - Sweden,HTTP Cookie,at_check,,bench_update_duration,TRUE,https://www.CLIENT_X.com.tr/c-p/AMF870_15/air-performer-8000-serisi-3-1-arada-hava-temizleyici-fan-ve-isitici,Existing CM Trackers-Found,,,,,
supurgesepeti.com,Essential cookies (exempt from consent),Supurgesepeti.com,HTTP Cookie,_cfuvid,,bench_update_duration,,https://www.CLIENT_X.com.tr/,Existing CM Trackers-Found,,,,,
www.CLIENT_X.ru,Essential cookies (exempt from consent),CLIENT_X - Russia,HTTP Cookie,p-hc-specialty,,,TRUE,https://www.CLIENT_X.com.tr/,Existing CM Trackers-Found,,,,,
respirtech.com,Essential cookies (exempt from consent),RespirTech,HTTP Cookie,_gcl_au,,bench_update_duration,,https://www.CLIENT_X.com.tr/c-p/AMF870_15/air-performer-8000-serisi-3-1-arada-hava-temizleyici-fan-ve-isitici,New First Party Trackers,,,,,
www.CLIENT_X.com.tr,Essential cookies,CLIENT_X - Turkey,HTTP Cookie,_ga_failed_lookup_marker_66_1589,,,,,Existing CM Trackers-Not Found,,,,,
www.CLIENT_X.hu,Essential cookies (exempt from consent),CLIENT_X - Hungary,HTTP Cookie,kampyle_userid,,bench_update_duration,,,Existing CM Trackers-Not Found,,,,,
raw.githubusercontent.com,Performance cookies,GitHub Inc.,ETag,_ga_failed_lookup_marker_66_1591,,,TRUE,https://www.CLIENT_X.com.tr/healthcare/about/distributors,Existing CM Trackers-Found,,,,,
CLIENT_X.com.hk,Essential cookies (exempt from consent),CLIENT_X - Hong Kong,HTTP Cookie,zScalerUser,,,,,Existing CM Trackers-Not Found,,,,,
www.google.com,Essential cookies,Google Inc.,HTTP Cookie,_ga_failed_lookup_marker_66_1593,,180,TRUE,https://www.CLIENT_X.com.tr/c-e/welcome?mag=F02&origin=20_tr_tr_mylumea_app,Existing CM Trackers-Found,,,,,
CLIENT_X.com.qa,Essential cookies (exempt from consent),CLIENT_X - Qatar,HTTP Cookie,s_ugv,,bench_update_duration,,,Existing CM Trackers-Not Found,,,,,
www.googletagmanager.com,Performance cookies,Google Inc.,Beacon,bench_new_T2_13249,,,TRUE,https://www.CLIENT_X.com.tr/c-e/ho/homeid-app.html,Existing CM Trackers-Found,,,,,
www.CLIENT_X.com.tr,Essential cookies,CLIENT_X - Turkey,HTTP Cookie,bench_new_T2_13272,,0,,https://www.CLIENT_X.com.tr/c-p/AMF870_15/air-performer-8000-serisi-3-1-arada-hava-temizleyici-fan-ve-isitici,New First Party Trackers,,,,,
www.CLIENT_X.com.tr,Essential cookies,CLIENT_X - Turkey,HTTP Cookie,bench_new_T2_13357,,,,,Existing CM Trackers-Not Found,,,,,
CLIENT_X.lv,Essential cookies (exempt from consent),CLIENT_X - Latvia,HTTP Cookie,_gdXXX,,session,,https://www.CLIENT_X.com.tr/,New Third Party Trackers,,,,,
www.lighting.CLIENT_X.be,Essential cookies (exempt from consent),Signify (formerly CLIENT_X Lighting),JavaScript,blank (java),,bench_update_duration,TRUE,https://www.CLIENT_X.com.tr/,Existing CM Trackers-Found,,,,,
www.CLIENT_X.com.tr,Essential cookies,CLIENT_X - Turkey,HTTP Cookie,bench_new_T2_13218,,400,TRUE,https://www.CLIENT_X.com.tr/c-p/AMF870_15/air-performer-8000-serisi-3-1-arada-hava-temizleyici-fan-ve-isitici,Existing CM Trackers-Found,,,,,
www.CLIENT_X.com.pk,Essential cookies (exempt from consent),CLIENT_X - Pakistan,HTTP Cookie,kampylePageLoadedTimestamp,,90,TRUE,https://www.CLIENT_X.com.tr/,Existing CM Trackers-Found,,,,,
CLIENT_X.com.hk,Essential cookies (exempt from consent),CLIENT_X - Hong Kong,HTTP Cookie,mbox,,bench_update_duration,,https://www.CLIENT_X.com.tr/c-e/shop/checkout,New Third Party Trackers,,,,,
www.CLIENT_X.co.za,Essential cookies (exempt from consent),CLIENT_X - South Africa,HTTP Cookie,_yi,,,TRUE,https://www.CLIENT_X.com.tr/c-e/ho/cooking/airfryer-7000-serisi-xxl.html,Existing CM Trackers-Found,,,,,
CLIENT_X.ma,Essential cookies (exempt from consent),CLIENT_X - Morocco,HTTP Cookie,TEST_AMCV_COOKIE_WRITE,,90,TRUE,https://www.CLIENT_X.com.tr/a-w/about,Existing CM Trackers-Found,,,,,
www.lighting.CLIENT_X.com.tw,Essential cookies (exempt from consent),Signify (formerly CLIENT_X Lighting),HTTP Cookie,customer_country,,,,,Existing CM Trackers-Not Found,,,,,
www.CLIENT_X.co.kr,Essential cookies (exempt from consent),CLIENT_X - Korea,HTTP Cookie,mdLogger,,392,TRUE,https://www.CLIENT_X.com.tr/healthcare,Existing CM Trackers-Found,,,,,
chat56.live800.com,Performance Cookies [Requires consent],Live800,HTTP Cookie,JSESSIONID,,bench_update_duration,TRUE,https://www.CLIENT_X.com.tr/,Existing CM Trackers-Found,,,,,
sc-static.net,Targeted Advertising Cookies (including social media) [Requires consent],Snap Inc.,HTTP Cookie,X-AB,,bench_update_duration,TRUE,https://www.CLIENT_X.com.tr/c-p/AMF870_15/air-performer-8000-serisi-3-1-arada-hava-temizleyici-fan-ve-isitici,Existing CM Trackers-Found,,,,,
CLIENT_X.com.tr,Essential cookies,CLIENT_X - Turkey,HTTP Cookie,bench_new_T2_13293,,,,,Existing CM Trackers-Not Found,,,,,
www.lighting.CLIENT_X.si,Essential cookies (exempt from consent),Signify (formerly CLIENT_X Lighting),HTTP Cookie,customer_country,,,,,Existing CM Trackers-Not Found,,,,,
CLIENT_X.dk,Essential cookies (exempt from consent),CLIENT_X - Denmark,HTTP Cookie,com.adobe.alloy.getTld,,bench_update_duration,,,Existing CM Trackers-Not Found,,,,,
www.CLIENT_X.sa,Essential cookies (exempt from consent),CLIENT_X - Kingdom of Saudi Arabia,HTTP Cookie,mdLogger,,bench_update_duration,,,Existing CM Trackers-Not Found,,,,,
www.CLIENT_X.gr,Essential cookies (exempt from consent),CLIENT_X - Greece,Local Storage,blank (local storage),,,TRUE,https://www.CLIENT_X.com.tr/c-e/ho/ironing/azur-8000-series,Existing CM Trackers-Found,,,,,
CLIENT_X.co.uk,Essential cookies (exempt from consent),CLIENT_X - United Kingdom,HTTP Cookie,_scid,,bench_update_duration,,https://www.CLIENT_X.com.tr/c-p/SPT6607B_62/6000-series-kablosuz-klavye-fare-seti,Existing CM Trackers-Found,,,,,
www.lighting.CLIENT_X.co.id,Essential cookies (exempt from consent),Signify (formerly CLIENT_X Lighting),HTTP Cookie,s_mc,,bench_update_duration,,,Existing CM Trackers-Not Found,,,,,
go.speech.com,Targeted Advertising Cookies (including social media) [Requires consent],Speech Processing Solutions GmbH,JavaScript,-,,bench_update_duration,,,Existing CM Trackers-Not Found,,,,,
region1.google-analytics.com,Performance cookies,Google Inc.,HTTP Cookie,_ga_failed_lookup_marker_66_1617,,,,,Existing CM Trackers-Not Found,,,,,
www.CLIENT_X.com.br,Essential cookies (exempt from consent),CLIENT_X - Brazil,HTTP Cookie,liveagent_oref,,bench_update_duration,,,Existing CM Trackers-Not Found,,,,,
smetrics.marketing.lighting.CLIENT_X.com,Targeted Advertising cookies (including social media),Koninklijke CLIENT_X N.V.,JavaScript,_ga_failed_lookup_marker_66_1619,,,,,Existing CM Trackers-Not Found,,,,,
www.CLIENT_X.ma,Essential cookies (exempt from consent),CLIENT_X - Morocco,HTTP Cookie,RT,,,,,Existing CM Trackers-Not Found,,,,,
CLIENT_X.com.mx,Essential cookies (exempt from consent),CLIENT_X - Mexico,HTTP Cookie,_ga,,90,TRUE,https://www.CLIENT_X.com.tr/,Existing CM Trackers-Found,,,,,
scripts.demandbase.com,Targeted Advertising Cookies (including social media) [Requires consent],"Demandbase, Inc.",JavaScript,-,,bench_update_duration,,https://www.CLIENT_X.com.tr/,New First Party Trackers,,,,,
tremorhub.com,Targeted Advertising cookies (including social media),"Magnite CTV, Inc.",HTTP Cookie,_ga_failed_lookup_marker_66_1623,,400,TRUE,https://www.CLIENT_X.com.tr/a-w/about,Existing CM Trackers-Found,,,,,
www.usa.CLIENT_X.com,Essential cookies (exempt from consent),Koninklijke CLIENT_X N.V.,HTTP Cookie,kampyleUserSession,,,,,Existing CM Trackers-Not Found,,,,,
CLIENT_X.com.cn,Essential cookies (exempt from consent),CLIENT_X - China,HTTP Cookie,s_eVar44,,bench_update_duration,,,Existing CM Trackers-Not Found,,,,,
*.online-metrix.net,Performance cookies,LexisNexis Risk Solutions (formerly ThreatMetrix),Beacon,_ga_failed_lookup_marker_66_1626,,,,https://www.CLIENT_X.com.tr/,Existing CM Trackers-Found,,,,,
CLIENT_X.ro,Essential cookies (exempt from consent),CLIENT_X - Romania,HTTP Cookie,FPID,,bench_update_duration,,,Existing CM Trackers-Not Found,,,,,
dsum-sec.casalemedia.com,Targeted Advertising cookies (including social media),Index Exchange Inc.,Beacon,_ga_failed_lookup_marker_66_1628,,,,https://www.CLIENT_X.com.tr/a-w/about,New Third Party Trackers,,,,,
prismic-io.s3.amazonaws.com,Targeted Advertising Cookies (including social media) [Requires consent],Amazon (Web Services),ETag,-,,bench_update_duration,,,Existing CM Trackers-Not Found,,,,,
lighting.CLIENT_X.ee,Essential cookies (exempt from consent),Signify (formerly CLIENT_X Lighting),HTTP Cookie,_mkto_trk,,bench_update_duration,TRUE,https://www.CLIENT_X.com.tr/a-w/about,Existing CM Trackers-Found,,,,,
CLIENT_X.bg,Essential cookies (exempt from consent),CLIENT_X - Bulgaria,HTTP Cookie,TAsessionID,,729,TRUE,https://www.CLIENT_X.com.tr/a-w/about,Existing CM Trackers-Found,,,,,
www.centralamerica.CLIENT_X.com,Essential cookies (exempt from consent),Koninklijke CLIENT_X N.V.,HTTP Cookie,AWSELB,,bench_update_duration,,,Existing CM Trackers-Not Found,,,,,
www.tienda.CLIENT_X.com.ar,Essential cookies (exempt from consent),CLIENT_X - Argentina,Beacon,blank (beacon),,bench_update_duration,TRUE,https://www.CLIENT_X.com.tr/c-p/AMF870_15/air-performer-8000-serisi-3-1-arada-hava-temizleyici-fan-ve-isitici,Existing CM Trackers-Found,,,,,
CLIENT_X.com.tw,Essential cookies (exempt from consent),CLIENT_X - Taiwan,HTTP Cookie,_gid,,bench_update_duration,TRUE,https://www.CLIENT_X.com.tr/,Existing CM Trackers-Found,,,,,
www.CLIENT_X.com.tr,Essential cookies,CLIENT_X - Turkey,HTTP Cookie,bench_new_T2_13305,,0,TRUE,https://www.CLIENT_X.com.tr/c-p/AMF870_15/air-performer-8000-serisi-3-1-arada-hava-temizleyici-fan-ve-isitici,Existing CM Trackers-Found,,,,,
CLIENT_X.se,Essential cookies (exempt from consent),CLIENT_X - Sweden,HTTP Cookie,_gdXXX,,session,,,Existing CM Trackers-Not Found,,,,,
master--CLIENT_Xcl.myvtex.com,Performance Cookies [Requires consent],VTEX,JavaScript,-,,,,,Existing CM Trackers-Not Found,,,,,
www.CLIENT_X.fi,Essential cookies (exempt from consent),CLIENT_X - Finland,HTTP Cookie,AWSELB,,0,TRUE,https://www.CLIENT_X.com.tr/c-p/EP4441_50/4400-serisi-tam-otomatik-espresso-makinesi/destek,Existing CM Trackers-Found,,,,,
CLIENT_X.no,Essential cookies (exempt from consent),CLIENT_X - Norway,HTTP Cookie,_ga,,bench_update_duration,,,Existing CM Trackers-Not Found,,,,,
www.CLIENT_X.com.vn,Essential cookies (exempt from consent),CLIENT_X - Vietnam,HTTP Cookie,kampyleUserSessionsCount,,bench_update_duration,TRUE,https://www.CLIENT_X.com.tr/,Existing CM Trackers-Found,,,,,
respirtech.com,Essential cookies (exempt from consent),RespirTech,HTTP Cookie,_ttp,,,,,Existing CM Trackers-Not Found,,,,,
www.youtube-nocookie.com,Preference cookies,Google Inc.,Local Storage,yt-player-volume,,bench_update_duration,TRUE,https://www.CLIENT_X.com.tr/,Existing CM Trackers-Found,,,,,
CLIENT_X.com.qa,Essential cookies (exempt from consent),CLIENT_X - Qatar,HTTP Cookie,TAsessionID,,bench_update_duration,,,Existing CM Trackers-Not Found,,,,,
www.CLIENT_X.it,Essential cookies (exempt from consent),CLIENT_X - Italy,HTTP Cookie,shop-health,,bench_update_duration,,,Existing CM Trackers-Not Found,,,,,
www.lighting.CLIENT_X.sa,Essential cookies (exempt from consent),Signify (formerly CLIENT_X Lighting),HTTP Cookie,customer_country,,0,TRUE,https://www.CLIENT_X.com.tr/,Existing CM Trackers-Found,,,,,
CLIENT_X.be,Essential cookies (exempt from consent),CLIENT_X - Belgium,HTTP Cookie,test,,89,,,Existing CM Trackers-Not Found,,,,,
www.CLIENT_X.com.tr,Essential cookies,CLIENT_X - Turkey,HTTP Cookie,bench_new_T2_13313,,0,TRUE,https://www.CLIENT_X.com.tr/c-p/AMF870_15/air-performer-8000-serisi-3-1-arada-hava-temizleyici-fan-ve-isitici,Existing CM Trackers-Found,,,,,
lighting.CLIENT_X.ca,Essential cookies (exempt from consent),Signify (formerly CLIENT_X Lighting),HTTP Cookie,_mkto_trk,,bench_update_duration,TRUE,https://www.CLIENT_X.com.tr/c-p/AMF870_15/air-performer-8000-serisi-3-1-arada-hava-temizleyici-fan-ve-isitici,Existing CM Trackers-Found,,,,,
c.go-mpulse.net,Performance cookies,Akamai,JavaScript,bench_new_T2_13387,,,,,Existing CM Trackers-Not Found,,,,,
CLIENT_Xtest.scene7.com,Performance Cookies [Requires consent],Adobe Experience Cloud - Experience Manager,ETag,-,,,,,Existing CM Trackers-Not Found,,,,,
www.CLIENT_X.bg,Essential cookies (exempt from consent),CLIENT_X - Bulgaria,HTTP Cookie,kampyleSessionPageCounter,,bench_update_duration,TRUE,https://www.CLIENT_X.com.tr/,Existing CM Trackers-Found,,,,,
CLIENT_X.cl,Essential cookies (exempt from consent),CLIENT_X - Chile,HTTP Cookie,TEST_AMCV_COOKIE_WRITE,,bench_update_duration,TRUE,https://www.CLIENT_X.com.tr/c-p/AMF870_15/air-performer-8000-serisi-3-1-arada-hava-temizleyici-fan-ve-isitici,Existing CM Trackers-Found,,,,,
www.CLIENT_X.es,Essential cookies (exempt from consent),CLIENT_X - Spain,HTTP Cookie,ES_Pub-cart-com,,,,,Existing CM Trackers-Not Found,,,,,
www.healthcare.shop.CLIENT_X.co.uk,Essential cookies (exempt from consent),CLIENT_X - United Kingdom,HTTP Cookie,pcms-CLIENT_X-gbuserSelectionCookie,,,TRUE,https://www.CLIENT_X.com.tr/,Existing CM Trackers-Found,,,,,
www.CLIENT_X.cl,Essential cookies (exempt from consent),CLIENT_X - Chile,HTTP Cookie,kampylePageLoadedTimestamp,,session,TRUE,https://www.CLIENT_X.com.tr/,Existing CM Trackers-Found,,,,,
www.lighting.CLIENT_X.gr,Essential cookies (exempt from consent),Signify (formerly CLIENT_X Lighting),HTTP Cookie,d01-layout,,bench_update_duration,,,Existing CM Trackers-Not Found,,,,,
www.instagram.com,Targeted Advertising Cookies (including social media) [Requires consent],Instagram,Beacon,-,,,,https://www.CLIENT_X.com.tr/healthcare,New Third Party Trackers,,,,,
lighting.CLIENT_X.com.vn,Essential cookies (exempt from consent),Signify (formerly CLIENT_X Lighting),HTTP Cookie,s_nr30,,bench_update_duration,,,Existing CM Trackers-Not Found,,,,,
www.CLIENT_X.co.ke,Essential cookies (exempt from consent),CLIENT_X - Kenya,HTTP Cookie,kampyle_userid,,,TRUE,https://www.CLIENT_X.com.tr/c-f/XC000004909/CLIENT_X-epilat%C3%B6r-cihaz%C4%B1m%C4%B1n-aparatlar%C4%B1-nas%C4%B1l-kullan%C4%B1l%C4%B1r,Existing CM Trackers-Found,,,,,
supurgesepeti.com,Essential cookies,Supurgesepeti.com,HTTP Cookie,bench_new_T2_13348,,,,,Existing CM Trackers-Not Found,,,,,
www.subscription.CLIENT_X.fr,Essential cookies (exempt from consent),CLIENT_X - France,HTTP Cookie,eddl_gtm_qe_session_start_6523424625,,bench_update_duration,TRUE,https://www.CLIENT_X.com.tr/c-p/AMF870_15/air-performer-8000-serisi-3-1-arada-hava-temizleyici-fan-ve-isitici,Existing CM Trackers-Found,,,,,
CLIENT_X.bg,Essential cookies (exempt from consent),CLIENT_X - Bulgaria,HTTP Cookie,com.adobe.alloy.getTld,,session,,https://www.CLIENT_X.com.tr/a-w/about/news/all-news.html,New Third Party Trackers,,,,,
CLIENT_X.com.mx,Essential cookies (exempt from consent),CLIENT_X - Mexico,HTTP Cookie,_ym_visorc,,bench_update_duration,TRUE,https://www.CLIENT_X.com.tr/a-w/about,Existing CM Trackers-Found,,,,,
www.CLIENT_X.com.gh,Essential cookies (exempt from consent),CLIENT_X - Ghana,HTTP Cookie,kampyleUserPercentile,,session,TRUE,https://www.CLIENT_X.com.tr/,Existing CM Trackers-Found,,,,,
www.CLIENT_X.bg,Essential cookies (exempt from consent),CLIENT_X - Bulgaria,HTTP Cookie,AWSELBCORS,,bench_update_duration,TRUE,https://www.CLIENT_X.com.tr/,Existing CM Trackers-Found,,,,,
CLIENT_X.com.tr,Essential cookies (exempt from consent),CLIENT_X - Turkey,HTTP Cookie,_fbp,,bench_update_duration,,https://www.CLIENT_X.com.tr/healthcare,New Third Party Trackers,,,,,
www.CLIENT_X.com.kw,Essential cookies (exempt from consent),CLIENT_X - Kuwait,HTTP Cookie,p-hc-specialty,,bench_update_duration,,,Existing CM Trackers-Not Found,,,,,
*.mktoweb.com,Targeted Advertising cookies (including social media),Marketo,JavaScript,bench_new_T2_13261,,,,,Existing CM Trackers-Not Found,,,,,
www.crsc.CLIENT_X.com,Targeted Advertising cookies (including social media),Koninklijke CLIENT_X N.V.,JavaScript,bench_new_T2_13236,,,TRUE,https://www.CLIENT_X.com.tr/shop/order-search/search-input,Existing CM Trackers-Found,,,,,
www.CLIENT_X.co.uk,Essential cookies (exempt from consent),CLIENT_X - United Kingdom,HTTP Cookie,mdLogger,,,TRUE,https://www.CLIENT_X.com.tr/c-e/ho/cooking/airfryer-7000-serisi-xxl.html,Existing CM Trackers-Found,,,,,
lighting.CLIENT_X.it,Essential cookies (exempt from consent),Signify (formerly CLIENT_X Lighting),HTTP Cookie,com.adobe.alloy.getTld,,bench_update_duration,,,Existing CM Trackers-Not Found,,,,,
www.CLIENT_X.com.gh,Essential cookies (exempt from consent),CLIENT_X - Ghana,HTTP Cookie,RT,,,,,Existing CM Trackers-Not Found,,,,,
CLIENT_X.112.2o7.net,Performance cookies,"Adobe Audience Manager, Adobe Experience Cloud",HTTP Cookie,bench_new_T2_13308,,400,,https://www.CLIENT_X.com.tr/,New Third Party Trackers,,,,,
CLIENT_X.jo,Essential cookies (exempt from consent),CLIENT_X - Jordan,HTTP Cookie,_gid,,,,,Existing CM Trackers-Not Found,,,,,
lighting.CLIENT_X.com.tr,Performance cookies,Signify (formerly CLIENT_X Lighting),HTTP Cookie,bench_new_T2_13353,,,,,Existing CM Trackers-Not Found,,,,,
cdn.channelsight.com,Essential cookies,ChannelSight,ETag,bench_new_T2_13367,,,TRUE,https://www.CLIENT_X.com.tr/c-e/ho/cooking/airfryer-7000-serisi-xxl.html,Existing CM Trackers-Found,,,,,
www.lighting.CLIENT_X.com.tr,Essential cookies,Signify (formerly CLIENT_X Lighting),HTTP Cookie,bench_new_T2_13256,,,,,Existing CM Trackers-Not Found,,,,,
CLIENT_X.com.qa,Essential cookies (exempt from consent),CLIENT_X - Qatar,HTTP Cookie,_gcl_au,,,,,Existing CM Trackers-Not Found,,,,,
www.google.com,Targeted Advertising cookies (including social media),Google Inc.,Beacon,_ga_failed_lookup_marker_66_1679,,,TRUE,https://www.CLIENT_X.com.tr/,Existing CM Trackers-Found,,,,,
CLIENT_X.pt,Essential cookies (exempt from consent),CLIENT_X - Portugal,HTTP Cookie,_tt_enable_cookie,,bench_update_duration,TRUE,https://www.CLIENT_X.com.tr/c-e/ho/uetueleme/descale-steam-generators,Existing CM Trackers-Found,,,,,
www.lighting.CLIENT_X.ng,Essential cookies (exempt from consent),Signify (formerly CLIENT_X Lighting),HTTP Cookie,s_sid,,bench_update_duration,TRUE,https://www.CLIENT_X.com.tr/a-w/about,Existing CM Trackers-Found,,,,,
www.CLIENT_X.lt,Essential cookies (exempt from consent),CLIENT_X - Lithuania,HTTP Cookie,kampyleUserSession,,bench_update_duration,,https://www.CLIENT_X.com.tr/,Existing CM Trackers-Found,,,,,
CLIENT_X.rs,Essential cookies (exempt from consent),CLIENT_X - Serbia,HTTP Cookie,_scid,,,TRUE,https://www.CLIENT_X.com.tr/c-e/ho/cooking/airfryer-7000-serisi-xxl.html,Existing CM Trackers-Found,,,,,
snap.licdn.com,Performance cookies,LinkedIn,JavaScript,_ga_failed_lookup_marker_66_1684,,,TRUE,https://www.CLIENT_X.com.tr/c-e/ho/cooking/airfryer-7000-serisi-xxl.html,Existing CM Trackers-Found,,,,,
www.CLIENT_X.fr,Essential cookies (exempt from consent),CLIENT_X - France,ETag,blank (etag),,,TRUE,https://www.CLIENT_X.com.tr/c-e/ho/cooking/airfryer-7000-serisi-xxl.html,Existing CM Trackers-Found,,,,,
CLIENT_X.sa,Essential cookies (exempt from consent),CLIENT_X - Kingdom of Saudi Arabia,HTTP Cookie,internalUserCheck,,,TRUE,https://www.CLIENT_X.com.tr/,Existing CM Trackers-Found,,,,,
www.CLIENT_X.ng,Essential cookies (exempt from consent),CLIENT_X - Nigeria,HTTP Cookie,p-hc-catg,,bench_update_duration,TRUE,https://www.CLIENT_X.com.tr/,Existing CM Trackers-Found,,,,,
CLIENT_X.co.kr,Essential cookies (exempt from consent),CLIENT_X - Korea,HTTP Cookie,notice_behavior,,,,,Existing CM Trackers-Not Found,,,,,
www.CLIENT_X.co.th,Essential cookies (exempt from consent),CLIENT_X - Thailand,HTTP Cookie,fl_qualified_entry,,bench_update_duration,TRUE,https://www.CLIENT_X.com.tr/c-p/AMF870_15/air-performer-8000-serisi-3-1-arada-hava-temizleyici-fan-ve-isitici,Existing CM Trackers-Found,,,,,
www.respirtech.com,Essential cookies (exempt from consent),RespirTech,HTTP Cookie,mdLogger,,bench_update_duration,,,Existing CM Trackers-Not Found,,,,,
*.fls.doubleclick.net,Targeted Advertising cookies (including social media),Google Advertising Products,Beacon,bench_new_T2_13223,,,,,Existing CM Trackers-Not Found,,,,,
www.ledsavingscalculator.CLIENT_X.co.uk,Performance cookies,Signify (formerly CLIENT_X Lighting),ETag,_ga_failed_lookup_marker_66_1692,,,,,Existing CM Trackers-Not Found,,,,,
CLIENT_X.bg,Essential cookies (exempt from consent),CLIENT_X - Bulgaria,HTTP Cookie,s_pv,,89,TRUE,https://www.CLIENT_X.com.tr/,Existing CM Trackers-Found,,,,,
www.CLIENT_X.com.pk,Essential cookies (exempt from consent),CLIENT_X - Pakistan,HTTP Cookie,kampyleSessionPageCounter,,bench_update_duration,,,Existing CM Trackers-Not Found,,,,,
CLIENT_X.co.nz,Essential cookies (exempt from consent),CLIENT_X - New Zealand,HTTP Cookie,TAsessionID,,,TRUE,https://www.CLIENT_X.com.tr/c-w/tuketici-urunleri-destek/support-contact-page.html,Existing CM Trackers-Found,,,,,
CLIENT_X.co.kr,Essential cookies (exempt from consent),CLIENT_X - Korea,HTTP Cookie,li_cm_prefs_session,,bench_update_duration,,,Existing CM Trackers-Not Found,,,,,
CLIENT_X.si,Essential cookies (exempt from consent),CLIENT_X - Slovenia,HTTP Cookie,_scid,,0,TRUE,https://www.CLIENT_X.com.tr/,Existing CM Trackers-Found,,,,,
www.CLIENT_X.com.tr,Essential cookies,CLIENT_X - Turkey,HTTP Cookie,_ga_failed_lookup_marker_66_1698,,0,TRUE,https://www.CLIENT_X.com.tr/c-p/AMF870_15/air-performer-8000-serisi-3-1-arada-hava-temizleyici-fan-ve-isitici,Existing CM Trackers-Found,,,,,
www.CLIENT_X.com.co,Essential cookies (exempt from consent),CLIENT_X - Colombia,HTTP Cookie,kampyleSessionPageCounter,,bench_update_duration,TRUE,https://www.CLIENT_X.com.tr/healthcare/about/distributors,Existing CM Trackers-Found,,,,,
CLIENT_X.se,Essential cookies (exempt from consent),CLIENT_X - Sweden,HTTP Cookie,TAsessionID,,bench_update_duration,TRUE,https://www.CLIENT_X.com.tr/,Existing CM Trackers-Found,,,,,
www.CLIENT_X.de,Essential cookies (exempt from consent),CLIENT_X - Germany,HTTP Cookie,T01-recentlyViewedProducts,,,,,Existing CM Trackers-Not Found,,,,,
www.CLIENT_X.com.ar,Essential cookies (exempt from consent),CLIENT_X - Argentina,HTTP Cookie,test,,bench_update_duration,,https://www.CLIENT_X.com.tr/c-p/AMF870_15/air-performer-8000-serisi-3-1-arada-hava-temizleyici-fan-ve-isitici,New First Party Trackers,,,,,
X.XXX-XX-XXX.salesforceliveagent.com,Targeted Advertising Cookies (including social media) [Requires consent],"salesforce.com, inc.",JavaScript,-,,400,TRUE,https://www.CLIENT_X.com.tr/,Existing CM Trackers-Found,,,,,
pages.information.signify.com,Performance cookies,Signify (formerly CLIENT_X Lighting),HTTP Cookie,_ga_failed_lookup_marker_66_1704,,,,,Existing CM Trackers-Not Found,,,,,
www.lighting.CLIENT_X.co.jp,Essential cookies (exempt from consent),Signify (formerly CLIENT_X Lighting),ETag,blank (etag),,,,,Existing CM Trackers-Not Found,,,,,
www.CLIENT_X.com.br,Essential cookies (exempt from consent),CLIENT_X - Brazil,HTTP Cookie,mdLogger,,bench_update_duration,TRUE,https://www.CLIENT_X.com.tr/,Existing CM Trackers-Found,,,,,
CLIENT_X.es,Essential cookies (exempt from consent),CLIENT_X - Spain,HTTP Cookie,at_check,,bench_update_duration,TRUE,https://www.CLIENT_X.com.tr/,Existing CM Trackers-Found,,,,,
supurgesepeti.com,Essential cookies,Supurgesepeti.com,HTTP Cookie,_ga_failed_lookup_marker_66_1708,,,,,Existing CM Trackers-Not Found,,,,,
widget-cdn.janraincapture.com,Performance cookies,Akamai,ETag,bench_new_T2_13312,,,,,Existing CM Trackers-Not Found,,,,,
static.hotjar.com,Performance cookies,Hotjar,ETag,bench_new_T2_13287,,,,,Existing CM Trackers-Not Found,,,,,
www.CLIENT_X.ro,Essential cookies (exempt from consent),CLIENT_X - Romania,HTTP Cookie,gtm_mouseflow_session_inscope,,bench_update_duration,,https://www.CLIENT_X.com.tr/c-p/SPT6607B_62/6000-series-kablosuz-klavye-fare-seti,Existing CM Trackers-Found,,,,,
CLIENT_X.si,Essential cookies (exempt from consent),CLIENT_X - Slovenia,HTTP Cookie,_gid,,bench_update_duration,,,Existing CM Trackers-Not Found,,,,,
www.CLIENT_X.dk,Essential cookies (exempt from consent),CLIENT_X - Denmark,HTTP Cookie,kampyle_userid,,,,https://www.CLIENT_X.com.tr/c-w/tuketici-urunleri-destek/support-contact-page.html,New Third Party Trackers,,,,,
ad.doubleclick.net,Targeted Advertising cookies (including social media),Google Advertising Products,Beacon,bench_new_T2_13323,,,TRUE,https://www.CLIENT_X.com.tr/,Existing CM Trackers-Found,,,,,
www.CLIENT_X.ae,Essential cookies (exempt from consent),CLIENT_X - Middle East Arab,Beacon,blank (beacon),,,,,Existing CM Trackers-Not Found,,,,,
CLIENT_X.com.cn,Essential cookies (exempt from consent),CLIENT_X - China,HTTP Cookie,_gcl_au,,,,,Existing CM Trackers-Not Found,,,,,
CLIENT_X.pt,Essential cookies (exempt from consent),CLIENT_X - Portugal,HTTP Cookie,s_eVar44,,bench_update_duration,,,Existing CM Trackers-Not Found,,,,,
www.CLIENT_X.si,Essential cookies (exempt from consent),CLIENT_X - Slovenia,HTTP Cookie,p-gc35,,bench_update_duration,,,Existing CM Trackers-Not Found,,,,,
lighting.CLIENT_X.com.tr,Essential cookies,Signify (formerly CLIENT_X Lighting),HTTP Cookie,_ga_failed_lookup_marker_66_1719,,,,,Existing CM Trackers-Not Found,,,,,
criteo-sync.teads.tv,Targeted Advertising Cookies (including social media) [Requires consent],Teads France SAS,Beacon,-,,,,,Existing CM Trackers-Not Found,,,,,
CLIENT_X.co.jp,Essential cookies (exempt from consent),CLIENT_X Electronics Corporation Japan,HTTP Cookie,s_vtime,,,TRUE,https://www.CLIENT_X.com.tr/shop/order-search/search-input,Existing CM Trackers-Found,,,,,
www.CLIENT_X.com.hk,Essential cookies (exempt from consent),CLIENT_X - Hong Kong,Beacon,blank (beacon),,bench_update_duration,,,Existing CM Trackers-Not Found,,,,,
www.lighting.CLIENT_X.co.kr,Essential cookies (exempt from consent),Signify (formerly CLIENT_X Lighting),HTTP Cookie,AWSELB,,0,,,Existing CM Trackers-Not Found,,,,,
www.CLIENT_X.com.sg,Essential cookies (exempt from consent),CLIENT_X - Singapore,HTTP Cookie,user_country,,bench_update_duration,,https://www.CLIENT_X.com.tr/,New First Party Trackers,,,,,
imgs.signifyd.com,Essential cookies,Signifyd,HTTP Cookie,bench_new_T2_13291,,390,TRUE,https://www.CLIENT_X.com.tr/,Existing CM Trackers-Found,,,,,
CLIENT_X.sk,Essential cookies (exempt from consent),CLIENT_X - Slovakia,HTTP Cookie,s_nrpv,,,,,Existing CM Trackers-Not Found,,,,,
CLIENT_X.co.th,Essential cookies (exempt from consent),CLIENT_X - Thailand,HTTP Cookie,FPID,,,,,Existing CM Trackers-Not Found,,,,,
tst.CLIENT_X.si,Essential cookies (exempt from consent),CLIENT_X - Slovenia,ETag,blank (etag),,,,,Existing CM Trackers-Not Found,,,,,
maponline3.bdimg.com,Performance Cookies [Requires consent],Baidu,ETag,-,,bench_update_duration,,,Existing CM Trackers-Not Found,,,,,
CLIENT_X.nl,Essential cookies (exempt from consent),CLIENT_X - Netherlands,HTTP Cookie,s_tid,,bench_update_duration,,,Existing CM Trackers-Not Found,,,,,
CLIENT_X.jo,Essential cookies (exempt from consent),CLIENT_X - Jordan,HTTP Cookie,s_nrpv,,bench_update_duration,,,Existing CM Trackers-Not Found,,,,,
www.CLIENT_X.co.uk,Essential cookies (exempt from consent),CLIENT_X - United Kingdom,HTTP Cookie,UK_Pub-cartstatus-com,,,,,Existing CM Trackers-Not Found,,,,,
CLIENT_X.com.ph,Essential cookies (exempt from consent),CLIENT_X - Philippines,HTTP Cookie,FPID,,,,,Existing CM Trackers-Not Found,,,,,
b.t.tailtarget.com,Targeted Advertising Cookies (including social media) [Requires consent],Tail Target,JavaScript,-,,bench_update_duration,TRUE,https://www.CLIENT_X.com.tr/c-p/AMF870_15/air-performer-8000-serisi-3-1-arada-hava-temizleyici-fan-ve-isitici,Existing CM Trackers-Found,,,,,
lighting.CLIENT_X.co.in,Essential cookies (exempt from consent),Signify (formerly CLIENT_X Lighting),HTTP Cookie,s_nr30,,,TRUE,https://www.CLIENT_X.com.tr/c-p/AC3033_10/3000i-series-hava-temizleyici,Existing CM Trackers-Found,,,,,
www.lighting.CLIENT_X.hu,Essential cookies (exempt from consent),CLIENT_X - Hungary,HTTP Cookie,s_mc,,bench_update_duration,,,Existing CM Trackers-Not Found,,,,,
CLIENT_X.ua,Essential cookies (exempt from consent),CLIENT_X - Ukraine,HTTP Cookie,s_vtime,,,,,Existing CM Trackers-Not Found,,,,,
www.CLIENT_X.fi,Essential cookies (exempt from consent),CLIENT_X - Finland,HTTP Cookie,kampyleUserPercentile,,bench_update_duration,TRUE,https://www.CLIENT_X.com.tr/,Existing CM Trackers-Found,,,,,
CLIENT_X.com.pk,Essential cookies (exempt from consent),CLIENT_X - Pakistan,HTTP Cookie,_gdXXX,,session,,,Existing CM Trackers-Not Found,,,,,
CLIENT_Xb2c.my.site.com,Performance cookies,"Salesforce.com, Inc.",ETag,bench_new_T2_13351,,,TRUE,https://www.CLIENT_X.com.tr/c-w/tuketici-urunleri-destek/support-contact-page.html,Existing CM Trackers-Found,,,,,
script.hotjar.com,Targeted Advertising cookies (including social media),Hotjar,ETag,_ga_failed_lookup_marker_66_1741,,,,,Existing CM Trackers-Not Found,,,,,
CLIENT_X.co.id,Essential cookies (exempt from consent),CLIENT_X - Indonesia,HTTP Cookie,_hjTLDTest,,bench_update_duration,TRUE,https://www.CLIENT_X.com.tr/,Existing CM Trackers-Found,,,,,
CLIENT_X.jo,Essential cookies (exempt from consent),CLIENT_X - Jordan,HTTP Cookie,FPLC,,bench_update_duration,,,Existing CM Trackers-Not Found,,,,,
www.CLIENT_X.co.uk,Essential cookies (exempt from consent),CLIENT_X - United Kingdom,JavaScript,blank (java),,,,,Existing CM Trackers-Not Found,,,,,
acc.CLIENT_X.ro,Essential cookies (exempt from consent),CLIENT_X - Romania,JavaScript,blank (java),,180,,https://www.CLIENT_X.com.tr/healthcare/clinical-solutions/early-warning-scoring,New Third Party Trackers,,,,,
www.CLIENT_X.se,Essential cookies (exempt from consent),CLIENT_X - Sweden,HTTP Cookie,AWSELBCORS,,bench_update_duration,,,Existing CM Trackers-Not Found,,,,,
CLIENT_X.co.nz,Essential cookies (exempt from consent),CLIENT_X - New Zealand,HTTP Cookie,s_eVar8,,400,TRUE,https://www.CLIENT_X.com.tr/,Existing CM Trackers-Found,,,,,
www.CLIENT_X.se,Essential cookies (exempt from consent),CLIENT_X - Sweden,HTTP Cookie,kampyleUserPercentile,,0,TRUE,https://www.CLIENT_X.com.tr/,Existing CM Trackers-Found,,,,,
CLIENT_X.com.br,Essential cookies (exempt from consent),CLIENT_X - Brazil,HTTP Cookie,TEST_AMCV_COOKIE_WRITE,,180,TRUE,https://www.CLIENT_X.com.tr/healthcare/clinical-solutions/early-warning-scoring,Existing CM Trackers-Found,,,,,
www.healthcare.shop.CLIENT_X.it,Essential cookies (exempt from consent),CLIENT_X - Italy,HTTP Cookie,isBrowserPopUp,,bench_update_duration,,,Existing CM Trackers-Not Found,,,,,
www.lighting.CLIENT_X.co.th,Essential cookies (exempt from consent),Signify (formerly CLIENT_X Lighting),ETag,blank (etag),,,,,Existing CM Trackers-Not Found,,,,,
event.webcollage.net,Targeted Advertising Cookies (including social media) [Requires consent],Syndigo (formerly Webcollage),ETag,-,,bench_update_duration,,,Existing CM Trackers-Not Found,,,,,
CLIENT_X.fr,Essential cookies (exempt from consent),CLIENT_X - France,HTTP Cookie,com.adobe.alloy.getTld,,,,,Existing CM Trackers-Not Found,,,,,
CLIENT_X.ro,Essential cookies (exempt from consent),CLIENT_X - Romania,HTTP Cookie,_gid,,,,,Existing CM Trackers-Not Found,,,,,
CLIENT_X.co.id,Essential cookies (exempt from consent),CLIENT_X - Indonesia,HTTP Cookie,_gid,,,,https://www.CLIENT_X.com.tr/c-m-pe/hair-removal,New Third Party Trackers,,,,,
CLIENT_X.no,Essential cookies (exempt from consent),CLIENT_X - Norway,HTTP Cookie,zScalerUser,,,,,Existing CM Trackers-Not Found,,,,,
www.lighting.CLIENT_X.ch,Essential cookies (exempt from consent),Signify (formerly CLIENT_X Lighting),HTTP Cookie,customer_language_accept,,bench_update_duration,,,Existing CM Trackers-Not Found,,,,,
doubleclick.net,Targeted Advertising cookies (including social media),Google Advertising Products,HTTP Cookie,_ga_failed_lookup_marker_66_1758,,0,TRUE,https://www.CLIENT_X.com.tr/,Existing CM Trackers-Found,,,,,
www.CLIENT_X.co.kr,Essential cookies (exempt from consent),CLIENT_X - Korea,ETag,blank (etag),,,,https://www.CLIENT_X.com.tr/a-w/tanimlama-bilgileri-politikasi,New Third Party Trackers,,,,,
CLIENT_X.gr,Essential cookies (exempt from consent),CLIENT_X - Greece,HTTP Cookie,_gid,,,,,Existing CM Trackers-Not Found,,,,,
CLIENT_X.com.kw,Essential cookies (exempt from consent),CLIENT_X - Kuwait,HTTP Cookie,at_check,,bench_update_duration,,,Existing CM Trackers-Not Found,,,,,
CLIENT_X.gr,Essential cookies (exempt from consent),CLIENT_X - Greece,HTTP Cookie,_fbp,,bench_update_duration,TRUE,https://www.CLIENT_X.com.tr/,Existing CM Trackers-Found,,,,,
CLIENT_X.com.gh,Essential cookies (exempt from consent),CLIENT_X - Ghana,HTTP Cookie,s_cm,,,,,Existing CM Trackers-Not Found,,,,,
supurgesepeti.com,Essential cookies,Supurgesepeti.com,HTTP Cookie,_ga_failed_lookup_marker_66_1764,,,,,Existing CM Trackers-Not Found,,,,,
CLIENT_X.ro,Essential cookies (exempt from consent),CLIENT_X - Romania,HTTP Cookie,s_pv,,bench_update_duration,,,Existing CM Trackers-Not Found,,,,,
www.CLIENT_X.com.au,Essential cookies (exempt from consent),CLIENT_X - Australia,HTTP Cookie,kampyleUserPercentile,,bench_update_duration,,,Existing CM Trackers-Not Found,,,,,
www.CLIENT_X.ua,Essential cookies (exempt from consent),CLIENT_X - Ukraine,HTTP Cookie,ROUTE,,bench_update_duration,TRUE,https://www.CLIENT_X.com.tr/,Existing CM Trackers-Found,,,,,
www.lighting.CLIENT_X.ie,Essential cookies (exempt from consent),Signify (formerly CLIENT_X Lighting),HTTP Cookie,AWSELBCORS,,bench_update_duration,,,Existing CM Trackers-Not Found,,,,,
www.CLIENT_X.com.co,Essential cookies (exempt from consent),CLIENT_X - Colombia,HTTP Cookie,liveagent_ptid,,bench_update_duration,,,Existing CM Trackers-Not Found,,,,,
*.mktoweb.com,Targeted Advertising cookies (including social media),Marketo,JavaScript,bench_new_T2_13215,,,,,Existing CM Trackers-Not Found,,,,,
www.patientcare.shop.CLIENT_X.co.in,Essential cookies (exempt from consent),CLIENT_X - India,HTTP Cookie,mdLogger,,,,,Existing CM Trackers-Not Found,,,,,
respirtech.com,Essential cookies (exempt from consent),RespirTech,HTTP Cookie,__utmt,,bench_update_duration,TRUE,https://www.CLIENT_X.com.tr/,Existing CM Trackers-Found,,,,,
s2.go-mpulse.net,Performance cookies,Akamai,JavaScript,bench_new_T2_13356,,,TRUE,https://www.CLIENT_X.com.tr/,Existing CM Trackers-Found,,,,,
assets-v2.yieldify.com,Targeted Advertising cookies (including social media),Yieldify,ETag,bench_new_T2_13224,,,,,Existing CM Trackers-Not Found,,,,,
www.CLIENT_X.com.mx,Essential cookies (exempt from consent),CLIENT_X - Mexico,HTTP Cookie,eddl_gtm_qe_session_start_6523424625,,400,TRUE,https://www.CLIENT_X.com.tr/,Existing CM Trackers-Found,,,,,
acc.CLIENT_X.ru,Essential cookies (exempt from consent),CLIENT_X - Russia,JavaScript,blank (java),,bench_update_duration,TRUE,https://www.CLIENT_X.com.tr/,Existing CM Trackers-Found,,,,,
snapchat.com,Targeted Advertising cookies (including social media),Snap Inc.,HTTP Cookie,bench_new_T2_13352,,390,TRUE,https://www.CLIENT_X.com.tr/c-e/ho/cooking/airfryer-7000-serisi-xxl.html,Existing CM Trackers-Found,,,,,
CLIENT_Xb2c.my.site.com,Performance cookies,"Salesforce.com, Inc.",Local Storage,_ga_failed_lookup_marker_66_1778,,,TRUE,https://www.CLIENT_X.com.tr/c-w/tuketici-urunleri-destek/support-contact-page.html,Existing CM Trackers-Found,,,,,
CLIENT_X.co.id,Essential cookies (exempt from consent),CLIENT_X - Indonesia,HTTP Cookie,mboxEdgeCluster,,bench_update_duration,,,Existing CM Trackers-Not Found,,,,,
dotz.com.br,Targeted Advertising Cookies (including social media) [Requires consent],Companhia Brasileira de Soluï¿½ï¿½es de Marketing,HTTP Cookie,__cf_bm,,bench_update_duration,,,Existing CM Trackers-Not Found,,,,,
www.lighting.CLIENT_X.com.co,Essential cookies (exempt from consent),Signify (formerly CLIENT_X Lighting),HTTP Cookie,CLIENT_X,,,TRUE,https://www.CLIENT_X.com.tr/c-e/ho/cooking/airfryer-7000-serisi-xxl.html,Existing CM Trackers-Found,,,,,
www.CLIENT_X.com.co,Essential cookies (exempt from consent),CLIENT_X - Colombia,HTTP Cookie,_schn3,,bench_update_duration,TRUE,https://www.CLIENT_X.com.tr/shop/order-search/search-input,Existing CM Trackers-Found,,,,,
*.t.eloqua.com,Performance cookies,Oracle Marketing,JavaScript,bench_new_T2_13227,,,,https://www.CLIENT_X.com.tr/healthcare/education-resources/education-training,New Third Party Trackers,,,,,
lighting.CLIENT_X.lt,Essential cookies (exempt from consent),Signify (formerly CLIENT_X Lighting),HTTP Cookie,_mkto_trk,,bench_update_duration,,,Existing CM Trackers-Not Found,,,,,
www.shop.CLIENT_X.lv,Performance Cookies [Requires consent],CLIENT_X - Latvia,ETag,-,,bench_update_duration,TRUE,https://www.CLIENT_X.com.tr/a-w/about,Existing CM Trackers-Found,,,,,
stg.CLIENT_X.ro,Essential cookies (exempt from consent),CLIENT_X - Romania,HTTP Cookie,_y2,,7,,https://www.CLIENT_X.com.tr/c-p/AMF870_15/air-performer-8000-serisi-3-1-arada-hava-temizleyici-fan-ve-isitici,New First Party Trackers,,,,,
www.lighting.CLIENT_X.fi,Essential cookies (exempt from consent),Signify (formerly CLIENT_X Lighting),HTTP Cookie,customer_language_accept,,bench_update_duration,TRUE,https://www.CLIENT_X.com.tr/healthcare,Existing CM Trackers-Found,,,,,
www.CLIENT_X.com.tr,Essential cookies (exempt from consent),CLIENT_X - Turkey,HTTP Cookie,kampyleSessionPageCounter,,,,https://www.CLIENT_X.com.tr/c-e/shop/checkout,New Third Party Trackers,,,,,
www.usa.CLIENT_X.com,Essential cookies (exempt from consent),Koninklijke CLIENT_X N.V.,HTTP Cookie,p-hc-specialty,,,,,Existing CM Trackers-Not Found,,,,,
CLIENT_X.co.uk,Essential cookies (exempt from consent),CLIENT_X - United Kingdom,HTTP Cookie,_tt_enable_cookie,,bench_update_duration,TRUE,https://www.CLIENT_X.com.tr/,Existing CM Trackers-Found,,,,,
www.CLIENT_X.co.ke,Essential cookies (exempt from consent),CLIENT_X - Kenya,JavaScript,blank (java),,bench_update_duration,TRUE,https://www.CLIENT_X.com.tr/healthcare/solutions/clinical-informatics/clinical-informatics-enterprise-imaging/intellispace-portal,Existing CM Trackers-Found,,,,,
lighting.CLIENT_X.dk,Essential cookies (exempt from consent),Signify (formerly CLIENT_X Lighting),HTTP Cookie,com.adobe.alloy.getTld,,,,,Existing CM Trackers-Not Found,,,,,
CLIENT_X.nl,Essential cookies (exempt from consent),CLIENT_X - Netherlands,HTTP Cookie,com.adobe.alloy.getTld,,180,TRUE,https://www.CLIENT_X.com.tr/healthcare/clinical-solutions/early-warning-scoring,Existing CM Trackers-Found,,,,,
www.lighting.CLIENT_X.com.br,Essential cookies (exempt from consent),Signify (formerly CLIENT_X Lighting),HTTP Cookie,AWSELB,,0,TRUE,https://www.CLIENT_X.com.tr/,Existing CM Trackers-Found,,,,,
acc.usa.CLIENT_X.com,Essential cookies (exempt from consent),Koninklijke CLIENT_X N.V.,HTTP Cookie,__attentive_dv,,,,,Existing CM Trackers-Not Found,,,,,
www.CLIENT_X.ee,Essential cookies (exempt from consent),CLIENT_X - Republic of Estonia,Local Storage,blank (local storage),,bench_update_duration,,https://www.CLIENT_X.com.tr/c-f/XC000021443/CLIENT_X-vantilat%C3%B6r%C3%BCm-sal%C4%B1n%C4%B1m-yaparken-al%C4%B1%C5%9F%C4%B1lmad%C4%B1k-bir-ses-%C3%A7%C4%B1kar%C4%B1yor,New Third Party Trackers,,,,,
master--CLIENT_Xmx.myvtex.com,Performance Cookies [Requires consent],VTEX,ETag,-,,bench_update_duration,,,Existing CM Trackers-Not Found,,,,,
CLIENT_X.pl,Essential cookies (exempt from consent),CLIENT_X - Poland,HTTP Cookie,com.adobe.alloy.getTld,,bench_update_duration,,,Existing CM Trackers-Not Found,,,,,
www.centralamerica.CLIENT_X.com,Essential cookies (exempt from consent),Koninklijke CLIENT_X N.V.,HTTP Cookie,kampyleUserSessionsCount,,bench_update_duration,TRUE,https://www.CLIENT_X.com.tr/shop/order-search/search-input,Existing CM Trackers-Found,,,,,
www.accounts.CLIENT_X.ru,Essential cookies (exempt from consent),CLIENT_X - Russia,HTTP Cookie,_csrf_token,,0,TRUE,https://www.CLIENT_X.com.tr/,Existing CM Trackers-Found,,,,,
www.subscription.CLIENT_X.be,Essential cookies (exempt from consent),CLIENT_X - Belgium,JavaScript,blank (java),,session,,,Existing CM Trackers-Not Found,,,,,
www.youtube-nocookie.com,Preference cookies,Google Inc.,Local Storage,yt-remote-session-app,,Session,,,Existing CM Trackers-Not Found,,,,,
cdn.ampproject.org,Performance Cookies [Requires consent],AMP,ETag,-,,bench_update_duration,,,Existing CM Trackers-Not Found,,,,,
CLIENT_X.cl,Essential cookies (exempt from consent),CLIENT_X - Chile,HTTP Cookie,_ga,,0,,https://www.CLIENT_X.com.tr/c-p/AMF870_15/air-performer-8000-serisi-3-1-arada-hava-temizleyici-fan-ve-isitici,New First Party Trackers,,,,,
www.CLIENT_X.com,Performance Cookies [Requires consent],Koninklijke CLIENT_X N.V.,JavaScript,-,,bench_update_duration,TRUE,https://www.CLIENT_X.com.tr/healthcare/clinical-solutions/early-warning-scoring,Existing CM Trackers-Found,,,,,
tremorhub.com,Targeted Advertising cookies (including social media),"Magnite CTV, Inc.",HTTP Cookie,bench_new_T2_13394,,400,TRUE,https://www.CLIENT_X.com.tr/a-w/about,Existing CM Trackers-Found,,,,,
www.CLIENT_X.ee,Essential cookies (exempt from consent),CLIENT_X - Republic of Estonia,HTTP Cookie,kampyleUserPercentile,,,,,Existing CM Trackers-Not Found,,,,,
CLIENT_X.co.ke,Essential cookies (exempt from consent),CLIENT_X - Kenya,HTTP Cookie,FPID,,bench_update_duration,,,Existing CM Trackers-Not Found,,,,,
acc.CLIENT_X.com.kw,Essential cookies (exempt from consent),CLIENT_X - Kuwait,JavaScript,blank (java),,bench_update_duration,,https://www.CLIENT_X.com.tr/c-f/XC000021443/CLIENT_X-vantilat%C3%B6r%C3%BCm-sal%C4%B1n%C4%B1m-yaparken-al%C4%B1%C5%9F%C4%B1lmad%C4%B1k-bir-ses-%C3%A7%C4%B1kar%C4%B1yor,New Third Party Trackers,,,,,
www.CLIENT_X.com.my,Essential cookies (exempt from consent),CLIENT_X - Malaysia,HTTP Cookie,T01-recentlyViewedProducts,,,,https://www.CLIENT_X.com.tr/c-m-pe/hair-removal,New Third Party Trackers,,,,,
www.CLIENT_X.lt,Essential cookies (exempt from consent),CLIENT_X - Lithuania,HTTP Cookie,kampyle_userid,,,,,Existing CM Trackers-Not Found,,,,,
beacon.speedcurve.com,Performance cookies,Speedcurve,Beacon,bench_new_T2_13267,,,,https://www.CLIENT_X.com.tr/c-e/ho/cooking/elektrikli-akilli-duduklu-tencere-3000-serisi.html,New Third Party Trackers,,,,,
CLIENT_X.ie,Essential cookies (exempt from consent),CLIENT_X - Ireland,HTTP Cookie,_schn1,,,,,Existing CM Trackers-Not Found,,,,,
cdn.mouseflow.com,Performance cookies,Mouseflow,JavaScript,_ga_failed_lookup_marker_66_1814,,,,https://www.CLIENT_X.com.tr/c-m-pe/hair-removal,New Third Party Trackers,,,,,
CLIENT_X.co.id,Essential cookies (exempt from consent),CLIENT_X - Indonesia,HTTP Cookie,s_nrpv,,bench_update_duration,,,Existing CM Trackers-Not Found,,,,,
www.lighting.CLIENT_X.co.uk,Essential cookies (exempt from consent),Signify (formerly CLIENT_X Lighting),HTTP Cookie,customer_language_accept,,bench_update_duration,TRUE,https://www.CLIENT_X.com.tr/c-p/AMF870_15/air-performer-8000-serisi-3-1-arada-hava-temizleyici-fan-ve-isitici,Existing CM Trackers-Found,,,,,
www.tienda.CLIENT_X.com.mx,Essential cookies (exempt from consent),CLIENT_X - Mexico,Local Storage,blank (local storage),,bench_update_duration,,,Existing CM Trackers-Not Found,,,,,
CLIENT_X.jo,Essential cookies (exempt from consent),CLIENT_X - Jordan,HTTP Cookie,s_cc,,bench_update_duration,,,Existing CM Trackers-Not Found,,,,,
www.CLIENT_X.ua,Essential cookies (exempt from consent),CLIENT_X - Ukraine,HTTP Cookie,ws-active-shop,,bench_update_duration,,,Existing CM Trackers-Not Found,,,,,
www.CLIENT_X.sa,Essential cookies (exempt from consent),CLIENT_X - Kingdom of Saudi Arabia,HTTP Cookie,_sdsat_pgm_optin,,bench_update_duration,TRUE,https://www.CLIENT_X.com.tr/,Existing CM Trackers-Found,,,,,
www.lighting.CLIENT_X.ch,Essential cookies (exempt from consent),Signify (formerly CLIENT_X Lighting),HTTP Cookie,s_mc,,bench_update_duration,TRUE,https://www.CLIENT_X.com.tr/c-p/AMF870_15/air-performer-8000-serisi-3-1-arada-hava-temizleyici-fan-ve-isitici,Existing CM Trackers-Found,,,,,
lighting.CLIENT_X.com.tr,Essential cookies,Signify (formerly CLIENT_X Lighting),HTTP Cookie,bench_new_T2_13316,,,,,Existing CM Trackers-Not Found,,,,,
CLIENT_X.efmfeedback.com,Performance Cookies [Requires consent],Verint Systems Inc.,ETag,-,,bench_update_duration,,,Existing CM Trackers-Not Found,,,,,
*.mktoweb.com,Targeted Advertising cookies (including social media),Marketo,Local Storage,bench_new_T2_13355,,,,,Existing CM Trackers-Not Found,,,,,
CLIENT_X.com.tr,Essential cookies (exempt from consent),CLIENT_X - Turkey,HTTP Cookie,iadvize_test_cookie_top_domain,,bench_update_duration,TRUE,https://www.CLIENT_X.com.tr/a-w/about,Existing CM Trackers-Found,,,,,
lighting.CLIENT_X.cl,Essential cookies (exempt from consent),Signify (formerly CLIENT_X Lighting),HTTP Cookie,_mkto_trk,,,,,Existing CM Trackers-Not Found,,,,,
CLIENT_X.com.hk,Essential cookies (exempt from consent),CLIENT_X - Hong Kong,HTTP Cookie,s_nrpv,,,,,Existing CM Trackers-Not Found,,,,,
www.lighting.CLIENT_X.co.in,Essential cookies (exempt from consent),Signify (formerly CLIENT_X Lighting),HTTP Cookie,ltc_cf,,,,,Existing CM Trackers-Not Found,,,,,
www.lighting.CLIENT_X.com.ph,Essential cookies (exempt from consent),CLIENT_X - Philippines,ETag,blank (etag),,bench_update_duration,,,Existing CM Trackers-Not Found,,,,,
CLIENT_X.cz,Essential cookies (exempt from consent),CLIENT_X - Czech Republic,HTTP Cookie,_gcl_au,,bench_update_duration,,https://www.CLIENT_X.com.tr/,New Third Party Trackers,,,,,
CLIENT_X.be,Essential cookies (exempt from consent),CLIENT_X - Belgium,HTTP Cookie,_gid,,bench_update_duration,TRUE,https://www.CLIENT_X.com.tr/c-e/welcome?mag=F02&origin=20_tr_tr_mylumea_app,Existing CM Trackers-Found,,,,,
CLIENT_X.lt,Essential cookies (exempt from consent),CLIENT_X - Lithuania,HTTP Cookie,s_pv,,bench_update_duration,TRUE,https://www.CLIENT_X.com.tr/shop/order-search/search-input,Existing CM Trackers-Found,,,,,
www.CLIENT_X.com.co,Essential cookies (exempt from consent),CLIENT_X - Colombia,HTTP Cookie,liveagent_oref,,bench_update_duration,TRUE,https://www.CLIENT_X.com.tr/c-p/AMF870_15/air-performer-8000-serisi-3-1-arada-hava-temizleyici-fan-ve-isitici,Existing CM Trackers-Found,,,,,
CLIENT_X.si,Essential cookies (exempt from consent),CLIENT_X - Slovenia,HTTP Cookie,com.adobe.alloy.getTld,,bench_update_duration,,,Existing CM Trackers-Not Found,,,,,
www.tienda.CLIENT_X.cl,Essential cookies (exempt from consent),CLIENT_X - Chile,HTTP Cookie,BVImplmain_site,,bench_update_duration,,,Existing CM Trackers-Not Found,,,,,
smetrics.marketing.CLIENT_X-hue.com,Targeted Advertising Cookies (including social media) [Requires consent],CLIENT_X Hue,JavaScript,-,,bench_update_duration,,,Existing CM Trackers-Not Found,,,,,
CLIENT_X.com.mx,Essential cookies (exempt from consent),CLIENT_X - Mexico,HTTP Cookie,s_cc,,,,,Existing CM Trackers-Not Found,,,,,
CLIENT_X.si,Essential cookies (exempt from consent),CLIENT_X - Slovenia,HTTP Cookie,mboxEdgeCluster,,,TRUE,https://www.CLIENT_X.com.tr/c-e/ho/homeid-app.html,Existing CM Trackers-Found,,,,,
c.amazon-adsystem.com,Targeted Advertising Cookies (including social media) [Requires consent],Amazon Advertising,JavaScript,-,,bench_update_duration,,,Existing CM Trackers-Not Found,,,,,
eloqua.com,Targeted Advertising Cookies (including social media) [Requires consent],Oracle Marketing,HTTP Cookie,ELOQUA,,bench_update_duration,TRUE,https://www.CLIENT_X.com.tr/,Existing CM Trackers-Found,,,,,
acsbapp.com,Performance Cookies [Requires consent],accessiBe,JavaScript,-,,bench_update_duration,,,Existing CM Trackers-Not Found,,,,,
lighting.CLIENT_X.com.tr,Essential cookies,Signify (formerly CLIENT_X Lighting),HTTP Cookie,_ga_failed_lookup_marker_66_1842,,,,,Existing CM Trackers-Not Found,,,,,
i.k-analytix.com,Targeted Advertising Cookies (including social media) [Requires consent],Konduto,ETag,-,,,,https://www.CLIENT_X.com.tr/c-m-pe/hair-removal,New Third Party Trackers,,,,,
www.CLIENT_X.rs,Essential cookies (exempt from consent),CLIENT_X - Serbia,HTTP Cookie,user_country,,90,TRUE,https://www.CLIENT_X.com.tr/a-w/about,Existing CM Trackers-Found,,,,,
CLIENT_X.com.pk,Essential cookies (exempt from consent),CLIENT_X - Pakistan,HTTP Cookie,_schn2,,bench_update_duration,,https://www.CLIENT_X.com.tr/c-p/AMF870_15/air-performer-8000-serisi-3-1-arada-hava-temizleyici-fan-ve-isitici,New First Party Trackers,,,,,
CLIENT_X.at,Essential cookies (exempt from consent),CLIENT_X - Austria,HTTP Cookie,s_cm,,0,,,Existing CM Trackers-Not Found,,,,,
www.tienda.CLIENT_X.cl,Essential cookies (exempt from consent),CLIENT_X - Chile,HTTP Cookie,vtex_binding_address,,bench_update_duration,TRUE,https://www.CLIENT_X.com.tr/a-w/about/news/all-news.html,Existing CM Trackers-Found,,,,,
careers.CLIENT_X.com.cn,Essential cookies (exempt from consent),CLIENT_X - China,HTTP Cookie,Hm_lvt_d05d5f17221b8fd16d670f34b4af8397,,392,TRUE,https://www.CLIENT_X.com.tr/healthcare,Existing CM Trackers-Found,,,,,
www.usa.CLIENT_X.com,Essential cookies (exempt from consent),Koninklijke CLIENT_X N.V.,HTTP Cookie,__attentive_dv,,bench_update_duration,TRUE,https://www.CLIENT_X.com.tr/,Existing CM Trackers-Found,,,,,
imgs.signifyd.com,Essential cookies,Signifyd,HTTP Cookie,_ga_failed_lookup_marker_66_1850,,390,TRUE,https://www.CLIENT_X.com.tr/,Existing CM Trackers-Found,,,,,
CLIENT_X.com.tr,Essential cookies,CLIENT_X - Turkey,HTTP Cookie,bench_new_T2_13204,,session,TRUE,https://www.CLIENT_X.com.tr/,Existing CM Trackers-Found,,,,,
www.CLIENT_X.co.kr,Essential cookies (exempt from consent),CLIENT_X - Korea,HTTP Cookie,AWSELBCORS,,0,TRUE,https://www.CLIENT_X.com.tr/c-p/AMF870_15/air-performer-8000-serisi-3-1-arada-hava-temizleyici-fan-ve-isitici,Existing CM Trackers-Found,,,,,
www.healthcare.shop.CLIENT_X.it,Essential cookies (exempt from consent),CLIENT_X - Italy,HTTP Cookie,pcms-CLIENT_X-it-cart,,,,,Existing CM Trackers-Not Found,,,,,
CLIENT_X.com.mx,Essential cookies (exempt from consent),CLIENT_X - Mexico,HTTP Cookie,FPLC,,,,,Existing CM Trackers-Not Found,,,,,
CLIENT_X.bg,Essential cookies (exempt from consent),CLIENT_X - Bulgaria,HTTP Cookie,notice_behavior,,729,TRUE,https://www.CLIENT_X.com.tr/c-e/ho/uetueleme/descale-steam-generators,Existing CM Trackers-Found,,,,,
region1.analytics.google.com,Performance cookies,Google Inc.,Beacon,_ga_failed_lookup_marker_66_1856,,,TRUE,https://www.CLIENT_X.com.tr/,Existing CM Trackers-Found,,,,,
CLIENT_X.com.pk,Essential cookies (exempt from consent),CLIENT_X - Pakistan,HTTP Cookie,mboxEdgeCluster,,,TRUE,https://www.CLIENT_X.com.tr/c-e/welcome?mag=F02&origin=20_tr_tr_mylumea_app,Existing CM Trackers-Found,,,,,
www.lighting.CLIENT_X.com.mx,Essential cookies (exempt from consent),Signify (formerly CLIENT_X Lighting),Local Storage,blank (local storage),,,,,Existing CM Trackers-Not Found,,,,,
img.youtube.com,Targeted Advertising cookies (including social media),Google Advertising Products,ETag,bench_new_T2_13379,,,TRUE,https://www.CLIENT_X.com.tr/healthcare/solutions/clinical-informatics/clinical-informatics-enterprise-imaging/intellispace-portal,Existing CM Trackers-Found,,,,,
www.CLIENT_X.hu,Essential cookies (exempt from consent),CLIENT_X - Hungary,Beacon,blank (beacon),,bench_update_duration,TRUE,https://www.CLIENT_X.com.tr/c-p/AMF870_15/air-performer-8000-serisi-3-1-arada-hava-temizleyici-fan-ve-isitici,Existing CM Trackers-Found,,,,,
CLIENT_X.com.eg,Essential cookies (exempt from consent),CLIENT_X - Egypt,HTTP Cookie,TEST_AMCV_COOKIE,,session,TRUE,https://www.CLIENT_X.com.tr/,Existing CM Trackers-Found,,,,,
www.dwin1.com,Targeted Advertising Cookies (including social media) [Requires consent],AWIN AG,ETag,-,,,,,Existing CM Trackers-Not Found,,,,,
CLIENT_X.ee,Essential cookies (exempt from consent),CLIENT_X - Republic of Estonia,HTTP Cookie,mboxEdgeCluster,,7,TRUE,https://www.CLIENT_X.com.tr/,Existing CM Trackers-Found,,,,,
www.lighting.CLIENT_X.ro,Essential cookies (exempt from consent),Signify (formerly CLIENT_X Lighting),HTTP Cookie,AWSELBCORS,,bench_update_duration,,,Existing CM Trackers-Not Found,,,,,
CLIENT_X.com.pe,Essential cookies (exempt from consent),CLIENT_X - Peru,HTTP Cookie,s_cm_direct,,,TRUE,https://www.CLIENT_X.com.tr/c-e/ho/cooking/airfryer-7000-serisi-xxl.html,Existing CM Trackers-Found,,,,,
www.domesticappliances.CLIENT_X.co.in,Essential cookies (exempt from consent),CLIENT_X - India,ETag,blank (etag),,bench_update_duration,,,Existing CM Trackers-Not Found,,,,,
www.lighting.CLIENT_X.hu,Essential cookies (exempt from consent),CLIENT_X - Hungary,ETag,blank (etag),,bench_update_duration,,,Existing CM Trackers-Not Found,,,,,
www.CLIENT_X.hr,Essential cookies (exempt from consent),CLIENT_X - Croatia,HTTP Cookie,T01-recentlyViewedProducts,,bench_update_duration,TRUE,https://www.CLIENT_X.com.tr/a-w/about,Existing CM Trackers-Found,,,,,
www.CLIENT_X.be,Essential cookies (exempt from consent),CLIENT_X - Belgium,HTTP Cookie,eddl_itc_list,,0,,https://www.CLIENT_X.com.tr/c-f/XC000021443/CLIENT_X-vantilat%C3%B6r%C3%BCm-sal%C4%B1n%C4%B1m-yaparken-al%C4%B1%C5%9F%C4%B1lmad%C4%B1k-bir-ses-%C3%A7%C4%B1kar%C4%B1yor,New Third Party Trackers,,,,,
script.hotjar.com,Targeted Advertising cookies (including social media),Hotjar,ETag,bench_new_T2_13378,,,,,Existing CM Trackers-Not Found,,,,,
CLIENT_X.com.kw,Essential cookies (exempt from consent),CLIENT_X - Kuwait,HTTP Cookie,test,,,,,Existing CM Trackers-Not Found,,,,,
www.lighting.CLIENT_X.bg,Essential cookies (exempt from consent),Signify (formerly CLIENT_X Lighting),JavaScript,blank (java),,bench_update_duration,TRUE,https://www.CLIENT_X.com.tr/,Existing CM Trackers-Found,,,,,
www.CLIENT_X.ch,Essential cookies (exempt from consent),CLIENT_X - Switzerland,HTTP Cookie,user_country,,7,TRUE,https://www.CLIENT_X.com.tr/,Existing CM Trackers-Found,,,,,
www.CLIENT_X.com.tr,Performance cookies,CLIENT_X - Turkey,HTTP Cookie,bench_new_T2_13295,,,,,Existing CM Trackers-Not Found,,,,,
www.shop.CLIENT_X.lt,Essential cookies (exempt from consent),CLIENT_X - Lithuania,HTTP Cookie,woocommerce_items_in_cart,,,,,Existing CM Trackers-Not Found,,,,,
www.CLIENT_X.fr,Essential cookies (exempt from consent),CLIENT_X - France,HTTP Cookie,ROUTE,,,,,Existing CM Trackers-Not Found,,,,,
www.lighting.CLIENT_X.sk,Essential cookies (exempt from consent),Signify (formerly CLIENT_X Lighting),HTTP Cookie,CLIENT_X,,bench_update_duration,TRUE,https://www.CLIENT_X.com.tr/c-p/AMF870_15/air-performer-8000-serisi-3-1-arada-hava-temizleyici-fan-ve-isitici,Existing CM Trackers-Found,,,,,
youtube.com,Targeted Advertising cookies (including social media),Google Advertising Products,HTTP Cookie,_ga_failed_lookup_marker_66_1878,,180,TRUE,https://www.CLIENT_X.com.tr/healthcare/clinical-solutions/early-warning-scoring,Existing CM Trackers-Found,,,,,
*.cloudfront.net,Performance cookies,Amazon (Cloudfront),ETag,_ga_failed_lookup_marker_66_1879,,,,,Existing CM Trackers-Not Found,,,,,
www.lampreplacementtool.lighting.CLIENT_X.com,Performance cookies,Koninklijke CLIENT_X N.V.,ETag,bench_new_T2_13253,,,,,Existing CM Trackers-Not Found,,,,,
mc.yandex.ru,Targeted Advertising Cookies (including social media) [Requires consent],Yandex,ETag,-,,bench_update_duration,TRUE,https://www.CLIENT_X.com.tr/,Existing CM Trackers-Found,,,,,
stg.CLIENT_X.co.id,Essential cookies (exempt from consent),CLIENT_X - Indonesia,HTTP Cookie,kampyle_userid,,bench_update_duration,TRUE,https://www.CLIENT_X.com.tr/c-e/ho/uetueleme/descale-steam-generators,Existing CM Trackers-Found,,,,,
js-agent.newrelic.com,Performance Cookies [Requires consent],New Relic Inc.,ETag,-,,,,,Existing CM Trackers-Not Found,,,,,
CLIENT_X.be,Essential cookies (exempt from consent),CLIENT_X - Belgium,HTTP Cookie,s_vtime,,729,TRUE,https://www.CLIENT_X.com.tr/,Existing CM Trackers-Found,,,,,
static.ticimax.cloud,Performance cookies,Ticimax,ETag,_ga_failed_lookup_marker_66_1885,,,,,Existing CM Trackers-Not Found,,,,,
www.CLIENT_X.com.mx,Essential cookies (exempt from consent),CLIENT_X - Mexico,HTTP Cookie,p-gc35,,400,,https://www.CLIENT_X.com.tr/,New Third Party Trackers,,,,,
www.CLIENT_X.com.hk,Essential cookies (exempt from consent),CLIENT_X - Hong Kong,HTTP Cookie,_scid,,bench_update_duration,,https://www.CLIENT_X.com.tr/c-p/AMF870_15/air-performer-8000-serisi-3-1-arada-hava-temizleyici-fan-ve-isitici,New First Party Trackers,,,,,
CLIENT_X.ch,Essential cookies (exempt from consent),CLIENT_X - Switzerland,HTTP Cookie,FPID,,bench_update_duration,TRUE,https://www.CLIENT_X.com.tr/c-e/welcome?mag=F02&origin=20_tr_tr_mylumea_app,Existing CM Trackers-Found,,,,,
CLIENT_X.com.gh,Essential cookies (exempt from consent),CLIENT_X - Ghana,HTTP Cookie,_scid,,bench_update_duration,,,Existing CM Trackers-Not Found,,,,,
CLIENT_X.co.jp,Essential cookies (exempt from consent),CLIENT_X Electronics Corporation Japan,HTTP Cookie,_scid,,,TRUE,https://www.CLIENT_X.com.tr/healthcare/about/distributors,Existing CM Trackers-Found,,,,,
tags.creativecdn.com,Targeted Advertising Cookies (including social media) [Requires consent],RTB House S.A.,ETag,-,,,,https://www.CLIENT_X.com.tr/a-w/tanimlama-bilgileri-politikasi,New Third Party Trackers,,,,,
www.CLIENT_X.com.eg,Essential cookies (exempt from consent),CLIENT_X - Egypt,HTTP Cookie,test,,bench_update_duration,,,Existing CM Trackers-Not Found,,,,,
www.CLIENT_X.com.cn,Essential cookies (exempt from consent),CLIENT_X - China,HTTP Cookie,AWSELBCORS,,bench_update_duration,TRUE,https://www.CLIENT_X.com.tr/a-w/about,Existing CM Trackers-Found,,,,,
www.lighting.CLIENT_X.com.ar,Essential cookies (exempt from consent),Signify (formerly CLIENT_X Lighting),Local Storage,blank (local storage),,bench_update_duration,TRUE,https://www.CLIENT_X.com.tr/,Existing CM Trackers-Found,,,,,
smetrics.marketing.signify.com,Targeted Advertising Cookies (including social media) [Requires consent],Signify (formerly CLIENT_X Lighting),JavaScript,-,,,,,Existing CM Trackers-Not Found,,,,,
CLIENT_X.co.in,Essential cookies (exempt from consent),CLIENT_X - India,HTTP Cookie,ajs_anonymous_id,,,,https://www.CLIENT_X.com.tr/,Existing CM Trackers-Found,,,,,
CLIENT_X.com.my,Essential cookies (exempt from consent),CLIENT_X - Malaysia,HTTP Cookie,_hjTLDTest,,bench_update_duration,TRUE,https://www.CLIENT_X.com.tr/,Existing CM Trackers-Found,,,,,
www.CLIENT_X.co.kr,Essential cookies (exempt from consent),CLIENT_X - Korea,JavaScript,blank (java),,bench_update_duration,TRUE,https://www.CLIENT_X.com.tr/,Existing CM Trackers-Found,,,,,
lighting.CLIENT_X.com.tr,Essential cookies (exempt from consent),Signify (formerly CLIENT_X Lighting),HTTP Cookie,s_sid,,,,,Existing CM Trackers-Not Found,,,,,
CLIENT_X.hu,Essential cookies (exempt from consent),CLIENT_X - Hungary,HTTP Cookie,FPID,,bench_update_duration,,,Existing CM Trackers-Not Found,,,,,
www.CLIENT_X.it,Essential cookies (exempt from consent),CLIENT_X - Italy,HTTP Cookie,ws-active-shop,,bench_update_duration,,https://www.CLIENT_X.com.tr/,Existing CM Trackers-Found,,,,,
CLIENT_X.com.tr,Essential cookies,CLIENT_X - Turkey,HTTP Cookie,bench_new_T2_13252,,,,,Existing CM Trackers-Not Found,,,,,
CLIENT_X.com.pk,Essential cookies (exempt from consent),CLIENT_X - Pakistan,HTTP Cookie,_fbp,,bench_update_duration,,,Existing CM Trackers-Not Found,,,,,
CLIENT_X.nl,Essential cookies (exempt from consent),CLIENT_X - Netherlands,HTTP Cookie,_fbp,,,TRUE,https://www.CLIENT_X.com.tr/,Existing CM Trackers-Found,,,,,
www.CLIENT_X.com.tr,Essential cookies,CLIENT_X - Turkey,HTTP Cookie,bench_new_T2_13340,,0,TRUE,https://www.CLIENT_X.com.tr/c-p/AMF870_15/air-performer-8000-serisi-3-1-arada-hava-temizleyici-fan-ve-isitici,Existing CM Trackers-Found,,,,,
CLIENT_X.co.jp,Essential cookies (exempt from consent),CLIENT_X Electronics Corporation Japan,HTTP Cookie,com.adobe.alloy.getTld,,bench_update_duration,,https://www.CLIENT_X.com.tr/c-p/AMF870_15/air-performer-8000-serisi-3-1-arada-hava-temizleyici-fan-ve-isitici,New First Party Trackers,,,,,
lighting.CLIENT_X.com.tw,Essential cookies (exempt from consent),Signify (formerly CLIENT_X Lighting),HTTP Cookie,s_cc,,,,,Existing CM Trackers-Not Found,,,,,
www.lighting.CLIENT_X.com.au,Essential cookies (exempt from consent),Signify (formerly CLIENT_X Lighting),HTTP Cookie,BCTempID,,89,,,Existing CM Trackers-Not Found,,,,,
www.CLIENT_X.fi,Essential cookies (exempt from consent),CLIENT_X - Finland,HTTP Cookie,ws-active-shop,,,,,Existing CM Trackers-Not Found,,,,,
CLIENT_X.com.my,Essential cookies (exempt from consent),CLIENT_X - Malaysia,HTTP Cookie,internalUserCheck,,,TRUE,https://www.CLIENT_X.com.tr/c-e/welcome?mag=F02&origin=20_tr_tr_mylumea_app,Existing CM Trackers-Found,,,,,
www.lighting.CLIENT_X.co.id,Essential cookies (exempt from consent),Signify (formerly CLIENT_X Lighting),HTTP Cookie,customer_country,,bench_update_duration,,,Existing CM Trackers-Not Found,,,,,
www.crsc.lighting.CLIENT_X.com,Performance cookies,Signify (formerly CLIENT_X Lighting),JavaScript,_ga_failed_lookup_marker_66_1912,,,,,Existing CM Trackers-Not Found,,,,,
api.tumblr.com,Targeted Advertising Cookies (including social media) [Requires consent],Tumblr,JavaScript,-,,,TRUE,https://www.CLIENT_X.com.tr/c-f/XC000021357/CLIENT_X-homerun-uygulamamda-haritalar-nas%C4%B1l-olu%C5%9Fturulur-ve-y%C3%B6netilir,Existing CM Trackers-Found,,,,,
www.CLIENT_X.co.id,Essential cookies (exempt from consent),CLIENT_X - Indonesia,HTTP Cookie,fl_qualified_entry,,bench_update_duration,TRUE,https://www.CLIENT_X.com.tr/c-e/ho/ironing/azur-8000-series,Existing CM Trackers-Found,,,,,
www.CLIENT_X.bg,Essential cookies (exempt from consent),CLIENT_X - Bulgaria,HTTP Cookie,p-hc-catg,,0,,,Existing CM Trackers-Not Found,,,,,
www.lighting.CLIENT_X.co.nz,Essential cookies (exempt from consent),Signify (formerly CLIENT_X Lighting),JavaScript,blank (java),,bench_update_duration,,,Existing CM Trackers-Not Found,,,,,
www.supurgesepeti.com,Essential cookies,Supurgesepeti.com,HTTP Cookie,_ga_failed_lookup_marker_66_1917,,,,,Existing CM Trackers-Not Found,,,,,
www.CLIENT_X.se,Essential cookies (exempt from consent),CLIENT_X - Sweden,HTTP Cookie,user_country,,bench_update_duration,,,Existing CM Trackers-Not Found,,,,,
www.supurgesepeti.com,Essential cookies,Supurgesepeti.com,HTTP Cookie,bench_new_T2_13268,,,,,Existing CM Trackers-Not Found,,,,,
lighting.CLIENT_X.ru,Essential cookies (exempt from consent),Signify (formerly CLIENT_X Lighting),HTTP Cookie,s_sid,,bench_update_duration,,,Existing CM Trackers-Not Found,,,,,
stats.g.doubleclick.net,Targeted Advertising Cookies (including social media) [Requires consent],Google Advertising Products,Beacon,-,,,,,Existing CM Trackers-Not Found,,,,,
lighting.CLIENT_X.co.id,Essential cookies (exempt from consent),Signify (formerly CLIENT_X Lighting),HTTP Cookie,s_ppv,,bench_update_duration,TRUE,https://www.CLIENT_X.com.tr/c-f/XC000021359/CLIENT_X-homerun-elektrikli-robot-s%C3%BCp%C3%BCrgemi-nas%C4%B1l-temizlerim,Existing CM Trackers-Found,,,,,
CLIENT_X.com.mx,Essential cookies (exempt from consent),CLIENT_X - Mexico,HTTP Cookie,s_cm_direct,,bench_update_duration,TRUE,https://www.CLIENT_X.com.tr/,Existing CM Trackers-Found,,,,,
CLIENT_X.co.uk,Essential cookies (exempt from consent),CLIENT_X - United Kingdom,HTTP Cookie,_ttp,,,,,Existing CM Trackers-Not Found,,,,,
CLIENT_X.it,Essential cookies (exempt from consent),CLIENT_X - Italy,HTTP Cookie,s_eVar8,,bench_update_duration,,,Existing CM Trackers-Not Found,,,,,
analytics-ipv6.tiktokw.us,Targeted Advertising cookies (including social media),TikTok,Beacon,bench_new_T2_13238,,,,https://www.CLIENT_X.com.tr/,New Third Party Trackers,,,,,
www.CLIENT_X.no,Essential cookies (exempt from consent),CLIENT_X - Norway,ETag,blank (etag),,bench_update_duration,,,Existing CM Trackers-Not Found,,,,,
assets.adoberesources.net,Performance cookies,Adobe Inc.,ETag,bench_new_T2_13393,,,,,Existing CM Trackers-Not Found,,,,,
CLIENT_X.112.2o7.net,Performance cookies,"Adobe Audience Manager, Adobe Experience Cloud",Beacon,_ga_failed_lookup_marker_66_1929,,,TRUE,https://www.CLIENT_X.com.tr/,Existing CM Trackers-Found,,,,,
www.lighting.CLIENT_X.com.sg,Essential cookies (exempt from consent),Signify (formerly CLIENT_X Lighting),HTTP Cookie,BCTempID,,,,,Existing CM Trackers-Not Found,,,,,
www.CLIENT_X.com.sg,Essential cookies (exempt from consent),CLIENT_X - Singapore,Local Storage,blank (local storage),,bench_update_duration,,https://www.CLIENT_X.com.tr/,New First Party Trackers,,,,,
www.lighting.CLIENT_X.lt,Essential cookies (exempt from consent),Signify (formerly CLIENT_X Lighting),HTTP Cookie,AWSELB,,bench_update_duration,,,Existing CM Trackers-Not Found,,,,,
lighting.CLIENT_X.com.tr,Essential cookies,Signify (formerly CLIENT_X Lighting),HTTP Cookie,_ga_failed_lookup_marker_66_1933,,,,,Existing CM Trackers-Not Found,,,,,
CLIENT_X.gr,Essential cookies (exempt from consent),CLIENT_X - Greece,HTTP Cookie,s_ugv,,,,,Existing CM Trackers-Not Found,,,,,
labs.iadvize.com,Performance cookies,iAdvize,JavaScript,_ga_failed_lookup_marker_66_1935,,,TRUE,https://www.CLIENT_X.com.tr/c-e/ho/cooking/airfryer-7000-serisi-xxl.html,Existing CM Trackers-Found,,,,,
static.doubleclick.net,Targeted Advertising Cookies (including social media) [Requires consent],Google Advertising Products,JavaScript,-,,bench_update_duration,,https://www.CLIENT_X.com.tr/c-f/XC000021443/CLIENT_X-vantilat%C3%B6r%C3%BCm-sal%C4%B1n%C4%B1m-yaparken-al%C4%B1%C5%9F%C4%B1lmad%C4%B1k-bir-ses-%C3%A7%C4%B1kar%C4%B1yor,New Third Party Trackers,,,,,
www.CLIENT_X.com.eg,Essential cookies (exempt from consent),CLIENT_X - Egypt,HTTP Cookie,mdLogger,,bench_update_duration,,,Existing CM Trackers-Not Found,,,,,
CLIENT_X.es,Essential cookies (exempt from consent),CLIENT_X - Spain,HTTP Cookie,s_eVar8,,bench_update_duration,TRUE,https://www.CLIENT_X.com.tr/,Existing CM Trackers-Found,,,,,
CLIENT_X.co.in,Essential cookies (exempt from consent),CLIENT_X - India,HTTP Cookie,amp_cookie_testgcNP6DU4EclIlhqkUtsfz0,,bench_update_duration,,,Existing CM Trackers-Not Found,,,,,
www.tienda.CLIENT_X.com.mx,Essential cookies (exempt from consent),CLIENT_X - Mexico,HTTP Cookie,VtexWorkspace,,bench_update_duration,,,Existing CM Trackers-Not Found,,,,,
doubleclick.net,Targeted Advertising cookies (including social media),Google Advertising Products,HTTP Cookie,bench_new_T2_13266,,390,TRUE,https://www.CLIENT_X.com.tr/,Existing CM Trackers-Found,,,,,
respirtech.com,Essential cookies (exempt from consent),RespirTech,HTTP Cookie,__utmz,,bench_update_duration,,,Existing CM Trackers-Not Found,,,,,
CLIENT_X.es,Essential cookies (exempt from consent),CLIENT_X - Spain,HTTP Cookie,s_cc,,bench_update_duration,TRUE,https://www.CLIENT_X.com.tr/a-w/about,Existing CM Trackers-Found,,,,,
app.shop.pe,Performance Cookies [Requires consent],SafeOpt (Formerly Shop.pe),ETag,-,,,,https://www.CLIENT_X.com.tr/c-p/SPT6607B_62/6000-series-kablosuz-klavye-fare-seti,Existing CM Trackers-Found,,,,,
CLIENT_X.co.ke,Essential cookies (exempt from consent),CLIENT_X - Kenya,HTTP Cookie,s_vtime,,393,TRUE,https://www.CLIENT_X.com.tr/,Existing CM Trackers-Found,,,,,
CLIENT_X.hr,Essential cookies (exempt from consent),CLIENT_X - Croatia,HTTP Cookie,test,,bench_update_duration,,https://www.CLIENT_X.com.tr/c-f/XC000021443/CLIENT_X-vantilat%C3%B6r%C3%BCm-sal%C4%B1n%C4%B1m-yaparken-al%C4%B1%C5%9F%C4%B1lmad%C4%B1k-bir-ses-%C3%A7%C4%B1kar%C4%B1yor,New Third Party Trackers,,,,,
CLIENT_X.gr,Essential cookies (exempt from consent),CLIENT_X - Greece,HTTP Cookie,_gdXXX,,bench_update_duration,,,Existing CM Trackers-Not Found,,,,,
CLIENT_X.co.za,Essential cookies (exempt from consent),CLIENT_X - South Africa,HTTP Cookie,_ga,,bench_update_duration,,,Existing CM Trackers-Not Found,,,,,
sc-static.net,Targeted Advertising Cookies (including social media) [Requires consent],Snap Inc.,ETag,-,,bench_update_duration,TRUE,https://www.CLIENT_X.com.tr/c-w/tuketici-urunleri-destek/support-contact-page.html,Existing CM Trackers-Found,,,,,
www.patientcare.shop.CLIENT_X.co.in,Essential cookies (exempt from consent),CLIENT_X - India,HTTP Cookie,kampyleUserSessionsCount,,bench_update_duration,,,Existing CM Trackers-Not Found,,,,,
CLIENT_X.com.tr,Essential cookies,CLIENT_X - Turkey,HTTP Cookie,_ga_failed_lookup_marker_66_1951,,400,TRUE,https://www.CLIENT_X.com.tr/,Existing CM Trackers-Found,,,,,
img.en25.com,Performance cookies,Oracle Marketing,JavaScript,bench_new_T2_13331,,,,https://www.CLIENT_X.com.tr/healthcare,New Third Party Trackers,,,,,
CLIENT_X.gr,Essential cookies (exempt from consent),CLIENT_X - Greece,HTTP Cookie,FPLC,,bench_update_duration,,,Existing CM Trackers-Not Found,,,,,
CLIENT_X.hr,Essential cookies (exempt from consent),CLIENT_X - Croatia,HTTP Cookie,s_cc,,,,,Existing CM Trackers-Not Found,,,,,
www.CLIENT_X.ru,Essential cookies (exempt from consent),CLIENT_X - Russia,HTTP Cookie,AWSELBCORS,,bench_update_duration,,,Existing CM Trackers-Not Found,,,,,
CLIENT_X.co.il,Essential cookies (exempt from consent),CLIENT_X - Israel,HTTP Cookie,_hjTLDTest,,,TRUE,https://www.CLIENT_X.com.tr/c-e/ho/cooking/airfryer-7000-serisi-xxl.html,Existing CM Trackers-Found,,,,,
www.CLIENT_X.com.sg,Essential cookies (exempt from consent),CLIENT_X - Singapore,HTTP Cookie,eddl_gtm_qe_session_start_6523424625,,,,,Existing CM Trackers-Not Found,,,,,
lighting.CLIENT_X.com.br,Essential cookies (exempt from consent),Signify (formerly CLIENT_X Lighting),HTTP Cookie,com.adobe.alloy.getTld,,session,TRUE,https://www.CLIENT_X.com.tr/,Existing CM Trackers-Found,,,,,
www.CLIENT_X.co.nz,Essential cookies (exempt from consent),CLIENT_X - New Zealand,JavaScript,blank (java),,bench_update_duration,,,Existing CM Trackers-Not Found,,,,,
www.lighting.CLIENT_X.co.uk,Essential cookies (exempt from consent),Signify (formerly CLIENT_X Lighting),Beacon,blank (beacon),,,TRUE,https://www.CLIENT_X.com.tr/c-e/ho/cooking/airfryer-7000-serisi-xxl.html,Existing CM Trackers-Found,,,,,
www.CLIENT_X.fi,Essential cookies (exempt from consent),CLIENT_X - Finland,HTTP Cookie,fl_qualified_entry,,,,,Existing CM Trackers-Not Found,,,,,
CLIENT_Xhealth.vtexassets.com,Targeted Advertising Cookies (including social media) [Requires consent],VTEX,ETag,-,,bench_update_duration,TRUE,https://www.CLIENT_X.com.tr/c-e/ho/cooking/airfryer-7000-serisi-xxl.html,Existing CM Trackers-Found,,,,,
www.patientcare.shop.CLIENT_X.co.in,Essential cookies (exempt from consent),CLIENT_X - India,HTTP Cookie,JSESSIONID,,,,,Existing CM Trackers-Not Found,,,,,
www.shop.CLIENT_X.lv,Essential cookies (exempt from consent),CLIENT_X - Latvia,Beacon,blank (beacon),,bench_update_duration,,,Existing CM Trackers-Not Found,,,,,
CLIENT_X.nl,Essential cookies (exempt from consent),CLIENT_X - Netherlands,HTTP Cookie,_gid,,,,,Existing CM Trackers-Not Found,,,,,
www.CLIENT_X.sa,Essential cookies (exempt from consent),CLIENT_X - Kingdom of Saudi Arabia,Beacon,blank (beacon),,390,TRUE,https://www.CLIENT_X.com.tr/,Existing CM Trackers-Found,,,,,
www.CLIENT_X.com.gh,Essential cookies (exempt from consent),CLIENT_X - Ghana,HTTP Cookie,T01-recentlyViewedProducts,,bench_update_duration,,,Existing CM Trackers-Not Found,,,,,
CLIENT_X.com.my,Essential cookies (exempt from consent),CLIENT_X - Malaysia,HTTP Cookie,com.adobe.alloy.getTld,,bench_update_duration,,,Existing CM Trackers-Not Found,,,,,
static.socialminer.com,Targeted Advertising Cookies (including social media) [Requires consent],Social Miner,ETag,-,,,,,Existing CM Trackers-Not Found,,,,,
www.results.CLIENT_X.com.cn,Essential cookies (exempt from consent),CLIENT_X - China,HTTP Cookie,CloudFront-Policy,,bench_update_duration,,,Existing CM Trackers-Not Found,,,,,
CLIENT_X.com.co,Essential cookies (exempt from consent),CLIENT_X - Colombia,HTTP Cookie,biggy-session-CLIENT_Xco,,0,TRUE,https://www.CLIENT_X.com.tr/,Existing CM Trackers-Found,,,,,
lighting.CLIENT_X.ch,Essential cookies (exempt from consent),Signify (formerly CLIENT_X Lighting),HTTP Cookie,_mkto_trk,,session,TRUE,https://www.CLIENT_X.com.tr/c-p/AMF870_15/air-performer-8000-serisi-3-1-arada-hava-temizleyici-fan-ve-isitici,Existing CM Trackers-Found,,,,,
www.CLIENT_X.ae,Essential cookies (exempt from consent),CLIENT_X - Middle East Arab,HTTP Cookie,user_country,,,,,Existing CM Trackers-Not Found,,,,,
www.CLIENT_X.com.pe,Essential cookies (exempt from consent),CLIENT_X - Peru,Local Storage,blank (local storage),,session,TRUE,https://www.CLIENT_X.com.tr/healthcare/clinical-solutions/early-warning-scoring,Existing CM Trackers-Found,,,,,
www.CLIENT_X.be,Essential cookies (exempt from consent),CLIENT_X - Belgium,HTTP Cookie,RT,,729,,,Existing CM Trackers-Not Found,,,,,
CLIENT_X.ie,Essential cookies (exempt from consent),CLIENT_X - Ireland,HTTP Cookie,FPID,,,,https://www.CLIENT_X.com.tr/healthcare,New Third Party Trackers,,,,,
cdn-scripts.signifyd.com,Essential cookies,Signifyd,ETag,bench_new_T2_13250,,,TRUE,https://www.CLIENT_X.com.tr/,Existing CM Trackers-Found,,,,,
www.lighting.CLIENT_X.co.za,Essential cookies (exempt from consent),Signify (formerly CLIENT_X Lighting),HTTP Cookie,customer_country,,bench_update_duration,,,Existing CM Trackers-Not Found,,,,,
www.dentalshop.CLIENT_X.ch,Essential cookies (exempt from consent),CLIENT_X - Switzerland,ETag,blank (etag),,bench_update_duration,TRUE,https://www.CLIENT_X.com.tr/,Existing CM Trackers-Found,,,,,
www.lighting.CLIENT_X.com,Performance cookies,Signify (formerly CLIENT_X Lighting),JavaScript,_ga_failed_lookup_marker_66_1980,,,,,Existing CM Trackers-Not Found,,,,,
www.CLIENT_X.com.tr,Essential cookies,CLIENT_X - Turkey,HTTP Cookie,bench_new_T2_13366,,7,TRUE,https://www.CLIENT_X.com.tr/c-p/AMF870_15/air-performer-8000-serisi-3-1-arada-hava-temizleyici-fan-ve-isitici,Existing CM Trackers-Found,,,,,
www.lighting.CLIENT_X.it,Essential cookies (exempt from consent),Signify (formerly CLIENT_X Lighting),HTTP Cookie,customer_country,,bench_update_duration,,https://www.CLIENT_X.com.tr/,New First Party Trackers,,,,,
scripts.demandbase.com,Targeted Advertising Cookies (including social media) [Requires consent],"Demandbase, Inc.",ETag,-,,bench_update_duration,TRUE,https://www.CLIENT_X.com.tr/,Existing CM Trackers-Found,,,,,
CLIENT_X.es,Essential cookies (exempt from consent),CLIENT_X - Spain,HTTP Cookie,test,,,,,Existing CM Trackers-Not Found,,,,,
CLIENT_X.co.id,Essential cookies (exempt from consent),CLIENT_X - Indonesia,HTTP Cookie,coveo_visitorId,,,TRUE,https://www.CLIENT_X.com.tr/healthcare/sites/lumify-handheld-ultrasound/lumify-academy,Existing CM Trackers-Found,,,,,
www.CLIENT_X.com.eg,Essential cookies (exempt from consent),CLIENT_X - Egypt,HTTP Cookie,user_country,,session,TRUE,https://www.CLIENT_X.com.tr/c-p/AMF870_15/air-performer-8000-serisi-3-1-arada-hava-temizleyici-fan-ve-isitici,Existing CM Trackers-Found,,,,,
CLIENT_X.com.ph,Essential cookies (exempt from consent),CLIENT_X - Philippines,HTTP Cookie,s_eVar44,,0,TRUE,https://www.CLIENT_X.com.tr/,Existing CM Trackers-Found,,,,,
www.CLIENT_X.com.tr,Essential cookies,CLIENT_X - Turkey,Beacon,bench_new_T2_13208,,,TRUE,https://www.CLIENT_X.com.tr/a-w/about-CLIENT_X/sustainability.html,Existing CM Trackers-Found,,,,,
www.CLIENT_X.com.tr,Performance cookies,CLIENT_X - Turkey,HTTP Cookie,_ga_failed_lookup_marker_66_1989,,session,TRUE,https://www.CLIENT_X.com.tr/c-p/AMF870_15/air-performer-8000-serisi-3-1-arada-hava-temizleyici-fan-ve-isitici,Existing CM Trackers-Found,,,,,
CLIENT_X.com.au,Essential cookies (exempt from consent),CLIENT_X - Australia,HTTP Cookie,s_tid,,bench_update_duration,TRUE,https://www.CLIENT_X.com.tr/a-w/about,Existing CM Trackers-Found,,,,,
www.CLIENT_X.ch,Essential cookies (exempt from consent),CLIENT_X - Switzerland,HTTP Cookie,kampyle_userid,,,,,Existing CM Trackers-Not Found,,,,,
cdn.speedcurve.com,Performance cookies,Speedcurve,JavaScript,bench_new_T2_13303,,,,https://www.CLIENT_X.com.tr/,New Third Party Trackers,,,,,
CLIENT_X.jo,Essential cookies (exempt from consent),CLIENT_X - Jordan,HTTP Cookie,da_lid,,,TRUE,https://www.CLIENT_X.com.tr/,Existing CM Trackers-Found,,,,,
CLIENT_X.com.pk,Essential cookies (exempt from consent),CLIENT_X - Pakistan,HTTP Cookie,s_nrpv,,bench_update_duration,,https://www.CLIENT_X.com.tr/a-w/tanimlama-bilgileri-politikasi,New Third Party Trackers,,,,,
www.CLIENT_X.cz,Essential cookies (exempt from consent),CLIENT_X - Czech Republic,HTTP Cookie,fl_qualified_entry,,bench_update_duration,,,Existing CM Trackers-Not Found,,,,,
www.CLIENT_X.at,Essential cookies (exempt from consent),CLIENT_X - Austria,HTTP Cookie,JSESSIONID,,729,TRUE,https://www.CLIENT_X.com.tr/c-e/welcome?mag=F02&origin=20_tr_tr_mylumea_app,Existing CM Trackers-Found,,,,,
delivery.twentythree.com,Performance Cookies [Requires consent],TwentyThree,ETag,-,,,,,Existing CM Trackers-Not Found,,,,,
www.lighting.CLIENT_X.com.tw,Essential cookies (exempt from consent),Signify (formerly CLIENT_X Lighting),HTTP Cookie,d01-layout,,bench_update_duration,,,Existing CM Trackers-Not Found,,,,,
supurgesepeti.com,Essential cookies,Supurgesepeti.com,HTTP Cookie,bench_new_T2_13206,,,,,Existing CM Trackers-Not Found,,,,,
