tracking_domain,consent_category,vendor_name,tracker_type,tracker_name,tracker_purpose,tracker_duration,3rd_party_sharing,first_found_at,party_type,vendor_description,modified,consent_category_new,tracker_purpose_[language code],vendor_description_[language code]
www.lighting.CLIENT_X.hu,Essential cookies (exempt from consent),CLIENT_X - Hungary,HTTP Cookie,s_mc,,0,TRUE,https://www.CLIENT_X.jo/,Existing CM Trackers-Found,,,,,
api.ipify.org,Performance Cookies [Requires consent],ipify,JavaScript,-,,60,TRUE,https://www.CLIENT_X.com.qa/,Existing CM Trackers-Found,,,,,
www.CLIENT_X.sa,Essential cookies,CLIENT_X - Kingdom of Saudi Arabia,HTTP Cookie,_ga_failed_lookup_marker_79_2,,400,TRUE,https://www.CLIENT_X.sa/c-m-ho/cooking/toaster/latest,Existing CM Trackers-Found,,,,,
CLIENT_X.sk,Essential cookies (exempt from consent),CLIENT_X - Slovakia,HTTP Cookie,mbox,,bench_update_duration,,,Existing CM Trackers-Not Found,,,,,
www.CLIENT_X.es,Essential cookies (exempt from consent),CLIENT_X - Spain,HTTP Cookie,kampyleUserSessionsCount,,bench_update_duration,TRUE,https://www.CLIENT_X.ae/,Existing CM Trackers-Found,,,,,
CLIENT_X.com.ar,Essential cookies (exempt from consent),CLIENT_X - Argentina,HTTP Cookie,li_cm_prefs_session,,bench_update_duration,,,Existing CM Trackers-Not Found,,,,,
tracking.channelsight.com,Targeted Advertising Cookies (including social media) [Requires consent],ChannelSight,JavaScript,-,,,TRUE,http://www.CLIENT_X.ae/,Existing CM Trackers-Found,,,,,
CLIENT_X.lt,Essential cookies (exempt from consent),CLIENT_X - Lithuania,HTTP Cookie,com.adobe.alloy.getTld,,400,TRUE,https://www.CLIENT_X.ae/c-m-ho/cooking/toaster/latest,Existing CM Trackers-Found,,,,,
CLIENT_X.co.il,Essential cookies (exempt from consent),CLIENT_X - Israel,HTTP Cookie,_schn2,,0,TRUE,https://www.CLIENT_X.com.kw/ar/c-m-so/media-players/latest,Existing CM Trackers-Found,,,,,
api-maps.yandex.ru,Targeted Advertising Cookies (including social media) [Requires consent],Yandex,ETag,-,,bench_update_duration,TRUE,https://www.CLIENT_X.ae/c-f/XC000019471/CLIENT_X-one-battery-replacement-instructions,Existing CM Trackers-Found,,,,,
respirtech.com,Essential cookies (exempt from consent),RespirTech,HTTP Cookie,_scid_r,,bench_update_duration,TRUE,https://www.CLIENT_X.sa/c-m-ho/cooking/toaster/latest,Existing CM Trackers-Found,,,,,
CLIENT_X.sa,Targeted Advertising cookies (including social media),CLIENT_X - Kingdom of Saudi Arabia,HTTP Cookie,bench_new_T2_15991,,,,,Existing CM Trackers-Not Found,,,,,
www.CLIENT_X.ro,Essential cookies (exempt from consent),CLIENT_X - Romania,HTTP Cookie,_sdsat_pgm_sh_alloc,,session,TRUE,https://www.CLIENT_X.com.qa/,Existing CM Trackers-Found,,,,,
CLIENT_X.hu,Essential cookies (exempt from consent),CLIENT_X - Hungary,HTTP Cookie,s_cc,,,TRUE,https://www.CLIENT_X.ae/ar/c-w/support-home/service-center-locator.html,Existing CM Trackers-Found,,,,,
CLIENT_X.ch,Essential cookies (exempt from consent),CLIENT_X - Switzerland,HTTP Cookie,coveo_visitorId,,bench_update_duration,TRUE,https://www.CLIENT_X.com.kw/ar/c-m-so/media-players/latest,Existing CM Trackers-Found,,,,,
CLIENT_X.gr,Essential cookies (exempt from consent),CLIENT_X - Greece,HTTP Cookie,s_nrpv,,0,TRUE,https://www.CLIENT_X.jo/c-e/ho/homeid-app.html,Existing CM Trackers-Found,,,,,
lighting.CLIENT_X.co.id,Essential cookies (exempt from consent),Signify (formerly CLIENT_X Lighting),HTTP Cookie,s_cc,,bench_update_duration,TRUE,https://www.CLIENT_X.sa/c-e/CLIENT_X-one.html,Existing CM Trackers-Found,,,,,
CLIENT_X.hr,Essential cookies (exempt from consent),CLIENT_X - Croatia,HTTP Cookie,notice_behavior,,bench_update_duration,,,Existing CM Trackers-Not Found,,,,,
CLIENT_X.lt,Essential cookies (exempt from consent),CLIENT_X - Lithuania,HTTP Cookie,_gat_UA-XXX,,bench_update_duration,,,Existing CM Trackers-Not Found,,,,,
CLIENT_X.co.in,Essential cookies (exempt from consent),CLIENT_X - India,HTTP Cookie,_tldtest_XXXXXXXXXXXXXXXXXXXXX,,bench_update_duration,TRUE,https://www.CLIENT_X.com.kw/,Existing CM Trackers-Found,,,,,
www.shop.CLIENT_X.lt,Essential cookies (exempt from consent),CLIENT_X - Lithuania,HTTP Cookie,wjecf_free_product_coupons,,,,,Existing CM Trackers-Not Found,,,,,
CLIENT_X.ua,Essential cookies (exempt from consent),CLIENT_X - Ukraine,HTTP Cookie,s_pv,,90,TRUE,https://www.CLIENT_X.ae/,Existing CM Trackers-Found,,,,,
CLIENT_X.co.nz,Essential cookies (exempt from consent),CLIENT_X - New Zealand,HTTP Cookie,s_eVar8,,,,,Existing CM Trackers-Not Found,,,,,
CLIENT_X.ua,Essential cookies (exempt from consent),CLIENT_X - Ukraine,HTTP Cookie,notice_behavior,,,TRUE,https://www.CLIENT_X.ae/c-w/support-home/support-contact-page.html,Existing CM Trackers-Found,,,,,
CLIENT_X.it,Essential cookies (exempt from consent),CLIENT_X - Italy,HTTP Cookie,_gid,,,,,Existing CM Trackers-Not Found,,,,,
www.productfinder.lighting.CLIENT_X.com,Targeted Advertising Cookies (including social media) [Requires consent],Koninklijke CLIENT_X N.V.,HTTP Cookie,fe_typo_user,,bench_update_duration,TRUE,http://www.CLIENT_X.jo/,Existing CM Trackers-Found,,,,,
wdh-fonts.azureedge.net,Performance Cookies [Requires consent],Microsoft,ETag,-,,365,TRUE,https://www.CLIENT_X.com.kw/ar/c-m-so/media-players/latest,Existing CM Trackers-Found,,,,,
www.lighting.CLIENT_X.sk,Essential cookies (exempt from consent),Signify (formerly CLIENT_X Lighting),HTTP Cookie,customer_language_accept,,90,TRUE,https://www.CLIENT_X.com.kw/,Existing CM Trackers-Found,,,,,
analytics.tiktok.com,Targeted Advertising cookies (including social media),TikTok,Beacon,_ga_failed_lookup_marker_79_28,,,TRUE,,Existing CM Trackers-Found,,,,,
www.CLIENT_X.com.ph,Essential cookies (exempt from consent),CLIENT_X - Philippines,HTTP Cookie,p-gc35,,365,,https://www.CLIENT_X.ae/,New First Party Trackers,,,,,
prismic-io.s3.amazonaws.com,Targeted Advertising Cookies (including social media) [Requires consent],Amazon (Web Services),ETag,-,,session,TRUE,https://www.CLIENT_X.jo/,Existing CM Trackers-Found,,,,,
www.CLIENT_X.jo,Essential cookies (exempt from consent),CLIENT_X - Jordan,HTTP Cookie,T01-recentlyViewedProducts,,bench_update_duration,TRUE,https://www.CLIENT_X.sa/,Existing CM Trackers-Found,,,,,
lighting.CLIENT_X.cl,Essential cookies (exempt from consent),Signify (formerly CLIENT_X Lighting),HTTP Cookie,com.adobe.alloy.getTld,,bench_update_duration,TRUE,http://www.CLIENT_X.ae/,Existing CM Trackers-Found,,,,,
www.mylife.CLIENT_X.com.cn,Essential cookies (exempt from consent),CLIENT_X - China,JavaScript,blank (java),,90,TRUE,https://www.CLIENT_X.ae/,Existing CM Trackers-Found,,,,,
lighting.CLIENT_X.com.sg,Essential cookies (exempt from consent),Signify (formerly CLIENT_X Lighting),HTTP Cookie,aam_uuid,,,,,Existing CM Trackers-Not Found,,,,,
stg.CLIENT_X.com.kw,Essential cookies (exempt from consent),CLIENT_X - Kuwait,JavaScript,blank (java),,bench_update_duration,,,Existing CM Trackers-Not Found,,,,,
CLIENT_X.it,Essential cookies (exempt from consent),CLIENT_X - Italy,HTTP Cookie,zScalerUser,,bench_update_duration,TRUE,https://www.CLIENT_X.ae/,Existing CM Trackers-Found,,,,,
CLIENT_Xtest.scene7.com,Performance cookies,Adobe Experience Cloud - Experience Manager,JavaScript,_ga_failed_lookup_marker_79_37,,,,,Existing CM Trackers-Not Found,,,,,
lighting.CLIENT_X.sa,Essential cookies (exempt from consent),Signify (formerly CLIENT_X Lighting),HTTP Cookie,s_vs,,bench_update_duration,TRUE,https://www.CLIENT_X.com.qa/,Existing CM Trackers-Found,,,,,
www.lighting.CLIENT_X.com.ph,Essential cookies (exempt from consent),CLIENT_X - Philippines,HTTP Cookie,s_sid,,,,,Existing CM Trackers-Not Found,,,,,
www.coreline.lighting.CLIENT_X.com,Performance Cookies [Requires consent],Signify (formerly CLIENT_X Lighting),ETag,-,,bench_update_duration,,,Existing CM Trackers-Not Found,,,,,
www.CLIENT_X.ae,Essential cookies (exempt from consent),CLIENT_X - Middle East Arab,HTTP Cookie,liveagent_oref,,bench_update_duration,TRUE,https://www.CLIENT_X.jo/c-e/ho/homeid-app.html,Existing CM Trackers-Found,,,,,
dpm.demdex.net,Targeted Advertising cookies (including social media),"Adobe Audience Manager, Adobe Experience Cloud",HTTP Cookie,_ga_failed_lookup_marker_79_42,,,,,Existing CM Trackers-Not Found,,,,,
www.lighting.CLIENT_X.co.jp,Essential cookies (exempt from consent),Signify (formerly CLIENT_X Lighting),HTTP Cookie,BCTempID,,session,TRUE,https://www.CLIENT_X.ae/,Existing CM Trackers-Found,,,,,
www.CLIENT_X.dk,Essential cookies (exempt from consent),CLIENT_X - Denmark,HTTP Cookie,kampyle_userid,,bench_update_duration,TRUE,,Existing CM Trackers-Found,,,,,
CLIENT_X.com.kw,Essential cookies (exempt from consent),CLIENT_X - Kuwait,HTTP Cookie,zScalerUser,,0,,https://www.CLIENT_X.com.qa/,New First Party Trackers,,,,,
www.CLIENT_X.jo,Essential cookies,CLIENT_X - Jordan,HTTP Cookie,bench_new_T2_15873,,1,TRUE,http://www.CLIENT_X.jo/,Existing CM Trackers-Found,,,,,
CLIENT_X.co.za,Essential cookies (exempt from consent),CLIENT_X - South Africa,HTTP Cookie,_scid,,session,TRUE,https://www.CLIENT_X.com.kw/,Existing CM Trackers-Found,,,,,
www.CLIENT_X.ae,Essential cookies,CLIENT_X - Middle East Arab,HTTP Cookie,bench_new_T2_15997,,365,TRUE,https://www.CLIENT_X.ae/c-m-ho/cooking/toaster/latest,Existing CM Trackers-Found,,,,,
www.CLIENT_X.com.tr,Essential cookies (exempt from consent),CLIENT_X - Turkey,HTTP Cookie,eddl_itc_list,,bench_update_duration,TRUE,https://www.CLIENT_X.com.kw/,Existing CM Trackers-Found,,,,,
hm.baidu.com,Performance Cookies [Requires consent],Baidu,Beacon,-,,,TRUE,,Existing CM Trackers-Found,,,,,
www.CLIENT_X.com.vn,Essential cookies (exempt from consent),CLIENT_X - Vietnam,HTTP Cookie,p-hc-catg,,365,TRUE,https://www.CLIENT_X.sa/,Existing CM Trackers-Found,,,,,
www.store-CLIENT_X.tw,Essential cookies (exempt from consent),CLIENT_X Store - Taiwan,Local Storage,blank (local storage),,,TRUE,http://www.CLIENT_X.com.qa/,Existing CM Trackers-Found,,,,,
cdnjs.cloudflare.com,Performance Cookies [Requires consent],Cloudflare,JavaScript,-,,bench_update_duration,TRUE,https://www.CLIENT_X.jo/,Existing CM Trackers-Found,,,,,
www.lighting.CLIENT_X.se,Essential cookies (exempt from consent),Signify (formerly CLIENT_X Lighting),Beacon,blank (beacon),,bench_update_duration,TRUE,,Existing CM Trackers-Found,,,,,
CLIENT_X.nl,Essential cookies (exempt from consent),CLIENT_X - Netherlands,HTTP Cookie,_fbp,,365,TRUE,https://www.CLIENT_X.com.qa/,Existing CM Trackers-Found,,,,,
www.respirtech.com,Essential cookies (exempt from consent),RespirTech,HTTP Cookie,eddl_gtm_qe_session_start_6523424625,,,TRUE,,Existing CM Trackers-Found,,,,,
www.CLIENT_X.co.nz,Essential cookies (exempt from consent),CLIENT_X - New Zealand,HTTP Cookie,eddl_itc_list,,,,,Existing CM Trackers-Not Found,,,,,
CLIENT_X.ee,Essential cookies (exempt from consent),CLIENT_X - Republic of Estonia,HTTP Cookie,test,,90,TRUE,https://www.CLIENT_X.sa/,Existing CM Trackers-Found,,,,,
www.lighting.CLIENT_X.com.hk,Essential cookies (exempt from consent),CLIENT_X - Hong Kong,Beacon,blank (beacon),,bench_update_duration,,https://www.CLIENT_X.sa/,New First Party Trackers,,,,,
CLIENT_X.ie,Essential cookies (exempt from consent),CLIENT_X - Ireland,HTTP Cookie,TEST_AMCV_COOKIE,,bench_update_duration,TRUE,https://www.CLIENT_X.ae/c-p/HDA150_62/-,Existing CM Trackers-Found,,,,,
store-CLIENT_X.tw,Essential cookies (exempt from consent),CLIENT_X Store - Taiwan,HTTP Cookie,_fbp,,bench_update_duration,,,Existing CM Trackers-Not Found,,,,,
CLIENT_X.fi,Essential cookies (exempt from consent),CLIENT_X - Finland,HTTP Cookie,com.adobe.alloy.getTld,,,TRUE,,Existing CM Trackers-Found,,,,,
CLIENT_X.co.uk,Essential cookies (exempt from consent),CLIENT_X - United Kingdom,HTTP Cookie,_ga,,,,,Existing CM Trackers-Not Found,,,,,
lighting.CLIENT_X.dk,Essential cookies (exempt from consent),Signify (formerly CLIENT_X Lighting),HTTP Cookie,_mkto_trk,,bench_update_duration,TRUE,https://www.CLIENT_X.sa/c-m-ho/cooking/toaster/latest,Existing CM Trackers-Found,,,,,
www.CLIENT_X.com.qa,Essential cookies (exempt from consent),CLIENT_X - Qatar,Local Storage,blank (local storage),,0,,https://www.CLIENT_X.com.kw/ar/c-m-so/media-players/latest,New First Party Trackers,,,,,
CLIENT_X.at,Essential cookies (exempt from consent),CLIENT_X - Austria,HTTP Cookie,coveo_visitorId,,89,,,Existing CM Trackers-Not Found,,,,,
stg.CLIENT_X.sa,Essential cookies,CLIENT_X - Kingdom of Saudi Arabia,HTTP Cookie,_ga_failed_lookup_marker_79_67,,,,,Existing CM Trackers-Not Found,,,,,
CLIENT_X.jo,Essential cookies,CLIENT_X - Jordan,HTTP Cookie,bench_new_T2_15972,,400,TRUE,https://www.CLIENT_X.jo/,Existing CM Trackers-Found,,,,,
www.lighting.CLIENT_X.com.tr,Essential cookies (exempt from consent),Signify (formerly CLIENT_X Lighting),HTTP Cookie,s_sid,,bench_update_duration,TRUE,http://www.CLIENT_X.jo/,Existing CM Trackers-Found,,,,,
www.abonnementen.CLIENT_X.nl,Essential cookies (exempt from consent),CLIENT_X - Netherlands,HTTP Cookie,eddl_gtm_qe_session_start_6523424625,,,,,Existing CM Trackers-Not Found,,,,,
www.CLIENT_X.ae,Essential cookies,CLIENT_X - Middle East Arab,Beacon,bench_new_T2_15908,,,TRUE,,Existing CM Trackers-Found,,,,,
www.lighting.CLIENT_X.ro,Essential cookies (exempt from consent),Signify (formerly CLIENT_X Lighting),Local Storage,blank (local storage),,365,TRUE,https://www.CLIENT_X.ae/c-m-ho/cooking/toaster/latest,Existing CM Trackers-Found,,,,,
track.omguk.com,Targeted Advertising Cookies (including social media) [Requires consent],Optimise,JavaScript,-,,,,,Existing CM Trackers-Not Found,,,,,
CLIENT_X.ae,Essential cookies (exempt from consent),CLIENT_X - Middle East Arab,HTTP Cookie,s_eVar8,,,,,Existing CM Trackers-Not Found,,,,,
stats.wp.com,Performance Cookies [Requires consent],WordPress,JavaScript,-,,0,TRUE,https://www.CLIENT_X.jo/,Existing CM Trackers-Found,,,,,
CLIENT_X.ma,Essential cookies (exempt from consent),CLIENT_X - Morocco,HTTP Cookie,s_nrpv,,bench_update_duration,,,Existing CM Trackers-Not Found,,,,,
www.lighting.CLIENT_X.ma,Essential cookies (exempt from consent),Signify (formerly CLIENT_X Lighting),ETag,blank (etag),,,,,Existing CM Trackers-Not Found,,,,,
www.CLIENT_X.hr,Essential cookies (exempt from consent),CLIENT_X - Croatia,HTTP Cookie,p-hc-catg,,bench_update_duration,TRUE,,Existing CM Trackers-Found,,,,,
www.lighting.CLIENT_X.com.eg,Essential cookies (exempt from consent),Signify (formerly CLIENT_X Lighting),HTTP Cookie,customer_language_accept,,bench_update_duration,TRUE,https://www.CLIENT_X.jo/c-e/ho/homeid-app.html,Existing CM Trackers-Found,,,,,
CLIENT_X.it,Essential cookies (exempt from consent),CLIENT_X - Italy,HTTP Cookie,s_gnr,,bench_update_duration,,,Existing CM Trackers-Not Found,,,,,
CLIENT_X.ie,Essential cookies (exempt from consent),CLIENT_X - Ireland,HTTP Cookie,s_tid,,bench_update_duration,TRUE,http://www.CLIENT_X.ae/,Existing CM Trackers-Found,,,,,
CLIENT_X.com.ph,Essential cookies (exempt from consent),CLIENT_X - Philippines,HTTP Cookie,_scid_r,,,,,Existing CM Trackers-Not Found,,,,,
www.subscription.CLIENT_X.fr,Essential cookies (exempt from consent),CLIENT_X - France,HTTP Cookie,ARRAffinity,,bench_update_duration,,https://www.CLIENT_X.com.kw/,Existing CM Trackers-Found,,,,,
CLIENT_X.sa,Essential cookies,CLIENT_X - Kingdom of Saudi Arabia,HTTP Cookie,_ga_failed_lookup_marker_79_84,,393,TRUE,https://www.CLIENT_X.sa/,Existing CM Trackers-Found,,,,,
stg.CLIENT_X.com.kw,Essential cookies,CLIENT_X - Kuwait,HTTP Cookie,bench_new_T2_15980,,,,,Existing CM Trackers-Not Found,,,,,
cms.cdn.91app.com,Performance Cookies [Requires consent],91App,ETag,-,,bench_update_duration,TRUE,https://www.CLIENT_X.com.qa/,Existing CM Trackers-Found,,,,,
CLIENT_Xcl.vtexassets.com,Performance Cookies [Requires consent],VTEX,ETag,-,,,,,Existing CM Trackers-Not Found,,,,,
CLIENT_X.be,Essential cookies (exempt from consent),CLIENT_X - Belgium,HTTP Cookie,s_cm_direct,,bench_update_duration,TRUE,https://www.CLIENT_X.jo/,Existing CM Trackers-Found,,,,,
CLIENT_X.ro,Essential cookies (exempt from consent),CLIENT_X - Romania,HTTP Cookie,FPLC,,90,,https://www.CLIENT_X.ae/,New First Party Trackers,,,,,
www.CLIENT_X.com.mx,Essential cookies (exempt from consent),CLIENT_X - Mexico,HTTP Cookie,AWSELB,,bench_update_duration,,,Existing CM Trackers-Not Found,,,,,
dev.CLIENT_X.si,Essential cookies (exempt from consent),CLIENT_X - Slovenia,HTTP Cookie,AWSELB,,0,,https://www.CLIENT_X.com.kw/ar/c-m-so/media-players/latest,New First Party Trackers,,,,,
lighting.CLIENT_X.ru,Essential cookies (exempt from consent),Signify (formerly CLIENT_X Lighting),HTTP Cookie,s_nr30,,,TRUE,,Existing CM Trackers-Found,,,,,
CLIENT_X.sk,Essential cookies (exempt from consent),CLIENT_X - Slovakia,HTTP Cookie,_gid,,,,,Existing CM Trackers-Not Found,,,,,
www.CLIENT_X.fr,Essential cookies (exempt from consent),CLIENT_X - France,HTTP Cookie,AWSELB,,0,TRUE,https://www.CLIENT_X.com.kw/,Existing CM Trackers-Found,,,,,
CLIENT_X.com.qa,Essential cookies,CLIENT_X - Qatar,HTTP Cookie,bench_new_T2_15923,,0,TRUE,https://www.CLIENT_X.com.qa/,Existing CM Trackers-Found,,,,,
dev.CLIENT_X.com.vn,Essential cookies (exempt from consent),CLIENT_X - Vietnam,Local Storage,blank (local storage),,400,TRUE,https://www.CLIENT_X.com.qa/,Existing CM Trackers-Found,,,,,
youtube.com,Targeted Advertising cookies (including social media),Google Advertising Products,HTTP Cookie,bench_new_T2_15978,,session,TRUE,https://www.CLIENT_X.jo/,Existing CM Trackers-Found,,,,,
CLIENT_X.com.au,Essential cookies (exempt from consent),CLIENT_X - Australia,HTTP Cookie,internalUserCheck,,bench_update_duration,TRUE,http://www.CLIENT_X.jo/,Existing CM Trackers-Found,,,,,
www.CLIENT_X.rs,Essential cookies (exempt from consent),CLIENT_X - Serbia,HTTP Cookie,eddl_itc_list,,,TRUE,https://www.CLIENT_X.ae/healthcare/about/support/resource-center/results,Existing CM Trackers-Found,,,,,
www.CLIENT_X.sa,Essential cookies,CLIENT_X - Kingdom of Saudi Arabia,HTTP Cookie,bench_new_T2_15971,,0,,https://www.CLIENT_X.sa/c-m-ho/cooking/toaster/latest,New First Party Trackers,,,,,
CLIENT_X.com.co,Essential cookies (exempt from consent),CLIENT_X - Colombia,HTTP Cookie,_hjTLDTest,,400,TRUE,https://www.CLIENT_X.com.kw/,Existing CM Trackers-Found,,,,,
lighting.CLIENT_X.com.hk,Essential cookies (exempt from consent),CLIENT_X - Hong Kong,HTTP Cookie,s_pv,,bench_update_duration,,,Existing CM Trackers-Not Found,,,,,
www.loja.CLIENT_X.com.br,Essential cookies (exempt from consent),CLIENT_X - Brazil,HTTP Cookie,vtex_binding_address,,400,,https://www.CLIENT_X.jo/,New Third Party Trackers,,,,,
www.CLIENT_X.ch,Essential cookies (exempt from consent),CLIENT_X - Switzerland,HTTP Cookie,kampyleUserPercentile,,bench_update_duration,TRUE,https://www.CLIENT_X.sa/,Existing CM Trackers-Found,,,,,
www.CLIENT_X.hr,Essential cookies (exempt from consent),CLIENT_X - Croatia,HTTP Cookie,user_country,,,,,Existing CM Trackers-Not Found,,,,,
www.lighting.CLIENT_X.ch,Essential cookies (exempt from consent),Signify (formerly CLIENT_X Lighting),HTTP Cookie,AWSELBCORS,,bench_update_duration,,,Existing CM Trackers-Not Found,,,,,
www.lighting.CLIENT_X.de,Essential cookies (exempt from consent),Signify (formerly CLIENT_X Lighting),Local Storage,blank (local storage),,bench_update_duration,,https://www.CLIENT_X.jo/healthcare,Existing CM Trackers-Found,,,,,
smetrics.marketing.lighting.CLIENT_X.ma,Essential cookies (exempt from consent),CLIENT_X - Morocco,JavaScript,blank (java),,bench_update_duration,TRUE,https://www.CLIENT_X.sa/c-f/XC000004909/how-do-i-use-the-attachments-of-my-CLIENT_X-epilator,Existing CM Trackers-Found,,,,,
CLIENT_X.com.ph,Essential cookies (exempt from consent),CLIENT_X - Philippines,HTTP Cookie,s_eVar44,,session,TRUE,https://www.CLIENT_X.com.qa/,Existing CM Trackers-Found,,,,,
www.CLIENT_X.co.ke,Essential cookies (exempt from consent),CLIENT_X - Kenya,HTTP Cookie,eddl_itc_list,,365,TRUE,https://www.CLIENT_X.com.qa/,Existing CM Trackers-Found,,,,,
www.CLIENT_X.sa,Essential cookies,CLIENT_X - Kingdom of Saudi Arabia,HTTP Cookie,_ga_failed_lookup_marker_79_111,,400,TRUE,https://www.CLIENT_X.sa/c-m-ho/cooking/toaster/latest,Existing CM Trackers-Found,,,,,
www.CLIENT_X.co.kr,Essential cookies (exempt from consent),CLIENT_X - Korea,HTTP Cookie,kampyleSessionPageCounter,,7,,https://www.CLIENT_X.sa/c-m-ho/cooking/toaster/latest,New First Party Trackers,,,,,
CLIENT_X.com.ph,Essential cookies (exempt from consent),CLIENT_X - Philippines,HTTP Cookie,FPLC,,400,TRUE,https://www.CLIENT_X.ae/,Existing CM Trackers-Found,,,,,
CLIENT_X.co.uk,Performance Cookies [Requires consent],CLIENT_X - United Kingdom,HTTP Cookie,RT,,bench_update_duration,TRUE,https://www.CLIENT_X.ae/,Existing CM Trackers-Found,,,,,
www.lighting.CLIENT_X.co.il,Essential cookies (exempt from consent),Signify (formerly CLIENT_X Lighting),Local Storage,blank (local storage),,bench_update_duration,TRUE,,Existing CM Trackers-Found,,,,,
CLIENT_X.com.qa,Essential cookies,CLIENT_X - Qatar,HTTP Cookie,_ga_failed_lookup_marker_79_116,,session,TRUE,https://www.CLIENT_X.com.qa/,Existing CM Trackers-Found,,,,,
www.CLIENT_X.sk,Essential cookies (exempt from consent),CLIENT_X - Slovakia,HTTP Cookie,p-gc35,,,,,Existing CM Trackers-Not Found,,,,,
www.usa.CLIENT_X.com,Essential cookies (exempt from consent),Koninklijke CLIENT_X N.V.,HTTP Cookie,addshoppers.com,,session,TRUE,http://www.CLIENT_X.jo/,Existing CM Trackers-Found,,,,,
retailrocket.net,Performance Cookies [Requires consent],Retail Rocket LLC,HTTP Cookie,rcuid,,bench_update_duration,TRUE,https://www.CLIENT_X.com.kw/,Existing CM Trackers-Found,,,,,
CLIENT_X.co.id,Essential cookies (exempt from consent),CLIENT_X - Indonesia,HTTP Cookie,FPID,,session,TRUE,https://www.CLIENT_X.com.kw/,Existing CM Trackers-Found,,,,,
tags.creativecdn.com,Targeted Advertising Cookies (including social media) [Requires consent],RTB House S.A.,ETag,-,,,,,Existing CM Trackers-Not Found,,,,,
CLIENT_X.com.co,Essential cookies (exempt from consent),CLIENT_X - Colombia,HTTP Cookie,_scid_r,,bench_update_duration,,,Existing CM Trackers-Not Found,,,,,
diz36nn4q02zr.cloudfront.net,Performance Cookies [Requires consent],Amazon (Cloudfront),ETag,-,,bench_update_duration,TRUE,https://www.CLIENT_X.sa/,Existing CM Trackers-Found,,,,,
CLIENT_X.com.cn,Essential cookies (exempt from consent),CLIENT_X - China,HTTP Cookie,s_fid,,bench_update_duration,,,Existing CM Trackers-Not Found,,,,,
CLIENT_X.nl,Essential cookies (exempt from consent),CLIENT_X - Netherlands,HTTP Cookie,_gid,,365,TRUE,https://www.CLIENT_X.ae/c-m-ho/cooking/toaster/latest,Existing CM Trackers-Found,,,,,
lighting.CLIENT_X.sa,Essential cookies,Signify (formerly CLIENT_X Lighting),HTTP Cookie,bench_new_T2_15915,,,,,Existing CM Trackers-Not Found,,,,,
www.CLIENT_X.es,Essential cookies (exempt from consent),CLIENT_X - Spain,HTTP Cookie,_sdsat_pgm_sh_alloc,,,,,Existing CM Trackers-Not Found,,,,,
CLIENT_X.com.qa,Essential cookies,CLIENT_X - Qatar,HTTP Cookie,_ga_failed_lookup_marker_79_128,,400,TRUE,https://www.CLIENT_X.com.qa/,Existing CM Trackers-Found,,,,,
www.lighting.CLIENT_X.sk,Essential cookies (exempt from consent),Signify (formerly CLIENT_X Lighting),JavaScript,blank (java),,,,,Existing CM Trackers-Not Found,,,,,
CLIENT_X.com.ar,Essential cookies (exempt from consent),CLIENT_X - Argentina,HTTP Cookie,com.adobe.alloy.getTld,,729,,https://www.CLIENT_X.ae/c-t/XC000006201/my-CLIENT_X-toaster-smells-during-first-time-use,New Third Party Trackers,,,,,
tag.dotz.com.br,Targeted Advertising Cookies (including social media) [Requires consent],Companhia Brasileira de Soluï¿½ï¿½es de Marketing,JavaScript,-,,bench_update_duration,TRUE,https://www.CLIENT_X.com.kw/,Existing CM Trackers-Found,,,,,
www.CLIENT_X.com.kw,Essential cookies (exempt from consent),CLIENT_X - Kuwait,HTTP Cookie,eddl_gtm_qe_session_start_6523424625,,bench_update_duration,,,Existing CM Trackers-Not Found,,,,,
stg.CLIENT_X.com.kw,Essential cookies,CLIENT_X - Kuwait,ETag,bench_new_T2_15935,,,,,Existing CM Trackers-Not Found,,,,,
lighting.CLIENT_X.ca,Essential cookies (exempt from consent),Signify (formerly CLIENT_X Lighting),HTTP Cookie,s_nr,,bench_update_duration,,https://www.CLIENT_X.ae/c-t/XC000006201/my-CLIENT_X-toaster-smells-during-first-time-use,New Third Party Trackers,,,,,
www.CLIENT_X.com.kw,Performance cookies,,HTTP Cookie,bench_new_T2_15884,,,,https://www.CLIENT_X.com.kw/,Existing CM Trackers-Found,,,,,
acc.usa.CLIENT_X.com,Essential cookies (exempt from consent),Koninklijke CLIENT_X N.V.,HTTP Cookie,AWSELB,,0,,,New Third Party Trackers,,,,,
www.docs.lighting.CLIENT_X.com,Performance Cookies [Requires consent],Signify (formerly CLIENT_X Lighting),ETag,-,,,,,Existing CM Trackers-Not Found,,,,,
CLIENT_X.ng,Essential cookies (exempt from consent),CLIENT_X - Nigeria,HTTP Cookie,s_ugv,,bench_update_duration,TRUE,https://www.CLIENT_X.ae/c-f/XC000019471/CLIENT_X-one-battery-replacement-instructions,Existing CM Trackers-Found,,,,,
CLIENT_X.ng,Essential cookies (exempt from consent),CLIENT_X - Nigeria,HTTP Cookie,FPID,,,,,Existing CM Trackers-Not Found,,,,,
www.lighting.CLIENT_X.sa,Essential cookies (exempt from consent),Signify (formerly CLIENT_X Lighting),ETag,blank (etag),,bench_update_duration,,https://www.CLIENT_X.com.qa/,New First Party Trackers,,,,,
www.CLIENT_X.ae,Essential cookies,CLIENT_X - Middle East Arab,HTTP Cookie,_ga_failed_lookup_marker_79_141,,365,TRUE,https://www.CLIENT_X.ae/c-m-ho/cooking/toaster/latest,Existing CM Trackers-Found,,,,,
www.CLIENT_X.jo,Essential cookies,,HTTP Cookie,_ga_failed_lookup_marker_79_142,,,,,Existing CM Trackers-Not Found,,,,,
www.CLIENT_X.com.kw,Essential cookies,,HTTP Cookie,_ga_failed_lookup_marker_79_143,,,,,Existing CM Trackers-Not Found,,,,,
CLIENT_X.ua,Essential cookies (exempt from consent),CLIENT_X - Ukraine,HTTP Cookie,_gid,,bench_update_duration,TRUE,https://www.CLIENT_X.com.kw/,Existing CM Trackers-Found,,,,,
CLIENT_X.co.jp,Essential cookies (exempt from consent),CLIENT_X Electronics Corporation Japan,HTTP Cookie,s_cc,,bench_update_duration,TRUE,http://www.CLIENT_X.ae/,Existing CM Trackers-Found,,,,,
CLIENT_X.com.gh,Essential cookies (exempt from consent),CLIENT_X - Ghana,HTTP Cookie,mboxEdgeCluster,,bench_update_duration,TRUE,https://www.CLIENT_X.com.kw/,Existing CM Trackers-Found,,,,,
www.CLIENT_X.com.sg,Essential cookies (exempt from consent),CLIENT_X - Singapore,HTTP Cookie,p-hc-specialty,,0,TRUE,https://www.CLIENT_X.sa/c-m-ho/cooking/toaster/latest,Existing CM Trackers-Found,,,,,
CLIENT_X.com.mx,Essential cookies (exempt from consent),CLIENT_X - Mexico,HTTP Cookie,_gcl_au,,bench_update_duration,,,Existing CM Trackers-Not Found,,,,,
www.CLIENT_X.com.qa,Essential cookies,CLIENT_X - Qatar,HTTP Cookie,_ga_failed_lookup_marker_79_149,,0,,https://www.CLIENT_X.com.qa/,New First Party Trackers,,,,,
CLIENT_X.sk,Essential cookies (exempt from consent),CLIENT_X - Slovakia,HTTP Cookie,FPID,,bench_update_duration,,https://www.CLIENT_X.ae/,New First Party Trackers,,,,,
www.loja.CLIENT_X.com.br,Essential cookies (exempt from consent),CLIENT_X - Brazil,HTTP Cookie,checkout.vtex.com,,,TRUE,https://www.CLIENT_X.sa/c-w/support-home/support-contact-page.html,Existing CM Trackers-Found,,,,,
sc-static.net,Targeted Advertising cookies (including social media),Snap Inc.,ETag,_ga_failed_lookup_marker_79_152,,,TRUE,https://www.CLIENT_X.sa/c-e/ho/cooking/all-in-one-cooker-3000.html,Existing CM Trackers-Found,,,,,
www.CLIENT_X.com.sg,Essential cookies (exempt from consent),CLIENT_X - Singapore,HTTP Cookie,kampyleSessionPageCounter,,365,TRUE,https://www.CLIENT_X.ae/,Existing CM Trackers-Found,,,,,
CLIENT_X.lt,Essential cookies (exempt from consent),CLIENT_X - Lithuania,HTTP Cookie,TEST_AMCV_COOKIE_WRITE,,365,TRUE,https://www.CLIENT_X.ae/c-f/XC000019471/CLIENT_X-one-battery-replacement-instructions,Existing CM Trackers-Found,,,,,
www.powersensormonitor.CLIENT_X.com,Essential cookies (exempt from consent),Koninklijke CLIENT_X N.V.,HTTP Cookie,AWSALBCORS,,bench_update_duration,,,New Third Party Trackers,,,,,
www.CLIENT_X.ae,Essential cookies,CLIENT_X - Middle East Arab,HTTP Cookie,_ga_failed_lookup_marker_79_156,,365,TRUE,https://www.CLIENT_X.ae/c-m-ho/cooking/toaster/latest,Existing CM Trackers-Found,,,,,
CLIENT_X.com.hk,Essential cookies (exempt from consent),CLIENT_X - Hong Kong,HTTP Cookie,_gid,,,,https://www.CLIENT_X.ae/a-w/about-CLIENT_X/company/businesses.html,New Third Party Trackers,,,,,
CLIENT_X.it,Essential cookies (exempt from consent),CLIENT_X - Italy,HTTP Cookie,TEST_AMCV_COOKIE_WRITE,,393,TRUE,https://www.CLIENT_X.com.kw/,Existing CM Trackers-Found,,,,,
lighting.CLIENT_X.sa,Essential cookies,Signify (formerly CLIENT_X Lighting),HTTP Cookie,_ga_failed_lookup_marker_79_159,,,,,Existing CM Trackers-Not Found,,,,,
www.patientcare.shop.CLIENT_X.co.in,Essential cookies (exempt from consent),CLIENT_X - India,HTTP Cookie,kampyleSessionPageCounter,,,TRUE,http://www.CLIENT_X.com.qa/,Existing CM Trackers-Found,,,,,
CLIENT_X.com.kw,Essential cookies,CLIENT_X - Kuwait,HTTP Cookie,_ga_failed_lookup_marker_79_161,,90,,https://www.CLIENT_X.com.kw/,New First Party Trackers,,,,,
www.lighting.CLIENT_X.com.pe,Essential cookies (exempt from consent),Signify (formerly CLIENT_X Lighting),HTTP Cookie,AWSELBCORS,,bench_update_duration,TRUE,https://www.CLIENT_X.com.qa/,Existing CM Trackers-Found,,,,,
www.CLIENT_X.ng,Essential cookies (exempt from consent),CLIENT_X - Nigeria,Beacon,blank (beacon),,,,,Existing CM Trackers-Not Found,,,,,
www.tienda.CLIENT_X.com.ar,Essential cookies (exempt from consent),CLIENT_X - Argentina,HTTP Cookie,janus_sid,,0,TRUE,https://www.CLIENT_X.jo/,Existing CM Trackers-Found,,,,,
www.CLIENT_X.ae,Essential cookies,CLIENT_X - Middle East Arab,HTTP Cookie,_ga_failed_lookup_marker_79_165,,0,TRUE,https://www.CLIENT_X.ae/c-m-ho/cooking/toaster/latest,Existing CM Trackers-Found,,,,,
lighting.CLIENT_X.co.nz,Essential cookies (exempt from consent),Signify (formerly CLIENT_X Lighting),HTTP Cookie,s_nr,,,TRUE,,Existing CM Trackers-Found,,,,,
CLIENT_X.no,Essential cookies (exempt from consent),CLIENT_X - Norway,HTTP Cookie,FPLC,,,,,Existing CM Trackers-Not Found,,,,,
CLIENT_X.sa,Performance cookies,CLIENT_X - Kingdom of Saudi Arabia,HTTP Cookie,bench_new_T2_15857,,session,TRUE,https://www.CLIENT_X.sa/,Existing CM Trackers-Found,,,,,
CLIENT_X.com.qa,Performance cookies,CLIENT_X - Qatar,HTTP Cookie,bench_new_T2_15829,,,,,Existing CM Trackers-Not Found,,,,,
www.CLIENT_X.jo,Essential cookies,CLIENT_X - Jordan,HTTP Cookie,bench_new_T2_15878,,0,,http://www.CLIENT_X.jo/,New First Party Trackers,,,,,
CLIENT_X.com.tw,Essential cookies (exempt from consent),CLIENT_X - Taiwan,HTTP Cookie,com.adobe.alloy.getTld,,,TRUE,http://www.CLIENT_X.ae/,Existing CM Trackers-Found,,,,,
lighting.CLIENT_X.com.vn,Essential cookies (exempt from consent),Signify (formerly CLIENT_X Lighting),HTTP Cookie,s_nr,,bench_update_duration,TRUE,http://www.CLIENT_X.jo/,Existing CM Trackers-Found,,,,,
CLIENT_X.com.br,Essential cookies (exempt from consent),CLIENT_X - Brazil,HTTP Cookie,_kdt,,bench_update_duration,TRUE,https://www.CLIENT_X.com.kw/ar/c-m-so/media-players/latest,Existing CM Trackers-Found,,,,,
CLIENT_X.com.kw,Essential cookies,CLIENT_X - Kuwait,HTTP Cookie,_ga_failed_lookup_marker_79_174,,90,TRUE,https://www.CLIENT_X.com.kw/,Existing CM Trackers-Found,,,,,
CLIENT_X.co.il,Essential cookies (exempt from consent),CLIENT_X - Israel,HTTP Cookie,_gcl_au,,365,TRUE,https://www.CLIENT_X.ae/,Existing CM Trackers-Found,,,,,
CLIENT_X.be,Essential cookies (exempt from consent),CLIENT_X - Belgium,HTTP Cookie,s_nrpv,,89,TRUE,http://www.CLIENT_X.ae/,Existing CM Trackers-Found,,,,,
CLIENT_X.ca,Essential cookies (exempt from consent),CLIENT_X - Canada,HTTP Cookie,notice_behavior,,bench_update_duration,TRUE,https://www.CLIENT_X.ae/c-m-ho/ironing/latest,Existing CM Trackers-Found,,,,,
www.dictation.CLIENT_X.com,Essential cookies (exempt from consent),Koninklijke CLIENT_X N.V.,Beacon,blank (beacon),,,TRUE,http://www.CLIENT_X.sa/,Existing CM Trackers-Found,,,,,
CLIENT_X.sk,Essential cookies (exempt from consent),CLIENT_X - Slovakia,HTTP Cookie,_schn1,,390,TRUE,https://www.CLIENT_X.jo/c-e/ho/homeid-app.html,Existing CM Trackers-Found,,,,,
www.youtube-nocookie.com,Preference cookies,Google Inc.,Local Storage,ytidb::LAST_RESULT_ENTRY_KEY,,bench_update_duration,,,Existing CM Trackers-Not Found,,,,,
www.service.CLIENT_X.ru,Essential cookies (exempt from consent),CLIENT_X - Russia,JavaScript,blank (java),,bench_update_duration,TRUE,https://www.CLIENT_X.sa/c-m-ho/cooking/toaster/latest,Existing CM Trackers-Found,,,,,
www.subscription.CLIENT_X.es,Essential cookies (exempt from consent),CLIENT_X - Spain,Local Storage,blank (local storage),,,TRUE,https://www.CLIENT_X.com.qa/c-w/support-home/support-contact-page.html,Existing CM Trackers-Found,,,,,
halc.iadvize.com,Performance Cookies [Requires consent],iAdvize,JavaScript,-,,bench_update_duration,TRUE,https://www.CLIENT_X.ae/c-w/support-home/support-contact-page.html,Existing CM Trackers-Found,,,,,
www.CLIENT_X.ca,Essential cookies (exempt from consent),CLIENT_X - Canada,HTTP Cookie,liveagent_vc,,,,,Existing CM Trackers-Not Found,,,,,
www.lighting.CLIENT_X.be,Essential cookies (exempt from consent),Signify (formerly CLIENT_X Lighting),HTTP Cookie,AWSELB,,bench_update_duration,TRUE,https://www.CLIENT_X.ae/,Existing CM Trackers-Found,,,,,
www.CLIENT_X.ca,Essential cookies (exempt from consent),CLIENT_X - Canada,HTTP Cookie,__attentive_ss_referrer,,bench_update_duration,,,Existing CM Trackers-Not Found,,,,,
CLIENT_X.rs,Essential cookies (exempt from consent),CLIENT_X - Serbia,HTTP Cookie,s_cm_direct,,bench_update_duration,,,Existing CM Trackers-Not Found,,,,,
www.CLIENT_X.com.eg,Essential cookies (exempt from consent),CLIENT_X - Egypt,HTTP Cookie,_scid,,bench_update_duration,,,Existing CM Trackers-Not Found,,,,,
www.CLIENT_X.fi,Essential cookies (exempt from consent),CLIENT_X - Finland,HTTP Cookie,T01-recentlyViewedProducts,,,TRUE,https://www.CLIENT_X.com.qa/c-w/support-home/support-contact-page.html,Existing CM Trackers-Found,,,,,
CLIENT_X.com.tr,Essential cookies (exempt from consent),CLIENT_X - Turkey,HTTP Cookie,mboxEdgeCluster,,bench_update_duration,,,Existing CM Trackers-Not Found,,,,,
CLIENT_X.ua,Essential cookies (exempt from consent),CLIENT_X - Ukraine,HTTP Cookie,TAsessionID,,bench_update_duration,TRUE,https://www.CLIENT_X.sa/c-e/ho/air-purifier-and-air-humidifier/air-performer-series-8000.html,Existing CM Trackers-Found,,,,,
www.CLIENT_X.ae,Essential cookies,CLIENT_X - Middle East Arab,Beacon,bench_new_T2_15813,,,TRUE,,Existing CM Trackers-Found,,,,,
tr.snapchat.com,Targeted Advertising Cookies (including social media) [Requires consent],Snap Inc.,Beacon,-,,,,,New Third Party Trackers,,,,,
www.CLIENT_X.com.cn,Essential cookies (exempt from consent),CLIENT_X - China,HTTP Cookie,eddl_gtm_qe_session_start_6523424625,,bench_update_duration,TRUE,https://www.CLIENT_X.com.qa/,Existing CM Trackers-Found,,,,,
CLIENT_X.ch,Essential cookies (exempt from consent),CLIENT_X - Switzerland,HTTP Cookie,s_nrpv,,session,TRUE,https://www.CLIENT_X.com.kw/ar/c-m-so/media-players/latest,Existing CM Trackers-Found,,,,,
CLIENT_X.ie,Essential cookies (exempt from consent),CLIENT_X - Ireland,HTTP Cookie,test,,bench_update_duration,,,Existing CM Trackers-Not Found,,,,,
www.CLIENT_X.be,Essential cookies (exempt from consent),CLIENT_X - Belgium,HTTP Cookie,notice_settings,,bench_update_duration,TRUE,https://www.CLIENT_X.sa/,Existing CM Trackers-Found,,,,,
www.CLIENT_X.ma,Essential cookies (exempt from consent),CLIENT_X - Morocco,HTTP Cookie,AWSELBCORS,,bench_update_duration,,,Existing CM Trackers-Not Found,,,,,
CLIENT_X.fr,Essential cookies (exempt from consent),CLIENT_X - France,HTTP Cookie,s_cm_direct,,bench_update_duration,,,New Third Party Trackers,,,,,
www.CLIENT_X.co.za,Essential cookies (exempt from consent),CLIENT_X - South Africa,HTTP Cookie,eddl_gtm_qe_session_start_6523424625,,bench_update_duration,,,Existing CM Trackers-Not Found,,,,,
CLIENT_X.ae,Essential cookies,CLIENT_X - Middle East Arab,HTTP Cookie,_ga_failed_lookup_marker_79_201,,90,,https://www.CLIENT_X.ae/,New First Party Trackers,,,,,
CLIENT_X.lv,Essential cookies (exempt from consent),CLIENT_X - Latvia,HTTP Cookie,s_eVar8,,,,,Existing CM Trackers-Not Found,,,,,
connect.facebook.net,Targeted Advertising cookies (including social media),Meta (formerly Facebook),JavaScript,bench_new_T2_15847,,,TRUE,http://www.CLIENT_X.com.qa/,Existing CM Trackers-Found,,,,,
www.subscription.CLIENT_X.ro,Essential cookies (exempt from consent),CLIENT_X - Romania,Local Storage,blank (local storage),,,,,Existing CM Trackers-Not Found,,,,,
CLIENT_X.com.au,Essential cookies (exempt from consent),CLIENT_X - Australia,HTTP Cookie,s_eVar44,,bench_update_duration,,,Existing CM Trackers-Not Found,,,,,
www.CLIENT_X.cz,Essential cookies (exempt from consent),CLIENT_X - Czech Republic,HTTP Cookie,eddl_etc_list,,,TRUE,http://www.CLIENT_X.jo/,Existing CM Trackers-Found,,,,,
www.lighting.CLIENT_X.com.tr,Essential cookies (exempt from consent),Signify (formerly CLIENT_X Lighting),HTTP Cookie,AWSELB,,bench_update_duration,TRUE,https://www.CLIENT_X.sa/c-m-ho/cooking/toaster/latest,Existing CM Trackers-Found,,,,,
CLIENT_X.com.qa,Essential cookies,CLIENT_X - Qatar,HTTP Cookie,_ga_failed_lookup_marker_79_208,,session,TRUE,https://www.CLIENT_X.com.qa/,Existing CM Trackers-Found,,,,,
CLIENT_X.es,Essential cookies (exempt from consent),CLIENT_X - Spain,HTTP Cookie,li_cm_prefs_session,,30,TRUE,https://www.CLIENT_X.jo/,Existing CM Trackers-Found,,,,,
CLIENT_X.co.th,Essential cookies (exempt from consent),CLIENT_X - Thailand,HTTP Cookie,TAsessionID,,bench_update_duration,,,Existing CM Trackers-Not Found,,,,,
CLIENT_X.com.qa,Essential cookies,CLIENT_X - Qatar,HTTP Cookie,bench_new_T2_15925,,session,TRUE,https://www.CLIENT_X.com.qa/,Existing CM Trackers-Found,,,,,
CLIENT_X.rs,Essential cookies (exempt from consent),CLIENT_X - Serbia,HTTP Cookie,s_pv,,7,,http://www.CLIENT_X.jo/,New First Party Trackers,,,,,
CLIENT_X.cl,Essential cookies (exempt from consent),CLIENT_X - Chile,HTTP Cookie,s_cm_direct,,bench_update_duration,TRUE,http://www.CLIENT_X.com.qa/,Existing CM Trackers-Found,,,,,
CLIENT_X.sk,Essential cookies (exempt from consent),CLIENT_X - Slovakia,HTTP Cookie,s_nrpv,,60,TRUE,https://www.CLIENT_X.jo/,Existing CM Trackers-Found,,,,,
CLIENT_X.nl,Essential cookies (exempt from consent),CLIENT_X - Netherlands,HTTP Cookie,_gcl_dc,,0,TRUE,https://www.CLIENT_X.com.qa/,Existing CM Trackers-Found,,,,,
www.CLIENT_X.lt,Essential cookies (exempt from consent),CLIENT_X - Lithuania,HTTP Cookie,AWSELBCORS,,0,TRUE,https://www.CLIENT_X.jo/,Existing CM Trackers-Found,,,,,
www.lighting.CLIENT_X.sa,Essential cookies (exempt from consent),Signify (formerly CLIENT_X Lighting),HTTP Cookie,AWSELBCORS,,0,,,New Third Party Trackers,,,,,
static.hotjar.com,Performance cookies,Hotjar,ETag,_ga_failed_lookup_marker_79_218,,,,,Existing CM Trackers-Not Found,,,,,
CLIENT_X.com.kw,Essential cookies,CLIENT_X - Kuwait,HTTP Cookie,_ga_failed_lookup_marker_79_219,,90,,https://www.CLIENT_X.com.kw/,New First Party Trackers,,,,,
stg.CLIENT_X.com.kw,Essential cookies (exempt from consent),CLIENT_X - Kuwait,HTTP Cookie,kampyleUserSession,,bench_update_duration,,,Existing CM Trackers-Not Found,,,,,
www.static.accounts.CLIENT_X.com,Essential cookies,Koninklijke CLIENT_X N.V.,JavaScript,_ga_failed_lookup_marker_79_221,,,,,Existing CM Trackers-Not Found,,,,,
www.CLIENT_X.com.eg,Essential cookies (exempt from consent),CLIENT_X - Egypt,HTTP Cookie,AWSELBCORS,,0,TRUE,http://www.CLIENT_X.jo/,Existing CM Trackers-Found,,,,,
CLIENT_X.fr,Essential cookies (exempt from consent),CLIENT_X - France,HTTP Cookie,s_cc,,bench_update_duration,,https://www.CLIENT_X.com.kw/,New First Party Trackers,,,,,
CLIENT_X.lt,Essential cookies (exempt from consent),CLIENT_X - Lithuania,HTTP Cookie,s_nrpv,,bench_update_duration,TRUE,https://www.CLIENT_X.ae/c-f/XC000019471/CLIENT_X-one-battery-replacement-instructions,Existing CM Trackers-Found,,,,,
CLIENT_X.ae,Essential cookies,CLIENT_X - Middle East Arab,HTTP Cookie,_ga_failed_lookup_marker_79_225,,393,TRUE,https://www.CLIENT_X.ae/,Existing CM Trackers-Found,,,,,
CLIENT_X.at,Essential cookies (exempt from consent),CLIENT_X - Austria,HTTP Cookie,_gdXXX,,session,,,Existing CM Trackers-Not Found,,,,,
www.CLIENT_X.be,Essential cookies (exempt from consent),CLIENT_X - Belgium,HTTP Cookie,BE_Pub-cart-com,,0,,,Existing CM Trackers-Not Found,,,,,
tag.navdmp.com,Targeted Advertising Cookies (including social media) [Requires consent],Navegg,JavaScript,-,,bench_update_duration,TRUE,https://www.CLIENT_X.com.qa/,Existing CM Trackers-Found,,,,,
CLIENT_X.com.kw,Essential cookies,CLIENT_X - Kuwait,HTTP Cookie,bench_new_T2_15877,,400,TRUE,https://www.CLIENT_X.com.kw/,Existing CM Trackers-Found,,,,,
www.CLIENT_X.ch,Essential cookies (exempt from consent),CLIENT_X - Switzerland,HTTP Cookie,_y2,,,,,Existing CM Trackers-Not Found,,,,,
www.crsc.CLIENT_X.com,Essential cookies (exempt from consent),Koninklijke CLIENT_X N.V.,ETag,blank (etag),,0,TRUE,https://www.CLIENT_X.com.qa/,Existing CM Trackers-Found,,,,,
www.CLIENT_X.be,Essential cookies (exempt from consent),CLIENT_X - Belgium,HTTP Cookie,mdLogger,,bench_update_duration,,,Existing CM Trackers-Not Found,,,,,
CLIENT_X.gr,Essential cookies (exempt from consent),CLIENT_X - Greece,HTTP Cookie,TAsessionID,,bench_update_duration,TRUE,https://www.CLIENT_X.com.qa/,Existing CM Trackers-Found,,,,,
www.standout.com.br,Targeted Advertising Cookies (including social media) [Requires consent],Standout,ETag,-,,bench_update_duration,,,Existing CM Trackers-Not Found,,,,,
CLIENT_X.com.tr,Essential cookies (exempt from consent),CLIENT_X - Turkey,HTTP Cookie,zScalerUser,,bench_update_duration,,,Existing CM Trackers-Not Found,,,,,
www.CLIENT_X.sk,Essential cookies (exempt from consent),CLIENT_X - Slovakia,HTTP Cookie,T01-recentlyViewedProducts,,bench_update_duration,TRUE,http://www.CLIENT_X.ae/,Existing CM Trackers-Found,,,,,
CLIENT_X.co.jp,Essential cookies (exempt from consent),CLIENT_X Electronics Corporation Japan,HTTP Cookie,s_cm,,bench_update_duration,TRUE,,Existing CM Trackers-Found,,,,,
CLIENT_X.com.pe,Essential cookies (exempt from consent),CLIENT_X - Peru,HTTP Cookie,s_cm_direct,,400,TRUE,https://www.CLIENT_X.sa/,Existing CM Trackers-Found,,,,,
c.seznam.cz,Targeted Advertising Cookies (including social media) [Requires consent],"Seznam.cz, a.s.",ETag,-,,7,,https://www.CLIENT_X.ae/c-m-ho/cooking/toaster/latest,New First Party Trackers,,,,,
CLIENT_X.co.nz,Essential cookies (exempt from consent),CLIENT_X - New Zealand,HTTP Cookie,TEST_AMCV_COOKIE,,,,,Existing CM Trackers-Not Found,,,,,
CLIENT_X.ae,Essential cookies,CLIENT_X - Middle East Arab,HTTP Cookie,_ga_failed_lookup_marker_79_241,,90,TRUE,https://www.CLIENT_X.ae/,Existing CM Trackers-Found,,,,,
www.CLIENT_X.jo,Essential cookies,CLIENT_X - Jordan,HTTP Cookie,bench_new_T2_15845,,365,TRUE,http://www.CLIENT_X.jo/,Existing CM Trackers-Found,,,,,
CLIENT_X.com.qa,Essential cookies,CLIENT_X - Qatar,HTTP Cookie,_ga_failed_lookup_marker_79_243,,0,TRUE,https://www.CLIENT_X.com.qa/,Existing CM Trackers-Found,,,,,
lighting.CLIENT_X.com.tw,Essential cookies (exempt from consent),Signify (formerly CLIENT_X Lighting),HTTP Cookie,s_ppvl,,,,,Existing CM Trackers-Not Found,,,,,
CLIENT_X.co.il,Essential cookies (exempt from consent),CLIENT_X - Israel,HTTP Cookie,da_intState,,bench_update_duration,TRUE,http://www.CLIENT_X.com.qa/,Existing CM Trackers-Found,,,,,
www.CLIENT_X.gr,Essential cookies (exempt from consent),CLIENT_X - Greece,HTTP Cookie,kampyleUserSessionsCount,,365,TRUE,https://www.CLIENT_X.sa/c-m-ho/cooking/toaster/latest,Existing CM Trackers-Found,,,,,
www.CLIENT_X.com.ar,Essential cookies (exempt from consent),CLIENT_X - Argentina,HTTP Cookie,_schn3,,0,TRUE,https://www.CLIENT_X.ae/c-m-ho/cooking/toaster/latest,Existing CM Trackers-Found,,,,,
CLIENT_X.com.kw,Essential cookies (exempt from consent),CLIENT_X - Kuwait,HTTP Cookie,_fbp,,bench_update_duration,TRUE,https://www.CLIENT_X.com.kw/ar/c-m-so/media-players/latest,Existing CM Trackers-Found,,,,,
www.centralamerica.CLIENT_X.com,Essential cookies (exempt from consent),Koninklijke CLIENT_X N.V.,HTTP Cookie,T01-recentlyViewedProducts,,,,,Existing CM Trackers-Not Found,,,,,
CLIENT_X.co.nz,Essential cookies (exempt from consent),CLIENT_X - New Zealand,HTTP Cookie,da_sid,,bench_update_duration,TRUE,https://www.CLIENT_X.com.qa/,Existing CM Trackers-Found,,,,,
www.CLIENT_X.lv,Essential cookies (exempt from consent),CLIENT_X - Latvia,HTTP Cookie,kampyleUserSession,,bench_update_duration,,,Existing CM Trackers-Not Found,,,,,
CLIENT_X.com.my,Essential cookies (exempt from consent),CLIENT_X - Malaysia,HTTP Cookie,_mkto_trk,,0,TRUE,https://www.CLIENT_X.ae/,Existing CM Trackers-Found,,,,,
www.CLIENT_X.com.mx,Essential cookies (exempt from consent),CLIENT_X - Mexico,HTTP Cookie,kampyleSessionPageCounter,,,,,Existing CM Trackers-Not Found,,,,,
www.CLIENT_X.com.tr,Essential cookies (exempt from consent),CLIENT_X - Turkey,HTTP Cookie,TR_Pub-cart-com,,,,,Existing CM Trackers-Not Found,,,,,
www.CLIENT_X.co.uk,Essential cookies (exempt from consent),CLIENT_X - United Kingdom,HTTP Cookie,eddl_abt_us1581720,,bench_update_duration,TRUE,https://www.CLIENT_X.sa/c-m-ho/cooking/toaster/latest,Existing CM Trackers-Found,,,,,
www.lighting.CLIENT_X.pl,Essential cookies (exempt from consent),Signify (formerly CLIENT_X Lighting),HTTP Cookie,AWSELBCORS,,bench_update_duration,TRUE,https://www.CLIENT_X.jo/c-e/ho/homeid-app.html,Existing CM Trackers-Found,,,,,
master--CLIENT_Xcl.myvtex.com,Performance Cookies [Requires consent],VTEX,ETag,-,,bench_update_duration,,,Existing CM Trackers-Not Found,,,,,
www.store-CLIENT_X.tw,Essential cookies (exempt from consent),CLIENT_X Store - Taiwan,HTTP Cookie,currency,,30,TRUE,https://www.CLIENT_X.sa/c-m-ho/cooking/toaster/latest,Existing CM Trackers-Found,,,,,
www.lighting.CLIENT_X.com.eg,Essential cookies (exempt from consent),Signify (formerly CLIENT_X Lighting),JavaScript,blank (java),,bench_update_duration,TRUE,https://www.CLIENT_X.jo/,Existing CM Trackers-Found,,,,,
search-eu.cloud.coveo.com,Performance Cookies [Requires consent],Coveo Solutions Inc.,Beacon,-,,bench_update_duration,TRUE,https://www.CLIENT_X.sa/c-e/ho/cooking/all-in-one-cooker-3000.html,Existing CM Trackers-Found,,,,,
CLIENT_X.com.sg,Essential cookies (exempt from consent),CLIENT_X - Singapore,HTTP Cookie,s_cm,,bench_update_duration,,,Existing CM Trackers-Not Found,,,,,
www.CLIENT_X.com.eg,Essential cookies (exempt from consent),CLIENT_X - Egypt,Local Storage,blank (local storage),,bench_update_duration,TRUE,https://www.CLIENT_X.com.kw/,Existing CM Trackers-Found,,,,,
CLIENT_X.com.cn,Essential cookies (exempt from consent),CLIENT_X - China,HTTP Cookie,_scid_r,,bench_update_duration,TRUE,https://www.CLIENT_X.com.qa/,Existing CM Trackers-Found,,,,,
www.CLIENT_X.ae,Essential cookies,CLIENT_X - Middle East Arab,HTTP Cookie,bench_new_T2_15985,,365,TRUE,https://www.CLIENT_X.ae/c-m-ho/cooking/toaster/latest,Existing CM Trackers-Found,,,,,
CLIENT_X.com.mx,Essential cookies (exempt from consent),CLIENT_X - Mexico,HTTP Cookie,mbox,,,TRUE,https://www.CLIENT_X.sa/c-e/ho/air-purifier-and-air-humidifier/air-performer-series-8000.html,Existing CM Trackers-Found,,,,,
www.centralamerica.CLIENT_X.com,Essential cookies (exempt from consent),Koninklijke CLIENT_X N.V.,HTTP Cookie,liveagent_vc,,bench_update_duration,TRUE,https://www.CLIENT_X.sa/c-f/XC000004909/how-do-i-use-the-attachments-of-my-CLIENT_X-epilator,Existing CM Trackers-Found,,,,,
region1.analytics.google.com,Performance cookies,Google Inc.,Beacon,_ga_failed_lookup_marker_79_267,,,TRUE,,Existing CM Trackers-Found,,,,,
CLIENT_X.ua,Essential cookies (exempt from consent),CLIENT_X - Ukraine,HTTP Cookie,com.adobe.alloy.getTld,,365,,https://www.CLIENT_X.com.kw/,New First Party Trackers,,,,,
CLIENT_X.com,Essential cookies,Koninklijke CLIENT_X N.V.,HTTP Cookie,_ga_failed_lookup_marker_79_269,,,,,Existing CM Trackers-Not Found,,,,,
www.CLIENT_X.lt,Essential cookies (exempt from consent),CLIENT_X - Lithuania,HTTP Cookie,notice_settings,,0,TRUE,https://www.CLIENT_X.com.qa/,Existing CM Trackers-Found,,,,,
CLIENT_X.co.ke,Essential cookies (exempt from consent),CLIENT_X - Kenya,HTTP Cookie,_fbp,,bench_update_duration,TRUE,https://www.CLIENT_X.com.kw/,Existing CM Trackers-Found,,,,,
CLIENT_X.sa,Essential cookies,CLIENT_X - Kingdom of Saudi Arabia,HTTP Cookie,_ga_failed_lookup_marker_79_272,,365,TRUE,https://www.CLIENT_X.sa/,Existing CM Trackers-Found,,,,,
www.CLIENT_X.rs,Essential cookies (exempt from consent),CLIENT_X - Serbia,HTTP Cookie,T01-recentlyViewedProducts,,bench_update_duration,,,Existing CM Trackers-Not Found,,,,,
CLIENT_X.de,Essential cookies (exempt from consent),CLIENT_X - Germany,HTTP Cookie,_y2,,180,TRUE,https://www.CLIENT_X.jo/healthcare/innovation/research-and-exploration,Existing CM Trackers-Found,,,,,
www.tienda.CLIENT_X.com.co,Essential cookies (exempt from consent),CLIENT_X - Colombia,HTTP Cookie,janus_sid,,0,TRUE,https://www.CLIENT_X.sa/,Existing CM Trackers-Found,,,,,
www.lighting.CLIENT_X.bg,Essential cookies (exempt from consent),Signify (formerly CLIENT_X Lighting),HTTP Cookie,s_mc,,bench_update_duration,,,Existing CM Trackers-Not Found,,,,,
www.lighting.CLIENT_X.lv,Essential cookies (exempt from consent),Signify (formerly CLIENT_X Lighting),HTTP Cookie,customer_country,,,,,Existing CM Trackers-Not Found,,,,,
www.lighting.CLIENT_X.com.my,Essential cookies (exempt from consent),Signify (formerly CLIENT_X Lighting),HTTP Cookie,d01-layout,,bench_update_duration,TRUE,https://www.CLIENT_X.ae/,Existing CM Trackers-Found,,,,,
CLIENT_X.com.kw,Essential cookies (exempt from consent),CLIENT_X - Kuwait,HTTP Cookie,s_nrpv,,,,,Existing CM Trackers-Not Found,,,,,
www.CLIENT_X.jo,Performance cookies,CLIENT_X - Jordan,HTTP Cookie,_ga_failed_lookup_marker_79_280,,session,TRUE,http://www.CLIENT_X.jo/,Existing CM Trackers-Found,,,,,
CLIENT_X.co.nz,Essential cookies (exempt from consent),CLIENT_X - New Zealand,HTTP Cookie,kndctr_AF93936257A37E0A7F000101_AdobeOrg_cluster,,bench_update_duration,TRUE,https://www.CLIENT_X.ae/,Existing CM Trackers-Found,,,,,
www.lighting.CLIENT_X.co.kr,Essential cookies (exempt from consent),Signify (formerly CLIENT_X Lighting),HTTP Cookie,customer_language_accept,,bench_update_duration,,,Existing CM Trackers-Not Found,,,,,
CLIENT_X.lv,Essential cookies (exempt from consent),CLIENT_X - Latvia,HTTP Cookie,_fbp,,,,,Existing CM Trackers-Not Found,,,,,
pixel.byspotify.com,Targeted Advertising Cookies (including social media) [Requires consent],Spotify,JavaScript,-,,bench_update_duration,TRUE,https://www.CLIENT_X.sa/,Existing CM Trackers-Found,,,,,
www.CLIENT_X.com.qa,Essential cookies (exempt from consent),CLIENT_X - Qatar,HTTP Cookie,AWSELBCORS,,0,TRUE,,Existing CM Trackers-Found,,,,,
www.tienda.CLIENT_X.com.ar,Essential cookies (exempt from consent),CLIENT_X - Argentina,HTTP Cookie,twk_idm_key,,bench_update_duration,TRUE,https://www.CLIENT_X.ae/,Existing CM Trackers-Found,,,,,
acsbapp.com,Performance Cookies [Requires consent],accessiBe,JavaScript,-,,bench_update_duration,,,Existing CM Trackers-Not Found,,,,,
www.CLIENT_X.com.eg,Essential cookies (exempt from consent),CLIENT_X - Egypt,HTTP Cookie,kampyleUserSessionsCount,,bench_update_duration,,,New Third Party Trackers,,,,,
CLIENT_X.co.id,Essential cookies (exempt from consent),CLIENT_X - Indonesia,HTTP Cookie,FPLC,,bench_update_duration,TRUE,https://www.CLIENT_X.sa/c-m-ho/cooking/toaster/latest,Existing CM Trackers-Found,,,,,
www.CLIENT_X.fi,Essential cookies (exempt from consent),CLIENT_X - Finland,HTTP Cookie,kampylePageLoadedTimestamp,,400,TRUE,https://www.CLIENT_X.jo/a-w/about-CLIENT_X/company-profile.html,Existing CM Trackers-Found,,,,,
CLIENT_X.pt,Essential cookies (exempt from consent),CLIENT_X - Portugal,HTTP Cookie,s_ugv,,bench_update_duration,TRUE,https://www.CLIENT_X.ae/,Existing CM Trackers-Found,,,,,
CLIENT_X.cl,Essential cookies (exempt from consent),CLIENT_X - Chile,HTTP Cookie,mbox,,393,TRUE,https://www.CLIENT_X.sa/,Existing CM Trackers-Found,,,,,
www.subscription.CLIENT_X.co.uk,Essential cookies (exempt from consent),CLIENT_X - United Kingdom,HTTP Cookie,kampyleUserSession,,,,,Existing CM Trackers-Not Found,,,,,
acc.usa.CLIENT_X.com,Essential cookies (exempt from consent),Koninklijke CLIENT_X N.V.,HTTP Cookie,eddl_gtm_qe_session_start_6523424625,,bench_update_duration,TRUE,https://www.CLIENT_X.jo/,Existing CM Trackers-Found,,,,,
www.CLIENT_X.com.kw,Essential cookies,CLIENT_X - Kuwait,HTTP Cookie,bench_new_T2_15849,,7,,https://www.CLIENT_X.com.kw/ar/c-m-so/media-players/latest,New First Party Trackers,,,,,
CLIENT_X.dk,Essential cookies (exempt from consent),CLIENT_X - Denmark,HTTP Cookie,at_check,,session,TRUE,https://www.CLIENT_X.sa/c-m-ho/cooking/toaster/latest,Existing CM Trackers-Found,,,,,
www.patientcare.shop.CLIENT_X.co.in,Essential cookies (exempt from consent),CLIENT_X - India,HTTP Cookie,kampyle_userid,,bench_update_duration,TRUE,https://www.CLIENT_X.jo/,Existing CM Trackers-Found,,,,,
www.results.CLIENT_X.com.cn,Essential cookies (exempt from consent),CLIENT_X - China,ETag,blank (etag),,400,,https://www.CLIENT_X.ae/,New First Party Trackers,,,,,
lighting.CLIENT_X.se,Essential cookies (exempt from consent),Signify (formerly CLIENT_X Lighting),HTTP Cookie,com.adobe.alloy.getTld,,bench_update_duration,,,Existing CM Trackers-Not Found,,,,,
www.lighting.CLIENT_X.ng,Essential cookies (exempt from consent),Signify (formerly CLIENT_X Lighting),JavaScript,blank (java),,bench_update_duration,TRUE,https://www.CLIENT_X.jo/healthcare,Existing CM Trackers-Found,,,,,
CLIENT_X.co.th,Essential cookies (exempt from consent),CLIENT_X - Thailand,HTTP Cookie,s_cc,,,,https://www.CLIENT_X.ae/a-w/cookie-notice,New Third Party Trackers,,,,,
acc.usa.CLIENT_X.com,Essential cookies (exempt from consent),Koninklijke CLIENT_X N.V.,HTTP Cookie,shop-health,,bench_update_duration,TRUE,https://www.CLIENT_X.com.kw/,Existing CM Trackers-Found,,,,,
www.CLIENT_X.com.kw,Essential cookies,CLIENT_X - Kuwait,HTTP Cookie,_ga_failed_lookup_marker_79_303,,365,TRUE,https://www.CLIENT_X.com.kw/ar/c-m-so/media-players/latest,Existing CM Trackers-Found,,,,,
www.lighting.CLIENT_X.lt,Essential cookies (exempt from consent),Signify (formerly CLIENT_X Lighting),HTTP Cookie,customer_language_accept,,bench_update_duration,,,Existing CM Trackers-Not Found,,,,,
www.CLIENT_X.bg,Essential cookies (exempt from consent),CLIENT_X - Bulgaria,HTTP Cookie,eddl_itc_list,,729,,,Existing CM Trackers-Not Found,,,,,
CLIENT_X.fi,Essential cookies (exempt from consent),CLIENT_X - Finland,HTTP Cookie,s_tid,,365,TRUE,https://www.CLIENT_X.com.kw/ar/c-m-so/media-players/latest,Existing CM Trackers-Found,,,,,
CLIENT_X.com.pe,Essential cookies (exempt from consent),CLIENT_X - Peru,HTTP Cookie,_fbp,,0,TRUE,https://www.CLIENT_X.ae/,Existing CM Trackers-Found,,,,,
CLIENT_X.co.in,Essential cookies (exempt from consent),CLIENT_X - India,HTTP Cookie,_clck,,bench_update_duration,,,Existing CM Trackers-Not Found,,,,,
CLIENT_X.se,Essential cookies (exempt from consent),CLIENT_X - Sweden,HTTP Cookie,_gdXXX,,session,,https://www.CLIENT_X.jo/,Existing CM Trackers-Found,,,,,
maps.googleapis.com,Performance Cookies [Requires consent],Google Inc.,ETag,-,,,,,Existing CM Trackers-Not Found,,,,,
www.CLIENT_X.co.za,Essential cookies (exempt from consent),CLIENT_X - South Africa,HTTP Cookie,_yi,,,,,Existing CM Trackers-Not Found,,,,,
CLIENT_X.cz,Essential cookies (exempt from consent),CLIENT_X - Czech Republic,HTTP Cookie,_gid,,365,TRUE,https://www.CLIENT_X.com.qa/,Existing CM Trackers-Found,,,,,
CLIENT_X.com.mx,Essential cookies (exempt from consent),CLIENT_X - Mexico,HTTP Cookie,_scid,,bench_update_duration,TRUE,https://www.CLIENT_X.com.kw/ar/c-m-so/media-players/latest,Existing CM Trackers-Found,,,,,
CLIENT_X.co.uk,Essential cookies (exempt from consent),CLIENT_X - United Kingdom,HTTP Cookie,_scid_r,,bench_update_duration,,,Existing CM Trackers-Not Found,,,,,
CLIENT_X.ae,Essential cookies (exempt from consent),CLIENT_X - Middle East Arab,HTTP Cookie,TEST_AMCV_COOKIE,,bench_update_duration,,,Existing CM Trackers-Not Found,,,,,
CLIENT_X.com,Essential cookies (exempt from consent),Koninklijke CLIENT_X N.V.,HTTP Cookie,s_ria,,bench_update_duration,,,Existing CM Trackers-Not Found,,,,,
CLIENT_X.dk,Essential cookies (exempt from consent),CLIENT_X - Denmark,HTTP Cookie,internalUserCheck,,1,TRUE,https://www.CLIENT_X.com.qa/,Existing CM Trackers-Found,,,,,
www.CLIENT_X.com.eg,Essential cookies (exempt from consent),CLIENT_X - Egypt,HTTP Cookie,T01-recentlyViewedProducts,,,,https://www.CLIENT_X.jo/healthcare,New Third Party Trackers,,,,,
CLIENT_X.co.nz,Essential cookies (exempt from consent),CLIENT_X - New Zealand,HTTP Cookie,_scid_r,,,TRUE,,Existing CM Trackers-Found,,,,,
CLIENT_X.ru,Essential cookies (exempt from consent),CLIENT_X - Russia,HTTP Cookie,TEST_AMCV_COOKIE_WRITE,,session,TRUE,https://www.CLIENT_X.sa/,Existing CM Trackers-Found,,,,,
*.t.eloqua.com,Targeted Advertising cookies (including social media),Oracle Marketing,JavaScript,_ga_failed_lookup_marker_79_321,,,,https://www.CLIENT_X.com.qa/healthcare/product/HC722227,Existing CM Trackers-Found,,,,,
CLIENT_X.at,Essential cookies (exempt from consent),CLIENT_X - Austria,HTTP Cookie,_scid,,0,TRUE,http://www.CLIENT_X.jo/,Existing CM Trackers-Found,,,,,
www.CLIENT_X.com.eg,Essential cookies (exempt from consent),CLIENT_X - Egypt,HTTP Cookie,p-hc-catg,,,,,New Third Party Trackers,,,,,
www.CLIENT_X.jo,Essential cookies,CLIENT_X - Jordan,HTTP Cookie,_ga_failed_lookup_marker_79_324,,365,TRUE,http://www.CLIENT_X.jo/,Existing CM Trackers-Found,,,,,
CLIENT_X.jo,Essential cookies,CLIENT_X - Jordan,HTTP Cookie,_ga_failed_lookup_marker_79_325,,0,TRUE,https://www.CLIENT_X.jo/,Existing CM Trackers-Found,,,,,
www.shop.CLIENT_X.lt,Essential cookies (exempt from consent),CLIENT_X - Lithuania,Beacon,blank (beacon),,,,,Existing CM Trackers-Not Found,,,,,
www.CLIENT_X.com.sg,Essential cookies (exempt from consent),CLIENT_X - Singapore,Local Storage,blank (local storage),,,,,Existing CM Trackers-Not Found,,,,,
lighting.CLIENT_X.com.tw,Essential cookies (exempt from consent),Signify (formerly CLIENT_X Lighting),HTTP Cookie,s_ppv,,,TRUE,https://www.CLIENT_X.ae/healthcare/about/support/resource-center/results,Existing CM Trackers-Found,,,,,
use.fontawesome.com,Performance Cookies [Requires consent],Font Awesome,ETag,-,,bench_update_duration,TRUE,https://www.CLIENT_X.sa/c-m-ho/cooking/toaster/latest,Existing CM Trackers-Found,,,,,
static.ticimax.cloud,Performance Cookies [Requires consent],Ticimax,JavaScript,-,,bench_update_duration,TRUE,https://www.CLIENT_X.com.kw/,Existing CM Trackers-Found,,,,,
www.CLIENT_X.nl,Essential cookies (exempt from consent),CLIENT_X - Netherlands,HTTP Cookie,JSESSIONID,,session,TRUE,https://www.CLIENT_X.sa/,Existing CM Trackers-Found,,,,,
www.CLIENT_X.ma,Essential cookies (exempt from consent),CLIENT_X - Morocco,HTTP Cookie,kampyleUserSessionsCount,,bench_update_duration,,https://www.CLIENT_X.ae/,New Third Party Trackers,,,,,
www.CLIENT_X.com.ph,Essential cookies (exempt from consent),CLIENT_X - Philippines,HTTP Cookie,test,,365,TRUE,https://www.CLIENT_X.ae/c-f/XC000019471/CLIENT_X-one-battery-replacement-instructions,Existing CM Trackers-Found,,,,,
CLIENT_X.com.eg,Essential cookies (exempt from consent),CLIENT_X - Egypt,HTTP Cookie,TEST_AMCV_COOKIE,,180,TRUE,https://www.CLIENT_X.jo/,Existing CM Trackers-Found,,,,,
lighting.CLIENT_X.co.id,Essential cookies (exempt from consent),Signify (formerly CLIENT_X Lighting),HTTP Cookie,s_vs,,bench_update_duration,TRUE,https://www.CLIENT_X.jo/healthcare,Existing CM Trackers-Found,,,,,
www.centralamerica.CLIENT_X.com,Essential cookies (exempt from consent),Koninklijke CLIENT_X N.V.,HTTP Cookie,eddl_gtm_qe_session_start_6523424625,,180,TRUE,https://www.CLIENT_X.jo/c-e/ho/homeid-app.html,Existing CM Trackers-Found,,,,,
CLIENT_X.com.cn,Essential cookies (exempt from consent),CLIENT_X - China,HTTP Cookie,mbox,,,TRUE,https://www.CLIENT_X.sa/en/a-w/about.html,Existing CM Trackers-Found,,,,,
www.CLIENT_X.at,Essential cookies (exempt from consent),CLIENT_X - Austria,HTTP Cookie,fl_qualified_entry,,bench_update_duration,,https://www.CLIENT_X.ae/c-m-ho/cooking/toaster/latest,New First Party Trackers,,,,,
www.lighting.CLIENT_X.com.br,Essential cookies (exempt from consent),Signify (formerly CLIENT_X Lighting),HTTP Cookie,AWSELBCORS,,bench_update_duration,TRUE,https://www.CLIENT_X.jo/,Existing CM Trackers-Found,,,,,
CLIENT_X.ie,Essential cookies (exempt from consent),CLIENT_X - Ireland,HTTP Cookie,s_eVar44,,400,,https://www.CLIENT_X.jo/,New First Party Trackers,,,,,
sc-static.net,Targeted Advertising cookies (including social media),Snap Inc.,JavaScript,_ga_failed_lookup_marker_79_341,,,TRUE,https://www.CLIENT_X.sa/c-e/ho/air-purifier-and-air-humidifier/air-performer-series-8000.html,Existing CM Trackers-Found,,,,,
www.healthcare.shop.CLIENT_X.fr,Essential cookies (exempt from consent),CLIENT_X - France,HTTP Cookie,RT,,bench_update_duration,TRUE,https://www.CLIENT_X.com.kw/,Existing CM Trackers-Found,,,,,
www.CLIENT_X.com.qa,Essential cookies (exempt from consent),CLIENT_X - Qatar,HTTP Cookie,mdLogger,,365,TRUE,https://www.CLIENT_X.ae/c-m-ho/cooking/toaster/latest,Existing CM Trackers-Found,,,,,
CLIENT_X.com.pk,Essential cookies (exempt from consent),CLIENT_X - Pakistan,HTTP Cookie,com.adobe.alloy.getTld,,bench_update_duration,TRUE,https://www.CLIENT_X.sa/,Existing CM Trackers-Found,,,,,
www.CLIENT_X.sa,Essential cookies (exempt from consent),CLIENT_X - Kingdom of Saudi Arabia,HTTP Cookie,user_country,,,TRUE,,Existing CM Trackers-Found,,,,,
CLIENT_X.ae,Essential cookies,CLIENT_X - Middle East Arab,HTTP Cookie,bench_new_T2_15863,,0,TRUE,https://www.CLIENT_X.ae/,Existing CM Trackers-Found,,,,,
www.saude.CLIENT_X.com.br,Essential cookies (exempt from consent),CLIENT_X - Brazil,HTTP Cookie,VtexRCMacIdv7,,,TRUE,https://www.CLIENT_X.com.qa/c-w/support-home/support-contact-page.html,Existing CM Trackers-Found,,,,,
CLIENT_X.co.th,Essential cookies (exempt from consent),CLIENT_X - Thailand,HTTP Cookie,_scid,,bench_update_duration,,,Existing CM Trackers-Not Found,,,,,
www.lighting.CLIENT_X.si,Essential cookies (exempt from consent),Signify (formerly CLIENT_X Lighting),HTTP Cookie,customer_country,,bench_update_duration,TRUE,https://www.CLIENT_X.com.kw/,Existing CM Trackers-Found,,,,,
www.results.CLIENT_X.com.cn,Essential cookies (exempt from consent),CLIENT_X - China,HTTP Cookie,CloudFront-Signature,,90,TRUE,https://www.CLIENT_X.sa/,Existing CM Trackers-Found,,,,,
ap4vqqyx3cniczn3u7kq-XXXXXX-XXXXXXXXX-clientnsv4-s.akamaihd.net,Targeted Advertising Cookies (including social media) [Requires consent],Akamai,ETag,-,,bench_update_duration,,,Existing CM Trackers-Not Found,,,,,
www.CLIENT_X.com.qa,Essential cookies,CLIENT_X - Qatar,HTTP Cookie,_ga_failed_lookup_marker_79_352,,6,,https://www.CLIENT_X.com.qa/,New First Party Trackers,,,,,
connect.facebook.net,Targeted Advertising cookies (including social media),Meta (formerly Facebook),JavaScript,bench_new_T2_15974,,,TRUE,http://www.CLIENT_X.com.qa/,Existing CM Trackers-Found,,,,,
respirtech.com,Essential cookies (exempt from consent),RespirTech,HTTP Cookie,notice_behavior,,bench_update_duration,TRUE,https://www.CLIENT_X.jo/healthcare,Existing CM Trackers-Found,,,,,
api-maps.yandex.ru,Targeted Advertising Cookies (including social media) [Requires consent],Yandex,JavaScript,-,,390,TRUE,https://www.CLIENT_X.jo/,Existing CM Trackers-Found,,,,,
CLIENT_X.sk,Essential cookies (exempt from consent),CLIENT_X - Slovakia,HTTP Cookie,_gcl_au,,,TRUE,http://www.CLIENT_X.ae/,Existing CM Trackers-Found,,,,,
www.CLIENT_X.fr,Essential cookies (exempt from consent),CLIENT_X - France,HTTP Cookie,kampyleUserPercentile,,,,,Existing CM Trackers-Not Found,,,,,
www.CLIENT_X.ae,Essential cookies,CLIENT_X - Middle East Arab,HTTP Cookie,bench_new_T2_15810,,365,TRUE,https://www.CLIENT_X.ae/c-m-ho/cooking/toaster/latest,Existing CM Trackers-Found,,,,,
CLIENT_X.at,Essential cookies (exempt from consent),CLIENT_X - Austria,HTTP Cookie,s_gnr,,bench_update_duration,,https://www.CLIENT_X.ae/a-w/cookie-notice,New Third Party Trackers,,,,,
lighting.CLIENT_X.com.my,Essential cookies (exempt from consent),Signify (formerly CLIENT_X Lighting),HTTP Cookie,s_ppv,,bench_update_duration,TRUE,https://www.CLIENT_X.com.kw/,Existing CM Trackers-Found,,,,,
CLIENT_X.ru,Essential cookies (exempt from consent),CLIENT_X - Russia,HTTP Cookie,s_cc,,392,TRUE,https://www.CLIENT_X.jo/healthcare,Existing CM Trackers-Found,,,,,
subscription.CLIENT_X.cz,Essential cookies (exempt from consent),CLIENT_X - Czech Republic,HTTP Cookie,_pin_unauth,,,,,Existing CM Trackers-Not Found,,,,,
CLIENT_X.no,Essential cookies (exempt from consent),CLIENT_X - Norway,HTTP Cookie,s_pv,,365,TRUE,https://www.CLIENT_X.jo/a-w/about-CLIENT_X/company-profile.html,Existing CM Trackers-Found,,,,,
CLIENT_X.pt,Essential cookies (exempt from consent),CLIENT_X - Portugal,HTTP Cookie,s_gnr,,,,https://www.CLIENT_X.ae/a-w/about-CLIENT_X/company/businesses.html,New Third Party Trackers,,,,,
www.CLIENT_X.hu,Essential cookies (exempt from consent),CLIENT_X - Hungary,HTTP Cookie,eddl_gtm_qe_session_start_6523424625,,,,,Existing CM Trackers-Not Found,,,,,
CLIENT_X.co.uk,Essential cookies (exempt from consent),CLIENT_X - United Kingdom,HTTP Cookie,da_lid,,,,https://www.CLIENT_X.ae/c-t/XC000006201/my-CLIENT_X-toaster-smells-during-first-time-use,New Third Party Trackers,,,,,
CLIENT_X.jo,Essential cookies,CLIENT_X - Jordan,HTTP Cookie,bench_new_T2_15886,,session,TRUE,https://www.CLIENT_X.jo/,Existing CM Trackers-Found,,,,,
connect.facebook.net,Targeted Advertising cookies (including social media),Meta (formerly Facebook),Beacon,bench_new_T2_15803,,,TRUE,,Existing CM Trackers-Found,,,,,
CLIENT_X.sa,Targeted Advertising cookies (including social media),CLIENT_X - Kingdom of Saudi Arabia,HTTP Cookie,_ga_failed_lookup_marker_79_369,,,,,Existing CM Trackers-Not Found,,,,,
CLIENT_X.co.il,Essential cookies (exempt from consent),CLIENT_X - Israel,HTTP Cookie,mbox,,,TRUE,https://www.CLIENT_X.com.kw/c-w/support-home/support-contact-page.html,Existing CM Trackers-Found,,,,,
www.lighting.CLIENT_X.ma,Essential cookies (exempt from consent),Signify (formerly CLIENT_X Lighting),HTTP Cookie,s_mc,,,,,Existing CM Trackers-Not Found,,,,,
lighting.CLIENT_X.com.hk,Essential cookies (exempt from consent),CLIENT_X - Hong Kong,HTTP Cookie,s_nr,,bench_update_duration,,,Existing CM Trackers-Not Found,,,,,
www.subscription.CLIENT_X.co.uk,Essential cookies (exempt from consent),CLIENT_X - United Kingdom,Local Storage,blank (local storage),,,TRUE,https://www.CLIENT_X.com.kw/,Existing CM Trackers-Found,,,,,
www.CLIENT_X.hr,Essential cookies (exempt from consent),CLIENT_X - Croatia,HTTP Cookie,CLIENT_X,,bench_update_duration,TRUE,https://www.CLIENT_X.sa/,Existing CM Trackers-Found,,,,,
CLIENT_X.ae,Essential cookies,CLIENT_X - Middle East Arab,HTTP Cookie,_ga_failed_lookup_marker_79_375,,90,,https://www.CLIENT_X.ae/,New First Party Trackers,,,,,
CLIENT_X.jo,Essential cookies,CLIENT_X - Jordan,HTTP Cookie,bench_new_T2_15988,,session,TRUE,https://www.CLIENT_X.jo/,Existing CM Trackers-Found,,,,,
CLIENT_X.com.gh,Essential cookies (exempt from consent),CLIENT_X - Ghana,HTTP Cookie,at_check,,bench_update_duration,,,Existing CM Trackers-Not Found,,,,,
CLIENT_X.sa,Essential cookies (exempt from consent),CLIENT_X - Kingdom of Saudi Arabia,HTTP Cookie,TEST_AMCV_COOKIE,,,,,Existing CM Trackers-Not Found,,,,,
assets.kampyle.com,Performance cookies,Medallia,ETag,bench_new_T2_15982,,,TRUE,https://www.CLIENT_X.sa/en/a-w/about.html,Existing CM Trackers-Found,,,,,
www.lighting.CLIENT_X.com.my,Essential cookies (exempt from consent),Signify (formerly CLIENT_X Lighting),HTTP Cookie,AWSELBCORS,,bench_update_duration,,,Existing CM Trackers-Not Found,,,,,
stg.CLIENT_X.com.kw,Essential cookies (exempt from consent),CLIENT_X - Kuwait,HTTP Cookie,AWSELBCORS,,0,TRUE,http://www.CLIENT_X.com.qa/,Existing CM Trackers-Found,,,,,
www.CLIENT_X.com.vn,Essential cookies (exempt from consent),CLIENT_X - Vietnam,Beacon,blank (beacon),,bench_update_duration,,https://www.CLIENT_X.com.qa/,New First Party Trackers,,,,,
versuni.scene7.com,Performance cookies,Adobe Experience Cloud - Experience Manager,ETag,_ga_failed_lookup_marker_79_383,,,TRUE,https://www.CLIENT_X.ae/c-f/XC000021994/how-to-clean-the-dust-bucket-and-filter-of-my-CLIENT_X-1000-series-bagless-vacuum-cleaner,Existing CM Trackers-Found,,,,,
www.CLIENT_X.co.in,Essential cookies (exempt from consent),CLIENT_X - India,HTTP Cookie,_sdsat_pgm_optin,,400,TRUE,https://www.CLIENT_X.com.kw/,Existing CM Trackers-Found,,,,,
www.lighting.CLIENT_X.co.ke,Essential cookies (exempt from consent),Signify (formerly CLIENT_X Lighting),ETag,blank (etag),,bench_update_duration,TRUE,https://www.CLIENT_X.sa/c-m-ho/cooking/toaster/latest,Existing CM Trackers-Found,,,,,
lighting.CLIENT_X.co.id,Essential cookies (exempt from consent),Signify (formerly CLIENT_X Lighting),HTTP Cookie,s_ppv,,bench_update_duration,TRUE,,Existing CM Trackers-Found,,,,,
CLIENT_X.se,Essential cookies (exempt from consent),CLIENT_X - Sweden,HTTP Cookie,_tt_enable_cookie,,,,,Existing CM Trackers-Not Found,,,,,
CLIENT_X.ch,Essential cookies (exempt from consent),CLIENT_X - Switzerland,HTTP Cookie,s_ugv,,0,TRUE,https://www.CLIENT_X.com.kw/,Existing CM Trackers-Found,,,,,
www.CLIENT_X.ro,Essential cookies (exempt from consent),CLIENT_X - Romania,JavaScript,blank (java),,,,,Existing CM Trackers-Not Found,,,,,
pixel.wp.com,Performance Cookies [Requires consent],WordPress,Beacon,-,,365,TRUE,https://www.CLIENT_X.com.qa/,Existing CM Trackers-Found,,,,,
www.igt-interactive-tour.com,Essential cookies (exempt from consent),Koninklijke CLIENT_X N.V.,JavaScript,blank (java),,365,TRUE,https://www.CLIENT_X.com.kw/ar/c-m-so/media-players/latest,Existing CM Trackers-Found,,,,,
CLIENT_X.pl,Essential cookies (exempt from consent),CLIENT_X - Poland,HTTP Cookie,TAsessionID,,bench_update_duration,TRUE,https://www.CLIENT_X.sa/c-e/ho/air-purifier-and-air-humidifier/air-performer-series-8000.html,Existing CM Trackers-Found,,,,,
www.subscription.CLIENT_X.ro,Essential cookies (exempt from consent),CLIENT_X - Romania,HTTP Cookie,fl_qualified_entry,,bench_update_duration,TRUE,https://www.CLIENT_X.com.qa/,Existing CM Trackers-Found,,,,,
CLIENT_X.sa,Essential cookies,CLIENT_X - Kingdom of Saudi Arabia,HTTP Cookie,_ga_failed_lookup_marker_79_394,,0,TRUE,https://www.CLIENT_X.sa/,Existing CM Trackers-Found,,,,,
lighting.CLIENT_X.com.tr,Essential cookies (exempt from consent),Signify (formerly CLIENT_X Lighting),HTTP Cookie,s_ppv,,400,TRUE,https://www.CLIENT_X.ae/,Existing CM Trackers-Found,,,,,
seznam.cz,Targeted Advertising Cookies (including social media) [Requires consent],"Seznam.cz, a.s.",HTTP Cookie,sid,,29,TRUE,https://www.CLIENT_X.com.qa/,Existing CM Trackers-Found,,,,,
www.lighting.CLIENT_X.it,Essential cookies (exempt from consent),Signify (formerly CLIENT_X Lighting),HTTP Cookie,customer_language_accept,,,,,Existing CM Trackers-Not Found,,,,,
www.lighting.CLIENT_X.com.mx,Essential cookies (exempt from consent),Signify (formerly CLIENT_X Lighting),HTTP Cookie,d01-layout,,bench_update_duration,,,Existing CM Trackers-Not Found,,,,,
CLIENT_X-hk-fss.oss-ap-southeast-1.aliyuncs.com,Performance Cookies [Requires consent],Alibaba Cloud,ETag,-,,bench_update_duration,,,Existing CM Trackers-Not Found,,,,,
www.CLIENT_X.co.ke,Essential cookies (exempt from consent),CLIENT_X - Kenya,HTTP Cookie,kampyle_userid,,180,TRUE,https://www.CLIENT_X.jo/,Existing CM Trackers-Found,,,,,
stg.CLIENT_X.com.kw,Essential cookies,CLIENT_X - Kuwait,HTTP Cookie,_ga_failed_lookup_marker_79_401,,,,,Existing CM Trackers-Not Found,,,,,
images.CLIENT_X.com,Essential cookies (exempt from consent),Koninklijke CLIENT_X N.V.,JavaScript,blank (java),,bench_update_duration,,,Existing CM Trackers-Not Found,,,,,
acc.usa.CLIENT_X.com,Essential cookies (exempt from consent),Koninklijke CLIENT_X N.V.,HTTP Cookie,AWSELBCORS,,0,,,Existing CM Trackers-Not Found,,,,,
CLIENT_X.ma,Essential cookies (exempt from consent),CLIENT_X - Morocco,HTTP Cookie,internalUserCheck,,bench_update_duration,TRUE,https://www.CLIENT_X.sa/,Existing CM Trackers-Found,,,,,
CLIENT_X.com.au,Essential cookies (exempt from consent),CLIENT_X - Australia,HTTP Cookie,zScalerUser,,89,,,Existing CM Trackers-Not Found,,,,,
.google.com,Essential cookies (exempt from consent),Google Inc.,HTTP Cookie,AEC,,bench_update_duration,TRUE,https://www.CLIENT_X.sa/c-m-ho/cooking/toaster/latest,Existing CM Trackers-Found,,,,,
region1.google-analytics.com,Performance cookies,Google Inc.,Beacon,bench_new_T2_15959,,,,,Existing CM Trackers-Not Found,,,,,
www.lighting.CLIENT_X.co.il,Essential cookies (exempt from consent),Signify (formerly CLIENT_X Lighting),HTTP Cookie,s_mc,,bench_update_duration,,,Existing CM Trackers-Not Found,,,,,
consent.trustarc.com,Essential cookies,TrustArc,JavaScript,bench_new_T2_15852,,,TRUE,http://www.CLIENT_X.com.qa/,Existing CM Trackers-Found,,,,,
www.CLIENT_X.co.kr,Essential cookies (exempt from consent),CLIENT_X - Korea,HTTP Cookie,eddl_itc_list,,bench_update_duration,,http://www.CLIENT_X.jo/,New Third Party Trackers,,,,,
hearingsolutions.CLIENT_X.com.cn,Essential cookies (exempt from consent),CLIENT_X - China,HTTP Cookie,Hm_lpvt_4f744fef8de2c9d00b16edc990b0d7e1,,,,,Existing CM Trackers-Not Found,,,,,
www.CLIENT_X.com.ph,Essential cookies (exempt from consent),CLIENT_X - Philippines,HTTP Cookie,kampyleUserSessionsCount,,bench_update_duration,TRUE,https://www.CLIENT_X.com.kw/ar/c-m-so/media-players/latest,Existing CM Trackers-Found,,,,,
www.CLIENT_X.co.uk,Essential cookies (exempt from consent),CLIENT_X - United Kingdom,HTTP Cookie,UK_Pub-cartstatus-com,,,,,Existing CM Trackers-Not Found,,,,,
stg.CLIENT_X.sa,Essential cookies,CLIENT_X - Kingdom of Saudi Arabia,HTTP Cookie,_ga_failed_lookup_marker_79_414,,,,,Existing CM Trackers-Not Found,,,,,
www.CLIENT_X.cz,Essential cookies (exempt from consent),CLIENT_X - Czech Republic,HTTP Cookie,AWSELBCORS,,bench_update_duration,,,Existing CM Trackers-Not Found,,,,,
CLIENT_X.co.jp,Essential cookies (exempt from consent),CLIENT_X Electronics Corporation Japan,HTTP Cookie,mbox,,bench_update_duration,,,Existing CM Trackers-Not Found,,,,,
www.CLIENT_X.jo,Essential cookies,,HTTP Cookie,bench_new_T2_15827,,,,,Existing CM Trackers-Not Found,,,,,
www.healthcare.shop.CLIENT_X.de,Essential cookies (exempt from consent),CLIENT_X - Germany,JavaScript,blank (java),,,TRUE,http://www.CLIENT_X.sa/,Existing CM Trackers-Found,,,,,
CLIENT_X.ch,Essential cookies (exempt from consent),CLIENT_X - Switzerland,HTTP Cookie,at_check,,365,TRUE,https://www.CLIENT_X.sa/,Existing CM Trackers-Found,,,,,
www.lighting.CLIENT_X.com.hk,Essential cookies (exempt from consent),CLIENT_X - Hong Kong,HTTP Cookie,customer_language_accept,,6,,https://www.CLIENT_X.com.qa/,New First Party Trackers,,,,,
www.lighting.CLIENT_X.co.jp,Essential cookies (exempt from consent),Signify (formerly CLIENT_X Lighting),HTTP Cookie,ltc_cf,,,,,Existing CM Trackers-Not Found,,,,,
www.CLIENT_X.ch,Essential cookies (exempt from consent),CLIENT_X - Switzerland,HTTP Cookie,ws-active-shop,,0,,http://www.CLIENT_X.jo/,New First Party Trackers,,,,,
smetrics.marketing.lighting.CLIENT_X.com.sg,Essential cookies (exempt from consent),CLIENT_X - Singapore,JavaScript,blank (java),,bench_update_duration,,,New Third Party Trackers,,,,,
CLIENT_X.co.jp,Essential cookies (exempt from consent),CLIENT_X Electronics Corporation Japan,HTTP Cookie,_gdXXX,,session,,,Existing CM Trackers-Not Found,,,,,
www.respirtech.com,Essential cookies (exempt from consent),RespirTech,HTTP Cookie,_yi,,bench_update_duration,TRUE,https://www.CLIENT_X.jo/,Existing CM Trackers-Found,,,,,
www.CLIENT_X.co.id,Essential cookies (exempt from consent),CLIENT_X - Indonesia,HTTP Cookie,user_country,,,,,Existing CM Trackers-Not Found,,,,,
www.CLIENT_X.com.ph,Essential cookies (exempt from consent),CLIENT_X - Philippines,HTTP Cookie,kampylePageLoadedTimestamp,,bench_update_duration,,,Existing CM Trackers-Not Found,,,,,
www.CLIENT_X.co.id,Essential cookies (exempt from consent),CLIENT_X - Indonesia,HTTP Cookie,fl_qualified_entry,,,TRUE,http://www.CLIENT_X.ae/,Existing CM Trackers-Found,,,,,
www.lighting.CLIENT_X.com.ar,Essential cookies (exempt from consent),Signify (formerly CLIENT_X Lighting),Beacon,blank (beacon),,session,TRUE,https://www.CLIENT_X.ae/c-m-ho/cooking/toaster/latest,Existing CM Trackers-Found,,,,,
www.CLIENT_X.sa,Essential cookies,CLIENT_X - Kingdom of Saudi Arabia,HTTP Cookie,_ga_failed_lookup_marker_79_430,,7,,https://www.CLIENT_X.sa/c-m-ho/cooking/toaster/latest,New First Party Trackers,,,,,
CLIENT_X.pl,Essential cookies (exempt from consent),CLIENT_X - Poland,HTTP Cookie,s_eVar44,,bench_update_duration,TRUE,http://www.CLIENT_X.sa/,Existing CM Trackers-Found,,,,,
www.CLIENT_X.com.kw,Essential cookies,CLIENT_X - Kuwait,HTTP Cookie,_ga_failed_lookup_marker_79_432,,365,TRUE,https://www.CLIENT_X.com.kw/ar/c-m-so/media-players/latest,Existing CM Trackers-Found,,,,,
CLIENT_X.es,Essential cookies (exempt from consent),CLIENT_X - Spain,HTTP Cookie,coveo_visitorId,,90,TRUE,https://www.CLIENT_X.sa/,Existing CM Trackers-Found,,,,,
ct.pinterest.com,Targeted Advertising cookies (including social media),Pinterest,Beacon,_ga_failed_lookup_marker_79_434,,,,,New Third Party Trackers,,,,,
www.CLIENT_X.pl,Essential cookies (exempt from consent),CLIENT_X - Poland,HTTP Cookie,notice_settings,,bench_update_duration,,,Existing CM Trackers-Not Found,,,,,
CLIENT_X.co.kr,Essential cookies (exempt from consent),CLIENT_X - Korea,HTTP Cookie,FPLC,,,,,Existing CM Trackers-Not Found,,,,,
www.clarity.ms,Performance cookies,Microsoft,JavaScript,bench_new_T2_15975,,,,,Existing CM Trackers-Not Found,,,,,
www.CLIENT_X.co.jp,Essential cookies (exempt from consent),CLIENT_X Electronics Corporation Japan,HTTP Cookie,mdLogger,,,,,Existing CM Trackers-Not Found,,,,,
CLIENT_X.ee,Essential cookies (exempt from consent),CLIENT_X - Republic of Estonia,HTTP Cookie,at_check,,365,TRUE,https://www.CLIENT_X.ae/c-f/XC000019471/CLIENT_X-one-battery-replacement-instructions,Existing CM Trackers-Found,,,,,
ro-gmtdmp.mookie1.com,Targeted Advertising Cookies (including social media) [Requires consent],GroupM UK Limited,ETag,-,,,,,Existing CM Trackers-Not Found,,,,,
lighting.CLIENT_X.co.in,Essential cookies (exempt from consent),Signify (formerly CLIENT_X Lighting),HTTP Cookie,s_cc,,bench_update_duration,TRUE,https://www.CLIENT_X.sa/c-m-ho/cooking/toaster/latest,Existing CM Trackers-Found,,,,,
force.com,Essential cookies,"Salesforce.com, Inc.",HTTP Cookie,bench_new_T2_15812,,365,TRUE,https://www.CLIENT_X.ae/c-f/XC000019471/CLIENT_X-one-battery-replacement-instructions,Existing CM Trackers-Found,,,,,
www.CLIENT_X.se,Essential cookies (exempt from consent),CLIENT_X - Sweden,HTTP Cookie,shop-health,,bench_update_duration,,https://www.CLIENT_X.sa/a-w/about/news/all-news,New Third Party Trackers,,,,,
googleads.g.doubleclick.net,Targeted Advertising Cookies (including social media) [Requires consent],Google Advertising Products,Beacon,-,,bench_update_duration,TRUE,,Existing CM Trackers-Found,,,,,
CLIENT_X.com.co,Essential cookies (exempt from consent),CLIENT_X - Colombia,HTTP Cookie,at_check,,90,TRUE,https://www.CLIENT_X.jo/,Existing CM Trackers-Found,,,,,
CLIENT_X.com.br,Essential cookies (exempt from consent),CLIENT_X - Brazil,HTTP Cookie,_gcl_au,,bench_update_duration,TRUE,,Existing CM Trackers-Found,,,,,
www.realpro.lighting.CLIENT_X.com,Essential cookies (exempt from consent),Koninklijke CLIENT_X N.V.,HTTP Cookie,_hjCookieTest,,session,TRUE,https://www.CLIENT_X.jo/,Existing CM Trackers-Found,,,,,
static.zdassets.com,Targeted Advertising Cookies (including social media) [Requires consent],Zendesk,JavaScript,-,,365,,https://www.CLIENT_X.ae/,New First Party Trackers,,,,,
analytics.tiktok.com,Targeted Advertising Cookies (including social media) [Requires consent],TikTok,Beacon,-,,bench_update_duration,TRUE,https://www.CLIENT_X.com.kw/,Existing CM Trackers-Found,,,,,
store-CLIENT_X.tw,Essential cookies (exempt from consent),CLIENT_X Store - Taiwan,HTTP Cookie,_ga,,bench_update_duration,TRUE,https://www.CLIENT_X.ae/,Existing CM Trackers-Found,,,,,
lighting.CLIENT_X.co.th,Essential cookies (exempt from consent),Signify (formerly CLIENT_X Lighting),HTTP Cookie,com.adobe.alloy.getTld,,bench_update_duration,TRUE,https://www.CLIENT_X.com.qa/,Existing CM Trackers-Found,,,,,
script.hotjar.com,Targeted Advertising cookies (including social media),Hotjar,JavaScript,bench_new_T2_15920,,,,,Existing CM Trackers-Not Found,,,,,
igt-interactive-tour.com,Essential cookies (exempt from consent),Koninklijke CLIENT_X N.V.,HTTP Cookie,s_nrpv,,bench_update_duration,,,Existing CM Trackers-Not Found,,,,,
www.CLIENT_X.ru,Essential cookies (exempt from consent),CLIENT_X - Russia,Beacon,blank (beacon),,,TRUE,https://www.CLIENT_X.sa/c-e/ho/air-purifier-and-air-humidifier/air-performer-series-7000.html,Existing CM Trackers-Found,,,,,
www.CLIENT_X.de,Essential cookies (exempt from consent),CLIENT_X - Germany,HTTP Cookie,p-hc-specialty,,bench_update_duration,TRUE,,Existing CM Trackers-Found,,,,,
www.lighting.CLIENT_X.nl,Essential cookies (exempt from consent),Signify (formerly CLIENT_X Lighting),HTTP Cookie,AWSELBCORS,,bench_update_duration,,,Existing CM Trackers-Not Found,,,,,
www.CLIENT_X.com.hk,Essential cookies (exempt from consent),CLIENT_X - Hong Kong,HTTP Cookie,CLIENT_X,,bench_update_duration,,,Existing CM Trackers-Not Found,,,,,
CLIENT_X.co.il,Essential cookies (exempt from consent),CLIENT_X - Israel,HTTP Cookie,internalUserCheck,,,,,Existing CM Trackers-Not Found,,,,,
CLIENT_X.com.kw,Essential cookies,CLIENT_X - Kuwait,HTTP Cookie,_ga_failed_lookup_marker_79_459,,,,,Existing CM Trackers-Not Found,,,,,
c.la1-c2-par.salesforceliveagent.com,Performance cookies,"Salesforce.com, Inc.",JavaScript,bench_new_T2_15909,,,,https://www.CLIENT_X.ae/c-t/XC000006201/my-CLIENT_X-toaster-smells-during-first-time-use,New Third Party Trackers,,,,,
www.facebook.com,Targeted Advertising cookies (including social media),Meta (formerly Facebook),Beacon,bench_new_T2_15861,,,TRUE,,Existing CM Trackers-Found,,,,,
www.CLIENT_X.co.uk,Essential cookies (exempt from consent),CLIENT_X - United Kingdom,HTTP Cookie,ROUTE,,bench_update_duration,TRUE,https://www.CLIENT_X.sa/,Existing CM Trackers-Found,,,,,
CLIENT_X.com.br,Essential cookies (exempt from consent),CLIENT_X - Brazil,HTTP Cookie,mboxEdgeCluster,,bench_update_duration,,,Existing CM Trackers-Not Found,,,,,
www.lighting.CLIENT_X.fr,Essential cookies (exempt from consent),Signify (formerly CLIENT_X Lighting),Local Storage,blank (local storage),,bench_update_duration,,https://www.CLIENT_X.ae/a-w/cookie-notice,New Third Party Trackers,,,,,
CLIENT_X.com.cn,Essential cookies (exempt from consent),CLIENT_X - China,HTTP Cookie,mboxEdgeCluster,,365,TRUE,https://www.CLIENT_X.com.kw/ar/c-m-so/media-players/latest,Existing CM Trackers-Found,,,,,
www.CLIENT_X.com.hk,Essential cookies (exempt from consent),CLIENT_X - Hong Kong,Local Storage,blank (local storage),,bench_update_duration,,,Existing CM Trackers-Not Found,,,,,
code.jquery.com,Performance Cookies [Requires consent],jQuery,ETag,-,,,TRUE,,Existing CM Trackers-Found,,,,,
www.centralamerica.CLIENT_X.com,Essential cookies (exempt from consent),Koninklijke CLIENT_X N.V.,HTTP Cookie,kampyleUserSession,,,,,Existing CM Trackers-Not Found,,,,,
hearingsolutions.CLIENT_X.com.cn,Essential cookies (exempt from consent),CLIENT_X - China,HTTP Cookie,cusid,,,,,Existing CM Trackers-Not Found,,,,,
lighting.CLIENT_X.ua,Essential cookies (exempt from consent),Signify (formerly CLIENT_X Lighting),HTTP Cookie,s_nr,,bench_update_duration,,,Existing CM Trackers-Not Found,,,,,
www.CLIENT_X.cz,Essential cookies (exempt from consent),CLIENT_X - Czech Republic,HTTP Cookie,eddl_gtm_qe_session_start_6523424625,,,,,Existing CM Trackers-Not Found,,,,,
stg.CLIENT_X.com.kw,Essential cookies,CLIENT_X - Kuwait,HTTP Cookie,bench_new_T2_15939,,,,,Existing CM Trackers-Not Found,,,,,
www.CLIENT_X.hearingsolutions.com.cn,Performance Cookies [Requires consent],CLIENT_X - China,JavaScript,-,,,TRUE,,Existing CM Trackers-Found,,,,,
CLIENT_X.co.uk,Essential cookies (exempt from consent),CLIENT_X - United Kingdom,HTTP Cookie,TEST_AMCV_COOKIE_WRITE,,bench_update_duration,,,Existing CM Trackers-Not Found,,,,,
addshoppers.s3.amazonaws.com,Targeted Advertising Cookies (including social media) [Requires consent],Amazon (Web Services),ETag,-,,bench_update_duration,,,Existing CM Trackers-Not Found,,,,,
www.CLIENT_X.cz,Essential cookies (exempt from consent),CLIENT_X - Czech Republic,HTTP Cookie,CZ_Pub-cart-com,,,,,Existing CM Trackers-Not Found,,,,,
CLIENT_X.cl,Essential cookies (exempt from consent),CLIENT_X - Chile,HTTP Cookie,_scid_r,,365,,https://www.CLIENT_X.sa/,New First Party Trackers,,,,,
CLIENT_X.no,Essential cookies (exempt from consent),CLIENT_X - Norway,HTTP Cookie,s_cm,,bench_update_duration,TRUE,https://www.CLIENT_X.sa/c-e/ho/air-purifier-and-air-humidifier/air-performer-series-7000.html,Existing CM Trackers-Found,,,,,
CLIENT_X.ie,Essential cookies (exempt from consent),CLIENT_X - Ireland,HTTP Cookie,s_pv,,,TRUE,https://www.CLIENT_X.ae/c-f/XC000021994/how-to-clean-the-dust-bucket-and-filter-of-my-CLIENT_X-1000-series-bagless-vacuum-cleaner,Existing CM Trackers-Found,,,,,
www.CLIENT_X.com.kw,Essential cookies,CLIENT_X - Kuwait,ETag,_ga_failed_lookup_marker_79_480,,,TRUE,http://www.CLIENT_X.com.kw/,Existing CM Trackers-Found,,,,,
CLIENT_X.no,Essential cookies (exempt from consent),CLIENT_X - Norway,HTTP Cookie,zScalerUser,,bench_update_duration,,,Existing CM Trackers-Not Found,,,,,
www.CLIENT_X.co.in,Essential cookies (exempt from consent),CLIENT_X - India,HTTP Cookie,liveagent_ptid,,bench_update_duration,,,Existing CM Trackers-Not Found,,,,,
CLIENT_X.com.co,Essential cookies (exempt from consent),CLIENT_X - Colombia,HTTP Cookie,_gat_UA-XXX,,0,,,Existing CM Trackers-Not Found,,,,,
www.lighting.CLIENT_X.co.za,Essential cookies (exempt from consent),Signify (formerly CLIENT_X Lighting),HTTP Cookie,ltc_cf,,bench_update_duration,,,Existing CM Trackers-Not Found,,,,,
www.CLIENT_X.de,Essential cookies (exempt from consent),CLIENT_X - Germany,HTTP Cookie,DE_Pub-cart-com,,,,,Existing CM Trackers-Not Found,,,,,
CLIENT_X.fr,Essential cookies (exempt from consent),CLIENT_X - France,HTTP Cookie,com.adobe.alloy.getTld,,bench_update_duration,,https://www.CLIENT_X.jo/healthcare,New Third Party Trackers,,,,,
www.lighting.CLIENT_X.com.ar,Essential cookies (exempt from consent),Signify (formerly CLIENT_X Lighting),HTTP Cookie,customer_country,,0,,,Existing CM Trackers-Not Found,,,,,
CLIENT_X.ca,Essential cookies (exempt from consent),CLIENT_X - Canada,HTTP Cookie,internalUserCheck,,session,TRUE,https://www.CLIENT_X.com.qa/,Existing CM Trackers-Found,,,,,
ik.imagekit.io,Performance Cookies [Requires consent],ImageKit.io,ETag,-,,bench_update_duration,TRUE,https://www.CLIENT_X.jo/healthcare,Existing CM Trackers-Found,,,,,
accujs.accunix.net,Targeted Advertising Cookies (including social media) [Requires consent],Unknown,JavaScript,-,,bench_update_duration,TRUE,https://www.CLIENT_X.com.kw/,Existing CM Trackers-Found,,,,,
CLIENT_X.hr,Essential cookies (exempt from consent),CLIENT_X - Croatia,HTTP Cookie,internalUserCheck,,bench_update_duration,TRUE,,Existing CM Trackers-Found,,,,,
www.CLIENT_X.de,Essential cookies (exempt from consent),CLIENT_X - Germany,HTTP Cookie,kampyleSessionPageCounter,,bench_update_duration,TRUE,https://www.CLIENT_X.sa/c-m-ho/cooking/toaster/latest,Existing CM Trackers-Found,,,,,
CLIENT_X.nl,Essential cookies (exempt from consent),CLIENT_X - Netherlands,HTTP Cookie,s_campaign,,365,,https://www.CLIENT_X.ae/,New Third Party Trackers,,,,,
px.ads.linkedin.com,Targeted Advertising cookies (including social media),LinkedIn,JavaScript,_ga_failed_lookup_marker_79_494,,,TRUE,https://www.CLIENT_X.ae/c-p/HDA150_62/-,Existing CM Trackers-Found,,,,,
www.lighting.CLIENT_X.dk,Essential cookies (exempt from consent),Signify (formerly CLIENT_X Lighting),ETag,blank (etag),,1,TRUE,https://www.CLIENT_X.com.qa/,Existing CM Trackers-Found,,,,,
www.CLIENT_X.com.co,Essential cookies (exempt from consent),CLIENT_X - Colombia,HTTP Cookie,eddl_itc_list,,bench_update_duration,TRUE,https://www.CLIENT_X.sa/,Existing CM Trackers-Found,,,,,
CLIENT_X.ro,Essential cookies (exempt from consent),CLIENT_X - Romania,HTTP Cookie,_ga,,bench_update_duration,TRUE,https://www.CLIENT_X.jo/,Existing CM Trackers-Found,,,,,
www.CLIENT_X.ie,Essential cookies (exempt from consent),CLIENT_X - Ireland,HTTP Cookie,p-hc-catg,,,TRUE,http://www.CLIENT_X.com.kw/,Existing CM Trackers-Found,,,,,
www.horticulture-partnertool.lighting.CLIENT_X.com,Performance Cookies [Requires consent],Signify (formerly CLIENT_X Lighting),ETag,-,,bench_update_duration,,,Existing CM Trackers-Not Found,,,,,
www.lighting.CLIENT_X.ca,Essential cookies (exempt from consent),Signify (formerly CLIENT_X Lighting),HTTP Cookie,AWSELB,,0,TRUE,https://www.CLIENT_X.sa/c-e/ho/air-purifier-and-air-humidifier/air-performer-series-8000.html,Existing CM Trackers-Found,,,,,
www.lighting.CLIENT_X.ie,Essential cookies (exempt from consent),Signify (formerly CLIENT_X Lighting),JavaScript,blank (java),,bench_update_duration,,,Existing CM Trackers-Not Found,,,,,
CLIENT_X.com.br,Essential cookies (exempt from consent),CLIENT_X - Brazil,HTTP Cookie,_gat_UA-XXX,,0,,,Existing CM Trackers-Not Found,,,,,
CLIENT_X.com.hk,Essential cookies (exempt from consent),CLIENT_X - Hong Kong,HTTP Cookie,_hjTLDTest,,bench_update_duration,,,Existing CM Trackers-Not Found,,,,,
CLIENT_X.com.qa,Essential cookies (exempt from consent),CLIENT_X - Qatar,HTTP Cookie,_fbp,,bench_update_duration,,https://www.CLIENT_X.com.kw/ar/c-m-so/media-players/latest,New First Party Trackers,,,,,
CLIENT_X.rs,Essential cookies (exempt from consent),CLIENT_X - Serbia,HTTP Cookie,s_gnr,,,TRUE,https://www.CLIENT_X.sa/en/a-w/about.html,Existing CM Trackers-Found,,,,,
www.CLIENT_X.jo,Essential cookies,,HTTP Cookie,bench_new_T2_15942,,,,,Existing CM Trackers-Not Found,,,,,
www.CLIENT_X.cl,Essential cookies (exempt from consent),CLIENT_X - Chile,HTTP Cookie,_sdsat_pgm_optin,,,TRUE,http://www.CLIENT_X.com.kw/,Existing CM Trackers-Found,,,,,
www.lighting.CLIENT_X.de,Essential cookies (exempt from consent),Signify (formerly CLIENT_X Lighting),HTTP Cookie,AWSELBCORS,,0,TRUE,http://www.CLIENT_X.ae/,Existing CM Trackers-Found,,,,,
CLIENT_X.jo,Essential cookies,CLIENT_X - Jordan,HTTP Cookie,_ga_failed_lookup_marker_79_509,,,,,Existing CM Trackers-Not Found,,,,,
versuni.scene7.com,Performance cookies,Adobe Experience Cloud - Experience Manager,ETag,_ga_failed_lookup_marker_79_510,,,TRUE,https://www.CLIENT_X.ae/c-f/XC000021994/how-to-clean-the-dust-bucket-and-filter-of-my-CLIENT_X-1000-series-bagless-vacuum-cleaner,Existing CM Trackers-Found,,,,,
CLIENT_X.pl,Essential cookies (exempt from consent),CLIENT_X - Poland,HTTP Cookie,zScalerUser,,bench_update_duration,,,Existing CM Trackers-Not Found,,,,,
www.CLIENT_X.com.kw,Essential cookies,CLIENT_X - Kuwait,HTTP Cookie,bench_new_T2_15966,,365,TRUE,https://www.CLIENT_X.com.kw/ar/c-m-so/media-players/latest,Existing CM Trackers-Found,,,,,
CLIENT_X.com.cn,Essential cookies (exempt from consent),CLIENT_X - China,HTTP Cookie,s_vtime,,1,TRUE,https://www.CLIENT_X.com.kw/ar/c-m-so/media-players/latest,Existing CM Trackers-Found,,,,,
www.CLIENT_X.com.kw,Performance cookies,,HTTP Cookie,_ga_failed_lookup_marker_79_514,,,,,Existing CM Trackers-Not Found,,,,,
CLIENT_X.com.tr,Essential cookies (exempt from consent),CLIENT_X - Turkey,HTTP Cookie,s_nrpv,,bench_update_duration,TRUE,https://www.CLIENT_X.jo/,Existing CM Trackers-Found,,,,,
connect.facebook.net,Targeted Advertising cookies (including social media),Meta (formerly Facebook),JavaScript,_ga_failed_lookup_marker_79_516,,,TRUE,http://www.CLIENT_X.com.qa/,Existing CM Trackers-Found,,,,,
CLIENT_X.co.th,Essential cookies (exempt from consent),CLIENT_X - Thailand,HTTP Cookie,_fbp,,,TRUE,https://www.CLIENT_X.sa/c-m-ho/cooking/toaster/latest,Existing CM Trackers-Found,,,,,
images.CLIENT_X.com,Essential cookies,Koninklijke CLIENT_X N.V.,JavaScript,bench_new_T2_15879,,,TRUE,https://www.CLIENT_X.jo/en/healthcare/product/HC722227/azurion-5-m12-image-guided-therapy-system,Existing CM Trackers-Found,,,,,
CLIENT_X.ae,Essential cookies (exempt from consent),CLIENT_X - Middle East Arab,HTTP Cookie,_scid,,bench_update_duration,TRUE,https://www.CLIENT_X.ae/,Existing CM Trackers-Found,,,,,
www.shop.CLIENT_X.lv,Essential cookies (exempt from consent),CLIENT_X - Latvia,HTTP Cookie,eddl_gtm_qe_session_start_6523424625,,bench_update_duration,TRUE,https://www.CLIENT_X.ae/,Existing CM Trackers-Found,,,,,
tr.snapchat.com,Targeted Advertising cookies (including social media),Snap Inc.,Beacon,bench_new_T2_15898,,,TRUE,,Existing CM Trackers-Found,,,,,
CLIENT_X.ee,Essential cookies (exempt from consent),CLIENT_X - Republic of Estonia,HTTP Cookie,mboxEdgeCluster,,bench_update_duration,TRUE,https://www.CLIENT_X.com.kw/,Existing CM Trackers-Found,,,,,
www.CLIENT_X.com.qa,Essential cookies,CLIENT_X - Qatar,HTTP Cookie,bench_new_T2_15992,,0,,https://www.CLIENT_X.com.qa/,New First Party Trackers,,,,,
www.lighting.CLIENT_X.com.pk,Essential cookies (exempt from consent),Signify (formerly CLIENT_X Lighting),Beacon,blank (beacon),,session,TRUE,https://www.CLIENT_X.ae/,Existing CM Trackers-Found,,,,,
CLIENT_X.com.tr,Essential cookies (exempt from consent),CLIENT_X - Turkey,HTTP Cookie,internalUserCheck,,,,,Existing CM Trackers-Not Found,,,,,
CLIENT_X.com.qa,Essential cookies,CLIENT_X - Qatar,HTTP Cookie,_ga_failed_lookup_marker_79_526,,90,,https://www.CLIENT_X.com.qa/,New First Party Trackers,,,,,
www.CLIENT_X.co.id,Essential cookies (exempt from consent),CLIENT_X - Indonesia,HTTP Cookie,p-hc-catg,,,TRUE,,Existing CM Trackers-Found,,,,,
www.lighting.CLIENT_X.fr,Essential cookies (exempt from consent),Signify (formerly CLIENT_X Lighting),HTTP Cookie,CLIENT_X,,bench_update_duration,TRUE,https://www.CLIENT_X.ae/c-f/XC000021357/how-to-create-and-manage-maps-in-my-CLIENT_X-homerun-app,Existing CM Trackers-Found,,,,,
www.CLIENT_X.ng,Essential cookies (exempt from consent),CLIENT_X - Nigeria,HTTP Cookie,eddl_gtm_qe_session_start_6523424625,,392,TRUE,https://www.CLIENT_X.jo/healthcare,Existing CM Trackers-Found,,,,,
www.CLIENT_X.sa,Essential cookies,CLIENT_X - Kingdom of Saudi Arabia,HTTP Cookie,bench_new_T2_15927,,30,TRUE,https://www.CLIENT_X.sa/c-m-ho/cooking/toaster/latest,Existing CM Trackers-Found,,,,,
www.CLIENT_X.rs,Essential cookies (exempt from consent),CLIENT_X - Serbia,HTTP Cookie,kampyleSessionPageCounter,,bench_update_duration,TRUE,http://www.CLIENT_X.jo/,Existing CM Trackers-Found,,,,,
CLIENT_X.ro,Essential cookies (exempt from consent),CLIENT_X - Romania,HTTP Cookie,_gat_UA-XXX,,0,,http://www.CLIENT_X.ae/,New Third Party Trackers,,,,,
CLIENT_X.com.ar,Essential cookies (exempt from consent),CLIENT_X - Argentina,HTTP Cookie,_gid,,bench_update_duration,TRUE,http://www.CLIENT_X.sa/,Existing CM Trackers-Found,,,,,
CLIENT_Xb2c.file.force.com,Essential cookies,"Salesforce.com, Inc.",HTTP Cookie,_ga_failed_lookup_marker_79_534,,365,TRUE,https://www.CLIENT_X.ae/c-f/XC000019471/CLIENT_X-one-battery-replacement-instructions,Existing CM Trackers-Found,,,,,
CLIENT_X.com.pk,Essential cookies (exempt from consent),CLIENT_X - Pakistan,HTTP Cookie,_mkto_trk,,bench_update_duration,,,Existing CM Trackers-Not Found,,,,,
www.usa.CLIENT_X.com,Essential cookies (exempt from consent),Koninklijke CLIENT_X N.V.,HTTP Cookie,kampyle_userid,,bench_update_duration,,,Existing CM Trackers-Not Found,,,,,
CLIENT_X.fr,Essential cookies (exempt from consent),CLIENT_X - France,HTTP Cookie,_gid,,,TRUE,https://www.CLIENT_X.com.kw/,Existing CM Trackers-Found,,,,,
halc.iadvize.com,Performance cookies,iAdvize,ETag,_ga_failed_lookup_marker_79_538,,,TRUE,https://www.CLIENT_X.sa/c-e/ho/air-purifier-and-air-humidifier/air-performer-series-8000.html,Existing CM Trackers-Found,,,,,
CLIENT_X.co.th,Essential cookies (exempt from consent),CLIENT_X - Thailand,HTTP Cookie,_gat_UA-XXX,,0,TRUE,https://www.CLIENT_X.sa/c-m-ho/cooking/toaster/latest,Existing CM Trackers-Found,,,,,
CLIENT_X.ua,Essential cookies (exempt from consent),CLIENT_X - Ukraine,HTTP Cookie,s_cm_direct,,bench_update_duration,,https://www.CLIENT_X.jo/healthcare,Existing CM Trackers-Found,,,,,
www.CLIENT_X.co.za,Essential cookies (exempt from consent),CLIENT_X - South Africa,HTTP Cookie,mdLogger,,400,TRUE,https://www.CLIENT_X.sa/,Existing CM Trackers-Found,,,,,
CLIENT_X.fr,Essential cookies (exempt from consent),CLIENT_X - France,HTTP Cookie,notice_behavior,,,TRUE,,Existing CM Trackers-Found,,,,,
widget-cdn.janraincapture.com,Performance cookies,Akamai,ETag,_ga_failed_lookup_marker_79_543,,,,,Existing CM Trackers-Not Found,,,,,
CLIENT_X.com.kw,Essential cookies,CLIENT_X - Kuwait,HTTP Cookie,bench_new_T2_15906,,90,,https://www.CLIENT_X.com.kw/,New First Party Trackers,,,,,
i.l-dsp.inmobicdn.net,Performance Cookies [Requires consent],InMobi Pte Ltd,JavaScript,-,,bench_update_duration,,https://www.CLIENT_X.com.kw/,Existing CM Trackers-Found,,,,,
CLIENT_X.jo,Essential cookies,CLIENT_X - Jordan,HTTP Cookie,_ga_failed_lookup_marker_79_546,,,,,Existing CM Trackers-Not Found,,,,,
www.healthtechproducts.CLIENT_X.com,Essential cookies (exempt from consent),Koninklijke CLIENT_X N.V.,HTTP Cookie,ELOQUA,,396,,,Existing CM Trackers-Not Found,,,,,
www.CLIENT_X.de,Essential cookies (exempt from consent),CLIENT_X - Germany,HTTP Cookie,shop-health,,bench_update_duration,TRUE,https://www.CLIENT_X.ae/c-m-ho/cooking/toaster/latest,Existing CM Trackers-Found,,,,,
www.CLIENT_X.fi,Essential cookies (exempt from consent),CLIENT_X - Finland,HTTP Cookie,p-hc-specialty,,,TRUE,https://www.CLIENT_X.sa/c-e/CLIENT_X-one.html,Existing CM Trackers-Found,,,,,
www.CLIENT_X.com.tw,Essential cookies (exempt from consent),CLIENT_X - Taiwan,HTTP Cookie,mdLogger,,bench_update_duration,,,Existing CM Trackers-Not Found,,,,,
www.lighting.CLIENT_X.dk,Essential cookies (exempt from consent),Signify (formerly CLIENT_X Lighting),HTTP Cookie,AWSELBCORS,,0,TRUE,https://www.CLIENT_X.com.qa/,Existing CM Trackers-Found,,,,,
chat56.live800.com,Performance Cookies [Requires consent],Live800,ETag,-,,,,,Existing CM Trackers-Not Found,,,,,
CLIENT_X.com.qa,Essential cookies,CLIENT_X - Qatar,HTTP Cookie,bench_new_T2_15889,,0,TRUE,https://www.CLIENT_X.com.qa/,Existing CM Trackers-Found,,,,,
www.CLIENT_X.co.ke,Essential cookies (exempt from consent),CLIENT_X - Kenya,Beacon,blank (beacon),,bench_update_duration,TRUE,https://www.CLIENT_X.jo/,Existing CM Trackers-Found,,,,,
www.ambilux.CLIENT_X.com,Essential cookies (exempt from consent),Koninklijke CLIENT_X N.V.,HTTP Cookie,AWSALBCORS,,bench_update_duration,TRUE,https://www.CLIENT_X.ae/,Existing CM Trackers-Found,,,,,
www.CLIENT_X.ua,Essential cookies (exempt from consent),CLIENT_X - Ukraine,ETag,blank (etag),,bench_update_duration,TRUE,https://www.CLIENT_X.sa/c-m-ho/cooking/toaster/latest,Existing CM Trackers-Found,,,,,
infolinks.com,Targeted Advertising Cookies (including social media) [Requires consent],"Infolinks Media, LLC",HTTP Cookie,RTBHUSERCOOKIE,,89,,https://www.CLIENT_X.com.kw/,New First Party Trackers,,,,,
www.youtube-nocookie.com,Preference cookies,Google Inc.,Local Storage,yt-player-performance-cap,,bench_update_duration,,,Existing CM Trackers-Not Found,,,,,
www.CLIENT_X.gr,Essential cookies (exempt from consent),CLIENT_X - Greece,JavaScript,blank (java),,0,TRUE,https://www.CLIENT_X.ae/,Existing CM Trackers-Found,,,,,
ajax.googleapis.com,Performance Cookies [Requires consent],Google Inc.,JavaScript,-,,bench_update_duration,TRUE,https://www.CLIENT_X.ae/c-m-ho/cooking/toaster/latest,Existing CM Trackers-Found,,,,,
lighting.CLIENT_X.no,Essential cookies (exempt from consent),Signify (formerly CLIENT_X Lighting),HTTP Cookie,_mkto_trk,,,TRUE,,Existing CM Trackers-Found,,,,,
www.CLIENT_X.com.sg,Essential cookies (exempt from consent),CLIENT_X - Singapore,HTTP Cookie,p-hc-catg,,bench_update_duration,TRUE,https://www.CLIENT_X.ae/,Existing CM Trackers-Found,,,,,
lighting.CLIENT_X.co.nz,Essential cookies (exempt from consent),Signify (formerly CLIENT_X Lighting),HTTP Cookie,s_sid,,90,TRUE,https://www.CLIENT_X.jo/a-w/about-CLIENT_X/company-profile.html,Existing CM Trackers-Found,,,,,
CLIENT_X.cl,Essential cookies (exempt from consent),CLIENT_X - Chile,HTTP Cookie,com.adobe.alloy.getTld,,365,TRUE,https://www.CLIENT_X.com.kw/ar/c-m-so/media-players/latest,Existing CM Trackers-Found,,,,,
CLIENT_X.gr,Essential cookies (exempt from consent),CLIENT_X - Greece,HTTP Cookie,s_tid,,bench_update_duration,TRUE,,Existing CM Trackers-Found,,,,,
CLIENT_X.sa,Essential cookies,CLIENT_X - Kingdom of Saudi Arabia,HTTP Cookie,_ga_failed_lookup_marker_79_566,,,,,Existing CM Trackers-Not Found,,,,,
CLIENT_X.com.qa,Targeted Advertising cookies (including social media),CLIENT_X - Qatar,HTTP Cookie,bench_new_T2_15956,,7,TRUE,https://www.CLIENT_X.com.qa/,Existing CM Trackers-Found,,,,,
www.lighting.CLIENT_X.gr,Essential cookies (exempt from consent),Signify (formerly CLIENT_X Lighting),JavaScript,blank (java),,,,,Existing CM Trackers-Not Found,,,,,
www.lighting.CLIENT_X.com.sg,Essential cookies (exempt from consent),Signify (formerly CLIENT_X Lighting),HTTP Cookie,customer_country,,365,TRUE,https://www.CLIENT_X.com.qa/,Existing CM Trackers-Found,,,,,
CLIENT_X.efmfeedback.com,Performance Cookies [Requires consent],Verint Systems Inc.,ETag,-,,,,,Existing CM Trackers-Not Found,,,,,
www.usa.CLIENT_X.com,Essential cookies (exempt from consent),Koninklijke CLIENT_X N.V.,HTTP Cookie,p-hc-catg,,,,,Existing CM Trackers-Not Found,,,,,
CLIENT_X.fr,Essential cookies (exempt from consent),CLIENT_X - France,HTTP Cookie,s_eVar44,,,TRUE,,Existing CM Trackers-Found,,,,,
CLIENT_X.com.qa,Essential cookies (exempt from consent),CLIENT_X - Qatar,HTTP Cookie,_gcl_au,,,,,Existing CM Trackers-Not Found,,,,,
region1.google-analytics.com,Performance cookies,Google Inc.,HTTP Cookie,bench_new_T2_15825,,,,,Existing CM Trackers-Not Found,,,,,
koninklijkeCLIENT_Xnvproduction2k8xfrmr.analytics.org.coveo.com,Performance cookies,Coveo Solutions Inc.,Beacon,_ga_failed_lookup_marker_79_575,,,,,New Third Party Trackers,,,,,
www.CLIENT_X.ae,Essential cookies,CLIENT_X - Middle East Arab,HTTP Cookie,bench_new_T2_15995,,365,TRUE,https://www.CLIENT_X.ae/c-m-ho/cooking/toaster/latest,Existing CM Trackers-Found,,,,,
CLIENT_X.sa,Essential cookies (exempt from consent),CLIENT_X - Kingdom of Saudi Arabia,HTTP Cookie,_ttp,,bench_update_duration,TRUE,https://www.CLIENT_X.sa/,Existing CM Trackers-Found,,,,,
graph.facebook.com,Targeted Advertising Cookies (including social media) [Requires consent],Meta (formerly Facebook),JavaScript,-,,bench_update_duration,TRUE,https://www.CLIENT_X.ae/c-p/HDA150_62/-,Existing CM Trackers-Found,,,,,
www.lighting.CLIENT_X.lt,Essential cookies (exempt from consent),Signify (formerly CLIENT_X Lighting),Local Storage,blank (local storage),,bench_update_duration,,https://www.CLIENT_X.com.qa/,New First Party Trackers,,,,,
CLIENT_X.ng,Essential cookies (exempt from consent),CLIENT_X - Nigeria,HTTP Cookie,s_cc,,0,TRUE,https://www.CLIENT_X.ae/,Existing CM Trackers-Found,,,,,
CLIENT_X.nl,Essential cookies (exempt from consent),CLIENT_X - Netherlands,HTTP Cookie,coveo_visitorId,,bench_update_duration,TRUE,https://www.CLIENT_X.jo/,Existing CM Trackers-Found,,,,,
CLIENT_X.com.my,Essential cookies (exempt from consent),CLIENT_X - Malaysia,HTTP Cookie,notice_behavior,,session,TRUE,https://www.CLIENT_X.com.qa/,Existing CM Trackers-Found,,,,,
CLIENT_X.ng,Essential cookies (exempt from consent),CLIENT_X - Nigeria,HTTP Cookie,da_lid,,,,,Existing CM Trackers-Not Found,,,,,
yieldify-static-files.s3.amazonaws.com,Performance Cookies [Requires consent],Amazon (Web Services),ETag,-,,,,https://www.CLIENT_X.ae/c-m-pe/hair-removal/lumea-ipl,New Third Party Trackers,,,,,
CLIENT_X.com.mx,Essential cookies (exempt from consent),CLIENT_X - Mexico,HTTP Cookie,s_cm_direct,,365,TRUE,https://www.CLIENT_X.ae/c-m-ho/cooking/toaster/latest,Existing CM Trackers-Found,,,,,
CLIENT_X.ae,Essential cookies,CLIENT_X - Middle East Arab,HTTP Cookie,_ga_failed_lookup_marker_79_586,,,,,Existing CM Trackers-Not Found,,,,,
www.lighting.CLIENT_X.gr,Essential cookies (exempt from consent),Signify (formerly CLIENT_X Lighting),HTTP Cookie,AWSELBCORS,,0,TRUE,https://www.CLIENT_X.sa/c-e/ho/cooking/all-in-one-cooker-3000.html,Existing CM Trackers-Found,,,,,
www.subskrypcje.CLIENT_X.pl,Essential cookies (exempt from consent),CLIENT_X - Poland,HTTP Cookie,RT,,bench_update_duration,,,Existing CM Trackers-Not Found,,,,,
www.shop.CLIENT_X.ee,Essential cookies (exempt from consent),CLIENT_X - Republic of Estonia,HTTP Cookie,wjecf_free_product_coupons,,bench_update_duration,,,Existing CM Trackers-Not Found,,,,,
www.CLIENT_X.com.qa,Essential cookies,CLIENT_X - Qatar,ETag,_ga_failed_lookup_marker_79_590,,,TRUE,http://www.CLIENT_X.com.qa/,Existing CM Trackers-Found,,,,,
CLIENT_X.co.uk,Essential cookies (exempt from consent),CLIENT_X - United Kingdom,HTTP Cookie,s_pv,,,TRUE,https://www.CLIENT_X.sa/c-e/ho/air-purifier-and-air-humidifier/air-performer-series-8000.html,Existing CM Trackers-Found,,,,,
CLIENT_X.it,Essential cookies (exempt from consent),CLIENT_X - Italy,HTTP Cookie,mboxEdgeCluster,,,TRUE,,Existing CM Trackers-Found,,,,,
CLIENT_X.at,Essential cookies (exempt from consent),CLIENT_X - Austria,HTTP Cookie,_yi,,729,TRUE,https://www.CLIENT_X.jo/a-w/about-CLIENT_X/company-profile.html,Existing CM Trackers-Found,,,,,
www.CLIENT_X.cz,Essential cookies (exempt from consent),CLIENT_X - Czech Republic,JavaScript,blank (java),,bench_update_duration,,,Existing CM Trackers-Not Found,,,,,
www.healthcare.shop.CLIENT_X.co.uk,Essential cookies (exempt from consent),CLIENT_X - United Kingdom,HTTP Cookie,mdLogger,,,TRUE,https://www.CLIENT_X.sa/c-e/ho/air-purifier-and-air-humidifier/air-performer-series-8000.html,Existing CM Trackers-Found,,,,,
CLIENT_X.ae,Essential cookies,CLIENT_X - Middle East Arab,HTTP Cookie,bench_new_T2_15946,,0,TRUE,https://www.CLIENT_X.ae/,Existing CM Trackers-Found,,,,,
CLIENT_X.fr,Essential cookies (exempt from consent),CLIENT_X - France,HTTP Cookie,iadvize_test_cookie_top_domain,,bench_update_duration,TRUE,https://www.CLIENT_X.sa/,Existing CM Trackers-Found,,,,,
CLIENT_X.ee,Essential cookies (exempt from consent),CLIENT_X - Republic of Estonia,HTTP Cookie,mbox,,bench_update_duration,TRUE,http://www.CLIENT_X.com.kw/,Existing CM Trackers-Found,,,,,
CLIENT_X.be,Essential cookies (exempt from consent),CLIENT_X - Belgium,HTTP Cookie,mboxEdgeCluster,,729,TRUE,http://www.CLIENT_X.jo/,Existing CM Trackers-Found,,,,,
www.subscription.CLIENT_X.it,Essential cookies (exempt from consent),CLIENT_X - Italy,Local Storage,blank (local storage),,1,TRUE,https://www.CLIENT_X.com.kw/ar/c-m-so/media-players/latest,Existing CM Trackers-Found,,,,,
www.CLIENT_X.be,Essential cookies (exempt from consent),CLIENT_X - Belgium,HTTP Cookie,eddl_itc_list,,bench_update_duration,,https://www.CLIENT_X.jo/,Existing CM Trackers-Found,,,,,
stg.CLIENT_X.ru,Essential cookies (exempt from consent),CLIENT_X - Russia,HTTP Cookie,eddl_gtm_qe_session_start_6523424625,,bench_update_duration,,https://www.CLIENT_X.jo/,New First Party Trackers,,,,,
CLIENT_X.com.br,Essential cookies (exempt from consent),CLIENT_X - Brazil,HTTP Cookie,biggy-session-CLIENT_Xhealth,,90,TRUE,https://www.CLIENT_X.ae/,Existing CM Trackers-Found,,,,,
CLIENT_X.sa,Essential cookies,CLIENT_X - Kingdom of Saudi Arabia,HTTP Cookie,_ga_failed_lookup_marker_79_604,,365,TRUE,https://www.CLIENT_X.sa/,Existing CM Trackers-Found,,,,,
www.lighting.CLIENT_X.es,Essential cookies (exempt from consent),Signify (formerly CLIENT_X Lighting),HTTP Cookie,AWSELB,,0,,https://www.CLIENT_X.sa/,New First Party Trackers,,,,,
www.centralamerica.CLIENT_X.com,Essential cookies (exempt from consent),Koninklijke CLIENT_X N.V.,HTTP Cookie,liveagent_sid,,393,TRUE,https://www.CLIENT_X.com.qa/,Existing CM Trackers-Found,,,,,
CLIENT_X.com.br,Essential cookies (exempt from consent),CLIENT_X - Brazil,HTTP Cookie,s_nrpv,,365,TRUE,https://www.CLIENT_X.ae/c-f/XC000019471/CLIENT_X-one-battery-replacement-instructions,Existing CM Trackers-Found,,,,,
www.CLIENT_X.ae,Essential cookies (exempt from consent),CLIENT_X - Middle East Arab,Local Storage,blank (local storage),,bench_update_duration,TRUE,http://www.CLIENT_X.jo/,Existing CM Trackers-Found,,,,,
www.CLIENT_X.fi,Essential cookies (exempt from consent),CLIENT_X - Finland,HTTP Cookie,mdLogger,,,,,New Third Party Trackers,,,,,
www.shop.CLIENT_X.lv,Essential cookies (exempt from consent),CLIENT_X - Latvia,HTTP Cookie,wjecf_free_product_coupons,,,,,Existing CM Trackers-Not Found,,,,,
www.lighting.CLIENT_X.sa,Essential cookies,Signify (formerly CLIENT_X Lighting),HTTP Cookie,bench_new_T2_15859,,,,,Existing CM Trackers-Not Found,,,,,
edge.yieldify.com,Targeted Advertising Cookies (including social media) [Requires consent],Yieldify,Beacon,-,,365,TRUE,https://www.CLIENT_X.com.qa/,Existing CM Trackers-Found,,,,,
www.healthcare.shop.CLIENT_X.nl,Essential cookies (exempt from consent),CLIENT_X - Netherlands,HTTP Cookie,kampyleUserSessionsCount,,session,TRUE,https://www.CLIENT_X.com.kw/,Existing CM Trackers-Found,,,,,
www.CLIENT_X.ae,Essential cookies,CLIENT_X - Middle East Arab,HTTP Cookie,_ga_failed_lookup_marker_79_614,,0,TRUE,https://www.CLIENT_X.ae/c-m-ho/cooking/toaster/latest,Existing CM Trackers-Found,,,,,
cdn.jsdelivr.net,Performance cookies,Volentio JSD Limited,ETag,bench_new_T2_15808,,,,,Existing CM Trackers-Not Found,,,,,
io.vtexpayments.com.br,Performance Cookies [Requires consent],VTEX,ETag,-,,0,TRUE,https://www.CLIENT_X.ae/c-m-ho/cooking/toaster/latest,Existing CM Trackers-Found,,,,,
CLIENT_X.com.hk,Essential cookies (exempt from consent),CLIENT_X - Hong Kong,HTTP Cookie,_scid,,bench_update_duration,TRUE,https://www.CLIENT_X.ae/,Existing CM Trackers-Found,,,,,
www.lighting.CLIENT_X.co.in,Essential cookies (exempt from consent),Signify (formerly CLIENT_X Lighting),HTTP Cookie,customer_language_accept,,1,TRUE,http://www.CLIENT_X.jo/,Existing CM Trackers-Found,,,,,
www.lighting.CLIENT_X.com.pe,Essential cookies (exempt from consent),Signify (formerly CLIENT_X Lighting),JavaScript,blank (java),,bench_update_duration,,,Existing CM Trackers-Not Found,,,,,
io.vtex.com.br,Performance Cookies [Requires consent],VTEX,JavaScript,-,,bench_update_duration,,,Existing CM Trackers-Not Found,,,,,
www.CLIENT_X.com.kw,Essential cookies,CLIENT_X - Kuwait,HTTP Cookie,bench_new_T2_15822,,365,TRUE,https://www.CLIENT_X.com.kw/ar/c-m-so/media-players/latest,Existing CM Trackers-Found,,,,,
www.CLIENT_X-hue.com,Performance Cookies [Requires consent],CLIENT_X Hue,HTTP Cookie,AWSELBCORS,,bench_update_duration,,,Existing CM Trackers-Not Found,,,,,
www.CLIENT_X.ee,Essential cookies (exempt from consent),CLIENT_X - Republic of Estonia,ETag,blank (etag),,bench_update_duration,TRUE,https://www.CLIENT_X.com.qa/,Existing CM Trackers-Found,,,,,
www.CLIENT_X.sa,Essential cookies,CLIENT_X - Kingdom of Saudi Arabia,HTTP Cookie,_ga_failed_lookup_marker_79_624,,365,TRUE,https://www.CLIENT_X.sa/c-m-ho/cooking/toaster/latest,Existing CM Trackers-Found,,,,,
CLIENT_X.sa,Essential cookies (exempt from consent),CLIENT_X - Kingdom of Saudi Arabia,HTTP Cookie,li_cm_prefs_session,,bench_update_duration,TRUE,https://www.CLIENT_X.ae/healthcare/about/support/resource-center/results,Existing CM Trackers-Found,,,,,
www.tienda.CLIENT_X.com.co,Essential cookies (exempt from consent),CLIENT_X - Colombia,HTTP Cookie,vtex_session,,,,,Existing CM Trackers-Not Found,,,,,
www.lighting.CLIENT_X.ma,Essential cookies (exempt from consent),Signify (formerly CLIENT_X Lighting),HTTP Cookie,ltc_cf,,,TRUE,https://www.CLIENT_X.com.qa/c-w/support-home/support-contact-page.html,Existing CM Trackers-Found,,,,,
www.youtube-nocookie.com,Preference cookies,Google Inc.,Local Storage,yt-remote-cast-available,,bench_update_duration,,https://www.CLIENT_X.com.qa/,New First Party Trackers,,,,,
www.CLIENT_X.com.my,Essential cookies (exempt from consent),CLIENT_X - Malaysia,HTTP Cookie,fl_qualified_entry,,bench_update_duration,,,Existing CM Trackers-Not Found,,,,,
www.healthcare.shop.CLIENT_X.nl,Essential cookies (exempt from consent),CLIENT_X - Netherlands,HTTP Cookie,kampyleSessionPageCounter,,bench_update_duration,TRUE,https://www.CLIENT_X.jo/en/healthcare/product/HC722227/azurion-5-m12-image-guided-therapy-system,Existing CM Trackers-Found,,,,,
CLIENT_X.com.mx,Essential cookies (exempt from consent),CLIENT_X - Mexico,HTTP Cookie,notice_behavior,,bench_update_duration,TRUE,https://www.CLIENT_X.jo/c-e/ho/homeid-app.html,Existing CM Trackers-Found,,,,,
www.CLIENT_X.ch,Essential cookies (exempt from consent),CLIENT_X - Switzerland,HTTP Cookie,_yi,,6,,https://www.CLIENT_X.com.qa/,New First Party Trackers,,,,,
CLIENT_X.de,Essential cookies (exempt from consent),CLIENT_X - Germany,HTTP Cookie,_gcl_au,,bench_update_duration,TRUE,https://www.CLIENT_X.ae/c-f/XC000019471/CLIENT_X-one-battery-replacement-instructions,Existing CM Trackers-Found,,,,,
loja.CLIENT_X.com.br,Essential cookies (exempt from consent),CLIENT_X - Brazil,HTTP Cookie,_ga,,bench_update_duration,,,Existing CM Trackers-Not Found,,,,,
CLIENT_X.at,Essential cookies (exempt from consent),CLIENT_X - Austria,HTTP Cookie,notice_behavior,,bench_update_duration,TRUE,,Existing CM Trackers-Found,,,,,
www.CLIENT_X.cl,Essential cookies (exempt from consent),CLIENT_X - Chile,Local Storage,blank (local storage),,,,,Existing CM Trackers-Not Found,,,,,
www.CLIENT_X.com.cn,Essential cookies (exempt from consent),CLIENT_X - China,HTTP Cookie,p-hc-catg,,0,TRUE,https://www.CLIENT_X.com.kw/,Existing CM Trackers-Found,,,,,
console.adtarget.com.tr,Targeted Advertising Cookies (including social media) [Requires consent],Adtarget Teknoloji A.S.,HTTP Cookie,a307080,,62,TRUE,https://www.CLIENT_X.jo/healthcare,Existing CM Trackers-Found,,,,,
www.lighting.CLIENT_X.co.uk,Essential cookies (exempt from consent),Signify (formerly CLIENT_X Lighting),HTTP Cookie,AWSELBCORS,,0,TRUE,https://www.CLIENT_X.sa/c-m-ho/cooking/toaster/latest,Existing CM Trackers-Found,,,,,
CLIENT_X.co.nz,Essential cookies (exempt from consent),CLIENT_X - New Zealand,HTTP Cookie,s_ugv,,,,,Existing CM Trackers-Not Found,,,,,
*.en25.com,Targeted Advertising cookies (including social media),Oracle Marketing,JavaScript,bench_new_T2_15922,,,,https://www.CLIENT_X.jo/healthcare,Existing CM Trackers-Found,,,,,
www.tienda.CLIENT_X.com.ar,Essential cookies (exempt from consent),CLIENT_X - Argentina,Local Storage,blank (local storage),,0,TRUE,https://www.CLIENT_X.com.kw/,Existing CM Trackers-Found,,,,,
www.CLIENT_X.com.my,Essential cookies (exempt from consent),CLIENT_X - Malaysia,HTTP Cookie,kampyleUserSession,,365,TRUE,https://www.CLIENT_X.ae/c-m-ho/cooking/toaster/latest,Existing CM Trackers-Found,,,,,
www.CLIENT_X.com.pe,Essential cookies (exempt from consent),CLIENT_X - Peru,HTTP Cookie,eddl_itc_list,,,,,Existing CM Trackers-Not Found,,,,,
CLIENT_X.com.co,Essential cookies (exempt from consent),CLIENT_X - Colombia,HTTP Cookie,_gdXXX,,session,TRUE,https://www.CLIENT_X.ae/c-e/au/motorcycle-lights/moto-selector-tool.html,Existing CM Trackers-Found,,,,,
CLIENT_X.be,Essential cookies (exempt from consent),CLIENT_X - Belgium,HTTP Cookie,iAdvize:splitGroup,,bench_update_duration,,,Existing CM Trackers-Not Found,,,,,
CLIENT_X.com.my,Essential cookies (exempt from consent),CLIENT_X - Malaysia,HTTP Cookie,_scid,,0,TRUE,https://www.CLIENT_X.sa/,Existing CM Trackers-Found,,,,,
stg.CLIENT_X.com.kw,Essential cookies,CLIENT_X - Kuwait,HTTP Cookie,_ga_failed_lookup_marker_79_648,,,,,Existing CM Trackers-Not Found,,,,,
navdmp.com,Targeted Advertising Cookies (including social media) [Requires consent],Navegg,HTTP Cookie,nid,,bench_update_duration,,https://www.CLIENT_X.com.qa/,New First Party Trackers,,,,,
www.CLIENT_X.sa,Essential cookies,,HTTP Cookie,_ga_failed_lookup_marker_79_650,,,,,Existing CM Trackers-Not Found,,,,,
www.CLIENT_X.co.ke,Essential cookies (exempt from consent),CLIENT_X - Kenya,HTTP Cookie,kampyleUserSession,,bench_update_duration,,http://www.CLIENT_X.jo/,New First Party Trackers,,,,,
www.CLIENT_X.com.tr,Essential cookies (exempt from consent),CLIENT_X - Turkey,HTTP Cookie,_scid_r,,bench_update_duration,,,Existing CM Trackers-Not Found,,,,,
CLIENT_X.ae,Essential cookies,CLIENT_X - Middle East Arab,HTTP Cookie,_ga_failed_lookup_marker_79_653,,365,,https://www.CLIENT_X.ae/,New First Party Trackers,,,,,
www.CLIENT_X.co.in,Essential cookies (exempt from consent),CLIENT_X - India,HTTP Cookie,kampyleSessionPageCounter,,bench_update_duration,TRUE,https://www.CLIENT_X.ae/c-m-ho/cooking/toaster/latest,Existing CM Trackers-Found,,,,,
loja.CLIENT_X.com.br,Essential cookies (exempt from consent),CLIENT_X - Brazil,HTTP Cookie,_tt_enable_cookie,,bench_update_duration,TRUE,http://www.CLIENT_X.ae/,Existing CM Trackers-Found,,,,,
www.supurgesepeti.com,Essential cookies (exempt from consent),Supurgesepeti.com,HTTP Cookie,__RequestVerificationToken,,,,,Existing CM Trackers-Not Found,,,,,
www.CLIENT_X.fr,Essential cookies (exempt from consent),CLIENT_X - France,HTTP Cookie,eddl_gtm_qe_session_start_6523424625,,bench_update_duration,TRUE,https://www.CLIENT_X.com.kw/ar/c-m-so/media-players/latest,Existing CM Trackers-Found,,,,,
www.CLIENT_X.nl,Essential cookies (exempt from consent),CLIENT_X - Netherlands,HTTP Cookie,ROUTE,,,,,Existing CM Trackers-Not Found,,,,,
www.CLIENT_X.co.th,Essential cookies (exempt from consent),CLIENT_X - Thailand,HTTP Cookie,eddl_itc_list,,,TRUE,http://www.CLIENT_X.com.kw/,Existing CM Trackers-Found,,,,,
stg.CLIENT_X.ru,Essential cookies (exempt from consent),CLIENT_X - Russia,ETag,blank (etag),,bench_update_duration,,,Existing CM Trackers-Not Found,,,,,
CLIENT_X.hr,Essential cookies (exempt from consent),CLIENT_X - Croatia,HTTP Cookie,test,,session,TRUE,https://www.CLIENT_X.jo/,Existing CM Trackers-Found,,,,,
www.lighting.CLIENT_X.no,Essential cookies (exempt from consent),Signify (formerly CLIENT_X Lighting),HTTP Cookie,s_mc,,,TRUE,http://www.CLIENT_X.sa/,Existing CM Trackers-Found,,,,,
www.CLIENT_X.sa,Essential cookies,CLIENT_X - Kingdom of Saudi Arabia,HTTP Cookie,_ga_failed_lookup_marker_79_663,,365,TRUE,https://www.CLIENT_X.sa/c-m-ho/cooking/toaster/latest,Existing CM Trackers-Found,,,,,
www.blog.CLIENT_X.com.br,Essential cookies (exempt from consent),CLIENT_X - Brazil,JavaScript,blank (java),,365,TRUE,http://www.CLIENT_X.jo/,Existing CM Trackers-Found,,,,,
CLIENT_X.ae,Essential cookies,CLIENT_X - Middle East Arab,HTTP Cookie,_ga_failed_lookup_marker_79_665,,365,TRUE,https://www.CLIENT_X.ae/,Existing CM Trackers-Found,,,,,
www.healthcare.shop.CLIENT_X.it,Essential cookies (exempt from consent),CLIENT_X - Italy,HTTP Cookie,kampyleUserSession,,,,,Existing CM Trackers-Not Found,,,,,
CLIENT_X.co.id,Essential cookies (exempt from consent),CLIENT_X - Indonesia,HTTP Cookie,_scid,,90,TRUE,https://www.CLIENT_X.ae/,Existing CM Trackers-Found,,,,,
www.CLIENT_X.co.nz,Essential cookies (exempt from consent),CLIENT_X - New Zealand,HTTP Cookie,p-hc-catg,,,,,Existing CM Trackers-Not Found,,,,,
www.clarity.ms,Performance Cookies [Requires consent],Microsoft,HTTP Cookie,CLID,,bench_update_duration,TRUE,https://www.CLIENT_X.sa/c-e/ho/air-purifier-and-air-humidifier/air-performer-series-8000.html,Existing CM Trackers-Found,,,,,
www.patientcare.shop.CLIENT_X.com.sg,Essential cookies (exempt from consent),CLIENT_X - Singapore,ETag,blank (etag),,bench_update_duration,,,Existing CM Trackers-Not Found,,,,,
CLIENT_X.com.cn,Essential cookies (exempt from consent),CLIENT_X - China,HTTP Cookie,s_ugv,,bench_update_duration,TRUE,https://www.CLIENT_X.com.qa/,Existing CM Trackers-Found,,,,,
CLIENT_X.com.cn,Essential cookies (exempt from consent),CLIENT_X - China,HTTP Cookie,FPLC,,,,,Existing CM Trackers-Not Found,,,,,
CLIENT_X.bg,Essential cookies (exempt from consent),CLIENT_X - Bulgaria,HTTP Cookie,_gid,,bench_update_duration,TRUE,http://www.CLIENT_X.jo/,Existing CM Trackers-Found,,,,,
CLIENT_X.jo,Essential cookies (exempt from consent),CLIENT_X - Jordan,HTTP Cookie,mboxEdgeCluster,,bench_update_duration,TRUE,https://www.CLIENT_X.sa/,Existing CM Trackers-Found,,,,,
www.CLIENT_X.ae,Essential cookies (exempt from consent),CLIENT_X - Middle East Arab,HTTP Cookie,liveagent_ptid,,,,,Existing CM Trackers-Not Found,,,,,
CLIENT_X.112.2o7.net,Performance cookies,"Adobe Audience Manager, Adobe Experience Cloud",HTTP Cookie,_ga_failed_lookup_marker_79_676,,400,,https://www.CLIENT_X.jo/,New Third Party Trackers,,,,,
www.CLIENT_X.ch,Essential cookies (exempt from consent),CLIENT_X - Switzerland,HTTP Cookie,JSESSIONID,,bench_update_duration,TRUE,,Existing CM Trackers-Found,,,,,
www.CLIENT_X.cl,Essential cookies (exempt from consent),CLIENT_X - Chile,HTTP Cookie,AWSELBCORS,,0,TRUE,https://www.CLIENT_X.sa/,Existing CM Trackers-Found,,,,,
CLIENT_X.ae,Essential cookies,CLIENT_X - Middle East Arab,HTTP Cookie,_ga_failed_lookup_marker_79_679,,90,,https://www.CLIENT_X.ae/,New First Party Trackers,,,,,
CLIENT_X.jo,Essential cookies,CLIENT_X - Jordan,HTTP Cookie,_ga_failed_lookup_marker_79_680,,0,TRUE,https://www.CLIENT_X.jo/,Existing CM Trackers-Found,,,,,
api.pinterest.com,Targeted Advertising Cookies (including social media) [Requires consent],Pinterest,JavaScript,-,,,,,Existing CM Trackers-Not Found,,,,,
www.CLIENT_X.it,Essential cookies (exempt from consent),CLIENT_X - Italy,HTTP Cookie,AWSELB,,bench_update_duration,,,Existing CM Trackers-Not Found,,,,,
respirtech.com,Essential cookies (exempt from consent),RespirTech,HTTP Cookie,_gid,,,TRUE,https://www.CLIENT_X.sa/c-e/ho/cooking/all-in-one-cooker-3000.html,Existing CM Trackers-Found,,,,,
CLIENT_X.be,Essential cookies (exempt from consent),CLIENT_X - Belgium,HTTP Cookie,s_cc,,0,TRUE,,Existing CM Trackers-Found,,,,,
www.CLIENT_X.lv,Essential cookies (exempt from consent),CLIENT_X - Latvia,ETag,blank (etag),,365,TRUE,https://www.CLIENT_X.ae/c-m-ho/cooking/toaster/latest,Existing CM Trackers-Found,,,,,
CLIENT_X.co.kr,Essential cookies (exempt from consent),CLIENT_X - Korea,HTTP Cookie,s_gnr,,session,TRUE,https://www.CLIENT_X.com.qa/,Existing CM Trackers-Found,,,,,
static.cloudflareinsights.com,Performance Cookies [Requires consent],Cloudflare,ETag,-,,session,TRUE,https://www.CLIENT_X.com.qa/,Existing CM Trackers-Found,,,,,
CLIENT_X.ng,Essential cookies (exempt from consent),CLIENT_X - Nigeria,HTTP Cookie,s_vs,,365,TRUE,https://www.CLIENT_X.com.qa/,Existing CM Trackers-Found,,,,,
smetrics.marketing.lighting.CLIENT_X.co.th,Essential cookies (exempt from consent),CLIENT_X - Thailand,JavaScript,blank (java),,session,TRUE,https://www.CLIENT_X.com.kw/,Existing CM Trackers-Found,,,,,
lighting.CLIENT_X.com.au,Essential cookies (exempt from consent),Signify (formerly CLIENT_X Lighting),HTTP Cookie,s_nr,,89,TRUE,https://www.CLIENT_X.ae/,Existing CM Trackers-Found,,,,,
CLIENT_X.com.tw,Essential cookies (exempt from consent),CLIENT_X - Taiwan,HTTP Cookie,_scid_r,,bench_update_duration,TRUE,https://www.CLIENT_X.sa/c-m-ho/cooking/toaster/latest,Existing CM Trackers-Found,,,,,
CLIENT_X.pt,Essential cookies (exempt from consent),CLIENT_X - Portugal,HTTP Cookie,FPID,,bench_update_duration,TRUE,https://www.CLIENT_X.sa/c-m-ho/cooking/toaster/latest,Existing CM Trackers-Found,,,,,
www.loja.CLIENT_X.com.br,Essential cookies (exempt from consent),CLIENT_X - Brazil,Beacon,blank (beacon),,bench_update_duration,,,Existing CM Trackers-Not Found,,,,,
www.CLIENT_X.dk,Essential cookies (exempt from consent),CLIENT_X - Denmark,HTTP Cookie,kampylePageLoadedTimestamp,,bench_update_duration,TRUE,https://www.CLIENT_X.ae/c-m-ho/cooking/toaster/latest,Existing CM Trackers-Found,,,,,
www.CLIENT_X.com.pe,Essential cookies (exempt from consent),CLIENT_X - Peru,HTTP Cookie,kampyleUserSession,,bench_update_duration,,https://www.CLIENT_X.com.qa/,New First Party Trackers,,,,,
CLIENT_X.co.in,Essential cookies (exempt from consent),CLIENT_X - India,HTTP Cookie,com.adobe.alloy.getTld,,bench_update_duration,TRUE,https://www.CLIENT_X.jo/,Existing CM Trackers-Found,,,,,
lighting.CLIENT_X.lt,Essential cookies (exempt from consent),Signify (formerly CLIENT_X Lighting),HTTP Cookie,_mkto_trk,,7,TRUE,https://www.CLIENT_X.com.kw/,Existing CM Trackers-Found,,,,,
CLIENT_X.be,Essential cookies (exempt from consent),CLIENT_X - Belgium,HTTP Cookie,_scid,,bench_update_duration,TRUE,https://www.CLIENT_X.jo/,Existing CM Trackers-Found,,,,,
www.lighting.CLIENT_X.be,Essential cookies (exempt from consent),Signify (formerly CLIENT_X Lighting),JavaScript,blank (java),,bench_update_duration,,,Existing CM Trackers-Not Found,,,,,
cdn.taboola.com,Performance Cookies [Requires consent],Taboola Europe Limited,JavaScript,-,,400,TRUE,https://www.CLIENT_X.ae/,Existing CM Trackers-Found,,,,,
www.CLIENT_X.co.uk,Essential cookies (exempt from consent),CLIENT_X - United Kingdom,HTTP Cookie,fl_qualified_entry,,,,,Existing CM Trackers-Not Found,,,,,
www.CLIENT_X.cz,Essential cookies (exempt from consent),CLIENT_X - Czech Republic,HTTP Cookie,kampylePageLoadedTimestamp,,365,TRUE,https://www.CLIENT_X.ae/c-m-ho/cooking/toaster/latest,Existing CM Trackers-Found,,,,,
CLIENT_X.co.ke,Essential cookies (exempt from consent),CLIENT_X - Kenya,HTTP Cookie,_ttp,,bench_update_duration,,,Existing CM Trackers-Not Found,,,,,
CLIENT_X.dk,Essential cookies (exempt from consent),CLIENT_X - Denmark,HTTP Cookie,s_eVar44,,,,,Existing CM Trackers-Not Found,,,,,
CLIENT_X.jo,Essential cookies,CLIENT_X - Jordan,Local Storage,bench_new_T2_15977,,,TRUE,https://www.CLIENT_X.jo/c-w/support-home/support-contact-page,Existing CM Trackers-Found,,,,,
CLIENT_X.ae,Essential cookies,CLIENT_X - Middle East Arab,HTTP Cookie,_ga_failed_lookup_marker_79_706,,90,,https://www.CLIENT_X.ae/,New First Party Trackers,,,,,
www.lighting.CLIENT_X.hr,Essential cookies (exempt from consent),Signify (formerly CLIENT_X Lighting),HTTP Cookie,s_mc,,bench_update_duration,TRUE,https://www.CLIENT_X.com.kw/,Existing CM Trackers-Found,,,,,
www.CLIENT_X.sa,Essential cookies,CLIENT_X - Kingdom of Saudi Arabia,HTTP Cookie,bench_new_T2_15887,,7,,https://www.CLIENT_X.sa/c-m-ho/cooking/toaster/latest,New First Party Trackers,,,,,
www.CLIENT_X.ca,Essential cookies (exempt from consent),CLIENT_X - Canada,HTTP Cookie,liveagent_ptid,,,,,Existing CM Trackers-Not Found,,,,,
tools.eurolandir.com,Performance cookies,Euroland,ETag,bench_new_T2_15970,,,,,Existing CM Trackers-Not Found,,,,,
www.CLIENT_X.com.kw,Essential cookies,CLIENT_X - Kuwait,HTTP Cookie,bench_new_T2_15965,,0,TRUE,https://www.CLIENT_X.com.kw/ar/c-m-so/media-players/latest,Existing CM Trackers-Found,,,,,
www.lighting.CLIENT_X.co.jp,Essential cookies (exempt from consent),Signify (formerly CLIENT_X Lighting),HTTP Cookie,s_mc,,,TRUE,https://www.CLIENT_X.sa/c-e/ho/cooking/all-in-one-cooker-3000.html,Existing CM Trackers-Found,,,,,
www.CLIENT_X.com.pe,Essential cookies (exempt from consent),CLIENT_X - Peru,HTTP Cookie,kampyleUserPercentile,,bench_update_duration,TRUE,,Existing CM Trackers-Found,,,,,
CLIENT_X.pl,Essential cookies (exempt from consent),CLIENT_X - Poland,HTTP Cookie,s_gnr,,bench_update_duration,,,Existing CM Trackers-Not Found,,,,,
www.CLIENT_X.com.gh,Essential cookies (exempt from consent),CLIENT_X - Ghana,HTTP Cookie,_sdsat_pgm_optin,,400,TRUE,https://www.CLIENT_X.sa/,Existing CM Trackers-Found,,,,,
CLIENT_X.ee,Essential cookies (exempt from consent),CLIENT_X - Republic of Estonia,HTTP Cookie,_schn1,,bench_update_duration,TRUE,https://www.CLIENT_X.ae/,Existing CM Trackers-Found,,,,,
CLIENT_X.it,Essential cookies (exempt from consent),CLIENT_X - Italy,HTTP Cookie,s_tid,,bench_update_duration,TRUE,https://www.CLIENT_X.ae/,Existing CM Trackers-Found,,,,,
CLIENT_X.jo,Essential cookies,CLIENT_X - Jordan,HTTP Cookie,_ga_failed_lookup_marker_79_718,,60,TRUE,https://www.CLIENT_X.jo/,Existing CM Trackers-Found,,,,,
CLIENT_Xb2c.lightning.force.com,Performance cookies,"Salesforce.com, Inc.",Beacon,_ga_failed_lookup_marker_79_719,,,,,New Third Party Trackers,,,,,
www.CLIENT_X.co.kr,Essential cookies (exempt from consent),CLIENT_X - Korea,ETag,blank (etag),,bench_update_duration,TRUE,http://www.CLIENT_X.com.qa/,Existing CM Trackers-Found,,,,,
www.lighting.CLIENT_X.lv,Essential cookies (exempt from consent),Signify (formerly CLIENT_X Lighting),HTTP Cookie,AWSELBCORS,,bench_update_duration,TRUE,https://www.CLIENT_X.jo/healthcare,Existing CM Trackers-Found,,,,,
linkedin.com,Targeted Advertising cookies (including social media),LinkedIn,HTTP Cookie,bench_new_T2_15834,,1,TRUE,https://www.CLIENT_X.jo/c-e/ho/homeid-app.html,Existing CM Trackers-Found,,,,,
CLIENT_X.co.uk,Essential cookies (exempt from consent),CLIENT_X - United Kingdom,HTTP Cookie,_uetvid,,bench_update_duration,TRUE,https://www.CLIENT_X.sa/c-e/ho/air-purifier-and-air-humidifier/air-performer-series-8000.html,Existing CM Trackers-Found,,,,,
CLIENT_Xb2c.file.force.com,Performance cookies,"Salesforce.com, Inc.",Beacon,bench_new_T2_15862,,,,,New Third Party Trackers,,,,,
CLIENT_X.co.th,Essential cookies (exempt from consent),CLIENT_X - Thailand,HTTP Cookie,internalUserCheck,,,,,Existing CM Trackers-Not Found,,,,,
www.CLIENT_X.sa,Essential cookies,CLIENT_X - Kingdom of Saudi Arabia,HTTP Cookie,_ga_failed_lookup_marker_79_726,,400,TRUE,https://www.CLIENT_X.sa/c-m-ho/cooking/toaster/latest,Existing CM Trackers-Found,,,,,
www.google.com,Targeted Advertising cookies (including social media),Google Inc.,Beacon,_ga_failed_lookup_marker_79_727,,,TRUE,,Existing CM Trackers-Found,,,,,
store-CLIENT_X.tw,Essential cookies (exempt from consent),CLIENT_X Store - Taiwan,HTTP Cookie,fpc,,,,,New Third Party Trackers,,,,,
d.la1-c2-par.salesforceliveagent.com,Performance Cookies [Requires consent],"salesforce.com, inc.",JavaScript,-,,0,TRUE,http://www.CLIENT_X.jo/,Existing CM Trackers-Found,,,,,
CLIENT_X.co.jp,Essential cookies (exempt from consent),CLIENT_X Electronics Corporation Japan,HTTP Cookie,_scid_r,,,,,Existing CM Trackers-Not Found,,,,,
CLIENT_X.ae,Essential cookies,CLIENT_X - Middle East Arab,HTTP Cookie,bench_new_T2_15910,,365,,https://www.CLIENT_X.ae/,New First Party Trackers,,,,,
www.CLIENT_X.co.kr,Essential cookies (exempt from consent),CLIENT_X - Korea,HTTP Cookie,_scid,,,,,Existing CM Trackers-Not Found,,,,,
CLIENT_X.com.qa,Essential cookies,CLIENT_X - Qatar,HTTP Cookie,_ga_failed_lookup_marker_79_733,,,,,Existing CM Trackers-Not Found,,,,,
CLIENT_X.de,Essential cookies (exempt from consent),CLIENT_X - Germany,HTTP Cookie,TAsessionID,,bench_update_duration,,https://www.CLIENT_X.ae/c-m-ho/cooking/toaster/latest,New First Party Trackers,,,,,
www.usa.CLIENT_X.com,Essential cookies (exempt from consent),Koninklijke CLIENT_X N.V.,HTTP Cookie,JSESSIONID,,bench_update_duration,TRUE,https://www.CLIENT_X.sa/c-w/support-home/support-contact-page.html,Existing CM Trackers-Found,,,,,
CLIENT_X.co.ke,Essential cookies (exempt from consent),CLIENT_X - Kenya,HTTP Cookie,TAsessionID,,session,TRUE,https://www.CLIENT_X.sa/,Existing CM Trackers-Found,,,,,
www.shop.CLIENT_X.ee,Essential cookies (exempt from consent),CLIENT_X - Republic of Estonia,HTTP Cookie,eddl_gtm_qe_session_start_6523424625,,,,,Existing CM Trackers-Not Found,,,,,
CLIENT_X.com.qa,Essential cookies (exempt from consent),CLIENT_X - Qatar,HTTP Cookie,s_ugv,,bench_update_duration,,,Existing CM Trackers-Not Found,,,,,
www.lighting.CLIENT_X.hu,Essential cookies (exempt from consent),CLIENT_X - Hungary,HTTP Cookie,customer_country,,bench_update_duration,,,Existing CM Trackers-Not Found,,,,,
dynamic.criteo.com,Targeted Advertising Cookies (including social media) [Requires consent],Criteo SA,JavaScript,-,,,,,Existing CM Trackers-Not Found,,,,,
d.la1-c2-par.salesforceliveagent.com,Performance cookies,"Salesforce.com, Inc.",JavaScript,_ga_failed_lookup_marker_79_741,,,,https://www.CLIENT_X.ae/c-t/XC000006201/my-CLIENT_X-toaster-smells-during-first-time-use,New Third Party Trackers,,,,,
www.CLIENT_X.com.kw,Essential cookies,CLIENT_X - Kuwait,HTTP Cookie,_ga_failed_lookup_marker_79_742,,365,TRUE,https://www.CLIENT_X.com.kw/ar/c-m-so/media-players/latest,Existing CM Trackers-Found,,,,,
www.lighting.CLIENT_X.com.cn,Essential cookies (exempt from consent),Signify (formerly CLIENT_X Lighting),HTTP Cookie,ltc_cf,,365,TRUE,https://www.CLIENT_X.ae/,Existing CM Trackers-Found,,,,,
wdh.23video.com,Performance Cookies [Requires consent],TwentyThree,JavaScript,-,,bench_update_duration,TRUE,https://www.CLIENT_X.com.qa/,Existing CM Trackers-Found,,,,,
www.lighting.CLIENT_X.fi,Essential cookies (exempt from consent),Signify (formerly CLIENT_X Lighting),ETag,blank (etag),,400,,https://www.CLIENT_X.jo/,New First Party Trackers,,,,,
www.CLIENT_X.es,Essential cookies (exempt from consent),CLIENT_X - Spain,HTTP Cookie,kampyle_userid,,bench_update_duration,,,New Third Party Trackers,,,,,
CLIENT_X.co.il,Essential cookies (exempt from consent),CLIENT_X - Israel,HTTP Cookie,s_vtime,,bench_update_duration,TRUE,https://www.CLIENT_X.com.kw/,Existing CM Trackers-Found,,,,,
adservice.google.com,Targeted Advertising cookies (including social media),Google Advertising Products,Beacon,bench_new_T2_15969,,,TRUE,,Existing CM Trackers-Found,,,,,
CLIENT_Xcl.vteximg.com.br,Performance Cookies [Requires consent],VTEX,JavaScript,-,,bench_update_duration,TRUE,https://www.CLIENT_X.ae/ar/c-w/support-home/service-center-locator.html,Existing CM Trackers-Found,,,,,
www.domesticappliances.CLIENT_X.co.in,Essential cookies (exempt from consent),CLIENT_X - India,HTTP Cookie,language,,bench_update_duration,TRUE,https://www.CLIENT_X.ae/c-m-ho/cooking/toaster/latest,Existing CM Trackers-Found,,,,,
lighting.CLIENT_X.com.co,Essential cookies (exempt from consent),Signify (formerly CLIENT_X Lighting),HTTP Cookie,test,,0,TRUE,https://www.CLIENT_X.ae/c-m-ho/cooking/toaster/latest,Existing CM Trackers-Found,,,,,
CLIENT_Xb2c.file.force.com,Performance cookies,"Salesforce.com, Inc.",Beacon,_ga_failed_lookup_marker_79_752,,,,,New Third Party Trackers,,,,,
CLIENT_X.com,Essential cookies (exempt from consent),Koninklijke CLIENT_X N.V.,HTTP Cookie,s_gnr,,bench_update_duration,,,Existing CM Trackers-Not Found,,,,,
www.lighting.CLIENT_X.ru,Essential cookies (exempt from consent),Signify (formerly CLIENT_X Lighting),HTTP Cookie,s_sid,,bench_update_duration,,,Existing CM Trackers-Not Found,,,,,
CLIENT_X.com.my,Essential cookies (exempt from consent),CLIENT_X - Malaysia,HTTP Cookie,mboxEdgeCluster,,,,,Existing CM Trackers-Not Found,,,,,
CLIENT_X.ng,Essential cookies (exempt from consent),CLIENT_X - Nigeria,HTTP Cookie,s_pv,,0,TRUE,https://www.CLIENT_X.jo/c-e/ho/homeid-app.html,Existing CM Trackers-Found,,,,,
CLIENT_X.com.kw,Essential cookies,CLIENT_X - Kuwait,HTTP Cookie,bench_new_T2_15945,,60,TRUE,https://www.CLIENT_X.com.kw/,Existing CM Trackers-Found,,,,,
www.lighting.CLIENT_X.co.ke,Essential cookies (exempt from consent),Signify (formerly CLIENT_X Lighting),HTTP Cookie,customer_country,,bench_update_duration,TRUE,https://www.CLIENT_X.sa/,Existing CM Trackers-Found,,,,,
www.lighting.CLIENT_X.ro,Essential cookies (exempt from consent),Signify (formerly CLIENT_X Lighting),HTTP Cookie,AWSELB,,bench_update_duration,TRUE,https://www.CLIENT_X.jo/c-e/ho/homeid-app.html,Existing CM Trackers-Found,,,,,
x.cnt.my,Targeted Advertising Cookies (including social media) [Requires consent],Unknown,JavaScript,-,,,,,Existing CM Trackers-Not Found,,,,,
www.CLIENT_X.fi,Essential cookies (exempt from consent),CLIENT_X - Finland,ETag,blank (etag),,bench_update_duration,,,Existing CM Trackers-Not Found,,,,,
CLIENT_X.ma,Essential cookies (exempt from consent),CLIENT_X - Morocco,HTTP Cookie,_schn1,,bench_update_duration,,,Existing CM Trackers-Not Found,,,,,
www.lighting.CLIENT_X.co.za,Essential cookies (exempt from consent),Signify (formerly CLIENT_X Lighting),HTTP Cookie,s_sid,,365,TRUE,https://www.CLIENT_X.sa/c-m-ho/cooking/toaster/latest,Existing CM Trackers-Found,,,,,
www.CLIENT_X.ru,Essential cookies (exempt from consent),CLIENT_X - Russia,HTTP Cookie,_scid_r,,90,,https://www.CLIENT_X.ae/,New First Party Trackers,,,,,
CLIENT_X.dk,Essential cookies (exempt from consent),CLIENT_X - Denmark,HTTP Cookie,s_eVar8,,0,TRUE,https://www.CLIENT_X.jo/,Existing CM Trackers-Found,,,,,
www.mriclinicalcasemap.CLIENT_X.com,Essential cookies (exempt from consent),Koninklijke CLIENT_X N.V.,HTTP Cookie,eddl_gtm_qe_session_start_6523424625,,bench_update_duration,,,Existing CM Trackers-Not Found,,,,,
CLIENT_X.pt,Essential cookies (exempt from consent),CLIENT_X - Portugal,HTTP Cookie,s_tid,,,,,Existing CM Trackers-Not Found,,,,,
www.lighting.CLIENT_X.sa,Essential cookies (exempt from consent),Signify (formerly CLIENT_X Lighting),HTTP Cookie,AWSELB,,bench_update_duration,,https://www.CLIENT_X.com.qa/,New First Party Trackers,,,,,
www.lighting.CLIENT_X.com.my,Essential cookies (exempt from consent),Signify (formerly CLIENT_X Lighting),HTTP Cookie,BCTempID,,400,TRUE,https://www.CLIENT_X.ae/,Existing CM Trackers-Found,,,,,
www.CLIENT_X.dk,Essential cookies (exempt from consent),CLIENT_X - Denmark,HTTP Cookie,ws-active-shop,,bench_update_duration,,,Existing CM Trackers-Not Found,,,,,
lighting.CLIENT_X.com.ph,Essential cookies (exempt from consent),CLIENT_X - Philippines,HTTP Cookie,s_ppvl,,bench_update_duration,TRUE,https://www.CLIENT_X.sa/,Existing CM Trackers-Found,,,,,
www.lighting.CLIENT_X.pt,Essential cookies (exempt from consent),Signify (formerly CLIENT_X Lighting),HTTP Cookie,customer_country,,0,TRUE,https://www.CLIENT_X.sa/,Existing CM Trackers-Found,,,,,
www.CLIENT_X.bg,Essential cookies (exempt from consent),CLIENT_X - Bulgaria,HTTP Cookie,fl_qualified_entry,,bench_update_duration,,,Existing CM Trackers-Not Found,,,,,
www.lighting.CLIENT_X.sk,Essential cookies (exempt from consent),Signify (formerly CLIENT_X Lighting),Local Storage,blank (local storage),,bench_update_duration,TRUE,https://www.CLIENT_X.ae/c-f/XC000021357/how-to-create-and-manage-maps-in-my-CLIENT_X-homerun-app,Existing CM Trackers-Found,,,,,
www.lighting.CLIENT_X.com.sg,Essential cookies (exempt from consent),Signify (formerly CLIENT_X Lighting),HTTP Cookie,s_mc,,365,,https://www.CLIENT_X.ae/,New Third Party Trackers,,,,,
www.CLIENT_X.co.za,Essential cookies (exempt from consent),CLIENT_X - South Africa,HTTP Cookie,_sdsat_pgm_optin,,180,TRUE,https://www.CLIENT_X.jo/,Existing CM Trackers-Found,,,,,
CLIENT_Xb2c.my.site.com,Performance cookies,"Salesforce.com, Inc.",Local Storage,bench_new_T2_15814,,,TRUE,https://www.CLIENT_X.ae/c-w/support-home/support-contact-page.html,Existing CM Trackers-Found,,,,,
CLIENT_X.co.nz,Essential cookies (exempt from consent),CLIENT_X - New Zealand,HTTP Cookie,com.adobe.alloy.getTld,,bench_update_duration,TRUE,https://www.CLIENT_X.sa/c-e/ho/air-purifier-and-air-humidifier/air-performer-series-8000.html,Existing CM Trackers-Found,,,,,
tracker-detail-page.trustarc.com,Essential cookies,TrustArc,ETag,bench_new_T2_15903,,,,https://www.CLIENT_X.ae/a-w/cookie-notice,New Third Party Trackers,,,,,
CLIENT_X.com.eg,Essential cookies (exempt from consent),CLIENT_X - Egypt,HTTP Cookie,internalUserCheck,,,,,Existing CM Trackers-Not Found,,,,,
www.tienda.CLIENT_X.cl,Essential cookies (exempt from consent),CLIENT_X - Chile,HTTP Cookie,vtex_segment,,bench_update_duration,,,New Third Party Trackers,,,,,
www.CLIENT_X.bg,Essential cookies (exempt from consent),CLIENT_X - Bulgaria,HTTP Cookie,eddl_gtm_qe_session_start_6523424625,,bench_update_duration,,,Existing CM Trackers-Not Found,,,,,
CLIENT_X.nl,Essential cookies (exempt from consent),CLIENT_X - Netherlands,HTTP Cookie,li_cm_prefs_session,,,,,Existing CM Trackers-Not Found,,,,,
www.assets.lighting.CLIENT_X.com,Performance Cookies [Requires consent],Signify (formerly CLIENT_X Lighting),ETag,-,,bench_update_duration,TRUE,,Existing CM Trackers-Found,,,,,
www.lighting.CLIENT_X.pl,Essential cookies (exempt from consent),Signify (formerly CLIENT_X Lighting),HTTP Cookie,remember_customer_type,,bench_update_duration,,,Existing CM Trackers-Not Found,,,,,
lighting.CLIENT_X.com.hk,Essential cookies (exempt from consent),CLIENT_X - Hong Kong,HTTP Cookie,s_sid,,90,,https://www.CLIENT_X.com.kw/,New First Party Trackers,,,,,
cdn-scripts.signifyd.com,Performance Cookies [Requires consent],Signifyd,ETag,-,,bench_update_duration,TRUE,https://www.CLIENT_X.com.kw/ar/c-m-so/media-players/latest,Existing CM Trackers-Found,,,,,
CLIENT_X.com.sg,Essential cookies (exempt from consent),CLIENT_X - Singapore,HTTP Cookie,_mkto_trk,,bench_update_duration,,,Existing CM Trackers-Not Found,,,,,
cdn.attn.tv,Performance Cookies [Requires consent],"Attentive Mobile, Inc.",JavaScript,-,,bench_update_duration,TRUE,https://www.CLIENT_X.com.qa/,Existing CM Trackers-Found,,,,,
CLIENT_X.pt,Essential cookies (exempt from consent),CLIENT_X - Portugal,HTTP Cookie,s_eVar8,,bench_update_duration,,,Existing CM Trackers-Not Found,,,,,
www.CLIENT_X.sa,Essential cookies,CLIENT_X - Kingdom of Saudi Arabia,HTTP Cookie,_ga_failed_lookup_marker_79_791,,365,TRUE,https://www.CLIENT_X.sa/c-m-ho/cooking/toaster/latest,Existing CM Trackers-Found,,,,,
www.CLIENT_X.lv,Essential cookies (exempt from consent),CLIENT_X - Latvia,HTTP Cookie,eddl_gtm_qe_session_start_6523424625,,bench_update_duration,,,Existing CM Trackers-Not Found,,,,,
CLIENT_X.jo,Essential cookies,CLIENT_X - Jordan,HTTP Cookie,bench_new_T2_15800,,session,TRUE,https://www.CLIENT_X.jo/,Existing CM Trackers-Found,,,,,
analytics.tiktok.com,Targeted Advertising cookies (including social media),TikTok,JavaScript,_ga_failed_lookup_marker_79_794,,,TRUE,http://www.CLIENT_X.ae/,Existing CM Trackers-Found,,,,,
www.CLIENT_X.com.kw,Essential cookies,,HTTP Cookie,bench_new_T2_15902,,,,,Existing CM Trackers-Not Found,,,,,
lighting.CLIENT_X.com.pe,Essential cookies (exempt from consent),Signify (formerly CLIENT_X Lighting),HTTP Cookie,com.adobe.alloy.getTld,,,TRUE,,Existing CM Trackers-Found,,,,,
www.CLIENT_X.jo,Performance cookies,CLIENT_X - Jordan,HTTP Cookie,_ga_failed_lookup_marker_79_797,,session,TRUE,http://www.CLIENT_X.jo/,Existing CM Trackers-Found,,,,,
CLIENT_X.co.jp,Essential cookies (exempt from consent),CLIENT_X Electronics Corporation Japan,HTTP Cookie,TEST_AMCV_COOKIE_WRITE,,bench_update_duration,TRUE,https://www.CLIENT_X.sa/c-e/ho/air-purifier-and-air-humidifier/air-performer-series-7000.html,Existing CM Trackers-Found,,,,,
www.CLIENT_X.com.pk,Essential cookies (exempt from consent),CLIENT_X - Pakistan,HTTP Cookie,kampyleUserSession,,session,TRUE,https://www.CLIENT_X.ae/c-m-ho/cooking/toaster/latest,Existing CM Trackers-Found,,,,,
CLIENT_X.com.kw,Essential cookies,CLIENT_X - Kuwait,HTTP Cookie,bench_new_T2_15932,,,,,Existing CM Trackers-Not Found,,,,,
www.powersensormonitor.CLIENT_X.com,Essential cookies (exempt from consent),Koninklijke CLIENT_X N.V.,ETag,blank (etag),,bench_update_duration,,,Existing CM Trackers-Not Found,,,,,
CLIENT_X.cl,Essential cookies (exempt from consent),CLIENT_X - Chile,HTTP Cookie,internalUserCheck,,bench_update_duration,TRUE,,Existing CM Trackers-Found,,,,,
www.shop.CLIENT_X.lt,Essential cookies (exempt from consent),CLIENT_X - Lithuania,HTTP Cookie,woocommerce_items_in_cart,,bench_update_duration,TRUE,https://www.CLIENT_X.sa/c-m-ho/cooking/toaster/latest,Existing CM Trackers-Found,,,,,
lighting.CLIENT_X.com.au,Essential cookies (exempt from consent),Signify (formerly CLIENT_X Lighting),HTTP Cookie,s_ppvl,,729,TRUE,https://www.CLIENT_X.ae/,Existing CM Trackers-Found,,,,,
stg.CLIENT_X.ru,Essential cookies (exempt from consent),CLIENT_X - Russia,HTTP Cookie,kampyle_userid,,0,TRUE,https://www.CLIENT_X.com.qa/,Existing CM Trackers-Found,,,,,
www.CLIENT_X.jo,Essential cookies,CLIENT_X - Jordan,HTTP Cookie,_ga_failed_lookup_marker_79_806,,7,,http://www.CLIENT_X.jo/,New First Party Trackers,,,,,
CLIENT_X.com.ph,Essential cookies (exempt from consent),CLIENT_X - Philippines,HTTP Cookie,da_lid,,session,TRUE,https://www.CLIENT_X.com.kw/,Existing CM Trackers-Found,,,,,
content.delivery-portal.demant.com,Performance Cookies [Requires consent],Demant,ETag,-,,bench_update_duration,TRUE,https://www.CLIENT_X.com.kw/,Existing CM Trackers-Found,,,,,
CLIENT_X.fr,Essential cookies (exempt from consent),CLIENT_X - France,HTTP Cookie,iadvize-7929-vuid,,,,https://www.CLIENT_X.com.qa/healthcare/product/HC722227,New Third Party Trackers,,,,,
www.CLIENT_X.ng,Essential cookies (exempt from consent),CLIENT_X - Nigeria,HTTP Cookie,AWSELBCORS,,bench_update_duration,TRUE,,Existing CM Trackers-Found,,,,,
www.lighting.CLIENT_X.sk,Essential cookies (exempt from consent),Signify (formerly CLIENT_X Lighting),HTTP Cookie,s_mc,,bench_update_duration,,,Existing CM Trackers-Not Found,,,,,
td.yieldify.com,Targeted Advertising cookies (including social media),Yieldify,JavaScript,bench_new_T2_15958,,,TRUE,http://www.CLIENT_X.ae/,Existing CM Trackers-Found,,,,,
www.lighting.CLIENT_X.com.ar,Essential cookies (exempt from consent),Signify (formerly CLIENT_X Lighting),HTTP Cookie,CLIENT_X,,89,,,Existing CM Trackers-Not Found,,,,,
www.CLIENT_X.si,Essential cookies (exempt from consent),CLIENT_X - Slovenia,HTTP Cookie,kampyleUserSessionsCount,,bench_update_duration,TRUE,https://www.CLIENT_X.sa/,Existing CM Trackers-Found,,,,,
trc-events.taboola.com,Targeted Advertising Cookies (including social media) [Requires consent],Taboola Europe Limited,Beacon,-,,,,,Existing CM Trackers-Not Found,,,,,
www.shop.CLIENT_X.co.in,Essential cookies (exempt from consent),CLIENT_X - India,Local Storage,blank (local storage),,bench_update_duration,,https://www.CLIENT_X.com.kw/ar/c-m-so/media-players/latest,New First Party Trackers,,,,,
www.lighting.CLIENT_X.co.th,Essential cookies (exempt from consent),Signify (formerly CLIENT_X Lighting),Beacon,blank (beacon),,bench_update_duration,,,Existing CM Trackers-Not Found,,,,,
CLIENT_X.com.br,Essential cookies (exempt from consent),CLIENT_X - Brazil,HTTP Cookie,zScalerUser,,bench_update_duration,TRUE,https://www.CLIENT_X.ae/,Existing CM Trackers-Found,,,,,
lighting.CLIENT_X.co.nz,Essential cookies (exempt from consent),Signify (formerly CLIENT_X Lighting),HTTP Cookie,aam_uuid,,90,TRUE,https://www.CLIENT_X.ae/,Existing CM Trackers-Found,,,,,
activity-flow.vtex.com,Performance Cookies [Requires consent],VTEX,JavaScript,-,,bench_update_duration,TRUE,http://www.CLIENT_X.jo/,Existing CM Trackers-Found,,,,,
CLIENT_X.ch,Essential cookies (exempt from consent),CLIENT_X - Switzerland,HTTP Cookie,_schn1,,400,TRUE,https://www.CLIENT_X.com.qa/,Existing CM Trackers-Found,,,,,
www.shop.CLIENT_X.co.in,Essential cookies (exempt from consent),CLIENT_X - India,HTTP Cookie,currency,,bench_update_duration,TRUE,https://www.CLIENT_X.ae/c-w/support-home/support-contact-page.html,Existing CM Trackers-Found,,,,,
www.CLIENT_X.com.sg,Essential cookies (exempt from consent),CLIENT_X - Singapore,HTTP Cookie,_scid_r,,,,,Existing CM Trackers-Not Found,,,,,
www.lighting.CLIENT_X.com.eg,Essential cookies (exempt from consent),Signify (formerly CLIENT_X Lighting),HTTP Cookie,AWSELB,,0,TRUE,https://www.CLIENT_X.ae/c-m-ho/cooking/toaster/latest,Existing CM Trackers-Found,,,,,
www.hcare.CLIENT_X.com.cn,Essential cookies (exempt from consent),CLIENT_X - China,HTTP Cookie,SECKEY_ABVK,,,,https://www.CLIENT_X.ae/c-t/XC000006201/my-CLIENT_X-toaster-smells-during-first-time-use,Existing CM Trackers-Found,,,,,
CLIENT_X.se,Essential cookies (exempt from consent),CLIENT_X - Sweden,HTTP Cookie,s_nrpv,,,,,Existing CM Trackers-Not Found,,,,,
linkedin.com,Targeted Advertising cookies (including social media),LinkedIn,HTTP Cookie,bench_new_T2_15866,,180,TRUE,https://www.CLIENT_X.jo/c-e/ho/homeid-app.html,Existing CM Trackers-Found,,,,,
www.CLIENT_X.com.pe,Essential cookies (exempt from consent),CLIENT_X - Peru,HTTP Cookie,p-hc-specialty,,bench_update_duration,TRUE,https://www.CLIENT_X.jo/,Existing CM Trackers-Found,,,,,
CLIENT_X.ro,Essential cookies (exempt from consent),CLIENT_X - Romania,HTTP Cookie,s_cc,,,,,Existing CM Trackers-Not Found,,,,,
CLIENT_X.si,Essential cookies (exempt from consent),CLIENT_X - Slovenia,HTTP Cookie,_gdXXX,,bench_update_duration,TRUE,https://www.CLIENT_X.ae/,Existing CM Trackers-Found,,,,,
www.tienda.CLIENT_X.cl,Essential cookies (exempt from consent),CLIENT_X - Chile,ETag,blank (etag),,bench_update_duration,TRUE,http://www.CLIENT_X.jo/,Existing CM Trackers-Found,,,,,
sp.vtex.com,Performance Cookies [Requires consent],VTEX,ETag,-,,,TRUE,https://www.CLIENT_X.sa/c-e/ho/air-purifier-and-air-humidifier/air-performer-series-7000.html,Existing CM Trackers-Found,,,,,
www.CLIENT_X.lv,Essential cookies (exempt from consent),CLIENT_X - Latvia,JavaScript,blank (java),,bench_update_duration,,https://www.CLIENT_X.com.qa/,New First Party Trackers,,,,,
www.subskrypcje.CLIENT_X.pl,Essential cookies (exempt from consent),CLIENT_X - Poland,Local Storage,blank (local storage),,400,TRUE,https://www.CLIENT_X.sa/c-m-ho/cooking/toaster/latest,Existing CM Trackers-Found,,,,,
CLIENT_X.ae,Essential cookies (exempt from consent),CLIENT_X - Middle East Arab,HTTP Cookie,mboxEdgeCluster,,bench_update_duration,TRUE,https://www.CLIENT_X.jo/,Existing CM Trackers-Found,,,,,
CLIENT_X.fi,Essential cookies (exempt from consent),CLIENT_X - Finland,HTTP Cookie,_gid,,bench_update_duration,,,Existing CM Trackers-Not Found,,,,,
CLIENT_X.com.sg,Essential cookies (exempt from consent),CLIENT_X - Singapore,HTTP Cookie,_ga,,,,,Existing CM Trackers-Not Found,,,,,
www.CLIENT_X.com.qa,Essential cookies,CLIENT_X - Qatar,JavaScript,_ga_failed_lookup_marker_79_838,,,TRUE,http://www.CLIENT_X.com.qa/,Existing CM Trackers-Found,,,,,
www.mriclinicalcasemap.CLIENT_X.com,Essential cookies (exempt from consent),Koninklijke CLIENT_X N.V.,ETag,blank (etag),,bench_update_duration,TRUE,https://www.CLIENT_X.jo/a-w/about-CLIENT_X/company-profile.html,Existing CM Trackers-Found,,,,,
lighting.CLIENT_X.sa,Essential cookies,Signify (formerly CLIENT_X Lighting),HTTP Cookie,bench_new_T2_15938,,,,,Existing CM Trackers-Not Found,,,,,
CLIENT_X.ee,Essential cookies (exempt from consent),CLIENT_X - Republic of Estonia,HTTP Cookie,_gat_UA-XXX,,bench_update_duration,TRUE,https://www.CLIENT_X.jo/c-e/ho/homeid-app.html,Existing CM Trackers-Found,,,,,
www.lighting.CLIENT_X.co.nz,Essential cookies (exempt from consent),Signify (formerly CLIENT_X Lighting),HTTP Cookie,s_int,,bench_update_duration,,,Existing CM Trackers-Not Found,,,,,
CLIENT_X.bg,Essential cookies (exempt from consent),CLIENT_X - Bulgaria,HTTP Cookie,s_campaign,,bench_update_duration,,,Existing CM Trackers-Not Found,,,,,
*.fls.doubleclick.net,Targeted Advertising cookies (including social media),Google Advertising Products,Beacon,bench_new_T2_15933,,,,,Existing CM Trackers-Not Found,,,,,
www.lighting.CLIENT_X.com.sg,Essential cookies (exempt from consent),Signify (formerly CLIENT_X Lighting),HTTP Cookie,CLIENT_X,,90,TRUE,https://www.CLIENT_X.sa/,Existing CM Trackers-Found,,,,,
CLIENT_X.gr,Essential cookies (exempt from consent),CLIENT_X - Greece,HTTP Cookie,FPLC,,bench_update_duration,,,Existing CM Trackers-Not Found,,,,,
CLIENT_X.ch,Essential cookies (exempt from consent),CLIENT_X - Switzerland,HTTP Cookie,_ttp,,365,TRUE,https://www.CLIENT_X.ae/c-m-ho/cooking/toaster/latest,Existing CM Trackers-Found,,,,,
CLIENT_X.cl,Essential cookies (exempt from consent),CLIENT_X - Chile,HTTP Cookie,s_gnr,,,,,Existing CM Trackers-Not Found,,,,,
healthcare.shop.CLIENT_X.fr,Essential cookies (exempt from consent),CLIENT_X - France,HTTP Cookie,notice_behavior,,bench_update_duration,TRUE,https://www.CLIENT_X.sa/,Existing CM Trackers-Found,,,,,
CLIENT_X.ro,Essential cookies (exempt from consent),CLIENT_X - Romania,HTTP Cookie,iadvize_test_cookie_top_domain,,7,,http://www.CLIENT_X.jo/,New First Party Trackers,,,,,
CLIENT_X.si,Essential cookies (exempt from consent),CLIENT_X - Slovenia,HTTP Cookie,mboxEdgeCluster,,,,,Existing CM Trackers-Not Found,,,,,
www.CLIENT_X.bg,Essential cookies (exempt from consent),CLIENT_X - Bulgaria,HTTP Cookie,notice_settings,,bench_update_duration,,,Existing CM Trackers-Not Found,,,,,
www.CLIENT_X.com.hk,Essential cookies (exempt from consent),CLIENT_X - Hong Kong,HTTP Cookie,p-hc-catg,,bench_update_duration,,,Existing CM Trackers-Not Found,,,,,
CLIENT_X.nl,Essential cookies (exempt from consent),CLIENT_X - Netherlands,HTTP Cookie,iadvize_test_cookie_top_domain,,bench_update_duration,,,Existing CM Trackers-Not Found,,,,,
www.CLIENT_X.sa,Essential cookies,CLIENT_X - Kingdom of Saudi Arabia,HTTP Cookie,_ga_failed_lookup_marker_79_855,,0,TRUE,https://www.CLIENT_X.sa/c-m-ho/cooking/toaster/latest,Existing CM Trackers-Found,,,,,
www.CLIENT_X.si,Essential cookies (exempt from consent),CLIENT_X - Slovenia,HTTP Cookie,kampyleUserPercentile,,,,,Existing CM Trackers-Not Found,,,,,
stg.CLIENT_X.com.kw,Essential cookies,CLIENT_X - Kuwait,Local Storage,_ga_failed_lookup_marker_79_857,,,,,Existing CM Trackers-Not Found,,,,,
CLIENT_X.com.hk,Essential cookies (exempt from consent),CLIENT_X - Hong Kong,HTTP Cookie,_gat_UA-XXX,,bench_update_duration,TRUE,https://www.CLIENT_X.com.qa/,Existing CM Trackers-Found,,,,,
www.CLIENT_X.bg,Essential cookies (exempt from consent),CLIENT_X - Bulgaria,HTTP Cookie,mdLogger,,bench_update_duration,,,Existing CM Trackers-Not Found,,,,,
CLIENT_X.cz,Essential cookies (exempt from consent),CLIENT_X - Czech Republic,HTTP Cookie,TEST_AMCV_COOKIE,,,,https://www.CLIENT_X.ae/a-w/about-CLIENT_X/company/businesses.html,New Third Party Trackers,,,,,
dsum-sec.casalemedia.com,Targeted Advertising cookies (including social media),Index Exchange Inc.,Beacon,_ga_failed_lookup_marker_79_861,,,TRUE,,Existing CM Trackers-Found,,,,,
www.CLIENT_X.co.kr,Essential cookies (exempt from consent),CLIENT_X - Korea,HTTP Cookie,mdLogger,,,,,Existing CM Trackers-Not Found,,,,,
www.CLIENT_X.ng,Essential cookies (exempt from consent),CLIENT_X - Nigeria,HTTP Cookie,p-hc-specialty,,bench_update_duration,,,New Third Party Trackers,,,,,
lighting.CLIENT_X.sa,Essential cookies,Signify (formerly CLIENT_X Lighting),HTTP Cookie,bench_new_T2_15844,,,,,Existing CM Trackers-Not Found,,,,,
CLIENT_X.bg,Essential cookies (exempt from consent),CLIENT_X - Bulgaria,HTTP Cookie,_gdXXX,,bench_update_duration,TRUE,http://www.CLIENT_X.com.qa/,Existing CM Trackers-Found,,,,,
CLIENT_X.com.vn,Essential cookies (exempt from consent),CLIENT_X - Vietnam,HTTP Cookie,_scid_r,,180,TRUE,https://www.CLIENT_X.jo/,Existing CM Trackers-Found,,,,,
cnt.my,Targeted Advertising Cookies (including social media) [Requires consent],Unknown,HTTP Cookie,xcntID,,364,TRUE,http://www.CLIENT_X.com.qa/,Existing CM Trackers-Found,,,,,
www.CLIENT_X.ae,Essential cookies,CLIENT_X - Middle East Arab,Beacon,_ga_failed_lookup_marker_79_868,,,TRUE,,Existing CM Trackers-Found,,,,,
CLIENT_X.nl,Essential cookies (exempt from consent),CLIENT_X - Netherlands,HTTP Cookie,s_nrpv,,,,,Existing CM Trackers-Not Found,,,,,
www.CLIENT_X.pl,Essential cookies (exempt from consent),CLIENT_X - Poland,HTTP Cookie,_sdsat_Ub,,,,,Existing CM Trackers-Not Found,,,,,
www.CLIENT_X.ca,Essential cookies (exempt from consent),CLIENT_X - Canada,HTTP Cookie,_schn2,,,,,Existing CM Trackers-Not Found,,,,,
hmcdn.baidu.com,Performance Cookies [Requires consent],Baidu,ETag,-,,,TRUE,http://www.CLIENT_X.ae/,Existing CM Trackers-Found,,,,,
www.service.CLIENT_X.ru,Essential cookies (exempt from consent),CLIENT_X - Russia,HTTP Cookie,ServiceLocatorLanguage,,bench_update_duration,,,Existing CM Trackers-Not Found,,,,,
CLIENT_X.ae,Essential cookies,CLIENT_X - Middle East Arab,HTTP Cookie,bench_new_T2_15856,,,,,Existing CM Trackers-Not Found,,,,,
CLIENT_X.de,Essential cookies (exempt from consent),CLIENT_X - Germany,HTTP Cookie,_ttp,,bench_update_duration,TRUE,https://www.CLIENT_X.ae/c-e/au/motorcycle-lights/moto-selector-tool.html,Existing CM Trackers-Found,,,,,
CLIENT_X.be,Essential cookies (exempt from consent),CLIENT_X - Belgium,HTTP Cookie,_gat_UA-XXX,,0,,,Existing CM Trackers-Not Found,,,,,
CLIENT_X.com.tw,Essential cookies (exempt from consent),CLIENT_X - Taiwan,HTTP Cookie,mbox,,session,TRUE,https://www.CLIENT_X.com.kw/,Existing CM Trackers-Found,,,,,
CLIENT_X.com.kw,Essential cookies (exempt from consent),CLIENT_X - Kuwait,HTTP Cookie,FPID,,bench_update_duration,TRUE,https://www.CLIENT_X.jo/,Existing CM Trackers-Found,,,,,
CLIENT_Xb2c.file.force.com,Performance cookies,"Salesforce.com, Inc.",Beacon,bench_new_T2_15850,,,,,New Third Party Trackers,,,,,
CLIENT_X.ee,Essential cookies (exempt from consent),CLIENT_X - Republic of Estonia,HTTP Cookie,s_cm_direct,,bench_update_duration,TRUE,https://www.CLIENT_X.sa/c-m-ho/cooking/toaster/latest,Existing CM Trackers-Found,,,,,
www.store-CLIENT_X.tw,Essential cookies (exempt from consent),CLIENT_X Store - Taiwan,HTTP Cookie,_cft_test,,365,TRUE,https://www.CLIENT_X.com.kw/ar/c-m-so/media-players/latest,Existing CM Trackers-Found,,,,,
CLIENT_Xb2c.my.site.com,Performance cookies,"Salesforce.com, Inc.",JavaScript,bench_new_T2_15865,,,TRUE,https://www.CLIENT_X.com.qa/c-w/support-home/support-contact-page.html,Existing CM Trackers-Found,,,,,
www.lighting.CLIENT_X.dk,Essential cookies (exempt from consent),Signify (formerly CLIENT_X Lighting),HTTP Cookie,customer_country,,,TRUE,https://www.CLIENT_X.com.qa/c-w/support-home/support-contact-page.html,Existing CM Trackers-Found,,,,,
www.CLIENT_X.com.kw,Essential cookies,,HTTP Cookie,bench_new_T2_15943,,,,,Existing CM Trackers-Not Found,,,,,
www.CLIENT_X.com.pk,Essential cookies (exempt from consent),CLIENT_X - Pakistan,HTTP Cookie,AWSELB,,0,TRUE,https://www.CLIENT_X.com.kw/,Existing CM Trackers-Found,,,,,
cdn.jsdelivr.net,Performance cookies,Volentio JSD Limited,ETag,_ga_failed_lookup_marker_79_886,,,,,Existing CM Trackers-Not Found,,,,,
doubleclick.net,Targeted Advertising cookies (including social media),Google Advertising Products,HTTP Cookie,bench_new_T2_15858,,30,TRUE,https://www.CLIENT_X.jo/,Existing CM Trackers-Found,,,,,
www.CLIENT_X.co.il,Essential cookies (exempt from consent),CLIENT_X - Israel,HTTP Cookie,p-hc-catg,,bench_update_duration,TRUE,,Existing CM Trackers-Found,,,,,
CLIENT_X.ng,Essential cookies (exempt from consent),CLIENT_X - Nigeria,HTTP Cookie,com.adobe.alloy.getTld,,bench_update_duration,TRUE,https://www.CLIENT_X.sa/c-e/ho/air-purifier-and-air-humidifier/air-performer-series-8000.html,Existing CM Trackers-Found,,,,,
www.CLIENT_X.jo,Essential cookies (exempt from consent),CLIENT_X - Jordan,HTTP Cookie,kampyleSessionPageCounter,,bench_update_duration,TRUE,https://www.CLIENT_X.com.kw/ar/c-m-so/media-players/latest,Existing CM Trackers-Found,,,,,
CLIENT_X.bg,Essential cookies (exempt from consent),CLIENT_X - Bulgaria,HTTP Cookie,s_cc,,89,TRUE,https://www.CLIENT_X.jo/a-w/about-CLIENT_X/company-profile.html,Existing CM Trackers-Found,,,,,
www.CLIENT_X.co.id,Essential cookies (exempt from consent),CLIENT_X - Indonesia,HTTP Cookie,kampylePageLoadedTimestamp,,,,http://www.CLIENT_X.ae/,New Third Party Trackers,,,,,
www.lighting.CLIENT_X.ee,Essential cookies (exempt from consent),Signify (formerly CLIENT_X Lighting),HTTP Cookie,AWSELB,,bench_update_duration,TRUE,https://www.CLIENT_X.jo/,Existing CM Trackers-Found,,,,,
www.docs.lighting.CLIENT_X.com,Performance Cookies [Requires consent],Signify (formerly CLIENT_X Lighting),JavaScript,-,,bench_update_duration,TRUE,https://www.CLIENT_X.com.kw/,Existing CM Trackers-Found,,,,,
www.CLIENT_X.ae,Essential cookies (exempt from consent),CLIENT_X - Middle East Arab,HTTP Cookie,eddl_gtm_qe_session_start_6523424625,,,TRUE,http://www.CLIENT_X.com.qa/,Existing CM Trackers-Found,,,,,
www.CLIENT_X.co.jp,Essential cookies (exempt from consent),CLIENT_X Electronics Corporation Japan,ETag,blank (etag),,90,TRUE,https://www.CLIENT_X.com.kw/,Existing CM Trackers-Found,,,,,
CLIENT_X.co.uk,Essential cookies (exempt from consent),CLIENT_X - United Kingdom,HTTP Cookie,coveo_visitorId,,,,,Existing CM Trackers-Not Found,,,,,
CLIENT_X.cl,Essential cookies (exempt from consent),CLIENT_X - Chile,HTTP Cookie,biggy-anonymous,,,TRUE,https://www.CLIENT_X.sa/c-e/ho/air-purifier-and-air-humidifier/air-performer-series-8000.html,Existing CM Trackers-Found,,,,,
www.respirtech.com,Essential cookies (exempt from consent),RespirTech,HTTP Cookie,__attentive_cco,,,,,New Third Party Trackers,,,,,
www.healthcare.shop.CLIENT_X.it,Essential cookies (exempt from consent),CLIENT_X - Italy,HTTP Cookie,kampyleUserSessionsCount,,bench_update_duration,TRUE,https://www.CLIENT_X.jo/,Existing CM Trackers-Found,,,,,
CLIENT_X.com.mx,Essential cookies (exempt from consent),CLIENT_X - Mexico,HTTP Cookie,crs-tk,,,,,New Third Party Trackers,,,,,
www.CLIENT_X.bg,Essential cookies (exempt from consent),CLIENT_X - Bulgaria,HTTP Cookie,_sdsat_pgm_optin,,bench_update_duration,TRUE,https://www.CLIENT_X.sa/c-m-ho/cooking/toaster/latest,Existing CM Trackers-Found,,,,,
www.lighting.CLIENT_X.fi,Essential cookies (exempt from consent),Signify (formerly CLIENT_X Lighting),HTTP Cookie,customer_country,,,,,Existing CM Trackers-Not Found,,,,,
CLIENT_X.sa,Essential cookies,CLIENT_X - Kingdom of Saudi Arabia,HTTP Cookie,_ga_failed_lookup_marker_79_904,,365,TRUE,https://www.CLIENT_X.sa/,Existing CM Trackers-Found,,,,,
CLIENT_X.hu,Essential cookies (exempt from consent),CLIENT_X - Hungary,HTTP Cookie,s_vtime,,bench_update_duration,TRUE,https://www.CLIENT_X.com.qa/,Existing CM Trackers-Found,,,,,
CLIENT_X.com.co,Essential cookies (exempt from consent),CLIENT_X - Colombia,HTTP Cookie,mbox,,bench_update_duration,TRUE,https://www.CLIENT_X.com.qa/,Existing CM Trackers-Found,,,,,
www.CLIENT_X.com.co,Essential cookies (exempt from consent),CLIENT_X - Colombia,HTTP Cookie,liveagent_ptid,,1,TRUE,https://www.CLIENT_X.com.qa/,Existing CM Trackers-Found,,,,,
lighting.CLIENT_X.be,Essential cookies (exempt from consent),Signify (formerly CLIENT_X Lighting),HTTP Cookie,com.adobe.alloy.getTld,,729,TRUE,http://www.CLIENT_X.jo/,Existing CM Trackers-Found,,,,,
stg.CLIENT_X.ro,Essential cookies (exempt from consent),CLIENT_X - Romania,HTTP Cookie,kampyleSessionPageCounter,,bench_update_duration,,,Existing CM Trackers-Not Found,,,,,
CLIENT_X.ae,Targeted Advertising cookies (including social media),CLIENT_X - Middle East Arab,HTTP Cookie,_ga_failed_lookup_marker_79_910,,7,TRUE,https://www.CLIENT_X.ae/,Existing CM Trackers-Found,,,,,
CLIENT_X.ch,Essential cookies (exempt from consent),CLIENT_X - Switzerland,HTTP Cookie,TAsessionID,,bench_update_duration,,,Existing CM Trackers-Not Found,,,,,
CLIENT_X.com.kw,Essential cookies,CLIENT_X - Kuwait,HTTP Cookie,_ga_failed_lookup_marker_79_912,,0,TRUE,https://www.CLIENT_X.com.kw/,Existing CM Trackers-Found,,,,,
CLIENT_X.com.qa,Essential cookies,CLIENT_X - Qatar,HTTP Cookie,_ga_failed_lookup_marker_79_913,,400,,https://www.CLIENT_X.com.qa/,New First Party Trackers,,,,,
www.lighting.CLIENT_X.com.mx,Essential cookies (exempt from consent),Signify (formerly CLIENT_X Lighting),JavaScript,blank (java),,bench_update_duration,TRUE,,Existing CM Trackers-Found,,,,,
youtube.com,Targeted Advertising cookies (including social media),Google Advertising Products,HTTP Cookie,_ga_failed_lookup_marker_79_915,,180,TRUE,https://www.CLIENT_X.jo/,Existing CM Trackers-Found,,,,,
domesticappliances.CLIENT_X.co.in,Essential cookies (exempt from consent),CLIENT_X - India,HTTP Cookie,iDSP_Cookie,,,TRUE,https://www.CLIENT_X.sa/a-w/about/news/all-news,Existing CM Trackers-Found,,,,,
CLIENT_X.co.ke,Essential cookies (exempt from consent),CLIENT_X - Kenya,HTTP Cookie,FPID,,365,TRUE,https://www.CLIENT_X.sa/c-m-ho/cooking/toaster/latest,Existing CM Trackers-Found,,,,,
CLIENT_X.com.qa,Essential cookies,CLIENT_X - Qatar,HTTP Cookie,bench_new_T2_15954,,90,,https://www.CLIENT_X.com.qa/,New First Party Trackers,,,,,
CLIENT_X.no,Essential cookies (exempt from consent),CLIENT_X - Norway,HTTP Cookie,s_cc,,bench_update_duration,TRUE,https://www.CLIENT_X.jo/,Existing CM Trackers-Found,,,,,
agent-versuni.mindtouch.us,Performance cookies,MindTouch,Beacon,bench_new_T2_15905,,,,,New Third Party Trackers,,,,,
www.lighting.CLIENT_X.co.id,Essential cookies (exempt from consent),Signify (formerly CLIENT_X Lighting),ETag,blank (etag),,,TRUE,http://www.CLIENT_X.com.qa/,Existing CM Trackers-Found,,,,,
www.usa.CLIENT_X.com,Essential cookies (exempt from consent),Koninklijke CLIENT_X N.V.,HTTP Cookie,liveagent_ptid,,bench_update_duration,,,Existing CM Trackers-Not Found,,,,,
CLIENT_X.co.th,Essential cookies (exempt from consent),CLIENT_X - Thailand,HTTP Cookie,_gdXXX,,bench_update_duration,,https://www.CLIENT_X.com.kw/,Existing CM Trackers-Found,,,,,
CLIENT_X.jo,Performance cookies,CLIENT_X - Jordan,HTTP Cookie,bench_new_T2_15891,,,,,Existing CM Trackers-Not Found,,,,,
www.mylife.CLIENT_X.com.cn,Essential cookies (exempt from consent),CLIENT_X - China,Local Storage,blank (local storage),,365,TRUE,https://www.CLIENT_X.sa/,Existing CM Trackers-Found,,,,,
www.CLIENT_X.jo,Essential cookies,CLIENT_X - Jordan,HTTP Cookie,_ga_failed_lookup_marker_79_926,,7,,http://www.CLIENT_X.jo/,New First Party Trackers,,,,,
lighting.CLIENT_X.com.my,Essential cookies (exempt from consent),Signify (formerly CLIENT_X Lighting),HTTP Cookie,TEST_AMCV_COOKIE_WRITE,,bench_update_duration,,https://www.CLIENT_X.ae/c-t/XC000006201/my-CLIENT_X-toaster-smells-during-first-time-use,Existing CM Trackers-Found,,,,,
www.lighting.CLIENT_X.co.id,Essential cookies (exempt from consent),Signify (formerly CLIENT_X Lighting),HTTP Cookie,customer_language_accept,,bench_update_duration,,,Existing CM Trackers-Not Found,,,,,
CLIENT_X.attn.tv,Targeted Advertising Cookies (including social media) [Requires consent],"Attentive Mobile, Inc.",Beacon,-,,bench_update_duration,TRUE,,Existing CM Trackers-Found,,,,,
CLIENT_X.com.qa,Targeted Advertising cookies (including social media),CLIENT_X - Qatar,HTTP Cookie,bench_new_T2_15918,,7,TRUE,https://www.CLIENT_X.com.qa/,Existing CM Trackers-Found,,,,,
CLIENT_X.ie,Essential cookies (exempt from consent),CLIENT_X - Ireland,HTTP Cookie,s_cm_direct,,,,,Existing CM Trackers-Not Found,,,,,
CLIENT_X.sa,Essential cookies (exempt from consent),CLIENT_X - Kingdom of Saudi Arabia,HTTP Cookie,_schn1,,bench_update_duration,,,Existing CM Trackers-Not Found,,,,,
tst.CLIENT_X.com.vn,Essential cookies (exempt from consent),CLIENT_X - Vietnam,JavaScript,blank (java),,365,TRUE,https://www.CLIENT_X.ae/,Existing CM Trackers-Found,,,,,
www.CLIENT_X.com.sg,Essential cookies (exempt from consent),CLIENT_X - Singapore,JavaScript,blank (java),,bench_update_duration,,https://www.CLIENT_X.ae/a-w/cookie-notice,New Third Party Trackers,,,,,
www.healthcare.shop.CLIENT_X.it,Essential cookies (exempt from consent),CLIENT_X - Italy,HTTP Cookie,ROUTE,,400,,https://www.CLIENT_X.com.qa/,New First Party Trackers,,,,,
www.CLIENT_X.sa,Essential cookies (exempt from consent),CLIENT_X - Kingdom of Saudi Arabia,HTTP Cookie,AWSELB,,bench_update_duration,,,Existing CM Trackers-Not Found,,,,,
www.CLIENT_X.lt,Essential cookies (exempt from consent),CLIENT_X - Lithuania,HTTP Cookie,kampyleUserSessionsCount,,bench_update_duration,,,Existing CM Trackers-Not Found,,,,,
doubleclick.net,Targeted Advertising cookies (including social media),Google Advertising Products,HTTP Cookie,bench_new_T2_15993,,0,TRUE,https://www.CLIENT_X.jo/,Existing CM Trackers-Found,,,,,
www.CLIENT_X.ng,Essential cookies (exempt from consent),CLIENT_X - Nigeria,HTTP Cookie,kampyleSessionPageCounter,,,,,Existing CM Trackers-Not Found,,,,,
analytics.tiktok.com,Targeted Advertising cookies (including social media),TikTok,JavaScript,_ga_failed_lookup_marker_79_940,,,TRUE,http://www.CLIENT_X.ae/,Existing CM Trackers-Found,,,,,
unpkg.com,Performance Cookies [Requires consent],UNPKG,JavaScript,-,,,TRUE,,Existing CM Trackers-Found,,,,,
CLIENT_Xb2c.lightning.force.com,Performance cookies,"Salesforce.com, Inc.",Beacon,_ga_failed_lookup_marker_79_942,,,,,New Third Party Trackers,,,,,
CLIENT_X.com.sg,Essential cookies (exempt from consent),CLIENT_X - Singapore,HTTP Cookie,com.adobe.alloy.getTld,,bench_update_duration,,,Existing CM Trackers-Not Found,,,,,
CLIENT_X.si,Essential cookies (exempt from consent),CLIENT_X - Slovenia,HTTP Cookie,li_cm_prefs_session,,bench_update_duration,,,Existing CM Trackers-Not Found,,,,,
prefmgr-cookie.truste-svc.net,Essential cookies (exempt from consent),TrustArc,HTTP Cookie,cookie_3rdparty,,,TRUE,https://www.CLIENT_X.sa/c-e/ho/air-purifier-and-air-humidifier/air-performer-series-8000.html,Existing CM Trackers-Found,,,,,
lighting.CLIENT_X.com.hk,Essential cookies (exempt from consent),CLIENT_X - Hong Kong,HTTP Cookie,s_nr30,,,,,Existing CM Trackers-Not Found,,,,,
policy.app.cookieinformation.com,Performance Cookies [Requires consent],Cookie Information A/S,JavaScript,-,,0,TRUE,https://www.CLIENT_X.sa/,Existing CM Trackers-Found,,,,,
www.CLIENT_X.at,Essential cookies (exempt from consent),CLIENT_X - Austria,HTTP Cookie,p-hc-catg,,bench_update_duration,,,Existing CM Trackers-Not Found,,,,,
d.la1-c2-par.salesforceliveagent.com,Performance cookies,"Salesforce.com, Inc.",JavaScript,_ga_failed_lookup_marker_79_949,,,,https://www.CLIENT_X.ae/c-t/XC000006201/my-CLIENT_X-toaster-smells-during-first-time-use,New Third Party Trackers,,,,,
CLIENT_X.ro,Essential cookies (exempt from consent),CLIENT_X - Romania,HTTP Cookie,li_cm_prefs_session,,,,,Existing CM Trackers-Not Found,,,,,
www.healthcare.shop.CLIENT_X.it,Essential cookies (exempt from consent),CLIENT_X - Italy,HTTP Cookie,JSESSIONID,,0,TRUE,https://www.CLIENT_X.jo/,Existing CM Trackers-Found,,,,,
www.CLIENT_X.jo,Essential cookies,,HTTP Cookie,bench_new_T2_15929,,,,,Existing CM Trackers-Not Found,,,,,
CLIENT_Xtest.scene7.com,Performance cookies,Adobe Experience Cloud - Experience Manager,ETag,bench_new_T2_15934,,,,,Existing CM Trackers-Not Found,,,,,
CLIENT_X.dk,Essential cookies (exempt from consent),CLIENT_X - Denmark,HTTP Cookie,coveo_visitorId,,bench_update_duration,,,Existing CM Trackers-Not Found,,,,,
www.centralamerica.CLIENT_X.com,Essential cookies (exempt from consent),Koninklijke CLIENT_X N.V.,HTTP Cookie,kampyleSessionPageCounter,,bench_update_duration,,,New Third Party Trackers,,,,,
www.lighting.CLIENT_X.fr,Essential cookies (exempt from consent),Signify (formerly CLIENT_X Lighting),HTTP Cookie,d01-layout,,bench_update_duration,TRUE,https://www.CLIENT_X.ae/c-m-ho/cooking/toaster/latest,Existing CM Trackers-Found,,,,,
www.CLIENT_X.com.pe,Essential cookies (exempt from consent),CLIENT_X - Peru,HTTP Cookie,eddl_gtm_qe_session_start_6523424625,,session,TRUE,https://www.CLIENT_X.com.qa/,Existing CM Trackers-Found,,,,,
www.lighting.CLIENT_X.com.eg,Essential cookies (exempt from consent),Signify (formerly CLIENT_X Lighting),HTTP Cookie,s_mc,,bench_update_duration,,,Existing CM Trackers-Not Found,,,,,
www.CLIENT_X.sk,Essential cookies (exempt from consent),CLIENT_X - Slovakia,HTTP Cookie,kampyleUserSession,,bench_update_duration,,,Existing CM Trackers-Not Found,,,,,
CLIENT_X.es,Essential cookies (exempt from consent),CLIENT_X - Spain,HTTP Cookie,TEST_AMCV_COOKIE_WRITE,,bench_update_duration,TRUE,https://www.CLIENT_X.com.kw/ar/c-m-so/media-players/latest,Existing CM Trackers-Found,,,,,
ct.pinterest.com,Targeted Advertising Cookies (including social media) [Requires consent],Pinterest,Beacon,-,,bench_update_duration,,,Existing CM Trackers-Not Found,,,,,
acc.CLIENT_X.sa,Essential cookies,CLIENT_X - Kingdom of Saudi Arabia,JavaScript,bench_new_T2_15870,,,,,Existing CM Trackers-Not Found,,,,,
www.crsc.CLIENT_X.com,Targeted Advertising cookies (including social media),Koninklijke CLIENT_X N.V.,ETag,_ga_failed_lookup_marker_79_963,,,TRUE,https://www.CLIENT_X.ae/c-e/au/motorcycle-lights/moto-selector-tool.html,Existing CM Trackers-Found,,,,,
CLIENT_Xb2c--b2cuat.sandbox.my.site.com,Performance cookies,"Salesforce.com, Inc.",ETag,bench_new_T2_15894,,,,,Existing CM Trackers-Not Found,,,,,
CLIENT_X.se,Essential cookies (exempt from consent),CLIENT_X - Sweden,HTTP Cookie,TEST_AMCV_COOKIE_WRITE,,bench_update_duration,,https://www.CLIENT_X.ae/c-t/XC000006201/my-CLIENT_X-toaster-smells-during-first-time-use,New Third Party Trackers,,,,,
CLIENT_X.pt,Essential cookies (exempt from consent),CLIENT_X - Portugal,HTTP Cookie,s_cm,,,TRUE,http://www.CLIENT_X.com.qa/,Existing CM Trackers-Found,,,,,
www.CLIENT_X.ie,Essential cookies (exempt from consent),CLIENT_X - Ireland,HTTP Cookie,T01-recentlyViewedProducts,,session,TRUE,https://www.CLIENT_X.sa/,Existing CM Trackers-Found,,,,,
www.service.CLIENT_X.ru,Essential cookies (exempt from consent),CLIENT_X - Russia,HTTP Cookie,OnlineClaimSlClientId,,bench_update_duration,,,Existing CM Trackers-Not Found,,,,,
CLIENT_X.ua,Essential cookies (exempt from consent),CLIENT_X - Ukraine,HTTP Cookie,s_nrpv,,bench_update_duration,,,Existing CM Trackers-Not Found,,,,,
lighting.CLIENT_X.com.ph,Essential cookies (exempt from consent),CLIENT_X - Philippines,HTTP Cookie,aam_uuid,,session,TRUE,https://www.CLIENT_X.sa/,Existing CM Trackers-Found,,,,,
CLIENT_X.nl,Essential cookies (exempt from consent),CLIENT_X - Netherlands,HTTP Cookie,notice_behavior,,,,,Existing CM Trackers-Not Found,,,,,
www.shop.CLIENT_X.lv,Essential cookies (exempt from consent),CLIENT_X - Latvia,HTTP Cookie,fl_qualified_entry,,,,,Existing CM Trackers-Not Found,,,,,
lighting.CLIENT_X.sa,Essential cookies (exempt from consent),Signify (formerly CLIENT_X Lighting),HTTP Cookie,s_cc,,session,TRUE,https://www.CLIENT_X.jo/,Existing CM Trackers-Found,,,,,
stg.CLIENT_X.sa,Essential cookies,CLIENT_X - Kingdom of Saudi Arabia,HTTP Cookie,bench_new_T2_15948,,,,,Existing CM Trackers-Not Found,,,,,
CLIENT_X.ro,Essential cookies (exempt from consent),CLIENT_X - Romania,HTTP Cookie,s_cm_direct,,90,TRUE,https://www.CLIENT_X.com.kw/,Existing CM Trackers-Found,,,,,
www.CLIENT_X.sa,Essential cookies,CLIENT_X - Kingdom of Saudi Arabia,HTTP Cookie,_ga_failed_lookup_marker_79_976,,365,TRUE,https://www.CLIENT_X.sa/c-m-ho/cooking/toaster/latest,Existing CM Trackers-Found,,,,,
CLIENT_X.co.kr,Essential cookies (exempt from consent),CLIENT_X - Korea,HTTP Cookie,s_vtime,,90,TRUE,https://www.CLIENT_X.sa/,Existing CM Trackers-Found,,,,,
CLIENT_X.jo,Essential cookies,CLIENT_X - Jordan,HTTP Cookie,bench_new_T2_15960,,400,TRUE,https://www.CLIENT_X.jo/,Existing CM Trackers-Found,,,,,
CLIENT_X.sa,Essential cookies,CLIENT_X - Kingdom of Saudi Arabia,HTTP Cookie,bench_new_T2_15843,,400,TRUE,https://www.CLIENT_X.sa/,Existing CM Trackers-Found,,,,,
lighting.CLIENT_X.com.tw,Essential cookies (exempt from consent),Signify (formerly CLIENT_X Lighting),HTTP Cookie,s_sid,,bench_update_duration,,,Existing CM Trackers-Not Found,,,,,
display.ugc.bazaarvoice.com,Performance Cookies [Requires consent],"Bazaarvoice, Inc.",JavaScript,-,,bench_update_duration,,,Existing CM Trackers-Not Found,,,,,
acc.CLIENT_X.sa,Essential cookies,CLIENT_X - Kingdom of Saudi Arabia,JavaScript,bench_new_T2_15824,,,,,Existing CM Trackers-Not Found,,,,,
stg.CLIENT_X.sa,Essential cookies,CLIENT_X - Kingdom of Saudi Arabia,HTTP Cookie,_ga_failed_lookup_marker_79_983,,,,,Existing CM Trackers-Not Found,,,,,
ssl-static.janraincapture.com,Performance cookies,Akamai,JavaScript,_ga_failed_lookup_marker_79_984,,,,,Existing CM Trackers-Not Found,,,,,
www.lighting.CLIENT_X.ch,Essential cookies (exempt from consent),Signify (formerly CLIENT_X Lighting),HTTP Cookie,customer_country,,bench_update_duration,TRUE,https://www.CLIENT_X.com.qa/,Existing CM Trackers-Found,,,,,
www.CLIENT_X.pt,Essential cookies (exempt from consent),CLIENT_X - Portugal,HTTP Cookie,eddl_itc_list,,bench_update_duration,,,Existing CM Trackers-Not Found,,,,,
www.patientcare.shop.CLIENT_X.com.sg,Essential cookies (exempt from consent),CLIENT_X - Singapore,HTTP Cookie,pcms-CLIENT_X-sg-cart,,,TRUE,,Existing CM Trackers-Found,,,,,
CLIENT_X.ae,Essential cookies,CLIENT_X - Middle East Arab,HTTP Cookie,_ga_failed_lookup_marker_79_988,,session,TRUE,https://www.CLIENT_X.ae/,Existing CM Trackers-Found,,,,,
lighting.CLIENT_X.com.ph,Essential cookies (exempt from consent),CLIENT_X - Philippines,HTTP Cookie,s_vs,,,,,Existing CM Trackers-Not Found,,,,,
CLIENT_X.com.qa,Essential cookies,CLIENT_X - Qatar,HTTP Cookie,_ga_failed_lookup_marker_79_990,,,,,Existing CM Trackers-Not Found,,,,,
CLIENT_X.com.eg,Essential cookies (exempt from consent),CLIENT_X - Egypt,HTTP Cookie,_ga,,bench_update_duration,,,Existing CM Trackers-Not Found,,,,,
www.CLIENT_X.com.my,Essential cookies (exempt from consent),CLIENT_X - Malaysia,HTTP Cookie,kampylePageLoadedTimestamp,,bench_update_duration,TRUE,https://www.CLIENT_X.ae/,Existing CM Trackers-Found,,,,,
force.com,Targeted Advertising Cookies (including social media) [Requires consent],"salesforce.com, inc.",HTTP Cookie,BrowserId_sec,,bench_update_duration,TRUE,https://www.CLIENT_X.com.qa/,Existing CM Trackers-Found,,,,,
www.patientcare.shop.CLIENT_X.co.in,Essential cookies (exempt from consent),CLIENT_X - India,JavaScript,blank (java),,bench_update_duration,TRUE,,Existing CM Trackers-Found,,,,,
CLIENT_X.com.qa,Essential cookies (exempt from consent),CLIENT_X - Qatar,HTTP Cookie,s_vtime,,,TRUE,,Existing CM Trackers-Found,,,,,
www.CLIENT_X.co.ke,Essential cookies (exempt from consent),CLIENT_X - Kenya,HTTP Cookie,AWSELB,,bench_update_duration,TRUE,https://www.CLIENT_X.sa/c-m-ho/cooking/toaster/latest,Existing CM Trackers-Found,,,,,
CLIENT_X.jo,Performance cookies,CLIENT_X - Jordan,HTTP Cookie,_ga_failed_lookup_marker_79_997,,session,TRUE,https://www.CLIENT_X.jo/,Existing CM Trackers-Found,,,,,
www.googletagmanager.com,Performance cookies,Google Inc.,JavaScript,_ga_failed_lookup_marker_79_998,,,TRUE,http://www.CLIENT_X.com.qa/,Existing CM Trackers-Found,,,,,
www.lighting.CLIENT_X.de,Essential cookies (exempt from consent),Signify (formerly CLIENT_X Lighting),JavaScript,blank (java),,,,,Existing CM Trackers-Not Found,,,,,
www.supurgesepeti.com,Essential cookies (exempt from consent),Supurgesepeti.com,HTTP Cookie,__cf_bm,,bench_update_duration,,,Existing CM Trackers-Not Found,,,,,
stg.CLIENT_X.sa,Essential cookies,CLIENT_X - Kingdom of Saudi Arabia,JavaScript,_ga_failed_lookup_marker_79_1001,,,,,Existing CM Trackers-Not Found,,,,,
www.youtube-nocookie.com,Preference cookies,Google Inc.,Local Storage,yt-player-headers-readable,,365,TRUE,https://www.CLIENT_X.sa/c-m-ho/cooking/toaster/latest,Existing CM Trackers-Found,,,,,
www.lighting.CLIENT_X.com.sg,Essential cookies (exempt from consent),Signify (formerly CLIENT_X Lighting),HTTP Cookie,AWSELBCORS,,0,TRUE,https://www.CLIENT_X.jo/a-w/about-CLIENT_X/company-profile.html,Existing CM Trackers-Found,,,,,
healthcare.shop.CLIENT_X.de,Essential cookies (exempt from consent),CLIENT_X - Germany,HTTP Cookie,TAsessionID,,bench_update_duration,TRUE,https://www.CLIENT_X.com.qa/,Existing CM Trackers-Found,,,,,
visitor.omnitagjs.com,Targeted Advertising Cookies (including social media) [Requires consent],ADYOULIKE SA,Beacon,-,,bench_update_duration,,,Existing CM Trackers-Not Found,,,,,
CLIENT_X.ae,Performance cookies,CLIENT_X - Middle East Arab,HTTP Cookie,bench_new_T2_15989,,,,,Existing CM Trackers-Not Found,,,,,
www.lighting.CLIENT_X.ng,Essential cookies (exempt from consent),Signify (formerly CLIENT_X Lighting),HTTP Cookie,s_as,,,,,Existing CM Trackers-Not Found,,,,,
www.CLIENT_X.be,Essential cookies (exempt from consent),CLIENT_X - Belgium,HTTP Cookie,kampyle_userid,,729,,,Existing CM Trackers-Not Found,,,,,
lighting.CLIENT_X.gr,Essential cookies (exempt from consent),Signify (formerly CLIENT_X Lighting),HTTP Cookie,com.adobe.alloy.getTld,,,TRUE,https://www.CLIENT_X.sa/c-e/ho/air-purifier-and-air-humidifier/air-performer-series-8000.html,Existing CM Trackers-Found,,,,,
lighting.CLIENT_X.ru,Essential cookies (exempt from consent),Signify (formerly CLIENT_X Lighting),HTTP Cookie,s_pv,,bench_update_duration,TRUE,https://www.CLIENT_X.com.qa/,Existing CM Trackers-Found,,,,,
www.lighting.CLIENT_X.it,Essential cookies (exempt from consent),Signify (formerly CLIENT_X Lighting),HTTP Cookie,s_mc,,bench_update_duration,,,Existing CM Trackers-Not Found,,,,,
CLIENT_X.co.il,Essential cookies (exempt from consent),CLIENT_X - Israel,HTTP Cookie,at_check,,bench_update_duration,,https://www.CLIENT_X.com.qa/healthcare/product/HC722227,Existing CM Trackers-Found,,,,,
CLIENT_X.com.br,Essential cookies (exempt from consent),CLIENT_X - Brazil,HTTP Cookie,_schn2,,,,,Existing CM Trackers-Not Found,,,,,
CLIENT_X.co.il,Essential cookies (exempt from consent),CLIENT_X - Israel,HTTP Cookie,FPLC,,390,TRUE,https://www.CLIENT_X.jo/,Existing CM Trackers-Found,,,,,
CLIENT_X-dmec.eu.orbita.cloud,Performance Cookies [Requires consent],Orbita,HTTP Cookie,AWSALBCORS,,6,TRUE,https://www.CLIENT_X.com.qa/,Existing CM Trackers-Found,,,,,
CLIENT_X.com,Essential cookies (exempt from consent),Koninklijke CLIENT_X N.V.,HTTP Cookie,s_ugv,,bench_update_duration,TRUE,https://www.CLIENT_X.sa/c-m-ho/cooking/toaster/latest,Existing CM Trackers-Found,,,,,
CLIENT_X.fi,Essential cookies (exempt from consent),CLIENT_X - Finland,HTTP Cookie,_yi,,bench_update_duration,TRUE,https://www.CLIENT_X.ae/,Existing CM Trackers-Found,,,,,
www.lighting.CLIENT_X.ru,Essential cookies (exempt from consent),Signify (formerly CLIENT_X Lighting),HTTP Cookie,s_as,,,,,Existing CM Trackers-Not Found,,,,,
CLIENT_X.ae,Essential cookies (exempt from consent),CLIENT_X - Middle East Arab,HTTP Cookie,iAdvize:splitGroup,,bench_update_duration,,https://www.CLIENT_X.sa/c-m-ho/cooking/toaster/latest,New First Party Trackers,,,,,
www.CLIENT_X.cl,Essential cookies (exempt from consent),CLIENT_X - Chile,HTTP Cookie,kampyleUserPercentile,,,,,Existing CM Trackers-Not Found,,,,,
lighting.CLIENT_X.com.ph,Essential cookies (exempt from consent),CLIENT_X - Philippines,HTTP Cookie,s_pv,,bench_update_duration,TRUE,https://www.CLIENT_X.jo/,Existing CM Trackers-Found,,,,,
www.CLIENT_X.cl,Essential cookies (exempt from consent),CLIENT_X - Chile,HTTP Cookie,p-hc-specialty,,365,TRUE,https://www.CLIENT_X.ae/c-m-ho/cooking/toaster/latest,Existing CM Trackers-Found,,,,,
CLIENT_X.pl,Essential cookies (exempt from consent),CLIENT_X - Poland,HTTP Cookie,_tt_enable_cookie,,365,TRUE,https://www.CLIENT_X.sa/,Existing CM Trackers-Found,,,,,
CLIENT_X.com.kw,Essential cookies (exempt from consent),CLIENT_X - Kuwait,HTTP Cookie,_ga,,bench_update_duration,TRUE,https://www.CLIENT_X.com.qa/,Existing CM Trackers-Found,,,,,
www.subscription.CLIENT_X.at,Essential cookies (exempt from consent),CLIENT_X - Austria,HTTP Cookie,ARRAffinity,,729,,,Existing CM Trackers-Not Found,,,,,
www.CLIENT_X.jo,Essential cookies,CLIENT_X - Jordan,HTTP Cookie,bench_new_T2_15820,,7,,http://www.CLIENT_X.jo/,New First Party Trackers,,,,,
XXXXXXXX.akstat.io,Targeted Advertising Cookies (including social media) [Requires consent],Akamai,Beacon,-,,bench_update_duration,TRUE,https://www.CLIENT_X.jo/,Existing CM Trackers-Found,,,,,
www.lighting.CLIENT_X.co.ke,Essential cookies (exempt from consent),Signify (formerly CLIENT_X Lighting),HTTP Cookie,s_as,,,TRUE,https://www.CLIENT_X.jo/a-w/about-CLIENT_X/company-profile/company-contacts.html,Existing CM Trackers-Found,,,,,
www.lighting.CLIENT_X.com.pe,Essential cookies (exempt from consent),Signify (formerly CLIENT_X Lighting),ETag,blank (etag),,session,TRUE,https://www.CLIENT_X.com.kw/,Existing CM Trackers-Found,,,,,
www.CLIENT_X.com.ar,Essential cookies (exempt from consent),CLIENT_X - Argentina,JavaScript,blank (java),,729,TRUE,,Existing CM Trackers-Found,,,,,
CLIENT_X.sa,Essential cookies,CLIENT_X - Kingdom of Saudi Arabia,HTTP Cookie,bench_new_T2_15841,,,,,Existing CM Trackers-Not Found,,,,,
stg.CLIENT_X.com.kw,Essential cookies,CLIENT_X - Kuwait,HTTP Cookie,_ga_failed_lookup_marker_79_1032,,,,,Existing CM Trackers-Not Found,,,,,
www.lighting.CLIENT_X.gr,Essential cookies (exempt from consent),Signify (formerly CLIENT_X Lighting),Local Storage,blank (local storage),,session,TRUE,https://www.CLIENT_X.com.qa/,Existing CM Trackers-Found,,,,,
CLIENT_X.com.mx,Essential cookies (exempt from consent),CLIENT_X - Mexico,HTTP Cookie,s_gnr,,bench_update_duration,,,Existing CM Trackers-Not Found,,,,,
CLIENT_X.co.il,Essential cookies (exempt from consent),CLIENT_X - Israel,HTTP Cookie,_ga,,,,,Existing CM Trackers-Not Found,,,,,
CLIENT_X.com,Essential cookies (exempt from consent),Koninklijke CLIENT_X N.V.,HTTP Cookie,_gat_UA-XXX,,bench_update_duration,,,Existing CM Trackers-Not Found,,,,,
CLIENT_X.ae,Performance cookies,CLIENT_X - Middle East Arab,HTTP Cookie,bench_new_T2_15904,,,,https://www.CLIENT_X.ae/,Existing CM Trackers-Found,,,,,
casalemedia.com,Targeted Advertising cookies (including social media),Index Exchange Inc.,HTTP Cookie,_ga_failed_lookup_marker_79_1038,,90,TRUE,https://www.CLIENT_X.jo/a-w/about-CLIENT_X/company-profile.html,Existing CM Trackers-Found,,,,,
CLIENT_X.com.kw,Essential cookies,CLIENT_X - Kuwait,HTTP Cookie,_ga_failed_lookup_marker_79_1039,,session,TRUE,https://www.CLIENT_X.com.kw/,Existing CM Trackers-Found,,,,,
www.CLIENT_X.at,Essential cookies (exempt from consent),CLIENT_X - Austria,HTTP Cookie,ws-id,,0,,,Existing CM Trackers-Not Found,,,,,
CLIENT_X.ie,Essential cookies (exempt from consent),CLIENT_X - Ireland,HTTP Cookie,s_gnr,,bench_update_duration,TRUE,http://www.CLIENT_X.ae/,Existing CM Trackers-Found,,,,,
www.CLIENT_X.com.sg,Essential cookies (exempt from consent),CLIENT_X - Singapore,HTTP Cookie,_sdsat_pgm_optin,,0,TRUE,https://www.CLIENT_X.ae/c-m-ho/cooking/toaster/latest,Existing CM Trackers-Found,,,,,
CLIENT_X.co.kr,Essential cookies (exempt from consent),CLIENT_X - Korea,HTTP Cookie,kndctr_AF93936257A37E0A7F000101_AdobeOrg_identity,,bench_update_duration,,,Existing CM Trackers-Not Found,,,,,
CLIENT_X.ru,Essential cookies (exempt from consent),CLIENT_X - Russia,HTTP Cookie,s_ugv,,bench_update_duration,,https://www.CLIENT_X.sa/a-w/about/news/all-news,New Third Party Trackers,,,,,
*.t.eloqua.com,Targeted Advertising cookies (including social media),Oracle Marketing,JavaScript,bench_new_T2_15961,,,,https://www.CLIENT_X.com.qa/healthcare/product/HC722227,Existing CM Trackers-Found,,,,,
www.CLIENT_X.com.br,Essential cookies (exempt from consent),CLIENT_X - Brazil,HTTP Cookie,liveagent_oref,,,,,New Third Party Trackers,,,,,
www.lighting.CLIENT_X.ee,Essential cookies (exempt from consent),Signify (formerly CLIENT_X Lighting),HTTP Cookie,s_mc,,,,,Existing CM Trackers-Not Found,,,,,
CLIENT_X.co.ke,Essential cookies (exempt from consent),CLIENT_X - Kenya,HTTP Cookie,s_cm,,,,,Existing CM Trackers-Not Found,,,,,
CLIENT_X.hu,Essential cookies (exempt from consent),CLIENT_X - Hungary,HTTP Cookie,s_nrpv,,0,TRUE,https://www.CLIENT_X.com.qa/,Existing CM Trackers-Found,,,,,
www.CLIENT_X.es,Essential cookies (exempt from consent),CLIENT_X - Spain,HTTP Cookie,liveagent_vc,,bench_update_duration,TRUE,https://www.CLIENT_X.ae/c-f/XC000019471/CLIENT_X-one-battery-replacement-instructions,Existing CM Trackers-Found,,,,,
CLIENT_X.ch,Essential cookies (exempt from consent),CLIENT_X - Switzerland,HTTP Cookie,s_cc,,,,,Existing CM Trackers-Not Found,,,,,
CLIENT_X.cz,Essential cookies (exempt from consent),CLIENT_X - Czech Republic,HTTP Cookie,_schn1,,bench_update_duration,,https://www.CLIENT_X.sa/,New First Party Trackers,,,,,
tiktok.com,Targeted Advertising cookies (including social media),TikTok,HTTP Cookie,bench_new_T2_15998,,90,TRUE,https://www.CLIENT_X.ae/,Existing CM Trackers-Found,,,,,
www.lighting.CLIENT_X.com.my,Essential cookies (exempt from consent),Signify (formerly CLIENT_X Lighting),HTTP Cookie,s_mc,,7,,https://www.CLIENT_X.com.kw/ar/c-m-so/media-players/latest,New First Party Trackers,,,,,
CLIENT_X.com.kw,Essential cookies,CLIENT_X - Kuwait,HTTP Cookie,bench_new_T2_15880,,90,,https://www.CLIENT_X.com.kw/,New First Party Trackers,,,,,
CLIENT_X.jo,Essential cookies (exempt from consent),CLIENT_X - Jordan,HTTP Cookie,s_gnr,,365,TRUE,https://www.CLIENT_X.com.kw/ar/c-m-so/media-players/latest,Existing CM Trackers-Found,,,,,
beacon.cdn.qq.com,Performance Cookies [Requires consent],Tencent - QQ.com,ETag,-,,,,,Existing CM Trackers-Not Found,,,,,
www.CLIENT_X.be,Essential cookies (exempt from consent),CLIENT_X - Belgium,HTTP Cookie,p-hc-catg,,bench_update_duration,,,Existing CM Trackers-Not Found,,,,,
CLIENT_X.com.sg,Essential cookies (exempt from consent),CLIENT_X - Singapore,HTTP Cookie,TEST_AMCV_COOKIE_WRITE,,bench_update_duration,TRUE,https://www.CLIENT_X.ae/c-e/au/motorcycle-lights/moto-selector-tool.html,Existing CM Trackers-Found,,,,,
www.CLIENT_X.sa,Essential cookies,,HTTP Cookie,_ga_failed_lookup_marker_79_1060,,,,,Existing CM Trackers-Not Found,,,,,
www.CLIENT_X.com.cn,Essential cookies (exempt from consent),CLIENT_X - China,HTTP Cookie,AWSELBCORS,,bench_update_duration,TRUE,https://www.CLIENT_X.com.kw/,Existing CM Trackers-Found,,,,,
CLIENT_X.si,Essential cookies (exempt from consent),CLIENT_X - Slovenia,HTTP Cookie,zScalerUser,,bench_update_duration,TRUE,http://www.CLIENT_X.ae/,Existing CM Trackers-Found,,,,,
www.CLIENT_X.it,Essential cookies (exempt from consent),CLIENT_X - Italy,HTTP Cookie,kampylePageLoadedTimestamp,,session,TRUE,https://www.CLIENT_X.com.kw/,Existing CM Trackers-Found,,,,,
CLIENT_X.co.kr,Essential cookies (exempt from consent),CLIENT_X - Korea,HTTP Cookie,mbox,,bench_update_duration,TRUE,https://www.CLIENT_X.jo/a-w/about-CLIENT_X/company-profile.html,Existing CM Trackers-Found,,,,,
www.lighting.CLIENT_X.com.mx,Essential cookies (exempt from consent),Signify (formerly CLIENT_X Lighting),HTTP Cookie,customer_language_accept,,bench_update_duration,TRUE,https://www.CLIENT_X.com.qa/,Existing CM Trackers-Found,,,,,
CLIENT_X.com.kw,Performance cookies,CLIENT_X - Kuwait,HTTP Cookie,_ga_failed_lookup_marker_79_1066,,,,,Existing CM Trackers-Not Found,,,,,
www.CLIENT_X.ch,Essential cookies (exempt from consent),CLIENT_X - Switzerland,HTTP Cookie,ws-id,,bench_update_duration,,,Existing CM Trackers-Not Found,,,,,
CLIENT_X.ro,Essential cookies (exempt from consent),CLIENT_X - Romania,HTTP Cookie,s_nrpv,,bench_update_duration,TRUE,https://www.CLIENT_X.jo/healthcare,Existing CM Trackers-Found,,,,,
CLIENT_X.pl,Essential cookies (exempt from consent),CLIENT_X - Poland,HTTP Cookie,com.adobe.alloy.getTld,,bench_update_duration,TRUE,https://www.CLIENT_X.jo/,Existing CM Trackers-Found,,,,,
www.CLIENT_X.ae,Essential cookies,CLIENT_X - Middle East Arab,HTTP Cookie,bench_new_T2_15819,,0,TRUE,https://www.CLIENT_X.ae/c-m-ho/cooking/toaster/latest,Existing CM Trackers-Found,,,,,
CLIENT_X.dk,Essential cookies (exempt from consent),CLIENT_X - Denmark,HTTP Cookie,_ttp,,bench_update_duration,,,Existing CM Trackers-Not Found,,,,,
www.usa.CLIENT_X.com,Essential cookies (exempt from consent),Koninklijke CLIENT_X N.V.,HTTP Cookie,__attentive_dv,,bench_update_duration,,,Existing CM Trackers-Not Found,,,,,
www.lighting.CLIENT_X.com.cn,Essential cookies (exempt from consent),Signify (formerly CLIENT_X Lighting),HTTP Cookie,customer_language_accept,,bench_update_duration,,https://www.CLIENT_X.ae/c-t/XC000006201/my-CLIENT_X-toaster-smells-during-first-time-use,New Third Party Trackers,,,,,
CLIENT_X.com.ar,Essential cookies (exempt from consent),CLIENT_X - Argentina,HTTP Cookie,test,,729,TRUE,https://www.CLIENT_X.com.qa/,Existing CM Trackers-Found,,,,,
CLIENT_X.cl,Essential cookies (exempt from consent),CLIENT_X - Chile,HTTP Cookie,biggy-event-queue,,bench_update_duration,,,Existing CM Trackers-Not Found,,,,,
www.CLIENT_X.co.kr,Essential cookies (exempt from consent),CLIENT_X - Korea,HTTP Cookie,_scid_r,,bench_update_duration,TRUE,https://www.CLIENT_X.jo/,Existing CM Trackers-Found,,,,,
CLIENT_X.ae,Essential cookies,CLIENT_X - Middle East Arab,HTTP Cookie,bench_new_T2_15899,,90,TRUE,https://www.CLIENT_X.ae/,Existing CM Trackers-Found,,,,,
www.lighting.CLIENT_X.co.id,Essential cookies (exempt from consent),Signify (formerly CLIENT_X Lighting),HTTP Cookie,s_sid,,bench_update_duration,TRUE,https://www.CLIENT_X.jo/a-w/about-CLIENT_X/company-profile.html,Existing CM Trackers-Found,,,,,
www.CLIENT_X.ro,Essential cookies (exempt from consent),CLIENT_X - Romania,HTTP Cookie,kampyle_userid,,365,TRUE,http://www.CLIENT_X.jo/,Existing CM Trackers-Found,,,,,
www.CLIENT_X.com.qa,Essential cookies,,HTTP Cookie,_ga_failed_lookup_marker_79_1080,,,,,Existing CM Trackers-Not Found,,,,,
www.CLIENT_X.co.il,Essential cookies (exempt from consent),CLIENT_X - Israel,HTTP Cookie,mdLogger,,,TRUE,,Existing CM Trackers-Found,,,,,
CLIENT_X.sa,Essential cookies,CLIENT_X - Kingdom of Saudi Arabia,HTTP Cookie,_ga_failed_lookup_marker_79_1082,,90,,https://www.CLIENT_X.sa/,New First Party Trackers,,,,,
CLIENT_X.co.ke,Essential cookies (exempt from consent),CLIENT_X - Kenya,HTTP Cookie,s_cm_direct,,bench_update_duration,,,Existing CM Trackers-Not Found,,,,,
www.CLIENT_X.be,Essential cookies (exempt from consent),CLIENT_X - Belgium,HTTP Cookie,kampyleUserPercentile,,89,,,Existing CM Trackers-Not Found,,,,,
CLIENT_X.com.kw,Essential cookies,CLIENT_X - Kuwait,HTTP Cookie,bench_new_T2_15897,,90,,https://www.CLIENT_X.com.kw/,New First Party Trackers,,,,,
cdn.cookielaw.org,Targeted Advertising Cookies (including social media) [Requires consent],Cookie Law Regulations,JavaScript,-,,392,TRUE,https://www.CLIENT_X.jo/healthcare,Existing CM Trackers-Found,,,,,
www.CLIENT_X.it,Essential cookies (exempt from consent),CLIENT_X - Italy,HTTP Cookie,IT_Pub-cart-com,,bench_update_duration,,,Existing CM Trackers-Not Found,,,,,
www.googletagmanager.com,Performance cookies,Google Inc.,JavaScript,bench_new_T2_15964,,,TRUE,http://www.CLIENT_X.com.qa/,Existing CM Trackers-Found,,,,,
analytics.tiktok.com,Targeted Advertising cookies (including social media),TikTok,Beacon,_ga_failed_lookup_marker_79_1089,,,TRUE,,Existing CM Trackers-Found,,,,,
CLIENT_X.ae,Essential cookies (exempt from consent),CLIENT_X - Middle East Arab,HTTP Cookie,s_vtime,,,TRUE,https://www.CLIENT_X.jo/a-w/about-CLIENT_X/company-profile/company-contacts.html,Existing CM Trackers-Found,,,,,
CLIENT_X.ch,Essential cookies (exempt from consent),CLIENT_X - Switzerland,HTTP Cookie,_ga,,,,,Existing CM Trackers-Not Found,,,,,
www.lighting.CLIENT_X.ch,Essential cookies (exempt from consent),Signify (formerly CLIENT_X Lighting),HTTP Cookie,p-gc35,,,TRUE,,Existing CM Trackers-Found,,,,,
www.CLIENT_X.com.qa,Essential cookies (exempt from consent),CLIENT_X - Qatar,HTTP Cookie,kampyle_userid,,session,TRUE,https://www.CLIENT_X.com.qa/,Existing CM Trackers-Found,,,,,
CLIENT_X.rs,Essential cookies (exempt from consent),CLIENT_X - Serbia,HTTP Cookie,s_cm,,,,,Existing CM Trackers-Not Found,,,,,
CLIENT_X.com.my,Essential cookies (exempt from consent),CLIENT_X - Malaysia,HTTP Cookie,s_nrpv,,,,,Existing CM Trackers-Not Found,,,,,
www.CLIENT_X.com.ph,Essential cookies (exempt from consent),CLIENT_X - Philippines,ETag,blank (etag),,bench_update_duration,TRUE,https://www.CLIENT_X.sa/,Existing CM Trackers-Found,,,,,
www.CLIENT_X.ng,Essential cookies (exempt from consent),CLIENT_X - Nigeria,HTTP Cookie,kampyleUserSessionsCount,,bench_update_duration,TRUE,https://www.CLIENT_X.ae/,Existing CM Trackers-Found,,,,,
www.CLIENT_X.ro,Essential cookies (exempt from consent),CLIENT_X - Romania,Local Storage,blank (local storage),,bench_update_duration,TRUE,https://www.CLIENT_X.sa/,Existing CM Trackers-Found,,,,,
www.mercadopago.com,Performance Cookies [Requires consent],Mercado Pago,JavaScript,-,,bench_update_duration,,,Existing CM Trackers-Not Found,,,,,
i.k-analytix.com,Targeted Advertising Cookies (including social media) [Requires consent],Konduto,ETag,-,,393,TRUE,https://www.CLIENT_X.com.qa/,Existing CM Trackers-Found,,,,,
CLIENT_X.co.za,Essential cookies (exempt from consent),CLIENT_X - South Africa,HTTP Cookie,da_intState,,bench_update_duration,TRUE,https://www.CLIENT_X.com.kw/ar/c-m-so/media-players/latest,Existing CM Trackers-Found,,,,,
www.youtube.com,Targeted Advertising Cookies (including social media) [Requires consent],Google Advertising Products,Beacon,-,,session,TRUE,https://www.CLIENT_X.ae/,Existing CM Trackers-Found,,,,,
CLIENT_X.sa,Essential cookies,CLIENT_X - Kingdom of Saudi Arabia,HTTP Cookie,bench_new_T2_15955,,,,,Existing CM Trackers-Not Found,,,,,
CLIENT_X.com.kw,Performance cookies,CLIENT_X - Kuwait,HTTP Cookie,bench_new_T2_15836,,0,TRUE,https://www.CLIENT_X.com.kw/,Existing CM Trackers-Found,,,,,
lighting.CLIENT_X.ma,Essential cookies (exempt from consent),Signify (formerly CLIENT_X Lighting),HTTP Cookie,s_nr,,,,,Existing CM Trackers-Not Found,,,,,
CLIENT_X.com.tr,Essential cookies (exempt from consent),CLIENT_X - Turkey,HTTP Cookie,at_check,,bench_update_duration,,,Existing CM Trackers-Not Found,,,,,
mapping.accunix.net,Targeted Advertising Cookies (including social media) [Requires consent],Unknown,JavaScript,-,,400,TRUE,https://www.CLIENT_X.com.qa/,Existing CM Trackers-Found,,,,,
CLIENT_X.com.co,Essential cookies (exempt from consent),CLIENT_X - Colombia,HTTP Cookie,s_vtime,,,,,Existing CM Trackers-Not Found,,,,,
tccommercear.vtexassets.com,Targeted Advertising Cookies (including social media) [Requires consent],VTEX,JavaScript,-,,bench_update_duration,TRUE,https://www.CLIENT_X.jo/en/healthcare/product/HCNOCTN281/-,Existing CM Trackers-Found,,,,,
www.lighting.CLIENT_X.ch,Essential cookies (exempt from consent),Signify (formerly CLIENT_X Lighting),HTTP Cookie,AWSELB,,bench_update_duration,TRUE,https://www.CLIENT_X.jo/,Existing CM Trackers-Found,,,,,
CLIENT_X.gr,Essential cookies (exempt from consent),CLIENT_X - Greece,HTTP Cookie,mboxEdgeCluster,,,,,Existing CM Trackers-Not Found,,,,,
www.lighting.CLIENT_X.si,Essential cookies (exempt from consent),Signify (formerly CLIENT_X Lighting),HTTP Cookie,AWSELB,,bench_update_duration,TRUE,https://www.CLIENT_X.sa/c-m-ho/cooking/toaster/latest,Existing CM Trackers-Found,,,,,
CLIENT_X.lv,Essential cookies (exempt from consent),CLIENT_X - Latvia,HTTP Cookie,s_eVar44,,365,TRUE,https://www.CLIENT_X.jo/a-w/about-CLIENT_X/company-profile.html,Existing CM Trackers-Found,,,,,
www.patientcare.shop.CLIENT_X.co.in,Essential cookies (exempt from consent),CLIENT_X - India,HTTP Cookie,JSESSIONID,,bench_update_duration,,,Existing CM Trackers-Not Found,,,,,
cdn.onesignal.com,Performance Cookies [Requires consent],OneSignal,ETag,-,,,,,Existing CM Trackers-Not Found,,,,,
CLIENT_X.fr,Essential cookies (exempt from consent),CLIENT_X - France,HTTP Cookie,_yi,,bench_update_duration,TRUE,https://www.CLIENT_X.ae/c-f/XC000019471/CLIENT_X-one-battery-replacement-instructions,Existing CM Trackers-Found,,,,,
www.CLIENT_X.com.tr,Essential cookies (exempt from consent),CLIENT_X - Turkey,HTTP Cookie,T01-recentlyViewedProducts,,bench_update_duration,TRUE,https://www.CLIENT_X.sa/,Existing CM Trackers-Found,,,,,
www.shop.CLIENT_X.co.in,Essential cookies (exempt from consent),CLIENT_X - India,Beacon,blank (beacon),,bench_update_duration,,,Existing CM Trackers-Not Found,,,,,
eloqua.com,Targeted Advertising cookies (including social media),Oracle Marketing,HTTP Cookie,_ga_failed_lookup_marker_79_1119,,392,TRUE,https://www.CLIENT_X.jo/healthcare,Existing CM Trackers-Found,,,,,
lighting.CLIENT_X.ng,Essential cookies (exempt from consent),Signify (formerly CLIENT_X Lighting),HTTP Cookie,aam_uuid,,bench_update_duration,TRUE,https://www.CLIENT_X.ae/c-m-ho/cooking/toaster/latest,Existing CM Trackers-Found,,,,,
CLIENT_X.com.ph,Essential cookies (exempt from consent),CLIENT_X - Philippines,HTTP Cookie,at_check,,bench_update_duration,TRUE,https://www.CLIENT_X.sa/,Existing CM Trackers-Found,,,,,
CLIENT_X.com.mx,Essential cookies (exempt from consent),CLIENT_X - Mexico,HTTP Cookie,_ym_visorc,,bench_update_duration,TRUE,https://www.CLIENT_X.sa/en/a-w/about.html,Existing CM Trackers-Found,,,,,
cdn.blueconic.net,Performance Cookies [Requires consent],BlueConic,ETag,-,,,TRUE,,Existing CM Trackers-Found,,,,,
www.lighting.CLIENT_X.hr,Essential cookies (exempt from consent),Signify (formerly CLIENT_X Lighting),Local Storage,blank (local storage),,bench_update_duration,,,Existing CM Trackers-Not Found,,,,,
CLIENT_X.com.kw,Essential cookies,CLIENT_X - Kuwait,HTTP Cookie,bench_new_T2_15912,,60,TRUE,https://www.CLIENT_X.com.kw/,Existing CM Trackers-Found,,,,,
CLIENT_X.co.ke,Essential cookies (exempt from consent),CLIENT_X - Kenya,HTTP Cookie,at_check,,,,,Existing CM Trackers-Not Found,,,,,
www.CLIENT_X.ca,Essential cookies (exempt from consent),CLIENT_X - Canada,HTTP Cookie,CA_Pub-cartstatus-com,,bench_update_duration,,https://www.CLIENT_X.ae/c-m-ho/cooking/toaster/latest,New First Party Trackers,,,,,
www.CLIENT_X.sa,Essential cookies,,HTTP Cookie,_ga_failed_lookup_marker_79_1128,,,,,Existing CM Trackers-Not Found,,,,,
CLIENT_X.se,Essential cookies (exempt from consent),CLIENT_X - Sweden,HTTP Cookie,s_cm,,bench_update_duration,TRUE,https://www.CLIENT_X.ae/c-m-ho/cooking/toaster/latest,Existing CM Trackers-Found,,,,,
www.CLIENT_X.rs,Essential cookies (exempt from consent),CLIENT_X - Serbia,JavaScript,blank (java),,bench_update_duration,TRUE,https://www.CLIENT_X.com.qa/a-w/about-CLIENT_X/company-profile/businesses.html,Existing CM Trackers-Found,,,,,
www.subscription.CLIENT_X.at,Essential cookies (exempt from consent),CLIENT_X - Austria,HTTP Cookie,RT,,0,TRUE,https://www.CLIENT_X.ae/ar/c-w/support-home/service-center-locator.html,Existing CM Trackers-Found,,,,,
subscription.CLIENT_X.cz,Essential cookies (exempt from consent),CLIENT_X - Czech Republic,HTTP Cookie,TAsessionID,,bench_update_duration,TRUE,,Existing CM Trackers-Found,,,,,
www.lighting.CLIENT_X.ma,Essential cookies (exempt from consent),Signify (formerly CLIENT_X Lighting),HTTP Cookie,s_sid,,bench_update_duration,,,Existing CM Trackers-Not Found,,,,,
www.CLIENT_X.com.kw,Essential cookies (exempt from consent),CLIENT_X - Kuwait,HTTP Cookie,mdLogger,,bench_update_duration,,,Existing CM Trackers-Not Found,,,,,
region1.google-analytics.com,Performance cookies,Google Inc.,HTTP Cookie,_ga_failed_lookup_marker_79_1135,,,,,Existing CM Trackers-Not Found,,,,,
CLIENT_X.si,Essential cookies (exempt from consent),CLIENT_X - Slovenia,HTTP Cookie,TAsessionID,,,,,Existing CM Trackers-Not Found,,,,,
www.CLIENT_X.jo,Essential cookies (exempt from consent),CLIENT_X - Jordan,HTTP Cookie,fl_qualified_entry,,bench_update_duration,TRUE,http://www.CLIENT_X.ae/,Existing CM Trackers-Found,,,,,
www.lighting.CLIENT_X.com.pk,Essential cookies (exempt from consent),Signify (formerly CLIENT_X Lighting),HTTP Cookie,s_as,,bench_update_duration,,,Existing CM Trackers-Not Found,,,,,
www.CLIENT_X.se,Essential cookies (exempt from consent),CLIENT_X - Sweden,HTTP Cookie,eddl_gtm_qe_session_start_6523424625,,,,,Existing CM Trackers-Not Found,,,,,
www.CLIENT_X.com.sg,Essential cookies (exempt from consent),CLIENT_X - Singapore,HTTP Cookie,kampyle_userid,,365,,https://www.CLIENT_X.ae/,New First Party Trackers,,,,,
tiktok.com,Targeted Advertising cookies (including social media),TikTok,HTTP Cookie,_ga_failed_lookup_marker_79_1141,,90,TRUE,https://www.CLIENT_X.ae/,Existing CM Trackers-Found,,,,,
secure.adnxs.com,Targeted Advertising Cookies (including social media) [Requires consent],"Xandr, Inc.",Beacon,-,,400,TRUE,https://www.CLIENT_X.jo/a-w/about-CLIENT_X/company-profile.html,Existing CM Trackers-Found,,,,,
respirtech.com,Essential cookies (exempt from consent),RespirTech,HTTP Cookie,_tt_enable_cookie,,,,,Existing CM Trackers-Not Found,,,,,
CLIENT_Xb2c.my.site.com,Performance cookies,"Salesforce.com, Inc.",Beacon,_ga_failed_lookup_marker_79_1144,,,TRUE,,Existing CM Trackers-Found,,,,,
CLIENT_X.ca,Essential cookies (exempt from consent),CLIENT_X - Canada,HTTP Cookie,_gcl_au,,0,TRUE,https://www.CLIENT_X.sa/c-m-ho/cooking/toaster/latest,Existing CM Trackers-Found,,,,,
www.lighting.CLIENT_X.no,Essential cookies (exempt from consent),Signify (formerly CLIENT_X Lighting),JavaScript,blank (java),,bench_update_duration,,,Existing CM Trackers-Not Found,,,,,
CLIENT_X.ru,Essential cookies (exempt from consent),CLIENT_X - Russia,HTTP Cookie,s_cm_direct,,365,TRUE,https://www.CLIENT_X.jo/a-w/about-CLIENT_X/company-profile.html,Existing CM Trackers-Found,,,,,
www.CLIENT_X.sa,Performance cookies,CLIENT_X - Kingdom of Saudi Arabia,HTTP Cookie,_ga_failed_lookup_marker_79_1148,,session,TRUE,https://www.CLIENT_X.sa/c-m-ho/cooking/toaster/latest,Existing CM Trackers-Found,,,,,
c.amazon-adsystem.com,Targeted Advertising Cookies (including social media) [Requires consent],Amazon Advertising,ETag,-,,365,TRUE,https://www.CLIENT_X.ae/c-m-ho/cooking/toaster/latest,Existing CM Trackers-Found,,,,,
CLIENT_X.co.in,Essential cookies (exempt from consent),CLIENT_X - India,HTTP Cookie,s_nrpv,,,TRUE,https://www.CLIENT_X.sa/c-e/ho/cooking/all-in-one-cooker-3000.html,Existing CM Trackers-Found,,,,,
www.CLIENT_X.sa,Essential cookies,,HTTP Cookie,bench_new_T2_15944,,,,,Existing CM Trackers-Not Found,,,,,
CLIENT_X.cz,Essential cookies (exempt from consent),CLIENT_X - Czech Republic,HTTP Cookie,s_vtime,,bench_update_duration,,,Existing CM Trackers-Not Found,,,,,
www.domesticappliances.CLIENT_X.co.in,Essential cookies (exempt from consent),CLIENT_X - India,Local Storage,blank (local storage),,,TRUE,,Existing CM Trackers-Found,,,,,
CLIENT_X.bg,Essential cookies (exempt from consent),CLIENT_X - Bulgaria,HTTP Cookie,FPLC,,bench_update_duration,,http://www.CLIENT_X.ae/,New Third Party Trackers,,,,,
www.lighting.CLIENT_X.si,Essential cookies (exempt from consent),Signify (formerly CLIENT_X Lighting),HTTP Cookie,AWSELBCORS,,bench_update_duration,,,Existing CM Trackers-Not Found,,,,,
i.imgur.com,Targeted Advertising Cookies (including social media) [Requires consent],Imgur,ETag,-,,bench_update_duration,TRUE,http://www.CLIENT_X.com.qa/,Existing CM Trackers-Found,,,,,
www.CLIENT_X.es,Essential cookies (exempt from consent),CLIENT_X - Spain,Beacon,blank (beacon),,365,TRUE,https://www.CLIENT_X.ae/,Existing CM Trackers-Found,,,,,
www.CLIENT_X.co.id,Essential cookies (exempt from consent),CLIENT_X - Indonesia,HTTP Cookie,_schn3,,,TRUE,https://www.CLIENT_X.ae/c-m-ho/ironing/latest,Existing CM Trackers-Found,,,,,
CLIENT_X.com.gh,Essential cookies (exempt from consent),CLIENT_X - Ghana,HTTP Cookie,coveo_visitorId,,,TRUE,https://www.CLIENT_X.sa/c-e/ho/cooking/all-in-one-cooker-3000.html,Existing CM Trackers-Found,,,,,
CLIENT_X.com,Essential cookies (exempt from consent),Koninklijke CLIENT_X N.V.,HTTP Cookie,s_tid,,90,,https://www.CLIENT_X.ae/,New First Party Trackers,,,,,
www.lighting.CLIENT_X.se,Essential cookies (exempt from consent),Signify (formerly CLIENT_X Lighting),Local Storage,blank (local storage),,bench_update_duration,TRUE,,Existing CM Trackers-Found,,,,,
CLIENT_X.ae,Essential cookies,CLIENT_X - Middle East Arab,HTTP Cookie,_ga_failed_lookup_marker_79_1162,,0,TRUE,https://www.CLIENT_X.ae/,Existing CM Trackers-Found,,,,,
CLIENT_X.no,Essential cookies (exempt from consent),CLIENT_X - Norway,HTTP Cookie,at_check,,400,TRUE,https://www.CLIENT_X.sa/,Existing CM Trackers-Found,,,,,
CLIENT_X.co.za,Essential cookies (exempt from consent),CLIENT_X - South Africa,HTTP Cookie,_gdXXX,,session,TRUE,https://www.CLIENT_X.com.kw/,Existing CM Trackers-Found,,,,,
CLIENT_X.com.qa,Essential cookies,CLIENT_X - Qatar,HTTP Cookie,bench_new_T2_15949,,365,TRUE,https://www.CLIENT_X.com.qa/,Existing CM Trackers-Found,,,,,
www.CLIENT_X.co.th,Essential cookies (exempt from consent),CLIENT_X - Thailand,HTTP Cookie,test,,,,,Existing CM Trackers-Not Found,,,,,
www.CLIENT_X.co.th,Essential cookies (exempt from consent),CLIENT_X - Thailand,ETag,blank (etag),,bench_update_duration,TRUE,https://www.CLIENT_X.jo/en/healthcare/product/HC722227/azurion-5-m12-image-guided-therapy-system,Existing CM Trackers-Found,,,,,
www.CLIENT_X.ae,Performance cookies,,HTTP Cookie,bench_new_T2_15867,,,,,Existing CM Trackers-Not Found,,,,,
CLIENT_X.ae,Essential cookies,CLIENT_X - Middle East Arab,HTTP Cookie,_ga_failed_lookup_marker_79_1169,,0,TRUE,https://www.CLIENT_X.ae/,Existing CM Trackers-Found,,,,,
CLIENT_X.cl,Essential cookies (exempt from consent),CLIENT_X - Chile,HTTP Cookie,TAsessionID,,bench_update_duration,TRUE,https://www.CLIENT_X.sa/c-m-ho/cooking/toaster/latest,Existing CM Trackers-Found,,,,,
CLIENT_X.ru,Essential cookies (exempt from consent),CLIENT_X - Russia,HTTP Cookie,com.adobe.alloy.getTld,,bench_update_duration,TRUE,https://www.CLIENT_X.ae/c-e/au/motorcycle-lights/moto-selector-tool.html,Existing CM Trackers-Found,,,,,
www.patientcare.shop.CLIENT_X.co.in,Essential cookies (exempt from consent),CLIENT_X - India,HTTP Cookie,mdLogger,,bench_update_duration,TRUE,,Existing CM Trackers-Found,,,,,
www.ledsavingscalculator.CLIENT_X.co.uk,Performance Cookies [Requires consent],Signify (formerly CLIENT_X Lighting),JavaScript,-,,bench_update_duration,TRUE,https://www.CLIENT_X.ae/c-m-ho/cooking/toaster/latest,Existing CM Trackers-Found,,,,,
linkedin.com,Targeted Advertising cookies (including social media),LinkedIn,HTTP Cookie,bench_new_T2_15848,,1,TRUE,https://www.CLIENT_X.jo/c-e/ho/homeid-app.html,Existing CM Trackers-Found,,,,,
www.lighting.CLIENT_X.co.kr,Essential cookies (exempt from consent),Signify (formerly CLIENT_X Lighting),HTTP Cookie,BCTempID,,bench_update_duration,,,Existing CM Trackers-Not Found,,,,,
www.CLIENT_X.at,Essential cookies (exempt from consent),CLIENT_X - Austria,HTTP Cookie,kampyle_userid,,729,TRUE,https://www.CLIENT_X.jo/c-e/ho/homeid-app.html,Existing CM Trackers-Found,,,,,
www.CLIENT_X.ae,Essential cookies (exempt from consent),CLIENT_X - Middle East Arab,HTTP Cookie,liveagent_vc,,bench_update_duration,TRUE,https://www.CLIENT_X.com.qa/,Existing CM Trackers-Found,,,,,
tags.t.tailtarget.com,Targeted Advertising Cookies (including social media) [Requires consent],Tail Target,JavaScript,-,,bench_update_duration,,,Existing CM Trackers-Not Found,,,,,
www.CLIENT_X.no,Essential cookies (exempt from consent),CLIENT_X - Norway,HTTP Cookie,user_country,,bench_update_duration,,https://www.CLIENT_X.ae/c-m-pe/hair-removal/lumea-ipl,New Third Party Trackers,,,,,
CLIENT_X.fi,Essential cookies (exempt from consent),CLIENT_X - Finland,HTTP Cookie,s_eVar8,,session,TRUE,https://www.CLIENT_X.ae/c-m-ho/cooking/toaster/latest,Existing CM Trackers-Found,,,,,
www.CLIENT_X.ae,Essential cookies,CLIENT_X - Middle East Arab,Beacon,bench_new_T2_15900,,,TRUE,,Existing CM Trackers-Found,,,,,
www.CLIENT_X.dk,Essential cookies (exempt from consent),CLIENT_X - Denmark,HTTP Cookie,AWSELB,,0,TRUE,https://www.CLIENT_X.com.kw/,Existing CM Trackers-Found,,,,,
www.CLIENT_X.co.ke,Essential cookies (exempt from consent),CLIENT_X - Kenya,HTTP Cookie,user_country,,bench_update_duration,,https://www.CLIENT_X.ae/c-m-pe/hair-removal/lumea-ipl,New Third Party Trackers,,,,,
CLIENT_X.sa,Essential cookies,CLIENT_X - Kingdom of Saudi Arabia,HTTP Cookie,_ga_failed_lookup_marker_79_1184,,365,TRUE,https://www.CLIENT_X.sa/,Existing CM Trackers-Found,,,,,
mt.holmesmind.com,Performance Cookies [Requires consent],DoubleMax Technology,ETag,-,,bench_update_duration,,,Existing CM Trackers-Not Found,,,,,
www.CLIENT_X.co.ke,Essential cookies (exempt from consent),CLIENT_X - Kenya,HTTP Cookie,kampyleSessionPageCounter,,,,,Existing CM Trackers-Not Found,,,,,
CLIENT_X.com.qa,Performance cookies,CLIENT_X - Qatar,HTTP Cookie,bench_new_T2_15928,,session,TRUE,https://www.CLIENT_X.com.qa/,Existing CM Trackers-Found,,,,,
www.CLIENT_X.pl,Essential cookies (exempt from consent),CLIENT_X - Poland,HTTP Cookie,p-hc-catg,,0,TRUE,https://www.CLIENT_X.com.kw/,Existing CM Trackers-Found,,,,,
CLIENT_X.dk,Essential cookies (exempt from consent),CLIENT_X - Denmark,HTTP Cookie,s_cc,,session,TRUE,https://www.CLIENT_X.jo/,Existing CM Trackers-Found,,,,,
www.CLIENT_X.co.nz,Essential cookies (exempt from consent),CLIENT_X - New Zealand,HTTP Cookie,_sdsat_pgm_optin,,bench_update_duration,TRUE,https://www.CLIENT_X.jo/,Existing CM Trackers-Found,,,,,
lighting.CLIENT_X.co.kr,Essential cookies (exempt from consent),Signify (formerly CLIENT_X Lighting),HTTP Cookie,s_ppv,,bench_update_duration,TRUE,https://www.CLIENT_X.com.kw/,Existing CM Trackers-Found,,,,,
CLIENT_X.se,Essential cookies (exempt from consent),CLIENT_X - Sweden,HTTP Cookie,_fbp,,bench_update_duration,TRUE,https://www.CLIENT_X.sa/c-m-ho/cooking/toaster/latest,Existing CM Trackers-Found,,,,,
www.lighting.CLIENT_X.sk,Essential cookies (exempt from consent),Signify (formerly CLIENT_X Lighting),HTTP Cookie,AWSELBCORS,,0,,,Existing CM Trackers-Not Found,,,,,
CLIENT_Xtest.scene7.com,Performance Cookies [Requires consent],Adobe Experience Cloud - Experience Manager,ETag,-,,bench_update_duration,,,Existing CM Trackers-Not Found,,,,,
assets-v2.yieldify.com,Targeted Advertising cookies (including social media),Yieldify,ETag,bench_new_T2_15818,,,,,Existing CM Trackers-Not Found,,,,,
CLIENT_X.com,Essential cookies (exempt from consent),Koninklijke CLIENT_X N.V.,HTTP Cookie,s_fid,,,TRUE,https://www.CLIENT_X.sa/c-e/ho/air-purifier-and-air-humidifier/air-performer-series-8000.html,Existing CM Trackers-Found,,,,,
www.CLIENT_X.com.br,Essential cookies (exempt from consent),CLIENT_X - Brazil,HTTP Cookie,_sdsat_pgm_optin,,,,,Existing CM Trackers-Not Found,,,,,
www.crsc.CLIENT_X.com,Targeted Advertising Cookies (including social media) [Requires consent],Koninklijke CLIENT_X N.V.,ETag,-,,bench_update_duration,,https://www.CLIENT_X.jo/,New First Party Trackers,,,,,
CLIENT_X.co.za,Essential cookies (exempt from consent),CLIENT_X - South Africa,HTTP Cookie,_gid,,bench_update_duration,,,New Third Party Trackers,,,,,
www.CLIENT_X.se,Essential cookies (exempt from consent),CLIENT_X - Sweden,HTTP Cookie,AWSELBCORS,,0,TRUE,https://www.CLIENT_X.ae/,Existing CM Trackers-Found,,,,,
CLIENT_X.com.qa,Essential cookies,CLIENT_X - Qatar,HTTP Cookie,_ga_failed_lookup_marker_79_1201,,session,TRUE,https://www.CLIENT_X.com.qa/,Existing CM Trackers-Found,,,,,
CLIENT_X.fr,Essential cookies (exempt from consent),CLIENT_X - France,HTTP Cookie,coveo_visitorId,,bench_update_duration,TRUE,https://www.CLIENT_X.ae/c-m-ho/cooking/toaster/latest,Existing CM Trackers-Found,,,,,
lighting.CLIENT_X.sk,Essential cookies (exempt from consent),Signify (formerly CLIENT_X Lighting),HTTP Cookie,com.adobe.alloy.getTld,,bench_update_duration,,,Existing CM Trackers-Not Found,,,,,
www.mercadolibre.com,Performance Cookies [Requires consent],"MercadoLibre, Inc.",ETag,-,,bench_update_duration,,,Existing CM Trackers-Not Found,,,,,
CLIENT_X.ma,Essential cookies (exempt from consent),CLIENT_X - Morocco,HTTP Cookie,_gdXXX,,bench_update_duration,,,Existing CM Trackers-Not Found,,,,,
www.lighting.CLIENT_X.co.in,Essential cookies (exempt from consent),Signify (formerly CLIENT_X Lighting),HTTP Cookie,d01-layout,,bench_update_duration,TRUE,https://www.CLIENT_X.com.qa/,Existing CM Trackers-Found,,,,,
www.shop.CLIENT_X.ee,Essential cookies (exempt from consent),CLIENT_X - Republic of Estonia,HTTP Cookie,woocommerce_cart_hash,,bench_update_duration,TRUE,https://www.CLIENT_X.com.qa/,Existing CM Trackers-Found,,,,,
lighting.CLIENT_X.co.id,Essential cookies (exempt from consent),Signify (formerly CLIENT_X Lighting),HTTP Cookie,s_ppvl,,0,TRUE,https://www.CLIENT_X.com.kw/,Existing CM Trackers-Found,,,,,
CLIENT_X.pl,Essential cookies (exempt from consent),CLIENT_X - Poland,HTTP Cookie,FPLC,,bench_update_duration,TRUE,https://www.CLIENT_X.com.qa/,Existing CM Trackers-Found,,,,,
agent-versuni.mindtouch.us,Performance cookies,MindTouch,Beacon,bench_new_T2_15996,,,,,New Third Party Trackers,,,,,
omnitagjs.com,Targeted Advertising Cookies (including social media) [Requires consent],ADYOULIKE SA,HTTP Cookie,ayl_visitor,,29,,,Existing CM Trackers-Not Found,,,,,
www.CLIENT_X.pt,Essential cookies (exempt from consent),CLIENT_X - Portugal,HTTP Cookie,kampyleUserSessionsCount,,,,,Existing CM Trackers-Not Found,,,,,
www.CLIENT_X.co.ke,Essential cookies (exempt from consent),CLIENT_X - Kenya,HTTP Cookie,T01-recentlyViewedProducts,,365,TRUE,http://www.CLIENT_X.jo/,Existing CM Trackers-Found,,,,,
www.lighting.CLIENT_X.com.co,Essential cookies (exempt from consent),Signify (formerly CLIENT_X Lighting),ETag,blank (etag),,,,,Existing CM Trackers-Not Found,,,,,
CLIENT_X.com.gh,Essential cookies (exempt from consent),CLIENT_X - Ghana,HTTP Cookie,_gat_UA-XXX,,0,,,Existing CM Trackers-Not Found,,,,,
www.CLIENT_X.pt,Essential cookies (exempt from consent),CLIENT_X - Portugal,HTTP Cookie,kampyle_userid,,bench_update_duration,TRUE,https://www.CLIENT_X.com.kw/,Existing CM Trackers-Found,,,,,
www.CLIENT_X.no,Essential cookies (exempt from consent),CLIENT_X - Norway,HTTP Cookie,T01-recentlyViewedProducts,,393,TRUE,https://www.CLIENT_X.sa/,Existing CM Trackers-Found,,,,,
cdn.ampproject.org,Performance Cookies [Requires consent],AMP,ETag,-,,bench_update_duration,,,Existing CM Trackers-Not Found,,,,,
www.lighting.CLIENT_X.co.in,Essential cookies (exempt from consent),Signify (formerly CLIENT_X Lighting),HTTP Cookie,customer_country,,365,TRUE,https://www.CLIENT_X.ae/c-m-ho/cooking/toaster/latest,Existing CM Trackers-Found,,,,,
koninklijkeCLIENT_Xnvproduction2k8xfrmr.analytics.org.coveo.com,Performance cookies,Coveo Solutions Inc.,Beacon,bench_new_T2_15826,,,,,New Third Party Trackers,,,,,
www.CLIENT_X.com.kw,Essential cookies,CLIENT_X - Kuwait,HTTP Cookie,_ga_failed_lookup_marker_79_1221,,365,TRUE,https://www.CLIENT_X.com.kw/ar/c-m-so/media-players/latest,Existing CM Trackers-Found,,,,,
CLIENT_X.no,Essential cookies (exempt from consent),CLIENT_X - Norway,HTTP Cookie,_yi,,,TRUE,,Existing CM Trackers-Found,,,,,
CLIENT_X.ma,Essential cookies (exempt from consent),CLIENT_X - Morocco,HTTP Cookie,test,,bench_update_duration,TRUE,https://www.CLIENT_X.sa/,Existing CM Trackers-Found,,,,,
CLIENT_X.com.my,Essential cookies (exempt from consent),CLIENT_X - Malaysia,HTTP Cookie,com.adobe.alloy.getTld,,400,TRUE,https://www.CLIENT_X.sa/,Existing CM Trackers-Found,,,,,
www.CLIENT_X.de,Essential cookies (exempt from consent),CLIENT_X - Germany,HTTP Cookie,notice_settings,,90,TRUE,https://www.CLIENT_X.sa/,Existing CM Trackers-Found,,,,,
stg.CLIENT_X.com.kw,Essential cookies,CLIENT_X - Kuwait,HTTP Cookie,bench_new_T2_15846,,,,,Existing CM Trackers-Not Found,,,,,
CLIENT_X.ae,Essential cookies (exempt from consent),CLIENT_X - Middle East Arab,HTTP Cookie,s_pv,,bench_update_duration,,,Existing CM Trackers-Not Found,,,,,
CLIENT_X.ae,Essential cookies,CLIENT_X - Middle East Arab,HTTP Cookie,_ga_failed_lookup_marker_79_1228,,,,,Existing CM Trackers-Not Found,,,,,
www.CLIENT_X.be,Essential cookies (exempt from consent),CLIENT_X - Belgium,HTTP Cookie,RT,,bench_update_duration,TRUE,https://www.CLIENT_X.sa/c-e/ho/cooking/all-in-one-cooker-3000.html,Existing CM Trackers-Found,,,,,
labs.iadvize.com,Performance cookies,iAdvize,JavaScript,bench_new_T2_15999,,,TRUE,https://www.CLIENT_X.sa/c-e/ho/air-purifier-and-air-humidifier/air-performer-series-8000.html,Existing CM Trackers-Found,,,,,
CLIENT_X.ae,Essential cookies (exempt from consent),CLIENT_X - Middle East Arab,HTTP Cookie,internalUserCheck,,365,,https://www.CLIENT_X.com.kw/,New First Party Trackers,,,,,
CLIENT_X.fi,Essential cookies (exempt from consent),CLIENT_X - Finland,HTTP Cookie,s_gnr,,,,,Existing CM Trackers-Not Found,,,,,
lighting.CLIENT_X.com.my,Essential cookies (exempt from consent),Signify (formerly CLIENT_X Lighting),HTTP Cookie,s_ppvl,,,,,Existing CM Trackers-Not Found,,,,,
www.CLIENT_X.de,Essential cookies (exempt from consent),CLIENT_X - Germany,HTTP Cookie,p-hc-catg,,393,TRUE,https://www.CLIENT_X.sa/,Existing CM Trackers-Found,,,,,
CLIENT_X.com.pe,Essential cookies (exempt from consent),CLIENT_X - Peru,HTTP Cookie,s_pv,,bench_update_duration,,,Existing CM Trackers-Not Found,,,,,
CLIENT_X.es,Essential cookies (exempt from consent),CLIENT_X - Spain,HTTP Cookie,TEST_AMCV_COOKIE,,bench_update_duration,TRUE,https://www.CLIENT_X.sa/c-m-ho/cooking/toaster/latest,Existing CM Trackers-Found,,,,,
CLIENT_X.com.kw,Essential cookies,CLIENT_X - Kuwait,HTTP Cookie,_ga_failed_lookup_marker_79_1237,,0,TRUE,https://www.CLIENT_X.com.kw/,Existing CM Trackers-Found,,,,,
www.lighting.CLIENT_X.com.eg,Essential cookies (exempt from consent),Signify (formerly CLIENT_X Lighting),Local Storage,blank (local storage),,,TRUE,https://www.CLIENT_X.sa/c-e/ho/air-purifier-and-air-humidifier/air-performer-series-8000.html,Existing CM Trackers-Found,,,,,
CLIENT_X.co.ke,Essential cookies (exempt from consent),CLIENT_X - Kenya,HTTP Cookie,TEST_AMCV_COOKIE,,bench_update_duration,TRUE,https://www.CLIENT_X.jo/,Existing CM Trackers-Found,,,,,
CLIENT_X.ma,Essential cookies (exempt from consent),CLIENT_X - Morocco,HTTP Cookie,s_ugv,,bench_update_duration,TRUE,https://www.CLIENT_X.ae/c-f/XC000021994/how-to-clean-the-dust-bucket-and-filter-of-my-CLIENT_X-1000-series-bagless-vacuum-cleaner,Existing CM Trackers-Found,,,,,
www.CLIENT_X.com.kw,Essential cookies (exempt from consent),CLIENT_X - Kuwait,HTTP Cookie,kampylePageLoadedTimestamp,,bench_update_duration,TRUE,https://www.CLIENT_X.com.qa/,Existing CM Trackers-Found,,,,,
www.CLIENT_X.com.au,Essential cookies (exempt from consent),CLIENT_X - Australia,HTTP Cookie,mdLogger,,bench_update_duration,TRUE,https://www.CLIENT_X.jo/healthcare/innovation/research-and-exploration,Existing CM Trackers-Found,,,,,
CLIENT_X.at,Essential cookies (exempt from consent),CLIENT_X - Austria,HTTP Cookie,li_cm_prefs_session,,729,,,Existing CM Trackers-Not Found,,,,,
CLIENT_X.at,Essential cookies (exempt from consent),CLIENT_X - Austria,HTTP Cookie,_ga,,bench_update_duration,,,Existing CM Trackers-Not Found,,,,,
CLIENT_X.ae,Performance cookies,CLIENT_X - Middle East Arab,HTTP Cookie,_ga_failed_lookup_marker_79_1245,,session,TRUE,https://www.CLIENT_X.ae/,Existing CM Trackers-Found,,,,,
CLIENT_X.com.vn,Essential cookies (exempt from consent),CLIENT_X - Vietnam,HTTP Cookie,s_nrpv,,90,TRUE,https://www.CLIENT_X.com.kw/,Existing CM Trackers-Found,,,,,
CLIENT_Xit.api.useinsider.com,Targeted Advertising Cookies (including social media) [Requires consent],Insider,ETag,-,,,,,Existing CM Trackers-Not Found,,,,,
www.CLIENT_X.com.qa,Essential cookies,CLIENT_X - Qatar,HTTP Cookie,bench_new_T2_15976,,365,TRUE,https://www.CLIENT_X.com.qa/,Existing CM Trackers-Found,,,,,
www.lighting.CLIENT_X.pt,Essential cookies (exempt from consent),Signify (formerly CLIENT_X Lighting),HTTP Cookie,customer_language_accept,,bench_update_duration,TRUE,,Existing CM Trackers-Found,,,,,
www.CLIENT_X.fi,Essential cookies (exempt from consent),CLIENT_X - Finland,HTTP Cookie,kampyleUserSessionsCount,,bench_update_duration,,,Existing CM Trackers-Not Found,,,,,
CLIENT_X.jo,Essential cookies,CLIENT_X - Jordan,HTTP Cookie,_ga_failed_lookup_marker_79_1251,,,,,Existing CM Trackers-Not Found,,,,,
www.lighting.CLIENT_X.co.ke,Essential cookies (exempt from consent),Signify (formerly CLIENT_X Lighting),Local Storage,blank (local storage),,bench_update_duration,TRUE,https://www.CLIENT_X.sa/c-e/ho/cooking/all-in-one-cooker-3000.html,Existing CM Trackers-Found,,,,,
www.CLIENT_X.com.hk,Essential cookies (exempt from consent),CLIENT_X - Hong Kong,Beacon,blank (beacon),,bench_update_duration,TRUE,https://www.CLIENT_X.com.kw/,Existing CM Trackers-Found,,,,,
www.CLIENT_X.co.jp,Essential cookies (exempt from consent),CLIENT_X Electronics Corporation Japan,HTTP Cookie,kampyleUserSessionsCount,,,,,Existing CM Trackers-Not Found,,,,,
CLIENT_X.com.vn,Essential cookies (exempt from consent),CLIENT_X - Vietnam,HTTP Cookie,zScalerUser,,bench_update_duration,,,Existing CM Trackers-Not Found,,,,,
lighting.CLIENT_X.co.za,Essential cookies (exempt from consent),Signify (formerly CLIENT_X Lighting),HTTP Cookie,s_cc,,bench_update_duration,TRUE,https://www.CLIENT_X.com.kw/ar/c-m-so/media-players/latest,Existing CM Trackers-Found,,,,,
CLIENT_X.co.th,Essential cookies (exempt from consent),CLIENT_X - Thailand,HTTP Cookie,at_check,,bench_update_duration,TRUE,https://www.CLIENT_X.com.qa/,Existing CM Trackers-Found,,,,,
CLIENT_X.com.sg,Essential cookies (exempt from consent),CLIENT_X - Singapore,HTTP Cookie,_schn2,,90,,https://www.CLIENT_X.ae/,New First Party Trackers,,,,,
www.healthcare.shop.CLIENT_X.co.uk,Essential cookies (exempt from consent),CLIENT_X - United Kingdom,HTTP Cookie,kampyleUserSession,,bench_update_duration,,,Existing CM Trackers-Not Found,,,,,
stg.accounts.CLIENT_X.com,Targeted Advertising cookies (including social media),Koninklijke CLIENT_X N.V.,ETag,bench_new_T2_15821,,,,,Existing CM Trackers-Not Found,,,,,
www.CLIENT_X.com.ar,Essential cookies (exempt from consent),CLIENT_X - Argentina,HTTP Cookie,_scid_r,,bench_update_duration,TRUE,https://www.CLIENT_X.jo/,Existing CM Trackers-Found,,,,,
s334834414.t.eloqua.com,Targeted Advertising Cookies (including social media) [Requires consent],Oracle Marketing,JavaScript,-,,bench_update_duration,,,Existing CM Trackers-Not Found,,,,,
www.CLIENT_X.co.nz,Essential cookies (exempt from consent),CLIENT_X - New Zealand,HTTP Cookie,fl_qualified_entry,,bench_update_duration,TRUE,http://www.CLIENT_X.jo/,Existing CM Trackers-Found,,,,,
www.CLIENT_X.dk,Essential cookies (exempt from consent),CLIENT_X - Denmark,HTTP Cookie,DK_Pub-cart-com,,bench_update_duration,,,Existing CM Trackers-Not Found,,,,,
www.CLIENT_X.ie,Essential cookies (exempt from consent),CLIENT_X - Ireland,HTTP Cookie,user_country,,,TRUE,https://www.CLIENT_X.jo/en/healthcare/product/HCNOCTN281/-,Existing CM Trackers-Found,,,,,
www.tienda.CLIENT_X.com.mx,Essential cookies (exempt from consent),CLIENT_X - Mexico,HTTP Cookie,vtex_segment,,0,TRUE,https://www.CLIENT_X.com.qa/,Existing CM Trackers-Found,,,,,
CLIENT_X.it,Essential cookies (exempt from consent),CLIENT_X - Italy,HTTP Cookie,mbox,,bench_update_duration,,,Existing CM Trackers-Not Found,,,,,
stats.g.doubleclick.net,Targeted Advertising Cookies (including social media) [Requires consent],Google Advertising Products,Beacon,-,,1,TRUE,http://www.CLIENT_X.jo/,Existing CM Trackers-Found,,,,,
CLIENT_X.com.qa,Essential cookies (exempt from consent),CLIENT_X - Qatar,HTTP Cookie,_scid_r,,,,,Existing CM Trackers-Not Found,,,,,
innovationandyou.podigee.io,Performance Cookies [Requires consent],Podigee,ETag,-,,bench_update_duration,,,Existing CM Trackers-Not Found,,,,,
CLIENT_X.fr,Essential cookies (exempt from consent),CLIENT_X - France,HTTP Cookie,TEST_AMCV_COOKIE_WRITE,,session,TRUE,https://www.CLIENT_X.jo/,Existing CM Trackers-Found,,,,,
www.CLIENT_X.com.tw,Essential cookies (exempt from consent),CLIENT_X - Taiwan,HTTP Cookie,AWSELB,,bench_update_duration,TRUE,https://www.CLIENT_X.sa/,Existing CM Trackers-Found,,,,,
www.lighting.CLIENT_X.ee,Essential cookies (exempt from consent),Signify (formerly CLIENT_X Lighting),Local Storage,blank (local storage),,bench_update_duration,,,Existing CM Trackers-Not Found,,,,,
CLIENT_X.at,Essential cookies (exempt from consent),CLIENT_X - Austria,HTTP Cookie,test,,bench_update_duration,TRUE,https://www.CLIENT_X.com.kw/ar/c-m-so/media-players/latest,Existing CM Trackers-Found,,,,,
CLIENT_X.lt,Essential cookies (exempt from consent),CLIENT_X - Lithuania,HTTP Cookie,s_cm,,bench_update_duration,TRUE,https://www.CLIENT_X.ae/,Existing CM Trackers-Found,,,,,
t.co,Targeted Advertising Cookies (including social media) [Requires consent],Twitter,HTTP Cookie,muc_ads,,bench_update_duration,,,Existing CM Trackers-Not Found,,,,,
CLIENT_X.com.pk,Essential cookies (exempt from consent),CLIENT_X - Pakistan,HTTP Cookie,s_nrpv,,bench_update_duration,,,Existing CM Trackers-Not Found,,,,,
CLIENT_X.com.kw,Essential cookies,CLIENT_X - Kuwait,HTTP Cookie,bench_new_T2_15855,,0,TRUE,https://www.CLIENT_X.com.kw/,Existing CM Trackers-Found,,,,,
s.pinimg.com,Targeted Advertising Cookies (including social media) [Requires consent],Pinterest,JavaScript,-,,bench_update_duration,TRUE,https://www.CLIENT_X.com.qa/,Existing CM Trackers-Found,,,,,
CLIENT_X.si,Essential cookies (exempt from consent),CLIENT_X - Slovenia,HTTP Cookie,s_nrpv,,bench_update_duration,TRUE,https://www.CLIENT_X.com.kw/,Existing CM Trackers-Found,,,,,
demdex.net,Targeted Advertising cookies (including social media),"Adobe Audience Manager, Adobe Experience Cloud",HTTP Cookie,_ga_failed_lookup_marker_79_1281,,,,,Existing CM Trackers-Not Found,,,,,
CLIENT_X.ma,Essential cookies (exempt from consent),CLIENT_X - Morocco,HTTP Cookie,s_gnr,,7,,http://www.CLIENT_X.jo/,New First Party Trackers,,,,,
www.healthcare.shop.CLIENT_X.nl,Essential cookies (exempt from consent),CLIENT_X - Netherlands,ETag,blank (etag),,bench_update_duration,,,Existing CM Trackers-Not Found,,,,,
CLIENT_X.ma,Essential cookies (exempt from consent),CLIENT_X - Morocco,HTTP Cookie,s_cm_direct,,bench_update_duration,,,Existing CM Trackers-Not Found,,,,,
CLIENT_X.co.il,Essential cookies (exempt from consent),CLIENT_X - Israel,HTTP Cookie,test,,,,,Existing CM Trackers-Not Found,,,,,
cdn.blueconic.net,Performance Cookies [Requires consent],BlueConic,JavaScript,-,,bench_update_duration,TRUE,https://www.CLIENT_X.jo/,Existing CM Trackers-Found,,,,,
CLIENT_X.com.tr,Essential cookies (exempt from consent),CLIENT_X - Turkey,HTTP Cookie,s_cc,,bench_update_duration,TRUE,https://www.CLIENT_X.sa/c-e/ho/air-purifier-and-air-humidifier/air-performer-series-8000.html,Existing CM Trackers-Found,,,,,
CLIENT_X.com.mx,Essential cookies (exempt from consent),CLIENT_X - Mexico,HTTP Cookie,s_campaign,,session,TRUE,https://www.CLIENT_X.jo/,Existing CM Trackers-Found,,,,,
dsum-sec.casalemedia.com,Targeted Advertising Cookies (including social media) [Requires consent],Index Exchange Inc.,Beacon,-,,session,TRUE,https://www.CLIENT_X.jo/,Existing CM Trackers-Found,,,,,
www.CLIENT_X.sa,Essential cookies,CLIENT_X - Kingdom of Saudi Arabia,HTTP Cookie,_ga_failed_lookup_marker_79_1290,,365,TRUE,https://www.CLIENT_X.sa/c-m-ho/cooking/toaster/latest,Existing CM Trackers-Found,,,,,
www.CLIENT_X.pt,Essential cookies (exempt from consent),CLIENT_X - Portugal,HTTP Cookie,ROUTE,,bench_update_duration,TRUE,https://www.CLIENT_X.com.qa/,Existing CM Trackers-Found,,,,,
www.CLIENT_X.sa,Essential cookies,,HTTP Cookie,bench_new_T2_15851,,,,,Existing CM Trackers-Not Found,,,,,
CLIENT_X.gr,Essential cookies (exempt from consent),CLIENT_X - Greece,HTTP Cookie,zScalerUser,,,,,Existing CM Trackers-Not Found,,,,,
CLIENT_X.jo,Essential cookies,CLIENT_X - Jordan,HTTP Cookie,_ga_failed_lookup_marker_79_1294,,,,,Existing CM Trackers-Not Found,,,,,
CLIENT_X.co.kr,Essential cookies (exempt from consent),CLIENT_X - Korea,HTTP Cookie,at_check,,bench_update_duration,,,Existing CM Trackers-Not Found,,,,,
www.CLIENT_X.ae,Essential cookies,CLIENT_X - Middle East Arab,HTTP Cookie,bench_new_T2_15979,,365,TRUE,https://www.CLIENT_X.ae/c-m-ho/cooking/toaster/latest,Existing CM Trackers-Found,,,,,
www.CLIENT_X.sa,Essential cookies (exempt from consent),CLIENT_X - Kingdom of Saudi Arabia,HTTP Cookie,AWSELBCORS,,0,TRUE,https://www.CLIENT_X.jo/,Existing CM Trackers-Found,,,,,
www.CLIENT_X.com.co,Essential cookies (exempt from consent),CLIENT_X - Colombia,HTTP Cookie,kampyleSessionPageCounter,,bench_update_duration,TRUE,https://www.CLIENT_X.jo/c-e/ho/homeid-app.html,Existing CM Trackers-Found,,,,,
www.CLIENT_X.es,Essential cookies (exempt from consent),CLIENT_X - Spain,HTTP Cookie,ROUTE,,bench_update_duration,TRUE,https://www.CLIENT_X.jo/c-e/ho/homeid-app.html,Existing CM Trackers-Found,,,,,
CLIENT_X.fr,Essential cookies (exempt from consent),CLIENT_X - France,HTTP Cookie,test,,bench_update_duration,TRUE,https://www.CLIENT_X.com.qa/c-w/support-home/support-contact-page.html,Existing CM Trackers-Found,,,,,
www.loja.CLIENT_X.com.br,Essential cookies (exempt from consent),CLIENT_X - Brazil,HTTP Cookie,vtex_segment,,bench_update_duration,TRUE,https://www.CLIENT_X.com.kw/,Existing CM Trackers-Found,,,,,
www.CLIENT_X.ae,Essential cookies,CLIENT_X - Middle East Arab,HTTP Cookie,_ga_failed_lookup_marker_79_1302,,0,TRUE,https://www.CLIENT_X.ae/c-m-ho/cooking/toaster/latest,Existing CM Trackers-Found,,,,,
www.patientcare.shop.CLIENT_X.com.sg,Essential cookies (exempt from consent),CLIENT_X - Singapore,HTTP Cookie,kampyleSessionPageCounter,,bench_update_duration,,,New Third Party Trackers,,,,,
www.CLIENT_X.cz,Essential cookies (exempt from consent),CLIENT_X - Czech Republic,HTTP Cookie,RT,,bench_update_duration,,,Existing CM Trackers-Not Found,,,,,
CLIENT_X.com.eg,Essential cookies (exempt from consent),CLIENT_X - Egypt,HTTP Cookie,s_pv,,1,TRUE,https://www.CLIENT_X.com.kw/ar/c-m-so/media-players/latest,Existing CM Trackers-Found,,,,,
CLIENT_X.sa,Performance cookies,CLIENT_X - Kingdom of Saudi Arabia,HTTP Cookie,bench_new_T2_15957,,,,,Existing CM Trackers-Not Found,,,,,
CLIENT_X.es,Essential cookies (exempt from consent),CLIENT_X - Spain,HTTP Cookie,TAsessionID,,bench_update_duration,TRUE,https://www.CLIENT_X.com.qa/,Existing CM Trackers-Found,,,,,
CLIENT_Xb2c.lightning.force.com,Performance cookies,"Salesforce.com, Inc.",Beacon,_ga_failed_lookup_marker_79_1308,,,,,New Third Party Trackers,,,,,
www.CLIENT_X.jo,Essential cookies,CLIENT_X - Jordan,HTTP Cookie,_ga_failed_lookup_marker_79_1309,,session,TRUE,http://www.CLIENT_X.jo/,Existing CM Trackers-Found,,,,,
CLIENT_X.com.hk,Essential cookies (exempt from consent),CLIENT_X - Hong Kong,HTTP Cookie,s_cm,,bench_update_duration,TRUE,https://www.CLIENT_X.jo/a-w/about-CLIENT_X/company-profile.html,Existing CM Trackers-Found,,,,,
CLIENT_X.cl,Essential cookies (exempt from consent),CLIENT_X - Chile,HTTP Cookie,TEST_AMCV_COOKIE,,bench_update_duration,,https://www.CLIENT_X.com.kw/ar/c-m-so/media-players/latest,New First Party Trackers,,,,,
www.CLIENT_X.at,Essential cookies (exempt from consent),CLIENT_X - Austria,HTTP Cookie,eddl_gtm_qe_session_start_6523424625,,bench_update_duration,,,Existing CM Trackers-Not Found,,,,,
www.CLIENT_X.cz,Essential cookies (exempt from consent),CLIENT_X - Czech Republic,HTTP Cookie,mdLogger,,bench_update_duration,TRUE,https://www.CLIENT_X.ae/healthcare/about/support/resource-center/results,Existing CM Trackers-Found,,,,,
www.CLIENT_X.com.au,Essential cookies (exempt from consent),CLIENT_X - Australia,HTTP Cookie,p-gc35,,bench_update_duration,TRUE,https://www.CLIENT_X.jo/a-w/about-CLIENT_X/company-profile.html,Existing CM Trackers-Found,,,,,
CLIENT_X.hu,Essential cookies (exempt from consent),CLIENT_X - Hungary,HTTP Cookie,s_cm_direct,,bench_update_duration,TRUE,https://www.CLIENT_X.com.qa/,Existing CM Trackers-Found,,,,,
CLIENT_X.co.ke,Essential cookies (exempt from consent),CLIENT_X - Kenya,HTTP Cookie,internalUserCheck,,bench_update_duration,TRUE,https://www.CLIENT_X.com.kw/,Existing CM Trackers-Found,,,,,
www.lighting.CLIENT_X.co.in,Essential cookies (exempt from consent),Signify (formerly CLIENT_X Lighting),ETag,blank (etag),,bench_update_duration,TRUE,https://www.CLIENT_X.jo/,Existing CM Trackers-Found,,,,,
d6tizftlrpuof.cloudfront.net,Performance Cookies [Requires consent],Amazon (Cloudfront),ETag,-,,60,TRUE,https://www.CLIENT_X.jo/,Existing CM Trackers-Found,,,,,
CLIENT_X.com,Essential cookies (exempt from consent),Koninklijke CLIENT_X N.V.,HTTP Cookie,_scid_r,,bench_update_duration,TRUE,,Existing CM Trackers-Found,,,,,
cdn.mouseflow.com,Performance cookies,Mouseflow,JavaScript,bench_new_T2_15828,,,,https://www.CLIENT_X.ae/c-m-pe/hair-removal/lumea-ipl,New Third Party Trackers,,,,,
www.lighting.CLIENT_X.co.za,Essential cookies (exempt from consent),Signify (formerly CLIENT_X Lighting),JavaScript,blank (java),,bench_update_duration,TRUE,https://www.CLIENT_X.com.kw/,Existing CM Trackers-Found,,,,,
www.CLIENT_X.ee,Essential cookies (exempt from consent),CLIENT_X - Republic of Estonia,HTTP Cookie,kampyleUserPercentile,,bench_update_duration,,http://www.CLIENT_X.jo/,New Third Party Trackers,,,,,
www.CLIENT_X.hu,Essential cookies (exempt from consent),CLIENT_X - Hungary,HTTP Cookie,AWSELBCORS,,0,,https://www.CLIENT_X.jo/healthcare,Existing CM Trackers-Found,,,,,
stg.CLIENT_X.ru,Essential cookies (exempt from consent),CLIENT_X - Russia,Local Storage,blank (local storage),,bench_update_duration,TRUE,https://www.CLIENT_X.com.qa/,Existing CM Trackers-Found,,,,,
www.CLIENT_X.si,Essential cookies (exempt from consent),CLIENT_X - Slovenia,HTTP Cookie,kampyleSessionPageCounter,,,,https://www.CLIENT_X.com.kw/,Existing CM Trackers-Found,,,,,
CLIENT_X.co.ke,Essential cookies (exempt from consent),CLIENT_X - Kenya,HTTP Cookie,_gat_UA-XXX,,bench_update_duration,,,Existing CM Trackers-Not Found,,,,,
CLIENT_X.se,Essential cookies (exempt from consent),CLIENT_X - Sweden,HTTP Cookie,notice_behavior,,bench_update_duration,TRUE,https://www.CLIENT_X.com.qa/,Existing CM Trackers-Found,,,,,
www.CLIENT_X.co.nz,Essential cookies (exempt from consent),CLIENT_X - New Zealand,HTTP Cookie,kampyleSessionPageCounter,,bench_update_duration,TRUE,,Existing CM Trackers-Found,,,,,
CLIENT_X.de,Essential cookies (exempt from consent),CLIENT_X - Germany,HTTP Cookie,iAdvize:splitGroup,,,,,Existing CM Trackers-Not Found,,,,,
labs.iadvize.com,Performance cookies,iAdvize,JavaScript,bench_new_T2_15921,,,TRUE,https://www.CLIENT_X.sa/c-e/ho/air-purifier-and-air-humidifier/air-performer-series-8000.html,Existing CM Trackers-Found,,,,,
CLIENT_X.it,Essential cookies (exempt from consent),CLIENT_X - Italy,HTTP Cookie,internalUserCheck,,,TRUE,https://www.CLIENT_X.sa/c-e/ho/air-purifier-and-air-humidifier/air-performer-series-8000.html,Existing CM Trackers-Found,,,,,
activity-flow.vtex.com,Performance Cookies [Requires consent],VTEX,ETag,-,,,,,Existing CM Trackers-Not Found,,,,,
CLIENT_X.com.sg,Essential cookies (exempt from consent),CLIENT_X - Singapore,HTTP Cookie,coveo_visitorId,,365,TRUE,https://www.CLIENT_X.sa/,Existing CM Trackers-Found,,,,,
CLIENT_X.com.ph,Essential cookies (exempt from consent),CLIENT_X - Philippines,HTTP Cookie,BCSessionID,,bench_update_duration,,https://www.CLIENT_X.jo/,New First Party Trackers,,,,,
www.CLIENT_X.co.in,Essential cookies (exempt from consent),CLIENT_X - India,Local Storage,blank (local storage),,365,TRUE,https://www.CLIENT_X.com.qa/,Existing CM Trackers-Found,,,,,
CLIENT_X.sa,Essential cookies (exempt from consent),CLIENT_X - Kingdom of Saudi Arabia,HTTP Cookie,_ga,,90,TRUE,https://www.CLIENT_X.sa/,Existing CM Trackers-Found,,,,,
www.conversiontool.lighting.CLIENT_X.com,Performance Cookies [Requires consent],Signify (formerly CLIENT_X Lighting),JavaScript,-,,365,TRUE,https://www.CLIENT_X.ae/,Existing CM Trackers-Found,,,,,
www.CLIENT_X.com.my,Essential cookies (exempt from consent),CLIENT_X - Malaysia,HTTP Cookie,mdLogger,,,,https://www.CLIENT_X.sa/,Existing CM Trackers-Found,,,,,
www.lighting.CLIENT_X.co.th,Essential cookies (exempt from consent),Signify (formerly CLIENT_X Lighting),HTTP Cookie,s_as,,90,TRUE,https://www.CLIENT_X.ae/,Existing CM Trackers-Found,,,,,
www.CLIENT_X.cz,Essential cookies (exempt from consent),CLIENT_X - Czech Republic,HTTP Cookie,ws-id,,bench_update_duration,TRUE,http://www.CLIENT_X.com.qa/,Existing CM Trackers-Found,,,,,
CLIENT_X.com,Essential cookies,Koninklijke CLIENT_X N.V.,HTTP Cookie,_ga_failed_lookup_marker_79_1341,,,,,Existing CM Trackers-Not Found,,,,,
CLIENT_X.ng,Essential cookies (exempt from consent),CLIENT_X - Nigeria,HTTP Cookie,_gid,,,TRUE,https://www.CLIENT_X.com.kw/,Existing CM Trackers-Found,,,,,
CLIENT_X.com.mx,Essential cookies (exempt from consent),CLIENT_X - Mexico,HTTP Cookie,_scid_r,,,,,Existing CM Trackers-Not Found,,,,,
CLIENT_X.com.ph,Essential cookies (exempt from consent),CLIENT_X - Philippines,HTTP Cookie,_tt_enable_cookie,,bench_update_duration,,,Existing CM Trackers-Not Found,,,,,
CLIENT_X.com.pe,Essential cookies (exempt from consent),CLIENT_X - Peru,HTTP Cookie,internalUserCheck,,,TRUE,,Existing CM Trackers-Found,,,,,
www.CLIENT_X.nl,Essential cookies (exempt from consent),CLIENT_X - Netherlands,HTTP Cookie,eddl_itc_list,,bench_update_duration,,,Existing CM Trackers-Not Found,,,,,
CLIENT_X.ie,Essential cookies (exempt from consent),CLIENT_X - Ireland,HTTP Cookie,TEST_AMCV_COOKIE_WRITE,,,TRUE,http://www.CLIENT_X.ae/,Existing CM Trackers-Found,,,,,
CLIENT_X.com.co,Essential cookies (exempt from consent),CLIENT_X - Colombia,HTTP Cookie,test,,,,,Existing CM Trackers-Not Found,,,,,
CLIENT_X.co.kr,Essential cookies (exempt from consent),CLIENT_X - Korea,HTTP Cookie,_gcl_au,,,,,Existing CM Trackers-Not Found,,,,,
CLIENT_X.com.pe,Essential cookies (exempt from consent),CLIENT_X - Peru,HTTP Cookie,s_vtime,,session,TRUE,https://www.CLIENT_X.com.qa/,Existing CM Trackers-Found,,,,,
lighting.CLIENT_X.com.tw,Essential cookies (exempt from consent),Signify (formerly CLIENT_X Lighting),HTTP Cookie,aam_uuid,,bench_update_duration,,https://www.CLIENT_X.com.kw/,New First Party Trackers,,,,,
www.CLIENT_X.ro,Essential cookies (exempt from consent),CLIENT_X - Romania,HTTP Cookie,notice_settings,,,,,Existing CM Trackers-Not Found,,,,,
lighting.CLIENT_X.com.my,Essential cookies (exempt from consent),Signify (formerly CLIENT_X Lighting),HTTP Cookie,s_nr,,bench_update_duration,TRUE,https://www.CLIENT_X.ae/c-m-ho/cooking/toaster/latest,Existing CM Trackers-Found,,,,,
CLIENT_X.no,Essential cookies (exempt from consent),CLIENT_X - Norway,HTTP Cookie,s_gnr,,bench_update_duration,,https://www.CLIENT_X.com.kw/,New First Party Trackers,,,,,
CLIENT_X.co.in,Essential cookies (exempt from consent),CLIENT_X - India,HTTP Cookie,amp_cookie_testgcNP6DU4EclIlhqkUtsfz0,,bench_update_duration,TRUE,https://www.CLIENT_X.ae/c-f/XC000021357/how-to-create-and-manage-maps-in-my-CLIENT_X-homerun-app,Existing CM Trackers-Found,,,,,
CLIENT_X.pt,Essential cookies (exempt from consent),CLIENT_X - Portugal,HTTP Cookie,_ttp,,,,,Existing CM Trackers-Not Found,,,,,
www.CLIENT_X.jo,Essential cookies,,HTTP Cookie,bench_new_T2_15937,,,,,Existing CM Trackers-Not Found,,,,,
CLIENT_X.ae,Essential cookies,CLIENT_X - Middle East Arab,HTTP Cookie,bench_new_T2_15907,,365,,https://www.CLIENT_X.ae/,New First Party Trackers,,,,,
www.CLIENT_X.sa,Essential cookies,CLIENT_X - Kingdom of Saudi Arabia,HTTP Cookie,_ga_failed_lookup_marker_79_1359,,30,TRUE,https://www.CLIENT_X.sa/c-m-ho/cooking/toaster/latest,Existing CM Trackers-Found,,,,,
CLIENT_X.com.qa,Targeted Advertising cookies (including social media),CLIENT_X - Qatar,HTTP Cookie,bench_new_T2_15930,,90,TRUE,https://www.CLIENT_X.com.qa/,Existing CM Trackers-Found,,,,,
www.facebook.com,Targeted Advertising cookies (including social media),Meta (formerly Facebook),Beacon,_ga_failed_lookup_marker_79_1361,,,TRUE,,Existing CM Trackers-Found,,,,,
www.CLIENT_X.com.au,Essential cookies (exempt from consent),CLIENT_X - Australia,JavaScript,blank (java),,bench_update_duration,,,Existing CM Trackers-Not Found,,,,,
CLIENT_X.jo,Essential cookies (exempt from consent),CLIENT_X - Jordan,HTTP Cookie,s_vtime,,0,TRUE,https://www.CLIENT_X.com.kw/,Existing CM Trackers-Found,,,,,
CLIENT_X.com.kw,Essential cookies (exempt from consent),CLIENT_X - Kuwait,HTTP Cookie,s_cm,,bench_update_duration,,,New Third Party Trackers,,,,,
quilt-cdn.janrain.com,Targeted Advertising Cookies (including social media) [Requires consent],Akamai,ETag,-,,bench_update_duration,TRUE,https://www.CLIENT_X.ae/,Existing CM Trackers-Found,,,,,
CLIENT_X.com.co,Essential cookies (exempt from consent),CLIENT_X - Colombia,HTTP Cookie,zScalerUser,,,,,New Third Party Trackers,,,,,
CLIENT_X.com.gh,Essential cookies (exempt from consent),CLIENT_X - Ghana,HTTP Cookie,s_pv,,bench_update_duration,TRUE,https://www.CLIENT_X.sa/a-w/about/news/all-news,Existing CM Trackers-Found,,,,,
CLIENT_X.com.hk,Essential cookies (exempt from consent),CLIENT_X - Hong Kong,HTTP Cookie,mboxEdgeCluster,,,TRUE,http://www.CLIENT_X.com.qa/,Existing CM Trackers-Found,,,,,
www.CLIENT_X.com.eg,Essential cookies (exempt from consent),CLIENT_X - Egypt,HTTP Cookie,_y2,,,,,Existing CM Trackers-Not Found,,,,,
stg.CLIENT_X.com.kw,Essential cookies,CLIENT_X - Kuwait,HTTP Cookie,bench_new_T2_15842,,,,,Existing CM Trackers-Not Found,,,,,
www.CLIENT_X.com.qa,Essential cookies,CLIENT_X - Qatar,HTTP Cookie,_ga_failed_lookup_marker_79_1371,,365,TRUE,https://www.CLIENT_X.com.qa/,Existing CM Trackers-Found,,,,,
www.CLIENT_X.com.qa,Essential cookies,CLIENT_X - Qatar,HTTP Cookie,bench_new_T2_15805,,365,TRUE,https://www.CLIENT_X.com.qa/,Existing CM Trackers-Found,,,,,
CLIENT_X.bg,Essential cookies (exempt from consent),CLIENT_X - Bulgaria,HTTP Cookie,TAsessionID,,729,,,Existing CM Trackers-Not Found,,,,,
www.lighting.CLIENT_X.com.ph,Essential cookies (exempt from consent),CLIENT_X - Philippines,JavaScript,blank (java),,bench_update_duration,TRUE,https://www.CLIENT_X.sa/c-m-ho/cooking/toaster/latest,Existing CM Trackers-Found,,,,,
CLIENT_X.cz,Essential cookies (exempt from consent),CLIENT_X - Czech Republic,HTTP Cookie,_gcl_au,,bench_update_duration,,https://www.CLIENT_X.com.qa/,New First Party Trackers,,,,,
www.lighting.CLIENT_X.fr,Essential cookies (exempt from consent),Signify (formerly CLIENT_X Lighting),HTTP Cookie,AWSELBCORS,,bench_update_duration,,,Existing CM Trackers-Not Found,,,,,
www.CLIENT_X.ch,Essential cookies (exempt from consent),CLIENT_X - Switzerland,Beacon,blank (beacon),,,,,Existing CM Trackers-Not Found,,,,,
www.lighting.CLIENT_X.co.th,Essential cookies (exempt from consent),Signify (formerly CLIENT_X Lighting),HTTP Cookie,customer_country,,,,,Existing CM Trackers-Not Found,,,,,
www.CLIENT_X.it,Essential cookies (exempt from consent),CLIENT_X - Italy,HTTP Cookie,kampyleUserPercentile,,bench_update_duration,,,Existing CM Trackers-Not Found,,,,,
www.CLIENT_X.com,Targeted Advertising cookies (including social media),Koninklijke CLIENT_X N.V.,HTTP Cookie,bench_new_T2_15981,,7,,https://www.CLIENT_X.sa/a-w/about/news/all-news,New Third Party Trackers,,,,,
CLIENT_X.com.eg,Essential cookies (exempt from consent),CLIENT_X - Egypt,HTTP Cookie,TAsessionID,,bench_update_duration,,,Existing CM Trackers-Not Found,,,,,
CLIENT_X.dk,Essential cookies (exempt from consent),CLIENT_X - Denmark,HTTP Cookie,s_pv,,bench_update_duration,TRUE,http://www.CLIENT_X.ae/,Existing CM Trackers-Found,,,,,
CLIENT_X.com.co,Essential cookies (exempt from consent),CLIENT_X - Colombia,HTTP Cookie,notice_behavior,,bench_update_duration,TRUE,https://www.CLIENT_X.com.qa/,Existing CM Trackers-Found,,,,,
www.CLIENT_X.nl,Essential cookies (exempt from consent),CLIENT_X - Netherlands,HTTP Cookie,AWSELB,,0,TRUE,https://www.CLIENT_X.ae/c-m-ho/cooking/toaster/latest,Existing CM Trackers-Found,,,,,
CLIENT_X.no,Essential cookies (exempt from consent),CLIENT_X - Norway,HTTP Cookie,_scid_r,,bench_update_duration,,https://www.CLIENT_X.com.kw/ar/c-m-so/media-players/latest,New First Party Trackers,,,,,
CLIENT_X.rs,Essential cookies (exempt from consent),CLIENT_X - Serbia,HTTP Cookie,mbox,,bench_update_duration,,,Existing CM Trackers-Not Found,,,,,
CLIENT_X.com,Essential cookies (exempt from consent),Koninklijke CLIENT_X N.V.,HTTP Cookie,internalUser,,bench_update_duration,,https://www.CLIENT_X.ae/c-t/XC000006201/my-CLIENT_X-toaster-smells-during-first-time-use,New Third Party Trackers,,,,,
www.CLIENT_X.com.vn,Essential cookies (exempt from consent),CLIENT_X - Vietnam,HTTP Cookie,eddl_gtm_qe_session_start_6523424625,,bench_update_duration,TRUE,https://www.CLIENT_X.com.qa/,Existing CM Trackers-Found,,,,,
www.CLIENT_X.co.za,Essential cookies (exempt from consent),CLIENT_X - South Africa,ETag,blank (etag),,bench_update_duration,,,Existing CM Trackers-Found,,,,,
CLIENT_X.hu,Essential cookies (exempt from consent),CLIENT_X - Hungary,HTTP Cookie,li_cm_prefs_session,,bench_update_duration,,,Existing CM Trackers-Not Found,,,,,
www.CLIENT_X.sa,Essential cookies,,HTTP Cookie,_ga_failed_lookup_marker_79_1391,,,,,Existing CM Trackers-Not Found,,,,,
lighting.CLIENT_X.ua,Essential cookies (exempt from consent),Signify (formerly CLIENT_X Lighting),HTTP Cookie,s_vs,,,TRUE,,Existing CM Trackers-Found,,,,,
CLIENT_X.co.za,Essential cookies (exempt from consent),CLIENT_X - South Africa,HTTP Cookie,mbox,,0,TRUE,https://www.CLIENT_X.ae/,Existing CM Trackers-Found,,,,,
CLIENT_X.com.sg,Essential cookies (exempt from consent),CLIENT_X - Singapore,HTTP Cookie,FPLC,,session,TRUE,https://www.CLIENT_X.sa/,Existing CM Trackers-Found,,,,,
www.lighting.CLIENT_X.com.au,Essential cookies (exempt from consent),Signify (formerly CLIENT_X Lighting),HTTP Cookie,s_as,,bench_update_duration,TRUE,https://www.CLIENT_X.ae/c-p/AIS8540_80/all-in-one-ironing-solutions-all-in-one-8500-series,Existing CM Trackers-Found,,,,,
www.CLIENT_X.ae,Essential cookies (exempt from consent),CLIENT_X - Middle East Arab,HTTP Cookie,_sdsat_pgm_optin,,,TRUE,http://www.CLIENT_X.com.qa/,Existing CM Trackers-Found,,,,,
graph.instagram.com,Targeted Advertising Cookies (including social media) [Requires consent],Instagram,Beacon,-,,bench_update_duration,TRUE,https://www.CLIENT_X.ae/c-m-ho/cooking/toaster/latest,Existing CM Trackers-Found,,,,,
CLIENT_X.com.au,Essential cookies (exempt from consent),CLIENT_X - Australia,HTTP Cookie,s_cc,,bench_update_duration,TRUE,http://www.CLIENT_X.com.qa/,Existing CM Trackers-Found,,,,,
CLIENT_X.pl,Essential cookies (exempt from consent),CLIENT_X - Poland,HTTP Cookie,_gdXXX,,bench_update_duration,,,Existing CM Trackers-Not Found,,,,,
CLIENT_X.pt,Essential cookies (exempt from consent),CLIENT_X - Portugal,HTTP Cookie,_scid,,365,TRUE,https://www.CLIENT_X.com.kw/ar/c-m-so/media-players/latest,Existing CM Trackers-Found,,,,,
CLIENT_X.be,Essential cookies (exempt from consent),CLIENT_X - Belgium,HTTP Cookie,_schn1,,session,TRUE,https://www.CLIENT_X.ae/c-w/support-home/support-contact-page.html,Existing CM Trackers-Found,,,,,
www.CLIENT_X.com.ph,Essential cookies (exempt from consent),CLIENT_X - Philippines,HTTP Cookie,user_country,,bench_update_duration,,,Existing CM Trackers-Not Found,,,,,
www.CLIENT_X.co.za,Essential cookies (exempt from consent),CLIENT_X - South Africa,JavaScript,blank (java),,bench_update_duration,,,Existing CM Trackers-Not Found,,,,,
respirtech.com,Essential cookies (exempt from consent),RespirTech,HTTP Cookie,da_intState,,393,TRUE,https://www.CLIENT_X.jo/,Existing CM Trackers-Found,,,,,
www.CLIENT_X.com.au,Essential cookies (exempt from consent),CLIENT_X - Australia,HTTP Cookie,eddl_itc_list,,0,TRUE,http://www.CLIENT_X.com.qa/,Existing CM Trackers-Found,,,,,
s3-sa-east-1.amazonaws.com,Targeted Advertising Cookies (including social media) [Requires consent],Amazon (Web Services),JavaScript,-,,,,,Existing CM Trackers-Not Found,,,,,
CLIENT_X.co.il,Essential cookies (exempt from consent),CLIENT_X - Israel,HTTP Cookie,s_cm,,,,,Existing CM Trackers-Not Found,,,,,
www.lighting.CLIENT_X.com.br,Essential cookies (exempt from consent),Signify (formerly CLIENT_X Lighting),HTTP Cookie,customer_country,,bench_update_duration,TRUE,https://www.CLIENT_X.ae/c-m-ho/cooking/toaster/latest,Existing CM Trackers-Found,,,,,
stg.CLIENT_X.sa,Essential cookies,CLIENT_X - Kingdom of Saudi Arabia,ETag,_ga_failed_lookup_marker_79_1409,,,,,Existing CM Trackers-Not Found,,,,,
www.tienda.CLIENT_X.com.ar,Essential cookies (exempt from consent),CLIENT_X - Argentina,HTTP Cookie,checkout.vtex.com,,bench_update_duration,TRUE,https://www.CLIENT_X.sa/,Existing CM Trackers-Found,,,,,
www.CLIENT_X.ae,Essential cookies (exempt from consent),CLIENT_X - Middle East Arab,ETag,blank (etag),,1,TRUE,https://www.CLIENT_X.jo/c-e/ho/homeid-app.html,Existing CM Trackers-Found,,,,,
www.CLIENT_X.com.my,Essential cookies (exempt from consent),CLIENT_X - Malaysia,HTTP Cookie,kampyle_userid,,365,TRUE,https://www.CLIENT_X.ae/c-f/XC000019471/CLIENT_X-one-battery-replacement-instructions,Existing CM Trackers-Found,,,,,
CLIENT_X.jo,Essential cookies,CLIENT_X - Jordan,HTTP Cookie,_ga_failed_lookup_marker_79_1413,,session,TRUE,https://www.CLIENT_X.jo/,Existing CM Trackers-Found,,,,,
www.CLIENT_X.ae,Essential cookies,CLIENT_X - Middle East Arab,HTTP Cookie,_ga_failed_lookup_marker_79_1414,,365,TRUE,https://www.CLIENT_X.ae/c-m-ho/cooking/toaster/latest,Existing CM Trackers-Found,,,,,
www.CLIENT_X.hu,Essential cookies (exempt from consent),CLIENT_X - Hungary,HTTP Cookie,_sdsat_pgm_optin,,bench_update_duration,,,Existing CM Trackers-Not Found,,,,,
www.CLIENT_X.co.in,Essential cookies (exempt from consent),CLIENT_X - India,HTTP Cookie,kampyleUserSession,,90,TRUE,https://www.CLIENT_X.com.qa/,Existing CM Trackers-Found,,,,,
CLIENT_X.com.br,Essential cookies (exempt from consent),CLIENT_X - Brazil,HTTP Cookie,cto_bundle,,bench_update_duration,,https://www.CLIENT_X.com.kw/,New First Party Trackers,,,,,
CLIENT_X.co.za,Essential cookies (exempt from consent),CLIENT_X - South Africa,HTTP Cookie,test,,365,TRUE,https://www.CLIENT_X.ae/,Existing CM Trackers-Found,,,,,
CLIENT_X.dk,Essential cookies (exempt from consent),CLIENT_X - Denmark,HTTP Cookie,_ga,,bench_update_duration,,,Existing CM Trackers-Not Found,,,,,
www.lighting.CLIENT_X.com,Performance cookies,Signify (formerly CLIENT_X Lighting),ETag,_ga_failed_lookup_marker_79_1420,,,,,Existing CM Trackers-Not Found,,,,,
CLIENT_X.bg,Essential cookies (exempt from consent),CLIENT_X - Bulgaria,HTTP Cookie,_scid_r,,bench_update_duration,TRUE,https://www.CLIENT_X.com.kw/,Existing CM Trackers-Found,,,,,
www.lighting.CLIENT_X.co.id,Essential cookies (exempt from consent),Signify (formerly CLIENT_X Lighting),HTTP Cookie,ltc_cf,,bench_update_duration,,https://www.CLIENT_X.sa/,New First Party Trackers,,,,,
CLIENT_X.com.qa,Essential cookies,CLIENT_X - Qatar,HTTP Cookie,_ga_failed_lookup_marker_79_1423,,400,TRUE,https://www.CLIENT_X.com.qa/,Existing CM Trackers-Found,,,,,
www.lighting.CLIENT_X.co.il,Essential cookies (exempt from consent),Signify (formerly CLIENT_X Lighting),HTTP Cookie,s_as,,bench_update_duration,TRUE,https://www.CLIENT_X.ae/,Existing CM Trackers-Found,,,,,
images.CLIENT_X.com,Essential cookies,Koninklijke CLIENT_X N.V.,JavaScript,_ga_failed_lookup_marker_79_1425,,,TRUE,https://www.CLIENT_X.jo/en/healthcare/product/HC722227/azurion-5-m12-image-guided-therapy-system,Existing CM Trackers-Found,,,,,
www.CLIENT_X.lv,Essential cookies (exempt from consent),CLIENT_X - Latvia,HTTP Cookie,T01-recentlyViewedProducts,,,,,Existing CM Trackers-Not Found,,,,,
www.lighting.CLIENT_X.si,Essential cookies (exempt from consent),Signify (formerly CLIENT_X Lighting),ETag,blank (etag),,bench_update_duration,,,Existing CM Trackers-Not Found,,,,,
CLIENT_X.com.kw,Essential cookies,CLIENT_X - Kuwait,HTTP Cookie,_ga_failed_lookup_marker_79_1428,,,,,Existing CM Trackers-Not Found,,,,,
www.CLIENT_X.co.uk,Essential cookies (exempt from consent),CLIENT_X - United Kingdom,HTTP Cookie,user_country,,,TRUE,https://www.CLIENT_X.ae/c-f/XC000021994/how-to-clean-the-dust-bucket-and-filter-of-my-CLIENT_X-1000-series-bagless-vacuum-cleaner,Existing CM Trackers-Found,,,,,
www.lighting.CLIENT_X.com.pe,Essential cookies (exempt from consent),Signify (formerly CLIENT_X Lighting),HTTP Cookie,customer_language_accept,,bench_update_duration,TRUE,https://www.CLIENT_X.sa/c-e/ho/air-purifier-and-air-humidifier/air-performer-series-8000.html,Existing CM Trackers-Found,,,,,
www.CLIENT_X.com.qa,Performance cookies,,HTTP Cookie,bench_new_T2_15882,,,,,Existing CM Trackers-Not Found,,,,,
www.CLIENT_X.com.qa,Essential cookies,CLIENT_X - Qatar,HTTP Cookie,_ga_failed_lookup_marker_79_1432,,0,,https://www.CLIENT_X.com.qa/,New First Party Trackers,,,,,
www.CLIENT_X.rs,Essential cookies (exempt from consent),CLIENT_X - Serbia,HTTP Cookie,_sdsat_pgm_optin,,bench_update_duration,TRUE,http://www.CLIENT_X.com.kw/,Existing CM Trackers-Found,,,,,
ce.lijit.com,Targeted Advertising Cookies (including social media) [Requires consent],"Sovrn, Inc.",Beacon,-,,bench_update_duration,,https://www.CLIENT_X.ae/,New First Party Trackers,,,,,
XXXXXXXXXXXXXXXXXXXXXXXXXXXXXXXXXXXXXXXXXXXXXXXXXXXXXXXX.e.aa.online-metrix.net,Targeted Advertising Cookies (including social media) [Requires consent],LexisNexis Risk Solutions (formerly ThreatMetrix),Beacon,-,,bench_update_duration,TRUE,https://www.CLIENT_X.com.qa/c-w/support-home/support-contact-page.html,Existing CM Trackers-Found,,,,,
CLIENT_X.com.sg,Essential cookies (exempt from consent),CLIENT_X - Singapore,HTTP Cookie,test,,bench_update_duration,,,Existing CM Trackers-Not Found,,,,,
tremorhub.com,Targeted Advertising cookies (including social media),"Magnite CTV, Inc.",HTTP Cookie,_ga_failed_lookup_marker_79_1437,,365,TRUE,https://www.CLIENT_X.jo/a-w/about-CLIENT_X/company-profile.html,Existing CM Trackers-Found,,,,,
www.lighting.CLIENT_X.co.id,Essential cookies (exempt from consent),Signify (formerly CLIENT_X Lighting),HTTP Cookie,d01-layout,,393,TRUE,https://www.CLIENT_X.sa/,Existing CM Trackers-Found,,,,,
s334834414.t.eloqua.com,Performance cookies,Oracle Marketing,Beacon,_ga_failed_lookup_marker_79_1439,,,,,New Third Party Trackers,,,,,
www.CLIENT_X.ro,Essential cookies (exempt from consent),CLIENT_X - Romania,HTTP Cookie,shop-health,,,,,Existing CM Trackers-Not Found,,,,,
CLIENT_X.com.vn,Essential cookies (exempt from consent),CLIENT_X - Vietnam,HTTP Cookie,s_cm_direct,,bench_update_duration,,,Existing CM Trackers-Not Found,,,,,
consent-st.trustarc.com,Essential cookies (exempt from consent),TrustArc,JavaScript,-,,bench_update_duration,,,Existing CM Trackers-Not Found,,,,,
CLIENT_X.com.kw,Performance cookies,CLIENT_X - Kuwait,HTTP Cookie,_ga_failed_lookup_marker_79_1443,,,,,Existing CM Trackers-Not Found,,,,,
www.CLIENT_X.ae,Essential cookies,CLIENT_X - Middle East Arab,HTTP Cookie,bench_new_T2_15881,,365,TRUE,https://www.CLIENT_X.ae/c-m-ho/cooking/toaster/latest,Existing CM Trackers-Found,,,,,
www.CLIENT_X.com.tr,Essential cookies (exempt from consent),CLIENT_X - Turkey,HTTP Cookie,kampyleUserPercentile,,bench_update_duration,,,Existing CM Trackers-Not Found,,,,,
acc.CLIENT_X.ro,Essential cookies (exempt from consent),CLIENT_X - Romania,ETag,blank (etag),,,,,Existing CM Trackers-Not Found,,,,,
vm.gtimg.cn,Performance Cookies [Requires consent],Tencent,JavaScript,-,,bench_update_duration,TRUE,https://www.CLIENT_X.com.kw/ar/c-m-so/media-players/latest,Existing CM Trackers-Found,,,,,
www.crsc.CLIENT_X.com,Targeted Advertising cookies (including social media),Koninklijke CLIENT_X N.V.,ETag,bench_new_T2_15839,,,TRUE,https://www.CLIENT_X.ae/c-e/au/motorcycle-lights/moto-selector-tool.html,Existing CM Trackers-Found,,,,,
CLIENT_X.jo,Essential cookies (exempt from consent),CLIENT_X - Jordan,HTTP Cookie,_ga,,bench_update_duration,TRUE,http://www.CLIENT_X.jo/,Existing CM Trackers-Found,,,,,
www.lighting.CLIENT_X.co.nz,Essential cookies (exempt from consent),Signify (formerly CLIENT_X Lighting),HTTP Cookie,BCTempID,,session,TRUE,https://www.CLIENT_X.com.kw/,Existing CM Trackers-Found,,,,,
www.CLIENT_X.com.sg,Essential cookies (exempt from consent),CLIENT_X - Singapore,HTTP Cookie,kampyleUserSessionsCount,,1,TRUE,https://www.CLIENT_X.com.kw/ar/c-m-so/media-players/latest,Existing CM Trackers-Found,,,,,
www.subscription.CLIENT_X.fr,Essential cookies (exempt from consent),CLIENT_X - France,JavaScript,blank (java),,bench_update_duration,TRUE,,Existing CM Trackers-Found,,,,,
www.lighting.CLIENT_X.co.za,Essential cookies (exempt from consent),Signify (formerly CLIENT_X Lighting),Beacon,blank (beacon),,,,,Existing CM Trackers-Not Found,,,,,
lighting.CLIENT_X.ma,Essential cookies (exempt from consent),Signify (formerly CLIENT_X Lighting),HTTP Cookie,s_nr30,,bench_update_duration,,,Existing CM Trackers-Not Found,,,,,
www.CLIENT_X.co.za,Essential cookies (exempt from consent),CLIENT_X - South Africa,HTTP Cookie,liveagent_sid,,bench_update_duration,TRUE,https://www.CLIENT_X.com.qa/,Existing CM Trackers-Found,,,,,
www.lighting.CLIENT_X.com.tw,Essential cookies (exempt from consent),Signify (formerly CLIENT_X Lighting),HTTP Cookie,ltc_cf,,bench_update_duration,TRUE,https://www.CLIENT_X.com.kw/,Existing CM Trackers-Found,,,,,
www.lighting.CLIENT_X.ng,Essential cookies (exempt from consent),Signify (formerly CLIENT_X Lighting),HTTP Cookie,AWSELB,,0,,,Existing CM Trackers-Not Found,,,,,
CLIENT_X.hr,Essential cookies (exempt from consent),CLIENT_X - Croatia,HTTP Cookie,s_pv,,bench_update_duration,TRUE,https://www.CLIENT_X.com.qa/,Existing CM Trackers-Found,,,,,
CLIENT_X.com.qa,Performance cookies,CLIENT_X - Qatar,HTTP Cookie,bench_new_T2_15871,,session,TRUE,https://www.CLIENT_X.com.qa/,Existing CM Trackers-Found,,,,,
CLIENT_X.com.sg,Essential cookies (exempt from consent),CLIENT_X - Singapore,HTTP Cookie,s_ugv,,bench_update_duration,TRUE,https://www.CLIENT_X.jo/a-w/about-CLIENT_X/company-profile.html,Existing CM Trackers-Found,,,,,
www.lighting.CLIENT_X.be,Essential cookies (exempt from consent),Signify (formerly CLIENT_X Lighting),ETag,blank (etag),,bench_update_duration,TRUE,http://www.CLIENT_X.jo/,Existing CM Trackers-Found,,,,,
www.CLIENT_X.ae,Essential cookies,CLIENT_X - Middle East Arab,HTTP Cookie,_ga_failed_lookup_marker_79_1462,,365,TRUE,https://www.CLIENT_X.ae/c-m-ho/cooking/toaster/latest,Existing CM Trackers-Found,,,,,
www.CLIENT_X.pt,Essential cookies (exempt from consent),CLIENT_X - Portugal,HTTP Cookie,PT_Pub-cartstatus,,bench_update_duration,,,Existing CM Trackers-Not Found,,,,,
www.CLIENT_X.ca,Essential cookies (exempt from consent),CLIENT_X - Canada,HTTP Cookie,janrainSSO_session,,bench_update_duration,,,Existing CM Trackers-Not Found,,,,,
CLIENT_X.com.ar,Essential cookies (exempt from consent),CLIENT_X - Argentina,HTTP Cookie,notice_behavior,,729,TRUE,https://www.CLIENT_X.ae/,Existing CM Trackers-Found,,,,,
www.lighting.CLIENT_X.hr,Essential cookies (exempt from consent),Signify (formerly CLIENT_X Lighting),HTTP Cookie,AWSELB,,0,,,Existing CM Trackers-Not Found,,,,,
www.CLIENT_X.com.ph,Essential cookies (exempt from consent),CLIENT_X - Philippines,HTTP Cookie,kampyleSessionPageCounter,,session,TRUE,https://www.CLIENT_X.ae/,Existing CM Trackers-Found,,,,,
assets.firmhouse.com,Targeted Advertising Cookies (including social media) [Requires consent],Firmhouse,JavaScript,-,,bench_update_duration,,,Existing CM Trackers-Not Found,,,,,
www.CLIENT_X.jo,Essential cookies,,HTTP Cookie,bench_new_T2_15968,,,,,Existing CM Trackers-Not Found,,,,,
support.niceteknoloji.com,Performance Cookies [Requires consent],Nice Technology,ETag,-,,bench_update_duration,,,Existing CM Trackers-Not Found,,,,,
beacon.speedcurve.com,Performance cookies,Speedcurve,Beacon,bench_new_T2_15983,,,,,New Third Party Trackers,,,,,
CLIENT_X.jo,Essential cookies,CLIENT_X - Jordan,HTTP Cookie,bench_new_T2_15874,,session,TRUE,https://www.CLIENT_X.jo/,Existing CM Trackers-Found,,,,,
www.CLIENT_X.ng,Essential cookies (exempt from consent),CLIENT_X - Nigeria,HTTP Cookie,mdLogger,,365,TRUE,https://www.CLIENT_X.sa/c-m-ho/cooking/toaster/latest,Existing CM Trackers-Found,,,,,
www.lighting.CLIENT_X.ro,Essential cookies (exempt from consent),Signify (formerly CLIENT_X Lighting),ETag,blank (etag),,bench_update_duration,,,Existing CM Trackers-Not Found,,,,,
CLIENT_X.jo,Essential cookies (exempt from consent),CLIENT_X - Jordan,HTTP Cookie,_gid,,bench_update_duration,TRUE,,Existing CM Trackers-Found,,,,,
www.healthcare.shop.CLIENT_X.co.uk,Essential cookies (exempt from consent),CLIENT_X - United Kingdom,HTTP Cookie,country_currency_rememberme_cookie,,bench_update_duration,,http://www.CLIENT_X.jo/,New First Party Trackers,,,,,
CLIENT_X.sa,Essential cookies,CLIENT_X - Kingdom of Saudi Arabia,HTTP Cookie,_ga_failed_lookup_marker_79_1477,,400,TRUE,https://www.CLIENT_X.sa/,Existing CM Trackers-Found,,,,,
www.CLIENT_X.jo,Essential cookies (exempt from consent),CLIENT_X - Jordan,HTTP Cookie,p-hc-specialty,,,,,Existing CM Trackers-Not Found,,,,,
www.CLIENT_X.com.qa,Essential cookies,CLIENT_X - Qatar,HTTP Cookie,bench_new_T2_15868,,session,TRUE,https://www.CLIENT_X.com.qa/,Existing CM Trackers-Found,,,,,
stg.CLIENT_X.com.kw,Essential cookies (exempt from consent),CLIENT_X - Kuwait,HTTP Cookie,_y2,,bench_update_duration,,,Existing CM Trackers-Not Found,,,,,
www.healthcare.shop.CLIENT_X.de,Essential cookies (exempt from consent),CLIENT_X - Germany,HTTP Cookie,country_currency_rememberme_cookie,,,,,Existing CM Trackers-Not Found,,,,,
c.clarity.ms,Performance Cookies [Requires consent],Microsoft,HTTP Cookie,ANONCHK,,0,,,Existing CM Trackers-Not Found,,,,,
CLIENT_X.co.kr,Essential cookies (exempt from consent),CLIENT_X - Korea,HTTP Cookie,_gac_UA-XXX,,,TRUE,https://www.CLIENT_X.ae/ar/c-w/support-home/service-center-locator.html,Existing CM Trackers-Found,,,,,
maponline2.bdimg.com,Performance Cookies [Requires consent],Baidu,ETag,-,,,,,Existing CM Trackers-Not Found,,,,,
CLIENT_X.sa,Essential cookies,CLIENT_X - Kingdom of Saudi Arabia,HTTP Cookie,_ga_failed_lookup_marker_79_1485,,,,,Existing CM Trackers-Not Found,,,,,
static.iadvize.com,Performance Cookies [Requires consent],iAdvize,ETag,-,,bench_update_duration,,,Existing CM Trackers-Not Found,,,,,
www.coffee.equalizer.CLIENT_X.com,Essential cookies (exempt from consent),Koninklijke CLIENT_X N.V.,HTTP Cookie,AWSALB,,,,,Existing CM Trackers-Not Found,,,,,
CLIENT_X.rs,Essential cookies (exempt from consent),CLIENT_X - Serbia,HTTP Cookie,FPID,,7,,https://www.CLIENT_X.sa/c-m-ho/cooking/toaster/latest,New First Party Trackers,,,,,
CLIENT_X.com.vn,Essential cookies (exempt from consent),CLIENT_X - Vietnam,HTTP Cookie,s_eVar44,,bench_update_duration,,https://www.CLIENT_X.com.qa/,New First Party Trackers,,,,,
CLIENT_X.hr,Essential cookies (exempt from consent),CLIENT_X - Croatia,HTTP Cookie,_fbp,,,,,Existing CM Trackers-Not Found,,,,,
www.CLIENT_X.fi,Essential cookies (exempt from consent),CLIENT_X - Finland,Local Storage,blank (local storage),,session,TRUE,https://www.CLIENT_X.ae/,Existing CM Trackers-Found,,,,,
www.CLIENT_X.com.kw,Essential cookies,CLIENT_X - Kuwait,HTTP Cookie,_ga_failed_lookup_marker_79_1492,,365,TRUE,https://www.CLIENT_X.com.kw/ar/c-m-so/media-players/latest,Existing CM Trackers-Found,,,,,
www.CLIENT_X.com.sg,Essential cookies (exempt from consent),CLIENT_X - Singapore,HTTP Cookie,test,,bench_update_duration,,https://www.CLIENT_X.com.qa/,New First Party Trackers,,,,,
www.CLIENT_X.co.uk,Essential cookies (exempt from consent),CLIENT_X - United Kingdom,HTTP Cookie,JSESSIONID,,bench_update_duration,,,Existing CM Trackers-Not Found,,,,,
igt-interactive-tour.com,Essential cookies (exempt from consent),Koninklijke CLIENT_X N.V.,HTTP Cookie,test,,bench_update_duration,TRUE,https://www.CLIENT_X.sa/c-m-ho/cooking/toaster/latest,Existing CM Trackers-Found,,,,,
www.CLIENT_X.jo,Essential cookies,CLIENT_X - Jordan,HTTP Cookie,bench_new_T2_15804,,1,TRUE,http://www.CLIENT_X.jo/,Existing CM Trackers-Found,,,,,
www.CLIENT_X.com.vn,Essential cookies (exempt from consent),CLIENT_X - Vietnam,HTTP Cookie,kampyleSessionPageCounter,,,,,Existing CM Trackers-Not Found,,,,,
CLIENT_X.se,Essential cookies (exempt from consent),CLIENT_X - Sweden,HTTP Cookie,_schn1,,365,TRUE,https://www.CLIENT_X.com.qa/,Existing CM Trackers-Found,,,,,
CLIENT_X.co.th,Essential cookies (exempt from consent),CLIENT_X - Thailand,HTTP Cookie,_hjTLDTest,,,,http://www.CLIENT_X.ae/,New Third Party Trackers,,,,,
www.crsc.lighting.CLIENT_X.com,Performance cookies,Signify (formerly CLIENT_X Lighting),JavaScript,_ga_failed_lookup_marker_79_1500,,,,,Existing CM Trackers-Not Found,,,,,
CLIENT_X.ie,Essential cookies (exempt from consent),CLIENT_X - Ireland,HTTP Cookie,_scid_r,,,,,Existing CM Trackers-Not Found,,,,,
www.subskrypcje.CLIENT_X.pl,Essential cookies (exempt from consent),CLIENT_X - Poland,JavaScript,blank (java),,bench_update_duration,TRUE,https://www.CLIENT_X.com.kw/,Existing CM Trackers-Found,,,,,
CLIENT_X.sa,Essential cookies (exempt from consent),CLIENT_X - Kingdom of Saudi Arabia,HTTP Cookie,at_check,,,TRUE,http://www.CLIENT_X.ae/,Existing CM Trackers-Found,,,,,
www.CLIENT_X.com.sg,Essential cookies (exempt from consent),CLIENT_X - Singapore,HTTP Cookie,mdLogger,,400,TRUE,https://www.CLIENT_X.jo/,Existing CM Trackers-Found,,,,,
store-CLIENT_X.tw,Essential cookies (exempt from consent),CLIENT_X Store - Taiwan,HTTP Cookie,_gdltbwXXXX,,,,,Existing CM Trackers-Not Found,,,,,
analytics.tiktok.com,Targeted Advertising cookies (including social media),TikTok,JavaScript,bench_new_T2_15914,,,TRUE,http://www.CLIENT_X.ae/,Existing CM Trackers-Found,,,,,
lighting.CLIENT_X.com.pk,Essential cookies (exempt from consent),Signify (formerly CLIENT_X Lighting),HTTP Cookie,s_ppvl,,bench_update_duration,,,Existing CM Trackers-Not Found,,,,,
CLIENT_X.co.in,Essential cookies (exempt from consent),CLIENT_X - India,HTTP Cookie,amplitude_testCLIENT_X.co.in,,,TRUE,http://www.CLIENT_X.com.qa/,Existing CM Trackers-Found,,,,,
CLIENT_X.sk,Essential cookies (exempt from consent),CLIENT_X - Slovakia,HTTP Cookie,mboxEdgeCluster,,60,TRUE,https://www.CLIENT_X.com.qa/,Existing CM Trackers-Found,,,,,
www.CLIENT_X.com.eg,Essential cookies (exempt from consent),CLIENT_X - Egypt,HTTP Cookie,p-hc-specialty,,bench_update_duration,TRUE,https://www.CLIENT_X.jo/,Existing CM Trackers-Found,,,,,
s334834414.t.eloqua.com,Performance cookies,Oracle Marketing,Beacon,bench_new_T2_15806,,,,,New Third Party Trackers,,,,,
CLIENT_X.se,Essential cookies (exempt from consent),CLIENT_X - Sweden,HTTP Cookie,mboxEdgeCluster,,390,TRUE,https://www.CLIENT_X.jo/c-e/ho/homeid-app.html,Existing CM Trackers-Found,,,,,
www.CLIENT_X.ua,Essential cookies (exempt from consent),CLIENT_X - Ukraine,HTTP Cookie,JSESSIONID,,bench_update_duration,TRUE,https://www.CLIENT_X.com.qa/,Existing CM Trackers-Found,,,,,
CLIENT_X.at,Essential cookies (exempt from consent),CLIENT_X - Austria,HTTP Cookie,FPID,,bench_update_duration,TRUE,https://www.CLIENT_X.jo/,Existing CM Trackers-Found,,,,,
www.subscription.CLIENT_X.at,Essential cookies (exempt from consent),CLIENT_X - Austria,JavaScript,blank (java),,729,TRUE,https://www.CLIENT_X.sa/c-m-ho/cooking/toaster/latest,Existing CM Trackers-Found,,,,,
apps.mypurecloud.de,Performance Cookies [Requires consent],Genesys,ETag,-,,bench_update_duration,,,Existing CM Trackers-Not Found,,,,,
CLIENT_X.co.in,Essential cookies (exempt from consent),CLIENT_X - India,HTTP Cookie,FPID,,bench_update_duration,,,Existing CM Trackers-Not Found,,,,,
CLIENT_X.com.ar,Essential cookies (exempt from consent),CLIENT_X - Argentina,HTTP Cookie,_gdXXX,,bench_update_duration,TRUE,,Existing CM Trackers-Found,,,,,
www.respirtech.com,Essential cookies (exempt from consent),RespirTech,Local Storage,blank (local storage),,bench_update_duration,TRUE,https://www.CLIENT_X.com.qa/,Existing CM Trackers-Found,,,,,
www.lighting.CLIENT_X.co.id,Essential cookies (exempt from consent),Signify (formerly CLIENT_X Lighting),JavaScript,blank (java),,bench_update_duration,,,Existing CM Trackers-Not Found,,,,,
www.lighting.CLIENT_X.co.il,Essential cookies (exempt from consent),Signify (formerly CLIENT_X Lighting),HTTP Cookie,AWSELBCORS,,0,TRUE,https://www.CLIENT_X.ae/c-m-ho/cooking/toaster/latest,Existing CM Trackers-Found,,,,,
www.CLIENT_X.com.mx,Essential cookies (exempt from consent),CLIENT_X - Mexico,HTTP Cookie,eddl_etc_list,,bench_update_duration,,,Existing CM Trackers-Not Found,,,,,
CLIENT_X.pt,Essential cookies (exempt from consent),CLIENT_X - Portugal,HTTP Cookie,TEST_AMCV_COOKIE_WRITE,,bench_update_duration,,,Existing CM Trackers-Not Found,,,,,
www.healthcare.shop.CLIENT_X.de,Essential cookies (exempt from consent),CLIENT_X - Germany,Local Storage,blank (local storage),,,TRUE,http://www.CLIENT_X.sa/,Existing CM Trackers-Found,,,,,
c.la1-c2-par.salesforceliveagent.com,Performance Cookies [Requires consent],"salesforce.com, inc.",JavaScript,-,,bench_update_duration,TRUE,https://www.CLIENT_X.ae/c-f/XC000019471/CLIENT_X-one-battery-replacement-instructions,Existing CM Trackers-Found,,,,,
www.CLIENT_X.ae,Essential cookies,CLIENT_X - Middle East Arab,HTTP Cookie,bench_new_T2_15876,,365,TRUE,https://www.CLIENT_X.ae/c-m-ho/cooking/toaster/latest,Existing CM Trackers-Found,,,,,
www.lighting.CLIENT_X.ua,Essential cookies (exempt from consent),Signify (formerly CLIENT_X Lighting),HTTP Cookie,s_sid,,,,,Existing CM Trackers-Not Found,,,,,
CLIENT_X.ru,Essential cookies (exempt from consent),CLIENT_X - Russia,HTTP Cookie,_ym_uid,,bench_update_duration,,https://www.CLIENT_X.sa/,New First Party Trackers,,,,,
www.googleadservices.com,Targeted Advertising cookies (including social media),Google Advertising Products,ETag,_ga_failed_lookup_marker_79_1529,,,,,Existing CM Trackers-Not Found,,,,,
www.CLIENT_X.ca,Essential cookies (exempt from consent),CLIENT_X - Canada,HTTP Cookie,shop-health,,,,,Existing CM Trackers-Not Found,,,,,
www.CLIENT_X.co.in,Essential cookies (exempt from consent),CLIENT_X - India,HTTP Cookie,fl_qualified_entry,,365,TRUE,https://www.CLIENT_X.com.qa/,Existing CM Trackers-Found,,,,,
www.tienda.CLIENT_X.cl,Essential cookies (exempt from consent),CLIENT_X - Chile,HTTP Cookie,vtex_binding_address,,bench_update_duration,,https://www.CLIENT_X.com.kw/ar/c-m-so/media-players/latest,New First Party Trackers,,,,,
CLIENT_X.ee,Essential cookies (exempt from consent),CLIENT_X - Republic of Estonia,HTTP Cookie,s_nrpv,,,,,Existing CM Trackers-Not Found,,,,,
CLIENT_X.com.kw,Performance cookies,CLIENT_X - Kuwait,HTTP Cookie,_ga_failed_lookup_marker_79_1534,,session,TRUE,https://www.CLIENT_X.com.kw/,Existing CM Trackers-Found,,,,,
linkedin.com,Targeted Advertising cookies (including social media),LinkedIn,HTTP Cookie,bench_new_T2_15823,,365,TRUE,https://www.CLIENT_X.jo/c-e/ho/homeid-app.html,Existing CM Trackers-Found,,,,,
CLIENT_X.sa,Essential cookies,CLIENT_X - Kingdom of Saudi Arabia,HTTP Cookie,_ga_failed_lookup_marker_79_1536,,,,,Existing CM Trackers-Not Found,,,,,
CLIENT_X.ru,Essential cookies (exempt from consent),CLIENT_X - Russia,HTTP Cookie,s_vtime,,,,,Existing CM Trackers-Not Found,,,,,
www.CLIENT_X.com.eg,Essential cookies (exempt from consent),CLIENT_X - Egypt,HTTP Cookie,_scid_r,,bench_update_duration,,,Existing CM Trackers-Not Found,,,,,
www.CLIENT_X.co.ke,Essential cookies (exempt from consent),CLIENT_X - Kenya,ETag,blank (etag),,bench_update_duration,TRUE,https://www.CLIENT_X.ae/c-m-ho/cooking/toaster/latest,Existing CM Trackers-Found,,,,,
www.lighting.CLIENT_X.fi,Essential cookies (exempt from consent),Signify (formerly CLIENT_X Lighting),HTTP Cookie,AWSELBCORS,,0,TRUE,https://www.CLIENT_X.jo/a-w/about-CLIENT_X/company-profile.html,Existing CM Trackers-Found,,,,,
www.abonnementen.CLIENT_X.nl,Essential cookies (exempt from consent),CLIENT_X - Netherlands,HTTP Cookie,kampyleUserSessionsCount,,,,,New Third Party Trackers,,,,,
www.CLIENT_X.com.my,Essential cookies (exempt from consent),CLIENT_X - Malaysia,HTTP Cookie,AWSELBCORS,,0,,,Existing CM Trackers-Not Found,,,,,
CLIENT_X.com.ph,Essential cookies (exempt from consent),CLIENT_X - Philippines,HTTP Cookie,FPID,,,,,Existing CM Trackers-Not Found,,,,,
CLIENT_X.gr,Essential cookies (exempt from consent),CLIENT_X - Greece,HTTP Cookie,internalUserCheck,,bench_update_duration,,,Existing CM Trackers-Not Found,,,,,
www.CLIENT_X.ma,Essential cookies (exempt from consent),CLIENT_X - Morocco,HTTP Cookie,mdLogger,,0,TRUE,https://www.CLIENT_X.jo/,Existing CM Trackers-Found,,,,,
CLIENT_X.no,Essential cookies (exempt from consent),CLIENT_X - Norway,HTTP Cookie,com.adobe.alloy.getTld,,bench_update_duration,,https://www.CLIENT_X.com.kw/,New First Party Trackers,,,,,
citydsp.com,Targeted Advertising Cookies (including social media) [Requires consent],Unknown,HTTP Cookie,userId,,179,TRUE,,Existing CM Trackers-Found,,,,,
dpm.demdex.net,Targeted Advertising cookies (including social media),"Adobe Audience Manager, Adobe Experience Cloud",HTTP Cookie,bench_new_T2_15941,,,,,Existing CM Trackers-Not Found,,,,,
CLIENT_X.co.kr,Essential cookies (exempt from consent),CLIENT_X - Korea,HTTP Cookie,_schn2,,,,,Existing CM Trackers-Not Found,,,,,
CLIENT_X.ae,Essential cookies (exempt from consent),CLIENT_X - Middle East Arab,HTTP Cookie,coveo_visitorId,,session,TRUE,https://www.CLIENT_X.sa/,Existing CM Trackers-Found,,,,,
www.CLIENT_X.com.tr,Essential cookies (exempt from consent),CLIENT_X - Turkey,HTTP Cookie,TR_Pub-cartstatus-com,,session,TRUE,https://www.CLIENT_X.com.kw/ar/c-m-so/media-players/latest,Existing CM Trackers-Found,,,,,
www.standout.com.br,Targeted Advertising Cookies (including social media) [Requires consent],Standout,JavaScript,-,,bench_update_duration,,,Existing CM Trackers-Not Found,,,,,
www.CLIENT_X.sa,Essential cookies,,HTTP Cookie,bench_new_T2_15809,,,,,Existing CM Trackers-Not Found,,,,,
track.91app.io,Performance Cookies [Requires consent],91App,Beacon,-,,bench_update_duration,,,Existing CM Trackers-Not Found,,,,,
CLIENT_X.dk,Essential cookies (exempt from consent),CLIENT_X - Denmark,HTTP Cookie,mbox,,,TRUE,http://www.CLIENT_X.com.qa/,Existing CM Trackers-Found,,,,,
CLIENT_X.fi,Essential cookies (exempt from consent),CLIENT_X - Finland,HTTP Cookie,s_pv,,bench_update_duration,TRUE,https://www.CLIENT_X.sa/c-f/XC000004909/how-do-i-use-the-attachments-of-my-CLIENT_X-epilator,Existing CM Trackers-Found,,,,,
www.lighting.CLIENT_X.co.in,Essential cookies (exempt from consent),Signify (formerly CLIENT_X Lighting),Local Storage,blank (local storage),,bench_update_duration,,,Existing CM Trackers-Not Found,,,,,
lighting.CLIENT_X.com.gh,Essential cookies (exempt from consent),Signify (formerly CLIENT_X Lighting),HTTP Cookie,s_pv,,,,,Existing CM Trackers-Not Found,,,,,
CLIENT_X.co.uk,Essential cookies (exempt from consent),CLIENT_X - United Kingdom,HTTP Cookie,TAsessionID,,,,,Existing CM Trackers-Not Found,,,,,
www.lighting.CLIENT_X.fi,Essential cookies (exempt from consent),Signify (formerly CLIENT_X Lighting),HTTP Cookie,d01-layout,,,,,Existing CM Trackers-Not Found,,,,,
www.lighting.CLIENT_X.co.in,Essential cookies (exempt from consent),Signify (formerly CLIENT_X Lighting),HTTP Cookie,s_int,,bench_update_duration,TRUE,https://www.CLIENT_X.com.qa/a-w/about-CLIENT_X/company-profile/businesses.html,Existing CM Trackers-Found,,,,,
CLIENT_X.com.kw,Essential cookies,CLIENT_X - Kuwait,HTTP Cookie,_ga_failed_lookup_marker_79_1562,,400,TRUE,https://www.CLIENT_X.com.kw/,Existing CM Trackers-Found,,,,,
CLIENT_X.ng,Essential cookies (exempt from consent),CLIENT_X - Nigeria,HTTP Cookie,TAsessionID,,365,TRUE,https://www.CLIENT_X.sa/c-m-ho/cooking/toaster/latest,Existing CM Trackers-Found,,,,,
www.CLIENT_X.co.jp,Essential cookies (exempt from consent),CLIENT_X Electronics Corporation Japan,HTTP Cookie,user_country,,bench_update_duration,TRUE,https://www.CLIENT_X.jo/a-w/about-CLIENT_X/company-profile.html,Existing CM Trackers-Found,,,,,
www.reparatur-service.CLIENT_X.at,Essential cookies (exempt from consent),CLIENT_X - Austria,JavaScript,blank (java),,89,TRUE,https://www.CLIENT_X.com.qa/,Existing CM Trackers-Found,,,,,
www.CLIENT_X.com.kw,Performance cookies,,HTTP Cookie,_ga_failed_lookup_marker_79_1566,,,,,Existing CM Trackers-Not Found,,,,,
font.static.useinsider.com,Targeted Advertising Cookies (including social media) [Requires consent],Insider,ETag,-,,bench_update_duration,TRUE,https://www.CLIENT_X.jo/,Existing CM Trackers-Found,,,,,
CLIENT_X.co.il,Essential cookies (exempt from consent),CLIENT_X - Israel,HTTP Cookie,com.adobe.alloy.getTld,,,,,Existing CM Trackers-Not Found,,,,,
CLIENT_X.fr,Essential cookies (exempt from consent),CLIENT_X - France,HTTP Cookie,TEST_AMCV_COOKIE,,session,TRUE,https://www.CLIENT_X.com.kw/ar/c-m-so/media-players/latest,Existing CM Trackers-Found,,,,,
www.CLIENT_X.com.kw,Essential cookies,CLIENT_X - Kuwait,HTTP Cookie,bench_new_T2_15893,,365,TRUE,https://www.CLIENT_X.com.kw/ar/c-m-so/media-players/latest,Existing CM Trackers-Found,,,,,
www.respirtech.com,Essential cookies (exempt from consent),RespirTech,HTTP Cookie,kampyleSessionPageCounter,,bench_update_duration,TRUE,https://www.CLIENT_X.sa/c-m-ho/cooking/toaster/latest,Existing CM Trackers-Found,,,,,
CLIENT_X.ro,Essential cookies (exempt from consent),CLIENT_X - Romania,HTTP Cookie,_ttp,,session,TRUE,https://www.CLIENT_X.sa/,Existing CM Trackers-Found,,,,,
respirtech.com,Essential cookies (exempt from consent),RespirTech,HTTP Cookie,_scid,,bench_update_duration,TRUE,https://www.CLIENT_X.jo/,Existing CM Trackers-Found,,,,,
www.hcare.CLIENT_X.com.cn,Essential cookies (exempt from consent),CLIENT_X - China,HTTP Cookie,BMAP_SECKEY,,session,TRUE,https://www.CLIENT_X.jo/,Existing CM Trackers-Found,,,,,
www.shop.CLIENT_X.lv,Essential cookies (exempt from consent),CLIENT_X - Latvia,HTTP Cookie,wp_woocommerce_session_cc4de1edfadaf7e98e127295690a38fd,,bench_update_duration,TRUE,https://www.CLIENT_X.sa/c-m-ho/cooking/toaster/latest,Existing CM Trackers-Found,,,,,
www.CLIENT_X.be,Essential cookies (exempt from consent),CLIENT_X - Belgium,HTTP Cookie,T01-recentlyViewedProducts,,session,,,Existing CM Trackers-Not Found,,,,,
www.CLIENT_Xcare.com,Essential cookies (exempt from consent),CLIENT_X Care,HTTP Cookie,caf_ipaddr,,bench_update_duration,,,Existing CM Trackers-Not Found,,,,,
respirtech.com,Essential cookies (exempt from consent),RespirTech,HTTP Cookie,_gcl_au,,session,TRUE,https://www.CLIENT_X.sa/,Existing CM Trackers-Found,,,,,
www.tienda.CLIENT_X.cl,Essential cookies (exempt from consent),CLIENT_X - Chile,Beacon,blank (beacon),,365,TRUE,https://www.CLIENT_X.sa/c-m-ho/cooking/toaster/latest,Existing CM Trackers-Found,,,,,
www.powersensormonitor.CLIENT_X.com,Essential cookies (exempt from consent),Koninklijke CLIENT_X N.V.,HTTP Cookie,AWSALB,,bench_update_duration,TRUE,https://www.CLIENT_X.jo/,Existing CM Trackers-Found,,,,,
www.lighting.CLIENT_X.ca,Essential cookies (exempt from consent),Signify (formerly CLIENT_X Lighting),HTTP Cookie,d01-layout,,,,,Existing CM Trackers-Not Found,,,,,
www.CLIENT_X.fr,Essential cookies (exempt from consent),CLIENT_X - France,HTTP Cookie,T01-recentlyViewedProducts,,,,,Existing CM Trackers-Not Found,,,,,
www.CLIENT_X.com.sg,Essential cookies (exempt from consent),CLIENT_X - Singapore,HTTP Cookie,kampyleUserSession,,bench_update_duration,TRUE,http://www.CLIENT_X.com.qa/,Existing CM Trackers-Found,,,,,
lighting.CLIENT_X.sa,Essential cookies,Signify (formerly CLIENT_X Lighting),HTTP Cookie,_ga_failed_lookup_marker_79_1584,,,,,Existing CM Trackers-Not Found,,,,,
www.lighting.CLIENT_X.de,Essential cookies (exempt from consent),Signify (formerly CLIENT_X Lighting),ETag,blank (etag),,0,TRUE,https://www.CLIENT_X.jo/,Existing CM Trackers-Found,,,,,
stg.CLIENT_X.co.id,Essential cookies (exempt from consent),CLIENT_X - Indonesia,HTTP Cookie,kampyleSessionPageCounter,,365,TRUE,https://www.CLIENT_X.com.qa/,Existing CM Trackers-Found,,,,,
www.lighting.CLIENT_X.com.cn,Essential cookies (exempt from consent),Signify (formerly CLIENT_X Lighting),JavaScript,blank (java),,,,,Existing CM Trackers-Not Found,,,,,
www.CLIENT_X.ro,Essential cookies (exempt from consent),CLIENT_X - Romania,ETag,blank (etag),,bench_update_duration,TRUE,http://www.CLIENT_X.jo/,Existing CM Trackers-Found,,,,,
www.healthcare.shop.CLIENT_X.co.uk,Essential cookies (exempt from consent),CLIENT_X - United Kingdom,HTTP Cookie,kampyleUserSessionsCount,,bench_update_duration,,,Existing CM Trackers-Not Found,,,,,
www.CLIENT_X.com.gh,Essential cookies (exempt from consent),CLIENT_X - Ghana,HTTP Cookie,kampyleUserSession,,bench_update_duration,TRUE,https://www.CLIENT_X.ae/c-m-ho/cooking/toaster/latest,Existing CM Trackers-Found,,,,,
www.CLIENT_X.com.cn,Essential cookies (exempt from consent),CLIENT_X - China,HTTP Cookie,mdLogger,,,TRUE,https://www.CLIENT_X.jo/en/healthcare/product/HCNOCTN281/-,Existing CM Trackers-Found,,,,,
c.la1-c2-par.salesforceliveagent.com,Performance cookies,"Salesforce.com, Inc.",JavaScript,bench_new_T2_15883,,,,https://www.CLIENT_X.ae/c-t/XC000006201/my-CLIENT_X-toaster-smells-during-first-time-use,New Third Party Trackers,,,,,
CLIENT_X.com.my,Essential cookies (exempt from consent),CLIENT_X - Malaysia,HTTP Cookie,_gdXXX,,session,TRUE,https://www.CLIENT_X.sa/,Existing CM Trackers-Found,,,,,
www.CLIENT_X.com.sg,Essential cookies (exempt from consent),CLIENT_X - Singapore,HTTP Cookie,RT,,,TRUE,http://www.CLIENT_X.sa/,Existing CM Trackers-Found,,,,,
CLIENT_X.com.qa,Essential cookies (exempt from consent),CLIENT_X - Qatar,HTTP Cookie,s_pv,,session,TRUE,https://www.CLIENT_X.jo/,Existing CM Trackers-Found,,,,,
www.supurgesepeti.com,Essential cookies (exempt from consent),Supurgesepeti.com,HTTP Cookie,TicimaxReferer,,bench_update_duration,,https://www.CLIENT_X.sa/,New First Party Trackers,,,,,
CLIENT_X.se,Essential cookies (exempt from consent),CLIENT_X - Sweden,HTTP Cookie,_scid_r,,bench_update_duration,,https://www.CLIENT_X.ae/,New Third Party Trackers,,,,,
www.airdisinfectioncalculator.lighting.CLIENT_X.com,Performance Cookies [Requires consent],Signify (formerly CLIENT_X Lighting),ETag,-,,bench_update_duration,,,New Third Party Trackers,,,,,
www.CLIENT_X.co.nz,Essential cookies (exempt from consent),CLIENT_X - New Zealand,HTTP Cookie,kampyleUserSessionsCount,,,,,Existing CM Trackers-Not Found,,,,,
www.CLIENT_X.no,Essential cookies (exempt from consent),CLIENT_X - Norway,HTTP Cookie,p-hc-specialty,,,TRUE,,Existing CM Trackers-Found,,,,,
lighting.CLIENT_X.com.pk,Essential cookies (exempt from consent),Signify (formerly CLIENT_X Lighting),HTTP Cookie,s_nr30,,0,TRUE,https://www.CLIENT_X.sa/,Existing CM Trackers-Found,,,,,
www.lighting.CLIENT_X.co.kr,Essential cookies (exempt from consent),Signify (formerly CLIENT_X Lighting),HTTP Cookie,s_as,,session,TRUE,https://www.CLIENT_X.jo/,Existing CM Trackers-Found,,,,,
CLIENT_X.cl,Essential cookies (exempt from consent),CLIENT_X - Chile,HTTP Cookie,s_ugv,,bench_update_duration,,,Existing CM Trackers-Not Found,,,,,
CLIENT_X.be,Essential cookies (exempt from consent),CLIENT_X - Belgium,HTTP Cookie,com.adobe.alloy.getTld,,89,TRUE,https://www.CLIENT_X.jo/,Existing CM Trackers-Found,,,,,
CLIENT_X.hr,Essential cookies (exempt from consent),CLIENT_X - Croatia,HTTP Cookie,s_gnr,,7,,https://www.CLIENT_X.ae/c-m-ho/cooking/toaster/latest,New First Party Trackers,,,,,
www.CLIENT_X.lt,Essential cookies (exempt from consent),CLIENT_X - Lithuania,HTTP Cookie,eddl_itc_list,,bench_update_duration,,,Existing CM Trackers-Not Found,,,,,
s.pinimg.com,Targeted Advertising cookies (including social media),Pinterest,ETag,bench_new_T2_15926,,,,http://www.CLIENT_X.ae/,New Third Party Trackers,,,,,
CLIENT_X.jo,Performance cookies,CLIENT_X - Jordan,HTTP Cookie,_ga_failed_lookup_marker_79_1608,,0,TRUE,https://www.CLIENT_X.jo/,Existing CM Trackers-Found,,,,,
lighting.CLIENT_X.com.tr,Essential cookies (exempt from consent),Signify (formerly CLIENT_X Lighting),HTTP Cookie,s_pv,,,TRUE,,Existing CM Trackers-Found,,,,,
consent-pref.trustarc.com,Essential cookies,TrustArc,JavaScript,_ga_failed_lookup_marker_79_1610,,,TRUE,http://www.CLIENT_X.com.qa/,Existing CM Trackers-Found,,,,,
CLIENT_X.com.tr,Essential cookies (exempt from consent),CLIENT_X - Turkey,HTTP Cookie,TEST_AMCV_COOKIE_WRITE,,,TRUE,https://www.CLIENT_X.sa/c-e/ho/cooking/all-in-one-cooker-3000.html,Existing CM Trackers-Found,,,,,
CLIENT_X.com.qa,Targeted Advertising cookies (including social media),CLIENT_X - Qatar,HTTP Cookie,bench_new_T2_15916,,90,TRUE,https://www.CLIENT_X.com.qa/,Existing CM Trackers-Found,,,,,
CLIENT_X.co.in,Essential cookies (exempt from consent),CLIENT_X - India,HTTP Cookie,s_vtime,,bench_update_duration,TRUE,https://www.CLIENT_X.ae/c-m-ho/cooking/toaster/latest,Existing CM Trackers-Found,,,,,
CLIENT_X.be,Essential cookies (exempt from consent),CLIENT_X - Belgium,HTTP Cookie,_ttp,,89,,,Existing CM Trackers-Not Found,,,,,
lighting.CLIENT_X.co.nz,Essential cookies (exempt from consent),Signify (formerly CLIENT_X Lighting),HTTP Cookie,s_vs,,90,TRUE,https://www.CLIENT_X.sa/,Existing CM Trackers-Found,,,,,
www.CLIENT_X.com.au,Essential cookies (exempt from consent),CLIENT_X - Australia,ETag,blank (etag),,session,,http://www.CLIENT_X.jo/,New Third Party Trackers,,,,,
analytics.tiktok.com,Targeted Advertising cookies (including social media),TikTok,Beacon,_ga_failed_lookup_marker_79_1617,,,TRUE,,Existing CM Trackers-Found,,,,,
dpm.demdex.net,Targeted Advertising cookies (including social media),"Adobe Audience Manager, Adobe Experience Cloud",HTTP Cookie,bench_new_T2_15885,,,,,Existing CM Trackers-Not Found,,,,,
CLIENT_X.jo,Essential cookies (exempt from consent),CLIENT_X - Jordan,HTTP Cookie,da_lid,,bench_update_duration,,,Existing CM Trackers-Not Found,,,,,
www.lighting.CLIENT_X.com.vn,Essential cookies (exempt from consent),Signify (formerly CLIENT_X Lighting),HTTP Cookie,AWSELB,,bench_update_duration,,,Existing CM Trackers-Not Found,,,,,
www.CLIENT_X.dk,Essential cookies (exempt from consent),CLIENT_X - Denmark,ETag,blank (etag),,,TRUE,https://www.CLIENT_X.sa/c-e/ho/air-purifier-and-air-humidifier/air-performer-series-8000.html,Existing CM Trackers-Found,,,,,
CLIENT_X.cl,Essential cookies (exempt from consent),CLIENT_X - Chile,HTTP Cookie,s_eVar44,,bench_update_duration,,,Existing CM Trackers-Not Found,,,,,
exchange.mediavine.com,Targeted Advertising Cookies (including social media) [Requires consent],"Mediavine, Inc.",HTTP Cookie,am_tokens,,bench_update_duration,TRUE,https://www.CLIENT_X.jo/,Existing CM Trackers-Found,,,,,
CLIENT_X.ng,Essential cookies (exempt from consent),CLIENT_X - Nigeria,HTTP Cookie,_tt_enable_cookie,,session,TRUE,https://www.CLIENT_X.com.qa/,Existing CM Trackers-Found,,,,,
www.recaptcha.net,Performance cookies,Google Inc.,JavaScript,_ga_failed_lookup_marker_79_1625,,,,,Existing CM Trackers-Not Found,,,,,
CLIENT_X.rs,Essential cookies (exempt from consent),CLIENT_X - Serbia,HTTP Cookie,s_ugv,,session,TRUE,https://www.CLIENT_X.ae/c-m-ho/cooking/toaster/latest,Existing CM Trackers-Found,,,,,
www.lighting.CLIENT_X.com.ph,Essential cookies (exempt from consent),CLIENT_X - Philippines,Beacon,blank (beacon),,bench_update_duration,,,Existing CM Trackers-Not Found,,,,,
www.lighting.CLIENT_X.com.co,Essential cookies (exempt from consent),Signify (formerly CLIENT_X Lighting),HTTP Cookie,AWSELB,,0,,,Existing CM Trackers-Not Found,,,,,
www.saude.CLIENT_X.com.br,Essential cookies (exempt from consent),CLIENT_X - Brazil,HTTP Cookie,vtex_session,,,,,Existing CM Trackers-Not Found,,,,,
acc.CLIENT_X.com.kw,Essential cookies,CLIENT_X - Kuwait,ETag,_ga_failed_lookup_marker_79_1630,,,,,Existing CM Trackers-Not Found,,,,,
CLIENT_X.lv,Essential cookies (exempt from consent),CLIENT_X - Latvia,HTTP Cookie,_scid_r,,365,TRUE,https://www.CLIENT_X.sa/c-m-ho/cooking/toaster/latest,Existing CM Trackers-Found,,,,,
www.CLIENT_X.com.sg,Essential cookies (exempt from consent),CLIENT_X - Singapore,HTTP Cookie,T01-recentlyViewedProducts,,,,,Existing CM Trackers-Not Found,,,,,
s.go-mpulse.net,Performance Cookies [Requires consent],Akamai,JavaScript,-,,7,,http://www.CLIENT_X.jo/,New First Party Trackers,,,,,
CLIENT_X.com.eg,Essential cookies (exempt from consent),CLIENT_X - Egypt,HTTP Cookie,_mkto_trk,,,TRUE,https://www.CLIENT_X.sa/c-f/XC000004909/how-do-i-use-the-attachments-of-my-CLIENT_X-epilator,Existing CM Trackers-Found,,,,,
CLIENT_X.com.cn,Essential cookies (exempt from consent),CLIENT_X - China,HTTP Cookie,s_campaign,,365,TRUE,https://www.CLIENT_X.ae/,Existing CM Trackers-Found,,,,,
www.CLIENT_X.com.co,Essential cookies (exempt from consent),CLIENT_X - Colombia,JavaScript,blank (java),,,,,Existing CM Trackers-Not Found,,,,,
CLIENT_X.pt,Essential cookies (exempt from consent),CLIENT_X - Portugal,HTTP Cookie,_ga,,bench_update_duration,,https://www.CLIENT_X.com.kw/ar/c-m-so/media-players/latest,New First Party Trackers,,,,,
CLIENT_X.bg,Essential cookies (exempt from consent),CLIENT_X - Bulgaria,HTTP Cookie,s_eVar42,,89,,,Existing CM Trackers-Not Found,,,,,
www.lighting.CLIENT_X.at,Essential cookies (exempt from consent),Signify (formerly CLIENT_X Lighting),JavaScript,blank (java),,89,TRUE,https://www.CLIENT_X.com.kw/,Existing CM Trackers-Found,,,,,
store-CLIENT_X.tw,Essential cookies (exempt from consent),CLIENT_X Store - Taiwan,HTTP Cookie,aqM,,bench_update_duration,,https://www.CLIENT_X.sa/,New First Party Trackers,,,,,
stg.CLIENT_X.com.kw,Essential cookies,CLIENT_X - Kuwait,HTTP Cookie,_ga_failed_lookup_marker_79_1641,,,,,Existing CM Trackers-Not Found,,,,,
CLIENT_X.lt,Essential cookies (exempt from consent),CLIENT_X - Lithuania,HTTP Cookie,_schn1,,,,,Existing CM Trackers-Not Found,,,,,
assets-v2.yieldify.com,Targeted Advertising cookies (including social media),Yieldify,ETag,bench_new_T2_15817,,,,,Existing CM Trackers-Not Found,,,,,
CLIENT_X.co.th,Essential cookies (exempt from consent),CLIENT_X - Thailand,HTTP Cookie,BCSessionID,,365,TRUE,https://www.CLIENT_X.ae/,Existing CM Trackers-Found,,,,,
smetrics.marketing.lighting.CLIENT_X.com.my,Essential cookies (exempt from consent),CLIENT_X - Malaysia,JavaScript,blank (java),,,,,Existing CM Trackers-Not Found,,,,,
www.CLIENT_X.com.co,Essential cookies (exempt from consent),CLIENT_X - Colombia,HTTP Cookie,mdLogger,,bench_update_duration,,https://www.CLIENT_X.ae/c-m-pe/hair-removal/lumea-ipl,New Third Party Trackers,,,,,
www.CLIENT_X.sk,Essential cookies (exempt from consent),CLIENT_X - Slovakia,HTTP Cookie,_yi,,bench_update_duration,TRUE,https://www.CLIENT_X.jo/,Existing CM Trackers-Found,,,,,
CLIENT_X.no,Essential cookies (exempt from consent),CLIENT_X - Norway,HTTP Cookie,s_vtime,,,,,Existing CM Trackers-Not Found,,,,,
CLIENT_X.fi,Essential cookies (exempt from consent),CLIENT_X - Finland,HTTP Cookie,notice_behavior,,365,TRUE,https://www.CLIENT_X.com.qa/,Existing CM Trackers-Found,,,,,
shop.CLIENT_X.com.sg,Essential cookies (exempt from consent),CLIENT_X - Singapore,HTTP Cookie,test,,,TRUE,,Existing CM Trackers-Found,,,,,
youtube.com,Targeted Advertising cookies (including social media),Google Advertising Products,HTTP Cookie,bench_new_T2_15854,,180,,https://www.CLIENT_X.jo/,New Third Party Trackers,,,,,
CLIENT_X.nl,Essential cookies (exempt from consent),CLIENT_X - Netherlands,HTTP Cookie,_schn1,,,TRUE,,Existing CM Trackers-Found,,,,,
CLIENT_X.rs,Essential cookies (exempt from consent),CLIENT_X - Serbia,HTTP Cookie,mboxEdgeCluster,,,TRUE,https://www.CLIENT_X.ae/c-p/AIS8540_80/all-in-one-ironing-solutions-all-in-one-8500-series,Existing CM Trackers-Found,,,,,
CLIENT_X.lv,Essential cookies (exempt from consent),CLIENT_X - Latvia,HTTP Cookie,_ga,,bench_update_duration,TRUE,,Existing CM Trackers-Found,,,,,
www.CLIENT_X.no,Essential cookies (exempt from consent),CLIENT_X - Norway,JavaScript,blank (java),,7,,https://www.CLIENT_X.sa/a-w/about/news/all-news,New Third Party Trackers,,,,,
www.lighting.CLIENT_X.co.jp,Essential cookies (exempt from consent),Signify (formerly CLIENT_X Lighting),JavaScript,blank (java),,bench_update_duration,,,Existing CM Trackers-Not Found,,,,,
tr.snapchat.com,Targeted Advertising Cookies (including social media) [Requires consent],Snap Inc.,JavaScript,-,,bench_update_duration,TRUE,https://www.CLIENT_X.com.kw/,Existing CM Trackers-Found,,,,,
www.CLIENT_X.ch,Essential cookies (exempt from consent),CLIENT_X - Switzerland,HTTP Cookie,p-hc-catg,,365,TRUE,https://www.CLIENT_X.ae/,Existing CM Trackers-Found,,,,,
CLIENT_X.co.nz,Essential cookies (exempt from consent),CLIENT_X - New Zealand,HTTP Cookie,at_check,,bench_update_duration,,,Existing CM Trackers-Not Found,,,,,
static.addtoany.com,Performance Cookies [Requires consent],AddToAny,JavaScript,-,,bench_update_duration,TRUE,https://www.CLIENT_X.jo/c-e/ho/homeid-app.html,Existing CM Trackers-Found,,,,,
CLIENT_X.com.kw,Performance cookies,CLIENT_X - Kuwait,HTTP Cookie,bench_new_T2_15892,,,,,Existing CM Trackers-Not Found,,,,,
www.lighting.CLIENT_X.co.za,Essential cookies (exempt from consent),Signify (formerly CLIENT_X Lighting),ETag,blank (etag),,session,TRUE,https://www.CLIENT_X.sa/,Existing CM Trackers-Found,,,,,
CLIENT_X.ae,Essential cookies (exempt from consent),CLIENT_X - Middle East Arab,HTTP Cookie,_schn1,,,TRUE,https://www.CLIENT_X.ae/c-f/XC000021357/how-to-create-and-manage-maps-in-my-CLIENT_X-homerun-app,Existing CM Trackers-Found,,,,,
*.salesforceliveagent.com,Performance cookies,"Salesforce.com, Inc.",JavaScript,_ga_failed_lookup_marker_79_1664,,,,https://www.CLIENT_X.ae/c-t/XC000006201/my-CLIENT_X-toaster-smells-during-first-time-use,Existing CM Trackers-Found,,,,,
www.CLIENT_X.it,Essential cookies (exempt from consent),CLIENT_X - Italy,HTTP Cookie,mdLogger,,bench_update_duration,TRUE,https://www.CLIENT_X.com.kw/c-w/support-home/support-contact-page.html,Existing CM Trackers-Found,,,,,
www.lighting.CLIENT_X.lv,Essential cookies (exempt from consent),Signify (formerly CLIENT_X Lighting),ETag,blank (etag),,bench_update_duration,TRUE,,Existing CM Trackers-Found,,,,,
stg.accounts.CLIENT_X.com,Targeted Advertising cookies (including social media),Koninklijke CLIENT_X N.V.,JavaScript,_ga_failed_lookup_marker_79_1667,,,,,Existing CM Trackers-Not Found,,,,,
respirtech.com,Essential cookies (exempt from consent),RespirTech,HTTP Cookie,_ga,,session,TRUE,https://www.CLIENT_X.ae/c-m-ho/cooking/toaster/latest,Existing CM Trackers-Found,,,,,
www.lighting.CLIENT_X.com.hk,Essential cookies (exempt from consent),CLIENT_X - Hong Kong,Local Storage,blank (local storage),,bench_update_duration,TRUE,https://www.CLIENT_X.com.kw/ar/c-m-so/media-players/latest,Existing CM Trackers-Found,,,,,
CLIENT_X.si,Essential cookies (exempt from consent),CLIENT_X - Slovenia,HTTP Cookie,at_check,,bench_update_duration,,,Existing CM Trackers-Not Found,,,,,
CLIENT_X.se,Essential cookies (exempt from consent),CLIENT_X - Sweden,HTTP Cookie,_yi,,bench_update_duration,TRUE,https://www.CLIENT_X.sa/c-m-ho/cooking/toaster/latest,Existing CM Trackers-Found,,,,,
salesforce.com,Targeted Advertising Cookies (including social media) [Requires consent],"salesforce.com, inc.",HTTP Cookie,BrowserId_sec,,364,TRUE,https://www.CLIENT_X.jo/,Existing CM Trackers-Found,,,,,
lighting.CLIENT_X.co.il,Essential cookies (exempt from consent),Signify (formerly CLIENT_X Lighting),HTTP Cookie,aam_uuid,,393,TRUE,https://www.CLIENT_X.com.qa/,Existing CM Trackers-Found,,,,,
CLIENT_X.com.kw,Essential cookies,CLIENT_X - Kuwait,HTTP Cookie,bench_new_T2_15950,,0,TRUE,https://www.CLIENT_X.com.kw/,Existing CM Trackers-Found,,,,,
www.coffee.equalizer.CLIENT_X.com,Essential cookies (exempt from consent),Koninklijke CLIENT_X N.V.,JavaScript,blank (java),,,TRUE,https://www.CLIENT_X.sa/c-e/ho/air-purifier-and-air-humidifier/air-performer-series-8000.html,Existing CM Trackers-Found,,,,,
www.lighting.CLIENT_X.pl,Essential cookies (exempt from consent),Signify (formerly CLIENT_X Lighting),Local Storage,blank (local storage),,bench_update_duration,TRUE,https://www.CLIENT_X.com.kw/ar/c-m-so/media-players/latest,Existing CM Trackers-Found,,,,,
pixel.byspotify.com,Targeted Advertising Cookies (including social media) [Requires consent],Spotify,ETag,-,,0,TRUE,https://www.CLIENT_X.sa/,Existing CM Trackers-Found,,,,,
lighting.CLIENT_X.com.tr,Essential cookies (exempt from consent),Signify (formerly CLIENT_X Lighting),HTTP Cookie,s_vs,,,TRUE,https://www.CLIENT_X.com.qa/a-w/about-CLIENT_X/company-profile/businesses.html,Existing CM Trackers-Found,,,,,
CLIENT_X.com.pk,Essential cookies (exempt from consent),CLIENT_X - Pakistan,HTTP Cookie,s_pv,,session,TRUE,https://www.CLIENT_X.jo/,Existing CM Trackers-Found,,,,,
CLIENT_X.nl,Essential cookies (exempt from consent),CLIENT_X - Netherlands,HTTP Cookie,_gcl_au,,bench_update_duration,TRUE,https://www.CLIENT_X.com.kw/,Existing CM Trackers-Found,,,,,
CLIENT_X.co.nz,Essential cookies (exempt from consent),CLIENT_X - New Zealand,HTTP Cookie,s_vtime,,bench_update_duration,TRUE,https://www.CLIENT_X.ae/c-e/au/motorcycle-lights/moto-selector-tool.html,Existing CM Trackers-Found,,,,,
admixer.net,Targeted Advertising Cookies (including social media) [Requires consent],Admixer EU GmbH,HTTP Cookie,am-uid,,89,,https://www.CLIENT_X.sa/c-m-ho/cooking/toaster/latest,New First Party Trackers,,,,,
www.CLIENT_X.nl,Essential cookies (exempt from consent),CLIENT_X - Netherlands,HTTP Cookie,RT,,,TRUE,,Existing CM Trackers-Found,,,,,
CLIENT_X.com.hk,Essential cookies (exempt from consent),CLIENT_X - Hong Kong,HTTP Cookie,mbox,,bench_update_duration,,https://www.CLIENT_X.ae/,New First Party Trackers,,,,,
www.CLIENT_X.ma,Essential cookies (exempt from consent),CLIENT_X - Morocco,HTTP Cookie,RT,,,,,Existing CM Trackers-Not Found,,,,,
stg.CLIENT_X.com.kw,Essential cookies,CLIENT_X - Kuwait,HTTP Cookie,_ga_failed_lookup_marker_79_1686,,,,,Existing CM Trackers-Not Found,,,,,
tools.eurolandir.com,Performance cookies,Euroland,ETag,_ga_failed_lookup_marker_79_1687,,,,,Existing CM Trackers-Not Found,,,,,
CLIENT_X.fi,Essential cookies (exempt from consent),CLIENT_X - Finland,HTTP Cookie,s_ugv,,bench_update_duration,TRUE,https://www.CLIENT_X.jo/,Existing CM Trackers-Found,,,,,
CLIENT_X.co.th,Essential cookies (exempt from consent),CLIENT_X - Thailand,HTTP Cookie,com.adobe.alloy.getTld,,365,TRUE,https://www.CLIENT_X.ae/c-f/XC000019471/CLIENT_X-one-battery-replacement-instructions,Existing CM Trackers-Found,,,,,
c.go-mpulse.net,Performance Cookies [Requires consent],Akamai,JavaScript,-,,,,,Existing CM Trackers-Not Found,,,,,
CLIENT_X.co.il,Essential cookies (exempt from consent),CLIENT_X - Israel,HTTP Cookie,_scid_r,,0,TRUE,https://www.CLIENT_X.sa/,Existing CM Trackers-Found,,,,,
CLIENT_X.co.id,Essential cookies (exempt from consent),CLIENT_X - Indonesia,HTTP Cookie,_gcl_au,,bench_update_duration,TRUE,https://www.CLIENT_X.ae/c-m-ho/cooking/toaster/latest,Existing CM Trackers-Found,,,,,
script.hotjar.com,Targeted Advertising cookies (including social media),Hotjar,JavaScript,bench_new_T2_15815,,,,,Existing CM Trackers-Not Found,,,,,
CLIENT_X.sa,Essential cookies,CLIENT_X - Kingdom of Saudi Arabia,HTTP Cookie,_ga_failed_lookup_marker_79_1694,,,,,Existing CM Trackers-Not Found,,,,,
dev.CLIENT_X.com.vn,Essential cookies (exempt from consent),CLIENT_X - Vietnam,HTTP Cookie,AWSELBCORS,,bench_update_duration,TRUE,https://www.CLIENT_X.com.kw/,Existing CM Trackers-Found,,,,,
lighting.CLIENT_X.ua,Essential cookies (exempt from consent),Signify (formerly CLIENT_X Lighting),HTTP Cookie,s_ppv,,393,TRUE,https://www.CLIENT_X.jo/,Existing CM Trackers-Found,,,,,
www.CLIENT_X.com.cn,Essential cookies (exempt from consent),CLIENT_X - China,HTTP Cookie,AWSELB,,0,,https://www.CLIENT_X.com.kw/,Existing CM Trackers-Found,,,,,
CLIENT_X.ae,Essential cookies (exempt from consent),CLIENT_X - Middle East Arab,HTTP Cookie,_tt_enable_cookie,,bench_update_duration,,,New Third Party Trackers,,,,,
CLIENT_X.co.id,Essential cookies (exempt from consent),CLIENT_X - Indonesia,HTTP Cookie,_mkto_trk,,bench_update_duration,,,Existing CM Trackers-Not Found,,,,,
CLIENT_X.be,Essential cookies (exempt from consent),CLIENT_X - Belgium,HTTP Cookie,zScalerUser,,bench_update_duration,,,Existing CM Trackers-Not Found,,,,,
acc.usa.CLIENT_X.com,Essential cookies (exempt from consent),Koninklijke CLIENT_X N.V.,HTTP Cookie,TAsessionID,,session,TRUE,https://www.CLIENT_X.sa/c-m-ho/cooking/toaster/latest,Existing CM Trackers-Found,,,,,
www.CLIENT_X.ae,Essential cookies,CLIENT_X - Middle East Arab,HTTP Cookie,_ga_failed_lookup_marker_79_1702,,session,TRUE,https://www.CLIENT_X.ae/c-m-ho/cooking/toaster/latest,Existing CM Trackers-Found,,,,,
www.lighting.CLIENT_X.es,Essential cookies (exempt from consent),Signify (formerly CLIENT_X Lighting),HTTP Cookie,AWSELBCORS,,bench_update_duration,TRUE,https://www.CLIENT_X.sa/,Existing CM Trackers-Found,,,,,
CLIENT_X.com.my,Essential cookies (exempt from consent),CLIENT_X - Malaysia,HTTP Cookie,s_eVar8,,bench_update_duration,,,New Third Party Trackers,,,,,
stg.CLIENT_X.com.kw,Essential cookies,CLIENT_X - Kuwait,HTTP Cookie,bench_new_T2_15911,,,,,Existing CM Trackers-Not Found,,,,,
CLIENT_X.com.kw,Essential cookies (exempt from consent),CLIENT_X - Kuwait,HTTP Cookie,_scid_r,,bench_update_duration,TRUE,https://www.CLIENT_X.sa/,Existing CM Trackers-Found,,,,,
CLIENT_X.com.vn,Essential cookies (exempt from consent),CLIENT_X - Vietnam,HTTP Cookie,FPID,,90,TRUE,https://www.CLIENT_X.jo/a-w/about-CLIENT_X/company-profile.html,Existing CM Trackers-Found,,,,,
www.CLIENT_X.co.il,Essential cookies (exempt from consent),CLIENT_X - Israel,HTTP Cookie,kampyle_userid,,365,TRUE,https://www.CLIENT_X.ae/c-m-ho/cooking/toaster/latest,Existing CM Trackers-Found,,,,,
CLIENT_X.com,Essential cookies (exempt from consent),Koninklijke CLIENT_X N.V.,HTTP Cookie,mbox,,bench_update_duration,,,Existing CM Trackers-Not Found,,,,,
www.CLIENT_X.jo,Essential cookies,CLIENT_X - Jordan,HTTP Cookie,bench_new_T2_15840,,365,TRUE,http://www.CLIENT_X.jo/,Existing CM Trackers-Found,,,,,
www.CLIENT_X.com.tr,Essential cookies (exempt from consent),CLIENT_X - Turkey,HTTP Cookie,kampyleUserSession,,0,TRUE,https://www.CLIENT_X.sa/,Existing CM Trackers-Found,,,,,
d.la11-core1.sfdc-cehfhs.salesforceliveagent.com,Performance cookies,"Salesforce.com, Inc.",JavaScript,bench_new_T2_15951,,,,https://www.CLIENT_X.ae/c-t/XC000006201/my-CLIENT_X-toaster-smells-during-first-time-use,New Third Party Trackers,,,,,
www.CLIENT_X.co.nz,Essential cookies (exempt from consent),CLIENT_X - New Zealand,HTTP Cookie,user_country,,bench_update_duration,,https://www.CLIENT_X.sa/c-m-ho/cooking/toaster/latest,New First Party Trackers,,,,,
CLIENT_X.com.br,Essential cookies (exempt from consent),CLIENT_X - Brazil,HTTP Cookie,TEST_AMCV_COOKIE,,90,,https://www.CLIENT_X.sa/,New First Party Trackers,,,,,
CLIENT_X.com.kw,Essential cookies (exempt from consent),CLIENT_X - Kuwait,HTTP Cookie,_schn2,,400,,https://www.CLIENT_X.jo/en/c-f/XC000021443/my-CLIENT_X-fan-makes-an-unusual-noise-when-oscillating,New Third Party Trackers,,,,,
www.lighting.CLIENT_X.com.gh,Essential cookies (exempt from consent),Signify (formerly CLIENT_X Lighting),HTTP Cookie,s_sid,,,,,Existing CM Trackers-Not Found,,,,,
www.CLIENT_X.cl,Essential cookies (exempt from consent),CLIENT_X - Chile,HTTP Cookie,p-hc-catg,,,TRUE,http://www.CLIENT_X.ae/,Existing CM Trackers-Found,,,,,
www.lighting.CLIENT_X.com.tw,Essential cookies (exempt from consent),Signify (formerly CLIENT_X Lighting),ETag,blank (etag),,bench_update_duration,,,Existing CM Trackers-Not Found,,,,,
www.CLIENT_X.de,Essential cookies (exempt from consent),CLIENT_X - Germany,HTTP Cookie,eddl_etc_list,,bench_update_duration,TRUE,https://www.CLIENT_X.com.qa/a-w/about-CLIENT_X/company-profile/businesses.html,Existing CM Trackers-Found,,,,,
www.CLIENT_X.cl,Essential cookies (exempt from consent),CLIENT_X - Chile,HTTP Cookie,liveagent_oref,,365,TRUE,https://www.CLIENT_X.sa/,Existing CM Trackers-Found,,,,,
CLIENT_X.com.qa,Essential cookies,CLIENT_X - Qatar,HTTP Cookie,bench_new_T2_15816,,session,TRUE,https://www.CLIENT_X.com.qa/,Existing CM Trackers-Found,,,,,
www.CLIENT_X.ae,Essential cookies (exempt from consent),CLIENT_X - Middle East Arab,HTTP Cookie,_yi,,bench_update_duration,,,Existing CM Trackers-Not Found,,,,,
CLIENT_X.sa,Essential cookies,CLIENT_X - Kingdom of Saudi Arabia,HTTP Cookie,_ga_failed_lookup_marker_79_1723,,,,,Existing CM Trackers-Not Found,,,,,
www.CLIENT_X.ae,Essential cookies,CLIENT_X - Middle East Arab,HTTP Cookie,_ga_failed_lookup_marker_79_1724,,365,TRUE,https://www.CLIENT_X.ae/c-m-ho/cooking/toaster/latest,Existing CM Trackers-Found,,,,,
CLIENT_X.com.cn,Essential cookies (exempt from consent),CLIENT_X - China,HTTP Cookie,s_eVar42,,bench_update_duration,TRUE,https://www.CLIENT_X.ae/ar/c-w/support-home/service-center-locator.html,Existing CM Trackers-Found,,,,,
*.fls.doubleclick.net,Targeted Advertising cookies (including social media),Google Advertising Products,Beacon,bench_new_T2_15936,,,,,Existing CM Trackers-Not Found,,,,,
www.shop.CLIENT_X.lt,Essential cookies (exempt from consent),CLIENT_X - Lithuania,Local Storage,blank (local storage),,bench_update_duration,,https://www.CLIENT_X.com.kw/,New First Party Trackers,,,,,
lighting.CLIENT_X.com.pk,Essential cookies (exempt from consent),Signify (formerly CLIENT_X Lighting),HTTP Cookie,s_ppv,,bench_update_duration,TRUE,https://www.CLIENT_X.com.kw/ar/c-m-so/media-players/latest,Existing CM Trackers-Found,,,,,
www.lighting.CLIENT_X.si,Essential cookies (exempt from consent),Signify (formerly CLIENT_X Lighting),HTTP Cookie,CLIENT_X,,bench_update_duration,TRUE,https://www.CLIENT_X.com.qa/,Existing CM Trackers-Found,,,,,
dev.CLIENT_X.com.mx,Essential cookies (exempt from consent),CLIENT_X - Mexico,ETag,blank (etag),,90,TRUE,https://www.CLIENT_X.com.qa/,Existing CM Trackers-Found,,,,,
www.CLIENT_X.rs,Essential cookies (exempt from consent),CLIENT_X - Serbia,HTTP Cookie,kampyleUserSession,,bench_update_duration,,,Existing CM Trackers-Not Found,,,,,
CLIENT_X.com.ar,Essential cookies (exempt from consent),CLIENT_X - Argentina,HTTP Cookie,internalUserCheck,,bench_update_duration,TRUE,https://www.CLIENT_X.com.qa/a-w/about-CLIENT_X/company-profile/businesses.html,Existing CM Trackers-Found,,,,,
wd-ret.io,Targeted Advertising Cookies (including social media) [Requires consent],wd-ret.io,JavaScript,-,,bench_update_duration,,,Existing CM Trackers-Not Found,,,,,
CLIENT_Xgb.api.useinsider.com,Targeted Advertising Cookies (including social media) [Requires consent],Insider,ETag,-,,365,TRUE,http://www.CLIENT_X.jo/,Existing CM Trackers-Found,,,,,
CLIENT_X.sa,Essential cookies,CLIENT_X - Kingdom of Saudi Arabia,HTTP Cookie,_ga_failed_lookup_marker_79_1735,,session,TRUE,https://www.CLIENT_X.sa/,Existing CM Trackers-Found,,,,,
www.lighting.CLIENT_X.com.tw,Essential cookies (exempt from consent),Signify (formerly CLIENT_X Lighting),HTTP Cookie,s_mc,,bench_update_duration,TRUE,https://www.CLIENT_X.ae/c-w/support-home/support-contact-page.html,Existing CM Trackers-Found,,,,,
www.crsc.CLIENT_X.com,Targeted Advertising cookies (including social media),Koninklijke CLIENT_X N.V.,ETag,bench_new_T2_15853,,,TRUE,https://www.CLIENT_X.ae/c-e/au/motorcycle-lights/moto-selector-tool.html,Existing CM Trackers-Found,,,,,
CLIENT_X.ch,Essential cookies (exempt from consent),CLIENT_X - Switzerland,HTTP Cookie,mboxEdgeCluster,,bench_update_duration,,,Existing CM Trackers-Not Found,,,,,
www.lighting.CLIENT_X.cl,Essential cookies (exempt from consent),Signify (formerly CLIENT_X Lighting),HTTP Cookie,d01-layout,,,,,Existing CM Trackers-Not Found,,,,,
www.CLIENT_X.cl,Essential cookies (exempt from consent),CLIENT_X - Chile,JavaScript,blank (java),,bench_update_duration,TRUE,https://www.CLIENT_X.ae/,Existing CM Trackers-Found,,,,,
loja.CLIENT_X.com.br,Essential cookies (exempt from consent),CLIENT_X - Brazil,HTTP Cookie,_dc_gtm_UA-96918008-1,,bench_update_duration,,,Existing CM Trackers-Not Found,,,,,
CLIENT_X.com.tw,Essential cookies (exempt from consent),CLIENT_X - Taiwan,HTTP Cookie,_scid,,bench_update_duration,TRUE,https://www.CLIENT_X.sa/c-m-ho/cooking/toaster/latest,Existing CM Trackers-Found,,,,,
www.CLIENT_X.sa,Essential cookies,CLIENT_X - Kingdom of Saudi Arabia,HTTP Cookie,bench_new_T2_15802,,365,TRUE,https://www.CLIENT_X.sa/c-m-ho/cooking/toaster/latest,Existing CM Trackers-Found,,,,,
CLIENT_X.com.qa,Essential cookies,CLIENT_X - Qatar,HTTP Cookie,bench_new_T2_15832,,,,,Existing CM Trackers-Not Found,,,,,
s.ad.smaato.net,Targeted Advertising Cookies (including social media) [Requires consent],"Smaato, Inc.",Beacon,-,,,TRUE,https://www.CLIENT_X.sa/en/a-w/about.html,Existing CM Trackers-Found,,,,,
bat.bing.com,Targeted Advertising Cookies (including social media) [Requires consent],Microsoft Advertising,Beacon,-,,60,TRUE,https://www.CLIENT_X.ae/,Existing CM Trackers-Found,,,,,
www.usa.CLIENT_X.com,Essential cookies (exempt from consent),Koninklijke CLIENT_X N.V.,HTTP Cookie,T01-recentlyViewedProducts,,0,TRUE,https://www.CLIENT_X.com.qa/,Existing CM Trackers-Found,,,,,
fonts.yieldify-production.com,Targeted Advertising cookies (including social media),Yieldify,ETag,bench_new_T2_15835,,,,,Existing CM Trackers-Not Found,,,,,
CLIENT_X.sa,Targeted Advertising cookies (including social media),CLIENT_X - Kingdom of Saudi Arabia,HTTP Cookie,bench_new_T2_15831,,,,,Existing CM Trackers-Not Found,,,,,
CLIENT_X.jo,Essential cookies,CLIENT_X - Jordan,HTTP Cookie,_ga_failed_lookup_marker_79_1750,,0,TRUE,https://www.CLIENT_X.jo/,Existing CM Trackers-Found,,,,,
www.CLIENT_X.de,Essential cookies (exempt from consent),CLIENT_X - Germany,HTTP Cookie,user_country,,393,TRUE,https://www.CLIENT_X.sa/,Existing CM Trackers-Found,,,,,
*.cloudfront.net,Performance cookies,Amazon (Cloudfront),ETag,bench_new_T2_15864,,,,,Existing CM Trackers-Not Found,,,,,
www.CLIENT_X.fr,Essential cookies (exempt from consent),CLIENT_X - France,HTTP Cookie,_sdsat_pgm_optin,,bench_update_duration,TRUE,https://www.CLIENT_X.com.qa/,Existing CM Trackers-Found,,,,,
CLIENT_X.ee,Essential cookies (exempt from consent),CLIENT_X - Republic of Estonia,HTTP Cookie,com.adobe.alloy.getTld,,,,,Existing CM Trackers-Not Found,,,,,
CLIENT_X.es,Essential cookies (exempt from consent),CLIENT_X - Spain,HTTP Cookie,s_nrpv,,,,,Existing CM Trackers-Not Found,,,,,
CLIENT_X.com.tr,Essential cookies (exempt from consent),CLIENT_X - Turkey,HTTP Cookie,s_vtime,,bench_update_duration,TRUE,https://www.CLIENT_X.jo/a-w/about-CLIENT_X/company-profile.html,Existing CM Trackers-Found,,,,,
www.CLIENT_X.com.kw,Essential cookies,CLIENT_X - Kuwait,HTTP Cookie,bench_new_T2_15953,,365,TRUE,https://www.CLIENT_X.com.kw/ar/c-m-so/media-players/latest,Existing CM Trackers-Found,,,,,
CLIENT_X.sa,Essential cookies (exempt from consent),CLIENT_X - Kingdom of Saudi Arabia,HTTP Cookie,_scid_r,,bench_update_duration,,,Existing CM Trackers-Not Found,,,,,
CLIENT_X.ae,Essential cookies,CLIENT_X - Middle East Arab,HTTP Cookie,bench_new_T2_15947,,,,,Existing CM Trackers-Not Found,,,,,
www.lighting.CLIENT_X.co.ke,Essential cookies (exempt from consent),Signify (formerly CLIENT_X Lighting),HTTP Cookie,ltc_cf,,,,,Existing CM Trackers-Not Found,,,,,
CLIENT_X.ca,Essential cookies (exempt from consent),CLIENT_X - Canada,HTTP Cookie,mboxEdgeCluster,,bench_update_duration,,https://www.CLIENT_X.ae/c-m-ho/cooking/toaster/latest,New First Party Trackers,,,,,
CLIENT_X.at,Essential cookies (exempt from consent),CLIENT_X - Austria,HTTP Cookie,com.adobe.alloy.getTld,,bench_update_duration,,,Existing CM Trackers-Not Found,,,,,
www.CLIENT_X.com.kw,Performance cookies,CLIENT_X - Kuwait,HTTP Cookie,_ga_failed_lookup_marker_79_1763,,session,TRUE,https://www.CLIENT_X.com.kw/ar/c-m-so/media-players/latest,Existing CM Trackers-Found,,,,,
CLIENT_X.com.kw,Performance cookies,CLIENT_X - Kuwait,HTTP Cookie,bench_new_T2_15986,,session,TRUE,https://www.CLIENT_X.com.kw/,Existing CM Trackers-Found,,,,,
www.CLIENT_X.fr,Essential cookies (exempt from consent),CLIENT_X - France,Local Storage,blank (local storage),,90,,https://www.CLIENT_X.ae/,New First Party Trackers,,,,,
CLIENT_X.sa,Performance cookies,CLIENT_X - Kingdom of Saudi Arabia,HTTP Cookie,bench_new_T2_15967,,0,TRUE,https://www.CLIENT_X.sa/,Existing CM Trackers-Found,,,,,
CLIENT_X.com.pk,Essential cookies (exempt from consent),CLIENT_X - Pakistan,HTTP Cookie,_fbp,,,,,Existing CM Trackers-Not Found,,,,,
www.patientcare.shop.CLIENT_X.com.sg,Essential cookies (exempt from consent),CLIENT_X - Singapore,HTTP Cookie,eddl_gtm_qe_session_start_6523424625,,,,,Existing CM Trackers-Not Found,,,,,
CLIENT_X.com.qa,Essential cookies,CLIENT_X - Qatar,HTTP Cookie,_ga_failed_lookup_marker_79_1769,,393,TRUE,https://www.CLIENT_X.com.qa/,Existing CM Trackers-Found,,,,,
www.CLIENT_X.com.kw,Essential cookies,CLIENT_X - Kuwait,HTTP Cookie,bench_new_T2_15963,,365,TRUE,https://www.CLIENT_X.com.kw/ar/c-m-so/media-players/latest,Existing CM Trackers-Found,,,,,
CLIENT_X.sa,Essential cookies,CLIENT_X - Kingdom of Saudi Arabia,HTTP Cookie,bench_new_T2_15801,,393,TRUE,https://www.CLIENT_X.sa/,Existing CM Trackers-Found,,,,,
CLIENT_X.com.eg,Essential cookies (exempt from consent),CLIENT_X - Egypt,HTTP Cookie,FPLC,,bench_update_duration,,,New Third Party Trackers,,,,,
www.CLIENT_X.com.br,Essential cookies (exempt from consent),CLIENT_X - Brazil,HTTP Cookie,p-gc35,,,,https://www.CLIENT_X.ae/c-t/XC000006201/my-CLIENT_X-toaster-smells-during-first-time-use,New Third Party Trackers,,,,,
www.lighting.CLIENT_X.com.vn,Essential cookies (exempt from consent),Signify (formerly CLIENT_X Lighting),HTTP Cookie,CLIENT_X,,session,TRUE,https://www.CLIENT_X.com.kw/,Existing CM Trackers-Found,,,,,
www.CLIENT_X.com.qa,Essential cookies,CLIENT_X - Qatar,HTTP Cookie,bench_new_T2_15952,,365,TRUE,https://www.CLIENT_X.com.qa/,Existing CM Trackers-Found,,,,,
CLIENT_X.at,Essential cookies (exempt from consent),CLIENT_X - Austria,HTTP Cookie,internalUserCheck,,bench_update_duration,,,Existing CM Trackers-Not Found,,,,,
www.supplierinnovation.CLIENT_X.com,Essential cookies (exempt from consent),Koninklijke CLIENT_X N.V.,HTTP Cookie,AWSELBCORS,,bench_update_duration,TRUE,https://www.CLIENT_X.jo/,Existing CM Trackers-Found,,,,,
careers.CLIENT_X.com.cn,Essential cookies (exempt from consent),CLIENT_X - China,HTTP Cookie,Hm_lpvt_d05d5f17221b8fd16d670f34b4af8397,,bench_update_duration,TRUE,https://www.CLIENT_X.jo/,Existing CM Trackers-Found,,,,,
CLIENT_X.co.il,Essential cookies (exempt from consent),CLIENT_X - Israel,HTTP Cookie,_mkto_trk,,bench_update_duration,,https://www.CLIENT_X.ae/c-t/XC000006201/my-CLIENT_X-toaster-smells-during-first-time-use,New Third Party Trackers,,,,,
doubleclick.net,Targeted Advertising cookies (including social media),Google Advertising Products,HTTP Cookie,bench_new_T2_15924,,30,TRUE,https://www.CLIENT_X.jo/,Existing CM Trackers-Found,,,,,
www.CLIENT_X.dk,Essential cookies (exempt from consent),CLIENT_X - Denmark,HTTP Cookie,ROUTE,,bench_update_duration,,https://www.CLIENT_X.ae/,New First Party Trackers,,,,,
www.CLIENT_X.sa,Essential cookies (exempt from consent),CLIENT_X - Kingdom of Saudi Arabia,HTTP Cookie,fl_qualified_entry,,,,,Existing CM Trackers-Not Found,,,,,
ticimax.cloud,Performance Cookies [Requires consent],Ticimax,HTTP Cookie,__cf_bm,,bench_update_duration,TRUE,http://www.CLIENT_X.com.qa/,Existing CM Trackers-Found,,,,,
www.CLIENT_X.com.qa,Essential cookies,CLIENT_X - Qatar,HTTP Cookie,bench_new_T2_15984,,365,TRUE,https://www.CLIENT_X.com.qa/,Existing CM Trackers-Found,,,,,
*.fls.doubleclick.net,Targeted Advertising cookies (including social media),Google Advertising Products,Beacon,bench_new_T2_15833,,,,,Existing CM Trackers-Not Found,,,,,
www.usa.CLIENT_X.com,Essential cookies (exempt from consent),Koninklijke CLIENT_X N.V.,HTTP Cookie,notice_settings,,,TRUE,,Existing CM Trackers-Found,,,,,
www.CLIENT_X.ch,Essential cookies (exempt from consent),CLIENT_X - Switzerland,HTTP Cookie,AWSELBCORS,,bench_update_duration,,,Existing CM Trackers-Not Found,,,,,
www.CLIENT_X.com.tw,Essential cookies (exempt from consent),CLIENT_X - Taiwan,HTTP Cookie,AWSELBCORS,,0,TRUE,https://www.CLIENT_X.com.kw/ar/c-m-so/media-players/latest,Existing CM Trackers-Found,,,,,
www.CLIENT_X.com.mx,Essential cookies (exempt from consent),CLIENT_X - Mexico,HTTP Cookie,kampyleUserSession,,bench_update_duration,,,Existing CM Trackers-Not Found,,,,,
connect.facebook.net,Targeted Advertising cookies (including social media),Meta (formerly Facebook),Beacon,bench_new_T2_15807,,,TRUE,,Existing CM Trackers-Found,,,,,
CLIENT_X.sa,Essential cookies,CLIENT_X - Kingdom of Saudi Arabia,HTTP Cookie,bench_new_T2_15890,,90,TRUE,https://www.CLIENT_X.sa/,Existing CM Trackers-Found,,,,,
www.CLIENT_X.com.qa,Essential cookies,CLIENT_X - Qatar,HTTP Cookie,bench_new_T2_15869,,1,TRUE,https://www.CLIENT_X.com.qa/,Existing CM Trackers-Found,,,,,
sync.go.sonobi.com,Targeted Advertising Cookies (including social media) [Requires consent],"Sonobi, Inc",Beacon,-,,bench_update_duration,TRUE,http://www.CLIENT_X.ae/,Existing CM Trackers-Found,,,,,
CLIENT_X.ae,Essential cookies (exempt from consent),CLIENT_X - Middle East Arab,HTTP Cookie,iadvize-8002-vuid,,,,,Existing CM Trackers-Not Found,,,,,
www.youtube.com,Targeted Advertising cookies (including social media),Google Advertising Products,JavaScript,_ga_failed_lookup_marker_79_1795,,,TRUE,https://www.CLIENT_X.sa/c-e/CLIENT_X-one.html,Existing CM Trackers-Found,,,,,
CLIENT_X.sa,Essential cookies,CLIENT_X - Kingdom of Saudi Arabia,HTTP Cookie,_ga_failed_lookup_marker_79_1796,,,,,Existing CM Trackers-Not Found,,,,,
CLIENT_X.com,Essential cookies (exempt from consent),Koninklijke CLIENT_X N.V.,HTTP Cookie,s_eVar44,,,,,Existing CM Trackers-Not Found,,,,,
CLIENT_X.co.nz,Essential cookies (exempt from consent),CLIENT_X - New Zealand,HTTP Cookie,s_cm_direct,,0,TRUE,https://www.CLIENT_X.com.qa/,Existing CM Trackers-Found,,,,,
www.lighting.CLIENT_X.ua,Essential cookies (exempt from consent),Signify (formerly CLIENT_X Lighting),JavaScript,blank (java),,7,,https://www.CLIENT_X.sa/c-m-ho/cooking/toaster/latest,New First Party Trackers,,,,,
lighting.CLIENT_X.fr,Essential cookies (exempt from consent),Signify (formerly CLIENT_X Lighting),HTTP Cookie,com.adobe.alloy.getTld,,bench_update_duration,TRUE,https://www.CLIENT_X.com.qa/,Existing CM Trackers-Found,,,,,
CLIENT_X.ae,Essential cookies,CLIENT_X - Middle East Arab,HTTP Cookie,bench_new_T2_15838,,365,,https://www.CLIENT_X.ae/,New First Party Trackers,,,,,
www.lighting.CLIENT_X.sk,Essential cookies (exempt from consent),Signify (formerly CLIENT_X Lighting),HTTP Cookie,CLIENT_X,,session,TRUE,https://www.CLIENT_X.sa/,Existing CM Trackers-Found,,,,,
lighting.CLIENT_X.co.kr,Essential cookies (exempt from consent),Signify (formerly CLIENT_X Lighting),HTTP Cookie,s_pv,,,TRUE,http://www.CLIENT_X.com.qa/,Existing CM Trackers-Found,,,,,
www.CLIENT_X.pl,Essential cookies (exempt from consent),CLIENT_X - Poland,HTTP Cookie,RT,,,,,Existing CM Trackers-Not Found,,,,,
www.CLIENT_X.com.kw,Essential cookies (exempt from consent),CLIENT_X - Kuwait,HTTP Cookie,liveagent_ptid,,,,,Existing CM Trackers-Not Found,,,,,
www.CLIENT_X.cz,Essential cookies (exempt from consent),CLIENT_X - Czech Republic,ETag,blank (etag),,,,,Existing CM Trackers-Not Found,,,,,
CLIENT_X.de,Essential cookies (exempt from consent),CLIENT_X - Germany,HTTP Cookie,s_ugv,,bench_update_duration,TRUE,https://www.CLIENT_X.ae/c-p/HDA150_62/-,Existing CM Trackers-Found,,,,,
cdn.webpushr.com,Performance Cookies [Requires consent],Webpushr,ETag,-,,bench_update_duration,,,Existing CM Trackers-Not Found,,,,,
www.tienda.CLIENT_X.com.ar,Essential cookies (exempt from consent),CLIENT_X - Argentina,HTTP Cookie,eddl_gtm_qe_session_start_6523424625,,bench_update_duration,TRUE,,Existing CM Trackers-Found,,,,,
CLIENT_X.co.uk,Essential cookies (exempt from consent),CLIENT_X - United Kingdom,HTTP Cookie,s_vtime,,bench_update_duration,,,Existing CM Trackers-Not Found,,,,,
CLIENT_X.sa,Essential cookies (exempt from consent),CLIENT_X - Kingdom of Saudi Arabia,HTTP Cookie,test,,,,,Existing CM Trackers-Not Found,,,,,
www.lighting.CLIENT_X.co.nz,Essential cookies (exempt from consent),Signify (formerly CLIENT_X Lighting),HTTP Cookie,remember_customer_type,,bench_update_duration,,,Existing CM Trackers-Not Found,,,,,
www.CLIENT_X.jo,Essential cookies (exempt from consent),CLIENT_X - Jordan,HTTP Cookie,kampylePageLoadedTimestamp,,bench_update_duration,TRUE,http://www.CLIENT_X.jo/,Existing CM Trackers-Found,,,,,
XXXXXXXXXXXXX.cloudfront.net,Targeted Advertising Cookies (including social media) [Requires consent],Amazon (Cloudfront),ETag,-,,365,TRUE,https://www.CLIENT_X.ae/c-f/XC000019471/CLIENT_X-one-battery-replacement-instructions,Existing CM Trackers-Found,,,,,
CLIENT_X.nl,Essential cookies (exempt from consent),CLIENT_X - Netherlands,HTTP Cookie,iAdvize:splitGroup,,bench_update_duration,,,Existing CM Trackers-Not Found,,,,,
c.seznam.cz,Targeted Advertising Cookies (including social media) [Requires consent],"Seznam.cz, a.s.",Beacon,-,,,TRUE,https://www.CLIENT_X.com.qa/a-w/about-CLIENT_X/company-profile/businesses.html,Existing CM Trackers-Found,,,,,
CLIENT_X.vtexassets.com,Targeted Advertising Cookies (including social media) [Requires consent],VTEX,ETag,-,,bench_update_duration,,http://www.CLIENT_X.jo/,New First Party Trackers,,,,,
www.assets.signify.com,Performance cookies,Signify (formerly CLIENT_X Lighting),ETag,bench_new_T2_15962,,,,,Existing CM Trackers-Not Found,,,,,
www.dentalshop.CLIENT_X.de,Essential cookies (exempt from consent),CLIENT_X - Germany,JavaScript,blank (java),,0,TRUE,https://www.CLIENT_X.ae/,Existing CM Trackers-Found,,,,,
CLIENT_X.fi,Essential cookies (exempt from consent),CLIENT_X - Finland,HTTP Cookie,s_cm,,bench_update_duration,TRUE,https://www.CLIENT_X.jo/a-w/about-CLIENT_X/company-profile.html,Existing CM Trackers-Found,,,,,
i.k-analytix.com,Targeted Advertising Cookies (including social media) [Requires consent],Konduto,JavaScript,-,,,,,Existing CM Trackers-Not Found,,,,,
www.CLIENT_X.be,Essential cookies (exempt from consent),CLIENT_X - Belgium,HTTP Cookie,ws-id,,bench_update_duration,TRUE,https://www.CLIENT_X.ae/,Existing CM Trackers-Found,,,,,
CLIENT_X.com.vn,Essential cookies (exempt from consent),CLIENT_X - Vietnam,HTTP Cookie,_schn2,,0,TRUE,https://www.CLIENT_X.com.kw/,Existing CM Trackers-Found,,,,,
www.igt-interactive-tour.com,Essential cookies (exempt from consent),Koninklijke CLIENT_X N.V.,HTTP Cookie,AWSALBCORS,,session,TRUE,https://www.CLIENT_X.ae/,Existing CM Trackers-Found,,,,,
www.CLIENT_X.lt,Essential cookies (exempt from consent),CLIENT_X - Lithuania,HTTP Cookie,T01-recentlyViewedProducts,,bench_update_duration,TRUE,https://www.CLIENT_X.sa/,Existing CM Trackers-Found,,,,,
img.en25.com,Performance cookies,Oracle Marketing,JavaScript,bench_new_T2_15990,,,,https://www.CLIENT_X.jo/healthcare,New Third Party Trackers,,,,,
lighting.CLIENT_X.ua,Essential cookies (exempt from consent),Signify (formerly CLIENT_X Lighting),HTTP Cookie,_mkto_trk,,,,,Existing CM Trackers-Not Found,,,,,
sc-static.net,Targeted Advertising cookies (including social media),Snap Inc.,JavaScript,bench_new_T2_15896,,,TRUE,https://www.CLIENT_X.sa/c-e/ho/air-purifier-and-air-humidifier/air-performer-series-8000.html,Existing CM Trackers-Found,,,,,
www.lighting.CLIENT_X.co.id,Essential cookies (exempt from consent),Signify (formerly CLIENT_X Lighting),HTTP Cookie,BCTempID,,,TRUE,http://www.CLIENT_X.com.qa/,Existing CM Trackers-Found,,,,,
CLIENT_X.co.za,Essential cookies (exempt from consent),CLIENT_X - South Africa,HTTP Cookie,s_nrpv,,bench_update_duration,TRUE,https://www.CLIENT_X.sa/,Existing CM Trackers-Found,,,,,
CLIENT_X.nl,Essential cookies (exempt from consent),CLIENT_X - Netherlands,HTTP Cookie,crl8.fpcuid,,bench_update_duration,TRUE,https://www.CLIENT_X.sa/c-m-ho/cooking/toaster/latest,Existing CM Trackers-Found,,,,,
lighting.CLIENT_X.pt,Essential cookies (exempt from consent),Signify (formerly CLIENT_X Lighting),HTTP Cookie,com.adobe.alloy.getTld,,7,,https://www.CLIENT_X.sa/c-m-ho/cooking/toaster/latest,New First Party Trackers,,,,,
CLIENT_X.cz,Essential cookies (exempt from consent),CLIENT_X - Czech Republic,HTTP Cookie,test,,bench_update_duration,,,Existing CM Trackers-Not Found,,,,,
www.loja.CLIENT_X.com.br,Essential cookies (exempt from consent),CLIENT_X - Brazil,ETag,blank (etag),,bench_update_duration,TRUE,https://www.CLIENT_X.ae/c-w/support-home/support-contact-page.html,Existing CM Trackers-Found,,,,,
www.CLIENT_X.ua,Essential cookies (exempt from consent),CLIENT_X - Ukraine,HTTP Cookie,p-hc-specialty,,session,TRUE,https://www.CLIENT_X.ae/,Existing CM Trackers-Found,,,,,
CLIENT_X.sa,Essential cookies (exempt from consent),CLIENT_X - Kingdom of Saudi Arabia,HTTP Cookie,_gcl_au,,bench_update_duration,TRUE,https://www.CLIENT_X.jo/,Existing CM Trackers-Found,,,,,
CLIENT_X.com.gh,Essential cookies (exempt from consent),CLIENT_X - Ghana,HTTP Cookie,TAsessionID,,bench_update_duration,TRUE,https://www.CLIENT_X.com.qa/,Existing CM Trackers-Found,,,,,
www.lighting.CLIENT_X.co.in,Essential cookies (exempt from consent),Signify (formerly CLIENT_X Lighting),JavaScript,blank (java),,365,TRUE,https://www.CLIENT_X.ae/c-m-ho/cooking/toaster/latest,Existing CM Trackers-Found,,,,,
www.CLIENT_X.es,Essential cookies (exempt from consent),CLIENT_X - Spain,JavaScript,blank (java),,,,,Existing CM Trackers-Not Found,,,,,
www.family.CLIENT_X.co.kr,Essential cookies (exempt from consent),CLIENT_X - Korea,ETag,blank (etag),,bench_update_duration,TRUE,https://www.CLIENT_X.jo/a-w/about-CLIENT_X/company-profile/company-contacts.html,Existing CM Trackers-Found,,,,,
labs.iadvize.com,Performance Cookies [Requires consent],iAdvize,JavaScript,-,,365,TRUE,https://www.CLIENT_X.ae/,Existing CM Trackers-Found,,,,,
tr.snapchat.com,Targeted Advertising cookies (including social media),Snap Inc.,Beacon,_ga_failed_lookup_marker_79_1842,,,TRUE,,Existing CM Trackers-Found,,,,,
www.usa.CLIENT_X.com,Essential cookies (exempt from consent),Koninklijke CLIENT_X N.V.,HTTP Cookie,__attentive_cco,,bench_update_duration,,,New Third Party Trackers,,,,,
www.CLIENT_X.se,Essential cookies (exempt from consent),CLIENT_X - Sweden,HTTP Cookie,kampyle_userid,,,TRUE,https://www.CLIENT_X.sa/a-w/about/news/all-news,Existing CM Trackers-Found,,,,,
linksynergy.com,Targeted Advertising Cookies (including social media) [Requires consent],Rakuten Marketing LLC,HTTP Cookie,rmuid,,bench_update_duration,TRUE,https://www.CLIENT_X.jo/a-w/about-CLIENT_X/company-profile.html,Existing CM Trackers-Found,,,,,
www.lighting.CLIENT_X.gr,Essential cookies (exempt from consent),Signify (formerly CLIENT_X Lighting),HTTP Cookie,AWSELB,,0,TRUE,http://www.CLIENT_X.jo/,Existing CM Trackers-Found,,,,,
www.CLIENT_X.com.kw,Essential cookies,CLIENT_X - Kuwait,HTTP Cookie,bench_new_T2_15994,,365,TRUE,https://www.CLIENT_X.com.kw/ar/c-m-so/media-players/latest,Existing CM Trackers-Found,,,,,
dsum-sec.casalemedia.com,Targeted Advertising cookies (including social media),Index Exchange Inc.,Beacon,bench_new_T2_15872,,,TRUE,,Existing CM Trackers-Found,,,,,
stg.CLIENT_X.ru,Essential cookies (exempt from consent),CLIENT_X - Russia,JavaScript,blank (java),,bench_update_duration,,,Existing CM Trackers-Not Found,,,,,
tst.CLIENT_X.com.mx,Essential cookies (exempt from consent),CLIENT_X - Mexico,ETag,blank (etag),,bench_update_duration,TRUE,https://www.CLIENT_X.ae/,Existing CM Trackers-Found,,,,,
CLIENT_X.co.th,Essential cookies (exempt from consent),CLIENT_X - Thailand,HTTP Cookie,TEST_AMCV_COOKIE_WRITE,,,,,Existing CM Trackers-Not Found,,,,,
www.CLIENT_X.sa,Essential cookies,CLIENT_X - Kingdom of Saudi Arabia,HTTP Cookie,bench_new_T2_15830,,365,TRUE,https://www.CLIENT_X.sa/c-m-ho/cooking/toaster/latest,Existing CM Trackers-Found,,,,,
CLIENT_X.sa,Essential cookies (exempt from consent),CLIENT_X - Kingdom of Saudi Arabia,HTTP Cookie,iAdvize:splitGroup,,bench_update_duration,,,Existing CM Trackers-Not Found,,,,,
.google.com,Targeted Advertising Cookies (including social media) [Requires consent],Google Inc.,HTTP Cookie,__Secure-ENID,,395,,,Existing CM Trackers-Not Found,,,,,
stg.CLIENT_X.com.kw,Essential cookies,CLIENT_X - Kuwait,HTTP Cookie,bench_new_T2_15837,,,,,Existing CM Trackers-Not Found,,,,,
www.CLIENT_X.ae,Essential cookies,,HTTP Cookie,_ga_failed_lookup_marker_79_1856,,,,,Existing CM Trackers-Not Found,,,,,
www.subscriptions.CLIENT_X.de,Essential cookies (exempt from consent),CLIENT_X - Germany,HTTP Cookie,eddl_gtm_qe_session_start_6523424625,,session,TRUE,https://www.CLIENT_X.com.qa/,Existing CM Trackers-Found,,,,,
www.CLIENT_X.co.in,Essential cookies (exempt from consent),CLIENT_X - India,HTTP Cookie,p-hc-catg,,bench_update_duration,TRUE,https://www.CLIENT_X.sa/,Existing CM Trackers-Found,,,,,
CLIENT_X.com.pe,Essential cookies (exempt from consent),CLIENT_X - Peru,HTTP Cookie,at_check,,bench_update_duration,TRUE,http://www.CLIENT_X.ae/,Existing CM Trackers-Found,,,,,
www.CLIENT_X.de,Essential cookies (exempt from consent),CLIENT_X - Germany,HTTP Cookie,kampyleUserSessionsCount,,bench_update_duration,TRUE,https://www.CLIENT_X.com.kw/ar/c-m-so/media-players/latest,Existing CM Trackers-Found,,,,,
CLIENT_X.co.th,Essential cookies (exempt from consent),CLIENT_X - Thailand,HTTP Cookie,li_cm_prefs_session,,400,,https://www.CLIENT_X.jo/en/c-f/XC000021443/my-CLIENT_X-fan-makes-an-unusual-noise-when-oscillating,New Third Party Trackers,,,,,
static.doubleclick.net,Targeted Advertising Cookies (including social media) [Requires consent],Google Advertising Products,JavaScript,-,,bench_update_duration,TRUE,https://www.CLIENT_X.ae/,Existing CM Trackers-Found,,,,,
CLIENT_X.jo,Essential cookies (exempt from consent),CLIENT_X - Jordan,HTTP Cookie,mbox,,,TRUE,https://www.CLIENT_X.jo/c-w/support-home/support-contact-page,Existing CM Trackers-Found,,,,,
bh.contextweb.com,Targeted Advertising Cookies (including social media) [Requires consent],"PulsePoint, Inc.",HTTP Cookie,INGRESSCOOKIE,,session,TRUE,https://www.CLIENT_X.com.kw/,Existing CM Trackers-Found,,,,,
CLIENT_X.se,Essential cookies (exempt from consent),CLIENT_X - Sweden,HTTP Cookie,s_tid,,0,TRUE,https://www.CLIENT_X.ae/,Existing CM Trackers-Found,,,,,
www.gstatic.com,Performance cookies,Google Inc.,JavaScript,_ga_failed_lookup_marker_79_1866,,,TRUE,https://www.CLIENT_X.sa/c-m-ho/cooking/toaster/latest,Existing CM Trackers-Found,,,,,
CLIENT_X.co.th,Essential cookies (exempt from consent),CLIENT_X - Thailand,HTTP Cookie,_mkto_trk,,session,TRUE,https://www.CLIENT_X.com.kw/,Existing CM Trackers-Found,,,,,
CLIENT_X.co.za,Essential cookies (exempt from consent),CLIENT_X - South Africa,HTTP Cookie,notice_behavior,,bench_update_duration,TRUE,https://www.CLIENT_X.ae/c-m-ho/cooking/toaster/latest,Existing CM Trackers-Found,,,,,
CLIENT_X.com.tw,Essential cookies (exempt from consent),CLIENT_X - Taiwan,HTTP Cookie,s_cm,,,,,Existing CM Trackers-Not Found,,,,,
CLIENT_X.com.ph,Essential cookies (exempt from consent),CLIENT_X - Philippines,HTTP Cookie,_fbp,,bench_update_duration,TRUE,https://www.CLIENT_X.com.qa/,Existing CM Trackers-Found,,,,,
www.CLIENT_X.ru,Essential cookies (exempt from consent),CLIENT_X - Russia,HTTP Cookie,_sdsat_pgm_optin,,bench_update_duration,TRUE,,Existing CM Trackers-Found,,,,,
www.lighting.CLIENT_X.com.hk,Essential cookies (exempt from consent),CLIENT_X - Hong Kong,HTTP Cookie,ltc_cf,,session,TRUE,https://www.CLIENT_X.ae/,Existing CM Trackers-Found,,,,,
www.CLIENT_X.se,Essential cookies (exempt from consent),CLIENT_X - Sweden,HTTP Cookie,RT,,bench_update_duration,TRUE,http://www.CLIENT_X.com.qa/,Existing CM Trackers-Found,,,,,
CLIENT_X.co.jp,Essential cookies (exempt from consent),CLIENT_X Electronics Corporation Japan,HTTP Cookie,TEST_AMCV_COOKIE,,90,TRUE,https://www.CLIENT_X.com.qa/,Existing CM Trackers-Found,,,,,
c.amazon-adsystem.com,Targeted Advertising cookies (including social media),Amazon Ads,JavaScript,_ga_failed_lookup_marker_79_1875,,,,,Existing CM Trackers-Not Found,,,,,
www.CLIENT_X.com.tr,Essential cookies (exempt from consent),CLIENT_X - Turkey,Beacon,blank (beacon),,180,TRUE,https://www.CLIENT_X.jo/c-e/ho/homeid-app.html,Existing CM Trackers-Found,,,,,
www.CLIENT_X.com.tw,Essential cookies (exempt from consent),CLIENT_X - Taiwan,ETag,blank (etag),,0,TRUE,https://www.CLIENT_X.sa/,Existing CM Trackers-Found,,,,,
eitri.api.useinsider.com,Targeted Advertising Cookies (including social media) [Requires consent],Insider,JavaScript,-,,,,,Existing CM Trackers-Not Found,,,,,
stg.CLIENT_X.co.id,Essential cookies (exempt from consent),CLIENT_X - Indonesia,Local Storage,blank (local storage),,,,,Existing CM Trackers-Not Found,,,,,
CLIENT_X.ua,Essential cookies (exempt from consent),CLIENT_X - Ukraine,HTTP Cookie,internalUserCheck,,,TRUE,https://www.CLIENT_X.sa/c-e/ho/air-purifier-and-air-humidifier/air-performer-series-8000.html,Existing CM Trackers-Found,,,,,
www.shop.CLIENT_X.lt,Essential cookies (exempt from consent),CLIENT_X - Lithuania,HTTP Cookie,PHPSESSID,,bench_update_duration,,https://www.CLIENT_X.ae/c-m-ho/cooking/toaster/latest,New First Party Trackers,,,,,
CLIENT_X.at,Essential cookies (exempt from consent),CLIENT_X - Austria,HTTP Cookie,_gid,,bench_update_duration,TRUE,https://www.CLIENT_X.ae/c-f/XC000019471/CLIENT_X-one-battery-replacement-instructions,Existing CM Trackers-Found,,,,,
www.crsc.CLIENT_X.com,Targeted Advertising cookies (including social media),Koninklijke CLIENT_X N.V.,JavaScript,_ga_failed_lookup_marker_79_1883,,,TRUE,https://www.CLIENT_X.ae/c-e/au/motorcycle-lights/moto-selector-tool.html,Existing CM Trackers-Found,,,,,
CLIENT_X.com.au,Essential cookies (exempt from consent),CLIENT_X - Australia,HTTP Cookie,s_vtime,,session,TRUE,https://www.CLIENT_X.ae/,Existing CM Trackers-Found,,,,,
www.patientcare.shop.CLIENT_X.com.sg,Essential cookies (exempt from consent),CLIENT_X - Singapore,HTTP Cookie,JSESSIONID,,,,https://www.CLIENT_X.ae/a-w/cookie-notice,New Third Party Trackers,,,,,
www.CLIENT_X.com.qa,Essential cookies,CLIENT_X - Qatar,HTTP Cookie,bench_new_T2_15931,,1,TRUE,https://www.CLIENT_X.com.qa/,Existing CM Trackers-Found,,,,,
www.CLIENT_X.ae,Essential cookies,CLIENT_X - Middle East Arab,HTTP Cookie,bench_new_T2_15917,,365,TRUE,https://www.CLIENT_X.ae/c-m-ho/cooking/toaster/latest,Existing CM Trackers-Found,,,,,
www.CLIENT_X.lv,Essential cookies (exempt from consent),CLIENT_X - Latvia,HTTP Cookie,kampyle_userid,,bench_update_duration,TRUE,https://www.CLIENT_X.jo/,Existing CM Trackers-Found,,,,,
www.healthcare.shop.CLIENT_X.fr,Essential cookies (exempt from consent),CLIENT_X - France,HTTP Cookie,country_currency_rememberme_cookie,,bench_update_duration,TRUE,https://www.CLIENT_X.sa/,Existing CM Trackers-Found,,,,,
www.lighting.CLIENT_X.com.vn,Essential cookies (exempt from consent),Signify (formerly CLIENT_X Lighting),HTTP Cookie,s_mc,,bench_update_duration,TRUE,https://www.CLIENT_X.com.kw/,Existing CM Trackers-Found,,,,,
CLIENT_X.co.nz,Essential cookies (exempt from consent),CLIENT_X - New Zealand,HTTP Cookie,_gcl_au,,,,,Existing CM Trackers-Not Found,,,,,
CLIENT_X.lv,Essential cookies (exempt from consent),CLIENT_X - Latvia,HTTP Cookie,s_pv,,bench_update_duration,TRUE,https://www.CLIENT_X.com.qa/,Existing CM Trackers-Found,,,,,
images.CLIENT_X.com,Essential cookies (exempt from consent),Koninklijke CLIENT_X N.V.,ETag,blank (etag),,bench_update_duration,,,Existing CM Trackers-Not Found,,,,,
CLIENT_X.sa,Essential cookies,CLIENT_X - Kingdom of Saudi Arabia,HTTP Cookie,_ga_failed_lookup_marker_79_1894,,90,,https://www.CLIENT_X.sa/,New First Party Trackers,,,,,
CLIENT_X.ca,Essential cookies (exempt from consent),CLIENT_X - Canada,HTTP Cookie,FPID,,,,,Existing CM Trackers-Not Found,,,,,
www.CLIENT_X.ro,Essential cookies (exempt from consent),CLIENT_X - Romania,HTTP Cookie,RO_Pub-cart-com,,bench_update_duration,TRUE,https://www.CLIENT_X.jo/,Existing CM Trackers-Found,,,,,
www.CLIENT_X.es,Essential cookies (exempt from consent),CLIENT_X - Spain,HTTP Cookie,liveagent_ptid,,bench_update_duration,,,Existing CM Trackers-Not Found,,,,,
dlswbr.baidu.com,Performance Cookies [Requires consent],Baidu,JavaScript,-,,bench_update_duration,,,Existing CM Trackers-Not Found,,,,,
www.lighting.CLIENT_X.ee,Essential cookies (exempt from consent),Signify (formerly CLIENT_X Lighting),HTTP Cookie,d01-layout,,,,,Existing CM Trackers-Not Found,,,,,
CLIENT_X.com.kw,Performance cookies,CLIENT_X - Kuwait,HTTP Cookie,bench_new_T2_15888,,,,,Existing CM Trackers-Not Found,,,,,
www.lighting.CLIENT_X.sa,Essential cookies,Signify (formerly CLIENT_X Lighting),HTTP Cookie,bench_new_T2_15987,,,,,Existing CM Trackers-Not Found,,,,,
www.CLIENT_X.ee,Essential cookies (exempt from consent),CLIENT_X - Republic of Estonia,HTTP Cookie,AWSELB,,bench_update_duration,TRUE,https://www.CLIENT_X.com.kw/,Existing CM Trackers-Found,,,,,
CLIENT_X.com.sg,Essential cookies (exempt from consent),CLIENT_X - Singapore,HTTP Cookie,mbox,,400,TRUE,https://www.CLIENT_X.com.kw/,Existing CM Trackers-Found,,,,,
CLIENT_X.com.hk,Essential cookies (exempt from consent),CLIENT_X - Hong Kong,HTTP Cookie,s_gnr,,,,,Existing CM Trackers-Not Found,,,,,
www.lighting.CLIENT_X.sa,Essential cookies,Signify (formerly CLIENT_X Lighting),HTTP Cookie,_ga_failed_lookup_marker_79_1905,,,,,Existing CM Trackers-Not Found,,,,,
CLIENT_X.it,Essential cookies (exempt from consent),CLIENT_X - Italy,HTTP Cookie,_y2,,0,TRUE,https://www.CLIENT_X.ae/,Existing CM Trackers-Found,,,,,
CLIENT_X.ch,Essential cookies (exempt from consent),CLIENT_X - Switzerland,HTTP Cookie,li_cm_prefs_session,,bench_update_duration,,https://www.CLIENT_X.com.qa/,New First Party Trackers,,,,,
www.CLIENT_X.hu,Essential cookies (exempt from consent),CLIENT_X - Hungary,HTTP Cookie,kampyleUserSessionsCount,,session,TRUE,https://www.CLIENT_X.sa/,Existing CM Trackers-Found,,,,,
lighting.CLIENT_X.com.sg,Essential cookies (exempt from consent),Signify (formerly CLIENT_X Lighting),HTTP Cookie,s_nr,,bench_update_duration,TRUE,https://www.CLIENT_X.com.qa/,Existing CM Trackers-Found,,,,,
CLIENT_X.bg,Essential cookies (exempt from consent),CLIENT_X - Bulgaria,HTTP Cookie,_gat_UA-XXX,,0,TRUE,https://www.CLIENT_X.jo/,Existing CM Trackers-Found,,,,,
www.CLIENT_X.com.tr,Essential cookies (exempt from consent),CLIENT_X - Turkey,HTTP Cookie,ROUTE,,,TRUE,https://www.CLIENT_X.com.qa/c-w/support-home/support-contact-page.html,Existing CM Trackers-Found,,,,,
www.shop.CLIENT_X.ee,Essential cookies (exempt from consent),CLIENT_X - Republic of Estonia,JavaScript,blank (java),,bench_update_duration,TRUE,https://www.CLIENT_X.com.qa/,Existing CM Trackers-Found,,,,,
www.CLIENT_X.no,Essential cookies (exempt from consent),CLIENT_X - Norway,HTTP Cookie,notice_settings,,,,,Existing CM Trackers-Not Found,,,,,
CLIENT_X.se,Essential cookies (exempt from consent),CLIENT_X - Sweden,HTTP Cookie,test,,bench_update_duration,,,Existing CM Trackers-Not Found,,,,,
CLIENT_X.jo,Essential cookies (exempt from consent),CLIENT_X - Jordan,HTTP Cookie,_tt_enable_cookie,,,,https://www.CLIENT_X.ae/c-m-pe/hair-removal/lumea-ipl,New Third Party Trackers,,,,,
www.CLIENT_X.ma,Essential cookies (exempt from consent),CLIENT_X - Morocco,HTTP Cookie,T01-recentlyViewedProducts,,bench_update_duration,TRUE,http://www.CLIENT_X.sa/,Existing CM Trackers-Found,,,,,
lighting.CLIENT_X.com.sg,Essential cookies (exempt from consent),Signify (formerly CLIENT_X Lighting),HTTP Cookie,test,,365,TRUE,https://www.CLIENT_X.sa/,Existing CM Trackers-Found,,,,,
www.CLIENT_X.si,Essential cookies (exempt from consent),CLIENT_X - Slovenia,HTTP Cookie,p-hc-specialty,,,,,Existing CM Trackers-Not Found,,,,,
miao.baidu.com,Performance Cookies [Requires consent],Baidu,HTTP Cookie,ab_bid,,bench_update_duration,,,Existing CM Trackers-Not Found,,,,,
CLIENT_X.lt,Essential cookies (exempt from consent),CLIENT_X - Lithuania,HTTP Cookie,notice_behavior,,bench_update_duration,,,Existing CM Trackers-Not Found,,,,,
static.cdninstagram.com,Targeted Advertising Cookies (including social media) [Requires consent],Instagram,JavaScript,-,,bench_update_duration,TRUE,https://www.CLIENT_X.ae/c-m-ho/ironing/latest,Existing CM Trackers-Found,,,,,
www.CLIENT_X.ru,Essential cookies (exempt from consent),CLIENT_X - Russia,HTTP Cookie,kampyleUserSessionsCount,,bench_update_duration,TRUE,https://www.CLIENT_X.ae/,Existing CM Trackers-Found,,,,,
CLIENT_X.sk,Essential cookies (exempt from consent),CLIENT_X - Slovakia,HTTP Cookie,zScalerUser,,bench_update_duration,TRUE,https://www.CLIENT_X.com.kw/ar/c-m-so/media-players/latest,Existing CM Trackers-Found,,,,,
www.lighting.CLIENT_X.lv,Essential cookies (exempt from consent),Signify (formerly CLIENT_X Lighting),HTTP Cookie,s_mc,,365,TRUE,https://www.CLIENT_X.sa/c-m-ho/cooking/toaster/latest,Existing CM Trackers-Found,,,,,
www.CLIENT_X.com.pe,Essential cookies (exempt from consent),CLIENT_X - Peru,HTTP Cookie,kampyleSessionPageCounter,,180,TRUE,https://www.CLIENT_X.jo/,Existing CM Trackers-Found,,,,,
tracker-detail-page.trustarc.com,Essential cookies,TrustArc,ETag,_ga_failed_lookup_marker_79_1926,,,,https://www.CLIENT_X.ae/a-w/cookie-notice,New Third Party Trackers,,,,,
tracker-detail-page.trustarc.com,Essential cookies,TrustArc,JavaScript,_ga_failed_lookup_marker_79_1927,,,,https://www.CLIENT_X.ae/a-w/cookie-notice,New Third Party Trackers,,,,,
CLIENT_X.co.uk,Essential cookies (exempt from consent),CLIENT_X - United Kingdom,HTTP Cookie,da_sid,,bench_update_duration,,http://www.CLIENT_X.jo/,New First Party Trackers,,,,,
www.CLIENT_X.jo,Essential cookies,CLIENT_X - Jordan,HTTP Cookie,bench_new_T2_15811,,1,TRUE,http://www.CLIENT_X.jo/,Existing CM Trackers-Found,,,,,
www.CLIENT_X.com.br,Essential cookies (exempt from consent),CLIENT_X - Brazil,HTTP Cookie,liveagent_ptid,,bench_update_duration,,https://www.CLIENT_X.ae/,New First Party Trackers,,,,,
www.CLIENT_X.com.kw,Essential cookies,,HTTP Cookie,bench_new_T2_15913,,,,,Existing CM Trackers-Not Found,,,,,
www.CLIENT_X.com.qa,Essential cookies,,HTTP Cookie,bench_new_T2_15919,,,,,Existing CM Trackers-Not Found,,,,,
CLIENT_X.nl,Essential cookies (exempt from consent),CLIENT_X - Netherlands,HTTP Cookie,s_eVar42,,bench_update_duration,,,Existing CM Trackers-Not Found,,,,,
CLIENT_X.dk,Essential cookies (exempt from consent),CLIENT_X - Denmark,HTTP Cookie,_fbp,,,TRUE,https://www.CLIENT_X.ae/c-f/XC000021994/how-to-clean-the-dust-bucket-and-filter-of-my-CLIENT_X-1000-series-bagless-vacuum-cleaner,Existing CM Trackers-Found,,,,,
www.CLIENT_X.rs,Essential cookies (exempt from consent),CLIENT_X - Serbia,HTTP Cookie,user_country,,bench_update_duration,TRUE,http://www.CLIENT_X.jo/,Existing CM Trackers-Found,,,,,
CLIENT_X.gr,Essential cookies (exempt from consent),CLIENT_X - Greece,HTTP Cookie,li_cm_prefs_session,,bench_update_duration,,,Existing CM Trackers-Not Found,,,,,
CLIENT_X.com.au,Essential cookies (exempt from consent),CLIENT_X - Australia,HTTP Cookie,coveo_visitorId,,bench_update_duration,TRUE,https://www.CLIENT_X.ae/,Existing CM Trackers-Found,,,,,
CLIENT_X.at,Essential cookies (exempt from consent),CLIENT_X - Austria,HTTP Cookie,s_cc,,bench_update_duration,,,Existing CM Trackers-Not Found,,,,,
www.tienda.CLIENT_X.com.mx,Essential cookies (exempt from consent),CLIENT_X - Mexico,HTTP Cookie,hideCookiesTrigger,,0,TRUE,https://www.CLIENT_X.jo/,Existing CM Trackers-Found,,,,,
www.respirtech.com,Essential cookies (exempt from consent),RespirTech,HTTP Cookie,kampyle_userid,,,TRUE,https://www.CLIENT_X.jo/en/healthcare/product/HC722227/azurion-5-m12-image-guided-therapy-system,Existing CM Trackers-Found,,,,,
CLIENT_X.com.qa,Essential cookies,CLIENT_X - Qatar,HTTP Cookie,_ga_failed_lookup_marker_79_1941,,session,TRUE,https://www.CLIENT_X.com.qa/,Existing CM Trackers-Found,,,,,
www.lighting.CLIENT_X.bg,Essential cookies (exempt from consent),Signify (formerly CLIENT_X Lighting),Beacon,blank (beacon),,bench_update_duration,TRUE,https://www.CLIENT_X.ae/c-m-ho/ironing/latest,Existing CM Trackers-Found,,,,,
CLIENT_X.co.in,Essential cookies (exempt from consent),CLIENT_X - India,HTTP Cookie,s_gnr,,60,TRUE,https://www.CLIENT_X.jo/,Existing CM Trackers-Found,,,,,
CLIENT_X.co.uk,Essential cookies (exempt from consent),CLIENT_X - United Kingdom,HTTP Cookie,_schn2,,bench_update_duration,TRUE,https://www.CLIENT_X.jo/a-w/about-CLIENT_X/company-profile.html,Existing CM Trackers-Found,,,,,
www.CLIENT_X.se,Essential cookies (exempt from consent),CLIENT_X - Sweden,HTTP Cookie,p-hc-specialty,,7,,https://www.CLIENT_X.com.kw/ar/c-m-so/media-players/latest,New First Party Trackers,,,,,
CLIENT_X.de,Essential cookies (exempt from consent),CLIENT_X - Germany,HTTP Cookie,s_eVar42,,bench_update_duration,,,Existing CM Trackers-Not Found,,,,,
stg.accounts.CLIENT_X.com,Targeted Advertising cookies (including social media),Koninklijke CLIENT_X N.V.,ETag,bench_new_T2_15875,,,,,Existing CM Trackers-Not Found,,,,,
www.CLIENT_X.lv,Essential cookies (exempt from consent),CLIENT_X - Latvia,HTTP Cookie,kampyleUserSessionsCount,,session,TRUE,https://www.CLIENT_X.com.kw/,Existing CM Trackers-Found,,,,,
t.tailtarget.com,Targeted Advertising Cookies (including social media) [Requires consent],Tail Target,HTTP Cookie,_ssc,,1,,,Existing CM Trackers-Not Found,,,,,
CLIENT_X.ua,Essential cookies (exempt from consent),CLIENT_X - Ukraine,HTTP Cookie,_ga,,,,,Existing CM Trackers-Not Found,,,,,
www.domesticappliances.CLIENT_X.co.in,Essential cookies (exempt from consent),CLIENT_X - India,Beacon,blank (beacon),,365,TRUE,https://www.CLIENT_X.ae/c-m-ho/cooking/toaster/latest,Existing CM Trackers-Found,,,,,
www.CLIENT_X.com.kw,Essential cookies,,HTTP Cookie,_ga_failed_lookup_marker_79_1952,,,,,Existing CM Trackers-Not Found,,,,,
www.healthcare.shop.CLIENT_X.co.uk,Essential cookies (exempt from consent),CLIENT_X - United Kingdom,HTTP Cookie,kampyle_userid,,0,,https://www.CLIENT_X.sa/c-m-ho/cooking/toaster/latest,New First Party Trackers,,,,,
www.CLIENT_X.com.kw,Essential cookies,CLIENT_X - Kuwait,HTTP Cookie,bench_new_T2_15901,,365,TRUE,https://www.CLIENT_X.com.kw/ar/c-m-so/media-players/latest,Existing CM Trackers-Found,,,,,
s334834414.t.eloqua.com,Performance cookies,Oracle Marketing,JavaScript,_ga_failed_lookup_marker_79_1955,,,,https://www.CLIENT_X.com.qa/healthcare/product/HC722227,New Third Party Trackers,,,,,
www.CLIENT_X.lv,Performance Cookies [Requires consent],CLIENT_X - Latvia,ETag,-,,,,,Existing CM Trackers-Not Found,,,,,
www.healthcare.shop.CLIENT_X.nl,Essential cookies (exempt from consent),CLIENT_X - Netherlands,HTTP Cookie,isBrowserPopUp,,session,TRUE,http://www.CLIENT_X.jo/,Existing CM Trackers-Found,,,,,
6417571.fls.doubleclick.net,Targeted Advertising Cookies (including social media) [Requires consent],Google Advertising Products,Beacon,-,,7,TRUE,https://www.CLIENT_X.sa/,Existing CM Trackers-Found,,,,,
www.CLIENT_X.ie,Essential cookies (exempt from consent),CLIENT_X - Ireland,JavaScript,blank (java),,,,,Existing CM Trackers-Not Found,,,,,
CLIENT_X.hr,Essential cookies (exempt from consent),CLIENT_X - Croatia,HTTP Cookie,TAsessionID,,,,,Existing CM Trackers-Not Found,,,,,
CLIENT_X.com.eg,Essential cookies (exempt from consent),CLIENT_X - Egypt,HTTP Cookie,_gid,,bench_update_duration,,https://www.CLIENT_X.com.kw/,New First Party Trackers,,,,,
CLIENT_X.com.qa,Essential cookies,CLIENT_X - Qatar,HTTP Cookie,bench_new_T2_15940,,90,,https://www.CLIENT_X.com.qa/,New First Party Trackers,,,,,
CLIENT_X.com.kw,Essential cookies (exempt from consent),CLIENT_X - Kuwait,HTTP Cookie,s_gnr,,90,TRUE,https://www.CLIENT_X.com.kw/,Existing CM Trackers-Found,,,,,
CLIENT_X.jo,Essential cookies,CLIENT_X - Jordan,HTTP Cookie,_ga_failed_lookup_marker_79_1964,,session,TRUE,https://www.CLIENT_X.jo/,Existing CM Trackers-Found,,,,,
www.CLIENT_X.sk,Essential cookies (exempt from consent),CLIENT_X - Slovakia,HTTP Cookie,user_country,,,TRUE,https://www.CLIENT_X.sa/en/a-w/about.html,Existing CM Trackers-Found,,,,,
CLIENT_X.com.qa,Essential cookies,CLIENT_X - Qatar,HTTP Cookie,bench_new_T2_15895,,,,,Existing CM Trackers-Not Found,,,,,
usr.navdmp.com,Targeted Advertising Cookies (including social media) [Requires consent],Navegg,JavaScript,-,,0,TRUE,https://www.CLIENT_X.jo/,Existing CM Trackers-Found,,,,,
www.CLIENT_X.gr,Essential cookies (exempt from consent),CLIENT_X - Greece,Local Storage,blank (local storage),,,,,Existing CM Trackers-Not Found,,,,,
lighting.CLIENT_X.com.ar,Essential cookies (exempt from consent),Signify (formerly CLIENT_X Lighting),HTTP Cookie,com.adobe.alloy.getTld,,bench_update_duration,,,Existing CM Trackers-Not Found,,,,,
www.lighting.CLIENT_X.com.vn,Essential cookies (exempt from consent),Signify (formerly CLIENT_X Lighting),JavaScript,blank (java),,,,,Existing CM Trackers-Not Found,,,,,
www.lighting.CLIENT_X.ua,Essential cookies (exempt from consent),Signify (formerly CLIENT_X Lighting),ETag,blank (etag),,bench_update_duration,TRUE,https://www.CLIENT_X.ae/c-w/support-home/support-contact-page.html,Existing CM Trackers-Found,,,,,
CLIENT_X.com.kw,Essential cookies,CLIENT_X - Kuwait,HTTP Cookie,bench_new_T2_15860,,,,,Existing CM Trackers-Not Found,,,,,
www.CLIENT_X.com.vn,Essential cookies (exempt from consent),CLIENT_X - Vietnam,HTTP Cookie,AWSELBCORS,,0,TRUE,https://www.CLIENT_X.sa/,Existing CM Trackers-Found,,,,,
www.lighting.CLIENT_X.com.my,Essential cookies (exempt from consent),Signify (formerly CLIENT_X Lighting),JavaScript,blank (java),,bench_update_duration,TRUE,https://www.CLIENT_X.com.qa/,Existing CM Trackers-Found,,,,,
subscription.CLIENT_X.at,Essential cookies (exempt from consent),CLIENT_X - Austria,HTTP Cookie,TAsessionID,,729,TRUE,https://www.CLIENT_X.sa/c-m-ho/cooking/toaster/latest,Existing CM Trackers-Found,,,,,
www.CLIENT_X.com,Essential cookies,Koninklijke CLIENT_X N.V.,ETag,bench_new_T2_15973,,,TRUE,https://www.CLIENT_X.sa/a-w/about/news/all-news,Existing CM Trackers-Found,,,,,
www.subscriptions.CLIENT_X.de,Essential cookies (exempt from consent),CLIENT_X - Germany,HTTP Cookie,fl_qualified_entry,,bench_update_duration,,,Existing CM Trackers-Not Found,,,,,
CLIENT_X.co.za,Essential cookies (exempt from consent),CLIENT_X - South Africa,HTTP Cookie,_hjTLDTest,,bench_update_duration,TRUE,https://www.CLIENT_X.com.kw/,Existing CM Trackers-Found,,,,,
CLIENT_X.com.ar,Essential cookies (exempt from consent),CLIENT_X - Argentina,HTTP Cookie,s_pv,,729,,,Existing CM Trackers-Not Found,,,,,
CLIENT_X.com.tr,Essential cookies (exempt from consent),CLIENT_X - Turkey,HTTP Cookie,FPLC,,,,,Existing CM Trackers-Not Found,,,,,
targeting.unrulymedia.com,Targeted Advertising Cookies (including social media) [Requires consent],Unruly Group Ltd,HTTP Cookie,_rxuuid,,bench_update_duration,,,Existing CM Trackers-Not Found,,,,,
www.healthcare.shop.CLIENT_X.it,Essential cookies (exempt from consent),CLIENT_X - Italy,HTTP Cookie,kampyleSessionPageCounter,,bench_update_duration,TRUE,https://www.CLIENT_X.com.kw/ar/c-m-so/media-players/latest,Existing CM Trackers-Found,,,,,
www.CLIENT_X.co.za,Essential cookies (exempt from consent),CLIENT_X - South Africa,HTTP Cookie,kampylePageLoadedTimestamp,,bench_update_duration,TRUE,http://www.CLIENT_X.jo/,Existing CM Trackers-Found,,,,,
www.CLIENT_X.com.tw,Essential cookies (exempt from consent),CLIENT_X - Taiwan,Beacon,blank (beacon),,bench_update_duration,TRUE,https://www.CLIENT_X.ae/c-m-ho/ironing/latest,Existing CM Trackers-Found,,,,,
CLIENT_X.co.ke,Essential cookies (exempt from consent),CLIENT_X - Kenya,HTTP Cookie,_tt_enable_cookie,,0,TRUE,https://www.CLIENT_X.ae/c-m-ho/cooking/toaster/latest,Existing CM Trackers-Found,,,,,
www.CLIENT_X.com.sg,Essential cookies (exempt from consent),CLIENT_X - Singapore,HTTP Cookie,_yi,,session,TRUE,https://www.CLIENT_X.com.kw/,Existing CM Trackers-Found,,,,,
CLIENT_X.cz,Essential cookies (exempt from consent),CLIENT_X - Czech Republic,HTTP Cookie,s_eVar44,,bench_update_duration,TRUE,https://www.CLIENT_X.com.qa/,Existing CM Trackers-Found,,,,,
CLIENT_X.ee,Essential cookies (exempt from consent),CLIENT_X - Republic of Estonia,HTTP Cookie,TEST_AMCV_COOKIE_WRITE,,bench_update_duration,TRUE,http://www.CLIENT_X.jo/,Existing CM Trackers-Found,,,,,
CLIENT_X.com.ar,Essential cookies (exempt from consent),CLIENT_X - Argentina,HTTP Cookie,biggy-session-tccommercear,,bench_update_duration,,,New Third Party Trackers,,,,,
store-CLIENT_X.tw,Essential cookies (exempt from consent),CLIENT_X Store - Taiwan,HTTP Cookie,_gid,,bench_update_duration,,,Existing CM Trackers-Not Found,,,,,
www.CLIENT_X.co.il,Essential cookies (exempt from consent),CLIENT_X - Israel,HTTP Cookie,kampyleSessionPageCounter,,bench_update_duration,TRUE,https://www.CLIENT_X.ae/c-m-ho/cooking/toaster/latest,Existing CM Trackers-Found,,,,,
www.CLIENT_X.hu,Essential cookies (exempt from consent),CLIENT_X - Hungary,HTTP Cookie,p-gc35,,bench_update_duration,TRUE,https://www.CLIENT_X.jo/,Existing CM Trackers-Found,,,,,
CLIENT_X.com.br,Essential cookies (exempt from consent),CLIENT_X - Brazil,HTTP Cookie,_gdXXX,,bench_update_duration,TRUE,https://www.CLIENT_X.ae/,Existing CM Trackers-Found,,,,,
www.CLIENT_X.nl,Essential cookies (exempt from consent),CLIENT_X - Netherlands,HTTP Cookie,kampyle_userid,,bench_update_duration,TRUE,https://www.CLIENT_X.com.kw/,Existing CM Trackers-Found,,,,,
www.CLIENT_X.com.qa,Essential cookies,CLIENT_X - Qatar,Beacon,_ga_failed_lookup_marker_79_1995,,,TRUE,,Existing CM Trackers-Found,,,,,
CLIENT_X.com.hk,Essential cookies (exempt from consent),CLIENT_X - Hong Kong,HTTP Cookie,TAsessionID,,,,,Existing CM Trackers-Not Found,,,,,
CLIENT_X.com.kw,Essential cookies (exempt from consent),CLIENT_X - Kuwait,HTTP Cookie,FPLC,,bench_update_duration,TRUE,https://www.CLIENT_X.sa/,Existing CM Trackers-Found,,,,,
www.lighting.CLIENT_X.com.au,Essential cookies (exempt from consent),Signify (formerly CLIENT_X Lighting),JavaScript,blank (java),,bench_update_duration,TRUE,https://www.CLIENT_X.sa/,Existing CM Trackers-Found,,,,,
CLIENT_X.com.cn,Essential cookies (exempt from consent),CLIENT_X - China,HTTP Cookie,s_ppv,,bench_update_duration,,,Existing CM Trackers-Not Found,,,,,
