tracking_domain,consent_category,vendor_name,tracker_type,tracker_name,tracker_purpose,tracker_duration,3rd_party_sharing,first_found_at,party_type,vendor_description,modified,consent_category_new,tracker_purpose_[language code],vendor_description_[language code]
linkedin.com,Targeted Advertising cookies (including social media),LinkedIn,HTTP Cookie,bench_new_T3_6186,,365,TRUE,https://www.CLIENT_X.bg/c-e/ho/air-purifier-and-air-humidifier/air-care.html,Existing CM Trackers-Found,,,,,
snap.licdn.com,Performance cookies,LinkedIn,JavaScript,bench_new_T3_4901,,,TRUE,https://www.CLIENT_X.bg/c-e/ho/air-purifier-and-air-humidifier/air-care.html,Existing CM Trackers-Found,,,,,
images.CLIENT_X.com,Essential cookies,Koninklijke CLIENT_X N.V.,JavaScript,bench_new_T3_5164,,,TRUE,https://www.CLIENT_X.bg/healthcare/product/HC881101,Existing CM Trackers-Found,,,,,
*.org.coveo.com,Performance cookies,Coveo Solutions Inc.,Beacon,_ga_failed_lookup_marker_3_3,,,,https://www.CLIENT_X.bg/c-w/search.html,New Third Party Trackers,,,,,
images.CLIENT_X.com,Essential cookies,Koninklijke CLIENT_X N.V.,JavaScript,bench_new_T3_5029,,,TRUE,https://www.CLIENT_X.bg/healthcare/product/HC881101,Existing CM Trackers-Found,,,,,
www.CLIENT_X.bg,Performance cookies,CLIENT_X - Bulgaria,HTTP Cookie,bench_new_T3_5208,,,,,Existing CM Trackers-Not Found,,,,,
beacon.speedcurve.com,Performance cookies,Speedcurve,Beacon,bench_new_T3_6139,,,,https://www.CLIENT_X.bg/c-m-au/car-lights,New Third Party Trackers,,,,,
CLIENT_X.bg,Essential cookies,CLIENT_X - Bulgaria,HTTP Cookie,_ga_failed_lookup_marker_3_7,,session,,https://www.CLIENT_X.bg/,New First Party Trackers,,,,,
www.google.com,Targeted Advertising cookies (including social media),Google Inc.,JavaScript,bench_new_T3_4978,,,TRUE,https://www.CLIENT_X.bg/c-m-ho/vacuum-cleaner-accessories,Existing CM Trackers-Found,,,,,
CLIENT_X.bg,Essential cookies,CLIENT_X - Bulgaria,HTTP Cookie,bench_new_T3_5220,,,,,Existing CM Trackers-Not Found,,,,,
region1.google-analytics.com,Performance cookies,Google Inc.,Beacon,bench_new_T3_5894,,,,,Existing CM Trackers-Not Found,,,,,
analytics.tiktok.com,Targeted Advertising cookies (including social media),TikTok,JavaScript,bench_new_T3_4846,,,TRUE,http://www.CLIENT_X.bg/,Existing CM Trackers-Found,,,,,
CLIENT_X.bg,Essential cookies,CLIENT_X - Bulgaria,HTTP Cookie,bench_new_T3_5564,,,,,Existing CM Trackers-Not Found,,,,,
static.cloud.coveo.com,Targeted Advertising cookies (including social media),Coveo Solutions Inc.,JavaScript,_ga_failed_lookup_marker_3_13,,,TRUE,https://www.CLIENT_X.bg/healthcare/about/support/resource-center/results,Existing CM Trackers-Found,,,,,
acdn-digitaltrans-01-p.azureedge.net,Targeted Advertising cookies (including social media),Microsoft,JavaScript,bench_new_T3_4868,,,TRUE,https://www.CLIENT_X.bg/c-m-pe/toothbrush-heads/diamondclean/latest,Existing CM Trackers-Found,,,,,
CLIENT_X.co.id,Essential cookies (exempt from consent),CLIENT_X - Indonesia,HTTP Cookie,s_cm_direct,,bench_update_duration,TRUE,https://www.CLIENT_X.bg/,Existing CM Trackers-Found,,,,,
*.casalemedia.com,Targeted Advertising cookies (including social media),Index Exchange Inc.,Beacon,bench_new_T3_5593,,,,https://www.CLIENT_X.bg/a-w/cookie-notice,Existing CM Trackers-Found,,,,,
t.adx.opera.com,Targeted Advertising Cookies (including social media) [Requires consent],Opera Software Ireland Limited,Beacon,-,,,,,Existing CM Trackers-Not Found,,,,,
images.CLIENT_X.com,Essential cookies,Koninklijke CLIENT_X N.V.,ETag,bench_new_T3_4841,,,TRUE,https://www.CLIENT_X.bg/c-e/pe/CLIENT_X-oneblade-intimate.html,Existing CM Trackers-Found,,,,,
CLIENT_Xb2c.my.site.com,Performance cookies,"Salesforce.com, Inc.",Beacon,bench_new_T3_6061,,,TRUE,https://www.CLIENT_X.bg/c-w/support-home/support-contact-page,Existing CM Trackers-Found,,,,,
www.CLIENT_X.bg,Performance cookies,CLIENT_X - Bulgaria,HTTP Cookie,bench_new_T3_5728,,,,,Existing CM Trackers-Not Found,,,,,
tr.snapchat.com,Targeted Advertising cookies (including social media),Snap Inc.,Beacon,bench_new_T3_5231,,,TRUE,https://www.CLIENT_X.bg/c-e/ho/air-purifier-and-air-humidifier/air-care.html,Existing CM Trackers-Found,,,,,
www.lighting.CLIENT_X.bg,Essential cookies,Signify (formerly CLIENT_X Lighting),HTTP Cookie,bench_new_T3_5866,,,,,Existing CM Trackers-Not Found,,,,,
dpm.demdex.net,Targeted Advertising cookies (including social media),"Adobe Audience Manager, Adobe Experience Cloud",HTTP Cookie,bench_new_T3_5608,,,,,Existing CM Trackers-Not Found,,,,,
www.CLIENT_X.bg,Essential cookies,CLIENT_X - Bulgaria,JavaScript,bench_new_T3_5737,,,TRUE,http://www.CLIENT_X.bg/,Existing CM Trackers-Found,,,,,
www.CLIENT_X.bg,Essential cookies,CLIENT_X - Bulgaria,HTTP Cookie,bench_new_T3_4809,,365,TRUE,https://www.CLIENT_X.bg/,Existing CM Trackers-Found,,,,,
CLIENT_Xlighting.d3.sc.omtrdc.net,Performance cookies,"Adobe Audience Manager, Adobe Experience Cloud",JavaScript,bench_new_T3_4972,,,,,Existing CM Trackers-Not Found,,,,,
googleads.g.doubleclick.net,Targeted Advertising cookies (including social media),Google Advertising Products,Beacon,bench_new_T3_4955,,,TRUE,http://www.CLIENT_X.bg/,Existing CM Trackers-Found,,,,,
CLIENT_X.bg,Essential cookies,CLIENT_X - Bulgaria,HTTP Cookie,bench_new_T3_5070,,400,TRUE,https://www.CLIENT_X.bg/,Existing CM Trackers-Found,,,,,
eloqua.com,Targeted Advertising cookies (including social media),Oracle Marketing,HTTP Cookie,bench_new_T3_4960,,393,TRUE,https://www.CLIENT_X.bg/healthcare,Existing CM Trackers-Found,,,,,
www.googleadservices.com,Targeted Advertising cookies (including social media),Google Advertising Products,ETag,bench_new_T3_5535,,,,,Existing CM Trackers-Not Found,,,,,
CLIENT_Xb2c.my.site.com,Performance cookies,"Salesforce.com, Inc.",JavaScript,_ga_failed_lookup_marker_3_31,,,TRUE,https://www.CLIENT_X.bg/c-w/support-home/support-contact-page,Existing CM Trackers-Found,,,,,
beacon.speedcurve.com,Performance cookies,Speedcurve,Beacon,bench_new_T3_4870,,,,https://www.CLIENT_X.bg/c-m-au/car-lights,New Third Party Trackers,,,,,
cdn.channelsight.com,Essential cookies,ChannelSight,ETag,bench_new_T3_6094,,,TRUE,https://www.CLIENT_X.bg/c-e/ho/cooking/multicooker-all-in-one.html,Existing CM Trackers-Found,,,,,
tag.demandbase.com,Targeted Advertising cookies (including social media),"Demandbase, Inc.",JavaScript,_ga_failed_lookup_marker_3_34,,,TRUE,https://www.CLIENT_X.bg/a-w/cookie-notice,Existing CM Trackers-Found,,,,,
www.CLIENT_X.bg,Essential cookies,CLIENT_X - Bulgaria,HTTP Cookie,bench_new_T3_5691,,,,,Existing CM Trackers-Not Found,,,,,
CLIENT_X.bg,Essential cookies,CLIENT_X - Bulgaria,HTTP Cookie,bench_new_T3_6274,,,,,Existing CM Trackers-Not Found,,,,,
company-target.com,Targeted Advertising cookies (including social media),"Demandbase, Inc.",HTTP Cookie,bench_new_T3_5649,,396,TRUE,https://www.CLIENT_X.bg/a-w/cookie-notice,Existing CM Trackers-Found,,,,,
CLIENT_X.bg,Essential cookies,CLIENT_X - Bulgaria,HTTP Cookie,bench_new_T3_6375,,90,TRUE,https://www.CLIENT_X.bg/,Existing CM Trackers-Found,,,,,
ajax.googleapis.com,Performance cookies,Google Inc.,JavaScript,bench_new_T3_6032,,,,,Existing CM Trackers-Not Found,,,,,
snap.licdn.com,Performance cookies,LinkedIn,JavaScript,bench_new_T3_5238,,,TRUE,https://www.CLIENT_X.bg/c-e/ho/air-purifier-and-air-humidifier/air-care.html,Existing CM Trackers-Found,,,,,
www.google.com,Targeted Advertising cookies (including social media),Google Inc.,Beacon,bench_new_T3_5995,,,TRUE,http://www.CLIENT_X.bg/,Existing CM Trackers-Found,,,,,
www.CLIENT_X.bg,Essential cookies,CLIENT_X - Bulgaria,JavaScript,bench_new_T3_5302,,,TRUE,http://www.CLIENT_X.bg/,Existing CM Trackers-Found,,,,,
observability.prod.bazaarvoice.com,Performance cookies,"Bazaarvoice, Inc.",ETag,bench_new_T3_6054,,,,https://www.CLIENT_X.bg/c-e/ho/coffee-category.html,New Third Party Trackers,,,,,
CLIENT_X.co.in,Essential cookies (exempt from consent),CLIENT_X - India,HTTP Cookie,_mkto_trk,,,TRUE,https://www.CLIENT_X.bg/c-e/ho/cooking/multicooker-all-in-one.html,Existing CM Trackers-Found,,,,,
dpm.demdex.net,Targeted Advertising cookies (including social media),"Adobe Audience Manager, Adobe Experience Cloud",Beacon,bench_new_T3_5626,,,,,Existing CM Trackers-Not Found,,,,,
www.youtube.com,Targeted Advertising cookies (including social media),Google Advertising Products,JavaScript,bench_new_T3_5186,,,TRUE,https://www.CLIENT_X.bg/c-e/au/car-lights/automotive-articles.html,Existing CM Trackers-Found,,,,,
www.CLIENT_X.bg,Performance cookies,CLIENT_X - Bulgaria,HTTP Cookie,_ga_failed_lookup_marker_3_47,,,,,Existing CM Trackers-Not Found,,,,,
cdn.mouseflow.com,Performance cookies,Mouseflow,JavaScript,bench_new_T3_6355,,,,https://www.CLIENT_X.bg/c-e/pe/oral-healthcare.html,New Third Party Trackers,,,,,
CLIENT_X.bg,Essential cookies,CLIENT_X - Bulgaria,HTTP Cookie,bench_new_T3_6340,,400,TRUE,https://www.CLIENT_X.bg/,Existing CM Trackers-Found,,,,,
*.t.eloqua.com,Performance cookies,Oracle Marketing,JavaScript,bench_new_T3_4882,,,,https://www.CLIENT_X.bg/healthcare,New Third Party Trackers,,,,,
recaptcha.net,Performance cookies,Google Inc.,Local Storage,bench_new_T3_6327,,,,,Existing CM Trackers-Not Found,,,,,
CLIENT_X.bg,Essential cookies,CLIENT_X - Bulgaria,HTTP Cookie,bench_new_T3_5677,,90,,https://www.CLIENT_X.bg/,New First Party Trackers,,,,,
CLIENT_X.bg,Essential cookies,CLIENT_X - Bulgaria,HTTP Cookie,bench_new_T3_4924,,393,TRUE,https://www.CLIENT_X.bg/,Existing CM Trackers-Found,,,,,
CLIENT_X.co.nz,Essential cookies (exempt from consent),CLIENT_X - New Zealand,HTTP Cookie,s_pv,,bench_update_duration,,,Existing CM Trackers-Not Found,,,,,
CLIENT_X.bg,Essential cookies,CLIENT_X - Bulgaria,HTTP Cookie,bench_new_T3_4855,,0,TRUE,https://www.CLIENT_X.bg/,Existing CM Trackers-Found,,,,,
www.CLIENT_X.bg,Essential cookies,CLIENT_X - Bulgaria,HTTP Cookie,bench_new_T3_6279,,365,TRUE,https://www.CLIENT_X.bg/,Existing CM Trackers-Found,,,,,
www.crsc.lighting.CLIENT_X.com,Performance cookies,Signify (formerly CLIENT_X Lighting),JavaScript,bench_new_T3_6109,,,,,Existing CM Trackers-Not Found,,,,,
*.casalemedia.com,Targeted Advertising cookies (including social media),Index Exchange Inc.,Beacon,bench_new_T3_5556,,,,https://www.CLIENT_X.bg/a-w/cookie-notice,Existing CM Trackers-Found,,,,,
CLIENT_X.bg,Essential cookies,CLIENT_X - Bulgaria,HTTP Cookie,bench_new_T3_5981,,,,,Existing CM Trackers-Not Found,,,,,
rendertool.lighting.CLIENT_X.com,Targeted Advertising cookies (including social media),Koninklijke CLIENT_X N.V.,Local Storage,bench_new_T3_4934,,,,,Existing CM Trackers-Not Found,,,,,
CLIENT_X.com.sg,Essential cookies (exempt from consent),CLIENT_X - Singapore,HTTP Cookie,s_vtime,,bench_update_duration,TRUE,https://www.CLIENT_X.bg/,Existing CM Trackers-Found,,,,,
www.CLIENT_X.bg,Essential cookies,CLIENT_X - Bulgaria,HTTP Cookie,_ga_failed_lookup_marker_3_62,,365,TRUE,https://www.CLIENT_X.bg/,Existing CM Trackers-Found,,,,,
doubleclick.net,Targeted Advertising cookies (including social media),Google Advertising Products,HTTP Cookie,bench_new_T3_5062,,29,TRUE,https://www.CLIENT_X.bg/,Existing CM Trackers-Found,,,,,
cdnjs.cloudflare.com,Performance cookies,Cloudflare,ETag,bench_new_T3_4905,,,,,Existing CM Trackers-Not Found,,,,,
www.CLIENT_X.bg,Essential cookies,CLIENT_X - Bulgaria,HTTP Cookie,bench_new_T3_5143,,0,,https://www.CLIENT_X.bg/,New First Party Trackers,,,,,
www.gstatic.com,Performance cookies,Google Inc.,JavaScript,bench_new_T3_5953,,,TRUE,https://www.CLIENT_X.bg/c-m-ho/vacuum-cleaner-accessories,Existing CM Trackers-Found,,,,,
company-target.com,Targeted Advertising cookies (including social media),"Demandbase, Inc.",HTTP Cookie,bench_new_T3_6289,,396,TRUE,https://www.CLIENT_X.bg/a-w/cookie-notice,Existing CM Trackers-Found,,,,,
CLIENT_X.bg,Essential cookies,CLIENT_X - Bulgaria,HTTP Cookie,bench_new_T3_5357,,session,TRUE,https://www.CLIENT_X.bg/,Existing CM Trackers-Found,,,,,
pages.information.signify.com,Performance cookies,Signify (formerly CLIENT_X Lighting),HTTP Cookie,bench_new_T3_5412,,,,,Existing CM Trackers-Not Found,,,,,
www.google.com,Essential cookies,Google Inc.,HTTP Cookie,bench_new_T3_6305,,180,TRUE,https://www.CLIENT_X.bg/c-m-pe/accessories-and-replacements,Existing CM Trackers-Found,,,,,
www.gstatic.com,Performance cookies,Google Inc.,JavaScript,bench_new_T3_5466,,,TRUE,https://www.CLIENT_X.bg/c-m-ho/vacuum-cleaner-accessories,Existing CM Trackers-Found,,,,,
tr.snapchat.com,Targeted Advertising cookies (including social media),Snap Inc.,JavaScript,_ga_failed_lookup_marker_3_72,,,TRUE,https://www.CLIENT_X.bg/c-e/ho/coffee/lattego-series.html,Existing CM Trackers-Found,,,,,
stats.g.doubleclick.net,Targeted Advertising cookies (including social media),Google Advertising Products,Beacon,bench_new_T3_5861,,,TRUE,http://www.CLIENT_X.bg/,Existing CM Trackers-Found,,,,,
CLIENT_X.bg,Essential cookies,CLIENT_X - Bulgaria,HTTP Cookie,bench_new_T3_6113,,400,TRUE,https://www.CLIENT_X.bg/,Existing CM Trackers-Found,,,,,
CLIENT_X.bg,Performance cookies,CLIENT_X - Bulgaria,HTTP Cookie,bench_new_T3_4992,,,,,Existing CM Trackers-Not Found,,,,,
lighting.CLIENT_X.bg,Essential cookies,Signify (formerly CLIENT_X Lighting),HTTP Cookie,bench_new_T3_6275,,,,,Existing CM Trackers-Not Found,,,,,
www.google.com,Essential cookies,Google Inc.,HTTP Cookie,bench_new_T3_5956,,180,TRUE,https://www.CLIENT_X.bg/c-m-pe/accessories-and-replacements,Existing CM Trackers-Found,,,,,
widget-cdn.janraincapture.com,Performance cookies,Akamai,JavaScript,_ga_failed_lookup_marker_3_78,,,TRUE,https://www.CLIENT_X.bg/myCLIENT_X#/register-new-product/form/QP6541_15,Existing CM Trackers-Found,,,,,
www.lighting.CLIENT_X.co.za,Essential cookies (exempt from consent),Signify (formerly CLIENT_X Lighting),Local Storage,blank (local storage),,,,,Existing CM Trackers-Not Found,,,,,
www.tienda.CLIENT_X.com.co,Essential cookies (exempt from consent),CLIENT_X - Colombia,HTTP Cookie,vtex_segment,,,,,Existing CM Trackers-Not Found,,,,,
CLIENT_X.bg,Essential cookies,CLIENT_X - Bulgaria,HTTP Cookie,bench_new_T3_5768,,393,TRUE,https://www.CLIENT_X.bg/,Existing CM Trackers-Found,,,,,
pages.information.signify.com,Performance cookies,Signify (formerly CLIENT_X Lighting),ETag,_ga_failed_lookup_marker_3_82,,,,,Existing CM Trackers-Not Found,,,,,
CLIENT_X.bg,Essential cookies,CLIENT_X - Bulgaria,HTTP Cookie,bench_new_T3_5683,,,,,Existing CM Trackers-Not Found,,,,,
*.t.eloqua.com,Performance cookies,Oracle Marketing,JavaScript,bench_new_T3_6301,,,,https://www.CLIENT_X.bg/healthcare,Existing CM Trackers-Found,,,,,
www.datadoghq-browser-agent.com,Performance cookies,Datadog,JavaScript,bench_new_T3_5228,,,,,Existing CM Trackers-Not Found,,,,,
*.analytics.org.coveo.com,Performance cookies,Coveo Solutions Inc.,Beacon,bench_new_T3_5405,,,,https://www.CLIENT_X.bg/c-w/search.html,New Third Party Trackers,,,,,
CLIENT_X.bg,Essential cookies,CLIENT_X - Bulgaria,HTTP Cookie,bench_new_T3_5595,,,,,Existing CM Trackers-Not Found,,,,,
adservice.google.com,Targeted Advertising cookies (including social media),Google Advertising Products,Beacon,bench_new_T3_5688,,,TRUE,http://www.CLIENT_X.bg/,Existing CM Trackers-Found,,,,,
assets.adobedtm.com,Performance cookies,Adobe Inc.,ETag,bench_new_T3_6115,,,,,Existing CM Trackers-Not Found,,,,,
nebula-cdn.kampyle.com,Performance cookies,Medallia,ETag,bench_new_T3_5111,,,TRUE,http://www.CLIENT_X.bg/,Existing CM Trackers-Found,,,,,
cdn.botframework.com,Performance cookies,Microsoft Bot Framework,ETag,bench_new_T3_4845,,,TRUE,https://www.CLIENT_X.bg/c-m-pe/toothbrush-heads/diamondclean/latest,Existing CM Trackers-Found,,,,,
CLIENT_X.bg,Performance cookies,CLIENT_X - Bulgaria,HTTP Cookie,bench_new_T3_6330,,0,TRUE,https://www.CLIENT_X.bg/,Existing CM Trackers-Found,,,,,
cdn.mouseflow.com,Performance cookies,Mouseflow,ETag,bench_new_T3_5187,,,,https://www.CLIENT_X.bg/c-e/pe/oral-healthcare.html,New Third Party Trackers,,,,,
www.youtube.com,Targeted Advertising cookies (including social media),Google Advertising Products,JavaScript,bench_new_T3_5596,,,TRUE,https://www.CLIENT_X.bg/c-e/au/car-lights/automotive-articles.html,Existing CM Trackers-Found,,,,,
www.googletagmanager.com,Performance cookies,Google Inc.,JavaScript,bench_new_T3_6057,,,TRUE,http://www.CLIENT_X.bg/,Existing CM Trackers-Found,,,,,
www.CLIENT_X.bg,Essential cookies,CLIENT_X - Bulgaria,HTTP Cookie,bench_new_T3_4842,,session,TRUE,https://www.CLIENT_X.bg/,Existing CM Trackers-Found,,,,,
casalemedia.com,Targeted Advertising cookies (including social media),Index Exchange Inc.,HTTP Cookie,bench_new_T3_5122,,90,TRUE,https://www.CLIENT_X.bg/a-w/cookie-notice,Existing CM Trackers-Found,,,,,
www.CLIENT_X.bg,Performance cookies,CLIENT_X - Bulgaria,HTTP Cookie,bench_new_T3_5081,,,,,Existing CM Trackers-Not Found,,,,,
CLIENT_X.se,Essential cookies (exempt from consent),CLIENT_X - Sweden,HTTP Cookie,s_eVar8,,,,,Existing CM Trackers-Not Found,,,,,
googleads.g.doubleclick.net,Targeted Advertising cookies (including social media),Google Advertising Products,Beacon,bench_new_T3_5805,,,TRUE,http://www.CLIENT_X.bg/,Existing CM Trackers-Found,,,,,
CLIENT_X.bg,Essential cookies,CLIENT_X - Bulgaria,HTTP Cookie,bench_new_T3_5937,,,,,Existing CM Trackers-Not Found,,,,,
CLIENT_X.bg,Essential cookies,CLIENT_X - Bulgaria,HTTP Cookie,bench_new_T3_5789,,0,TRUE,https://www.CLIENT_X.bg/,Existing CM Trackers-Found,,,,,
CLIENT_X.co.kr,Essential cookies (exempt from consent),CLIENT_X - Korea,HTTP Cookie,_gat_UA-XXX,,0,TRUE,https://www.CLIENT_X.bg/c-e/ho/coffee-category.html,Existing CM Trackers-Found,,,,,
www.lighting.CLIENT_X.com,Performance cookies,Signify (formerly CLIENT_X Lighting),JavaScript,bench_new_T3_5879,,,,,Existing CM Trackers-Not Found,,,,,
ssl-static.janraincapture.com,Performance cookies,Akamai,JavaScript,bench_new_T3_6232,,,TRUE,https://www.CLIENT_X.bg/myCLIENT_X#/register-new-product/form/QP6541_15,Existing CM Trackers-Found,,,,,
www.gearselectiontool.lighting.CLIENT_X.com,Performance cookies,Signify (formerly CLIENT_X Lighting),JavaScript,bench_new_T3_4930,,,,,Existing CM Trackers-Not Found,,,,,
www.docs.lighting.CLIENT_X.com,Performance cookies,Signify (formerly CLIENT_X Lighting),ETag,bench_new_T3_5252,,,,,Existing CM Trackers-Not Found,,,,,
www.gstatic.com,Performance cookies,Google Inc.,JavaScript,bench_new_T3_5410,,,TRUE,https://www.CLIENT_X.bg/c-m-ho/vacuum-cleaner-accessories,Existing CM Trackers-Found,,,,,
*.mktoweb.com,Targeted Advertising cookies (including social media),Marketo,Local Storage,bench_new_T3_6092,,,,,Existing CM Trackers-Not Found,,,,,
CLIENT_X.de,Essential cookies (exempt from consent),CLIENT_X - Germany,HTTP Cookie,s_eVar44,,bench_update_duration,TRUE,https://www.CLIENT_X.bg/c-p/AC1715_10/1000i-series-air-purifier-for-medium-rooms,Existing CM Trackers-Found,,,,,
www.CLIENT_X-hue.com,Essential cookies,CLIENT_X Hue,Beacon,bench_new_T3_5456,,,,,Existing CM Trackers-Not Found,,,,,
CLIENT_X.bg,Essential cookies,CLIENT_X - Bulgaria,HTTP Cookie,bench_new_T3_5497,,session,TRUE,https://www.CLIENT_X.bg/,Existing CM Trackers-Found,,,,,
CLIENT_X.bg,Essential cookies,CLIENT_X - Bulgaria,HTTP Cookie,bench_new_T3_5270,,,,,Existing CM Trackers-Not Found,,,,,
eloqua.com,Essential cookies,Oracle Marketing,HTTP Cookie,bench_new_T3_5162,,393,TRUE,https://www.CLIENT_X.bg/healthcare,Existing CM Trackers-Found,,,,,
consent.trustarc.com,Essential cookies,TrustArc,JavaScript,bench_new_T3_6266,,,TRUE,http://www.CLIENT_X.bg/,Existing CM Trackers-Found,,,,,
CLIENT_X.bg,Essential cookies,CLIENT_X - Bulgaria,HTTP Cookie,bench_new_T3_5447,,0,TRUE,https://www.CLIENT_X.bg/,Existing CM Trackers-Found,,,,,
www.crsc.lighting.CLIENT_X.com,Performance cookies,Signify (formerly CLIENT_X Lighting),JavaScript,bench_new_T3_6323,,,,,Existing CM Trackers-Not Found,,,,,
www.CLIENT_X.bg,Performance cookies,CLIENT_X - Bulgaria,HTTP Cookie,bench_new_T3_5862,,,,,Existing CM Trackers-Not Found,,,,,
CLIENT_X.com,Essential cookies,Koninklijke CLIENT_X N.V.,HTTP Cookie,bench_new_T3_5084,,,,,Existing CM Trackers-Not Found,,,,,
CLIENT_X.bg,Essential cookies,CLIENT_X - Bulgaria,HTTP Cookie,_ga_failed_lookup_marker_3_120,,,,,Existing CM Trackers-Not Found,,,,,
analytics.tiktok.com,Targeted Advertising cookies (including social media),TikTok,JavaScript,bench_new_T3_5621,,,TRUE,http://www.CLIENT_X.bg/,Existing CM Trackers-Found,,,,,
acdn-digitaltrans-01-p.azureedge.net,Targeted Advertising cookies (including social media),Microsoft,JavaScript,bench_new_T3_6015,,,TRUE,https://www.CLIENT_X.bg/c-m-pe/toothbrush-heads/diamondclean/latest,Existing CM Trackers-Found,,,,,
www.lighting.CLIENT_X.nl,Essential cookies (exempt from consent),Signify (formerly CLIENT_X Lighting),HTTP Cookie,customer_language_accept,,,,,Existing CM Trackers-Not Found,,,,,
smetrics.marketing.lighting.CLIENT_X.com,Targeted Advertising cookies (including social media),Koninklijke CLIENT_X N.V.,JavaScript,bench_new_T3_5462,,,,,Existing CM Trackers-Not Found,,,,,
www.docs.lighting.CLIENT_X.com,Performance cookies,Signify (formerly CLIENT_X Lighting),JavaScript,_ga_failed_lookup_marker_3_125,,,,,Existing CM Trackers-Not Found,,,,,
CLIENT_X.bg,Essential cookies,CLIENT_X - Bulgaria,HTTP Cookie,_ga_failed_lookup_marker_3_126,,90,TRUE,https://www.CLIENT_X.bg/,Existing CM Trackers-Found,,,,,
www.recaptcha.net,Performance cookies,Google Inc.,JavaScript,bench_new_T3_4848,,,,,Existing CM Trackers-Not Found,,,,,
CLIENT_X.bg,Essential cookies,CLIENT_X - Bulgaria,HTTP Cookie,bench_new_T3_5824,,session,TRUE,https://www.CLIENT_X.bg/,Existing CM Trackers-Found,,,,,
CLIENT_X.bg,Essential cookies,CLIENT_X - Bulgaria,HTTP Cookie,bench_new_T3_6122,,,,,Existing CM Trackers-Not Found,,,,,
www.lighting.CLIENT_X.bg,Essential cookies,Signify (formerly CLIENT_X Lighting),HTTP Cookie,bench_new_T3_6306,,,,,Existing CM Trackers-Not Found,,,,,
conversiontool.lighting.CLIENT_X.com,Targeted Advertising cookies (including social media),Koninklijke CLIENT_X N.V.,Local Storage,_ga_failed_lookup_marker_3_131,,,,,Existing CM Trackers-Not Found,,,,,
connect.facebook.net,Targeted Advertising cookies (including social media),Meta (formerly Facebook),Beacon,bench_new_T3_6063,,,TRUE,https://www.CLIENT_X.bg/c-e/au/car-lights/headlights/ultinon-access-led.html,Existing CM Trackers-Found,,,,,
CLIENT_X.bg,Essential cookies,CLIENT_X - Bulgaria,HTTP Cookie,bench_new_T3_5403,,,,,Existing CM Trackers-Not Found,,,,,
*.t.eloqua.com,Performance cookies,Oracle Marketing,JavaScript,bench_new_T3_4984,,,,https://www.CLIENT_X.bg/healthcare,New Third Party Trackers,,,,,
pages.information.signify.com,Performance cookies,Signify (formerly CLIENT_X Lighting),ETag,bench_new_T3_6216,,,,,Existing CM Trackers-Not Found,,,,,
www.googleadservices.com,Targeted Advertising cookies (including social media),Google Advertising Products,ETag,bench_new_T3_4954,,,,,Existing CM Trackers-Not Found,,,,,
tracker-detail-page.trustarc.com,Essential cookies,TrustArc,ETag,bench_new_T3_6293,,,,https://www.CLIENT_X.bg/a-w/cookie-notice,New Third Party Trackers,,,,,
munchkin.marketo.net,Targeted Advertising cookies (including social media),Marketo,JavaScript,bench_new_T3_4995,,,,,Existing CM Trackers-Not Found,,,,,
CLIENT_X.bg,Essential cookies,CLIENT_X - Bulgaria,HTTP Cookie,bench_new_T3_6332,,90,TRUE,https://www.CLIENT_X.bg/,Existing CM Trackers-Found,,,,,
consent.trustarc.com,Essential cookies,TrustArc,Beacon,bench_new_T3_5008,,,TRUE,http://www.CLIENT_X.bg/,Existing CM Trackers-Found,,,,,
CLIENT_X.bg,Essential cookies,CLIENT_X - Bulgaria,HTTP Cookie,bench_new_T3_5206,,0,TRUE,https://www.CLIENT_X.bg/,Existing CM Trackers-Found,,,,,
cdn.channelsight.com,Essential cookies,ChannelSight,ETag,bench_new_T3_5432,,,TRUE,https://www.CLIENT_X.bg/c-e/ho/cooking/multicooker-all-in-one.html,Existing CM Trackers-Found,,,,,
www.gearselectiontool.lighting.CLIENT_X.com,Performance cookies,Signify (formerly CLIENT_X Lighting),JavaScript,_ga_failed_lookup_marker_3_143,,,,,Existing CM Trackers-Not Found,,,,,
i.ytimg.com,Targeted Advertising cookies (including social media),Google Inc.,ETag,bench_new_T3_5320,,,TRUE,https://www.CLIENT_X.bg/c-m-ho/coffee/support-for-coffee-machine,Existing CM Trackers-Found,,,,,
www.maxosfusionconfigurator.lighting.CLIENT_X.com,Performance cookies,Koninklijke CLIENT_X N.V.,ETag,bench_new_T3_6397,,,,,Existing CM Trackers-Not Found,,,,,
www.CLIENT_X.bg,Essential cookies,CLIENT_X - Bulgaria,HTTP Cookie,bench_new_T3_5777,,0,,https://www.CLIENT_X.bg/,New First Party Trackers,,,,,
CLIENT_X.bg,Essential cookies,CLIENT_X - Bulgaria,HTTP Cookie,bench_new_T3_5515,,,,,Existing CM Trackers-Not Found,,,,,
www.CLIENT_X.si,Essential cookies (exempt from consent),CLIENT_X - Slovenia,HTTP Cookie,p-hc-catg,,bench_update_duration,TRUE,https://www.CLIENT_X.bg/a-w/cookie-notice,Existing CM Trackers-Found,,,,,
ssl-static.janraincapture.com,Performance cookies,Akamai,JavaScript,bench_new_T3_5974,,,TRUE,https://www.CLIENT_X.bg/myCLIENT_X#/register-new-product/form/QP6541_15,Existing CM Trackers-Found,,,,,
connect.facebook.net,Targeted Advertising cookies (including social media),Meta (formerly Facebook),JavaScript,bench_new_T3_5597,,,TRUE,http://www.CLIENT_X.bg/,Existing CM Trackers-Found,,,,,
CLIENT_X.bg,Essential cookies,CLIENT_X - Bulgaria,HTTP Cookie,bench_new_T3_5458,,,,,Existing CM Trackers-Not Found,,,,,
www.lightset-creator.lighting.CLIENT_X.com,Targeted Advertising cookies (including social media),Signify (formerly CLIENT_X Lighting),ETag,bench_new_T3_5843,,,,,Existing CM Trackers-Not Found,,,,,
consent-pref.trustarc.com,Essential cookies,TrustArc,JavaScript,bench_new_T3_5948,,,TRUE,"https://www.CLIENT_X.bg/etc/CLIENT_X/b2c/compareproducts.html?locale=bg_BG&catalog=CONSUMER&ctn=HR2875/00,HR2603/00,HR2602/00",Existing CM Trackers-Found,,,,,
tag.demandbase.com,Targeted Advertising cookies (including social media),"Demandbase, Inc.",ETag,bench_new_T3_5755,,,TRUE,https://www.CLIENT_X.bg/a-w/cookie-notice,Existing CM Trackers-Found,,,,,
youtube.com,Targeted Advertising cookies (including social media),Google Advertising Products,HTTP Cookie,bench_new_T3_5710,,session,TRUE,https://www.CLIENT_X.bg/c-e/au/automotive-articles?npagination=0,Existing CM Trackers-Found,,,,,
www.photometrics.lighting.CLIENT_X.com,Targeted Advertising cookies (including social media),Koninklijke CLIENT_X N.V.,ETag,_ga_failed_lookup_marker_3_156,,,,,Existing CM Trackers-Not Found,,,,,
CLIENT_X.bg,Essential cookies,CLIENT_X - Bulgaria,HTTP Cookie,bench_new_T3_5702,,,,https://www.CLIENT_X.bg/,Existing CM Trackers-Found,,,,,
demdex.net,Targeted Advertising cookies (including social media),"Adobe Audience Manager, Adobe Experience Cloud",HTTP Cookie,_ga_failed_lookup_marker_3_158,,,,,Existing CM Trackers-Not Found,,,,,
*.t.eloqua.com,Performance cookies,Oracle Marketing,Beacon,bench_new_T3_5758,,,,https://www.CLIENT_X.bg/healthcare,Existing CM Trackers-Found,,,,,
CLIENT_Xtest.scene7.com,Performance cookies,Adobe Experience Cloud - Experience Manager,ETag,bench_new_T3_5537,,,TRUE,https://www.CLIENT_X.bg/c-u/at_book_618014/UserManual_CLIENT_XOneBlade,Existing CM Trackers-Found,,,,,
sc-static.net,Targeted Advertising cookies (including social media),Snap Inc.,JavaScript,bench_new_T3_5373,,,TRUE,https://www.CLIENT_X.bg/c-e/ho/air-purifier-and-air-humidifier/air-care.html,Existing CM Trackers-Found,,,,,
cdn.speedcurve.com,Performance cookies,Speedcurve,JavaScript,bench_new_T3_6209,,,,http://www.CLIENT_X.bg/,New Third Party Trackers,,,,,
dpm.demdex.net,Targeted Advertising cookies (including social media),"Adobe Audience Manager, Adobe Experience Cloud",Beacon,bench_new_T3_6081,,,,,Existing CM Trackers-Not Found,,,,,
www.CLIENT_X.no,Essential cookies (exempt from consent),CLIENT_X - Norway,HTTP Cookie,ws-active-shop,,393,TRUE,https://www.CLIENT_X.bg/healthcare,Existing CM Trackers-Found,,,,,
*.t.eloqua.com,Performance cookies,Oracle Marketing,JavaScript,bench_new_T3_5169,,,,https://www.CLIENT_X.bg/healthcare,New Third Party Trackers,,,,,
www.CLIENT_X.bg,Performance cookies,CLIENT_X - Bulgaria,HTTP Cookie,bench_new_T3_4893,,,,,Existing CM Trackers-Not Found,,,,,
CLIENT_X.co.id,Essential cookies (exempt from consent),CLIENT_X - Indonesia,HTTP Cookie,s_cm,,,,,Existing CM Trackers-Not Found,,,,,
CLIENT_X.bg,Essential cookies,CLIENT_X - Bulgaria,HTTP Cookie,bench_new_T3_6007,,,,,Existing CM Trackers-Not Found,,,,,
consent-pref.trustarc.com,Essential cookies,TrustArc,JavaScript,bench_new_T3_6029,,,TRUE,"https://www.CLIENT_X.bg/etc/CLIENT_X/b2c/compareproducts.html?locale=bg_BG&catalog=CONSUMER&ctn=HR2875/00,HR2603/00,HR2602/00",Existing CM Trackers-Found,,,,,
www.CLIENT_X.bg,Essential cookies,CLIENT_X - Bulgaria,HTTP Cookie,bench_new_T3_5406,,,,,Existing CM Trackers-Not Found,,,,,
CLIENT_X.si,Essential cookies (exempt from consent),CLIENT_X - Slovenia,HTTP Cookie,test,,,,http://www.CLIENT_X.bg/,New Third Party Trackers,,,,,
sc-static.net,Targeted Advertising cookies (including social media),Snap Inc.,HTTP Cookie,bench_new_T3_5037,,1,TRUE,https://www.CLIENT_X.bg/c-e/ho/air-purifier-and-air-humidifier/air-care.html,Existing CM Trackers-Found,,,,,
www.googletagmanager.com,Performance Cookies [Requires consent],Google Inc.,JavaScript,-,,bench_update_duration,TRUE,https://www.CLIENT_X.bg/c-e/ho/coffee/lattego-series.html,Existing CM Trackers-Found,,,,,
CLIENT_X.bg,Essential cookies,CLIENT_X - Bulgaria,HTTP Cookie,bench_new_T3_6235,,,,,Existing CM Trackers-Not Found,,,,,
www.maxosfusionconfigurator.lighting.CLIENT_X.com,Performance cookies,Koninklijke CLIENT_X N.V.,JavaScript,bench_new_T3_6331,,,,,Existing CM Trackers-Not Found,,,,,
www.googleadservices.com,Targeted Advertising cookies (including social media),Google Advertising Products,ETag,bench_new_T3_6022,,,,,Existing CM Trackers-Not Found,,,,,
www.datadoghq-browser-agent.com,Performance cookies,Datadog,JavaScript,bench_new_T3_5175,,,,,Existing CM Trackers-Not Found,,,,,
ajax.googleapis.com,Performance cookies,Google Inc.,JavaScript,_ga_failed_lookup_marker_3_178,,,,,Existing CM Trackers-Not Found,,,,,
td.yieldify.com,Targeted Advertising cookies (including social media),Yieldify,JavaScript,bench_new_T3_5927,,,,,Existing CM Trackers-Not Found,,,,,
CLIENT_X.bg,Essential cookies,CLIENT_X - Bulgaria,HTTP Cookie,bench_new_T3_4904,,400,TRUE,https://www.CLIENT_X.bg/,Existing CM Trackers-Found,,,,,
CLIENT_X.bg,Essential cookies,CLIENT_X - Bulgaria,HTTP Cookie,bench_new_T3_6241,,session,TRUE,https://www.CLIENT_X.bg/,Existing CM Trackers-Found,,,,,
sc-static.net,Targeted Advertising cookies (including social media),Snap Inc.,ETag,bench_new_T3_5409,,,TRUE,https://www.CLIENT_X.bg/c-e/ho/coffee/lattego-series.html,Existing CM Trackers-Found,,,,,
google.com,Performance cookies,Google Inc.,Local Storage,bench_new_T3_5346,,,TRUE,https://www.CLIENT_X.bg/c-m-pe/accessories-and-replacements,Existing CM Trackers-Found,,,,,
CLIENT_X.co.id,Essential cookies (exempt from consent),CLIENT_X - Indonesia,HTTP Cookie,s_vtime,,bench_update_duration,,https://www.CLIENT_X.bg/,New First Party Trackers,,,,,
www.maxosfusionconfigurator.lighting.CLIENT_X.com,Performance cookies,Koninklijke CLIENT_X N.V.,JavaScript,bench_new_T3_5425,,,,,Existing CM Trackers-Not Found,,,,,
apps.bazaarvoice.com,Performance cookies,"Bazaarvoice, Inc.",JavaScript,bench_new_T3_5569,,,TRUE,https://www.CLIENT_X.bg/c-e/ho/coffee-category.html,Existing CM Trackers-Found,,,,,
CLIENT_Xlighting.d3.sc.omtrdc.net,Performance cookies,"Adobe Audience Manager, Adobe Experience Cloud",JavaScript,bench_new_T3_5505,,,,,Existing CM Trackers-Not Found,,,,,
www.CLIENT_X.lt,Essential cookies (exempt from consent),CLIENT_X - Lithuania,HTTP Cookie,kampyleUserPercentile,,bench_update_duration,,,Existing CM Trackers-Not Found,,,,,
CLIENT_X.bg,Essential cookies,CLIENT_X - Bulgaria,HTTP Cookie,bench_new_T3_5171,,400,TRUE,https://www.CLIENT_X.bg/,Existing CM Trackers-Found,,,,,
CLIENT_X.bg,Essential cookies,CLIENT_X - Bulgaria,HTTP Cookie,bench_new_T3_5092,,90,,https://www.CLIENT_X.bg/,New First Party Trackers,,,,,
analytics.tiktok.com,Targeted Advertising cookies (including social media),TikTok,Beacon,_ga_failed_lookup_marker_3_191,,,TRUE,http://www.CLIENT_X.bg/,Existing CM Trackers-Found,,,,,
www.CLIENT_X.bg,Essential cookies,CLIENT_X - Bulgaria,HTTP Cookie,bench_new_T3_5980,,7,,https://www.CLIENT_X.bg/,New First Party Trackers,,,,,
www.CLIENT_X.co.ke,Essential cookies (exempt from consent),CLIENT_X - Kenya,HTTP Cookie,kampyleUserPercentile,,bench_update_duration,,,Existing CM Trackers-Not Found,,,,,
CLIENT_X.bg,Essential cookies,CLIENT_X - Bulgaria,HTTP Cookie,bench_new_T3_5924,,400,,https://www.CLIENT_X.bg/,New First Party Trackers,,,,,
lightset-creator.lighting.CLIENT_X.com,Targeted Advertising cookies (including social media),Koninklijke CLIENT_X N.V.,Local Storage,bench_new_T3_4991,,,,,Existing CM Trackers-Not Found,,,,,
CLIENT_X.com,Essential cookies,Koninklijke CLIENT_X N.V.,HTTP Cookie,bench_new_T3_5375,,,,,Existing CM Trackers-Not Found,,,,,
region1.analytics.google.com,Performance cookies,Google Inc.,Beacon,bench_new_T3_5810,,,TRUE,http://www.CLIENT_X.bg/,Existing CM Trackers-Found,,,,,
fonts.yieldify-production.com,Targeted Advertising cookies (including social media),Yieldify,ETag,bench_new_T3_5921,,,,,Existing CM Trackers-Not Found,,,,,
www.maxosfusionconfigurator.lighting.CLIENT_X.com,Performance cookies,Koninklijke CLIENT_X N.V.,ETag,bench_new_T3_6271,,,,,Existing CM Trackers-Not Found,,,,,
CLIENT_X.bg,Essential cookies,CLIENT_X - Bulgaria,HTTP Cookie,bench_new_T3_6082,,,,,Existing CM Trackers-Not Found,,,,,
region1.google-analytics.com,Performance cookies,Google Inc.,Beacon,bench_new_T3_5195,,,,,Existing CM Trackers-Not Found,,,,,
www.CLIENT_X.com.tr,Essential cookies (exempt from consent),CLIENT_X - Turkey,HTTP Cookie,_yi,,,TRUE,https://www.CLIENT_X.bg/healthcare/about/distributors,Existing CM Trackers-Found,,,,,
www.google.ie,Targeted Advertising cookies (including social media),Google Inc.,Beacon,bench_new_T3_5473,,,TRUE,http://www.CLIENT_X.bg/,Existing CM Trackers-Found,,,,,
www.CLIENT_X.bg,Essential cookies,CLIENT_X - Bulgaria,ETag,bench_new_T3_5138,,,TRUE,http://www.CLIENT_X.bg/,Existing CM Trackers-Found,,,,,
region1.google-analytics.com,Performance cookies,Google Inc.,Beacon,bench_new_T3_5460,,,,,Existing CM Trackers-Not Found,,,,,
CLIENT_X.bg,Essential cookies,CLIENT_X - Bulgaria,HTTP Cookie,bench_new_T3_5223,,0,TRUE,https://www.CLIENT_X.bg/,Existing CM Trackers-Found,,,,,
www.accounts.CLIENT_X.com,Essential cookies,Koninklijke CLIENT_X N.V.,ETag,bench_new_T3_6056,,,TRUE,https://www.CLIENT_X.bg/myCLIENT_X#/register-new-product/form/QP6541_15,Existing CM Trackers-Found,,,,,
lighting.CLIENT_X.bg,Essential cookies,Signify (formerly CLIENT_X Lighting),HTTP Cookie,bench_new_T3_5808,,,,,Existing CM Trackers-Not Found,,,,,
www.youtube.com,Targeted Advertising cookies (including social media),Google Advertising Products,JavaScript,bench_new_T3_5845,,,TRUE,https://www.CLIENT_X.bg/c-e/au/car-lights/automotive-articles.html,Existing CM Trackers-Found,,,,,
CLIENT_X.bg,Essential cookies,CLIENT_X - Bulgaria,HTTP Cookie,bench_new_T3_5442,,,,,Existing CM Trackers-Not Found,,,,,
cdn.channelsight.com,Essential cookies,ChannelSight,ETag,bench_new_T3_5366,,,TRUE,https://www.CLIENT_X.bg/c-e/ho/cooking/multicooker-all-in-one.html,Existing CM Trackers-Found,,,,,
CLIENT_X.com.my,Essential cookies (exempt from consent),CLIENT_X - Malaysia,HTTP Cookie,_fbp,,bench_update_duration,TRUE,https://www.CLIENT_X.bg/,Existing CM Trackers-Found,,,,,
ad.doubleclick.net,Targeted Advertising cookies (including social media),Google Advertising Products,Beacon,bench_new_T3_5965,,,TRUE,http://www.CLIENT_X.bg/,Existing CM Trackers-Found,,,,,
td.yieldify.com,Targeted Advertising cookies (including social media),Yieldify,JavaScript,bench_new_T3_5757,,,,,Existing CM Trackers-Not Found,,,,,
CLIENT_X.bg,Essential cookies,CLIENT_X - Bulgaria,Local Storage,bench_new_T3_6108,,,TRUE,https://www.CLIENT_X.bg/c-w/support-home/support-contact-page,Existing CM Trackers-Found,,,,,
pages.information.signify.com,Performance cookies,Signify (formerly CLIENT_X Lighting),JavaScript,bench_new_T3_6102,,,,,Existing CM Trackers-Not Found,,,,,
analytics.tiktok.com,Targeted Advertising cookies (including social media),TikTok,JavaScript,_ga_failed_lookup_marker_3_217,,,TRUE,http://www.CLIENT_X.bg/,Existing CM Trackers-Found,,,,,
*.analytics.org.coveo.com,Performance cookies,Coveo Solutions Inc.,Beacon,_ga_failed_lookup_marker_3_218,,,,https://www.CLIENT_X.bg/c-w/search.html,New Third Party Trackers,,,,,
www.CLIENT_X.bg,Essential cookies,CLIENT_X - Bulgaria,HTTP Cookie,bench_new_T3_4961,,365,TRUE,https://www.CLIENT_X.bg/,Existing CM Trackers-Found,,,,,
www.crsc.lighting.CLIENT_X.com,Performance cookies,Signify (formerly CLIENT_X Lighting),ETag,bench_new_T3_5801,,,,,Existing CM Trackers-Not Found,,,,,
CLIENT_X.bg,Performance cookies,CLIENT_X - Bulgaria,HTTP Cookie,bench_new_T3_6135,,session,TRUE,https://www.CLIENT_X.bg/,Existing CM Trackers-Found,,,,,
cdn.mouseflow.com,Performance cookies,Mouseflow,ETag,bench_new_T3_5311,,,,https://www.CLIENT_X.bg/c-e/pe/oral-healthcare.html,New Third Party Trackers,,,,,
img.en25.com,Targeted Advertising cookies (including social media),Oracle Marketing,JavaScript,bench_new_T3_6298,,,TRUE,https://www.CLIENT_X.bg/c-m-ho/food-preparation/liquid-health/vacuum-blender,Existing CM Trackers-Found,,,,,
casalemedia.com,Targeted Advertising cookies (including social media),Index Exchange Inc.,HTTP Cookie,_ga_failed_lookup_marker_3_224,,365,TRUE,https://www.CLIENT_X.bg/a-w/cookie-notice,Existing CM Trackers-Found,,,,,
nebula-cdn.kampyle.com,Performance Cookies [Requires consent],Medallia,JavaScript,-,,0,TRUE,https://www.CLIENT_X.bg/,Existing CM Trackers-Found,,,,,
www.gearselectiontool.lighting.CLIENT_X.com,Performance cookies,Signify (formerly CLIENT_X Lighting),JavaScript,_ga_failed_lookup_marker_3_226,,,,,Existing CM Trackers-Not Found,,,,,
CLIENT_X.bg,Essential cookies,CLIENT_X - Bulgaria,HTTP Cookie,_ga_failed_lookup_marker_3_227,,0,TRUE,https://www.CLIENT_X.bg/,Existing CM Trackers-Found,,,,,
www.lightset-creator.lighting.CLIENT_X.com,Targeted Advertising cookies (including social media),Signify (formerly CLIENT_X Lighting),JavaScript,bench_new_T3_5130,,,,,Existing CM Trackers-Not Found,,,,,
www.CLIENT_X.com.pk,Essential cookies (exempt from consent),CLIENT_X - Pakistan,HTTP Cookie,kampylePageLoadedTimestamp,,session,TRUE,https://www.CLIENT_X.bg/,Existing CM Trackers-Found,,,,,
doubleclick.net,Targeted Advertising cookies (including social media),Google Advertising Products,HTTP Cookie,bench_new_T3_6189,,0,TRUE,https://www.CLIENT_X.bg/,Existing CM Trackers-Found,,,,,
analytics.tiktok.com,Targeted Advertising cookies (including social media),TikTok,Beacon,bench_new_T3_5711,,,TRUE,http://www.CLIENT_X.bg/,Existing CM Trackers-Found,,,,,
www.conversiontool.lighting.CLIENT_X.com,Targeted Advertising cookies (including social media),Signify (formerly CLIENT_X Lighting),ETag,bench_new_T3_6024,,,,,Existing CM Trackers-Not Found,,,,,
CLIENT_Xlighting.d3.sc.omtrdc.net,Performance cookies,"Adobe Audience Manager, Adobe Experience Cloud",JavaScript,bench_new_T3_4898,,,,,Existing CM Trackers-Not Found,,,,,
munchkin.marketo.net,Targeted Advertising cookies (including social media),Marketo,JavaScript,bench_new_T3_5452,,,,,Existing CM Trackers-Not Found,,,,,
CLIENT_Xlighting.d3.sc.omtrdc.net,Performance cookies,"Adobe Audience Manager, Adobe Experience Cloud",JavaScript,_ga_failed_lookup_marker_3_235,,,,,Existing CM Trackers-Not Found,,,,,
www.CLIENT_X.bg,Essential cookies,CLIENT_X - Bulgaria,HTTP Cookie,_ga_failed_lookup_marker_3_236,,365,TRUE,https://www.CLIENT_X.bg/,Existing CM Trackers-Found,,,,,
www.youtube.com,Targeted Advertising cookies (including social media),Google Advertising Products,JavaScript,_ga_failed_lookup_marker_3_237,,,TRUE,https://www.CLIENT_X.bg/c-e/au/car-lights/automotive-articles.html,Existing CM Trackers-Found,,,,,
www.lightset-creator.lighting.CLIENT_X.com,Targeted Advertising cookies (including social media),Signify (formerly CLIENT_X Lighting),JavaScript,bench_new_T3_5325,,,,,Existing CM Trackers-Not Found,,,,,
linkedin.com,Targeted Advertising cookies (including social media),LinkedIn,HTTP Cookie,bench_new_T3_5397,,365,TRUE,https://www.CLIENT_X.bg/c-e/ho/air-purifier-and-air-humidifier/air-care.html,Existing CM Trackers-Found,,,,,
www.CLIENT_X.bg,Essential cookies,CLIENT_X - Bulgaria,HTTP Cookie,bench_new_T3_4849,,10,TRUE,https://www.CLIENT_X.bg/,Existing CM Trackers-Found,,,,,
www.CLIENT_X.bg,Performance cookies,CLIENT_X - Bulgaria,HTTP Cookie,_ga_failed_lookup_marker_3_241,,,,,Existing CM Trackers-Not Found,,,,,
casalemedia.com,Targeted Advertising cookies (including social media),Index Exchange Inc.,HTTP Cookie,bench_new_T3_6228,,90,TRUE,https://www.CLIENT_X.bg/a-w/cookie-notice,Existing CM Trackers-Found,,,,,
www.lightset-creator.lighting.CLIENT_X.com,Targeted Advertising cookies (including social media),Signify (formerly CLIENT_X Lighting),ETag,_ga_failed_lookup_marker_3_243,,,,,Existing CM Trackers-Not Found,,,,,
*.org.coveo.com,Performance cookies,Coveo Solutions Inc.,Beacon,bench_new_T3_4994,,,,https://www.CLIENT_X.bg/c-w/search.html,New Third Party Trackers,,,,,
CLIENT_X.bg,Essential cookies,CLIENT_X - Bulgaria,HTTP Cookie,bench_new_T3_6206,,,,,Existing CM Trackers-Not Found,,,,,
CLIENT_X.bg,Targeted Advertising cookies (including social media),CLIENT_X - Bulgaria,HTTP Cookie,bench_new_T3_6140,,90,TRUE,https://www.CLIENT_X.bg/,Existing CM Trackers-Found,,,,,
www.lighting.CLIENT_X.com.tr,Essential cookies (exempt from consent),Signify (formerly CLIENT_X Lighting),Beacon,blank (beacon),,,,,Existing CM Trackers-Not Found,,,,,
www.gstatic.com,Performance cookies,Google Inc.,JavaScript,bench_new_T3_5484,,,TRUE,https://www.CLIENT_X.bg/c-m-ho/vacuum-cleaner-accessories,Existing CM Trackers-Found,,,,,
CLIENT_Xb2c.my.site.com,Performance cookies,"Salesforce.com, Inc.",ETag,_ga_failed_lookup_marker_3_249,,,TRUE,https://www.CLIENT_X.bg/c-w/support-home/support-contact-page,Existing CM Trackers-Found,,,,,
CLIENT_X.bg,Essential cookies,CLIENT_X - Bulgaria,HTTP Cookie,bench_new_T3_5486,,session,TRUE,https://www.CLIENT_X.bg/,Existing CM Trackers-Found,,,,,
cdn.botframework.com,Performance cookies,Microsoft Bot Framework,JavaScript,bench_new_T3_5882,,,TRUE,https://www.CLIENT_X.bg/c-m-pe/toothbrush-heads/diamondclean/latest,Existing CM Trackers-Found,,,,,
connect.facebook.net,Targeted Advertising cookies (including social media),Meta (formerly Facebook),JavaScript,bench_new_T3_4938,,,TRUE,http://www.CLIENT_X.bg/,Existing CM Trackers-Found,,,,,
www.CLIENT_X.sk,Essential cookies (exempt from consent),CLIENT_X - Slovakia,HTTP Cookie,eddl_gtm_qe_session_start_6523424625,,180,TRUE,https://www.CLIENT_X.bg/c-e/au/automotive-articles?npagination=0,Existing CM Trackers-Found,,,,,
sc-static.net,Targeted Advertising cookies (including social media),Snap Inc.,HTTP Cookie,bench_new_T3_4973,,1,TRUE,https://www.CLIENT_X.bg/c-e/ho/air-purifier-and-air-humidifier/air-care.html,Existing CM Trackers-Found,,,,,
munchkin.marketo.net,Targeted Advertising cookies (including social media),Marketo,ETag,bench_new_T3_4975,,,,,Existing CM Trackers-Not Found,,,,,
CLIENT_X.bg,Essential cookies,CLIENT_X - Bulgaria,HTTP Cookie,bench_new_T3_5940,,,,,Existing CM Trackers-Not Found,,,,,
www.google.com,Targeted Advertising cookies (including social media),Google Inc.,Beacon,bench_new_T3_5170,,,TRUE,http://www.CLIENT_X.bg/,Existing CM Trackers-Found,,,,,
www.youtube.com,Targeted Advertising cookies (including social media),Google Advertising Products,JavaScript,bench_new_T3_6369,,,TRUE,https://www.CLIENT_X.bg/c-e/au/car-lights/automotive-articles.html,Existing CM Trackers-Found,,,,,
www.assets.signify.com,Performance cookies,Signify (formerly CLIENT_X Lighting),ETag,_ga_failed_lookup_marker_3_259,,,,,Existing CM Trackers-Not Found,,,,,
CLIENT_X.112.2o7.net,Performance cookies,"Adobe Audience Manager, Adobe Experience Cloud",HTTP Cookie,bench_new_T3_5312,,400,,https://www.CLIENT_X.bg/,New Third Party Trackers,,,,,
CLIENT_X.bg,Essential cookies,CLIENT_X - Bulgaria,HTTP Cookie,_ga_failed_lookup_marker_3_261,,,,,Existing CM Trackers-Not Found,,,,,
www.facebook.com,Targeted Advertising cookies (including social media),Meta (formerly Facebook),Beacon,bench_new_T3_5548,,,TRUE,http://www.CLIENT_X.bg/,Existing CM Trackers-Found,,,,,
www.crsc.CLIENT_X.com,Targeted Advertising cookies (including social media),Koninklijke CLIENT_X N.V.,JavaScript,bench_new_T3_5687,,,TRUE,https://www.CLIENT_X.bg/myCLIENT_X#/register-new-product/form/QP6541_15,Existing CM Trackers-Found,,,,,
ssl-static.janraincapture.com,Performance cookies,Akamai,JavaScript,bench_new_T3_6003,,,TRUE,https://www.CLIENT_X.bg/myCLIENT_X#/register-new-product/form/QP6541_15,Existing CM Trackers-Found,,,,,
snapchat.com,Targeted Advertising cookies (including social media),Snap Inc.,HTTP Cookie,bench_new_T3_5868,,390,TRUE,https://www.CLIENT_X.bg/c-e/ho/air-purifier-and-air-humidifier/air-care.html,Existing CM Trackers-Found,,,,,
CLIENT_X.com.br,Essential cookies (exempt from consent),CLIENT_X - Brazil,HTTP Cookie,coveo_visitorId,,bench_update_duration,,,Existing CM Trackers-Not Found,,,,,
www.datadoghq-browser-agent.com,Performance cookies,Datadog,JavaScript,bench_new_T3_4947,,,,,Existing CM Trackers-Not Found,,,,,
*.casalemedia.com,Targeted Advertising cookies (including social media),Index Exchange Inc.,Beacon,bench_new_T3_4918,,,,https://www.CLIENT_X.bg/a-w/cookie-notice,Existing CM Trackers-Found,,,,,
www.CLIENT_X.bg,Essential cookies,CLIENT_X - Bulgaria,HTTP Cookie,bench_new_T3_5613,,365,TRUE,https://www.CLIENT_X.bg/,Existing CM Trackers-Found,,,,,
cdn.jsdelivr.net,Performance cookies,Volentio JSD Limited,ETag,bench_new_T3_5317,,,,,Existing CM Trackers-Not Found,,,,,
www.crsc.CLIENT_X.com,Targeted Advertising cookies (including social media),Koninklijke CLIENT_X N.V.,ETag,_ga_failed_lookup_marker_3_271,,,TRUE,https://www.CLIENT_X.bg/myCLIENT_X#/register-new-product/form/QP6541_15,Existing CM Trackers-Found,,,,,
maps.googleapis.com,Targeted Advertising cookies (including social media),Google Inc.,JavaScript,bench_new_T3_4909,,,TRUE,https://www.CLIENT_X.bg/healthcare/about/distributors,Existing CM Trackers-Found,,,,,
www.lighting.CLIENT_X.bg,Essential cookies,Signify (formerly CLIENT_X Lighting),HTTP Cookie,bench_new_T3_4974,,,,,Existing CM Trackers-Not Found,,,,,
www.CLIENT_X.bg,Essential cookies,CLIENT_X - Bulgaria,HTTP Cookie,bench_new_T3_4824,,365,TRUE,https://www.CLIENT_X.bg/,Existing CM Trackers-Found,,,,,
www.lighting.CLIENT_X.bg,Essential cookies,Signify (formerly CLIENT_X Lighting),HTTP Cookie,_ga_failed_lookup_marker_3_275,,,,,Existing CM Trackers-Not Found,,,,,
analytics.tiktok.com,Targeted Advertising cookies (including social media),TikTok,Beacon,bench_new_T3_5401,,,TRUE,http://www.CLIENT_X.bg/,Existing CM Trackers-Found,,,,,
youtube.com,Targeted Advertising cookies (including social media),Google Advertising Products,HTTP Cookie,bench_new_T3_6172,,session,TRUE,https://www.CLIENT_X.bg/c-e/au/automotive-articles?npagination=0,Existing CM Trackers-Found,,,,,
www.CLIENT_X.bg,Essential cookies,CLIENT_X - Bulgaria,ETag,_ga_failed_lookup_marker_3_278,,,TRUE,http://www.CLIENT_X.bg/,Existing CM Trackers-Found,,,,,
widget-cdn.janraincapture.com,Performance cookies,Akamai,ETag,bench_new_T3_6198,,,TRUE,https://www.CLIENT_X.bg/myCLIENT_X#/register-new-product/form/QP6541_15,Existing CM Trackers-Found,,,,,
stats.g.doubleclick.net,Targeted Advertising cookies (including social media),Google Advertising Products,Beacon,bench_new_T3_6283,,,TRUE,http://www.CLIENT_X.bg/,Existing CM Trackers-Found,,,,,
*.t.eloqua.com,Performance cookies,Oracle Marketing,JavaScript,bench_new_T3_6168,,,,https://www.CLIENT_X.bg/healthcare,New Third Party Trackers,,,,,
lighting.CLIENT_X.bg,Essential cookies,Signify (formerly CLIENT_X Lighting),HTTP Cookie,bench_new_T3_6229,,,,,Existing CM Trackers-Not Found,,,,,
CLIENT_X.com.ar,Essential cookies (exempt from consent),CLIENT_X - Argentina,HTTP Cookie,twk_uuid_63ced41c47425128790f3ae4,,729,TRUE,http://www.CLIENT_X.bg/,Existing CM Trackers-Found,,,,,
lightset-creator.lighting.CLIENT_X.com,Targeted Advertising cookies (including social media),Koninklijke CLIENT_X N.V.,Local Storage,bench_new_T3_5322,,,,,Existing CM Trackers-Not Found,,,,,
tt-11795-1.seg.t.tailtarget.com,Targeted Advertising Cookies (including social media) [Requires consent],Tail Target,HTTP Cookie,trk,,bench_update_duration,,,Existing CM Trackers-Not Found,,,,,
consent.truste.com,Essential cookies,TrustArc,JavaScript,bench_new_T3_4915,,,,,Existing CM Trackers-Not Found,,,,,
conversiontool.lighting.CLIENT_X.com,Targeted Advertising cookies (including social media),Koninklijke CLIENT_X N.V.,Local Storage,bench_new_T3_5288,,,,,Existing CM Trackers-Not Found,,,,,
*.t.eloqua.com,Performance cookies,Oracle Marketing,JavaScript,bench_new_T3_5641,,,,https://www.CLIENT_X.bg/healthcare,Existing CM Trackers-Found,,,,,
code.jquery.com,Performance cookies,jQuery,JavaScript,bench_new_T3_4857,,,,,Existing CM Trackers-Not Found,,,,,
photometrics.lighting.CLIENT_X.com,Targeted Advertising cookies (including social media),Koninklijke CLIENT_X N.V.,Local Storage,bench_new_T3_6119,,,,,Existing CM Trackers-Not Found,,,,,
*.en25.com,Targeted Advertising cookies (including social media),Oracle Marketing,JavaScript,bench_new_T3_5155,,,,https://www.CLIENT_X.bg/c-m-ho/food-preparation/liquid-health/vacuum-blender,Existing CM Trackers-Found,,,,,
pages.information.signify.com,Performance cookies,Signify (formerly CLIENT_X Lighting),Local Storage,bench_new_T3_5021,,,,,Existing CM Trackers-Not Found,,,,,
demdex.net,Targeted Advertising cookies (including social media),"Adobe Audience Manager, Adobe Experience Cloud",HTTP Cookie,bench_new_T3_5471,,,,,Existing CM Trackers-Not Found,,,,,
www.lighting.CLIENT_X.bg,Essential cookies,Signify (formerly CLIENT_X Lighting),HTTP Cookie,bench_new_T3_6388,,,,,Existing CM Trackers-Not Found,,,,,
region1.google-analytics.com,Performance cookies,Google Inc.,Beacon,bench_new_T3_5890,,,,,Existing CM Trackers-Not Found,,,,,
CLIENT_X.bg,Essential cookies,CLIENT_X - Bulgaria,HTTP Cookie,bench_new_T3_6345,,,,,Existing CM Trackers-Not Found,,,,,
tremorhub.com,Targeted Advertising cookies (including social media),"Magnite CTV, Inc.",HTTP Cookie,bench_new_T3_4806,,400,TRUE,https://www.CLIENT_X.bg/a-w/cookie-notice,Existing CM Trackers-Found,,,,,
*.t.eloqua.com,Performance cookies,Oracle Marketing,JavaScript,bench_new_T3_6284,,,,https://www.CLIENT_X.bg/healthcare,New Third Party Trackers,,,,,
*.org.coveo.com,Performance cookies,Coveo Solutions Inc.,Beacon,bench_new_T3_5104,,,,https://www.CLIENT_X.bg/c-w/search.html,New Third Party Trackers,,,,,
www.CLIENT_X.bg,Essential cookies,CLIENT_X - Bulgaria,HTTP Cookie,bench_new_T3_5358,,365,TRUE,https://www.CLIENT_X.bg/,Existing CM Trackers-Found,,,,,
analytics.tiktok.com,Targeted Advertising cookies (including social media),TikTok,JavaScript,bench_new_T3_4946,,,TRUE,http://www.CLIENT_X.bg/,Existing CM Trackers-Found,,,,,
www.CLIENT_X.bg,Essential cookies,CLIENT_X - Bulgaria,HTTP Cookie,_ga_failed_lookup_marker_3_302,,365,TRUE,https://www.CLIENT_X.bg/,Existing CM Trackers-Found,,,,,
tracker-detail-page.trustarc.com,Essential cookies,TrustArc,ETag,bench_new_T3_4979,,,,https://www.CLIENT_X.bg/a-w/cookie-notice,New Third Party Trackers,,,,,
CLIENT_X.bg,Essential cookies,CLIENT_X - Bulgaria,HTTP Cookie,bench_new_T3_5420,,session,TRUE,https://www.CLIENT_X.bg/,Existing CM Trackers-Found,,,,,
youtube.com,Targeted Advertising cookies (including social media),Google Advertising Products,HTTP Cookie,bench_new_T3_5488,,180,TRUE,https://www.CLIENT_X.bg/c-e/au/automotive-articles?npagination=0,Existing CM Trackers-Found,,,,,
observability.prod.bazaarvoice.com,Performance cookies,"Bazaarvoice, Inc.",ETag,bench_new_T3_5352,,,,https://www.CLIENT_X.bg/c-e/ho/coffee-category.html,New Third Party Trackers,,,,,
www.CLIENT_X.bg,Essential cookies,CLIENT_X - Bulgaria,HTTP Cookie,bench_new_T3_5628,,0,TRUE,https://www.CLIENT_X.bg/,Existing CM Trackers-Found,,,,,
www.datadoghq-browser-agent.com,Performance cookies,Datadog,ETag,bench_new_T3_6360,,,,,Existing CM Trackers-Not Found,,,,,
www.CLIENT_X.bg,Essential cookies,CLIENT_X - Bulgaria,HTTP Cookie,bench_new_T3_4858,,365,TRUE,https://www.CLIENT_X.bg/,Existing CM Trackers-Found,,,,,
assets.adobedtm.com,Performance cookies,Adobe Inc.,JavaScript,bench_new_T3_5153,,,,,Existing CM Trackers-Not Found,,,,,
pixel.rubiconproject.com,Targeted Advertising cookies (including social media),"Magnite, Inc.",Beacon,bench_new_T3_5999,,,TRUE,https://www.CLIENT_X.bg/a-w/cookie-notice,Existing CM Trackers-Found,,,,,
www.CLIENT_X.bg,Essential cookies,CLIENT_X - Bulgaria,HTTP Cookie,bench_new_T3_5198,,,,,Existing CM Trackers-Not Found,,,,,
CLIENT_X.bg,Essential cookies,CLIENT_X - Bulgaria,HTTP Cookie,bench_new_T3_6127,,0,TRUE,https://www.CLIENT_X.bg/,Existing CM Trackers-Found,,,,,
nebula-cdn.kampyle.com,Performance cookies,Medallia,JavaScript,bench_new_T3_6211,,,TRUE,http://www.CLIENT_X.bg/,Existing CM Trackers-Found,,,,,
CLIENT_Xb2c.my.site.com,Performance cookies,"Salesforce.com, Inc.",JavaScript,bench_new_T3_6239,,,TRUE,https://www.CLIENT_X.bg/c-w/support-home/support-contact-page,Existing CM Trackers-Found,,,,,
www.CLIENT_X-hue.com,Essential cookies,CLIENT_X Hue,Beacon,bench_new_T3_5610,,,,,Existing CM Trackers-Not Found,,,,,
ad.doubleclick.net,Targeted Advertising cookies (including social media),Google Advertising Products,Beacon,_ga_failed_lookup_marker_3_317,,,TRUE,http://www.CLIENT_X.bg/,Existing CM Trackers-Found,,,,,
CLIENT_X.bg,Essential cookies,CLIENT_X - Bulgaria,HTTP Cookie,bench_new_T3_5196,,,,,Existing CM Trackers-Not Found,,,,,
www.docs.lighting.CLIENT_X.com,Performance cookies,Signify (formerly CLIENT_X Lighting),JavaScript,bench_new_T3_5726,,,,,Existing CM Trackers-Not Found,,,,,
tag.demandbase.com,Targeted Advertising cookies (including social media),"Demandbase, Inc.",JavaScript,bench_new_T3_5517,,,TRUE,https://www.CLIENT_X.bg/a-w/cookie-notice,Existing CM Trackers-Found,,,,,
ajax.googleapis.com,Performance cookies,Google Inc.,JavaScript,_ga_failed_lookup_marker_3_321,,,,,Existing CM Trackers-Not Found,,,,,
cdn.speedcurve.com,Performance cookies,Speedcurve,JavaScript,bench_new_T3_5684,,,,http://www.CLIENT_X.bg/,New Third Party Trackers,,,,,
cdn.botframework.com,Performance cookies,Microsoft Bot Framework,ETag,bench_new_T3_5759,,,TRUE,https://www.CLIENT_X.bg/c-m-pe/toothbrush-heads/diamondclean/latest,Existing CM Trackers-Found,,,,,
cdn.jsdelivr.net,Performance cookies,Volentio JSD Limited,ETag,bench_new_T3_5381,,,,,Existing CM Trackers-Not Found,,,,,
CLIENT_X.bg,Essential cookies,CLIENT_X - Bulgaria,Local Storage,bench_new_T3_5721,,,TRUE,https://www.CLIENT_X.bg/c-w/support-home/support-contact-page,Existing CM Trackers-Found,,,,,
www.facebook.com,Targeted Advertising cookies (including social media),Meta (formerly Facebook),Beacon,bench_new_T3_5928,,,TRUE,http://www.CLIENT_X.bg/,Existing CM Trackers-Found,,,,,
www.CLIENT_X.bg,Essential cookies,CLIENT_X - Bulgaria,HTTP Cookie,bench_new_T3_5645,,365,TRUE,https://www.CLIENT_X.bg/,Existing CM Trackers-Found,,,,,
doubleclick.net,Targeted Advertising cookies (including social media),Google Advertising Products,HTTP Cookie,bench_new_T3_5698,,29,TRUE,https://www.CLIENT_X.bg/,Existing CM Trackers-Found,,,,,
doubleclick.net,Targeted Advertising cookies (including social media),Google Advertising Products,HTTP Cookie,bench_new_T3_5314,,390,TRUE,https://www.CLIENT_X.bg/,Existing CM Trackers-Found,,,,,
CLIENT_X.bg,Essential cookies,CLIENT_X - Bulgaria,HTTP Cookie,bench_new_T3_5095,,session,,https://www.CLIENT_X.bg/,New First Party Trackers,,,,,
www.photometrics.lighting.CLIENT_X.com,Targeted Advertising cookies (including social media),Koninklijke CLIENT_X N.V.,ETag,bench_new_T3_5179,,,,,Existing CM Trackers-Not Found,,,,,
www.conversiontool.lighting.CLIENT_X.com,Targeted Advertising cookies (including social media),Signify (formerly CLIENT_X Lighting),ETag,bench_new_T3_6231,,,,,Existing CM Trackers-Not Found,,,,,
www.CLIENT_X.bg,Essential cookies,CLIENT_X - Bulgaria,HTTP Cookie,bench_new_T3_6300,,7,,https://www.CLIENT_X.bg/,New First Party Trackers,,,,,
pages.information.signify.com,Performance cookies,Signify (formerly CLIENT_X Lighting),HTTP Cookie,bench_new_T3_5133,,,,,Existing CM Trackers-Not Found,,,,,
www.rendertool.lighting.CLIENT_X.com,Targeted Advertising cookies (including social media),Signify (formerly CLIENT_X Lighting),JavaScript,bench_new_T3_5469,,,,,Existing CM Trackers-Not Found,,,,,
CLIENT_X.bg,Essential cookies,CLIENT_X - Bulgaria,HTTP Cookie,bench_new_T3_5440,,90,,https://www.CLIENT_X.bg/,New First Party Trackers,,,,,
www.conversiontool.lighting.CLIENT_X.com,Targeted Advertising cookies (including social media),Signify (formerly CLIENT_X Lighting),ETag,bench_new_T3_6142,,,,,Existing CM Trackers-Not Found,,,,,
CLIENT_X.bg,Essential cookies,CLIENT_X - Bulgaria,HTTP Cookie,bench_new_T3_5105,,,,,Existing CM Trackers-Not Found,,,,,
www.assets.lighting.CLIENT_X.com,Performance cookies,Signify (formerly CLIENT_X Lighting),ETag,bench_new_T3_6040,,,,,Existing CM Trackers-Not Found,,,,,
CLIENT_X.pl,Essential cookies (exempt from consent),CLIENT_X - Poland,HTTP Cookie,TEST_AMCV_COOKIE_WRITE,,,TRUE,https://www.CLIENT_X.bg/c-e/ho/air-purifier-and-air-humidifier/air-care.html,Existing CM Trackers-Found,,,,,
lighting.CLIENT_X.co.in,Essential cookies (exempt from consent),Signify (formerly CLIENT_X Lighting),HTTP Cookie,s_sid,,bench_update_duration,,,Existing CM Trackers-Not Found,,,,,
CLIENT_X.bg,Essential cookies,CLIENT_X - Bulgaria,HTTP Cookie,bench_new_T3_4895,,session,TRUE,https://www.CLIENT_X.bg/,Existing CM Trackers-Found,,,,,
CLIENT_X.bg,Essential cookies,CLIENT_X - Bulgaria,HTTP Cookie,bench_new_T3_5617,,400,TRUE,https://www.CLIENT_X.bg/,Existing CM Trackers-Found,,,,,
pixel.rubiconproject.com,Targeted Advertising cookies (including social media),"Magnite, Inc.",Beacon,_ga_failed_lookup_marker_3_344,,,TRUE,https://www.CLIENT_X.bg/a-w/cookie-notice,Existing CM Trackers-Found,,,,,
www.CLIENT_X.bg,Essential cookies,CLIENT_X - Bulgaria,HTTP Cookie,bench_new_T3_5977,,session,TRUE,https://www.CLIENT_X.bg/,Existing CM Trackers-Found,,,,,
CLIENT_X.co.jp,Essential cookies (exempt from consent),CLIENT_X Electronics Corporation Japan,HTTP Cookie,internalUserCheck,,,,,Existing CM Trackers-Not Found,,,,,
CLIENT_X.bg,Essential cookies,CLIENT_X - Bulgaria,HTTP Cookie,bench_new_T3_5804,,0,TRUE,https://www.CLIENT_X.bg/,Existing CM Trackers-Found,,,,,
CLIENT_Xb2c.my.site.com,Performance cookies,"Salesforce.com, Inc.",JavaScript,bench_new_T3_5016,,,TRUE,https://www.CLIENT_X.bg/c-w/support-home/support-contact-page,Existing CM Trackers-Found,,,,,
sc-static.net,Targeted Advertising cookies (including social media),Snap Inc.,HTTP Cookie,bench_new_T3_6038,,1,TRUE,https://www.CLIENT_X.bg/c-e/ho/air-purifier-and-air-humidifier/air-care.html,Existing CM Trackers-Found,,,,,
i.ytimg.com,Targeted Advertising cookies (including social media),Google Inc.,ETag,bench_new_T3_5282,,,TRUE,https://www.CLIENT_X.bg/c-m-ho/coffee/support-for-coffee-machine,Existing CM Trackers-Found,,,,,
www.static.accounts.CLIENT_X.com,Essential cookies,Koninklijke CLIENT_X N.V.,JavaScript,bench_new_T3_5131,,,TRUE,https://www.CLIENT_X.bg/myCLIENT_X#/register-new-product/form/QP6541_15,Existing CM Trackers-Found,,,,,
www.CLIENT_X.pt,Essential cookies (exempt from consent),CLIENT_X - Portugal,HTTP Cookie,PT_Pub-cartstatus-com,,,,,Existing CM Trackers-Not Found,,,,,
pages.information.signify.com,Performance cookies,Signify (formerly CLIENT_X Lighting),HTTP Cookie,bench_new_T3_5968,,,,,Existing CM Trackers-Not Found,,,,,
www.facebook.com,Targeted Advertising cookies (including social media),Meta (formerly Facebook),Beacon,_ga_failed_lookup_marker_3_354,,,TRUE,http://www.CLIENT_X.bg/,Existing CM Trackers-Found,,,,,
CLIENT_X.bg,Performance cookies,CLIENT_X - Bulgaria,HTTP Cookie,bench_new_T3_5947,,session,TRUE,https://www.CLIENT_X.bg/,Existing CM Trackers-Found,,,,,
ajax.googleapis.com,Performance cookies,Google Inc.,JavaScript,bench_new_T3_6042,,,,,Existing CM Trackers-Not Found,,,,,
*.mktoweb.com,Targeted Advertising cookies (including social media),Marketo,HTTP Cookie,bench_new_T3_5634,,,,,Existing CM Trackers-Not Found,,,,,
www.CLIENT_X.hr,Essential cookies (exempt from consent),CLIENT_X - Croatia,HTTP Cookie,kampyleUserPercentile,,bench_update_duration,TRUE,https://www.CLIENT_X.bg/myCLIENT_X#/register-new-product/form/QP6541_15,Existing CM Trackers-Found,,,,,
CLIENT_X.com,Essential cookies,Koninklijke CLIENT_X N.V.,HTTP Cookie,bench_new_T3_5407,,,,,Existing CM Trackers-Not Found,,,,,
www.lightset-creator.lighting.CLIENT_X.com,Targeted Advertising cookies (including social media),Signify (formerly CLIENT_X Lighting),ETag,bench_new_T3_5291,,,,,Existing CM Trackers-Not Found,,,,,
CLIENT_X.bg,Essential cookies,CLIENT_X - Bulgaria,HTTP Cookie,bench_new_T3_5248,,session,TRUE,https://www.CLIENT_X.bg/,Existing CM Trackers-Found,,,,,
*.mktoweb.com,Targeted Advertising cookies (including social media),Marketo,Local Storage,bench_new_T3_5990,,,,,Existing CM Trackers-Not Found,,,,,
CLIENT_X.bg,Essential cookies,CLIENT_X - Bulgaria,HTTP Cookie,bench_new_T3_6389,,393,TRUE,https://www.CLIENT_X.bg/,Existing CM Trackers-Found,,,,,
www.CLIENT_X.bg,Essential cookies,CLIENT_X - Bulgaria,HTTP Cookie,bench_new_T3_5796,,0,TRUE,https://www.CLIENT_X.bg/,Existing CM Trackers-Found,,,,,
CLIENT_X.bg,Performance cookies,CLIENT_X - Bulgaria,HTTP Cookie,bench_new_T3_6096,,session,TRUE,https://www.CLIENT_X.bg/,Existing CM Trackers-Found,,,,,
www.accounts.CLIENT_X.com,Essential cookies,Koninklijke CLIENT_X N.V.,JavaScript,bench_new_T3_5256,,,TRUE,https://www.CLIENT_X.bg/myCLIENT_X#/register-new-product/form/QP6541_15,Existing CM Trackers-Found,,,,,
assets.adoberesources.net,Performance cookies,Adobe Inc.,ETag,bench_new_T3_6319,,,,,Existing CM Trackers-Not Found,,,,,
*.casalemedia.com,Targeted Advertising cookies (including social media),Index Exchange Inc.,Beacon,bench_new_T3_5470,,,,https://www.CLIENT_X.bg/a-w/cookie-notice,Existing CM Trackers-Found,,,,,
CLIENT_X.bg,Essential cookies,CLIENT_X - Bulgaria,HTTP Cookie,bench_new_T3_5197,,400,TRUE,https://www.CLIENT_X.bg/,Existing CM Trackers-Found,,,,,
CLIENT_X.bg,Essential cookies,CLIENT_X - Bulgaria,HTTP Cookie,bench_new_T3_5802,,,,,Existing CM Trackers-Not Found,,,,,
demdex.net,Targeted Advertising cookies (including social media),"Adobe Audience Manager, Adobe Experience Cloud",HTTP Cookie,bench_new_T3_5051,,,,,Existing CM Trackers-Not Found,,,,,
CLIENT_X.bg,Performance cookies,CLIENT_X - Bulgaria,HTTP Cookie,bench_new_T3_5932,,session,TRUE,https://www.CLIENT_X.bg/,Existing CM Trackers-Found,,,,,
CLIENT_Xb2c.my.salesforce-scrt.com,Performance cookies,"Salesforce.com, Inc.",Beacon,bench_new_T3_4926,,,,https://www.CLIENT_X.bg/c-w/support-home/support-contact-page,New Third Party Trackers,,,,,
analytics.tiktok.com,Targeted Advertising cookies (including social media),TikTok,JavaScript,bench_new_T3_5686,,,TRUE,http://www.CLIENT_X.bg/,Existing CM Trackers-Found,,,,,
www.CLIENT_X.bg,Essential cookies,CLIENT_X - Bulgaria,HTTP Cookie,bench_new_T3_5298,,7,,https://www.CLIENT_X.bg/,New First Party Trackers,,,,,
tracker-detail-page.trustarc.com,Essential cookies,TrustArc,ETag,bench_new_T3_5562,,,,https://www.CLIENT_X.bg/a-w/cookie-notice,New Third Party Trackers,,,,,
maxosfusionconfigurator.lighting.CLIENT_X.com,Targeted Advertising cookies (including social media),Koninklijke CLIENT_X N.V.,Local Storage,_ga_failed_lookup_marker_3_377,,,,,Existing CM Trackers-Not Found,,,,,
CLIENT_X.bg,Essential cookies,CLIENT_X - Bulgaria,HTTP Cookie,bench_new_T3_5954,,90,,https://www.CLIENT_X.bg/,New First Party Trackers,,,,,
cdn.channelsight.com,Essential cookies,ChannelSight,ETag,bench_new_T3_6085,,,TRUE,https://www.CLIENT_X.bg/c-e/ho/cooking/multicooker-all-in-one.html,Existing CM Trackers-Found,,,,,
consent-pref.trustarc.com,Essential cookies,TrustArc,Local Storage,bench_new_T3_6163,,,TRUE,"https://www.CLIENT_X.bg/etc/CLIENT_X/b2c/compareproducts.html?locale=bg_BG&catalog=CONSUMER&ctn=HR2875/00,HR2603/00,HR2602/00",Existing CM Trackers-Found,,,,,
CLIENT_X.bg,Essential cookies,CLIENT_X - Bulgaria,HTTP Cookie,bench_new_T3_5774,,90,TRUE,https://www.CLIENT_X.bg/,Existing CM Trackers-Found,,,,,
stats.g.doubleclick.net,Targeted Advertising cookies (including social media),Google Advertising Products,Beacon,bench_new_T3_5529,,,TRUE,http://www.CLIENT_X.bg/,Existing CM Trackers-Found,,,,,
assets.adobedtm.com,Performance cookies,Adobe Inc.,JavaScript,bench_new_T3_5303,,,,,Existing CM Trackers-Not Found,,,,,
www.maxosfusionconfigurator.lighting.CLIENT_X.com,Performance cookies,Koninklijke CLIENT_X N.V.,ETag,bench_new_T3_6322,,,,,Existing CM Trackers-Not Found,,,,,
www.CLIENT_X.bg,Performance cookies,CLIENT_X - Bulgaria,HTTP Cookie,bench_new_T3_5682,,session,TRUE,https://www.CLIENT_X.bg/,Existing CM Trackers-Found,,,,,
casalemedia.com,Targeted Advertising cookies (including social media),Index Exchange Inc.,HTTP Cookie,bench_new_T3_4805,,365,TRUE,https://www.CLIENT_X.bg/a-w/cookie-notice,Existing CM Trackers-Found,,,,,
casalemedia.com,Targeted Advertising cookies (including social media),Index Exchange Inc.,HTTP Cookie,bench_new_T3_5318,,365,TRUE,https://www.CLIENT_X.bg/a-w/cookie-notice,Existing CM Trackers-Found,,,,,
www.maxosfusionconfigurator.lighting.CLIENT_X.com,Performance cookies,Koninklijke CLIENT_X N.V.,JavaScript,bench_new_T3_5204,,,,,Existing CM Trackers-Not Found,,,,,
www.crsc.CLIENT_X.com,Targeted Advertising cookies (including social media),Koninklijke CLIENT_X N.V.,JavaScript,bench_new_T3_6018,,,TRUE,https://www.CLIENT_X.bg/myCLIENT_X#/register-new-product/form/QP6541_15,Existing CM Trackers-Found,,,,,
sc-static.net,Targeted Advertising cookies (including social media),Snap Inc.,JavaScript,bench_new_T3_5000,,,TRUE,https://www.CLIENT_X.bg/c-e/ho/air-purifier-and-air-humidifier/air-care.html,Existing CM Trackers-Found,,,,,
demdex.net,Targeted Advertising cookies (including social media),"Adobe Audience Manager, Adobe Experience Cloud",HTTP Cookie,bench_new_T3_6268,,,,,Existing CM Trackers-Not Found,,,,,
td.yieldify.com,Targeted Advertising cookies (including social media),Yieldify,JavaScript,bench_new_T3_5500,,,,,Existing CM Trackers-Not Found,,,,,
doubleclick.net,Targeted Advertising cookies (including social media),Google Advertising Products,HTTP Cookie,bench_new_T3_4997,,,,,Existing CM Trackers-Not Found,,,,,
www.lighting.CLIENT_X.bg,Essential cookies,Signify (formerly CLIENT_X Lighting),JavaScript,bench_new_T3_6329,,,,,Existing CM Trackers-Not Found,,,,,
acdn-digitaltrans-01-p.azureedge.net,Targeted Advertising cookies (including social media),Microsoft,JavaScript,bench_new_T3_5733,,,TRUE,https://www.CLIENT_X.bg/c-m-pe/toothbrush-heads/diamondclean/latest,Existing CM Trackers-Found,,,,,
rendertool.lighting.CLIENT_X.com,Targeted Advertising cookies (including social media),Koninklijke CLIENT_X N.V.,Local Storage,bench_new_T3_5125,,,,,Existing CM Trackers-Not Found,,,,,
img.en25.com,Targeted Advertising cookies (including social media),Oracle Marketing,JavaScript,bench_new_T3_5670,,,TRUE,https://www.CLIENT_X.bg/c-m-ho/food-preparation/liquid-health/vacuum-blender,Existing CM Trackers-Found,,,,,
smetrics.marketing.lighting.CLIENT_X.com,Targeted Advertising cookies (including social media),Koninklijke CLIENT_X N.V.,JavaScript,bench_new_T3_5557,,,,,Existing CM Trackers-Not Found,,,,,
lighting.CLIENT_X.bg,Essential cookies,Signify (formerly CLIENT_X Lighting),HTTP Cookie,bench_new_T3_4999,,,,,Existing CM Trackers-Not Found,,,,,
company-target.com,Targeted Advertising cookies (including social media),"Demandbase, Inc.",HTTP Cookie,bench_new_T3_6059,,396,TRUE,https://www.CLIENT_X.bg/a-w/cookie-notice,Existing CM Trackers-Found,,,,,
www.google.com,Targeted Advertising cookies (including social media),Google Inc.,Beacon,bench_new_T3_5503,,,TRUE,http://www.CLIENT_X.bg/,Existing CM Trackers-Found,,,,,
CLIENT_X.bg,Targeted Advertising cookies (including social media),CLIENT_X - Bulgaria,HTTP Cookie,bench_new_T3_6278,,7,TRUE,https://www.CLIENT_X.bg/,Existing CM Trackers-Found,,,,,
dsum-sec.casalemedia.com,Targeted Advertising cookies (including social media),Index Exchange Inc.,Beacon,bench_new_T3_5178,,,TRUE,https://www.CLIENT_X.bg/a-w/cookie-notice,Existing CM Trackers-Found,,,,,
www.docs.lighting.CLIENT_X.com,Performance cookies,Signify (formerly CLIENT_X Lighting),JavaScript,bench_new_T3_5923,,,,,Existing CM Trackers-Not Found,,,,,
www.lighting.CLIENT_X.bg,Essential cookies,Signify (formerly CLIENT_X Lighting),HTTP Cookie,bench_new_T3_4908,,,,,Existing CM Trackers-Not Found,,,,,
www.CLIENT_X.bg,Essential cookies,CLIENT_X - Bulgaria,HTTP Cookie,bench_new_T3_5359,,365,TRUE,https://www.CLIENT_X.bg/,Existing CM Trackers-Found,,,,,
CLIENT_X.112.2o7.net,Performance cookies,"Adobe Audience Manager, Adobe Experience Cloud",HTTP Cookie,_ga_failed_lookup_marker_3_407,,400,,https://www.CLIENT_X.bg/,New Third Party Trackers,,,,,
www.CLIENT_X.bg,Essential cookies,CLIENT_X - Bulgaria,HTTP Cookie,bench_new_T3_6194,,365,TRUE,https://www.CLIENT_X.bg/,Existing CM Trackers-Found,,,,,
www.CLIENT_X.bg,Essential cookies,CLIENT_X - Bulgaria,HTTP Cookie,bench_new_T3_6091,,365,TRUE,https://www.CLIENT_X.bg/,Existing CM Trackers-Found,,,,,
pages.information.signify.com,Performance cookies,Signify (formerly CLIENT_X Lighting),ETag,bench_new_T3_6339,,,,,Existing CM Trackers-Not Found,,,,,
www.youtube.com,Targeted Advertising cookies (including social media),Google Advertising Products,JavaScript,bench_new_T3_5799,,,TRUE,https://www.CLIENT_X.bg/c-e/au/car-lights/automotive-articles.html,Existing CM Trackers-Found,,,,,
CLIENT_X.bg,Performance cookies,CLIENT_X - Bulgaria,HTTP Cookie,bench_new_T3_6376,,session,TRUE,https://www.CLIENT_X.bg/,Existing CM Trackers-Found,,,,,
www.docs.lighting.CLIENT_X.com,Performance cookies,Signify (formerly CLIENT_X Lighting),ETag,bench_new_T3_5006,,,,,Existing CM Trackers-Not Found,,,,,
linkedin.com,Targeted Advertising cookies (including social media),LinkedIn,HTTP Cookie,bench_new_T3_5632,,180,TRUE,https://www.CLIENT_X.bg/c-e/ho/air-purifier-and-air-humidifier/air-care.html,Existing CM Trackers-Found,,,,,
www.static.accounts.CLIENT_X.com,Essential cookies,Koninklijke CLIENT_X N.V.,JavaScript,bench_new_T3_5841,,,TRUE,https://www.CLIENT_X.bg/myCLIENT_X#/register-new-product/form/QP6541_15,Existing CM Trackers-Found,,,,,
*.org.coveo.com,Performance cookies,Coveo Solutions Inc.,Beacon,bench_new_T3_6026,,,,https://www.CLIENT_X.bg/c-w/search.html,New Third Party Trackers,,,,,
www.CLIENT_X.bg,Essential cookies,CLIENT_X - Bulgaria,HTTP Cookie,_ga_failed_lookup_marker_3_417,,365,TRUE,https://www.CLIENT_X.bg/,Existing CM Trackers-Found,,,,,
CLIENT_X.bg,Essential cookies,CLIENT_X - Bulgaria,HTTP Cookie,bench_new_T3_5735,,,,,Existing CM Trackers-Not Found,,,,,
CLIENT_X.bg,Essential cookies,CLIENT_X - Bulgaria,HTTP Cookie,bench_new_T3_5585,,0,TRUE,https://www.CLIENT_X.bg/,Existing CM Trackers-Found,,,,,
CLIENT_X.bg,Essential cookies,CLIENT_X - Bulgaria,HTTP Cookie,bench_new_T3_4864,,,,,Existing CM Trackers-Not Found,,,,,
www.CLIENT_X.bg,Essential cookies,CLIENT_X - Bulgaria,HTTP Cookie,bench_new_T3_5533,,,,,Existing CM Trackers-Not Found,,,,,
CLIENT_X.bg,Essential cookies,CLIENT_X - Bulgaria,HTTP Cookie,bench_new_T3_6060,,0,TRUE,https://www.CLIENT_X.bg/,Existing CM Trackers-Found,,,,,
www.googletagmanager.com,Performance cookies,Google Inc.,JavaScript,bench_new_T3_5040,,,TRUE,http://www.CLIENT_X.bg/,Existing CM Trackers-Found,,,,,
CLIENT_X.com.au,Essential cookies (exempt from consent),CLIENT_X - Australia,HTTP Cookie,li_cm_prefs_session,,bench_update_duration,,,Existing CM Trackers-Not Found,,,,,
observability.prod.bazaarvoice.com,Performance cookies,"Bazaarvoice, Inc.",ETag,bench_new_T3_5094,,,,https://www.CLIENT_X.bg/c-e/ho/coffee-category.html,New Third Party Trackers,,,,,
eloqua.com,Targeted Advertising cookies (including social media),Oracle Marketing,HTTP Cookie,bench_new_T3_5572,,393,TRUE,https://www.CLIENT_X.bg/healthcare,Existing CM Trackers-Found,,,,,
tr.snapchat.com,Targeted Advertising cookies (including social media),Snap Inc.,Beacon,bench_new_T3_5765,,,TRUE,https://www.CLIENT_X.bg/c-e/ho/air-purifier-and-air-humidifier/air-care.html,Existing CM Trackers-Found,,,,,
lighting.CLIENT_X.bg,Essential cookies,Signify (formerly CLIENT_X Lighting),HTTP Cookie,bench_new_T3_6019,,,,,Existing CM Trackers-Not Found,,,,,
CLIENT_X.co.jp,Essential cookies (exempt from consent),CLIENT_X Electronics Corporation Japan,HTTP Cookie,at_check,,bench_update_duration,,,Existing CM Trackers-Not Found,,,,,
analytics.tiktok.com,Targeted Advertising cookies (including social media),TikTok,Beacon,bench_new_T3_4879,,,TRUE,http://www.CLIENT_X.bg/,Existing CM Trackers-Found,,,,,
www.facebook.com,Targeted Advertising cookies (including social media),Meta (formerly Facebook),Beacon,_ga_failed_lookup_marker_3_431,,,TRUE,http://www.CLIENT_X.bg/,Existing CM Trackers-Found,,,,,
www.lightset-creator.lighting.CLIENT_X.com,Targeted Advertising cookies (including social media),Signify (formerly CLIENT_X Lighting),ETag,bench_new_T3_5580,,,,,Existing CM Trackers-Not Found,,,,,
munchkin.marketo.net,Targeted Advertising cookies (including social media),Marketo,ETag,bench_new_T3_6387,,,,,Existing CM Trackers-Not Found,,,,,
*.en25.com,Targeted Advertising cookies (including social media),Oracle Marketing,JavaScript,bench_new_T3_4877,,,,https://www.CLIENT_X.bg/c-m-ho/food-preparation/liquid-health/vacuum-blender,Existing CM Trackers-Found,,,,,
www.CLIENT_X.bg,Essential cookies,CLIENT_X - Bulgaria,HTTP Cookie,bench_new_T3_6141,,7,,https://www.CLIENT_X.bg/,New First Party Trackers,,,,,
googleads.g.doubleclick.net,Targeted Advertising cookies (including social media),Google Advertising Products,Beacon,_ga_failed_lookup_marker_3_436,,,TRUE,http://www.CLIENT_X.bg/,Existing CM Trackers-Found,,,,,
CLIENT_X.bg,Essential cookies,CLIENT_X - Bulgaria,HTTP Cookie,bench_new_T3_5560,,90,,https://www.CLIENT_X.bg/,New First Party Trackers,,,,,
www.datadoghq-browser-agent.com,Performance cookies,Datadog,JavaScript,bench_new_T3_4976,,,,,Existing CM Trackers-Not Found,,,,,
CLIENT_X.com.hk,Essential cookies (exempt from consent),CLIENT_X - Hong Kong,HTTP Cookie,s_cm_direct,,396,TRUE,https://www.CLIENT_X.bg/a-w/cookie-notice,Existing CM Trackers-Found,,,,,
consent.trustarc.com,Essential cookies,TrustArc,Beacon,bench_new_T3_6220,,,TRUE,http://www.CLIENT_X.bg/,Existing CM Trackers-Found,,,,,
company-target.com,Targeted Advertising cookies (including social media),"Demandbase, Inc.",HTTP Cookie,bench_new_T3_5913,,396,TRUE,https://www.CLIENT_X.bg/a-w/cookie-notice,Existing CM Trackers-Found,,,,,
www.googleapis.com,Performance cookies,Google Inc.,JavaScript,bench_new_T3_4993,,,TRUE,https://www.CLIENT_X.bg/c-e/au/car-lights/automotive-articles.html,Existing CM Trackers-Found,,,,,
company-target.com,Targeted Advertising cookies (including social media),"Demandbase, Inc.",HTTP Cookie,bench_new_T3_5328,,396,TRUE,https://www.CLIENT_X.bg/a-w/cookie-notice,Existing CM Trackers-Found,,,,,
CLIENT_X.ru,Essential cookies (exempt from consent),CLIENT_X - Russia,HTTP Cookie,_ym_d,,bench_update_duration,,,Existing CM Trackers-Not Found,,,,,
CLIENT_Xb2c.my.site.com,Performance cookies,"Salesforce.com, Inc.",Local Storage,_ga_failed_lookup_marker_3_445,,,TRUE,https://www.CLIENT_X.bg/c-w/support-home/support-contact-page,Existing CM Trackers-Found,,,,,
lighting.CLIENT_X.bg,Essential cookies,Signify (formerly CLIENT_X Lighting),HTTP Cookie,bench_new_T3_4933,,,,,Existing CM Trackers-Not Found,,,,,
pages.information.signify.com,Performance cookies,Signify (formerly CLIENT_X Lighting),ETag,bench_new_T3_4872,,,,,Existing CM Trackers-Not Found,,,,,
pages.information.signify.com,Performance cookies,Signify (formerly CLIENT_X Lighting),Local Storage,bench_new_T3_5015,,,,,Existing CM Trackers-Not Found,,,,,
www.CLIENT_X.bg,Performance cookies,CLIENT_X - Bulgaria,HTTP Cookie,bench_new_T3_6036,,,,,Existing CM Trackers-Not Found,,,,,
CLIENT_X.bg,Essential cookies,CLIENT_X - Bulgaria,HTTP Cookie,bench_new_T3_5989,,,,,Existing CM Trackers-Not Found,,,,,
cdn.speedcurve.com,Performance cookies,Speedcurve,JavaScript,bench_new_T3_5908,,,,http://www.CLIENT_X.bg/,New Third Party Trackers,,,,,
www.lightset-creator.lighting.CLIENT_X.com,Targeted Advertising cookies (including social media),Signify (formerly CLIENT_X Lighting),JavaScript,bench_new_T3_5345,,,,,Existing CM Trackers-Not Found,,,,,
CLIENT_X.bg,Essential cookies,CLIENT_X - Bulgaria,HTTP Cookie,bench_new_T3_6031,,session,TRUE,https://www.CLIENT_X.bg/,Existing CM Trackers-Found,,,,,
www.assets.lighting.CLIENT_X.com,Performance cookies,Signify (formerly CLIENT_X Lighting),ETag,bench_new_T3_4923,,,,,Existing CM Trackers-Not Found,,,,,
*.mktoweb.com,Targeted Advertising cookies (including social media),Marketo,JavaScript,bench_new_T3_6358,,,,,Existing CM Trackers-Not Found,,,,,
lighting.CLIENT_X.com.sg,Essential cookies (exempt from consent),Signify (formerly CLIENT_X Lighting),HTTP Cookie,s_cc,,,,,Existing CM Trackers-Not Found,,,,,
CLIENT_X.bg,Essential cookies,CLIENT_X - Bulgaria,HTTP Cookie,bench_new_T3_5499,,0,TRUE,https://www.CLIENT_X.bg/,Existing CM Trackers-Found,,,,,
www.lighting.CLIENT_X.bg,Essential cookies,Signify (formerly CLIENT_X Lighting),HTTP Cookie,bench_new_T3_5242,,,,,Existing CM Trackers-Not Found,,,,,
CLIENT_X.bg,Essential cookies,CLIENT_X - Bulgaria,HTTP Cookie,bench_new_T3_5834,,,,,Existing CM Trackers-Not Found,,,,,
consent.trustarc.com,Essential cookies,TrustArc,JavaScript,bench_new_T3_5986,,,TRUE,http://www.CLIENT_X.bg/,Existing CM Trackers-Found,,,,,
cdn.mouseflow.com,Performance cookies,Mouseflow,ETag,bench_new_T3_5509,,,,https://www.CLIENT_X.bg/c-e/pe/oral-healthcare.html,New Third Party Trackers,,,,,
www.lighting.CLIENT_X.bg,Essential cookies,Signify (formerly CLIENT_X Lighting),HTTP Cookie,bench_new_T3_5146,,,,,Existing CM Trackers-Not Found,,,,,
doubleclick.net,Targeted Advertising cookies (including social media),Google Advertising Products,HTTP Cookie,bench_new_T3_5743,,,,,Existing CM Trackers-Not Found,,,,,
lightset-creator.lighting.CLIENT_X.com,Targeted Advertising cookies (including social media),Koninklijke CLIENT_X N.V.,Local Storage,bench_new_T3_6187,,,,,Existing CM Trackers-Not Found,,,,,
*.mktoweb.com,Targeted Advertising cookies (including social media),Marketo,Local Storage,bench_new_T3_6307,,,,,Existing CM Trackers-Not Found,,,,,
www.ledsavingscalculator.CLIENT_X.co.uk,Performance cookies,Signify (formerly CLIENT_X Lighting),ETag,bench_new_T3_5829,,,,,Existing CM Trackers-Not Found,,,,,
youtube.com,Targeted Advertising cookies (including social media),Google Advertising Products,HTTP Cookie,bench_new_T3_5113,,180,TRUE,https://www.CLIENT_X.bg/c-e/au/automotive-articles?npagination=0,Existing CM Trackers-Found,,,,,
youtube.com,Targeted Advertising cookies (including social media),Google Advertising Products,HTTP Cookie,bench_new_T3_5089,,180,TRUE,https://www.CLIENT_X.bg/c-e/au/automotive-articles?npagination=0,Existing CM Trackers-Found,,,,,
www.maxosfusionconfigurator.lighting.CLIENT_X.com,Performance cookies,Koninklijke CLIENT_X N.V.,JavaScript,bench_new_T3_5791,,,,,Existing CM Trackers-Not Found,,,,,
www.photometrics.lighting.CLIENT_X.com,Targeted Advertising cookies (including social media),Koninklijke CLIENT_X N.V.,JavaScript,bench_new_T3_6166,,,,,Existing CM Trackers-Not Found,,,,,
CLIENT_X.com.hk,Essential cookies (exempt from consent),CLIENT_X - Hong Kong,HTTP Cookie,_fbp,,bench_update_duration,TRUE,https://www.CLIENT_X.bg/,Existing CM Trackers-Found,,,,,
google.com,Performance cookies,Google Inc.,Local Storage,bench_new_T3_5760,,,TRUE,https://www.CLIENT_X.bg/c-m-pe/accessories-and-replacements,Existing CM Trackers-Found,,,,,
CLIENT_Xtest.scene7.com,Performance cookies,Adobe Experience Cloud - Experience Manager,ETag,bench_new_T3_5296,,,TRUE,https://www.CLIENT_X.bg/c-u/at_book_618014/UserManual_CLIENT_XOneBlade,Existing CM Trackers-Found,,,,,
CLIENT_X.bg,Essential cookies,CLIENT_X - Bulgaria,HTTP Cookie,bench_new_T3_4951,,400,TRUE,https://www.CLIENT_X.bg/,Existing CM Trackers-Found,,,,,
tag.demandbase.com,Targeted Advertising cookies (including social media),"Demandbase, Inc.",JavaScript,bench_new_T3_6078,,,TRUE,https://www.CLIENT_X.bg/a-w/cookie-notice,Existing CM Trackers-Found,,,,,
pages.information.signify.com,Performance cookies,Signify (formerly CLIENT_X Lighting),HTTP Cookie,_ga_failed_lookup_marker_3_476,,,,,Existing CM Trackers-Not Found,,,,,
assets.adobedtm.com,Performance cookies,Adobe Inc.,ETag,bench_new_T3_5046,,,,,Existing CM Trackers-Not Found,,,,,
widget-cdn.janraincapture.com,Performance cookies,Akamai,ETag,bench_new_T3_5478,,,TRUE,https://www.CLIENT_X.bg/myCLIENT_X#/register-new-product/form/QP6541_15,Existing CM Trackers-Found,,,,,
cdn.channelsight.com,Essential cookies,ChannelSight,ETag,bench_new_T3_5280,,,TRUE,https://www.CLIENT_X.bg/c-e/ho/cooking/multicooker-all-in-one.html,Existing CM Trackers-Found,,,,,
www.lighting.CLIENT_X.co.kr,Essential cookies (exempt from consent),Signify (formerly CLIENT_X Lighting),ETag,blank (etag),,0,TRUE,https://www.CLIENT_X.bg/,Existing CM Trackers-Found,,,,,
CLIENT_X.bg,Essential cookies,CLIENT_X - Bulgaria,HTTP Cookie,bench_new_T3_6359,,0,TRUE,https://www.CLIENT_X.bg/,Existing CM Trackers-Found,,,,,
observability.prod.bazaarvoice.com,Performance cookies,"Bazaarvoice, Inc.",ETag,bench_new_T3_5225,,,,https://www.CLIENT_X.bg/c-e/ho/coffee-category.html,New Third Party Trackers,,,,,
pages.information.signify.com,Performance cookies,Signify (formerly CLIENT_X Lighting),JavaScript,bench_new_T3_5301,,,,,Existing CM Trackers-Not Found,,,,,
CLIENT_X.bg,Essential cookies,CLIENT_X - Bulgaria,HTTP Cookie,bench_new_T3_5531,,,,,Existing CM Trackers-Not Found,,,,,
www.crsc.lighting.CLIENT_X.com,Performance cookies,Signify (formerly CLIENT_X Lighting),ETag,bench_new_T3_6047,,,,,Existing CM Trackers-Not Found,,,,,
www.googletagmanager.com,Performance cookies,Google Inc.,JavaScript,bench_new_T3_4935,,,TRUE,http://www.CLIENT_X.bg/,Existing CM Trackers-Found,,,,,
px.ads.linkedin.com,Targeted Advertising cookies (including social media),LinkedIn,JavaScript,bench_new_T3_6033,,,TRUE,https://www.CLIENT_X.bg/c-p/AC1715_10/1000i-series-air-purifier-for-medium-rooms,Existing CM Trackers-Found,,,,,
*.fls.doubleclick.net,Targeted Advertising cookies (including social media),Google Advertising Products,Beacon,bench_new_T3_5384,,,,,Existing CM Trackers-Not Found,,,,,
tremorhub.com,Targeted Advertising cookies (including social media),"Magnite CTV, Inc.",HTTP Cookie,bench_new_T3_5513,,400,TRUE,https://www.CLIENT_X.bg/a-w/cookie-notice,Existing CM Trackers-Found,,,,,
www.conversiontool.lighting.CLIENT_X.com,Targeted Advertising cookies (including social media),Signify (formerly CLIENT_X Lighting),ETag,bench_new_T3_6242,,,,,Existing CM Trackers-Not Found,,,,,
CLIENT_X.bg,Essential cookies,CLIENT_X - Bulgaria,HTTP Cookie,bench_new_T3_6100,,,,,Existing CM Trackers-Not Found,,,,,
acdn-digitaltrans-01-p.azureedge.net,Targeted Advertising cookies (including social media),Microsoft,JavaScript,bench_new_T3_5135,,,TRUE,https://www.CLIENT_X.bg/c-m-pe/toothbrush-heads/diamondclean/latest,Existing CM Trackers-Found,,,,,
ad.doubleclick.net,Targeted Advertising cookies (including social media),Google Advertising Products,Beacon,bench_new_T3_5731,,,TRUE,http://www.CLIENT_X.bg/,Existing CM Trackers-Found,,,,,
CLIENT_X.bg,Essential cookies,CLIENT_X - Bulgaria,HTTP Cookie,bench_new_T3_4800,,session,TRUE,https://www.CLIENT_X.bg/,Existing CM Trackers-Found,,,,,
www.datadoghq-browser-agent.com,Performance cookies,Datadog,JavaScript,_ga_failed_lookup_marker_3_495,,,,,Existing CM Trackers-Not Found,,,,,
munchkin.marketo.net,Targeted Advertising cookies (including social media),Marketo,ETag,bench_new_T3_5512,,,,,Existing CM Trackers-Not Found,,,,,
www.googleapis.com,Performance cookies,Google Inc.,JavaScript,_ga_failed_lookup_marker_3_497,,,TRUE,https://www.CLIENT_X.bg/c-e/au/car-lights/automotive-articles.html,Existing CM Trackers-Found,,,,,
CLIENT_X.bg,Performance cookies,CLIENT_X - Bulgaria,HTTP Cookie,bench_new_T3_5658,,session,TRUE,https://www.CLIENT_X.bg/,Existing CM Trackers-Found,,,,,
www.google.com,Targeted Advertising cookies (including social media),Google Inc.,Beacon,bench_new_T3_5826,,,TRUE,http://www.CLIENT_X.bg/,Existing CM Trackers-Found,,,,,
*.casalemedia.com,Targeted Advertising cookies (including social media),Index Exchange Inc.,Beacon,_ga_failed_lookup_marker_3_500,,,,https://www.CLIENT_X.bg/a-w/cookie-notice,Existing CM Trackers-Found,,,,,
*.mktoweb.com,Targeted Advertising cookies (including social media),Marketo,ETag,bench_new_T3_5011,,,,,Existing CM Trackers-Not Found,,,,,
consent-st.trustarc.com,Essential cookies,TrustArc,JavaScript,bench_new_T3_6152,,,TRUE,"https://www.CLIENT_X.bg/etc/CLIENT_X/b2c/compareproducts.html?locale=bg_BG&catalog=CONSUMER&ctn=HR2875/00,HR2603/00,HR2602/00",Existing CM Trackers-Found,,,,,
CLIENT_X.bg,Essential cookies,CLIENT_X - Bulgaria,HTTP Cookie,bench_new_T3_6045,,90,TRUE,https://www.CLIENT_X.bg/,Existing CM Trackers-Found,,,,,
consent.trustarc.com,Essential cookies,TrustArc,JavaScript,bench_new_T3_5647,,,TRUE,http://www.CLIENT_X.bg/,Existing CM Trackers-Found,,,,,
td.yieldify.com,Targeted Advertising cookies (including social media),Yieldify,ETag,bench_new_T3_5418,,,,,Existing CM Trackers-Not Found,,,,,
lighting.CLIENT_X.bg,Essential cookies,Signify (formerly CLIENT_X Lighting),Local Storage,bench_new_T3_4912,,,,,Existing CM Trackers-Not Found,,,,,
www.respirtech.com,Essential cookies (exempt from consent),RespirTech,HTTP Cookie,__attentive_pv,,bench_update_duration,,https://www.CLIENT_X.bg/a-w/cookie-notice,Existing CM Trackers-Found,,,,,
consent-pref.trustarc.com,Essential cookies,TrustArc,JavaScript,_ga_failed_lookup_marker_3_508,,,TRUE,"https://www.CLIENT_X.bg/etc/CLIENT_X/b2c/compareproducts.html?locale=bg_BG&catalog=CONSUMER&ctn=HR2875/00,HR2603/00,HR2602/00",Existing CM Trackers-Found,,,,,
www.CLIENT_X.com.eg,Essential cookies (exempt from consent),CLIENT_X - Egypt,HTTP Cookie,test,,,,,Existing CM Trackers-Not Found,,,,,
linkedin.com,Targeted Advertising cookies (including social media),LinkedIn,HTTP Cookie,bench_new_T3_5901,,1,TRUE,https://www.CLIENT_X.bg/c-e/ho/air-purifier-and-air-humidifier/air-care.html,Existing CM Trackers-Found,,,,,
*.t.eloqua.com,Performance cookies,Oracle Marketing,Beacon,bench_new_T3_6296,,,,https://www.CLIENT_X.bg/healthcare,Existing CM Trackers-Found,,,,,
www.CLIENT_X.bg,Essential cookies,CLIENT_X - Bulgaria,HTTP Cookie,bench_new_T3_6145,,0,TRUE,https://www.CLIENT_X.bg/,Existing CM Trackers-Found,,,,,
CLIENT_X.bg,Essential cookies (exempt from consent),CLIENT_X - Bulgaria,HTTP Cookie,at_check,,bench_update_duration,,https://www.CLIENT_X.bg/c-w/support-home/support-contact-page,New Third Party Trackers,,,,,
casalemedia.com,Targeted Advertising cookies (including social media),Index Exchange Inc.,HTTP Cookie,bench_new_T3_5832,,90,TRUE,https://www.CLIENT_X.bg/a-w/cookie-notice,Existing CM Trackers-Found,,,,,
CLIENT_Xb2c.my.salesforce-scrt.com,Performance cookies,"Salesforce.com, Inc.",Beacon,bench_new_T3_5421,,,,https://www.CLIENT_X.bg/c-w/support-home/support-contact-page,New Third Party Trackers,,,,,
observability.prod.bazaarvoice.com,Performance cookies,"Bazaarvoice, Inc.",ETag,bench_new_T3_5415,,,,https://www.CLIENT_X.bg/c-e/ho/coffee-category.html,New Third Party Trackers,,,,,
www.crsc.CLIENT_X.com,Targeted Advertising cookies (including social media),Koninklijke CLIENT_X N.V.,JavaScript,_ga_failed_lookup_marker_3_517,,,TRUE,https://www.CLIENT_X.bg/myCLIENT_X#/register-new-product/form/QP6541_15,Existing CM Trackers-Found,,,,,
doubleclick.net,Targeted Advertising cookies (including social media),Google Advertising Products,HTTP Cookie,bench_new_T3_5126,,0,TRUE,https://www.CLIENT_X.bg/,Existing CM Trackers-Found,,,,,
CLIENT_X.bg,Essential cookies,CLIENT_X - Bulgaria,HTTP Cookie,bench_new_T3_5785,,,,,Existing CM Trackers-Not Found,,,,,
CLIENT_X.bg,Performance cookies,CLIENT_X - Bulgaria,HTTP Cookie,bench_new_T3_5705,,session,TRUE,https://www.CLIENT_X.bg/,Existing CM Trackers-Found,,,,,
CLIENT_X.bg,Essential cookies,CLIENT_X - Bulgaria,HTTP Cookie,bench_new_T3_4980,,0,TRUE,https://www.CLIENT_X.bg/,Existing CM Trackers-Found,,,,,
CLIENT_X.112.2o7.net,Performance cookies,"Adobe Audience Manager, Adobe Experience Cloud",Beacon,bench_new_T3_6373,,,TRUE,http://www.CLIENT_X.bg/,Existing CM Trackers-Found,,,,,
www.CLIENT_X.bg,Essential cookies,CLIENT_X - Bulgaria,HTTP Cookie,bench_new_T3_5192,,365,TRUE,https://www.CLIENT_X.bg/,Existing CM Trackers-Found,,,,,
www.google.com,Targeted Advertising cookies (including social media),Google Inc.,JavaScript,bench_new_T3_5526,,,TRUE,https://www.CLIENT_X.bg/c-m-ho/vacuum-cleaner-accessories,Existing CM Trackers-Found,,,,,
CLIENT_X.112.2o7.net,Performance cookies,"Adobe Audience Manager, Adobe Experience Cloud",Beacon,bench_new_T3_5267,,,TRUE,http://www.CLIENT_X.bg/,Existing CM Trackers-Found,,,,,
lighting.CLIENT_X.bg,Essential cookies,Signify (formerly CLIENT_X Lighting),HTTP Cookie,bench_new_T3_5342,,,,,Existing CM Trackers-Not Found,,,,,
www.google.ie,Targeted Advertising cookies (including social media),Google Inc.,Beacon,bench_new_T3_5807,,,TRUE,http://www.CLIENT_X.bg/,Existing CM Trackers-Found,,,,,
tr.snapchat.com,Targeted Advertising cookies (including social media),Snap Inc.,Beacon,bench_new_T3_5930,,,TRUE,https://www.CLIENT_X.bg/c-e/ho/air-purifier-and-air-humidifier/air-care.html,Existing CM Trackers-Found,,,,,
www.CLIENT_X.bg,Essential cookies,CLIENT_X - Bulgaria,HTTP Cookie,bench_new_T3_6013,,365,TRUE,https://www.CLIENT_X.bg/,Existing CM Trackers-Found,,,,,
CLIENT_X.bg,Essential cookies,CLIENT_X - Bulgaria,HTTP Cookie,bench_new_T3_5393,,,,,Existing CM Trackers-Not Found,,,,,
smetrics.marketing.lighting.CLIENT_X.com,Targeted Advertising cookies (including social media),Koninklijke CLIENT_X N.V.,JavaScript,bench_new_T3_4919,,,,,Existing CM Trackers-Not Found,,,,,
CLIENT_Xb2c.my.site.com,Performance cookies,"Salesforce.com, Inc.",JavaScript,bench_new_T3_5690,,,TRUE,https://www.CLIENT_X.bg/c-w/support-home/support-contact-page,Existing CM Trackers-Found,,,,,
td.yieldify.com,Targeted Advertising cookies (including social media),Yieldify,ETag,bench_new_T3_5182,,,,,Existing CM Trackers-Not Found,,,,,
casalemedia.com,Targeted Advertising cookies (including social media),Index Exchange Inc.,HTTP Cookie,_ga_failed_lookup_marker_3_534,,90,TRUE,https://www.CLIENT_X.bg/a-w/cookie-notice,Existing CM Trackers-Found,,,,,
www.gwarancjaksenon.CLIENT_X.pl,Essential cookies (exempt from consent),CLIENT_X - Poland,JavaScript,blank (java),,bench_update_duration,,,Existing CM Trackers-Not Found,,,,,
google.com,Performance cookies,Google Inc.,Local Storage,bench_new_T3_5475,,,TRUE,https://www.CLIENT_X.bg/c-m-pe/accessories-and-replacements,Existing CM Trackers-Found,,,,,
region1.google-analytics.com,Performance cookies,Google Inc.,Beacon,bench_new_T3_5651,,,,,Existing CM Trackers-Not Found,,,,,
assets.adoberesources.net,Performance cookies,Adobe Inc.,JavaScript,bench_new_T3_5575,,,,,Existing CM Trackers-Not Found,,,,,
CLIENT_Xb2c.my.salesforce-scrt.com,Performance cookies,"Salesforce.com, Inc.",Beacon,_ga_failed_lookup_marker_3_539,,,,https://www.CLIENT_X.bg/c-w/support-home/support-contact-page,New Third Party Trackers,,,,,
CLIENT_X.bg,Performance cookies,CLIENT_X - Bulgaria,HTTP Cookie,bench_new_T3_6313,,session,TRUE,https://www.CLIENT_X.bg/,Existing CM Trackers-Found,,,,,
nebula-cdn.kampyle.com,Performance cookies,Medallia,JavaScript,bench_new_T3_5102,,,TRUE,http://www.CLIENT_X.bg/,Existing CM Trackers-Found,,,,,
CLIENT_Xb2c.my.site.com,Performance cookies,"Salesforce.com, Inc.",ETag,bench_new_T3_5168,,,TRUE,https://www.CLIENT_X.bg/c-w/support-home/support-contact-page,Existing CM Trackers-Found,,,,,
www.lighting.CLIENT_X.bg,Essential cookies,Signify (formerly CLIENT_X Lighting),HTTP Cookie,bench_new_T3_5398,,,,,Existing CM Trackers-Not Found,,,,,
smetrics.marketing.CLIENT_X-hue.com,Targeted Advertising cookies (including social media),CLIENT_X Hue,JavaScript,bench_new_T3_5742,,,,,Existing CM Trackers-Not Found,,,,,
cdn.mouseflow.com,Performance cookies,Mouseflow,JavaScript,bench_new_T3_5214,,,,https://www.CLIENT_X.bg/c-e/pe/oral-healthcare.html,New Third Party Trackers,,,,,
cdn.botframework.com,Performance cookies,Microsoft Bot Framework,ETag,bench_new_T3_5272,,,TRUE,https://www.CLIENT_X.bg/c-m-pe/toothbrush-heads/diamondclean/latest,Existing CM Trackers-Found,,,,,
CLIENT_X.bg,Essential cookies,CLIENT_X - Bulgaria,HTTP Cookie,bench_new_T3_5786,,400,,https://www.CLIENT_X.bg/,New First Party Trackers,,,,,
www.respirtech.com,Essential cookies (exempt from consent),RespirTech,HTTP Cookie,PHPSESSID,,bench_update_duration,TRUE,https://www.CLIENT_X.bg/,Existing CM Trackers-Found,,,,,
www.google.com,Targeted Advertising cookies (including social media),Google Inc.,JavaScript,bench_new_T3_6370,,,TRUE,https://www.CLIENT_X.bg/c-m-ho/vacuum-cleaner-accessories,Existing CM Trackers-Found,,,,,
smetrics.marketing.CLIENT_X-hue.com,Targeted Advertising cookies (including social media),CLIENT_X Hue,JavaScript,bench_new_T3_5482,,,,,Existing CM Trackers-Not Found,,,,,
cdn.speedcurve.com,Performance cookies,Speedcurve,JavaScript,bench_new_T3_6052,,,,http://www.CLIENT_X.bg/,New Third Party Trackers,,,,,
CLIENT_X.fi,Essential cookies (exempt from consent),CLIENT_X - Finland,HTTP Cookie,_scid_r,,,,,Existing CM Trackers-Not Found,,,,,
www.lighting.CLIENT_X.bg,Essential cookies,Signify (formerly CLIENT_X Lighting),ETag,_ga_failed_lookup_marker_3_553,,,,,Existing CM Trackers-Not Found,,,,,
CLIENT_X.bg,Essential cookies,CLIENT_X - Bulgaria,Local Storage,bench_new_T3_4851,,,TRUE,https://www.CLIENT_X.bg/c-w/support-home/support-contact-page,Existing CM Trackers-Found,,,,,
www.CLIENT_X.bg,Essential cookies,CLIENT_X - Bulgaria,Beacon,bench_new_T3_5371,,,TRUE,http://www.CLIENT_X.bg/,Existing CM Trackers-Found,,,,,
dpm.demdex.net,Targeted Advertising cookies (including social media),"Adobe Audience Manager, Adobe Experience Cloud",HTTP Cookie,_ga_failed_lookup_marker_3_556,,,,,Existing CM Trackers-Not Found,,,,,
CLIENT_X.bg,Essential cookies,CLIENT_X - Bulgaria,HTTP Cookie,bench_new_T3_5181,,,,,Existing CM Trackers-Not Found,,,,,
www.googletagmanager.com,Performance cookies,Google Inc.,JavaScript,bench_new_T3_5915,,,TRUE,http://www.CLIENT_X.bg/,Existing CM Trackers-Found,,,,,
www.lighting.CLIENT_X.bg,Essential cookies,Signify (formerly CLIENT_X Lighting),HTTP Cookie,_ga_failed_lookup_marker_3_559,,,,,Existing CM Trackers-Not Found,,,,,
widget-cdn.janraincapture.com,Performance cookies,Akamai,ETag,bench_new_T3_5813,,,TRUE,https://www.CLIENT_X.bg/myCLIENT_X#/register-new-product/form/QP6541_15,Existing CM Trackers-Found,,,,,
www.CLIENT_X.bg,Essential cookies,CLIENT_X - Bulgaria,HTTP Cookie,_ga_failed_lookup_marker_3_561,,365,TRUE,https://www.CLIENT_X.bg/,Existing CM Trackers-Found,,,,,
CLIENT_X.com.ar,Essential cookies (exempt from consent),CLIENT_X - Argentina,HTTP Cookie,mboxEdgeCluster,,bench_update_duration,,,Existing CM Trackers-Not Found,,,,,
www.CLIENT_X.bg,Essential cookies,CLIENT_X - Bulgaria,HTTP Cookie,bench_new_T3_6227,,365,TRUE,https://www.CLIENT_X.bg/,Existing CM Trackers-Found,,,,,
img.en25.com,Targeted Advertising cookies (including social media),Oracle Marketing,JavaScript,bench_new_T3_5970,,,TRUE,https://www.CLIENT_X.bg/c-m-ho/food-preparation/liquid-health/vacuum-blender,Existing CM Trackers-Found,,,,,
CLIENT_Xb2c.my.site.com,Performance cookies,"Salesforce.com, Inc.",ETag,bench_new_T3_4968,,,TRUE,https://www.CLIENT_X.bg/c-w/support-home/support-contact-page,Existing CM Trackers-Found,,,,,
www.CLIENT_X.bg,Essential cookies,CLIENT_X - Bulgaria,Beacon,bench_new_T3_5132,,,TRUE,http://www.CLIENT_X.bg/,Existing CM Trackers-Found,,,,,
CLIENT_X.bg,Essential cookies,CLIENT_X - Bulgaria,HTTP Cookie,bench_new_T3_5612,,,,,Existing CM Trackers-Not Found,,,,,
CLIENT_X.bg,Targeted Advertising cookies (including social media),CLIENT_X - Bulgaria,HTTP Cookie,bench_new_T3_6131,,90,TRUE,https://www.CLIENT_X.bg/,Existing CM Trackers-Found,,,,,
CLIENT_X.bg,Performance cookies,CLIENT_X - Bulgaria,HTTP Cookie,bench_new_T3_5819,,session,TRUE,https://www.CLIENT_X.bg/,Existing CM Trackers-Found,,,,,
raw.githubusercontent.com,Performance cookies,GitHub Inc.,ETag,bench_new_T3_6014,,,TRUE,https://www.CLIENT_X.bg/healthcare/about/distributors,Existing CM Trackers-Found,,,,,
CLIENT_X.bg,Essential cookies,CLIENT_X - Bulgaria,HTTP Cookie,bench_new_T3_5967,,90,TRUE,https://www.CLIENT_X.bg/,Existing CM Trackers-Found,,,,,
CLIENT_X.bg,Essential cookies,CLIENT_X - Bulgaria,HTTP Cookie,bench_new_T3_4817,,session,TRUE,https://www.CLIENT_X.bg/,Existing CM Trackers-Found,,,,,
www.CLIENT_X.bg,Essential cookies,CLIENT_X - Bulgaria,HTTP Cookie,bench_new_T3_6055,,365,TRUE,https://www.CLIENT_X.bg/,Existing CM Trackers-Found,,,,,
CLIENT_X.com,Essential cookies,Koninklijke CLIENT_X N.V.,HTTP Cookie,_ga_failed_lookup_marker_3_574,,,,,Existing CM Trackers-Not Found,,,,,
CLIENT_X.bg,Essential cookies,CLIENT_X - Bulgaria,HTTP Cookie,bench_new_T3_5308,,,,,Existing CM Trackers-Not Found,,,,,
CLIENT_Xb2c.my.salesforce-scrt.com,Performance cookies,"Salesforce.com, Inc.",Beacon,bench_new_T3_6099,,,,https://www.CLIENT_X.bg/c-w/support-home/support-contact-page,New Third Party Trackers,,,,,
CLIENT_X.bg,Essential cookies,CLIENT_X - Bulgaria,HTTP Cookie,bench_new_T3_4832,,,,,Existing CM Trackers-Not Found,,,,,
www.CLIENT_X.bg,Essential cookies,CLIENT_X - Bulgaria,HTTP Cookie,_ga_failed_lookup_marker_3_578,,,,,Existing CM Trackers-Not Found,,,,,
CLIENT_X.bg,Essential cookies,CLIENT_X - Bulgaria,HTTP Cookie,_ga_failed_lookup_marker_3_579,,400,TRUE,https://www.CLIENT_X.bg/,Existing CM Trackers-Found,,,,,
tremorhub.com,Targeted Advertising cookies (including social media),"Magnite CTV, Inc.",HTTP Cookie,bench_new_T3_5753,,400,TRUE,https://www.CLIENT_X.bg/a-w/cookie-notice,Existing CM Trackers-Found,,,,,
www.CLIENT_X.bg,Essential cookies,CLIENT_X - Bulgaria,ETag,bench_new_T3_6041,,,TRUE,http://www.CLIENT_X.bg/,Existing CM Trackers-Found,,,,,
raw.githubusercontent.com,Performance cookies,GitHub Inc.,ETag,bench_new_T3_5286,,,TRUE,https://www.CLIENT_X.bg/healthcare/about/distributors,Existing CM Trackers-Found,,,,,
CLIENT_X.bg,Essential cookies,CLIENT_X - Bulgaria,HTTP Cookie,bench_new_T3_5659,,400,,https://www.CLIENT_X.bg/,New First Party Trackers,,,,,
connect.facebook.net,Targeted Advertising cookies (including social media),Meta (formerly Facebook),JavaScript,bench_new_T3_5085,,,TRUE,http://www.CLIENT_X.bg/,Existing CM Trackers-Found,,,,,
www.gearselectiontool.lighting.CLIENT_X.com,Performance cookies,Signify (formerly CLIENT_X Lighting),ETag,bench_new_T3_5858,,,,,Existing CM Trackers-Not Found,,,,,
www.accounts.CLIENT_X.com,Essential cookies,Koninklijke CLIENT_X N.V.,JavaScript,bench_new_T3_5290,,,TRUE,https://www.CLIENT_X.bg/myCLIENT_X#/register-new-product/form/QP6541_15,Existing CM Trackers-Found,,,,,
stats.g.doubleclick.net,Targeted Advertising cookies (including social media),Google Advertising Products,Beacon,bench_new_T3_5299,,,TRUE,http://www.CLIENT_X.bg/,Existing CM Trackers-Found,,,,,
CLIENT_X.bg,Essential cookies,CLIENT_X - Bulgaria,HTTP Cookie,bench_new_T3_5255,,,,,Existing CM Trackers-Not Found,,,,,
www.lighting.CLIENT_X.bg,Essential cookies,Signify (formerly CLIENT_X Lighting),HTTP Cookie,bench_new_T3_4931,,,,,Existing CM Trackers-Not Found,,,,,
www.respirtech.com,Essential cookies (exempt from consent),RespirTech,HTTP Cookie,__attentive_id,,,,,Existing CM Trackers-Not Found,,,,,
CLIENT_X.bg,Essential cookies,CLIENT_X - Bulgaria,HTTP Cookie,bench_new_T3_6394,,0,TRUE,https://www.CLIENT_X.bg/,Existing CM Trackers-Found,,,,,
CLIENT_X.bg,Essential cookies,CLIENT_X - Bulgaria,HTTP Cookie,_ga_failed_lookup_marker_3_592,,,,,Existing CM Trackers-Not Found,,,,,
www.lighting.CLIENT_X.bg,Essential cookies,Signify (formerly CLIENT_X Lighting),HTTP Cookie,bench_new_T3_5234,,,,,Existing CM Trackers-Not Found,,,,,
lighting.CLIENT_X.bg,Essential cookies,Signify (formerly CLIENT_X Lighting),HTTP Cookie,bench_new_T3_5511,,,,,Existing CM Trackers-Not Found,,,,,
CLIENT_Xb2c.my.site.com,Performance cookies,"Salesforce.com, Inc.",ETag,bench_new_T3_5264,,,TRUE,https://www.CLIENT_X.bg/c-w/support-home/support-contact-page,Existing CM Trackers-Found,,,,,
CLIENT_X.bg,Essential cookies,CLIENT_X - Bulgaria,HTTP Cookie,bench_new_T3_5368,,session,TRUE,https://www.CLIENT_X.bg/,Existing CM Trackers-Found,,,,,
CLIENT_X.bg,Performance cookies,CLIENT_X - Bulgaria,HTTP Cookie,bench_new_T3_5097,,0,TRUE,https://www.CLIENT_X.bg/,Existing CM Trackers-Found,,,,,
*.en25.com,Targeted Advertising cookies (including social media),Oracle Marketing,JavaScript,bench_new_T3_5055,,,,https://www.CLIENT_X.bg/c-m-ho/food-preparation/liquid-health/vacuum-blender,Existing CM Trackers-Found,,,,,
raw.githubusercontent.com,Performance cookies,GitHub Inc.,ETag,bench_new_T3_5071,,,TRUE,https://www.CLIENT_X.bg/healthcare/about/distributors,Existing CM Trackers-Found,,,,,
lighting.CLIENT_X.bg,Essential cookies,Signify (formerly CLIENT_X Lighting),HTTP Cookie,bench_new_T3_6255,,,,,Existing CM Trackers-Not Found,,,,,
CLIENT_Xtest.scene7.com,Performance cookies,Adobe Experience Cloud - Experience Manager,ETag,_ga_failed_lookup_marker_3_601,,,TRUE,https://www.CLIENT_X.bg/c-u/at_book_618014/UserManual_CLIENT_XOneBlade,Existing CM Trackers-Found,,,,,
www.docs.lighting.CLIENT_X.com,Performance cookies,Signify (formerly CLIENT_X Lighting),JavaScript,bench_new_T3_5630,,,,,Existing CM Trackers-Not Found,,,,,
CLIENT_X.bg,Essential cookies,CLIENT_X - Bulgaria,HTTP Cookie,bench_new_T3_4914,,,,,Existing CM Trackers-Not Found,,,,,
www.googletagmanager.com,Performance cookies,Google Inc.,JavaScript,bench_new_T3_5477,,,TRUE,http://www.CLIENT_X.bg/,Existing CM Trackers-Found,,,,,
tremorhub.com,Targeted Advertising cookies (including social media),"Magnite CTV, Inc.",HTTP Cookie,bench_new_T3_6315,,365,TRUE,https://www.CLIENT_X.bg/a-w/cookie-notice,Existing CM Trackers-Found,,,,,
www.googleapis.com,Performance cookies,Google Inc.,JavaScript,bench_new_T3_5207,,,TRUE,https://www.CLIENT_X.bg/c-e/au/car-lights/automotive-articles.html,Existing CM Trackers-Found,,,,,
CLIENT_X.bg,Essential cookies,CLIENT_X - Bulgaria,HTTP Cookie,bench_new_T3_5516,,0,TRUE,https://www.CLIENT_X.bg/,Existing CM Trackers-Found,,,,,
www.CLIENT_X-hue.com,Performance cookies,CLIENT_X Hue,ETag,bench_new_T3_5205,,,,,Existing CM Trackers-Not Found,,,,,
consent-pref.trustarc.com,Essential cookies,TrustArc,JavaScript,_ga_failed_lookup_marker_3_609,,,TRUE,"https://www.CLIENT_X.bg/etc/CLIENT_X/b2c/compareproducts.html?locale=bg_BG&catalog=CONSUMER&ctn=HR2875/00,HR2603/00,HR2602/00",Existing CM Trackers-Found,,,,,
*.fls.doubleclick.net,Targeted Advertising cookies (including social media),Google Advertising Products,Beacon,bench_new_T3_5978,,,,,Existing CM Trackers-Not Found,,,,,
sc-static.net,Targeted Advertising cookies (including social media),Snap Inc.,ETag,_ga_failed_lookup_marker_3_611,,,TRUE,https://www.CLIENT_X.bg/c-e/ho/coffee/lattego-series.html,Existing CM Trackers-Found,,,,,
CLIENT_X.co.za,Essential cookies (exempt from consent),CLIENT_X - South Africa,HTTP Cookie,s_vtime,,bench_update_duration,TRUE,https://www.CLIENT_X.bg/,Existing CM Trackers-Found,,,,,
www.CLIENT_X.ae,Essential cookies (exempt from consent),CLIENT_X - Middle East Arab,HTTP Cookie,kampyleUserSessionsCount,,,TRUE,https://www.CLIENT_X.bg/healthcare/education-resources/publications/fieldstrength?npagination=0,Existing CM Trackers-Found,,,,,
www.service.CLIENT_X.ru,Essential cookies (exempt from consent),CLIENT_X - Russia,HTTP Cookie,ASP.NET_SessionId,,bench_update_duration,,https://www.CLIENT_X.bg/c-m-ho/food-preparation/liquid-health/vacuum-blender,Existing CM Trackers-Found,,,,,
www.conversiontool.lighting.CLIENT_X.com,Targeted Advertising cookies (including social media),Signify (formerly CLIENT_X Lighting),JavaScript,_ga_failed_lookup_marker_3_615,,,,,Existing CM Trackers-Not Found,,,,,
CLIENT_X.bg,Targeted Advertising cookies (including social media),CLIENT_X - Bulgaria,HTTP Cookie,bench_new_T3_4831,,7,TRUE,https://www.CLIENT_X.bg/,Existing CM Trackers-Found,,,,,
www.photometrics.lighting.CLIENT_X.com,Targeted Advertising cookies (including social media),Koninklijke CLIENT_X N.V.,JavaScript,bench_new_T3_4892,,,,,Existing CM Trackers-Not Found,,,,,
region1.analytics.google.com,Performance cookies,Google Inc.,Beacon,bench_new_T3_5510,,,TRUE,http://www.CLIENT_X.bg/,Existing CM Trackers-Found,,,,,
www.googletagmanager.com,Performance cookies,Google Inc.,Beacon,bench_new_T3_5872,,,TRUE,https://www.CLIENT_X.bg/c-e/ho/coffee/lattego-series.html,Existing CM Trackers-Found,,,,,
youtube.com,Targeted Advertising cookies (including social media),Google Advertising Products,HTTP Cookie,bench_new_T3_5736,,180,TRUE,https://www.CLIENT_X.bg/c-e/au/automotive-articles?npagination=0,Existing CM Trackers-Found,,,,,
widget-cdn.janraincapture.com,Performance cookies,Akamai,ETag,bench_new_T3_5790,,,TRUE,https://www.CLIENT_X.bg/myCLIENT_X#/register-new-product/form/QP6541_15,Existing CM Trackers-Found,,,,,
CLIENT_X.ma,Essential cookies (exempt from consent),CLIENT_X - Morocco,HTTP Cookie,bc_tstgrp,,bench_update_duration,,,Existing CM Trackers-Not Found,,,,,
static.cloud.coveo.com,Targeted Advertising cookies (including social media),Coveo Solutions Inc.,JavaScript,bench_new_T3_5492,,,TRUE,https://www.CLIENT_X.bg/healthcare/about/support/resource-center/results,Existing CM Trackers-Found,,,,,
CLIENT_X.bg,Essential cookies,CLIENT_X - Bulgaria,HTTP Cookie,_ga_failed_lookup_marker_3_624,,0,TRUE,https://www.CLIENT_X.bg/,Existing CM Trackers-Found,,,,,
pages.information.signify.com,Performance cookies,Signify (formerly CLIENT_X Lighting),Local Storage,_ga_failed_lookup_marker_3_625,,,,,Existing CM Trackers-Not Found,,,,,
doubleclick.net,Targeted Advertising cookies (including social media),Google Advertising Products,HTTP Cookie,bench_new_T3_5855,,29,TRUE,https://www.CLIENT_X.bg/,Existing CM Trackers-Found,,,,,
www.CLIENT_X.com.sg,Essential cookies (exempt from consent),CLIENT_X - Singapore,HTTP Cookie,ROUTE,,bench_update_duration,TRUE,https://www.CLIENT_X.bg/,Existing CM Trackers-Found,,,,,
casalemedia.com,Targeted Advertising cookies (including social media),Index Exchange Inc.,HTTP Cookie,bench_new_T3_5969,,365,TRUE,https://www.CLIENT_X.bg/a-w/cookie-notice,Existing CM Trackers-Found,,,,,
CLIENT_X.bg,Essential cookies,CLIENT_X - Bulgaria,HTTP Cookie,bench_new_T3_4940,,90,TRUE,https://www.CLIENT_X.bg/,Existing CM Trackers-Found,,,,,
www.assets.signify.com,Performance cookies,Signify (formerly CLIENT_X Lighting),ETag,bench_new_T3_6292,,,,,Existing CM Trackers-Not Found,,,,,
youtube.com,Targeted Advertising cookies (including social media),Google Advertising Products,HTTP Cookie,_ga_failed_lookup_marker_3_631,,180,TRUE,https://www.CLIENT_X.bg/c-e/au/automotive-articles?npagination=0,Existing CM Trackers-Found,,,,,
www.CLIENT_X.si,Essential cookies (exempt from consent),CLIENT_X - Slovenia,HTTP Cookie,kampylePageLoadedTimestamp,,,,,Existing CM Trackers-Not Found,,,,,
CLIENT_X.ae,Essential cookies (exempt from consent),CLIENT_X - Middle East Arab,HTTP Cookie,s_nrpv,,bench_update_duration,,,Existing CM Trackers-Not Found,,,,,
maps.googleapis.com,Targeted Advertising cookies (including social media),Google Inc.,ETag,_ga_failed_lookup_marker_3_634,,,TRUE,https://www.CLIENT_X.bg/healthcare/about/distributors,Existing CM Trackers-Found,,,,,
pages.information.signify.com,Performance cookies,Signify (formerly CLIENT_X Lighting),HTTP Cookie,bench_new_T3_6352,,,,,Existing CM Trackers-Not Found,,,,,
www.crsc.lighting.CLIENT_X.com,Performance cookies,Signify (formerly CLIENT_X Lighting),ETag,bench_new_T3_6346,,,,,Existing CM Trackers-Not Found,,,,,
tiktok.com,Targeted Advertising cookies (including social media),TikTok,HTTP Cookie,bench_new_T3_5313,,90,TRUE,https://www.CLIENT_X.bg/,Existing CM Trackers-Found,,,,,
CLIENT_X.bg,Essential cookies,CLIENT_X - Bulgaria,HTTP Cookie,bench_new_T3_5849,,,,,Existing CM Trackers-Not Found,,,,,
www.static.accounts.CLIENT_X.com,Essential cookies,Koninklijke CLIENT_X N.V.,JavaScript,bench_new_T3_6146,,,TRUE,https://www.CLIENT_X.bg/myCLIENT_X#/register-new-product/form/QP6541_15,Existing CM Trackers-Found,,,,,
td.yieldify.com,Targeted Advertising cookies (including social media),Yieldify,JavaScript,bench_new_T3_5273,,,,,Existing CM Trackers-Not Found,,,,,
CLIENT_X.bg,Essential cookies,CLIENT_X - Bulgaria,HTTP Cookie,_ga_failed_lookup_marker_3_641,,,,,Existing CM Trackers-Not Found,,,,,
CLIENT_X.bg,Essential cookies,CLIENT_X - Bulgaria,HTTP Cookie,bench_new_T3_6058,,0,TRUE,https://www.CLIENT_X.bg/,Existing CM Trackers-Found,,,,,
CLIENT_X.bg,Essential cookies,CLIENT_X - Bulgaria,HTTP Cookie,bench_new_T3_6217,,,,,Existing CM Trackers-Not Found,,,,,
code.jquery.com,Performance cookies,jQuery,JavaScript,bench_new_T3_6273,,,,,Existing CM Trackers-Not Found,,,,,
*.mktoweb.com,Targeted Advertising cookies (including social media),Marketo,HTTP Cookie,bench_new_T3_5261,,,,,Existing CM Trackers-Not Found,,,,,
ssl-static.janraincapture.com,Performance cookies,Akamai,JavaScript,bench_new_T3_5249,,,TRUE,https://www.CLIENT_X.bg/myCLIENT_X#/register-new-product/form/QP6541_15,Existing CM Trackers-Found,,,,,
CLIENT_X.bg,Essential cookies,CLIENT_X - Bulgaria,HTTP Cookie,bench_new_T3_5297,,,,,Existing CM Trackers-Not Found,,,,,
www.youtube.com,Targeted Advertising cookies (including social media),Google Advertising Products,JavaScript,bench_new_T3_6267,,,TRUE,https://www.CLIENT_X.bg/c-e/au/car-lights/automotive-articles.html,Existing CM Trackers-Found,,,,,
CLIENT_X.bg,Essential cookies,CLIENT_X - Bulgaria,HTTP Cookie,_ga_failed_lookup_marker_3_649,,,,,Existing CM Trackers-Not Found,,,,,
www.docs.lighting.CLIENT_X.com,Performance cookies,Signify (formerly CLIENT_X Lighting),JavaScript,bench_new_T3_5528,,,,,Existing CM Trackers-Not Found,,,,,
www.accounts.CLIENT_X.ru,Essential cookies (exempt from consent),CLIENT_X - Russia,HTTP Cookie,c2a48310-9715-3beb-895e-000000000000,,bench_update_duration,TRUE,https://www.CLIENT_X.bg/c-w/support-home/support-contact-page,Existing CM Trackers-Found,,,,,
www.googletagmanager.com,Performance cookies,Google Inc.,JavaScript,bench_new_T3_5236,,,TRUE,http://www.CLIENT_X.bg/,Existing CM Trackers-Found,,,,,
www.CLIENT_X-hue.com,Essential cookies,CLIENT_X Hue,Beacon,bench_new_T3_5609,,,,,Existing CM Trackers-Not Found,,,,,
www.CLIENT_X.bg,Essential cookies,CLIENT_X - Bulgaria,HTTP Cookie,bench_new_T3_5193,,10,TRUE,https://www.CLIENT_X.bg/,Existing CM Trackers-Found,,,,,
www.assets.signify.com,Performance cookies,Signify (formerly CLIENT_X Lighting),ETag,bench_new_T3_6374,,,,,Existing CM Trackers-Not Found,,,,,
CLIENT_X.bg,Essential cookies,CLIENT_X - Bulgaria,HTTP Cookie,bench_new_T3_5356,,,,,Existing CM Trackers-Not Found,,,,,
conversiontool.lighting.CLIENT_X.com,Targeted Advertising cookies (including social media),Koninklijke CLIENT_X N.V.,Local Storage,bench_new_T3_5035,,,,,Existing CM Trackers-Not Found,,,,,
company-target.com,Targeted Advertising cookies (including social media),"Demandbase, Inc.",HTTP Cookie,bench_new_T3_6073,,396,TRUE,https://www.CLIENT_X.bg/a-w/cookie-notice,Existing CM Trackers-Found,,,,,
www.rendertool.lighting.CLIENT_X.com,Targeted Advertising cookies (including social media),Signify (formerly CLIENT_X Lighting),JavaScript,bench_new_T3_5188,,,,,Existing CM Trackers-Not Found,,,,,
www.lighting.CLIENT_X.bg,Essential cookies,Signify (formerly CLIENT_X Lighting),HTTP Cookie,bench_new_T3_5642,,,,,Existing CM Trackers-Not Found,,,,,
www.lighting.CLIENT_X.bg,Essential cookies,Signify (formerly CLIENT_X Lighting),HTTP Cookie,bench_new_T3_5907,,,,,Existing CM Trackers-Not Found,,,,,
lighting.CLIENT_X.pl,Essential cookies (exempt from consent),Signify (formerly CLIENT_X Lighting),HTTP Cookie,_mkto_trk,,bench_update_duration,TRUE,https://www.CLIENT_X.bg/c-e/ho/air-purifier-and-air-humidifier/air-care.html,Existing CM Trackers-Found,,,,,
CLIENT_Xb2c.my.site.com,Performance cookies,"Salesforce.com, Inc.",Beacon,_ga_failed_lookup_marker_3_663,,,TRUE,https://www.CLIENT_X.bg/c-w/support-home/support-contact-page,Existing CM Trackers-Found,,,,,
nebula-cdn.kampyle.com,Performance cookies,Medallia,JavaScript,bench_new_T3_5246,,,TRUE,http://www.CLIENT_X.bg/,Existing CM Trackers-Found,,,,,
*.mktoweb.com,Targeted Advertising cookies (including social media),Marketo,JavaScript,bench_new_T3_5250,,,,,Existing CM Trackers-Not Found,,,,,
linkedin.com,Targeted Advertising cookies (including social media),LinkedIn,HTTP Cookie,bench_new_T3_6112,,1,TRUE,https://www.CLIENT_X.bg/c-e/ho/air-purifier-and-air-humidifier/air-care.html,Existing CM Trackers-Found,,,,,
fonts.yieldify-production.com,Targeted Advertising cookies (including social media),Yieldify,ETag,_ga_failed_lookup_marker_3_667,,,,,Existing CM Trackers-Not Found,,,,,
www.facebook.com,Targeted Advertising cookies (including social media),Meta (formerly Facebook),Beacon,bench_new_T3_4989,,,TRUE,http://www.CLIENT_X.bg/,Existing CM Trackers-Found,,,,,
CLIENT_Xb2c.my.salesforce-scrt.com,Performance cookies,"Salesforce.com, Inc.",Beacon,bench_new_T3_5646,,,,https://www.CLIENT_X.bg/c-w/support-home/support-contact-page,New Third Party Trackers,,,,,
consent-pref.trustarc.com,Essential cookies,TrustArc,JavaScript,bench_new_T3_4950,,,TRUE,"https://www.CLIENT_X.bg/etc/CLIENT_X/b2c/compareproducts.html?locale=bg_BG&catalog=CONSUMER&ctn=HR2875/00,HR2603/00,HR2602/00",Existing CM Trackers-Found,,,,,
lighting.CLIENT_X.bg,Essential cookies,Signify (formerly CLIENT_X Lighting),HTTP Cookie,bench_new_T3_4825,,,,,Existing CM Trackers-Not Found,,,,,
images.CLIENT_X.com,Essential cookies,Koninklijke CLIENT_X N.V.,JavaScript,bench_new_T3_5962,,,TRUE,https://www.CLIENT_X.bg/healthcare/product/HC881101,Existing CM Trackers-Found,,,,,
www.gstatic.com,Performance cookies,Google Inc.,JavaScript,bench_new_T3_5885,,,TRUE,https://www.CLIENT_X.bg/c-m-ho/vacuum-cleaner-accessories,Existing CM Trackers-Found,,,,,
ssl-static.janraincapture.com,Performance cookies,Akamai,JavaScript,bench_new_T3_5794,,,TRUE,https://www.CLIENT_X.bg/myCLIENT_X#/register-new-product/form/QP6541_15,Existing CM Trackers-Found,,,,,
api.photometrics-db.signify.com,Targeted Advertising Cookies (including social media) [Requires consent],Signify (formerly CLIENT_X Lighting),Beacon,-,,bench_update_duration,,,Existing CM Trackers-Not Found,,,,,
beacon.speedcurve.com,Performance cookies,Speedcurve,Beacon,bench_new_T3_5134,,,,https://www.CLIENT_X.bg/c-m-au/car-lights,New Third Party Trackers,,,,,
*.t.eloqua.com,Performance cookies,Oracle Marketing,Beacon,bench_new_T3_4850,,,,https://www.CLIENT_X.bg/healthcare,Existing CM Trackers-Found,,,,,
youtube.com,Targeted Advertising cookies (including social media),Google Advertising Products,HTTP Cookie,bench_new_T3_6095,,180,TRUE,https://www.CLIENT_X.bg/c-e/au/automotive-articles?npagination=0,Existing CM Trackers-Found,,,,,
www.CLIENT_X.com,Essential cookies,Koninklijke CLIENT_X N.V.,ETag,bench_new_T3_4873,,,TRUE,https://www.CLIENT_X.bg/healthcare/education-resources/publications/fieldstrength?npagination=0,Existing CM Trackers-Found,,,,,
cdn.botframework.com,Performance cookies,Microsoft Bot Framework,JavaScript,bench_new_T3_5706,,,TRUE,https://www.CLIENT_X.bg/c-m-pe/toothbrush-heads/diamondclean/latest,Existing CM Trackers-Found,,,,,
company-target.com,Targeted Advertising cookies (including social media),"Demandbase, Inc.",HTTP Cookie,bench_new_T3_4834,,396,TRUE,https://www.CLIENT_X.bg/a-w/cookie-notice,Existing CM Trackers-Found,,,,,
cdn.botframework.com,Performance cookies,Microsoft Bot Framework,ETag,bench_new_T3_5772,,,TRUE,https://www.CLIENT_X.bg/c-m-pe/toothbrush-heads/diamondclean/latest,Existing CM Trackers-Found,,,,,
CLIENT_Xlighting.d3.sc.omtrdc.net,Performance cookies,"Adobe Audience Manager, Adobe Experience Cloud",JavaScript,_ga_failed_lookup_marker_3_683,,,,,Existing CM Trackers-Not Found,,,,,
*.en25.com,Targeted Advertising cookies (including social media),Oracle Marketing,JavaScript,bench_new_T3_4916,,,,https://www.CLIENT_X.bg/c-m-ho/food-preparation/liquid-health/vacuum-blender,Existing CM Trackers-Found,,,,,
tremorhub.com,Targeted Advertising cookies (including social media),"Magnite CTV, Inc.",HTTP Cookie,_ga_failed_lookup_marker_3_685,,365,TRUE,https://www.CLIENT_X.bg/a-w/cookie-notice,Existing CM Trackers-Found,,,,,
www.static.accounts.CLIENT_X.com,Essential cookies,Koninklijke CLIENT_X N.V.,JavaScript,bench_new_T3_5961,,,TRUE,https://www.CLIENT_X.bg/myCLIENT_X#/register-new-product/form/QP6541_15,Existing CM Trackers-Found,,,,,
assets.adoberesources.net,Performance cookies,Adobe Inc.,ETag,bench_new_T3_6098,,,,,Existing CM Trackers-Not Found,,,,,
CLIENT_X.bg,Performance cookies,CLIENT_X - Bulgaria,HTTP Cookie,bench_new_T3_4802,,session,TRUE,https://www.CLIENT_X.bg/,Existing CM Trackers-Found,,,,,
snapchat.com,Targeted Advertising Cookies (including social media) [Requires consent],Snap Inc.,HTTP Cookie,sc_at,,389,,,Existing CM Trackers-Not Found,,,,,
connect.facebook.net,Targeted Advertising cookies (including social media),Meta (formerly Facebook),Beacon,bench_new_T3_6103,,,TRUE,https://www.CLIENT_X.bg/c-e/au/car-lights/headlights/ultinon-access-led.html,Existing CM Trackers-Found,,,,,
CLIENT_X.com.gh,Essential cookies (exempt from consent),CLIENT_X - Ghana,HTTP Cookie,s_gnr,,bench_update_duration,,https://www.CLIENT_X.bg/healthcare,New Third Party Trackers,,,,,
lighting.CLIENT_X.bg,Essential cookies,Signify (formerly CLIENT_X Lighting),HTTP Cookie,bench_new_T3_5720,,,,,Existing CM Trackers-Not Found,,,,,
region1.google-analytics.com,Performance cookies,Google Inc.,Beacon,bench_new_T3_4907,,,,,Existing CM Trackers-Not Found,,,,,
www.lighting.CLIENT_X.com.my,Essential cookies (exempt from consent),Signify (formerly CLIENT_X Lighting),HTTP Cookie,customer_country,,bench_update_duration,TRUE,https://www.CLIENT_X.bg/myCLIENT_X#/register-new-product/form/QP6541_15,Existing CM Trackers-Found,,,,,
www.datadoghq-browser-agent.com,Performance cookies,Datadog,ETag,bench_new_T3_5814,,,,,Existing CM Trackers-Not Found,,,,,
CLIENT_X.bg,Essential cookies,CLIENT_X - Bulgaria,HTTP Cookie,_ga_failed_lookup_marker_3_696,,session,TRUE,https://www.CLIENT_X.bg/,Existing CM Trackers-Found,,,,,
cdnjs.cloudflare.com,Performance cookies,Cloudflare,ETag,bench_new_T3_5145,,,,,Existing CM Trackers-Not Found,,,,,
lighting.CLIENT_X.bg,Essential cookies,Signify (formerly CLIENT_X Lighting),HTTP Cookie,bench_new_T3_5445,,,,,Existing CM Trackers-Not Found,,,,,
CLIENT_X.bg,Essential cookies,CLIENT_X - Bulgaria,HTTP Cookie,bench_new_T3_6173,,,,,Existing CM Trackers-Not Found,,,,,
img.en25.com,Targeted Advertising cookies (including social media),Oracle Marketing,JavaScript,_ga_failed_lookup_marker_3_700,,,TRUE,https://www.CLIENT_X.bg/c-m-ho/food-preparation/liquid-health/vacuum-blender,Existing CM Trackers-Found,,,,,
region1.analytics.google.com,Performance cookies,Google Inc.,Beacon,bench_new_T3_5712,,,TRUE,http://www.CLIENT_X.bg/,Existing CM Trackers-Found,,,,,
www.photometrics.lighting.CLIENT_X.com,Targeted Advertising cookies (including social media),Koninklijke CLIENT_X N.V.,ETag,bench_new_T3_5993,,,,,Existing CM Trackers-Not Found,,,,,
www.lighting.CLIENT_X.co.th,Essential cookies (exempt from consent),Signify (formerly CLIENT_X Lighting),HTTP Cookie,AWSELB,,bench_update_duration,,,Existing CM Trackers-Not Found,,,,,
raw.githubusercontent.com,Performance cookies,GitHub Inc.,ETag,bench_new_T3_5741,,,TRUE,https://www.CLIENT_X.bg/healthcare/about/distributors,Existing CM Trackers-Found,,,,,
conversiontool.lighting.CLIENT_X.com,Targeted Advertising cookies (including social media),Koninklijke CLIENT_X N.V.,Local Storage,bench_new_T3_6180,,,,,Existing CM Trackers-Not Found,,,,,
eloqua.com,Targeted Advertising cookies (including social media),Oracle Marketing,HTTP Cookie,bench_new_T3_5245,,393,TRUE,https://www.CLIENT_X.bg/healthcare,Existing CM Trackers-Found,,,,,
www.accounts.CLIENT_X.com,Essential cookies,Koninklijke CLIENT_X N.V.,JavaScript,bench_new_T3_5639,,,TRUE,https://www.CLIENT_X.bg/myCLIENT_X#/register-new-product/form/QP6541_15,Existing CM Trackers-Found,,,,,
www.CLIENT_X-hue.com,Performance cookies,CLIENT_X Hue,ETag,bench_new_T3_6294,,,,,Existing CM Trackers-Not Found,,,,,
CLIENT_X.bg,Targeted Advertising cookies (including social media),CLIENT_X - Bulgaria,HTTP Cookie,bench_new_T3_4840,,90,TRUE,https://www.CLIENT_X.bg/,Existing CM Trackers-Found,,,,,
CLIENT_X.bg,Essential cookies,CLIENT_X - Bulgaria,HTTP Cookie,_ga_failed_lookup_marker_3_710,,session,,https://www.CLIENT_X.bg/,New First Party Trackers,,,,,
CLIENT_X.bg,Essential cookies,CLIENT_X - Bulgaria,HTTP Cookie,bench_new_T3_5551,,0,TRUE,https://www.CLIENT_X.bg/,Existing CM Trackers-Found,,,,,
www.google.com,Essential cookies,Google Inc.,HTTP Cookie,bench_new_T3_5274,,180,TRUE,https://www.CLIENT_X.bg/c-m-pe/accessories-and-replacements,Existing CM Trackers-Found,,,,,
pixel.rubiconproject.com,Targeted Advertising cookies (including social media),"Magnite, Inc.",Beacon,bench_new_T3_5534,,,TRUE,https://www.CLIENT_X.bg/a-w/cookie-notice,Existing CM Trackers-Found,,,,,
CLIENT_X.co.in,Essential cookies (exempt from consent),CLIENT_X - India,HTTP Cookie,mbox,,,,,Existing CM Trackers-Not Found,,,,,
ad.doubleclick.net,Targeted Advertising cookies (including social media),Google Advertising Products,Beacon,bench_new_T3_6344,,,TRUE,http://www.CLIENT_X.bg/,Existing CM Trackers-Found,,,,,
www.crsc.lighting.CLIENT_X.com,Performance cookies,Signify (formerly CLIENT_X Lighting),ETag,bench_new_T3_5173,,,,,Existing CM Trackers-Not Found,,,,,
CLIENT_X.bg,Targeted Advertising cookies (including social media),CLIENT_X - Bulgaria,HTTP Cookie,bench_new_T3_6062,,90,TRUE,https://www.CLIENT_X.bg/,Existing CM Trackers-Found,,,,,
lighting.CLIENT_X.co.il,Essential cookies (exempt from consent),Signify (formerly CLIENT_X Lighting),HTTP Cookie,s_pv,,bench_update_duration,,,Existing CM Trackers-Not Found,,,,,
nebula-cdn.kampyle.com,Performance cookies,Medallia,ETag,_ga_failed_lookup_marker_3_719,,,TRUE,http://www.CLIENT_X.bg/,Existing CM Trackers-Found,,,,,
CLIENT_X.112.2o7.net,Performance cookies,"Adobe Audience Manager, Adobe Experience Cloud",Beacon,bench_new_T3_6382,,,TRUE,http://www.CLIENT_X.bg/,Existing CM Trackers-Found,,,,,
www.CLIENT_X.com.tr,Essential cookies (exempt from consent),CLIENT_X - Turkey,HTTP Cookie,kampyleSessionPageCounter,,bench_update_duration,TRUE,https://www.CLIENT_X.bg/a-w/cookie-notice,Existing CM Trackers-Found,,,,,
www.CLIENT_X.se,Essential cookies (exempt from consent),CLIENT_X - Sweden,HTTP Cookie,ROUTE,,400,TRUE,https://www.CLIENT_X.bg/a-w/cookie-notice,Existing CM Trackers-Found,,,,,
CLIENT_X.bg,Essential cookies,CLIENT_X - Bulgaria,HTTP Cookie,_ga_failed_lookup_marker_3_723,,0,TRUE,https://www.CLIENT_X.bg/,Existing CM Trackers-Found,,,,,
assets.adoberesources.net,Performance cookies,Adobe Inc.,JavaScript,bench_new_T3_4917,,,,,Existing CM Trackers-Not Found,,,,,
www.crsc.lighting.CLIENT_X.com,Performance cookies,Signify (formerly CLIENT_X Lighting),JavaScript,bench_new_T3_6123,,,,,Existing CM Trackers-Not Found,,,,,
lighting.CLIENT_X.com.ph,Essential cookies (exempt from consent),CLIENT_X - Philippines,HTTP Cookie,test,,,TRUE,https://www.CLIENT_X.bg/c-m-pe/toothbrush-heads/diamondclean/latest,Existing CM Trackers-Found,,,,,
www.recaptcha.net,Performance cookies,Google Inc.,JavaScript,_ga_failed_lookup_marker_3_727,,,,,Existing CM Trackers-Not Found,,,,,
cdn.jsdelivr.net,Performance cookies,Volentio JSD Limited,JavaScript,bench_new_T3_5838,,,,,Existing CM Trackers-Not Found,,,,,
www.CLIENT_X.bg,Essential cookies,CLIENT_X - Bulgaria,HTTP Cookie,bench_new_T3_6230,,365,TRUE,https://www.CLIENT_X.bg/,Existing CM Trackers-Found,,,,,
www.CLIENT_X.bg,Essential cookies,CLIENT_X - Bulgaria,HTTP Cookie,bench_new_T3_4880,,,,,Existing CM Trackers-Not Found,,,,,
www.CLIENT_X.bg,Essential cookies,CLIENT_X - Bulgaria,HTTP Cookie,bench_new_T3_6158,,10,TRUE,https://www.CLIENT_X.bg/,Existing CM Trackers-Found,,,,,
www.CLIENT_X.com.my,Essential cookies (exempt from consent),CLIENT_X - Malaysia,HTTP Cookie,p-hc-specialty,,,,,Existing CM Trackers-Not Found,,,,,
casalemedia.com,Targeted Advertising cookies (including social media),Index Exchange Inc.,HTTP Cookie,bench_new_T3_5506,,90,TRUE,https://www.CLIENT_X.bg/a-w/cookie-notice,Existing CM Trackers-Found,,,,,
www.google.com,Essential cookies,Google Inc.,HTTP Cookie,bench_new_T3_6184,,180,TRUE,https://www.CLIENT_X.bg/c-m-pe/accessories-and-replacements,Existing CM Trackers-Found,,,,,
code.jquery.com,Performance cookies,jQuery,ETag,bench_new_T3_4900,,,,,Existing CM Trackers-Not Found,,,,,
www.assets.signify.com,Performance cookies,Signify (formerly CLIENT_X Lighting),ETag,bench_new_T3_5306,,,,,Existing CM Trackers-Not Found,,,,,
CLIENT_X.bg,Performance cookies,CLIENT_X - Bulgaria,HTTP Cookie,bench_new_T3_5423,,0,TRUE,https://www.CLIENT_X.bg/,Existing CM Trackers-Found,,,,,
lighting.CLIENT_X.bg,Essential cookies,Signify (formerly CLIENT_X Lighting),HTTP Cookie,bench_new_T3_5622,,,,,Existing CM Trackers-Not Found,,,,,
stats.g.doubleclick.net,Targeted Advertising cookies (including social media),Google Advertising Products,Beacon,bench_new_T3_5012,,,TRUE,http://www.CLIENT_X.bg/,Existing CM Trackers-Found,,,,,
www.lighting.CLIENT_X.bg,Essential cookies,Signify (formerly CLIENT_X Lighting),HTTP Cookie,_ga_failed_lookup_marker_3_740,,,,,Existing CM Trackers-Not Found,,,,,
ssl-static.janraincapture.com,Performance cookies,Akamai,JavaScript,bench_new_T3_5525,,,TRUE,https://www.CLIENT_X.bg/myCLIENT_X#/register-new-product/form/QP6541_15,Existing CM Trackers-Found,,,,,
dpm.demdex.net,Targeted Advertising cookies (including social media),"Adobe Audience Manager, Adobe Experience Cloud",HTTP Cookie,bench_new_T3_5209,,,,,Existing CM Trackers-Not Found,,,,,
www.assets.signify.com,Performance cookies,Signify (formerly CLIENT_X Lighting),ETag,bench_new_T3_6016,,,,,Existing CM Trackers-Not Found,,,,,
CLIENT_X.112.2o7.net,Performance cookies,"Adobe Audience Manager, Adobe Experience Cloud",Beacon,bench_new_T3_6150,,,TRUE,http://www.CLIENT_X.bg/,Existing CM Trackers-Found,,,,,
CLIENT_X.bg,Essential cookies,CLIENT_X - Bulgaria,HTTP Cookie,bench_new_T3_5896,,,,,Existing CM Trackers-Not Found,,,,,
www.CLIENT_X.cz,Essential cookies (exempt from consent),CLIENT_X - Czech Republic,HTTP Cookie,CZ_Pub-cartstatus-com,,,,,Existing CM Trackers-Not Found,,,,,
youtube.com,Targeted Advertising cookies (including social media),Google Advertising Products,HTTP Cookie,bench_new_T3_5975,,180,,https://www.CLIENT_X.bg/c-e/au/automotive-articles?npagination=0,New Third Party Trackers,,,,,
www.CLIENT_X.bg,Essential cookies,CLIENT_X - Bulgaria,HTTP Cookie,bench_new_T3_6088,,,,,Existing CM Trackers-Not Found,,,,,
googleads.g.doubleclick.net,Targeted Advertising cookies (including social media),Google Advertising Products,Beacon,bench_new_T3_6246,,,TRUE,http://www.CLIENT_X.bg/,Existing CM Trackers-Found,,,,,
region1.google-analytics.com,Performance cookies,Google Inc.,Beacon,bench_new_T3_6009,,,,,Existing CM Trackers-Not Found,,,,,
www.datadoghq-browser-agent.com,Performance cookies,Datadog,ETag,bench_new_T3_5827,,,,,Existing CM Trackers-Not Found,,,,,
snap.licdn.com,Performance cookies,LinkedIn,JavaScript,bench_new_T3_5984,,,TRUE,https://www.CLIENT_X.bg/c-e/ho/air-purifier-and-air-humidifier/air-care.html,Existing CM Trackers-Found,,,,,
www.conversiontool.lighting.CLIENT_X.com,Targeted Advertising cookies (including social media),Signify (formerly CLIENT_X Lighting),JavaScript,bench_new_T3_6202,,,,,Existing CM Trackers-Not Found,,,,,
www.assets.lighting.CLIENT_X.com,Performance cookies,Signify (formerly CLIENT_X Lighting),ETag,bench_new_T3_5468,,,,,Existing CM Trackers-Not Found,,,,,
www.CLIENT_X.bg,Essential cookies,CLIENT_X - Bulgaria,HTTP Cookie,bench_new_T3_5570,,7,,https://www.CLIENT_X.bg/,New First Party Trackers,,,,,
CLIENT_X.bg,Essential cookies,CLIENT_X - Bulgaria,HTTP Cookie,bench_new_T3_6336,,session,TRUE,https://www.CLIENT_X.bg/,Existing CM Trackers-Found,,,,,
casalemedia.com,Targeted Advertising cookies (including social media),Index Exchange Inc.,HTTP Cookie,_ga_failed_lookup_marker_3_757,,365,TRUE,https://www.CLIENT_X.bg/a-w/cookie-notice,Existing CM Trackers-Found,,,,,
youtube.com,Targeted Advertising cookies (including social media),Google Advertising Products,HTTP Cookie,bench_new_T3_5106,,session,TRUE,https://www.CLIENT_X.bg/c-e/au/automotive-articles?npagination=0,Existing CM Trackers-Found,,,,,
www.CLIENT_X.bg,Essential cookies,CLIENT_X - Bulgaria,JavaScript,bench_new_T3_5446,,,TRUE,http://www.CLIENT_X.bg/,Existing CM Trackers-Found,,,,,
code.jquery.com,Performance cookies,jQuery,ETag,bench_new_T3_5798,,,,,Existing CM Trackers-Not Found,,,,,
www.CLIENT_X.bg,Essential cookies,CLIENT_X - Bulgaria,HTTP Cookie,bench_new_T3_5809,,,,,Existing CM Trackers-Not Found,,,,,
pages.information.signify.com,Performance cookies,Signify (formerly CLIENT_X Lighting),HTTP Cookie,_ga_failed_lookup_marker_3_762,,,,,Existing CM Trackers-Not Found,,,,,
images.CLIENT_X.com,Essential cookies,Koninklijke CLIENT_X N.V.,ETag,bench_new_T3_5140,,,TRUE,https://www.CLIENT_X.bg/c-e/pe/CLIENT_X-oneblade-intimate.html,Existing CM Trackers-Found,,,,,
www.CLIENT_X.bg,Essential cookies,CLIENT_X - Bulgaria,HTTP Cookie,bench_new_T3_6252,,7,,https://www.CLIENT_X.bg/,New First Party Trackers,,,,,
CLIENT_X.com.eg,Essential cookies (exempt from consent),CLIENT_X - Egypt,HTTP Cookie,s_cm_direct,,bench_update_duration,TRUE,http://www.CLIENT_X.bg/,Existing CM Trackers-Found,,,,,
res.wx.qq.com,Performance Cookies [Requires consent],Tencent - QQ.com,JavaScript,-,,bench_update_duration,,,Existing CM Trackers-Not Found,,,,,
cdn.speedcurve.com,Performance cookies,Speedcurve,JavaScript,_ga_failed_lookup_marker_3_767,,,,http://www.CLIENT_X.bg/,New Third Party Trackers,,,,,
region1.analytics.google.com,Performance cookies,Google Inc.,Beacon,bench_new_T3_6253,,,TRUE,http://www.CLIENT_X.bg/,Existing CM Trackers-Found,,,,,
consent.trustarc.com,Essential cookies,TrustArc,Beacon,bench_new_T3_6065,,,TRUE,http://www.CLIENT_X.bg/,Existing CM Trackers-Found,,,,,
c.amazon-adsystem.com,Targeted Advertising cookies (including social media),Amazon Ads,ETag,bench_new_T3_5734,,,,,Existing CM Trackers-Not Found,,,,,
region1.google-analytics.com,Performance cookies,Google Inc.,HTTP Cookie,bench_new_T3_5224,,,,,Existing CM Trackers-Not Found,,,,,
www.CLIENT_X.bg,Performance cookies,CLIENT_X - Bulgaria,HTTP Cookie,bench_new_T3_6377,,,,,Existing CM Trackers-Not Found,,,,,
CLIENT_X.co.ke,Essential cookies (exempt from consent),CLIENT_X - Kenya,HTTP Cookie,s_ugv,,bench_update_duration,TRUE,https://www.CLIENT_X.bg/a-w/cookie-notice,Existing CM Trackers-Found,,,,,
apps.bazaarvoice.com,Performance cookies,"Bazaarvoice, Inc.",JavaScript,_ga_failed_lookup_marker_3_774,,,TRUE,https://www.CLIENT_X.bg/c-e/ho/coffee-category.html,Existing CM Trackers-Found,,,,,
maxosfusionconfigurator.lighting.CLIENT_X.com,Targeted Advertising cookies (including social media),Koninklijke CLIENT_X N.V.,Local Storage,bench_new_T3_5177,,,,,Existing CM Trackers-Not Found,,,,,
www.gearselectiontool.lighting.CLIENT_X.com,Performance cookies,Signify (formerly CLIENT_X Lighting),JavaScript,bench_new_T3_5253,,,,,Existing CM Trackers-Not Found,,,,,
company-target.com,Targeted Advertising cookies (including social media),"Demandbase, Inc.",HTTP Cookie,bench_new_T3_5875,,396,TRUE,https://www.CLIENT_X.bg/a-w/cookie-notice,Existing CM Trackers-Found,,,,,
www.CLIENT_X.pl,Essential cookies (exempt from consent),CLIENT_X - Poland,HTTP Cookie,user_country,,bench_update_duration,,,Existing CM Trackers-Not Found,,,,,
www.CLIENT_X.bg,Essential cookies,CLIENT_X - Bulgaria,Beacon,bench_new_T3_5767,,,TRUE,http://www.CLIENT_X.bg/,Existing CM Trackers-Found,,,,,
www.accounts.CLIENT_X.com,Essential cookies,Koninklijke CLIENT_X N.V.,JavaScript,bench_new_T3_5793,,,TRUE,https://www.CLIENT_X.bg/myCLIENT_X#/register-new-product/form/QP6541_15,Existing CM Trackers-Found,,,,,
CLIENT_X.bg,Essential cookies,CLIENT_X - Bulgaria,HTTP Cookie,_ga_failed_lookup_marker_3_781,,,,,Existing CM Trackers-Not Found,,,,,
doubleclick.net,Targeted Advertising cookies (including social media),Google Advertising Products,HTTP Cookie,bench_new_T3_5321,,,,,Existing CM Trackers-Not Found,,,,,
lighting.CLIENT_X.com.au,Essential cookies (exempt from consent),Signify (formerly CLIENT_X Lighting),HTTP Cookie,s_nr30,,session,,,Existing CM Trackers-Not Found,,,,,
www.gstatic.com,Performance cookies,Google Inc.,JavaScript,bench_new_T3_5167,,,TRUE,https://www.CLIENT_X.bg/c-m-ho/vacuum-cleaner-accessories,Existing CM Trackers-Found,,,,,
www.CLIENT_X.bg,Essential cookies,CLIENT_X - Bulgaria,HTTP Cookie,bench_new_T3_5567,,,,,Existing CM Trackers-Not Found,,,,,
lighting.CLIENT_X.bg,Essential cookies,Signify (formerly CLIENT_X Lighting),HTTP Cookie,bench_new_T3_5388,,,,,Existing CM Trackers-Not Found,,,,,
www.CLIENT_X.bg,Essential cookies,CLIENT_X - Bulgaria,HTTP Cookie,_ga_failed_lookup_marker_3_787,,365,TRUE,https://www.CLIENT_X.bg/,Existing CM Trackers-Found,,,,,
raw.githubusercontent.com,Performance cookies,GitHub Inc.,ETag,bench_new_T3_4843,,,TRUE,https://www.CLIENT_X.bg/healthcare/about/distributors,Existing CM Trackers-Found,,,,,
www.CLIENT_X.bg,Essential cookies,CLIENT_X - Bulgaria,HTTP Cookie,bench_new_T3_4876,,365,TRUE,https://www.CLIENT_X.bg/,Existing CM Trackers-Found,,,,,
pages.information.signify.com,Performance cookies,Signify (formerly CLIENT_X Lighting),HTTP Cookie,bench_new_T3_5294,,,,,Existing CM Trackers-Not Found,,,,,
pages.information.signify.com,Performance cookies,Signify (formerly CLIENT_X Lighting),ETag,bench_new_T3_6260,,,,,Existing CM Trackers-Not Found,,,,,
consent.trustarc.com,Essential cookies,TrustArc,Beacon,bench_new_T3_5607,,,TRUE,http://www.CLIENT_X.bg/,Existing CM Trackers-Found,,,,,
code.jquery.com,Performance cookies,jQuery,ETag,bench_new_T3_5812,,,,,Existing CM Trackers-Not Found,,,,,
www.ledsavingscalculator.CLIENT_X.co.uk,Performance cookies,Signify (formerly CLIENT_X Lighting),ETag,bench_new_T3_6137,,,,,Existing CM Trackers-Not Found,,,,,
www.gstatic.com,Performance cookies,Google Inc.,JavaScript,bench_new_T3_5064,,,TRUE,https://www.CLIENT_X.bg/c-m-ho/vacuum-cleaner-accessories,Existing CM Trackers-Found,,,,,
demdex.net,Targeted Advertising cookies (including social media),"Adobe Audience Manager, Adobe Experience Cloud",HTTP Cookie,_ga_failed_lookup_marker_3_796,,,,,Existing CM Trackers-Not Found,,,,,
www.CLIENT_X.com.ph,Essential cookies (exempt from consent),CLIENT_X - Philippines,HTTP Cookie,AWSELB,,bench_update_duration,TRUE,https://www.CLIENT_X.bg/c-e/ho/air-purifier-and-air-humidifier/air-care.html,Existing CM Trackers-Found,,,,,
CLIENT_X.bg,Essential cookies,CLIENT_X - Bulgaria,HTTP Cookie,bench_new_T3_5144,,0,TRUE,https://www.CLIENT_X.bg/,Existing CM Trackers-Found,,,,,
cdn.botframework.com,Performance cookies,Microsoft Bot Framework,JavaScript,bench_new_T3_5076,,,TRUE,https://www.CLIENT_X.bg/c-m-pe/toothbrush-heads/diamondclean/latest,Existing CM Trackers-Found,,,,,
ad.doubleclick.net,Targeted Advertising cookies (including social media),Google Advertising Products,Beacon,bench_new_T3_5910,,,TRUE,http://www.CLIENT_X.bg/,Existing CM Trackers-Found,,,,,
consent.truste.com,Essential cookies,TrustArc,JavaScript,bench_new_T3_5336,,,,,Existing CM Trackers-Not Found,,,,,
www.CLIENT_X.com,Essential cookies,Koninklijke CLIENT_X N.V.,ETag,bench_new_T3_5514,,,TRUE,https://www.CLIENT_X.bg/healthcare/education-resources/publications/fieldstrength?npagination=0,Existing CM Trackers-Found,,,,,
CLIENT_X.com.pe,Essential cookies (exempt from consent),CLIENT_X - Peru,HTTP Cookie,test,,0,TRUE,https://www.CLIENT_X.bg/,Existing CM Trackers-Found,,,,,
CLIENT_X.bg,Essential cookies,CLIENT_X - Bulgaria,HTTP Cookie,bench_new_T3_5360,,session,TRUE,https://www.CLIENT_X.bg/,Existing CM Trackers-Found,,,,,
static.cloud.coveo.com,Targeted Advertising cookies (including social media),Coveo Solutions Inc.,JavaScript,bench_new_T3_5749,,,TRUE,https://www.CLIENT_X.bg/healthcare/about/support/resource-center/results,Existing CM Trackers-Found,,,,,
CLIENT_X.pt,Essential cookies (exempt from consent),CLIENT_X - Portugal,HTTP Cookie,mboxEdgeCluster,,,,,Existing CM Trackers-Not Found,,,,,
CLIENT_X.bg,Performance cookies,CLIENT_X - Bulgaria,HTTP Cookie,bench_new_T3_5895,,session,TRUE,https://www.CLIENT_X.bg/,Existing CM Trackers-Found,,,,,
stats.g.doubleclick.net,Targeted Advertising cookies (including social media),Google Advertising Products,Beacon,bench_new_T3_6124,,,TRUE,http://www.CLIENT_X.bg/,Existing CM Trackers-Found,,,,,
www.gearselectiontool.lighting.CLIENT_X.com,Performance cookies,Signify (formerly CLIENT_X Lighting),ETag,bench_new_T3_5275,,,,,Existing CM Trackers-Not Found,,,,,
CLIENT_X.bg,Essential cookies,CLIENT_X - Bulgaria,HTTP Cookie,_ga_failed_lookup_marker_3_810,,,,,Existing CM Trackers-Not Found,,,,,
cdn.channelsight.com,Essential cookies,ChannelSight,ETag,bench_new_T3_5009,,,TRUE,https://www.CLIENT_X.bg/c-e/ho/cooking/multicooker-all-in-one.html,Existing CM Trackers-Found,,,,,
company-target.com,Targeted Advertising cookies (including social media),"Demandbase, Inc.",HTTP Cookie,bench_new_T3_5578,,396,TRUE,https://www.CLIENT_X.bg/a-w/cookie-notice,Existing CM Trackers-Found,,,,,
widget-cdn.janraincapture.com,Performance cookies,Akamai,JavaScript,bench_new_T3_5648,,,TRUE,https://www.CLIENT_X.bg/myCLIENT_X#/register-new-product/form/QP6541_15,Existing CM Trackers-Found,,,,,
*.mktoweb.com,Targeted Advertising cookies (including social media),Marketo,ETag,bench_new_T3_5638,,,,,Existing CM Trackers-Not Found,,,,,
tr.snapchat.com,Targeted Advertising cookies (including social media),Snap Inc.,Beacon,bench_new_T3_5867,,,TRUE,https://www.CLIENT_X.bg/c-e/ho/air-purifier-and-air-humidifier/air-care.html,Existing CM Trackers-Found,,,,,
www.photometrics.lighting.CLIENT_X.com,Targeted Advertising cookies (including social media),Koninklijke CLIENT_X N.V.,ETag,bench_new_T3_5860,,,,,Existing CM Trackers-Not Found,,,,,
CLIENT_X.bg,Essential cookies,CLIENT_X - Bulgaria,HTTP Cookie,_ga_failed_lookup_marker_3_817,,400,TRUE,https://www.CLIENT_X.bg/,Existing CM Trackers-Found,,,,,
pages.information.signify.com,Performance cookies,Signify (formerly CLIENT_X Lighting),ETag,bench_new_T3_5701,,,,,Existing CM Trackers-Not Found,,,,,
CLIENT_X.bg,Essential cookies,CLIENT_X - Bulgaria,HTTP Cookie,bench_new_T3_5331,,400,TRUE,https://www.CLIENT_X.bg/,Existing CM Trackers-Found,,,,,
assets.adobedtm.com,Performance cookies,Adobe Inc.,ETag,bench_new_T3_5045,,,,,Existing CM Trackers-Not Found,,,,,
snapchat.com,Targeted Advertising cookies (including social media),Snap Inc.,HTTP Cookie,bench_new_T3_5780,,390,TRUE,https://www.CLIENT_X.bg/c-e/ho/air-purifier-and-air-humidifier/air-care.html,Existing CM Trackers-Found,,,,,
www.CLIENT_X.bg,Essential cookies,CLIENT_X - Bulgaria,HTTP Cookie,bench_new_T3_5543,,365,TRUE,https://www.CLIENT_X.bg/,Existing CM Trackers-Found,,,,,
googleads.g.doubleclick.net,Targeted Advertising cookies (including social media),Google Advertising Products,Beacon,bench_new_T3_5508,,,TRUE,http://www.CLIENT_X.bg/,Existing CM Trackers-Found,,,,,
widget-cdn.janraincapture.com,Performance cookies,Akamai,JavaScript,bench_new_T3_5881,,,TRUE,https://www.CLIENT_X.bg/myCLIENT_X#/register-new-product/form/QP6541_15,Existing CM Trackers-Found,,,,,
CLIENT_X.bg,Essential cookies,CLIENT_X - Bulgaria,HTTP Cookie,bench_new_T3_6381,,,,,Existing CM Trackers-Not Found,,,,,
conversiontool.lighting.CLIENT_X.com,Targeted Advertising cookies (including social media),Koninklijke CLIENT_X N.V.,Local Storage,bench_new_T3_5269,,,,,Existing CM Trackers-Not Found,,,,,
www.CLIENT_X.bg,Essential cookies,CLIENT_X - Bulgaria,HTTP Cookie,bench_new_T3_5852,,,,,Existing CM Trackers-Not Found,,,,,
www.CLIENT_X.bg,Essential cookies,CLIENT_X - Bulgaria,HTTP Cookie,bench_new_T3_5523,,7,,https://www.CLIENT_X.bg/,New First Party Trackers,,,,,
lighting.CLIENT_X.bg,Essential cookies,Signify (formerly CLIENT_X Lighting),HTTP Cookie,bench_new_T3_5229,,,,,Existing CM Trackers-Not Found,,,,,
www.CLIENT_X.bg,Essential cookies,CLIENT_X - Bulgaria,JavaScript,bench_new_T3_5348,,,TRUE,http://www.CLIENT_X.bg/,Existing CM Trackers-Found,,,,,
www.CLIENT_X.bg,Essential cookies,CLIENT_X - Bulgaria,HTTP Cookie,bench_new_T3_5052,,7,,https://www.CLIENT_X.bg/,New First Party Trackers,,,,,
sc-static.net,Targeted Advertising cookies (including social media),Snap Inc.,HTTP Cookie,bench_new_T3_6320,,1,TRUE,https://www.CLIENT_X.bg/c-e/ho/air-purifier-and-air-humidifier/air-care.html,Existing CM Trackers-Found,,,,,
www.CLIENT_X.bg,Essential cookies,CLIENT_X - Bulgaria,HTTP Cookie,bench_new_T3_5351,,7,,https://www.CLIENT_X.bg/,New First Party Trackers,,,,,
www.google.com,Essential cookies,Google Inc.,HTTP Cookie,bench_new_T3_5926,,180,TRUE,https://www.CLIENT_X.bg/c-m-pe/accessories-and-replacements,Existing CM Trackers-Found,,,,,
dpm.demdex.net,Targeted Advertising cookies (including social media),"Adobe Audience Manager, Adobe Experience Cloud",Beacon,bench_new_T3_6068,,,,,Existing CM Trackers-Not Found,,,,,
www.CLIENT_X.bg,Performance cookies,CLIENT_X - Bulgaria,HTTP Cookie,_ga_failed_lookup_marker_3_836,,session,TRUE,https://www.CLIENT_X.bg/,Existing CM Trackers-Found,,,,,
analytics-ipv6.tiktokw.us,Targeted Advertising cookies (including social media),TikTok,Beacon,bench_new_T3_5243,,,,http://www.CLIENT_X.bg/,New Third Party Trackers,,,,,
www.conversiontool.lighting.CLIENT_X.com,Targeted Advertising cookies (including social media),Signify (formerly CLIENT_X Lighting),ETag,bench_new_T3_6297,,,,,Existing CM Trackers-Not Found,,,,,
www.accounts.CLIENT_X.com,Essential cookies,Koninklijke CLIENT_X N.V.,JavaScript,_ga_failed_lookup_marker_3_839,,,TRUE,https://www.CLIENT_X.bg/myCLIENT_X#/register-new-product/form/QP6541_15,Existing CM Trackers-Found,,,,,
CLIENT_X.bg,Essential cookies,CLIENT_X - Bulgaria,HTTP Cookie,bench_new_T3_6262,,,,,Existing CM Trackers-Not Found,,,,,
smetrics.marketing.lighting.CLIENT_X.com,Targeted Advertising cookies (including social media),Koninklijke CLIENT_X N.V.,JavaScript,bench_new_T3_5203,,,,,Existing CM Trackers-Not Found,,,,,
www.hcare.CLIENT_X.com.cn,Essential cookies (exempt from consent),CLIENT_X - China,JavaScript,blank (java),,bench_update_duration,,https://www.CLIENT_X.bg/c-e/pe/oral-healthcare.html,New Third Party Trackers,,,,,
*.casalemedia.com,Targeted Advertising cookies (including social media),Index Exchange Inc.,Beacon,_ga_failed_lookup_marker_3_843,,,,https://www.CLIENT_X.bg/a-w/cookie-notice,Existing CM Trackers-Found,,,,,
CLIENT_X.bg,Essential cookies,CLIENT_X - Bulgaria,HTTP Cookie,bench_new_T3_5754,,session,,https://www.CLIENT_X.bg/,New First Party Trackers,,,,,
www.CLIENT_X-hue.com,Essential cookies,CLIENT_X Hue,Beacon,bench_new_T3_5644,,,,,Existing CM Trackers-Not Found,,,,,
*.org.coveo.com,Performance cookies,Coveo Solutions Inc.,Beacon,bench_new_T3_5060,,,,https://www.CLIENT_X.bg/c-w/search.html,New Third Party Trackers,,,,,
CLIENT_X.bg,Performance cookies,CLIENT_X - Bulgaria,HTTP Cookie,bench_new_T3_5402,,session,TRUE,https://www.CLIENT_X.bg/,Existing CM Trackers-Found,,,,,
CLIENT_X.bg,Essential cookies,CLIENT_X - Bulgaria,HTTP Cookie,_ga_failed_lookup_marker_3_848,,0,TRUE,https://www.CLIENT_X.bg/,Existing CM Trackers-Found,,,,,
casalemedia.com,Targeted Advertising cookies (including social media),Index Exchange Inc.,HTTP Cookie,bench_new_T3_5227,,365,TRUE,https://www.CLIENT_X.bg/a-w/cookie-notice,Existing CM Trackers-Found,,,,,
munchkin.marketo.net,Targeted Advertising cookies (including social media),Marketo,JavaScript,bench_new_T3_5811,,,,,Existing CM Trackers-Not Found,,,,,
analytics.tiktok.com,Targeted Advertising cookies (including social media),TikTok,JavaScript,bench_new_T3_5185,,,TRUE,http://www.CLIENT_X.bg/,Existing CM Trackers-Found,,,,,
lighting.CLIENT_X.bg,Essential cookies,Signify (formerly CLIENT_X Lighting),HTTP Cookie,bench_new_T3_4878,,,,,Existing CM Trackers-Not Found,,,,,
analytics-ipv6.tiktokw.us,Targeted Advertising cookies (including social media),TikTok,Beacon,bench_new_T3_5745,,,,http://www.CLIENT_X.bg/,New Third Party Trackers,,,,,
CLIENT_X.bg,Targeted Advertising cookies (including social media),CLIENT_X - Bulgaria,HTTP Cookie,bench_new_T3_6225,,7,TRUE,https://www.CLIENT_X.bg/,Existing CM Trackers-Found,,,,,
www.docs.lighting.CLIENT_X.com,Performance cookies,Signify (formerly CLIENT_X Lighting),JavaScript,bench_new_T3_5127,,,,,Existing CM Trackers-Not Found,,,,,
*.mktoweb.com,Targeted Advertising cookies (including social media),Marketo,JavaScript,bench_new_T3_5507,,,,,Existing CM Trackers-Not Found,,,,,
*.mktoweb.com,Targeted Advertising cookies (including social media),Marketo,Local Storage,bench_new_T3_5559,,,,,Existing CM Trackers-Not Found,,,,,
CLIENT_X.bg,Essential cookies,CLIENT_X - Bulgaria,HTTP Cookie,bench_new_T3_5957,,,,,Existing CM Trackers-Not Found,,,,,
www.conversiontool.lighting.CLIENT_X.com,Targeted Advertising cookies (including social media),Signify (formerly CLIENT_X Lighting),JavaScript,bench_new_T3_5663,,,,,Existing CM Trackers-Not Found,,,,,
CLIENT_X.es,Essential cookies (exempt from consent),CLIENT_X - Spain,HTTP Cookie,s_tid,,bench_update_duration,TRUE,https://www.CLIENT_X.bg/c-e/ho/air-purifier-and-air-humidifier/air-care.html,Existing CM Trackers-Found,,,,,
lighting.CLIENT_X.bg,Essential cookies,Signify (formerly CLIENT_X Lighting),HTTP Cookie,bench_new_T3_6170,,,,,Existing CM Trackers-Not Found,,,,,
beacon.speedcurve.com,Performance cookies,Speedcurve,Beacon,bench_new_T3_5490,,,,https://www.CLIENT_X.bg/c-m-au/car-lights,New Third Party Trackers,,,,,
doubleclick.net,Targeted Advertising cookies (including social media),Google Advertising Products,HTTP Cookie,bench_new_T3_6291,,390,TRUE,https://www.CLIENT_X.bg/,Existing CM Trackers-Found,,,,,
www.CLIENT_X.ch,Essential cookies (exempt from consent),CLIENT_X - Switzerland,HTTP Cookie,AWSELB,,bench_update_duration,,,Existing CM Trackers-Not Found,,,,,
www.CLIENT_X.bg,Essential cookies,CLIENT_X - Bulgaria,HTTP Cookie,bench_new_T3_6349,,10,TRUE,https://www.CLIENT_X.bg/,Existing CM Trackers-Found,,,,,
www.crsc.CLIENT_X.com,Targeted Advertising cookies (including social media),Koninklijke CLIENT_X N.V.,JavaScript,bench_new_T3_5424,,,TRUE,https://www.CLIENT_X.bg/myCLIENT_X#/register-new-product/form/QP6541_15,Existing CM Trackers-Found,,,,,
www.accounts.CLIENT_X.com,Essential cookies,Koninklijke CLIENT_X N.V.,ETag,_ga_failed_lookup_marker_3_867,,,TRUE,https://www.CLIENT_X.bg/myCLIENT_X#/register-new-product/form/QP6541_15,Existing CM Trackers-Found,,,,,
www.CLIENT_X.bg,Essential cookies,CLIENT_X - Bulgaria,HTTP Cookie,bench_new_T3_6179,,10,TRUE,https://www.CLIENT_X.bg/,Existing CM Trackers-Found,,,,,
www.lighting.CLIENT_X.co.th,Essential cookies (exempt from consent),Signify (formerly CLIENT_X Lighting),HTTP Cookie,s_int,,,TRUE,https://www.CLIENT_X.bg/c-e/ho/coffee/lattego-series.html,Existing CM Trackers-Found,,,,,
cdn.jsdelivr.net,Performance cookies,Volentio JSD Limited,ETag,bench_new_T3_4828,,,,,Existing CM Trackers-Not Found,,,,,
www.CLIENT_X.bg,Essential cookies,CLIENT_X - Bulgaria,HTTP Cookie,bench_new_T3_6183,,,,,Existing CM Trackers-Not Found,,,,,
doubleclick.net,Targeted Advertising cookies (including social media),Google Advertising Products,HTTP Cookie,bench_new_T3_5870,,390,TRUE,https://www.CLIENT_X.bg/,Existing CM Trackers-Found,,,,,
region1.google-analytics.com,Performance cookies,Google Inc.,HTTP Cookie,bench_new_T3_6200,,,,,Existing CM Trackers-Not Found,,,,,
CLIENT_X.bg,Performance cookies,CLIENT_X - Bulgaria,HTTP Cookie,bench_new_T3_5338,,session,TRUE,https://www.CLIENT_X.bg/,Existing CM Trackers-Found,,,,,
www.CLIENT_X.bg,Essential cookies,CLIENT_X - Bulgaria,HTTP Cookie,bench_new_T3_5438,,0,,https://www.CLIENT_X.bg/,New First Party Trackers,,,,,
nebula-cdn.kampyle.com,Performance cookies,Medallia,JavaScript,bench_new_T3_5031,,,TRUE,http://www.CLIENT_X.bg/,Existing CM Trackers-Found,,,,,
www.photometrics.lighting.CLIENT_X.com,Targeted Advertising cookies (including social media),Koninklijke CLIENT_X N.V.,JavaScript,bench_new_T3_6132,,,,,Existing CM Trackers-Not Found,,,,,
*.org.coveo.com,Performance cookies,Coveo Solutions Inc.,Beacon,bench_new_T3_5292,,,,https://www.CLIENT_X.bg/c-w/search.html,New Third Party Trackers,,,,,
sc-static.net,Targeted Advertising cookies (including social media),Snap Inc.,HTTP Cookie,bench_new_T3_6075,,1,TRUE,https://www.CLIENT_X.bg/c-e/ho/air-purifier-and-air-humidifier/air-care.html,Existing CM Trackers-Found,,,,,
casalemedia.com,Targeted Advertising cookies (including social media),Index Exchange Inc.,HTTP Cookie,bench_new_T3_6107,,90,TRUE,https://www.CLIENT_X.bg/a-w/cookie-notice,Existing CM Trackers-Found,,,,,
consent.trustarc.com,Essential cookies,TrustArc,JavaScript,bench_new_T3_5496,,,TRUE,http://www.CLIENT_X.bg/,Existing CM Trackers-Found,,,,,
www.static.accounts.CLIENT_X.com,Essential cookies,Koninklijke CLIENT_X N.V.,JavaScript,_ga_failed_lookup_marker_3_882,,,TRUE,https://www.CLIENT_X.bg/myCLIENT_X#/register-new-product/form/QP6541_15,Existing CM Trackers-Found,,,,,
*.mktoweb.com,Targeted Advertising cookies (including social media),Marketo,JavaScript,bench_new_T3_5925,,,,,Existing CM Trackers-Not Found,,,,,
doubleclick.net,Targeted Advertising cookies (including social media),Google Advertising Products,HTTP Cookie,bench_new_T3_5994,,,,,Existing CM Trackers-Not Found,,,,,
CLIENT_X.bg,Performance cookies,CLIENT_X - Bulgaria,HTTP Cookie,bench_new_T3_5101,,,,,Existing CM Trackers-Not Found,,,,,
pages.information.signify.com,Performance cookies,Signify (formerly CLIENT_X Lighting),Local Storage,bench_new_T3_5714,,,,,Existing CM Trackers-Not Found,,,,,
www.google.com,Essential cookies,Google Inc.,HTTP Cookie,bench_new_T3_5266,,180,TRUE,https://www.CLIENT_X.bg/c-m-pe/accessories-and-replacements,Existing CM Trackers-Found,,,,,
doubleclick.net,Targeted Advertising cookies (including social media),Google Advertising Products,HTTP Cookie,bench_new_T3_6398,,390,TRUE,https://www.CLIENT_X.bg/,Existing CM Trackers-Found,,,,,
recaptcha.net,Performance cookies,Google Inc.,Local Storage,bench_new_T3_4959,,,,,Existing CM Trackers-Not Found,,,,,
CLIENT_X.112.2o7.net,Performance cookies,"Adobe Audience Manager, Adobe Experience Cloud",Beacon,bench_new_T3_5392,,,TRUE,http://www.CLIENT_X.bg/,Existing CM Trackers-Found,,,,,
CLIENT_X.lv,Essential cookies (exempt from consent),CLIENT_X - Latvia,HTTP Cookie,TAsessionID,,,TRUE,https://www.CLIENT_X.bg/myCLIENT_X#/register-new-product/form/QP6541_15,Existing CM Trackers-Found,,,,,
CLIENT_X.bg,Essential cookies,CLIENT_X - Bulgaria,HTTP Cookie,bench_new_T3_5118,,,,,Existing CM Trackers-Not Found,,,,,
CLIENT_X.bg,Essential cookies,CLIENT_X - Bulgaria,HTTP Cookie,bench_new_T3_5680,,,,,Existing CM Trackers-Not Found,,,,,
youtube.com,Targeted Advertising cookies (including social media),Google Advertising Products,HTTP Cookie,bench_new_T3_4836,,180,TRUE,https://www.CLIENT_X.bg/c-e/au/automotive-articles?npagination=0,Existing CM Trackers-Found,,,,,
www.CLIENT_X.bg,Essential cookies,CLIENT_X - Bulgaria,HTTP Cookie,bench_new_T3_5541,,0,,https://www.CLIENT_X.bg/,New First Party Trackers,,,,,
www.lighting.CLIENT_X.bg,Essential cookies,Signify (formerly CLIENT_X Lighting),HTTP Cookie,bench_new_T3_4886,,,,,Existing CM Trackers-Not Found,,,,,
px.ads.linkedin.com,Targeted Advertising cookies (including social media),LinkedIn,JavaScript,bench_new_T3_5221,,,TRUE,https://www.CLIENT_X.bg/c-p/AC1715_10/1000i-series-air-purifier-for-medium-rooms,Existing CM Trackers-Found,,,,,
cdn.mouseflow.com,Performance cookies,Mouseflow,JavaScript,bench_new_T3_6247,,,,https://www.CLIENT_X.bg/c-e/pe/oral-healthcare.html,New Third Party Trackers,,,,,
www.CLIENT_X.bg,Essential cookies,CLIENT_X - Bulgaria,JavaScript,bench_new_T3_5549,,,TRUE,http://www.CLIENT_X.bg/,Existing CM Trackers-Found,,,,,
code.jquery.com,Performance cookies,jQuery,ETag,bench_new_T3_4981,,,,,Existing CM Trackers-Not Found,,,,,
www.lightset-creator.lighting.CLIENT_X.com,Targeted Advertising cookies (including social media),Signify (formerly CLIENT_X Lighting),ETag,bench_new_T3_6157,,,,,Existing CM Trackers-Not Found,,,,,
apps.bazaarvoice.com,Performance cookies,"Bazaarvoice, Inc.",JavaScript,bench_new_T3_5059,,,TRUE,https://www.CLIENT_X.bg/c-e/ho/coffee-category.html,Existing CM Trackers-Found,,,,,
sc-static.net,Targeted Advertising cookies (including social media),Snap Inc.,JavaScript,bench_new_T3_5215,,,TRUE,https://www.CLIENT_X.bg/c-e/ho/air-purifier-and-air-humidifier/air-care.html,Existing CM Trackers-Found,,,,,
doubleclick.net,Targeted Advertising cookies (including social media),Google Advertising Products,HTTP Cookie,bench_new_T3_5374,,390,TRUE,https://www.CLIENT_X.bg/,Existing CM Trackers-Found,,,,,
tiktok.com,Targeted Advertising cookies (including social media),TikTok,HTTP Cookie,bench_new_T3_5493,,90,TRUE,https://www.CLIENT_X.bg/,Existing CM Trackers-Found,,,,,
CLIENT_X.bg,Essential cookies,CLIENT_X - Bulgaria,Local Storage,_ga_failed_lookup_marker_3_906,,,TRUE,https://www.CLIENT_X.bg/c-w/support-home/support-contact-page,Existing CM Trackers-Found,,,,,
sc-static.net,Targeted Advertising cookies (including social media),Snap Inc.,JavaScript,bench_new_T3_5289,,,TRUE,https://www.CLIENT_X.bg/c-e/ho/air-purifier-and-air-humidifier/air-care.html,Existing CM Trackers-Found,,,,,
static.cloud.coveo.com,Targeted Advertising cookies (including social media),Coveo Solutions Inc.,ETag,bench_new_T3_5669,,,TRUE,https://www.CLIENT_X.bg/healthcare/about/support/resource-center/results,Existing CM Trackers-Found,,,,,
widget-cdn.janraincapture.com,Performance cookies,Akamai,JavaScript,bench_new_T3_6126,,,TRUE,https://www.CLIENT_X.bg/myCLIENT_X#/register-new-product/form/QP6541_15,Existing CM Trackers-Found,,,,,
CLIENT_X.bg,Targeted Advertising cookies (including social media),CLIENT_X - Bulgaria,HTTP Cookie,bench_new_T3_5591,,7,TRUE,https://www.CLIENT_X.bg/,Existing CM Trackers-Found,,,,,
www.CLIENT_X.bg,Essential cookies,CLIENT_X - Bulgaria,HTTP Cookie,bench_new_T3_5441,,7,,https://www.CLIENT_X.bg/,New First Party Trackers,,,,,
www.CLIENT_X.bg,Essential cookies,CLIENT_X - Bulgaria,HTTP Cookie,bench_new_T3_6165,,session,TRUE,https://www.CLIENT_X.bg/,Existing CM Trackers-Found,,,,,
CLIENT_X.cz,Essential cookies (exempt from consent),CLIENT_X - Czech Republic,HTTP Cookie,s_tid,,bench_update_duration,,,Existing CM Trackers-Not Found,,,,,
CLIENT_X.bg,Targeted Advertising cookies (including social media),CLIENT_X - Bulgaria,HTTP Cookie,bench_new_T3_5258,,7,TRUE,https://www.CLIENT_X.bg/,Existing CM Trackers-Found,,,,,
assets.adoberesources.net,Performance cookies,Adobe Inc.,ETag,bench_new_T3_5552,,,,,Existing CM Trackers-Not Found,,,,,
www.crsc.lighting.CLIENT_X.com,Performance cookies,Signify (formerly CLIENT_X Lighting),ETag,bench_new_T3_5413,,,,,Existing CM Trackers-Not Found,,,,,
www.googletagmanager.com,Performance cookies,Google Inc.,Beacon,_ga_failed_lookup_marker_3_917,,,TRUE,https://www.CLIENT_X.bg/c-e/ho/coffee/lattego-series.html,Existing CM Trackers-Found,,,,,
nebula-cdn.kampyle.com,Performance cookies,Medallia,JavaScript,bench_new_T3_5769,,,TRUE,http://www.CLIENT_X.bg/,Existing CM Trackers-Found,,,,,
www.CLIENT_X.bg,Essential cookies,CLIENT_X - Bulgaria,HTTP Cookie,_ga_failed_lookup_marker_3_919,,session,TRUE,https://www.CLIENT_X.bg/,Existing CM Trackers-Found,,,,,
CLIENT_X.gr,Essential cookies (exempt from consent),CLIENT_X - Greece,HTTP Cookie,_gdXXX,,session,,,Existing CM Trackers-Not Found,,,,,
eloqua.com,Targeted Advertising cookies (including social media),Oracle Marketing,HTTP Cookie,bench_new_T3_5521,,393,TRUE,https://www.CLIENT_X.bg/healthcare,Existing CM Trackers-Found,,,,,
apps.bazaarvoice.com,Performance cookies,"Bazaarvoice, Inc.",ETag,bench_new_T3_5159,,,TRUE,https://www.CLIENT_X.bg/c-e/ho/coffee-category.html,Existing CM Trackers-Found,,,,,
CLIENT_X.bg,Essential cookies,CLIENT_X - Bulgaria,HTTP Cookie,bench_new_T3_5244,,400,TRUE,https://www.CLIENT_X.bg/,Existing CM Trackers-Found,,,,,
region1.google-analytics.com,Performance cookies,Google Inc.,Beacon,bench_new_T3_6129,,,,,Existing CM Trackers-Not Found,,,,,
CLIENT_X.com.au,Essential cookies (exempt from consent),CLIENT_X - Australia,HTTP Cookie,s_cm_direct,,729,,,Existing CM Trackers-Not Found,,,,,
CLIENT_X.bg,Essential cookies,CLIENT_X - Bulgaria,HTTP Cookie,bench_new_T3_5038,,90,TRUE,https://www.CLIENT_X.bg/,Existing CM Trackers-Found,,,,,
www.CLIENT_X.bg,Essential cookies,CLIENT_X - Bulgaria,HTTP Cookie,bench_new_T3_4921,,session,TRUE,https://www.CLIENT_X.bg/,Existing CM Trackers-Found,,,,,
lighting.CLIENT_X.pl,Essential cookies (exempt from consent),Signify (formerly CLIENT_X Lighting),HTTP Cookie,com.adobe.alloy.getTld,,bench_update_duration,,,Existing CM Trackers-Not Found,,,,,
www.youtube.com,Targeted Advertising cookies (including social media),Google Advertising Products,JavaScript,_ga_failed_lookup_marker_3_929,,,TRUE,https://www.CLIENT_X.bg/c-e/au/car-lights/automotive-articles.html,Existing CM Trackers-Found,,,,,
www.gearselectiontool.lighting.CLIENT_X.com,Performance cookies,Signify (formerly CLIENT_X Lighting),ETag,bench_new_T3_6342,,,,,Existing CM Trackers-Not Found,,,,,
recaptcha.net,Performance cookies,Google Inc.,Local Storage,bench_new_T3_6215,,,,,Existing CM Trackers-Not Found,,,,,
snap.licdn.com,Performance cookies,LinkedIn,JavaScript,bench_new_T3_4885,,,TRUE,https://www.CLIENT_X.bg/c-e/ho/air-purifier-and-air-humidifier/air-care.html,Existing CM Trackers-Found,,,,,
i.ytimg.com,Targeted Advertising cookies (including social media),Google Inc.,ETag,bench_new_T3_5457,,,TRUE,https://www.CLIENT_X.bg/c-m-ho/coffee/support-for-coffee-machine,Existing CM Trackers-Found,,,,,
www.CLIENT_X.bg,Essential cookies,CLIENT_X - Bulgaria,HTTP Cookie,bench_new_T3_5362,,365,TRUE,https://www.CLIENT_X.bg/,Existing CM Trackers-Found,,,,,
cdn.mouseflow.com,Performance cookies,Mouseflow,JavaScript,bench_new_T3_5672,,,,https://www.CLIENT_X.bg/c-e/pe/oral-healthcare.html,New Third Party Trackers,,,,,
www.googleapis.com,Performance cookies,Google Inc.,JavaScript,bench_new_T3_5251,,,TRUE,https://www.CLIENT_X.bg/c-e/au/car-lights/automotive-articles.html,Existing CM Trackers-Found,,,,,
www.googletagmanager.com,Performance cookies,Google Inc.,JavaScript,bench_new_T3_6238,,,TRUE,http://www.CLIENT_X.bg/,Existing CM Trackers-Found,,,,,
www.assets.lighting.CLIENT_X.com,Performance cookies,Signify (formerly CLIENT_X Lighting),ETag,bench_new_T3_6162,,,,,Existing CM Trackers-Not Found,,,,,
www.lighting.CLIENT_X.co.za,Essential cookies (exempt from consent),Signify (formerly CLIENT_X Lighting),HTTP Cookie,customer_country,,,TRUE,http://www.CLIENT_X.bg/,Existing CM Trackers-Found,,,,,
www.lighting.CLIENT_X.bg,Essential cookies,Signify (formerly CLIENT_X Lighting),HTTP Cookie,bench_new_T3_5577,,,,,Existing CM Trackers-Not Found,,,,,
cdn.mouseflow.com,Performance cookies,Mouseflow,JavaScript,_ga_failed_lookup_marker_3_941,,,,https://www.CLIENT_X.bg/c-e/pe/oral-healthcare.html,New Third Party Trackers,,,,,
www.photometrics.lighting.CLIENT_X.com,Targeted Advertising cookies (including social media),Koninklijke CLIENT_X N.V.,ETag,bench_new_T3_5750,,,,,Existing CM Trackers-Not Found,,,,,
sc-static.net,Targeted Advertising cookies (including social media),Snap Inc.,HTTP Cookie,bench_new_T3_5751,,1,TRUE,https://www.CLIENT_X.bg/c-e/ho/air-purifier-and-air-humidifier/air-care.html,Existing CM Trackers-Found,,,,,
www.maxosfusionconfigurator.lighting.CLIENT_X.com,Performance cookies,Koninklijke CLIENT_X N.V.,JavaScript,bench_new_T3_5542,,,,,Existing CM Trackers-Not Found,,,,,
CLIENT_X.bg,Essential cookies,CLIENT_X - Bulgaria,HTTP Cookie,bench_new_T3_5319,,,,,Existing CM Trackers-Not Found,,,,,
CLIENT_X.com.au,Essential cookies (exempt from consent),CLIENT_X - Australia,HTTP Cookie,FPID,,729,,,Existing CM Trackers-Not Found,,,,,
www.googleadservices.com,Targeted Advertising cookies (including social media),Google Advertising Products,JavaScript,bench_new_T3_5241,,,,,Existing CM Trackers-Not Found,,,,,
www.lighting.CLIENT_X.bg,Essential cookies,Signify (formerly CLIENT_X Lighting),ETag,bench_new_T3_6240,,,,,Existing CM Trackers-Not Found,,,,,
www.facebook.com,Targeted Advertising cookies (including social media),Meta (formerly Facebook),Beacon,bench_new_T3_5422,,,TRUE,http://www.CLIENT_X.bg/,Existing CM Trackers-Found,,,,,
cdn.jsdelivr.net,Performance cookies,Volentio JSD Limited,ETag,bench_new_T3_4816,,,,,Existing CM Trackers-Not Found,,,,,
rendertool.lighting.CLIENT_X.com,Targeted Advertising cookies (including social media),Koninklijke CLIENT_X N.V.,Local Storage,bench_new_T3_5350,,,,,Existing CM Trackers-Not Found,,,,,
dpm.demdex.net,Targeted Advertising cookies (including social media),"Adobe Audience Manager, Adobe Experience Cloud",Beacon,bench_new_T3_5279,,,,,Existing CM Trackers-Not Found,,,,,
CLIENT_X.com.mx,Essential cookies (exempt from consent),CLIENT_X - Mexico,HTTP Cookie,_mkto_trk,,,,,Existing CM Trackers-Not Found,,,,,
www.CLIENT_X.pl,Essential cookies (exempt from consent),CLIENT_X - Poland,HTTP Cookie,JSESSIONID,,bench_update_duration,TRUE,https://www.CLIENT_X.bg/,Existing CM Trackers-Found,,,,,
dpm.demdex.net,Targeted Advertising cookies (including social media),"Adobe Audience Manager, Adobe Experience Cloud",Beacon,bench_new_T3_5640,,,,,Existing CM Trackers-Not Found,,,,,
tracker-detail-page.trustarc.com,Essential cookies,TrustArc,JavaScript,bench_new_T3_5766,,,,https://www.CLIENT_X.bg/a-w/cookie-notice,New Third Party Trackers,,,,,
www.CLIENT_X.bg,Essential cookies,CLIENT_X - Bulgaria,HTTP Cookie,bench_new_T3_5929,,0,TRUE,https://www.CLIENT_X.bg/,Existing CM Trackers-Found,,,,,
assets.adoberesources.net,Performance cookies,Adobe Inc.,ETag,bench_new_T3_5068,,,,,Existing CM Trackers-Not Found,,,,,
casalemedia.com,Targeted Advertising cookies (including social media),Index Exchange Inc.,HTTP Cookie,bench_new_T3_5532,,365,TRUE,https://www.CLIENT_X.bg/a-w/cookie-notice,Existing CM Trackers-Found,,,,,
ssl-static.janraincapture.com,Performance cookies,Akamai,JavaScript,bench_new_T3_6155,,,TRUE,https://www.CLIENT_X.bg/myCLIENT_X#/register-new-product/form/QP6541_15,Existing CM Trackers-Found,,,,,
CLIENT_Xb2c.my.site.com,Performance cookies,"Salesforce.com, Inc.",Beacon,_ga_failed_lookup_marker_3_961,,,TRUE,https://www.CLIENT_X.bg/c-w/support-home/support-contact-page,Existing CM Trackers-Found,,,,,
cdn.jsdelivr.net,Performance cookies,Volentio JSD Limited,JavaScript,_ga_failed_lookup_marker_3_962,,,,,Existing CM Trackers-Not Found,,,,,
*.t.eloqua.com,Performance cookies,Oracle Marketing,JavaScript,bench_new_T3_5898,,,,https://www.CLIENT_X.bg/healthcare,New Third Party Trackers,,,,,
region1.analytics.google.com,Performance cookies,Google Inc.,Beacon,bench_new_T3_6383,,,TRUE,http://www.CLIENT_X.bg/,Existing CM Trackers-Found,,,,,
www.CLIENT_X.bg,Essential cookies,CLIENT_X - Bulgaria,ETag,_ga_failed_lookup_marker_3_965,,,TRUE,http://www.CLIENT_X.bg/,Existing CM Trackers-Found,,,,,
www.patientcare.shop.CLIENT_X.com.sg,Essential cookies (exempt from consent),CLIENT_X - Singapore,HTTP Cookie,isBrowserPopUp,,bench_update_duration,TRUE,https://www.CLIENT_X.bg/,Existing CM Trackers-Found,,,,,
www.lighting.CLIENT_X.com,Performance cookies,Signify (formerly CLIENT_X Lighting),ETag,bench_new_T3_4871,,,,,Existing CM Trackers-Not Found,,,,,
cdn.mouseflow.com,Performance cookies,Mouseflow,ETag,_ga_failed_lookup_marker_3_968,,,,https://www.CLIENT_X.bg/c-e/pe/oral-healthcare.html,New Third Party Trackers,,,,,
company-target.com,Targeted Advertising cookies (including social media),"Demandbase, Inc.",HTTP Cookie,bench_new_T3_5459,,396,TRUE,https://www.CLIENT_X.bg/a-w/cookie-notice,Existing CM Trackers-Found,,,,,
www.lighting.CLIENT_X.bg,Essential cookies,Signify (formerly CLIENT_X Lighting),JavaScript,bench_new_T3_5108,,,,,Existing CM Trackers-Not Found,,,,,
c.amazon-adsystem.com,Targeted Advertising cookies (including social media),Amazon Ads,ETag,bench_new_T3_5024,,,,,Existing CM Trackers-Not Found,,,,,
CLIENT_X.bg,Performance cookies,CLIENT_X - Bulgaria,HTTP Cookie,bench_new_T3_5103,,,,,Existing CM Trackers-Not Found,,,,,
demdex.net,Targeted Advertising cookies (including social media),"Adobe Audience Manager, Adobe Experience Cloud",HTTP Cookie,bench_new_T3_5036,,,,,Existing CM Trackers-Not Found,,,,,
www.assets.signify.com,Performance cookies,Signify (formerly CLIENT_X Lighting),ETag,bench_new_T3_5404,,,,,Existing CM Trackers-Not Found,,,,,
www.maxosfusionconfigurator.lighting.CLIENT_X.com,Performance cookies,Koninklijke CLIENT_X N.V.,ETag,bench_new_T3_4949,,,,,Existing CM Trackers-Not Found,,,,,
www.lightset-creator.lighting.CLIENT_X.com,Targeted Advertising cookies (including social media),Signify (formerly CLIENT_X Lighting),JavaScript,bench_new_T3_4822,,,,,Existing CM Trackers-Not Found,,,,,
googleads.g.doubleclick.net,Targeted Advertising cookies (including social media),Google Advertising Products,Beacon,bench_new_T3_5414,,,TRUE,http://www.CLIENT_X.bg/,Existing CM Trackers-Found,,,,,
*.t.eloqua.com,Performance cookies,Oracle Marketing,JavaScript,bench_new_T3_4910,,,,https://www.CLIENT_X.bg/healthcare,Existing CM Trackers-Found,,,,,
consent-pref.trustarc.com,Essential cookies,TrustArc,JavaScript,bench_new_T3_5979,,,TRUE,"https://www.CLIENT_X.bg/etc/CLIENT_X/b2c/compareproducts.html?locale=bg_BG&catalog=CONSUMER&ctn=HR2875/00,HR2603/00,HR2602/00",Existing CM Trackers-Found,,,,,
CLIENT_X.bg,Essential cookies,CLIENT_X - Bulgaria,HTTP Cookie,bench_new_T3_5271,,,,,Existing CM Trackers-Not Found,,,,,
i.ytimg.com,Targeted Advertising cookies (including social media),Google Inc.,ETag,bench_new_T3_5161,,,TRUE,https://www.CLIENT_X.bg/c-m-ho/coffee/support-for-coffee-machine,Existing CM Trackers-Found,,,,,
raw.githubusercontent.com,Performance cookies,GitHub Inc.,ETag,bench_new_T3_5498,,,TRUE,https://www.CLIENT_X.bg/healthcare/about/distributors,Existing CM Trackers-Found,,,,,
CLIENT_X.bg,Essential cookies,CLIENT_X - Bulgaria,HTTP Cookie,bench_new_T3_6144,,,,,Existing CM Trackers-Not Found,,,,,
fonts.yieldify-production.com,Targeted Advertising cookies (including social media),Yieldify,ETag,bench_new_T3_5771,,,,,Existing CM Trackers-Not Found,,,,,
CLIENT_Xb2c.my.site.com,Performance cookies,"Salesforce.com, Inc.",Beacon,bench_new_T3_6364,,,TRUE,https://www.CLIENT_X.bg/c-w/support-home/support-contact-page,Existing CM Trackers-Found,,,,,
CLIENT_X.co.jp,Essential cookies (exempt from consent),CLIENT_X Electronics Corporation Japan,HTTP Cookie,s_pv,,bench_update_duration,TRUE,https://www.CLIENT_X.bg/,Existing CM Trackers-Found,,,,,
CLIENT_X.bg,Essential cookies,CLIENT_X - Bulgaria,HTTP Cookie,bench_new_T3_6177,,400,TRUE,https://www.CLIENT_X.bg/,Existing CM Trackers-Found,,,,,
www.accounts.CLIENT_X.com,Essential cookies,Koninklijke CLIENT_X N.V.,JavaScript,bench_new_T3_5091,,,TRUE,https://www.CLIENT_X.bg/myCLIENT_X#/register-new-product/form/QP6541_15,Existing CM Trackers-Found,,,,,
www.static.accounts.CLIENT_X.com,Essential cookies,Koninklijke CLIENT_X N.V.,JavaScript,bench_new_T3_5259,,,TRUE,https://www.CLIENT_X.bg/myCLIENT_X#/register-new-product/form/QP6541_15,Existing CM Trackers-Found,,,,,
td.yieldify.com,Targeted Advertising cookies (including social media),Yieldify,ETag,bench_new_T3_6265,,,,,Existing CM Trackers-Not Found,,,,,
www.assets.signify.com,Performance cookies,Signify (formerly CLIENT_X Lighting),ETag,bench_new_T3_4937,,,,,Existing CM Trackers-Not Found,,,,,
maps.googleapis.com,Targeted Advertising cookies (including social media),Google Inc.,ETag,bench_new_T3_5893,,,TRUE,https://www.CLIENT_X.bg/healthcare/about/distributors,Existing CM Trackers-Found,,,,,
CLIENT_X.bg,Essential cookies,CLIENT_X - Bulgaria,HTTP Cookie,bench_new_T3_6080,,60,TRUE,https://www.CLIENT_X.bg/,Existing CM Trackers-Found,,,,,
CLIENT_X.bg,Essential cookies,CLIENT_X - Bulgaria,HTTP Cookie,bench_new_T3_5417,,,,,Existing CM Trackers-Not Found,,,,,
www.lighting.CLIENT_X.com,Performance cookies,Signify (formerly CLIENT_X Lighting),JavaScript,bench_new_T3_6396,,,,,Existing CM Trackers-Not Found,,,,,
dsum-sec.casalemedia.com,Targeted Advertising cookies (including social media),Index Exchange Inc.,Beacon,bench_new_T3_4971,,,TRUE,https://www.CLIENT_X.bg/a-w/cookie-notice,Existing CM Trackers-Found,,,,,
pages.information.signify.com,Performance cookies,Signify (formerly CLIENT_X Lighting),Local Storage,bench_new_T3_6086,,,,,Existing CM Trackers-Not Found,,,,,
code.jquery.com,Performance cookies,jQuery,JavaScript,bench_new_T3_6191,,,,,Existing CM Trackers-Not Found,,,,,
www.photometrics.lighting.CLIENT_X.com,Targeted Advertising cookies (including social media),Koninklijke CLIENT_X N.V.,ETag,bench_new_T3_4865,,,,,Existing CM Trackers-Not Found,,,,,
CLIENT_X.bg,Targeted Advertising cookies (including social media),CLIENT_X - Bulgaria,HTTP Cookie,bench_new_T3_6049,,90,TRUE,https://www.CLIENT_X.bg/,Existing CM Trackers-Found,,,,,
tracker-detail-page.trustarc.com,Essential cookies,TrustArc,JavaScript,bench_new_T3_5620,,,,https://www.CLIENT_X.bg/a-w/cookie-notice,New Third Party Trackers,,,,,
CLIENT_X.bg,Essential cookies,CLIENT_X - Bulgaria,HTTP Cookie,bench_new_T3_5067,,,,,Existing CM Trackers-Not Found,,,,,
content.syndigo.com,Targeted Advertising Cookies (including social media) [Requires consent],Syndigo (formerly Webcollage),ETag,-,,,,https://www.CLIENT_X.bg/healthcare/clinical-solutions/alarm-management,New Third Party Trackers,,,,,
pages.information.signify.com,Performance cookies,Signify (formerly CLIENT_X Lighting),JavaScript,bench_new_T3_5391,,,,,Existing CM Trackers-Not Found,,,,,
www.store-CLIENT_X.tw,Essential cookies (exempt from consent),CLIENT_X Store - Taiwan,HTTP Cookie,_cft_P,,,TRUE,http://www.CLIENT_X.bg/,Existing CM Trackers-Found,,,,,
CLIENT_X.bg,Targeted Advertising cookies (including social media),CLIENT_X - Bulgaria,HTTP Cookie,bench_new_T3_5041,,7,TRUE,https://www.CLIENT_X.bg/,Existing CM Trackers-Found,,,,,
CLIENT_X.bg,Essential cookies,CLIENT_X - Bulgaria,HTTP Cookie,_ga_failed_lookup_marker_3_1007,,0,TRUE,https://www.CLIENT_X.bg/,Existing CM Trackers-Found,,,,,
www.lightset-creator.lighting.CLIENT_X.com,Targeted Advertising cookies (including social media),Signify (formerly CLIENT_X Lighting),ETag,bench_new_T3_4977,,,,,Existing CM Trackers-Not Found,,,,,
www.google.ie,Targeted Advertising cookies (including social media),Google Inc.,Beacon,bench_new_T3_5048,,,TRUE,http://www.CLIENT_X.bg/,Existing CM Trackers-Found,,,,,
www.CLIENT_X.bg,Essential cookies,CLIENT_X - Bulgaria,ETag,bench_new_T3_4889,,,TRUE,http://www.CLIENT_X.bg/,Existing CM Trackers-Found,,,,,
sc-static.net,Targeted Advertising cookies (including social media),Snap Inc.,JavaScript,bench_new_T3_4890,,,TRUE,https://www.CLIENT_X.bg/c-e/ho/air-purifier-and-air-humidifier/air-care.html,Existing CM Trackers-Found,,,,,
www.gearselectiontool.lighting.CLIENT_X.com,Performance cookies,Signify (formerly CLIENT_X Lighting),JavaScript,bench_new_T3_5191,,,,,Existing CM Trackers-Not Found,,,,,
CLIENT_X.bg,Essential cookies,CLIENT_X - Bulgaria,HTTP Cookie,bench_new_T3_5053,,,,,Existing CM Trackers-Not Found,,,,,
www.accounts.CLIENT_X.com,Essential cookies,Koninklijke CLIENT_X N.V.,ETag,bench_new_T3_6325,,,TRUE,https://www.CLIENT_X.bg/myCLIENT_X#/register-new-product/form/QP6541_15,Existing CM Trackers-Found,,,,,
CLIENT_X.cl,Essential cookies (exempt from consent),CLIENT_X - Chile,HTTP Cookie,_fbp,,bench_update_duration,,,Existing CM Trackers-Not Found,,,,,
www.lightset-creator.lighting.CLIENT_X.com,Targeted Advertising cookies (including social media),Signify (formerly CLIENT_X Lighting),JavaScript,bench_new_T3_6337,,,,,Existing CM Trackers-Not Found,,,,,
www.maxosfusionconfigurator.lighting.CLIENT_X.com,Performance cookies,Koninklijke CLIENT_X N.V.,JavaScript,bench_new_T3_4813,,,,,Existing CM Trackers-Not Found,,,,,
www.CLIENT_X.bg,Essential cookies,CLIENT_X - Bulgaria,HTTP Cookie,bench_new_T3_5461,,365,TRUE,https://www.CLIENT_X.bg/,Existing CM Trackers-Found,,,,,
smetrics.marketing.CLIENT_X-hue.com,Targeted Advertising cookies (including social media),CLIENT_X Hue,JavaScript,bench_new_T3_5027,,,,,Existing CM Trackers-Not Found,,,,,
www.CLIENT_X.cz,Essential cookies (exempt from consent),CLIENT_X - Czech Republic,HTTP Cookie,_sdsat_pgm_optin,,,TRUE,http://www.CLIENT_X.bg/,Existing CM Trackers-Found,,,,,
CLIENT_X.bg,Essential cookies,CLIENT_X - Bulgaria,HTTP Cookie,bench_new_T3_4807,,,,,Existing CM Trackers-Not Found,,,,,
www.careers.CLIENT_X.com.cn,Essential cookies (exempt from consent),CLIENT_X - China,HTTP Cookie,Campaign,,bench_update_duration,,,Existing CM Trackers-Not Found,,,,,
www.lighting.CLIENT_X.bg,Essential cookies,Signify (formerly CLIENT_X Lighting),HTTP Cookie,bench_new_T3_5724,,,,,Existing CM Trackers-Not Found,,,,,
pages.information.signify.com,Performance cookies,Signify (formerly CLIENT_X Lighting),Local Storage,bench_new_T3_6218,,,,,Existing CM Trackers-Not Found,,,,,
CLIENT_X.bg,Essential cookies,CLIENT_X - Bulgaria,HTTP Cookie,bench_new_T3_5074,,60,TRUE,https://www.CLIENT_X.bg/,Existing CM Trackers-Found,,,,,
CLIENT_X.com.eg,Essential cookies (exempt from consent),CLIENT_X - Egypt,HTTP Cookie,s_vtime,,bench_update_duration,TRUE,https://www.CLIENT_X.bg/c-e/ho/air-purifier-and-air-humidifier/air-care.html,Existing CM Trackers-Found,,,,,
CLIENT_X.bg,Essential cookies,CLIENT_X - Bulgaria,HTTP Cookie,bench_new_T3_4821,,400,TRUE,https://www.CLIENT_X.bg/,Existing CM Trackers-Found,,,,,
observability.prod.bazaarvoice.com,Performance cookies,"Bazaarvoice, Inc.",ETag,bench_new_T3_4883,,,,https://www.CLIENT_X.bg/c-e/ho/coffee-category.html,New Third Party Trackers,,,,,
CLIENT_X.bg,Essential cookies,CLIENT_X - Bulgaria,HTTP Cookie,bench_new_T3_4903,,0,TRUE,https://www.CLIENT_X.bg/,Existing CM Trackers-Found,,,,,
www.static.accounts.CLIENT_X.com,Essential cookies,Koninklijke CLIENT_X N.V.,JavaScript,bench_new_T3_5194,,,TRUE,https://www.CLIENT_X.bg/myCLIENT_X#/register-new-product/form/QP6541_15,Existing CM Trackers-Found,,,,,
apps.bazaarvoice.com,Performance cookies,"Bazaarvoice, Inc.",ETag,bench_new_T3_5676,,,TRUE,https://www.CLIENT_X.bg/c-e/ho/coffee-category.html,Existing CM Trackers-Found,,,,,
assets.adoberesources.net,Performance cookies,Adobe Inc.,ETag,_ga_failed_lookup_marker_3_1032,,,,,Existing CM Trackers-Not Found,,,,,
CLIENT_X.sk,Essential cookies (exempt from consent),CLIENT_X - Slovakia,HTTP Cookie,li_cm_prefs_session,,,TRUE,https://www.CLIENT_X.bg/healthcare/about/support/resource-center/results,Existing CM Trackers-Found,,,,,
CLIENT_X.bg,Essential cookies,CLIENT_X - Bulgaria,HTTP Cookie,bench_new_T3_5003,,0,TRUE,https://www.CLIENT_X.bg/,Existing CM Trackers-Found,,,,,
CLIENT_X.bg,Essential cookies,CLIENT_X - Bulgaria,HTTP Cookie,bench_new_T3_5262,,,,,Existing CM Trackers-Not Found,,,,,
www.accounts.CLIENT_X.com,Essential cookies,Koninklijke CLIENT_X N.V.,JavaScript,bench_new_T3_5871,,,TRUE,https://www.CLIENT_X.bg/myCLIENT_X#/register-new-product/form/QP6541_15,Existing CM Trackers-Found,,,,,
demdex.net,Targeted Advertising cookies (including social media),"Adobe Audience Manager, Adobe Experience Cloud",HTTP Cookie,bench_new_T3_5487,,,,,Existing CM Trackers-Not Found,,,,,
snapchat.com,Targeted Advertising cookies (including social media),Snap Inc.,HTTP Cookie,bench_new_T3_5383,,390,TRUE,https://www.CLIENT_X.bg/c-e/ho/air-purifier-and-air-humidifier/air-care.html,Existing CM Trackers-Found,,,,,
www.CLIENT_X-hue.com,Performance cookies,CLIENT_X Hue,ETag,bench_new_T3_5946,,,,,Existing CM Trackers-Not Found,,,,,
www.google.com,Essential cookies,Google Inc.,HTTP Cookie,bench_new_T3_5652,,180,TRUE,https://www.CLIENT_X.bg/c-m-pe/accessories-and-replacements,Existing CM Trackers-Found,,,,,
www.CLIENT_X.bg,Essential cookies,CLIENT_X - Bulgaria,Beacon,bench_new_T3_5865,,,TRUE,http://www.CLIENT_X.bg/,Existing CM Trackers-Found,,,,,
www.googletagmanager.com,Performance cookies,Google Inc.,JavaScript,bench_new_T3_5379,,,TRUE,http://www.CLIENT_X.bg/,Existing CM Trackers-Found,,,,,
CLIENT_X.com.kw,Essential cookies (exempt from consent),CLIENT_X - Kuwait,HTTP Cookie,s_cm_direct,,bench_update_duration,,https://www.CLIENT_X.bg/a-w/cookie-notice,New Third Party Trackers,,,,,
conversiontool.lighting.CLIENT_X.com,Targeted Advertising cookies (including social media),Koninklijke CLIENT_X N.V.,Local Storage,bench_new_T3_5436,,,,,Existing CM Trackers-Not Found,,,,,
lighting.CLIENT_X.bg,Essential cookies,Signify (formerly CLIENT_X Lighting),HTTP Cookie,_ga_failed_lookup_marker_3_1045,,,,,Existing CM Trackers-Not Found,,,,,
snapchat.com,Targeted Advertising cookies (including social media),Snap Inc.,HTTP Cookie,bench_new_T3_4988,,390,TRUE,https://www.CLIENT_X.bg/c-e/ho/air-purifier-and-air-humidifier/air-care.html,Existing CM Trackers-Found,,,,,
CLIENT_Xb2c.my.site.com,Performance cookies,"Salesforce.com, Inc.",JavaScript,bench_new_T3_4815,,,TRUE,https://www.CLIENT_X.bg/c-w/support-home/support-contact-page,Existing CM Trackers-Found,,,,,
www.CLIENT_X.bg,Essential cookies,CLIENT_X - Bulgaria,HTTP Cookie,bench_new_T3_5776,,,,,Existing CM Trackers-Not Found,,,,,
www.CLIENT_X.bg,Performance cookies,CLIENT_X - Bulgaria,HTTP Cookie,bench_new_T3_5433,,,,,Existing CM Trackers-Not Found,,,,,
linkedin.com,Targeted Advertising cookies (including social media),LinkedIn,HTTP Cookie,bench_new_T3_6161,,365,TRUE,https://www.CLIENT_X.bg/c-e/ho/air-purifier-and-air-humidifier/air-care.html,Existing CM Trackers-Found,,,,,
connect.facebook.net,Targeted Advertising cookies (including social media),Meta (formerly Facebook),JavaScript,bench_new_T3_6367,,,TRUE,http://www.CLIENT_X.bg/,Existing CM Trackers-Found,,,,,
www.CLIENT_X.ro,Essential cookies (exempt from consent),CLIENT_X - Romania,HTTP Cookie,p-hc-specialty,,,,https://www.CLIENT_X.bg/healthcare,New Third Party Trackers,,,,,
doubleclick.net,Targeted Advertising cookies (including social media),Google Advertising Products,HTTP Cookie,_ga_failed_lookup_marker_3_1053,,29,TRUE,https://www.CLIENT_X.bg/,Existing CM Trackers-Found,,,,,
sync.console.adtarget.com.tr,Targeted Advertising Cookies (including social media) [Requires consent],Adtarget Teknoloji A.S.,ETag,-,,,,,Existing CM Trackers-Not Found,,,,,
casalemedia.com,Targeted Advertising cookies (including social media),Index Exchange Inc.,HTTP Cookie,_ga_failed_lookup_marker_3_1055,,365,TRUE,https://www.CLIENT_X.bg/a-w/cookie-notice,Existing CM Trackers-Found,,,,,
lighting.CLIENT_X.bg,Essential cookies,Signify (formerly CLIENT_X Lighting),HTTP Cookie,bench_new_T3_5054,,,,,Existing CM Trackers-Not Found,,,,,
CLIENT_X.bg,Essential cookies,CLIENT_X - Bulgaria,HTTP Cookie,bench_new_T3_5004,,session,TRUE,https://www.CLIENT_X.bg/,Existing CM Trackers-Found,,,,,
lighting.CLIENT_X.bg,Essential cookies,Signify (formerly CLIENT_X Lighting),HTTP Cookie,_ga_failed_lookup_marker_3_1058,,,,,Existing CM Trackers-Not Found,,,,,
i.ytimg.com,Targeted Advertising cookies (including social media),Google Inc.,ETag,bench_new_T3_4861,,,TRUE,https://www.CLIENT_X.bg/c-m-ho/coffee/support-for-coffee-machine,Existing CM Trackers-Found,,,,,
CLIENT_X.bg,Essential cookies,CLIENT_X - Bulgaria,HTTP Cookie,bench_new_T3_6226,,60,TRUE,https://www.CLIENT_X.bg/,Existing CM Trackers-Found,,,,,
code.jquery.com,Performance cookies,jQuery,ETag,bench_new_T3_6149,,,,,Existing CM Trackers-Not Found,,,,,
CLIENT_Xb2c.my.site.com,Performance cookies,"Salesforce.com, Inc.",ETag,bench_new_T3_5349,,,TRUE,https://www.CLIENT_X.bg/c-w/support-home/support-contact-page,Existing CM Trackers-Found,,,,,
CLIENT_X.com,Essential cookies (exempt from consent),Koninklijke CLIENT_X N.V.,HTTP Cookie,_schn1,,bench_update_duration,TRUE,https://www.CLIENT_X.bg/c-e/au/automotive-articles?npagination=0,Existing CM Trackers-Found,,,,,
c.amazon-adsystem.com,Targeted Advertising cookies (including social media),Amazon Ads,ETag,bench_new_T3_6176,,,,,Existing CM Trackers-Not Found,,,,,
youtube.com,Targeted Advertising cookies (including social media),Google Advertising Products,HTTP Cookie,bench_new_T3_6366,,180,TRUE,https://www.CLIENT_X.bg/c-e/au/automotive-articles?npagination=0,Existing CM Trackers-Found,,,,,
www.CLIENT_X.ua,Essential cookies (exempt from consent),CLIENT_X - Ukraine,HTTP Cookie,_sdsat_pgm_optin,,,,,Existing CM Trackers-Not Found,,,,,
CLIENT_Xlighting.d3.sc.omtrdc.net,Performance cookies,"Adobe Audience Manager, Adobe Experience Cloud",JavaScript,bench_new_T3_5675,,,,,Existing CM Trackers-Not Found,,,,,
www.rendertool.lighting.CLIENT_X.com,Targeted Advertising cookies (including social media),Signify (formerly CLIENT_X Lighting),JavaScript,bench_new_T3_5152,,,,,Existing CM Trackers-Not Found,,,,,
acdn-digitaltrans-01-p.azureedge.net,Targeted Advertising cookies (including social media),Microsoft,JavaScript,bench_new_T3_5330,,,TRUE,https://www.CLIENT_X.bg/c-m-pe/toothbrush-heads/diamondclean/latest,Existing CM Trackers-Found,,,,,
www.lighting.CLIENT_X.bg,Essential cookies,Signify (formerly CLIENT_X Lighting),HTTP Cookie,bench_new_T3_5226,,,,,Existing CM Trackers-Not Found,,,,,
www.gearselectiontool.lighting.CLIENT_X.com,Performance cookies,Signify (formerly CLIENT_X Lighting),ETag,bench_new_T3_5899,,,,,Existing CM Trackers-Not Found,,,,,
casalemedia.com,Targeted Advertising cookies (including social media),Index Exchange Inc.,HTTP Cookie,bench_new_T3_5034,,90,TRUE,https://www.CLIENT_X.bg/a-w/cookie-notice,Existing CM Trackers-Found,,,,,
www.CLIENT_X.bg,Essential cookies,CLIENT_X - Bulgaria,HTTP Cookie,bench_new_T3_4888,,10,TRUE,https://www.CLIENT_X.bg/,Existing CM Trackers-Found,,,,,
tr.snapchat.com,Targeted Advertising cookies (including social media),Snap Inc.,JavaScript,bench_new_T3_5520,,,TRUE,https://www.CLIENT_X.bg/c-e/ho/coffee/lattego-series.html,Existing CM Trackers-Found,,,,,
youtube.com,Targeted Advertising cookies (including social media),Google Advertising Products,HTTP Cookie,bench_new_T3_4853,,180,,https://www.CLIENT_X.bg/c-e/au/automotive-articles?npagination=0,New Third Party Trackers,,,,,
smetrics.marketing.lighting.CLIENT_X.com,Targeted Advertising cookies (including social media),Koninklijke CLIENT_X N.V.,JavaScript,bench_new_T3_5465,,,,,Existing CM Trackers-Not Found,,,,,
CLIENT_X.bg,Essential cookies,CLIENT_X - Bulgaria,HTTP Cookie,bench_new_T3_6343,,400,TRUE,https://www.CLIENT_X.bg/,Existing CM Trackers-Found,,,,,
demdex.net,Targeted Advertising cookies (including social media),"Adobe Audience Manager, Adobe Experience Cloud",HTTP Cookie,_ga_failed_lookup_marker_3_1078,,,,,Existing CM Trackers-Not Found,,,,,
www.CLIENT_X.bg,Essential cookies,CLIENT_X - Bulgaria,HTTP Cookie,bench_new_T3_6083,,365,TRUE,https://www.CLIENT_X.bg/,Existing CM Trackers-Found,,,,,
www.lighting.CLIENT_X.bg,Essential cookies,Signify (formerly CLIENT_X Lighting),HTTP Cookie,bench_new_T3_6002,,,,,Existing CM Trackers-Not Found,,,,,
*.t.eloqua.com,Performance cookies,Oracle Marketing,JavaScript,bench_new_T3_5816,,,,https://www.CLIENT_X.bg/healthcare,Existing CM Trackers-Found,,,,,
cdn.botframework.com,Performance cookies,Microsoft Bot Framework,ETag,_ga_failed_lookup_marker_3_1082,,,TRUE,https://www.CLIENT_X.bg/c-m-pe/toothbrush-heads/diamondclean/latest,Existing CM Trackers-Found,,,,,
www.CLIENT_X.bg,Essential cookies,CLIENT_X - Bulgaria,HTTP Cookie,_ga_failed_lookup_marker_3_1083,,7,,https://www.CLIENT_X.bg/,New First Party Trackers,,,,,
www.gearselectiontool.lighting.CLIENT_X.com,Performance cookies,Signify (formerly CLIENT_X Lighting),JavaScript,bench_new_T3_5863,,,,,Existing CM Trackers-Not Found,,,,,
www.google.com,Essential cookies,Google Inc.,HTTP Cookie,bench_new_T3_5464,,180,TRUE,https://www.CLIENT_X.bg/c-m-pe/accessories-and-replacements,Existing CM Trackers-Found,,,,,
www.lightset-creator.lighting.CLIENT_X.com,Targeted Advertising cookies (including social media),Signify (formerly CLIENT_X Lighting),ETag,bench_new_T3_5950,,,,,Existing CM Trackers-Not Found,,,,,
*.fls.doubleclick.net,Targeted Advertising cookies (including social media),Google Advertising Products,Beacon,bench_new_T3_6221,,,,,Existing CM Trackers-Not Found,,,,,
www.CLIENT_X.fr,Essential cookies (exempt from consent),CLIENT_X - France,HTTP Cookie,user_country,,,,,Existing CM Trackers-Not Found,,,,,
CLIENT_X.com.qa,Essential cookies (exempt from consent),CLIENT_X - Qatar,HTTP Cookie,zScalerUser,,bench_update_duration,TRUE,https://www.CLIENT_X.bg/,Existing CM Trackers-Found,,,,,
linkedin.com,Targeted Advertising cookies (including social media),LinkedIn,HTTP Cookie,bench_new_T3_4945,,180,TRUE,https://www.CLIENT_X.bg/c-e/ho/air-purifier-and-air-humidifier/air-care.html,Existing CM Trackers-Found,,,,,
www.crsc.CLIENT_X.com,Targeted Advertising cookies (including social media),Koninklijke CLIENT_X N.V.,ETag,_ga_failed_lookup_marker_3_1091,,,TRUE,https://www.CLIENT_X.bg/myCLIENT_X#/register-new-product/form/QP6541_15,Existing CM Trackers-Found,,,,,
www.CLIENT_X.bg,Essential cookies,CLIENT_X - Bulgaria,HTTP Cookie,bench_new_T3_5235,,365,TRUE,https://www.CLIENT_X.bg/,Existing CM Trackers-Found,,,,,
CLIENT_X.bg,Essential cookies,CLIENT_X - Bulgaria,HTTP Cookie,bench_new_T3_6236,,,,,Existing CM Trackers-Not Found,,,,,
tag.demandbase.com,Targeted Advertising cookies (including social media),"Demandbase, Inc.",ETag,bench_new_T3_4891,,,TRUE,https://www.CLIENT_X.bg/a-w/cookie-notice,Existing CM Trackers-Found,,,,,
CLIENT_X.bg,Essential cookies,CLIENT_X - Bulgaria,HTTP Cookie,bench_new_T3_5678,,,,https://www.CLIENT_X.bg/,Existing CM Trackers-Found,,,,,
www.healthcare.shop.CLIENT_X.fr,Essential cookies (exempt from consent),CLIENT_X - France,HTTP Cookie,mdLogger,,,TRUE,http://www.CLIENT_X.bg/,Existing CM Trackers-Found,,,,,
consent-st.trustarc.com,Essential cookies,TrustArc,JavaScript,bench_new_T3_5165,,,TRUE,"https://www.CLIENT_X.bg/etc/CLIENT_X/b2c/compareproducts.html?locale=bg_BG&catalog=CONSUMER&ctn=HR2875/00,HR2603/00,HR2602/00",Existing CM Trackers-Found,,,,,
connect.facebook.net,Targeted Advertising cookies (including social media),Meta (formerly Facebook),Beacon,bench_new_T3_5098,,,TRUE,https://www.CLIENT_X.bg/c-e/au/car-lights/headlights/ultinon-access-led.html,Existing CM Trackers-Found,,,,,
CLIENT_X.bg,Targeted Advertising cookies (including social media),CLIENT_X - Bulgaria,HTTP Cookie,bench_new_T3_6324,,7,TRUE,https://www.CLIENT_X.bg/,Existing CM Trackers-Found,,,,,
CLIENT_X.ie,Essential cookies (exempt from consent),CLIENT_X - Ireland,HTTP Cookie,s_vtime,,,,,Existing CM Trackers-Not Found,,,,,
lighting.CLIENT_X.bg,Essential cookies,Signify (formerly CLIENT_X Lighting),Local Storage,bench_new_T3_4860,,,,,Existing CM Trackers-Not Found,,,,,
td.yieldify.com,Targeted Advertising cookies (including social media),Yieldify,JavaScript,bench_new_T3_5329,,,,,Existing CM Trackers-Not Found,,,,,
CLIENT_X.lv,Essential cookies (exempt from consent),CLIENT_X - Latvia,HTTP Cookie,mbox,,,,,Existing CM Trackers-Not Found,,,,,
www.crsc.CLIENT_X.com,Targeted Advertising cookies (including social media),Koninklijke CLIENT_X N.V.,ETag,bench_new_T3_4866,,,TRUE,https://www.CLIENT_X.bg/myCLIENT_X#/register-new-product/form/QP6541_15,Existing CM Trackers-Found,,,,,
apps.bazaarvoice.com,Performance cookies,"Bazaarvoice, Inc.",JavaScript,bench_new_T3_5025,,,TRUE,https://www.CLIENT_X.bg/c-e/ho/coffee-category.html,Existing CM Trackers-Found,,,,,
widget-cdn.janraincapture.com,Performance cookies,Akamai,ETag,bench_new_T3_5905,,,TRUE,https://www.CLIENT_X.bg/myCLIENT_X#/register-new-product/form/QP6541_15,Existing CM Trackers-Found,,,,,
www.google.ie,Targeted Advertising cookies (including social media),Google Inc.,Beacon,bench_new_T3_5335,,,TRUE,http://www.CLIENT_X.bg/,Existing CM Trackers-Found,,,,,
px.ads.linkedin.com,Targeted Advertising cookies (including social media),LinkedIn,JavaScript,bench_new_T3_5115,,,TRUE,https://www.CLIENT_X.bg/c-p/AC1715_10/1000i-series-air-purifier-for-medium-rooms,Existing CM Trackers-Found,,,,,
CLIENT_X.bg,Essential cookies,CLIENT_X - Bulgaria,HTTP Cookie,bench_new_T3_5400,,0,TRUE,https://www.CLIENT_X.bg/,Existing CM Trackers-Found,,,,,
region1.analytics.google.com,Performance cookies,Google Inc.,Beacon,_ga_failed_lookup_marker_3_1110,,,TRUE,http://www.CLIENT_X.bg/,Existing CM Trackers-Found,,,,,
CLIENT_X.bg,Targeted Advertising cookies (including social media),CLIENT_X - Bulgaria,HTTP Cookie,bench_new_T3_5892,,90,TRUE,https://www.CLIENT_X.bg/,Existing CM Trackers-Found,,,,,
apps.bazaarvoice.com,Performance cookies,"Bazaarvoice, Inc.",JavaScript,bench_new_T3_4859,,,TRUE,https://www.CLIENT_X.bg/c-e/ho/coffee-category.html,Existing CM Trackers-Found,,,,,
CLIENT_X.com,Essential cookies (exempt from consent),Koninklijke CLIENT_X N.V.,HTTP Cookie,s_cm_direct,,bench_update_duration,TRUE,https://www.CLIENT_X.bg/,Existing CM Trackers-Found,,,,,
pages.information.signify.com,Performance cookies,Signify (formerly CLIENT_X Lighting),ETag,bench_new_T3_6386,,,,,Existing CM Trackers-Not Found,,,,,
www.googletagmanager.com,Performance cookies,Google Inc.,Beacon,bench_new_T3_5522,,,TRUE,https://www.CLIENT_X.bg/c-e/ho/coffee/lattego-series.html,Existing CM Trackers-Found,,,,,
CLIENT_X.bg,Essential cookies,CLIENT_X - Bulgaria,HTTP Cookie,_ga_failed_lookup_marker_3_1116,,,,,Existing CM Trackers-Not Found,,,,,
CLIENT_X.bg,Essential cookies,CLIENT_X - Bulgaria,HTTP Cookie,bench_new_T3_5822,,0,TRUE,https://www.CLIENT_X.bg/,Existing CM Trackers-Found,,,,,
maxosfusionconfigurator.lighting.CLIENT_X.com,Targeted Advertising cookies (including social media),Koninklijke CLIENT_X N.V.,Local Storage,bench_new_T3_6178,,,,,Existing CM Trackers-Not Found,,,,,
snapchat.com,Targeted Advertising cookies (including social media),Snap Inc.,HTTP Cookie,bench_new_T3_6169,,390,TRUE,https://www.CLIENT_X.bg/c-e/ho/air-purifier-and-air-humidifier/air-care.html,Existing CM Trackers-Found,,,,,
www.googleapis.com,Performance cookies,Google Inc.,JavaScript,bench_new_T3_4985,,,TRUE,https://www.CLIENT_X.bg/c-e/au/car-lights/automotive-articles.html,Existing CM Trackers-Found,,,,,
lighting.CLIENT_X.bg,Essential cookies,Signify (formerly CLIENT_X Lighting),HTTP Cookie,bench_new_T3_6048,,,,,Existing CM Trackers-Not Found,,,,,
CLIENT_X.bg,Essential cookies,CLIENT_X - Bulgaria,Local Storage,bench_new_T3_4829,,,TRUE,https://www.CLIENT_X.bg/c-w/support-home/support-contact-page,Existing CM Trackers-Found,,,,,
sc-static.net,Targeted Advertising cookies (including social media),Snap Inc.,ETag,bench_new_T3_5096,,,TRUE,https://www.CLIENT_X.bg/c-e/ho/coffee/lattego-series.html,Existing CM Trackers-Found,,,,,
cdn.jsdelivr.net,Performance cookies,Volentio JSD Limited,ETag,_ga_failed_lookup_marker_3_1124,,,,,Existing CM Trackers-Not Found,,,,,
CLIENT_X.bg,Essential cookies,CLIENT_X - Bulgaria,HTTP Cookie,bench_new_T3_6017,,0,TRUE,https://www.CLIENT_X.bg/,Existing CM Trackers-Found,,,,,
conversiontool.lighting.CLIENT_X.com,Targeted Advertising cookies (including social media),Koninklijke CLIENT_X N.V.,Local Storage,bench_new_T3_4913,,,,,Existing CM Trackers-Not Found,,,,,
www.rendertool.lighting.CLIENT_X.com,Targeted Advertising cookies (including social media),Signify (formerly CLIENT_X Lighting),ETag,bench_new_T3_5694,,,,,Existing CM Trackers-Not Found,,,,,
*.mktoweb.com,Targeted Advertising cookies (including social media),Marketo,JavaScript,bench_new_T3_5681,,,,,Existing CM Trackers-Not Found,,,,,
www.CLIENT_X.bg,Essential cookies,CLIENT_X - Bulgaria,HTTP Cookie,bench_new_T3_5958,,,,,Existing CM Trackers-Not Found,,,,,
tracker-detail-page.trustarc.com,Essential cookies,TrustArc,ETag,bench_new_T3_5501,,,,https://www.CLIENT_X.bg/a-w/cookie-notice,New Third Party Trackers,,,,,
googleads.g.doubleclick.net,Targeted Advertising cookies (including social media),Google Advertising Products,Beacon,bench_new_T3_5692,,,TRUE,http://www.CLIENT_X.bg/,Existing CM Trackers-Found,,,,,
www.gstatic.com,Performance cookies,Google Inc.,JavaScript,bench_new_T3_5117,,,TRUE,https://www.CLIENT_X.bg/c-m-ho/vacuum-cleaner-accessories,Existing CM Trackers-Found,,,,,
cdn.botframework.com,Performance cookies,Microsoft Bot Framework,ETag,bench_new_T3_5888,,,TRUE,https://www.CLIENT_X.bg/c-m-pe/toothbrush-heads/diamondclean/latest,Existing CM Trackers-Found,,,,,
CLIENT_X.bg,Essential cookies,CLIENT_X - Bulgaria,HTTP Cookie,bench_new_T3_6171,,,,,Existing CM Trackers-Not Found,,,,,
www.google.com,Targeted Advertising cookies (including social media),Google Inc.,JavaScript,bench_new_T3_5840,,,TRUE,https://www.CLIENT_X.bg/c-m-ho/vacuum-cleaner-accessories,Existing CM Trackers-Found,,,,,
*.mktoweb.com,Targeted Advertising cookies (including social media),Marketo,Local Storage,bench_new_T3_6309,,,,,Existing CM Trackers-Not Found,,,,,
www.CLIENT_X.ca,Essential cookies (exempt from consent),CLIENT_X - Canada,HTTP Cookie,kampyleUserSession,,bench_update_duration,,http://www.CLIENT_X.bg/,New Third Party Trackers,,,,,
CLIENT_X.bg,Essential cookies,CLIENT_X - Bulgaria,HTTP Cookie,bench_new_T3_6133,,400,TRUE,https://www.CLIENT_X.bg/,Existing CM Trackers-Found,,,,,
munchkin.marketo.net,Targeted Advertising cookies (including social media),Marketo,ETag,bench_new_T3_5655,,,,,Existing CM Trackers-Not Found,,,,,
www.googletagmanager.com,Performance cookies,Google Inc.,Beacon,bench_new_T3_6027,,,TRUE,https://www.CLIENT_X.bg/c-e/ho/coffee/lattego-series.html,Existing CM Trackers-Found,,,,,
www.CLIENT_X.bg,Essential cookies,CLIENT_X - Bulgaria,HTTP Cookie,bench_new_T3_5014,,365,TRUE,https://www.CLIENT_X.bg/,Existing CM Trackers-Found,,,,,
www.CLIENT_X.bg,Essential cookies,CLIENT_X - Bulgaria,ETag,bench_new_T3_5172,,,TRUE,http://www.CLIENT_X.bg/,Existing CM Trackers-Found,,,,,
apps.bazaarvoice.com,Performance cookies,"Bazaarvoice, Inc.",JavaScript,bench_new_T3_5364,,,TRUE,https://www.CLIENT_X.bg/c-e/ho/coffee-category.html,Existing CM Trackers-Found,,,,,
www.lighting.CLIENT_X.bg,Essential cookies,Signify (formerly CLIENT_X Lighting),HTTP Cookie,bench_new_T3_6333,,,,,Existing CM Trackers-Not Found,,,,,
*.analytics.org.coveo.com,Performance cookies,Coveo Solutions Inc.,Beacon,bench_new_T3_5723,,,,https://www.CLIENT_X.bg/c-w/search.html,New Third Party Trackers,,,,,
*.org.coveo.com,Performance cookies,Coveo Solutions Inc.,Beacon,bench_new_T3_6097,,,,https://www.CLIENT_X.bg/c-w/search.html,New Third Party Trackers,,,,,
CLIENT_X.bg,Essential cookies,CLIENT_X - Bulgaria,HTTP Cookie,bench_new_T3_4941,,,,,Existing CM Trackers-Not Found,,,,,
www.googleadservices.com,Targeted Advertising cookies (including social media),Google Advertising Products,ETag,bench_new_T3_4982,,,,,Existing CM Trackers-Not Found,,,,,
doubleclick.net,Targeted Advertising cookies (including social media),Google Advertising Products,HTTP Cookie,bench_new_T3_5332,,29,TRUE,https://www.CLIENT_X.bg/,Existing CM Trackers-Found,,,,,
dev.CLIENT_X.si,Essential cookies (exempt from consent),CLIENT_X - Slovenia,HTTP Cookie,user_country,,bench_update_duration,,,Existing CM Trackers-Not Found,,,,,
*.t.eloqua.com,Performance cookies,Oracle Marketing,Beacon,bench_new_T3_5026,,,,https://www.CLIENT_X.bg/healthcare,New Third Party Trackers,,,,,
CLIENT_X.bg,Essential cookies,CLIENT_X - Bulgaria,HTTP Cookie,bench_new_T3_4852,,400,TRUE,https://www.CLIENT_X.bg/,Existing CM Trackers-Found,,,,,
stats.g.doubleclick.net,Targeted Advertising cookies (including social media),Google Advertising Products,Beacon,bench_new_T3_5985,,,TRUE,http://www.CLIENT_X.bg/,Existing CM Trackers-Found,,,,,
eloqua.com,Essential cookies,Oracle Marketing,HTTP Cookie,bench_new_T3_4928,,393,TRUE,https://www.CLIENT_X.bg/healthcare,Existing CM Trackers-Found,,,,,
www.CLIENT_X.com,Essential cookies,Koninklijke CLIENT_X N.V.,ETag,bench_new_T3_5257,,,TRUE,https://www.CLIENT_X.bg/healthcare/education-resources/publications/fieldstrength?npagination=0,Existing CM Trackers-Found,,,,,
www.static.accounts.CLIENT_X.com,Essential cookies,Koninklijke CLIENT_X N.V.,JavaScript,bench_new_T3_5619,,,TRUE,https://www.CLIENT_X.bg/myCLIENT_X#/register-new-product/form/QP6541_15,Existing CM Trackers-Found,,,,,
*.casalemedia.com,Targeted Advertising cookies (including social media),Index Exchange Inc.,Beacon,bench_new_T3_6264,,,,https://www.CLIENT_X.bg/a-w/cookie-notice,Existing CM Trackers-Found,,,,,
*.fls.doubleclick.net,Targeted Advertising cookies (including social media),Google Advertising Products,Beacon,bench_new_T3_5254,,,,,Existing CM Trackers-Not Found,,,,,
www.CLIENT_X.bg,Essential cookies,CLIENT_X - Bulgaria,HTTP Cookie,bench_new_T3_6204,,365,TRUE,https://www.CLIENT_X.bg/,Existing CM Trackers-Found,,,,,
www.google.com,Targeted Advertising cookies (including social media),Google Inc.,JavaScript,bench_new_T3_4862,,,TRUE,https://www.CLIENT_X.bg/c-m-ho/vacuum-cleaner-accessories,Existing CM Trackers-Found,,,,,
dpm.demdex.net,Targeted Advertising cookies (including social media),"Adobe Audience Manager, Adobe Experience Cloud",HTTP Cookie,_ga_failed_lookup_marker_3_1161,,,,,Existing CM Trackers-Not Found,,,,,
www.CLIENT_X.bg,Essential cookies,CLIENT_X - Bulgaria,HTTP Cookie,_ga_failed_lookup_marker_3_1162,,0,,https://www.CLIENT_X.bg/,New First Party Trackers,,,,,
www.lighting.CLIENT_X.bg,Essential cookies,Signify (formerly CLIENT_X Lighting),HTTP Cookie,bench_new_T3_6008,,,,,Existing CM Trackers-Not Found,,,,,
CLIENT_X.com,Essential cookies (exempt from consent),Koninklijke CLIENT_X N.V.,HTTP Cookie,s_vtime,,bench_update_duration,TRUE,https://www.CLIENT_X.bg/,Existing CM Trackers-Found,,,,,
www.CLIENT_X.bg,Performance cookies,CLIENT_X - Bulgaria,HTTP Cookie,bench_new_T3_5897,,,,,Existing CM Trackers-Not Found,,,,,
CLIENT_X.bg,Essential cookies,CLIENT_X - Bulgaria,Local Storage,bench_new_T3_5281,,,TRUE,https://www.CLIENT_X.bg/c-w/support-home/support-contact-page,Existing CM Trackers-Found,,,,,
lightset-creator.lighting.CLIENT_X.com,Targeted Advertising cookies (including social media),Koninklijke CLIENT_X N.V.,Local Storage,bench_new_T3_6084,,,,,Existing CM Trackers-Not Found,,,,,
*.mktoweb.com,Targeted Advertising cookies (including social media),Marketo,JavaScript,bench_new_T3_4887,,,,,Existing CM Trackers-Not Found,,,,,
sc-static.net,Targeted Advertising cookies (including social media),Snap Inc.,JavaScript,bench_new_T3_5674,,,TRUE,https://www.CLIENT_X.bg/c-e/ho/air-purifier-and-air-humidifier/air-care.html,Existing CM Trackers-Found,,,,,
i.ytimg.com,Targeted Advertising cookies (including social media),Google Inc.,ETag,bench_new_T3_5287,,,TRUE,https://www.CLIENT_X.bg/c-m-ho/coffee/support-for-coffee-machine,Existing CM Trackers-Found,,,,,
www.photometrics.lighting.CLIENT_X.com,Targeted Advertising cookies (including social media),Koninklijke CLIENT_X N.V.,JavaScript,bench_new_T3_5010,,,,,Existing CM Trackers-Not Found,,,,,
CLIENT_X.bg,Essential cookies,CLIENT_X - Bulgaria,HTTP Cookie,bench_new_T3_5739,,,,,Existing CM Trackers-Not Found,,,,,
*.casalemedia.com,Targeted Advertising cookies (including social media),Index Exchange Inc.,Beacon,bench_new_T3_5960,,,,https://www.CLIENT_X.bg/a-w/cookie-notice,Existing CM Trackers-Found,,,,,
CLIENT_X.bg,Essential cookies,CLIENT_X - Bulgaria,HTTP Cookie,bench_new_T3_4970,,,,,Existing CM Trackers-Not Found,,,,,
CLIENT_Xlighting.d3.sc.omtrdc.net,Performance cookies,"Adobe Audience Manager, Adobe Experience Cloud",JavaScript,bench_new_T3_5740,,,,,Existing CM Trackers-Not Found,,,,,
CLIENT_X.bg,Essential cookies,CLIENT_X - Bulgaria,HTTP Cookie,_ga_failed_lookup_marker_3_1176,,,,,Existing CM Trackers-Not Found,,,,,
www.CLIENT_X.bg,Essential cookies,CLIENT_X - Bulgaria,HTTP Cookie,bench_new_T3_5455,,7,,https://www.CLIENT_X.bg/,New First Party Trackers,,,,,
CLIENT_X.bg,Essential cookies,CLIENT_X - Bulgaria,HTTP Cookie,bench_new_T3_5618,,393,TRUE,https://www.CLIENT_X.bg/,Existing CM Trackers-Found,,,,,
www.CLIENT_X.bg,Essential cookies,CLIENT_X - Bulgaria,HTTP Cookie,bench_new_T3_6090,,0,TRUE,https://www.CLIENT_X.bg/,Existing CM Trackers-Found,,,,,
images.CLIENT_X.com,Essential cookies,Koninklijke CLIENT_X N.V.,JavaScript,bench_new_T3_6148,,,TRUE,https://www.CLIENT_X.bg/healthcare/product/HC881101,Existing CM Trackers-Found,,,,,
CLIENT_X.com.ar,Essential cookies (exempt from consent),CLIENT_X - Argentina,HTTP Cookie,mbox,,session,TRUE,https://www.CLIENT_X.bg/c-e/ho/air-purifier-and-air-humidifier/air-care.html,Existing CM Trackers-Found,,,,,
CLIENT_X.ro,Essential cookies (exempt from consent),CLIENT_X - Romania,HTTP Cookie,s_ugv,,,TRUE,https://www.CLIENT_X.bg/healthcare/education-resources/publications/fieldstrength?npagination=0,Existing CM Trackers-Found,,,,,
CLIENT_X.co.il,Essential cookies (exempt from consent),CLIENT_X - Israel,HTTP Cookie,s_campaign,,,,,Existing CM Trackers-Not Found,,,,,
dsum-sec.casalemedia.com,Targeted Advertising cookies (including social media),Index Exchange Inc.,Beacon,bench_new_T3_5657,,,TRUE,https://www.CLIENT_X.bg/a-w/cookie-notice,Existing CM Trackers-Found,,,,,
CLIENT_X.lt,Essential cookies (exempt from consent),CLIENT_X - Lithuania,HTTP Cookie,s_gnr,,bench_update_duration,,,Existing CM Trackers-Not Found,,,,,
www.CLIENT_X.com,Essential cookies,Koninklijke CLIENT_X N.V.,ETag,_ga_failed_lookup_marker_3_1186,,,TRUE,https://www.CLIENT_X.bg/healthcare/education-resources/publications/fieldstrength?npagination=0,Existing CM Trackers-Found,,,,,
www.CLIENT_X.bg,Essential cookies,CLIENT_X - Bulgaria,HTTP Cookie,bench_new_T3_5326,,,,,Existing CM Trackers-Not Found,,,,,
*.en25.com,Targeted Advertising cookies (including social media),Oracle Marketing,JavaScript,bench_new_T3_5263,,,,https://www.CLIENT_X.bg/c-m-ho/food-preparation/liquid-health/vacuum-blender,Existing CM Trackers-Found,,,,,
www.gstatic.com,Performance cookies,Google Inc.,JavaScript,bench_new_T3_5293,,,TRUE,https://www.CLIENT_X.bg/c-m-ho/vacuum-cleaner-accessories,Existing CM Trackers-Found,,,,,
www.lighting.CLIENT_X.bg,Essential cookies,Signify (formerly CLIENT_X Lighting),HTTP Cookie,_ga_failed_lookup_marker_3_1190,,,,,Existing CM Trackers-Not Found,,,,,
*.mktoweb.com,Targeted Advertising cookies (including social media),Marketo,HTTP Cookie,bench_new_T3_4826,,,,,Existing CM Trackers-Not Found,,,,,
snap.licdn.com,Performance cookies,LinkedIn,JavaScript,bench_new_T3_5943,,,TRUE,https://www.CLIENT_X.bg/c-e/ho/air-purifier-and-air-humidifier/air-care.html,Existing CM Trackers-Found,,,,,
CLIENT_X.bg,Essential cookies,CLIENT_X - Bulgaria,HTTP Cookie,bench_new_T3_5370,,,,,Existing CM Trackers-Not Found,,,,,
CLIENT_Xb2c.my.site.com,Performance cookies,"Salesforce.com, Inc.",ETag,bench_new_T3_6385,,,TRUE,https://www.CLIENT_X.bg/c-w/support-home/support-contact-page,Existing CM Trackers-Found,,,,,
lighting.CLIENT_X.bg,Essential cookies,Signify (formerly CLIENT_X Lighting),Local Storage,bench_new_T3_5573,,,,,Existing CM Trackers-Not Found,,,,,
cdnjs.cloudflare.com,Performance cookies,Cloudflare,ETag,bench_new_T3_5941,,,,,Existing CM Trackers-Not Found,,,,,
www.photometrics.lighting.CLIENT_X.com,Targeted Advertising cookies (including social media),Koninklijke CLIENT_X N.V.,ETag,bench_new_T3_5828,,,,,Existing CM Trackers-Not Found,,,,,
nebula-cdn.kampyle.com,Performance cookies,Medallia,ETag,bench_new_T3_5489,,,TRUE,http://www.CLIENT_X.bg/,Existing CM Trackers-Found,,,,,
munchkin.marketo.net,Targeted Advertising cookies (including social media),Marketo,JavaScript,bench_new_T3_6286,,,,,Existing CM Trackers-Not Found,,,,,
apps.bazaarvoice.com,Performance cookies,"Bazaarvoice, Inc.",ETag,bench_new_T3_5615,,,TRUE,https://www.CLIENT_X.bg/c-e/ho/coffee-category.html,Existing CM Trackers-Found,,,,,
dsum-sec.casalemedia.com,Targeted Advertising cookies (including social media),Index Exchange Inc.,Beacon,bench_new_T3_5938,,,TRUE,https://www.CLIENT_X.bg/a-w/cookie-notice,Existing CM Trackers-Found,,,,,
www.CLIENT_X.bg,Essential cookies,CLIENT_X - Bulgaria,HTTP Cookie,bench_new_T3_5797,,,,,Existing CM Trackers-Not Found,,,,,
maps.googleapis.com,Targeted Advertising cookies (including social media),Google Inc.,ETag,bench_new_T3_6391,,,TRUE,https://www.CLIENT_X.bg/healthcare/about/distributors,Existing CM Trackers-Found,,,,,
www.CLIENT_X.bg,Essential cookies,CLIENT_X - Bulgaria,HTTP Cookie,bench_new_T3_6295,,0,TRUE,https://www.CLIENT_X.bg/,Existing CM Trackers-Found,,,,,
CLIENT_X.bg,Essential cookies,CLIENT_X - Bulgaria,HTTP Cookie,bench_new_T3_5631,,,,https://www.CLIENT_X.bg/,Existing CM Trackers-Found,,,,,
dpm.demdex.net,Targeted Advertising cookies (including social media),"Adobe Audience Manager, Adobe Experience Cloud",HTTP Cookie,_ga_failed_lookup_marker_3_1206,,,,,Existing CM Trackers-Not Found,,,,,
images.CLIENT_X.com,Essential cookies,Koninklijke CLIENT_X N.V.,ETag,bench_new_T3_5058,,,TRUE,https://www.CLIENT_X.bg/c-e/pe/CLIENT_X-oneblade-intimate.html,Existing CM Trackers-Found,,,,,
recaptcha.net,Performance cookies,Google Inc.,Local Storage,bench_new_T3_5232,,,,,Existing CM Trackers-Not Found,,,,,
maps.googleapis.com,Targeted Advertising cookies (including social media),Google Inc.,JavaScript,bench_new_T3_6392,,,TRUE,https://www.CLIENT_X.bg/healthcare/about/distributors,Existing CM Trackers-Found,,,,,
www.lightset-creator.lighting.CLIENT_X.com,Targeted Advertising cookies (including social media),Signify (formerly CLIENT_X Lighting),JavaScript,bench_new_T3_5453,,,,,Existing CM Trackers-Not Found,,,,,
www.photometrics.lighting.CLIENT_X.com,Targeted Advertising cookies (including social media),Koninklijke CLIENT_X N.V.,ETag,bench_new_T3_4957,,,,,Existing CM Trackers-Not Found,,,,,
tag-logger.demandbase.com,Targeted Advertising cookies (including social media),"Demandbase, Inc.",ETag,bench_new_T3_6281,,,,https://www.CLIENT_X.bg/healthcare/clinical-solutions/alarm-management,New Third Party Trackers,,,,,
www.CLIENT_X.bg,Essential cookies,CLIENT_X - Bulgaria,HTTP Cookie,bench_new_T3_6261,,0,TRUE,https://www.CLIENT_X.bg/,Existing CM Trackers-Found,,,,,
www.lighting.CLIENT_X.com,Performance cookies,Signify (formerly CLIENT_X Lighting),ETag,bench_new_T3_5086,,,,,Existing CM Trackers-Not Found,,,,,
acdn-digitaltrans-01-p.azureedge.net,Targeted Advertising cookies (including social media),Microsoft,JavaScript,bench_new_T3_5180,,,TRUE,https://www.CLIENT_X.bg/c-m-pe/toothbrush-heads/diamondclean/latest,Existing CM Trackers-Found,,,,,
linkedin.com,Targeted Advertising cookies (including social media),LinkedIn,HTTP Cookie,bench_new_T3_5112,,365,TRUE,https://www.CLIENT_X.bg/c-e/ho/air-purifier-and-air-humidifier/air-care.html,Existing CM Trackers-Found,,,,,
cdnjs.cloudflare.com,Performance cookies,Cloudflare,ETag,bench_new_T3_5491,,,,,Existing CM Trackers-Not Found,,,,,
tremorhub.com,Targeted Advertising cookies (including social media),"Magnite CTV, Inc.",HTTP Cookie,bench_new_T3_5880,,400,TRUE,https://www.CLIENT_X.bg/a-w/cookie-notice,Existing CM Trackers-Found,,,,,
assets.adoberesources.net,Performance cookies,Adobe Inc.,ETag,bench_new_T3_6285,,,,,Existing CM Trackers-Not Found,,,,,
*.t.eloqua.com,Performance cookies,Oracle Marketing,JavaScript,bench_new_T3_4820,,,,https://www.CLIENT_X.bg/healthcare,New Third Party Trackers,,,,,
eloqua.com,Targeted Advertising cookies (including social media),Oracle Marketing,HTTP Cookie,bench_new_T3_5005,,393,TRUE,https://www.CLIENT_X.bg/healthcare,Existing CM Trackers-Found,,,,,
CLIENT_X.sk,Essential cookies (exempt from consent),CLIENT_X - Slovakia,HTTP Cookie,s_cm,,,,,Existing CM Trackers-Not Found,,,,,
company-target.com,Targeted Advertising cookies (including social media),"Demandbase, Inc.",HTTP Cookie,bench_new_T3_5918,,396,TRUE,https://www.CLIENT_X.bg/a-w/cookie-notice,Existing CM Trackers-Found,,,,,
sc-static.net,Targeted Advertising cookies (including social media),Snap Inc.,JavaScript,bench_new_T3_5803,,,TRUE,https://www.CLIENT_X.bg/c-e/ho/air-purifier-and-air-humidifier/air-care.html,Existing CM Trackers-Found,,,,,
*.mktoweb.com,Targeted Advertising cookies (including social media),Marketo,HTTP Cookie,bench_new_T3_5315,,,,,Existing CM Trackers-Not Found,,,,,
CLIENT_X.bg,Essential cookies,CLIENT_X - Bulgaria,HTTP Cookie,bench_new_T3_5820,,90,,https://www.CLIENT_X.bg/,New First Party Trackers,,,,,
td.yieldify.com,Targeted Advertising cookies (including social media),Yieldify,JavaScript,_ga_failed_lookup_marker_3_1227,,,,,Existing CM Trackers-Not Found,,,,,
ajax.googleapis.com,Performance cookies,Google Inc.,JavaScript,bench_new_T3_6316,,,,,Existing CM Trackers-Not Found,,,,,
apps.bazaarvoice.com,Performance cookies,"Bazaarvoice, Inc.",ETag,bench_new_T3_5344,,,TRUE,https://www.CLIENT_X.bg/c-e/ho/coffee-category.html,Existing CM Trackers-Found,,,,,
www.lighting.CLIENT_X.com,Performance cookies,Signify (formerly CLIENT_X Lighting),JavaScript,bench_new_T3_5587,,,,,Existing CM Trackers-Not Found,,,,,
CLIENT_X.bg,Targeted Advertising cookies (including social media),CLIENT_X - Bulgaria,HTTP Cookie,bench_new_T3_5752,,90,TRUE,https://www.CLIENT_X.bg/,Existing CM Trackers-Found,,,,,
tracker-detail-page.trustarc.com,Essential cookies,TrustArc,JavaScript,bench_new_T3_5540,,,,https://www.CLIENT_X.bg/a-w/cookie-notice,New Third Party Trackers,,,,,
CLIENT_X.de,Essential cookies (exempt from consent),CLIENT_X - Germany,HTTP Cookie,com.adobe.alloy.getTld,,,TRUE,https://www.CLIENT_X.bg/c-e/ho/air-purifier-and-air-humidifier/air-care.html,Existing CM Trackers-Found,,,,,
pages.information.signify.com,Performance cookies,Signify (formerly CLIENT_X Lighting),ETag,bench_new_T3_5443,,,,,Existing CM Trackers-Not Found,,,,,
cdn.jsdelivr.net,Performance cookies,Volentio JSD Limited,ETag,_ga_failed_lookup_marker_3_1235,,,,,Existing CM Trackers-Not Found,,,,,
tag-logger.demandbase.com,Targeted Advertising cookies (including social media),"Demandbase, Inc.",ETag,bench_new_T3_5792,,,,https://www.CLIENT_X.bg/healthcare/clinical-solutions/alarm-management,New Third Party Trackers,,,,,
www.googleadservices.com,Targeted Advertising cookies (including social media),Google Advertising Products,ETag,bench_new_T3_5309,,,,,Existing CM Trackers-Not Found,,,,,
www.saude.CLIENT_X.com.br,Essential cookies (exempt from consent),CLIENT_X - Brazil,HTTP Cookie,checkout.vtex.com,,,TRUE,http://www.CLIENT_X.bg/,Existing CM Trackers-Found,,,,,
beacon.speedcurve.com,Performance cookies,Speedcurve,Beacon,bench_new_T3_5997,,,,https://www.CLIENT_X.bg/c-m-au/car-lights,New Third Party Trackers,,,,,
*.mktoweb.com,Targeted Advertising cookies (including social media),Marketo,HTTP Cookie,bench_new_T3_6365,,,,,Existing CM Trackers-Not Found,,,,,
img.en25.com,Targeted Advertising cookies (including social media),Oracle Marketing,JavaScript,bench_new_T3_6197,,,TRUE,https://www.CLIENT_X.bg/c-m-ho/food-preparation/liquid-health/vacuum-blender,Existing CM Trackers-Found,,,,,
www.lighting.CLIENT_X.bg,Essential cookies,Signify (formerly CLIENT_X Lighting),HTTP Cookie,bench_new_T3_5545,,,,,Existing CM Trackers-Not Found,,,,,
www.maxosfusionconfigurator.lighting.CLIENT_X.com,Performance cookies,Koninklijke CLIENT_X N.V.,ETag,bench_new_T3_5934,,,,,Existing CM Trackers-Not Found,,,,,
pages.information.signify.com,Performance cookies,Signify (formerly CLIENT_X Lighting),JavaScript,bench_new_T3_5606,,,,,Existing CM Trackers-Not Found,,,,,
www.lightset-creator.lighting.CLIENT_X.com,Targeted Advertising cookies (including social media),Signify (formerly CLIENT_X Lighting),JavaScript,bench_new_T3_5574,,,,,Existing CM Trackers-Not Found,,,,,
pages.information.signify.com,Performance cookies,Signify (formerly CLIENT_X Lighting),ETag,bench_new_T3_5437,,,,,Existing CM Trackers-Not Found,,,,,
CLIENT_X.bg,Essential cookies,CLIENT_X - Bulgaria,HTTP Cookie,bench_new_T3_5576,,400,TRUE,https://www.CLIENT_X.bg/,Existing CM Trackers-Found,,,,,
www.CLIENT_X.no,Essential cookies (exempt from consent),CLIENT_X - Norway,HTTP Cookie,kampyleUserSessionsCount,,,,,Existing CM Trackers-Not Found,,,,,
sc-static.net,Targeted Advertising cookies (including social media),Snap Inc.,JavaScript,_ga_failed_lookup_marker_3_1249,,,TRUE,https://www.CLIENT_X.bg/c-e/ho/air-purifier-and-air-humidifier/air-care.html,Existing CM Trackers-Found,,,,,
CLIENT_X.bg,Essential cookies,CLIENT_X - Bulgaria,HTTP Cookie,bench_new_T3_5123,,session,TRUE,https://www.CLIENT_X.bg/,Existing CM Trackers-Found,,,,,
sc-static.net,Targeted Advertising cookies (including social media),Snap Inc.,JavaScript,bench_new_T3_5944,,,TRUE,https://www.CLIENT_X.bg/c-e/ho/air-purifier-and-air-humidifier/air-care.html,Existing CM Trackers-Found,,,,,
www.CLIENT_X.bg,Essential cookies,CLIENT_X - Bulgaria,HTTP Cookie,bench_new_T3_5782,,365,TRUE,https://www.CLIENT_X.bg/,Existing CM Trackers-Found,,,,,
eloqua.com,Essential cookies,Oracle Marketing,HTTP Cookie,bench_new_T3_4804,,393,TRUE,https://www.CLIENT_X.bg/healthcare,Existing CM Trackers-Found,,,,,
CLIENT_Xtest.scene7.com,Performance cookies,Adobe Experience Cloud - Experience Manager,ETag,bench_new_T3_4964,,,TRUE,https://www.CLIENT_X.bg/c-u/at_book_618014/UserManual_CLIENT_XOneBlade,Existing CM Trackers-Found,,,,,
tag-logger.demandbase.com,Targeted Advertising cookies (including social media),"Demandbase, Inc.",ETag,bench_new_T3_5212,,,,https://www.CLIENT_X.bg/healthcare/clinical-solutions/alarm-management,New Third Party Trackers,,,,,
youtube.com,Targeted Advertising cookies (including social media),Google Advertising Products,HTTP Cookie,bench_new_T3_6066,,180,TRUE,https://www.CLIENT_X.bg/c-e/au/automotive-articles?npagination=0,Existing CM Trackers-Found,,,,,
www.CLIENT_X.ie,Essential cookies (exempt from consent),CLIENT_X - Ireland,HTTP Cookie,p-gc35,,bench_update_duration,,,Existing CM Trackers-Not Found,,,,,
lighting.CLIENT_X.bg,Essential cookies,Signify (formerly CLIENT_X Lighting),Local Storage,bench_new_T3_5416,,,,,Existing CM Trackers-Not Found,,,,,
sc-static.net,Targeted Advertising cookies (including social media),Snap Inc.,ETag,bench_new_T3_5429,,,TRUE,https://www.CLIENT_X.bg/c-e/ho/coffee/lattego-series.html,Existing CM Trackers-Found,,,,,
lighting.CLIENT_X.bg,Essential cookies,Signify (formerly CLIENT_X Lighting),Local Storage,bench_new_T3_6308,,,,,Existing CM Trackers-Not Found,,,,,
CLIENT_X.com,Essential cookies,Koninklijke CLIENT_X N.V.,HTTP Cookie,_ga_failed_lookup_marker_3_1261,,,,,Existing CM Trackers-Not Found,,,,,
*.t.eloqua.com,Performance cookies,Oracle Marketing,Beacon,bench_new_T3_5450,,,,https://www.CLIENT_X.bg/healthcare,New Third Party Trackers,,,,,
www.lighting.CLIENT_X.bg,Essential cookies,Signify (formerly CLIENT_X Lighting),HTTP Cookie,bench_new_T3_5873,,,,,Existing CM Trackers-Not Found,,,,,
www.conversiontool.lighting.CLIENT_X.com,Targeted Advertising cookies (including social media),Signify (formerly CLIENT_X Lighting),JavaScript,bench_new_T3_4948,,,,,Existing CM Trackers-Not Found,,,,,
doubleclick.net,Targeted Advertising cookies (including social media),Google Advertising Products,HTTP Cookie,bench_new_T3_5082,,,,,Existing CM Trackers-Not Found,,,,,
CLIENT_X.bg,Essential cookies,CLIENT_X - Bulgaria,HTTP Cookie,bench_new_T3_4896,,session,TRUE,https://www.CLIENT_X.bg/,Existing CM Trackers-Found,,,,,
td.yieldify.com,Targeted Advertising cookies (including social media),Yieldify,JavaScript,bench_new_T3_5434,,,,,Existing CM Trackers-Not Found,,,,,
consent.trustarc.com,Essential cookies,TrustArc,Beacon,bench_new_T3_6020,,,TRUE,http://www.CLIENT_X.bg/,Existing CM Trackers-Found,,,,,
*.t.eloqua.com,Performance cookies,Oracle Marketing,Beacon,bench_new_T3_5495,,,,https://www.CLIENT_X.bg/healthcare,New Third Party Trackers,,,,,
CLIENT_X.bg,Essential cookies,CLIENT_X - Bulgaria,HTTP Cookie,bench_new_T3_5077,,400,TRUE,https://www.CLIENT_X.bg/,Existing CM Trackers-Found,,,,,
www.CLIENT_X.bg,Essential cookies,CLIENT_X - Bulgaria,HTTP Cookie,bench_new_T3_5396,,7,,https://www.CLIENT_X.bg/,New First Party Trackers,,,,,
code.jquery.com,Performance cookies,jQuery,JavaScript,bench_new_T3_5983,,,,,Existing CM Trackers-Not Found,,,,,
www.CLIENT_X.bg,Essential cookies,CLIENT_X - Bulgaria,HTTP Cookie,bench_new_T3_5732,,10,TRUE,https://www.CLIENT_X.bg/,Existing CM Trackers-Found,,,,,
www.CLIENT_X.bg,Essential cookies,CLIENT_X - Bulgaria,HTTP Cookie,bench_new_T3_5823,,0,,https://www.CLIENT_X.bg/,New First Party Trackers,,,,,
www.conversiontool.lighting.CLIENT_X.com,Targeted Advertising cookies (including social media),Signify (formerly CLIENT_X Lighting),JavaScript,bench_new_T3_5666,,,,,Existing CM Trackers-Not Found,,,,,
www.lighting.CLIENT_X.com.ph,Essential cookies (exempt from consent),CLIENT_X - Philippines,HTTP Cookie,s_as,,bench_update_duration,,,Existing CM Trackers-Not Found,,,,,
www.CLIENT_X-hue.com,Performance cookies,CLIENT_X Hue,ETag,bench_new_T3_4803,,,,,Existing CM Trackers-Not Found,,,,,
cdn.mouseflow.com,Performance cookies,Mouseflow,ETag,bench_new_T3_5635,,,,https://www.CLIENT_X.bg/c-e/pe/oral-healthcare.html,New Third Party Trackers,,,,,
CLIENT_X.bg,Performance cookies,CLIENT_X - Bulgaria,HTTP Cookie,bench_new_T3_6212,,,,,Existing CM Trackers-Not Found,,,,,
CLIENT_X.es,Essential cookies (exempt from consent),CLIENT_X - Spain,HTTP Cookie,_yi,,bench_update_duration,TRUE,https://www.CLIENT_X.bg/,Existing CM Trackers-Found,,,,,
CLIENT_X.bg,Essential cookies,CLIENT_X - Bulgaria,HTTP Cookie,bench_new_T3_5018,,session,TRUE,https://www.CLIENT_X.bg/,Existing CM Trackers-Found,,,,,
analytics.tiktok.com,Targeted Advertising cookies (including social media),TikTok,Beacon,bench_new_T3_4823,,,TRUE,http://www.CLIENT_X.bg/,Existing CM Trackers-Found,,,,,
CLIENT_X.bg,Essential cookies,CLIENT_X - Bulgaria,HTTP Cookie,bench_new_T3_5444,,400,,https://www.CLIENT_X.bg/,New First Party Trackers,,,,,
www.gstatic.com,Performance cookies,Google Inc.,JavaScript,_ga_failed_lookup_marker_3_1284,,,TRUE,https://www.CLIENT_X.bg/c-m-ho/vacuum-cleaner-accessories,Existing CM Trackers-Found,,,,,
cdn.speedcurve.com,Performance cookies,Speedcurve,JavaScript,_ga_failed_lookup_marker_3_1285,,,,http://www.CLIENT_X.bg/,New Third Party Trackers,,,,,
region1.google-analytics.com,Performance cookies,Google Inc.,HTTP Cookie,bench_new_T3_5069,,,,,Existing CM Trackers-Not Found,,,,,
youtube.com,Targeted Advertising cookies (including social media),Google Advertising Products,HTTP Cookie,bench_new_T3_5340,,180,TRUE,https://www.CLIENT_X.bg/c-e/au/automotive-articles?npagination=0,Existing CM Trackers-Found,,,,,
cdn.jsdelivr.net,Performance cookies,Volentio JSD Limited,JavaScript,bench_new_T3_5891,,,,,Existing CM Trackers-Not Found,,,,,
www.lightset-creator.lighting.CLIENT_X.com,Targeted Advertising cookies (including social media),Signify (formerly CLIENT_X Lighting),ETag,bench_new_T3_5160,,,,,Existing CM Trackers-Not Found,,,,,
www.google.com,Targeted Advertising cookies (including social media),Google Inc.,JavaScript,bench_new_T3_5633,,,TRUE,https://www.CLIENT_X.bg/c-m-ho/vacuum-cleaner-accessories,Existing CM Trackers-Found,,,,,
CLIENT_X.bg,Essential cookies,CLIENT_X - Bulgaria,HTTP Cookie,bench_new_T3_6195,,,,,Existing CM Trackers-Not Found,,,,,
snapchat.com,Targeted Advertising cookies (including social media),Snap Inc.,HTTP Cookie,_ga_failed_lookup_marker_3_1292,,390,TRUE,https://www.CLIENT_X.bg/c-e/ho/air-purifier-and-air-humidifier/air-care.html,Existing CM Trackers-Found,,,,,
www.lighting.CLIENT_X.com,Performance cookies,Signify (formerly CLIENT_X Lighting),JavaScript,bench_new_T3_5887,,,,,Existing CM Trackers-Not Found,,,,,
*.t.eloqua.com,Performance cookies,Oracle Marketing,Beacon,bench_new_T3_5072,,,,https://www.CLIENT_X.bg/healthcare,New Third Party Trackers,,,,,
company-target.com,Targeted Advertising cookies (including social media),"Demandbase, Inc.",HTTP Cookie,bench_new_T3_4894,,396,TRUE,https://www.CLIENT_X.bg/a-w/cookie-notice,Existing CM Trackers-Found,,,,,
www.CLIENT_X.bg,Essential cookies,CLIENT_X - Bulgaria,HTTP Cookie,bench_new_T3_4944,,,,,Existing CM Trackers-Not Found,,,,,
ad.doubleclick.net,Targeted Advertising cookies (including social media),Google Advertising Products,Beacon,bench_new_T3_5775,,,TRUE,http://www.CLIENT_X.bg/,Existing CM Trackers-Found,,,,,
www.gearselectiontool.lighting.CLIENT_X.com,Performance cookies,Signify (formerly CLIENT_X Lighting),JavaScript,bench_new_T3_6219,,,,,Existing CM Trackers-Not Found,,,,,
CLIENT_X.com.my,Essential cookies (exempt from consent),CLIENT_X - Malaysia,HTTP Cookie,s_vtime,,393,TRUE,https://www.CLIENT_X.bg/healthcare,Existing CM Trackers-Found,,,,,
CLIENT_Xb2c.my.salesforce-scrt.com,Performance cookies,"Salesforce.com, Inc.",Beacon,bench_new_T3_5746,,,,https://www.CLIENT_X.bg/c-w/support-home/support-contact-page,New Third Party Trackers,,,,,
www.lighting.CLIENT_X.com,Performance cookies,Signify (formerly CLIENT_X Lighting),ETag,bench_new_T3_6348,,,,,Existing CM Trackers-Not Found,,,,,
smetrics.marketing.CLIENT_X-hue.com,Targeted Advertising cookies (including social media),CLIENT_X Hue,JavaScript,bench_new_T3_6064,,,,,Existing CM Trackers-Not Found,,,,,
www.CLIENT_X.bg,Essential cookies,CLIENT_X - Bulgaria,HTTP Cookie,bench_new_T3_6357,,7,,https://www.CLIENT_X.bg/,New First Party Trackers,,,,,
tremorhub.com,Targeted Advertising cookies (including social media),"Magnite CTV, Inc.",HTTP Cookie,bench_new_T3_5770,,400,TRUE,https://www.CLIENT_X.bg/a-w/cookie-notice,Existing CM Trackers-Found,,,,,
tiktok.com,Targeted Advertising cookies (including social media),TikTok,HTTP Cookie,bench_new_T3_6174,,90,TRUE,https://www.CLIENT_X.bg/,Existing CM Trackers-Found,,,,,
casalemedia.com,Targeted Advertising cookies (including social media),Index Exchange Inc.,HTTP Cookie,_ga_failed_lookup_marker_3_1306,,365,TRUE,https://www.CLIENT_X.bg/a-w/cookie-notice,Existing CM Trackers-Found,,,,,
CLIENT_X.bg,Essential cookies,CLIENT_X - Bulgaria,HTTP Cookie,bench_new_T3_5784,,session,TRUE,https://www.CLIENT_X.bg/,Existing CM Trackers-Found,,,,,
www.lighting.CLIENT_X.bg,Essential cookies,Signify (formerly CLIENT_X Lighting),HTTP Cookie,bench_new_T3_5390,,,,,Existing CM Trackers-Not Found,,,,,
rendertool.lighting.CLIENT_X.com,Targeted Advertising cookies (including social media),Koninklijke CLIENT_X N.V.,Local Storage,bench_new_T3_5660,,,,,Existing CM Trackers-Not Found,,,,,
www.google.com,Essential cookies,Google Inc.,HTTP Cookie,bench_new_T3_6143,,180,TRUE,https://www.CLIENT_X.bg/c-m-pe/accessories-and-replacements,Existing CM Trackers-Found,,,,,
consent.truste.com,Essential cookies,TrustArc,JavaScript,bench_new_T3_5030,,,,,Existing CM Trackers-Not Found,,,,,
www.CLIENT_X.pt,Essential cookies (exempt from consent),CLIENT_X - Portugal,HTTP Cookie,_sdsat_pgm_optin,,bench_update_duration,TRUE,https://www.CLIENT_X.bg/a-w/cookie-notice,Existing CM Trackers-Found,,,,,
www.gearselectiontool.lighting.CLIENT_X.com,Performance cookies,Signify (formerly CLIENT_X Lighting),JavaScript,bench_new_T3_5300,,,,,Existing CM Trackers-Not Found,,,,,
CLIENT_X.bg,Essential cookies,CLIENT_X - Bulgaria,HTTP Cookie,bench_new_T3_5119,,0,TRUE,https://www.CLIENT_X.bg/,Existing CM Trackers-Found,,,,,
CLIENT_X.bg,Essential cookies,CLIENT_X - Bulgaria,HTTP Cookie,_ga_failed_lookup_marker_3_1315,,0,TRUE,https://www.CLIENT_X.bg/,Existing CM Trackers-Found,,,,,
CLIENT_X.com.eg,Essential cookies (exempt from consent),CLIENT_X - Egypt,HTTP Cookie,_hjTLDTest,,,,,Existing CM Trackers-Not Found,,,,,
assets-v2.yieldify.com,Targeted Advertising cookies (including social media),Yieldify,ETag,bench_new_T3_4884,,,,,Existing CM Trackers-Not Found,,,,,
connect.facebook.net,Targeted Advertising cookies (including social media),Meta (formerly Facebook),JavaScript,_ga_failed_lookup_marker_3_1318,,,TRUE,http://www.CLIENT_X.bg/,Existing CM Trackers-Found,,,,,
demdex.net,Targeted Advertising cookies (including social media),"Adobe Audience Manager, Adobe Experience Cloud",HTTP Cookie,_ga_failed_lookup_marker_3_1319,,,,,Existing CM Trackers-Not Found,,,,,
CLIENT_X.com.sg,Essential cookies (exempt from consent),CLIENT_X - Singapore,HTTP Cookie,s_eVar8,,bench_update_duration,TRUE,https://www.CLIENT_X.bg/healthcare/education-resources/publications/fieldstrength?npagination=0,Existing CM Trackers-Found,,,,,
acdn-digitaltrans-01-p.azureedge.net,Targeted Advertising cookies (including social media),Microsoft,JavaScript,_ga_failed_lookup_marker_3_1321,,,TRUE,https://www.CLIENT_X.bg/c-m-pe/toothbrush-heads/diamondclean/latest,Existing CM Trackers-Found,,,,,
CLIENT_X.bg,Essential cookies,CLIENT_X - Bulgaria,HTTP Cookie,_ga_failed_lookup_marker_3_1322,,0,TRUE,https://www.CLIENT_X.bg/,Existing CM Trackers-Found,,,,,
tag.demandbase.com,Targeted Advertising cookies (including social media),"Demandbase, Inc.",JavaScript,bench_new_T3_5909,,,TRUE,https://www.CLIENT_X.bg/a-w/cookie-notice,Existing CM Trackers-Found,,,,,
www.CLIENT_X.bg,Essential cookies,CLIENT_X - Bulgaria,HTTP Cookie,bench_new_T3_5904,,,,,Existing CM Trackers-Not Found,,,,,
CLIENT_X.no,Essential cookies (exempt from consent),CLIENT_X - Norway,HTTP Cookie,s_eVar8,,,TRUE,https://www.CLIENT_X.bg/a-w/cookie-notice,Existing CM Trackers-Found,,,,,
www.lighting.CLIENT_X.bg,Essential cookies,Signify (formerly CLIENT_X Lighting),HTTP Cookie,bench_new_T3_5815,,,,,Existing CM Trackers-Not Found,,,,,
CLIENT_X.bg,Essential cookies,CLIENT_X - Bulgaria,HTTP Cookie,_ga_failed_lookup_marker_3_1327,,,,,Existing CM Trackers-Not Found,,,,,
doubleclick.net,Targeted Advertising cookies (including social media),Google Advertising Products,HTTP Cookie,bench_new_T3_6208,,29,TRUE,https://www.CLIENT_X.bg/,Existing CM Trackers-Found,,,,,
casalemedia.com,Targeted Advertising cookies (including social media),Index Exchange Inc.,HTTP Cookie,_ga_failed_lookup_marker_3_1329,,90,TRUE,https://www.CLIENT_X.bg/a-w/cookie-notice,Existing CM Trackers-Found,,,,,
www.lighting.CLIENT_X.bg,Essential cookies,Signify (formerly CLIENT_X Lighting),HTTP Cookie,bench_new_T3_5931,,,,,Existing CM Trackers-Not Found,,,,,
www.lightset-creator.lighting.CLIENT_X.com,Targeted Advertising cookies (including social media),Signify (formerly CLIENT_X Lighting),ETag,bench_new_T3_5044,,,,,Existing CM Trackers-Not Found,,,,,
CLIENT_X.co.kr,Essential cookies (exempt from consent),CLIENT_X - Korea,HTTP Cookie,BCSessionID,,bench_update_duration,TRUE,https://www.CLIENT_X.bg/,Existing CM Trackers-Found,,,,,
CLIENT_X.bg,Essential cookies,CLIENT_X - Bulgaria,HTTP Cookie,bench_new_T3_4963,,,,,Existing CM Trackers-Not Found,,,,,
www.googletagmanager.com,Performance cookies,Google Inc.,JavaScript,bench_new_T3_6043,,,TRUE,http://www.CLIENT_X.bg/,Existing CM Trackers-Found,,,,,
cdnjs.cloudflare.com,Performance cookies,Cloudflare,ETag,bench_new_T3_6077,,,,,Existing CM Trackers-Not Found,,,,,
maps.googleapis.com,Targeted Advertising cookies (including social media),Google Inc.,JavaScript,bench_new_T3_5107,,,TRUE,https://www.CLIENT_X.bg/healthcare/about/distributors,Existing CM Trackers-Found,,,,,
www.lightset-creator.lighting.CLIENT_X.com,Targeted Advertising cookies (including social media),Signify (formerly CLIENT_X Lighting),JavaScript,bench_new_T3_5874,,,,,Existing CM Trackers-Not Found,,,,,
ssl-static.janraincapture.com,Performance cookies,Akamai,JavaScript,bench_new_T3_5779,,,TRUE,https://www.CLIENT_X.bg/myCLIENT_X#/register-new-product/form/QP6541_15,Existing CM Trackers-Found,,,,,
CLIENT_X.bg,Essential cookies,CLIENT_X - Bulgaria,HTTP Cookie,bench_new_T3_5889,,,,,Existing CM Trackers-Not Found,,,,,
www.lighting.CLIENT_X.bg,Essential cookies,Signify (formerly CLIENT_X Lighting),ETag,bench_new_T3_4998,,,,,Existing CM Trackers-Not Found,,,,,
www.google.com,Essential cookies,Google Inc.,HTTP Cookie,bench_new_T3_5883,,180,TRUE,https://www.CLIENT_X.bg/c-m-pe/accessories-and-replacements,Existing CM Trackers-Found,,,,,
CLIENT_Xtest.scene7.com,Performance cookies,Adobe Experience Cloud - Experience Manager,ETag,bench_new_T3_5467,,,TRUE,https://www.CLIENT_X.bg/c-u/at_book_618014/UserManual_CLIENT_XOneBlade,Existing CM Trackers-Found,,,,,
demdex.net,Targeted Advertising cookies (including social media),"Adobe Audience Manager, Adobe Experience Cloud",HTTP Cookie,bench_new_T3_5972,,,,,Existing CM Trackers-Not Found,,,,,
observability.prod.bazaarvoice.com,Performance cookies,"Bazaarvoice, Inc.",ETag,bench_new_T3_4956,,,,https://www.CLIENT_X.bg/c-e/ho/coffee-category.html,New Third Party Trackers,,,,,
CLIENT_X.bg,Essential cookies,CLIENT_X - Bulgaria,HTTP Cookie,bench_new_T3_6299,,,,https://www.CLIENT_X.bg/,Existing CM Trackers-Found,,,,,
CLIENT_X.ro,Essential cookies (exempt from consent),CLIENT_X - Romania,HTTP Cookie,internalUserCheck,,bench_update_duration,TRUE,https://www.CLIENT_X.bg/,Existing CM Trackers-Found,,,,,
pages.information.signify.com,Performance cookies,Signify (formerly CLIENT_X Lighting),ETag,bench_new_T3_4854,,,,,Existing CM Trackers-Not Found,,,,,
www.CLIENT_X.bg,Essential cookies,CLIENT_X - Bulgaria,JavaScript,bench_new_T3_5063,,,TRUE,http://www.CLIENT_X.bg/,Existing CM Trackers-Found,,,,,
pages.information.signify.com,Performance cookies,Signify (formerly CLIENT_X Lighting),Local Storage,bench_new_T3_5304,,,,,Existing CM Trackers-Not Found,,,,,
google.com,Performance cookies,Google Inc.,Local Storage,bench_new_T3_5222,,,TRUE,https://www.CLIENT_X.bg/c-m-pe/accessories-and-replacements,Existing CM Trackers-Found,,,,,
www.CLIENT_X-hue.com,Performance cookies,CLIENT_X Hue,ETag,bench_new_T3_4874,,,,,Existing CM Trackers-Not Found,,,,,
doubleclick.net,Targeted Advertising cookies (including social media),Google Advertising Products,HTTP Cookie,bench_new_T3_5260,,,,,Existing CM Trackers-Not Found,,,,,
cdn.mouseflow.com,Performance cookies,Mouseflow,JavaScript,bench_new_T3_4996,,,,https://www.CLIENT_X.bg/c-e/pe/oral-healthcare.html,New Third Party Trackers,,,,,
consent-pref.trustarc.com,Essential cookies,TrustArc,Local Storage,bench_new_T3_5818,,,TRUE,"https://www.CLIENT_X.bg/etc/CLIENT_X/b2c/compareproducts.html?locale=bg_BG&catalog=CONSUMER&ctn=HR2875/00,HR2603/00,HR2602/00",Existing CM Trackers-Found,,,,,
img.en25.com,Targeted Advertising cookies (including social media),Oracle Marketing,JavaScript,bench_new_T3_5708,,,TRUE,https://www.CLIENT_X.bg/c-m-ho/food-preparation/liquid-health/vacuum-blender,Existing CM Trackers-Found,,,,,
www.CLIENT_X.bg,Essential cookies,CLIENT_X - Bulgaria,HTTP Cookie,bench_new_T3_5353,,7,,https://www.CLIENT_X.bg/,New First Party Trackers,,,,,
www.CLIENT_X.bg,Essential cookies,CLIENT_X - Bulgaria,ETag,bench_new_T3_4902,,,TRUE,http://www.CLIENT_X.bg/,Existing CM Trackers-Found,,,,,
www.rendertool.lighting.CLIENT_X.com,Targeted Advertising cookies (including social media),Signify (formerly CLIENT_X Lighting),JavaScript,bench_new_T3_5176,,,,,Existing CM Trackers-Not Found,,,,,
www.lighting.CLIENT_X.es,Essential cookies (exempt from consent),Signify (formerly CLIENT_X Lighting),HTTP Cookie,customer_country,,,TRUE,https://www.CLIENT_X.bg/healthcare/education-resources/publications/fieldstrength?npagination=0,Existing CM Trackers-Found,,,,,
CLIENT_Xb2c.my.site.com,Performance cookies,"Salesforce.com, Inc.",Local Storage,bench_new_T3_6251,,,TRUE,https://www.CLIENT_X.bg/c-w/support-home/support-contact-page,Existing CM Trackers-Found,,,,,
CLIENT_X.co.za,Essential cookies (exempt from consent),CLIENT_X - South Africa,HTTP Cookie,TAsessionID,,bench_update_duration,TRUE,https://www.CLIENT_X.bg/c-e/ho/air-purifier-and-air-humidifier/air-care.html,Existing CM Trackers-Found,,,,,
doubleclick.net,Targeted Advertising cookies (including social media),Google Advertising Products,HTTP Cookie,bench_new_T3_5764,,29,TRUE,https://www.CLIENT_X.bg/,Existing CM Trackers-Found,,,,,
www.gearselectiontool.lighting.CLIENT_X.com,Performance cookies,Signify (formerly CLIENT_X Lighting),ETag,bench_new_T3_4969,,,,,Existing CM Trackers-Not Found,,,,,
lighting.CLIENT_X.bg,Essential cookies,Signify (formerly CLIENT_X Lighting),HTTP Cookie,_ga_failed_lookup_marker_3_1364,,,,,Existing CM Trackers-Not Found,,,,,
www.lightset-creator.lighting.CLIENT_X.com,Targeted Advertising cookies (including social media),Signify (formerly CLIENT_X Lighting),JavaScript,bench_new_T3_6399,,,,,Existing CM Trackers-Not Found,,,,,
assets.adoberesources.net,Performance cookies,Adobe Inc.,JavaScript,bench_new_T3_6079,,,,,Existing CM Trackers-Not Found,,,,,
consent.truste.com,Essential cookies,TrustArc,JavaScript,bench_new_T3_4929,,,,,Existing CM Trackers-Not Found,,,,,
CLIENT_Xb2c.my.site.com,Performance cookies,"Salesforce.com, Inc.",Local Storage,bench_new_T3_6270,,,TRUE,https://www.CLIENT_X.bg/c-w/support-home/support-contact-page,Existing CM Trackers-Found,,,,,
www.crsc.CLIENT_X.com,Targeted Advertising cookies (including social media),Koninklijke CLIENT_X N.V.,ETag,bench_new_T3_5158,,,TRUE,https://www.CLIENT_X.bg/myCLIENT_X#/register-new-product/form/QP6541_15,Existing CM Trackers-Found,,,,,
nova.collect.igodigital.com,Targeted Advertising Cookies (including social media) [Requires consent],Salesforce Marketing Cloud,ETag,-,,bench_update_duration,TRUE,https://www.CLIENT_X.bg/a-w/cookie-notice,Existing CM Trackers-Found,,,,,
www.ledsavingscalculator.CLIENT_X.co.uk,Performance cookies,Signify (formerly CLIENT_X Lighting),ETag,bench_new_T3_5627,,,,,Existing CM Trackers-Not Found,,,,,
*.mktoweb.com,Targeted Advertising cookies (including social media),Marketo,HTTP Cookie,bench_new_T3_5408,,,,,Existing CM Trackers-Not Found,,,,,
CLIENT_X.bg,Essential cookies,CLIENT_X - Bulgaria,HTTP Cookie,bench_new_T3_5347,,,,,Existing CM Trackers-Not Found,,,,,
www.CLIENT_X.bg,Essential cookies,CLIENT_X - Bulgaria,HTTP Cookie,bench_new_T3_6201,,,,,Existing CM Trackers-Not Found,,,,,
www.CLIENT_X.bg,Essential cookies,CLIENT_X - Bulgaria,ETag,bench_new_T3_6368,,,TRUE,http://www.CLIENT_X.bg/,Existing CM Trackers-Found,,,,,
www.CLIENT_X.bg,Essential cookies,CLIENT_X - Bulgaria,HTTP Cookie,bench_new_T3_5842,,10,TRUE,https://www.CLIENT_X.bg/,Existing CM Trackers-Found,,,,,
nebula-cdn.kampyle.com,Performance cookies,Medallia,JavaScript,bench_new_T3_6361,,,TRUE,http://www.CLIENT_X.bg/,Existing CM Trackers-Found,,,,,
www.CLIENT_X.bg,Essential cookies,CLIENT_X - Bulgaria,HTTP Cookie,bench_new_T3_6181,,session,TRUE,https://www.CLIENT_X.bg/,Existing CM Trackers-Found,,,,,
cdn.mouseflow.com,Performance cookies,Mouseflow,JavaScript,bench_new_T3_6234,,,,https://www.CLIENT_X.bg/c-e/pe/oral-healthcare.html,New Third Party Trackers,,,,,
CLIENT_X.bg,Essential cookies,CLIENT_X - Bulgaria,HTTP Cookie,bench_new_T3_5662,,0,TRUE,https://www.CLIENT_X.bg/,Existing CM Trackers-Found,,,,,
youtube.com,Targeted Advertising cookies (including social media),Google Advertising Products,HTTP Cookie,bench_new_T3_6317,,180,,https://www.CLIENT_X.bg/c-e/au/automotive-articles?npagination=0,New Third Party Trackers,,,,,
beacon.speedcurve.com,Performance cookies,Speedcurve,Beacon,bench_new_T3_6175,,,,https://www.CLIENT_X.bg/c-m-au/car-lights,New Third Party Trackers,,,,,
www.lighting.CLIENT_X.com,Performance cookies,Signify (formerly CLIENT_X Lighting),JavaScript,bench_new_T3_6310,,,,,Existing CM Trackers-Not Found,,,,,
CLIENT_X.bg,Essential cookies,CLIENT_X - Bulgaria,HTTP Cookie,_ga_failed_lookup_marker_3_1384,,session,,https://www.CLIENT_X.bg/,New First Party Trackers,,,,,
www.google.com,Targeted Advertising cookies (including social media),Google Inc.,JavaScript,bench_new_T3_5756,,,TRUE,https://www.CLIENT_X.bg/c-m-ho/vacuum-cleaner-accessories,Existing CM Trackers-Found,,,,,
www.google.ie,Targeted Advertising cookies (including social media),Google Inc.,Beacon,bench_new_T3_6188,,,TRUE,http://www.CLIENT_X.bg/,Existing CM Trackers-Found,,,,,
CLIENT_X.bg,Essential cookies,CLIENT_X - Bulgaria,HTTP Cookie,bench_new_T3_5546,,session,TRUE,https://www.CLIENT_X.bg/,Existing CM Trackers-Found,,,,,
c.amazon-adsystem.com,Targeted Advertising cookies (including social media),Amazon Ads,JavaScript,bench_new_T3_6372,,,,,Existing CM Trackers-Not Found,,,,,
smetrics.marketing.lighting.CLIENT_X.com,Targeted Advertising cookies (including social media),Koninklijke CLIENT_X N.V.,JavaScript,bench_new_T3_5788,,,,,Existing CM Trackers-Not Found,,,,,
*.mktoweb.com,Targeted Advertising cookies (including social media),Marketo,Local Storage,bench_new_T3_4899,,,,,Existing CM Trackers-Not Found,,,,,
*.mktoweb.com,Targeted Advertising cookies (including social media),Marketo,Local Storage,bench_new_T3_4808,,,,,Existing CM Trackers-Not Found,,,,,
www.googleadservices.com,Targeted Advertising cookies (including social media),Google Advertising Products,JavaScript,bench_new_T3_5878,,,,,Existing CM Trackers-Not Found,,,,,
raw.githubusercontent.com,Performance cookies,GitHub Inc.,ETag,bench_new_T3_5825,,,TRUE,https://www.CLIENT_X.bg/healthcare/about/distributors,Existing CM Trackers-Found,,,,,
snap.licdn.com,Performance cookies,LinkedIn,JavaScript,bench_new_T3_6390,,,TRUE,https://www.CLIENT_X.bg/c-e/ho/air-purifier-and-air-humidifier/air-care.html,Existing CM Trackers-Found,,,,,
tag.demandbase.com,Targeted Advertising cookies (including social media),"Demandbase, Inc.",ETag,bench_new_T3_5656,,,TRUE,https://www.CLIENT_X.bg/a-w/cookie-notice,Existing CM Trackers-Found,,,,,
www.facebook.com,Targeted Advertising cookies (including social media),Meta (formerly Facebook),Beacon,bench_new_T3_5419,,,TRUE,http://www.CLIENT_X.bg/,Existing CM Trackers-Found,,,,,
CLIENT_X.bg,Essential cookies,CLIENT_X - Bulgaria,HTTP Cookie,bench_new_T3_5268,,,,,Existing CM Trackers-Not Found,,,,,
linkedin.com,Targeted Advertising cookies (including social media),LinkedIn,HTTP Cookie,bench_new_T3_4867,,180,TRUE,https://www.CLIENT_X.bg/c-e/ho/air-purifier-and-air-humidifier/air-care.html,Existing CM Trackers-Found,,,,,
consent.truste.com,Essential cookies,TrustArc,JavaScript,bench_new_T3_5877,,,,,Existing CM Trackers-Not Found,,,,,
tag-logger.demandbase.com,Targeted Advertising cookies (including social media),"Demandbase, Inc.",ETag,bench_new_T3_5550,,,,https://www.CLIENT_X.bg/healthcare/clinical-solutions/alarm-management,New Third Party Trackers,,,,,
www.CLIENT_X.bg,Essential cookies,CLIENT_X - Bulgaria,HTTP Cookie,bench_new_T3_6196,,session,TRUE,https://www.CLIENT_X.bg/,Existing CM Trackers-Found,,,,,
cdn.channelsight.com,Essential cookies,ChannelSight,ETag,bench_new_T3_5090,,,TRUE,https://www.CLIENT_X.bg/c-e/ho/cooking/multicooker-all-in-one.html,Existing CM Trackers-Found,,,,,
tag.demandbase.com,Targeted Advertising cookies (including social media),"Demandbase, Inc.",ETag,bench_new_T3_5124,,,TRUE,https://www.CLIENT_X.bg/a-w/cookie-notice,Existing CM Trackers-Found,,,,,
www.lighting.CLIENT_X.bg,Essential cookies,Signify (formerly CLIENT_X Lighting),HTTP Cookie,bench_new_T3_5033,,,,,Existing CM Trackers-Not Found,,,,,
CLIENT_X.bg,Essential cookies,CLIENT_X - Bulgaria,Local Storage,bench_new_T3_4939,,,TRUE,https://www.CLIENT_X.bg/c-w/support-home/support-contact-page,Existing CM Trackers-Found,,,,,
doubleclick.net,Targeted Advertising cookies (including social media),Google Advertising Products,HTTP Cookie,bench_new_T3_5623,,29,TRUE,https://www.CLIENT_X.bg/,Existing CM Trackers-Found,,,,,
pixel.rubiconproject.com,Targeted Advertising cookies (including social media),"Magnite, Inc.",Beacon,bench_new_T3_4837,,,TRUE,https://www.CLIENT_X.bg/a-w/cookie-notice,Existing CM Trackers-Found,,,,,
*.analytics.org.coveo.com,Performance cookies,Coveo Solutions Inc.,Beacon,bench_new_T3_6111,,,,https://www.CLIENT_X.bg/c-w/search.html,New Third Party Trackers,,,,,
www.assets.lighting.CLIENT_X.com,Performance cookies,Signify (formerly CLIENT_X Lighting),ETag,bench_new_T3_5554,,,,,Existing CM Trackers-Not Found,,,,,
CLIENT_X.bg,Essential cookies,CLIENT_X - Bulgaria,HTTP Cookie,bench_new_T3_5043,,session,TRUE,https://www.CLIENT_X.bg/,Existing CM Trackers-Found,,,,,
www.datadoghq-browser-agent.com,Performance cookies,Datadog,ETag,bench_new_T3_5002,,,,,Existing CM Trackers-Not Found,,,,,
doubleclick.net,Targeted Advertising cookies (including social media),Google Advertising Products,HTTP Cookie,bench_new_T3_5480,,0,TRUE,https://www.CLIENT_X.bg/,Existing CM Trackers-Found,,,,,
maps.googleapis.com,Targeted Advertising cookies (including social media),Google Inc.,ETag,bench_new_T3_6138,,,TRUE,https://www.CLIENT_X.bg/healthcare/about/distributors,Existing CM Trackers-Found,,,,,
www.lighting.CLIENT_X.bg,Essential cookies,Signify (formerly CLIENT_X Lighting),HTTP Cookie,bench_new_T3_5099,,,,,Existing CM Trackers-Not Found,,,,,
CLIENT_X.bg,Essential cookies,CLIENT_X - Bulgaria,HTTP Cookie,bench_new_T3_5558,,393,TRUE,https://www.CLIENT_X.bg/,Existing CM Trackers-Found,,,,,
dpm.demdex.net,Targeted Advertising cookies (including social media),"Adobe Audience Manager, Adobe Experience Cloud",Beacon,bench_new_T3_5361,,,,,Existing CM Trackers-Not Found,,,,,
lighting.CLIENT_X.bg,Essential cookies,Signify (formerly CLIENT_X Lighting),HTTP Cookie,bench_new_T3_5744,,,,,Existing CM Trackers-Not Found,,,,,
www.CLIENT_X.bg,Essential cookies,CLIENT_X - Bulgaria,HTTP Cookie,bench_new_T3_6136,,10,TRUE,https://www.CLIENT_X.bg/,Existing CM Trackers-Found,,,,,
www.ledsavingscalculator.CLIENT_X.co.uk,Performance cookies,Signify (formerly CLIENT_X Lighting),ETag,_ga_failed_lookup_marker_3_1419,,,,,Existing CM Trackers-Not Found,,,,,
www.google.ie,Targeted Advertising cookies (including social media),Google Inc.,Beacon,bench_new_T3_5916,,,TRUE,http://www.CLIENT_X.bg/,Existing CM Trackers-Found,,,,,
consent-st.trustarc.com,Essential cookies,TrustArc,JavaScript,bench_new_T3_5778,,,TRUE,"https://www.CLIENT_X.bg/etc/CLIENT_X/b2c/compareproducts.html?locale=bg_BG&catalog=CONSUMER&ctn=HR2875/00,HR2603/00,HR2602/00",Existing CM Trackers-Found,,,,,
www.google.com,Targeted Advertising cookies (including social media),Google Inc.,JavaScript,bench_new_T3_6011,,,TRUE,https://www.CLIENT_X.bg/c-m-ho/vacuum-cleaner-accessories,Existing CM Trackers-Found,,,,,
youtube.com,Targeted Advertising cookies (including social media),Google Advertising Products,HTTP Cookie,bench_new_T3_6071,,180,TRUE,https://www.CLIENT_X.bg/c-e/au/automotive-articles?npagination=0,Existing CM Trackers-Found,,,,,
CLIENT_X.bg,Essential cookies,CLIENT_X - Bulgaria,HTTP Cookie,_ga_failed_lookup_marker_3_1424,,,,,Existing CM Trackers-Not Found,,,,,
tag.demandbase.com,Targeted Advertising cookies (including social media),"Demandbase, Inc.",ETag,bench_new_T3_5939,,,TRUE,https://www.CLIENT_X.bg/a-w/cookie-notice,Existing CM Trackers-Found,,,,,
www.lighting.CLIENT_X.bg,Essential cookies,Signify (formerly CLIENT_X Lighting),HTTP Cookie,bench_new_T3_5538,,,,,Existing CM Trackers-Not Found,,,,,
c.amazon-adsystem.com,Targeted Advertising cookies (including social media),Amazon Ads,ETag,bench_new_T3_5544,,,,,Existing CM Trackers-Not Found,,,,,
CLIENT_X.bg,Performance cookies,CLIENT_X - Bulgaria,HTTP Cookie,bench_new_T3_5725,,session,TRUE,https://www.CLIENT_X.bg/,Existing CM Trackers-Found,,,,,
*.org.coveo.com,Performance cookies,Coveo Solutions Inc.,Beacon,bench_new_T3_5821,,,,https://www.CLIENT_X.bg/c-w/search.html,New Third Party Trackers,,,,,
fonts.yieldify-production.com,Targeted Advertising cookies (including social media),Yieldify,ETag,bench_new_T3_5530,,,,,Existing CM Trackers-Not Found,,,,,
doubleclick.net,Targeted Advertising cookies (including social media),Google Advertising Products,HTTP Cookie,bench_new_T3_4827,,390,TRUE,https://www.CLIENT_X.bg/,Existing CM Trackers-Found,,,,,
CLIENT_X.bg,Targeted Advertising cookies (including social media),CLIENT_X - Bulgaria,HTTP Cookie,bench_new_T3_5295,,7,TRUE,https://www.CLIENT_X.bg/,Existing CM Trackers-Found,,,,,
www.crsc.CLIENT_X.com,Targeted Advertising cookies (including social media),Koninklijke CLIENT_X N.V.,ETag,bench_new_T3_5110,,,TRUE,https://www.CLIENT_X.bg/myCLIENT_X#/register-new-product/form/QP6541_15,Existing CM Trackers-Found,,,,,
CLIENT_Xb2c.my.site.com,Performance cookies,"Salesforce.com, Inc.",ETag,bench_new_T3_6303,,,TRUE,https://www.CLIENT_X.bg/c-w/support-home/support-contact-page,Existing CM Trackers-Found,,,,,
CLIENT_X.bg,Essential cookies,CLIENT_X - Bulgaria,HTTP Cookie,bench_new_T3_6350,,90,,https://www.CLIENT_X.bg/,New First Party Trackers,,,,,
googleads.g.doubleclick.net,Targeted Advertising cookies (including social media),Google Advertising Products,Beacon,bench_new_T3_6070,,,TRUE,http://www.CLIENT_X.bg/,Existing CM Trackers-Found,,,,,
*.casalemedia.com,Targeted Advertising cookies (including social media),Index Exchange Inc.,Beacon,bench_new_T3_5378,,,,https://www.CLIENT_X.bg/a-w/cookie-notice,Existing CM Trackers-Found,,,,,
master--CLIENT_Xcl.myvtex.com,Performance Cookies [Requires consent],VTEX,JavaScript,-,,0,TRUE,https://www.CLIENT_X.bg/,Existing CM Trackers-Found,,,,,
company-target.com,Targeted Advertising cookies (including social media),"Demandbase, Inc.",HTTP Cookie,bench_new_T3_5955,,396,TRUE,https://www.CLIENT_X.bg/a-w/cookie-notice,Existing CM Trackers-Found,,,,,
www.rendertool.lighting.CLIENT_X.com,Targeted Advertising cookies (including social media),Signify (formerly CLIENT_X Lighting),JavaScript,bench_new_T3_4830,,,,,Existing CM Trackers-Not Found,,,,,
CLIENT_X.bg,Essential cookies,CLIENT_X - Bulgaria,HTTP Cookie,_ga_failed_lookup_marker_3_1441,,0,TRUE,https://www.CLIENT_X.bg/,Existing CM Trackers-Found,,,,,
tr.snapchat.com,Targeted Advertising cookies (including social media),Snap Inc.,Beacon,bench_new_T3_6205,,,TRUE,https://www.CLIENT_X.bg/c-e/ho/air-purifier-and-air-humidifier/air-care.html,Existing CM Trackers-Found,,,,,
CLIENT_X.bg,Performance cookies,CLIENT_X - Bulgaria,HTTP Cookie,bench_new_T3_6245,,,,,Existing CM Trackers-Not Found,,,,,
www.rendertool.lighting.CLIENT_X.com,Targeted Advertising cookies (including social media),Signify (formerly CLIENT_X Lighting),ETag,bench_new_T3_5738,,,,,Existing CM Trackers-Not Found,,,,,
CLIENT_X.bg,Essential cookies,CLIENT_X - Bulgaria,HTTP Cookie,bench_new_T3_5729,,,,,Existing CM Trackers-Not Found,,,,,
CLIENT_X.ru,Essential cookies (exempt from consent),CLIENT_X - Russia,HTTP Cookie,s_cm,,,TRUE,https://www.CLIENT_X.bg/healthcare/about/support/resource-center/results,Existing CM Trackers-Found,,,,,
www.lighting.CLIENT_X.co.za,Essential cookies (exempt from consent),Signify (formerly CLIENT_X Lighting),HTTP Cookie,AWSELBCORS,,bench_update_duration,TRUE,http://www.CLIENT_X.bg/,Existing CM Trackers-Found,,,,,
respirtech.com,Essential cookies (exempt from consent),RespirTech,HTTP Cookie,da_sid,,bench_update_duration,,,Existing CM Trackers-Not Found,,,,,
www.rendertool.lighting.CLIENT_X.com,Targeted Advertising cookies (including social media),Signify (formerly CLIENT_X Lighting),ETag,bench_new_T3_5372,,,,,Existing CM Trackers-Not Found,,,,,
consent-pref.trustarc.com,Essential cookies,TrustArc,JavaScript,bench_new_T3_6354,,,TRUE,"https://www.CLIENT_X.bg/etc/CLIENT_X/b2c/compareproducts.html?locale=bg_BG&catalog=CONSUMER&ctn=HR2875/00,HR2603/00,HR2602/00",Existing CM Trackers-Found,,,,,
CLIENT_X.bg,Essential cookies,CLIENT_X - Bulgaria,HTTP Cookie,bench_new_T3_5602,,400,TRUE,https://www.CLIENT_X.bg/,Existing CM Trackers-Found,,,,,
px.ads.linkedin.com,Targeted Advertising cookies (including social media),LinkedIn,JavaScript,bench_new_T3_6326,,,TRUE,https://www.CLIENT_X.bg/c-p/AC1715_10/1000i-series-air-purifier-for-medium-rooms,Existing CM Trackers-Found,,,,,
www.CLIENT_X-hue.com,Essential cookies,CLIENT_X Hue,Beacon,bench_new_T3_4856,,,,,Existing CM Trackers-Not Found,,,,,
www.lighting.CLIENT_X.com,Performance cookies,Signify (formerly CLIENT_X Lighting),JavaScript,bench_new_T3_4983,,,,,Existing CM Trackers-Not Found,,,,,
www.google.com,Essential cookies,Google Inc.,HTTP Cookie,bench_new_T3_5307,,180,TRUE,https://www.CLIENT_X.bg/c-m-pe/accessories-and-replacements,Existing CM Trackers-Found,,,,,
CLIENT_X.com.mx,Essential cookies (exempt from consent),CLIENT_X - Mexico,HTTP Cookie,mboxEdgeCluster,,,TRUE,http://www.CLIENT_X.bg/,Existing CM Trackers-Found,,,,,
lighting.CLIENT_X.bg,Essential cookies,Signify (formerly CLIENT_X Lighting),HTTP Cookie,bench_new_T3_5689,,,,,Existing CM Trackers-Not Found,,,,,
CLIENT_X.bg,Performance cookies,CLIENT_X - Bulgaria,HTTP Cookie,bench_new_T3_6153,,,,,Existing CM Trackers-Not Found,,,,,
casalemedia.com,Targeted Advertising cookies (including social media),Index Exchange Inc.,HTTP Cookie,bench_new_T3_5854,,365,TRUE,https://www.CLIENT_X.bg/a-w/cookie-notice,Existing CM Trackers-Found,,,,,
www.google.ie,Targeted Advertising cookies (including social media),Google Inc.,Beacon,bench_new_T3_6067,,,TRUE,http://www.CLIENT_X.bg/,Existing CM Trackers-Found,,,,,
CLIENT_X.ma,Essential cookies (exempt from consent),CLIENT_X - Morocco,HTTP Cookie,mbox,,bench_update_duration,TRUE,https://www.CLIENT_X.bg/,Existing CM Trackers-Found,,,,,
acc.usa.CLIENT_X.com,Essential cookies (exempt from consent),Koninklijke CLIENT_X N.V.,HTTP Cookie,US_Pub-cart-com,,bench_update_duration,TRUE,https://www.CLIENT_X.bg/c-e/ho/coffee/lattego-series.html,Existing CM Trackers-Found,,,,,
doubleclick.net,Targeted Advertising cookies (including social media),Google Advertising Products,HTTP Cookie,bench_new_T3_5917,,0,TRUE,https://www.CLIENT_X.bg/,Existing CM Trackers-Found,,,,,
images.CLIENT_X.com,Essential cookies,Koninklijke CLIENT_X N.V.,ETag,bench_new_T3_5665,,,TRUE,https://www.CLIENT_X.bg/c-e/pe/CLIENT_X-oneblade-intimate.html,Existing CM Trackers-Found,,,,,
googleads.g.doubleclick.net,Targeted Advertising cookies (including social media),Google Advertising Products,Beacon,_ga_failed_lookup_marker_3_1465,,,TRUE,http://www.CLIENT_X.bg/,Existing CM Trackers-Found,,,,,
www.CLIENT_X.nl,Essential cookies (exempt from consent),CLIENT_X - Netherlands,HTTP Cookie,kampyleUserPercentile,,,,https://www.CLIENT_X.bg/c-w/search.html,New Third Party Trackers,,,,,
CLIENT_X.bg,Essential cookies,CLIENT_X - Bulgaria,HTTP Cookie,bench_new_T3_5763,,60,TRUE,https://www.CLIENT_X.bg/,Existing CM Trackers-Found,,,,,
www.CLIENT_X.bg,Essential cookies,CLIENT_X - Bulgaria,HTTP Cookie,bench_new_T3_5853,,0,TRUE,https://www.CLIENT_X.bg/,Existing CM Trackers-Found,,,,,
www.youtube.com,Targeted Advertising cookies (including social media),Google Advertising Products,JavaScript,bench_new_T3_5377,,,TRUE,https://www.CLIENT_X.bg/c-e/au/car-lights/automotive-articles.html,Existing CM Trackers-Found,,,,,
casalemedia.com,Targeted Advertising cookies (including social media),Index Exchange Inc.,HTTP Cookie,bench_new_T3_5073,,365,TRUE,https://www.CLIENT_X.bg/a-w/cookie-notice,Existing CM Trackers-Found,,,,,
doubleclick.net,Targeted Advertising cookies (including social media),Google Advertising Products,HTTP Cookie,bench_new_T3_6258,,390,TRUE,https://www.CLIENT_X.bg/,Existing CM Trackers-Found,,,,,
CLIENT_X.bg,Essential cookies,CLIENT_X - Bulgaria,HTTP Cookie,bench_new_T3_4819,,,,,Existing CM Trackers-Not Found,,,,,
cdn.botframework.com,Performance cookies,Microsoft Bot Framework,ETag,bench_new_T3_6380,,,TRUE,https://www.CLIENT_X.bg/c-m-pe/toothbrush-heads/diamondclean/latest,Existing CM Trackers-Found,,,,,
CLIENT_X.112.2o7.net,Performance cookies,"Adobe Audience Manager, Adobe Experience Cloud",HTTP Cookie,bench_new_T3_5966,,400,,https://www.CLIENT_X.bg/,New Third Party Trackers,,,,,
rendertool.lighting.CLIENT_X.com,Targeted Advertising cookies (including social media),Koninklijke CLIENT_X N.V.,Local Storage,bench_new_T3_5696,,,,,Existing CM Trackers-Not Found,,,,,
CLIENT_X.be,Essential cookies (exempt from consent),CLIENT_X - Belgium,HTTP Cookie,s_ugv,,729,TRUE,https://www.CLIENT_X.bg/c-e/ho/air-purifier-and-air-humidifier/air-care.html,Existing CM Trackers-Found,,,,,
www.docs.lighting.CLIENT_X.com,Performance cookies,Signify (formerly CLIENT_X Lighting),ETag,bench_new_T3_5787,,,,,Existing CM Trackers-Not Found,,,,,
*.t.eloqua.com,Performance cookies,Oracle Marketing,JavaScript,bench_new_T3_6114,,,,https://www.CLIENT_X.bg/healthcare,New Third Party Trackers,,,,,
ajax.googleapis.com,Performance cookies,Google Inc.,JavaScript,bench_new_T3_6105,,,,,Existing CM Trackers-Not Found,,,,,
sc-static.net,Targeted Advertising cookies (including social media),Snap Inc.,HTTP Cookie,bench_new_T3_6025,,1,TRUE,https://www.CLIENT_X.bg/c-e/ho/air-purifier-and-air-humidifier/air-care.html,Existing CM Trackers-Found,,,,,
CLIENT_X.bg,Essential cookies,CLIENT_X - Bulgaria,HTTP Cookie,bench_new_T3_5142,,400,TRUE,https://www.CLIENT_X.bg/,Existing CM Trackers-Found,,,,,
CLIENT_X.bg,Essential cookies,CLIENT_X - Bulgaria,HTTP Cookie,bench_new_T3_5376,,,,,Existing CM Trackers-Not Found,,,,,
www.CLIENT_X.bg,Essential cookies,CLIENT_X - Bulgaria,HTTP Cookie,bench_new_T3_5166,,365,TRUE,https://www.CLIENT_X.bg/,Existing CM Trackers-Found,,,,,
consent.trustarc.com,Essential cookies,TrustArc,JavaScript,bench_new_T3_5087,,,TRUE,http://www.CLIENT_X.bg/,Existing CM Trackers-Found,,,,,
*.casalemedia.com,Targeted Advertising cookies (including social media),Index Exchange Inc.,Beacon,bench_new_T3_5781,,,,https://www.CLIENT_X.bg/a-w/cookie-notice,Existing CM Trackers-Found,,,,,
tag.demandbase.com,Targeted Advertising cookies (including social media),"Demandbase, Inc.",JavaScript,bench_new_T3_4801,,,TRUE,https://www.CLIENT_X.bg/a-w/cookie-notice,Existing CM Trackers-Found,,,,,
c.amazon-adsystem.com,Targeted Advertising cookies (including social media),Amazon Ads,JavaScript,bench_new_T3_5369,,,,,Existing CM Trackers-Not Found,,,,,
www.googleapis.com,Performance cookies,Google Inc.,JavaScript,bench_new_T3_6101,,,TRUE,https://www.CLIENT_X.bg/c-e/au/car-lights/automotive-articles.html,Existing CM Trackers-Found,,,,,
www.rendertool.lighting.CLIENT_X.com,Targeted Advertising cookies (including social media),Signify (formerly CLIENT_X Lighting),ETag,bench_new_T3_5066,,,,,Existing CM Trackers-Not Found,,,,,
CLIENT_X.bg,Performance cookies,CLIENT_X - Bulgaria,HTTP Cookie,_ga_failed_lookup_marker_3_1490,,,,,Existing CM Trackers-Not Found,,,,,
lighting.CLIENT_X.bg,Essential cookies,Signify (formerly CLIENT_X Lighting),HTTP Cookie,bench_new_T3_5211,,,,,Existing CM Trackers-Not Found,,,,,
www.CLIENT_X.com.pe,Essential cookies (exempt from consent),CLIENT_X - Peru,HTTP Cookie,kampylePageLoadedTimestamp,,,TRUE,https://www.CLIENT_X.bg/c-w/support-home/support-contact-page,Existing CM Trackers-Found,,,,,
widget-cdn.janraincapture.com,Performance cookies,Akamai,ETag,bench_new_T3_5586,,,TRUE,https://www.CLIENT_X.bg/myCLIENT_X#/register-new-product/form/QP6541_15,Existing CM Trackers-Found,,,,,
sc-static.net,Targeted Advertising cookies (including social media),Snap Inc.,HTTP Cookie,bench_new_T3_4835,,1,TRUE,https://www.CLIENT_X.bg/c-e/ho/air-purifier-and-air-humidifier/air-care.html,Existing CM Trackers-Found,,,,,
stats.g.doubleclick.net,Targeted Advertising cookies (including social media),Google Advertising Products,Beacon,bench_new_T3_5964,,,TRUE,http://www.CLIENT_X.bg/,Existing CM Trackers-Found,,,,,
tremorhub.com,Targeted Advertising cookies (including social media),"Magnite CTV, Inc.",HTTP Cookie,bench_new_T3_5936,,400,TRUE,https://www.CLIENT_X.bg/a-w/cookie-notice,Existing CM Trackers-Found,,,,,
www.CLIENT_X.bg,Essential cookies,CLIENT_X - Bulgaria,JavaScript,bench_new_T3_5971,,,TRUE,http://www.CLIENT_X.bg/,Existing CM Trackers-Found,,,,,
www.CLIENT_X.co.za,Essential cookies (exempt from consent),CLIENT_X - South Africa,HTTP Cookie,RT,,bench_update_duration,,https://www.CLIENT_X.bg/,New First Party Trackers,,,,,
munchkin.marketo.net,Targeted Advertising cookies (including social media),Marketo,ETag,bench_new_T3_5339,,,,,Existing CM Trackers-Not Found,,,,,
www.CLIENT_X.bg,Essential cookies,CLIENT_X - Bulgaria,HTTP Cookie,bench_new_T3_5202,,365,TRUE,https://www.CLIENT_X.bg/,Existing CM Trackers-Found,,,,,
ssl-static.janraincapture.com,Performance cookies,Akamai,JavaScript,bench_new_T3_5023,,,TRUE,https://www.CLIENT_X.bg/myCLIENT_X#/register-new-product/form/QP6541_15,Existing CM Trackers-Found,,,,,
smetrics.marketing.CLIENT_X-hue.com,Targeted Advertising cookies (including social media),CLIENT_X Hue,JavaScript,bench_new_T3_5906,,,,,Existing CM Trackers-Not Found,,,,,
CLIENT_Xb2c.my.site.com,Performance cookies,"Salesforce.com, Inc.",JavaScript,bench_new_T3_5399,,,TRUE,https://www.CLIENT_X.bg/c-w/support-home/support-contact-page,Existing CM Trackers-Found,,,,,
region1.google-analytics.com,Performance cookies,Google Inc.,Beacon,_ga_failed_lookup_marker_3_1504,,,,,Existing CM Trackers-Not Found,,,,,
www.lighting.CLIENT_X.com,Performance cookies,Signify (formerly CLIENT_X Lighting),JavaScript,bench_new_T3_5007,,,,,Existing CM Trackers-Not Found,,,,,
www.crsc.CLIENT_X.com,Targeted Advertising cookies (including social media),Koninklijke CLIENT_X N.V.,ETag,bench_new_T3_5217,,,TRUE,https://www.CLIENT_X.bg/myCLIENT_X#/register-new-product/form/QP6541_15,Existing CM Trackers-Found,,,,,
analytics.tiktok.com,Targeted Advertising cookies (including social media),TikTok,Beacon,bench_new_T3_5394,,,TRUE,http://www.CLIENT_X.bg/,Existing CM Trackers-Found,,,,,
*.t.eloqua.com,Performance cookies,Oracle Marketing,Beacon,bench_new_T3_5601,,,,https://www.CLIENT_X.bg/healthcare,Existing CM Trackers-Found,,,,,
www.CLIENT_X.bg,Essential cookies,CLIENT_X - Bulgaria,HTTP Cookie,bench_new_T3_5902,,0,TRUE,https://www.CLIENT_X.bg/,Existing CM Trackers-Found,,,,,
youtube.com,Targeted Advertising cookies (including social media),Google Advertising Products,HTTP Cookie,bench_new_T3_5783,,session,TRUE,https://www.CLIENT_X.bg/c-e/au/automotive-articles?npagination=0,Existing CM Trackers-Found,,,,,
CLIENT_Xb2c.my.site.com,Performance cookies,"Salesforce.com, Inc.",Local Storage,bench_new_T3_5667,,,TRUE,https://www.CLIENT_X.bg/c-w/support-home/support-contact-page,Existing CM Trackers-Found,,,,,
c.amazon-adsystem.com,Targeted Advertising cookies (including social media),Amazon Ads,JavaScript,_ga_failed_lookup_marker_3_1512,,,,,Existing CM Trackers-Not Found,,,,,
CLIENT_X.co.uk,Essential cookies (exempt from consent),CLIENT_X - United Kingdom,HTTP Cookie,s_gnr,,bench_update_duration,TRUE,https://www.CLIENT_X.bg/,Existing CM Trackers-Found,,,,,
consent-pref.trustarc.com,Essential cookies,TrustArc,JavaScript,bench_new_T3_5128,,,TRUE,"https://www.CLIENT_X.bg/etc/CLIENT_X/b2c/compareproducts.html?locale=bg_BG&catalog=CONSUMER&ctn=HR2875/00,HR2603/00,HR2602/00",Existing CM Trackers-Found,,,,,
www.crsc.lighting.CLIENT_X.com,Performance cookies,Signify (formerly CLIENT_X Lighting),ETag,bench_new_T3_5699,,,,,Existing CM Trackers-Not Found,,,,,
CLIENT_X.com.mx,Essential cookies (exempt from consent),CLIENT_X - Mexico,HTTP Cookie,_hjTLDTest,,bench_update_duration,,,Existing CM Trackers-Not Found,,,,,
CLIENT_X.bg,Essential cookies,CLIENT_X - Bulgaria,HTTP Cookie,bench_new_T3_5387,,,,,Existing CM Trackers-Not Found,,,,,
region1.google-analytics.com,Performance cookies,Google Inc.,Beacon,bench_new_T3_6001,,,,,Existing CM Trackers-Not Found,,,,,
doubleclick.net,Targeted Advertising cookies (including social media),Google Advertising Products,HTTP Cookie,bench_new_T3_5129,,29,TRUE,https://www.CLIENT_X.bg/,Existing CM Trackers-Found,,,,,
lighting.CLIENT_X.bg,Essential cookies,Signify (formerly CLIENT_X Lighting),HTTP Cookie,bench_new_T3_5367,,,,,Existing CM Trackers-Not Found,,,,,
demdex.net,Targeted Advertising cookies (including social media),"Adobe Audience Manager, Adobe Experience Cloud",HTTP Cookie,bench_new_T3_5277,,,,,Existing CM Trackers-Not Found,,,,,
CLIENT_X.bg,Essential cookies,CLIENT_X - Bulgaria,HTTP Cookie,bench_new_T3_6223,,400,TRUE,https://www.CLIENT_X.bg/,Existing CM Trackers-Found,,,,,
doubleclick.net,Targeted Advertising cookies (including social media),Google Advertising Products,HTTP Cookie,bench_new_T3_5830,,,,,Existing CM Trackers-Not Found,,,,,
tracker-detail-page.trustarc.com,Essential cookies,TrustArc,ETag,_ga_failed_lookup_marker_3_1524,,,,https://www.CLIENT_X.bg/a-w/cookie-notice,New Third Party Trackers,,,,,
consent-pref.trustarc.com,Essential cookies,TrustArc,Local Storage,bench_new_T3_5685,,,TRUE,"https://www.CLIENT_X.bg/etc/CLIENT_X/b2c/compareproducts.html?locale=bg_BG&catalog=CONSUMER&ctn=HR2875/00,HR2603/00,HR2602/00",Existing CM Trackers-Found,,,,,
www.lighting.CLIENT_X.bg,Essential cookies,Signify (formerly CLIENT_X Lighting),HTTP Cookie,bench_new_T3_5237,,,,,Existing CM Trackers-Not Found,,,,,
sc-static.net,Targeted Advertising cookies (including social media),Snap Inc.,JavaScript,bench_new_T3_5042,,,TRUE,https://www.CLIENT_X.bg/c-e/ho/air-purifier-and-air-humidifier/air-care.html,Existing CM Trackers-Found,,,,,
doubleclick.net,Targeted Advertising cookies (including social media),Google Advertising Products,HTTP Cookie,bench_new_T3_5426,,390,TRUE,https://www.CLIENT_X.bg/,Existing CM Trackers-Found,,,,,
www.CLIENT_X.bg,Essential cookies,CLIENT_X - Bulgaria,HTTP Cookie,bench_new_T3_6185,,session,TRUE,https://www.CLIENT_X.bg/,Existing CM Trackers-Found,,,,,
adservice.google.com,Targeted Advertising cookies (including social media),Google Advertising Products,Beacon,bench_new_T3_6156,,,TRUE,http://www.CLIENT_X.bg/,Existing CM Trackers-Found,,,,,
www.CLIENT_X.bg,Essential cookies,CLIENT_X - Bulgaria,HTTP Cookie,bench_new_T3_6257,,,,,Existing CM Trackers-Not Found,,,,,
CLIENT_Xb2c.my.site.com,Performance cookies,"Salesforce.com, Inc.",Local Storage,_ga_failed_lookup_marker_3_1532,,,TRUE,https://www.CLIENT_X.bg/c-w/support-home/support-contact-page,Existing CM Trackers-Found,,,,,
consent-pref.trustarc.com,Essential cookies,TrustArc,JavaScript,bench_new_T3_5600,,,TRUE,"https://www.CLIENT_X.bg/etc/CLIENT_X/b2c/compareproducts.html?locale=bg_BG&catalog=CONSUMER&ctn=HR2875/00,HR2603/00,HR2602/00",Existing CM Trackers-Found,,,,,
widget-cdn.janraincapture.com,Performance cookies,Akamai,JavaScript,bench_new_T3_6159,,,TRUE,https://www.CLIENT_X.bg/myCLIENT_X#/register-new-product/form/QP6541_15,Existing CM Trackers-Found,,,,,
ssl-static.janraincapture.com,Performance cookies,Akamai,JavaScript,bench_new_T3_5831,,,TRUE,https://www.CLIENT_X.bg/myCLIENT_X#/register-new-product/form/QP6541_15,Existing CM Trackers-Found,,,,,
www.rendertool.lighting.CLIENT_X.com,Targeted Advertising cookies (including social media),Signify (formerly CLIENT_X Lighting),ETag,bench_new_T3_6328,,,,,Existing CM Trackers-Not Found,,,,,
company-target.com,Targeted Advertising cookies (including social media),"Demandbase, Inc.",HTTP Cookie,bench_new_T3_4844,,396,TRUE,https://www.CLIENT_X.bg/a-w/cookie-notice,Existing CM Trackers-Found,,,,,
www.CLIENT_X.bg,Essential cookies,CLIENT_X - Bulgaria,HTTP Cookie,bench_new_T3_4965,,0,,https://www.CLIENT_X.bg/,New First Party Trackers,,,,,
sc-static.net,Targeted Advertising cookies (including social media),Snap Inc.,HTTP Cookie,bench_new_T3_5773,,1,TRUE,https://www.CLIENT_X.bg/c-e/ho/air-purifier-and-air-humidifier/air-care.html,Existing CM Trackers-Found,,,,,
www.CLIENT_X.bg,Essential cookies,CLIENT_X - Bulgaria,HTTP Cookie,bench_new_T3_6151,,0,TRUE,https://www.CLIENT_X.bg/,Existing CM Trackers-Found,,,,,
company-target.com,Targeted Advertising cookies (including social media),"Demandbase, Inc.",HTTP Cookie,bench_new_T3_6304,,396,TRUE,https://www.CLIENT_X.bg/a-w/cookie-notice,Existing CM Trackers-Found,,,,,
ssl-static.janraincapture.com,Performance cookies,Akamai,JavaScript,bench_new_T3_5454,,,TRUE,https://www.CLIENT_X.bg/myCLIENT_X#/register-new-product/form/QP6541_15,Existing CM Trackers-Found,,,,,
CLIENT_Xb2c.my.site.com,Performance cookies,"Salesforce.com, Inc.",Beacon,bench_new_T3_6021,,,TRUE,https://www.CLIENT_X.bg/c-w/support-home/support-contact-page,Existing CM Trackers-Found,,,,,
www.datadoghq-browser-agent.com,Performance cookies,Datadog,JavaScript,bench_new_T3_6321,,,,,Existing CM Trackers-Not Found,,,,,
ad.doubleclick.net,Targeted Advertising cookies (including social media),Google Advertising Products,Beacon,_ga_failed_lookup_marker_3_1545,,,TRUE,http://www.CLIENT_X.bg/,Existing CM Trackers-Found,,,,,
*.t.eloqua.com,Performance cookies,Oracle Marketing,Beacon,_ga_failed_lookup_marker_3_1546,,,,https://www.CLIENT_X.bg/healthcare,New Third Party Trackers,,,,,
www.CLIENT_X.pl,Essential cookies (exempt from consent),CLIENT_X - Poland,HTTP Cookie,kampyleSessionPageCounter,,7,,https://www.CLIENT_X.bg/,New First Party Trackers,,,,,
pixel.rubiconproject.com,Targeted Advertising Cookies (including social media) [Requires consent],"Magnite, Inc.",Beacon,-,,bench_update_duration,TRUE,https://www.CLIENT_X.bg/c-e/au/car-lights/automotive-articles.html,Existing CM Trackers-Found,,,,,
www.CLIENT_X.bg,Essential cookies,CLIENT_X - Bulgaria,HTTP Cookie,bench_new_T3_5230,,365,TRUE,https://www.CLIENT_X.bg/,Existing CM Trackers-Found,,,,,
region1.analytics.google.com,Performance cookies,Google Inc.,Beacon,bench_new_T3_4906,,,TRUE,http://www.CLIENT_X.bg/,Existing CM Trackers-Found,,,,,
tag.demandbase.com,Targeted Advertising cookies (including social media),"Demandbase, Inc.",JavaScript,bench_new_T3_5019,,,TRUE,https://www.CLIENT_X.bg/a-w/cookie-notice,Existing CM Trackers-Found,,,,,
www.CLIENT_X.bg,Essential cookies,CLIENT_X - Bulgaria,HTTP Cookie,bench_new_T3_6053,,0,TRUE,https://www.CLIENT_X.bg/,Existing CM Trackers-Found,,,,,
CLIENT_X.112.2o7.net,Performance cookies,"Adobe Audience Manager, Adobe Experience Cloud",HTTP Cookie,bench_new_T3_5147,,400,,https://www.CLIENT_X.bg/,New Third Party Trackers,,,,,
doubleclick.net,Targeted Advertising cookies (including social media),Google Advertising Products,HTTP Cookie,bench_new_T3_5650,,0,TRUE,https://www.CLIENT_X.bg/,Existing CM Trackers-Found,,,,,
lighting.CLIENT_X.bg,Essential cookies,Signify (formerly CLIENT_X Lighting),HTTP Cookie,bench_new_T3_5363,,,,,Existing CM Trackers-Not Found,,,,,
CLIENT_X.bg,Essential cookies,CLIENT_X - Bulgaria,HTTP Cookie,_ga_failed_lookup_marker_3_1556,,,,,Existing CM Trackers-Not Found,,,,,
CLIENT_Xb2c.my.site.com,Performance cookies,"Salesforce.com, Inc.",JavaScript,bench_new_T3_6160,,,TRUE,https://www.CLIENT_X.bg/c-w/support-home/support-contact-page,Existing CM Trackers-Found,,,,,
consent-pref.trustarc.com,Essential cookies,TrustArc,JavaScript,bench_new_T3_5079,,,TRUE,"https://www.CLIENT_X.bg/etc/CLIENT_X/b2c/compareproducts.html?locale=bg_BG&catalog=CONSUMER&ctn=HR2875/00,HR2603/00,HR2602/00",Existing CM Trackers-Found,,,,,
CLIENT_X.bg,Essential cookies,CLIENT_X - Bulgaria,HTTP Cookie,bench_new_T3_6254,,session,TRUE,https://www.CLIENT_X.bg/,Existing CM Trackers-Found,,,,,
stats.g.doubleclick.net,Targeted Advertising cookies (including social media),Google Advertising Products,Beacon,bench_new_T3_5616,,,TRUE,http://www.CLIENT_X.bg/,Existing CM Trackers-Found,,,,,
snap.licdn.com,Performance cookies,LinkedIn,JavaScript,bench_new_T3_5592,,,TRUE,https://www.CLIENT_X.bg/c-e/ho/air-purifier-and-air-humidifier/air-care.html,Existing CM Trackers-Found,,,,,
c.amazon-adsystem.com,Targeted Advertising cookies (including social media),Amazon Ads,JavaScript,bench_new_T3_5833,,,,,Existing CM Trackers-Not Found,,,,,
region1.google-analytics.com,Performance cookies,Google Inc.,Beacon,_ga_failed_lookup_marker_3_1563,,,,,Existing CM Trackers-Not Found,,,,,
www.assets.lighting.CLIENT_X.com,Performance cookies,Signify (formerly CLIENT_X Lighting),ETag,bench_new_T3_5310,,,,,Existing CM Trackers-Not Found,,,,,
CLIENT_X.bg,Essential cookies,CLIENT_X - Bulgaria,HTTP Cookie,bench_new_T3_6213,,session,,https://www.CLIENT_X.bg/,New First Party Trackers,,,,,
*.analytics.org.coveo.com,Performance cookies,Coveo Solutions Inc.,Beacon,bench_new_T3_5668,,,,https://www.CLIENT_X.bg/c-w/search.html,New Third Party Trackers,,,,,
lighting.CLIENT_X.bg,Essential cookies,Signify (formerly CLIENT_X Lighting),HTTP Cookie,bench_new_T3_5671,,,,,Existing CM Trackers-Not Found,,,,,
www.gearselectiontool.lighting.CLIENT_X.com,Performance cookies,Signify (formerly CLIENT_X Lighting),ETag,bench_new_T3_5625,,,,,Existing CM Trackers-Not Found,,,,,
www.lighting.CLIENT_X.bg,Essential cookies,Signify (formerly CLIENT_X Lighting),ETag,bench_new_T3_5100,,,,,Existing CM Trackers-Not Found,,,,,
casalemedia.com,Targeted Advertising cookies (including social media),Index Exchange Inc.,HTTP Cookie,bench_new_T3_6028,,90,TRUE,https://www.CLIENT_X.bg/a-w/cookie-notice,Existing CM Trackers-Found,,,,,
dsum-sec.casalemedia.com,Targeted Advertising cookies (including social media),Index Exchange Inc.,Beacon,bench_new_T3_6311,,,TRUE,https://www.CLIENT_X.bg/a-w/cookie-notice,Existing CM Trackers-Found,,,,,
secure.afilio.com.br,Targeted Advertising Cookies (including social media) [Requires consent],Afilio,JavaScript,-,,,,,Existing CM Trackers-Not Found,,,,,
www.lighting.CLIENT_X.bg,Essential cookies,Signify (formerly CLIENT_X Lighting),HTTP Cookie,bench_new_T3_6050,,,,,Existing CM Trackers-Not Found,,,,,
www.lighting.CLIENT_X.com,Performance cookies,Signify (formerly CLIENT_X Lighting),JavaScript,bench_new_T3_6000,,,,,Existing CM Trackers-Not Found,,,,,
www.crsc.lighting.CLIENT_X.com,Performance cookies,Signify (formerly CLIENT_X Lighting),ETag,bench_new_T3_5524,,,,,Existing CM Trackers-Not Found,,,,,
cdn.jsdelivr.net,Performance cookies,Volentio JSD Limited,ETag,bench_new_T3_5109,,,,,Existing CM Trackers-Not Found,,,,,
www.CLIENT_X.bg,Essential cookies,CLIENT_X - Bulgaria,HTTP Cookie,bench_new_T3_5333,,,,,Existing CM Trackers-Not Found,,,,,
www.CLIENT_X.bg,Essential cookies,CLIENT_X - Bulgaria,HTTP Cookie,bench_new_T3_5561,,,,,Existing CM Trackers-Not Found,,,,,
CLIENT_X.bg,Essential cookies,CLIENT_X - Bulgaria,HTTP Cookie,bench_new_T3_5472,,393,TRUE,https://www.CLIENT_X.bg/,Existing CM Trackers-Found,,,,,
*.t.eloqua.com,Performance cookies,Oracle Marketing,JavaScript,bench_new_T3_5637,,,,https://www.CLIENT_X.bg/healthcare,Existing CM Trackers-Found,,,,,
connect.facebook.net,Targeted Advertising cookies (including social media),Meta (formerly Facebook),JavaScript,_ga_failed_lookup_marker_3_1581,,,TRUE,http://www.CLIENT_X.bg/,Existing CM Trackers-Found,,,,,
CLIENT_X.bg,Essential cookies,CLIENT_X - Bulgaria,HTTP Cookie,bench_new_T3_5324,,,,,Existing CM Trackers-Not Found,,,,,
c.amazon-adsystem.com,Targeted Advertising cookies (including social media),Amazon Ads,JavaScript,bench_new_T3_5448,,,,,Existing CM Trackers-Not Found,,,,,
CLIENT_X.bg,Essential cookies,CLIENT_X - Bulgaria,HTTP Cookie,bench_new_T3_5218,,session,TRUE,https://www.CLIENT_X.bg/,Existing CM Trackers-Found,,,,,
CLIENT_X.bg,Essential cookies,CLIENT_X - Bulgaria,HTTP Cookie,bench_new_T3_6125,,393,TRUE,https://www.CLIENT_X.bg/,Existing CM Trackers-Found,,,,,
go.sonobi.com,Targeted Advertising Cookies (including social media) [Requires consent],"Sonobi, Inc",HTTP Cookie,HAPLB8G,,bench_update_duration,,https://www.CLIENT_X.bg/healthcare/clinical-solutions/alarm-management,New Third Party Trackers,,,,,
*.t.eloqua.com,Performance cookies,Oracle Marketing,Beacon,bench_new_T3_6318,,,,https://www.CLIENT_X.bg/healthcare,New Third Party Trackers,,,,,
beacon.speedcurve.com,Performance cookies,Speedcurve,Beacon,bench_new_T3_5996,,,,https://www.CLIENT_X.bg/c-m-au/car-lights,New Third Party Trackers,,,,,
lighting.CLIENT_X.bg,Essential cookies,Signify (formerly CLIENT_X Lighting),HTTP Cookie,bench_new_T3_5240,,,,,Existing CM Trackers-Not Found,,,,,
linkedin.com,Targeted Advertising cookies (including social media),LinkedIn,HTTP Cookie,_ga_failed_lookup_marker_3_1590,,1,TRUE,https://www.CLIENT_X.bg/c-e/ho/air-purifier-and-air-humidifier/air-care.html,Existing CM Trackers-Found,,,,,
www.tco.lighting.CLIENT_X.com,Performance Cookies [Requires consent],Koninklijke CLIENT_X N.V.,ETag,-,,bench_update_duration,TRUE,http://www.CLIENT_X.bg/,Existing CM Trackers-Found,,,,,
CLIENT_X.sk,Essential cookies (exempt from consent),CLIENT_X - Slovakia,HTTP Cookie,s_cm_direct,,,,,Existing CM Trackers-Not Found,,,,,
company-target.com,Targeted Advertising cookies (including social media),"Demandbase, Inc.",HTTP Cookie,bench_new_T3_5527,,396,TRUE,https://www.CLIENT_X.bg/a-w/cookie-notice,Existing CM Trackers-Found,,,,,
pixel.rubiconproject.com,Targeted Advertising cookies (including social media),"Magnite, Inc.",Beacon,bench_new_T3_5914,,,TRUE,https://www.CLIENT_X.bg/a-w/cookie-notice,Existing CM Trackers-Found,,,,,
cdn.jsdelivr.net,Performance cookies,Volentio JSD Limited,JavaScript,bench_new_T3_5213,,,,,Existing CM Trackers-Not Found,,,,,
observability.prod.bazaarvoice.com,Performance cookies,"Bazaarvoice, Inc.",ETag,bench_new_T3_5201,,,,https://www.CLIENT_X.bg/c-e/ho/coffee-category.html,New Third Party Trackers,,,,,
www.recaptcha.net,Performance cookies,Google Inc.,JavaScript,bench_new_T3_6006,,,,,Existing CM Trackers-Not Found,,,,,
eloqua.com,Essential cookies,Oracle Marketing,HTTP Cookie,bench_new_T3_5844,,393,TRUE,https://www.CLIENT_X.bg/healthcare,Existing CM Trackers-Found,,,,,
store-CLIENT_X.tw,Essential cookies (exempt from consent),CLIENT_X Store - Taiwan,HTTP Cookie,cto_bundle,,0,TRUE,https://www.CLIENT_X.bg/,Existing CM Trackers-Found,,,,,
linkedin.com,Targeted Advertising cookies (including social media),LinkedIn,HTTP Cookie,bench_new_T3_5717,,1,TRUE,https://www.CLIENT_X.bg/c-e/ho/air-purifier-and-air-humidifier/air-care.html,Existing CM Trackers-Found,,,,,
px.ads.linkedin.com,Targeted Advertising cookies (including social media),LinkedIn,JavaScript,bench_new_T3_6272,,,TRUE,https://www.CLIENT_X.bg/c-p/AC1715_10/1000i-series-air-purifier-for-medium-rooms,Existing CM Trackers-Found,,,,,
speech-support.zendesk.com,Targeted Advertising Cookies (including social media) [Requires consent],Zendesk,ETag,-,,bench_update_duration,TRUE,http://www.CLIENT_X.bg/,Existing CM Trackers-Found,,,,,
cdn.speedcurve.com,Performance cookies,Speedcurve,JavaScript,bench_new_T3_5519,,,,http://www.CLIENT_X.bg/,New Third Party Trackers,,,,,
www.lighting.CLIENT_X.com,Performance cookies,Signify (formerly CLIENT_X Lighting),JavaScript,bench_new_T3_5080,,,,,Existing CM Trackers-Not Found,,,,,
adservice.google.com,Targeted Advertising cookies (including social media),Google Advertising Products,Beacon,bench_new_T3_6203,,,TRUE,http://www.CLIENT_X.bg/,Existing CM Trackers-Found,,,,,
www.conversiontool.lighting.CLIENT_X.com,Targeted Advertising cookies (including social media),Signify (formerly CLIENT_X Lighting),ETag,bench_new_T3_4952,,,,,Existing CM Trackers-Not Found,,,,,
acdn-digitaltrans-01-p.azureedge.net,Targeted Advertising cookies (including social media),Microsoft,JavaScript,_ga_failed_lookup_marker_3_1607,,,TRUE,https://www.CLIENT_X.bg/c-m-pe/toothbrush-heads/diamondclean/latest,Existing CM Trackers-Found,,,,,
CLIENT_X.bg,Essential cookies,CLIENT_X - Bulgaria,HTTP Cookie,_ga_failed_lookup_marker_3_1608,,,,,Existing CM Trackers-Not Found,,,,,
sc-static.net,Targeted Advertising cookies (including social media),Snap Inc.,HTTP Cookie,_ga_failed_lookup_marker_3_1609,,1,TRUE,https://www.CLIENT_X.bg/c-e/ho/air-purifier-and-air-humidifier/air-care.html,Existing CM Trackers-Found,,,,,
observability.prod.bazaarvoice.com,Performance cookies,"Bazaarvoice, Inc.",ETag,bench_new_T3_5848,,,,https://www.CLIENT_X.bg/c-e/ho/coffee-category.html,New Third Party Trackers,,,,,
www.crsc.CLIENT_X.com,Targeted Advertising cookies (including social media),Koninklijke CLIENT_X N.V.,ETag,bench_new_T3_5571,,,TRUE,https://www.CLIENT_X.bg/myCLIENT_X#/register-new-product/form/QP6541_15,Existing CM Trackers-Found,,,,,
www.lighting.CLIENT_X.bg,Essential cookies,Signify (formerly CLIENT_X Lighting),HTTP Cookie,bench_new_T3_5611,,,,,Existing CM Trackers-Not Found,,,,,
CLIENT_X.bg,Essential cookies,CLIENT_X - Bulgaria,HTTP Cookie,bench_new_T3_5151,,90,,https://www.CLIENT_X.bg/,New First Party Trackers,,,,,
www.googleapis.com,Performance cookies,Google Inc.,JavaScript,bench_new_T3_6280,,,TRUE,https://www.CLIENT_X.bg/c-e/au/car-lights/automotive-articles.html,Existing CM Trackers-Found,,,,,
CLIENT_X.bg,Essential cookies,CLIENT_X - Bulgaria,HTTP Cookie,bench_new_T3_4962,,400,TRUE,https://www.CLIENT_X.bg/,Existing CM Trackers-Found,,,,,
CLIENT_X.co.jp,Essential cookies (exempt from consent),CLIENT_X Electronics Corporation Japan,HTTP Cookie,_ga,,,,http://www.CLIENT_X.bg/,New Third Party Trackers,,,,,
tracker-detail-page.trustarc.com,Essential cookies,TrustArc,JavaScript,bench_new_T3_5285,,,,https://www.CLIENT_X.bg/a-w/cookie-notice,New Third Party Trackers,,,,,
CLIENT_X.se,Essential cookies (exempt from consent),CLIENT_X - Sweden,HTTP Cookie,_scid,,session,TRUE,https://www.CLIENT_X.bg/,Existing CM Trackers-Found,,,,,
www.googleadservices.com,Targeted Advertising cookies (including social media),Google Advertising Products,JavaScript,bench_new_T3_5184,,,,,Existing CM Trackers-Not Found,,,,,
lighting.CLIENT_X.bg,Essential cookies,Signify (formerly CLIENT_X Lighting),Local Storage,bench_new_T3_4966,,,,,Existing CM Trackers-Not Found,,,,,
www.rendertool.lighting.CLIENT_X.com,Targeted Advertising cookies (including social media),Signify (formerly CLIENT_X Lighting),JavaScript,bench_new_T3_5189,,,,,Existing CM Trackers-Not Found,,,,,
CLIENT_X.co.il,Essential cookies (exempt from consent),CLIENT_X - Israel,HTTP Cookie,_hjTLDTest,,bench_update_duration,TRUE,http://www.CLIENT_X.bg/,Existing CM Trackers-Found,,,,,
CLIENT_Xlighting.d3.sc.omtrdc.net,Performance cookies,"Adobe Audience Manager, Adobe Experience Cloud",JavaScript,bench_new_T3_5876,,,,,Existing CM Trackers-Not Found,,,,,
assets.adoberesources.net,Performance cookies,Adobe Inc.,JavaScript,bench_new_T3_5343,,,,,Existing CM Trackers-Not Found,,,,,
raw.githubusercontent.com,Performance cookies,GitHub Inc.,ETag,bench_new_T3_5935,,,TRUE,https://www.CLIENT_X.bg/healthcare/about/distributors,Existing CM Trackers-Found,,,,,
tremorhub.com,Targeted Advertising cookies (including social media),"Magnite CTV, Inc.",HTTP Cookie,bench_new_T3_5120,,365,TRUE,https://www.CLIENT_X.bg/a-w/cookie-notice,Existing CM Trackers-Found,,,,,
tr.snapchat.com,Targeted Advertising cookies (including social media),Snap Inc.,Beacon,_ga_failed_lookup_marker_3_1627,,,TRUE,https://www.CLIENT_X.bg/c-e/ho/air-purifier-and-air-humidifier/air-care.html,Existing CM Trackers-Found,,,,,
www.rendertool.lighting.CLIENT_X.com,Targeted Advertising cookies (including social media),Signify (formerly CLIENT_X Lighting),ETag,bench_new_T3_5305,,,,,Existing CM Trackers-Not Found,,,,,
CLIENT_X.bg,Essential cookies,CLIENT_X - Bulgaria,HTTP Cookie,bench_new_T3_5566,,session,TRUE,https://www.CLIENT_X.bg/,Existing CM Trackers-Found,,,,,
www.domesticappliances.CLIENT_X.co.in,Essential cookies (exempt from consent),CLIENT_X - India,HTTP Cookie,wd_ret_uid,,365,TRUE,https://www.CLIENT_X.bg/,Existing CM Trackers-Found,,,,,
www.lightset-creator.lighting.CLIENT_X.com,Targeted Advertising cookies (including social media),Signify (formerly CLIENT_X Lighting),JavaScript,bench_new_T3_5149,,,,,Existing CM Trackers-Not Found,,,,,
www.CLIENT_X.bg,Essential cookies,CLIENT_X - Bulgaria,HTTP Cookie,bench_new_T3_5323,,365,TRUE,https://www.CLIENT_X.bg/,Existing CM Trackers-Found,,,,,
CLIENT_X.bg,Essential cookies,CLIENT_X - Bulgaria,HTTP Cookie,bench_new_T3_6335,,90,TRUE,https://www.CLIENT_X.bg/,Existing CM Trackers-Found,,,,,
www.datadoghq-browser-agent.com,Performance cookies,Datadog,ETag,bench_new_T3_5837,,,,,Existing CM Trackers-Not Found,,,,,
www.datadoghq-browser-agent.com,Performance cookies,Datadog,ETag,bench_new_T3_5428,,,,,Existing CM Trackers-Not Found,,,,,
CLIENT_Xb2c.my.salesforce-scrt.com,Performance cookies,"Salesforce.com, Inc.",Beacon,bench_new_T3_5605,,,,https://www.CLIENT_X.bg/c-w/support-home/support-contact-page,New Third Party Trackers,,,,,
www.lighting.CLIENT_X.bg,Essential cookies,Signify (formerly CLIENT_X Lighting),HTTP Cookie,bench_new_T3_5389,,,,,Existing CM Trackers-Not Found,,,,,
doubleclick.net,Targeted Advertising cookies (including social media),Google Advertising Products,HTTP Cookie,bench_new_T3_5579,,29,TRUE,https://www.CLIENT_X.bg/,Existing CM Trackers-Found,,,,,
eloqua.com,Targeted Advertising cookies (including social media),Oracle Marketing,HTTP Cookie,bench_new_T3_5083,,393,TRUE,https://www.CLIENT_X.bg/healthcare,Existing CM Trackers-Found,,,,,
tag.demandbase.com,Targeted Advertising cookies (including social media),"Demandbase, Inc.",JavaScript,bench_new_T3_6035,,,TRUE,https://www.CLIENT_X.bg/a-w/cookie-notice,Existing CM Trackers-Found,,,,,
analytics-ipv6.tiktokw.us,Targeted Advertising cookies (including social media),TikTok,Beacon,bench_new_T3_5590,,,,http://www.CLIENT_X.bg/,New Third Party Trackers,,,,,
CLIENT_X.bg,Essential cookies,CLIENT_X - Bulgaria,HTTP Cookie,bench_new_T3_5156,,0,TRUE,https://www.CLIENT_X.bg/,Existing CM Trackers-Found,,,,,
acdn-digitaltrans-01-p.azureedge.net,Targeted Advertising cookies (including social media),Microsoft,JavaScript,bench_new_T3_4990,,,TRUE,https://www.CLIENT_X.bg/c-m-pe/toothbrush-heads/diamondclean/latest,Existing CM Trackers-Found,,,,,
www.accounts.CLIENT_X.com,Essential cookies,Koninklijke CLIENT_X N.V.,ETag,bench_new_T3_6004,,,TRUE,https://www.CLIENT_X.bg/myCLIENT_X#/register-new-product/form/QP6541_15,Existing CM Trackers-Found,,,,,
pages.information.signify.com,Performance cookies,Signify (formerly CLIENT_X Lighting),Local Storage,bench_new_T3_4833,,,,,Existing CM Trackers-Not Found,,,,,
www.accounts.CLIENT_X.com,Essential cookies,Koninklijke CLIENT_X N.V.,JavaScript,bench_new_T3_5047,,,TRUE,https://www.CLIENT_X.bg/myCLIENT_X#/register-new-product/form/QP6541_15,Existing CM Trackers-Found,,,,,
casalemedia.com,Targeted Advertising cookies (including social media),Index Exchange Inc.,HTTP Cookie,_ga_failed_lookup_marker_3_1647,,90,TRUE,https://www.CLIENT_X.bg/a-w/cookie-notice,Existing CM Trackers-Found,,,,,
*.en25.com,Targeted Advertising cookies (including social media),Oracle Marketing,JavaScript,bench_new_T3_5365,,,,https://www.CLIENT_X.bg/c-m-ho/food-preparation/liquid-health/vacuum-blender,Existing CM Trackers-Found,,,,,
doubleclick.net,Targeted Advertising cookies (including social media),Google Advertising Products,HTTP Cookie,bench_new_T3_6076,,29,TRUE,https://www.CLIENT_X.bg/,Existing CM Trackers-Found,,,,,
CLIENT_Xb2c.my.site.com,Performance cookies,"Salesforce.com, Inc.",ETag,bench_new_T3_4987,,,TRUE,https://www.CLIENT_X.bg/c-w/support-home/support-contact-page,Existing CM Trackers-Found,,,,,
youtube.com,Targeted Advertising cookies (including social media),Google Advertising Products,HTTP Cookie,bench_new_T3_4875,,session,TRUE,https://www.CLIENT_X.bg/c-e/au/automotive-articles?npagination=0,Existing CM Trackers-Found,,,,,
CLIENT_X.bg,Essential cookies,CLIENT_X - Bulgaria,HTTP Cookie,bench_new_T3_5919,,0,TRUE,https://www.CLIENT_X.bg/,Existing CM Trackers-Found,,,,,
www.conversiontool.lighting.CLIENT_X.com,Targeted Advertising cookies (including social media),Signify (formerly CLIENT_X Lighting),JavaScript,bench_new_T3_5722,,,,,Existing CM Trackers-Not Found,,,,,
www.CLIENT_X.com.au,Essential cookies (exempt from consent),CLIENT_X - Australia,HTTP Cookie,fl_qualified_entry,,729,,,Existing CM Trackers-Not Found,,,,,
doubleclick.net,Targeted Advertising cookies (including social media),Google Advertising Products,HTTP Cookie,bench_new_T3_5265,,,,,Existing CM Trackers-Not Found,,,,,
sc-static.net,Targeted Advertising cookies (including social media),Snap Inc.,HTTP Cookie,bench_new_T3_5504,,1,TRUE,https://www.CLIENT_X.bg/c-e/ho/air-purifier-and-air-humidifier/air-care.html,Existing CM Trackers-Found,,,,,
eloqua.com,Essential cookies,Oracle Marketing,HTTP Cookie,bench_new_T3_5884,,393,TRUE,https://www.CLIENT_X.bg/healthcare,Existing CM Trackers-Found,,,,,
CLIENT_X.bg,Essential cookies,CLIENT_X - Bulgaria,Local Storage,bench_new_T3_6250,,,TRUE,https://www.CLIENT_X.bg/c-w/support-home/support-contact-page,Existing CM Trackers-Found,,,,,
www.reparatur-service.CLIENT_X.ch,Essential cookies (exempt from consent),CLIENT_X - Switzerland,JavaScript,blank (java),,bench_update_duration,TRUE,https://www.CLIENT_X.bg/c-w/support-home/support-contact-page,Existing CM Trackers-Found,,,,,
demdex.net,Targeted Advertising cookies (including social media),"Adobe Audience Manager, Adobe Experience Cloud",HTTP Cookie,bench_new_T3_6117,,,,,Existing CM Trackers-Not Found,,,,,
CLIENT_X.bg,Essential cookies,CLIENT_X - Bulgaria,HTTP Cookie,bench_new_T3_6353,,,,,Existing CM Trackers-Not Found,,,,,
www.CLIENT_X.bg,Essential cookies,CLIENT_X - Bulgaria,HTTP Cookie,bench_new_T3_5992,,365,TRUE,https://www.CLIENT_X.bg/,Existing CM Trackers-Found,,,,,
www.googletagmanager.com,Performance cookies,Google Inc.,Beacon,bench_new_T3_6044,,,TRUE,https://www.CLIENT_X.bg/c-e/ho/coffee/lattego-series.html,Existing CM Trackers-Found,,,,,
maxosfusionconfigurator.lighting.CLIENT_X.com,Targeted Advertising cookies (including social media),Koninklijke CLIENT_X N.V.,Local Storage,bench_new_T3_5427,,,,,Existing CM Trackers-Not Found,,,,,
connect.facebook.net,Targeted Advertising cookies (including social media),Meta (formerly Facebook),Beacon,_ga_failed_lookup_marker_3_1665,,,TRUE,https://www.CLIENT_X.bg/c-e/au/car-lights/headlights/ultinon-access-led.html,Existing CM Trackers-Found,,,,,
www.CLIENT_X.bg,Essential cookies,CLIENT_X - Bulgaria,HTTP Cookie,bench_new_T3_6121,,7,,https://www.CLIENT_X.bg/,New First Party Trackers,,,,,
youtube.com,Targeted Advertising cookies (including social media),Google Advertising Products,HTTP Cookie,bench_new_T3_6012,,session,TRUE,https://www.CLIENT_X.bg/c-e/au/automotive-articles?npagination=0,Existing CM Trackers-Found,,,,,
td.yieldify.com,Targeted Advertising cookies (including social media),Yieldify,ETag,bench_new_T3_5121,,,,,Existing CM Trackers-Not Found,,,,,
www.lighting.CLIENT_X.bg,Essential cookies,Signify (formerly CLIENT_X Lighting),ETag,bench_new_T3_5386,,,,,Existing CM Trackers-Not Found,,,,,
www.accounts.CLIENT_X.com,Essential cookies,Koninklijke CLIENT_X N.V.,JavaScript,_ga_failed_lookup_marker_3_1670,,,TRUE,https://www.CLIENT_X.bg/myCLIENT_X#/register-new-product/form/QP6541_15,Existing CM Trackers-Found,,,,,
analytics.tiktok.com,Targeted Advertising cookies (including social media),TikTok,JavaScript,bench_new_T3_6379,,,TRUE,http://www.CLIENT_X.bg/,Existing CM Trackers-Found,,,,,
dsum-sec.casalemedia.com,Targeted Advertising cookies (including social media),Index Exchange Inc.,Beacon,bench_new_T3_5973,,,TRUE,https://www.CLIENT_X.bg/a-w/cookie-notice,Existing CM Trackers-Found,,,,,
www.accounts.CLIENT_X.com,Essential cookies,Koninklijke CLIENT_X N.V.,ETag,bench_new_T3_6089,,,TRUE,https://www.CLIENT_X.bg/myCLIENT_X#/register-new-product/form/QP6541_15,Existing CM Trackers-Found,,,,,
*.en25.com,Targeted Advertising cookies (including social media),Oracle Marketing,JavaScript,bench_new_T3_6248,,,,https://www.CLIENT_X.bg/c-m-ho/food-preparation/liquid-health/vacuum-blender,Existing CM Trackers-Found,,,,,
CLIENT_X.bg,Essential cookies,CLIENT_X - Bulgaria,HTTP Cookie,bench_new_T3_5020,,session,TRUE,https://www.CLIENT_X.bg/,Existing CM Trackers-Found,,,,,
www.CLIENT_X.bg,Essential cookies,CLIENT_X - Bulgaria,Beacon,bench_new_T3_5636,,,TRUE,http://www.CLIENT_X.bg/,Existing CM Trackers-Found,,,,,
CLIENT_X.bg,Essential cookies,CLIENT_X - Bulgaria,HTTP Cookie,bench_new_T3_5239,,,,,Existing CM Trackers-Not Found,,,,,
demdex.net,Targeted Advertising cookies (including social media),"Adobe Audience Manager, Adobe Experience Cloud",HTTP Cookie,bench_new_T3_4810,,,,,Existing CM Trackers-Not Found,,,,,
CLIENT_X.ma,Essential cookies (exempt from consent),CLIENT_X - Morocco,HTTP Cookie,com.adobe.alloy.getTld,,bench_update_duration,,,Existing CM Trackers-Not Found,,,,,
demdex.net,Targeted Advertising cookies (including social media),"Adobe Audience Manager, Adobe Experience Cloud",HTTP Cookie,bench_new_T3_5451,,,,,Existing CM Trackers-Not Found,,,,,
www.crsc.CLIENT_X.com,Targeted Advertising cookies (including social media),Koninklijke CLIENT_X N.V.,ETag,bench_new_T3_4839,,,TRUE,https://www.CLIENT_X.bg/myCLIENT_X#/register-new-product/form/QP6541_15,Existing CM Trackers-Found,,,,,
www.docs.lighting.CLIENT_X.com,Performance cookies,Signify (formerly CLIENT_X Lighting),JavaScript,bench_new_T3_5912,,,,,Existing CM Trackers-Not Found,,,,,
adservice.google.com,Targeted Advertising cookies (including social media),Google Advertising Products,Beacon,bench_new_T3_5747,,,TRUE,http://www.CLIENT_X.bg/,Existing CM Trackers-Found,,,,,
CLIENT_X.lv,Essential cookies (exempt from consent),CLIENT_X - Latvia,HTTP Cookie,s_gnr,,bench_update_duration,TRUE,http://www.CLIENT_X.bg/,Existing CM Trackers-Found,,,,,
www.CLIENT_X.bg,Essential cookies,CLIENT_X - Bulgaria,ETag,bench_new_T3_4986,,,TRUE,http://www.CLIENT_X.bg/,Existing CM Trackers-Found,,,,,
smetrics.marketing.CLIENT_X-hue.com,Targeted Advertising cookies (including social media),CLIENT_X Hue,JavaScript,bench_new_T3_5518,,,,,Existing CM Trackers-Not Found,,,,,
www.lighting.CLIENT_X.bg,Essential cookies,Signify (formerly CLIENT_X Lighting),HTTP Cookie,bench_new_T3_5800,,,,,Existing CM Trackers-Not Found,,,,,
youtube.com,Targeted Advertising cookies (including social media),Google Advertising Products,HTTP Cookie,bench_new_T3_4942,,session,TRUE,https://www.CLIENT_X.bg/c-e/au/automotive-articles?npagination=0,Existing CM Trackers-Found,,,,,
youtube.com,Targeted Advertising cookies (including social media),Google Advertising Products,HTTP Cookie,bench_new_T3_6356,,session,TRUE,https://www.CLIENT_X.bg/c-e/au/automotive-articles?npagination=0,Existing CM Trackers-Found,,,,,
doubleclick.net,Targeted Advertising cookies (including social media),Google Advertising Products,HTTP Cookie,bench_new_T3_5730,,0,TRUE,https://www.CLIENT_X.bg/,Existing CM Trackers-Found,,,,,
www.CLIENT_X.bg,Essential cookies,CLIENT_X - Bulgaria,HTTP Cookie,bench_new_T3_5643,,0,TRUE,https://www.CLIENT_X.bg/,Existing CM Trackers-Found,,,,,
ssl-static.janraincapture.com,Performance cookies,Akamai,JavaScript,_ga_failed_lookup_marker_3_1692,,,TRUE,https://www.CLIENT_X.bg/myCLIENT_X#/register-new-product/form/QP6541_15,Existing CM Trackers-Found,,,,,
pages.information.signify.com,Performance cookies,Signify (formerly CLIENT_X Lighting),Local Storage,bench_new_T3_5057,,,,,Existing CM Trackers-Not Found,,,,,
adservice.google.com,Targeted Advertising cookies (including social media),Google Advertising Products,Beacon,bench_new_T3_5075,,,TRUE,http://www.CLIENT_X.bg/,Existing CM Trackers-Found,,,,,
casalemedia.com,Targeted Advertising cookies (including social media),Index Exchange Inc.,HTTP Cookie,bench_new_T3_5539,,90,TRUE,https://www.CLIENT_X.bg/a-w/cookie-notice,Existing CM Trackers-Found,,,,,
CLIENT_X.bg,Performance cookies,CLIENT_X - Bulgaria,HTTP Cookie,bench_new_T3_5547,,session,TRUE,https://www.CLIENT_X.bg/,Existing CM Trackers-Found,,,,,
CLIENT_X.bg,Essential cookies,CLIENT_X - Bulgaria,HTTP Cookie,bench_new_T3_5078,,,,,Existing CM Trackers-Not Found,,,,,
nebula-cdn.kampyle.com,Performance cookies,Medallia,ETag,bench_new_T3_6130,,,TRUE,http://www.CLIENT_X.bg/,Existing CM Trackers-Found,,,,,
CLIENT_X.bg,Essential cookies,CLIENT_X - Bulgaria,HTTP Cookie,bench_new_T3_5563,,,,,Existing CM Trackers-Not Found,,,,,
snap.licdn.com,Performance cookies,LinkedIn,JavaScript,bench_new_T3_6039,,,TRUE,https://www.CLIENT_X.bg/c-e/ho/air-purifier-and-air-humidifier/air-care.html,Existing CM Trackers-Found,,,,,
www.rendertool.lighting.CLIENT_X.com,Targeted Advertising cookies (including social media),Signify (formerly CLIENT_X Lighting),JavaScript,_ga_failed_lookup_marker_3_1701,,,,,Existing CM Trackers-Not Found,,,,,
images.CLIENT_X.com,Essential cookies,Koninklijke CLIENT_X N.V.,JavaScript,_ga_failed_lookup_marker_3_1702,,,TRUE,https://www.CLIENT_X.bg/healthcare/product/HC881101,Existing CM Trackers-Found,,,,,
www.gearselectiontool.lighting.CLIENT_X.com,Performance cookies,Signify (formerly CLIENT_X Lighting),ETag,bench_new_T3_5449,,,,,Existing CM Trackers-Not Found,,,,,
youtube.com,Targeted Advertising cookies (including social media),Google Advertising Products,HTTP Cookie,bench_new_T3_6302,,session,TRUE,https://www.CLIENT_X.bg/c-e/au/automotive-articles?npagination=0,Existing CM Trackers-Found,,,,,
tremorhub.com,Targeted Advertising cookies (including social media),"Magnite CTV, Inc.",HTTP Cookie,bench_new_T3_6069,,365,TRUE,https://www.CLIENT_X.bg/a-w/cookie-notice,Existing CM Trackers-Found,,,,,
CLIENT_X.bg,Essential cookies,CLIENT_X - Bulgaria,HTTP Cookie,bench_new_T3_4936,,,,,Existing CM Trackers-Not Found,,,,,
CLIENT_Xb2c.my.site.com,Performance cookies,"Salesforce.com, Inc.",JavaScript,bench_new_T3_5210,,,TRUE,https://www.CLIENT_X.bg/c-w/support-home/support-contact-page,Existing CM Trackers-Found,,,,,
www.googletagmanager.com,Performance cookies,Google Inc.,JavaScript,bench_new_T3_5693,,,TRUE,http://www.CLIENT_X.bg/,Existing CM Trackers-Found,,,,,
CLIENT_X.bg,Essential cookies,CLIENT_X - Bulgaria,HTTP Cookie,bench_new_T3_5795,,400,TRUE,https://www.CLIENT_X.bg/,Existing CM Trackers-Found,,,,,
snapchat.com,Targeted Advertising cookies (including social media),Snap Inc.,HTTP Cookie,_ga_failed_lookup_marker_3_1710,,390,TRUE,https://www.CLIENT_X.bg/c-e/ho/air-purifier-and-air-humidifier/air-care.html,Existing CM Trackers-Found,,,,,
CLIENT_Xb2c.my.site.com,Performance cookies,"Salesforce.com, Inc.",Local Storage,_ga_failed_lookup_marker_3_1711,,,TRUE,https://www.CLIENT_X.bg/c-w/support-home/support-contact-page,Existing CM Trackers-Found,,,,,
smetrics.marketing.lighting.CLIENT_X.co.jp,Essential cookies (exempt from consent),CLIENT_X Electronics Corporation Japan,JavaScript,blank (java),,,TRUE,https://www.CLIENT_X.bg/c-m-ho/coffee/support-for-coffee-machine,Existing CM Trackers-Found,,,,,
adservice.google.com,Targeted Advertising cookies (including social media),Google Advertising Products,Beacon,bench_new_T3_5952,,,TRUE,http://www.CLIENT_X.bg/,Existing CM Trackers-Found,,,,,
CLIENT_Xb2c.my.salesforce-scrt.com,Performance cookies,"Salesforce.com, Inc.",Beacon,bench_new_T3_6222,,,,https://www.CLIENT_X.bg/c-w/support-home/support-contact-page,New Third Party Trackers,,,,,
CLIENT_X.bg,Essential cookies,CLIENT_X - Bulgaria,HTTP Cookie,bench_new_T3_5013,,,,,Existing CM Trackers-Not Found,,,,,
pages.information.signify.com,Performance cookies,Signify (formerly CLIENT_X Lighting),JavaScript,bench_new_T3_5679,,,,,Existing CM Trackers-Not Found,,,,,
tools.eurolandir.com,Performance Cookies [Requires consent],Euroland,JavaScript,-,,bench_update_duration,,https://www.CLIENT_X.bg/c-w/search.html,New Third Party Trackers,,,,,
fonts.yieldify-production.com,Targeted Advertising cookies (including social media),Yieldify,ETag,bench_new_T3_6256,,,,,Existing CM Trackers-Not Found,,,,,
www.CLIENT_X.bg,Essential cookies,CLIENT_X - Bulgaria,HTTP Cookie,bench_new_T3_5502,,0,,https://www.CLIENT_X.bg/,New First Party Trackers,,,,,
www.googletagmanager.com,Performance cookies,Google Inc.,Beacon,bench_new_T3_4812,,,TRUE,https://www.CLIENT_X.bg/c-e/ho/coffee/lattego-series.html,Existing CM Trackers-Found,,,,,
code.jquery.com,Performance cookies,jQuery,ETag,bench_new_T3_5933,,,,,Existing CM Trackers-Not Found,,,,,
www.lighting.CLIENT_X.bg,Essential cookies,Signify (formerly CLIENT_X Lighting),HTTP Cookie,bench_new_T3_5864,,,,,Existing CM Trackers-Not Found,,,,,
consent-pref.trustarc.com,Essential cookies,TrustArc,Local Storage,_ga_failed_lookup_marker_3_1723,,,TRUE,"https://www.CLIENT_X.bg/etc/CLIENT_X/b2c/compareproducts.html?locale=bg_BG&catalog=CONSUMER&ctn=HR2875/00,HR2603/00,HR2602/00",Existing CM Trackers-Found,,,,,
CLIENT_X.bg,Essential cookies,CLIENT_X - Bulgaria,HTTP Cookie,bench_new_T3_6192,,90,TRUE,https://www.CLIENT_X.bg/,Existing CM Trackers-Found,,,,,
CLIENT_X.bg,Essential cookies,CLIENT_X - Bulgaria,HTTP Cookie,bench_new_T3_5028,,,,,Existing CM Trackers-Not Found,,,,,
ssl-static.janraincapture.com,Performance cookies,Akamai,JavaScript,bench_new_T3_6010,,,TRUE,https://www.CLIENT_X.bg/myCLIENT_X#/register-new-product/form/QP6541_15,Existing CM Trackers-Found,,,,,
googleads.g.doubleclick.net,Targeted Advertising cookies (including social media),Google Advertising Products,Beacon,bench_new_T3_5836,,,TRUE,http://www.CLIENT_X.bg/,Existing CM Trackers-Found,,,,,
CLIENT_X.bg,Performance cookies,CLIENT_X - Bulgaria,HTTP Cookie,_ga_failed_lookup_marker_3_1728,,,,,Existing CM Trackers-Not Found,,,,,
pages.information.signify.com,Performance cookies,Signify (formerly CLIENT_X Lighting),HTTP Cookie,bench_new_T3_5982,,,,,Existing CM Trackers-Not Found,,,,,
eloqua.com,Essential cookies,Oracle Marketing,HTTP Cookie,bench_new_T3_5050,,393,TRUE,https://www.CLIENT_X.bg/healthcare,Existing CM Trackers-Found,,,,,
apps.bazaarvoice.com,Performance cookies,"Bazaarvoice, Inc.",JavaScript,bench_new_T3_4814,,,TRUE,https://www.CLIENT_X.bg/c-e/ho/coffee-category.html,Existing CM Trackers-Found,,,,,
www.CLIENT_X.pl,Essential cookies (exempt from consent),CLIENT_X - Poland,HTTP Cookie,eddl_gtm_qe_session_start_6523424625,,bench_update_duration,,,Existing CM Trackers-Not Found,,,,,
CLIENT_X.bg,Essential cookies,CLIENT_X - Bulgaria,HTTP Cookie,bench_new_T3_5355,,,,,Existing CM Trackers-Not Found,,,,,
CLIENT_X.bg,Performance cookies,CLIENT_X - Bulgaria,HTTP Cookie,_ga_failed_lookup_marker_3_1734,,session,TRUE,https://www.CLIENT_X.bg/,Existing CM Trackers-Found,,,,,
www.store-CLIENT_X.tw,Essential cookies (exempt from consent),CLIENT_X Store - Taiwan,HTTP Cookie,CFFPCKUUIDMAIN,,1,TRUE,https://www.CLIENT_X.bg/c-e/ho/air-purifier-and-air-humidifier/air-care.html,Existing CM Trackers-Found,,,,,
www.google.com,Targeted Advertising cookies (including social media),Google Inc.,JavaScript,bench_new_T3_6104,,,TRUE,https://www.CLIENT_X.bg/c-m-ho/vacuum-cleaner-accessories,Existing CM Trackers-Found,,,,,
casalemedia.com,Targeted Advertising cookies (including social media),Index Exchange Inc.,HTTP Cookie,bench_new_T3_5584,,90,TRUE,https://www.CLIENT_X.bg/a-w/cookie-notice,Existing CM Trackers-Found,,,,,
www.CLIENT_X.hu,Essential cookies (exempt from consent),CLIENT_X - Hungary,HTTP Cookie,T01-recentlyViewedProducts,,,,,Existing CM Trackers-Not Found,,,,,
google.com,Performance cookies,Google Inc.,Local Storage,bench_new_T3_5283,,,TRUE,https://www.CLIENT_X.bg/c-m-pe/accessories-and-replacements,Existing CM Trackers-Found,,,,,
lighting.CLIENT_X.es,Essential cookies (exempt from consent),Signify (formerly CLIENT_X Lighting),HTTP Cookie,_mkto_trk,,400,,https://www.CLIENT_X.bg/,New First Party Trackers,,,,,
photometrics.lighting.CLIENT_X.com,Targeted Advertising cookies (including social media),Koninklijke CLIENT_X N.V.,Local Storage,bench_new_T3_6347,,,,,Existing CM Trackers-Not Found,,,,,
*.org.coveo.com,Performance cookies,Coveo Solutions Inc.,Beacon,bench_new_T3_6237,,,,https://www.CLIENT_X.bg/c-w/search.html,New Third Party Trackers,,,,,
www.lighting.CLIENT_X.bg,Essential cookies,Signify (formerly CLIENT_X Lighting),HTTP Cookie,_ga_failed_lookup_marker_3_1743,,,,,Existing CM Trackers-Not Found,,,,,
demdex.net,Targeted Advertising cookies (including social media),"Adobe Audience Manager, Adobe Experience Cloud",HTTP Cookie,_ga_failed_lookup_marker_3_1744,,,,,Existing CM Trackers-Not Found,,,,,
www.tienda.CLIENT_X.com.co,Essential cookies (exempt from consent),CLIENT_X - Colombia,HTTP Cookie,VtexRCSessionIdv7,,bench_update_duration,TRUE,https://www.CLIENT_X.bg/,Existing CM Trackers-Found,,,,,
*.mktoweb.com,Targeted Advertising cookies (including social media),Marketo,ETag,bench_new_T3_5341,,,,,Existing CM Trackers-Not Found,,,,,
analytics-au.clickdimensions.com,Performance Cookies [Requires consent],ClickDimensions,JavaScript,-,,,,,Existing CM Trackers-Not Found,,,,,
www.lighting.CLIENT_X.com.ph,Essential cookies (exempt from consent),CLIENT_X - Philippines,HTTP Cookie,s_int,,,,,Existing CM Trackers-Not Found,,,,,
www.lighting.CLIENT_X.bg,Essential cookies,Signify (formerly CLIENT_X Lighting),HTTP Cookie,_ga_failed_lookup_marker_3_1749,,,,,Existing CM Trackers-Not Found,,,,,
CLIENT_X.bg,Essential cookies,CLIENT_X - Bulgaria,HTTP Cookie,bench_new_T3_4847,,session,TRUE,https://www.CLIENT_X.bg/,Existing CM Trackers-Found,,,,,
lighting.CLIENT_X.bg,Essential cookies,Signify (formerly CLIENT_X Lighting),HTTP Cookie,bench_new_T3_5846,,,,,Existing CM Trackers-Not Found,,,,,
www.maxosfusionconfigurator.lighting.CLIENT_X.com,Performance cookies,Koninklijke CLIENT_X N.V.,ETag,bench_new_T3_5139,,,,,Existing CM Trackers-Not Found,,,,,
www.CLIENT_X.bg,Essential cookies,CLIENT_X - Bulgaria,HTTP Cookie,bench_new_T3_6167,,365,TRUE,https://www.CLIENT_X.bg/,Existing CM Trackers-Found,,,,,
beacon.speedcurve.com,Performance cookies,Speedcurve,Beacon,bench_new_T3_4943,,,,https://www.CLIENT_X.bg/c-m-au/car-lights,New Third Party Trackers,,,,,
www.CLIENT_X.bg,Essential cookies,CLIENT_X - Bulgaria,ETag,bench_new_T3_6282,,,TRUE,http://www.CLIENT_X.bg/,Existing CM Trackers-Found,,,,,
lighting.CLIENT_X.bg,Essential cookies,Signify (formerly CLIENT_X Lighting),HTTP Cookie,bench_new_T3_6037,,,,,Existing CM Trackers-Not Found,,,,,
CLIENT_X.co.nz,Essential cookies (exempt from consent),CLIENT_X - New Zealand,HTTP Cookie,notice_behavior,,bench_update_duration,,http://www.CLIENT_X.bg/,New Third Party Trackers,,,,,
CLIENT_X.bg,Essential cookies,CLIENT_X - Bulgaria,HTTP Cookie,bench_new_T3_6393,,90,,https://www.CLIENT_X.bg/,New First Party Trackers,,,,,
images.CLIENT_X.com,Essential cookies,Koninklijke CLIENT_X N.V.,ETag,bench_new_T3_5395,,,TRUE,https://www.CLIENT_X.bg/c-e/pe/CLIENT_X-oneblade-intimate.html,Existing CM Trackers-Found,,,,,
smetrics.marketing.lighting.CLIENT_X.com,Targeted Advertising cookies (including social media),Koninklijke CLIENT_X N.V.,JavaScript,bench_new_T3_5337,,,,,Existing CM Trackers-Not Found,,,,,
www.CLIENT_X.bg,Essential cookies,CLIENT_X - Bulgaria,HTTP Cookie,bench_new_T3_5847,,365,TRUE,https://www.CLIENT_X.bg/,Existing CM Trackers-Found,,,,,
www.maxosfusionconfigurator.lighting.CLIENT_X.com,Performance cookies,Koninklijke CLIENT_X N.V.,JavaScript,_ga_failed_lookup_marker_3_1762,,,,,Existing CM Trackers-Not Found,,,,,
lighting.CLIENT_X.com.hk,Essential cookies (exempt from consent),CLIENT_X - Hong Kong,HTTP Cookie,s_ppvl,,,TRUE,https://www.CLIENT_X.bg/c-m-ho/vacuum-cleaner-accessories,Existing CM Trackers-Found,,,,,
www.CLIENT_X.bg,Essential cookies,CLIENT_X - Bulgaria,HTTP Cookie,bench_new_T3_5951,,365,TRUE,https://www.CLIENT_X.bg/,Existing CM Trackers-Found,,,,,
*.t.eloqua.com,Performance cookies,Oracle Marketing,JavaScript,bench_new_T3_5817,,,,https://www.CLIENT_X.bg/healthcare,Existing CM Trackers-Found,,,,,
CLIENT_X.bg,Essential cookies,CLIENT_X - Bulgaria,HTTP Cookie,bench_new_T3_5555,,400,,https://www.CLIENT_X.bg/,New First Party Trackers,,,,,
doubleclick.net,Targeted Advertising cookies (including social media),Google Advertising Products,HTTP Cookie,bench_new_T3_5594,,390,TRUE,https://www.CLIENT_X.bg/,Existing CM Trackers-Found,,,,,
youtube.com,Targeted Advertising cookies (including social media),Google Advertising Products,HTTP Cookie,bench_new_T3_5284,,180,TRUE,https://www.CLIENT_X.bg/c-e/au/automotive-articles?npagination=0,Existing CM Trackers-Found,,,,,
www.rendertool.lighting.CLIENT_X.com,Targeted Advertising cookies (including social media),Signify (formerly CLIENT_X Lighting),ETag,bench_new_T3_5963,,,,,Existing CM Trackers-Not Found,,,,,
CLIENT_X.com.tw,Essential cookies (exempt from consent),CLIENT_X - Taiwan,HTTP Cookie,s_nrpv,,,,,Existing CM Trackers-Not Found,,,,,
CLIENT_X.bg,Essential cookies,CLIENT_X - Bulgaria,HTTP Cookie,bench_new_T3_4863,,,,,Existing CM Trackers-Not Found,,,,,
nebula-cdn.kampyle.com,Performance cookies,Medallia,ETag,_ga_failed_lookup_marker_3_1772,,,TRUE,http://www.CLIENT_X.bg/,Existing CM Trackers-Found,,,,,
www.lighting.CLIENT_X.bg,Essential cookies,Signify (formerly CLIENT_X Lighting),HTTP Cookie,bench_new_T3_6362,,,,,Existing CM Trackers-Not Found,,,,,
linkedin.com,Targeted Advertising cookies (including social media),LinkedIn,HTTP Cookie,bench_new_T3_5148,,365,TRUE,https://www.CLIENT_X.bg/c-e/ho/air-purifier-and-air-humidifier/air-care.html,Existing CM Trackers-Found,,,,,
CLIENT_X.hr,Essential cookies (exempt from consent),CLIENT_X - Croatia,HTTP Cookie,s_eVar44,,,,https://www.CLIENT_X.bg/a-w/cookie-notice,Existing CM Trackers-Found,,,,,
CLIENT_X.bg,Targeted Advertising cookies (including social media),CLIENT_X - Bulgaria,HTTP Cookie,bench_new_T3_6116,,90,TRUE,https://www.CLIENT_X.bg/,Existing CM Trackers-Found,,,,,
px.ads.linkedin.com,Targeted Advertising cookies (including social media),LinkedIn,JavaScript,bench_new_T3_5998,,,TRUE,https://www.CLIENT_X.bg/c-p/AC1715_10/1000i-series-air-purifier-for-medium-rooms,Existing CM Trackers-Found,,,,,
CLIENT_Xb2c.my.site.com,Performance cookies,"Salesforce.com, Inc.",Local Storage,bench_new_T3_5697,,,TRUE,https://www.CLIENT_X.bg/c-w/support-home/support-contact-page,Existing CM Trackers-Found,,,,,
CLIENT_X.hu,Essential cookies (exempt from consent),CLIENT_X - Hungary,HTTP Cookie,s_cm,,,TRUE,https://www.CLIENT_X.bg/c-e/ho/coffee/lattego-series.html,Existing CM Trackers-Found,,,,,
ajax.googleapis.com,Performance cookies,Google Inc.,JavaScript,bench_new_T3_5582,,,,,Existing CM Trackers-Not Found,,,,,
CLIENT_X.bg,Essential cookies,CLIENT_X - Bulgaria,HTTP Cookie,_ga_failed_lookup_marker_3_1781,,393,TRUE,https://www.CLIENT_X.bg/,Existing CM Trackers-Found,,,,,
www.CLIENT_X-hue.com,Performance cookies,CLIENT_X Hue,ETag,_ga_failed_lookup_marker_3_1782,,,,,Existing CM Trackers-Not Found,,,,,
CLIENT_X.bg,Essential cookies,CLIENT_X - Bulgaria,HTTP Cookie,bench_new_T3_6154,,,,,Existing CM Trackers-Not Found,,,,,
consent-st.trustarc.com,Essential cookies,TrustArc,JavaScript,bench_new_T3_5654,,,TRUE,"https://www.CLIENT_X.bg/etc/CLIENT_X/b2c/compareproducts.html?locale=bg_BG&catalog=CONSUMER&ctn=HR2875/00,HR2603/00,HR2602/00",Existing CM Trackers-Found,,,,,
conversiontool.lighting.CLIENT_X.com,Targeted Advertising cookies (including social media),Koninklijke CLIENT_X N.V.,Local Storage,_ga_failed_lookup_marker_3_1785,,,,,Existing CM Trackers-Not Found,,,,,
photometrics.lighting.CLIENT_X.com,Targeted Advertising cookies (including social media),Koninklijke CLIENT_X N.V.,Local Storage,bench_new_T3_5850,,,,,Existing CM Trackers-Not Found,,,,,
CLIENT_X.bg,Essential cookies,CLIENT_X - Bulgaria,HTTP Cookie,bench_new_T3_5987,,,,,Existing CM Trackers-Not Found,,,,,
www.conversiontool.lighting.CLIENT_X.com,Targeted Advertising cookies (including social media),Signify (formerly CLIENT_X Lighting),ETag,bench_new_T3_6072,,,,,Existing CM Trackers-Not Found,,,,,
doubleclick.net,Targeted Advertising cookies (including social media),Google Advertising Products,HTTP Cookie,bench_new_T3_5762,,0,TRUE,https://www.CLIENT_X.bg/,Existing CM Trackers-Found,,,,,
CLIENT_X.bg,Essential cookies,CLIENT_X - Bulgaria,HTTP Cookie,bench_new_T3_6128,,session,TRUE,https://www.CLIENT_X.bg/,Existing CM Trackers-Found,,,,,
www.docs.lighting.CLIENT_X.com,Performance cookies,Signify (formerly CLIENT_X Lighting),JavaScript,bench_new_T3_5629,,,,,Existing CM Trackers-Not Found,,,,,
www.CLIENT_X.bg,Essential cookies,CLIENT_X - Bulgaria,HTTP Cookie,bench_new_T3_5839,,10,TRUE,https://www.CLIENT_X.bg/,Existing CM Trackers-Found,,,,,
consent.trustarc.com,Essential cookies,TrustArc,Beacon,bench_new_T3_6199,,,TRUE,http://www.CLIENT_X.bg/,Existing CM Trackers-Found,,,,,
sc-static.net,Targeted Advertising cookies (including social media),Snap Inc.,HTTP Cookie,bench_new_T3_5599,,1,TRUE,https://www.CLIENT_X.bg/c-e/ho/air-purifier-and-air-humidifier/air-care.html,Existing CM Trackers-Found,,,,,
www.CLIENT_X.bg,Essential cookies,CLIENT_X - Bulgaria,HTTP Cookie,bench_new_T3_4925,,365,TRUE,https://www.CLIENT_X.bg/,Existing CM Trackers-Found,,,,,
www.conversiontool.lighting.CLIENT_X.com,Targeted Advertising cookies (including social media),Signify (formerly CLIENT_X Lighting),ETag,bench_new_T3_5385,,,,,Existing CM Trackers-Not Found,,,,,
nebula-cdn.kampyle.com,Performance cookies,Medallia,JavaScript,bench_new_T3_5704,,,TRUE,http://www.CLIENT_X.bg/,Existing CM Trackers-Found,,,,,
apps.bazaarvoice.com,Performance cookies,"Bazaarvoice, Inc.",ETag,_ga_failed_lookup_marker_3_1798,,,TRUE,https://www.CLIENT_X.bg/c-e/ho/coffee-category.html,Existing CM Trackers-Found,,,,,
www.lighting.CLIENT_X.com.pe,Essential cookies (exempt from consent),Signify (formerly CLIENT_X Lighting),HTTP Cookie,s_mc,,180,TRUE,https://www.CLIENT_X.bg/c-m-pe/accessories-and-replacements,Existing CM Trackers-Found,,,,,
fonts.yieldify-production.com,Targeted Advertising cookies (including social media),Yieldify,ETag,bench_new_T3_5922,,,,,Existing CM Trackers-Not Found,,,,,
snapchat.com,Targeted Advertising cookies (including social media),Snap Inc.,HTTP Cookie,bench_new_T3_5851,,390,TRUE,https://www.CLIENT_X.bg/c-e/ho/air-purifier-and-air-humidifier/air-care.html,Existing CM Trackers-Found,,,,,
cdn.channelsight.com,Essential cookies,ChannelSight,ETag,bench_new_T3_5900,,,TRUE,https://www.CLIENT_X.bg/c-e/ho/cooking/multicooker-all-in-one.html,Existing CM Trackers-Found,,,,,
www.lighting.CLIENT_X.com,Performance cookies,Signify (formerly CLIENT_X Lighting),JavaScript,bench_new_T3_6259,,,,,Existing CM Trackers-Not Found,,,,,
CLIENT_X.bg,Essential cookies,CLIENT_X - Bulgaria,HTTP Cookie,bench_new_T3_4818,,90,TRUE,https://www.CLIENT_X.bg/,Existing CM Trackers-Found,,,,,
tr.snapchat.com,Targeted Advertising cookies (including social media),Snap Inc.,Beacon,bench_new_T3_5157,,,TRUE,https://www.CLIENT_X.bg/c-e/ho/air-purifier-and-air-humidifier/air-care.html,Existing CM Trackers-Found,,,,,
CLIENT_X.bg,Targeted Advertising cookies (including social media),CLIENT_X - Bulgaria,HTTP Cookie,bench_new_T3_6351,,90,TRUE,https://www.CLIENT_X.bg/,Existing CM Trackers-Found,,,,,
photometrics.lighting.CLIENT_X.com,Targeted Advertising cookies (including social media),Koninklijke CLIENT_X N.V.,Local Storage,bench_new_T3_5485,,,,,Existing CM Trackers-Not Found,,,,,
www.CLIENT_X.bg,Essential cookies,CLIENT_X - Bulgaria,HTTP Cookie,bench_new_T3_6106,,365,TRUE,https://www.CLIENT_X.bg/,Existing CM Trackers-Found,,,,,
consent.trustarc.com,Essential cookies,TrustArc,Beacon,bench_new_T3_4958,,,TRUE,http://www.CLIENT_X.bg/,Existing CM Trackers-Found,,,,,
static.cloud.coveo.com,Targeted Advertising cookies (including social media),Coveo Solutions Inc.,JavaScript,bench_new_T3_4838,,,TRUE,https://www.CLIENT_X.bg/healthcare/about/support/resource-center/results,Existing CM Trackers-Found,,,,,
www.CLIENT_X.bg,Essential cookies,CLIENT_X - Bulgaria,ETag,bench_new_T3_5474,,,TRUE,http://www.CLIENT_X.bg/,Existing CM Trackers-Found,,,,,
demdex.net,Targeted Advertising cookies (including social media),"Adobe Audience Manager, Adobe Experience Cloud",HTTP Cookie,bench_new_T3_6233,,,,,Existing CM Trackers-Not Found,,,,,
*.t.eloqua.com,Performance cookies,Oracle Marketing,Beacon,bench_new_T3_6147,,,,https://www.CLIENT_X.bg/healthcare,New Third Party Trackers,,,,,
CLIENT_X.bg,Essential cookies,CLIENT_X - Bulgaria,HTTP Cookie,bench_new_T3_6193,,,,,Existing CM Trackers-Not Found,,,,,
*.t.eloqua.com,Performance cookies,Oracle Marketing,JavaScript,bench_new_T3_5137,,,,https://www.CLIENT_X.bg/healthcare,Existing CM Trackers-Found,,,,,
assets.adoberesources.net,Performance cookies,Adobe Inc.,ETag,bench_new_T3_5483,,,,,Existing CM Trackers-Not Found,,,,,
www.google.com,Targeted Advertising cookies (including social media),Google Inc.,Beacon,_ga_failed_lookup_marker_3_1817,,,TRUE,http://www.CLIENT_X.bg/,Existing CM Trackers-Found,,,,,
www.lighting.CLIENT_X.com,Performance cookies,Signify (formerly CLIENT_X Lighting),JavaScript,bench_new_T3_4869,,,,,Existing CM Trackers-Not Found,,,,,
photometrics.lighting.CLIENT_X.com,Targeted Advertising cookies (including social media),Koninklijke CLIENT_X N.V.,Local Storage,bench_new_T3_6395,,,,,Existing CM Trackers-Not Found,,,,,
maps.googleapis.com,Targeted Advertising cookies (including social media),Google Inc.,ETag,bench_new_T3_5017,,,TRUE,https://www.CLIENT_X.bg/healthcare/about/distributors,Existing CM Trackers-Found,,,,,
www.CLIENT_X.bg,Essential cookies,CLIENT_X - Bulgaria,HTTP Cookie,bench_new_T3_5886,,365,TRUE,https://www.CLIENT_X.bg/,Existing CM Trackers-Found,,,,,
CLIENT_X.bg,Essential cookies,CLIENT_X - Bulgaria,HTTP Cookie,bench_new_T3_5536,,0,TRUE,https://www.CLIENT_X.bg/,Existing CM Trackers-Found,,,,,
CLIENT_X.bg,Essential cookies,CLIENT_X - Bulgaria,Local Storage,bench_new_T3_5049,,,TRUE,https://www.CLIENT_X.bg/c-w/support-home/support-contact-page,Existing CM Trackers-Found,,,,,
www.CLIENT_X.bg,Essential cookies,CLIENT_X - Bulgaria,Beacon,bench_new_T3_5380,,,TRUE,http://www.CLIENT_X.bg/,Existing CM Trackers-Found,,,,,
www.lighting.CLIENT_X.bg,Essential cookies,Signify (formerly CLIENT_X Lighting),HTTP Cookie,bench_new_T3_5598,,,,,Existing CM Trackers-Not Found,,,,,
www.lighting.CLIENT_X.bg,Essential cookies,Signify (formerly CLIENT_X Lighting),HTTP Cookie,bench_new_T3_4932,,,,,Existing CM Trackers-Not Found,,,,,
CLIENT_X.bg,Essential cookies,CLIENT_X - Bulgaria,HTTP Cookie,_ga_failed_lookup_marker_3_1827,,0,TRUE,https://www.CLIENT_X.bg/,Existing CM Trackers-Found,,,,,
analytics.tiktok.com,Targeted Advertising cookies (including social media),TikTok,Beacon,bench_new_T3_5233,,,TRUE,http://www.CLIENT_X.bg/,Existing CM Trackers-Found,,,,,
www.google.com,Targeted Advertising cookies (including social media),Google Inc.,JavaScript,bench_new_T3_6118,,,TRUE,https://www.CLIENT_X.bg/c-m-ho/vacuum-cleaner-accessories,Existing CM Trackers-Found,,,,,
www.CLIENT_X.bg,Essential cookies,CLIENT_X - Bulgaria,HTTP Cookie,bench_new_T3_5316,,365,TRUE,https://www.CLIENT_X.bg/,Existing CM Trackers-Found,,,,,
www.healthcare.shop.CLIENT_X.fr,Essential cookies (exempt from consent),CLIENT_X - France,Local Storage,blank (local storage),,bench_update_duration,TRUE,http://www.CLIENT_X.bg/,Existing CM Trackers-Found,,,,,
lighting.CLIENT_X.bg,Essential cookies,Signify (formerly CLIENT_X Lighting),HTTP Cookie,bench_new_T3_5150,,,,,Existing CM Trackers-Not Found,,,,,
www.crsc.CLIENT_X.com,Targeted Advertising cookies (including social media),Koninklijke CLIENT_X N.V.,JavaScript,bench_new_T3_5553,,,TRUE,https://www.CLIENT_X.bg/myCLIENT_X#/register-new-product/form/QP6541_15,Existing CM Trackers-Found,,,,,
CLIENT_X.nl,Essential cookies (exempt from consent),CLIENT_X - Netherlands,HTTP Cookie,cto_bundle,,,,https://www.CLIENT_X.bg/c-w/support-home/support-contact-page,New Third Party Trackers,,,,,
cdn.jsdelivr.net,Performance cookies,Volentio JSD Limited,ETag,bench_new_T3_5114,,,,,Existing CM Trackers-Not Found,,,,,
casalemedia.com,Targeted Advertising cookies (including social media),Index Exchange Inc.,HTTP Cookie,bench_new_T3_6363,,365,TRUE,https://www.CLIENT_X.bg/a-w/cookie-notice,Existing CM Trackers-Found,,,,,
www.photometrics.lighting.CLIENT_X.com,Targeted Advertising cookies (including social media),Koninklijke CLIENT_X N.V.,ETag,bench_new_T3_5664,,,,,Existing CM Trackers-Not Found,,,,,
tag-logger.demandbase.com,Targeted Advertising cookies (including social media),"Demandbase, Inc.",ETag,bench_new_T3_5479,,,,https://www.CLIENT_X.bg/healthcare/clinical-solutions/alarm-management,New Third Party Trackers,,,,,
static.cloud.coveo.com,Targeted Advertising cookies (including social media),Coveo Solutions Inc.,JavaScript,bench_new_T3_4967,,,TRUE,https://www.CLIENT_X.bg/healthcare/about/support/resource-center/results,Existing CM Trackers-Found,,,,,
googleads.g.doubleclick.net,Targeted Advertising cookies (including social media),Google Advertising Products,Beacon,bench_new_T3_6182,,,TRUE,http://www.CLIENT_X.bg/,Existing CM Trackers-Found,,,,,
www.lighting.CLIENT_X.com.co,Essential cookies (exempt from consent),Signify (formerly CLIENT_X Lighting),HTTP Cookie,s_mc,,,TRUE,https://www.CLIENT_X.bg/healthcare/education-resources/publications/fieldstrength?npagination=0,Existing CM Trackers-Found,,,,,
www.CLIENT_X.com.hk,Essential cookies (exempt from consent),CLIENT_X - Hong Kong,HTTP Cookie,fl_qualified_entry,,bench_update_duration,TRUE,https://www.CLIENT_X.bg/,Existing CM Trackers-Found,,,,,
cdn.speedcurve.com,Performance cookies,Speedcurve,JavaScript,bench_new_T3_5430,,,,http://www.CLIENT_X.bg/,New Third Party Trackers,,,,,
munchkin.marketo.net,Targeted Advertising cookies (including social media),Marketo,ETag,bench_new_T3_5439,,,,,Existing CM Trackers-Not Found,,,,,
cdn.cookielaw.org,Targeted Advertising Cookies (including social media) [Requires consent],Cookie Law Regulations,ETag,-,,,,,Existing CM Trackers-Not Found,,,,,
CLIENT_X.bg,Essential cookies,CLIENT_X - Bulgaria,HTTP Cookie,bench_new_T3_5624,,,,,Existing CM Trackers-Not Found,,,,,
CLIENT_Xb2c.my.site.com,Performance cookies,"Salesforce.com, Inc.",Local Storage,bench_new_T3_5065,,,TRUE,https://www.CLIENT_X.bg/c-w/support-home/support-contact-page,Existing CM Trackers-Found,,,,,
f.vimeocdn.com,Performance Cookies [Requires consent],Vimeo,JavaScript,-,,bench_update_duration,,https://www.CLIENT_X.bg/a-w/cookie-notice,Existing CM Trackers-Found,,,,,
analytics-ipv6.tiktokw.us,Targeted Advertising cookies (including social media),TikTok,Beacon,bench_new_T3_6120,,,,http://www.CLIENT_X.bg/,New Third Party Trackers,,,,,
youtube.com,Targeted Advertising cookies (including social media),Google Advertising Products,HTTP Cookie,_ga_failed_lookup_marker_3_1850,,180,TRUE,https://www.CLIENT_X.bg/c-e/au/automotive-articles?npagination=0,Existing CM Trackers-Found,,,,,
ssl-static.janraincapture.com,Performance cookies,Akamai,JavaScript,bench_new_T3_5806,,,TRUE,https://www.CLIENT_X.bg/myCLIENT_X#/register-new-product/form/QP6541_15,Existing CM Trackers-Found,,,,,
www.crsc.CLIENT_X.com,Targeted Advertising cookies (including social media),Koninklijke CLIENT_X N.V.,JavaScript,bench_new_T3_6378,,,TRUE,https://www.CLIENT_X.bg/myCLIENT_X#/register-new-product/form/QP6541_15,Existing CM Trackers-Found,,,,,
www.family.CLIENT_X.co.kr,Essential cookies (exempt from consent),CLIENT_X - Korea,HTTP Cookie,PHPSESSID,,90,,https://www.CLIENT_X.bg/,New First Party Trackers,,,,,
youtube.com,Targeted Advertising cookies (including social media),Google Advertising Products,HTTP Cookie,bench_new_T3_5673,,180,TRUE,https://www.CLIENT_X.bg/c-e/au/automotive-articles?npagination=0,Existing CM Trackers-Found,,,,,
region1.google-analytics.com,Performance cookies,Google Inc.,Beacon,bench_new_T3_5190,,,,,Existing CM Trackers-Not Found,,,,,
lighting.CLIENT_X.bg,Essential cookies,Signify (formerly CLIENT_X Lighting),HTTP Cookie,bench_new_T3_5748,,,,,Existing CM Trackers-Not Found,,,,,
linkedin.com,Targeted Advertising cookies (including social media),LinkedIn,HTTP Cookie,bench_new_T3_5022,,365,TRUE,https://www.CLIENT_X.bg/c-e/ho/air-purifier-and-air-humidifier/air-care.html,Existing CM Trackers-Found,,,,,
eloqua.com,Essential cookies,Oracle Marketing,HTTP Cookie,_ga_failed_lookup_marker_3_1858,,393,TRUE,https://www.CLIENT_X.bg/healthcare,Existing CM Trackers-Found,,,,,
googleads.g.doubleclick.net,Targeted Advertising cookies (including social media),Google Advertising Products,Beacon,bench_new_T3_5716,,,TRUE,http://www.CLIENT_X.bg/,Existing CM Trackers-Found,,,,,
www.lighting.CLIENT_X.co.th,Essential cookies (exempt from consent),Signify (formerly CLIENT_X Lighting),HTTP Cookie,s_sid,,bench_update_duration,,http://www.CLIENT_X.bg/,New Third Party Trackers,,,,,
CLIENT_X.be,Essential cookies (exempt from consent),CLIENT_X - Belgium,HTTP Cookie,test,,bench_update_duration,,,Existing CM Trackers-Not Found,,,,,
*.mktoweb.com,Targeted Advertising cookies (including social media),Marketo,ETag,bench_new_T3_5959,,,,,Existing CM Trackers-Not Found,,,,,
www.CLIENT_X.com.eg,Essential cookies (exempt from consent),CLIENT_X - Egypt,JavaScript,blank (java),,,,http://www.CLIENT_X.bg/,New Third Party Trackers,,,,,
www.lighting.CLIENT_X.co.za,Essential cookies (exempt from consent),Signify (formerly CLIENT_X Lighting),HTTP Cookie,s_int,,bench_update_duration,TRUE,https://www.CLIENT_X.bg/c-e/ho/air-purifier-and-air-humidifier/air-care.html,Existing CM Trackers-Found,,,,,
beacon.speedcurve.com,Performance cookies,Speedcurve,Beacon,bench_new_T3_5589,,,,https://www.CLIENT_X.bg/c-m-au/car-lights,New Third Party Trackers,,,,,
www.CLIENT_X.bg,Performance cookies,CLIENT_X - Bulgaria,HTTP Cookie,bench_new_T3_5695,,session,TRUE,https://www.CLIENT_X.bg/,Existing CM Trackers-Found,,,,,
analytics.tiktok.com,Targeted Advertising cookies (including social media),TikTok,JavaScript,bench_new_T3_6244,,,TRUE,http://www.CLIENT_X.bg/,Existing CM Trackers-Found,,,,,
CLIENT_X.bg,Essential cookies,CLIENT_X - Bulgaria,HTTP Cookie,bench_new_T3_5942,,393,TRUE,https://www.CLIENT_X.bg/,Existing CM Trackers-Found,,,,,
www.ledsavingscalculator.CLIENT_X.co.uk,Performance cookies,Signify (formerly CLIENT_X Lighting),ETag,bench_new_T3_5061,,,,,Existing CM Trackers-Not Found,,,,,
www.ledsavingscalculator.CLIENT_X.co.uk,Performance cookies,Signify (formerly CLIENT_X Lighting),ETag,bench_new_T3_5991,,,,,Existing CM Trackers-Not Found,,,,,
doubleclick.net,Targeted Advertising cookies (including social media),Google Advertising Products,HTTP Cookie,bench_new_T3_5903,,390,TRUE,https://www.CLIENT_X.bg/,Existing CM Trackers-Found,,,,,
cdn.botframework.com,Performance cookies,Microsoft Bot Framework,JavaScript,bench_new_T3_6093,,,TRUE,https://www.CLIENT_X.bg/c-m-pe/toothbrush-heads/diamondclean/latest,Existing CM Trackers-Found,,,,,
www.accounts.CLIENT_X.com,Essential cookies,Koninklijke CLIENT_X N.V.,JavaScript,bench_new_T3_5327,,,TRUE,https://www.CLIENT_X.bg/myCLIENT_X#/register-new-product/form/QP6541_15,Existing CM Trackers-Found,,,,,
CLIENT_X.com.tr,Essential cookies (exempt from consent),CLIENT_X - Turkey,HTTP Cookie,coveo_visitorId,,bench_update_duration,TRUE,https://www.CLIENT_X.bg/myCLIENT_X#/register-new-product/form/QP6541_15,Existing CM Trackers-Found,,,,,
CLIENT_X.bg,Essential cookies,CLIENT_X - Bulgaria,HTTP Cookie,bench_new_T3_4911,,393,TRUE,https://www.CLIENT_X.bg/,Existing CM Trackers-Found,,,,,
*.casalemedia.com,Targeted Advertising cookies (including social media),Index Exchange Inc.,Beacon,bench_new_T3_6134,,,,https://www.CLIENT_X.bg/a-w/cookie-notice,Existing CM Trackers-Found,,,,,
CLIENT_X.bg,Performance cookies,CLIENT_X - Bulgaria,HTTP Cookie,bench_new_T3_5247,,,,,Existing CM Trackers-Not Found,,,,,
CLIENT_Xb2c.my.site.com,Performance cookies,"Salesforce.com, Inc.",ETag,bench_new_T3_6277,,,TRUE,https://www.CLIENT_X.bg/c-w/support-home/support-contact-page,Existing CM Trackers-Found,,,,,
consent.trustarc.com,Essential cookies,TrustArc,Beacon,bench_new_T3_5200,,,TRUE,http://www.CLIENT_X.bg/,Existing CM Trackers-Found,,,,,
casalemedia.com,Targeted Advertising cookies (including social media),Index Exchange Inc.,HTTP Cookie,bench_new_T3_6190,,365,TRUE,https://www.CLIENT_X.bg/a-w/cookie-notice,Existing CM Trackers-Found,,,,,
CLIENT_X.com.qa,Essential cookies (exempt from consent),CLIENT_X - Qatar,HTTP Cookie,s_cm_direct,,,,,Existing CM Trackers-Not Found,,,,,
tag.demandbase.com,Targeted Advertising cookies (including social media),"Demandbase, Inc.",JavaScript,bench_new_T3_6290,,,TRUE,https://www.CLIENT_X.bg/a-w/cookie-notice,Existing CM Trackers-Found,,,,,
*.mktoweb.com,Targeted Advertising cookies (including social media),Marketo,JavaScript,bench_new_T3_6030,,,,,Existing CM Trackers-Not Found,,,,,
CLIENT_Xb2c.my.site.com,Performance cookies,"Salesforce.com, Inc.",JavaScript,bench_new_T3_6288,,,TRUE,https://www.CLIENT_X.bg/c-w/support-home/support-contact-page,Existing CM Trackers-Found,,,,,
static.cloud.coveo.com,Targeted Advertising cookies (including social media),Coveo Solutions Inc.,JavaScript,_ga_failed_lookup_marker_3_1885,,,TRUE,https://www.CLIENT_X.bg/healthcare/about/support/resource-center/results,Existing CM Trackers-Found,,,,,
doubleclick.net,Targeted Advertising cookies (including social media),Google Advertising Products,HTTP Cookie,bench_new_T3_5949,,,,,Existing CM Trackers-Not Found,,,,,
CLIENT_X.com.cn,Essential cookies (exempt from consent),CLIENT_X - China,HTTP Cookie,_ga,,bench_update_duration,,,Existing CM Trackers-Not Found,,,,,
ssl-static.janraincapture.com,Performance cookies,Akamai,JavaScript,bench_new_T3_5713,,,TRUE,https://www.CLIENT_X.bg/myCLIENT_X#/register-new-product/form/QP6541_15,Existing CM Trackers-Found,,,,,
google.com,Performance cookies,Google Inc.,Local Storage,bench_new_T3_6287,,,TRUE,https://www.CLIENT_X.bg/c-m-pe/accessories-and-replacements,Existing CM Trackers-Found,,,,,
pages.information.signify.com,Performance cookies,Signify (formerly CLIENT_X Lighting),Local Storage,bench_new_T3_5032,,,,,Existing CM Trackers-Not Found,,,,,
youtube.com,Targeted Advertising cookies (including social media),Google Advertising Products,HTTP Cookie,_ga_failed_lookup_marker_3_1891,,180,TRUE,https://www.CLIENT_X.bg/c-e/au/automotive-articles?npagination=0,Existing CM Trackers-Found,,,,,
nebula-cdn.kampyle.com,Performance cookies,Medallia,JavaScript,bench_new_T3_6243,,,TRUE,http://www.CLIENT_X.bg/,Existing CM Trackers-Found,,,,,
raw.githubusercontent.com,Performance cookies,GitHub Inc.,ETag,bench_new_T3_5382,,,TRUE,https://www.CLIENT_X.bg/healthcare/about/distributors,Existing CM Trackers-Found,,,,,
www.facebook.com,Targeted Advertising cookies (including social media),Meta (formerly Facebook),Beacon,bench_new_T3_5719,,,TRUE,http://www.CLIENT_X.bg/,Existing CM Trackers-Found,,,,,
www.googleapis.com,Performance cookies,Google Inc.,JavaScript,bench_new_T3_6224,,,TRUE,https://www.CLIENT_X.bg/c-e/au/car-lights/automotive-articles.html,Existing CM Trackers-Found,,,,,
CLIENT_X.bg,Targeted Advertising cookies (including social media),CLIENT_X - Bulgaria,HTTP Cookie,bench_new_T3_5588,,90,TRUE,https://www.CLIENT_X.bg/,Existing CM Trackers-Found,,,,,
tracker-detail-page.trustarc.com,Essential cookies,TrustArc,ETag,_ga_failed_lookup_marker_3_1897,,,,https://www.CLIENT_X.bg/a-w/cookie-notice,New Third Party Trackers,,,,,
analytics.tiktok.com,Targeted Advertising cookies (including social media),TikTok,JavaScript,bench_new_T3_5976,,,TRUE,http://www.CLIENT_X.bg/,Existing CM Trackers-Found,,,,,
CLIENT_X.com.tr,Essential cookies (exempt from consent),CLIENT_X - Turkey,HTTP Cookie,_gdXXX,,session,TRUE,http://www.CLIENT_X.bg/,Existing CM Trackers-Found,,,,,
acdn-digitaltrans-01-p.azureedge.net,Targeted Advertising cookies (including social media),Microsoft,JavaScript,bench_new_T3_5174,,,TRUE,https://www.CLIENT_X.bg/c-m-pe/toothbrush-heads/diamondclean/latest,Existing CM Trackers-Found,,,,,
CLIENT_X.bg,Essential cookies,CLIENT_X - Bulgaria,HTTP Cookie,bench_new_T3_5276,,,,,Existing CM Trackers-Not Found,,,,,
CLIENT_Xb2c.my.salesforce-scrt.com,Performance cookies,"Salesforce.com, Inc.",Beacon,bench_new_T3_4920,,,,https://www.CLIENT_X.bg/c-w/support-home/support-contact-page,New Third Party Trackers,,,,,
www.CLIENT_X.bg,Essential cookies,CLIENT_X - Bulgaria,HTTP Cookie,bench_new_T3_6384,,365,TRUE,https://www.CLIENT_X.bg/,Existing CM Trackers-Found,,,,,
tremorhub.com,Targeted Advertising cookies (including social media),"Magnite CTV, Inc.",HTTP Cookie,bench_new_T3_5435,,400,TRUE,https://www.CLIENT_X.bg/a-w/cookie-notice,Existing CM Trackers-Found,,,,,
www.datadoghq-browser-agent.com,Performance cookies,Datadog,ETag,bench_new_T3_6263,,,,,Existing CM Trackers-Not Found,,,,,
apps.bazaarvoice.com,Performance cookies,"Bazaarvoice, Inc.",ETag,bench_new_T3_6207,,,TRUE,https://www.CLIENT_X.bg/c-e/ho/coffee-category.html,Existing CM Trackers-Found,,,,,
www.lighting.CLIENT_X.ua,Essential cookies (exempt from consent),Signify (formerly CLIENT_X Lighting),HTTP Cookie,s_as,,bench_update_duration,TRUE,https://www.CLIENT_X.bg/c-e/au/automotive-articles?npagination=0,Existing CM Trackers-Found,,,,,
linkedin.com,Targeted Advertising cookies (including social media),LinkedIn,HTTP Cookie,bench_new_T3_5945,,180,TRUE,https://www.CLIENT_X.bg/c-e/ho/air-purifier-and-air-humidifier/air-care.html,Existing CM Trackers-Found,,,,,
adservice.google.com,Targeted Advertising cookies (including social media),Google Advertising Products,Beacon,bench_new_T3_5001,,,TRUE,http://www.CLIENT_X.bg/,Existing CM Trackers-Found,,,,,
www.crsc.lighting.CLIENT_X.com,Performance cookies,Signify (formerly CLIENT_X Lighting),JavaScript,bench_new_T3_5869,,,,,Existing CM Trackers-Not Found,,,,,
CLIENT_X.bg,Performance cookies,CLIENT_X - Bulgaria,HTTP Cookie,bench_new_T3_5856,,0,TRUE,https://www.CLIENT_X.bg/,Existing CM Trackers-Found,,,,,
CLIENT_X.bg,Essential cookies,CLIENT_X - Bulgaria,HTTP Cookie,bench_new_T3_6214,,session,TRUE,https://www.CLIENT_X.bg/,Existing CM Trackers-Found,,,,,
conversiontool.lighting.CLIENT_X.com,Targeted Advertising cookies (including social media),Koninklijke CLIENT_X N.V.,Local Storage,bench_new_T3_5476,,,,,Existing CM Trackers-Not Found,,,,,
CLIENT_X.com,Essential cookies,Koninklijke CLIENT_X N.V.,HTTP Cookie,bench_new_T3_6341,,,,,Existing CM Trackers-Not Found,,,,,
maxosfusionconfigurator.lighting.CLIENT_X.com,Targeted Advertising cookies (including social media),Koninklijke CLIENT_X N.V.,Local Storage,bench_new_T3_6051,,,,,Existing CM Trackers-Not Found,,,,,
www.crsc.CLIENT_X.com,Targeted Advertising cookies (including social media),Koninklijke CLIENT_X N.V.,ETag,bench_new_T3_5136,,,TRUE,https://www.CLIENT_X.bg/myCLIENT_X#/register-new-product/form/QP6541_15,Existing CM Trackers-Found,,,,,
images.CLIENT_X.com,Essential cookies,Koninklijke CLIENT_X N.V.,ETag,bench_new_T3_5093,,,TRUE,https://www.CLIENT_X.bg/c-e/pe/CLIENT_X-oneblade-intimate.html,Existing CM Trackers-Found,,,,,
CLIENT_X.112.2o7.net,Performance cookies,"Adobe Audience Manager, Adobe Experience Cloud",HTTP Cookie,_ga_failed_lookup_marker_3_1918,,400,,https://www.CLIENT_X.bg/,New Third Party Trackers,,,,,
CLIENT_X.112.2o7.net,Performance cookies,"Adobe Audience Manager, Adobe Experience Cloud",HTTP Cookie,bench_new_T3_4897,,400,,https://www.CLIENT_X.bg/,New Third Party Trackers,,,,,
www.CLIENT_X.com,Essential cookies,Koninklijke CLIENT_X N.V.,ETag,bench_new_T3_6269,,,TRUE,https://www.CLIENT_X.bg/healthcare/education-resources/publications/fieldstrength?npagination=0,Existing CM Trackers-Found,,,,,
raw.githubusercontent.com,Performance cookies,GitHub Inc.,ETag,bench_new_T3_5835,,,TRUE,https://www.CLIENT_X.bg/healthcare/about/distributors,Existing CM Trackers-Found,,,,,
widget-cdn.janraincapture.com,Performance cookies,Akamai,ETag,bench_new_T3_5911,,,TRUE,https://www.CLIENT_X.bg/myCLIENT_X#/register-new-product/form/QP6541_15,Existing CM Trackers-Found,,,,,
CLIENT_X.bg,Essential cookies,CLIENT_X - Bulgaria,HTTP Cookie,bench_new_T3_5718,,,,,Existing CM Trackers-Not Found,,,,,
CLIENT_X.bg,Performance cookies,CLIENT_X - Bulgaria,HTTP Cookie,_ga_failed_lookup_marker_3_1924,,session,TRUE,https://www.CLIENT_X.bg/,Existing CM Trackers-Found,,,,,
raw.githubusercontent.com,Performance cookies,GitHub Inc.,ETag,bench_new_T3_5565,,,TRUE,https://www.CLIENT_X.bg/healthcare/about/distributors,Existing CM Trackers-Found,,,,,
www.CLIENT_X.at,Essential cookies (exempt from consent),CLIENT_X - Austria,HTTP Cookie,user_country,,bench_update_duration,,,Existing CM Trackers-Not Found,,,,,
www.googleadservices.com,Targeted Advertising cookies (including social media),Google Advertising Products,JavaScript,_ga_failed_lookup_marker_3_1927,,,,,Existing CM Trackers-Not Found,,,,,
www.ledsavingscalculator.CLIENT_X.co.uk,Performance cookies,Signify (formerly CLIENT_X Lighting),ETag,bench_new_T3_6249,,,,,Existing CM Trackers-Not Found,,,,,
CLIENT_X.bg,Essential cookies,CLIENT_X - Bulgaria,HTTP Cookie,bench_new_T3_6164,,,,,Existing CM Trackers-Not Found,,,,,
company-target.com,Targeted Advertising cookies (including social media),"Demandbase, Inc.",HTTP Cookie,bench_new_T3_5661,,396,TRUE,https://www.CLIENT_X.bg/a-w/cookie-notice,Existing CM Trackers-Found,,,,,
www.lightset-creator.lighting.CLIENT_X.com,Targeted Advertising cookies (including social media),Signify (formerly CLIENT_X Lighting),JavaScript,bench_new_T3_6046,,,,,Existing CM Trackers-Not Found,,,,,
www.lighting.CLIENT_X.bg,Essential cookies,Signify (formerly CLIENT_X Lighting),ETag,bench_new_T3_4922,,,,,Existing CM Trackers-Not Found,,,,,
tag.demandbase.com,Targeted Advertising cookies (including social media),"Demandbase, Inc.",JavaScript,bench_new_T3_5039,,,TRUE,https://www.CLIENT_X.bg/a-w/cookie-notice,Existing CM Trackers-Found,,,,,
www.CLIENT_X.bg,Essential cookies,CLIENT_X - Bulgaria,HTTP Cookie,bench_new_T3_6110,,0,,https://www.CLIENT_X.bg/,New First Party Trackers,,,,,
www.CLIENT_X.bg,Essential cookies,CLIENT_X - Bulgaria,JavaScript,bench_new_T3_4881,,,TRUE,http://www.CLIENT_X.bg/,Existing CM Trackers-Found,,,,,
lighting.CLIENT_X.bg,Essential cookies,Signify (formerly CLIENT_X Lighting),HTTP Cookie,bench_new_T3_5857,,,,,Existing CM Trackers-Not Found,,,,,
tremorhub.com,Targeted Advertising cookies (including social media),"Magnite CTV, Inc.",HTTP Cookie,bench_new_T3_5141,,400,TRUE,https://www.CLIENT_X.bg/a-w/cookie-notice,Existing CM Trackers-Found,,,,,
cdn.botframework.com,Performance cookies,Microsoft Bot Framework,JavaScript,bench_new_T3_5707,,,TRUE,https://www.CLIENT_X.bg/c-m-pe/toothbrush-heads/diamondclean/latest,Existing CM Trackers-Found,,,,,
CLIENT_X.bg,Essential cookies,CLIENT_X - Bulgaria,HTTP Cookie,bench_new_T3_5278,,,,,Existing CM Trackers-Not Found,,,,,
nebula-cdn.kampyle.com,Performance cookies,Medallia,ETag,bench_new_T3_5859,,,TRUE,http://www.CLIENT_X.bg/,Existing CM Trackers-Found,,,,,
pages.information.signify.com,Performance cookies,Signify (formerly CLIENT_X Lighting),ETag,bench_new_T3_5603,,,,,Existing CM Trackers-Not Found,,,,,
c.amazon-adsystem.com,Targeted Advertising cookies (including social media),Amazon Ads,ETag,bench_new_T3_5653,,,,,Existing CM Trackers-Not Found,,,,,
code.jquery.com,Performance cookies,jQuery,JavaScript,bench_new_T3_6276,,,,,Existing CM Trackers-Not Found,,,,,
www.CLIENT_X.bg,Essential cookies,CLIENT_X - Bulgaria,HTTP Cookie,bench_new_T3_5354,,,,,Existing CM Trackers-Not Found,,,,,
code.jquery.com,Performance cookies,jQuery,ETag,bench_new_T3_5581,,,,,Existing CM Trackers-Not Found,,,,,
images.CLIENT_X.com,Essential cookies,Koninklijke CLIENT_X N.V.,JavaScript,bench_new_T3_6023,,,TRUE,https://www.CLIENT_X.bg/healthcare/product/HC881101,Existing CM Trackers-Found,,,,,
www.lighting.CLIENT_X.com,Performance cookies,Signify (formerly CLIENT_X Lighting),JavaScript,bench_new_T3_5709,,,,,Existing CM Trackers-Not Found,,,,,
www.google.com,Essential cookies,Google Inc.,HTTP Cookie,bench_new_T3_5700,,180,TRUE,https://www.CLIENT_X.bg/c-m-pe/accessories-and-replacements,Existing CM Trackers-Found,,,,,
ad.doubleclick.net,Targeted Advertising cookies (including social media),Google Advertising Products,Beacon,bench_new_T3_5163,,,TRUE,http://www.CLIENT_X.bg/,Existing CM Trackers-Found,,,,,
www.CLIENT_X.bg,Essential cookies,CLIENT_X - Bulgaria,HTTP Cookie,_ga_failed_lookup_marker_3_1950,,,,,Existing CM Trackers-Not Found,,,,,
youtube.com,Targeted Advertising cookies (including social media),Google Advertising Products,HTTP Cookie,bench_new_T3_4953,,180,,https://www.CLIENT_X.bg/c-e/au/automotive-articles?npagination=0,New Third Party Trackers,,,,,
www.google.ie,Targeted Advertising cookies (including social media),Google Inc.,Beacon,bench_new_T3_6314,,,TRUE,http://www.CLIENT_X.bg/,Existing CM Trackers-Found,,,,,
cdn.botframework.com,Performance cookies,Microsoft Bot Framework,ETag,bench_new_T3_6074,,,TRUE,https://www.CLIENT_X.bg/c-m-pe/toothbrush-heads/diamondclean/latest,Existing CM Trackers-Found,,,,,
c.amazon-adsystem.com,Targeted Advertising cookies (including social media),Amazon Ads,ETag,bench_new_T3_5494,,,,,Existing CM Trackers-Not Found,,,,,
CLIENT_X.bg,Essential cookies,CLIENT_X - Bulgaria,HTTP Cookie,bench_new_T3_6005,,,,,Existing CM Trackers-Not Found,,,,,
CLIENT_X.bg,Targeted Advertising cookies (including social media),CLIENT_X - Bulgaria,HTTP Cookie,bench_new_T3_5334,,90,TRUE,https://www.CLIENT_X.bg/,Existing CM Trackers-Found,,,,,
www.tienda.CLIENT_X.com.mx,Essential cookies (exempt from consent),CLIENT_X - Mexico,HTTP Cookie,metrika_enabled,,,TRUE,https://www.CLIENT_X.bg/c-e/au/car-lights/automotive-articles.html,Existing CM Trackers-Found,,,,,
www.lighting.CLIENT_X.bg,Essential cookies,Signify (formerly CLIENT_X Lighting),HTTP Cookie,bench_new_T3_5614,,,,,Existing CM Trackers-Not Found,,,,,
www.google.ie,Targeted Advertising cookies (including social media),Google Inc.,Beacon,bench_new_T3_6334,,,TRUE,http://www.CLIENT_X.bg/,Existing CM Trackers-Found,,,,,
www.gstatic.com,Performance cookies,Google Inc.,JavaScript,bench_new_T3_5116,,,TRUE,https://www.CLIENT_X.bg/c-m-ho/vacuum-cleaner-accessories,Existing CM Trackers-Found,,,,,
CLIENT_Xb2c.my.salesforce-scrt.com,Performance cookies,"Salesforce.com, Inc.",Beacon,_ga_failed_lookup_marker_3_1961,,,,https://www.CLIENT_X.bg/c-w/support-home/support-contact-page,New Third Party Trackers,,,,,
CLIENT_X.bg,Essential cookies,CLIENT_X - Bulgaria,Local Storage,bench_new_T3_6371,,,TRUE,https://www.CLIENT_X.bg/c-w/support-home/support-contact-page,Existing CM Trackers-Found,,,,,
www.CLIENT_X.bg,Essential cookies (exempt from consent),CLIENT_X - Bulgaria,HTTP Cookie,kampyleSessionPageCounter,,0,,,Existing CM Trackers-Not Found,,,,,
www.CLIENT_X.bg,Essential cookies,CLIENT_X - Bulgaria,HTTP Cookie,bench_new_T3_5568,,7,,https://www.CLIENT_X.bg/,New First Party Trackers,,,,,
sc-static.net,Targeted Advertising cookies (including social media),Snap Inc.,HTTP Cookie,bench_new_T3_5199,,1,TRUE,https://www.CLIENT_X.bg/c-e/ho/air-purifier-and-air-humidifier/air-care.html,Existing CM Trackers-Found,,,,,
sc-static.net,Targeted Advertising cookies (including social media),Snap Inc.,ETag,bench_new_T3_5920,,,TRUE,https://www.CLIENT_X.bg/c-e/ho/coffee/lattego-series.html,Existing CM Trackers-Found,,,,,
gtli35yxjasjwznqtiva-perylk-XXXXXXXXX-clientnsv4-s.akamaihd.net,Performance Cookies [Requires consent],Akamai,ETag,-,,bench_update_duration,,https://www.CLIENT_X.bg/healthcare,New Third Party Trackers,,,,,
*.t.eloqua.com,Performance cookies,Oracle Marketing,JavaScript,bench_new_T3_5431,,,,https://www.CLIENT_X.bg/healthcare,New Third Party Trackers,,,,,
CLIENT_X.bg,Essential cookies,CLIENT_X - Bulgaria,HTTP Cookie,bench_new_T3_4927,,session,TRUE,https://www.CLIENT_X.bg/,Existing CM Trackers-Found,,,,,
static.cloud.coveo.com,Targeted Advertising cookies (including social media),Coveo Solutions Inc.,JavaScript,bench_new_T3_5988,,,TRUE,https://www.CLIENT_X.bg/healthcare/about/support/resource-center/results,Existing CM Trackers-Found,,,,,
i.ytimg.com,Targeted Advertising cookies (including social media),Google Inc.,ETag,bench_new_T3_5703,,,TRUE,https://www.CLIENT_X.bg/c-m-ho/coffee/support-for-coffee-machine,Existing CM Trackers-Found,,,,,
CLIENT_X.bg,Targeted Advertising cookies (including social media),CLIENT_X - Bulgaria,HTTP Cookie,bench_new_T3_5216,,7,TRUE,https://www.CLIENT_X.bg/,Existing CM Trackers-Found,,,,,
beacon.speedcurve.com,Performance cookies,Speedcurve,Beacon,bench_new_T3_5604,,,,https://www.CLIENT_X.bg/c-m-au/car-lights,New Third Party Trackers,,,,,
www.CLIENT_X.bg,Essential cookies,CLIENT_X - Bulgaria,HTTP Cookie,_ga_failed_lookup_marker_3_1974,,session,TRUE,https://www.CLIENT_X.bg/,Existing CM Trackers-Found,,,,,
www.lightset-creator.lighting.CLIENT_X.com,Targeted Advertising cookies (including social media),Signify (formerly CLIENT_X Lighting),JavaScript,bench_new_T3_5463,,,,,Existing CM Trackers-Not Found,,,,,
CLIENT_Xb2c.my.site.com,Performance cookies,"Salesforce.com, Inc.",Beacon,bench_new_T3_5761,,,TRUE,https://www.CLIENT_X.bg/c-w/support-home/support-contact-page,Existing CM Trackers-Found,,,,,
CLIENT_X.bg,Performance cookies,CLIENT_X - Bulgaria,HTTP Cookie,bench_new_T3_6087,,0,TRUE,https://www.CLIENT_X.bg/,Existing CM Trackers-Found,,,,,
dpm.demdex.net,Targeted Advertising cookies (including social media),"Adobe Audience Manager, Adobe Experience Cloud",Beacon,_ga_failed_lookup_marker_3_1978,,,,,Existing CM Trackers-Not Found,,,,,
doubleclick.net,Targeted Advertising cookies (including social media),Google Advertising Products,HTTP Cookie,bench_new_T3_5154,,29,TRUE,https://www.CLIENT_X.bg/,Existing CM Trackers-Found,,,,,
casalemedia.com,Targeted Advertising cookies (including social media),Index Exchange Inc.,HTTP Cookie,bench_new_T3_5411,,90,TRUE,https://www.CLIENT_X.bg/a-w/cookie-notice,Existing CM Trackers-Found,,,,,
img.en25.com,Targeted Advertising cookies (including social media),Oracle Marketing,JavaScript,bench_new_T3_6338,,,TRUE,https://www.CLIENT_X.bg/c-m-ho/food-preparation/liquid-health/vacuum-blender,Existing CM Trackers-Found,,,,,
CLIENT_X.bg,Essential cookies,CLIENT_X - Bulgaria,HTTP Cookie,bench_new_T3_5715,,393,TRUE,https://www.CLIENT_X.bg/,Existing CM Trackers-Found,,,,,
*.t.eloqua.com,Performance cookies,Oracle Marketing,Beacon,bench_new_T3_5583,,,,https://www.CLIENT_X.bg/healthcare,Existing CM Trackers-Found,,,,,
www.lighting.CLIENT_X.fi,Essential cookies (exempt from consent),Signify (formerly CLIENT_X Lighting),JavaScript,blank (java),,bench_update_duration,,,Existing CM Trackers-Not Found,,,,,
CLIENT_X.bg,Performance cookies,CLIENT_X - Bulgaria,HTTP Cookie,bench_new_T3_4811,,session,TRUE,https://www.CLIENT_X.bg/,Existing CM Trackers-Found,,,,,
www.lightset-creator.lighting.CLIENT_X.com,Targeted Advertising cookies (including social media),Signify (formerly CLIENT_X Lighting),ETag,_ga_failed_lookup_marker_3_1986,,,,,Existing CM Trackers-Not Found,,,,,
www.conversiontool.lighting.CLIENT_X.com,Targeted Advertising cookies (including social media),Signify (formerly CLIENT_X Lighting),ETag,bench_new_T3_5481,,,,,Existing CM Trackers-Not Found,,,,,
CLIENT_X.bg,Performance cookies,CLIENT_X - Bulgaria,HTTP Cookie,bench_new_T3_5056,,0,TRUE,https://www.CLIENT_X.bg/,Existing CM Trackers-Found,,,,,
www.lighting.CLIENT_X.bg,Essential cookies,Signify (formerly CLIENT_X Lighting),HTTP Cookie,bench_new_T3_6210,,,,,Existing CM Trackers-Not Found,,,,,
maps.googleapis.com,Targeted Advertising cookies (including social media),Google Inc.,JavaScript,_ga_failed_lookup_marker_3_1990,,,TRUE,https://www.CLIENT_X.bg/healthcare/about/distributors,Existing CM Trackers-Found,,,,,
www.googleadservices.com,Targeted Advertising cookies (including social media),Google Advertising Products,JavaScript,bench_new_T3_6312,,,,,Existing CM Trackers-Not Found,,,,,
eloqua.com,Targeted Advertising cookies (including social media),Oracle Marketing,HTTP Cookie,bench_new_T3_6034,,393,TRUE,https://www.CLIENT_X.bg/healthcare,Existing CM Trackers-Found,,,,,
www.assets.signify.com,Performance cookies,Signify (formerly CLIENT_X Lighting),ETag,_ga_failed_lookup_marker_3_1993,,,,,Existing CM Trackers-Not Found,,,,,
www.CLIENT_X.bg,Essential cookies,CLIENT_X - Bulgaria,Beacon,bench_new_T3_5219,,,TRUE,http://www.CLIENT_X.bg/,Existing CM Trackers-Found,,,,,
CLIENT_X.bg,Essential cookies,CLIENT_X - Bulgaria,HTTP Cookie,bench_new_T3_5727,,,,,Existing CM Trackers-Not Found,,,,,
CLIENT_X.bg,Essential cookies,CLIENT_X - Bulgaria,HTTP Cookie,bench_new_T3_5088,,,,,Existing CM Trackers-Not Found,,,,,
www.CLIENT_X.bg,Essential cookies,CLIENT_X - Bulgaria,JavaScript,_ga_failed_lookup_marker_3_1997,,,TRUE,http://www.CLIENT_X.bg/,Existing CM Trackers-Found,,,,,
*.t.eloqua.com,Performance cookies,Oracle Marketing,Beacon,bench_new_T3_5183,,,,https://www.CLIENT_X.bg/healthcare,Existing CM Trackers-Found,,,,,
www.shop.CLIENT_X.lt,Essential cookies (exempt from consent),CLIENT_X - Lithuania,HTTP Cookie,fl_qualified_entry,,,TRUE,https://www.CLIENT_X.bg/a-w/cookie-notice,Existing CM Trackers-Found,,,,,
