tracking_domain,consent_category,vendor_name,tracker_type,tracker_name,tracker_purpose,tracker_duration,3rd_party_sharing,first_found_at,party_type,vendor_description,modified,consent_category_new,tracker_purpose_[language code],vendor_description_[language code]
CLIENT_X.dk,Essential cookies,CLIENT_X - Denmark,HTTP Cookie,bench_new_T3_15075,,,,,Existing CM Trackers-Not Found,,,,,
www.googleapis.com,Performance cookies,Google Inc.,JavaScript,bench_new_T3_15419,,,TRUE,https://www.CLIENT_X.dk/c-e/au/autolamper/artikler-om-biler.html,Existing CM Trackers-Found,,,,,
consent-st.trustarc.com,Essential cookies,TrustArc,JavaScript,bench_new_T3_15599,,,TRUE,http://www.CLIENT_X.dk/,Existing CM Trackers-Found,,,,,
www.CLIENT_X.be,Essential cookies (exempt from consent),CLIENT_X - Belgium,HTTP Cookie,kampylePageLoadedTimestamp,,729,,,Existing CM Trackers-Not Found,,,,,
www.usa.CLIENT_X.com,Essential cookies (exempt from consent),Koninklijke CLIENT_X N.V.,HTTP Cookie,_attn_,,,,https://www.CLIENT_X.dk/healthcare/clinical-solutions/early-warning-scoring,New Third Party Trackers,,,,,
tco.lighting.CLIENT_X.com,Targeted Advertising cookies (including social media),Koninklijke CLIENT_X N.V.,Local Storage,bench_new_T3_15574,,,,,Existing CM Trackers-Not Found,,,,,
tco.lighting.CLIENT_X.com,Targeted Advertising cookies (including social media),Koninklijke CLIENT_X N.V.,Local Storage,bench_new_T3_15129,,,,,Existing CM Trackers-Not Found,,,,,
consent.truste.com,Essential cookies,TrustArc,JavaScript,bench_new_T3_14681,,,,,Existing CM Trackers-Not Found,,,,,
www.tco.lighting.CLIENT_X.com,Performance cookies,Koninklijke CLIENT_X N.V.,ETag,_ga_failed_lookup_marker_9_8,,,,,Existing CM Trackers-Not Found,,,,,
CLIENT_Xtest.scene7.com,Performance cookies,Adobe Experience Cloud - Experience Manager,ETag,bench_new_T3_14427,,,,,Existing CM Trackers-Not Found,,,,,
assets.adobedtm.com,Performance cookies,Adobe Inc.,ETag,bench_new_T3_15639,,,TRUE,https://www.CLIENT_X.dk/shop/order-search/search-input,Existing CM Trackers-Found,,,,,
cdn.jsdelivr.net,Performance cookies,Volentio JSD Limited,JavaScript,bench_new_T3_15160,,,,,Existing CM Trackers-Not Found,,,,,
CLIENT_X.dk,Essential cookies,CLIENT_X - Denmark,HTTP Cookie,bench_new_T3_14767,,,,,Existing CM Trackers-Not Found,,,,,
www.crsc.CLIENT_X.com,Targeted Advertising cookies (including social media),Koninklijke CLIENT_X N.V.,ETag,bench_new_T3_14982,,,TRUE,https://www.CLIENT_X.dk/shop/order-search/search-input,Existing CM Trackers-Found,,,,,
td.yieldify.com,Targeted Advertising cookies (including social media),Yieldify,JavaScript,_ga_failed_lookup_marker_9_14,,,TRUE,https://www.CLIENT_X.dk/c-m-au/autolamper/signal-og-interior-belysning/seneste,Existing CM Trackers-Found,,,,,
www.CLIENT_X.co.il,Essential cookies (exempt from consent),CLIENT_X - Israel,HTTP Cookie,kampylePageLoadedTimestamp,,bench_update_duration,,http://www.CLIENT_X.dk/,New First Party Trackers,,,,,
CLIENT_X.dk,Essential cookies,CLIENT_X - Denmark,HTTP Cookie,bench_new_T3_14796,,400,,https://www.CLIENT_X.dk/a-w/about,New First Party Trackers,,,,,
www.CLIENT_X.dk,Essential cookies,CLIENT_X - Denmark,HTTP Cookie,bench_new_T3_15026,,365,TRUE,http://www.CLIENT_X.dk/,Existing CM Trackers-Found,,,,,
*.akstat.io,Performance cookies,Akamai,Beacon,bench_new_T3_15678,,,,,Existing CM Trackers-Not Found,,,,,
versuni.scene7.com,Performance cookies,Adobe Experience Cloud - Experience Manager,ETag,bench_new_T3_15306,,,,,Existing CM Trackers-Not Found,,,,,
js-agent.newrelic.com,Performance cookies,New Relic Inc.,JavaScript,bench_new_T3_15420,,,,,Existing CM Trackers-Not Found,,,,,
*.en25.com,Targeted Advertising cookies (including social media),Oracle Marketing,JavaScript,bench_new_T3_14754,,,,https://www.CLIENT_X.dk/healthcare/e/sleep/communications/src-update,Existing CM Trackers-Found,,,,,
www.tco.lighting.CLIENT_X.com,Performance cookies,Koninklijke CLIENT_X N.V.,JavaScript,bench_new_T3_15766,,,,,Existing CM Trackers-Not Found,,,,,
www.crsc.lighting.CLIENT_X.com,Performance cookies,Signify (formerly CLIENT_X Lighting),ETag,bench_new_T3_15913,,,,,Existing CM Trackers-Not Found,,,,,
pages.information.signify.com,Performance cookies,Signify (formerly CLIENT_X Lighting),ETag,bench_new_T3_15482,,,,,Existing CM Trackers-Not Found,,,,,
www.CLIENT_X.dk,Essential cookies,CLIENT_X - Denmark,HTTP Cookie,bench_new_T3_15109,,session,TRUE,http://www.CLIENT_X.dk/,Existing CM Trackers-Found,,,,,
company-target.com,Targeted Advertising cookies (including social media),"Demandbase, Inc.",HTTP Cookie,bench_new_T3_14680,,396,TRUE,https://www.CLIENT_X.dk/a-w/about,Existing CM Trackers-Found,,,,,
www.CLIENT_X.dk,Essential cookies,CLIENT_X - Denmark,HTTP Cookie,bench_new_T3_15661,,0,TRUE,http://www.CLIENT_X.dk/,Existing CM Trackers-Found,,,,,
doubleclick.net,Targeted Advertising cookies (including social media),Google Advertising Products,HTTP Cookie,bench_new_T3_15186,,390,TRUE,https://www.CLIENT_X.dk/a-w/about,Existing CM Trackers-Found,,,,,
maps.googleapis.com,Performance cookies,Google Inc.,JavaScript,bench_new_T3_14554,,,TRUE,https://www.CLIENT_X.dk/c-m-au/autolamper/store-locator,Existing CM Trackers-Found,,,,,
snap.licdn.com,Performance cookies,LinkedIn,JavaScript,bench_new_T3_15842,,,TRUE,https://www.CLIENT_X.dk/c-e/shop/ho/household-refurbished-shop.html,Existing CM Trackers-Found,,,,,
tracker-detail-page.trustarc.com,Essential cookies,TrustArc,ETag,bench_new_T3_14875,,,,https://www.CLIENT_X.dk/a-w/politik-vedr-cookies,New Third Party Trackers,,,,,
CLIENT_X.dk,Essential cookies,CLIENT_X - Denmark,HTTP Cookie,bench_new_T3_14853,,0,TRUE,https://www.CLIENT_X.dk/a-w/about,Existing CM Trackers-Found,,,,,
CLIENT_X.dk,Essential cookies,CLIENT_X - Denmark,HTTP Cookie,bench_new_T3_15254,,session,TRUE,https://www.CLIENT_X.dk/a-w/about,Existing CM Trackers-Found,,,,,
analytics.tiktok.com,Targeted Advertising cookies (including social media),TikTok,Beacon,bench_new_T3_14446,,,TRUE,http://www.CLIENT_X.dk/,Existing CM Trackers-Found,,,,,
widget.us.criteo.com,Targeted Advertising Cookies (including social media) [Requires consent],Criteo SA,JavaScript,-,,bench_update_duration,,,Existing CM Trackers-Not Found,,,,,
www.CLIENT_X.co.ke,Essential cookies (exempt from consent),CLIENT_X - Kenya,HTTP Cookie,kampylePageLoadedTimestamp,,,,,Existing CM Trackers-Not Found,,,,,
cdn.jsdelivr.net,Performance cookies,Volentio JSD Limited,JavaScript,bench_new_T3_14532,,,,,Existing CM Trackers-Not Found,,,,,
CLIENT_X.co.uk,Essential cookies,CLIENT_X - United Kingdom,HTTP Cookie,_ga_failed_lookup_marker_9_38,,,,,Existing CM Trackers-Not Found,,,,,
CLIENT_X.dk,Essential cookies,CLIENT_X - Denmark,HTTP Cookie,bench_new_T3_15369,,,,,Existing CM Trackers-Not Found,,,,,
CLIENT_X.dk,Performance cookies,CLIENT_X - Denmark,HTTP Cookie,bench_new_T3_14690,,,,,Existing CM Trackers-Not Found,,,,,
www.ledsavingscalculator.CLIENT_X.co.uk,Performance cookies,Signify (formerly CLIENT_X Lighting),ETag,bench_new_T3_15261,,,,,Existing CM Trackers-Not Found,,,,,
CLIENT_X.112.2o7.net,Performance cookies,"Adobe Audience Manager, Adobe Experience Cloud",HTTP Cookie,_ga_failed_lookup_marker_9_42,,400,,https://www.CLIENT_X.dk/a-w/about,New Third Party Trackers,,,,,
youtube.com,Targeted Advertising cookies (including social media),Google Advertising Products,HTTP Cookie,bench_new_T3_14691,,180,TRUE,https://www.CLIENT_X.dk/c-e/au/autolamper/artikler-om-biler.html,Existing CM Trackers-Found,,,,,
assets.adoberesources.net,Performance cookies,Adobe Inc.,JavaScript,bench_new_T3_14625,,,,,Existing CM Trackers-Not Found,,,,,
connect.facebook.net,Targeted Advertising cookies (including social media),Meta (formerly Facebook),JavaScript,_ga_failed_lookup_marker_9_45,,,TRUE,http://www.CLIENT_X.dk/,Existing CM Trackers-Found,,,,,
c.amazon-adsystem.com,Targeted Advertising cookies (including social media),Amazon Advertising,JavaScript,bench_new_T3_15500,,,,,Existing CM Trackers-Not Found,,,,,
www.lighting.CLIENT_X.com,Performance cookies,Signify (formerly CLIENT_X Lighting),ETag,bench_new_T3_15111,,,,,Existing CM Trackers-Not Found,,,,,
www.lighting.CLIENT_X.dk,Essential cookies,Signify (formerly CLIENT_X Lighting),HTTP Cookie,bench_new_T3_14563,,,,,Existing CM Trackers-Not Found,,,,,
nebula-cdn.kampyle.com,Performance cookies,Medallia,JavaScript,bench_new_T3_14485,,,TRUE,http://www.CLIENT_X.dk/,Existing CM Trackers-Found,,,,,
www.gearselectiontool.lighting.CLIENT_X.com,Performance cookies,Signify (formerly CLIENT_X Lighting),JavaScript,bench_new_T3_15225,,,,,Existing CM Trackers-Not Found,,,,,
www.CLIENT_X.dk,Essential cookies,CLIENT_X - Denmark,HTTP Cookie,bench_new_T3_14770,,7,,http://www.CLIENT_X.dk/,New First Party Trackers,,,,,
static.cloud.coveo.com,Targeted Advertising cookies (including social media),Coveo Solutions Inc.,ETag,_ga_failed_lookup_marker_9_52,,,TRUE,https://www.CLIENT_X.dk/c-p/HX9992_12/sonicare-9900-prestige-elektrisk-tandborste-med-senseiq,Existing CM Trackers-Found,,,,,
pages.information.signify.com,Performance cookies,Signify (formerly CLIENT_X Lighting),Local Storage,bench_new_T3_15360,,,,,Existing CM Trackers-Not Found,,,,,
www.lighting.CLIENT_X.dk,Essential cookies,Signify (formerly CLIENT_X Lighting),HTTP Cookie,bench_new_T3_15616,,,,,Existing CM Trackers-Not Found,,,,,
casalemedia.com,Targeted Advertising cookies (including social media),Index Exchange Inc.,HTTP Cookie,bench_new_T3_15008,,90,TRUE,https://www.CLIENT_X.dk/a-w/about,Existing CM Trackers-Found,,,,,
pages.information.signify.com,Performance cookies,Signify (formerly CLIENT_X Lighting),Local Storage,_ga_failed_lookup_marker_9_56,,,,,Existing CM Trackers-Not Found,,,,,
CLIENT_Xb2c.my.site.com,Performance cookies,"Salesforce.com, Inc.",ETag,bench_new_T3_15712,,,TRUE,https://www.CLIENT_X.dk/c-w/support-home/kontakt-os.html,Existing CM Trackers-Found,,,,,
www.google.com,Essential cookies,Google Inc.,HTTP Cookie,bench_new_T3_14758,,180,TRUE,https://www.CLIENT_X.dk/c-e/member,Existing CM Trackers-Found,,,,,
assets.kampyle.com,Performance cookies,Medallia,ETag,bench_new_T3_15303,,,TRUE,https://www.CLIENT_X.dk/a-w/about,Existing CM Trackers-Found,,,,,
www.CLIENT_X.ca,Essential cookies (exempt from consent),CLIENT_X - Canada,Beacon,blank (beacon),,bench_update_duration,,,Existing CM Trackers-Not Found,,,,,
cdn.jsdelivr.net,Performance cookies,Volentio JSD Limited,JavaScript,bench_new_T3_15243,,,,,Existing CM Trackers-Not Found,,,,,
youtube.com,Targeted Advertising cookies (including social media),Google Advertising Products,HTTP Cookie,bench_new_T3_15092,,180,TRUE,https://www.CLIENT_X.dk/c-e/au/autolamper/artikler-om-biler.html,Existing CM Trackers-Found,,,,,
nebula-cdn.kampyle.com,Performance cookies,Medallia,JavaScript,bench_new_T3_14747,,,TRUE,http://www.CLIENT_X.dk/,Existing CM Trackers-Found,,,,,
static.cloud.coveo.com,Targeted Advertising cookies (including social media),Coveo Solutions Inc.,ETag,bench_new_T3_14967,,,TRUE,https://www.CLIENT_X.dk/c-p/HX9992_12/sonicare-9900-prestige-elektrisk-tandborste-med-senseiq,Existing CM Trackers-Found,,,,,
cdn.botframework.com,Performance cookies,Microsoft Bot Framework,ETag,bench_new_T3_15263,,,TRUE,https://www.CLIENT_X.dk/c-m-pe/tandborstehoveder/seneste,Existing CM Trackers-Found,,,,,
www.CLIENT_X.dk,Essential cookies,CLIENT_X - Denmark,HTTP Cookie,bench_new_T3_15119,,365,TRUE,http://www.CLIENT_X.dk/,Existing CM Trackers-Found,,,,,
CLIENT_X.be,Essential cookies (exempt from consent),CLIENT_X - Belgium,HTTP Cookie,s_cm,,89,TRUE,http://www.CLIENT_X.dk/,Existing CM Trackers-Found,,,,,
dsum-sec.casalemedia.com,Targeted Advertising cookies (including social media),Index Exchange Inc.,Beacon,_ga_failed_lookup_marker_9_68,,,TRUE,https://www.CLIENT_X.dk/a-w/about,Existing CM Trackers-Found,,,,,
www.CLIENT_X.dk,Essential cookies,CLIENT_X - Denmark,HTTP Cookie,_ga_failed_lookup_marker_9_69,,0,,http://www.CLIENT_X.dk/,New First Party Trackers,,,,,
api-cdn.mypurecloud.de,Performance cookies,Genesys,ETag,bench_new_T3_15003,,,,,Existing CM Trackers-Not Found,,,,,
www.CLIENT_X.dk,Essential cookies,CLIENT_X - Denmark,HTTP Cookie,bench_new_T3_15545,,,,,Existing CM Trackers-Not Found,,,,,
googleads.g.doubleclick.net,Targeted Advertising cookies (including social media),Google Advertising Products,Beacon,bench_new_T3_14737,,,TRUE,http://www.CLIENT_X.dk/,Existing CM Trackers-Found,,,,,
connect.facebook.net,Targeted Advertising cookies (including social media),Meta (formerly Facebook),Beacon,bench_new_T3_14695,,,TRUE,https://www.CLIENT_X.dk/c-m-pe/harpleje/hartorrere,Existing CM Trackers-Found,,,,,
www.lighting.CLIENT_X.dk,Essential cookies,Signify (formerly CLIENT_X Lighting),HTTP Cookie,bench_new_T3_15648,,,,,Existing CM Trackers-Not Found,,,,,
www.CLIENT_X.dk,Performance cookies,CLIENT_X - Denmark,HTTP Cookie,bench_new_T3_15713,,,,,Existing CM Trackers-Not Found,,,,,
www.facebook.com,Targeted Advertising cookies (including social media),Meta (formerly Facebook),Beacon,bench_new_T3_15846,,,TRUE,http://www.CLIENT_X.dk/,Existing CM Trackers-Found,,,,,
www.CLIENT_X.dk,Essential cookies,CLIENT_X - Denmark,HTTP Cookie,bench_new_T3_15818,,,,,Existing CM Trackers-Not Found,,,,,
lighting.CLIENT_X.dk,Essential cookies,Signify (formerly CLIENT_X Lighting),HTTP Cookie,bench_new_T3_15876,,,,,Existing CM Trackers-Not Found,,,,,
CLIENT_X.dk,Essential cookies,CLIENT_X - Denmark,HTTP Cookie,bench_new_T3_14735,,400,TRUE,https://www.CLIENT_X.dk/a-w/about,Existing CM Trackers-Found,,,,,
CLIENT_X.dk,Essential cookies,CLIENT_X - Denmark,HTTP Cookie,bench_new_T3_15200,,,,,Existing CM Trackers-Not Found,,,,,
CLIENT_X.dk,Essential cookies,CLIENT_X - Denmark,HTTP Cookie,bench_new_T3_14657,,,,,Existing CM Trackers-Not Found,,,,,
www.docs.lighting.CLIENT_X.com,Performance cookies,Signify (formerly CLIENT_X Lighting),ETag,bench_new_T3_14609,,,,,Existing CM Trackers-Not Found,,,,,
raw.githubusercontent.com,Performance cookies,GitHub Inc.,ETag,bench_new_T3_15931,,,,,Existing CM Trackers-Not Found,,,,,
CLIENT_Xb2c.my.site.com,Performance cookies,"Salesforce.com, Inc.",ETag,bench_new_T3_14662,,,TRUE,https://www.CLIENT_X.dk/c-w/support-home/kontakt-os.html,Existing CM Trackers-Found,,,,,
images.CLIENT_X.com,Essential cookies (exempt from consent),Koninklijke CLIENT_X N.V.,ETag,-,,396,TRUE,https://www.CLIENT_X.dk/a-w/about,Existing CM Trackers-Found,,,,,
consent-pref.trustarc.com,Essential cookies,TrustArc,JavaScript,_ga_failed_lookup_marker_9_86,,,TRUE,http://www.CLIENT_X.dk/,Existing CM Trackers-Found,,,,,
CLIENT_X.dk,Essential cookies,CLIENT_X - Denmark,HTTP Cookie,bench_new_T3_15120,,,,,Existing CM Trackers-Not Found,,,,,
CLIENT_X.dk,Essential cookies,CLIENT_X - Denmark,HTTP Cookie,bench_new_T3_15554,,0,TRUE,https://www.CLIENT_X.dk/a-w/about,Existing CM Trackers-Found,,,,,
www.google.com,Targeted Advertising cookies (including social media),Google Inc.,Beacon,bench_new_T3_14976,,,TRUE,http://www.CLIENT_X.dk/,Existing CM Trackers-Found,,,,,
casalemedia.com,Targeted Advertising cookies (including social media),Index Exchange Inc.,HTTP Cookie,bench_new_T3_15481,,90,TRUE,https://www.CLIENT_X.dk/a-w/about,Existing CM Trackers-Found,,,,,
www.healthcare.shop.CLIENT_X.fr,Essential cookies (exempt from consent),CLIENT_X - France,HTTP Cookie,kampyleUserSessionsCount,,bench_update_duration,TRUE,https://www.CLIENT_X.dk/a-w/about,Existing CM Trackers-Found,,,,,
www.horticulture-partnertool.lighting.CLIENT_X.com,Performance cookies,Signify (formerly CLIENT_X Lighting),JavaScript,bench_new_T3_15745,,,,,Existing CM Trackers-Not Found,,,,,
smetrics.marketing.lighting.CLIENT_X.co.in,Essential cookies (exempt from consent),CLIENT_X - India,JavaScript,blank (java),,,,https://www.CLIENT_X.dk/c-e/become-product-tester.html,New Third Party Trackers,,,,,
smetrics.marketing.CLIENT_X-hue.com,Targeted Advertising cookies (including social media),CLIENT_X Hue,JavaScript,bench_new_T3_14566,,,,,Existing CM Trackers-Not Found,,,,,
www.CLIENT_X.dk,Essential cookies,CLIENT_X - Denmark,HTTP Cookie,bench_new_T3_15824,,session,,http://www.CLIENT_X.dk/,Existing CM Trackers-Found,,,,,
CLIENT_X.dk,Essential cookies,CLIENT_X - Denmark,HTTP Cookie,bench_new_T3_14699,,,,,Existing CM Trackers-Not Found,,,,,
img.en25.com,Targeted Advertising cookies (including social media),Oracle Marketing,JavaScript,bench_new_T3_15434,,,TRUE,https://www.CLIENT_X.dk/healthcare/e/sleep/communications/src-update,Existing CM Trackers-Found,,,,,
www.CLIENT_X.dk,Essential cookies,CLIENT_X - Denmark,HTTP Cookie,_ga_failed_lookup_marker_9_98,,0,,http://www.CLIENT_X.dk/,New First Party Trackers,,,,,
doubleclick.net,Targeted Advertising cookies (including social media),Google Advertising Products,HTTP Cookie,bench_new_T3_14465,,,,,Existing CM Trackers-Not Found,,,,,
imgs.signifyd.com,Essential cookies,Signifyd,JavaScript,bench_new_T3_15553,,,TRUE,https://www.CLIENT_X.dk/c-p/HX6322_04,Existing CM Trackers-Found,,,,,
cdn.mouseflow.com,Performance cookies,Mouseflow,JavaScript,bench_new_T3_14404,,,,https://www.CLIENT_X.dk/c-e/pe/mens-grooming-welcome.html,New Third Party Trackers,,,,,
analytics-fe.digital-cloud-us-main.medallia.com,Performance cookies,Medallia,Beacon,bench_new_T3_14498,,,TRUE,http://www.CLIENT_X.dk/,Existing CM Trackers-Found,,,,,
CLIENT_X.dk,Targeted Advertising cookies (including social media),CLIENT_X - Denmark,HTTP Cookie,bench_new_T3_14835,,7,TRUE,https://www.CLIENT_X.dk/a-w/about,Existing CM Trackers-Found,,,,,
CLIENT_X.dk,Essential cookies,CLIENT_X - Denmark,HTTP Cookie,bench_new_T3_14820,,60,TRUE,https://www.CLIENT_X.dk/a-w/about,Existing CM Trackers-Found,,,,,
pagead2.googlesyndication.com,Targeted Advertising cookies (including social media),Google Advertising Products,Beacon,bench_new_T3_14911,,,,,Existing CM Trackers-Not Found,,,,,
static.cloud.coveo.com,Targeted Advertising cookies (including social media),Coveo Solutions Inc.,JavaScript,bench_new_T3_15453,,,TRUE,https://www.CLIENT_X.dk/c-p/HX9992_12/sonicare-9900-prestige-elektrisk-tandborste-med-senseiq,Existing CM Trackers-Found,,,,,
demdex.net,Targeted Advertising Cookies (including social media) [Requires consent],"Adobe Audience Manager, Adobe Experience Platform",HTTP Cookie,demdex,,bench_update_duration,,,Existing CM Trackers-Not Found,,,,,
assets.adoberesources.net,Performance cookies,Adobe Inc.,JavaScript,bench_new_T3_15206,,,,,Existing CM Trackers-Not Found,,,,,
tag-logger.demandbase.com,Targeted Advertising cookies (including social media),"Demandbase, Inc.",ETag,bench_new_T3_14993,,,,https://www.CLIENT_X.dk/healthcare/medical-specialties/mother-and-child-care,New Third Party Trackers,,,,,
casalemedia.com,Targeted Advertising cookies (including social media),Index Exchange Inc.,HTTP Cookie,bench_new_T3_15340,,90,TRUE,https://www.CLIENT_X.dk/a-w/about,Existing CM Trackers-Found,,,,,
stats.g.doubleclick.net,Targeted Advertising cookies (including social media),Google Advertising Products,Beacon,bench_new_T3_15989,,,TRUE,http://www.CLIENT_X.dk/,Existing CM Trackers-Found,,,,,
consent-pref.trustarc.com,Essential cookies,TrustArc,Local Storage,bench_new_T3_14979,,,TRUE,https://www.CLIENT_X.dk/a-w/about,Existing CM Trackers-Found,,,,,
www.lighting.CLIENT_X.dk,Essential cookies,Signify (formerly CLIENT_X Lighting),ETag,bench_new_T3_15613,,,,,Existing CM Trackers-Not Found,,,,,
www.lampreplacementtool.CLIENT_X.com,Essential cookies,Koninklijke CLIENT_X N.V.,ETag,bench_new_T3_15441,,,,,Existing CM Trackers-Not Found,,,,,
tr.snapchat.com,Targeted Advertising cookies (including social media),Snap Inc.,JavaScript,bench_new_T3_15558,,,TRUE,https://www.CLIENT_X.dk/c-m-ho/badevaerelselosninger,Existing CM Trackers-Found,,,,,
*.mktoweb.com,Targeted Advertising cookies (including social media),Marketo,HTTP Cookie,bench_new_T3_14917,,,,,Existing CM Trackers-Not Found,,,,,
CLIENT_X.dk,Essential cookies,CLIENT_X - Denmark,HTTP Cookie,bench_new_T3_14926,,,,,Existing CM Trackers-Not Found,,,,,
linkedin.com,Targeted Advertising cookies (including social media),LinkedIn,HTTP Cookie,bench_new_T3_14963,,365,TRUE,https://www.CLIENT_X.dk/c-e/shop/ho/husholdning-bestsellere.html,Existing CM Trackers-Found,,,,,
www.CLIENT_X.ca,Essential cookies (exempt from consent),CLIENT_X - Canada,HTTP Cookie,_attn_,,,TRUE,http://www.CLIENT_X.dk/,Existing CM Trackers-Found,,,,,
www.tienda.CLIENT_X.com.ar,Essential cookies (exempt from consent),CLIENT_X - Argentina,HTTP Cookie,vtex_binding_address,,bench_update_duration,TRUE,http://www.CLIENT_X.dk/,Existing CM Trackers-Found,,,,,
CLIENT_X.dk,Essential cookies,CLIENT_X - Denmark,HTTP Cookie,bench_new_T3_15739,,60,TRUE,https://www.CLIENT_X.dk/a-w/about,Existing CM Trackers-Found,,,,,
tco.lighting.CLIENT_X.com,Targeted Advertising cookies (including social media),Koninklijke CLIENT_X N.V.,Local Storage,bench_new_T3_15845,,,,,Existing CM Trackers-Not Found,,,,,
custom.yieldify.com,Targeted Advertising cookies (including social media),Yieldify,ETag,bench_new_T3_15388,,,TRUE,http://www.CLIENT_X.dk/,Existing CM Trackers-Found,,,,,
www.linkedin.com,Targeted Advertising Cookies (including social media) [Requires consent],LinkedIn,HTTP Cookie,bscookie,,bench_update_duration,,,Existing CM Trackers-Not Found,,,,,
dpm.demdex.net,Targeted Advertising cookies (including social media),"Adobe Audience Manager, Adobe Experience Platform",HTTP Cookie,bench_new_T3_15233,,,,,Existing CM Trackers-Not Found,,,,,
CLIENT_X.dk,Essential cookies,CLIENT_X - Denmark,HTTP Cookie,bench_new_T3_15528,,90,TRUE,https://www.CLIENT_X.dk/a-w/about,Existing CM Trackers-Found,,,,,
casalemedia.com,Targeted Advertising cookies (including social media),Index Exchange Inc.,HTTP Cookie,bench_new_T3_15320,,90,TRUE,https://www.CLIENT_X.dk/a-w/about,Existing CM Trackers-Found,,,,,
raw.githubusercontent.com,Performance cookies,GitHub Inc.,ETag,bench_new_T3_14450,,,,,Existing CM Trackers-Not Found,,,,,
*.mktoweb.com,Targeted Advertising cookies (including social media),Marketo,ETag,bench_new_T3_14568,,,,,Existing CM Trackers-Not Found,,,,,
*.mktoweb.com,Targeted Advertising cookies (including social media),Marketo,ETag,bench_new_T3_14997,,,,,Existing CM Trackers-Not Found,,,,,
*.en25.com,Targeted Advertising cookies (including social media),Oracle Marketing,JavaScript,bench_new_T3_15557,,,,https://www.CLIENT_X.dk/healthcare/e/sleep/communications/src-update,Existing CM Trackers-Found,,,,,
cdn.channelsight.com,Essential cookies,ChannelSight,ETag,bench_new_T3_14589,,,TRUE,https://www.CLIENT_X.dk/c-e/so/skaerme/professionel-brug.html,Existing CM Trackers-Found,,,,,
www.CLIENT_X.dk,Essential cookies,CLIENT_X - Denmark,HTTP Cookie,bench_new_T3_15951,,,,,Existing CM Trackers-Not Found,,,,,
region1.google-analytics.com,Performance cookies,Google Inc.,HTTP Cookie,bench_new_T3_14573,,,,,Existing CM Trackers-Not Found,,,,,
*.mktoweb.com,Targeted Advertising cookies (including social media),Marketo,HTTP Cookie,bench_new_T3_14415,,,,,Existing CM Trackers-Not Found,,,,,
CLIENT_X.dk,Essential cookies,CLIENT_X - Denmark,HTTP Cookie,bench_new_T3_14712,,session,TRUE,https://www.CLIENT_X.dk/a-w/about,Existing CM Trackers-Found,,,,,
cdn.jsdelivr.net,Performance cookies,Volentio JSD Limited,JavaScript,bench_new_T3_15888,,,,,Existing CM Trackers-Not Found,,,,,
www.assets.signify.com,Performance cookies,Signify (formerly CLIENT_X Lighting),ETag,bench_new_T3_15015,,,,,Existing CM Trackers-Not Found,,,,,
www.gstatic.com,Performance cookies,Google Inc.,JavaScript,bench_new_T3_15040,,,TRUE,https://www.CLIENT_X.dk/c-e/member,Existing CM Trackers-Found,,,,,
company-target.com,Targeted Advertising cookies (including social media),"Demandbase, Inc.",HTTP Cookie,bench_new_T3_14687,,396,TRUE,https://www.CLIENT_X.dk/a-w/about,Existing CM Trackers-Found,,,,,
*.en25.com,Targeted Advertising cookies (including social media),Oracle Marketing,JavaScript,bench_new_T3_14451,,,,https://www.CLIENT_X.dk/healthcare/e/sleep/communications/src-update,Existing CM Trackers-Found,,,,,
pages.information.signify.com,Performance cookies,Signify (formerly CLIENT_X Lighting),HTTP Cookie,bench_new_T3_14777,,,,,Existing CM Trackers-Not Found,,,,,
cdn.speedcurve.com,Performance cookies,Speedcurve,JavaScript,bench_new_T3_15586,,,,http://www.CLIENT_X.dk/,New Third Party Trackers,,,,,
CLIENT_X.dk,Essential cookies,CLIENT_X - Denmark,HTTP Cookie,bench_new_T3_15788,,,,,Existing CM Trackers-Not Found,,,,,
www.google.com,Essential cookies,Google Inc.,HTTP Cookie,bench_new_T3_15138,,180,TRUE,https://www.CLIENT_X.dk/c-e/member,Existing CM Trackers-Found,,,,,
CLIENT_X.bg,Essential cookies (exempt from consent),CLIENT_X - Bulgaria,HTTP Cookie,internalUserCheck,,729,TRUE,https://www.CLIENT_X.dk/c-e/au/autolamper/artikler-om-biler.html,Existing CM Trackers-Found,,,,,
custom.yieldify.com,Targeted Advertising cookies (including social media),Yieldify,ETag,_ga_failed_lookup_marker_9_147,,,TRUE,http://www.CLIENT_X.dk/,Existing CM Trackers-Found,,,,,
www.CLIENT_X.dk,Essential cookies,CLIENT_X - Denmark,HTTP Cookie,_ga_failed_lookup_marker_9_148,,0,,http://www.CLIENT_X.dk/,New First Party Trackers,,,,,
www.lighting.CLIENT_X.dk,Essential cookies,Signify (formerly CLIENT_X Lighting),HTTP Cookie,bench_new_T3_15640,,,,,Existing CM Trackers-Not Found,,,,,
CLIENT_X.dk,Performance cookies,CLIENT_X - Denmark,HTTP Cookie,bench_new_T3_14829,,,,,Existing CM Trackers-Not Found,,,,,
CLIENT_Xtest.scene7.com,Performance cookies,Adobe Experience Cloud - Experience Manager,ETag,bench_new_T3_14644,,,,,Existing CM Trackers-Not Found,,,,,
lighting.CLIENT_X.dk,Essential cookies,Signify (formerly CLIENT_X Lighting),HTTP Cookie,bench_new_T3_14905,,,,,Existing CM Trackers-Not Found,,,,,
recaptcha.net,Performance cookies,Google Inc.,Local Storage,bench_new_T3_15059,,,,,Existing CM Trackers-Not Found,,,,,
www.crsc.lighting.CLIENT_X.com,Performance cookies,Signify (formerly CLIENT_X Lighting),ETag,bench_new_T3_15976,,,,,Existing CM Trackers-Not Found,,,,,
www.CLIENT_X.dk,Essential cookies,CLIENT_X - Denmark,HTTP Cookie,bench_new_T3_14729,,,,,Existing CM Trackers-Not Found,,,,,
www.gearselectiontool.lighting.CLIENT_X.com,Performance cookies,Signify (formerly CLIENT_X Lighting),JavaScript,bench_new_T3_15759,,,,,Existing CM Trackers-Not Found,,,,,
custom.yieldify.com,Targeted Advertising cookies (including social media),Yieldify,JavaScript,bench_new_T3_15054,,,TRUE,http://www.CLIENT_X.dk/,Existing CM Trackers-Found,,,,,
CLIENT_X.com.hk,Essential cookies (exempt from consent),CLIENT_X - Hong Kong,HTTP Cookie,FPLC,,bench_update_duration,TRUE,http://www.CLIENT_X.dk/,Existing CM Trackers-Found,,,,,
www.CLIENT_X.dk,Essential cookies,CLIENT_X - Denmark,HTTP Cookie,bench_new_T3_15187,,session,TRUE,http://www.CLIENT_X.dk/,Existing CM Trackers-Found,,,,,
*.mktoweb.com,Targeted Advertising cookies (including social media),Marketo,JavaScript,bench_new_T3_15870,,,,,Existing CM Trackers-Not Found,,,,,
CLIENT_X.de,Essential cookies (exempt from consent),CLIENT_X - Germany,HTTP Cookie,test,,bench_update_duration,TRUE,https://www.CLIENT_X.dk/shop/order-search/search-input,Existing CM Trackers-Found,,,,,
www.CLIENT_X.dk,Essential cookies,CLIENT_X - Denmark,HTTP Cookie,bench_new_T3_14587,,session,TRUE,http://www.CLIENT_X.dk/,Existing CM Trackers-Found,,,,,
www.documents.CLIENT_X.com,Targeted Advertising cookies (including social media),Koninklijke CLIENT_X N.V.,ETag,bench_new_T3_15133,,,,https://www.CLIENT_X.dk/healthcare/clinical-solutions/early-warning-scoring,New Third Party Trackers,,,,,
casalemedia.com,Targeted Advertising cookies (including social media),Index Exchange Inc.,HTTP Cookie,bench_new_T3_14600,,365,TRUE,https://www.CLIENT_X.dk/a-w/about,Existing CM Trackers-Found,,,,,
CLIENT_X.dk,Essential cookies,CLIENT_X - Denmark,HTTP Cookie,bench_new_T3_15786,,,,,Existing CM Trackers-Not Found,,,,,
accounts.CLIENT_X.com,Performance cookies,Koninklijke CLIENT_X N.V.,HTTP Cookie,bench_new_T3_15010,,,,,Existing CM Trackers-Not Found,,,,,
linkedin.com,Targeted Advertising cookies (including social media),LinkedIn,HTTP Cookie,bench_new_T3_14509,,365,TRUE,https://www.CLIENT_X.dk/c-e/shop/ho/husholdning-bestsellere.html,Existing CM Trackers-Found,,,,,
consent-pref.trustarc.com,Essential cookies,TrustArc,Local Storage,bench_new_T3_14426,,,TRUE,https://www.CLIENT_X.dk/a-w/about,Existing CM Trackers-Found,,,,,
criteo.com,Targeted Advertising Cookies (including social media) [Requires consent],Criteo SA,HTTP Cookie,uid,,bench_update_duration,TRUE,https://www.CLIENT_X.dk/a-w/about,Existing CM Trackers-Found,,,,,
CLIENT_X.dk,Essential cookies,CLIENT_X - Denmark,HTTP Cookie,_ga_failed_lookup_marker_9_170,,,,,Existing CM Trackers-Not Found,,,,,
www.CLIENT_X.fr,Essential cookies (exempt from consent),CLIENT_X - France,HTTP Cookie,kampyleUserSession,,bench_update_duration,,http://www.CLIENT_X.dk/,New First Party Trackers,,,,,
www.subscription.CLIENT_X.at,Essential cookies (exempt from consent),CLIENT_X - Austria,HTTP Cookie,fl_qualified_entry,,bench_update_duration,,,Existing CM Trackers-Not Found,,,,,
consent-pref.trustarc.com,Essential cookies,TrustArc,Local Storage,bench_new_T3_14929,,,TRUE,https://www.CLIENT_X.dk/a-w/about,Existing CM Trackers-Found,,,,,
CLIENT_X.dk,Essential cookies,CLIENT_X - Denmark,HTTP Cookie,bench_new_T3_15854,,,,,Existing CM Trackers-Not Found,,,,,
CLIENT_Xlighting.d3.sc.omtrdc.net,Performance cookies,"Adobe Audience Manager, Adobe Experience Platform",JavaScript,bench_new_T3_14641,,,,,Existing CM Trackers-Not Found,,,,,
lighting.CLIENT_X.dk,Essential cookies,Signify (formerly CLIENT_X Lighting),HTTP Cookie,bench_new_T3_15729,,,,,Existing CM Trackers-Not Found,,,,,
www.CLIENT_X.dk,Performance cookies,CLIENT_X - Denmark,HTTP Cookie,bench_new_T3_15461,,,,,Existing CM Trackers-Not Found,,,,,
www.CLIENT_X.dk,Essential cookies,CLIENT_X - Denmark,HTTP Cookie,bench_new_T3_14428,,365,TRUE,http://www.CLIENT_X.dk/,Existing CM Trackers-Found,,,,,
consent.truste.com,Essential cookies,TrustArc,JavaScript,bench_new_T3_14410,,,,,Existing CM Trackers-Not Found,,,,,
accounts.CLIENT_X.com,Performance cookies,Koninklijke CLIENT_X N.V.,HTTP Cookie,bench_new_T3_15176,,,,,Existing CM Trackers-Not Found,,,,,
h64.online-metrix.net,Performance cookies,LexisNexis Risk Solutions (formerly ThreatMetrix),JavaScript,_ga_failed_lookup_marker_9_181,,,TRUE,https://www.CLIENT_X.dk/c-p/LUMUD1004WX1_10/-,Existing CM Trackers-Found,,,,,
youtube.com,Targeted Advertising cookies (including social media),Google Advertising Products,HTTP Cookie,bench_new_T3_15270,,180,TRUE,https://www.CLIENT_X.dk/c-e/au/autolamper/artikler-om-biler.html,Existing CM Trackers-Found,,,,,
CLIENT_X.dk,Essential cookies,CLIENT_X - Denmark,HTTP Cookie,bench_new_T3_14434,,,,,Existing CM Trackers-Not Found,,,,,
CLIENT_Xb2c.my.salesforce-scrt.com,Performance cookies,"Salesforce.com, Inc.",Beacon,bench_new_T3_15165,,,,https://www.CLIENT_X.dk/c-w/support-home/kontakt-os.html,New Third Party Trackers,,,,,
googleads.g.doubleclick.net,Targeted Advertising cookies (including social media),Google Advertising Products,Beacon,bench_new_T3_15687,,,TRUE,http://www.CLIENT_X.dk/,Existing CM Trackers-Found,,,,,
imgs.signifyd.com,Essential cookies,Signifyd,HTTP Cookie,_ga_failed_lookup_marker_9_186,,390,TRUE,https://www.CLIENT_X.dk/,Existing CM Trackers-Found,,,,,
www.CLIENT_X.co.za,Essential cookies (exempt from consent),CLIENT_X - South Africa,HTTP Cookie,AWSELB,,bench_update_duration,TRUE,http://www.CLIENT_X.dk/,Existing CM Trackers-Found,,,,,
assets.adoberesources.net,Performance cookies,Adobe Inc.,ETag,bench_new_T3_15839,,,,,Existing CM Trackers-Not Found,,,,,
consent.trustarc.com,Essential cookies,TrustArc,JavaScript,bench_new_T3_15458,,,TRUE,http://www.CLIENT_X.dk/,Existing CM Trackers-Found,,,,,
www.CLIENT_X.dk,Essential cookies,CLIENT_X - Denmark,Beacon,bench_new_T3_15123,,,TRUE,https://www.CLIENT_X.dk/myCLIENT_X#/register-new-product/form/SP9872_22,Existing CM Trackers-Found,,,,,
google.com,Performance cookies,Google Inc.,Local Storage,bench_new_T3_15164,,,TRUE,https://www.CLIENT_X.dk/c-e/member,Existing CM Trackers-Found,,,,,
www.documents.CLIENT_X.com,Targeted Advertising cookies (including social media),Koninklijke CLIENT_X N.V.,ETag,bench_new_T3_14526,,,,https://www.CLIENT_X.dk/healthcare/clinical-solutions/early-warning-scoring,New Third Party Trackers,,,,,
CLIENT_X.dk,Essential cookies,CLIENT_X - Denmark,HTTP Cookie,bench_new_T3_15778,,,,,Existing CM Trackers-Not Found,,,,,
api-cdn.mypurecloud.de,Performance cookies,Genesys,ETag,bench_new_T3_15260,,,,,Existing CM Trackers-Not Found,,,,,
widget-cdn.janraincapture.com,Performance cookies,Akamai,JavaScript,bench_new_T3_15377,,,TRUE,https://www.CLIENT_X.dk/myCLIENT_X#/register-new-product/form/SP9872_22,Existing CM Trackers-Found,,,,,
www.CLIENT_X.dk,Essential cookies,CLIENT_X - Denmark,HTTP Cookie,bench_new_T3_15470,,session,TRUE,http://www.CLIENT_X.dk/,Existing CM Trackers-Found,,,,,
www.gstatic.com,Performance cookies,Google Inc.,JavaScript,bench_new_T3_15014,,,TRUE,https://www.CLIENT_X.dk/c-e/member,Existing CM Trackers-Found,,,,,
CLIENT_X.dk,Targeted Advertising cookies (including social media),CLIENT_X - Denmark,HTTP Cookie,bench_new_T3_14648,,7,TRUE,https://www.CLIENT_X.dk/a-w/about,Existing CM Trackers-Found,,,,,
analytics-ipv6.tiktokw.us,Targeted Advertising cookies (including social media),TikTok,Beacon,bench_new_T3_15979,,,,http://www.CLIENT_X.dk/,New Third Party Trackers,,,,,
CLIENT_X.co.ke,Essential cookies (exempt from consent),CLIENT_X - Kenya,HTTP Cookie,s_vtime,,,TRUE,https://www.CLIENT_X.dk/a-w/about,Existing CM Trackers-Found,,,,,
CLIENT_X.dk,Essential cookies,CLIENT_X - Denmark,HTTP Cookie,bench_new_T3_15665,,,,,Existing CM Trackers-Not Found,,,,,
lighting.CLIENT_X.dk,Essential cookies,Signify (formerly CLIENT_X Lighting),HTTP Cookie,bench_new_T3_14501,,,,,Existing CM Trackers-Not Found,,,,,
assets.adoberesources.net,Performance cookies,Adobe Inc.,JavaScript,bench_new_T3_15749,,,,,Existing CM Trackers-Not Found,,,,,
CLIENT_X.com.hk,Essential cookies (exempt from consent),CLIENT_X - Hong Kong,HTTP Cookie,TEST_AMCV_COOKIE_WRITE,,60,TRUE,https://www.CLIENT_X.dk/a-w/about,Existing CM Trackers-Found,,,,,
widget-cdn.janraincapture.com,Performance cookies,Akamai,ETag,bench_new_T3_15464,,,TRUE,https://www.CLIENT_X.dk/myCLIENT_X#/register-new-product/form/SP9872_22,Existing CM Trackers-Found,,,,,
www.lampreplacementtool.CLIENT_X.com,Essential cookies,Koninklijke CLIENT_X N.V.,ETag,bench_new_T3_15630,,,,,Existing CM Trackers-Not Found,,,,,
ajax.googleapis.com,Performance cookies,Google Inc.,JavaScript,bench_new_T3_14715,,,,,Existing CM Trackers-Not Found,,,,,
apps.mypurecloud.de,Performance cookies,Genesys,JavaScript,bench_new_T3_15435,,,,,Existing CM Trackers-Not Found,,,,,
www.google.com,Targeted Advertising cookies (including social media),Google Inc.,Beacon,_ga_failed_lookup_marker_9_209,,,TRUE,http://www.CLIENT_X.dk/,Existing CM Trackers-Found,,,,,
h.online-metrix.net,Performance cookies,LexisNexis Risk Solutions (formerly ThreatMetrix),Beacon,bench_new_T3_14944,,,TRUE,http://www.CLIENT_X.dk/,Existing CM Trackers-Found,,,,,
CLIENT_X.dk,Essential cookies,CLIENT_X - Denmark,HTTP Cookie,bench_new_T3_15909,,,,,Existing CM Trackers-Not Found,,,,,
acdn-digitaltrans-01-p.azureedge.net,Targeted Advertising cookies (including social media),Microsoft,JavaScript,_ga_failed_lookup_marker_9_212,,,TRUE,https://www.CLIENT_X.dk/c-m-pe/tandborstehoveder/seneste,Existing CM Trackers-Found,,,,,
ajax.googleapis.com,Performance cookies,Google Inc.,JavaScript,_ga_failed_lookup_marker_9_213,,,,,Existing CM Trackers-Not Found,,,,,
snap.licdn.com,Performance cookies,LinkedIn,JavaScript,bench_new_T3_15964,,,TRUE,https://www.CLIENT_X.dk/c-e/shop/ho/household-refurbished-shop.html,Existing CM Trackers-Found,,,,,
CLIENT_X.dk,Essential cookies,CLIENT_X - Denmark,HTTP Cookie,bench_new_T3_15735,,session,TRUE,https://www.CLIENT_X.dk/a-w/about,Existing CM Trackers-Found,,,,,
CLIENT_X.dk,Essential cookies,CLIENT_X - Denmark,HTTP Cookie,bench_new_T3_15815,,90,TRUE,https://www.CLIENT_X.dk/a-w/about,Existing CM Trackers-Found,,,,,
www.horticulture-partnertool.lighting.CLIENT_X.com,Performance cookies,Signify (formerly CLIENT_X Lighting),JavaScript,bench_new_T3_15536,,,,,Existing CM Trackers-Not Found,,,,,
CLIENT_X.dk,Essential cookies,CLIENT_X - Denmark,HTTP Cookie,bench_new_T3_15156,,,,,Existing CM Trackers-Not Found,,,,,
www.CLIENT_X.ru,Essential cookies (exempt from consent),CLIENT_X - Russia,HTTP Cookie,kampyle_userid,,,,https://www.CLIENT_X.dk/c-p/LUMUD1004WX1_10/-,Existing CM Trackers-Found,,,,,
images.CLIENT_X.com,Essential cookies,Koninklijke CLIENT_X N.V.,JavaScript,bench_new_T3_14972,,,TRUE,https://www.CLIENT_X.dk/c-f/XC000019201/hvordan-reng%C3%B8r-og-desinficerer-jeg-min-CLIENT_X-avent-brystpumpe,Existing CM Trackers-Found,,,,,
CLIENT_X.dk,Essential cookies,CLIENT_X - Denmark,HTTP Cookie,bench_new_T3_14605,,0,TRUE,https://www.CLIENT_X.dk/a-w/about,Existing CM Trackers-Found,,,,,
widget-cdn.janraincapture.com,Performance cookies,Akamai,JavaScript,bench_new_T3_15321,,,TRUE,https://www.CLIENT_X.dk/myCLIENT_X#/register-new-product/form/SP9872_22,Existing CM Trackers-Found,,,,,
CLIENT_X.dk,Performance cookies,CLIENT_X - Denmark,HTTP Cookie,bench_new_T3_15083,,,,,Existing CM Trackers-Not Found,,,,,
dpm.demdex.net,Targeted Advertising cookies (including social media),"Adobe Audience Manager, Adobe Experience Platform",HTTP Cookie,bench_new_T3_14518,,,,,Existing CM Trackers-Not Found,,,,,
assets.adoberesources.net,Performance cookies,Adobe Inc.,JavaScript,bench_new_T3_14821,,,,,Existing CM Trackers-Not Found,,,,,
custom.yieldify.com,Targeted Advertising cookies (including social media),Yieldify,ETag,_ga_failed_lookup_marker_9_226,,,TRUE,http://www.CLIENT_X.dk/,Existing CM Trackers-Found,,,,,
www.docs.lighting.CLIENT_X.com,Performance cookies,Signify (formerly CLIENT_X Lighting),ETag,bench_new_T3_15178,,,,,Existing CM Trackers-Not Found,,,,,
i.ytimg.com,Targeted Advertising cookies (including social media),Google Inc.,ETag,bench_new_T3_15393,,,TRUE,https://www.CLIENT_X.dk/c-t/XC000002105/min-CLIENT_X-n%C3%A6seh%C3%A5rstrimmer-fungerer-ikke,Existing CM Trackers-Found,,,,,
imgs.signifyd.com,Essential cookies,Signifyd,HTTP Cookie,bench_new_T3_15273,,390,TRUE,https://www.CLIENT_X.dk/,Existing CM Trackers-Found,,,,,
consent.truste.com,Essential cookies,TrustArc,JavaScript,_ga_failed_lookup_marker_9_230,,,,,Existing CM Trackers-Not Found,,,,,
CLIENT_X.dk,Essential cookies,CLIENT_X - Denmark,HTTP Cookie,_ga_failed_lookup_marker_9_231,,,,,Existing CM Trackers-Not Found,,,,,
tag.demandbase.com,Targeted Advertising cookies (including social media),"Demandbase, Inc.",ETag,bench_new_T3_15564,,,TRUE,https://www.CLIENT_X.dk/a-w/about,Existing CM Trackers-Found,,,,,
CLIENT_X.com,Essential cookies (exempt from consent),Koninklijke CLIENT_X N.V.,HTTP Cookie,s_eVar8,,bench_update_duration,,,Existing CM Trackers-Not Found,,,,,
www.google.com,Targeted Advertising cookies (including social media),Google Inc.,JavaScript,bench_new_T3_15898,,,TRUE,https://www.CLIENT_X.dk/healthcare/?FormType=MarketingInquiry,Existing CM Trackers-Found,,,,,
www.CLIENT_X.com.my,Essential cookies (exempt from consent),CLIENT_X - Malaysia,JavaScript,blank (java),,bench_update_duration,,,Existing CM Trackers-Not Found,,,,,
CLIENT_X.com.br,Essential cookies (exempt from consent),CLIENT_X - Brazil,HTTP Cookie,_scid,,,,,Existing CM Trackers-Not Found,,,,,
CLIENT_X.fi,Essential cookies (exempt from consent),CLIENT_X - Finland,HTTP Cookie,at_check,,,,,Existing CM Trackers-Not Found,,,,,
CLIENT_X.dk,Essential cookies,CLIENT_X - Denmark,HTTP Cookie,bench_new_T3_15524,,,,,Existing CM Trackers-Not Found,,,,,
CLIENT_X.dk,Essential cookies,CLIENT_X - Denmark,HTTP Cookie,bench_new_T3_14531,,365,,https://www.CLIENT_X.dk/a-w/about,New First Party Trackers,,,,,
demdex.net,Targeted Advertising cookies (including social media),"Adobe Audience Manager, Adobe Experience Platform",HTTP Cookie,bench_new_T3_15466,,,,,Existing CM Trackers-Not Found,,,,,
CLIENT_X.co.uk,Essential cookies,CLIENT_X - United Kingdom,HTTP Cookie,bench_new_T3_14611,,,,,Existing CM Trackers-Not Found,,,,,
CLIENT_X.dk,Essential cookies,CLIENT_X - Denmark,HTTP Cookie,bench_new_T3_14521,,90,TRUE,https://www.CLIENT_X.dk/a-w/about,Existing CM Trackers-Found,,,,,
stats.g.doubleclick.net,Targeted Advertising cookies (including social media),Google Advertising Products,Beacon,bench_new_T3_15900,,,TRUE,http://www.CLIENT_X.dk/,Existing CM Trackers-Found,,,,,
custom.yieldify.com,Targeted Advertising cookies (including social media),Yieldify,ETag,bench_new_T3_15677,,,TRUE,http://www.CLIENT_X.dk/,Existing CM Trackers-Found,,,,,
www.lighting.CLIENT_X.com.vn,Essential cookies (exempt from consent),Signify (formerly CLIENT_X Lighting),HTTP Cookie,customer_language_accept,,bench_update_duration,,https://www.CLIENT_X.dk/a-w/politik-vedr-cookies,New Third Party Trackers,,,,,
CLIENT_X.dk,Essential cookies,CLIENT_X - Denmark,HTTP Cookie,bench_new_T3_14948,,session,TRUE,https://www.CLIENT_X.dk/a-w/about,Existing CM Trackers-Found,,,,,
*.online-metrix.net,Performance cookies,LexisNexis Risk Solutions (formerly ThreatMetrix),JavaScript,bench_new_T3_14708,,,,https://www.CLIENT_X.dk/c-p/LUMUD1004WX1_10/-,Existing CM Trackers-Found,,,,,
www.CLIENT_X.dk,Essential cookies,CLIENT_X - Denmark,HTTP Cookie,bench_new_T3_14927,,,,,Existing CM Trackers-Not Found,,,,,
CLIENT_X.dk,Essential cookies,CLIENT_X - Denmark,HTTP Cookie,bench_new_T3_15849,,session,TRUE,https://www.CLIENT_X.dk/a-w/about,Existing CM Trackers-Found,,,,,
cdn.jsdelivr.net,Performance cookies,Volentio JSD Limited,ETag,bench_new_T3_15150,,,,,Existing CM Trackers-Not Found,,,,,
linkedin.com,Targeted Advertising cookies (including social media),LinkedIn,HTTP Cookie,bench_new_T3_15274,,365,TRUE,https://www.CLIENT_X.dk/c-e/shop/ho/husholdning-bestsellere.html,Existing CM Trackers-Found,,,,,
www.CLIENT_X.dk,Essential cookies,CLIENT_X - Denmark,HTTP Cookie,_ga_failed_lookup_marker_9_252,,7,,http://www.CLIENT_X.dk/,New First Party Trackers,,,,,
*.online-metrix.net,Performance cookies,LexisNexis Risk Solutions (formerly ThreatMetrix),JavaScript,bench_new_T3_14693,,,,https://www.CLIENT_X.dk/c-p/LUMUD1004WX1_10/-,Existing CM Trackers-Found,,,,,
youtube.com,Targeted Advertising cookies (including social media),Google Advertising Products,HTTP Cookie,_ga_failed_lookup_marker_9_254,,180,TRUE,https://www.CLIENT_X.dk/c-e/au/autolamper/artikler-om-biler.html,Existing CM Trackers-Found,,,,,
CLIENT_X.dk,Essential cookies,CLIENT_X - Denmark,HTTP Cookie,bench_new_T3_15582,,90,TRUE,https://www.CLIENT_X.dk/a-w/about,Existing CM Trackers-Found,,,,,
www.CLIENT_X.dk,Essential cookies,CLIENT_X - Denmark,HTTP Cookie,bench_new_T3_15925,,session,,http://www.CLIENT_X.dk/,New First Party Trackers,,,,,
versuni.scene7.com,Performance cookies,Adobe Experience Cloud - Experience Manager,ETag,bench_new_T3_15398,,,,,Existing CM Trackers-Not Found,,,,,
*.online-metrix.net,Performance cookies,LexisNexis Risk Solutions (formerly ThreatMetrix),Beacon,bench_new_T3_15402,,,,http://www.CLIENT_X.dk/,Existing CM Trackers-Found,,,,,
js-agent.newrelic.com,Performance cookies,New Relic Inc.,ETag,_ga_failed_lookup_marker_9_259,,,,,Existing CM Trackers-Not Found,,,,,
www.CLIENT_X.dk,Essential cookies,CLIENT_X - Denmark,HTTP Cookie,bench_new_T3_14711,,365,TRUE,http://www.CLIENT_X.dk/,Existing CM Trackers-Found,,,,,
www.CLIENT_X.dk,Performance cookies,CLIENT_X - Denmark,HTTP Cookie,bench_new_T3_14507,,,,,Existing CM Trackers-Not Found,,,,,
googleads.g.doubleclick.net,Targeted Advertising cookies (including social media),Google Advertising Products,Beacon,bench_new_T3_14481,,,TRUE,http://www.CLIENT_X.dk/,Existing CM Trackers-Found,,,,,
consent-st.trustarc.com,Essential cookies,TrustArc,JavaScript,bench_new_T3_15244,,,TRUE,http://www.CLIENT_X.dk/,Existing CM Trackers-Found,,,,,
CLIENT_X.dk,Essential cookies,CLIENT_X - Denmark,HTTP Cookie,bench_new_T3_15851,,,,,Existing CM Trackers-Not Found,,,,,
CLIENT_Xlighting.d3.sc.omtrdc.net,Performance cookies,"Adobe Audience Manager, Adobe Experience Platform",JavaScript,bench_new_T3_14623,,,,,Existing CM Trackers-Not Found,,,,,
www.accounts.CLIENT_X.com,Essential cookies,Koninklijke CLIENT_X N.V.,ETag,bench_new_T3_14956,,,TRUE,https://www.CLIENT_X.dk/myCLIENT_X#/register-new-product/form/SP9872_22,Existing CM Trackers-Found,,,,,
CLIENT_X.dk,Essential cookies,CLIENT_X - Denmark,HTTP Cookie,bench_new_T3_15231,,400,,https://www.CLIENT_X.dk/a-w/about,New First Party Trackers,,,,,
c.amazon-adsystem.com,Targeted Advertising cookies (including social media),Amazon Advertising,ETag,bench_new_T3_14506,,,,,Existing CM Trackers-Not Found,,,,,
doubleclick.net,Targeted Advertising cookies (including social media),Google Advertising Products,HTTP Cookie,bench_new_T3_14848,,390,TRUE,https://www.CLIENT_X.dk/a-w/about,Existing CM Trackers-Found,,,,,
www.google.ie,Targeted Advertising cookies (including social media),Google Inc.,Beacon,bench_new_T3_14417,,,TRUE,http://www.CLIENT_X.dk/,Existing CM Trackers-Found,,,,,
www.googleadservices.com,Targeted Advertising cookies (including social media),Google Advertising Products,JavaScript,bench_new_T3_14630,,,,,Existing CM Trackers-Not Found,,,,,
CLIENT_X.dk,Essential cookies,CLIENT_X - Denmark,HTTP Cookie,bench_new_T3_14717,,90,TRUE,https://www.CLIENT_X.dk/a-w/about,Existing CM Trackers-Found,,,,,
nebula-cdn.kampyle.com,Performance cookies,Medallia,JavaScript,bench_new_T3_15902,,,TRUE,http://www.CLIENT_X.dk/,Existing CM Trackers-Found,,,,,
tr.snapchat.com,Targeted Advertising cookies (including social media),Snap Inc.,JavaScript,bench_new_T3_14636,,,TRUE,https://www.CLIENT_X.dk/c-m-ho/badevaerelselosninger,Existing CM Trackers-Found,,,,,
www.lighting.CLIENT_X.dk,Essential cookies,Signify (formerly CLIENT_X Lighting),ETag,bench_new_T3_15323,,,,,Existing CM Trackers-Not Found,,,,,
consent.trustarc.com,Essential cookies,TrustArc,Beacon,bench_new_T3_14912,,,TRUE,http://www.CLIENT_X.dk/,Existing CM Trackers-Found,,,,,
linkedin.com,Targeted Advertising cookies (including social media),LinkedIn,HTTP Cookie,bench_new_T3_15594,,1,TRUE,https://www.CLIENT_X.dk/c-e/shop/ho/husholdning-bestsellere.html,Existing CM Trackers-Found,,,,,
CLIENT_X.dk,Essential cookies,CLIENT_X - Denmark,HTTP Cookie,bench_new_T3_15589,,,,,Existing CM Trackers-Not Found,,,,,
www.google.com,Targeted Advertising cookies (including social media),Google Inc.,Beacon,bench_new_T3_14613,,,TRUE,http://www.CLIENT_X.dk/,Existing CM Trackers-Found,,,,,
*.online-metrix.net,Performance cookies,LexisNexis Risk Solutions (formerly ThreatMetrix),JavaScript,bench_new_T3_15380,,,,https://www.CLIENT_X.dk/c-p/LUMUD1004WX1_10/-,Existing CM Trackers-Found,,,,,
www.CLIENT_X.com.qa,Essential cookies (exempt from consent),CLIENT_X - Qatar,HTTP Cookie,p-hc-catg,,bench_update_duration,,,Existing CM Trackers-Not Found,,,,,
www.google.ie,Targeted Advertising cookies (including social media),Google Inc.,Beacon,bench_new_T3_15672,,,TRUE,http://www.CLIENT_X.dk/,Existing CM Trackers-Found,,,,,
ad.doubleclick.net,Targeted Advertising cookies (including social media),Google Advertising Products,Beacon,bench_new_T3_15914,,,TRUE,http://www.CLIENT_X.dk/,Existing CM Trackers-Found,,,,,
imgs.signifyd.com,Essential cookies,Signifyd,Local Storage,bench_new_T3_15526,,,TRUE,https://www.CLIENT_X.dk/,Existing CM Trackers-Found,,,,,
*.salesforceliveagent.com,Performance cookies,"salesforce.com, inc.",JavaScript,bench_new_T3_15917,,,,,Existing CM Trackers-Not Found,,,,,
h64.online-metrix.net,Performance cookies,LexisNexis Risk Solutions (formerly ThreatMetrix),JavaScript,bench_new_T3_15753,,,TRUE,https://www.CLIENT_X.dk/c-p/LUMUD1004WX1_10/-,Existing CM Trackers-Found,,,,,
*.mktoweb.com,Targeted Advertising cookies (including social media),Marketo,Local Storage,bench_new_T3_15238,,,,,Existing CM Trackers-Not Found,,,,,
www.CLIENT_X.dk,Essential cookies,CLIENT_X - Denmark,HTTP Cookie,bench_new_T3_15290,,,,,Existing CM Trackers-Not Found,,,,,
smetrics.marketing.lighting.CLIENT_X.com.ph,Essential cookies (exempt from consent),CLIENT_X - Philippines,JavaScript,blank (java),,bench_update_duration,TRUE,http://www.CLIENT_X.dk/,Existing CM Trackers-Found,,,,,
www.CLIENT_X.dk,Essential cookies,CLIENT_X - Denmark,HTTP Cookie,bench_new_T3_14579,,,,,Existing CM Trackers-Not Found,,,,,
www.crsc.CLIENT_X.com,Targeted Advertising cookies (including social media),Koninklijke CLIENT_X N.V.,JavaScript,bench_new_T3_15078,,,TRUE,https://www.CLIENT_X.dk/shop/order-search/search-input,Existing CM Trackers-Found,,,,,
accounts.CLIENT_X.com,Performance cookies,Koninklijke CLIENT_X N.V.,HTTP Cookie,bench_new_T3_14413,,,,,Existing CM Trackers-Not Found,,,,,
www.shop.CLIENT_X.ee,Performance Cookies [Requires consent],CLIENT_X - Republic of Estonia,ETag,-,,bench_update_duration,,,Existing CM Trackers-Not Found,,,,,
CLIENT_X.dk,Essential cookies,CLIENT_X - Denmark,HTTP Cookie,bench_new_T3_15884,,,,,Existing CM Trackers-Not Found,,,,,
koninklijkeCLIENT_Xnvproduction2k8xfrmr.analytics.org.coveo.com,Performance cookies,Coveo Solutions Inc.,Beacon,bench_new_T3_15479,,,TRUE,https://www.CLIENT_X.dk/c-p/HX9992_12/sonicare-9900-prestige-elektrisk-tandborste-med-senseiq,Existing CM Trackers-Found,,,,,
imgs.signifyd.com,Essential cookies,Signifyd,JavaScript,bench_new_T3_15384,,,TRUE,https://www.CLIENT_X.dk/c-p/HX6322_04,Existing CM Trackers-Found,,,,,
youtube.com,Targeted Advertising cookies (including social media),Google Advertising Products,HTTP Cookie,bench_new_T3_14719,,180,TRUE,https://www.CLIENT_X.dk/c-e/au/autolamper/artikler-om-biler.html,Existing CM Trackers-Found,,,,,
www.CLIENT_X.dk,Essential cookies,CLIENT_X - Denmark,HTTP Cookie,bench_new_T3_15915,,365,TRUE,http://www.CLIENT_X.dk/,Existing CM Trackers-Found,,,,,
www.CLIENT_X.dk,Essential cookies,CLIENT_X - Denmark,HTTP Cookie,bench_new_T3_14666,,365,TRUE,http://www.CLIENT_X.dk/,Existing CM Trackers-Found,,,,,
CLIENT_Xb2c.my.site.com,Performance cookies,"Salesforce.com, Inc.",Local Storage,bench_new_T3_14826,,,TRUE,https://www.CLIENT_X.dk/c-w/support-home/kontakt-os.html,Existing CM Trackers-Found,,,,,
CLIENT_X.dk,Essential cookies,CLIENT_X - Denmark,HTTP Cookie,bench_new_T3_15429,,90,TRUE,https://www.CLIENT_X.dk/a-w/about,Existing CM Trackers-Found,,,,,
www.CLIENT_X.dk,Essential cookies,CLIENT_X - Denmark,HTTP Cookie,bench_new_T3_15005,,1,TRUE,http://www.CLIENT_X.dk/,Existing CM Trackers-Found,,,,,
company-target.com,Targeted Advertising cookies (including social media),"Demandbase, Inc.",HTTP Cookie,bench_new_T3_14757,,396,TRUE,https://www.CLIENT_X.dk/a-w/about,Existing CM Trackers-Found,,,,,
CLIENT_X.ro,Essential cookies (exempt from consent),CLIENT_X - Romania,HTTP Cookie,_fbp,,bench_update_duration,,,Existing CM Trackers-Not Found,,,,,
tco.lighting.CLIENT_X.com,Targeted Advertising cookies (including social media),Koninklijke CLIENT_X N.V.,Local Storage,bench_new_T3_15167,,,,,Existing CM Trackers-Not Found,,,,,
pages.information.signify.com,Performance cookies,Signify (formerly CLIENT_X Lighting),Local Storage,bench_new_T3_15666,,,,,Existing CM Trackers-Not Found,,,,,
lux.speedcurve.com,Performance cookies,Speedcurve,JavaScript,bench_new_T3_15401,,,,https://www.CLIENT_X.dk/healthcare/enterprise-solutions/orthopedic-surgery-solutions,New Third Party Trackers,,,,,
youtube.com,Targeted Advertising cookies (including social media),Google Advertising Products,HTTP Cookie,_ga_failed_lookup_marker_9_308,,180,,https://www.CLIENT_X.dk/c-e/au/autolamper/artikler-om-biler.html,New Third Party Trackers,,,,,
cdn.speedcurve.com,Performance cookies,Speedcurve,JavaScript,_ga_failed_lookup_marker_9_309,,,,http://www.CLIENT_X.dk/,New Third Party Trackers,,,,,
*.mktoweb.com,Targeted Advertising cookies (including social media),Marketo,HTTP Cookie,_ga_failed_lookup_marker_9_310,,,,,Existing CM Trackers-Not Found,,,,,
h64.online-metrix.net,Performance cookies,LexisNexis Risk Solutions (formerly ThreatMetrix),Beacon,bench_new_T3_15569,,,TRUE,http://www.CLIENT_X.dk/,Existing CM Trackers-Found,,,,,
doubleclick.net,Targeted Advertising cookies (including social media),Google Advertising Products,HTTP Cookie,bench_new_T3_14467,,390,TRUE,https://www.CLIENT_X.dk/a-w/about,Existing CM Trackers-Found,,,,,
analytics-fe.digital-cloud-us-main.medallia.com,Performance cookies,Medallia,Beacon,bench_new_T3_14513,,,TRUE,http://www.CLIENT_X.dk/,Existing CM Trackers-Found,,,,,
youtube.com,Targeted Advertising cookies (including social media),Google Advertising Products,Local Storage,bench_new_T3_14535,,,,,Existing CM Trackers-Not Found,,,,,
cdn.mouseflow.com,Performance cookies,Mouseflow,ETag,_ga_failed_lookup_marker_9_315,,,,https://www.CLIENT_X.dk/c-e/pe/mens-grooming-welcome.html,New Third Party Trackers,,,,,
stats.g.doubleclick.net,Targeted Advertising cookies (including social media),Google Advertising Products,Beacon,bench_new_T3_15883,,,TRUE,http://www.CLIENT_X.dk/,Existing CM Trackers-Found,,,,,
d.la11-core1.sfdc-cehfhs.salesforceliveagent.com,Performance cookies,"salesforce.com, inc.",JavaScript,bench_new_T3_15309,,,,,Existing CM Trackers-Not Found,,,,,
snap.licdn.com,Performance cookies,LinkedIn,JavaScript,bench_new_T3_15516,,,TRUE,https://www.CLIENT_X.dk/c-e/shop/ho/household-refurbished-shop.html,Existing CM Trackers-Found,,,,,
CLIENT_X.dk,Essential cookies,CLIENT_X - Denmark,HTTP Cookie,bench_new_T3_14431,,365,TRUE,https://www.CLIENT_X.dk/a-w/about,Existing CM Trackers-Found,,,,,
CLIENT_X.dk,Essential cookies,CLIENT_X - Denmark,HTTP Cookie,bench_new_T3_15840,,400,FALSE,https://www.CLIENT_X.dk/a-w/about,Existing CM Trackers-Found,,,,,
demdex.net,Targeted Advertising cookies (including social media),"Adobe Audience Manager, Adobe Experience Platform",HTTP Cookie,bench_new_T3_15850,,,,,Existing CM Trackers-Not Found,,,,,
www.CLIENT_X.pl,Essential cookies (exempt from consent),CLIENT_X - Poland,HTTP Cookie,eddl_itc_list,,bench_update_duration,,http://www.CLIENT_X.dk/,New First Party Trackers,,,,,
www.lighting.CLIENT_X.bg,Essential cookies (exempt from consent),Signify (formerly CLIENT_X Lighting),HTTP Cookie,AWSELBCORS,,bench_update_duration,,https://www.CLIENT_X.dk/healthcare/e/sleep/communications/src-update/news/update-august-27-2021,Existing CM Trackers-Found,,,,,
CLIENT_X.dk,Essential cookies,CLIENT_X - Denmark,HTTP Cookie,bench_new_T3_14884,,,,,Existing CM Trackers-Not Found,,,,,
CLIENT_X.co.uk,Targeted Advertising cookies (including social media),CLIENT_X - United Kingdom,Local Storage,bench_new_T3_15878,,,,,Existing CM Trackers-Not Found,,,,,
h64.online-metrix.net,Performance cookies,LexisNexis Risk Solutions (formerly ThreatMetrix),JavaScript,_ga_failed_lookup_marker_9_326,,,TRUE,https://www.CLIENT_X.dk/c-p/LUMUD1004WX1_10/-,Existing CM Trackers-Found,,,,,
www.CLIENT_X.dk,Performance cookies,CLIENT_X - Denmark,HTTP Cookie,bench_new_T3_15472,,,,,Existing CM Trackers-Not Found,,,,,
assets.adobedtm.com,Performance cookies,Adobe Inc.,ETag,bench_new_T3_15195,,,TRUE,https://www.CLIENT_X.dk/shop/order-search/search-input,Existing CM Trackers-Found,,,,,
img.en25.com,Targeted Advertising cookies (including social media),Oracle Marketing,JavaScript,bench_new_T3_14765,,,TRUE,https://www.CLIENT_X.dk/healthcare/e/sleep/communications/src-update,Existing CM Trackers-Found,,,,,
custom.yieldify.com,Targeted Advertising cookies (including social media),Yieldify,JavaScript,bench_new_T3_14750,,,TRUE,http://www.CLIENT_X.dk/,Existing CM Trackers-Found,,,,,
www.CLIENT_X.dk,Essential cookies,CLIENT_X - Denmark,HTTP Cookie,bench_new_T3_14542,,session,,http://www.CLIENT_X.dk/,New First Party Trackers,,,,,
www.CLIENT_X.dk,Essential cookies,CLIENT_X - Denmark,HTTP Cookie,bench_new_T3_14598,,1,TRUE,http://www.CLIENT_X.dk/,Existing CM Trackers-Found,,,,,
dpm.demdex.net,Targeted Advertising cookies (including social media),"Adobe Audience Manager, Adobe Experience Platform",HTTP Cookie,bench_new_T3_15610,,,,,Existing CM Trackers-Not Found,,,,,
CLIENT_X.dk,Essential cookies,CLIENT_X - Denmark,HTTP Cookie,_ga_failed_lookup_marker_9_334,,365,TRUE,https://www.CLIENT_X.dk/a-w/about,Existing CM Trackers-Found,,,,,
analytics-fe.digital-cloud-us-main.medallia.com,Performance cookies,Medallia,Beacon,bench_new_T3_15392,,,TRUE,http://www.CLIENT_X.dk/,Existing CM Trackers-Found,,,,,
www.subscription.CLIENT_X.co.uk,Essential cookies (exempt from consent),CLIENT_X - United Kingdom,HTTP Cookie,kampyleUserSessionsCount,,session,TRUE,http://www.CLIENT_X.dk/,Existing CM Trackers-Found,,,,,
www.CLIENT_X.dk,Essential cookies,CLIENT_X - Denmark,HTTP Cookie,bench_new_T3_14581,,365,TRUE,http://www.CLIENT_X.dk/,Existing CM Trackers-Found,,,,,
www.lighting.CLIENT_X.dk,Essential cookies,Signify (formerly CLIENT_X Lighting),HTTP Cookie,bench_new_T3_15625,,,,,Existing CM Trackers-Not Found,,,,,
www.instagram.com,Targeted Advertising Cookies (including social media) [Requires consent],Instagram,Beacon,-,,bench_update_duration,TRUE,https://www.CLIENT_X.dk/c-m-pe/tandborstehoveder/seneste,Existing CM Trackers-Found,,,,,
*.mktoweb.com,Targeted Advertising cookies (including social media),Marketo,ETag,bench_new_T3_15031,,,,,Existing CM Trackers-Not Found,,,,,
www.googletagmanager.com,Performance cookies,Google Inc.,Beacon,bench_new_T3_15860,,,TRUE,https://www.CLIENT_X.dk/c-m-au/motorcykellygter,Existing CM Trackers-Found,,,,,
www.conversiontool.lighting.CLIENT_X.com,Targeted Advertising cookies (including social media),Signify (formerly CLIENT_X Lighting),ETag,bench_new_T3_15685,,,,,Existing CM Trackers-Not Found,,,,,
www.CLIENT_X.dk,Performance cookies,CLIENT_X - Denmark,HTTP Cookie,bench_new_T3_15144,,,,,Existing CM Trackers-Not Found,,,,,
snapchat.com,Targeted Advertising cookies (including social media),Snap Inc.,HTTP Cookie,bench_new_T3_15957,,390,TRUE,https://www.CLIENT_X.dk/c-e/shop/ho/husholdning-bestsellere.html,Existing CM Trackers-Found,,,,,
www.CLIENT_X.co.uk,Performance cookies,CLIENT_X - United Kingdom,ETag,bench_new_T3_14900,,,,,Existing CM Trackers-Not Found,,,,,
CLIENT_X.dk,Essential cookies,CLIENT_X - Denmark,HTTP Cookie,bench_new_T3_14610,,400,,https://www.CLIENT_X.dk/a-w/about,Existing CM Trackers-Found,,,,,
linkedin.com,Targeted Advertising cookies (including social media),LinkedIn,HTTP Cookie,bench_new_T3_15704,,1,TRUE,https://www.CLIENT_X.dk/c-e/shop/ho/husholdning-bestsellere.html,Existing CM Trackers-Found,,,,,
snapchat.com,Targeted Advertising cookies (including social media),Snap Inc.,HTTP Cookie,bench_new_T3_14424,,390,TRUE,https://www.CLIENT_X.dk/c-e/shop/ho/husholdning-bestsellere.html,Existing CM Trackers-Found,,,,,
*.akstat.io,Performance cookies,Akamai,Beacon,bench_new_T3_14628,,,,,Existing CM Trackers-Not Found,,,,,
imgs.signifyd.com,Essential cookies,Signifyd,HTTP Cookie,bench_new_T3_14449,,390,TRUE,https://www.CLIENT_X.dk/,Existing CM Trackers-Found,,,,,
*.en25.com,Targeted Advertising cookies (including social media),Oracle Marketing,JavaScript,bench_new_T3_15722,,,,https://www.CLIENT_X.dk/healthcare/e/sleep/communications/src-update,Existing CM Trackers-Found,,,,,
ssl-static.janraincapture.com,Performance cookies,Akamai,JavaScript,_ga_failed_lookup_marker_9_352,,,TRUE,https://www.CLIENT_X.dk/myCLIENT_X#/register-new-product/form/SP9872_22,Existing CM Trackers-Found,,,,,
www.crsc.lighting.CLIENT_X.com,Performance cookies,Signify (formerly CLIENT_X Lighting),ETag,bench_new_T3_15330,,,,,Existing CM Trackers-Not Found,,,,,
CLIENT_X.nl,Essential cookies (exempt from consent),CLIENT_X - Netherlands,HTTP Cookie,TAsessionID,,session,TRUE,http://www.CLIENT_X.dk/,Existing CM Trackers-Found,,,,,
widget-cdn.janraincapture.com,Performance cookies,Akamai,JavaScript,bench_new_T3_15363,,,TRUE,https://www.CLIENT_X.dk/myCLIENT_X#/register-new-product/form/SP9872_22,Existing CM Trackers-Found,,,,,
tiktok.com,Targeted Advertising cookies (including social media),TikTok,HTTP Cookie,bench_new_T3_15319,,90,TRUE,https://www.CLIENT_X.dk/a-w/about,Existing CM Trackers-Found,,,,,
www.CLIENT_X.dk,Essential cookies,CLIENT_X - Denmark,HTTP Cookie,bench_new_T3_15403,,0,,http://www.CLIENT_X.dk/,New First Party Trackers,,,,,
www.CLIENT_X.com.eg,Essential cookies (exempt from consent),CLIENT_X - Egypt,HTTP Cookie,user_country,,bench_update_duration,,,Existing CM Trackers-Not Found,,,,,
conversiontool.lighting.CLIENT_X.com,Targeted Advertising cookies (including social media),Koninklijke CLIENT_X N.V.,Local Storage,bench_new_T3_15631,,,,,Existing CM Trackers-Not Found,,,,,
youtube.com,Targeted Advertising cookies (including social media),Google Advertising Products,HTTP Cookie,bench_new_T3_15395,,session,TRUE,https://www.CLIENT_X.dk/c-e/au/autolamper/artikler-om-biler.html,Existing CM Trackers-Found,,,,,
CLIENT_X.co.uk,Essential cookies,CLIENT_X - United Kingdom,HTTP Cookie,bench_new_T3_14487,,,,,Existing CM Trackers-Not Found,,,,,
CLIENT_X.com.tw,Essential cookies (exempt from consent),CLIENT_X - Taiwan,HTTP Cookie,at_check,,,,,Existing CM Trackers-Not Found,,,,,
imgs.signifyd.com,Essential cookies,Signifyd,Local Storage,bench_new_T3_15795,,,TRUE,https://www.CLIENT_X.dk/,Existing CM Trackers-Found,,,,,
www.CLIENT_X.dk,Essential cookies,CLIENT_X - Denmark,HTTP Cookie,bench_new_T3_14742,,365,TRUE,http://www.CLIENT_X.dk/,Existing CM Trackers-Found,,,,,
company-target.com,Targeted Advertising cookies (including social media),"Demandbase, Inc.",HTTP Cookie,_ga_failed_lookup_marker_9_365,,396,TRUE,https://www.CLIENT_X.dk/a-w/about,Existing CM Trackers-Found,,,,,
CLIENT_X.pl,Essential cookies (exempt from consent),CLIENT_X - Poland,HTTP Cookie,s_vtime,,,,,Existing CM Trackers-Not Found,,,,,
www.crsc.CLIENT_X.com,Targeted Advertising cookies (including social media),Koninklijke CLIENT_X N.V.,ETag,bench_new_T3_15933,,,TRUE,https://www.CLIENT_X.dk/shop/order-search/search-input,Existing CM Trackers-Found,,,,,
www.documents.CLIENT_X.com,Targeted Advertising cookies (including social media),Koninklijke CLIENT_X N.V.,ETag,bench_new_T3_15716,,,,https://www.CLIENT_X.dk/healthcare/clinical-solutions/early-warning-scoring,New Third Party Trackers,,,,,
company-target.com,Targeted Advertising cookies (including social media),"Demandbase, Inc.",HTTP Cookie,_ga_failed_lookup_marker_9_369,,396,TRUE,https://www.CLIENT_X.dk/a-w/about,Existing CM Trackers-Found,,,,,
consent-pref.trustarc.com,Essential cookies,TrustArc,JavaScript,_ga_failed_lookup_marker_9_370,,,TRUE,http://www.CLIENT_X.dk/,Existing CM Trackers-Found,,,,,
www.CLIENT_X.dk,Essential cookies,CLIENT_X - Denmark,HTTP Cookie,bench_new_T3_15291,,365,TRUE,http://www.CLIENT_X.dk/,Existing CM Trackers-Found,,,,,
consent.truste.com,Essential cookies,TrustArc,JavaScript,bench_new_T3_14763,,,,,Existing CM Trackers-Not Found,,,,,
www.subskrypcje-da.CLIENT_X.pl,Essential cookies (exempt from consent),CLIENT_X - Poland,HTTP Cookie,OptanonConsent,,,TRUE,https://www.CLIENT_X.dk/c-p/LUMUD1004WX1_10/-,Existing CM Trackers-Found,,,,,
tr.snapchat.com,Targeted Advertising cookies (including social media),Snap Inc.,Beacon,bench_new_T3_14701,,,TRUE,https://www.CLIENT_X.dk/c-e/shop/ho/household-refurbished-shop.html,Existing CM Trackers-Found,,,,,
*.mktoweb.com,Targeted Advertising cookies (including social media),Marketo,Local Storage,bench_new_T3_15513,,,,,Existing CM Trackers-Not Found,,,,,
CLIENT_X.dk,Essential cookies,CLIENT_X - Denmark,HTTP Cookie,bench_new_T3_14739,,session,TRUE,https://www.CLIENT_X.dk/a-w/about,Existing CM Trackers-Found,,,,,
www.accounts.CLIENT_X.com,Essential cookies,Koninklijke CLIENT_X N.V.,ETag,bench_new_T3_14813,,,TRUE,https://www.CLIENT_X.dk/myCLIENT_X#/register-new-product/form/SP9872_22,Existing CM Trackers-Found,,,,,
www.CLIENT_X.it,Essential cookies (exempt from consent),CLIENT_X - Italy,HTTP Cookie,ws-active-shop,,,,https://www.CLIENT_X.dk/healthcare/e/sleep/communications/src-update/news/update-august-27-2021,Existing CM Trackers-Found,,,,,
CLIENT_X.com,Essential cookies,Koninklijke CLIENT_X N.V.,HTTP Cookie,bench_new_T3_15493,,,,,Existing CM Trackers-Not Found,,,,,
*.online-metrix.net,Performance cookies,LexisNexis Risk Solutions (formerly ThreatMetrix),JavaScript,bench_new_T3_15367,,,,https://www.CLIENT_X.dk/c-p/LUMUD1004WX1_10/-,Existing CM Trackers-Found,,,,,
www.gearselectiontool.lighting.CLIENT_X.com,Performance cookies,Signify (formerly CLIENT_X Lighting),JavaScript,bench_new_T3_15769,,,,,Existing CM Trackers-Not Found,,,,,
imgs.signifyd.com,Essential cookies,Signifyd,HTTP Cookie,bench_new_T3_15457,,390,TRUE,https://www.CLIENT_X.dk/,Existing CM Trackers-Found,,,,,
beacon.speedcurve.com,Performance cookies,Speedcurve,Beacon,_ga_failed_lookup_marker_9_383,,,,https://www.CLIENT_X.dk/c-e/become-product-tester.html,New Third Party Trackers,,,,,
www.googletagmanager.com,Performance cookies,Google Inc.,Beacon,bench_new_T3_14801,,,TRUE,https://www.CLIENT_X.dk/c-m-au/motorcykellygter,Existing CM Trackers-Found,,,,,
CLIENT_X.dk,Essential cookies,CLIENT_X - Denmark,HTTP Cookie,bench_new_T3_14614,,365,TRUE,https://www.CLIENT_X.dk/a-w/about,Existing CM Trackers-Found,,,,,
imgs.signifyd.com,Essential cookies,Signifyd,HTTP Cookie,bench_new_T3_15659,,390,TRUE,https://www.CLIENT_X.dk/,Existing CM Trackers-Found,,,,,
pages.information.signify.com,Performance cookies,Signify (formerly CLIENT_X Lighting),HTTP Cookie,bench_new_T3_14631,,,,,Existing CM Trackers-Not Found,,,,,
www.CLIENT_X.dk,Essential cookies,CLIENT_X - Denmark,HTTP Cookie,bench_new_T3_14724,,,,,Existing CM Trackers-Not Found,,,,,
widget-cdn.janraincapture.com,Performance cookies,Akamai,ETag,bench_new_T3_15990,,,TRUE,https://www.CLIENT_X.dk/myCLIENT_X#/register-new-product/form/SP9872_22,Existing CM Trackers-Found,,,,,
raw.githubusercontent.com,Performance cookies,GitHub Inc.,ETag,bench_new_T3_15193,,,,,Existing CM Trackers-Not Found,,,,,
CLIENT_X.com.tr,Essential cookies (exempt from consent),CLIENT_X - Turkey,HTTP Cookie,iadvize_test_cookie_top_domain,,,,,Existing CM Trackers-Not Found,,,,,
lux.speedcurve.com,Performance cookies,Speedcurve,JavaScript,_ga_failed_lookup_marker_9_392,,,,https://www.CLIENT_X.dk/healthcare/enterprise-solutions/orthopedic-surgery-solutions,New Third Party Trackers,,,,,
*.salesforceliveagent.com,Performance cookies,"salesforce.com, inc.",JavaScript,bench_new_T3_15667,,,,,Existing CM Trackers-Not Found,,,,,
www.CLIENT_X.dk,Essential cookies,CLIENT_X - Denmark,Beacon,bench_new_T3_15996,,,TRUE,https://www.CLIENT_X.dk/myCLIENT_X#/register-new-product/form/SP9872_22,Existing CM Trackers-Found,,,,,
stats.g.doubleclick.net,Targeted Advertising cookies (including social media),Google Advertising Products,Beacon,_ga_failed_lookup_marker_9_395,,,TRUE,http://www.CLIENT_X.dk/,Existing CM Trackers-Found,,,,,
koninklijkeCLIENT_Xnvproduction2k8xfrmr.analytics.org.coveo.com,Performance cookies,Coveo Solutions Inc.,Beacon,bench_new_T3_14453,,,TRUE,https://www.CLIENT_X.dk/c-p/HX9992_12/sonicare-9900-prestige-elektrisk-tandborste-med-senseiq,Existing CM Trackers-Found,,,,,
js-agent.newrelic.com,Performance cookies,New Relic Inc.,ETag,bench_new_T3_14549,,,,,Existing CM Trackers-Not Found,,,,,
CLIENT_X.dk,Essential cookies,CLIENT_X - Denmark,HTTP Cookie,bench_new_T3_15697,,90,TRUE,https://www.CLIENT_X.dk/a-w/about,Existing CM Trackers-Found,,,,,
lighting.CLIENT_X.dk,Essential cookies,Signify (formerly CLIENT_X Lighting),HTTP Cookie,bench_new_T3_14620,,,,,Existing CM Trackers-Not Found,,,,,
www.recaptcha.net,Performance cookies,Google Inc.,JavaScript,bench_new_T3_15905,,,,,Existing CM Trackers-Not Found,,,,,
www.CLIENT_X.dk,Essential cookies,CLIENT_X - Denmark,HTTP Cookie,bench_new_T3_15523,,1,,http://www.CLIENT_X.dk/,New First Party Trackers,,,,,
demdex.net,Targeted Advertising cookies (including social media),"Adobe Audience Manager, Adobe Experience Platform",HTTP Cookie,bench_new_T3_15673,,,,,Existing CM Trackers-Not Found,,,,,
pagead2.googlesyndication.com,Targeted Advertising cookies (including social media),Google Advertising Products,Beacon,bench_new_T3_15923,,,,,Existing CM Trackers-Not Found,,,,,
www.eu-west-1.api.CLIENT_X.com,Targeted Advertising cookies (including social media),Koninklijke CLIENT_X N.V.,Beacon,_ga_failed_lookup_marker_9_404,,,,https://www.CLIENT_X.dk/c-e/shop/checkout,New Third Party Trackers,,,,,
imgs.signifyd.com,Essential cookies,Signifyd,JavaScript,bench_new_T3_14478,,,TRUE,https://www.CLIENT_X.dk/c-p/HX6322_04,Existing CM Trackers-Found,,,,,
cdn.mouseflow.com,Performance cookies,Mouseflow,JavaScript,bench_new_T3_15885,,,,https://www.CLIENT_X.dk/c-e/pe/mens-grooming-welcome.html,New Third Party Trackers,,,,,
www.CLIENT_X.dk,Essential cookies,CLIENT_X - Denmark,HTTP Cookie,bench_new_T3_15515,,session,TRUE,http://www.CLIENT_X.dk/,Existing CM Trackers-Found,,,,,
www.CLIENT_X.com,Targeted Advertising cookies (including social media),Koninklijke CLIENT_X N.V.,ETag,bench_new_T3_15664,,,,https://www.CLIENT_X.dk/a-w/about/news/all-news.html,New Third Party Trackers,,,,,
d.tailtarget.com,Targeted Advertising Cookies (including social media) [Requires consent],Tail Target,JavaScript,-,,,,https://www.CLIENT_X.dk/c-e/shop/checkout,New Third Party Trackers,,,,,
static.cloud.coveo.com,Targeted Advertising cookies (including social media),Coveo Solutions Inc.,ETag,bench_new_T3_15027,,,TRUE,https://www.CLIENT_X.dk/c-p/HX9992_12/sonicare-9900-prestige-elektrisk-tandborste-med-senseiq,Existing CM Trackers-Found,,,,,
analytics-ipv6.tiktokw.us,Targeted Advertising cookies (including social media),TikTok,Beacon,bench_new_T3_14419,,,,http://www.CLIENT_X.dk/,New Third Party Trackers,,,,,
www.assets.lighting.CLIENT_X.com,Performance cookies,Signify (formerly CLIENT_X Lighting),ETag,bench_new_T3_15084,,,,,Existing CM Trackers-Not Found,,,,,
*.t.eloqua.com,Targeted Advertising cookies (including social media),Oracle Marketing,JavaScript,bench_new_T3_14643,,,,https://www.CLIENT_X.dk/healthcare/e/sleep/communications/src-update/news/update-august-27-2021,Existing CM Trackers-Found,,,,,
CLIENT_X.ng,Essential cookies (exempt from consent),CLIENT_X - Nigeria,HTTP Cookie,TEST_AMCV_COOKIE_WRITE,,bench_update_duration,,,Existing CM Trackers-Not Found,,,,,
www.lighting.CLIENT_X.co.uk,Essential cookies (exempt from consent),Signify (formerly CLIENT_X Lighting),Beacon,blank (beacon),,bench_update_duration,,,Existing CM Trackers-Not Found,,,,,
www.CLIENT_X.dk,Essential cookies,CLIENT_X - Denmark,HTTP Cookie,bench_new_T3_15602,,365,TRUE,http://www.CLIENT_X.dk/,Existing CM Trackers-Found,,,,,
acdn-digitaltrans-01-p.azureedge.net,Targeted Advertising cookies (including social media),Microsoft,JavaScript,bench_new_T3_15901,,,TRUE,https://www.CLIENT_X.dk/c-m-pe/tandborstehoveder/seneste,Existing CM Trackers-Found,,,,,
doubleclick.net,Targeted Advertising cookies (including social media),Google Advertising Products,HTTP Cookie,bench_new_T3_14634,,,,,Existing CM Trackers-Not Found,,,,,
www.googleapis.com,Performance cookies,Google Inc.,JavaScript,bench_new_T3_15310,,,TRUE,https://www.CLIENT_X.dk/c-e/au/autolamper/artikler-om-biler.html,Existing CM Trackers-Found,,,,,
px.ads.linkedin.com,Targeted Advertising cookies (including social media),LinkedIn,JavaScript,bench_new_T3_14783,,,TRUE,https://www.CLIENT_X.dk/healthcare/solutions/mother-and-child-care,Existing CM Trackers-Found,,,,,
td.yieldify.com,Targeted Advertising cookies (including social media),Yieldify,JavaScript,bench_new_T3_14669,,,TRUE,https://www.CLIENT_X.dk/c-m-au/autolamper/signal-og-interior-belysning/seneste,Existing CM Trackers-Found,,,,,
www.CLIENT_X.com.gh,Essential cookies (exempt from consent),CLIENT_X - Ghana,HTTP Cookie,user_country,,,,,Existing CM Trackers-Not Found,,,,,
www.CLIENT_X.pt,Essential cookies (exempt from consent),CLIENT_X - Portugal,HTTP Cookie,shop-health,,bench_update_duration,TRUE,https://www.CLIENT_X.dk/a-w/about,Existing CM Trackers-Found,,,,,
www.lighting.CLIENT_X.dk,Essential cookies,Signify (formerly CLIENT_X Lighting),HTTP Cookie,bench_new_T3_15991,,,,,Existing CM Trackers-Not Found,,,,,
smetrics.marketing.CLIENT_X-hue.com,Targeted Advertising cookies (including social media),CLIENT_X Hue,JavaScript,bench_new_T3_15518,,,,,Existing CM Trackers-Not Found,,,,,
google.com,Performance cookies,Google Inc.,Local Storage,bench_new_T3_14500,,,TRUE,https://www.CLIENT_X.dk/c-e/member,Existing CM Trackers-Found,,,,,
api-cdn.mypurecloud.de,Performance cookies,Genesys,ETag,bench_new_T3_15073,,,,,Existing CM Trackers-Not Found,,,,,
CLIENT_X.hr,Essential cookies (exempt from consent),CLIENT_X - Croatia,HTTP Cookie,_scid,,bench_update_duration,TRUE,https://www.CLIENT_X.dk/c-m-ho/badevaerelselosninger,Existing CM Trackers-Found,,,,,
ssl-static.janraincapture.com,Performance cookies,Akamai,JavaScript,bench_new_T3_14489,,,TRUE,https://www.CLIENT_X.dk/myCLIENT_X#/register-new-product/form/SP9872_22,Existing CM Trackers-Found,,,,,
www.CLIENT_X.dk,Performance cookies,CLIENT_X - Denmark,HTTP Cookie,bench_new_T3_15492,,,,,Existing CM Trackers-Not Found,,,,,
www.CLIENT_X.sa,Essential cookies (exempt from consent),CLIENT_X - Kingdom of Saudi Arabia,HTTP Cookie,kampyleUserSessionsCount,,,,https://www.CLIENT_X.dk/healthcare/e/sleep/communications/src-update,Existing CM Trackers-Found,,,,,
www.CLIENT_X.dk,Essential cookies,CLIENT_X - Denmark,HTTP Cookie,_ga_failed_lookup_marker_9_432,,0,,http://www.CLIENT_X.dk/,New First Party Trackers,,,,,
tracker-detail-page.trustarc.com,Essential cookies,TrustArc,JavaScript,bench_new_T3_15283,,,,https://www.CLIENT_X.dk/a-w/politik-vedr-cookies,New Third Party Trackers,,,,,
www.tco.lighting.CLIENT_X.com,Performance cookies,Koninklijke CLIENT_X N.V.,JavaScript,bench_new_T3_14490,,,,,Existing CM Trackers-Not Found,,,,,
c.amazon-adsystem.com,Targeted Advertising cookies (including social media),Amazon Advertising,JavaScript,bench_new_T3_15281,,,,,Existing CM Trackers-Not Found,,,,,
munchkin.marketo.net,Targeted Advertising cookies (including social media),Marketo,JavaScript,bench_new_T3_15317,,,,,Existing CM Trackers-Not Found,,,,,
CLIENT_X.dk,Essential cookies,CLIENT_X - Denmark,HTTP Cookie,bench_new_T3_15152,,session,TRUE,https://www.CLIENT_X.dk/a-w/about,Existing CM Trackers-Found,,,,,
www.accounts.CLIENT_X.com,Essential cookies,Koninklijke CLIENT_X N.V.,ETag,bench_new_T3_14480,,,TRUE,https://www.CLIENT_X.dk/myCLIENT_X#/register-new-product/form/SP9872_22,Existing CM Trackers-Found,,,,,
c.amazon-adsystem.com,Targeted Advertising cookies (including social media),Amazon Advertising,ETag,bench_new_T3_15874,,,,,Existing CM Trackers-Not Found,,,,,
cdn.speedcurve.com,Performance cookies,Speedcurve,JavaScript,bench_new_T3_15136,,,,http://www.CLIENT_X.dk/,New Third Party Trackers,,,,,
www.CLIENT_X.dk,Essential cookies,CLIENT_X - Denmark,HTTP Cookie,bench_new_T3_14827,,,,,Existing CM Trackers-Not Found,,,,,
ssl-static.janraincapture.com,Performance cookies,Akamai,JavaScript,bench_new_T3_15209,,,TRUE,https://www.CLIENT_X.dk/myCLIENT_X#/register-new-product/form/SP9872_22,Existing CM Trackers-Found,,,,,
CLIENT_X.dk,Essential cookies,CLIENT_X - Denmark,HTTP Cookie,bench_new_T3_14436,,393,TRUE,https://www.CLIENT_X.dk/a-w/about,Existing CM Trackers-Found,,,,,
eloqua.com,Essential cookies,Oracle Marketing,HTTP Cookie,bench_new_T3_14764,,392,TRUE,https://www.CLIENT_X.dk/healthcare/e/sleep/communications/src-update,Existing CM Trackers-Found,,,,,
CLIENT_X.dk,Essential cookies,CLIENT_X - Denmark,HTTP Cookie,bench_new_T3_15956,,,,,Existing CM Trackers-Not Found,,,,,
h64.online-metrix.net,Performance cookies,LexisNexis Risk Solutions (formerly ThreatMetrix),Beacon,bench_new_T3_14986,,,TRUE,http://www.CLIENT_X.dk/,Existing CM Trackers-Found,,,,,
www.lighting.CLIENT_X.lv,Essential cookies (exempt from consent),Signify (formerly CLIENT_X Lighting),HTTP Cookie,CLIENT_X,,bench_update_duration,TRUE,http://www.CLIENT_X.dk/,Existing CM Trackers-Found,,,,,
company-target.com,Targeted Advertising cookies (including social media),"Demandbase, Inc.",HTTP Cookie,_ga_failed_lookup_marker_9_448,,396,TRUE,https://www.CLIENT_X.dk/a-w/about,Existing CM Trackers-Found,,,,,
tremorhub.com,Targeted Advertising cookies (including social media),"Magnite CTV, Inc.",HTTP Cookie,bench_new_T3_15807,,365,TRUE,https://www.CLIENT_X.dk/a-w/about,Existing CM Trackers-Found,,,,,
CLIENT_Xb2c.my.site.com,Performance cookies,"Salesforce.com, Inc.",JavaScript,bench_new_T3_15539,,,TRUE,https://www.CLIENT_X.dk/c-w/support-home/kontakt-os.html,Existing CM Trackers-Found,,,,,
www.CLIENT_X.co.uk,Performance cookies,CLIENT_X - United Kingdom,ETag,bench_new_T3_14576,,,,,Existing CM Trackers-Not Found,,,,,
www.crsc.CLIENT_X.com,Targeted Advertising cookies (including social media),Koninklijke CLIENT_X N.V.,ETag,bench_new_T3_14837,,,TRUE,https://www.CLIENT_X.dk/shop/order-search/search-input,Existing CM Trackers-Found,,,,,
demdex.net,Targeted Advertising cookies (including social media),"Adobe Audience Manager, Adobe Experience Platform",HTTP Cookie,bench_new_T3_15248,,,,,Existing CM Trackers-Not Found,,,,,
www.docs.lighting.CLIENT_X.com,Performance cookies,Signify (formerly CLIENT_X Lighting),JavaScript,bench_new_T3_14606,,,,,Existing CM Trackers-Not Found,,,,,
maps.googleapis.com,Performance cookies,Google Inc.,ETag,bench_new_T3_15329,,,TRUE,https://www.CLIENT_X.dk/c-m-au/autolamper/store-locator,Existing CM Trackers-Found,,,,,
CLIENT_X.dk,Essential cookies,CLIENT_X - Denmark,HTTP Cookie,_ga_failed_lookup_marker_9_456,,0,TRUE,https://www.CLIENT_X.dk/a-w/about,Existing CM Trackers-Found,,,,,
doubleclick.net,Targeted Advertising cookies (including social media),Google Advertising Products,HTTP Cookie,bench_new_T3_15809,,30,TRUE,https://www.CLIENT_X.dk/a-w/about,Existing CM Trackers-Found,,,,,
*.t.eloqua.com,Targeted Advertising cookies (including social media),Oracle Marketing,JavaScript,bench_new_T3_15316,,,,https://www.CLIENT_X.dk/healthcare/e/sleep/communications/src-update/news/update-august-27-2021,Existing CM Trackers-Found,,,,,
CLIENT_X.dk,Essential cookies,CLIENT_X - Denmark,HTTP Cookie,bench_new_T3_15580,,,,,Existing CM Trackers-Not Found,,,,,
www.CLIENT_X.dk,Essential cookies,CLIENT_X - Denmark,HTTP Cookie,bench_new_T3_15607,,1,TRUE,http://www.CLIENT_X.dk/,Existing CM Trackers-Found,,,,,
CLIENT_X.dk,Essential cookies,CLIENT_X - Denmark,HTTP Cookie,bench_new_T3_15871,,,,,Existing CM Trackers-Not Found,,,,,
casalemedia.com,Targeted Advertising cookies (including social media),Index Exchange Inc.,HTTP Cookie,bench_new_T3_15382,,90,TRUE,https://www.CLIENT_X.dk/a-w/about,Existing CM Trackers-Found,,,,,
sc-static.net,Targeted Advertising cookies (including social media),Snap Inc.,HTTP Cookie,bench_new_T3_14599,,1,TRUE,https://www.CLIENT_X.dk/c-e/shop/ho/husholdning-bestsellere.html,Existing CM Trackers-Found,,,,,
pixel.rubiconproject.com,Targeted Advertising cookies (including social media),"Magnite, Inc.",Beacon,bench_new_T3_15505,,,TRUE,https://www.CLIENT_X.dk/a-w/about,Existing CM Trackers-Found,,,,,
www.store-CLIENT_X.tw,Essential cookies (exempt from consent),CLIENT_X Store - Taiwan,ETag,blank (etag),,,,,Existing CM Trackers-Not Found,,,,,
CLIENT_X.dk,Essential cookies,CLIENT_X - Denmark,HTTP Cookie,bench_new_T3_14902,,0,TRUE,https://www.CLIENT_X.dk/a-w/about,Existing CM Trackers-Found,,,,,
CLIENT_Xb2c.my.site.com,Performance cookies,"Salesforce.com, Inc.",Beacon,bench_new_T3_15696,,,TRUE,https://www.CLIENT_X.dk/c-w/support-home/kontakt-os.html,Existing CM Trackers-Found,,,,,
acdn-digitaltrans-01-p.azureedge.net,Targeted Advertising Cookies (including social media) [Requires consent],Microsoft,JavaScript,-,,bench_update_duration,TRUE,http://www.CLIENT_X.dk/,Existing CM Trackers-Found,,,,,
CLIENT_X.com,Essential cookies,Koninklijke CLIENT_X N.V.,HTTP Cookie,_ga_failed_lookup_marker_9_469,,,,,Existing CM Trackers-Not Found,,,,,
custom.yieldify.com,Targeted Advertising cookies (including social media),Yieldify,JavaScript,bench_new_T3_15796,,,TRUE,http://www.CLIENT_X.dk/,Existing CM Trackers-Found,,,,,
imgs.signifyd.com,Essential cookies,Signifyd,HTTP Cookie,bench_new_T3_15746,,390,TRUE,https://www.CLIENT_X.dk/,Existing CM Trackers-Found,,,,,
CLIENT_X.dk,Essential cookies,CLIENT_X - Denmark,HTTP Cookie,_ga_failed_lookup_marker_9_472,,session,TRUE,https://www.CLIENT_X.dk/a-w/about,Existing CM Trackers-Found,,,,,
www.CLIENT_X.dk,Essential cookies,CLIENT_X - Denmark,HTTP Cookie,bench_new_T3_15050,,,,,Existing CM Trackers-Not Found,,,,,
CLIENT_Xlighting.d3.sc.omtrdc.net,Performance cookies,"Adobe Audience Manager, Adobe Experience Platform",JavaScript,bench_new_T3_15277,,,,,Existing CM Trackers-Not Found,,,,,
tag-logger.demandbase.com,Targeted Advertising cookies (including social media),"Demandbase, Inc.",ETag,bench_new_T3_14953,,,,https://www.CLIENT_X.dk/healthcare/medical-specialties/mother-and-child-care,New Third Party Trackers,,,,,
company-target.com,Targeted Advertising cookies (including social media),"Demandbase, Inc.",HTTP Cookie,bench_new_T3_15468,,396,TRUE,https://www.CLIENT_X.dk/a-w/about,Existing CM Trackers-Found,,,,,
tr.snapchat.com,Targeted Advertising cookies (including social media),Snap Inc.,Beacon,bench_new_T3_15396,,,TRUE,https://www.CLIENT_X.dk/c-e/shop/ho/household-refurbished-shop.html,Existing CM Trackers-Found,,,,,
accounts.CLIENT_X.com,Performance cookies,Koninklijke CLIENT_X N.V.,HTTP Cookie,_ga_failed_lookup_marker_9_478,,,,,Existing CM Trackers-Not Found,,,,,
CLIENT_X.dk,Essential cookies,CLIENT_X - Denmark,HTTP Cookie,bench_new_T3_15399,,session,TRUE,https://www.CLIENT_X.dk/a-w/about,Existing CM Trackers-Found,,,,,
youtube.com,Targeted Advertising cookies (including social media),Google Advertising Products,Local Storage,bench_new_T3_15744,,,,,Existing CM Trackers-Not Found,,,,,
www.recaptcha.net,Performance cookies,Google Inc.,JavaScript,bench_new_T3_15908,,,,,Existing CM Trackers-Not Found,,,,,
fonts.yieldify-production.com,Targeted Advertising cookies (including social media),Yieldify,ETag,bench_new_T3_15142,,,,,Existing CM Trackers-Not Found,,,,,
www.horticulture-partnertool.lighting.CLIENT_X.com,Performance cookies,Signify (formerly CLIENT_X Lighting),ETag,bench_new_T3_14880,,,,,Existing CM Trackers-Not Found,,,,,
versuni.scene7.com,Performance cookies,Adobe Experience Cloud - Experience Manager,ETag,_ga_failed_lookup_marker_9_484,,,,,Existing CM Trackers-Not Found,,,,,
sc-static.net,Targeted Advertising cookies (including social media),Snap Inc.,HTTP Cookie,bench_new_T3_14842,,1,TRUE,https://www.CLIENT_X.dk/c-e/shop/ho/husholdning-bestsellere.html,Existing CM Trackers-Found,,,,,
cdn.botframework.com,Performance cookies,Microsoft Bot Framework,JavaScript,bench_new_T3_14618,,,TRUE,https://www.CLIENT_X.dk/c-m-pe/tandborstehoveder/seneste,Existing CM Trackers-Found,,,,,
sc-static.net,Targeted Advertising cookies (including social media),Snap Inc.,HTTP Cookie,bench_new_T3_15762,,1,TRUE,https://www.CLIENT_X.dk/c-e/shop/ho/husholdning-bestsellere.html,Existing CM Trackers-Found,,,,,
*.fls.doubleclick.net,Targeted Advertising cookies (including social media),Google Advertising Products,Beacon,bench_new_T3_15359,,,,,Existing CM Trackers-Not Found,,,,,
doubleclick.net,Targeted Advertising cookies (including social media),Google Advertising Products,HTTP Cookie,bench_new_T3_14788,,0,TRUE,https://www.CLIENT_X.dk/a-w/about,Existing CM Trackers-Found,,,,,
googleads.g.doubleclick.net,Targeted Advertising cookies (including social media),Google Advertising Products,Beacon,bench_new_T3_15107,,,TRUE,http://www.CLIENT_X.dk/,Existing CM Trackers-Found,,,,,
www.googleadservices.com,Targeted Advertising cookies (including social media),Google Advertising Products,Beacon,bench_new_T3_15300,,,,,Existing CM Trackers-Not Found,,,,,
*.online-metrix.net,Performance cookies,LexisNexis Risk Solutions (formerly ThreatMetrix),Beacon,bench_new_T3_15025,,,,http://www.CLIENT_X.dk/,Existing CM Trackers-Found,,,,,
custom.yieldify.com,Targeted Advertising cookies (including social media),Yieldify,ETag,bench_new_T3_15918,,,TRUE,http://www.CLIENT_X.dk/,Existing CM Trackers-Found,,,,,
lighting.CLIENT_X.dk,Essential cookies,Signify (formerly CLIENT_X Lighting),HTTP Cookie,bench_new_T3_14585,,,,,Existing CM Trackers-Not Found,,,,,
lux.speedcurve.com,Performance cookies,Speedcurve,JavaScript,bench_new_T3_15880,,,,https://www.CLIENT_X.dk/healthcare/enterprise-solutions/orthopedic-surgery-solutions,New Third Party Trackers,,,,,
www.air-product-selector.CLIENT_X.com,Essential cookies (exempt from consent),Koninklijke CLIENT_X N.V.,HTTP Cookie,AWSALBCORS,,6,,,Existing CM Trackers-Not Found,,,,,
region1.analytics.google.com,Performance cookies,Google Inc.,Beacon,bench_new_T3_15983,,,TRUE,http://www.CLIENT_X.dk/,Existing CM Trackers-Found,,,,,
tag-logger.demandbase.com,Targeted Advertising cookies (including social media),"Demandbase, Inc.",ETag,_ga_failed_lookup_marker_9_498,,,,https://www.CLIENT_X.dk/healthcare/medical-specialties/mother-and-child-care,New Third Party Trackers,,,,,
sc-static.net,Targeted Advertising cookies (including social media),Snap Inc.,HTTP Cookie,bench_new_T3_15848,,1,TRUE,https://www.CLIENT_X.dk/c-e/shop/ho/husholdning-bestsellere.html,Existing CM Trackers-Found,,,,,
dpm.demdex.net,Targeted Advertising cookies (including social media),"Adobe Audience Manager, Adobe Experience Platform",Beacon,bench_new_T3_15443,,,,,Existing CM Trackers-Not Found,,,,,
www.CLIENT_X.dk,Essential cookies,CLIENT_X - Denmark,HTTP Cookie,bench_new_T3_14496,,365,TRUE,http://www.CLIENT_X.dk/,Existing CM Trackers-Found,,,,,
imgs.signifyd.com,Essential cookies,Signifyd,Local Storage,bench_new_T3_14479,,,TRUE,https://www.CLIENT_X.dk/,Existing CM Trackers-Found,,,,,
www.conversiontool.lighting.CLIENT_X.com,Targeted Advertising cookies (including social media),Signify (formerly CLIENT_X Lighting),JavaScript,_ga_failed_lookup_marker_9_503,,,,,Existing CM Trackers-Not Found,,,,,
CLIENT_X.dk,Essential cookies,CLIENT_X - Denmark,HTTP Cookie,bench_new_T3_15284,,,,,Existing CM Trackers-Not Found,,,,,
assets.adobedtm.com,Performance cookies,Adobe Inc.,JavaScript,bench_new_T3_15912,,,TRUE,https://www.CLIENT_X.dk/shop/order-search/search-input,Existing CM Trackers-Found,,,,,
h64.online-metrix.net,Performance cookies,LexisNexis Risk Solutions (formerly ThreatMetrix),JavaScript,bench_new_T3_14779,,,TRUE,https://www.CLIENT_X.dk/c-p/LUMUD1004WX1_10/-,Existing CM Trackers-Found,,,,,
CLIENT_Xb2c.my.salesforce-scrt.com,Performance cookies,"Salesforce.com, Inc.",Beacon,_ga_failed_lookup_marker_9_507,,,,https://www.CLIENT_X.dk/c-w/support-home/kontakt-os.html,New Third Party Trackers,,,,,
www.CLIENT_X.dk,Essential cookies,CLIENT_X - Denmark,HTTP Cookie,bench_new_T3_14575,,,,,Existing CM Trackers-Not Found,,,,,
www.googletagmanager.com,Performance cookies,Google Inc.,Beacon,bench_new_T3_15269,,,TRUE,https://www.CLIENT_X.dk/c-m-au/motorcykellygter,Existing CM Trackers-Found,,,,,
www.CLIENT_X.be,Essential cookies (exempt from consent),CLIENT_X - Belgium,HTTP Cookie,BE_Pub-cartstatus-com,,bench_update_duration,TRUE,https://www.CLIENT_X.dk/shop/order-search/search-input,Existing CM Trackers-Found,,,,,
www.CLIENT_X.dk,Essential cookies,CLIENT_X - Denmark,HTTP Cookie,bench_new_T3_15354,,14,,http://www.CLIENT_X.dk/,New First Party Trackers,,,,,
www.CLIENT_X.co.kr,Essential cookies (exempt from consent),CLIENT_X - Korea,HTTP Cookie,RT,,,TRUE,https://www.CLIENT_X.dk/c-e/au/autolamper/artikler-om-biler.html,Existing CM Trackers-Found,,,,,
doubleclick.net,Targeted Advertising cookies (including social media),Google Advertising Products,HTTP Cookie,bench_new_T3_15972,,0,TRUE,https://www.CLIENT_X.dk/a-w/about,Existing CM Trackers-Found,,,,,
CLIENT_X.dk,Essential cookies,CLIENT_X - Denmark,HTTP Cookie,_ga_failed_lookup_marker_9_514,,,,,Existing CM Trackers-Not Found,,,,,
www.CLIENT_X.dk,Essential cookies,CLIENT_X - Denmark,HTTP Cookie,bench_new_T3_15604,,session,,http://www.CLIENT_X.dk/,Existing CM Trackers-Found,,,,,
CLIENT_X.dk,Essential cookies,CLIENT_X - Denmark,HTTP Cookie,bench_new_T3_15651,,365,TRUE,https://www.CLIENT_X.dk/a-w/about,Existing CM Trackers-Found,,,,,
custom.yieldify.com,Targeted Advertising cookies (including social media),Yieldify,JavaScript,bench_new_T3_14471,,,TRUE,http://www.CLIENT_X.dk/,Existing CM Trackers-Found,,,,,
linkedin.com,Targeted Advertising cookies (including social media),LinkedIn,HTTP Cookie,_ga_failed_lookup_marker_9_518,,1,TRUE,https://www.CLIENT_X.dk/c-e/shop/ho/husholdning-bestsellere.html,Existing CM Trackers-Found,,,,,
cdn.jsdelivr.net,Performance cookies,Volentio JSD Limited,ETag,bench_new_T3_14438,,,,,Existing CM Trackers-Not Found,,,,,
CLIENT_X.dk,Essential cookies,CLIENT_X - Denmark,HTTP Cookie,bench_new_T3_14892,,session,TRUE,https://www.CLIENT_X.dk/a-w/about,Existing CM Trackers-Found,,,,,
analytics.tiktok.com,Targeted Advertising cookies (including social media),TikTok,Beacon,bench_new_T3_15252,,,TRUE,http://www.CLIENT_X.dk/,Existing CM Trackers-Found,,,,,
lighting.CLIENT_X.dk,Essential cookies,Signify (formerly CLIENT_X Lighting),HTTP Cookie,bench_new_T3_14443,,,,,Existing CM Trackers-Not Found,,,,,
CLIENT_X.dk,Essential cookies,CLIENT_X - Denmark,HTTP Cookie,bench_new_T3_15618,,session,TRUE,https://www.CLIENT_X.dk/a-w/about,Existing CM Trackers-Found,,,,,
www.lighting.CLIENT_X.dk,Essential cookies,Signify (formerly CLIENT_X Lighting),HTTP Cookie,bench_new_T3_14645,,,,,Existing CM Trackers-Not Found,,,,,
www.googletagmanager.com,Performance cookies,Google Inc.,JavaScript,bench_new_T3_14685,,,TRUE,http://www.CLIENT_X.dk/,Existing CM Trackers-Found,,,,,
static.cloud.coveo.com,Targeted Advertising cookies (including social media),Coveo Solutions Inc.,ETag,bench_new_T3_14422,,,TRUE,https://www.CLIENT_X.dk/c-p/HX9992_12/sonicare-9900-prestige-elektrisk-tandborste-med-senseiq,Existing CM Trackers-Found,,,,,
cdn.channelsight.com,Essential cookies,ChannelSight,ETag,bench_new_T3_15507,,,TRUE,https://www.CLIENT_X.dk/c-e/so/skaerme/professionel-brug.html,Existing CM Trackers-Found,,,,,
imgs.signifyd.com,Essential cookies,Signifyd,HTTP Cookie,bench_new_T3_15072,,390,TRUE,https://www.CLIENT_X.dk/,Existing CM Trackers-Found,,,,,
www.CLIENT_X.co.uk,Essential cookies (exempt from consent),CLIENT_X - United Kingdom,Beacon,blank (beacon),,bench_update_duration,TRUE,https://www.CLIENT_X.dk/a-w/about,Existing CM Trackers-Found,,,,,
accounts.CLIENT_X.com,Performance cookies,Koninklijke CLIENT_X N.V.,HTTP Cookie,bench_new_T3_14477,,,,,Existing CM Trackers-Not Found,,,,,
www.CLIENT_X.dk,Essential cookies,CLIENT_X - Denmark,ETag,bench_new_T3_15597,,,TRUE,http://www.CLIENT_X.dk/,Existing CM Trackers-Found,,,,,
c.go-mpulse.net,Performance cookies,Akamai,JavaScript,bench_new_T3_15105,,,,,Existing CM Trackers-Not Found,,,,,
region1.google-analytics.com,Performance cookies,Google Inc.,HTTP Cookie,bench_new_T3_15104,,,,,Existing CM Trackers-Not Found,,,,,
CLIENT_X.dk,Performance cookies,CLIENT_X - Denmark,HTTP Cookie,bench_new_T3_15727,,session,TRUE,https://www.CLIENT_X.dk/a-w/about,Existing CM Trackers-Found,,,,,
CLIENT_X.sk,Essential cookies (exempt from consent),CLIENT_X - Slovakia,HTTP Cookie,_gdXXX,,bench_update_duration,TRUE,https://www.CLIENT_X.dk/c-m-au/autolamper/store-locator,Existing CM Trackers-Found,,,,,
www.CLIENT_X.dk,Essential cookies,CLIENT_X - Denmark,HTTP Cookie,bench_new_T3_14612,,session,TRUE,http://www.CLIENT_X.dk/,Existing CM Trackers-Found,,,,,
www.CLIENT_X.dk,Essential cookies,CLIENT_X - Denmark,HTTP Cookie,bench_new_T3_15147,,14,,http://www.CLIENT_X.dk/,New First Party Trackers,,,,,
td.yieldify.com,Targeted Advertising cookies (including social media),Yieldify,ETag,bench_new_T3_14484,,,TRUE,https://www.CLIENT_X.dk/c-m-au/autolamper/signal-og-interior-belysning/seneste,Existing CM Trackers-Found,,,,,
cdn.jsdelivr.net,Performance cookies,Volentio JSD Limited,ETag,bench_new_T3_14637,,,,,Existing CM Trackers-Not Found,,,,,
youtube.com,Targeted Advertising cookies (including social media),Google Advertising Products,HTTP Cookie,bench_new_T3_14545,,180,,https://www.CLIENT_X.dk/c-e/au/autolamper/artikler-om-biler.html,New Third Party Trackers,,,,,
conversiontool.lighting.CLIENT_X.com,Targeted Advertising cookies (including social media),Koninklijke CLIENT_X N.V.,Local Storage,bench_new_T3_15153,,,,,Existing CM Trackers-Not Found,,,,,
www.crsc.CLIENT_X.com,Targeted Advertising cookies (including social media),Koninklijke CLIENT_X N.V.,ETag,bench_new_T3_14592,,,TRUE,https://www.CLIENT_X.dk/shop/order-search/search-input,Existing CM Trackers-Found,,,,,
lighting.CLIENT_X.dk,Essential cookies,Signify (formerly CLIENT_X Lighting),HTTP Cookie,bench_new_T3_15455,,,,,Existing CM Trackers-Not Found,,,,,
recaptcha.net,Performance cookies,Google Inc.,Local Storage,bench_new_T3_15974,,,,,Existing CM Trackers-Not Found,,,,,
nebula-cdn.kampyle.com,Performance cookies,Medallia,ETag,bench_new_T3_14805,,,TRUE,http://www.CLIENT_X.dk/,Existing CM Trackers-Found,,,,,
www.CLIENT_X.dk,Essential cookies,CLIENT_X - Denmark,HTTP Cookie,bench_new_T3_14671,,0,,http://www.CLIENT_X.dk/,New First Party Trackers,,,,,
casalemedia.com,Targeted Advertising cookies (including social media),Index Exchange Inc.,HTTP Cookie,bench_new_T3_15463,,90,TRUE,https://www.CLIENT_X.dk/a-w/about,Existing CM Trackers-Found,,,,,
www.CLIENT_X.dk,Essential cookies,CLIENT_X - Denmark,HTTP Cookie,bench_new_T3_15349,,365,TRUE,http://www.CLIENT_X.dk/,Existing CM Trackers-Found,,,,,
imgs.signifyd.com,Essential cookies,Signifyd,Local Storage,bench_new_T3_15916,,,TRUE,https://www.CLIENT_X.dk/,Existing CM Trackers-Found,,,,,
imgs.signifyd.com,Essential cookies,Signifyd,Local Storage,bench_new_T3_15601,,,TRUE,https://www.CLIENT_X.dk/,Existing CM Trackers-Found,,,,,
www.lighting.CLIENT_X.dk,Essential cookies,Signify (formerly CLIENT_X Lighting),HTTP Cookie,bench_new_T3_14574,,,,,Existing CM Trackers-Not Found,,,,,
www.CLIENT_X.ie,Essential cookies (exempt from consent),CLIENT_X - Ireland,HTTP Cookie,eddl_gtm_qe_session_start_6523424625,,bench_update_duration,TRUE,https://www.CLIENT_X.dk/a-w/about,Existing CM Trackers-Found,,,,,
consent-st.trustarc.com,Essential cookies,TrustArc,JavaScript,_ga_failed_lookup_marker_9_553,,,TRUE,http://www.CLIENT_X.dk/,Existing CM Trackers-Found,,,,,
CLIENT_X.dk,Performance cookies,CLIENT_X - Denmark,HTTP Cookie,bench_new_T3_15935,,session,TRUE,https://www.CLIENT_X.dk/a-w/about,Existing CM Trackers-Found,,,,,
cdn-scripts.signifyd.com,Essential cookies,Signifyd,ETag,bench_new_T3_14682,,,TRUE,http://www.CLIENT_X.dk/,Existing CM Trackers-Found,,,,,
lux.speedcurve.com,Performance cookies,Speedcurve,JavaScript,bench_new_T3_15719,,,,https://www.CLIENT_X.dk/healthcare/enterprise-solutions/orthopedic-surgery-solutions,New Third Party Trackers,,,,,
www.tco.lighting.CLIENT_X.com,Performance cookies,Koninklijke CLIENT_X N.V.,JavaScript,bench_new_T3_15999,,,,,Existing CM Trackers-Not Found,,,,,
sc-static.net,Targeted Advertising cookies (including social media),Snap Inc.,ETag,_ga_failed_lookup_marker_9_558,,,TRUE,https://www.CLIENT_X.dk/c-m-ho/badevaerelselosninger,Existing CM Trackers-Found,,,,,
CLIENT_X.dk,Essential cookies,CLIENT_X - Denmark,HTTP Cookie,bench_new_T3_15490,,,,,Existing CM Trackers-Not Found,,,,,
CLIENT_X.dk,Essential cookies,CLIENT_X - Denmark,HTTP Cookie,bench_new_T3_14894,,365,TRUE,https://www.CLIENT_X.dk/a-w/about,Existing CM Trackers-Found,,,,,
lighting.CLIENT_X.dk,Essential cookies,Signify (formerly CLIENT_X Lighting),HTTP Cookie,bench_new_T3_15657,,,,,Existing CM Trackers-Not Found,,,,,
consent.truste.com,Essential cookies,TrustArc,JavaScript,bench_new_T3_15803,,,,,Existing CM Trackers-Not Found,,,,,
www.accounts.CLIENT_X.com,Essential cookies,Koninklijke CLIENT_X N.V.,ETag,bench_new_T3_14850,,,TRUE,https://www.CLIENT_X.dk/myCLIENT_X#/register-new-product/form/SP9872_22,Existing CM Trackers-Found,,,,,
ajax.googleapis.com,Performance cookies,Google Inc.,JavaScript,bench_new_T3_15910,,,,,Existing CM Trackers-Not Found,,,,,
lighting.CLIENT_X.dk,Essential cookies,Signify (formerly CLIENT_X Lighting),HTTP Cookie,bench_new_T3_15654,,,,,Existing CM Trackers-Not Found,,,,,
www.gstatic.com,Performance cookies,Google Inc.,JavaScript,bench_new_T3_14684,,,TRUE,https://www.CLIENT_X.dk/c-e/member,Existing CM Trackers-Found,,,,,
snapchat.com,Targeted Advertising cookies (including social media),Snap Inc.,HTTP Cookie,bench_new_T3_14778,,390,TRUE,https://www.CLIENT_X.dk/c-e/shop/ho/husholdning-bestsellere.html,Existing CM Trackers-Found,,,,,
pages.information.signify.com,Performance cookies,Signify (formerly CLIENT_X Lighting),HTTP Cookie,_ga_failed_lookup_marker_9_568,,,,,Existing CM Trackers-Not Found,,,,,
koninklijkeCLIENT_Xnvproduction2k8xfrmr.org.coveo.com,Performance cookies,Coveo Solutions Inc.,Beacon,bench_new_T3_15462,,,,https://www.CLIENT_X.dk/a-w/about/news/all-news.html,New Third Party Trackers,,,,,
CLIENT_X.dk,Essential cookies,CLIENT_X - Denmark,HTTP Cookie,bench_new_T3_15095,,,,,Existing CM Trackers-Not Found,,,,,
koninklijkeCLIENT_Xnvproduction2k8xfrmr.analytics.org.coveo.com,Performance cookies,Coveo Solutions Inc.,Beacon,bench_new_T3_15970,,,TRUE,https://www.CLIENT_X.dk/c-p/HX9992_12/sonicare-9900-prestige-elektrisk-tandborste-med-senseiq,Existing CM Trackers-Found,,,,,
www.lighting.CLIENT_X.dk,Essential cookies,Signify (formerly CLIENT_X Lighting),JavaScript,bench_new_T3_15738,,,,,Existing CM Trackers-Not Found,,,,,
beacon.speedcurve.com,Performance cookies,Speedcurve,Beacon,bench_new_T3_14457,,,,https://www.CLIENT_X.dk/c-e/become-product-tester.html,New Third Party Trackers,,,,,
pagead2.googlesyndication.com,Targeted Advertising cookies (including social media),Google Advertising Products,Beacon,bench_new_T3_14515,,,,,Existing CM Trackers-Not Found,,,,,
h.online-metrix.net,Performance cookies,LexisNexis Risk Solutions (formerly ThreatMetrix),Beacon,_ga_failed_lookup_marker_9_575,,,TRUE,http://www.CLIENT_X.dk/,Existing CM Trackers-Found,,,,,
CLIENT_X.dk,Essential cookies,CLIENT_X - Denmark,HTTP Cookie,bench_new_T3_15517,,,,,Existing CM Trackers-Not Found,,,,,
eloqua.com,Targeted Advertising cookies (including social media),Oracle Marketing,HTTP Cookie,bench_new_T3_15578,,392,TRUE,https://www.CLIENT_X.dk/healthcare/e/sleep/communications/src-update,Existing CM Trackers-Found,,,,,
td.yieldify.com,Targeted Advertising cookies (including social media),Yieldify,ETag,bench_new_T3_15833,,,TRUE,https://www.CLIENT_X.dk/c-m-au/autolamper/signal-og-interior-belysning/seneste,Existing CM Trackers-Found,,,,,
imgs.signifyd.com,Essential cookies,Signifyd,HTTP Cookie,bench_new_T3_14952,,390,TRUE,https://www.CLIENT_X.dk/,Existing CM Trackers-Found,,,,,
pages.information.signify.com,Performance cookies,Signify (formerly CLIENT_X Lighting),JavaScript,bench_new_T3_15973,,,,,Existing CM Trackers-Not Found,,,,,
CLIENT_X.dk,Essential cookies,CLIENT_X - Denmark,HTTP Cookie,bench_new_T3_15057,,,,,Existing CM Trackers-Not Found,,,,,
www.CLIENT_X.com.pe,Essential cookies (exempt from consent),CLIENT_X - Peru,JavaScript,blank (java),,,TRUE,https://www.CLIENT_X.dk/healthcare/?FormType=MarketingInquiry,Existing CM Trackers-Found,,,,,
CLIENT_X.dk,Essential cookies (exempt from consent),CLIENT_X - Denmark,HTTP Cookie,s_nrpv,,396,TRUE,https://www.CLIENT_X.dk/a-w/about,Existing CM Trackers-Found,,,,,
www.CLIENT_X.dk,Performance cookies,CLIENT_X - Denmark,HTTP Cookie,bench_new_T3_14593,,,,,Existing CM Trackers-Not Found,,,,,
CLIENT_X.dk,Essential cookies,CLIENT_X - Denmark,HTTP Cookie,bench_new_T3_15934,,90,TRUE,https://www.CLIENT_X.dk/a-w/about,Existing CM Trackers-Found,,,,,
www.CLIENT_X.dk,Essential cookies,CLIENT_X - Denmark,HTTP Cookie,_ga_failed_lookup_marker_9_586,,0,,http://www.CLIENT_X.dk/,New First Party Trackers,,,,,
c.la1-c2-par.salesforceliveagent.com,Performance cookies,"salesforce.com, inc.",JavaScript,_ga_failed_lookup_marker_9_587,,,,,Existing CM Trackers-Not Found,,,,,
google.com,Performance cookies,Google Inc.,Local Storage,bench_new_T3_15963,,,TRUE,https://www.CLIENT_X.dk/c-e/member,Existing CM Trackers-Found,,,,,
www.conversiontool.lighting.CLIENT_X.com,Targeted Advertising cookies (including social media),Signify (formerly CLIENT_X Lighting),JavaScript,bench_new_T3_15690,,,,,Existing CM Trackers-Not Found,,,,,
sc-static.net,Targeted Advertising cookies (including social media),Snap Inc.,JavaScript,bench_new_T3_15299,,,TRUE,https://www.CLIENT_X.dk/c-e/shop/ho/household-refurbished-shop.html,Existing CM Trackers-Found,,,,,
youtube.com,Targeted Advertising cookies (including social media),Google Advertising Products,HTTP Cookie,bench_new_T3_15547,,180,TRUE,https://www.CLIENT_X.dk/c-e/au/autolamper/artikler-om-biler.html,Existing CM Trackers-Found,,,,,
lighting.CLIENT_X.co.id,Essential cookies (exempt from consent),Signify (formerly CLIENT_X Lighting),HTTP Cookie,com.adobe.alloy.getTld,,bench_update_duration,,,Existing CM Trackers-Not Found,,,,,
CLIENT_X.dk,Essential cookies,CLIENT_X - Denmark,HTTP Cookie,bench_new_T3_14946,,0,TRUE,https://www.CLIENT_X.dk/a-w/about,Existing CM Trackers-Found,,,,,
CLIENT_X.dk,Essential cookies,CLIENT_X - Denmark,HTTP Cookie,bench_new_T3_15764,,,,,Existing CM Trackers-Not Found,,,,,
ssl-static.janraincapture.com,Performance cookies,Akamai,JavaScript,bench_new_T3_15658,,,TRUE,https://www.CLIENT_X.dk/myCLIENT_X#/register-new-product/form/SP9872_22,Existing CM Trackers-Found,,,,,
tst.CLIENT_X.com.mx,Essential cookies (exempt from consent),CLIENT_X - Mexico,JavaScript,blank (java),,bench_update_duration,,http://www.CLIENT_X.dk/,New First Party Trackers,,,,,
cdn-scripts.signifyd.com,Essential cookies,Signifyd,ETag,bench_new_T3_14714,,,TRUE,http://www.CLIENT_X.dk/,Existing CM Trackers-Found,,,,,
www.CLIENT_X.com.tr,Essential cookies (exempt from consent),CLIENT_X - Turkey,HTTP Cookie,AWSELBCORS,,bench_update_duration,TRUE,http://www.CLIENT_X.dk/,Existing CM Trackers-Found,,,,,
www.gearselectiontool.lighting.CLIENT_X.com,Performance cookies,Signify (formerly CLIENT_X Lighting),JavaScript,bench_new_T3_14906,,,,,Existing CM Trackers-Not Found,,,,,
cdn.botframework.com,Performance cookies,Microsoft Bot Framework,ETag,bench_new_T3_15224,,,TRUE,https://www.CLIENT_X.dk/c-m-pe/tandborstehoveder/seneste,Existing CM Trackers-Found,,,,,
CLIENT_X.dk,Essential cookies,CLIENT_X - Denmark,HTTP Cookie,bench_new_T3_15750,,,,,Existing CM Trackers-Not Found,,,,,
td.yieldify.com,Targeted Advertising Cookies (including social media) [Requires consent],Yieldify,JavaScript,-,,365,TRUE,http://www.CLIENT_X.dk/,Existing CM Trackers-Found,,,,,
www.CLIENT_X.dk,Essential cookies,CLIENT_X - Denmark,HTTP Cookie,bench_new_T3_14635,,session,,http://www.CLIENT_X.dk/,New First Party Trackers,,,,,
www.googletagmanager.com,Performance cookies,Google Inc.,JavaScript,bench_new_T3_15929,,,TRUE,http://www.CLIENT_X.dk/,Existing CM Trackers-Found,,,,,
CLIENT_Xb2c.my.site.com,Performance cookies,"Salesforce.com, Inc.",Local Storage,_ga_failed_lookup_marker_9_605,,,TRUE,https://www.CLIENT_X.dk/c-w/support-home/kontakt-os.html,Existing CM Trackers-Found,,,,,
www.CLIENT_X.dk,Essential cookies,CLIENT_X - Denmark,HTTP Cookie,bench_new_T3_15056,,365,TRUE,http://www.CLIENT_X.dk/,Existing CM Trackers-Found,,,,,
www.CLIENT_X.dk,Essential cookies,CLIENT_X - Denmark,HTTP Cookie,bench_new_T3_15789,,0,,http://www.CLIENT_X.dk/,New First Party Trackers,,,,,
ajax.googleapis.com,Performance cookies,Google Inc.,JavaScript,bench_new_T3_15808,,,,,Existing CM Trackers-Not Found,,,,,
CLIENT_X.dk,Essential cookies,CLIENT_X - Denmark,HTTP Cookie,bench_new_T3_15734,,,,,Existing CM Trackers-Not Found,,,,,
CLIENT_X.dk,Essential cookies,CLIENT_X - Denmark,HTTP Cookie,bench_new_T3_15977,,,,,Existing CM Trackers-Not Found,,,,,
conversiontool.lighting.CLIENT_X.com,Targeted Advertising cookies (including social media),Koninklijke CLIENT_X N.V.,Local Storage,bench_new_T3_14698,,,,,Existing CM Trackers-Not Found,,,,,
c.amazon-adsystem.com,Targeted Advertising cookies (including social media),Amazon Advertising,JavaScript,bench_new_T3_15967,,,,,Existing CM Trackers-Not Found,,,,,
analytics-fe.digital-cloud-us-main.medallia.com,Performance cookies,Medallia,Beacon,bench_new_T3_15043,,,TRUE,http://www.CLIENT_X.dk/,Existing CM Trackers-Found,,,,,
CLIENT_X.dk,Essential cookies,CLIENT_X - Denmark,HTTP Cookie,bench_new_T3_14936,,session,TRUE,https://www.CLIENT_X.dk/a-w/about,Existing CM Trackers-Found,,,,,
lighting.CLIENT_X.dk,Essential cookies,Signify (formerly CLIENT_X Lighting),HTTP Cookie,_ga_failed_lookup_marker_9_615,,,,,Existing CM Trackers-Not Found,,,,,
www.lighting.CLIENT_X.co.in,Essential cookies (exempt from consent),Signify (formerly CLIENT_X Lighting),HTTP Cookie,s_UbVar,,bench_update_duration,,,Existing CM Trackers-Not Found,,,,,
linkedin.com,Targeted Advertising cookies (including social media),LinkedIn,HTTP Cookie,_ga_failed_lookup_marker_9_617,,180,TRUE,https://www.CLIENT_X.dk/c-e/shop/ho/husholdning-bestsellere.html,Existing CM Trackers-Found,,,,,
CLIENT_X.dk,Essential cookies,CLIENT_X - Denmark,HTTP Cookie,bench_new_T3_15374,,,,,Existing CM Trackers-Not Found,,,,,
imgs.signifyd.com,Essential cookies,Signifyd,JavaScript,bench_new_T3_15348,,,TRUE,https://www.CLIENT_X.dk/c-p/HX6322_04,Existing CM Trackers-Found,,,,,
CLIENT_X.dk,Performance cookies,CLIENT_X - Denmark,HTTP Cookie,bench_new_T3_15137,,session,TRUE,https://www.CLIENT_X.dk/a-w/about,Existing CM Trackers-Found,,,,,
*.t.eloqua.com,Targeted Advertising cookies (including social media),Oracle Marketing,JavaScript,bench_new_T3_15541,,,,https://www.CLIENT_X.dk/healthcare/e/sleep/communications/src-update/news/update-august-27-2021,Existing CM Trackers-Found,,,,,
CLIENT_X.dk,Essential cookies,CLIENT_X - Denmark,HTTP Cookie,bench_new_T3_15725,,,,,Existing CM Trackers-Not Found,,,,,
www.CLIENT_X.dk,Essential cookies,CLIENT_X - Denmark,HTTP Cookie,bench_new_T3_14482,,365,TRUE,http://www.CLIENT_X.dk/,Existing CM Trackers-Found,,,,,
tag.demandbase.com,Targeted Advertising cookies (including social media),"Demandbase, Inc.",JavaScript,bench_new_T3_15791,,,TRUE,https://www.CLIENT_X.dk/a-w/about,Existing CM Trackers-Found,,,,,
demdex.net,Targeted Advertising cookies (including social media),"Adobe Audience Manager, Adobe Experience Platform",HTTP Cookie,bench_new_T3_15061,,,,,Existing CM Trackers-Not Found,,,,,
company-target.com,Targeted Advertising cookies (including social media),"Demandbase, Inc.",HTTP Cookie,bench_new_T3_14627,,396,TRUE,https://www.CLIENT_X.dk/a-w/about,Existing CM Trackers-Found,,,,,
dpm.demdex.net,Targeted Advertising cookies (including social media),"Adobe Audience Manager, Adobe Experience Platform",HTTP Cookie,bench_new_T3_14677,,,,,Existing CM Trackers-Not Found,,,,,
koninklijkeCLIENT_Xnvproduction2k8xfrmr.analytics.org.coveo.com,Performance cookies,Coveo Solutions Inc.,Beacon,bench_new_T3_14444,,,TRUE,https://www.CLIENT_X.dk/c-p/HX9992_12/sonicare-9900-prestige-elektrisk-tandborste-med-senseiq,Existing CM Trackers-Found,,,,,
sc-static.net,Targeted Advertising cookies (including social media),Snap Inc.,HTTP Cookie,bench_new_T3_15350,,1,TRUE,https://www.CLIENT_X.dk/c-e/shop/ho/husholdning-bestsellere.html,Existing CM Trackers-Found,,,,,
www.CLIENT_X.dk,Performance cookies,CLIENT_X - Denmark,HTTP Cookie,bench_new_T3_15168,,,,,Existing CM Trackers-Not Found,,,,,
www.CLIENT_X.dk,Essential cookies,CLIENT_X - Denmark,HTTP Cookie,bench_new_T3_14863,,,,,Existing CM Trackers-Not Found,,,,,
www.static.accounts.CLIENT_X.com,Essential cookies,Koninklijke CLIENT_X N.V.,JavaScript,bench_new_T3_14416,,,TRUE,https://www.CLIENT_X.dk/myCLIENT_X#/register-new-product/form/SP9872_22,Existing CM Trackers-Found,,,,,
CLIENT_X.dk,Essential cookies,CLIENT_X - Denmark,HTTP Cookie,bench_new_T3_15289,,session,TRUE,https://www.CLIENT_X.dk/a-w/about,Existing CM Trackers-Found,,,,,
www.CLIENT_X.dk,Essential cookies,CLIENT_X - Denmark,HTTP Cookie,_ga_failed_lookup_marker_9_634,,,,,Existing CM Trackers-Not Found,,,,,
widget-cdn.janraincapture.com,Performance cookies,Akamai,JavaScript,bench_new_T3_14659,,,TRUE,https://www.CLIENT_X.dk/myCLIENT_X#/register-new-product/form/SP9872_22,Existing CM Trackers-Found,,,,,
CLIENT_X.dk,Essential cookies,CLIENT_X - Denmark,HTTP Cookie,bench_new_T3_15106,,,,,Existing CM Trackers-Not Found,,,,,
www.lighting.CLIENT_X.si,Essential cookies (exempt from consent),Signify (formerly CLIENT_X Lighting),JavaScript,blank (java),,,TRUE,http://www.CLIENT_X.dk/,Existing CM Trackers-Found,,,,,
assets.adobedtm.com,Performance cookies,Adobe Inc.,ETag,bench_new_T3_15821,,,TRUE,https://www.CLIENT_X.dk/shop/order-search/search-input,Existing CM Trackers-Found,,,,,
www.CLIENT_X.dk,Essential cookies,CLIENT_X - Denmark,HTTP Cookie,bench_new_T3_15519,,,,,Existing CM Trackers-Not Found,,,,,
www.CLIENT_X.dk,Essential cookies,CLIENT_X - Denmark,HTTP Cookie,bench_new_T3_14975,,session,TRUE,http://www.CLIENT_X.dk/,Existing CM Trackers-Found,,,,,
lighting.CLIENT_X.dk,Essential cookies,Signify (formerly CLIENT_X Lighting),Local Storage,bench_new_T3_15624,,,,,Existing CM Trackers-Not Found,,,,,
koninklijkeCLIENT_Xnvproduction2k8xfrmr.analytics.org.coveo.com,Performance cookies,Coveo Solutions Inc.,Beacon,bench_new_T3_15285,,,TRUE,https://www.CLIENT_X.dk/c-p/HX9992_12/sonicare-9900-prestige-elektrisk-tandborste-med-senseiq,Existing CM Trackers-Found,,,,,
widget-cdn.janraincapture.com,Performance cookies,Akamai,JavaScript,bench_new_T3_15966,,,TRUE,https://www.CLIENT_X.dk/myCLIENT_X#/register-new-product/form/SP9872_22,Existing CM Trackers-Found,,,,,
CLIENT_X.dk,Essential cookies,CLIENT_X - Denmark,HTTP Cookie,bench_new_T3_14418,,,,,Existing CM Trackers-Not Found,,,,,
www.conversiontool.lighting.CLIENT_X.com,Targeted Advertising cookies (including social media),Signify (formerly CLIENT_X Lighting),ETag,bench_new_T3_15250,,,,,Existing CM Trackers-Not Found,,,,,
code.jquery.com,Performance cookies,jQuery,JavaScript,_ga_failed_lookup_marker_9_646,,,,,Existing CM Trackers-Not Found,,,,,
stats.g.doubleclick.net,Targeted Advertising cookies (including social media),Google Advertising Products,Beacon,bench_new_T3_15537,,,TRUE,http://www.CLIENT_X.dk/,Existing CM Trackers-Found,,,,,
www.ledsavingscalculator.CLIENT_X.co.uk,Performance cookies,Signify (formerly CLIENT_X Lighting),ETag,bench_new_T3_15641,,,,,Existing CM Trackers-Not Found,,,,,
www.documents.CLIENT_X.com,Targeted Advertising cookies (including social media),Koninklijke CLIENT_X N.V.,ETag,_ga_failed_lookup_marker_9_649,,,,https://www.CLIENT_X.dk/healthcare/clinical-solutions/early-warning-scoring,New Third Party Trackers,,,,,
CLIENT_X.nl,Essential cookies (exempt from consent),CLIENT_X - Netherlands,HTTP Cookie,s_eVar8,,bench_update_duration,,https://www.CLIENT_X.dk/c-e/au/autolamper/artikler-om-biler.html,New Third Party Trackers,,,,,
cdn.botframework.com,Performance cookies,Microsoft Bot Framework,ETag,bench_new_T3_15185,,,TRUE,https://www.CLIENT_X.dk/c-m-pe/tandborstehoveder/seneste,Existing CM Trackers-Found,,,,,
www.CLIENT_X.dk,Performance cookies,CLIENT_X - Denmark,HTTP Cookie,bench_new_T3_14916,,,,,Existing CM Trackers-Not Found,,,,,
CLIENT_X.dk,Essential cookies,CLIENT_X - Denmark,HTTP Cookie,bench_new_T3_15268,,365,TRUE,https://www.CLIENT_X.dk/a-w/about,Existing CM Trackers-Found,,,,,
doubleclick.net,Targeted Advertising cookies (including social media),Google Advertising Products,HTTP Cookie,bench_new_T3_14814,,0,TRUE,https://www.CLIENT_X.dk/a-w/about,Existing CM Trackers-Found,,,,,
custom.yieldify.com,Targeted Advertising cookies (including social media),Yieldify,JavaScript,bench_new_T3_14981,,,TRUE,http://www.CLIENT_X.dk/,Existing CM Trackers-Found,,,,,
*.salesforceliveagent.com,Performance cookies,"salesforce.com, inc.",JavaScript,bench_new_T3_15421,,,,,Existing CM Trackers-Not Found,,,,,
img.en25.com,Targeted Advertising cookies (including social media),Oracle Marketing,JavaScript,bench_new_T3_15184,,,TRUE,https://www.CLIENT_X.dk/healthcare/e/sleep/communications/src-update,Existing CM Trackers-Found,,,,,
*.mktoweb.com,Targeted Advertising cookies (including social media),Marketo,Local Storage,bench_new_T3_14959,,,,,Existing CM Trackers-Not Found,,,,,
company-target.com,Targeted Advertising cookies (including social media),"Demandbase, Inc.",HTTP Cookie,bench_new_T3_14527,,396,TRUE,https://www.CLIENT_X.dk/a-w/about,Existing CM Trackers-Found,,,,,
tr.snapchat.com,Targeted Advertising cookies (including social media),Snap Inc.,JavaScript,bench_new_T3_15044,,,TRUE,https://www.CLIENT_X.dk/c-m-ho/badevaerelselosninger,Existing CM Trackers-Found,,,,,
CLIENT_X.112.2o7.net,Performance cookies,"Adobe Audience Manager, Adobe Experience Cloud",Beacon,bench_new_T3_14633,,,TRUE,http://www.CLIENT_X.dk/,Existing CM Trackers-Found,,,,,
demdex.net,Targeted Advertising cookies (including social media),"Adobe Audience Manager, Adobe Experience Platform",HTTP Cookie,bench_new_T3_14486,,,,,Existing CM Trackers-Not Found,,,,,
doubleclick.net,Targeted Advertising cookies (including social media),Google Advertising Products,HTTP Cookie,bench_new_T3_14995,,,,,Existing CM Trackers-Not Found,,,,,
CLIENT_X.dk,Essential cookies,CLIENT_X - Denmark,HTTP Cookie,bench_new_T3_15198,,,,,Existing CM Trackers-Not Found,,,,,
www.CLIENT_X.dk,Essential cookies,CLIENT_X - Denmark,HTTP Cookie,bench_new_T3_15006,,session,,http://www.CLIENT_X.dk/,New First Party Trackers,,,,,
CLIENT_X.dk,Essential cookies,CLIENT_X - Denmark,HTTP Cookie,bench_new_T3_15924,,,,,Existing CM Trackers-Not Found,,,,,
www.CLIENT_X.dk,Essential cookies,CLIENT_X - Denmark,HTTP Cookie,bench_new_T3_14913,,,,,Existing CM Trackers-Not Found,,,,,
tracker-detail-page.trustarc.com,Essential cookies,TrustArc,ETag,bench_new_T3_14932,,,,https://www.CLIENT_X.dk/a-w/politik-vedr-cookies,New Third Party Trackers,,,,,
www.accounts.CLIENT_X.com,Essential cookies,Koninklijke CLIENT_X N.V.,JavaScript,bench_new_T3_15853,,,TRUE,https://www.CLIENT_X.dk/myCLIENT_X#/register-new-product/form/SP9872_22,Existing CM Trackers-Found,,,,,
assets-v2.yieldify.com,Targeted Advertising cookies (including social media),Yieldify,ETag,bench_new_T3_15052,,,,,Existing CM Trackers-Not Found,,,,,
imgs.signifyd.com,Essential cookies,Signifyd,JavaScript,bench_new_T3_15444,,,TRUE,https://www.CLIENT_X.dk/c-p/HX6322_04,Existing CM Trackers-Found,,,,,
CLIENT_X.cl,Essential cookies (exempt from consent),CLIENT_X - Chile,HTTP Cookie,biggy-session-CLIENT_Xcl,,0,TRUE,https://www.CLIENT_X.dk/a-w/about,Existing CM Trackers-Found,,,,,
CLIENT_X.de,Essential cookies (exempt from consent),CLIENT_X - Germany,HTTP Cookie,_gid,,,,https://www.CLIENT_X.dk/a-w/politik-vedr-cookies,New Third Party Trackers,,,,,
www.eu-west-1.api.CLIENT_X.com,Targeted Advertising cookies (including social media),Koninklijke CLIENT_X N.V.,Beacon,bench_new_T3_15016,,,,https://www.CLIENT_X.dk/c-e/shop/checkout,New Third Party Trackers,,,,,
CLIENT_X.dk,Essential cookies,CLIENT_X - Denmark,HTTP Cookie,_ga_failed_lookup_marker_9_675,,,,,Existing CM Trackers-Not Found,,,,,
www.lighting.CLIENT_X.dk,Essential cookies,Signify (formerly CLIENT_X Lighting),HTTP Cookie,bench_new_T3_14601,,,,,Existing CM Trackers-Not Found,,,,,
code.jquery.com,Performance cookies,jQuery,JavaScript,bench_new_T3_15219,,,,,Existing CM Trackers-Not Found,,,,,
www.googleadservices.com,Targeted Advertising cookies (including social media),Google Advertising Products,JavaScript,bench_new_T3_15383,,,,,Existing CM Trackers-Not Found,,,,,
www.google.com,Targeted Advertising cookies (including social media),Google Inc.,JavaScript,bench_new_T3_15386,,,TRUE,https://www.CLIENT_X.dk/healthcare/?FormType=MarketingInquiry,Existing CM Trackers-Found,,,,,
connect.facebook.net,Targeted Advertising cookies (including social media),Meta (formerly Facebook),Beacon,bench_new_T3_14965,,,TRUE,https://www.CLIENT_X.dk/c-m-pe/harpleje/hartorrere,Existing CM Trackers-Found,,,,,
CLIENT_X.ca,Essential cookies (exempt from consent),CLIENT_X - Canada,HTTP Cookie,s_nrpv,,bench_update_duration,TRUE,http://www.CLIENT_X.dk/,Existing CM Trackers-Found,,,,,
www.docs.lighting.CLIENT_X.com,Performance cookies,Signify (formerly CLIENT_X Lighting),ETag,bench_new_T3_15422,,,,,Existing CM Trackers-Not Found,,,,,
c.amazon-adsystem.com,Targeted Advertising cookies (including social media),Amazon Advertising,JavaScript,bench_new_T3_15863,,,,,Existing CM Trackers-Not Found,,,,,
fonts.yieldify-production.com,Targeted Advertising cookies (including social media),Yieldify,ETag,bench_new_T3_15034,,,,,Existing CM Trackers-Not Found,,,,,
connect.facebook.net,Targeted Advertising cookies (including social media),Meta (formerly Facebook),Beacon,bench_new_T3_14781,,,TRUE,https://www.CLIENT_X.dk/c-m-pe/harpleje/hartorrere,Existing CM Trackers-Found,,,,,
CLIENT_X.dk,Essential cookies,CLIENT_X - Denmark,HTTP Cookie,bench_new_T3_14870,,,,,Existing CM Trackers-Not Found,,,,,
www.CLIENT_X.bg,Essential cookies (exempt from consent),CLIENT_X - Bulgaria,HTTP Cookie,p-hc-specialty,,bench_update_duration,,,Existing CM Trackers-Not Found,,,,,
www.CLIENT_X.dk,Essential cookies,CLIENT_X - Denmark,HTTP Cookie,bench_new_T3_14538,,,,,Existing CM Trackers-Not Found,,,,,
CLIENT_X.dk,Essential cookies,CLIENT_X - Denmark,HTTP Cookie,bench_new_T3_14730,,400,TRUE,https://www.CLIENT_X.dk/a-w/about,Existing CM Trackers-Found,,,,,
smetrics.marketing.lighting.CLIENT_X.com,Targeted Advertising cookies (including social media),Koninklijke CLIENT_X N.V.,JavaScript,bench_new_T3_14736,,,,,Existing CM Trackers-Not Found,,,,,
www.CLIENT_X.dk,Essential cookies,CLIENT_X - Denmark,HTTP Cookie,bench_new_T3_15276,,0,,http://www.CLIENT_X.dk/,New First Party Trackers,,,,,
linkedin.com,Targeted Advertising cookies (including social media),LinkedIn,HTTP Cookie,bench_new_T3_15029,,180,TRUE,https://www.CLIENT_X.dk/c-e/shop/ho/husholdning-bestsellere.html,Existing CM Trackers-Found,,,,,
www.CLIENT_X.dk,Essential cookies,CLIENT_X - Denmark,HTTP Cookie,bench_new_T3_15240,,365,TRUE,http://www.CLIENT_X.dk/,Existing CM Trackers-Found,,,,,
www.CLIENT_X.dk,Essential cookies,CLIENT_X - Denmark,HTTP Cookie,bench_new_T3_15201,,365,TRUE,http://www.CLIENT_X.dk/,Existing CM Trackers-Found,,,,,
www.googleadservices.com,Targeted Advertising cookies (including social media),Google Advertising Products,Beacon,_ga_failed_lookup_marker_9_695,,,,,Existing CM Trackers-Not Found,,,,,
www.CLIENT_X.dk,Essential cookies,CLIENT_X - Denmark,HTTP Cookie,bench_new_T3_15449,,,,,Existing CM Trackers-Not Found,,,,,
api-cdn.mypurecloud.de,Performance cookies,Genesys,ETag,bench_new_T3_15862,,,,,Existing CM Trackers-Not Found,,,,,
*.en25.com,Targeted Advertising cookies (including social media),Oracle Marketing,JavaScript,_ga_failed_lookup_marker_9_698,,,,https://www.CLIENT_X.dk/healthcare/e/sleep/communications/src-update,Existing CM Trackers-Found,,,,,
CLIENT_Xb2c.my.salesforce-scrt.com,Performance cookies,"Salesforce.com, Inc.",Beacon,bench_new_T3_15550,,,,https://www.CLIENT_X.dk/c-w/support-home/kontakt-os.html,New Third Party Trackers,,,,,
sc-static.net,Targeted Advertising cookies (including social media),Snap Inc.,ETag,bench_new_T3_15353,,,TRUE,https://www.CLIENT_X.dk/c-m-ho/badevaerelselosninger,Existing CM Trackers-Found,,,,,
CLIENT_X.com,Essential cookies,Koninklijke CLIENT_X N.V.,HTTP Cookie,bench_new_T3_14577,,,,,Existing CM Trackers-Not Found,,,,,
tag.demandbase.com,Targeted Advertising cookies (including social media),"Demandbase, Inc.",ETag,bench_new_T3_15598,,,TRUE,https://www.CLIENT_X.dk/a-w/about,Existing CM Trackers-Found,,,,,
CLIENT_Xb2c.my.site.com,Performance cookies,"Salesforce.com, Inc.",Beacon,bench_new_T3_15642,,,TRUE,https://www.CLIENT_X.dk/c-w/support-home/kontakt-os.html,Existing CM Trackers-Found,,,,,
snapchat.com,Targeted Advertising cookies (including social media),Snap Inc.,HTTP Cookie,bench_new_T3_15741,,390,TRUE,https://www.CLIENT_X.dk/c-e/shop/ho/husholdning-bestsellere.html,Existing CM Trackers-Found,,,,,
region1.google-analytics.com,Performance cookies,Google Inc.,Beacon,bench_new_T3_14964,,,,,Existing CM Trackers-Not Found,,,,,
doubleclick.net,Targeted Advertising cookies (including social media),Google Advertising Products,HTTP Cookie,bench_new_T3_15208,,390,TRUE,https://www.CLIENT_X.dk/a-w/about,Existing CM Trackers-Found,,,,,
www.CLIENT_X.de,Essential cookies (exempt from consent),CLIENT_X - Germany,HTTP Cookie,DE_Pub-cartstatus-com,,,,,Existing CM Trackers-Not Found,,,,,
www.CLIENT_X.dk,Essential cookies,CLIENT_X - Denmark,HTTP Cookie,bench_new_T3_14407,,7,,http://www.CLIENT_X.dk/,New First Party Trackers,,,,,
hm.baidu.com,Performance Cookies [Requires consent],Baidu,HTTP Cookie,HMACCOUNT_BFESS,,5102,TRUE,http://www.CLIENT_X.dk/,Existing CM Trackers-Found,,,,,
CLIENT_X.si,Essential cookies (exempt from consent),CLIENT_X - Slovenia,HTTP Cookie,_gat_UA-XXX,,0,TRUE,https://www.CLIENT_X.dk/c-w/support-home/kontakt-os.html,Existing CM Trackers-Found,,,,,
CLIENT_X.dk,Essential cookies,CLIENT_X - Denmark,HTTP Cookie,_ga_failed_lookup_marker_9_711,,365,TRUE,https://www.CLIENT_X.dk/a-w/about,Existing CM Trackers-Found,,,,,
www.horticulture-partnertool.lighting.CLIENT_X.com,Performance cookies,Signify (formerly CLIENT_X Lighting),ETag,_ga_failed_lookup_marker_9_712,,,,,Existing CM Trackers-Not Found,,,,,
CLIENT_X.dk,Essential cookies,CLIENT_X - Denmark,HTTP Cookie,bench_new_T3_14567,,400,TRUE,https://www.CLIENT_X.dk/a-w/about,Existing CM Trackers-Found,,,,,
tag.demandbase.com,Targeted Advertising cookies (including social media),"Demandbase, Inc.",JavaScript,bench_new_T3_15787,,,TRUE,https://www.CLIENT_X.dk/a-w/about,Existing CM Trackers-Found,,,,,
www.lighting.CLIENT_X.com.co,Essential cookies (exempt from consent),Signify (formerly CLIENT_X Lighting),Local Storage,blank (local storage),,bench_update_duration,,https://www.CLIENT_X.dk/c-p/LUMUD1004WX1_10/-,Existing CM Trackers-Found,,,,,
www.CLIENT_X.com,Targeted Advertising cookies (including social media),Koninklijke CLIENT_X N.V.,ETag,bench_new_T3_15726,,,,https://www.CLIENT_X.dk/a-w/about/news/all-news.html,New Third Party Trackers,,,,,
www.CLIENT_X.dk,Essential cookies,CLIENT_X - Denmark,HTTP Cookie,bench_new_T3_15235,,0,TRUE,http://www.CLIENT_X.dk/,Existing CM Trackers-Found,,,,,
tags.creativecdn.com,Targeted Advertising cookies (including social media),RTB House S.A.,JavaScript,bench_new_T3_15296,,,,,Existing CM Trackers-Not Found,,,,,
www.googleadservices.com,Targeted Advertising cookies (including social media),Google Advertising Products,JavaScript,bench_new_T3_14514,,,,,Existing CM Trackers-Not Found,,,,,
lighting.CLIENT_X.dk,Essential cookies,Signify (formerly CLIENT_X Lighting),HTTP Cookie,_ga_failed_lookup_marker_9_720,,,,,Existing CM Trackers-Not Found,,,,,
CLIENT_X.dk,Essential cookies,CLIENT_X - Denmark,HTTP Cookie,bench_new_T3_15448,,session,TRUE,https://www.CLIENT_X.dk/a-w/about,Existing CM Trackers-Found,,,,,
www.ledsavingscalculator.CLIENT_X.co.uk,Performance cookies,Signify (formerly CLIENT_X Lighting),ETag,bench_new_T3_15826,,,,,Existing CM Trackers-Not Found,,,,,
CLIENT_X.com.cn,Essential cookies (exempt from consent),CLIENT_X - China,HTTP Cookie,internalUserCheck,,,,https://www.CLIENT_X.dk/c-w/support-home/kontakt-os.html,New Third Party Trackers,,,,,
www.docs.lighting.CLIENT_X.com,Performance cookies,Signify (formerly CLIENT_X Lighting),JavaScript,bench_new_T3_15122,,,,,Existing CM Trackers-Not Found,,,,,
www.googletagmanager.com,Performance cookies,Google Inc.,Beacon,bench_new_T3_15614,,,TRUE,https://www.CLIENT_X.dk/c-m-au/motorcykellygter,Existing CM Trackers-Found,,,,,
c.go-mpulse.net,Performance cookies,Akamai,JavaScript,bench_new_T3_14591,,,,,Existing CM Trackers-Not Found,,,,,
static.cloud.coveo.com,Targeted Advertising cookies (including social media),Coveo Solutions Inc.,ETag,bench_new_T3_15379,,,TRUE,https://www.CLIENT_X.dk/c-p/HX9992_12/sonicare-9900-prestige-elektrisk-tandborste-med-senseiq,Existing CM Trackers-Found,,,,,
doubleclick.net,Targeted Advertising cookies (including social media),Google Advertising Products,HTTP Cookie,bench_new_T3_15497,,,,,Existing CM Trackers-Not Found,,,,,
i.ytimg.com,Targeted Advertising cookies (including social media),Google Inc.,ETag,bench_new_T3_14915,,,TRUE,https://www.CLIENT_X.dk/c-t/XC000002105/min-CLIENT_X-n%C3%A6seh%C3%A5rstrimmer-fungerer-ikke,Existing CM Trackers-Found,,,,,
tracker-detail-page.trustarc.com,Essential cookies,TrustArc,ETag,bench_new_T3_14555,,,,https://www.CLIENT_X.dk/a-w/politik-vedr-cookies,New Third Party Trackers,,,,,
CLIENT_X.112.2o7.net,Performance cookies,"Adobe Audience Manager, Adobe Experience Cloud",Beacon,bench_new_T3_15747,,,TRUE,http://www.CLIENT_X.dk/,Existing CM Trackers-Found,,,,,
CLIENT_X.dk,Essential cookies,CLIENT_X - Denmark,HTTP Cookie,bench_new_T3_15495,,400,FALSE,https://www.CLIENT_X.dk/a-w/about,Existing CM Trackers-Found,,,,,
ad.doubleclick.net,Targeted Advertising cookies (including social media),Google Advertising Products,Beacon,bench_new_T3_15978,,,TRUE,http://www.CLIENT_X.dk/,Existing CM Trackers-Found,,,,,
*.mktoweb.com,Targeted Advertising cookies (including social media),Marketo,JavaScript,bench_new_T3_15567,,,,,Existing CM Trackers-Not Found,,,,,
www.CLIENT_X.dk,Essential cookies,CLIENT_X - Denmark,HTTP Cookie,bench_new_T3_14728,,365,TRUE,http://www.CLIENT_X.dk/,Existing CM Trackers-Found,,,,,
demdex.net,Targeted Advertising cookies (including social media),"Adobe Audience Manager, Adobe Experience Platform",HTTP Cookie,bench_new_T3_15094,,,,,Existing CM Trackers-Not Found,,,,,
consent.trustarc.com,Essential cookies,TrustArc,JavaScript,bench_new_T3_14873,,,TRUE,http://www.CLIENT_X.dk/,Existing CM Trackers-Found,,,,,
analytics.tiktok.com,Targeted Advertising cookies (including social media),TikTok,Beacon,bench_new_T3_14642,,,TRUE,http://www.CLIENT_X.dk/,Existing CM Trackers-Found,,,,,
www.lighting.CLIENT_X.com,Performance cookies,Signify (formerly CLIENT_X Lighting),ETag,bench_new_T3_15619,,,,,Existing CM Trackers-Not Found,,,,,
d.la1-c2-par.salesforceliveagent.com,Performance cookies,"salesforce.com, inc.",JavaScript,bench_new_T3_15703,,,,,Existing CM Trackers-Not Found,,,,,
www.lighting.CLIENT_X.hu,Essential cookies (exempt from consent),CLIENT_X - Hungary,HTTP Cookie,AWSELBCORS,,0,TRUE,https://www.CLIENT_X.dk/a-w/about,Existing CM Trackers-Found,,,,,
cdn.mouseflow.com,Performance cookies,Mouseflow,ETag,bench_new_T3_14572,,,,https://www.CLIENT_X.dk/c-e/pe/mens-grooming-welcome.html,New Third Party Trackers,,,,,
CLIENT_Xb2c.my.site.com,Performance cookies,"Salesforce.com, Inc.",JavaScript,bench_new_T3_15982,,,TRUE,https://www.CLIENT_X.dk/c-w/support-home/kontakt-os.html,Existing CM Trackers-Found,,,,,
www.crsc.lighting.CLIENT_X.com,Performance cookies,Signify (formerly CLIENT_X Lighting),JavaScript,bench_new_T3_15480,,,,,Existing CM Trackers-Not Found,,,,,
tracker-detail-page.trustarc.com,Essential cookies,TrustArc,JavaScript,bench_new_T3_15829,,,,https://www.CLIENT_X.dk/a-w/politik-vedr-cookies,New Third Party Trackers,,,,,
www.CLIENT_X.dk,Essential cookies,CLIENT_X - Denmark,HTTP Cookie,bench_new_T3_15615,,session,,http://www.CLIENT_X.dk/,New First Party Trackers,,,,,
custom.yieldify.com,Targeted Advertising cookies (including social media),Yieldify,ETag,bench_new_T3_15110,,,TRUE,http://www.CLIENT_X.dk/,Existing CM Trackers-Found,,,,,
c.la1-c2-par.salesforceliveagent.com,Performance cookies,"salesforce.com, inc.",JavaScript,bench_new_T3_14692,,,,,Existing CM Trackers-Not Found,,,,,
www.lighting.CLIENT_X.es,Essential cookies (exempt from consent),Signify (formerly CLIENT_X Lighting),HTTP Cookie,customer_language_accept,,bench_update_duration,TRUE,http://www.CLIENT_X.dk/,Existing CM Trackers-Found,,,,,
sc-static.net,Targeted Advertising cookies (including social media),Snap Inc.,JavaScript,bench_new_T3_15774,,,TRUE,https://www.CLIENT_X.dk/c-e/shop/ho/household-refurbished-shop.html,Existing CM Trackers-Found,,,,,
google.com,Performance cookies,Google Inc.,Local Storage,bench_new_T3_14973,,,TRUE,https://www.CLIENT_X.dk/c-e/member,Existing CM Trackers-Found,,,,,
pages.information.signify.com,Performance cookies,Signify (formerly CLIENT_X Lighting),HTTP Cookie,bench_new_T3_15755,,,,,Existing CM Trackers-Not Found,,,,,
CLIENT_X.dk,Essential cookies,CLIENT_X - Denmark,HTTP Cookie,bench_new_T3_15146,,365,TRUE,https://www.CLIENT_X.dk/a-w/about,Existing CM Trackers-Found,,,,,
www.healthcare.shop.CLIENT_X.fr,Essential cookies (exempt from consent),CLIENT_X - France,HTTP Cookie,JSESSIONID,,bench_update_duration,,,Existing CM Trackers-Not Found,,,,,
CLIENT_X.no,Essential cookies (exempt from consent),CLIENT_X - Norway,HTTP Cookie,li_cm_prefs_session,,bench_update_duration,,http://www.CLIENT_X.dk/,New First Party Trackers,,,,,
www.lighting.CLIENT_X.com,Performance cookies,Signify (formerly CLIENT_X Lighting),JavaScript,bench_new_T3_15593,,,,,Existing CM Trackers-Not Found,,,,,
www.CLIENT_X-hue.com,Performance cookies,CLIENT_X Hue,ETag,_ga_failed_lookup_marker_9_757,,,,,Existing CM Trackers-Not Found,,,,,
smetrics.marketing.CLIENT_X-hue.com,Targeted Advertising cookies (including social media),CLIENT_X Hue,JavaScript,bench_new_T3_15047,,,,,Existing CM Trackers-Not Found,,,,,
analytics-fe.digital-cloud-us-main.medallia.com,Performance cookies,Medallia,Beacon,bench_new_T3_14785,,,TRUE,http://www.CLIENT_X.dk/,Existing CM Trackers-Found,,,,,
www.CLIENT_X.ee,Essential cookies (exempt from consent),CLIENT_X - Republic of Estonia,Beacon,blank (beacon),,180,TRUE,https://www.CLIENT_X.dk/c-e/shop/ho/husholdning-bestsellere.html,Existing CM Trackers-Found,,,,,
tracker-detail-page.trustarc.com,Essential cookies,TrustArc,ETag,bench_new_T3_14949,,,,https://www.CLIENT_X.dk/a-w/politik-vedr-cookies,New Third Party Trackers,,,,,
www.ledsavingscalculator.CLIENT_X.co.uk,Performance cookies,Signify (formerly CLIENT_X Lighting),ETag,bench_new_T3_14414,,,,,Existing CM Trackers-Not Found,,,,,
CLIENT_X.de,Essential cookies (exempt from consent),CLIENT_X - Germany,HTTP Cookie,s_cm_direct,,bench_update_duration,TRUE,https://www.CLIENT_X.dk/a-w/about,Existing CM Trackers-Found,,,,,
api-cdn.mypurecloud.de,Performance cookies,Genesys,ETag,_ga_failed_lookup_marker_9_764,,,,,Existing CM Trackers-Not Found,,,,,
www.subskrypcje-da.CLIENT_X.pl,Essential cookies (exempt from consent),CLIENT_X - Poland,HTTP Cookie,project_770_cart_subscription_token,,,,,Existing CM Trackers-Not Found,,,,,
imgs.signifyd.com,Essential cookies,Signifyd,HTTP Cookie,bench_new_T3_15629,,390,TRUE,https://www.CLIENT_X.dk/,Existing CM Trackers-Found,,,,,
custom.yieldify.com,Targeted Advertising cookies (including social media),Yieldify,JavaScript,bench_new_T3_15127,,,TRUE,http://www.CLIENT_X.dk/,Existing CM Trackers-Found,,,,,
www.CLIENT_X.dk,Essential cookies,CLIENT_X - Denmark,HTTP Cookie,bench_new_T3_15342,,365,TRUE,http://www.CLIENT_X.dk/,Existing CM Trackers-Found,,,,,
www.crsc.CLIENT_X.com,Targeted Advertising cookies (including social media),Koninklijke CLIENT_X N.V.,ETag,bench_new_T3_14639,,,TRUE,https://www.CLIENT_X.dk/shop/order-search/search-input,Existing CM Trackers-Found,,,,,
snap.licdn.com,Performance cookies,LinkedIn,JavaScript,bench_new_T3_15772,,,TRUE,https://www.CLIENT_X.dk/c-e/shop/ho/household-refurbished-shop.html,Existing CM Trackers-Found,,,,,
sc-static.net,Targeted Advertising cookies (including social media),Snap Inc.,HTTP Cookie,_ga_failed_lookup_marker_9_771,,1,TRUE,https://www.CLIENT_X.dk/c-e/shop/ho/husholdning-bestsellere.html,Existing CM Trackers-Found,,,,,
tracker-detail-page.trustarc.com,Essential cookies,TrustArc,JavaScript,bench_new_T3_14495,,,,https://www.CLIENT_X.dk/a-w/politik-vedr-cookies,New Third Party Trackers,,,,,
CLIENT_X.dk,Essential cookies,CLIENT_X - Denmark,HTTP Cookie,bench_new_T3_15171,,session,TRUE,https://www.CLIENT_X.dk/a-w/about,Existing CM Trackers-Found,,,,,
CLIENT_Xb2c.my.site.com,Performance cookies,"Salesforce.com, Inc.",Beacon,bench_new_T3_15000,,,TRUE,https://www.CLIENT_X.dk/c-w/support-home/kontakt-os.html,Existing CM Trackers-Found,,,,,
www.CLIENT_X.dk,Performance cookies,CLIENT_X - Denmark,HTTP Cookie,bench_new_T3_14638,,,,,Existing CM Trackers-Not Found,,,,,
h64.online-metrix.net,Performance cookies,LexisNexis Risk Solutions (formerly ThreatMetrix),JavaScript,bench_new_T3_15879,,,TRUE,https://www.CLIENT_X.dk/c-p/LUMUD1004WX1_10/-,Existing CM Trackers-Found,,,,,
static.doubleclick.net,Targeted Advertising cookies (including social media),Google Advertising Products,JavaScript,bench_new_T3_14408,,,,,Existing CM Trackers-Not Found,,,,,
snapchat.com,Targeted Advertising cookies (including social media),Snap Inc.,HTTP Cookie,bench_new_T3_15608,,390,TRUE,https://www.CLIENT_X.dk/c-e/shop/ho/husholdning-bestsellere.html,Existing CM Trackers-Found,,,,,
images.CLIENT_X.com,Essential cookies,Koninklijke CLIENT_X N.V.,JavaScript,bench_new_T3_15199,,,TRUE,https://www.CLIENT_X.dk/c-f/XC000019201/hvordan-reng%C3%B8r-og-desinficerer-jeg-min-CLIENT_X-avent-brystpumpe,Existing CM Trackers-Found,,,,,
www.CLIENT_X.dk,Essential cookies,CLIENT_X - Denmark,HTTP Cookie,bench_new_T3_15326,,1,,http://www.CLIENT_X.dk/,New First Party Trackers,,,,,
pagead2.googlesyndication.com,Targeted Advertising cookies (including social media),Google Advertising Products,Beacon,bench_new_T3_14889,,,,,Existing CM Trackers-Not Found,,,,,
www.lighting.CLIENT_X.dk,Essential cookies,Signify (formerly CLIENT_X Lighting),ETag,bench_new_T3_15588,,,,,Existing CM Trackers-Not Found,,,,,
www.googleapis.com,Performance cookies,Google Inc.,JavaScript,bench_new_T3_14525,,,TRUE,https://www.CLIENT_X.dk/c-e/au/autolamper/artikler-om-biler.html,Existing CM Trackers-Found,,,,,
lighting.CLIENT_X.dk,Essential cookies,Signify (formerly CLIENT_X Lighting),HTTP Cookie,_ga_failed_lookup_marker_9_784,,,,,Existing CM Trackers-Not Found,,,,,
code.jquery.com,Performance cookies,jQuery,JavaScript,bench_new_T3_14854,,,,,Existing CM Trackers-Not Found,,,,,
www.CLIENT_X.dk,Essential cookies,CLIENT_X - Denmark,HTTP Cookie,bench_new_T3_14817,,7,,http://www.CLIENT_X.dk/,New First Party Trackers,,,,,
td.yieldify.com,Targeted Advertising cookies (including social media),Yieldify,ETag,bench_new_T3_15731,,,TRUE,https://www.CLIENT_X.dk/c-m-au/autolamper/signal-og-interior-belysning/seneste,Existing CM Trackers-Found,,,,,
CLIENT_Xb2c.my.site.com,Performance cookies,"Salesforce.com, Inc.",Local Storage,bench_new_T3_15221,,,TRUE,https://www.CLIENT_X.dk/c-w/support-home/kontakt-os.html,Existing CM Trackers-Found,,,,,
lighting.CLIENT_X.dk,Essential cookies,Signify (formerly CLIENT_X Lighting),HTTP Cookie,bench_new_T3_15400,,,,,Existing CM Trackers-Not Found,,,,,
www.CLIENT_X.dk,Essential cookies,CLIENT_X - Denmark,HTTP Cookie,bench_new_T3_15987,,session,TRUE,http://www.CLIENT_X.dk/,Existing CM Trackers-Found,,,,,
www.crsc.lighting.CLIENT_X.com,Performance cookies,Signify (formerly CLIENT_X Lighting),JavaScript,bench_new_T3_15893,,,,,Existing CM Trackers-Not Found,,,,,
CLIENT_X.dk,Essential cookies,CLIENT_X - Denmark,HTTP Cookie,bench_new_T3_15149,,,,,Existing CM Trackers-Not Found,,,,,
www.eu-west-1.api.CLIENT_X.com,Targeted Advertising cookies (including social media),Koninklijke CLIENT_X N.V.,Beacon,bench_new_T3_15324,,,,https://www.CLIENT_X.dk/c-e/shop/checkout,New Third Party Trackers,,,,,
img.en25.com,Targeted Advertising cookies (including social media),Oracle Marketing,JavaScript,bench_new_T3_14872,,,TRUE,https://www.CLIENT_X.dk/healthcare/e/sleep/communications/src-update,Existing CM Trackers-Found,,,,,
www.accounts.CLIENT_X.com,Essential cookies,Koninklijke CLIENT_X N.V.,ETag,bench_new_T3_15792,,,TRUE,https://www.CLIENT_X.dk/myCLIENT_X#/register-new-product/form/SP9872_22,Existing CM Trackers-Found,,,,,
www.accounts.CLIENT_X.ru,Essential cookies (exempt from consent),CLIENT_X - Russia,HTTP Cookie,eddl_gtm_qe_session_start_6523424625,,,,,Existing CM Trackers-Not Found,,,,,
CLIENT_X.dk,Essential cookies,CLIENT_X - Denmark,HTTP Cookie,bench_new_T3_15174,,,,,Existing CM Trackers-Not Found,,,,,
cdn.jsdelivr.net,Performance cookies,Volentio JSD Limited,ETag,bench_new_T3_14688,,,,,Existing CM Trackers-Not Found,,,,,
stats.g.doubleclick.net,Targeted Advertising cookies (including social media),Google Advertising Products,Beacon,_ga_failed_lookup_marker_9_799,,,TRUE,http://www.CLIENT_X.dk/,Existing CM Trackers-Found,,,,,
www.CLIENT_X.dk,Essential cookies,CLIENT_X - Denmark,HTTP Cookie,bench_new_T3_15179,,365,TRUE,http://www.CLIENT_X.dk/,Existing CM Trackers-Found,,,,,
CLIENT_X.dk,Essential cookies,CLIENT_X - Denmark,HTTP Cookie,_ga_failed_lookup_marker_9_801,,session,TRUE,https://www.CLIENT_X.dk/a-w/about,Existing CM Trackers-Found,,,,,
www.docs.lighting.CLIENT_X.com,Performance cookies,Signify (formerly CLIENT_X Lighting),ETag,bench_new_T3_15711,,,,,Existing CM Trackers-Not Found,,,,,
www.CLIENT_X.dk,Essential cookies,CLIENT_X - Denmark,HTTP Cookie,bench_new_T3_14709,,,,,Existing CM Trackers-Not Found,,,,,
www.CLIENT_X.dk,Essential cookies,CLIENT_X - Denmark,HTTP Cookie,bench_new_T3_14860,,,,,Existing CM Trackers-Not Found,,,,,
CLIENT_X.dk,Essential cookies,CLIENT_X - Denmark,HTTP Cookie,bench_new_T3_15218,,session,TRUE,https://www.CLIENT_X.dk/a-w/about,Existing CM Trackers-Found,,,,,
CLIENT_X.dk,Essential cookies,CLIENT_X - Denmark,HTTP Cookie,bench_new_T3_15343,,365,TRUE,https://www.CLIENT_X.dk/a-w/about,Existing CM Trackers-Found,,,,,
assets.kampyle.com,Performance cookies,Medallia,ETag,bench_new_T3_15521,,,TRUE,https://www.CLIENT_X.dk/a-w/about,Existing CM Trackers-Found,,,,,
www.googletagmanager.com,Performance cookies,Google Inc.,Beacon,bench_new_T3_15227,,,TRUE,https://www.CLIENT_X.dk/c-m-au/motorcykellygter,Existing CM Trackers-Found,,,,,
www.CLIENT_X.dk,Essential cookies,CLIENT_X - Denmark,HTTP Cookie,bench_new_T3_14661,,,,,Existing CM Trackers-Not Found,,,,,
www.google.com,Targeted Advertising cookies (including social media),Google Inc.,Beacon,bench_new_T3_15757,,,TRUE,http://www.CLIENT_X.dk/,Existing CM Trackers-Found,,,,,
CLIENT_X.dk,Essential cookies,CLIENT_X - Denmark,HTTP Cookie,bench_new_T3_15418,,400,TRUE,https://www.CLIENT_X.dk/a-w/about,Existing CM Trackers-Found,,,,,
www.CLIENT_X.co.jp,Essential cookies (exempt from consent),CLIENT_X Electronics Corporation Japan,JavaScript,blank (java),,bench_update_duration,,https://www.CLIENT_X.dk/healthcare/e/sleep/communications/src-update,Existing CM Trackers-Found,,,,,
i.ytimg.com,Targeted Advertising cookies (including social media),Google Inc.,ETag,bench_new_T3_14855,,,TRUE,https://www.CLIENT_X.dk/c-t/XC000002105/min-CLIENT_X-n%C3%A6seh%C3%A5rstrimmer-fungerer-ikke,Existing CM Trackers-Found,,,,,
www.gwarancjaksenon.CLIENT_X.pl,Essential cookies (exempt from consent),CLIENT_X - Poland,HTTP Cookie,AWSALBCORS,,bench_update_duration,TRUE,http://www.CLIENT_X.dk/,Existing CM Trackers-Found,,,,,
www.CLIENT_X.dk,Essential cookies,CLIENT_X - Denmark,HTTP Cookie,bench_new_T3_14775,,365,TRUE,http://www.CLIENT_X.dk/,Existing CM Trackers-Found,,,,,
lighting.CLIENT_X.dk,Essential cookies,Signify (formerly CLIENT_X Lighting),HTTP Cookie,bench_new_T3_14907,,,,,Existing CM Trackers-Not Found,,,,,
lux.speedcurve.com,Performance cookies,Speedcurve,JavaScript,bench_new_T3_15334,,,,https://www.CLIENT_X.dk/healthcare/enterprise-solutions/orthopedic-surgery-solutions,New Third Party Trackers,,,,,
casalemedia.com,Targeted Advertising cookies (including social media),Index Exchange Inc.,HTTP Cookie,bench_new_T3_15376,,365,TRUE,https://www.CLIENT_X.dk/a-w/about,Existing CM Trackers-Found,,,,,
www.crsc.CLIENT_X.com,Targeted Advertising cookies (including social media),Koninklijke CLIENT_X N.V.,ETag,_ga_failed_lookup_marker_9_819,,,TRUE,https://www.CLIENT_X.dk/shop/order-search/search-input,Existing CM Trackers-Found,,,,,
www.CLIENT_X.dk,Essential cookies,CLIENT_X - Denmark,HTTP Cookie,bench_new_T3_15592,,session,TRUE,http://www.CLIENT_X.dk/,Existing CM Trackers-Found,,,,,
www.CLIENT_X.dk,Essential cookies,CLIENT_X - Denmark,HTTP Cookie,_ga_failed_lookup_marker_9_821,,,,,Existing CM Trackers-Not Found,,,,,
CLIENT_X.dk,Essential cookies,CLIENT_X - Denmark,HTTP Cookie,bench_new_T3_15584,,,,,Existing CM Trackers-Not Found,,,,,
pages.information.signify.com,Performance cookies,Signify (formerly CLIENT_X Lighting),ETag,bench_new_T3_14441,,,,,Existing CM Trackers-Not Found,,,,,
versuni.scene7.com,Performance cookies,Adobe Experience Cloud - Experience Manager,JavaScript,bench_new_T3_14939,,,,,Existing CM Trackers-Not Found,,,,,
CLIENT_X.dk,Essential cookies,CLIENT_X - Denmark,HTTP Cookie,bench_new_T3_15486,,,,,Existing CM Trackers-Not Found,,,,,
CLIENT_X.dk,Essential cookies,CLIENT_X - Denmark,HTTP Cookie,bench_new_T3_15139,,0,TRUE,https://www.CLIENT_X.dk/a-w/about,Existing CM Trackers-Found,,,,,
CLIENT_X.dk,Essential cookies,CLIENT_X - Denmark,HTTP Cookie,bench_new_T3_15501,,90,TRUE,https://www.CLIENT_X.dk/a-w/about,Existing CM Trackers-Found,,,,,
www.docs.lighting.CLIENT_X.com,Performance cookies,Signify (formerly CLIENT_X Lighting),JavaScript,bench_new_T3_15375,,,,,Existing CM Trackers-Not Found,,,,,
tags.creativecdn.com,Targeted Advertising cookies (including social media),RTB House S.A.,ETag,bench_new_T3_15338,,,,,Existing CM Trackers-Not Found,,,,,
www.CLIENT_X.dk,Essential cookies,CLIENT_X - Denmark,HTTP Cookie,bench_new_T3_15405,,,,,Existing CM Trackers-Not Found,,,,,
www.google.ie,Targeted Advertising cookies (including social media),Google Inc.,Beacon,_ga_failed_lookup_marker_9_831,,,TRUE,http://www.CLIENT_X.dk/,Existing CM Trackers-Found,,,,,
versuni.scene7.com,Performance cookies,Adobe Experience Cloud - Experience Manager,JavaScript,bench_new_T3_15004,,,,,Existing CM Trackers-Not Found,,,,,
CLIENT_X.com.pk,Essential cookies (exempt from consent),CLIENT_X - Pakistan,HTTP Cookie,s_cm_direct,,400,,https://www.CLIENT_X.dk/a-w/about,New First Party Trackers,,,,,
google.com,Performance cookies,Google Inc.,Local Storage,bench_new_T3_14789,,,TRUE,https://www.CLIENT_X.dk/c-e/member,Existing CM Trackers-Found,,,,,
www.ledsavingscalculator.CLIENT_X.co.uk,Performance cookies,Signify (formerly CLIENT_X Lighting),ETag,bench_new_T3_15301,,,,,Existing CM Trackers-Not Found,,,,,
raw.githubusercontent.com,Performance cookies,GitHub Inc.,ETag,bench_new_T3_14626,,,,,Existing CM Trackers-Not Found,,,,,
CLIENT_X.dk,Essential cookies,CLIENT_X - Denmark,HTTP Cookie,bench_new_T3_15823,,365,TRUE,https://www.CLIENT_X.dk/a-w/about,Existing CM Trackers-Found,,,,,
CLIENT_X.dk,Essential cookies,CLIENT_X - Denmark,HTTP Cookie,bench_new_T3_14454,,393,TRUE,https://www.CLIENT_X.dk/a-w/about,Existing CM Trackers-Found,,,,,
www.crsc.lighting.CLIENT_X.com,Performance cookies,Signify (formerly CLIENT_X Lighting),JavaScript,bench_new_T3_14858,,,,,Existing CM Trackers-Not Found,,,,,
www.CLIENT_X.dk,Essential cookies,CLIENT_X - Denmark,HTTP Cookie,bench_new_T3_15995,,,,,Existing CM Trackers-Not Found,,,,,
td.yieldify.com,Targeted Advertising cookies (including social media),Yieldify,JavaScript,bench_new_T3_15288,,,TRUE,https://www.CLIENT_X.dk/c-m-au/autolamper/signal-og-interior-belysning/seneste,Existing CM Trackers-Found,,,,,
accounts.CLIENT_X.com,Performance cookies,Koninklijke CLIENT_X N.V.,HTTP Cookie,bench_new_T3_15984,,,,,Existing CM Trackers-Not Found,,,,,
www.crsc.CLIENT_X.com,Targeted Advertising cookies (including social media),Koninklijke CLIENT_X N.V.,JavaScript,bench_new_T3_14649,,,TRUE,https://www.CLIENT_X.dk/shop/order-search/search-input,Existing CM Trackers-Found,,,,,
assets.adoberesources.net,Performance cookies,Adobe Inc.,JavaScript,bench_new_T3_15473,,,,,Existing CM Trackers-Not Found,,,,,
h64.online-metrix.net,Performance cookies,LexisNexis Risk Solutions (formerly ThreatMetrix),Beacon,bench_new_T3_15194,,,TRUE,http://www.CLIENT_X.dk/,Existing CM Trackers-Found,,,,,
www.CLIENT_X.dk,Essential cookies,CLIENT_X - Denmark,HTTP Cookie,bench_new_T3_14841,,7,,http://www.CLIENT_X.dk/,New First Party Trackers,,,,,
tco.lighting.CLIENT_X.com,Targeted Advertising cookies (including social media),Koninklijke CLIENT_X N.V.,Local Storage,_ga_failed_lookup_marker_9_847,,,,,Existing CM Trackers-Not Found,,,,,
imgs.signifyd.com,Essential cookies,Signifyd,Local Storage,_ga_failed_lookup_marker_9_848,,,TRUE,https://www.CLIENT_X.dk/,Existing CM Trackers-Found,,,,,
www.CLIENT_X.com,Essential cookies (exempt from consent),Koninklijke CLIENT_X N.V.,ETag,blank (etag),,bench_update_duration,,,Existing CM Trackers-Not Found,,,,,
maps.googleapis.com,Performance cookies,Google Inc.,JavaScript,bench_new_T3_14744,,,TRUE,https://www.CLIENT_X.dk/c-m-au/autolamper/store-locator,Existing CM Trackers-Found,,,,,
i.ytimg.com,Targeted Advertising cookies (including social media),Google Inc.,ETag,bench_new_T3_14984,,,TRUE,https://www.CLIENT_X.dk/c-t/XC000002105/min-CLIENT_X-n%C3%A6seh%C3%A5rstrimmer-fungerer-ikke,Existing CM Trackers-Found,,,,,
www.CLIENT_X.dk,Essential cookies,CLIENT_X - Denmark,HTTP Cookie,bench_new_T3_14899,,1,,http://www.CLIENT_X.dk/,New First Party Trackers,,,,,
h64.online-metrix.net,Performance cookies,LexisNexis Risk Solutions (formerly ThreatMetrix),Beacon,bench_new_T3_15427,,,TRUE,http://www.CLIENT_X.dk/,Existing CM Trackers-Found,,,,,
www.googleadservices.com,Targeted Advertising cookies (including social media),Google Advertising Products,ETag,bench_new_T3_15949,,,,,Existing CM Trackers-Not Found,,,,,
CLIENT_X.dk,Essential cookies,CLIENT_X - Denmark,HTTP Cookie,bench_new_T3_15832,,,,,Existing CM Trackers-Not Found,,,,,
cdn-scripts.signifyd.com,Essential cookies,Signifyd,ETag,bench_new_T3_15327,,,TRUE,http://www.CLIENT_X.dk/,Existing CM Trackers-Found,,,,,
CLIENT_X.dk,Essential cookies,CLIENT_X - Denmark,HTTP Cookie,bench_new_T3_15436,,400,,https://www.CLIENT_X.dk/a-w/about,Existing CM Trackers-Found,,,,,
www.lighting.CLIENT_X.dk,Essential cookies,Signify (formerly CLIENT_X Lighting),HTTP Cookie,bench_new_T3_15655,,,,,Existing CM Trackers-Not Found,,,,,
tag.demandbase.com,Targeted Advertising cookies (including social media),"Demandbase, Inc.",ETag,bench_new_T3_15389,,,TRUE,https://www.CLIENT_X.dk/a-w/about,Existing CM Trackers-Found,,,,,
pages.information.signify.com,Performance cookies,Signify (formerly CLIENT_X Lighting),ETag,bench_new_T3_15091,,,,,Existing CM Trackers-Not Found,,,,,
www.conversiontool.lighting.CLIENT_X.com,Targeted Advertising cookies (including social media),Signify (formerly CLIENT_X Lighting),JavaScript,bench_new_T3_14720,,,,,Existing CM Trackers-Not Found,,,,,
CLIENT_X.dk,Essential cookies,CLIENT_X - Denmark,HTTP Cookie,bench_new_T3_14517,,session,TRUE,https://www.CLIENT_X.dk/a-w/about,Existing CM Trackers-Found,,,,,
h.online-metrix.net,Performance cookies,LexisNexis Risk Solutions (formerly ThreatMetrix),Beacon,bench_new_T3_15135,,,TRUE,http://www.CLIENT_X.dk/,Existing CM Trackers-Found,,,,,
pages.information.signify.com,Performance cookies,Signify (formerly CLIENT_X Lighting),Local Storage,_ga_failed_lookup_marker_9_864,,,,,Existing CM Trackers-Not Found,,,,,
pages.information.signify.com,Performance cookies,Signify (formerly CLIENT_X Lighting),HTTP Cookie,bench_new_T3_14561,,,,,Existing CM Trackers-Not Found,,,,,
CLIENT_Xb2c.my.site.com,Performance cookies,"Salesforce.com, Inc.",JavaScript,bench_new_T3_15230,,,TRUE,https://www.CLIENT_X.dk/c-w/support-home/kontakt-os.html,Existing CM Trackers-Found,,,,,
www.lighting.CLIENT_X.com.sg,Essential cookies (exempt from consent),Signify (formerly CLIENT_X Lighting),HTTP Cookie,d01-layout,,bench_update_duration,TRUE,http://www.CLIENT_X.dk/,Existing CM Trackers-Found,,,,,
nebula-cdn.kampyle.com,Performance cookies,Medallia,ETag,bench_new_T3_15286,,,TRUE,http://www.CLIENT_X.dk/,Existing CM Trackers-Found,,,,,
www.CLIENT_X.dk,Essential cookies,CLIENT_X - Denmark,HTTP Cookie,bench_new_T3_15228,,0,,http://www.CLIENT_X.dk/,New First Party Trackers,,,,,
*.t.eloqua.com,Targeted Advertising cookies (including social media),Oracle Marketing,Beacon,bench_new_T3_15939,,,,https://www.CLIENT_X.dk/healthcare/e/sleep/communications/src-update,Existing CM Trackers-Found,,,,,
www.googletagmanager.com,Performance cookies,Google Inc.,JavaScript,bench_new_T3_14602,,,TRUE,http://www.CLIENT_X.dk/,Existing CM Trackers-Found,,,,,
CLIENT_X.dk,Essential cookies,CLIENT_X - Denmark,Local Storage,bench_new_T3_14440,,,TRUE,https://www.CLIENT_X.dk/c-w/support-home/kontakt-os.html,Existing CM Trackers-Found,,,,,
www.static.accounts.CLIENT_X.com,Essential cookies,Koninklijke CLIENT_X N.V.,JavaScript,bench_new_T3_15190,,,TRUE,https://www.CLIENT_X.dk/myCLIENT_X#/register-new-product/form/SP9872_22,Existing CM Trackers-Found,,,,,
www.googletagmanager.com,Performance cookies,Google Inc.,Beacon,bench_new_T3_15520,,,TRUE,https://www.CLIENT_X.dk/c-m-au/motorcykellygter,Existing CM Trackers-Found,,,,,
*.mktoweb.com,Targeted Advertising cookies (including social media),Marketo,ETag,bench_new_T3_15737,,,,,Existing CM Trackers-Not Found,,,,,
widget-cdn.janraincapture.com,Performance cookies,Akamai,ETag,bench_new_T3_15927,,,TRUE,https://www.CLIENT_X.dk/myCLIENT_X#/register-new-product/form/SP9872_22,Existing CM Trackers-Found,,,,,
www.CLIENT_X.dk,Essential cookies,CLIENT_X - Denmark,HTTP Cookie,bench_new_T3_15009,,,,,Existing CM Trackers-Not Found,,,,,
www.CLIENT_X.dk,Essential cookies,CLIENT_X - Denmark,HTTP Cookie,bench_new_T3_15743,,1,TRUE,http://www.CLIENT_X.dk/,Existing CM Trackers-Found,,,,,
www.docs.lighting.CLIENT_X.com,Performance cookies,Signify (formerly CLIENT_X Lighting),ETag,bench_new_T3_15782,,,,,Existing CM Trackers-Not Found,,,,,
www.loja.CLIENT_X.com.br,Essential cookies (exempt from consent),CLIENT_X - Brazil,HTTP Cookie,vtex_session,,bench_update_duration,,http://www.CLIENT_X.dk/,New First Party Trackers,,,,,
snapchat.com,Targeted Advertising cookies (including social media),Snap Inc.,HTTP Cookie,bench_new_T3_15590,,390,TRUE,https://www.CLIENT_X.dk/c-e/shop/ho/husholdning-bestsellere.html,Existing CM Trackers-Found,,,,,
consent.trustarc.com,Essential cookies,TrustArc,Beacon,bench_new_T3_15881,,,TRUE,http://www.CLIENT_X.dk/,Existing CM Trackers-Found,,,,,
CLIENT_X.dk,Essential cookies,CLIENT_X - Denmark,Local Storage,bench_new_T3_14818,,,TRUE,https://www.CLIENT_X.dk/c-w/support-home/kontakt-os.html,Existing CM Trackers-Found,,,,,
cdn.speedcurve.com,Performance cookies,Speedcurve,JavaScript,bench_new_T3_15151,,,,http://www.CLIENT_X.dk/,New Third Party Trackers,,,,,
CLIENT_X.dk,Essential cookies,CLIENT_X - Denmark,HTTP Cookie,bench_new_T3_15022,,0,TRUE,https://www.CLIENT_X.dk/a-w/about,Existing CM Trackers-Found,,,,,
CLIENT_X.dk,Essential cookies,CLIENT_X - Denmark,HTTP Cookie,bench_new_T3_15575,,session,TRUE,https://www.CLIENT_X.dk/a-w/about,Existing CM Trackers-Found,,,,,
www.CLIENT_X.dk,Essential cookies,CLIENT_X - Denmark,HTTP Cookie,bench_new_T3_14492,,,,,Existing CM Trackers-Not Found,,,,,
www.CLIENT_X.dk,Essential cookies,CLIENT_X - Denmark,HTTP Cookie,bench_new_T3_15841,,0,,http://www.CLIENT_X.dk/,New First Party Trackers,,,,,
www.CLIENT_X.dk,Essential cookies,CLIENT_X - Denmark,HTTP Cookie,bench_new_T3_15621,,365,TRUE,http://www.CLIENT_X.dk/,Existing CM Trackers-Found,,,,,
company-target.com,Targeted Advertising cookies (including social media),"Demandbase, Inc.",HTTP Cookie,bench_new_T3_14668,,396,TRUE,https://www.CLIENT_X.dk/a-w/about,Existing CM Trackers-Found,,,,,
CLIENT_X.dk,Essential cookies,CLIENT_X - Denmark,HTTP Cookie,bench_new_T3_15533,,400,,https://www.CLIENT_X.dk/a-w/about,New First Party Trackers,,,,,
www.lighting.CLIENT_X.dk,Essential cookies,Signify (formerly CLIENT_X Lighting),HTTP Cookie,bench_new_T3_14412,,,,,Existing CM Trackers-Not Found,,,,,
custom.yieldify.com,Targeted Advertising cookies (including social media),Yieldify,ETag,_ga_failed_lookup_marker_9_893,,,TRUE,http://www.CLIENT_X.dk/,Existing CM Trackers-Found,,,,,
CLIENT_X.112.2o7.net,Performance cookies,"Adobe Audience Manager, Adobe Experience Cloud",Beacon,bench_new_T3_15684,,,TRUE,http://www.CLIENT_X.dk/,Existing CM Trackers-Found,,,,,
www.lighting.CLIENT_X.dk,Essential cookies,Signify (formerly CLIENT_X Lighting),HTTP Cookie,bench_new_T3_15551,,,,,Existing CM Trackers-Not Found,,,,,
lighting.CLIENT_X.dk,Essential cookies,Signify (formerly CLIENT_X Lighting),HTTP Cookie,bench_new_T3_15942,,,,,Existing CM Trackers-Not Found,,,,,
nebula-cdn.kampyle.com,Performance cookies,Medallia,ETag,_ga_failed_lookup_marker_9_897,,,TRUE,http://www.CLIENT_X.dk/,Existing CM Trackers-Found,,,,,
assets.adoberesources.net,Performance cookies,Adobe Inc.,JavaScript,bench_new_T3_15471,,,,,Existing CM Trackers-Not Found,,,,,
lighting.CLIENT_X.dk,Essential cookies,Signify (formerly CLIENT_X Lighting),HTTP Cookie,bench_new_T3_15302,,,,,Existing CM Trackers-Not Found,,,,,
linkedin.com,Targeted Advertising cookies (including social media),LinkedIn,HTTP Cookie,bench_new_T3_15295,,180,TRUE,https://www.CLIENT_X.dk/c-e/shop/ho/husholdning-bestsellere.html,Existing CM Trackers-Found,,,,,
CLIENT_Xb2c.my.salesforce-scrt.com,Performance cookies,"Salesforce.com, Inc.",Beacon,bench_new_T3_14463,,,,https://www.CLIENT_X.dk/c-w/support-home/kontakt-os.html,New Third Party Trackers,,,,,
snapchat.com,Targeted Advertising cookies (including social media),Snap Inc.,HTTP Cookie,bench_new_T3_15115,,390,TRUE,https://www.CLIENT_X.dk/c-e/shop/ho/husholdning-bestsellere.html,Existing CM Trackers-Found,,,,,
ajax.googleapis.com,Performance cookies,Google Inc.,JavaScript,_ga_failed_lookup_marker_9_903,,,,,Existing CM Trackers-Not Found,,,,,
sc-static.net,Targeted Advertising cookies (including social media),Snap Inc.,HTTP Cookie,bench_new_T3_14822,,1,TRUE,https://www.CLIENT_X.dk/c-e/shop/ho/husholdning-bestsellere.html,Existing CM Trackers-Found,,,,,
www.youtube-nocookie.com,Preference cookies,Google Inc.,Local Storage,yt-remote-session-app,,Session,TRUE,https://www.CLIENT_X.dk/c-w/support-home/kontakt-os.html,Existing CM Trackers-Found,,,,,
www.lighting.CLIENT_X.dk,Essential cookies,Signify (formerly CLIENT_X Lighting),HTTP Cookie,bench_new_T3_15478,,,,,Existing CM Trackers-Not Found,,,,,
c.amazon-adsystem.com,Targeted Advertising cookies (including social media),Amazon Advertising,ETag,bench_new_T3_14658,,,,,Existing CM Trackers-Not Found,,,,,
analytics-ipv6.tiktokw.us,Targeted Advertising cookies (including social media),TikTok,Beacon,bench_new_T3_15828,,,,http://www.CLIENT_X.dk/,New Third Party Trackers,,,,,
CLIENT_Xb2c.my.site.com,Performance cookies,"Salesforce.com, Inc.",JavaScript,bench_new_T3_15783,,,TRUE,https://www.CLIENT_X.dk/c-w/support-home/kontakt-os.html,Existing CM Trackers-Found,,,,,
tracker-detail-page.trustarc.com,Essential cookies,TrustArc,ETag,bench_new_T3_15341,,,,https://www.CLIENT_X.dk/a-w/politik-vedr-cookies,New Third Party Trackers,,,,,
lighting.CLIENT_X.dk,Essential cookies,Signify (formerly CLIENT_X Lighting),HTTP Cookie,bench_new_T3_15799,,,,,Existing CM Trackers-Not Found,,,,,
www.recaptcha.net,Performance cookies,Google Inc.,JavaScript,bench_new_T3_15069,,,,,Existing CM Trackers-Not Found,,,,,
CLIENT_Xtest.scene7.com,Performance cookies,Adobe Experience Cloud - Experience Manager,ETag,_ga_failed_lookup_marker_9_913,,,,,Existing CM Trackers-Not Found,,,,,
www.CLIENT_X.dk,Performance cookies,CLIENT_X - Denmark,HTTP Cookie,bench_new_T3_14836,,,,,Existing CM Trackers-Not Found,,,,,
www.lighting.CLIENT_X.dk,Essential cookies,Signify (formerly CLIENT_X Lighting),HTTP Cookie,_ga_failed_lookup_marker_9_915,,,,,Existing CM Trackers-Not Found,,,,,
tags.creativecdn.com,Targeted Advertising cookies (including social media),RTB House S.A.,ETag,bench_new_T3_15126,,,,,Existing CM Trackers-Not Found,,,,,
maps.googleapis.com,Performance cookies,Google Inc.,JavaScript,bench_new_T3_14503,,,TRUE,https://www.CLIENT_X.dk/c-m-au/autolamper/store-locator,Existing CM Trackers-Found,,,,,
analytics.tiktok.com,Targeted Advertising cookies (including social media),TikTok,JavaScript,_ga_failed_lookup_marker_9_918,,,TRUE,http://www.CLIENT_X.dk/,Existing CM Trackers-Found,,,,,
www.CLIENT_X.dk,Essential cookies,CLIENT_X - Denmark,HTTP Cookie,bench_new_T3_15715,,365,TRUE,http://www.CLIENT_X.dk/,Existing CM Trackers-Found,,,,,
CLIENT_X.dk,Essential cookies,CLIENT_X - Denmark,HTTP Cookie,bench_new_T3_14694,,400,FALSE,https://www.CLIENT_X.dk/a-w/about,Existing CM Trackers-Found,,,,,
www.CLIENT_X.dk,Essential cookies,CLIENT_X - Denmark,HTTP Cookie,bench_new_T3_15856,,,,,Existing CM Trackers-Not Found,,,,,
trial-eum-clientnsv4-s.akamaihd.net,Targeted Advertising Cookies (including social media) [Requires consent],Akamai,ETag,-,,bench_update_duration,,,Existing CM Trackers-Not Found,,,,,
imgs.signifyd.com,Essential cookies,Signifyd,HTTP Cookie,bench_new_T3_15028,,390,TRUE,https://www.CLIENT_X.dk/,Existing CM Trackers-Found,,,,,
CLIENT_X.co.uk,Targeted Advertising cookies (including social media),CLIENT_X - United Kingdom,Local Storage,bench_new_T3_15679,,,,,Existing CM Trackers-Not Found,,,,,
googleads.g.doubleclick.net,Targeted Advertising cookies (including social media),Google Advertising Products,Beacon,bench_new_T3_15175,,,TRUE,http://www.CLIENT_X.dk/,Existing CM Trackers-Found,,,,,
CLIENT_Xb2c.my.site.com,Performance cookies,"Salesforce.com, Inc.",Beacon,bench_new_T3_15611,,,TRUE,https://www.CLIENT_X.dk/c-w/support-home/kontakt-os.html,Existing CM Trackers-Found,,,,,
images.CLIENT_X.com,Essential cookies,Koninklijke CLIENT_X N.V.,JavaScript,bench_new_T3_14590,,,TRUE,https://www.CLIENT_X.dk/c-f/XC000019201/hvordan-reng%C3%B8r-og-desinficerer-jeg-min-CLIENT_X-avent-brystpumpe,Existing CM Trackers-Found,,,,,
www.assets.lighting.CLIENT_X.com,Performance cookies,Signify (formerly CLIENT_X Lighting),ETag,bench_new_T3_15216,,,,,Existing CM Trackers-Not Found,,,,,
CLIENT_X.dk,Essential cookies,CLIENT_X - Denmark,HTTP Cookie,bench_new_T3_15754,,90,TRUE,https://www.CLIENT_X.dk/a-w/about,Existing CM Trackers-Found,,,,,
consent.trustarc.com,Essential cookies,TrustArc,Beacon,_ga_failed_lookup_marker_9_930,,,TRUE,http://www.CLIENT_X.dk/,Existing CM Trackers-Found,,,,,
region1.google-analytics.com,Performance cookies,Google Inc.,HTTP Cookie,bench_new_T3_15784,,,,,Existing CM Trackers-Not Found,,,,,
www.CLIENT_X-hue.com,Performance cookies,CLIENT_X Hue,ETag,bench_new_T3_15797,,,,,Existing CM Trackers-Not Found,,,,,
cdn.speedcurve.com,Performance cookies,Speedcurve,JavaScript,_ga_failed_lookup_marker_9_933,,,,http://www.CLIENT_X.dk/,New Third Party Trackers,,,,,
cdnjs.cloudflare.com,Performance cookies,Cloudflare,ETag,_ga_failed_lookup_marker_9_934,,,,,Existing CM Trackers-Not Found,,,,,
consent-pref.trustarc.com,Essential cookies,TrustArc,Local Storage,bench_new_T3_15790,,,TRUE,https://www.CLIENT_X.dk/a-w/about,Existing CM Trackers-Found,,,,,
youtube.com,Targeted Advertising cookies (including social media),Google Advertising Products,HTTP Cookie,bench_new_T3_15649,,180,TRUE,https://www.CLIENT_X.dk/c-e/au/autolamper/artikler-om-biler.html,Existing CM Trackers-Found,,,,,
www.horticulture-partnertool.lighting.CLIENT_X.com,Performance cookies,Signify (formerly CLIENT_X Lighting),JavaScript,bench_new_T3_14969,,,,,Existing CM Trackers-Not Found,,,,,
lighting.CLIENT_X.dk,Essential cookies,Signify (formerly CLIENT_X Lighting),HTTP Cookie,_ga_failed_lookup_marker_9_938,,,,,Existing CM Trackers-Not Found,,,,,
CLIENT_X.dk,Essential cookies,CLIENT_X - Denmark,HTTP Cookie,bench_new_T3_15039,,400,TRUE,https://www.CLIENT_X.dk/a-w/about,Existing CM Trackers-Found,,,,,
www.CLIENT_X.co.uk,Performance cookies,CLIENT_X - United Kingdom,ETag,bench_new_T3_15531,,,,,Existing CM Trackers-Not Found,,,,,
CLIENT_X.dk,Essential cookies,CLIENT_X - Denmark,HTTP Cookie,bench_new_T3_14703,,393,TRUE,https://www.CLIENT_X.dk/a-w/about,Existing CM Trackers-Found,,,,,
tco.lighting.CLIENT_X.com,Targeted Advertising cookies (including social media),Koninklijke CLIENT_X N.V.,Local Storage,bench_new_T3_14445,,,,,Existing CM Trackers-Not Found,,,,,
recaptcha.net,Performance cookies,Google Inc.,Local Storage,bench_new_T3_15563,,,,,Existing CM Trackers-Not Found,,,,,
www.CLIENT_X.dk,Performance cookies,CLIENT_X - Denmark,HTTP Cookie,bench_new_T3_14898,,,,,Existing CM Trackers-Not Found,,,,,
www.CLIENT_X.dk,Essential cookies,CLIENT_X - Denmark,HTTP Cookie,bench_new_T3_15895,,,,,Existing CM Trackers-Not Found,,,,,
dsum-sec.casalemedia.com,Targeted Advertising cookies (including social media),Index Exchange Inc.,Beacon,_ga_failed_lookup_marker_9_946,,,TRUE,https://www.CLIENT_X.dk/a-w/about,Existing CM Trackers-Found,,,,,
www.crsc.lighting.CLIENT_X.com,Performance cookies,Signify (formerly CLIENT_X Lighting),JavaScript,bench_new_T3_15728,,,,,Existing CM Trackers-Not Found,,,,,
cdn.mouseflow.com,Performance cookies,Mouseflow,JavaScript,bench_new_T3_15552,,,,https://www.CLIENT_X.dk/c-e/pe/mens-grooming-welcome.html,New Third Party Trackers,,,,,
tag.demandbase.com,Targeted Advertising cookies (including social media),"Demandbase, Inc.",JavaScript,bench_new_T3_14470,,,TRUE,https://www.CLIENT_X.dk/a-w/about,Existing CM Trackers-Found,,,,,
*.online-metrix.net,Performance cookies,LexisNexis Risk Solutions (formerly ThreatMetrix),JavaScript,bench_new_T3_14881,,,,https://www.CLIENT_X.dk/c-p/LUMUD1004WX1_10/-,Existing CM Trackers-Found,,,,,
youtube.com,Targeted Advertising cookies (including social media),Google Advertising Products,HTTP Cookie,bench_new_T3_15204,,180,TRUE,https://www.CLIENT_X.dk/c-e/au/autolamper/artikler-om-biler.html,Existing CM Trackers-Found,,,,,
CLIENT_X.dk,Essential cookies,CLIENT_X - Denmark,HTTP Cookie,_ga_failed_lookup_marker_9_952,,0,TRUE,https://www.CLIENT_X.dk/a-w/about,Existing CM Trackers-Found,,,,,
lighting.CLIENT_X.dk,Essential cookies,Signify (formerly CLIENT_X Lighting),Local Storage,bench_new_T3_14832,,,,,Existing CM Trackers-Not Found,,,,,
www.assets.lighting.CLIENT_X.com,Performance cookies,Signify (formerly CLIENT_X Lighting),ETag,bench_new_T3_14594,,,,,Existing CM Trackers-Not Found,,,,,
www.eu-west-1.api.CLIENT_X.com,Targeted Advertising cookies (including social media),Koninklijke CLIENT_X N.V.,Beacon,bench_new_T3_15647,,,,https://www.CLIENT_X.dk/c-e/shop/checkout,New Third Party Trackers,,,,,
www.lighting.CLIENT_X.dk,Essential cookies,Signify (formerly CLIENT_X Lighting),HTTP Cookie,bench_new_T3_15573,,,,,Existing CM Trackers-Not Found,,,,,
CLIENT_X.dk,Essential cookies,CLIENT_X - Denmark,HTTP Cookie,bench_new_T3_15372,,365,TRUE,https://www.CLIENT_X.dk/a-w/about,Existing CM Trackers-Found,,,,,
www.google.com,Essential cookies,Google Inc.,HTTP Cookie,bench_new_T3_15308,,180,TRUE,https://www.CLIENT_X.dk/c-e/member,Existing CM Trackers-Found,,,,,
CLIENT_X.co.uk,Essential cookies,CLIENT_X - United Kingdom,HTTP Cookie,bench_new_T3_15530,,,,,Existing CM Trackers-Not Found,,,,,
www.google.com,Targeted Advertising cookies (including social media),Google Inc.,JavaScript,bench_new_T3_14896,,,TRUE,https://www.CLIENT_X.dk/healthcare/?FormType=MarketingInquiry,Existing CM Trackers-Found,,,,,
CLIENT_X.co.ke,Essential cookies (exempt from consent),CLIENT_X - Kenya,HTTP Cookie,da_sid,,bench_update_duration,TRUE,http://www.CLIENT_X.dk/,Existing CM Trackers-Found,,,,,
www.usa.CLIENT_X.com,Essential cookies (exempt from consent),Koninklijke CLIENT_X N.V.,HTTP Cookie,US_Pub-cart-com,,,,,Existing CM Trackers-Not Found,,,,,
www.CLIENT_X.dk,Essential cookies,CLIENT_X - Denmark,HTTP Cookie,bench_new_T3_15583,,session,,http://www.CLIENT_X.dk/,New First Party Trackers,,,,,
CLIENT_X.dk,Performance cookies,CLIENT_X - Denmark,HTTP Cookie,_ga_failed_lookup_marker_9_964,,0,TRUE,https://www.CLIENT_X.dk/a-w/about,Existing CM Trackers-Found,,,,,
www.CLIENT_X.dk,Essential cookies,CLIENT_X - Denmark,HTTP Cookie,bench_new_T3_14849,,365,TRUE,http://www.CLIENT_X.dk/,Existing CM Trackers-Found,,,,,
www.CLIENT_X.dk,Essential cookies,CLIENT_X - Denmark,HTTP Cookie,bench_new_T3_15896,,365,TRUE,http://www.CLIENT_X.dk/,Existing CM Trackers-Found,,,,,
ssl-static.janraincapture.com,Performance cookies,Akamai,JavaScript,bench_new_T3_15304,,,TRUE,https://www.CLIENT_X.dk/myCLIENT_X#/register-new-product/form/SP9872_22,Existing CM Trackers-Found,,,,,
d.la11-core1.sfdc-cehfhs.salesforceliveagent.com,Performance cookies,"salesforce.com, inc.",JavaScript,bench_new_T3_15114,,,,,Existing CM Trackers-Not Found,,,,,
www.tco.lighting.CLIENT_X.com,Performance cookies,Koninklijke CLIENT_X N.V.,ETag,_ga_failed_lookup_marker_9_969,,,,,Existing CM Trackers-Not Found,,,,,
www.lighting.CLIENT_X.dk,Essential cookies,Signify (formerly CLIENT_X Lighting),HTTP Cookie,bench_new_T3_14725,,,,,Existing CM Trackers-Not Found,,,,,
lighting.CLIENT_X.dk,Essential cookies,Signify (formerly CLIENT_X Lighting),HTTP Cookie,bench_new_T3_14686,,,,,Existing CM Trackers-Not Found,,,,,
dpm.demdex.net,Targeted Advertising cookies (including social media),"Adobe Audience Manager, Adobe Experience Platform",HTTP Cookie,bench_new_T3_15692,,,,,Existing CM Trackers-Not Found,,,,,
www.CLIENT_X.com.hk,Essential cookies (exempt from consent),CLIENT_X - Hong Kong,ETag,blank (etag),,,,https://www.CLIENT_X.dk/c-e/become-product-tester.html,New Third Party Trackers,,,,,
www.lighting.CLIENT_X.dk,Essential cookies,Signify (formerly CLIENT_X Lighting),HTTP Cookie,bench_new_T3_14825,,,,,Existing CM Trackers-Not Found,,,,,
www.google.com,Essential cookies (exempt from consent),Google Inc.,Local Storage,rc::f,,bench_update_duration,,,Existing CM Trackers-Not Found,,,,,
CLIENT_X.dk,Essential cookies,CLIENT_X - Denmark,HTTP Cookie,bench_new_T3_14795,,0,TRUE,https://www.CLIENT_X.dk/a-w/about,Existing CM Trackers-Found,,,,,
cdn.jsdelivr.net,Performance cookies,Volentio JSD Limited,JavaScript,bench_new_T3_15432,,,,,Existing CM Trackers-Not Found,,,,,
region1.google-analytics.com,Performance cookies,Google Inc.,Beacon,bench_new_T3_15980,,,,,Existing CM Trackers-Not Found,,,,,
www.CLIENT_X.dk,Essential cookies,CLIENT_X - Denmark,HTTP Cookie,bench_new_T3_14769,,365,TRUE,http://www.CLIENT_X.dk/,Existing CM Trackers-Found,,,,,
consent.truste.com,Essential cookies,TrustArc,JavaScript,_ga_failed_lookup_marker_9_980,,,,,Existing CM Trackers-Not Found,,,,,
*.mktoweb.com,Targeted Advertising cookies (including social media),Marketo,Local Storage,bench_new_T3_14696,,,,,Existing CM Trackers-Not Found,,,,,
www.CLIENT_X.dk,Essential cookies,CLIENT_X - Denmark,Beacon,bench_new_T3_14809,,,TRUE,https://www.CLIENT_X.dk/myCLIENT_X#/register-new-product/form/SP9872_22,Existing CM Trackers-Found,,,,,
koninklijkeCLIENT_Xnvproduction2k8xfrmr.org.coveo.com,Performance cookies,Coveo Solutions Inc.,Beacon,bench_new_T3_14824,,,,https://www.CLIENT_X.dk/a-w/about/news/all-news.html,New Third Party Trackers,,,,,
CLIENT_X.112.2o7.net,Performance cookies,"Adobe Audience Manager, Adobe Experience Cloud",Beacon,bench_new_T3_15294,,,TRUE,http://www.CLIENT_X.dk/,Existing CM Trackers-Found,,,,,
code.jquery.com,Performance cookies,jQuery,ETag,bench_new_T3_15889,,,,,Existing CM Trackers-Not Found,,,,,
CLIENT_Xb2c.my.site.com,Performance cookies,"Salesforce.com, Inc.",Beacon,bench_new_T3_15748,,,TRUE,https://www.CLIENT_X.dk/c-w/support-home/kontakt-os.html,Existing CM Trackers-Found,,,,,
www.google.com,Targeted Advertising cookies (including social media),Google Inc.,JavaScript,_ga_failed_lookup_marker_9_987,,,TRUE,https://www.CLIENT_X.dk/healthcare/?FormType=MarketingInquiry,Existing CM Trackers-Found,,,,,
region1.google-analytics.com,Performance cookies,Google Inc.,Beacon,bench_new_T3_15413,,,,,Existing CM Trackers-Not Found,,,,,
www.CLIENT_X.dk,Essential cookies,CLIENT_X - Denmark,HTTP Cookie,bench_new_T3_15794,,0,,http://www.CLIENT_X.dk/,New First Party Trackers,,,,,
www.lighting.CLIENT_X.com.co,Essential cookies (exempt from consent),Signify (formerly CLIENT_X Lighting),HTTP Cookie,customer_language_accept,,bench_update_duration,,https://www.CLIENT_X.dk/c-e/au/autolamper/artikler-om-biler.html,New Third Party Trackers,,,,,
www.eu-west-1.api.CLIENT_X.com,Targeted Advertising cookies (including social media),Koninklijke CLIENT_X N.V.,Beacon,_ga_failed_lookup_marker_9_991,,,,https://www.CLIENT_X.dk/c-e/shop/checkout,New Third Party Trackers,,,,,
*.online-metrix.net,Performance cookies,LexisNexis Risk Solutions (formerly ThreatMetrix),JavaScript,_ga_failed_lookup_marker_9_992,,,,https://www.CLIENT_X.dk/c-p/LUMUD1004WX1_10/-,Existing CM Trackers-Found,,,,,
*.t.eloqua.com,Targeted Advertising cookies (including social media),Oracle Marketing,Beacon,bench_new_T3_15560,,,,https://www.CLIENT_X.dk/healthcare/e/sleep/communications/src-update,Existing CM Trackers-Found,,,,,
*.t.eloqua.com,Targeted Advertising cookies (including social media),Oracle Marketing,JavaScript,bench_new_T3_15130,,,,https://www.CLIENT_X.dk/healthcare/e/sleep/communications/src-update/news/update-august-27-2021,Existing CM Trackers-Found,,,,,
youtube.com,Targeted Advertising cookies (including social media),Google Advertising Products,HTTP Cookie,bench_new_T3_14447,,180,TRUE,https://www.CLIENT_X.dk/c-e/au/autolamper/artikler-om-biler.html,Existing CM Trackers-Found,,,,,
CLIENT_X.dk,Essential cookies,CLIENT_X - Denmark,HTTP Cookie,bench_new_T3_15117,,365,TRUE,https://www.CLIENT_X.dk/a-w/about,Existing CM Trackers-Found,,,,,
www.CLIENT_X.dk,Essential cookies,CLIENT_X - Denmark,HTTP Cookie,bench_new_T3_15297,,,,,Existing CM Trackers-Not Found,,,,,
ajax.aspnetcdn.com,Targeted Advertising Cookies (including social media) [Requires consent],Microsoft,JavaScript,-,,bench_update_duration,,,Existing CM Trackers-Not Found,,,,,
CLIENT_X.dk,Essential cookies,CLIENT_X - Denmark,HTTP Cookie,bench_new_T3_15718,,session,TRUE,https://www.CLIENT_X.dk/a-w/about,Existing CM Trackers-Found,,,,,
maps.googleapis.com,Performance cookies,Google Inc.,ETag,bench_new_T3_14865,,,TRUE,https://www.CLIENT_X.dk/c-m-au/autolamper/store-locator,Existing CM Trackers-Found,,,,,
cdn.channelsight.com,Essential cookies,ChannelSight,ETag,_ga_failed_lookup_marker_9_1001,,,TRUE,https://www.CLIENT_X.dk/c-e/so/skaerme/professionel-brug.html,Existing CM Trackers-Found,,,,,
www.CLIENT_X-hue.com,Performance cookies,CLIENT_X Hue,ETag,bench_new_T3_14844,,,,,Existing CM Trackers-Not Found,,,,,
consent-st.trustarc.com,Essential cookies,TrustArc,JavaScript,bench_new_T3_15173,,,TRUE,http://www.CLIENT_X.dk/,Existing CM Trackers-Found,,,,,
apps.mypurecloud.de,Performance cookies,Genesys,JavaScript,bench_new_T3_15866,,,,,Existing CM Trackers-Not Found,,,,,
www.CLIENT_X.jo,Essential cookies (exempt from consent),CLIENT_X - Jordan,HTTP Cookie,AWSELBCORS,,bench_update_duration,,,Existing CM Trackers-Not Found,,,,,
tag.demandbase.com,Targeted Advertising cookies (including social media),"Demandbase, Inc.",ETag,bench_new_T3_14922,,,TRUE,https://www.CLIENT_X.dk/a-w/about,Existing CM Trackers-Found,,,,,
www.lighting.CLIENT_X.com.au,Essential cookies (exempt from consent),Signify (formerly CLIENT_X Lighting),HTTP Cookie,d01-layout,,729,TRUE,https://www.CLIENT_X.dk/c-w/support-home/kontakt-os.html,Existing CM Trackers-Found,,,,,
CLIENT_X.dk,Essential cookies,CLIENT_X - Denmark,HTTP Cookie,bench_new_T3_14746,,365,TRUE,https://www.CLIENT_X.dk/a-w/about,Existing CM Trackers-Found,,,,,
raw.githubusercontent.com,Performance cookies,GitHub Inc.,ETag,bench_new_T3_14629,,,,,Existing CM Trackers-Not Found,,,,,
www.facebook.com,Targeted Advertising cookies (including social media),Meta (formerly Facebook),Beacon,bench_new_T3_15732,,,TRUE,http://www.CLIENT_X.dk/,Existing CM Trackers-Found,,,,,
assets.adoberesources.net,Performance cookies,Adobe Inc.,JavaScript,bench_new_T3_14823,,,,,Existing CM Trackers-Not Found,,,,,
www.assets.lighting.CLIENT_X.com,Performance cookies,Signify (formerly CLIENT_X Lighting),ETag,bench_new_T3_15161,,,,,Existing CM Trackers-Not Found,,,,,
consent.trustarc.com,Essential cookies,TrustArc,JavaScript,bench_new_T3_14903,,,TRUE,http://www.CLIENT_X.dk/,Existing CM Trackers-Found,,,,,
smetrics.marketing.lighting.CLIENT_X.com,Targeted Advertising cookies (including social media),Koninklijke CLIENT_X N.V.,JavaScript,bench_new_T3_14761,,,,,Existing CM Trackers-Not Found,,,,,
www.CLIENT_X.dk,Performance cookies,CLIENT_X - Denmark,HTTP Cookie,bench_new_T3_14493,,,,,Existing CM Trackers-Not Found,,,,,
www.CLIENT_X.com.ph,Essential cookies (exempt from consent),CLIENT_X - Philippines,HTTP Cookie,T01-recentlyViewedProducts,,bench_update_duration,,https://www.CLIENT_X.dk/healthcare/enterprise-solutions/orthopedic-surgery-solutions,New Third Party Trackers,,,,,
munchkin.marketo.net,Targeted Advertising cookies (including social media),Marketo,JavaScript,bench_new_T3_15007,,,,,Existing CM Trackers-Not Found,,,,,
d.la1-c2-par.salesforceliveagent.com,Performance cookies,"salesforce.com, inc.",JavaScript,bench_new_T3_15953,,,,,Existing CM Trackers-Not Found,,,,,
dsum-sec.casalemedia.com,Targeted Advertising cookies (including social media),Index Exchange Inc.,Beacon,bench_new_T3_14679,,,TRUE,https://www.CLIENT_X.dk/a-w/about,Existing CM Trackers-Found,,,,,
CLIENT_Xlighting.d3.sc.omtrdc.net,Performance cookies,"Adobe Audience Manager, Adobe Experience Platform",JavaScript,bench_new_T3_14617,,,,,Existing CM Trackers-Not Found,,,,,
cdn-scripts.signifyd.com,Essential cookies,Signifyd,ETag,bench_new_T3_14595,,,TRUE,http://www.CLIENT_X.dk/,Existing CM Trackers-Found,,,,,
CLIENT_X.dk,Essential cookies,CLIENT_X - Denmark,HTTP Cookie,bench_new_T3_15585,,,,,Existing CM Trackers-Not Found,,,,,
d.la1-c2-par.salesforceliveagent.com,Performance cookies,"salesforce.com, inc.",JavaScript,bench_new_T3_15617,,,,,Existing CM Trackers-Not Found,,,,,
www.CLIENT_X.dk,Essential cookies,CLIENT_X - Denmark,HTTP Cookie,bench_new_T3_15689,,,,,Existing CM Trackers-Not Found,,,,,
ajax.googleapis.com,Performance cookies,Google Inc.,JavaScript,bench_new_T3_15638,,,,,Existing CM Trackers-Not Found,,,,,
snap.licdn.com,Performance cookies,LinkedIn,JavaScript,bench_new_T3_15355,,,TRUE,https://www.CLIENT_X.dk/c-e/shop/ho/household-refurbished-shop.html,Existing CM Trackers-Found,,,,,
js-agent.newrelic.com,Performance cookies,New Relic Inc.,JavaScript,bench_new_T3_15700,,,,,Existing CM Trackers-Not Found,,,,,
demdex.net,Targeted Advertising cookies (including social media),"Adobe Audience Manager, Adobe Experience Platform",HTTP Cookie,bench_new_T3_14897,,,,,Existing CM Trackers-Not Found,,,,,
koninklijkeCLIENT_Xnvproduction2k8xfrmr.analytics.org.coveo.com,Performance cookies,Coveo Solutions Inc.,Beacon,bench_new_T3_15955,,,TRUE,https://www.CLIENT_X.dk/c-p/HX9992_12/sonicare-9900-prestige-elektrisk-tandborste-med-senseiq,Existing CM Trackers-Found,,,,,
www.lighting.CLIENT_X.co.jp,Essential cookies (exempt from consent),Signify (formerly CLIENT_X Lighting),HTTP Cookie,s_as,,bench_update_duration,TRUE,http://www.CLIENT_X.dk/,Existing CM Trackers-Found,,,,,
www.recaptcha.net,Performance cookies,Google Inc.,JavaScript,bench_new_T3_15407,,,,,Existing CM Trackers-Not Found,,,,,
www.conversiontool.lighting.CLIENT_X.com,Targeted Advertising cookies (including social media),Signify (formerly CLIENT_X Lighting),ETag,bench_new_T3_15298,,,,,Existing CM Trackers-Not Found,,,,,
www.accounts.CLIENT_X.com,Essential cookies,Koninklijke CLIENT_X N.V.,ETag,bench_new_T3_15192,,,TRUE,https://www.CLIENT_X.dk/myCLIENT_X#/register-new-product/form/SP9872_22,Existing CM Trackers-Found,,,,,
CLIENT_X.dk,Essential cookies,CLIENT_X - Denmark,HTTP Cookie,bench_new_T3_14704,,,,,Existing CM Trackers-Not Found,,,,,
CLIENT_Xb2c.my.salesforce-scrt.com,Performance cookies,"Salesforce.com, Inc.",Beacon,bench_new_T3_14653,,,,https://www.CLIENT_X.dk/c-w/support-home/kontakt-os.html,New Third Party Trackers,,,,,
lighting.CLIENT_X.dk,Essential cookies,Signify (formerly CLIENT_X Lighting),HTTP Cookie,bench_new_T3_15426,,,,,Existing CM Trackers-Not Found,,,,,
apps.mypurecloud.de,Performance cookies,Genesys,ETag,bench_new_T3_15843,,,,,Existing CM Trackers-Not Found,,,,,
www.tco.lighting.CLIENT_X.com,Performance cookies,Koninklijke CLIENT_X N.V.,JavaScript,bench_new_T3_14895,,,,,Existing CM Trackers-Not Found,,,,,
fonts.yieldify-production.com,Targeted Advertising cookies (including social media),Yieldify,ETag,bench_new_T3_15064,,,,,Existing CM Trackers-Not Found,,,,,
CLIENT_X.dk,Essential cookies,CLIENT_X - Denmark,HTTP Cookie,_ga_failed_lookup_marker_9_1040,,,,,Existing CM Trackers-Not Found,,,,,
www.assets.signify.com,Performance cookies,Signify (formerly CLIENT_X Lighting),ETag,bench_new_T3_14547,,,,,Existing CM Trackers-Not Found,,,,,
cdn.jsdelivr.net,Performance cookies,Volentio JSD Limited,JavaScript,bench_new_T3_14731,,,,,Existing CM Trackers-Not Found,,,,,
youtube.com,Targeted Advertising cookies (including social media),Google Advertising Products,Local Storage,_ga_failed_lookup_marker_9_1043,,,,,Existing CM Trackers-Not Found,,,,,
www.docs.lighting.CLIENT_X.com,Performance cookies,Signify (formerly CLIENT_X Lighting),JavaScript,bench_new_T3_15475,,,,,Existing CM Trackers-Not Found,,,,,
*.salesforceliveagent.com,Performance cookies,"salesforce.com, inc.",JavaScript,_ga_failed_lookup_marker_9_1045,,,,,Existing CM Trackers-Not Found,,,,,
ssl-static.janraincapture.com,Performance cookies,Akamai,JavaScript,bench_new_T3_15097,,,TRUE,https://www.CLIENT_X.dk/myCLIENT_X#/register-new-product/form/SP9872_22,Existing CM Trackers-Found,,,,,
assets.kampyle.com,Performance cookies,Medallia,ETag,bench_new_T3_15347,,,TRUE,https://www.CLIENT_X.dk/a-w/about,Existing CM Trackers-Found,,,,,
www.CLIENT_X.co.th,Essential cookies (exempt from consent),CLIENT_X - Thailand,HTTP Cookie,p-hc-catg,,bench_update_duration,,,Existing CM Trackers-Not Found,,,,,
www.CLIENT_X.dk,Essential cookies,CLIENT_X - Denmark,HTTP Cookie,bench_new_T3_14933,,session,,http://www.CLIENT_X.dk/,New First Party Trackers,,,,,
widget-cdn.janraincapture.com,Performance cookies,Akamai,ETag,bench_new_T3_15781,,,TRUE,https://www.CLIENT_X.dk/myCLIENT_X#/register-new-product/form/SP9872_22,Existing CM Trackers-Found,,,,,
www.recaptcha.net,Performance cookies,Google Inc.,JavaScript,bench_new_T3_14985,,,,,Existing CM Trackers-Not Found,,,,,
www.lampreplacementtool.CLIENT_X.com,Essential cookies,Koninklijke CLIENT_X N.V.,ETag,bench_new_T3_15720,,,,,Existing CM Trackers-Not Found,,,,,
CLIENT_X.dk,Essential cookies,CLIENT_X - Denmark,HTTP Cookie,bench_new_T3_15430,,,,,Existing CM Trackers-Not Found,,,,,
www.google.com,Targeted Advertising cookies (including social media),Google Inc.,JavaScript,bench_new_T3_15681,,,TRUE,https://www.CLIENT_X.dk/healthcare/?FormType=MarketingInquiry,Existing CM Trackers-Found,,,,,
casalemedia.com,Targeted Advertising cookies (including social media),Index Exchange Inc.,HTTP Cookie,bench_new_T3_15465,,90,TRUE,https://www.CLIENT_X.dk/a-w/about,Existing CM Trackers-Found,,,,,
www.eu-west-1.api.CLIENT_X.com,Targeted Advertising cookies (including social media),Koninklijke CLIENT_X N.V.,Beacon,bench_new_T3_15562,,,,https://www.CLIENT_X.dk/c-e/shop/checkout,New Third Party Trackers,,,,,
www.CLIENT_X.dk,Essential cookies,CLIENT_X - Denmark,ETag,bench_new_T3_15542,,,TRUE,http://www.CLIENT_X.dk/,Existing CM Trackers-Found,,,,,
CLIENT_Xb2c.my.site.com,Performance cookies,"Salesforce.com, Inc.",ETag,bench_new_T3_15540,,,TRUE,https://www.CLIENT_X.dk/c-w/support-home/kontakt-os.html,Existing CM Trackers-Found,,,,,
CLIENT_X.dk,Essential cookies,CLIENT_X - Denmark,HTTP Cookie,bench_new_T3_15030,,,,,Existing CM Trackers-Not Found,,,,,
www.documents.CLIENT_X.com,Targeted Advertising cookies (including social media),Koninklijke CLIENT_X N.V.,ETag,bench_new_T3_15698,,,,https://www.CLIENT_X.dk/healthcare/clinical-solutions/early-warning-scoring,New Third Party Trackers,,,,,
www.googleapis.com,Performance cookies,Google Inc.,JavaScript,_ga_failed_lookup_marker_9_1061,,,TRUE,https://www.CLIENT_X.dk/c-e/au/autolamper/artikler-om-biler.html,Existing CM Trackers-Found,,,,,
h.online-metrix.net,Performance cookies,LexisNexis Risk Solutions (formerly ThreatMetrix),Beacon,bench_new_T3_15017,,,TRUE,http://www.CLIENT_X.dk/,Existing CM Trackers-Found,,,,,
*.akstat.io,Performance cookies,Akamai,Beacon,bench_new_T3_14784,,,,,Existing CM Trackers-Not Found,,,,,
img.en25.com,Targeted Advertising cookies (including social media),Oracle Marketing,JavaScript,bench_new_T3_15081,,,TRUE,https://www.CLIENT_X.dk/healthcare/e/sleep/communications/src-update,Existing CM Trackers-Found,,,,,
www.healthcare.shop.CLIENT_X.fr,Essential cookies (exempt from consent),CLIENT_X - France,HTTP Cookie,kampyle_userid,,,,,Existing CM Trackers-Not Found,,,,,
px.ads.linkedin.com,Targeted Advertising cookies (including social media),LinkedIn,JavaScript,bench_new_T3_15411,,,TRUE,https://www.CLIENT_X.dk/healthcare/solutions/mother-and-child-care,Existing CM Trackers-Found,,,,,
www.google.com,Targeted Advertising cookies (including social media),Google Inc.,Beacon,bench_new_T3_14840,,,TRUE,http://www.CLIENT_X.dk/,Existing CM Trackers-Found,,,,,
www.googleadservices.com,Targeted Advertising cookies (including social media),Google Advertising Products,JavaScript,bench_new_T3_14646,,,,,Existing CM Trackers-Not Found,,,,,
sc-static.net,Targeted Advertising cookies (including social media),Snap Inc.,JavaScript,bench_new_T3_15981,,,TRUE,https://www.CLIENT_X.dk/c-e/shop/ho/household-refurbished-shop.html,Existing CM Trackers-Found,,,,,
www.CLIENT_X.dk,Essential cookies,CLIENT_X - Denmark,HTTP Cookie,bench_new_T3_15844,,0,,http://www.CLIENT_X.dk/,New First Party Trackers,,,,,
www.CLIENT_X.dk,Essential cookies,CLIENT_X - Denmark,HTTP Cookie,bench_new_T3_15644,,365,TRUE,http://www.CLIENT_X.dk/,Existing CM Trackers-Found,,,,,
lighting.CLIENT_X.dk,Essential cookies,Signify (formerly CLIENT_X Lighting),HTTP Cookie,bench_new_T3_15155,,,,,Existing CM Trackers-Not Found,,,,,
ad.doubleclick.net,Targeted Advertising cookies (including social media),Google Advertising Products,Beacon,_ga_failed_lookup_marker_9_1073,,,TRUE,http://www.CLIENT_X.dk/,Existing CM Trackers-Found,,,,,
www.lighting.CLIENT_X.dk,Essential cookies,Signify (formerly CLIENT_X Lighting),HTTP Cookie,bench_new_T3_14651,,,,,Existing CM Trackers-Not Found,,,,,
CLIENT_X.dk,Essential cookies,CLIENT_X - Denmark,Local Storage,bench_new_T3_15315,,,TRUE,https://www.CLIENT_X.dk/c-w/support-home/kontakt-os.html,Existing CM Trackers-Found,,,,,
tr.snapchat.com,Targeted Advertising cookies (including social media),Snap Inc.,JavaScript,bench_new_T3_15682,,,TRUE,https://www.CLIENT_X.dk/c-m-ho/badevaerelselosninger,Existing CM Trackers-Found,,,,,
CLIENT_X.dk,Essential cookies,CLIENT_X - Denmark,HTTP Cookie,bench_new_T3_14864,,,,,Existing CM Trackers-Not Found,,,,,
apps.mypurecloud.de,Performance cookies,Genesys,ETag,bench_new_T3_15950,,,,,Existing CM Trackers-Not Found,,,,,
sc-static.net,Targeted Advertising cookies (including social media),Snap Inc.,ETag,bench_new_T3_15527,,,TRUE,https://www.CLIENT_X.dk/c-m-ho/badevaerelselosninger,Existing CM Trackers-Found,,,,,
www.gearselectiontool.lighting.CLIENT_X.com,Performance cookies,Signify (formerly CLIENT_X Lighting),JavaScript,bench_new_T3_14879,,,,,Existing CM Trackers-Not Found,,,,,
c.amazon-adsystem.com,Targeted Advertising cookies (including social media),Amazon Advertising,JavaScript,bench_new_T3_15196,,,,,Existing CM Trackers-Not Found,,,,,
CLIENT_X.dk,Performance cookies,CLIENT_X - Denmark,HTTP Cookie,bench_new_T3_15771,,,,,Existing CM Trackers-Not Found,,,,,
doubleclick.net,Targeted Advertising cookies (including social media),Google Advertising Products,HTTP Cookie,bench_new_T3_15587,,30,TRUE,https://www.CLIENT_X.dk/a-w/about,Existing CM Trackers-Found,,,,,
eloqua.com,Targeted Advertising cookies (including social media),Oracle Marketing,HTTP Cookie,bench_new_T3_14660,,392,TRUE,https://www.CLIENT_X.dk/healthcare/e/sleep/communications/src-update,Existing CM Trackers-Found,,,,,
www.CLIENT_X.dk,Essential cookies,CLIENT_X - Denmark,JavaScript,bench_new_T3_15346,,,TRUE,http://www.CLIENT_X.dk/,Existing CM Trackers-Found,,,,,
CLIENT_X.com,Essential cookies,Koninklijke CLIENT_X N.V.,HTTP Cookie,bench_new_T3_14403,,,,,Existing CM Trackers-Not Found,,,,,
www.youtube.com,Targeted Advertising cookies (including social media),Google Advertising Products,JavaScript,_ga_failed_lookup_marker_9_1087,,,TRUE,https://www.CLIENT_X.dk/c-e/au/autolamper/artikler-om-biler.html,Existing CM Trackers-Found,,,,,
www.CLIENT_X.dk,Essential cookies,CLIENT_X - Denmark,Beacon,bench_new_T3_14476,,,TRUE,https://www.CLIENT_X.dk/myCLIENT_X#/register-new-product/form/SP9872_22,Existing CM Trackers-Found,,,,,
CLIENT_Xb2c.my.site.com,Performance cookies,"Salesforce.com, Inc.",ETag,bench_new_T3_15965,,,TRUE,https://www.CLIENT_X.dk/c-w/support-home/kontakt-os.html,Existing CM Trackers-Found,,,,,
doubleclick.net,Targeted Advertising cookies (including social media),Google Advertising Products,HTTP Cookie,bench_new_T3_15410,,390,TRUE,https://www.CLIENT_X.dk/a-w/about,Existing CM Trackers-Found,,,,,
*.online-metrix.net,Performance cookies,LexisNexis Risk Solutions (formerly ThreatMetrix),JavaScript,bench_new_T3_14816,,,,https://www.CLIENT_X.dk/c-p/LUMUD1004WX1_10/-,Existing CM Trackers-Found,,,,,
CLIENT_X.co.in,Essential cookies (exempt from consent),CLIENT_X - India,HTTP Cookie,test,,0,TRUE,https://www.CLIENT_X.dk/a-w/about,Existing CM Trackers-Found,,,,,
CLIENT_X.dk,Essential cookies,CLIENT_X - Denmark,HTTP Cookie,bench_new_T3_15730,,90,TRUE,https://www.CLIENT_X.dk/a-w/about,Existing CM Trackers-Found,,,,,
CLIENT_X.dk,Essential cookies,CLIENT_X - Denmark,HTTP Cookie,bench_new_T3_14774,,,,,Existing CM Trackers-Not Found,,,,,
js-agent.newrelic.com,Performance cookies,New Relic Inc.,ETag,bench_new_T3_15680,,,,,Existing CM Trackers-Not Found,,,,,
versuni.scene7.com,Performance cookies,Adobe Experience Cloud - Experience Manager,JavaScript,bench_new_T3_15891,,,,,Existing CM Trackers-Not Found,,,,,
www.googleapis.com,Performance cookies,Google Inc.,JavaScript,_ga_failed_lookup_marker_9_1097,,,TRUE,https://www.CLIENT_X.dk/c-e/au/autolamper/artikler-om-biler.html,Existing CM Trackers-Found,,,,,
www.CLIENT_X.com.tr,Essential cookies (exempt from consent),CLIENT_X - Turkey,HTTP Cookie,p-gc35,,,,,Existing CM Trackers-Not Found,,,,,
CLIENT_X.dk,Essential cookies,CLIENT_X - Denmark,HTTP Cookie,bench_new_T3_15018,,session,TRUE,https://www.CLIENT_X.dk/a-w/about,Existing CM Trackers-Found,,,,,
img.en25.com,Targeted Advertising cookies (including social media),Oracle Marketing,JavaScript,bench_new_T3_14559,,,TRUE,https://www.CLIENT_X.dk/healthcare/e/sleep/communications/src-update,Existing CM Trackers-Found,,,,,
CLIENT_X.dk,Essential cookies,CLIENT_X - Denmark,HTTP Cookie,bench_new_T3_14597,,365,,https://www.CLIENT_X.dk/a-w/about,New First Party Trackers,,,,,
www.docs.lighting.CLIENT_X.com,Performance cookies,Signify (formerly CLIENT_X Lighting),ETag,_ga_failed_lookup_marker_9_1102,,,,,Existing CM Trackers-Not Found,,,,,
CLIENT_X.dk,Essential cookies,CLIENT_X - Denmark,HTTP Cookie,bench_new_T3_15867,,0,TRUE,https://www.CLIENT_X.dk/a-w/about,Existing CM Trackers-Found,,,,,
CLIENT_X.dk,Essential cookies,CLIENT_X - Denmark,HTTP Cookie,bench_new_T3_14996,,,,,Existing CM Trackers-Not Found,,,,,
www.CLIENT_X.dk,Essential cookies,CLIENT_X - Denmark,HTTP Cookie,bench_new_T3_15838,,,,,Existing CM Trackers-Not Found,,,,,
www.google.com,Essential cookies,Google Inc.,HTTP Cookie,bench_new_T3_14557,,180,TRUE,https://www.CLIENT_X.dk/c-e/member,Existing CM Trackers-Found,,,,,
www.CLIENT_X.es,Essential cookies (exempt from consent),CLIENT_X - Spain,HTTP Cookie,kampyleUserSession,,bench_update_duration,,,Existing CM Trackers-Not Found,,,,,
CLIENT_X.dk,Essential cookies,CLIENT_X - Denmark,HTTP Cookie,bench_new_T3_15806,,0,TRUE,https://www.CLIENT_X.dk/a-w/about,Existing CM Trackers-Found,,,,,
cdn.mouseflow.com,Performance cookies,Mouseflow,ETag,bench_new_T3_15962,,,,https://www.CLIENT_X.dk/c-e/pe/mens-grooming-welcome.html,New Third Party Trackers,,,,,
lighting.CLIENT_X.dk,Essential cookies,Signify (formerly CLIENT_X Lighting),HTTP Cookie,_ga_failed_lookup_marker_9_1110,,,,,Existing CM Trackers-Not Found,,,,,
dsum-sec.casalemedia.com,Targeted Advertising cookies (including social media),Index Exchange Inc.,Beacon,bench_new_T3_14947,,,TRUE,https://www.CLIENT_X.dk/a-w/about,Existing CM Trackers-Found,,,,,
static.cloud.coveo.com,Targeted Advertising cookies (including social media),Coveo Solutions Inc.,JavaScript,bench_new_T3_15423,,,TRUE,https://www.CLIENT_X.dk/c-p/HX9992_12/sonicare-9900-prestige-elektrisk-tandborste-med-senseiq,Existing CM Trackers-Found,,,,,
CLIENT_X.dk,Essential cookies,CLIENT_X - Denmark,HTTP Cookie,_ga_failed_lookup_marker_9_1113,,session,TRUE,https://www.CLIENT_X.dk/a-w/about,Existing CM Trackers-Found,,,,,
beacon.speedcurve.com,Performance cookies,Speedcurve,Beacon,bench_new_T3_15385,,,,https://www.CLIENT_X.dk/c-e/become-product-tester.html,New Third Party Trackers,,,,,
www.gearselectiontool.lighting.CLIENT_X.com,Performance cookies,Signify (formerly CLIENT_X Lighting),ETag,bench_new_T3_15928,,,,,Existing CM Trackers-Not Found,,,,,
www.tienda.CLIENT_X.com.mx,Essential cookies (exempt from consent),CLIENT_X - Mexico,Beacon,blank (beacon),,390,TRUE,https://www.CLIENT_X.dk/a-w/about,Existing CM Trackers-Found,,,,,
api-cdn.mypurecloud.de,Performance cookies,Genesys,ETag,_ga_failed_lookup_marker_9_1117,,,,,Existing CM Trackers-Not Found,,,,,
www.CLIENT_X.dk,Essential cookies,CLIENT_X - Denmark,ETag,bench_new_T3_15706,,,TRUE,http://www.CLIENT_X.dk/,Existing CM Trackers-Found,,,,,
custom.yieldify.com,Targeted Advertising cookies (including social media),Yieldify,JavaScript,bench_new_T3_14562,,,TRUE,http://www.CLIENT_X.dk/,Existing CM Trackers-Found,,,,,
raw.githubusercontent.com,Performance cookies,GitHub Inc.,ETag,_ga_failed_lookup_marker_9_1120,,,,,Existing CM Trackers-Not Found,,,,,
CLIENT_X.dk,Essential cookies,CLIENT_X - Denmark,HTTP Cookie,bench_new_T3_15961,,60,TRUE,https://www.CLIENT_X.dk/a-w/about,Existing CM Trackers-Found,,,,,
connect.facebook.net,Targeted Advertising cookies (including social media),Meta (formerly Facebook),JavaScript,bench_new_T3_14756,,,TRUE,http://www.CLIENT_X.dk/,Existing CM Trackers-Found,,,,,
CLIENT_X.dk,Essential cookies,CLIENT_X - Denmark,HTTP Cookie,bench_new_T3_15239,,60,TRUE,https://www.CLIENT_X.dk/a-w/about,Existing CM Trackers-Found,,,,,
CLIENT_X.dk,Essential cookies,CLIENT_X - Denmark,HTTP Cookie,bench_new_T3_14810,,,,,Existing CM Trackers-Not Found,,,,,
www.lighting.CLIENT_X.co.id,Essential cookies (exempt from consent),Signify (formerly CLIENT_X Lighting),HTTP Cookie,AWSELBCORS,,bench_update_duration,TRUE,https://www.CLIENT_X.dk/a-w/about,Existing CM Trackers-Found,,,,,
www.static.accounts.CLIENT_X.com,Essential cookies,Koninklijke CLIENT_X N.V.,JavaScript,bench_new_T3_14437,,,TRUE,https://www.CLIENT_X.dk/myCLIENT_X#/register-new-product/form/SP9872_22,Existing CM Trackers-Found,,,,,
doubleclick.net,Targeted Advertising cookies (including social media),Google Advertising Products,HTTP Cookie,bench_new_T3_15414,,30,TRUE,https://www.CLIENT_X.dk/a-w/about,Existing CM Trackers-Found,,,,,
www.crsc.lighting.CLIENT_X.com,Performance cookies,Signify (formerly CLIENT_X Lighting),ETag,bench_new_T3_15721,,,,,Existing CM Trackers-Not Found,,,,,
CLIENT_Xb2c.my.site.com,Performance cookies,"Salesforce.com, Inc.",ETag,_ga_failed_lookup_marker_9_1129,,,TRUE,https://www.CLIENT_X.dk/c-w/support-home/kontakt-os.html,Existing CM Trackers-Found,,,,,
cdn.jsdelivr.net,Performance cookies,Volentio JSD Limited,ETag,bench_new_T3_14536,,,,,Existing CM Trackers-Not Found,,,,,
versuni.scene7.com,Performance cookies,Adobe Experience Cloud - Experience Manager,ETag,bench_new_T3_15282,,,,,Existing CM Trackers-Not Found,,,,,
www.lighting.CLIENT_X.com,Performance cookies,Signify (formerly CLIENT_X Lighting),ETag,bench_new_T3_15454,,,,,Existing CM Trackers-Not Found,,,,,
c.amazon-adsystem.com,Targeted Advertising cookies (including social media),Amazon Advertising,ETag,bench_new_T3_15565,,,,,Existing CM Trackers-Not Found,,,,,
s2.go-mpulse.net,Performance cookies,Akamai,JavaScript,bench_new_T3_15488,,,,,Existing CM Trackers-Not Found,,,,,
cdn-scripts.signifyd.com,Essential cookies,Signifyd,JavaScript,bench_new_T3_15510,,,TRUE,http://www.CLIENT_X.dk/,Existing CM Trackers-Found,,,,,
*.t.eloqua.com,Targeted Advertising cookies (including social media),Oracle Marketing,JavaScript,bench_new_T3_14782,,,,https://www.CLIENT_X.dk/healthcare/e/sleep/communications/src-update/news/update-august-27-2021,Existing CM Trackers-Found,,,,,
sc-static.net,Targeted Advertising cookies (including social media),Snap Inc.,HTTP Cookie,bench_new_T3_15960,,1,TRUE,https://www.CLIENT_X.dk/c-e/shop/ho/husholdning-bestsellere.html,Existing CM Trackers-Found,,,,,
tag.demandbase.com,Targeted Advertising cookies (including social media),"Demandbase, Inc.",JavaScript,bench_new_T3_14958,,,TRUE,https://www.CLIENT_X.dk/a-w/about,Existing CM Trackers-Found,,,,,
www.CLIENT_X.dk,Essential cookies,CLIENT_X - Denmark,HTTP Cookie,bench_new_T3_14871,,365,TRUE,http://www.CLIENT_X.dk/,Existing CM Trackers-Found,,,,,
maps.googleapis.com,Performance cookies,Google Inc.,JavaScript,bench_new_T3_15112,,,TRUE,https://www.CLIENT_X.dk/c-m-au/autolamper/store-locator,Existing CM Trackers-Found,,,,,
assets-v2.yieldify.com,Targeted Advertising cookies (including social media),Yieldify,ETag,bench_new_T3_14588,,,,,Existing CM Trackers-Not Found,,,,,
www.CLIENT_X.dk,Performance cookies,CLIENT_X - Denmark,HTTP Cookie,bench_new_T3_14846,,,,,Existing CM Trackers-Not Found,,,,,
www.googleadservices.com,Targeted Advertising cookies (including social media),Google Advertising Products,Beacon,bench_new_T3_15570,,,,,Existing CM Trackers-Not Found,,,,,
www.lighting.CLIENT_X.dk,Essential cookies,Signify (formerly CLIENT_X Lighting),HTTP Cookie,bench_new_T3_14522,,,,,Existing CM Trackers-Not Found,,,,,
www.CLIENT_X.dk,Essential cookies,CLIENT_X - Denmark,HTTP Cookie,_ga_failed_lookup_marker_9_1145,,,,,Existing CM Trackers-Not Found,,,,,
js-agent.newrelic.com,Performance Cookies [Requires consent],New Relic Inc.,JavaScript,-,,,TRUE,http://www.CLIENT_X.dk/,Existing CM Trackers-Found,,,,,
CLIENT_X.dk,Essential cookies,CLIENT_X - Denmark,HTTP Cookie,bench_new_T3_15834,,,,,Existing CM Trackers-Not Found,,,,,
www.CLIENT_X.dk,Essential cookies,CLIENT_X - Denmark,HTTP Cookie,bench_new_T3_15412,,1,,http://www.CLIENT_X.dk/,New First Party Trackers,,,,,
CLIENT_X.dk,Essential cookies,CLIENT_X - Denmark,HTTP Cookie,bench_new_T3_14901,,60,TRUE,https://www.CLIENT_X.dk/a-w/about,Existing CM Trackers-Found,,,,,
lighting.CLIENT_X.dk,Essential cookies,Signify (formerly CLIENT_X Lighting),Local Storage,bench_new_T3_14867,,,,,Existing CM Trackers-Not Found,,,,,
analytics.tiktok.com,Targeted Advertising cookies (including social media),TikTok,Beacon,bench_new_T3_14442,,,TRUE,http://www.CLIENT_X.dk/,Existing CM Trackers-Found,,,,,
cdn.tt.omtrdc.net,Performance Cookies [Requires consent],Adobe Experience Cloud - Analytics,ETag,-,,,,,Existing CM Trackers-Not Found,,,,,
www.CLIENT_X.dk,Essential cookies,CLIENT_X - Denmark,HTTP Cookie,bench_new_T3_14812,,session,TRUE,http://www.CLIENT_X.dk/,Existing CM Trackers-Found,,,,,
www.CLIENT_X.dk,Essential cookies,CLIENT_X - Denmark,HTTP Cookie,bench_new_T3_14990,,,,,Existing CM Trackers-Not Found,,,,,
www.lighting.CLIENT_X.dk,Essential cookies,Signify (formerly CLIENT_X Lighting),HTTP Cookie,bench_new_T3_15033,,,,,Existing CM Trackers-Not Found,,,,,
www.lighting.CLIENT_X.dk,Essential cookies,Signify (formerly CLIENT_X Lighting),HTTP Cookie,bench_new_T3_15417,,,,,Existing CM Trackers-Not Found,,,,,
CLIENT_X.dk,Essential cookies,CLIENT_X - Denmark,HTTP Cookie,bench_new_T3_15869,,365,TRUE,https://www.CLIENT_X.dk/a-w/about,Existing CM Trackers-Found,,,,,
CLIENT_X.co.in,Essential cookies (exempt from consent),CLIENT_X - India,HTTP Cookie,_schn2,,bench_update_duration,TRUE,https://www.CLIENT_X.dk/a-w/about,Existing CM Trackers-Found,,,,,
www.youtube.com,Targeted Advertising cookies (including social media),Google Advertising Products,JavaScript,bench_new_T3_14743,,,TRUE,https://www.CLIENT_X.dk/c-e/au/autolamper/artikler-om-biler.html,Existing CM Trackers-Found,,,,,
CLIENT_X.dk,Essential cookies,CLIENT_X - Denmark,HTTP Cookie,_ga_failed_lookup_marker_9_1160,,365,,https://www.CLIENT_X.dk/a-w/about,New First Party Trackers,,,,,
www.lighting.CLIENT_X.com,Performance cookies,Signify (formerly CLIENT_X Lighting),JavaScript,bench_new_T3_14792,,,,,Existing CM Trackers-Not Found,,,,,
img.youtube.com,Targeted Advertising Cookies (including social media) [Requires consent],Google Advertising Products,ETag,-,,,,,Existing CM Trackers-Not Found,,,,,
www.conversiontool.lighting.CLIENT_X.com,Targeted Advertising cookies (including social media),Signify (formerly CLIENT_X Lighting),ETag,bench_new_T3_14550,,,,,Existing CM Trackers-Not Found,,,,,
CLIENT_X.dk,Performance cookies,CLIENT_X - Denmark,HTTP Cookie,bench_new_T3_15836,,session,TRUE,https://www.CLIENT_X.dk/a-w/about,Existing CM Trackers-Found,,,,,
www.CLIENT_X.dk,Essential cookies,CLIENT_X - Denmark,HTTP Cookie,bench_new_T3_14904,,,,,Existing CM Trackers-Not Found,,,,,
CLIENT_X.dk,Essential cookies,CLIENT_X - Denmark,HTTP Cookie,bench_new_T3_15904,,,,,Existing CM Trackers-Not Found,,,,,
*.mktoweb.com,Targeted Advertising cookies (including social media),Marketo,Local Storage,_ga_failed_lookup_marker_9_1167,,,,,Existing CM Trackers-Not Found,,,,,
dpm.demdex.net,Targeted Advertising cookies (including social media),"Adobe Audience Manager, Adobe Experience Platform",HTTP Cookie,bench_new_T3_14494,,,,,Existing CM Trackers-Not Found,,,,,
www.lighting.CLIENT_X.dk,Essential cookies,Signify (formerly CLIENT_X Lighting),ETag,bench_new_T3_15600,,,,,Existing CM Trackers-Not Found,,,,,
www.CLIENT_X.dk,Essential cookies,CLIENT_X - Denmark,HTTP Cookie,bench_new_T3_15452,,14,,http://www.CLIENT_X.dk/,New First Party Trackers,,,,,
h64.online-metrix.net,Performance cookies,LexisNexis Risk Solutions (formerly ThreatMetrix),Beacon,bench_new_T3_15932,,,TRUE,http://www.CLIENT_X.dk/,Existing CM Trackers-Found,,,,,
www.lampreplacementtool.CLIENT_X.com,Essential cookies,Koninklijke CLIENT_X N.V.,ETag,bench_new_T3_15197,,,,,Existing CM Trackers-Not Found,,,,,
www.CLIENT_X.dk,Essential cookies,CLIENT_X - Denmark,HTTP Cookie,bench_new_T3_15674,,session,,http://www.CLIENT_X.dk/,New First Party Trackers,,,,,
koninklijkeCLIENT_Xnvproduction2k8xfrmr.org.coveo.com,Performance cookies,Coveo Solutions Inc.,Beacon,bench_new_T3_15406,,,,https://www.CLIENT_X.dk/a-w/about/news/all-news.html,New Third Party Trackers,,,,,
nebula-cdn.kampyle.com,Performance cookies,Medallia,JavaScript,bench_new_T3_14741,,,TRUE,http://www.CLIENT_X.dk/,Existing CM Trackers-Found,,,,,
doubleclick.net,Targeted Advertising cookies (including social media),Google Advertising Products,HTTP Cookie,_ga_failed_lookup_marker_9_1176,,390,TRUE,https://www.CLIENT_X.dk/a-w/about,Existing CM Trackers-Found,,,,,
CLIENT_X.dk,Essential cookies,CLIENT_X - Denmark,HTTP Cookie,bench_new_T3_15959,,,,,Existing CM Trackers-Not Found,,,,,
www.lighting.CLIENT_X.com,Performance Cookies [Requires consent],Signify (formerly CLIENT_X Lighting),ETag,-,,,TRUE,http://www.CLIENT_X.dk/,Existing CM Trackers-Found,,,,,
www.lighting.CLIENT_X.dk,Essential cookies,Signify (formerly CLIENT_X Lighting),ETag,bench_new_T3_15408,,,,,Existing CM Trackers-Not Found,,,,,
CLIENT_X.co.in,Essential cookies (exempt from consent),CLIENT_X - India,HTTP Cookie,_scid_r,,,,,Existing CM Trackers-Not Found,,,,,
c.go-mpulse.net,Performance cookies,Akamai,JavaScript,_ga_failed_lookup_marker_9_1181,,,,,Existing CM Trackers-Not Found,,,,,
doubleclick.net,Targeted Advertising cookies (including social media),Google Advertising Products,HTTP Cookie,bench_new_T3_15271,,0,TRUE,https://www.CLIENT_X.dk/a-w/about,Existing CM Trackers-Found,,,,,
versuni.scene7.com,Performance cookies,Adobe Experience Cloud - Experience Manager,JavaScript,bench_new_T3_14992,,,,,Existing CM Trackers-Not Found,,,,,
doubleclick.net,Targeted Advertising cookies (including social media),Google Advertising Products,HTTP Cookie,bench_new_T3_15292,,30,TRUE,https://www.CLIENT_X.dk/a-w/about,Existing CM Trackers-Found,,,,,
consent-pref.trustarc.com,Essential cookies,TrustArc,Local Storage,bench_new_T3_14759,,,TRUE,https://www.CLIENT_X.dk/a-w/about,Existing CM Trackers-Found,,,,,
region1.google-analytics.com,Performance cookies,Google Inc.,Beacon,bench_new_T3_15861,,,,,Existing CM Trackers-Not Found,,,,,
c.amazon-adsystem.com,Targeted Advertising cookies (including social media),Amazon Advertising,ETag,bench_new_T3_14640,,,,,Existing CM Trackers-Not Found,,,,,
CLIENT_X.dk,Essential cookies,CLIENT_X - Denmark,HTTP Cookie,bench_new_T3_14745,,365,TRUE,https://www.CLIENT_X.dk/a-w/about,Existing CM Trackers-Found,,,,,
cdn-scripts.signifyd.com,Essential cookies,Signifyd,JavaScript,bench_new_T3_14930,,,TRUE,http://www.CLIENT_X.dk/,Existing CM Trackers-Found,,,,,
region1.google-analytics.com,Performance cookies,Google Inc.,HTTP Cookie,bench_new_T3_14762,,,,,Existing CM Trackers-Not Found,,,,,
h64.online-metrix.net,Performance cookies,LexisNexis Risk Solutions (formerly ThreatMetrix),JavaScript,_ga_failed_lookup_marker_9_1191,,,TRUE,https://www.CLIENT_X.dk/c-p/LUMUD1004WX1_10/-,Existing CM Trackers-Found,,,,,
www.CLIENT_X.dk,Performance cookies,CLIENT_X - Denmark,HTTP Cookie,bench_new_T3_15425,,,,,Existing CM Trackers-Not Found,,,,,
CLIENT_Xb2c.my.site.com,Performance cookies,"Salesforce.com, Inc.",ETag,bench_new_T3_15620,,,TRUE,https://www.CLIENT_X.dk/c-w/support-home/kontakt-os.html,Existing CM Trackers-Found,,,,,
www.CLIENT_X.dk,Essential cookies,CLIENT_X - Denmark,HTTP Cookie,bench_new_T3_14452,,,,,Existing CM Trackers-Not Found,,,,,
CLIENT_X.dk,Essential cookies,CLIENT_X - Denmark,HTTP Cookie,bench_new_T3_15827,,90,TRUE,https://www.CLIENT_X.dk/a-w/about,Existing CM Trackers-Found,,,,,
www.lighting.CLIENT_X.nl,Essential cookies (exempt from consent),Signify (formerly CLIENT_X Lighting),Local Storage,blank (local storage),,bench_update_duration,,http://www.CLIENT_X.dk/,New First Party Trackers,,,,,
www.CLIENT_X.cz,Essential cookies (exempt from consent),CLIENT_X - Czech Republic,HTTP Cookie,_y2,,,,,Existing CM Trackers-Not Found,,,,,
consent.trustarc.com,Essential cookies,TrustArc,Beacon,bench_new_T3_14732,,,TRUE,http://www.CLIENT_X.dk/,Existing CM Trackers-Found,,,,,
www.CLIENT_X.it,Essential cookies (exempt from consent),CLIENT_X - Italy,HTTP Cookie,fl_qualified_entry,,,,https://www.CLIENT_X.dk/a-w/about,Existing CM Trackers-Found,,,,,
youtube.com,Targeted Advertising cookies (including social media),Google Advertising Products,HTTP Cookie,bench_new_T3_14512,,session,TRUE,https://www.CLIENT_X.dk/c-e/au/autolamper/artikler-om-biler.html,Existing CM Trackers-Found,,,,,
www.lampreplacementtool.CLIENT_X.com,Essential cookies,Koninklijke CLIENT_X N.V.,ETag,bench_new_T3_15635,,,,,Existing CM Trackers-Not Found,,,,,
CLIENT_Xb2c.my.site.com,Performance cookies,"Salesforce.com, Inc.",JavaScript,bench_new_T3_14738,,,TRUE,https://www.CLIENT_X.dk/c-w/support-home/kontakt-os.html,Existing CM Trackers-Found,,,,,
www.CLIENT_X.dk,Essential cookies,CLIENT_X - Denmark,Beacon,bench_new_T3_14960,,,TRUE,https://www.CLIENT_X.dk/myCLIENT_X#/register-new-product/form/SP9872_22,Existing CM Trackers-Found,,,,,
assets.adobedtm.com,Performance cookies,Adobe Inc.,JavaScript,_ga_failed_lookup_marker_9_1204,,,TRUE,https://www.CLIENT_X.dk/shop/order-search/search-input,Existing CM Trackers-Found,,,,,
www.CLIENT_X-hue.com,Performance cookies,CLIENT_X Hue,ETag,bench_new_T3_15767,,,,,Existing CM Trackers-Not Found,,,,,
conversiontool.lighting.CLIENT_X.com,Targeted Advertising cookies (including social media),Koninklijke CLIENT_X N.V.,Local Storage,_ga_failed_lookup_marker_9_1206,,,,,Existing CM Trackers-Not Found,,,,,
www.CLIENT_X.dk,Essential cookies,CLIENT_X - Denmark,HTTP Cookie,_ga_failed_lookup_marker_9_1207,,,,,Existing CM Trackers-Not Found,,,,,
consent.truste.com,Essential cookies,TrustArc,JavaScript,bench_new_T3_15001,,,,,Existing CM Trackers-Not Found,,,,,
linkedin.com,Targeted Advertising cookies (including social media),LinkedIn,HTTP Cookie,bench_new_T3_14928,,180,TRUE,https://www.CLIENT_X.dk/c-e/shop/ho/husholdning-bestsellere.html,Existing CM Trackers-Found,,,,,
CLIENT_X.dk,Essential cookies,CLIENT_X - Denmark,HTTP Cookie,bench_new_T3_14941,,60,TRUE,https://www.CLIENT_X.dk/a-w/about,Existing CM Trackers-Found,,,,,
CLIENT_Xb2c.my.site.com,Performance cookies,"Salesforce.com, Inc.",Local Storage,bench_new_T3_15080,,,TRUE,https://www.CLIENT_X.dk/c-w/support-home/kontakt-os.html,Existing CM Trackers-Found,,,,,
static.doubleclick.net,Targeted Advertising cookies (including social media),Google Advertising Products,JavaScript,bench_new_T3_14534,,,,,Existing CM Trackers-Not Found,,,,,
linkedin.com,Targeted Advertising cookies (including social media),LinkedIn,HTTP Cookie,bench_new_T3_14830,,365,TRUE,https://www.CLIENT_X.dk/c-e/shop/ho/husholdning-bestsellere.html,Existing CM Trackers-Found,,,,,
CLIENT_X.dk,Performance cookies,CLIENT_X - Denmark,HTTP Cookie,bench_new_T3_15496,,0,TRUE,https://www.CLIENT_X.dk/a-w/about,Existing CM Trackers-Found,,,,,
CLIENT_X.dk,Essential cookies,CLIENT_X - Denmark,HTTP Cookie,bench_new_T3_15079,,,,,Existing CM Trackers-Not Found,,,,,
www.CLIENT_X.dk,Essential cookies,CLIENT_X - Denmark,HTTP Cookie,bench_new_T3_15255,,session,TRUE,http://www.CLIENT_X.dk/,Existing CM Trackers-Found,,,,,
www.CLIENT_X.dk,Essential cookies,CLIENT_X - Denmark,HTTP Cookie,bench_new_T3_15812,,14,,http://www.CLIENT_X.dk/,New First Party Trackers,,,,,
www.conversiontool.lighting.CLIENT_X.com,Targeted Advertising cookies (including social media),Signify (formerly CLIENT_X Lighting),JavaScript,bench_new_T3_14656,,,,,Existing CM Trackers-Not Found,,,,,
api-cdn.mypurecloud.de,Performance cookies,Genesys,ETag,bench_new_T3_15131,,,,,Existing CM Trackers-Not Found,,,,,
www.CLIENT_X.dk,Essential cookies,CLIENT_X - Denmark,HTTP Cookie,bench_new_T3_14974,,14,,http://www.CLIENT_X.dk/,New First Party Trackers,,,,,
c.amazon-adsystem.com,Targeted Advertising cookies (including social media),Amazon Advertising,JavaScript,bench_new_T3_14502,,,,,Existing CM Trackers-Not Found,,,,,
cdn.jsdelivr.net,Performance cookies,Volentio JSD Limited,ETag,bench_new_T3_15339,,,,,Existing CM Trackers-Not Found,,,,,
CLIENT_X.dk,Essential cookies,CLIENT_X - Denmark,HTTP Cookie,bench_new_T3_14833,,365,TRUE,https://www.CLIENT_X.dk/a-w/about,Existing CM Trackers-Found,,,,,
ssl-static.janraincapture.com,Performance cookies,Akamai,JavaScript,bench_new_T3_14751,,,TRUE,https://www.CLIENT_X.dk/myCLIENT_X#/register-new-product/form/SP9872_22,Existing CM Trackers-Found,,,,,
CLIENT_X.lt,Essential cookies (exempt from consent),CLIENT_X - Lithuania,HTTP Cookie,s_vtime,,,,,Existing CM Trackers-Not Found,,,,,
CLIENT_X.dk,Essential cookies,CLIENT_X - Denmark,HTTP Cookie,bench_new_T3_15760,,,,,Existing CM Trackers-Not Found,,,,,
doubleclick.net,Targeted Advertising cookies (including social media),Google Advertising Products,HTTP Cookie,bench_new_T3_14790,,30,TRUE,https://www.CLIENT_X.dk/a-w/about,Existing CM Trackers-Found,,,,,
casalemedia.com,Targeted Advertising cookies (including social media),Index Exchange Inc.,HTTP Cookie,bench_new_T3_15534,,90,TRUE,https://www.CLIENT_X.dk/a-w/about,Existing CM Trackers-Found,,,,,
pages.information.signify.com,Performance cookies,Signify (formerly CLIENT_X Lighting),ETag,bench_new_T3_15279,,,,,Existing CM Trackers-Not Found,,,,,
www.CLIENT_X.dk,Essential cookies,CLIENT_X - Denmark,HTTP Cookie,bench_new_T3_14423,,365,TRUE,http://www.CLIENT_X.dk/,Existing CM Trackers-Found,,,,,
CLIENT_X.dk,Targeted Advertising cookies (including social media),CLIENT_X - Denmark,HTTP Cookie,bench_new_T3_15485,,7,TRUE,https://www.CLIENT_X.dk/a-w/about,Existing CM Trackers-Found,,,,,
CLIENT_X.dk,Essential cookies,CLIENT_X - Denmark,HTTP Cookie,_ga_failed_lookup_marker_9_1232,,,,,Existing CM Trackers-Not Found,,,,,
i.ytimg.com,Targeted Advertising cookies (including social media),Google Inc.,ETag,bench_new_T3_14856,,,TRUE,https://www.CLIENT_X.dk/c-t/XC000002105/min-CLIENT_X-n%C3%A6seh%C3%A5rstrimmer-fungerer-ikke,Existing CM Trackers-Found,,,,,
static.doubleclick.net,Targeted Advertising cookies (including social media),Google Advertising Products,JavaScript,bench_new_T3_15267,,,,,Existing CM Trackers-Not Found,,,,,
*.akstat.io,Performance cookies,Akamai,Beacon,bench_new_T3_14772,,,,,Existing CM Trackers-Not Found,,,,,
www.CLIENT_X.dk,Essential cookies,CLIENT_X - Denmark,HTTP Cookie,bench_new_T3_14931,,365,TRUE,http://www.CLIENT_X.dk/,Existing CM Trackers-Found,,,,,
tag-logger.demandbase.com,Targeted Advertising cookies (including social media),"Demandbase, Inc.",ETag,bench_new_T3_15378,,,,https://www.CLIENT_X.dk/healthcare/medical-specialties/mother-and-child-care,New Third Party Trackers,,,,,
CLIENT_X.com.ph,Essential cookies (exempt from consent),CLIENT_X - Philippines,HTTP Cookie,mboxEdgeCluster,,,TRUE,https://www.CLIENT_X.dk/shop/order-search/search-input,Existing CM Trackers-Found,,,,,
pages.information.signify.com,Performance cookies,Signify (formerly CLIENT_X Lighting),HTTP Cookie,bench_new_T3_15701,,,,,Existing CM Trackers-Not Found,,,,,
CLIENT_Xb2c.my.site.com,Performance cookies,"Salesforce.com, Inc.",Beacon,bench_new_T3_15371,,,TRUE,https://www.CLIENT_X.dk/c-w/support-home/kontakt-os.html,Existing CM Trackers-Found,,,,,
*.online-metrix.net,Performance cookies,LexisNexis Risk Solutions (formerly ThreatMetrix),JavaScript,_ga_failed_lookup_marker_9_1241,,,,https://www.CLIENT_X.dk/c-p/LUMUD1004WX1_10/-,Existing CM Trackers-Found,,,,,
www.CLIENT_X.dk,Essential cookies,CLIENT_X - Denmark,HTTP Cookie,bench_new_T3_15646,,365,TRUE,http://www.CLIENT_X.dk/,Existing CM Trackers-Found,,,,,
lighting.CLIENT_X.dk,Essential cookies,Signify (formerly CLIENT_X Lighting),HTTP Cookie,bench_new_T3_15121,,,,,Existing CM Trackers-Not Found,,,,,
doubleclick.net,Targeted Advertising cookies (including social media),Google Advertising Products,HTTP Cookie,bench_new_T3_14665,,,,,Existing CM Trackers-Not Found,,,,,
*.en25.com,Targeted Advertising cookies (including social media),Oracle Marketing,JavaScript,bench_new_T3_15314,,,,https://www.CLIENT_X.dk/healthcare/e/sleep/communications/src-update,Existing CM Trackers-Found,,,,,
www.lighting.CLIENT_X.dk,Essential cookies,Signify (formerly CLIENT_X Lighting),ETag,bench_new_T3_15669,,,,,Existing CM Trackers-Not Found,,,,,
consent.trustarc.com,Essential cookies,TrustArc,Beacon,bench_new_T3_15337,,,TRUE,http://www.CLIENT_X.dk/,Existing CM Trackers-Found,,,,,
www.CLIENT_X.dk,Essential cookies,CLIENT_X - Denmark,HTTP Cookie,bench_new_T3_15305,,14,,http://www.CLIENT_X.dk/,New First Party Trackers,,,,,
www.CLIENT_X.dk,Essential cookies,CLIENT_X - Denmark,ETag,bench_new_T3_14578,,,TRUE,http://www.CLIENT_X.dk/,Existing CM Trackers-Found,,,,,
CLIENT_X.dk,Essential cookies,CLIENT_X - Denmark,HTTP Cookie,bench_new_T3_15653,,400,FALSE,https://www.CLIENT_X.dk/a-w/about,Existing CM Trackers-Found,,,,,
CLIENT_X.dk,Essential cookies,CLIENT_X - Denmark,HTTP Cookie,_ga_failed_lookup_marker_9_1251,,90,TRUE,https://www.CLIENT_X.dk/a-w/about,Existing CM Trackers-Found,,,,,
code.jquery.com,Performance cookies,jQuery,JavaScript,bench_new_T3_14862,,,,,Existing CM Trackers-Not Found,,,,,
pages.information.signify.com,Performance cookies,Signify (formerly CLIENT_X Lighting),Local Storage,_ga_failed_lookup_marker_9_1253,,,,,Existing CM Trackers-Not Found,,,,,
www.CLIENT_X.dk,Essential cookies,CLIENT_X - Denmark,HTTP Cookie,bench_new_T3_15170,,,,,Existing CM Trackers-Not Found,,,,,
www.lighting.CLIENT_X.co.nz,Essential cookies (exempt from consent),Signify (formerly CLIENT_X Lighting),HTTP Cookie,s_sid,,bench_update_duration,,,Existing CM Trackers-Not Found,,,,,
demdex.net,Targeted Advertising cookies (including social media),"Adobe Audience Manager, Adobe Experience Platform",HTTP Cookie,bench_new_T3_15899,,,,,Existing CM Trackers-Not Found,,,,,
imgs.signifyd.com,Essential cookies,Signifyd,HTTP Cookie,bench_new_T3_15012,,390,TRUE,https://www.CLIENT_X.dk/,Existing CM Trackers-Found,,,,,
www.conversiontool.lighting.CLIENT_X.com,Targeted Advertising cookies (including social media),Signify (formerly CLIENT_X Lighting),JavaScript,bench_new_T3_15217,,,,,Existing CM Trackers-Not Found,,,,,
www.docs.lighting.CLIENT_X.com,Performance cookies,Signify (formerly CLIENT_X Lighting),JavaScript,bench_new_T3_14615,,,,,Existing CM Trackers-Not Found,,,,,
www.eu-west-1.api.CLIENT_X.com,Targeted Advertising cookies (including social media),Koninklijke CLIENT_X N.V.,Beacon,_ga_failed_lookup_marker_9_1260,,,,https://www.CLIENT_X.dk/c-e/shop/checkout,New Third Party Trackers,,,,,
CLIENT_X.dk,Essential cookies,CLIENT_X - Denmark,HTTP Cookie,bench_new_T3_15758,,0,TRUE,https://www.CLIENT_X.dk/a-w/about,Existing CM Trackers-Found,,,,,
CLIENT_X.dk,Essential cookies,CLIENT_X - Denmark,HTTP Cookie,bench_new_T3_15605,,365,TRUE,https://www.CLIENT_X.dk/a-w/about,Existing CM Trackers-Found,,,,,
pages.information.signify.com,Performance cookies,Signify (formerly CLIENT_X Lighting),HTTP Cookie,bench_new_T3_15191,,,,,Existing CM Trackers-Not Found,,,,,
www.conversiontool.lighting.CLIENT_X.com,Targeted Advertising cookies (including social media),Signify (formerly CLIENT_X Lighting),JavaScript,bench_new_T3_15266,,,,,Existing CM Trackers-Not Found,,,,,
www.CLIENT_X.dk,Essential cookies,CLIENT_X - Denmark,HTTP Cookie,bench_new_T3_14461,,1,,http://www.CLIENT_X.dk/,New First Party Trackers,,,,,
www.CLIENT_X.dk,Essential cookies,CLIENT_X - Denmark,HTTP Cookie,bench_new_T3_15768,,,,,Existing CM Trackers-Not Found,,,,,
www.crsc.CLIENT_X.com,Targeted Advertising cookies (including social media),Koninklijke CLIENT_X N.V.,ETag,bench_new_T3_15222,,,TRUE,https://www.CLIENT_X.dk/shop/order-search/search-input,Existing CM Trackers-Found,,,,,
www.static.accounts.CLIENT_X.com,Essential cookies,Koninklijke CLIENT_X N.V.,JavaScript,bench_new_T3_15508,,,TRUE,https://www.CLIENT_X.dk/myCLIENT_X#/register-new-product/form/SP9872_22,Existing CM Trackers-Found,,,,,
js-agent.newrelic.com,Performance cookies,New Relic Inc.,JavaScript,bench_new_T3_15215,,,,,Existing CM Trackers-Not Found,,,,,
conversiontool.lighting.CLIENT_X.com,Targeted Advertising cookies (including social media),Koninklijke CLIENT_X N.V.,Local Storage,bench_new_T3_14888,,,,,Existing CM Trackers-Not Found,,,,,
CLIENT_X.dk,Essential cookies,CLIENT_X - Denmark,HTTP Cookie,bench_new_T3_15535,,,,,Existing CM Trackers-Not Found,,,,,
CLIENT_X.dk,Essential cookies,CLIENT_X - Denmark,HTTP Cookie,bench_new_T3_15632,,session,TRUE,https://www.CLIENT_X.dk/a-w/about,Existing CM Trackers-Found,,,,,
*.t.eloqua.com,Targeted Advertising cookies (including social media),Oracle Marketing,JavaScript,bench_new_T3_14935,,,,https://www.CLIENT_X.dk/healthcare/e/sleep/communications/src-update/news/update-august-27-2021,Existing CM Trackers-Found,,,,,
CLIENT_X.dk,Essential cookies,CLIENT_X - Denmark,HTTP Cookie,bench_new_T3_15779,,60,TRUE,https://www.CLIENT_X.dk/a-w/about,Existing CM Trackers-Found,,,,,
consent-st.trustarc.com,Essential cookies,TrustArc,JavaScript,bench_new_T3_15946,,,TRUE,http://www.CLIENT_X.dk/,Existing CM Trackers-Found,,,,,
connect.facebook.net,Targeted Advertising cookies (including social media),Meta (formerly Facebook),JavaScript,bench_new_T3_15997,,,TRUE,http://www.CLIENT_X.dk/,Existing CM Trackers-Found,,,,,
www.CLIENT_X.at,Essential cookies (exempt from consent),CLIENT_X - Austria,ETag,blank (etag),,729,,,Existing CM Trackers-Not Found,,,,,
CLIENT_X.dk,Essential cookies,CLIENT_X - Denmark,HTTP Cookie,bench_new_T3_15278,,90,TRUE,https://www.CLIENT_X.dk/a-w/about,Existing CM Trackers-Found,,,,,
www.eu-west-1.api.CLIENT_X.com,Targeted Advertising cookies (including social media),Koninklijke CLIENT_X N.V.,Beacon,bench_new_T3_15177,,,,https://www.CLIENT_X.dk/c-e/shop/checkout,New Third Party Trackers,,,,,
h64.online-metrix.net,Performance cookies,LexisNexis Risk Solutions (formerly ThreatMetrix),Beacon,_ga_failed_lookup_marker_9_1280,,,TRUE,http://www.CLIENT_X.dk/,Existing CM Trackers-Found,,,,,
recaptcha.net,Performance cookies,Google Inc.,Local Storage,bench_new_T3_15071,,,,,Existing CM Trackers-Not Found,,,,,
www.lighting.CLIENT_X.dk,Essential cookies,Signify (formerly CLIENT_X Lighting),HTTP Cookie,bench_new_T3_15975,,,,,Existing CM Trackers-Not Found,,,,,
company-target.com,Targeted Advertising cookies (including social media),"Demandbase, Inc.",HTTP Cookie,bench_new_T3_15773,,396,TRUE,https://www.CLIENT_X.dk/a-w/about,Existing CM Trackers-Found,,,,,
s2.go-mpulse.net,Performance cookies,Akamai,JavaScript,bench_new_T3_14603,,,,,Existing CM Trackers-Not Found,,,,,
pagead2.googlesyndication.com,Targeted Advertising cookies (including social media),Google Advertising Products,Beacon,bench_new_T3_14951,,,,,Existing CM Trackers-Not Found,,,,,
CLIENT_X.dk,Essential cookies,CLIENT_X - Denmark,HTTP Cookie,bench_new_T3_14539,,393,TRUE,https://www.CLIENT_X.dk/a-w/about,Existing CM Trackers-Found,,,,,
demdex.net,Targeted Advertising cookies (including social media),"Adobe Audience Manager, Adobe Experience Platform",HTTP Cookie,bench_new_T3_14583,,,,,Existing CM Trackers-Not Found,,,,,
CLIENT_X.dk,Essential cookies,CLIENT_X - Denmark,HTTP Cookie,bench_new_T3_14978,,,,,Existing CM Trackers-Not Found,,,,,
www.CLIENT_X.com,Targeted Advertising cookies (including social media),Koninklijke CLIENT_X N.V.,ETag,bench_new_T3_15686,,,,https://www.CLIENT_X.dk/a-w/about/news/all-news.html,New Third Party Trackers,,,,,
www.accounts.CLIENT_X.com,Essential cookies,Koninklijke CLIENT_X N.V.,ETag,bench_new_T3_15714,,,TRUE,https://www.CLIENT_X.dk/myCLIENT_X#/register-new-product/form/SP9872_22,Existing CM Trackers-Found,,,,,
CLIENT_X.dk,Essential cookies,CLIENT_X - Denmark,HTTP Cookie,_ga_failed_lookup_marker_9_1291,,,,,Existing CM Trackers-Not Found,,,,,
lighting.CLIENT_X.dk,Essential cookies,Signify (formerly CLIENT_X Lighting),Local Storage,bench_new_T3_15944,,,,,Existing CM Trackers-Not Found,,,,,
CLIENT_X.dk,Essential cookies,CLIENT_X - Denmark,HTTP Cookie,_ga_failed_lookup_marker_9_1293,,400,,https://www.CLIENT_X.dk/a-w/about,New First Party Trackers,,,,,
CLIENT_X.dk,Essential cookies,CLIENT_X - Denmark,HTTP Cookie,bench_new_T3_14654,,0,TRUE,https://www.CLIENT_X.dk/a-w/about,Existing CM Trackers-Found,,,,,
*.salesforceliveagent.com,Performance cookies,"salesforce.com, inc.",JavaScript,bench_new_T3_15882,,,,,Existing CM Trackers-Not Found,,,,,
custom.yieldify.com,Targeted Advertising cookies (including social media),Yieldify,ETag,_ga_failed_lookup_marker_9_1296,,,TRUE,http://www.CLIENT_X.dk/,Existing CM Trackers-Found,,,,,
tremorhub.com,Targeted Advertising Cookies (including social media) [Requires consent],"Magnite CTV, Inc.",HTTP Cookie,tv_UICR,,,,,Existing CM Trackers-Not Found,,,,,
dpm.demdex.net,Targeted Advertising cookies (including social media),"Adobe Audience Manager, Adobe Experience Platform",Beacon,bench_new_T3_15489,,,,,Existing CM Trackers-Not Found,,,,,
tag-logger.demandbase.com,Targeted Advertising cookies (including social media),"Demandbase, Inc.",ETag,bench_new_T3_14943,,,,https://www.CLIENT_X.dk/healthcare/medical-specialties/mother-and-child-care,New Third Party Trackers,,,,,
assets.adobedtm.com,Performance cookies,Adobe Inc.,ETag,bench_new_T3_15705,,,TRUE,https://www.CLIENT_X.dk/shop/order-search/search-input,Existing CM Trackers-Found,,,,,
ad.doubleclick.net,Targeted Advertising cookies (including social media),Google Advertising Products,Beacon,bench_new_T3_15445,,,TRUE,http://www.CLIENT_X.dk/,Existing CM Trackers-Found,,,,,
company-target.com,Targeted Advertising cookies (including social media),"Demandbase, Inc.",HTTP Cookie,bench_new_T3_14435,,396,TRUE,https://www.CLIENT_X.dk/a-w/about,Existing CM Trackers-Found,,,,,
www.CLIENT_X.dk,Essential cookies,CLIENT_X - Denmark,HTTP Cookie,bench_new_T3_14448,,365,TRUE,http://www.CLIENT_X.dk/,Existing CM Trackers-Found,,,,,
casalemedia.com,Targeted Advertising cookies (including social media),Index Exchange Inc.,HTTP Cookie,bench_new_T3_14548,,90,TRUE,https://www.CLIENT_X.dk/a-w/about,Existing CM Trackers-Found,,,,,
cdn.mouseflow.com,Performance cookies,Mouseflow,ETag,bench_new_T3_14582,,,,https://www.CLIENT_X.dk/c-e/pe/mens-grooming-welcome.html,New Third Party Trackers,,,,,
www.crsc.lighting.CLIENT_X.com,Performance cookies,Signify (formerly CLIENT_X Lighting),JavaScript,bench_new_T3_15817,,,,,Existing CM Trackers-Not Found,,,,,
c.go-mpulse.net,Performance cookies,Akamai,JavaScript,bench_new_T3_15409,,,,,Existing CM Trackers-Not Found,,,,,
CLIENT_X.dk,Targeted Advertising cookies (including social media),CLIENT_X - Denmark,HTTP Cookie,bench_new_T3_14472,,7,TRUE,https://www.CLIENT_X.dk/a-w/about,Existing CM Trackers-Found,,,,,
www.CLIENT_X.co.il,Essential cookies (exempt from consent),CLIENT_X - Israel,HTTP Cookie,test,,390,TRUE,https://www.CLIENT_X.dk/c-e/shop/ho/husholdning-bestsellere.html,Existing CM Trackers-Found,,,,,
www.lighting.CLIENT_X.at,Essential cookies (exempt from consent),Signify (formerly CLIENT_X Lighting),Local Storage,blank (local storage),,bench_update_duration,TRUE,https://www.CLIENT_X.dk/,Existing CM Trackers-Found,,,,,
www.CLIENT_X.dk,Essential cookies,CLIENT_X - Denmark,HTTP Cookie,bench_new_T3_14727,,session,,http://www.CLIENT_X.dk/,New First Party Trackers,,,,,
www.CLIENT_X.dk,Essential cookies,CLIENT_X - Denmark,HTTP Cookie,bench_new_T3_15023,,365,TRUE,http://www.CLIENT_X.dk/,Existing CM Trackers-Found,,,,,
www.static.accounts.CLIENT_X.com,Essential cookies,Koninklijke CLIENT_X N.V.,JavaScript,bench_new_T3_14520,,,TRUE,https://www.CLIENT_X.dk/myCLIENT_X#/register-new-product/form/SP9872_22,Existing CM Trackers-Found,,,,,
lighting.CLIENT_X.co.in,Essential cookies (exempt from consent),Signify (formerly CLIENT_X Lighting),HTTP Cookie,s_nr30,,bench_update_duration,,,Existing CM Trackers-Not Found,,,,,
analytics-ipv6.tiktokw.us,Targeted Advertising cookies (including social media),TikTok,Beacon,bench_new_T3_15837,,,,http://www.CLIENT_X.dk/,New Third Party Trackers,,,,,
eloqua.com,Targeted Advertising cookies (including social media),Oracle Marketing,HTTP Cookie,bench_new_T3_15694,,392,TRUE,https://www.CLIENT_X.dk/healthcare/e/sleep/communications/src-update,Existing CM Trackers-Found,,,,,
CLIENT_X.dk,Essential cookies,CLIENT_X - Denmark,HTTP Cookie,bench_new_T3_15656,,400,TRUE,https://www.CLIENT_X.dk/a-w/about,Existing CM Trackers-Found,,,,,
www.recaptcha.net,Performance cookies,Google Inc.,JavaScript,bench_new_T3_14504,,,,,Existing CM Trackers-Not Found,,,,,
CLIENT_X.dk,Essential cookies,CLIENT_X - Denmark,HTTP Cookie,bench_new_T3_14970,,,,,Existing CM Trackers-Not Found,,,,,
code.jquery.com,Performance cookies,jQuery,ETag,bench_new_T3_14776,,,,,Existing CM Trackers-Not Found,,,,,
sc-static.net,Targeted Advertising cookies (including social media),Snap Inc.,ETag,bench_new_T3_15940,,,TRUE,https://www.CLIENT_X.dk/c-m-ho/badevaerelselosninger,Existing CM Trackers-Found,,,,,
assets.adoberesources.net,Performance cookies,Adobe Inc.,ETag,_ga_failed_lookup_marker_9_1322,,,,,Existing CM Trackers-Not Found,,,,,
CLIENT_X.dk,Essential cookies,CLIENT_X - Denmark,HTTP Cookie,bench_new_T3_15467,,400,TRUE,https://www.CLIENT_X.dk/a-w/about,Existing CM Trackers-Found,,,,,
www.CLIENT_X.dk,Essential cookies,CLIENT_X - Denmark,HTTP Cookie,bench_new_T3_14909,,session,,http://www.CLIENT_X.dk/,Existing CM Trackers-Found,,,,,
CLIENT_X.dk,Essential cookies,CLIENT_X - Denmark,HTTP Cookie,bench_new_T3_15886,,0,TRUE,https://www.CLIENT_X.dk/a-w/about,Existing CM Trackers-Found,,,,,
region1.google-analytics.com,Performance cookies,Google Inc.,Beacon,bench_new_T3_14874,,,,,Existing CM Trackers-Not Found,,,,,
lighting.CLIENT_X.dk,Essential cookies,Signify (formerly CLIENT_X Lighting),HTTP Cookie,bench_new_T3_14537,,,,,Existing CM Trackers-Not Found,,,,,
www.documents.CLIENT_X.com,Targeted Advertising cookies (including social media),Koninklijke CLIENT_X N.V.,ETag,bench_new_T3_14546,,,,https://www.CLIENT_X.dk/healthcare/clinical-solutions/early-warning-scoring,New Third Party Trackers,,,,,
www.googleadservices.com,Targeted Advertising cookies (including social media),Google Advertising Products,Beacon,bench_new_T3_14799,,,,,Existing CM Trackers-Not Found,,,,,
CLIENT_X.dk,Essential cookies,CLIENT_X - Denmark,HTTP Cookie,bench_new_T3_15275,,session,TRUE,https://www.CLIENT_X.dk/a-w/about,Existing CM Trackers-Found,,,,,
tag.demandbase.com,Targeted Advertising cookies (including social media),"Demandbase, Inc.",JavaScript,bench_new_T3_14584,,,TRUE,https://www.CLIENT_X.dk/a-w/about,Existing CM Trackers-Found,,,,,
CLIENT_X.dk,Essential cookies,CLIENT_X - Denmark,HTTP Cookie,bench_new_T3_15919,,400,FALSE,https://www.CLIENT_X.dk/a-w/about,Existing CM Trackers-Found,,,,,
CLIENT_X.no,Essential cookies (exempt from consent),CLIENT_X - Norway,HTTP Cookie,_gcl_au,,180,TRUE,https://www.CLIENT_X.dk/c-e/au/autolamper/artikler-om-biler.html,Existing CM Trackers-Found,,,,,
conversiontool.lighting.CLIENT_X.com,Targeted Advertising cookies (including social media),Koninklijke CLIENT_X N.V.,Local Storage,bench_new_T3_14608,,,,,Existing CM Trackers-Not Found,,,,,
tracker-detail-page.trustarc.com,Essential cookies,TrustArc,JavaScript,bench_new_T3_15024,,,,https://www.CLIENT_X.dk/a-w/politik-vedr-cookies,New Third Party Trackers,,,,,
imgs.signifyd.com,Essential cookies,Signifyd,HTTP Cookie,bench_new_T3_15483,,390,TRUE,https://www.CLIENT_X.dk/,Existing CM Trackers-Found,,,,,
lighting.CLIENT_X.dk,Essential cookies,Signify (formerly CLIENT_X Lighting),HTTP Cookie,bench_new_T3_15819,,,,,Existing CM Trackers-Not Found,,,,,
www.crsc.CLIENT_X.com,Targeted Advertising cookies (including social media),Koninklijke CLIENT_X N.V.,ETag,bench_new_T3_15765,,,TRUE,https://www.CLIENT_X.dk/shop/order-search/search-input,Existing CM Trackers-Found,,,,,
CLIENT_X.112.2o7.net,Performance cookies,"Adobe Audience Manager, Adobe Experience Cloud",Beacon,bench_new_T3_15504,,,TRUE,http://www.CLIENT_X.dk/,Existing CM Trackers-Found,,,,,
www.lighting.CLIENT_X.ie,Essential cookies (exempt from consent),Signify (formerly CLIENT_X Lighting),ETag,blank (etag),,bench_update_duration,,,Existing CM Trackers-Not Found,,,,,
CLIENT_X.com.pk,Essential cookies (exempt from consent),CLIENT_X - Pakistan,HTTP Cookie,s_gnr,,,,,Existing CM Trackers-Not Found,,,,,
consent-pref.trustarc.com,Essential cookies,TrustArc,Local Storage,_ga_failed_lookup_marker_9_1342,,,TRUE,https://www.CLIENT_X.dk/a-w/about,Existing CM Trackers-Found,,,,,
casalemedia.com,Targeted Advertising cookies (including social media),Index Exchange Inc.,HTTP Cookie,bench_new_T3_14722,,365,TRUE,https://www.CLIENT_X.dk/a-w/about,Existing CM Trackers-Found,,,,,
supurgesepeti.com,Essential cookies (exempt from consent),Supurgesepeti.com,HTTP Cookie,TcmxSID,,,TRUE,https://www.CLIENT_X.dk/c-w/support-home/kontakt-os.html,Existing CM Trackers-Found,,,,,
js-agent.newrelic.com,Performance cookies,New Relic Inc.,ETag,bench_new_T3_15116,,,,,Existing CM Trackers-Not Found,,,,,
www.documents.CLIENT_X.com,Targeted Advertising cookies (including social media),Koninklijke CLIENT_X N.V.,ETag,bench_new_T3_15733,,,,https://www.CLIENT_X.dk/healthcare/clinical-solutions/early-warning-scoring,New Third Party Trackers,,,,,
CLIENT_Xb2c.my.site.com,Performance cookies,"Salesforce.com, Inc.",JavaScript,bench_new_T3_14808,,,TRUE,https://www.CLIENT_X.dk/c-w/support-home/kontakt-os.html,Existing CM Trackers-Found,,,,,
www.CLIENT_X.dk,Essential cookies,CLIENT_X - Denmark,HTTP Cookie,_ga_failed_lookup_marker_9_1348,,,,,Existing CM Trackers-Not Found,,,,,
tco.lighting.CLIENT_X.com,Targeted Advertising cookies (including social media),Koninklijke CLIENT_X N.V.,Local Storage,bench_new_T3_15897,,,,,Existing CM Trackers-Not Found,,,,,
www.documents.CLIENT_X.com,Targeted Advertising cookies (including social media),Koninklijke CLIENT_X N.V.,ETag,bench_new_T3_14806,,,,https://www.CLIENT_X.dk/healthcare/clinical-solutions/early-warning-scoring,New Third Party Trackers,,,,,
ajax.googleapis.com,Performance cookies,Google Inc.,JavaScript,bench_new_T3_14819,,,,,Existing CM Trackers-Not Found,,,,,
CLIENT_X.dk,Essential cookies,CLIENT_X - Denmark,HTTP Cookie,bench_new_T3_15158,,,,,Existing CM Trackers-Not Found,,,,,
www.google.com,Targeted Advertising cookies (including social media),Google Inc.,JavaScript,bench_new_T3_15051,,,TRUE,https://www.CLIENT_X.dk/healthcare/?FormType=MarketingInquiry,Existing CM Trackers-Found,,,,,
www.eu-west-1.api.CLIENT_X.com,Targeted Advertising cookies (including social media),Koninklijke CLIENT_X N.V.,Beacon,bench_new_T3_15988,,,,https://www.CLIENT_X.dk/c-e/shop/checkout,New Third Party Trackers,,,,,
analytics.tiktok.com,Targeted Advertising cookies (including social media),TikTok,Beacon,bench_new_T3_15141,,,TRUE,http://www.CLIENT_X.dk/,Existing CM Trackers-Found,,,,,
supurgesepeti.com,Essential cookies (exempt from consent),Supurgesepeti.com,HTTP Cookie,_gcl_au,,,TRUE,http://www.CLIENT_X.dk/,Existing CM Trackers-Found,,,,,
CLIENT_X.dk,Essential cookies,CLIENT_X - Denmark,HTTP Cookie,bench_new_T3_15331,,400,TRUE,https://www.CLIENT_X.dk/a-w/about,Existing CM Trackers-Found,,,,,
tco.lighting.CLIENT_X.com,Targeted Advertising cookies (including social media),Koninklijke CLIENT_X N.V.,Local Storage,bench_new_T3_14838,,,,,Existing CM Trackers-Not Found,,,,,
apps.mypurecloud.de,Performance cookies,Genesys,JavaScript,bench_new_T3_15203,,,,,Existing CM Trackers-Not Found,,,,,
tags.creativecdn.com,Targeted Advertising cookies (including social media),RTB House S.A.,ETag,_ga_failed_lookup_marker_9_1360,,,,,Existing CM Trackers-Not Found,,,,,
www.CLIENT_X.dk,Essential cookies,CLIENT_X - Denmark,Beacon,bench_new_T3_14571,,,TRUE,https://www.CLIENT_X.dk/myCLIENT_X#/register-new-product/form/SP9872_22,Existing CM Trackers-Found,,,,,
imgs.signifyd.com,Essential cookies,Signifyd,Local Storage,bench_new_T3_14876,,,TRUE,https://www.CLIENT_X.dk/,Existing CM Trackers-Found,,,,,
CLIENT_X.dk,Essential cookies,CLIENT_X - Denmark,HTTP Cookie,bench_new_T3_14439,,,,,Existing CM Trackers-Not Found,,,,,
youtube.com,Targeted Advertising cookies (including social media),Google Advertising Products,HTTP Cookie,bench_new_T3_15911,,180,TRUE,https://www.CLIENT_X.dk/c-e/au/autolamper/artikler-om-biler.html,Existing CM Trackers-Found,,,,,
www.CLIENT_X.dk,Essential cookies,CLIENT_X - Denmark,JavaScript,bench_new_T3_14491,,,TRUE,http://www.CLIENT_X.dk/,Existing CM Trackers-Found,,,,,
CLIENT_X.dk,Essential cookies,CLIENT_X - Denmark,HTTP Cookie,bench_new_T3_14921,,90,TRUE,https://www.CLIENT_X.dk/a-w/about,Existing CM Trackers-Found,,,,,
t.tailtarget.com,Targeted Advertising Cookies (including social media) [Requires consent],Tail Target,Beacon,-,,bench_update_duration,,,Existing CM Trackers-Not Found,,,,,
CLIENT_X.112.2o7.net,Performance cookies,"Adobe Audience Manager, Adobe Experience Cloud",Beacon,bench_new_T3_15253,,,TRUE,http://www.CLIENT_X.dk/,Existing CM Trackers-Found,,,,,
pages.information.signify.com,Performance cookies,Signify (formerly CLIENT_X Lighting),ETag,bench_new_T3_15994,,,,,Existing CM Trackers-Not Found,,,,,
d.la11-core1.sfdc-cehfhs.salesforceliveagent.com,Performance cookies,"salesforce.com, inc.",JavaScript,bench_new_T3_15223,,,,,Existing CM Trackers-Not Found,,,,,
CLIENT_Xb2c.my.site.com,Performance cookies,"Salesforce.com, Inc.",Beacon,bench_new_T3_14632,,,TRUE,https://www.CLIENT_X.dk/c-w/support-home/kontakt-os.html,Existing CM Trackers-Found,,,,,
px.ads.linkedin.com,Targeted Advertising cookies (including social media),LinkedIn,JavaScript,bench_new_T3_14977,,,TRUE,https://www.CLIENT_X.dk/healthcare/solutions/mother-and-child-care,Existing CM Trackers-Found,,,,,
pages.information.signify.com,Performance cookies,Signify (formerly CLIENT_X Lighting),JavaScript,bench_new_T3_15249,,,,,Existing CM Trackers-Not Found,,,,,
www.CLIENT_X.dk,Essential cookies,CLIENT_X - Denmark,HTTP Cookie,bench_new_T3_15180,,7,,http://www.CLIENT_X.dk/,New First Party Trackers,,,,,
CLIENT_X.dk,Essential cookies,CLIENT_X - Denmark,HTTP Cookie,_ga_failed_lookup_marker_9_1375,,session,TRUE,https://www.CLIENT_X.dk/a-w/about,Existing CM Trackers-Found,,,,,
raw.githubusercontent.com,Performance cookies,GitHub Inc.,ETag,bench_new_T3_15855,,,,,Existing CM Trackers-Not Found,,,,,
cdn.channelsight.com,Essential cookies,ChannelSight,ETag,bench_new_T3_14624,,,TRUE,https://www.CLIENT_X.dk/c-e/so/skaerme/professionel-brug.html,Existing CM Trackers-Found,,,,,
www.CLIENT_X.dk,Essential cookies,CLIENT_X - Denmark,HTTP Cookie,bench_new_T3_15572,,7,,http://www.CLIENT_X.dk/,New First Party Trackers,,,,,
imgs.signifyd.com,Essential cookies,Signifyd,JavaScript,bench_new_T3_15438,,,TRUE,https://www.CLIENT_X.dk/c-p/HX6322_04,Existing CM Trackers-Found,,,,,
CLIENT_Xb2c.my.site.com,Performance cookies,"Salesforce.com, Inc.",JavaScript,_ga_failed_lookup_marker_9_1380,,,TRUE,https://www.CLIENT_X.dk/c-w/support-home/kontakt-os.html,Existing CM Trackers-Found,,,,,
adservice.google.com,Targeted Advertising cookies (including social media),Google Advertising Products,Beacon,bench_new_T3_15365,,,TRUE,http://www.CLIENT_X.dk/,Existing CM Trackers-Found,,,,,
CLIENT_X.dk,Essential cookies,CLIENT_X - Denmark,HTTP Cookie,bench_new_T3_15041,,,,,Existing CM Trackers-Not Found,,,,,
CLIENT_Xb2c.my.site.com,Performance cookies,"Salesforce.com, Inc.",Beacon,_ga_failed_lookup_marker_9_1383,,,TRUE,https://www.CLIENT_X.dk/c-w/support-home/kontakt-os.html,Existing CM Trackers-Found,,,,,
c.go-mpulse.net,Performance cookies,Akamai,JavaScript,bench_new_T3_15245,,,,,Existing CM Trackers-Not Found,,,,,
fonts.yieldify-production.com,Targeted Advertising cookies (including social media),Yieldify,ETag,bench_new_T3_14883,,,,,Existing CM Trackers-Not Found,,,,,
lighting.CLIENT_X.dk,Essential cookies,Signify (formerly CLIENT_X Lighting),HTTP Cookie,bench_new_T3_15894,,,,,Existing CM Trackers-Not Found,,,,,
www.tco.lighting.CLIENT_X.com,Performance cookies,Koninklijke CLIENT_X N.V.,JavaScript,bench_new_T3_14908,,,,,Existing CM Trackers-Not Found,,,,,
www.subscription.CLIENT_X.cz,Essential cookies (exempt from consent),CLIENT_X - Czech Republic,Local Storage,blank (local storage),,,,,Existing CM Trackers-Not Found,,,,,
www.google.com,Targeted Advertising cookies (including social media),Google Inc.,JavaScript,_ga_failed_lookup_marker_9_1389,,,TRUE,https://www.CLIENT_X.dk/healthcare/?FormType=MarketingInquiry,Existing CM Trackers-Found,,,,,
CLIENT_X.dk,Essential cookies,CLIENT_X - Denmark,HTTP Cookie,bench_new_T3_14753,,400,FALSE,https://www.CLIENT_X.dk/a-w/about,Existing CM Trackers-Found,,,,,
www.tco.lighting.CLIENT_X.com,Performance cookies,Koninklijke CLIENT_X N.V.,ETag,bench_new_T3_14940,,,,,Existing CM Trackers-Not Found,,,,,
*.mktoweb.com,Targeted Advertising cookies (including social media),Marketo,JavaScript,bench_new_T3_15544,,,,,Existing CM Trackers-Not Found,,,,,
www.google.com,Targeted Advertising cookies (including social media),Google Inc.,JavaScript,bench_new_T3_14456,,,TRUE,https://www.CLIENT_X.dk/healthcare/?FormType=MarketingInquiry,Existing CM Trackers-Found,,,,,
CLIENT_X.com.sg,Essential cookies (exempt from consent),CLIENT_X - Singapore,HTTP Cookie,_fbp,,,,,Existing CM Trackers-Not Found,,,,,
www.googleapis.com,Performance cookies,Google Inc.,JavaScript,bench_new_T3_15394,,,TRUE,https://www.CLIENT_X.dk/c-e/au/autolamper/artikler-om-biler.html,Existing CM Trackers-Found,,,,,
c.amazon-adsystem.com,Targeted Advertising cookies (including social media),Amazon Advertising,ETag,bench_new_T3_15098,,,,,Existing CM Trackers-Not Found,,,,,
CLIENT_X.dk,Essential cookies,CLIENT_X - Denmark,HTTP Cookie,bench_new_T3_15903,,393,TRUE,https://www.CLIENT_X.dk/a-w/about,Existing CM Trackers-Found,,,,,
ad.doubleclick.net,Targeted Advertising cookies (including social media),Google Advertising Products,Beacon,bench_new_T3_14401,,,TRUE,http://www.CLIENT_X.dk/,Existing CM Trackers-Found,,,,,
www.CLIENT_X.dk,Essential cookies,CLIENT_X - Denmark,HTTP Cookie,bench_new_T3_15499,,365,TRUE,http://www.CLIENT_X.dk/,Existing CM Trackers-Found,,,,,
www.CLIENT_X.dk,Essential cookies,CLIENT_X - Denmark,HTTP Cookie,bench_new_T3_15699,,,,,Existing CM Trackers-Not Found,,,,,
www.crsc.lighting.CLIENT_X.com,Performance cookies,Signify (formerly CLIENT_X Lighting),ETag,bench_new_T3_15313,,,,,Existing CM Trackers-Not Found,,,,,
www.googleadservices.com,Targeted Advertising cookies (including social media),Google Advertising Products,JavaScript,bench_new_T3_14432,,,,,Existing CM Trackers-Not Found,,,,,
tr.snapchat.com,Targeted Advertising cookies (including social media),Snap Inc.,JavaScript,bench_new_T3_15037,,,TRUE,https://www.CLIENT_X.dk/c-m-ho/badevaerelselosninger,Existing CM Trackers-Found,,,,,
ssl-static.janraincapture.com,Performance cookies,Akamai,JavaScript,bench_new_T3_14766,,,TRUE,https://www.CLIENT_X.dk/myCLIENT_X#/register-new-product/form/SP9872_22,Existing CM Trackers-Found,,,,,
CLIENT_X.dk,Essential cookies,CLIENT_X - Denmark,HTTP Cookie,bench_new_T3_14839,,,,,Existing CM Trackers-Not Found,,,,,
CLIENT_X.co.uk,Essential cookies,CLIENT_X - United Kingdom,HTTP Cookie,bench_new_T3_14565,,,,,Existing CM Trackers-Not Found,,,,,
rewriteapi.bluerank.pl,Targeted Advertising Cookies (including social media) [Requires consent],Bluerank,ETag,-,,bench_update_duration,,http://www.CLIENT_X.dk/,New First Party Trackers,,,,,
www.docs.lighting.CLIENT_X.com,Performance cookies,Signify (formerly CLIENT_X Lighting),JavaScript,bench_new_T3_15709,,,,,Existing CM Trackers-Not Found,,,,,
h64.online-metrix.net,Performance cookies,LexisNexis Risk Solutions (formerly ThreatMetrix),Beacon,bench_new_T3_15676,,,TRUE,http://www.CLIENT_X.dk/,Existing CM Trackers-Found,,,,,
www.CLIENT_X.hr,Essential cookies (exempt from consent),CLIENT_X - Croatia,HTTP Cookie,T01-recentlyViewedProducts,,,,,Existing CM Trackers-Not Found,,,,,
pagead2.googlesyndication.com,Targeted Advertising cookies (including social media),Google Advertising Products,Beacon,bench_new_T3_15785,,,,,Existing CM Trackers-Not Found,,,,,
www.CLIENT_X.dk,Essential cookies,CLIENT_X - Denmark,HTTP Cookie,bench_new_T3_14713,,session,TRUE,http://www.CLIENT_X.dk/,Existing CM Trackers-Found,,,,,
www.google.com,Targeted Advertising cookies (including social media),Google Inc.,JavaScript,bench_new_T3_15055,,,TRUE,https://www.CLIENT_X.dk/healthcare/?FormType=MarketingInquiry,Existing CM Trackers-Found,,,,,
CLIENT_X.ro,Essential cookies (exempt from consent),CLIENT_X - Romania,HTTP Cookie,_gdXXX,,bench_update_duration,TRUE,https://www.CLIENT_X.dk/a-w/about,Existing CM Trackers-Found,,,,,
doubleclick.net,Targeted Advertising cookies (including social media),Google Advertising Products,HTTP Cookie,bench_new_T3_14505,,390,TRUE,https://www.CLIENT_X.dk/a-w/about,Existing CM Trackers-Found,,,,,
CLIENT_X.dk,Essential cookies,CLIENT_X - Denmark,HTTP Cookie,_ga_failed_lookup_marker_9_1416,,,,,Existing CM Trackers-Not Found,,,,,
adservice.google.com,Targeted Advertising cookies (including social media),Google Advertising Products,Beacon,_ga_failed_lookup_marker_9_1417,,,TRUE,http://www.CLIENT_X.dk/,Existing CM Trackers-Found,,,,,
*.mktoweb.com,Targeted Advertising cookies (including social media),Marketo,JavaScript,bench_new_T3_15011,,,,,Existing CM Trackers-Not Found,,,,,
www.CLIENT_X.dk,Essential cookies,CLIENT_X - Denmark,HTTP Cookie,bench_new_T3_14910,,0,,http://www.CLIENT_X.dk/,New First Party Trackers,,,,,
cdn.mouseflow.com,Performance cookies,Mouseflow,JavaScript,bench_new_T3_14924,,,,https://www.CLIENT_X.dk/c-e/pe/mens-grooming-welcome.html,New Third Party Trackers,,,,,
www.CLIENT_X.ua,Essential cookies (exempt from consent),CLIENT_X - Ukraine,HTTP Cookie,UA_Pub-cartstatus-com,,7,TRUE,https://www.CLIENT_X.dk/a-w/about,Existing CM Trackers-Found,,,,,
www.CLIENT_X.dk,Essential cookies,CLIENT_X - Denmark,HTTP Cookie,bench_new_T3_15663,,session,TRUE,http://www.CLIENT_X.dk/,Existing CM Trackers-Found,,,,,
www.docs.lighting.CLIENT_X.com,Performance cookies,Signify (formerly CLIENT_X Lighting),JavaScript,bench_new_T3_14749,,,,,Existing CM Trackers-Not Found,,,,,
www.horticulture-partnertool.lighting.CLIENT_X.com,Performance cookies,Signify (formerly CLIENT_X Lighting),ETag,bench_new_T3_15868,,,,,Existing CM Trackers-Not Found,,,,,
analytics-fe.digital-cloud-us-main.medallia.com,Performance cookies,Medallia,Beacon,bench_new_T3_14716,,,TRUE,http://www.CLIENT_X.dk/,Existing CM Trackers-Found,,,,,
www.docs.lighting.CLIENT_X.com,Performance cookies,Signify (formerly CLIENT_X Lighting),JavaScript,bench_new_T3_15820,,,,,Existing CM Trackers-Not Found,,,,,
apps.mypurecloud.de,Performance cookies,Genesys,JavaScript,bench_new_T3_15077,,,,,Existing CM Trackers-Not Found,,,,,
js-agent.newrelic.com,Performance cookies,New Relic Inc.,JavaScript,_ga_failed_lookup_marker_9_1428,,,,,Existing CM Trackers-Not Found,,,,,
pages.information.signify.com,Performance cookies,Signify (formerly CLIENT_X Lighting),Local Storage,bench_new_T3_15087,,,,,Existing CM Trackers-Not Found,,,,,
www.CLIENT_X.dk,Essential cookies,CLIENT_X - Denmark,HTTP Cookie,bench_new_T3_15325,,,,,Existing CM Trackers-Not Found,,,,,
www.crsc.lighting.CLIENT_X.com,Performance cookies,Signify (formerly CLIENT_X Lighting),JavaScript,bench_new_T3_15021,,,,,Existing CM Trackers-Not Found,,,,,
consent.trustarc.com,Essential cookies,TrustArc,JavaScript,bench_new_T3_15163,,,TRUE,http://www.CLIENT_X.dk/,Existing CM Trackers-Found,,,,,
www.CLIENT_X.dk,Essential cookies,CLIENT_X - Denmark,JavaScript,bench_new_T3_15207,,,TRUE,http://www.CLIENT_X.dk/,Existing CM Trackers-Found,,,,,
CLIENT_X.dk,Essential cookies,CLIENT_X - Denmark,HTTP Cookie,bench_new_T3_15634,,0,TRUE,https://www.CLIENT_X.dk/a-w/about,Existing CM Trackers-Found,,,,,
CLIENT_X.dk,Essential cookies,CLIENT_X - Denmark,HTTP Cookie,bench_new_T3_14459,,,,,Existing CM Trackers-Not Found,,,,,
analytics-fe.digital-cloud-us-main.medallia.com,Performance cookies,Medallia,Beacon,bench_new_T3_15132,,,TRUE,http://www.CLIENT_X.dk/,Existing CM Trackers-Found,,,,,
www.CLIENT_X.com.my,Essential cookies (exempt from consent),CLIENT_X - Malaysia,HTTP Cookie,test,,bench_update_duration,,,Existing CM Trackers-Not Found,,,,,
www.crsc.CLIENT_X.com,Targeted Advertising cookies (including social media),Koninklijke CLIENT_X N.V.,ETag,bench_new_T3_14508,,,TRUE,https://www.CLIENT_X.dk/shop/order-search/search-input,Existing CM Trackers-Found,,,,,
CLIENT_X.com.kw,Essential cookies (exempt from consent),CLIENT_X - Kuwait,HTTP Cookie,s_cc,,bench_update_duration,,,Existing CM Trackers-Not Found,,,,,
CLIENT_X.dk,Essential cookies,CLIENT_X - Denmark,HTTP Cookie,bench_new_T3_14890,,,,,Existing CM Trackers-Not Found,,,,,
www.usa.CLIENT_X.com,Essential cookies (exempt from consent),Koninklijke CLIENT_X N.V.,HTTP Cookie,kampyleUserPercentile,,bench_update_duration,TRUE,https://www.CLIENT_X.dk/a-w/about,Existing CM Trackers-Found,,,,,
lux.speedcurve.com,Performance cookies,Speedcurve,JavaScript,bench_new_T3_15234,,,,https://www.CLIENT_X.dk/healthcare/enterprise-solutions/orthopedic-surgery-solutions,New Third Party Trackers,,,,,
ssl-static.janraincapture.com,Performance cookies,Akamai,JavaScript,bench_new_T3_15333,,,TRUE,https://www.CLIENT_X.dk/myCLIENT_X#/register-new-product/form/SP9872_22,Existing CM Trackers-Found,,,,,
www.google.com,Essential cookies,Google Inc.,HTTP Cookie,bench_new_T3_14768,,180,TRUE,https://www.CLIENT_X.dk/c-e/member,Existing CM Trackers-Found,,,,,
consent-pref.trustarc.com,Essential cookies,TrustArc,Local Storage,bench_new_T3_14420,,,TRUE,https://www.CLIENT_X.dk/a-w/about,Existing CM Trackers-Found,,,,,
CLIENT_X.112.2o7.net,Performance cookies,"Adobe Audience Manager, Adobe Experience Cloud",HTTP Cookie,bench_new_T3_14851,,400,,https://www.CLIENT_X.dk/a-w/about,New Third Party Trackers,,,,,
snapchat.com,Targeted Advertising cookies (including social media),Snap Inc.,HTTP Cookie,bench_new_T3_14934,,390,TRUE,https://www.CLIENT_X.dk/c-e/shop/ho/husholdning-bestsellere.html,Existing CM Trackers-Found,,,,,
pagead2.googlesyndication.com,Targeted Advertising cookies (including social media),Google Advertising Products,Beacon,bench_new_T3_15804,,,,,Existing CM Trackers-Not Found,,,,,
assets.adobedtm.com,Performance cookies,Adobe Inc.,JavaScript,bench_new_T3_15358,,,TRUE,https://www.CLIENT_X.dk/shop/order-search/search-input,Existing CM Trackers-Found,,,,,
www.horticulture-partnertool.lighting.CLIENT_X.com,Performance cookies,Signify (formerly CLIENT_X Lighting),JavaScript,bench_new_T3_15813,,,,,Existing CM Trackers-Not Found,,,,,
assets.adoberesources.net,Performance cookies,Adobe Inc.,ETag,bench_new_T3_15166,,,,,Existing CM Trackers-Not Found,,,,,
www.CLIENT_X.co.uk,Essential cookies (exempt from consent),CLIENT_X - United Kingdom,HTTP Cookie,p-hc-catg,,,,http://www.CLIENT_X.dk/,New Third Party Trackers,,,,,
*.en25.com,Targeted Advertising cookies (including social media),Oracle Marketing,JavaScript,bench_new_T3_15623,,,,https://www.CLIENT_X.dk/healthcare/e/sleep/communications/src-update,Existing CM Trackers-Found,,,,,
www.googleadservices.com,Targeted Advertising cookies (including social media),Google Advertising Products,Beacon,bench_new_T3_15352,,,,,Existing CM Trackers-Not Found,,,,,
*.fls.doubleclick.net,Targeted Advertising cookies (including social media),Google Advertising Products,Beacon,bench_new_T3_15945,,,,,Existing CM Trackers-Not Found,,,,,
maps.googleapis.com,Performance cookies,Google Inc.,JavaScript,bench_new_T3_15800,,,TRUE,https://www.CLIENT_X.dk/c-m-au/autolamper/store-locator,Existing CM Trackers-Found,,,,,
www.lighting.CLIENT_X.it,Essential cookies (exempt from consent),Signify (formerly CLIENT_X Lighting),ETag,blank (etag),,bench_update_duration,,,Existing CM Trackers-Not Found,,,,,
CLIENT_X.dk,Essential cookies,CLIENT_X - Denmark,HTTP Cookie,bench_new_T3_15262,,0,TRUE,https://www.CLIENT_X.dk/a-w/about,Existing CM Trackers-Found,,,,,
www.CLIENT_X.ca,Essential cookies (exempt from consent),CLIENT_X - Canada,HTTP Cookie,T01-recentlyViewedProducts,,bench_update_duration,,,Existing CM Trackers-Not Found,,,,,
CLIENT_X.dk,Essential cookies,CLIENT_X - Denmark,HTTP Cookie,bench_new_T3_15770,,,,,Existing CM Trackers-Not Found,,,,,
CLIENT_X.dk,Essential cookies,CLIENT_X - Denmark,HTTP Cookie,bench_new_T3_15603,,400,FALSE,https://www.CLIENT_X.dk/a-w/about,Existing CM Trackers-Found,,,,,
www.CLIENT_X.dk,Essential cookies,CLIENT_X - Denmark,HTTP Cookie,_ga_failed_lookup_marker_9_1462,,365,TRUE,http://www.CLIENT_X.dk/,Existing CM Trackers-Found,,,,,
connect.facebook.net,Targeted Advertising cookies (including social media),Meta (formerly Facebook),JavaScript,bench_new_T3_14807,,,TRUE,http://www.CLIENT_X.dk/,Existing CM Trackers-Found,,,,,
assets.adoberesources.net,Performance cookies,Adobe Inc.,ETag,bench_new_T3_15366,,,,,Existing CM Trackers-Not Found,,,,,
CLIENT_X.com.hk,Essential cookies (exempt from consent),CLIENT_X - Hong Kong,HTTP Cookie,FPID,,,TRUE,https://www.CLIENT_X.dk/c-w/support-home/kontakt-os.html,Existing CM Trackers-Found,,,,,
youtube.com,Targeted Advertising cookies (including social media),Google Advertising Products,Local Storage,bench_new_T3_14988,,,,,Existing CM Trackers-Not Found,,,,,
www.horticulture-partnertool.lighting.CLIENT_X.com,Performance cookies,Signify (formerly CLIENT_X Lighting),ETag,bench_new_T3_15032,,,,,Existing CM Trackers-Not Found,,,,,
tremorhub.com,Targeted Advertising cookies (including social media),"Magnite CTV, Inc.",HTTP Cookie,bench_new_T3_15561,,365,TRUE,https://www.CLIENT_X.dk/a-w/about,Existing CM Trackers-Found,,,,,
CLIENT_X.dk,Essential cookies,CLIENT_X - Denmark,HTTP Cookie,bench_new_T3_15637,,,,,Existing CM Trackers-Not Found,,,,,
region1.analytics.google.com,Performance cookies,Google Inc.,Beacon,bench_new_T3_14803,,,TRUE,http://www.CLIENT_X.dk/,Existing CM Trackers-Found,,,,,
pages.information.signify.com,Performance cookies,Signify (formerly CLIENT_X Lighting),HTTP Cookie,bench_new_T3_14878,,,,,Existing CM Trackers-Not Found,,,,,
CLIENT_X.co.uk,Essential cookies,CLIENT_X - United Kingdom,HTTP Cookie,bench_new_T3_15068,,,,,Existing CM Trackers-Not Found,,,,,
analytics-fe.digital-cloud-us-main.medallia.com,Performance cookies,Medallia,Beacon,bench_new_T3_15926,,,TRUE,http://www.CLIENT_X.dk/,Existing CM Trackers-Found,,,,,
scontent.webcollage.net,Targeted Advertising Cookies (including social media) [Requires consent],Syndigo (formerly Webcollage),JavaScript,-,,180,TRUE,https://www.CLIENT_X.dk/c-e/au/autolamper/artikler-om-biler.html,Existing CM Trackers-Found,,,,,
d.la11-core1.sfdc-cehfhs.salesforceliveagent.com,Performance cookies,"salesforce.com, inc.",JavaScript,bench_new_T3_15671,,,,,Existing CM Trackers-Not Found,,,,,
www.google.com,Targeted Advertising cookies (including social media),Google Inc.,JavaScript,bench_new_T3_14464,,,TRUE,https://www.CLIENT_X.dk/healthcare/?FormType=MarketingInquiry,Existing CM Trackers-Found,,,,,
www.usa.CLIENT_X.com,Essential cookies (exempt from consent),Koninklijke CLIENT_X N.V.,Local Storage,blank (local storage),,bench_update_duration,TRUE,https://www.CLIENT_X.dk/c-e/au/autolamper/artikler-om-biler.html,Existing CM Trackers-Found,,,,,
www.googleapis.com,Performance cookies,Google Inc.,JavaScript,_ga_failed_lookup_marker_9_1478,,,TRUE,https://www.CLIENT_X.dk/c-e/au/autolamper/artikler-om-biler.html,Existing CM Trackers-Found,,,,,
CLIENT_X.dk,Essential cookies,CLIENT_X - Denmark,HTTP Cookie,bench_new_T3_15404,,,,,Existing CM Trackers-Not Found,,,,,
lighting.CLIENT_X.dk,Essential cookies,Signify (formerly CLIENT_X Lighting),HTTP Cookie,bench_new_T3_15159,,,,,Existing CM Trackers-Not Found,,,,,
www.lighting.CLIENT_X.dk,Essential cookies,Signify (formerly CLIENT_X Lighting),JavaScript,bench_new_T3_15873,,,,,Existing CM Trackers-Not Found,,,,,
CLIENT_X.dk,Essential cookies,CLIENT_X - Denmark,HTTP Cookie,bench_new_T3_15650,,0,TRUE,https://www.CLIENT_X.dk/a-w/about,Existing CM Trackers-Found,,,,,
doubleclick.net,Targeted Advertising cookies (including social media),Google Advertising Products,HTTP Cookie,_ga_failed_lookup_marker_9_1483,,390,TRUE,https://www.CLIENT_X.dk/a-w/about,Existing CM Trackers-Found,,,,,
www.googletagmanager.com,Performance cookies,Google Inc.,JavaScript,bench_new_T3_15113,,,TRUE,http://www.CLIENT_X.dk/,Existing CM Trackers-Found,,,,,
api-cdn.mypurecloud.de,Performance cookies,Genesys,ETag,bench_new_T3_14918,,,,,Existing CM Trackers-Not Found,,,,,
imgs.signifyd.com,Essential cookies,Signifyd,Beacon,_ga_failed_lookup_marker_9_1486,,,TRUE,http://www.CLIENT_X.dk/,Existing CM Trackers-Found,,,,,
cdn.mouseflow.com,Performance cookies,Mouseflow,JavaScript,bench_new_T3_15857,,,,https://www.CLIENT_X.dk/c-e/pe/mens-grooming-welcome.html,New Third Party Trackers,,,,,
apps.mypurecloud.de,Performance cookies,Genesys,JavaScript,_ga_failed_lookup_marker_9_1488,,,,,Existing CM Trackers-Not Found,,,,,
pages.information.signify.com,Performance cookies,Signify (formerly CLIENT_X Lighting),HTTP Cookie,bench_new_T3_15019,,,,,Existing CM Trackers-Not Found,,,,,
tremorhub.com,Targeted Advertising cookies (including social media),"Magnite CTV, Inc.",HTTP Cookie,bench_new_T3_15258,,365,TRUE,https://www.CLIENT_X.dk/a-w/about,Existing CM Trackers-Found,,,,,
youtube.com,Targeted Advertising cookies (including social media),Google Advertising Products,HTTP Cookie,bench_new_T3_15802,,180,TRUE,https://www.CLIENT_X.dk/c-e/au/autolamper/artikler-om-biler.html,Existing CM Trackers-Found,,,,,
analytics-ipv6.tiktokw.us,Targeted Advertising cookies (including social media),TikTok,Beacon,bench_new_T3_14560,,,,http://www.CLIENT_X.dk/,New Third Party Trackers,,,,,
demdex.net,Targeted Advertising cookies (including social media),"Adobe Audience Manager, Adobe Experience Platform",HTTP Cookie,_ga_failed_lookup_marker_9_1493,,,,,Existing CM Trackers-Not Found,,,,,
www.CLIENT_X.dk,Essential cookies,CLIENT_X - Denmark,HTTP Cookie,bench_new_T3_15364,,365,TRUE,http://www.CLIENT_X.dk/,Existing CM Trackers-Found,,,,,
cdn-scripts.signifyd.com,Essential cookies,Signifyd,JavaScript,bench_new_T3_14920,,,TRUE,http://www.CLIENT_X.dk/,Existing CM Trackers-Found,,,,,
CLIENT_X.dk,Essential cookies,CLIENT_X - Denmark,HTTP Cookie,_ga_failed_lookup_marker_9_1496,,400,TRUE,https://www.CLIENT_X.dk/a-w/about,Existing CM Trackers-Found,,,,,
CLIENT_X.com,Essential cookies,Koninklijke CLIENT_X N.V.,HTTP Cookie,bench_new_T3_15543,,,,,Existing CM Trackers-Not Found,,,,,
www.CLIENT_X.com.sg,Essential cookies (exempt from consent),CLIENT_X - Singapore,HTTP Cookie,SG_Pub-cart-com,,,,,Existing CM Trackers-Not Found,,,,,
youtube.com,Targeted Advertising cookies (including social media),Google Advertising Products,Local Storage,bench_new_T3_14647,,,,,Existing CM Trackers-Not Found,,,,,
CLIENT_X.dk,Essential cookies,CLIENT_X - Denmark,HTTP Cookie,bench_new_T3_15645,,400,FALSE,https://www.CLIENT_X.dk/a-w/about,Existing CM Trackers-Found,,,,,
www.CLIENT_X.dk,Essential cookies,CLIENT_X - Denmark,HTTP Cookie,bench_new_T3_15776,,1,,http://www.CLIENT_X.dk/,New First Party Trackers,,,,,
www.tco.lighting.CLIENT_X.com,Performance cookies,Koninklijke CLIENT_X N.V.,JavaScript,bench_new_T3_15822,,,,,Existing CM Trackers-Not Found,,,,,
CLIENT_X.it,Essential cookies (exempt from consent),CLIENT_X - Italy,HTTP Cookie,_fbp,,400,TRUE,https://www.CLIENT_X.dk/a-w/about,Existing CM Trackers-Found,,,,,
casalemedia.com,Targeted Advertising cookies (including social media),Index Exchange Inc.,HTTP Cookie,_ga_failed_lookup_marker_9_1504,,90,TRUE,https://www.CLIENT_X.dk/a-w/about,Existing CM Trackers-Found,,,,,
www.youtube.com,Targeted Advertising cookies (including social media),Google Advertising Products,JavaScript,_ga_failed_lookup_marker_9_1505,,,TRUE,https://www.CLIENT_X.dk/c-e/au/autolamper/artikler-om-biler.html,Existing CM Trackers-Found,,,,,
CLIENT_X.sk,Essential cookies (exempt from consent),CLIENT_X - Slovakia,HTTP Cookie,_fbp,,,TRUE,https://www.CLIENT_X.dk/myCLIENT_X#/register-new-product/form/SP9872_22,Existing CM Trackers-Found,,,,,
CLIENT_X.112.2o7.net,Performance cookies,"Adobe Audience Manager, Adobe Experience Cloud",HTTP Cookie,bench_new_T3_15683,,400,,https://www.CLIENT_X.dk/a-w/about,New Third Party Trackers,,,,,
CLIENT_X.co.za,Essential cookies (exempt from consent),CLIENT_X - South Africa,HTTP Cookie,s_cm,,bench_update_duration,,,Existing CM Trackers-Not Found,,,,,
CLIENT_X.dk,Essential cookies,CLIENT_X - Denmark,HTTP Cookie,_ga_failed_lookup_marker_9_1509,,,,,Existing CM Trackers-Not Found,,,,,
cdn.jsdelivr.net,Performance cookies,Volentio JSD Limited,ETag,bench_new_T3_14580,,,,,Existing CM Trackers-Not Found,,,,,
cdn.speedcurve.com,Performance cookies,Speedcurve,JavaScript,bench_new_T3_15865,,,,http://www.CLIENT_X.dk/,New Third Party Trackers,,,,,
cdn-scripts.signifyd.com,Essential cookies,Signifyd,JavaScript,bench_new_T3_14893,,,TRUE,http://www.CLIENT_X.dk/,Existing CM Trackers-Found,,,,,
apps.mypurecloud.de,Performance cookies,Genesys,JavaScript,bench_new_T3_14748,,,,,Existing CM Trackers-Not Found,,,,,
www.crsc.lighting.CLIENT_X.com,Performance cookies,Signify (formerly CLIENT_X Lighting),ETag,bench_new_T3_14793,,,,,Existing CM Trackers-Not Found,,,,,
www.lighting.CLIENT_X.fr,Essential cookies (exempt from consent),Signify (formerly CLIENT_X Lighting),HTTP Cookie,AWSELB,,0,TRUE,http://www.CLIENT_X.dk/,Existing CM Trackers-Found,,,,,
stats.g.doubleclick.net,Targeted Advertising cookies (including social media),Google Advertising Products,Beacon,bench_new_T3_15568,,,TRUE,http://www.CLIENT_X.dk/,Existing CM Trackers-Found,,,,,
CLIENT_X.dk,Essential cookies,CLIENT_X - Denmark,HTTP Cookie,_ga_failed_lookup_marker_9_1517,,365,TRUE,https://www.CLIENT_X.dk/a-w/about,Existing CM Trackers-Found,,,,,
*.mktoweb.com,Targeted Advertising cookies (including social media),Marketo,ETag,bench_new_T3_15183,,,,,Existing CM Trackers-Not Found,,,,,
cdn-scripts.signifyd.com,Essential cookies,Signifyd,ETag,_ga_failed_lookup_marker_9_1519,,,TRUE,http://www.CLIENT_X.dk/,Existing CM Trackers-Found,,,,,
i.ytimg.com,Targeted Advertising cookies (including social media),Google Inc.,ETag,bench_new_T3_15134,,,TRUE,https://www.CLIENT_X.dk/c-t/XC000002105/min-CLIENT_X-n%C3%A6seh%C3%A5rstrimmer-fungerer-ikke,Existing CM Trackers-Found,,,,,
casalemedia.com,Targeted Advertising cookies (including social media),Index Exchange Inc.,HTTP Cookie,bench_new_T3_15695,,90,TRUE,https://www.CLIENT_X.dk/a-w/about,Existing CM Trackers-Found,,,,,
CLIENT_X.dk,Essential cookies,CLIENT_X - Denmark,HTTP Cookie,bench_new_T3_15214,,session,TRUE,https://www.CLIENT_X.dk/a-w/about,Existing CM Trackers-Found,,,,,
linkedin.com,Targeted Advertising cookies (including social media),LinkedIn,HTTP Cookie,bench_new_T3_14400,,365,TRUE,https://www.CLIENT_X.dk/c-e/shop/ho/husholdning-bestsellere.html,Existing CM Trackers-Found,,,,,
assets.adobedtm.com,Performance cookies,Adobe Inc.,JavaScript,bench_new_T3_14857,,,TRUE,https://www.CLIENT_X.dk/shop/order-search/search-input,Existing CM Trackers-Found,,,,,
ssl-static.janraincapture.com,Performance cookies,Akamai,JavaScript,bench_new_T3_14524,,,TRUE,https://www.CLIENT_X.dk/myCLIENT_X#/register-new-product/form/SP9872_22,Existing CM Trackers-Found,,,,,
cdn.botframework.com,Performance cookies,Microsoft Bot Framework,ETag,bench_new_T3_15397,,,TRUE,https://www.CLIENT_X.dk/c-m-pe/tandborstehoveder/seneste,Existing CM Trackers-Found,,,,,
lighting.CLIENT_X.dk,Essential cookies,Signify (formerly CLIENT_X Lighting),HTTP Cookie,bench_new_T3_14466,,,,,Existing CM Trackers-Not Found,,,,,
assets.adobedtm.com,Performance cookies,Adobe Inc.,JavaScript,bench_new_T3_14740,,,TRUE,https://www.CLIENT_X.dk/shop/order-search/search-input,Existing CM Trackers-Found,,,,,
maps.googleapis.com,Performance cookies,Google Inc.,JavaScript,_ga_failed_lookup_marker_9_1529,,,TRUE,https://www.CLIENT_X.dk/c-m-au/autolamper/store-locator,Existing CM Trackers-Found,,,,,
www.CLIENT_X.de,Essential cookies (exempt from consent),CLIENT_X - Germany,HTTP Cookie,ws-active-shop,,,,,Existing CM Trackers-Not Found,,,,,
smetrics.marketing.lighting.CLIENT_X.com,Targeted Advertising cookies (including social media),Koninklijke CLIENT_X N.V.,JavaScript,_ga_failed_lookup_marker_9_1531,,,,,Existing CM Trackers-Not Found,,,,,
tag-logger.demandbase.com,Targeted Advertising cookies (including social media),"Demandbase, Inc.",ETag,bench_new_T3_14619,,,,https://www.CLIENT_X.dk/healthcare/medical-specialties/mother-and-child-care,New Third Party Trackers,,,,,
CLIENT_X.dk,Targeted Advertising cookies (including social media),CLIENT_X - Denmark,HTTP Cookie,bench_new_T3_15229,,7,TRUE,https://www.CLIENT_X.dk/a-w/about,Existing CM Trackers-Found,,,,,
www.google.com,Essential cookies,Google Inc.,HTTP Cookie,bench_new_T3_15357,,180,TRUE,https://www.CLIENT_X.dk/c-e/member,Existing CM Trackers-Found,,,,,
cdn-scripts.signifyd.com,Essential cookies,Signifyd,ETag,bench_new_T3_15805,,,TRUE,http://www.CLIENT_X.dk/,Existing CM Trackers-Found,,,,,
www.CLIENT_X.dk,Essential cookies,CLIENT_X - Denmark,HTTP Cookie,bench_new_T3_15020,,session,TRUE,http://www.CLIENT_X.dk/,Existing CM Trackers-Found,,,,,
cdn.botframework.com,Performance cookies,Microsoft Bot Framework,ETag,bench_new_T3_14852,,,TRUE,https://www.CLIENT_X.dk/c-m-pe/tandborstehoveder/seneste,Existing CM Trackers-Found,,,,,
static.cloud.coveo.com,Targeted Advertising cookies (including social media),Coveo Solutions Inc.,JavaScript,bench_new_T3_15992,,,TRUE,https://www.CLIENT_X.dk/c-p/HX9992_12/sonicare-9900-prestige-elektrisk-tandborste-med-senseiq,Existing CM Trackers-Found,,,,,
h64.online-metrix.net,Performance cookies,LexisNexis Risk Solutions (formerly ThreatMetrix),JavaScript,bench_new_T3_14667,,,TRUE,https://www.CLIENT_X.dk/c-p/LUMUD1004WX1_10/-,Existing CM Trackers-Found,,,,,
CLIENT_X.dk,Essential cookies,CLIENT_X - Denmark,HTTP Cookie,bench_new_T3_15272,,,,,Existing CM Trackers-Not Found,,,,,
sc-static.net,Targeted Advertising cookies (including social media),Snap Inc.,HTTP Cookie,bench_new_T3_15511,,1,TRUE,https://www.CLIENT_X.dk/c-e/shop/ho/husholdning-bestsellere.html,Existing CM Trackers-Found,,,,,
imgs.signifyd.com,Essential cookies,Signifyd,Local Storage,_ga_failed_lookup_marker_9_1542,,,TRUE,https://www.CLIENT_X.dk/,Existing CM Trackers-Found,,,,,
h.online-metrix.net,Performance cookies,LexisNexis Risk Solutions (formerly ThreatMetrix),Beacon,bench_new_T3_15076,,,TRUE,http://www.CLIENT_X.dk/,Existing CM Trackers-Found,,,,,
CLIENT_X.dk,Essential cookies,CLIENT_X - Denmark,HTTP Cookie,bench_new_T3_15943,,400,TRUE,https://www.CLIENT_X.dk/a-w/about,Existing CM Trackers-Found,,,,,
code.jquery.com,Performance cookies,jQuery,JavaScript,bench_new_T3_14468,,,,,Existing CM Trackers-Not Found,,,,,
www.google.com,Essential cookies,Google Inc.,HTTP Cookie,bench_new_T3_14706,,180,TRUE,https://www.CLIENT_X.dk/c-e/member,Existing CM Trackers-Found,,,,,
assets-v2.yieldify.com,Targeted Advertising cookies (including social media),Yieldify,ETag,bench_new_T3_14938,,,,,Existing CM Trackers-Not Found,,,,,
sc-static.net,Targeted Advertising cookies (including social media),Snap Inc.,HTTP Cookie,bench_new_T3_14710,,1,TRUE,https://www.CLIENT_X.dk/c-e/shop/ho/husholdning-bestsellere.html,Existing CM Trackers-Found,,,,,
www.crsc.CLIENT_X.com,Targeted Advertising cookies (including social media),Koninklijke CLIENT_X N.V.,JavaScript,bench_new_T3_15761,,,TRUE,https://www.CLIENT_X.dk/shop/order-search/search-input,Existing CM Trackers-Found,,,,,
h64.online-metrix.net,Performance cookies,LexisNexis Risk Solutions (formerly ThreatMetrix),Beacon,bench_new_T3_15633,,,TRUE,http://www.CLIENT_X.dk/,Existing CM Trackers-Found,,,,,
www.CLIENT_X.dk,Essential cookies,CLIENT_X - Denmark,HTTP Cookie,bench_new_T3_15993,,,,,Existing CM Trackers-Not Found,,,,,
td.yieldify.com,Targeted Advertising cookies (including social media),Yieldify,ETag,bench_new_T3_15257,,,TRUE,https://www.CLIENT_X.dk/c-m-au/autolamper/signal-og-interior-belysning/seneste,Existing CM Trackers-Found,,,,,
assets.adoberesources.net,Performance cookies,Adobe Inc.,ETag,bench_new_T3_14497,,,,,Existing CM Trackers-Not Found,,,,,
CLIENT_X.dk,Essential cookies,CLIENT_X - Denmark,HTTP Cookie,bench_new_T3_15892,,365,TRUE,https://www.CLIENT_X.dk/a-w/about,Existing CM Trackers-Found,,,,,
versuni.scene7.com,Performance cookies,Adobe Experience Cloud - Experience Manager,JavaScript,bench_new_T3_14564,,,,,Existing CM Trackers-Not Found,,,,,
www.tco.lighting.CLIENT_X.com,Performance cookies,Koninklijke CLIENT_X N.V.,JavaScript,bench_new_T3_14773,,,,,Existing CM Trackers-Not Found,,,,,
www.googleadservices.com,Targeted Advertising cookies (including social media),Google Advertising Products,JavaScript,bench_new_T3_14787,,,,,Existing CM Trackers-Not Found,,,,,
www.lighting.CLIENT_X.dk,Essential cookies,Signify (formerly CLIENT_X Lighting),HTTP Cookie,bench_new_T3_15775,,,,,Existing CM Trackers-Not Found,,,,,
CLIENT_X.dk,Essential cookies,CLIENT_X - Denmark,HTTP Cookie,bench_new_T3_15576,,,,,Existing CM Trackers-Not Found,,,,,
pages.information.signify.com,Performance cookies,Signify (formerly CLIENT_X Lighting),HTTP Cookie,bench_new_T3_15763,,,,,Existing CM Trackers-Not Found,,,,,
www.google.com,Targeted Advertising cookies (including social media),Google Inc.,JavaScript,bench_new_T3_15708,,,TRUE,https://www.CLIENT_X.dk/healthcare/?FormType=MarketingInquiry,Existing CM Trackers-Found,,,,,
consent-pref.trustarc.com,Essential cookies,TrustArc,JavaScript,bench_new_T3_14998,,,TRUE,http://www.CLIENT_X.dk/,Existing CM Trackers-Found,,,,,
www.CLIENT_X.gr,Essential cookies (exempt from consent),CLIENT_X - Greece,HTTP Cookie,notice_settings,,,,,Existing CM Trackers-Not Found,,,,,
CLIENT_X.dk,Essential cookies,CLIENT_X - Denmark,HTTP Cookie,bench_new_T3_14726,,393,TRUE,https://www.CLIENT_X.dk/a-w/about,Existing CM Trackers-Found,,,,,
www.googleadservices.com,Targeted Advertising cookies (including social media),Google Advertising Products,Beacon,_ga_failed_lookup_marker_9_1565,,,,,Existing CM Trackers-Not Found,,,,,
youtube.com,Targeted Advertising cookies (including social media),Google Advertising Products,HTTP Cookie,bench_new_T3_15036,,180,,https://www.CLIENT_X.dk/c-e/au/autolamper/artikler-om-biler.html,New Third Party Trackers,,,,,
CLIENT_X.112.2o7.net,Performance cookies,"Adobe Audience Manager, Adobe Experience Cloud",Beacon,bench_new_T3_15062,,,TRUE,http://www.CLIENT_X.dk/,Existing CM Trackers-Found,,,,,
beacon.speedcurve.com,Performance cookies,Speedcurve,Beacon,bench_new_T3_15622,,,,https://www.CLIENT_X.dk/c-e/become-product-tester.html,New Third Party Trackers,,,,,
imgs.signifyd.com,Essential cookies,Signifyd,HTTP Cookie,bench_new_T3_15675,,390,TRUE,https://www.CLIENT_X.dk/,Existing CM Trackers-Found,,,,,
CLIENT_X.dk,Essential cookies,CLIENT_X - Denmark,HTTP Cookie,bench_new_T3_14815,,400,TRUE,https://www.CLIENT_X.dk/a-w/about,Existing CM Trackers-Found,,,,,
www.CLIENT_X.dk,Essential cookies,CLIENT_X - Denmark,HTTP Cookie,bench_new_T3_15085,,,,,Existing CM Trackers-Not Found,,,,,
static.cloud.coveo.com,Targeted Advertising cookies (including social media),Coveo Solutions Inc.,JavaScript,bench_new_T3_14543,,,TRUE,https://www.CLIENT_X.dk/c-p/HX9992_12/sonicare-9900-prestige-elektrisk-tandborste-med-senseiq,Existing CM Trackers-Found,,,,,
versuni.scene7.com,Performance cookies,Adobe Experience Cloud - Experience Manager,ETag,bench_new_T3_14672,,,,,Existing CM Trackers-Not Found,,,,,
versuni.scene7.com,Performance cookies,Adobe Experience Cloud - Experience Manager,ETag,bench_new_T3_15210,,,,,Existing CM Trackers-Not Found,,,,,
supurgesepeti.com,Essential cookies (exempt from consent),Supurgesepeti.com,HTTP Cookie,_fbp,,90,TRUE,https://www.CLIENT_X.dk/a-w/about,Existing CM Trackers-Found,,,,,
www.patientcare.shop.CLIENT_X.co.in,Essential cookies (exempt from consent),CLIENT_X - India,HTTP Cookie,pcms-CLIENT_X-in-cart,,bench_update_duration,,,Existing CM Trackers-Not Found,,,,,
www.CLIENT_X.dk,Essential cookies,CLIENT_X - Denmark,HTTP Cookie,bench_new_T3_15502,,session,TRUE,http://www.CLIENT_X.dk/,Existing CM Trackers-Found,,,,,
www.lighting.CLIENT_X.no,Essential cookies (exempt from consent),Signify (formerly CLIENT_X Lighting),HTTP Cookie,AWSELB,,bench_update_duration,,,Existing CM Trackers-Not Found,,,,,
pagead2.googlesyndication.com,Targeted Advertising cookies (including social media),Google Advertising Products,Beacon,bench_new_T3_15612,,,,,Existing CM Trackers-Not Found,,,,,
h.online-metrix.net,Performance cookies,LexisNexis Risk Solutions (formerly ThreatMetrix),Beacon,bench_new_T3_15660,,,TRUE,http://www.CLIENT_X.dk/,Existing CM Trackers-Found,,,,,
www.CLIENT_X.dk,Essential cookies,CLIENT_X - Denmark,Beacon,bench_new_T3_15831,,,TRUE,https://www.CLIENT_X.dk/myCLIENT_X#/register-new-product/form/SP9872_22,Existing CM Trackers-Found,,,,,
www.conversiontool.lighting.CLIENT_X.com,Targeted Advertising cookies (including social media),Signify (formerly CLIENT_X Lighting),JavaScript,bench_new_T3_15251,,,,,Existing CM Trackers-Not Found,,,,,
CLIENT_X.dk,Essential cookies,CLIENT_X - Denmark,HTTP Cookie,bench_new_T3_15484,,,,,Existing CM Trackers-Not Found,,,,,
www.googletagmanager.com,Performance cookies,Google Inc.,Beacon,bench_new_T3_14891,,,TRUE,https://www.CLIENT_X.dk/c-m-au/motorcykellygter,Existing CM Trackers-Found,,,,,
linkedin.com,Targeted Advertising cookies (including social media),LinkedIn,HTTP Cookie,bench_new_T3_15368,,365,TRUE,https://www.CLIENT_X.dk/c-e/shop/ho/husholdning-bestsellere.html,Existing CM Trackers-Found,,,,,
www.googletagmanager.com,Performance cookies,Google Inc.,Beacon,bench_new_T3_15710,,,TRUE,https://www.CLIENT_X.dk/c-m-au/motorcykellygter,Existing CM Trackers-Found,,,,,
CLIENT_Xb2c.my.site.com,Performance cookies,"Salesforce.com, Inc.",JavaScript,_ga_failed_lookup_marker_9_1587,,,TRUE,https://www.CLIENT_X.dk/c-w/support-home/kontakt-os.html,Existing CM Trackers-Found,,,,,
fonts.yieldify-production.com,Targeted Advertising cookies (including social media),Yieldify,ETag,bench_new_T3_15157,,,,,Existing CM Trackers-Not Found,,,,,
www.CLIENT_X.fi,Essential cookies (exempt from consent),CLIENT_X - Finland,HTTP Cookie,AWSELB,,bench_update_duration,TRUE,http://www.CLIENT_X.dk/,Existing CM Trackers-Found,,,,,
tracker-detail-page.trustarc.com,Essential cookies,TrustArc,ETag,bench_new_T3_15035,,,,https://www.CLIENT_X.dk/a-w/politik-vedr-cookies,New Third Party Trackers,,,,,
www.CLIENT_X.dk,Essential cookies,CLIENT_X - Denmark,Beacon,bench_new_T3_15921,,,TRUE,https://www.CLIENT_X.dk/myCLIENT_X#/register-new-product/form/SP9872_22,Existing CM Trackers-Found,,,,,
tiktok.com,Targeted Advertising cookies (including social media),TikTok,HTTP Cookie,bench_new_T3_14861,,90,TRUE,https://www.CLIENT_X.dk/a-w/about,Existing CM Trackers-Found,,,,,
www.CLIENT_X.com.co,Essential cookies (exempt from consent),CLIENT_X - Colombia,HTTP Cookie,p-hc-specialty,,bench_update_duration,FALSE,https://www.CLIENT_X.dk/a-w/about,Existing CM Trackers-Found,,,,,
www.CLIENT_X.dk,Essential cookies,CLIENT_X - Denmark,HTTP Cookie,bench_new_T3_15442,,365,TRUE,http://www.CLIENT_X.dk/,Existing CM Trackers-Found,,,,,
youtube.com,Targeted Advertising cookies (including social media),Google Advertising Products,Local Storage,bench_new_T3_14957,,,,,Existing CM Trackers-Not Found,,,,,
www.CLIENT_X.dk,Essential cookies,CLIENT_X - Denmark,HTTP Cookie,bench_new_T3_14474,,365,TRUE,http://www.CLIENT_X.dk/,Existing CM Trackers-Found,,,,,
apps.mypurecloud.de,Performance cookies,Genesys,JavaScript,bench_new_T3_14530,,,,,Existing CM Trackers-Not Found,,,,,
CLIENT_X.dk,Essential cookies,CLIENT_X - Denmark,HTTP Cookie,bench_new_T3_15606,,session,TRUE,https://www.CLIENT_X.dk/a-w/about,Existing CM Trackers-Found,,,,,
www.CLIENT_X.dk,Essential cookies,CLIENT_X - Denmark,HTTP Cookie,bench_new_T3_14460,,14,,http://www.CLIENT_X.dk/,New First Party Trackers,,,,,
fonts.yieldify-production.com,Targeted Advertising cookies (including social media),Yieldify,ETag,bench_new_T3_14786,,,,,Existing CM Trackers-Not Found,,,,,
pagead2.googlesyndication.com,Targeted Advertising cookies (including social media),Google Advertising Products,Beacon,bench_new_T3_14519,,,,,Existing CM Trackers-Not Found,,,,,
*.online-metrix.net,Performance cookies,LexisNexis Risk Solutions (formerly ThreatMetrix),JavaScript,bench_new_T3_14760,,,,https://www.CLIENT_X.dk/c-p/LUMUD1004WX1_10/-,Existing CM Trackers-Found,,,,,
www.CLIENT_X.dk,Essential cookies,CLIENT_X - Denmark,HTTP Cookie,bench_new_T3_15128,,session,TRUE,http://www.CLIENT_X.dk/,Existing CM Trackers-Found,,,,,
www.crsc.lighting.CLIENT_X.com,Performance cookies,Signify (formerly CLIENT_X Lighting),JavaScript,bench_new_T3_14831,,,,,Existing CM Trackers-Not Found,,,,,
CLIENT_X.dk,Essential cookies,CLIENT_X - Denmark,HTTP Cookie,bench_new_T3_15581,,365,TRUE,https://www.CLIENT_X.dk/a-w/about,Existing CM Trackers-Found,,,,,
CLIENT_X.nl,Essential cookies (exempt from consent),CLIENT_X - Netherlands,HTTP Cookie,RT,,bench_update_duration,TRUE,https://www.CLIENT_X.dk/myCLIENT_X#/register-new-product/form/SP9872_22,Existing CM Trackers-Found,,,,,
img.en25.com,Targeted Advertising cookies (including social media),Oracle Marketing,JavaScript,bench_new_T3_15668,,,TRUE,https://www.CLIENT_X.dk/healthcare/e/sleep/communications/src-update,Existing CM Trackers-Found,,,,,
www.crsc.CLIENT_X.com,Targeted Advertising cookies (including social media),Koninklijke CLIENT_X N.V.,ETag,bench_new_T3_15532,,,TRUE,https://www.CLIENT_X.dk/shop/order-search/search-input,Existing CM Trackers-Found,,,,,
www.CLIENT_X.dk,Essential cookies,CLIENT_X - Denmark,HTTP Cookie,bench_new_T3_14886,,session,,http://www.CLIENT_X.dk/,New First Party Trackers,,,,,
www.googleadservices.com,Targeted Advertising cookies (including social media),Google Advertising Products,JavaScript,bench_new_T3_14683,,,,,Existing CM Trackers-Not Found,,,,,
CLIENT_X.dk,Essential cookies,CLIENT_X - Denmark,HTTP Cookie,bench_new_T3_14528,,,,,Existing CM Trackers-Not Found,,,,,
koninklijkeCLIENT_Xnvproduction2k8xfrmr.analytics.org.coveo.com,Performance cookies,Coveo Solutions Inc.,Beacon,bench_new_T3_15503,,,TRUE,https://www.CLIENT_X.dk/c-p/HX9992_12/sonicare-9900-prestige-elektrisk-tandborste-med-senseiq,Existing CM Trackers-Found,,,,,
www.subskrypcje.CLIENT_X.pl,Essential cookies (exempt from consent),CLIENT_X - Poland,HTTP Cookie,eddl_gtm_qe_session_start_6523424625,,,TRUE,https://www.CLIENT_X.dk/shop/order-search/search-input,Existing CM Trackers-Found,,,,,
CLIENT_X.pl,Essential cookies (exempt from consent),CLIENT_X - Poland,HTTP Cookie,s_cc,,bench_update_duration,TRUE,http://www.CLIENT_X.dk/,Existing CM Trackers-Found,,,,,
smetrics.marketing.lighting.CLIENT_X.com,Targeted Advertising cookies (including social media),Koninklijke CLIENT_X N.V.,JavaScript,bench_new_T3_15202,,,,,Existing CM Trackers-Not Found,,,,,
CLIENT_X.dk,Essential cookies,CLIENT_X - Denmark,HTTP Cookie,bench_new_T3_14469,,,,,Existing CM Trackers-Not Found,,,,,
*.mktoweb.com,Targeted Advertising cookies (including social media),Marketo,JavaScript,bench_new_T3_15707,,,,,Existing CM Trackers-Not Found,,,,,
CLIENT_X.dk,Essential cookies,CLIENT_X - Denmark,HTTP Cookie,bench_new_T3_15100,,,,,Existing CM Trackers-Not Found,,,,,
imgs.signifyd.com,Essential cookies,Signifyd,HTTP Cookie,bench_new_T3_15162,,390,TRUE,https://www.CLIENT_X.dk/,Existing CM Trackers-Found,,,,,
pages.information.signify.com,Performance cookies,Signify (formerly CLIENT_X Lighting),Local Storage,bench_new_T3_15451,,,,,Existing CM Trackers-Not Found,,,,,
CLIENT_Xb2c.my.site.com,Performance cookies,"Salesforce.com, Inc.",JavaScript,bench_new_T3_15998,,,TRUE,https://www.CLIENT_X.dk/c-w/support-home/kontakt-os.html,Existing CM Trackers-Found,,,,,
www.CLIENT_X.dk,Essential cookies,CLIENT_X - Denmark,HTTP Cookie,bench_new_T3_15636,,7,,http://www.CLIENT_X.dk/,New First Party Trackers,,,,,
lux.speedcurve.com,Performance cookies,Speedcurve,JavaScript,_ga_failed_lookup_marker_9_1623,,,,https://www.CLIENT_X.dk/healthcare/enterprise-solutions/orthopedic-surgery-solutions,New Third Party Trackers,,,,,
www.CLIENT_X.co.in,Essential cookies (exempt from consent),CLIENT_X - India,HTTP Cookie,kampyleUserPercentile,,bench_update_duration,,,Existing CM Trackers-Not Found,,,,,
www.docs.lighting.CLIENT_X.com,Performance cookies,Signify (formerly CLIENT_X Lighting),JavaScript,_ga_failed_lookup_marker_9_1625,,,,,Existing CM Trackers-Not Found,,,,,
sc-static.net,Targeted Advertising cookies (including social media),Snap Inc.,JavaScript,bench_new_T3_14798,,,TRUE,https://www.CLIENT_X.dk/c-e/shop/ho/household-refurbished-shop.html,Existing CM Trackers-Found,,,,,
www.lighting.CLIENT_X.com.tw,Essential cookies (exempt from consent),Signify (formerly CLIENT_X Lighting),HTTP Cookie,d01-layout,,,,,Existing CM Trackers-Not Found,,,,,
cdn-scripts.signifyd.com,Essential cookies,Signifyd,JavaScript,_ga_failed_lookup_marker_9_1628,,,TRUE,http://www.CLIENT_X.dk/,Existing CM Trackers-Found,,,,,
CLIENT_X.sa,Essential cookies (exempt from consent),CLIENT_X - Kingdom of Saudi Arabia,HTTP Cookie,s_vtime,,,TRUE,http://www.CLIENT_X.dk/,Existing CM Trackers-Found,,,,,
consent.trustarc.com,Essential cookies,TrustArc,Beacon,bench_new_T3_15154,,,TRUE,http://www.CLIENT_X.dk/,Existing CM Trackers-Found,,,,,
lighting.CLIENT_X.dk,Essential cookies,Signify (formerly CLIENT_X Lighting),HTTP Cookie,bench_new_T3_15938,,,,,Existing CM Trackers-Not Found,,,,,
www.lighting.CLIENT_X.dk,Essential cookies,Signify (formerly CLIENT_X Lighting),ETag,bench_new_T3_15626,,,,,Existing CM Trackers-Not Found,,,,,
CLIENT_X.dk,Essential cookies,CLIENT_X - Denmark,HTTP Cookie,_ga_failed_lookup_marker_9_1633,,,,,Existing CM Trackers-Not Found,,,,,
tags.creativecdn.com,Targeted Advertising cookies (including social media),RTB House S.A.,JavaScript,bench_new_T3_15937,,,,,Existing CM Trackers-Not Found,,,,,
CLIENT_Xb2c.my.site.com,Performance cookies,"Salesforce.com, Inc.",Beacon,_ga_failed_lookup_marker_9_1635,,,TRUE,https://www.CLIENT_X.dk/c-w/support-home/kontakt-os.html,Existing CM Trackers-Found,,,,,
imgs.signifyd.com,Essential cookies,Signifyd,Beacon,bench_new_T3_14780,,,TRUE,http://www.CLIENT_X.dk/,Existing CM Trackers-Found,,,,,
youtube.com,Targeted Advertising cookies (including social media),Google Advertising Products,HTTP Cookie,bench_new_T3_14430,,180,,https://www.CLIENT_X.dk/c-e/au/autolamper/artikler-om-biler.html,New Third Party Trackers,,,,,
www.lighting.CLIENT_X.dk,Essential cookies,Signify (formerly CLIENT_X Lighting),JavaScript,bench_new_T3_14569,,,,,Existing CM Trackers-Not Found,,,,,
sc-static.net,Targeted Advertising cookies (including social media),Snap Inc.,JavaScript,bench_new_T3_14433,,,TRUE,https://www.CLIENT_X.dk/c-e/shop/ho/household-refurbished-shop.html,Existing CM Trackers-Found,,,,,
smetrics.marketing.CLIENT_X-hue.com,Targeted Advertising cookies (including social media),CLIENT_X Hue,JavaScript,bench_new_T3_15067,,,,,Existing CM Trackers-Not Found,,,,,
www.docs.lighting.CLIENT_X.com,Performance cookies,Signify (formerly CLIENT_X Lighting),ETag,bench_new_T3_14516,,,,,Existing CM Trackers-Not Found,,,,,
CLIENT_X.com,Essential cookies,Koninklijke CLIENT_X N.V.,HTTP Cookie,bench_new_T3_15559,,,,,Existing CM Trackers-Not Found,,,,,
casalemedia.com,Targeted Advertising cookies (including social media),Index Exchange Inc.,HTTP Cookie,bench_new_T3_15370,,90,TRUE,https://www.CLIENT_X.dk/a-w/about,Existing CM Trackers-Found,,,,,
h64.online-metrix.net,Performance cookies,LexisNexis Risk Solutions (formerly ThreatMetrix),Beacon,bench_new_T3_15506,,,TRUE,http://www.CLIENT_X.dk/,Existing CM Trackers-Found,,,,,
tr.snapchat.com,Targeted Advertising cookies (including social media),Snap Inc.,JavaScript,bench_new_T3_14499,,,TRUE,https://www.CLIENT_X.dk/c-m-ho/badevaerelselosninger,Existing CM Trackers-Found,,,,,
www.CLIENT_X.dk,Essential cookies,CLIENT_X - Denmark,HTTP Cookie,bench_new_T3_14674,,,,,Existing CM Trackers-Not Found,,,,,
CLIENT_X.dk,Essential cookies,CLIENT_X - Denmark,HTTP Cookie,bench_new_T3_15361,,,,,Existing CM Trackers-Not Found,,,,,
koninklijkeCLIENT_Xnvproduction2k8xfrmr.analytics.org.coveo.com,Performance cookies,Coveo Solutions Inc.,Beacon,bench_new_T3_14540,,,TRUE,https://www.CLIENT_X.dk/c-p/HX9992_12/sonicare-9900-prestige-elektrisk-tandborste-med-senseiq,Existing CM Trackers-Found,,,,,
ad.doubleclick.net,Targeted Advertising cookies (including social media),Google Advertising Products,Beacon,bench_new_T3_15459,,,TRUE,http://www.CLIENT_X.dk/,Existing CM Trackers-Found,,,,,
stg.CLIENT_X.ro,Essential cookies (exempt from consent),CLIENT_X - Romania,HTTP Cookie,notice_settings,,bench_update_duration,TRUE,https://www.CLIENT_X.dk/c-e/au/autolamper/artikler-om-biler.html,Existing CM Trackers-Found,,,,,
CLIENT_X.dk,Performance cookies,CLIENT_X - Denmark,HTTP Cookie,bench_new_T3_14475,,session,TRUE,https://www.CLIENT_X.dk/a-w/about,Existing CM Trackers-Found,,,,,
CLIENT_X.com.au,Essential cookies (exempt from consent),CLIENT_X - Australia,HTTP Cookie,notice_behavior,,0,TRUE,https://www.CLIENT_X.dk/a-w/about,Existing CM Trackers-Found,,,,,
CLIENT_X.dk,Essential cookies,CLIENT_X - Denmark,HTTP Cookie,bench_new_T3_15814,,,,,Existing CM Trackers-Not Found,,,,,
CLIENT_X.dk,Essential cookies,CLIENT_X - Denmark,HTTP Cookie,bench_new_T3_15362,,session,TRUE,https://www.CLIENT_X.dk/a-w/about,Existing CM Trackers-Found,,,,,
CLIENT_X.dk,Essential cookies,CLIENT_X - Denmark,HTTP Cookie,bench_new_T3_14544,,393,TRUE,https://www.CLIENT_X.dk/a-w/about,Existing CM Trackers-Found,,,,,
CLIENT_X.at,Essential cookies (exempt from consent),CLIENT_X - Austria,HTTP Cookie,TEST_AMCV_COOKIE_WRITE,,729,TRUE,https://www.CLIENT_X.dk/c-m-pe/tandborstehoveder/seneste,Existing CM Trackers-Found,,,,,
munchkin.marketo.net,Targeted Advertising cookies (including social media),Marketo,ETag,bench_new_T3_15143,,,,,Existing CM Trackers-Not Found,,,,,
connect.facebook.net,Targeted Advertising cookies (including social media),Meta (formerly Facebook),Beacon,bench_new_T3_15920,,,TRUE,https://www.CLIENT_X.dk/c-m-pe/harpleje/hartorrere,Existing CM Trackers-Found,,,,,
www.CLIENT_X.dk,Essential cookies,CLIENT_X - Denmark,HTTP Cookie,_ga_failed_lookup_marker_9_1659,,session,TRUE,http://www.CLIENT_X.dk/,Existing CM Trackers-Found,,,,,
cdn.channelsight.com,Essential cookies,ChannelSight,ETag,bench_new_T3_14994,,,TRUE,https://www.CLIENT_X.dk/c-e/so/skaerme/professionel-brug.html,Existing CM Trackers-Found,,,,,
CLIENT_X.dk,Essential cookies,CLIENT_X - Denmark,HTTP Cookie,bench_new_T3_15566,,365,TRUE,https://www.CLIENT_X.dk/a-w/about,Existing CM Trackers-Found,,,,,
CLIENT_Xb2c.my.site.com,Performance cookies,"Salesforce.com, Inc.",Local Storage,bench_new_T3_15312,,,TRUE,https://www.CLIENT_X.dk/c-w/support-home/kontakt-os.html,Existing CM Trackers-Found,,,,,
CLIENT_X.dk,Essential cookies,CLIENT_X - Denmark,HTTP Cookie,bench_new_T3_15777,,0,TRUE,https://www.CLIENT_X.dk/a-w/about,Existing CM Trackers-Found,,,,,
h.online-metrix.net,Performance cookies,LexisNexis Risk Solutions (formerly ThreatMetrix),Beacon,bench_new_T3_15226,,,TRUE,http://www.CLIENT_X.dk/,Existing CM Trackers-Found,,,,,
beacon.speedcurve.com,Performance cookies,Speedcurve,Beacon,bench_new_T3_14752,,,,https://www.CLIENT_X.dk/c-e/become-product-tester.html,New Third Party Trackers,,,,,
tracker-detail-page.trustarc.com,Essential cookies,TrustArc,ETag,bench_new_T3_15724,,,,https://www.CLIENT_X.dk/a-w/politik-vedr-cookies,New Third Party Trackers,,,,,
CLIENT_X.dk,Essential cookies,CLIENT_X - Denmark,HTTP Cookie,bench_new_T3_15232,,90,TRUE,https://www.CLIENT_X.dk/a-w/about,Existing CM Trackers-Found,,,,,
dsum-sec.casalemedia.com,Targeted Advertising cookies (including social media),Index Exchange Inc.,Beacon,bench_new_T3_15220,,,TRUE,https://www.CLIENT_X.dk/a-w/about,Existing CM Trackers-Found,,,,,
CLIENT_X.dk,Essential cookies,CLIENT_X - Denmark,HTTP Cookie,bench_new_T3_14455,,400,FALSE,https://www.CLIENT_X.dk/a-w/about,Existing CM Trackers-Found,,,,,
img.en25.com,Targeted Advertising cookies (including social media),Oracle Marketing,JavaScript,bench_new_T3_15859,,,TRUE,https://www.CLIENT_X.dk/healthcare/e/sleep/communications/src-update,Existing CM Trackers-Found,,,,,
d.la1-c2-par.salesforceliveagent.com,Performance cookies,"salesforce.com, inc.",JavaScript,bench_new_T3_15627,,,,,Existing CM Trackers-Not Found,,,,,
ssl-static.janraincapture.com,Performance cookies,Akamai,JavaScript,bench_new_T3_14604,,,TRUE,https://www.CLIENT_X.dk/myCLIENT_X#/register-new-product/form/SP9872_22,Existing CM Trackers-Found,,,,,
c.la1-c2-par.salesforceliveagent.com,Performance cookies,"salesforce.com, inc.",JavaScript,_ga_failed_lookup_marker_9_1673,,,,,Existing CM Trackers-Not Found,,,,,
cdn.channelsight.com,Essential cookies,ChannelSight,ETag,bench_new_T3_14887,,,TRUE,https://www.CLIENT_X.dk/c-e/so/skaerme/professionel-brug.html,Existing CM Trackers-Found,,,,,
CLIENT_X.dk,Essential cookies,CLIENT_X - Denmark,HTTP Cookie,bench_new_T3_14552,,0,TRUE,https://www.CLIENT_X.dk/a-w/about,Existing CM Trackers-Found,,,,,
CLIENT_Xb2c.my.site.com,Performance cookies,"Salesforce.com, Inc.",Beacon,bench_new_T3_14834,,,TRUE,https://www.CLIENT_X.dk/c-w/support-home/kontakt-os.html,Existing CM Trackers-Found,,,,,
youtube.com,Targeted Advertising cookies (including social media),Google Advertising Products,HTTP Cookie,bench_new_T3_15188,,180,TRUE,https://www.CLIENT_X.dk/c-e/au/autolamper/artikler-om-biler.html,Existing CM Trackers-Found,,,,,
www.lampreplacementtool.CLIENT_X.com,Essential cookies,Koninklijke CLIENT_X N.V.,ETag,bench_new_T3_14405,,,,,Existing CM Trackers-Not Found,,,,,
www.lighting.CLIENT_X.dk,Essential cookies,Signify (formerly CLIENT_X Lighting),HTTP Cookie,bench_new_T3_15670,,,,,Existing CM Trackers-Not Found,,,,,
CLIENT_X.dk,Essential cookies,CLIENT_X - Denmark,HTTP Cookie,bench_new_T3_15335,,,,,Existing CM Trackers-Not Found,,,,,
www.documents.CLIENT_X.com,Targeted Advertising cookies (including social media),Koninklijke CLIENT_X N.V.,ETag,bench_new_T3_15322,,,,https://www.CLIENT_X.dk/healthcare/clinical-solutions/early-warning-scoring,New Third Party Trackers,,,,,
www.CLIENT_X.dk,Essential cookies,CLIENT_X - Denmark,HTTP Cookie,bench_new_T3_14937,,,,,Existing CM Trackers-Not Found,,,,,
casalemedia.com,Targeted Advertising cookies (including social media),Index Exchange Inc.,HTTP Cookie,bench_new_T3_15189,,365,TRUE,https://www.CLIENT_X.dk/a-w/about,Existing CM Trackers-Found,,,,,
sc-static.net,Targeted Advertising cookies (including social media),Snap Inc.,JavaScript,bench_new_T3_15048,,,TRUE,https://www.CLIENT_X.dk/c-e/shop/ho/household-refurbished-shop.html,Existing CM Trackers-Found,,,,,
www.lighting.CLIENT_X.dk,Essential cookies,Signify (formerly CLIENT_X Lighting),HTTP Cookie,bench_new_T3_15688,,,,,Existing CM Trackers-Not Found,,,,,
tiktok.com,Targeted Advertising cookies (including social media),TikTok,HTTP Cookie,bench_new_T3_14954,,90,TRUE,https://www.CLIENT_X.dk/a-w/about,Existing CM Trackers-Found,,,,,
consent-pref.trustarc.com,Essential cookies,TrustArc,JavaScript,bench_new_T3_15936,,,TRUE,http://www.CLIENT_X.dk/,Existing CM Trackers-Found,,,,,
CLIENT_X.dk,Essential cookies,CLIENT_X - Denmark,HTTP Cookie,bench_new_T3_15825,,365,TRUE,https://www.CLIENT_X.dk/a-w/about,Existing CM Trackers-Found,,,,,
CLIENT_X.dk,Essential cookies,CLIENT_X - Denmark,HTTP Cookie,bench_new_T3_15514,,,,,Existing CM Trackers-Not Found,,,,,
www.CLIENT_X.co.uk,Performance cookies,CLIENT_X - United Kingdom,ETag,bench_new_T3_15512,,,,,Existing CM Trackers-Not Found,,,,,
casalemedia.com,Targeted Advertising cookies (including social media),Index Exchange Inc.,HTTP Cookie,bench_new_T3_14541,,90,TRUE,https://www.CLIENT_X.dk/a-w/about,Existing CM Trackers-Found,,,,,
www.googleadservices.com,Targeted Advertising cookies (including social media),Google Advertising Products,ETag,bench_new_T3_15693,,,,,Existing CM Trackers-Not Found,,,,,
CLIENT_X.dk,Essential cookies,CLIENT_X - Denmark,HTTP Cookie,_ga_failed_lookup_marker_9_1693,,,,,Existing CM Trackers-Not Found,,,,,
CLIENT_X.si,Essential cookies (exempt from consent),CLIENT_X - Slovenia,HTTP Cookie,s_ugv,,bench_update_duration,TRUE,http://www.CLIENT_X.dk/,Existing CM Trackers-Found,,,,,
cdn.botframework.com,Performance cookies,Microsoft Bot Framework,ETag,bench_new_T3_15954,,,TRUE,https://www.CLIENT_X.dk/c-m-pe/tandborstehoveder/seneste,Existing CM Trackers-Found,,,,,
www.docs.lighting.CLIENT_X.com,Performance cookies,Signify (formerly CLIENT_X Lighting),ETag,bench_new_T3_15336,,,,,Existing CM Trackers-Not Found,,,,,
www.google.com,Targeted Advertising cookies (including social media),Google Inc.,JavaScript,bench_new_T3_15555,,,TRUE,https://www.CLIENT_X.dk/healthcare/?FormType=MarketingInquiry,Existing CM Trackers-Found,,,,,
cdn.mouseflow.com,Performance cookies,Mouseflow,JavaScript,bench_new_T3_14718,,,,https://www.CLIENT_X.dk/c-e/pe/mens-grooming-welcome.html,New Third Party Trackers,,,,,
www.CLIENT_X.com,Targeted Advertising cookies (including social media),Koninklijke CLIENT_X N.V.,ETag,bench_new_T3_14962,,,,https://www.CLIENT_X.dk/a-w/about/news/all-news.html,New Third Party Trackers,,,,,
www.documents.CLIENT_X.com,Targeted Advertising cookies (including social media),Koninklijke CLIENT_X N.V.,ETag,bench_new_T3_15460,,,,https://www.CLIENT_X.dk/healthcare/clinical-solutions/early-warning-scoring,New Third Party Trackers,,,,,
www.CLIENT_X-hue.com,Performance cookies,CLIENT_X Hue,ETag,bench_new_T3_14664,,,,,Existing CM Trackers-Not Found,,,,,
www.CLIENT_X.dk,Essential cookies,CLIENT_X - Denmark,HTTP Cookie,_ga_failed_lookup_marker_9_1702,,,,,Existing CM Trackers-Not Found,,,,,
www.googletagmanager.com,Performance cookies,Google Inc.,JavaScript,bench_new_T3_14533,,,TRUE,http://www.CLIENT_X.dk/,Existing CM Trackers-Found,,,,,
CLIENT_X.hr,Essential cookies (exempt from consent),CLIENT_X - Croatia,HTTP Cookie,mboxEdgeCluster,,bench_update_duration,TRUE,http://www.CLIENT_X.dk/,Existing CM Trackers-Found,,,,,
www.lighting.CLIENT_X.com,Performance cookies,Signify (formerly CLIENT_X Lighting),ETag,bench_new_T3_15793,,,,,Existing CM Trackers-Not Found,,,,,
www.CLIENT_X.dk,Essential cookies,CLIENT_X - Denmark,Beacon,bench_new_T3_14702,,,TRUE,https://www.CLIENT_X.dk/myCLIENT_X#/register-new-product/form/SP9872_22,Existing CM Trackers-Found,,,,,
youtube.com,Targeted Advertising cookies (including social media),Google Advertising Products,HTTP Cookie,bench_new_T3_15740,,session,TRUE,https://www.CLIENT_X.dk/c-e/au/autolamper/artikler-om-biler.html,Existing CM Trackers-Found,,,,,
CLIENT_X.dk,Essential cookies,CLIENT_X - Denmark,HTTP Cookie,bench_new_T3_14529,,session,TRUE,https://www.CLIENT_X.dk/a-w/about,Existing CM Trackers-Found,,,,,
www.crsc.CLIENT_X.com,Targeted Advertising cookies (including social media),Koninklijke CLIENT_X N.V.,JavaScript,bench_new_T3_15096,,,TRUE,https://www.CLIENT_X.dk/shop/order-search/search-input,Existing CM Trackers-Found,,,,,
js-agent.newrelic.com,Performance cookies,New Relic Inc.,ETag,bench_new_T3_15509,,,,,Existing CM Trackers-Not Found,,,,,
CLIENT_X.dk,Essential cookies,CLIENT_X - Denmark,Local Storage,bench_new_T3_14811,,,TRUE,https://www.CLIENT_X.dk/c-w/support-home/kontakt-os.html,Existing CM Trackers-Found,,,,,
CLIENT_X.dk,Essential cookies,CLIENT_X - Denmark,HTTP Cookie,bench_new_T3_14707,,365,TRUE,https://www.CLIENT_X.dk/a-w/about,Existing CM Trackers-Found,,,,,
www.CLIENT_X.co.za,Essential cookies (exempt from consent),CLIENT_X - South Africa,Local Storage,blank (local storage),,,,,Existing CM Trackers-Not Found,,,,,
www.docs.lighting.CLIENT_X.com,Performance cookies,Signify (formerly CLIENT_X Lighting),JavaScript,bench_new_T3_15546,,,,,Existing CM Trackers-Not Found,,,,,
*.en25.com,Targeted Advertising cookies (including social media),Oracle Marketing,JavaScript,bench_new_T3_15045,,,,https://www.CLIENT_X.dk/healthcare/e/sleep/communications/src-update,Existing CM Trackers-Found,,,,,
CLIENT_X.dk,Essential cookies,CLIENT_X - Denmark,HTTP Cookie,bench_new_T3_14804,,400,,https://www.CLIENT_X.dk/a-w/about,Existing CM Trackers-Found,,,,,
www.lighting.CLIENT_X.dk,Essential cookies,Signify (formerly CLIENT_X Lighting),HTTP Cookie,bench_new_T3_15063,,,,,Existing CM Trackers-Not Found,,,,,
connect.facebook.net,Targeted Advertising cookies (including social media),Meta (formerly Facebook),Beacon,bench_new_T3_14914,,,TRUE,https://www.CLIENT_X.dk/c-m-pe/harpleje/hartorrere,Existing CM Trackers-Found,,,,,
i.ytimg.com,Targeted Advertising cookies (including social media),Google Inc.,ETag,bench_new_T3_14511,,,TRUE,https://www.CLIENT_X.dk/c-t/XC000002105/min-CLIENT_X-n%C3%A6seh%C3%A5rstrimmer-fungerer-ikke,Existing CM Trackers-Found,,,,,
demdex.net,Targeted Advertising cookies (including social media),"Adobe Audience Manager, Adobe Experience Platform",HTTP Cookie,bench_new_T3_14411,,,,,Existing CM Trackers-Not Found,,,,,
*.mktoweb.com,Targeted Advertising cookies (including social media),Marketo,ETag,bench_new_T3_14723,,,,,Existing CM Trackers-Not Found,,,,,
cdn.jsdelivr.net,Performance cookies,Volentio JSD Limited,ETag,bench_new_T3_14721,,,,,Existing CM Trackers-Not Found,,,,,
www.documents.CLIENT_X.com,Targeted Advertising cookies (including social media),Koninklijke CLIENT_X N.V.,ETag,bench_new_T3_15852,,,,https://www.CLIENT_X.dk/healthcare/clinical-solutions/early-warning-scoring,New Third Party Trackers,,,,,
www.eu-west-1.api.CLIENT_X.com,Targeted Advertising cookies (including social media),Koninklijke CLIENT_X N.V.,Beacon,bench_new_T3_14570,,,,https://www.CLIENT_X.dk/c-e/shop/checkout,New Third Party Trackers,,,,,
CLIENT_X.dk,Essential cookies,CLIENT_X - Denmark,HTTP Cookie,_ga_failed_lookup_marker_9_1725,,,,,Existing CM Trackers-Not Found,,,,,
h64.online-metrix.net,Performance cookies,LexisNexis Risk Solutions (formerly ThreatMetrix),JavaScript,bench_new_T3_14607,,,TRUE,https://www.CLIENT_X.dk/c-p/LUMUD1004WX1_10/-,Existing CM Trackers-Found,,,,,
www.CLIENT_X.hr,Essential cookies (exempt from consent),CLIENT_X - Croatia,HTTP Cookie,eddl_gtm_qe_session_start_6523424625,,392,TRUE,https://www.CLIENT_X.dk/healthcare/e/sleep/communications/src-update,Existing CM Trackers-Found,,,,,
www.lighting.CLIENT_X.dk,Essential cookies,Signify (formerly CLIENT_X Lighting),HTTP Cookie,bench_new_T3_14925,,,,,Existing CM Trackers-Not Found,,,,,
apps.mypurecloud.de,Performance cookies,Genesys,JavaScript,bench_new_T3_15424,,,,,Existing CM Trackers-Not Found,,,,,
CLIENT_X.dk,Essential cookies,CLIENT_X - Denmark,HTTP Cookie,bench_new_T3_15332,,,,,Existing CM Trackers-Not Found,,,,,
www.tco.lighting.CLIENT_X.com,Performance cookies,Koninklijke CLIENT_X N.V.,ETag,bench_new_T3_15038,,,,,Existing CM Trackers-Not Found,,,,,
dpm.demdex.net,Targeted Advertising cookies (including social media),"Adobe Audience Manager, Adobe Experience Platform",HTTP Cookie,bench_new_T3_14942,,,,,Existing CM Trackers-Not Found,,,,,
CLIENT_X.dk,Essential cookies,CLIENT_X - Denmark,HTTP Cookie,bench_new_T3_15265,,365,TRUE,https://www.CLIENT_X.dk/a-w/about,Existing CM Trackers-Found,,,,,
demdex.net,Targeted Advertising cookies (including social media),"Adobe Audience Manager, Adobe Experience Platform",HTTP Cookie,bench_new_T3_14678,,,,,Existing CM Trackers-Not Found,,,,,
www.CLIENT_X.dk,Essential cookies,CLIENT_X - Denmark,Beacon,bench_new_T3_15538,,,TRUE,https://www.CLIENT_X.dk/myCLIENT_X#/register-new-product/form/SP9872_22,Existing CM Trackers-Found,,,,,
www.googletagmanager.com,Performance cookies,Google Inc.,Beacon,bench_new_T3_15756,,,TRUE,https://www.CLIENT_X.dk/c-m-au/motorcykellygter,Existing CM Trackers-Found,,,,,
CLIENT_X.dk,Essential cookies,CLIENT_X - Denmark,HTTP Cookie,bench_new_T3_15549,,365,TRUE,https://www.CLIENT_X.dk/a-w/about,Existing CM Trackers-Found,,,,,
images.CLIENT_X.com,Essential cookies,Koninklijke CLIENT_X N.V.,JavaScript,bench_new_T3_15212,,,TRUE,https://www.CLIENT_X.dk/c-f/XC000019201/hvordan-reng%C3%B8r-og-desinficerer-jeg-min-CLIENT_X-avent-brystpumpe,Existing CM Trackers-Found,,,,,
CLIENT_X.dk,Essential cookies,CLIENT_X - Denmark,HTTP Cookie,bench_new_T3_15723,,400,TRUE,https://www.CLIENT_X.dk/a-w/about,Existing CM Trackers-Found,,,,,
cdn-scripts.signifyd.com,Essential cookies,Signifyd,ETag,bench_new_T3_14409,,,TRUE,http://www.CLIENT_X.dk/,Existing CM Trackers-Found,,,,,
www.CLIENT_X.dk,Essential cookies,CLIENT_X - Denmark,HTTP Cookie,bench_new_T3_15591,,1,,http://www.CLIENT_X.dk/,New First Party Trackers,,,,,
nebula-cdn.kampyle.com,Performance cookies,Medallia,ETag,bench_new_T3_14621,,,TRUE,http://www.CLIENT_X.dk/,Existing CM Trackers-Found,,,,,
lighting.CLIENT_X.dk,Essential cookies,Signify (formerly CLIENT_X Lighting),HTTP Cookie,bench_new_T3_14676,,,,,Existing CM Trackers-Not Found,,,,,
demdex.net,Targeted Advertising cookies (including social media),"Adobe Audience Manager, Adobe Experience Platform",HTTP Cookie,bench_new_T3_15433,,,,,Existing CM Trackers-Not Found,,,,,
www.lighting.CLIENT_X.co.th,Essential cookies (exempt from consent),Signify (formerly CLIENT_X Lighting),HTTP Cookie,AWSELBCORS,,0,,,Existing CM Trackers-Not Found,,,,,
cdn.mouseflow.com,Performance cookies,Mouseflow,ETag,bench_new_T3_15906,,,,https://www.CLIENT_X.dk/c-e/pe/mens-grooming-welcome.html,New Third Party Trackers,,,,,
assets-v2.yieldify.com,Targeted Advertising cookies (including social media),Yieldify,ETag,bench_new_T3_15318,,,,,Existing CM Trackers-Not Found,,,,,
cdn.botframework.com,Performance cookies,Microsoft Bot Framework,JavaScript,bench_new_T3_15872,,,TRUE,https://www.CLIENT_X.dk/c-m-pe/tandborstehoveder/seneste,Existing CM Trackers-Found,,,,,
CLIENT_X.sa,Essential cookies (exempt from consent),CLIENT_X - Kingdom of Saudi Arabia,HTTP Cookie,s_nrpv,,bench_update_duration,TRUE,http://www.CLIENT_X.dk/,Existing CM Trackers-Found,,,,,
CLIENT_X.nl,Essential cookies (exempt from consent),CLIENT_X - Netherlands,HTTP Cookie,s_cc,,bench_update_duration,,,Existing CM Trackers-Not Found,,,,,
sc-static.net,Targeted Advertising cookies (including social media),Snap Inc.,JavaScript,bench_new_T3_15477,,,TRUE,https://www.CLIENT_X.dk/c-e/shop/ho/household-refurbished-shop.html,Existing CM Trackers-Found,,,,,
www.crsc.lighting.CLIENT_X.com,Performance cookies,Signify (formerly CLIENT_X Lighting),JavaScript,bench_new_T3_14697,,,,,Existing CM Trackers-Not Found,,,,,
pages.information.signify.com,Performance Cookies [Requires consent],Signify (formerly CLIENT_X Lighting),JavaScript,-,,90,TRUE,https://www.CLIENT_X.dk/a-w/about,Existing CM Trackers-Found,,,,,
www.CLIENT_X.dk,Essential cookies,CLIENT_X - Denmark,HTTP Cookie,bench_new_T3_14652,,0,,http://www.CLIENT_X.dk/,New First Party Trackers,,,,,
www.CLIENT_X.dk,Essential cookies,CLIENT_X - Denmark,HTTP Cookie,bench_new_T3_14523,,session,,http://www.CLIENT_X.dk/,New First Party Trackers,,,,,
*.mktoweb.com,Targeted Advertising cookies (including social media),Marketo,JavaScript,bench_new_T3_15847,,,,,Existing CM Trackers-Not Found,,,,,
dpm.demdex.net,Targeted Advertising cookies (including social media),"Adobe Audience Manager, Adobe Experience Platform",HTTP Cookie,bench_new_T3_14425,,,,,Existing CM Trackers-Not Found,,,,,
CLIENT_X.112.2o7.net,Performance cookies,"Adobe Audience Manager, Adobe Experience Cloud",HTTP Cookie,bench_new_T3_14650,,400,,https://www.CLIENT_X.dk/a-w/about,New Third Party Trackers,,,,,
CLIENT_X.dk,Essential cookies,CLIENT_X - Denmark,HTTP Cookie,bench_new_T3_15947,,session,TRUE,https://www.CLIENT_X.dk/a-w/about,Existing CM Trackers-Found,,,,,
CLIENT_X.dk,Essential cookies,CLIENT_X - Denmark,HTTP Cookie,bench_new_T3_14421,,393,TRUE,https://www.CLIENT_X.dk/a-w/about,Existing CM Trackers-Found,,,,,
CLIENT_X.dk,Essential cookies,CLIENT_X - Denmark,HTTP Cookie,bench_new_T3_15922,,400,TRUE,https://www.CLIENT_X.dk/a-w/about,Existing CM Trackers-Found,,,,,
youtube.com,Targeted Advertising cookies (including social media),Google Advertising Products,HTTP Cookie,_ga_failed_lookup_marker_9_1762,,180,TRUE,https://www.CLIENT_X.dk/c-e/au/autolamper/artikler-om-biler.html,Existing CM Trackers-Found,,,,,
www.CLIENT_X.dk,Essential cookies,CLIENT_X - Denmark,HTTP Cookie,bench_new_T3_15487,,session,TRUE,http://www.CLIENT_X.dk/,Existing CM Trackers-Found,,,,,
CLIENT_X.dk,Essential cookies,CLIENT_X - Denmark,HTTP Cookie,bench_new_T3_14828,,,,,Existing CM Trackers-Not Found,,,,,
CLIENT_X.dk,Essential cookies,CLIENT_X - Denmark,HTTP Cookie,bench_new_T3_15890,,0,TRUE,https://www.CLIENT_X.dk/a-w/about,Existing CM Trackers-Found,,,,,
www.CLIENT_X.dk,Essential cookies,CLIENT_X - Denmark,HTTP Cookie,bench_new_T3_14885,,,,,Existing CM Trackers-Not Found,,,,,
CLIENT_X.dk,Performance cookies,CLIENT_X - Denmark,HTTP Cookie,bench_new_T3_15373,,session,TRUE,https://www.CLIENT_X.dk/a-w/about,Existing CM Trackers-Found,,,,,
widget-cdn.janraincapture.com,Performance cookies,Akamai,ETag,bench_new_T3_15691,,,TRUE,https://www.CLIENT_X.dk/myCLIENT_X#/register-new-product/form/SP9872_22,Existing CM Trackers-Found,,,,,
www.lighting.CLIENT_X.dk,Essential cookies,Signify (formerly CLIENT_X Lighting),HTTP Cookie,bench_new_T3_15476,,,,,Existing CM Trackers-Not Found,,,,,
www.CLIENT_X.dk,Essential cookies,CLIENT_X - Denmark,HTTP Cookie,_ga_failed_lookup_marker_9_1770,,365,TRUE,http://www.CLIENT_X.dk/,Existing CM Trackers-Found,,,,,
www.healthcare.shop.CLIENT_X.de,Essential cookies (exempt from consent),CLIENT_X - Germany,HTTP Cookie,JSESSIONID,,bench_update_duration,TRUE,https://www.CLIENT_X.dk/c-e/shop/ho/household-refurbished-shop.html,Existing CM Trackers-Found,,,,,
www.gearselectiontool.lighting.CLIENT_X.com,Performance cookies,Signify (formerly CLIENT_X Lighting),ETag,bench_new_T3_14622,,,,,Existing CM Trackers-Not Found,,,,,
CLIENT_X.dk,Essential cookies,CLIENT_X - Denmark,HTTP Cookie,bench_new_T3_15213,,0,TRUE,https://www.CLIENT_X.dk/a-w/about,Existing CM Trackers-Found,,,,,
assets-v2.yieldify.com,Targeted Advertising cookies (including social media),Yieldify,ETag,bench_new_T3_14989,,,,,Existing CM Trackers-Not Found,,,,,
img.en25.com,Targeted Advertising cookies (including social media),Oracle Marketing,JavaScript,_ga_failed_lookup_marker_9_1775,,,TRUE,https://www.CLIENT_X.dk/healthcare/e/sleep/communications/src-update,Existing CM Trackers-Found,,,,,
assets.adoberesources.net,Performance cookies,Adobe Inc.,JavaScript,bench_new_T3_14923,,,,,Existing CM Trackers-Not Found,,,,,
lighting.CLIENT_X.dk,Essential cookies,Signify (formerly CLIENT_X Lighting),Local Storage,bench_new_T3_15390,,,,,Existing CM Trackers-Not Found,,,,,
analytics-fe.digital-cloud-us-main.medallia.com,Performance cookies,Medallia,Beacon,bench_new_T3_15577,,,TRUE,http://www.CLIENT_X.dk/,Existing CM Trackers-Found,,,,,
*.online-metrix.net,Performance cookies,LexisNexis Risk Solutions (formerly ThreatMetrix),Beacon,bench_new_T3_15287,,,,http://www.CLIENT_X.dk/,Existing CM Trackers-Found,,,,,
CLIENT_X.dk,Essential cookies,CLIENT_X - Denmark,HTTP Cookie,bench_new_T3_15801,,,,,Existing CM Trackers-Not Found,,,,,
consent-st.trustarc.com,Essential cookies,TrustArc,JavaScript,bench_new_T3_15205,,,TRUE,http://www.CLIENT_X.dk/,Existing CM Trackers-Found,,,,,
custom.yieldify.com,Targeted Advertising cookies (including social media),Yieldify,ETag,_ga_failed_lookup_marker_9_1782,,,TRUE,http://www.CLIENT_X.dk/,Existing CM Trackers-Found,,,,,
www.eu-west-1.api.CLIENT_X.com,Targeted Advertising cookies (including social media),Koninklijke CLIENT_X N.V.,Beacon,bench_new_T3_15643,,,,https://www.CLIENT_X.dk/c-e/shop/checkout,New Third Party Trackers,,,,,
casalemedia.com,Targeted Advertising cookies (including social media),Index Exchange Inc.,HTTP Cookie,bench_new_T3_15596,,90,TRUE,https://www.CLIENT_X.dk/a-w/about,Existing CM Trackers-Found,,,,,
tiktok.com,Targeted Advertising cookies (including social media),TikTok,HTTP Cookie,bench_new_T3_15236,,90,TRUE,https://www.CLIENT_X.dk/a-w/about,Existing CM Trackers-Found,,,,,
consent.truste.com,Essential cookies,TrustArc,JavaScript,bench_new_T3_15416,,,,,Existing CM Trackers-Not Found,,,,,
www.CLIENT_X.dk,Essential cookies,CLIENT_X - Denmark,HTTP Cookie,_ga_failed_lookup_marker_9_1787,,365,TRUE,http://www.CLIENT_X.dk/,Existing CM Trackers-Found,,,,,
*.mktoweb.com,Targeted Advertising cookies (including social media),Marketo,Local Storage,bench_new_T3_14510,,,,,Existing CM Trackers-Not Found,,,,,
analytics.tiktok.com,Targeted Advertising cookies (including social media),TikTok,JavaScript,bench_new_T3_15088,,,TRUE,http://www.CLIENT_X.dk/,Existing CM Trackers-Found,,,,,
www.google.com,Targeted Advertising cookies (including social media),Google Inc.,Beacon,bench_new_T3_15241,,,TRUE,http://www.CLIENT_X.dk/,Existing CM Trackers-Found,,,,,
CLIENT_X.hu,Essential cookies (exempt from consent),CLIENT_X - Hungary,HTTP Cookie,notice_behavior,,,,,Existing CM Trackers-Not Found,,,,,
www.lighting.CLIENT_X.dk,Essential cookies,Signify (formerly CLIENT_X Lighting),JavaScript,bench_new_T3_14983,,,,,Existing CM Trackers-Not Found,,,,,
CLIENT_X.be,Essential cookies (exempt from consent),CLIENT_X - Belgium,HTTP Cookie,iadvize_test_cookie_top_domain,,bench_update_duration,,,Existing CM Trackers-Not Found,,,,,
imgs.signifyd.com,Essential cookies,Signifyd,Beacon,bench_new_T3_15522,,,TRUE,http://www.CLIENT_X.dk/,Existing CM Trackers-Found,,,,,
company-target.com,Targeted Advertising cookies (including social media),"Demandbase, Inc.",HTTP Cookie,bench_new_T3_14734,,396,TRUE,https://www.CLIENT_X.dk/a-w/about,Existing CM Trackers-Found,,,,,
www.google.ie,Targeted Advertising cookies (including social media),Google Inc.,Beacon,bench_new_T3_14483,,,TRUE,http://www.CLIENT_X.dk/,Existing CM Trackers-Found,,,,,
CLIENT_X.hr,Essential cookies (exempt from consent),CLIENT_X - Croatia,HTTP Cookie,mbox,,400,,https://www.CLIENT_X.dk/a-w/about,New Third Party Trackers,,,,,
CLIENT_X.dk,Essential cookies,CLIENT_X - Denmark,HTTP Cookie,bench_new_T3_15752,,,,,Existing CM Trackers-Not Found,,,,,
www.tco.lighting.CLIENT_X.com,Performance cookies,Koninklijke CLIENT_X N.V.,ETag,_ga_failed_lookup_marker_9_1799,,,,,Existing CM Trackers-Not Found,,,,,
cdn.botframework.com,Performance cookies,Microsoft Bot Framework,ETag,_ga_failed_lookup_marker_9_1800,,,TRUE,https://www.CLIENT_X.dk/c-m-pe/tandborstehoveder/seneste,Existing CM Trackers-Found,,,,,
tags.creativecdn.com,Targeted Advertising cookies (including social media),RTB House S.A.,ETag,bench_new_T3_14675,,,,,Existing CM Trackers-Not Found,,,,,
consent.trustarc.com,Essential cookies,TrustArc,JavaScript,bench_new_T3_14462,,,TRUE,http://www.CLIENT_X.dk/,Existing CM Trackers-Found,,,,,
www.lighting.CLIENT_X.dk,Essential cookies,Signify (formerly CLIENT_X Lighting),HTTP Cookie,bench_new_T3_15835,,,,,Existing CM Trackers-Not Found,,,,,
tr.snapchat.com,Targeted Advertising cookies (including social media),Snap Inc.,JavaScript,_ga_failed_lookup_marker_9_1804,,,TRUE,https://www.CLIENT_X.dk/c-m-ho/badevaerelselosninger,Existing CM Trackers-Found,,,,,
demdex.net,Targeted Advertising cookies (including social media),"Adobe Audience Manager, Adobe Experience Platform",HTTP Cookie,bench_new_T3_14971,,,,,Existing CM Trackers-Not Found,,,,,
assets.adoberesources.net,Performance cookies,Adobe Inc.,JavaScript,bench_new_T3_15242,,,,,Existing CM Trackers-Not Found,,,,,
www.conversiontool.lighting.CLIENT_X.com,Targeted Advertising cookies (including social media),Signify (formerly CLIENT_X Lighting),ETag,bench_new_T3_15066,,,,,Existing CM Trackers-Not Found,,,,,
koninklijkeCLIENT_Xnvproduction2k8xfrmr.analytics.org.coveo.com,Performance cookies,Coveo Solutions Inc.,Beacon,bench_new_T3_14866,,,TRUE,https://www.CLIENT_X.dk/c-p/HX9992_12/sonicare-9900-prestige-elektrisk-tandborste-med-senseiq,Existing CM Trackers-Found,,,,,
www.shop.CLIENT_X.lv,Essential cookies (exempt from consent),CLIENT_X - Latvia,HTTP Cookie,BVImplmain_site,,session,TRUE,http://www.CLIENT_X.dk/,Existing CM Trackers-Found,,,,,
CLIENT_X.dk,Targeted Advertising cookies (including social media),CLIENT_X - Denmark,HTTP Cookie,bench_new_T3_14966,,7,TRUE,https://www.CLIENT_X.dk/a-w/about,Existing CM Trackers-Found,,,,,
cdn.speedcurve.com,Performance cookies,Speedcurve,JavaScript,bench_new_T3_14868,,,,http://www.CLIENT_X.dk/,New Third Party Trackers,,,,,
cdn.mouseflow.com,Performance cookies,Mouseflow,JavaScript,_ga_failed_lookup_marker_9_1812,,,,https://www.CLIENT_X.dk/c-e/pe/mens-grooming-welcome.html,New Third Party Trackers,,,,,
*.mktoweb.com,Targeted Advertising cookies (including social media),Marketo,HTTP Cookie,_ga_failed_lookup_marker_9_1813,,,,,Existing CM Trackers-Not Found,,,,,
pagead2.googlesyndication.com,Targeted Advertising cookies (including social media),Google Advertising Products,Beacon,bench_new_T3_15571,,,,,Existing CM Trackers-Not Found,,,,,
CLIENT_X.dk,Essential cookies,CLIENT_X - Denmark,HTTP Cookie,bench_new_T3_15525,,,,,Existing CM Trackers-Not Found,,,,,
www.CLIENT_X.dk,Essential cookies,CLIENT_X - Denmark,HTTP Cookie,bench_new_T3_14733,,365,TRUE,http://www.CLIENT_X.dk/,Existing CM Trackers-Found,,,,,
dsum-sec.casalemedia.com,Targeted Advertising cookies (including social media),Index Exchange Inc.,Beacon,bench_new_T3_14705,,,TRUE,https://www.CLIENT_X.dk/a-w/about,Existing CM Trackers-Found,,,,,
lighting.CLIENT_X.dk,Essential cookies,Signify (formerly CLIENT_X Lighting),Local Storage,bench_new_T3_14700,,,,,Existing CM Trackers-Not Found,,,,,
koninklijkeCLIENT_Xnvproduction2k8xfrmr.analytics.org.coveo.com,Performance cookies,Coveo Solutions Inc.,Beacon,bench_new_T3_15474,,,TRUE,https://www.CLIENT_X.dk/c-p/HX9992_12/sonicare-9900-prestige-elektrisk-tandborste-med-senseiq,Existing CM Trackers-Found,,,,,
tremorhub.com,Targeted Advertising cookies (including social media),"Magnite CTV, Inc.",HTTP Cookie,bench_new_T3_14663,,400,TRUE,https://www.CLIENT_X.dk/a-w/about,Existing CM Trackers-Found,,,,,
www.googletagmanager.com,Performance cookies,Google Inc.,Beacon,bench_new_T3_14791,,,TRUE,https://www.CLIENT_X.dk/c-m-au/motorcykellygter,Existing CM Trackers-Found,,,,,
fonts.yieldify-production.com,Targeted Advertising cookies (including social media),Yieldify,ETag,bench_new_T3_15830,,,,,Existing CM Trackers-Not Found,,,,,
pixel.rubiconproject.com,Targeted Advertising cookies (including social media),"Magnite, Inc.",Beacon,bench_new_T3_15124,,,TRUE,https://www.CLIENT_X.dk/a-w/about,Existing CM Trackers-Found,,,,,
CLIENT_X.sa,Essential cookies (exempt from consent),CLIENT_X - Kingdom of Saudi Arabia,HTTP Cookie,_gdXXX,,session,TRUE,https://www.CLIENT_X.dk/a-w/about,Existing CM Trackers-Found,,,,,
lighting.CLIENT_X.dk,Essential cookies,Signify (formerly CLIENT_X Lighting),Local Storage,bench_new_T3_15858,,,,,Existing CM Trackers-Not Found,,,,,
analytics-fe.digital-cloud-us-main.medallia.com,Performance cookies,Medallia,Beacon,bench_new_T3_15415,,,TRUE,http://www.CLIENT_X.dk/,Existing CM Trackers-Found,,,,,
CLIENT_Xlighting.d3.sc.omtrdc.net,Performance cookies,"Adobe Audience Manager, Adobe Experience Platform",JavaScript,bench_new_T3_14955,,,,,Existing CM Trackers-Not Found,,,,,
lighting.CLIENT_X.dk,Essential cookies,Signify (formerly CLIENT_X Lighting),HTTP Cookie,bench_new_T3_14670,,,,,Existing CM Trackers-Not Found,,,,,
www.facebook.com,Targeted Advertising cookies (including social media),Meta (formerly Facebook),Beacon,bench_new_T3_14558,,,TRUE,http://www.CLIENT_X.dk/,Existing CM Trackers-Found,,,,,
CLIENT_X.dk,Essential cookies,CLIENT_X - Denmark,HTTP Cookie,bench_new_T3_15437,,393,TRUE,https://www.CLIENT_X.dk/a-w/about,Existing CM Trackers-Found,,,,,
www.googleadservices.com,Targeted Advertising cookies (including social media),Google Advertising Products,ETag,bench_new_T3_15579,,,,,Existing CM Trackers-Not Found,,,,,
koninklijkeCLIENT_Xnvproduction2k8xfrmr.analytics.org.coveo.com,Performance cookies,Coveo Solutions Inc.,Beacon,_ga_failed_lookup_marker_9_1832,,,TRUE,https://www.CLIENT_X.dk/c-p/HX9992_12/sonicare-9900-prestige-elektrisk-tandborste-med-senseiq,Existing CM Trackers-Found,,,,,
*.t.eloqua.com,Targeted Advertising cookies (including social media),Oracle Marketing,Beacon,bench_new_T3_14991,,,,https://www.CLIENT_X.dk/healthcare/e/sleep/communications/src-update,Existing CM Trackers-Found,,,,,
www.CLIENT_X.dk,Essential cookies,CLIENT_X - Denmark,HTTP Cookie,_ga_failed_lookup_marker_9_1834,,0,,http://www.CLIENT_X.dk/,New First Party Trackers,,,,,
CLIENT_X.dk,Essential cookies,CLIENT_X - Denmark,HTTP Cookie,bench_new_T3_15816,,session,TRUE,https://www.CLIENT_X.dk/a-w/about,Existing CM Trackers-Found,,,,,
CLIENT_X.dk,Essential cookies,CLIENT_X - Denmark,HTTP Cookie,bench_new_T3_14655,,400,FALSE,https://www.CLIENT_X.dk/a-w/about,Existing CM Trackers-Found,,,,,
CLIENT_X.dk,Essential cookies,CLIENT_X - Denmark,HTTP Cookie,bench_new_T3_15941,,,,,Existing CM Trackers-Not Found,,,,,
www.CLIENT_X.dk,Essential cookies,CLIENT_X - Denmark,HTTP Cookie,bench_new_T3_15447,,session,,http://www.CLIENT_X.dk/,New First Party Trackers,,,,,
h64.online-metrix.net,Performance cookies,LexisNexis Risk Solutions (formerly ThreatMetrix),Beacon,bench_new_T3_15985,,,TRUE,http://www.CLIENT_X.dk/,Existing CM Trackers-Found,,,,,
beacon.speedcurve.com,Performance cookies,Speedcurve,Beacon,bench_new_T3_15875,,,,https://www.CLIENT_X.dk/c-e/become-product-tester.html,New Third Party Trackers,,,,,
www.CLIENT_X.dk,Essential cookies,CLIENT_X - Denmark,HTTP Cookie,bench_new_T3_15090,,0,,http://www.CLIENT_X.dk/,New First Party Trackers,,,,,
cdn-scripts.signifyd.com,Essential cookies,Signifyd,JavaScript,bench_new_T3_15065,,,TRUE,http://www.CLIENT_X.dk/,Existing CM Trackers-Found,,,,,
www.googleadservices.com,Targeted Advertising cookies (including social media),Google Advertising Products,Beacon,bench_new_T3_15345,,,,,Existing CM Trackers-Not Found,,,,,
*.en25.com,Targeted Advertising cookies (including social media),Oracle Marketing,JavaScript,bench_new_T3_15099,,,,https://www.CLIENT_X.dk/healthcare/e/sleep/communications/src-update,Existing CM Trackers-Found,,,,,
tags.creativecdn.com,Targeted Advertising cookies (including social media),RTB House S.A.,ETag,_ga_failed_lookup_marker_9_1845,,,,,Existing CM Trackers-Not Found,,,,,
snappychat.snappylabs.io,Performance Cookies [Requires consent],Snappy Labs,JavaScript,-,,,TRUE,https://www.CLIENT_X.dk/healthcare/e/sleep/communications/src-update,Existing CM Trackers-Found,,,,,
smetrics.marketing.CLIENT_X-hue.com,Targeted Advertising cookies (including social media),CLIENT_X Hue,JavaScript,bench_new_T3_15307,,,,,Existing CM Trackers-Not Found,,,,,
www.assets.signify.com,Performance cookies,Signify (formerly CLIENT_X Lighting),ETag,_ga_failed_lookup_marker_9_1848,,,,,Existing CM Trackers-Not Found,,,,,
nebula-cdn.kampyle.com,Performance cookies,Medallia,JavaScript,bench_new_T3_15529,,,TRUE,http://www.CLIENT_X.dk/,Existing CM Trackers-Found,,,,,
www.google.com,Essential cookies,Google Inc.,HTTP Cookie,bench_new_T3_15450,,180,TRUE,https://www.CLIENT_X.dk/c-e/member,Existing CM Trackers-Found,,,,,
www.google.ie,Targeted Advertising cookies (including social media),Google Inc.,Beacon,bench_new_T3_14794,,,TRUE,http://www.CLIENT_X.dk/,Existing CM Trackers-Found,,,,,
*.fls.doubleclick.net,Targeted Advertising cookies (including social media),Google Advertising Products,Beacon,bench_new_T3_15702,,,,,Existing CM Trackers-Not Found,,,,,
www.CLIENT_X.dk,Essential cookies,CLIENT_X - Denmark,HTTP Cookie,bench_new_T3_15293,,7,,http://www.CLIENT_X.dk/,New First Party Trackers,,,,,
www.conversiontool.lighting.CLIENT_X.com,Targeted Advertising cookies (including social media),Signify (formerly CLIENT_X Lighting),ETag,bench_new_T3_14458,,,,,Existing CM Trackers-Not Found,,,,,
www.assets.lighting.CLIENT_X.com,Performance cookies,Signify (formerly CLIENT_X Lighting),ETag,bench_new_T3_15002,,,,,Existing CM Trackers-Not Found,,,,,
CLIENT_X.ma,Essential cookies (exempt from consent),CLIENT_X - Morocco,HTTP Cookie,s_cc,,bench_update_duration,,,Existing CM Trackers-Not Found,,,,,
code.jquery.com,Performance cookies,jQuery,ETag,bench_new_T3_15662,,,,,Existing CM Trackers-Not Found,,,,,
www.subscription.CLIENT_X.at,Essential cookies (exempt from consent),CLIENT_X - Austria,HTTP Cookie,eddl_gtm_qe_session_start_6523424625,,89,,,Existing CM Trackers-Not Found,,,,,
CLIENT_X.ua,Essential cookies (exempt from consent),CLIENT_X - Ukraine,HTTP Cookie,s_cm,,400,,https://www.CLIENT_X.dk/a-w/about,New First Party Trackers,,,,,
www.CLIENT_X.dk,Essential cookies,CLIENT_X - Denmark,HTTP Cookie,bench_new_T3_15089,,,,,Existing CM Trackers-Not Found,,,,,
CLIENT_Xb2c.my.site.com,Performance cookies,"Salesforce.com, Inc.",Local Storage,bench_new_T3_15456,,,TRUE,https://www.CLIENT_X.dk/c-w/support-home/kontakt-os.html,Existing CM Trackers-Found,,,,,
versuni.scene7.com,Performance cookies,Adobe Experience Cloud - Experience Manager,JavaScript,bench_new_T3_14797,,,,,Existing CM Trackers-Not Found,,,,,
lighting.CLIENT_X.dk,Essential cookies,Signify (formerly CLIENT_X Lighting),Local Storage,bench_new_T3_15311,,,,,Existing CM Trackers-Not Found,,,,,
fonts.yieldify-production.com,Targeted Advertising cookies (including social media),Yieldify,ETag,bench_new_T3_14616,,,,,Existing CM Trackers-Not Found,,,,,
www.CLIENT_X.dk,Essential cookies,CLIENT_X - Denmark,HTTP Cookie,bench_new_T3_14596,,0,TRUE,http://www.CLIENT_X.dk/,Existing CM Trackers-Found,,,,,
CLIENT_X.dk,Essential cookies,CLIENT_X - Denmark,HTTP Cookie,bench_new_T3_15652,,,,,Existing CM Trackers-Not Found,,,,,
CLIENT_X.dk,Essential cookies,CLIENT_X - Denmark,HTTP Cookie,bench_new_T3_14919,,,,,Existing CM Trackers-Not Found,,,,,
www.google.com,Essential cookies,Google Inc.,HTTP Cookie,bench_new_T3_15609,,180,TRUE,https://www.CLIENT_X.dk/c-e/member,Existing CM Trackers-Found,,,,,
CLIENT_Xb2c.my.salesforce-scrt.com,Performance cookies,"Salesforce.com, Inc.",Beacon,bench_new_T3_14845,,,,https://www.CLIENT_X.dk/c-w/support-home/kontakt-os.html,New Third Party Trackers,,,,,
www.assets.lighting.CLIENT_X.com,Performance cookies,Signify (formerly CLIENT_X Lighting),ETag,bench_new_T3_15387,,,,,Existing CM Trackers-Not Found,,,,,
d.la1-c2-par.salesforceliveagent.com,Performance cookies,"salesforce.com, inc.",JavaScript,bench_new_T3_15907,,,,,Existing CM Trackers-Not Found,,,,,
consent-pref.trustarc.com,Essential cookies,TrustArc,Local Storage,bench_new_T3_15148,,,TRUE,https://www.CLIENT_X.dk/a-w/about,Existing CM Trackers-Found,,,,,
www.crsc.CLIENT_X.com,Targeted Advertising cookies (including social media),Koninklijke CLIENT_X N.V.,ETag,bench_new_T3_14488,,,TRUE,https://www.CLIENT_X.dk/shop/order-search/search-input,Existing CM Trackers-Found,,,,,
www.CLIENT_X.dk,Essential cookies,CLIENT_X - Denmark,HTTP Cookie,bench_new_T3_14847,,session,TRUE,http://www.CLIENT_X.dk/,Existing CM Trackers-Found,,,,,
lighting.CLIENT_X.dk,Essential cookies,Signify (formerly CLIENT_X Lighting),HTTP Cookie,bench_new_T3_15798,,,,,Existing CM Trackers-Not Found,,,,,
cdn.jsdelivr.net,Performance cookies,Volentio JSD Limited,JavaScript,_ga_failed_lookup_marker_9_1876,,,,,Existing CM Trackers-Not Found,,,,,
CLIENT_X.dk,Essential cookies,CLIENT_X - Denmark,HTTP Cookie,bench_new_T3_14406,,365,TRUE,https://www.CLIENT_X.dk/a-w/about,Existing CM Trackers-Found,,,,,
analytics.tiktok.com,Targeted Advertising cookies (including social media),TikTok,Beacon,bench_new_T3_15391,,,TRUE,http://www.CLIENT_X.dk/,Existing CM Trackers-Found,,,,,
pages.information.signify.com,Performance cookies,Signify (formerly CLIENT_X Lighting),JavaScript,bench_new_T3_15446,,,,,Existing CM Trackers-Not Found,,,,,
www.crsc.lighting.CLIENT_X.com,Performance cookies,Signify (formerly CLIENT_X Lighting),ETag,bench_new_T3_15060,,,,,Existing CM Trackers-Not Found,,,,,
CLIENT_X.dk,Essential cookies,CLIENT_X - Denmark,HTTP Cookie,bench_new_T3_15247,,session,TRUE,https://www.CLIENT_X.dk/a-w/about,Existing CM Trackers-Found,,,,,
analytics-ipv6.tiktokw.us,Targeted Advertising cookies (including social media),TikTok,Beacon,bench_new_T3_15169,,,,http://www.CLIENT_X.dk/,New Third Party Trackers,,,,,
*.mktoweb.com,Targeted Advertising cookies (including social media),Marketo,HTTP Cookie,bench_new_T3_15439,,,,,Existing CM Trackers-Not Found,,,,,
smetrics.marketing.lighting.CLIENT_X.com,Targeted Advertising cookies (including social media),Koninklijke CLIENT_X N.V.,JavaScript,bench_new_T3_15074,,,,,Existing CM Trackers-Not Found,,,,,
CLIENT_X.dk,Essential cookies,CLIENT_X - Denmark,HTTP Cookie,bench_new_T3_15070,,,,,Existing CM Trackers-Not Found,,,,,
*.mktoweb.com,Targeted Advertising cookies (including social media),Marketo,Local Storage,bench_new_T3_15948,,,,,Existing CM Trackers-Not Found,,,,,
CLIENT_X.dk,Essential cookies,CLIENT_X - Denmark,HTTP Cookie,bench_new_T3_15042,,0,TRUE,https://www.CLIENT_X.dk/a-w/about,Existing CM Trackers-Found,,,,,
imgs.signifyd.com,Essential cookies,Signifyd,Beacon,bench_new_T3_15971,,,TRUE,http://www.CLIENT_X.dk/,Existing CM Trackers-Found,,,,,
www.CLIENT_X.dk,Essential cookies,CLIENT_X - Denmark,HTTP Cookie,bench_new_T3_15140,,,,,Existing CM Trackers-Not Found,,,,,
www.lighting.CLIENT_X.com.sg,Essential cookies (exempt from consent),Signify (formerly CLIENT_X Lighting),HTTP Cookie,s_as,,,,,Existing CM Trackers-Not Found,,,,,
assets.adoberesources.net,Performance cookies,Adobe Inc.,JavaScript,_ga_failed_lookup_marker_9_1891,,,,,Existing CM Trackers-Not Found,,,,,
www.accounts.CLIENT_X.com,Essential cookies,Koninklijke CLIENT_X N.V.,JavaScript,_ga_failed_lookup_marker_9_1892,,,TRUE,https://www.CLIENT_X.dk/myCLIENT_X#/register-new-product/form/SP9872_22,Existing CM Trackers-Found,,,,,
*.t.eloqua.com,Targeted Advertising cookies (including social media),Oracle Marketing,JavaScript,bench_new_T3_14961,,,,https://www.CLIENT_X.dk/healthcare/e/sleep/communications/src-update/news/update-august-27-2021,Existing CM Trackers-Found,,,,,
CLIENT_Xb2c.my.site.com,Performance cookies,"Salesforce.com, Inc.",Beacon,bench_new_T3_14843,,,TRUE,https://www.CLIENT_X.dk/c-w/support-home/kontakt-os.html,Existing CM Trackers-Found,,,,,
accounts.CLIENT_X.com,Performance cookies,Koninklijke CLIENT_X N.V.,HTTP Cookie,bench_new_T3_15181,,,,,Existing CM Trackers-Not Found,,,,,
CLIENT_X.dk,Essential cookies,CLIENT_X - Denmark,HTTP Cookie,bench_new_T3_15172,,,,,Existing CM Trackers-Not Found,,,,,
www.google.com,Targeted Advertising cookies (including social media),Google Inc.,Beacon,_ga_failed_lookup_marker_9_1897,,,TRUE,http://www.CLIENT_X.dk/,Existing CM Trackers-Found,,,,,
CLIENT_X.dk,Essential cookies,CLIENT_X - Denmark,HTTP Cookie,bench_new_T3_15086,,,,,Existing CM Trackers-Not Found,,,,,
td.yieldify.com,Targeted Advertising cookies (including social media),Yieldify,JavaScript,_ga_failed_lookup_marker_9_1899,,,TRUE,https://www.CLIENT_X.dk/c-m-au/autolamper/signal-og-interior-belysning/seneste,Existing CM Trackers-Found,,,,,
px.ads.linkedin.com,Targeted Advertising cookies (including social media),LinkedIn,JavaScript,bench_new_T3_14950,,,TRUE,https://www.CLIENT_X.dk/healthcare/solutions/mother-and-child-care,Existing CM Trackers-Found,,,,,
youtube.com,Targeted Advertising cookies (including social media),Google Advertising Products,HTTP Cookie,bench_new_T3_15328,,180,TRUE,https://www.CLIENT_X.dk/c-e/au/autolamper/artikler-om-biler.html,Existing CM Trackers-Found,,,,,
www.CLIENT_X.dk,Essential cookies,CLIENT_X - Denmark,HTTP Cookie,bench_new_T3_15958,,365,TRUE,http://www.CLIENT_X.dk/,Existing CM Trackers-Found,,,,,
CLIENT_X.co.uk,Essential cookies (exempt from consent),CLIENT_X - United Kingdom,HTTP Cookie,_gat_UA-XXX,,bench_update_duration,TRUE,https://www.CLIENT_X.dk/c-p/HX9992_12/sonicare-9900-prestige-elektrisk-tandborste-med-senseiq,Existing CM Trackers-Found,,,,,
analytics.tiktok.com,Targeted Advertising cookies (including social media),TikTok,JavaScript,bench_new_T3_15595,,,TRUE,http://www.CLIENT_X.dk/,Existing CM Trackers-Found,,,,,
widget-cdn.janraincapture.com,Performance cookies,Akamai,ETag,_ga_failed_lookup_marker_9_1905,,,TRUE,https://www.CLIENT_X.dk/myCLIENT_X#/register-new-product/form/SP9872_22,Existing CM Trackers-Found,,,,,
tags.creativecdn.com,Targeted Advertising cookies (including social media),RTB House S.A.,ETag,bench_new_T3_15108,,,,,Existing CM Trackers-Not Found,,,,,
tremorhub.com,Targeted Advertising cookies (including social media),"Magnite CTV, Inc.",HTTP Cookie,bench_new_T3_15548,,365,TRUE,https://www.CLIENT_X.dk/a-w/about,Existing CM Trackers-Found,,,,,
*.akstat.io,Performance cookies,Akamai,Beacon,bench_new_T3_15494,,,,,Existing CM Trackers-Not Found,,,,,
www.CLIENT_X.dk,Essential cookies,CLIENT_X - Denmark,HTTP Cookie,bench_new_T3_15145,,1,TRUE,http://www.CLIENT_X.dk/,Existing CM Trackers-Found,,,,,
CLIENT_X.co.uk,Targeted Advertising cookies (including social media),CLIENT_X - United Kingdom,Local Storage,bench_new_T3_15952,,,,,Existing CM Trackers-Not Found,,,,,
CLIENT_X.dk,Essential cookies,CLIENT_X - Denmark,HTTP Cookie,bench_new_T3_14945,,session,TRUE,https://www.CLIENT_X.dk/a-w/about,Existing CM Trackers-Found,,,,,
imgs.signifyd.com,Essential cookies,Signifyd,Beacon,bench_new_T3_15930,,,TRUE,http://www.CLIENT_X.dk/,Existing CM Trackers-Found,,,,,
CLIENT_X.dk,Essential cookies,CLIENT_X - Denmark,HTTP Cookie,bench_new_T3_14987,,60,TRUE,https://www.CLIENT_X.dk/a-w/about,Existing CM Trackers-Found,,,,,
cdn.speedcurve.com,Performance cookies,Speedcurve,JavaScript,bench_new_T3_14980,,,,http://www.CLIENT_X.dk/,New Third Party Trackers,,,,,
CLIENT_X.dk,Essential cookies,CLIENT_X - Denmark,HTTP Cookie,bench_new_T3_15877,,400,,https://www.CLIENT_X.dk/a-w/about,Existing CM Trackers-Found,,,,,
www.lighting.CLIENT_X.com.hk,Essential cookies (exempt from consent),CLIENT_X - Hong Kong,ETag,blank (etag),,,,,Existing CM Trackers-Not Found,,,,,
cdn.jsdelivr.net,Performance cookies,Volentio JSD Limited,ETag,bench_new_T3_15498,,,,,Existing CM Trackers-Not Found,,,,,
lighting.CLIENT_X.com.pk,Essential cookies (exempt from consent),Signify (formerly CLIENT_X Lighting),HTTP Cookie,aam_uuid,,bench_update_duration,,,Existing CM Trackers-Not Found,,,,,
www.CLIENT_X.dk,Essential cookies,CLIENT_X - Denmark,HTTP Cookie,bench_new_T3_15093,,session,,http://www.CLIENT_X.dk/,New First Party Trackers,,,,,
assets.adoberesources.net,Performance cookies,Adobe Inc.,JavaScript,_ga_failed_lookup_marker_9_1920,,,,,Existing CM Trackers-Not Found,,,,,
www.lighting.CLIENT_X.dk,Essential cookies,Signify (formerly CLIENT_X Lighting),HTTP Cookie,bench_new_T3_14802,,,,,Existing CM Trackers-Not Found,,,,,
dpm.demdex.net,Targeted Advertising cookies (including social media),"Adobe Audience Manager, Adobe Experience Platform",HTTP Cookie,bench_new_T3_15211,,,,,Existing CM Trackers-Not Found,,,,,
static.cloud.coveo.com,Targeted Advertising cookies (including social media),Coveo Solutions Inc.,JavaScript,bench_new_T3_14882,,,TRUE,https://www.CLIENT_X.dk/c-p/HX9992_12/sonicare-9900-prestige-elektrisk-tandborste-med-senseiq,Existing CM Trackers-Found,,,,,
www.CLIENT_X.dk,Essential cookies,CLIENT_X - Denmark,HTTP Cookie,bench_new_T3_14429,,365,TRUE,http://www.CLIENT_X.dk/,Existing CM Trackers-Found,,,,,
*.casalemedia.com,Targeted Advertising cookies (including social media),Index Exchange Inc.,Beacon,bench_new_T3_15968,,,,https://www.CLIENT_X.dk/a-w/about,Existing CM Trackers-Found,,,,,
www.CLIENT_X.dk,Essential cookies,CLIENT_X - Denmark,HTTP Cookie,bench_new_T3_15469,,365,TRUE,http://www.CLIENT_X.dk/,Existing CM Trackers-Found,,,,,
www.CLIENT_X.dk,Essential cookies,CLIENT_X - Denmark,HTTP Cookie,bench_new_T3_14673,,,,,Existing CM Trackers-Not Found,,,,,
CLIENT_X.dk,Essential cookies,CLIENT_X - Denmark,HTTP Cookie,bench_new_T3_15969,,400,,https://www.CLIENT_X.dk/a-w/about,Existing CM Trackers-Found,,,,,
CLIENT_X.dk,Essential cookies,CLIENT_X - Denmark,HTTP Cookie,_ga_failed_lookup_marker_9_1929,,400,FALSE,https://www.CLIENT_X.dk/a-w/about,Existing CM Trackers-Found,,,,,
versuni.scene7.com,Performance cookies,Adobe Experience Cloud - Experience Manager,ETag,bench_new_T3_15864,,,,,Existing CM Trackers-Not Found,,,,,
www.assets.signify.com,Performance cookies,Signify (formerly CLIENT_X Lighting),ETag,_ga_failed_lookup_marker_9_1931,,,,,Existing CM Trackers-Not Found,,,,,
CLIENT_X.dk,Essential cookies,CLIENT_X - Denmark,HTTP Cookie,bench_new_T3_14859,,365,TRUE,https://www.CLIENT_X.dk/a-w/about,Existing CM Trackers-Found,,,,,
stats.g.doubleclick.net,Targeted Advertising cookies (including social media),Google Advertising Products,Beacon,bench_new_T3_15013,,,TRUE,http://www.CLIENT_X.dk/,Existing CM Trackers-Found,,,,,
company-target.com,Targeted Advertising cookies (including social media),"Demandbase, Inc.",HTTP Cookie,_ga_failed_lookup_marker_9_1934,,396,TRUE,https://www.CLIENT_X.dk/a-w/about,Existing CM Trackers-Found,,,,,
cdn-scripts.signifyd.com,Essential cookies,Signifyd,ETag,bench_new_T3_15887,,,TRUE,http://www.CLIENT_X.dk/,Existing CM Trackers-Found,,,,,
www.tco.lighting.CLIENT_X.com,Performance cookies,Koninklijke CLIENT_X N.V.,ETag,bench_new_T3_15280,,,,,Existing CM Trackers-Not Found,,,,,
*.t.eloqua.com,Targeted Advertising cookies (including social media),Oracle Marketing,Beacon,bench_new_T3_14586,,,,https://www.CLIENT_X.dk/healthcare/e/sleep/communications/src-update,Existing CM Trackers-Found,,,,,
www.CLIENT_X.dk,Essential cookies,CLIENT_X - Denmark,HTTP Cookie,bench_new_T3_15046,,session,,http://www.CLIENT_X.dk/,Existing CM Trackers-Found,,,,,
custom.yieldify.com,Targeted Advertising cookies (including social media),Yieldify,ETag,bench_new_T3_15259,,,TRUE,http://www.CLIENT_X.dk/,Existing CM Trackers-Found,,,,,
doubleclick.net,Targeted Advertising cookies (including social media),Google Advertising Products,HTTP Cookie,bench_new_T3_15780,,,,,Existing CM Trackers-Not Found,,,,,
www.CLIENT_X.dk,Essential cookies,CLIENT_X - Denmark,HTTP Cookie,bench_new_T3_15102,,1,TRUE,http://www.CLIENT_X.dk/,Existing CM Trackers-Found,,,,,
www.facebook.com,Targeted Advertising cookies (including social media),Meta (formerly Facebook),Beacon,bench_new_T3_15058,,,TRUE,http://www.CLIENT_X.dk/,Existing CM Trackers-Found,,,,,
www.lighting.CLIENT_X.com,Performance cookies,Signify (formerly CLIENT_X Lighting),ETag,bench_new_T3_14402,,,,,Existing CM Trackers-Not Found,,,,,
youtube.com,Targeted Advertising cookies (including social media),Google Advertising Products,HTTP Cookie,bench_new_T3_14473,,session,TRUE,https://www.CLIENT_X.dk/c-e/au/autolamper/artikler-om-biler.html,Existing CM Trackers-Found,,,,,
www.gstatic.com,Performance cookies,Google Inc.,JavaScript,bench_new_T3_15440,,,TRUE,https://www.CLIENT_X.dk/c-e/member,Existing CM Trackers-Found,,,,,
*.fls.doubleclick.net,Targeted Advertising cookies (including social media),Google Advertising Products,Beacon,_ga_failed_lookup_marker_9_1946,,,,,Existing CM Trackers-Not Found,,,,,
maps.googleapis.com,Performance cookies,Google Inc.,ETag,bench_new_T3_15628,,,TRUE,https://www.CLIENT_X.dk/c-m-au/autolamper/store-locator,Existing CM Trackers-Found,,,,,
cdn.speedcurve.com,Performance cookies,Speedcurve,JavaScript,bench_new_T3_15742,,,,http://www.CLIENT_X.dk/,New Third Party Trackers,,,,,
*.online-metrix.net,Performance cookies,LexisNexis Risk Solutions (formerly ThreatMetrix),JavaScript,bench_new_T3_15082,,,,https://www.CLIENT_X.dk/c-p/LUMUD1004WX1_10/-,Existing CM Trackers-Found,,,,,
imgs.signifyd.com,Essential cookies,Signifyd,Local Storage,bench_new_T3_15256,,,TRUE,https://www.CLIENT_X.dk/,Existing CM Trackers-Found,,,,,
tags.creativecdn.com,Targeted Advertising cookies (including social media),RTB House S.A.,JavaScript,_ga_failed_lookup_marker_9_1951,,,,,Existing CM Trackers-Not Found,,,,,
maps.googleapis.com,Performance cookies,Google Inc.,JavaScript,bench_new_T3_14556,,,TRUE,https://www.CLIENT_X.dk/c-m-au/autolamper/store-locator,Existing CM Trackers-Found,,,,,
www.gearselectiontool.lighting.CLIENT_X.com,Performance cookies,Signify (formerly CLIENT_X Lighting),ETag,bench_new_T3_14689,,,,,Existing CM Trackers-Not Found,,,,,
d.la11-core1.sfdc-cehfhs.salesforceliveagent.com,Performance cookies,"salesforce.com, inc.",JavaScript,bench_new_T3_15428,,,,,Existing CM Trackers-Not Found,,,,,
smetrics.marketing.lighting.CLIENT_X.com,Targeted Advertising cookies (including social media),Koninklijke CLIENT_X N.V.,JavaScript,bench_new_T3_15182,,,,,Existing CM Trackers-Not Found,,,,,
CLIENT_X.dk,Essential cookies,CLIENT_X - Denmark,HTTP Cookie,bench_new_T3_15118,,,,,Existing CM Trackers-Not Found,,,,,
www.CLIENT_X.com.tw,Essential cookies (exempt from consent),CLIENT_X - Taiwan,HTTP Cookie,_scid_r,,390,TRUE,https://www.CLIENT_X.dk/c-e/shop/ho/husholdning-bestsellere.html,Existing CM Trackers-Found,,,,,
d.la1-c2-par.salesforceliveagent.com,Performance cookies,"salesforce.com, inc.",JavaScript,bench_new_T3_14755,,,,,Existing CM Trackers-Not Found,,,,,
*.salesforceliveagent.com,Performance cookies,"salesforce.com, inc.",JavaScript,bench_new_T3_14553,,,,,Existing CM Trackers-Not Found,,,,,
www.CLIENT_X.gr,Essential cookies (exempt from consent),CLIENT_X - Greece,HTTP Cookie,AWSELBCORS,,0,TRUE,https://www.CLIENT_X.dk/myCLIENT_X#/register-new-product/form/SP9872_22,Existing CM Trackers-Found,,,,,
CLIENT_X.com.br,Essential cookies (exempt from consent),CLIENT_X - Brazil,HTTP Cookie,_hjTLDTest,,bench_update_duration,,http://www.CLIENT_X.dk/,New First Party Trackers,,,,,
www.CLIENT_X.dk,Essential cookies,CLIENT_X - Denmark,HTTP Cookie,bench_new_T3_15101,,,,,Existing CM Trackers-Not Found,,,,,
tremorhub.com,Targeted Advertising cookies (including social media),"Magnite CTV, Inc.",HTTP Cookie,_ga_failed_lookup_marker_9_1963,,400,TRUE,https://www.CLIENT_X.dk/a-w/about,Existing CM Trackers-Found,,,,,
apps.mypurecloud.de,Performance cookies,Genesys,ETag,bench_new_T3_14771,,,,,Existing CM Trackers-Not Found,,,,,
www.CLIENT_X.dk,Essential cookies,CLIENT_X - Denmark,HTTP Cookie,bench_new_T3_15344,,1,TRUE,http://www.CLIENT_X.dk/,Existing CM Trackers-Found,,,,,
www.gearselectiontool.lighting.CLIENT_X.com,Performance cookies,Signify (formerly CLIENT_X Lighting),JavaScript,bench_new_T3_15351,,,,,Existing CM Trackers-Not Found,,,,,
*.akstat.io,Performance cookies,Akamai,Beacon,bench_new_T3_15751,,,,,Existing CM Trackers-Not Found,,,,,
img.en25.com,Targeted Advertising cookies (including social media),Oracle Marketing,JavaScript,bench_new_T3_15431,,,TRUE,https://www.CLIENT_X.dk/healthcare/e/sleep/communications/src-update,Existing CM Trackers-Found,,,,,
sc-static.net,Targeted Advertising cookies (including social media),Snap Inc.,ETag,bench_new_T3_15491,,,TRUE,https://www.CLIENT_X.dk/c-m-ho/badevaerelselosninger,Existing CM Trackers-Found,,,,,
CLIENT_X.dk,Essential cookies,CLIENT_X - Denmark,HTTP Cookie,bench_new_T3_15053,,393,TRUE,https://www.CLIENT_X.dk/a-w/about,Existing CM Trackers-Found,,,,,
imgs.signifyd.com,Essential cookies,Signifyd,Local Storage,bench_new_T3_15356,,,TRUE,https://www.CLIENT_X.dk/,Existing CM Trackers-Found,,,,,
cdn.jsdelivr.net,Performance cookies,Volentio JSD Limited,ETag,bench_new_T3_14551,,,,,Existing CM Trackers-Not Found,,,,,
www.CLIENT_X.dk,Essential cookies,CLIENT_X - Denmark,HTTP Cookie,bench_new_T3_14968,,7,,http://www.CLIENT_X.dk/,New First Party Trackers,,,,,
snapchat.com,Targeted Advertising cookies (including social media),Snap Inc.,HTTP Cookie,bench_new_T3_15986,,390,TRUE,https://www.CLIENT_X.dk/c-e/shop/ho/husholdning-bestsellere.html,Existing CM Trackers-Found,,,,,
apps.mypurecloud.de,Performance cookies,Genesys,JavaScript,bench_new_T3_15810,,,,,Existing CM Trackers-Not Found,,,,,
www.CLIENT_X.dk,Essential cookies,CLIENT_X - Denmark,HTTP Cookie,bench_new_T3_14869,,365,TRUE,http://www.CLIENT_X.dk/,Existing CM Trackers-Found,,,,,
www.CLIENT_X.co.kr,Essential cookies (exempt from consent),CLIENT_X - Korea,HTTP Cookie,_schn3,,bench_update_duration,TRUE,http://www.CLIENT_X.dk/,Existing CM Trackers-Found,,,,,
www.lighting.CLIENT_X.com.vn,Essential cookies (exempt from consent),Signify (formerly CLIENT_X Lighting),HTTP Cookie,s_sid,,,,https://www.CLIENT_X.dk/healthcare/medical-specialties/mother-and-child-care,New Third Party Trackers,,,,,
imgs.signifyd.com,Essential cookies,Signifyd,HTTP Cookie,_ga_failed_lookup_marker_9_1979,,390,TRUE,https://www.CLIENT_X.dk/,Existing CM Trackers-Found,,,,,
www.CLIENT_X.dk,Essential cookies,CLIENT_X - Denmark,HTTP Cookie,bench_new_T3_15103,,0,,http://www.CLIENT_X.dk/,New First Party Trackers,,,,,
CLIENT_X.dk,Essential cookies,CLIENT_X - Denmark,HTTP Cookie,bench_new_T3_15237,,400,TRUE,https://www.CLIENT_X.dk/a-w/about,Existing CM Trackers-Found,,,,,
koninklijkeCLIENT_Xnvproduction2k8xfrmr.org.coveo.com,Performance cookies,Coveo Solutions Inc.,Beacon,bench_new_T3_14999,,,,https://www.CLIENT_X.dk/a-w/about/news/all-news.html,New Third Party Trackers,,,,,
CLIENT_X.dk,Essential cookies,CLIENT_X - Denmark,HTTP Cookie,bench_new_T3_14877,,90,TRUE,https://www.CLIENT_X.dk/a-w/about,Existing CM Trackers-Found,,,,,
api-cdn.mypurecloud.de,Performance cookies,Genesys,ETag,bench_new_T3_15264,,,,,Existing CM Trackers-Not Found,,,,,
doubleclick.net,Targeted Advertising cookies (including social media),Google Advertising Products,HTTP Cookie,bench_new_T3_15736,,30,TRUE,https://www.CLIENT_X.dk/a-w/about,Existing CM Trackers-Found,,,,,
www.CLIENT_X.dk,Essential cookies,CLIENT_X - Denmark,JavaScript,bench_new_T3_15125,,,TRUE,http://www.CLIENT_X.dk/,Existing CM Trackers-Found,,,,,
www.lighting.CLIENT_X.com,Performance cookies,Signify (formerly CLIENT_X Lighting),ETag,_ga_failed_lookup_marker_9_1987,,,,,Existing CM Trackers-Not Found,,,,,
*.mktoweb.com,Targeted Advertising cookies (including social media),Marketo,ETag,bench_new_T3_15717,,,,,Existing CM Trackers-Not Found,,,,,
*.mktoweb.com,Targeted Advertising cookies (including social media),Marketo,Local Storage,_ga_failed_lookup_marker_9_1989,,,,,Existing CM Trackers-Not Found,,,,,
tag-logger.demandbase.com,Targeted Advertising cookies (including social media),"Demandbase, Inc.",ETag,bench_new_T3_15049,,,,https://www.CLIENT_X.dk/healthcare/medical-specialties/mother-and-child-care,New Third Party Trackers,,,,,
www.CLIENT_X.co.nz,Essential cookies (exempt from consent),CLIENT_X - New Zealand,HTTP Cookie,p-gc35,,bench_update_duration,,http://www.CLIENT_X.dk/,New First Party Trackers,,,,,
lux.speedcurve.com,Performance cookies,Speedcurve,JavaScript,bench_new_T3_15556,,,,https://www.CLIENT_X.dk/healthcare/enterprise-solutions/orthopedic-surgery-solutions,New Third Party Trackers,,,,,
*.mktoweb.com,Targeted Advertising cookies (including social media),Marketo,Local Storage,bench_new_T3_15811,,,,,Existing CM Trackers-Not Found,,,,,
h64.online-metrix.net,Performance cookies,LexisNexis Risk Solutions (formerly ThreatMetrix),JavaScript,bench_new_T3_15381,,,TRUE,https://www.CLIENT_X.dk/c-p/LUMUD1004WX1_10/-,Existing CM Trackers-Found,,,,,
www.dictation.CLIENT_X.com,Essential cookies (exempt from consent),Koninklijke CLIENT_X N.V.,HTTP Cookie,visitor_id790813-hash,,bench_update_duration,,https://www.CLIENT_X.dk/c-e/pe/mens-grooming-welcome.html,New Third Party Trackers,,,,,
snap.licdn.com,Performance cookies,LinkedIn,JavaScript,bench_new_T3_15246,,,TRUE,https://www.CLIENT_X.dk/c-e/shop/ho/household-refurbished-shop.html,Existing CM Trackers-Found,,,,,
www.docs.lighting.CLIENT_X.com,Performance cookies,Signify (formerly CLIENT_X Lighting),ETag,bench_new_T3_14800,,,,,Existing CM Trackers-Not Found,,,,,
www.lighting.CLIENT_X.co.in,Essential cookies (exempt from consent),Signify (formerly CLIENT_X Lighting),HTTP Cookie,BCTempID,,bench_update_duration,TRUE,https://www.CLIENT_X.dk/a-w/about,Existing CM Trackers-Found,,,,,
CLIENT_X.dk,Essential cookies,CLIENT_X - Denmark,HTTP Cookie,_ga_failed_lookup_marker_9_1999,,,,,Existing CM Trackers-Not Found,,,,,
