tracking_domain,consent_category,vendor_name,tracker_type,tracker_name,tracker_purpose,tracker_duration,3rd_party_sharing,first_found_at,party_type,vendor_description,modified,consent_category_new,tracker_purpose_[language code],vendor_description_[language code]
CLIENT_X.co.uk,Essential cookies (exempt from consent),CLIENT_X - United Kingdom,HTTP Cookie,_gcl_au,,,,,Existing CM Trackers-Not Found,,,,,
www.healthcare.shop.CLIENT_X.nl,Essential cookies,CLIENT_X - Netherlands,HTTP Cookie,bench_new_T3_33030,,,,,Existing CM Trackers-Not Found,,,,,
CLIENT_X.nl,Essential cookies,CLIENT_X - Netherlands,HTTP Cookie,bench_new_T3_32655,,393,TRUE,https://www.CLIENT_X.nl/c-e/ho/recall-perfectcare-8000-9000-elite-series,Existing CM Trackers-Found,,,,,
www.CLIENT_X.com.tw,Essential cookies (exempt from consent),CLIENT_X - Taiwan,HTTP Cookie,p-hc-specialty,,bench_update_duration,TRUE,https://www.CLIENT_X.nl/c-p/HX9992_12/sonicare-9900-prestige-elektrische-tandenborstel-met-senseiq,Existing CM Trackers-Found,,,,,
lighting.CLIENT_X.nl,Performance cookies,Signify (formerly CLIENT_X Lighting),HTTP Cookie,bench_new_T3_32077,,,,,Existing CM Trackers-Not Found,,,,,
CLIENT_X.co.za,Essential cookies (exempt from consent),CLIENT_X - South Africa,HTTP Cookie,iadvize-8005-vuid,,bench_update_duration,,,Existing CM Trackers-Not Found,,,,,
CLIENT_X.nl,Essential cookies,CLIENT_X - Netherlands,HTTP Cookie,bench_new_T3_32012,,session,TRUE,https://www.CLIENT_X.nl/c-e/ho/recall-perfectcare-8000-9000-elite-series,Existing CM Trackers-Found,,,,,
cdnjs.cloudflare.com,Performance cookies,Cloudflare,ETag,bench_new_T3_32016,,,,,Existing CM Trackers-Not Found,,,,,
lighting.CLIENT_X.nl,Essential cookies,Signify (formerly CLIENT_X Lighting),Local Storage,bench_new_T3_33468,,,,,Existing CM Trackers-Not Found,,,,,
CLIENT_X.ro,Essential cookies (exempt from consent),CLIENT_X - Romania,HTTP Cookie,mboxEdgeCluster,,,,,Existing CM Trackers-Not Found,,,,,
CLIENT_X.nl,Essential cookies,CLIENT_X - Netherlands,HTTP Cookie,bench_new_T3_32951,,,,https://www.CLIENT_X.nl/c-e/ho/recall-perfectcare-8000-9000-elite-series,Existing CM Trackers-Not Found,,,,,
CLIENT_X.nl,Essential cookies,CLIENT_X - Netherlands,HTTP Cookie,bench_new_T3_32896,,0,TRUE,https://www.CLIENT_X.nl/c-e/ho/recall-perfectcare-8000-9000-elite-series,Existing CM Trackers-Found,,,,,
clarity.ms,Performance cookies,Microsoft,HTTP Cookie,bench_new_T3_32006,,,,,Existing CM Trackers-Not Found,,,,,
www.static.accounts.CLIENT_X.com,Essential cookies,Koninklijke CLIENT_X N.V.,JavaScript,bench_new_T3_32367,,,,,Existing CM Trackers-Not Found,,,,,
maps.googleapis.com,Performance cookies,Google Inc.,JavaScript,_ga_failed_lookup_marker_20_14,,,TRUE,https://www.CLIENT_X.nl/c-m-au/autoverlichting/store-locator,Existing CM Trackers-Found,,,,,
www.CLIENT_X.nl,Essential cookies,CLIENT_X - Netherlands,HTTP Cookie,bench_new_T3_33562,,30,,https://www.CLIENT_X.nl/c-p/HX9552_33/-/ondersteuning,New First Party Trackers,,,,,
www.abonnementen.CLIENT_X.nl,Essential cookies,CLIENT_X - Netherlands,JavaScript,bench_new_T3_33041,,,,,Existing CM Trackers-Not Found,,,,,
terracycle.com,Targeted Advertising cookies (including social media),TerraCycle,Local Storage,bench_new_T3_33534,,,,,Existing CM Trackers-Not Found,,,,,
CLIENT_X.nl,Essential cookies,CLIENT_X - Netherlands,HTTP Cookie,bench_new_T3_32834,,365,TRUE,https://www.CLIENT_X.nl/c-e/ho/recall-perfectcare-8000-9000-elite-series,Existing CM Trackers-Found,,,,,
www.CLIENT_X.ng,Essential cookies (exempt from consent),CLIENT_X - Nigeria,HTTP Cookie,kampyleUserSession,,bench_update_duration,TRUE,https://www.CLIENT_X.nl/c-e/ho/recall-perfectcare-8000-9000-elite-series,Existing CM Trackers-Found,,,,,
CLIENT_X.nl,Essential cookies,CLIENT_X - Netherlands,HTTP Cookie,bench_new_T3_32000,,,,https://www.CLIENT_X.nl/c-e/ho/recall-perfectcare-8000-9000-elite-series,Existing CM Trackers-Not Found,,,,,
lighting.CLIENT_X.nl,Essential cookies,Signify (formerly CLIENT_X Lighting),HTTP Cookie,bench_new_T3_33230,,,,,Existing CM Trackers-Not Found,,,,,
koninklijkeCLIENT_Xnvproduction2k8xfrmr.analytics.org.coveo.com,Performance cookies,Coveo Solutions Inc.,Beacon,bench_new_T3_33597,,,TRUE,https://www.CLIENT_X.nl/c-p/HX9992_12/sonicare-9900-prestige-elektrische-tandenborstel-met-senseiq,Existing CM Trackers-Found,,,,,
*.en25.com,Targeted Advertising cookies (including social media),Oracle Marketing,JavaScript,_ga_failed_lookup_marker_20_23,,,,https://www.CLIENT_X.nl/healthcare,Existing CM Trackers-Found,,,,,
www.crsc.lighting.CLIENT_X.com,Performance cookies,Signify (formerly CLIENT_X Lighting),ETag,bench_new_T3_33177,,,,,Existing CM Trackers-Not Found,,,,,
*.mktoweb.com,Targeted Advertising cookies (including social media),Marketo,HTTP Cookie,bench_new_T3_33065,,,,,Existing CM Trackers-Not Found,,,,,
respirtech.com,Essential cookies (exempt from consent),RespirTech,HTTP Cookie,_gid,,,,,Existing CM Trackers-Not Found,,,,,
cdn.tt.omtrdc.net,Performance cookies,"Adobe Audience Manager, Adobe Experience Platform",ETag,bench_new_T3_32490,,,,,Existing CM Trackers-Not Found,,,,,
assets.adoberesources.net,Performance cookies,Adobe Inc.,JavaScript,bench_new_T3_32882,,,,,Existing CM Trackers-Not Found,,,,,
assets.adobedtm.com,Performance cookies,Adobe Inc.,JavaScript,bench_new_T3_33381,,,,,Existing CM Trackers-Not Found,,,,,
www.usa.CLIENT_X.com,Essential cookies (exempt from consent),Koninklijke CLIENT_X N.V.,HTTP Cookie,user_country,,,,,Existing CM Trackers-Not Found,,,,,
CLIENT_X.nl,Essential cookies,CLIENT_X - Netherlands,HTTP Cookie,bench_new_T3_32614,,7,TRUE,https://www.CLIENT_X.nl/c-e/ho/recall-perfectcare-8000-9000-elite-series,Existing CM Trackers-Found,,,,,
casalemedia.com,Targeted Advertising cookies (including social media),Index Exchange Inc.,HTTP Cookie,_ga_failed_lookup_marker_20_32,,365,TRUE,https://www.CLIENT_X.nl/a-w/about,Existing CM Trackers-Found,,,,,
connect.facebook.net,Targeted Advertising cookies (including social media),Meta (formerly Facebook),JavaScript,bench_new_T3_32944,,,TRUE,http://www.CLIENT_X.nl/,Existing CM Trackers-Found,,,,,
CLIENT_X.com.au,Essential cookies (exempt from consent),CLIENT_X - Australia,HTTP Cookie,_schn2,,session,TRUE,https://www.CLIENT_X.nl/c-e/hs/slaapapneu/i-think-i-might-have-sleep-apnea/getting-diagnosed,Existing CM Trackers-Found,,,,,
youtube.com,Targeted Advertising cookies (including social media),Google Advertising Products,HTTP Cookie,bench_new_T3_32194,,180,,https://www.CLIENT_X.nl/c-e/hs/slaapapneu/i-think-i-might-have-sleep-apnea/getting-diagnosed,New Third Party Trackers,,,,,
scripts.clarity.ms,Performance cookies,Microsoft,ETag,bench_new_T3_32907,,,,https://www.CLIENT_X.nl/c-e/ho/recall-perfectcare-8000-9000-elite-series,New Third Party Trackers,,,,,
CLIENT_X.co.uk,Essential cookies,CLIENT_X - United Kingdom,HTTP Cookie,bench_new_T3_33212,,,,,Existing CM Trackers-Not Found,,,,,
www.CLIENT_X.co.uk,Performance cookies,CLIENT_X - United Kingdom,ETag,bench_new_T3_32281,,,,,Existing CM Trackers-Not Found,,,,,
www.CLIENT_X.nl,Essential cookies,CLIENT_X - Netherlands,HTTP Cookie,bench_new_T3_32406,,0,,https://www.CLIENT_X.nl/c-p/HX9552_33/-/ondersteuning,New First Party Trackers,,,,,
www.CLIENT_X.nl,Essential cookies,CLIENT_X - Netherlands,HTTP Cookie,bench_new_T3_33077,,session,TRUE,https://www.CLIENT_X.nl/c-p/HX9552_33/-/ondersteuning,Existing CM Trackers-Found,,,,,
www.eu-west-1.api.CLIENT_X.com,Targeted Advertising cookies (including social media),Koninklijke CLIENT_X N.V.,Beacon,bench_new_T3_33243,,,,https://www.CLIENT_X.nl/c-e/shop/checkout,New Third Party Trackers,,,,,
www.CLIENT_X-foundation.com,Targeted Advertising cookies (including social media),CLIENT_X Foundation,HTTP Cookie,bench_new_T3_32498,,7,,https://www.CLIENT_X.nl/healthcare/about/support,New Third Party Trackers,,,,,
*.akstat.io,Performance cookies,Akamai,Beacon,bench_new_T3_32157,,,,https://www.CLIENT_X.nl/c-p/HX4046_52/4100-rechargeable-toothbrush,Existing CM Trackers-Found,,,,,
cdn.jsdelivr.net,Performance cookies,Volentio JSD Limited,ETag,bench_new_T3_32297,,,,,Existing CM Trackers-Not Found,,,,,
www.youtube.com,Targeted Advertising cookies (including social media),Google Advertising Products,JavaScript,bench_new_T3_32145,,,TRUE,https://www.CLIENT_X.nl/c-e/hs/slaapapneu/i-think-i-might-have-sleep-apnea/getting-diagnosed,Existing CM Trackers-Found,,,,,
imgs.signifyd.com,Essential cookies,Signifyd,JavaScript,bench_new_T3_33209,,,TRUE,https://www.CLIENT_X.nl/c-p/MS592_50/-,Existing CM Trackers-Found,,,,,
www.crsc.CLIENT_X.com,Targeted Advertising cookies (including social media),Koninklijke CLIENT_X N.V.,JavaScript,bench_new_T3_33521,,,TRUE,https://www.CLIENT_X.nl/shop/order-search/search-input,Existing CM Trackers-Found,,,,,
js-cdn.music.apple.com,Performance cookies,Apple Inc.,ETag,bench_new_T3_32887,,,,https://www.CLIENT_X.nl/a-w/about/milieu-maatschappij-governance-esg/partnerships/BNR-FD,New Third Party Trackers,,,,,
CLIENT_X.112.2o7.net,Performance cookies,"Adobe Audience Manager, Adobe Experience Cloud",HTTP Cookie,bench_new_T3_33570,,400,,https://www.CLIENT_X.nl/a-w/about,New Third Party Trackers,,,,,
respirtech.com,Essential cookies (exempt from consent),RespirTech,HTTP Cookie,_fbp,,,TRUE,https://www.CLIENT_X.nl/c-p/MS592_50/-,Existing CM Trackers-Found,,,,,
assets.adoberesources.net,Performance cookies,Adobe Inc.,ETag,bench_new_T3_32832,,,,,Existing CM Trackers-Not Found,,,,,
CLIENT_X.nl,Essential cookies,CLIENT_X - Netherlands,HTTP Cookie,bench_new_T3_32272,,0,TRUE,https://www.CLIENT_X.nl/c-e/ho/recall-perfectcare-8000-9000-elite-series,Existing CM Trackers-Found,,,,,
s2.go-mpulse.net,Performance cookies,Akamai,JavaScript,bench_new_T3_32181,,,TRUE,http://www.CLIENT_X.nl/,Existing CM Trackers-Found,,,,,
www.google.com,Targeted Advertising cookies (including social media),Google Inc.,Beacon,bench_new_T3_33297,,,TRUE,http://www.CLIENT_X.nl/,Existing CM Trackers-Found,,,,,
www.gearselectiontool.lighting.CLIENT_X.com,Performance cookies,Signify (formerly CLIENT_X Lighting),ETag,bench_new_T3_32346,,,,,Existing CM Trackers-Not Found,,,,,
www.gstatic.com,Performance cookies,Google Inc.,JavaScript,bench_new_T3_33474,,,TRUE,https://www.CLIENT_X.nl/c-e/member,Existing CM Trackers-Found,,,,,
versuni.scene7.com,Performance cookies,Adobe Experience Cloud - Experience Manager,ETag,bench_new_T3_32859,,,,,Existing CM Trackers-Not Found,,,,,
www.tco.lighting.CLIENT_X.com,Performance cookies,Koninklijke CLIENT_X N.V.,ETag,bench_new_T3_32566,,,,,Existing CM Trackers-Not Found,,,,,
www.lighting.CLIENT_X.com.vn,Essential cookies (exempt from consent),Signify (formerly CLIENT_X Lighting),HTTP Cookie,s_sid,,1,TRUE,https://www.CLIENT_X.nl/c-e/ho/recall-perfectcare-8000-9000-elite-series,Existing CM Trackers-Found,,,,,
images.CLIENT_X.com,Essential cookies,Koninklijke CLIENT_X N.V.,JavaScript,bench_new_T3_32814,,,TRUE,https://www.CLIENT_X.nl/c-f/XC000019201/hoe-reinig-en-desinfecteer-ik-de-CLIENT_X-avent-borstkolf,Existing CM Trackers-Found,,,,,
image-cdn-fa.spotifycdn.com,Performance cookies,Spotify,ETag,bench_new_T3_32682,,,,https://www.CLIENT_X.nl/a-w/about/milieu-maatschappij-governance-esg/partnerships/BNR-FD,New Third Party Trackers,,,,,
ct.pinterest.com,Targeted Advertising cookies (including social media),Pinterest,JavaScript,_ga_failed_lookup_marker_20_62,,,,,Existing CM Trackers-Not Found,,,,,
CLIENT_X.nl,Essential cookies,CLIENT_X - Netherlands,HTTP Cookie,bench_new_T3_32737,,,,,Existing CM Trackers-Not Found,,,,,
CLIENT_X.jo,Essential cookies (exempt from consent),CLIENT_X - Jordan,HTTP Cookie,_ga,,bench_update_duration,,,Existing CM Trackers-Not Found,,,,,
www.lighting.CLIENT_X.nl,Essential cookies,Signify (formerly CLIENT_X Lighting),HTTP Cookie,bench_new_T3_33430,,,,,Existing CM Trackers-Not Found,,,,,
www.crsc.CLIENT_X.com,Targeted Advertising cookies (including social media),Koninklijke CLIENT_X N.V.,JavaScript,_ga_failed_lookup_marker_20_66,,,TRUE,https://www.CLIENT_X.nl/shop/order-search/search-input,Existing CM Trackers-Found,,,,,
www.static.accounts.CLIENT_X.com,Essential cookies,Koninklijke CLIENT_X N.V.,JavaScript,_ga_failed_lookup_marker_20_67,,,,,Existing CM Trackers-Not Found,,,,,
www.lighting.CLIENT_X.nl,Essential cookies,Signify (formerly CLIENT_X Lighting),HTTP Cookie,bench_new_T3_32505,,,,,Existing CM Trackers-Not Found,,,,,
CLIENT_X.nl,Essential cookies,CLIENT_X - Netherlands,HTTP Cookie,_ga_failed_lookup_marker_20_69,,393,TRUE,https://www.CLIENT_X.nl/c-e/ho/recall-perfectcare-8000-9000-elite-series,Existing CM Trackers-Found,,,,,
CLIENT_X.nl,Essential cookies,CLIENT_X - Netherlands,HTTP Cookie,bench_new_T3_32599,,0,TRUE,https://www.CLIENT_X.nl/c-e/ho/recall-perfectcare-8000-9000-elite-series,Existing CM Trackers-Found,,,,,
CLIENT_X.nl,Essential cookies,CLIENT_X - Netherlands,HTTP Cookie,bench_new_T3_33593,,,,,Existing CM Trackers-Not Found,,,,,
ct.pinterest.com,Targeted Advertising cookies (including social media),Pinterest,JavaScript,bench_new_T3_32880,,,,,Existing CM Trackers-Not Found,,,,,
CLIENT_X.nl,Essential cookies,CLIENT_X - Netherlands,HTTP Cookie,bench_new_T3_33568,,90,,https://www.CLIENT_X.nl/c-e/ho/recall-perfectcare-8000-9000-elite-series,New First Party Trackers,,,,,
static.iadvize.com,Targeted Advertising cookies (including social media),iAdvize,JavaScript,bench_new_T3_32316,,,TRUE,https://www.CLIENT_X.nl/c-e/ho/recall-perfectcare-8000-9000-elite-series,Existing CM Trackers-Found,,,,,
fonts.yieldify-production.com,Targeted Advertising cookies (including social media),Yieldify,ETag,bench_new_T3_32189,,,,,Existing CM Trackers-Not Found,,,,,
consent-pref.trustarc.com,Essential cookies,TrustArc,JavaScript,bench_new_T3_32954,,,TRUE,http://www.CLIENT_X.nl/,Existing CM Trackers-Found,,,,,
cdn.botframework.com,Performance cookies,Microsoft Bot Framework,ETag,bench_new_T3_33127,,,,,Existing CM Trackers-Not Found,,,,,
www.CLIENT_X.nl,Essential cookies,CLIENT_X - Netherlands,JavaScript,bench_new_T3_32991,,,TRUE,http://www.CLIENT_X.nl/,Existing CM Trackers-Found,,,,,
CLIENT_X.nl,Essential cookies,CLIENT_X - Netherlands,HTTP Cookie,bench_new_T3_32967,,,,,Existing CM Trackers-Not Found,,,,,
www.googleapis.com,Performance cookies,Google Inc.,JavaScript,bench_new_T3_33134,,,TRUE,https://www.CLIENT_X.nl/c-f/XC000004909/hoe-gebruik-ik-de-opzetstukken-van-mijn-CLIENT_X-epilator,Existing CM Trackers-Found,,,,,
www.abonnementen.CLIENT_X.nl,Essential cookies,CLIENT_X - Netherlands,HTTP Cookie,bench_new_T3_32747,,,,,Existing CM Trackers-Not Found,,,,,
www.accounts.CLIENT_X.com,Essential cookies,Koninklijke CLIENT_X N.V.,ETag,bench_new_T3_32770,,,,,Existing CM Trackers-Not Found,,,,,
c.clarity.ms,Performance cookies,Microsoft,HTTP Cookie,_ga_failed_lookup_marker_20_83,,,,,Existing CM Trackers-Not Found,,,,,
www.healthcare.shop.CLIENT_X.nl,Essential cookies,CLIENT_X - Netherlands,HTTP Cookie,bench_new_T3_32911,,,,,Existing CM Trackers-Not Found,,,,,
www.accounts.CLIENT_X.com,Essential cookies,Koninklijke CLIENT_X N.V.,JavaScript,bench_new_T3_32970,,,,,Existing CM Trackers-Not Found,,,,,
CLIENT_X.nl,Essential cookies,CLIENT_X - Netherlands,HTTP Cookie,bench_new_T3_33483,,0,TRUE,https://www.CLIENT_X.nl/c-e/ho/recall-perfectcare-8000-9000-elite-series,Existing CM Trackers-Found,,,,,
CLIENT_X.nl,Essential cookies,CLIENT_X - Netherlands,HTTP Cookie,bench_new_T3_32906,,,,https://www.CLIENT_X.nl/c-e/ho/recall-perfectcare-8000-9000-elite-series,Existing CM Trackers-Not Found,,,,,
www.CLIENT_X.nl,Essential cookies,CLIENT_X - Netherlands,HTTP Cookie,bench_new_T3_33451,,0,TRUE,https://www.CLIENT_X.nl/c-p/HX9552_33/-/ondersteuning,Existing CM Trackers-Found,,,,,
CLIENT_X.nl,Essential cookies,CLIENT_X - Netherlands,HTTP Cookie,bench_new_T3_32020,,90,TRUE,https://www.CLIENT_X.nl/c-e/ho/recall-perfectcare-8000-9000-elite-series,Existing CM Trackers-Found,,,,,
www.lighting.CLIENT_X.nl,Essential cookies,Signify (formerly CLIENT_X Lighting),HTTP Cookie,bench_new_T3_33173,,,,,Existing CM Trackers-Not Found,,,,,
www.horticulture-partnertool.lighting.CLIENT_X.com,Performance cookies,Signify (formerly CLIENT_X Lighting),JavaScript,bench_new_T3_32192,,,,,Existing CM Trackers-Not Found,,,,,
CLIENT_X.nl,Essential cookies,CLIENT_X - Netherlands,HTTP Cookie,bench_new_T3_32250,,400,TRUE,https://www.CLIENT_X.nl/c-e/ho/recall-perfectcare-8000-9000-elite-series,Existing CM Trackers-Found,,,,,
www.CLIENT_X.ro,Essential cookies (exempt from consent),CLIENT_X - Romania,HTTP Cookie,fl_qualified_entry,,bench_update_duration,,,Existing CM Trackers-Not Found,,,,,
www.google.com,Targeted Advertising cookies (including social media),Google Inc.,Beacon,_ga_failed_lookup_marker_20_94,,,TRUE,http://www.CLIENT_X.nl/,Existing CM Trackers-Found,,,,,
CLIENT_X.com,Essential cookies,Koninklijke CLIENT_X N.V.,HTTP Cookie,bench_new_T3_32511,,,,,Existing CM Trackers-Not Found,,,,,
www.lighting.CLIENT_X.nl,Essential cookies,Signify (formerly CLIENT_X Lighting),HTTP Cookie,bench_new_T3_32413,,,,,Existing CM Trackers-Not Found,,,,,
www.lighting.CLIENT_X.com,Performance cookies,Signify (formerly CLIENT_X Lighting),ETag,bench_new_T3_33114,,,,,Existing CM Trackers-Not Found,,,,,
www.google.com,Targeted Advertising cookies (including social media),Google Inc.,JavaScript,_ga_failed_lookup_marker_20_98,,,TRUE,https://www.CLIENT_X.nl/c-e/member,Existing CM Trackers-Found,,,,,
CLIENT_X.nl,Essential cookies,CLIENT_X - Netherlands,HTTP Cookie,_ga_failed_lookup_marker_20_99,,,,,Existing CM Trackers-Not Found,,,,,
cdn.botframework.com,Performance cookies,Microsoft Bot Framework,JavaScript,bench_new_T3_33374,,,,,Existing CM Trackers-Not Found,,,,,
CLIENT_X.nl,Essential cookies,CLIENT_X - Netherlands,HTTP Cookie,bench_new_T3_33242,,90,TRUE,https://www.CLIENT_X.nl/c-e/ho/recall-perfectcare-8000-9000-elite-series,Existing CM Trackers-Found,,,,,
c.la1-c2-par.salesforceliveagent.com,Performance Cookies [Requires consent],"salesforce.com, inc.",JavaScript,-,,bench_update_duration,,,Existing CM Trackers-Not Found,,,,,
www.CLIENT_X.nl,Essential cookies,CLIENT_X - Netherlands,HTTP Cookie,bench_new_T3_33052,,0,TRUE,https://www.CLIENT_X.nl/c-p/HX9552_33/-/ondersteuning,Existing CM Trackers-Found,,,,,
analytics.tiktok.com,Targeted Advertising cookies (including social media),TikTok,JavaScript,bench_new_T3_33322,,,TRUE,http://www.CLIENT_X.nl/,Existing CM Trackers-Found,,,,,
www.CLIENT_X.nl,Performance cookies,CLIENT_X - Netherlands,HTTP Cookie,bench_new_T3_32359,,,,,Existing CM Trackers-Not Found,,,,,
www.CLIENT_X.com,Targeted Advertising cookies (including social media),Koninklijke CLIENT_X N.V.,ETag,bench_new_T3_33107,,,,https://www.CLIENT_X.nl/a-w/about/nieuws-achtergronden/alle-artikelen.html,New Third Party Trackers,,,,,
www.tienda.CLIENT_X.com.mx,Essential cookies (exempt from consent),CLIENT_X - Mexico,HTTP Cookie,VtexRCMacIdv7,,bench_update_duration,,,Existing CM Trackers-Not Found,,,,,
casalemedia.com,Targeted Advertising cookies (including social media),Index Exchange Inc.,HTTP Cookie,bench_new_T3_33535,,90,TRUE,https://www.CLIENT_X.nl/a-w/about,Existing CM Trackers-Found,,,,,
abonnementen.CLIENT_X.nl,Essential cookies,CLIENT_X - Netherlands,Local Storage,bench_new_T3_32872,,,,,Existing CM Trackers-Not Found,,,,,
maxosfusionconfigurator.lighting.CLIENT_X.com,Targeted Advertising cookies (including social media),Koninklijke CLIENT_X N.V.,Local Storage,bench_new_T3_33382,,,,,Existing CM Trackers-Not Found,,,,,
abonnementen.CLIENT_X.nl,Essential cookies,CLIENT_X - Netherlands,HTTP Cookie,bench_new_T3_33274,,,,,Existing CM Trackers-Not Found,,,,,
www.google.com,Essential cookies,Google Inc.,HTTP Cookie,bench_new_T3_33497,,180,TRUE,https://www.CLIENT_X.nl/c-e/member,Existing CM Trackers-Found,,,,,
CLIENT_X.nl,Essential cookies,CLIENT_X - Netherlands,HTTP Cookie,bench_new_T3_32957,,90,,https://www.CLIENT_X.nl/c-e/ho/recall-perfectcare-8000-9000-elite-series,New First Party Trackers,,,,,
www.assets.lighting.CLIENT_X.com,Performance cookies,Signify (formerly CLIENT_X Lighting),ETag,bench_new_T3_32209,,,,,Existing CM Trackers-Not Found,,,,,
assets.adobedtm.com,Performance cookies,Adobe Inc.,ETag,_ga_failed_lookup_marker_20_115,,,,,Existing CM Trackers-Not Found,,,,,
www.abonnementen.CLIENT_X.nl,Essential cookies,CLIENT_X - Netherlands,HTTP Cookie,bench_new_T3_33105,,,,,Existing CM Trackers-Not Found,,,,,
static.iadvize.com,Targeted Advertising cookies (including social media),iAdvize,JavaScript,_ga_failed_lookup_marker_20_117,,,TRUE,https://www.CLIENT_X.nl/c-e/ho/recall-perfectcare-8000-9000-elite-series,Existing CM Trackers-Found,,,,,
demdex.net,Targeted Advertising cookies (including social media),"Adobe Audience Manager, Adobe Experience Platform",HTTP Cookie,bench_new_T3_33387,,,,,Existing CM Trackers-Not Found,,,,,
www.CLIENT_X.nl,Essential cookies,CLIENT_X - Netherlands,HTTP Cookie,bench_new_T3_32902,,session,TRUE,https://www.CLIENT_X.nl/c-p/HX9552_33/-/ondersteuning,Existing CM Trackers-Found,,,,,
spotify.com,Performance cookies,Spotify,HTTP Cookie,bench_new_T3_32039,,365,,https://www.CLIENT_X.nl/a-w/about/milieu-maatschappij-governance-esg/partnerships/BNR-FD,New Third Party Trackers,,,,,
snapchat.com,Targeted Advertising cookies (including social media),Snap Inc.,HTTP Cookie,bench_new_T3_33028,,390,TRUE,https://www.CLIENT_X.nl/c-e/ho/recall-perfectcare-8000-9000-elite-series,Existing CM Trackers-Found,,,,,
consent.trustarc.com,Essential cookies,TrustArc,Beacon,bench_new_T3_33455,,,TRUE,http://www.CLIENT_X.nl/,Existing CM Trackers-Found,,,,,
lighting.CLIENT_X.nl,Performance cookies,Signify (formerly CLIENT_X Lighting),HTTP Cookie,bench_new_T3_32257,,,,,Existing CM Trackers-Not Found,,,,,
cdnjs.cloudflare.com,Performance cookies,Cloudflare,ETag,_ga_failed_lookup_marker_20_124,,,,,Existing CM Trackers-Not Found,,,,,
www.abonnementen.CLIENT_X.nl,Essential cookies,CLIENT_X - Netherlands,HTTP Cookie,bench_new_T3_32130,,,,,Existing CM Trackers-Not Found,,,,,
CLIENT_X.com,Essential cookies,Koninklijke CLIENT_X N.V.,HTTP Cookie,bench_new_T3_32844,,,,,Existing CM Trackers-Not Found,,,,,
CLIENT_X.nl,Essential cookies,CLIENT_X - Netherlands,HTTP Cookie,bench_new_T3_32914,,,,,Existing CM Trackers-Not Found,,,,,
images.CLIENT_X.com,Essential cookies,Koninklijke CLIENT_X N.V.,ETag,bench_new_T3_32363,,,TRUE,https://www.CLIENT_X.nl/c-p/QP4530_30/oneblade-gezicht,Existing CM Trackers-Found,,,,,
platform-eu.cloud.coveo.com,Performance cookies,Coveo Solutions Inc.,Beacon,bench_new_T3_32863,,,,,Existing CM Trackers-Not Found,,,,,
company-target.com,Targeted Advertising cookies (including social media),"Demandbase, Inc.",HTTP Cookie,bench_new_T3_33459,,396,TRUE,https://www.CLIENT_X.nl/a-w/about,Existing CM Trackers-Found,,,,,
www.abonnementen.CLIENT_X.nl,Essential cookies,CLIENT_X - Netherlands,HTTP Cookie,_ga_failed_lookup_marker_20_131,,,,,Existing CM Trackers-Not Found,,,,,
www.google.ie,Targeted Advertising cookies (including social media),Google Inc.,Beacon,bench_new_T3_32613,,,TRUE,http://www.CLIENT_X.nl/,Existing CM Trackers-Found,,,,,
CLIENT_X.hu,Essential cookies (exempt from consent),CLIENT_X - Hungary,HTTP Cookie,s_nrpv,,,,,Existing CM Trackers-Not Found,,,,,
demdex.net,Targeted Advertising cookies (including social media),"Adobe Audience Manager, Adobe Experience Platform",HTTP Cookie,bench_new_T3_32475,,,,,Existing CM Trackers-Not Found,,,,,
CLIENT_X.nl,Essential cookies,CLIENT_X - Netherlands,HTTP Cookie,_ga_failed_lookup_marker_20_135,,365,TRUE,https://www.CLIENT_X.nl/c-e/ho/recall-perfectcare-8000-9000-elite-series,Existing CM Trackers-Found,,,,,
CLIENT_X.nl,Essential cookies,CLIENT_X - Netherlands,HTTP Cookie,bench_new_T3_32545,,90,TRUE,https://www.CLIENT_X.nl/c-e/ho/recall-perfectcare-8000-9000-elite-series,Existing CM Trackers-Found,,,,,
CLIENT_X.nl,Essential cookies,CLIENT_X - Netherlands,HTTP Cookie,bench_new_T3_32005,,,,,Existing CM Trackers-Not Found,,,,,
linkedin.com,Targeted Advertising cookies (including social media),LinkedIn,HTTP Cookie,bench_new_T3_33184,,180,TRUE,https://www.CLIENT_X.nl/c-e/ho/recall-perfectcare-8000-9000-elite-series,Existing CM Trackers-Found,,,,,
consent-pref.trustarc.com,Essential cookies,TrustArc,JavaScript,_ga_failed_lookup_marker_20_139,,,TRUE,http://www.CLIENT_X.nl/,Existing CM Trackers-Found,,,,,
lighting.CLIENT_X.nl,Essential cookies,Signify (formerly CLIENT_X Lighting),HTTP Cookie,bench_new_T3_33061,,,,,Existing CM Trackers-Not Found,,,,,
www.accounts.CLIENT_X.com,Essential cookies,Koninklijke CLIENT_X N.V.,JavaScript,_ga_failed_lookup_marker_20_141,,,,,Existing CM Trackers-Not Found,,,,,
accounts.CLIENT_X.com,Performance cookies,Koninklijke CLIENT_X N.V.,HTTP Cookie,bench_new_T3_33319,,,,,Existing CM Trackers-Not Found,,,,,
www.CLIENT_X.co.kr,Essential cookies (exempt from consent),CLIENT_X - Korea,ETag,blank (etag),,,,https://www.CLIENT_X.nl/a-w/about/milieu-maatschappij-governance-esg/partnerships/BNR-FD,New Third Party Trackers,,,,,
www.eu-west-1.api.CLIENT_X.com,Targeted Advertising cookies (including social media),Koninklijke CLIENT_X N.V.,Beacon,bench_new_T3_33439,,,,https://www.CLIENT_X.nl/c-e/shop/checkout,New Third Party Trackers,,,,,
www.maxosfusionconfigurator.lighting.CLIENT_X.com,Performance cookies,Koninklijke CLIENT_X N.V.,JavaScript,bench_new_T3_32891,,,,,Existing CM Trackers-Not Found,,,,,
www.CLIENT_X.nl,Essential cookies,CLIENT_X - Netherlands,HTTP Cookie,bench_new_T3_32260,,,,,Existing CM Trackers-Not Found,,,,,
tco.lighting.CLIENT_X.com,Targeted Advertising cookies (including social media),Koninklijke CLIENT_X N.V.,Local Storage,bench_new_T3_33438,,,,,Existing CM Trackers-Not Found,,,,,
CLIENT_X.nl,Essential cookies,CLIENT_X - Netherlands,HTTP Cookie,bench_new_T3_33454,,,,,Existing CM Trackers-Not Found,,,,,
CLIENT_X.nl,Essential cookies,CLIENT_X - Netherlands,HTTP Cookie,bench_new_T3_32822,,365,TRUE,https://www.CLIENT_X.nl/c-e/ho/recall-perfectcare-8000-9000-elite-series,Existing CM Trackers-Found,,,,,
CLIENT_X.nl,Essential cookies,CLIENT_X - Netherlands,HTTP Cookie,_ga_failed_lookup_marker_20_150,,90,,https://www.CLIENT_X.nl/c-e/ho/recall-perfectcare-8000-9000-elite-series,New First Party Trackers,,,,,
CLIENT_X.nl,Essential cookies,CLIENT_X - Netherlands,HTTP Cookie,bench_new_T3_32908,,365,TRUE,https://www.CLIENT_X.nl/c-e/ho/recall-perfectcare-8000-9000-elite-series,Existing CM Trackers-Found,,,,,
CLIENT_X.nl,Essential cookies,CLIENT_X - Netherlands,HTTP Cookie,bench_new_T3_32762,,,,,Existing CM Trackers-Not Found,,,,,
edge.curalate.com,Performance cookies,"Bazaarvoice, Inc.",JavaScript,bench_new_T3_33368,,,,,Existing CM Trackers-Not Found,,,,,
tag.demandbase.com,Targeted Advertising cookies (including social media),"Demandbase, Inc.",ETag,bench_new_T3_33305,,,TRUE,https://www.CLIENT_X.nl/a-w/about,Existing CM Trackers-Found,,,,,
bat.bing.com,Targeted Advertising cookies (including social media),Microsoft Advertising,JavaScript,bench_new_T3_33346,,,TRUE,https://www.CLIENT_X.nl/c-e/ho/recall-perfectcare-8000-9000-elite-series,Existing CM Trackers-Found,,,,,
lighting.CLIENT_X.nl,Performance cookies,Signify (formerly CLIENT_X Lighting),HTTP Cookie,bench_new_T3_32670,,,,,Existing CM Trackers-Not Found,,,,,
www.CLIENT_X.nl,Essential cookies,CLIENT_X - Netherlands,HTTP Cookie,bench_new_T3_33316,,30,,https://www.CLIENT_X.nl/c-p/HX9552_33/-/ondersteuning,New First Party Trackers,,,,,
www.CLIENT_X-hue.com,Performance cookies,CLIENT_X Hue,ETag,bench_new_T3_32408,,,,,Existing CM Trackers-Not Found,,,,,
CLIENT_X.jo,Essential cookies (exempt from consent),CLIENT_X - Jordan,HTTP Cookie,_schn1,,bench_update_duration,TRUE,https://www.CLIENT_X.nl/c-e/ho/recall-perfectcare-8000-9000-elite-series,Existing CM Trackers-Found,,,,,
www.healthcare.shop.CLIENT_X.nl,Essential cookies,CLIENT_X - Netherlands,HTTP Cookie,bench_new_T3_32134,,,,,Existing CM Trackers-Not Found,,,,,
cdn.tt.omtrdc.net,Performance cookies,"Adobe Audience Manager, Adobe Experience Platform",ETag,bench_new_T3_33201,,,,,Existing CM Trackers-Not Found,,,,,
doubleclick.net,Targeted Advertising cookies (including social media),Google Advertising Products,HTTP Cookie,bench_new_T3_33538,,390,TRUE,https://www.CLIENT_X.nl/a-w/about,Existing CM Trackers-Found,,,,,
www.clarity.ms,Performance cookies,Microsoft,HTTP Cookie,bench_new_T3_33434,,,,,Existing CM Trackers-Not Found,,,,,
www.gearselectiontool.lighting.CLIENT_X.com,Performance cookies,Signify (formerly CLIENT_X Lighting),ETag,_ga_failed_lookup_marker_20_164,,,,,Existing CM Trackers-Not Found,,,,,
bing.com,Targeted Advertising cookies (including social media),Microsoft Advertising,HTTP Cookie,bench_new_T3_32611,,,,,Existing CM Trackers-Not Found,,,,,
*.mktoweb.com,Targeted Advertising cookies (including social media),Marketo,ETag,bench_new_T3_33211,,,,,Existing CM Trackers-Not Found,,,,,
CLIENT_X.nl,Essential cookies,CLIENT_X - Netherlands,HTTP Cookie,_ga_failed_lookup_marker_20_167,,,,,Existing CM Trackers-Not Found,,,,,
labs.iadvize.com,Performance cookies,iAdvize,ETag,bench_new_T3_32780,,,TRUE,https://www.CLIENT_X.nl/c-e/ho/recall-perfectcare-8000-9000-elite-series,Existing CM Trackers-Found,,,,,
www.CLIENT_X.nl,Essential cookies,CLIENT_X - Netherlands,HTTP Cookie,bench_new_T3_32060,,,,,Existing CM Trackers-Not Found,,,,,
www.CLIENT_X-hue.com,Essential cookies,CLIENT_X Hue,Beacon,bench_new_T3_32110,,,,,Existing CM Trackers-Not Found,,,,,
embed.podcasts.apple.com,Targeted Advertising cookies (including social media),Apple Inc.,JavaScript,bench_new_T3_33464,,,,https://www.CLIENT_X.nl/a-w/about/milieu-maatschappij-governance-esg/partnerships/BNR-FD,New Third Party Trackers,,,,,
ct.pinterest.com,Targeted Advertising cookies (including social media),Pinterest,JavaScript,_ga_failed_lookup_marker_20_172,,,,,Existing CM Trackers-Not Found,,,,,
pages.information.signify.com,Performance cookies,Signify (formerly CLIENT_X Lighting),JavaScript,bench_new_T3_33128,,,,,Existing CM Trackers-Not Found,,,,,
CLIENT_X.nl,Essential cookies,CLIENT_X - Netherlands,HTTP Cookie,bench_new_T3_33531,,90,,https://www.CLIENT_X.nl/c-e/ho/recall-perfectcare-8000-9000-elite-series,New First Party Trackers,,,,,
www.CLIENT_X.nl,Essential cookies,CLIENT_X - Netherlands,HTTP Cookie,bench_new_T3_32055,,0,TRUE,https://www.CLIENT_X.nl/c-p/HX9552_33/-/ondersteuning,Existing CM Trackers-Found,,,,,
terracycle.com,Targeted Advertising cookies (including social media),TerraCycle,Local Storage,bench_new_T3_32850,,,,,Existing CM Trackers-Not Found,,,,,
CLIENT_Xb2c.my.site.com,Performance cookies,"Salesforce.com, Inc.",Beacon,bench_new_T3_32530,,,TRUE,https://www.CLIENT_X.nl/c-w/consumenten-ondersteuning/support-contact-page,Existing CM Trackers-Found,,,,,
nebula-cdn.kampyle.com,Performance cookies,Medallia,JavaScript,bench_new_T3_32894,,,TRUE,http://www.CLIENT_X.nl/,Existing CM Trackers-Found,,,,,
snap.licdn.com,Performance cookies,LinkedIn,JavaScript,bench_new_T3_32225,,,TRUE,https://www.CLIENT_X.nl/c-e/ho/recall-perfectcare-8000-9000-elite-series,Existing CM Trackers-Found,,,,,
c.clarity.ms,Performance cookies,Microsoft,Beacon,bench_new_T3_32283,,,,,Existing CM Trackers-Not Found,,,,,
maxosfusionconfigurator.lighting.CLIENT_X.com,Targeted Advertising cookies (including social media),Koninklijke CLIENT_X N.V.,Local Storage,_ga_failed_lookup_marker_20_181,,,,,Existing CM Trackers-Not Found,,,,,
CLIENT_X.nl,Performance cookies,CLIENT_X - Netherlands,HTTP Cookie,bench_new_T3_33111,,0,TRUE,https://www.CLIENT_X.nl/c-e/ho/recall-perfectcare-8000-9000-elite-series,Existing CM Trackers-Found,,,,,
www.CLIENT_X-hue.com,Performance cookies,CLIENT_X Hue,ETag,bench_new_T3_32515,,,,,Existing CM Trackers-Not Found,,,,,
CLIENT_X.nl,Essential cookies,CLIENT_X - Netherlands,HTTP Cookie,bench_new_T3_33081,,390,TRUE,https://www.CLIENT_X.nl/c-e/ho/recall-perfectcare-8000-9000-elite-series,Existing CM Trackers-Found,,,,,
analytics-fe.digital-cloud-us-main.medallia.com,Performance cookies,Medallia,Beacon,bench_new_T3_32708,,,TRUE,http://www.CLIENT_X.nl/,Existing CM Trackers-Found,,,,,
acdn-digitaltrans-01-p.azureedge.net,Targeted Advertising cookies (including social media),Microsoft,JavaScript,bench_new_T3_33132,,,TRUE,https://www.CLIENT_X.nl/c-e/hs/slaapapneu/i-think-i-might-have-sleep-apnea.html,Existing CM Trackers-Found,,,,,
*.en25.com,Targeted Advertising cookies (including social media),Oracle Marketing,JavaScript,bench_new_T3_32166,,,,https://www.CLIENT_X.nl/healthcare,Existing CM Trackers-Found,,,,,
company-target.com,Targeted Advertising cookies (including social media),"Demandbase, Inc.",HTTP Cookie,bench_new_T3_33365,,396,TRUE,https://www.CLIENT_X.nl/a-w/about,Existing CM Trackers-Found,,,,,
spotify.com,Performance cookies,Spotify,HTTP Cookie,bench_new_T3_32369,,1,,https://www.CLIENT_X.nl/a-w/about/milieu-maatschappij-governance-esg/partnerships/BNR-FD,New Third Party Trackers,,,,,
www.artfut.com,Targeted Advertising Cookies (including social media) [Requires consent],Admitad GmbH,ETag,-,,,,https://www.CLIENT_X.nl/shop/NL_ONVZ/login,New Third Party Trackers,,,,,
www.lighting.CLIENT_X.nl,Essential cookies,Signify (formerly CLIENT_X Lighting),ETag,bench_new_T3_32410,,,,,Existing CM Trackers-Not Found,,,,,
www.CLIENT_X.nl,Targeted Advertising cookies (including social media),CLIENT_X - Netherlands,HTTP Cookie,bench_new_T3_32932,,,,,Existing CM Trackers-Not Found,,,,,
maps.googleapis.com,Performance cookies,Google Inc.,ETag,bench_new_T3_33576,,,TRUE,https://www.CLIENT_X.nl/c-m-au/autoverlichting/store-locator,Existing CM Trackers-Found,,,,,
www.lighting.CLIENT_X.com.tw,Essential cookies (exempt from consent),Signify (formerly CLIENT_X Lighting),HTTP Cookie,BCTempID,,,,https://www.CLIENT_X.nl/a-w/about/milieu-maatschappij-governance-esg/partnerships/BNR-FD,New Third Party Trackers,,,,,
CLIENT_X.nl,Essential cookies,CLIENT_X - Netherlands,HTTP Cookie,bench_new_T3_33304,,0,TRUE,https://www.CLIENT_X.nl/c-e/ho/recall-perfectcare-8000-9000-elite-series,Existing CM Trackers-Found,,,,,
sc-static.net,Targeted Advertising cookies (including social media),Snap Inc.,ETag,bench_new_T3_33341,,,TRUE,https://www.CLIENT_X.nl/c-m-ho/badkameroplossingen,Existing CM Trackers-Found,,,,,
lighting.CLIENT_X.nl,Essential cookies,Signify (formerly CLIENT_X Lighting),HTTP Cookie,bench_new_T3_32746,,,,,Existing CM Trackers-Not Found,,,,,
www.CLIENT_X.nl,Essential cookies,CLIENT_X - Netherlands,HTTP Cookie,bench_new_T3_32952,,,,,Existing CM Trackers-Not Found,,,,,
www.CLIENT_X.nl,Essential cookies,CLIENT_X - Netherlands,HTTP Cookie,bench_new_T3_33168,,,,,Existing CM Trackers-Not Found,,,,,
www.CLIENT_X.nl,Essential cookies,CLIENT_X - Netherlands,HTTP Cookie,bench_new_T3_32645,,0,,https://www.CLIENT_X.nl/c-p/HX9552_33/-/ondersteuning,New First Party Trackers,,,,,
c.bing.com,Targeted Advertising cookies (including social media),Microsoft Advertising,HTTP Cookie,bench_new_T3_33519,,,,,Existing CM Trackers-Not Found,,,,,
CLIENT_X.nl,Essential cookies,CLIENT_X - Netherlands,HTTP Cookie,bench_new_T3_32239,,,,,Existing CM Trackers-Not Found,,,,,
labs.iadvize.com,Performance cookies,iAdvize,ETag,bench_new_T3_32327,,,TRUE,https://www.CLIENT_X.nl/c-e/ho/recall-perfectcare-8000-9000-elite-series,Existing CM Trackers-Found,,,,,
www.healthcare.shop.CLIENT_X.nl,Essential cookies,CLIENT_X - Netherlands,HTTP Cookie,bench_new_T3_33281,,,,,Existing CM Trackers-Not Found,,,,,
cdn.kueskipay.com,Performance Cookies [Requires consent],KueskiPay,JavaScript,-,,,TRUE,http://www.CLIENT_X.nl/,Existing CM Trackers-Found,,,,,
c.go-mpulse.net,Performance cookies,Akamai,JavaScript,bench_new_T3_32643,,,,,Existing CM Trackers-Not Found,,,,,
munchkin.marketo.net,Targeted Advertising cookies (including social media),Marketo,ETag,bench_new_T3_32433,,,,,Existing CM Trackers-Not Found,,,,,
www.CLIENT_X.com.pe,Essential cookies (exempt from consent),CLIENT_X - Peru,JavaScript,blank (java),,bench_update_duration,,,Existing CM Trackers-Not Found,,,,,
CLIENT_X.nl,Essential cookies,CLIENT_X - Netherlands,HTTP Cookie,bench_new_T3_32775,,,,,Existing CM Trackers-Not Found,,,,,
CLIENT_Xb2c.my.site.com,Performance cookies,"Salesforce.com, Inc.",ETag,bench_new_T3_32313,,,TRUE,https://www.CLIENT_X.nl/c-w/consumenten-ondersteuning/support-contact-page,Existing CM Trackers-Found,,,,,
*.online-metrix.net,Performance cookies,LexisNexis Risk Solutions (formerly ThreatMetrix),Beacon,bench_new_T3_32176,,,,http://www.CLIENT_X.nl/,Existing CM Trackers-Found,,,,,
smetrics.marketing.CLIENT_X-hue.com,Targeted Advertising cookies (including social media),CLIENT_X Hue,JavaScript,bench_new_T3_33348,,,,,Existing CM Trackers-Not Found,,,,,
linkedin.com,Targeted Advertising cookies (including social media),LinkedIn,HTTP Cookie,bench_new_T3_32045,,365,TRUE,https://www.CLIENT_X.nl/c-e/ho/recall-perfectcare-8000-9000-elite-series,Existing CM Trackers-Found,,,,,
www.gearselectiontool.lighting.CLIENT_X.com,Performance cookies,Signify (formerly CLIENT_X Lighting),JavaScript,bench_new_T3_33053,,,,,Existing CM Trackers-Not Found,,,,,
youtube.com,Targeted Advertising cookies (including social media),Google Advertising Products,HTTP Cookie,bench_new_T3_33386,,180,TRUE,https://www.CLIENT_X.nl/c-e/hs/slaapapneu/i-think-i-might-have-sleep-apnea/getting-diagnosed,Existing CM Trackers-Found,,,,,
tag.demandbase.com,Targeted Advertising cookies (including social media),"Demandbase, Inc.",JavaScript,bench_new_T3_33407,,,TRUE,https://www.CLIENT_X.nl/a-w/about,Existing CM Trackers-Found,,,,,
*.online-metrix.net,Performance cookies,LexisNexis Risk Solutions (formerly ThreatMetrix),JavaScript,_ga_failed_lookup_marker_20_217,,,,https://www.CLIENT_X.nl/c-p/JC305_50/-,Existing CM Trackers-Found,,,,,
lighting.CLIENT_X.nl,Essential cookies,Signify (formerly CLIENT_X Lighting),HTTP Cookie,bench_new_T3_32568,,,,,Existing CM Trackers-Not Found,,,,,
scripts.clarity.ms,Performance cookies,Microsoft,JavaScript,_ga_failed_lookup_marker_20_219,,,,https://www.CLIENT_X.nl/c-e/ho/recall-perfectcare-8000-9000-elite-series,New Third Party Trackers,,,,,
CLIENT_X.nl,Essential cookies,CLIENT_X - Netherlands,HTTP Cookie,bench_new_T3_33372,,0,TRUE,https://www.CLIENT_X.nl/c-e/ho/recall-perfectcare-8000-9000-elite-series,Existing CM Trackers-Found,,,,,
www.CLIENT_X.nl,Essential cookies,CLIENT_X - Netherlands,HTTP Cookie,bench_new_T3_32237,,session,,https://www.CLIENT_X.nl/c-p/HX9552_33/-/ondersteuning,New First Party Trackers,,,,,
event.webcollage.net,Targeted Advertising Cookies (including social media) [Requires consent],Syndigo (formerly Webcollage),ETag,-,,90,TRUE,https://www.CLIENT_X.nl/a-w/about,Existing CM Trackers-Found,,,,,
CLIENT_X.112.2o7.net,Performance cookies,"Adobe Audience Manager, Adobe Experience Cloud",Beacon,bench_new_T3_32735,,,TRUE,http://www.CLIENT_X.nl/,Existing CM Trackers-Found,,,,,
s.pinimg.com,Targeted Advertising cookies (including social media),Pinterest,ETag,bench_new_T3_33110,,,,,Existing CM Trackers-Not Found,,,,,
imgs.signifyd.com,Essential cookies,Signifyd,JavaScript,bench_new_T3_32864,,,TRUE,https://www.CLIENT_X.nl/c-p/MS592_50/-,Existing CM Trackers-Found,,,,,
www.accounts.CLIENT_X.com,Essential cookies,Koninklijke CLIENT_X N.V.,JavaScript,bench_new_T3_32081,,,,,Existing CM Trackers-Not Found,,,,,
doubleclick.net,Targeted Advertising cookies (including social media),Google Advertising Products,HTTP Cookie,bench_new_T3_32618,,0,TRUE,https://www.CLIENT_X.nl/a-w/about,Existing CM Trackers-Found,,,,,
www.healthcare.shop.CLIENT_X.nl,Essential cookies,CLIENT_X - Netherlands,HTTP Cookie,_ga_failed_lookup_marker_20_228,,,,,Existing CM Trackers-Not Found,,,,,
www.lighting.CLIENT_X.nl,Essential cookies,Signify (formerly CLIENT_X Lighting),JavaScript,bench_new_T3_33338,,,,,Existing CM Trackers-Not Found,,,,,
CLIENT_X.112.2o7.net,Performance cookies,"Adobe Audience Manager, Adobe Experience Cloud",Beacon,bench_new_T3_32101,,,TRUE,http://www.CLIENT_X.nl/,Existing CM Trackers-Found,,,,,
imgs.signifyd.com,Essential cookies,Signifyd,HTTP Cookie,bench_new_T3_32310,,390,TRUE,https://www.CLIENT_X.nl/,Existing CM Trackers-Found,,,,,
www.lighting.CLIENT_X.nl,Essential cookies,Signify (formerly CLIENT_X Lighting),ETag,bench_new_T3_32091,,,,,Existing CM Trackers-Not Found,,,,,
s.pinimg.com,Targeted Advertising cookies (including social media),Pinterest,ETag,bench_new_T3_32741,,,,,Existing CM Trackers-Not Found,,,,,
www.CLIENT_X.nl,Targeted Advertising cookies (including social media),CLIENT_X - Netherlands,HTTP Cookie,bench_new_T3_33255,,,,,Existing CM Trackers-Not Found,,,,,
CLIENT_X.com.gh,Essential cookies (exempt from consent),CLIENT_X - Ghana,HTTP Cookie,s_vtime,,bench_update_duration,,,Existing CM Trackers-Not Found,,,,,
maps.googleapis.com,Performance cookies,Google Inc.,JavaScript,bench_new_T3_32552,,,TRUE,https://www.CLIENT_X.nl/c-m-au/autoverlichting/store-locator,Existing CM Trackers-Found,,,,,
widget-cdn.janraincapture.com,Performance cookies,Akamai,ETag,bench_new_T3_32051,,,,,Existing CM Trackers-Not Found,,,,,
eloqua.com,Essential cookies,Oracle Marketing,HTTP Cookie,bench_new_T3_33180,,392,TRUE,https://www.CLIENT_X.nl/healthcare,Existing CM Trackers-Found,,,,,
www.google.com,Essential cookies,Google Inc.,HTTP Cookie,bench_new_T3_33373,,180,TRUE,https://www.CLIENT_X.nl/c-e/member,Existing CM Trackers-Found,,,,,
www.ledsavingscalculator.CLIENT_X.co.uk,Performance cookies,Signify (formerly CLIENT_X Lighting),ETag,bench_new_T3_33453,,,,,Existing CM Trackers-Not Found,,,,,
CLIENT_X.nl,Essential cookies,CLIENT_X - Netherlands,HTTP Cookie,bench_new_T3_32756,,400,TRUE,https://www.CLIENT_X.nl/c-e/ho/recall-perfectcare-8000-9000-elite-series,Existing CM Trackers-Found,,,,,
abonnementen.CLIENT_X.nl,Essential cookies,CLIENT_X - Netherlands,HTTP Cookie,bench_new_T3_32280,,,,,Existing CM Trackers-Not Found,,,,,
assets.kampyle.com,Performance cookies,Medallia,ETag,_ga_failed_lookup_marker_20_243,,,TRUE,https://www.CLIENT_X.nl/c-f/XC000004829/kan-ik-mijn-dubbele-elektrische-borstkolf-als-enkele-kolf-gebruiken,Existing CM Trackers-Found,,,,,
bing.com,Targeted Advertising cookies (including social media),Microsoft Advertising,HTTP Cookie,bench_new_T3_32040,,,,,Existing CM Trackers-Not Found,,,,,
consent-pref.trustarc.com,Essential cookies,TrustArc,JavaScript,bench_new_T3_32002,,,TRUE,http://www.CLIENT_X.nl/,Existing CM Trackers-Found,,,,,
www.abonnementen.CLIENT_X.nl,Essential cookies,CLIENT_X - Netherlands,HTTP Cookie,bench_new_T3_32743,,,,,Existing CM Trackers-Not Found,,,,,
code.jquery.com,Performance cookies,jQuery,JavaScript,bench_new_T3_33345,,,,,Existing CM Trackers-Not Found,,,,,
cms.cdn.91app.com,Performance Cookies [Requires consent],91App,JavaScript,-,,,,https://www.CLIENT_X.nl/a-w/cookie-verklaring,New Third Party Trackers,,,,,
sslwidget.criteo.com,Targeted Advertising cookies (including social media),Criteo SA,JavaScript,bench_new_T3_32183,,,,,Existing CM Trackers-Not Found,,,,,
s2.go-mpulse.net,Performance Cookies [Requires consent],Akamai,JavaScript,-,,bench_update_duration,TRUE,https://www.CLIENT_X.nl/c-e/ho/recall-perfectcare-8000-9000-elite-series,Existing CM Trackers-Found,,,,,
www.CLIENT_X.nl,Performance cookies,CLIENT_X - Netherlands,HTTP Cookie,bench_new_T3_33327,,,,,Existing CM Trackers-Not Found,,,,,
CLIENT_X.nl,Essential cookies,CLIENT_X - Netherlands,HTTP Cookie,bench_new_T3_32214,,,,,Existing CM Trackers-Not Found,,,,,
c.clarity.ms,Performance cookies,Microsoft,HTTP Cookie,bench_new_T3_32396,,,,,Existing CM Trackers-Not Found,,,,,
maps.googleapis.com,Performance cookies,Google Inc.,ETag,bench_new_T3_33557,,,TRUE,https://www.CLIENT_X.nl/c-m-au/autoverlichting/store-locator,Existing CM Trackers-Found,,,,,
www.CLIENT_X.nl,Performance cookies,CLIENT_X - Netherlands,HTTP Cookie,bench_new_T3_33417,,,,,Existing CM Trackers-Not Found,,,,,
connect.facebook.net,Targeted Advertising cookies (including social media),Meta (formerly Facebook),JavaScript,bench_new_T3_32523,,,TRUE,http://www.CLIENT_X.nl/,Existing CM Trackers-Found,,,,,
www.CLIENT_X.nl,Essential cookies,CLIENT_X - Netherlands,HTTP Cookie,bench_new_T3_33505,,14,,https://www.CLIENT_X.nl/c-p/HX9552_33/-/ondersteuning,New First Party Trackers,,,,,
CLIENT_X.nl,Essential cookies,CLIENT_X - Netherlands,HTTP Cookie,bench_new_T3_32143,,393,TRUE,https://www.CLIENT_X.nl/c-e/ho/recall-perfectcare-8000-9000-elite-series,Existing CM Trackers-Found,,,,,
www.CLIENT_X-foundation.com,Targeted Advertising cookies (including social media),CLIENT_X Foundation,HTTP Cookie,bench_new_T3_32017,,7,,https://www.CLIENT_X.nl/healthcare/about/support,New Third Party Trackers,,,,,
lighting.CLIENT_X.nl,Essential cookies,Signify (formerly CLIENT_X Lighting),HTTP Cookie,_ga_failed_lookup_marker_20_260,,,,,Existing CM Trackers-Not Found,,,,,
www.recaptcha.net,Performance cookies,Google Inc.,JavaScript,bench_new_T3_32560,,,,,Existing CM Trackers-Not Found,,,,,
www.healthcare.shop.CLIENT_X.nl,Essential cookies,CLIENT_X - Netherlands,HTTP Cookie,_ga_failed_lookup_marker_20_262,,,,,Existing CM Trackers-Not Found,,,,,
www.CLIENT_X.nl,Essential cookies,CLIENT_X - Netherlands,HTTP Cookie,bench_new_T3_33172,,,,,Existing CM Trackers-Not Found,,,,,
CLIENT_X.nl,Essential cookies,CLIENT_X - Netherlands,HTTP Cookie,bench_new_T3_33544,,0,TRUE,https://www.CLIENT_X.nl/c-e/ho/recall-perfectcare-8000-9000-elite-series,Existing CM Trackers-Found,,,,,
www.CLIENT_X.nl,Essential cookies,CLIENT_X - Netherlands,HTTP Cookie,bench_new_T3_32900,,,,,Existing CM Trackers-Not Found,,,,,
*.salesforceliveagent.com,Performance cookies,"salesforce.com, inc.",JavaScript,bench_new_T3_32472,,,,,Existing CM Trackers-Not Found,,,,,
www.CLIENT_X.nl,Essential cookies,CLIENT_X - Netherlands,HTTP Cookie,bench_new_T3_32351,,7,TRUE,https://www.CLIENT_X.nl/c-p/HX9552_33/-/ondersteuning,Existing CM Trackers-Found,,,,,
CLIENT_X.nl,Essential cookies,CLIENT_X - Netherlands,HTTP Cookie,bench_new_T3_33311,,90,,https://www.CLIENT_X.nl/c-e/ho/recall-perfectcare-8000-9000-elite-series,New First Party Trackers,,,,,
px.ads.linkedin.com,Targeted Advertising cookies (including social media),LinkedIn,JavaScript,bench_new_T3_32702,,,TRUE,https://www.CLIENT_X.nl/healthcare/clinical-solutions/radiology-operations-command-center,Existing CM Trackers-Found,,,,,
CLIENT_X.nl,Essential cookies,CLIENT_X - Netherlands,HTTP Cookie,bench_new_T3_33490,,400,TRUE,https://www.CLIENT_X.nl/c-e/ho/recall-perfectcare-8000-9000-elite-series,Existing CM Trackers-Found,,,,,
google.com,Performance cookies,Google Inc.,Local Storage,bench_new_T3_33393,,,TRUE,https://www.CLIENT_X.nl/c-e/member,Existing CM Trackers-Found,,,,,
CLIENT_X.nl,Essential cookies,CLIENT_X - Netherlands,HTTP Cookie,bench_new_T3_32454,,60,TRUE,https://www.CLIENT_X.nl/c-e/ho/recall-perfectcare-8000-9000-elite-series,Existing CM Trackers-Found,,,,,
amazon-adsystem.com,Targeted Advertising cookies (including social media),Amazon Ads,HTTP Cookie,bench_new_T3_32626,,223,TRUE,https://www.CLIENT_X.nl/a-w/about,Existing CM Trackers-Found,,,,,
www.CLIENT_X.ae,Essential cookies (exempt from consent),CLIENT_X - Middle East Arab,HTTP Cookie,liveagent_vc,,1,TRUE,https://www.CLIENT_X.nl/c-e/ho/recall-perfectcare-8000-9000-elite-series,Existing CM Trackers-Found,,,,,
www.abonnementen.CLIENT_X.nl,Essential cookies,CLIENT_X - Netherlands,HTTP Cookie,_ga_failed_lookup_marker_20_275,,,,,Existing CM Trackers-Not Found,,,,,
c.clarity.ms,Performance cookies,Microsoft,HTTP Cookie,bench_new_T3_33042,,,,,Existing CM Trackers-Not Found,,,,,
td.yieldify.com,Targeted Advertising cookies (including social media),Yieldify,JavaScript,_ga_failed_lookup_marker_20_277,,,TRUE,http://www.CLIENT_X.nl/,Existing CM Trackers-Found,,,,,
abonnementen.CLIENT_X.nl,Essential cookies,CLIENT_X - Netherlands,HTTP Cookie,bench_new_T3_32516,,,,,Existing CM Trackers-Not Found,,,,,
CLIENT_X.nl,Essential cookies,CLIENT_X - Netherlands,HTTP Cookie,_ga_failed_lookup_marker_20_279,,400,TRUE,https://www.CLIENT_X.nl/c-e/ho/recall-perfectcare-8000-9000-elite-series,Existing CM Trackers-Found,,,,,
CLIENT_X.nl,Performance cookies,CLIENT_X - Netherlands,HTTP Cookie,bench_new_T3_32719,,session,TRUE,https://www.CLIENT_X.nl/c-e/ho/recall-perfectcare-8000-9000-elite-series,Existing CM Trackers-Found,,,,,
analytics-fe.digital-cloud-us-main.medallia.com,Performance cookies,Medallia,Beacon,bench_new_T3_32066,,,TRUE,http://www.CLIENT_X.nl/,Existing CM Trackers-Found,,,,,
www.CLIENT_X.nl,Targeted Advertising cookies (including social media),CLIENT_X - Netherlands,HTTP Cookie,bench_new_T3_32946,,,,,Existing CM Trackers-Not Found,,,,,
www.healthcare.shop.CLIENT_X.nl,Essential cookies,CLIENT_X - Netherlands,HTTP Cookie,bench_new_T3_32030,,,,,Existing CM Trackers-Not Found,,,,,
CLIENT_X.nl,Essential cookies,CLIENT_X - Netherlands,HTTP Cookie,bench_new_T3_33318,,90,,https://www.CLIENT_X.nl/c-e/ho/recall-perfectcare-8000-9000-elite-series,New First Party Trackers,,,,,
ct.pinterest.com,Targeted Advertising cookies (including social media),Pinterest,ETag,bench_new_T3_32380,,,,,Existing CM Trackers-Not Found,,,,,
munchkin.marketo.net,Targeted Advertising cookies (including social media),Marketo,JavaScript,bench_new_T3_32067,,,,,Existing CM Trackers-Not Found,,,,,
www.CLIENT_X.nl,Essential cookies,CLIENT_X - Netherlands,HTTP Cookie,bench_new_T3_33537,,14,,https://www.CLIENT_X.nl/c-p/HX9552_33/-/ondersteuning,New First Party Trackers,,,,,
nebula-cdn.kampyle.com,Performance cookies,Medallia,JavaScript,bench_new_T3_33145,,,TRUE,http://www.CLIENT_X.nl/,Existing CM Trackers-Found,,,,,
www.CLIENT_X.nl,Essential cookies,CLIENT_X - Netherlands,ETag,bench_new_T3_32740,,,TRUE,http://www.CLIENT_X.nl/,Existing CM Trackers-Found,,,,,
CLIENT_X.nl,Essential cookies,CLIENT_X - Netherlands,HTTP Cookie,bench_new_T3_33068,,393,TRUE,https://www.CLIENT_X.nl/c-e/ho/recall-perfectcare-8000-9000-elite-series,Existing CM Trackers-Found,,,,,
c.clarity.ms,Performance cookies,Microsoft,HTTP Cookie,bench_new_T3_32797,,,,,Existing CM Trackers-Not Found,,,,,
s.pinimg.com,Targeted Advertising cookies (including social media),Pinterest,JavaScript,bench_new_T3_32917,,,,,Existing CM Trackers-Not Found,,,,,
*.t.eloqua.com,Targeted Advertising cookies (including social media),Oracle Marketing,JavaScript,bench_new_T3_33084,,,,https://www.CLIENT_X.nl/healthcare/consulting/clinical-service-modelling,Existing CM Trackers-Found,,,,,
js-cdn.music.apple.com,Performance cookies,Apple Inc.,JavaScript,bench_new_T3_32845,,,,https://www.CLIENT_X.nl/a-w/about/milieu-maatschappij-governance-esg/partnerships/BNR-FD,New Third Party Trackers,,,,,
sc-static.net,Targeted Advertising cookies (including social media),Snap Inc.,HTTP Cookie,bench_new_T3_33059,,1,TRUE,https://www.CLIENT_X.nl/c-e/ho/recall-perfectcare-8000-9000-elite-series,Existing CM Trackers-Found,,,,,
www.abonnementen.CLIENT_X.nl,Essential cookies,CLIENT_X - Netherlands,HTTP Cookie,bench_new_T3_32188,,,,,Existing CM Trackers-Not Found,,,,,
code.jquery.com,Performance cookies,jQuery,ETag,bench_new_T3_33555,,,,,Existing CM Trackers-Not Found,,,,,
CLIENT_X.nl,Essential cookies,CLIENT_X - Netherlands,HTTP Cookie,bench_new_T3_32925,,400,TRUE,https://www.CLIENT_X.nl/c-e/ho/recall-perfectcare-8000-9000-elite-series,Existing CM Trackers-Found,,,,,
www.CLIENT_X.nl,Essential cookies,CLIENT_X - Netherlands,ETag,bench_new_T3_32857,,,TRUE,http://www.CLIENT_X.nl/,Existing CM Trackers-Found,,,,,
dpm.demdex.net,Targeted Advertising cookies (including social media),"Adobe Audience Manager, Adobe Experience Platform",HTTP Cookie,bench_new_T3_32333,,,,,Existing CM Trackers-Not Found,,,,,
dsum-sec.casalemedia.com,Targeted Advertising cookies (including social media),Index Exchange Inc.,Beacon,bench_new_T3_32341,,,,https://www.CLIENT_X.nl/a-w/about,New Third Party Trackers,,,,,
custom.yieldify.com,Targeted Advertising cookies (including social media),Yieldify,ETag,bench_new_T3_32458,,,TRUE,http://www.CLIENT_X.nl/,Existing CM Trackers-Found,,,,,
CLIENT_X.nl,Essential cookies,CLIENT_X - Netherlands,HTTP Cookie,bench_new_T3_32224,,,,,Existing CM Trackers-Not Found,,,,,
CLIENT_X.nl,Essential cookies,CLIENT_X - Netherlands,HTTP Cookie,_ga_failed_lookup_marker_20_304,,90,TRUE,https://www.CLIENT_X.nl/c-e/ho/recall-perfectcare-8000-9000-elite-series,Existing CM Trackers-Found,,,,,
versuni.scene7.com,Performance cookies,Adobe Experience Cloud - Experience Manager,ETag,bench_new_T3_32335,,,,,Existing CM Trackers-Not Found,,,,,
doubleclick.net,Targeted Advertising cookies (including social media),Google Advertising Products,HTTP Cookie,bench_new_T3_32549,,30,TRUE,https://www.CLIENT_X.nl/a-w/about,Existing CM Trackers-Found,,,,,
halc.iadvize.com,Performance cookies,iAdvize,JavaScript,bench_new_T3_33515,,,TRUE,https://www.CLIENT_X.nl/c-e/ho/recall-perfectcare-8000-9000-elite-series,Existing CM Trackers-Found,,,,,
CLIENT_X.com.kw,Essential cookies (exempt from consent),CLIENT_X - Kuwait,HTTP Cookie,da_intState,,bench_update_duration,TRUE,https://www.CLIENT_X.nl/c-e/ho/recall-perfectcare-8000-9000-elite-series,Existing CM Trackers-Found,,,,,
embed-cdn.spotifycdn.com,Performance cookies,Spotify,ETag,bench_new_T3_32132,,,,https://www.CLIENT_X.nl/a-w/about/milieu-maatschappij-governance-esg/partnerships/BNR-FD,New Third Party Trackers,,,,,
CLIENT_Xb2c.my.site.com,Performance cookies,"Salesforce.com, Inc.",JavaScript,bench_new_T3_33501,,,TRUE,https://www.CLIENT_X.nl/c-w/consumenten-ondersteuning/support-contact-page,Existing CM Trackers-Found,,,,,
www.CLIENT_X.nl,Essential cookies,CLIENT_X - Netherlands,HTTP Cookie,bench_new_T3_32918,,0,TRUE,https://www.CLIENT_X.nl/c-p/HX9552_33/-/ondersteuning,Existing CM Trackers-Found,,,,,
js-cdn.music.apple.com,Performance cookies,Apple Inc.,ETag,bench_new_T3_32585,,,,https://www.CLIENT_X.nl/a-w/about/milieu-maatschappij-governance-esg/partnerships/BNR-FD,New Third Party Trackers,,,,,
www.CLIENT_X-hue.com,Performance cookies,CLIENT_X Hue,ETag,bench_new_T3_32392,,,,,Existing CM Trackers-Not Found,,,,,
consent-st.trustarc.com,Essential cookies,TrustArc,JavaScript,bench_new_T3_32119,,,TRUE,http://www.CLIENT_X.nl/,Existing CM Trackers-Found,,,,,
CLIENT_X.nl,Essential cookies,CLIENT_X - Netherlands,HTTP Cookie,_ga_failed_lookup_marker_20_315,,90,,https://www.CLIENT_X.nl/c-e/ho/recall-perfectcare-8000-9000-elite-series,New First Party Trackers,,,,,
versuni.scene7.com,Performance cookies,Adobe Experience Cloud - Experience Manager,ETag,bench_new_T3_32815,,,,,Existing CM Trackers-Not Found,,,,,
www.CLIENT_X.nl,Essential cookies,CLIENT_X - Netherlands,HTTP Cookie,bench_new_T3_32517,,0,TRUE,https://www.CLIENT_X.nl/c-p/HX9552_33/-/ondersteuning,Existing CM Trackers-Found,,,,,
CLIENT_X.ro,Essential cookies (exempt from consent),CLIENT_X - Romania,HTTP Cookie,s_pv,,session,TRUE,https://www.CLIENT_X.nl/c-e/ho/recall-perfectcare-8000-9000-elite-series,Existing CM Trackers-Found,,,,,
ct.pinterest.com,Targeted Advertising cookies (including social media),Pinterest,ETag,bench_new_T3_33202,,,,,Existing CM Trackers-Not Found,,,,,
www.static.accounts.CLIENT_X.com,Essential cookies,Koninklijke CLIENT_X N.V.,JavaScript,bench_new_T3_32487,,,,,Existing CM Trackers-Not Found,,,,,
c.clarity.ms,Performance cookies,Microsoft,Beacon,_ga_failed_lookup_marker_20_321,,,,,Existing CM Trackers-Not Found,,,,,
bat.bing.com,Targeted Advertising cookies (including social media),Microsoft Advertising,Beacon,bench_new_T3_32904,,,TRUE,https://www.CLIENT_X.nl/c-e/ho/recall-perfectcare-8000-9000-elite-series,Existing CM Trackers-Found,,,,,
assets.adoberesources.net,Performance cookies,Adobe Inc.,ETag,bench_new_T3_33326,,,,,Existing CM Trackers-Not Found,,,,,
CLIENT_X.nl,Essential cookies,CLIENT_X - Netherlands,HTTP Cookie,_ga_failed_lookup_marker_20_324,,90,,https://www.CLIENT_X.nl/c-e/ho/recall-perfectcare-8000-9000-elite-series,New First Party Trackers,,,,,
www.CLIENT_X-foundation.com,Targeted Advertising cookies (including social media),CLIENT_X Foundation,HTTP Cookie,bench_new_T3_32668,,7,,https://www.CLIENT_X.nl/healthcare/about/support,New Third Party Trackers,,,,,
cdn.speedcurve.com,Performance cookies,Speedcurve,JavaScript,bench_new_T3_33159,,,,http://www.CLIENT_X.nl/,New Third Party Trackers,,,,,
*.en25.com,Targeted Advertising cookies (including social media),Oracle Marketing,JavaScript,bench_new_T3_33250,,,,https://www.CLIENT_X.nl/healthcare,Existing CM Trackers-Found,,,,,
casalemedia.com,Targeted Advertising cookies (including social media),Index Exchange Inc.,HTTP Cookie,bench_new_T3_33010,,90,TRUE,https://www.CLIENT_X.nl/a-w/about,Existing CM Trackers-Found,,,,,
www.CLIENT_X.com.eg,Essential cookies (exempt from consent),CLIENT_X - Egypt,HTTP Cookie,fl_qualified_entry,,bench_update_duration,,,Existing CM Trackers-Not Found,,,,,
px.ads.linkedin.com,Targeted Advertising cookies (including social media),LinkedIn,JavaScript,bench_new_T3_32167,,,TRUE,https://www.CLIENT_X.nl/healthcare/clinical-solutions/radiology-operations-command-center,Existing CM Trackers-Found,,,,,
www.horticulture-partnertool.lighting.CLIENT_X.com,Performance cookies,Signify (formerly CLIENT_X Lighting),JavaScript,bench_new_T3_32751,,,,,Existing CM Trackers-Not Found,,,,,
CLIENT_Xb2c.my.site.com,Performance cookies,"Salesforce.com, Inc.",Local Storage,bench_new_T3_33523,,,TRUE,https://www.CLIENT_X.nl/c-w/consumenten-ondersteuning/support-contact-page,Existing CM Trackers-Found,,,,,
www.abonnementen.CLIENT_X.nl,Essential cookies,CLIENT_X - Netherlands,HTTP Cookie,bench_new_T3_32794,,,,,Existing CM Trackers-Not Found,,,,,
nebula-cdn.kampyle.com,Performance cookies,Medallia,ETag,bench_new_T3_33329,,,TRUE,http://www.CLIENT_X.nl/,Existing CM Trackers-Found,,,,,
CLIENT_X.nl,Essential cookies,CLIENT_X - Netherlands,HTTP Cookie,_ga_failed_lookup_marker_20_335,,,,,Existing CM Trackers-Not Found,,,,,
CLIENT_X.nl,Essential cookies,CLIENT_X - Netherlands,HTTP Cookie,_ga_failed_lookup_marker_20_336,,400,TRUE,https://www.CLIENT_X.nl/c-e/ho/recall-perfectcare-8000-9000-elite-series,Existing CM Trackers-Found,,,,,
CLIENT_X.112.2o7.net,Performance cookies,"Adobe Audience Manager, Adobe Experience Cloud",HTTP Cookie,_ga_failed_lookup_marker_20_337,,400,,https://www.CLIENT_X.nl/a-w/about,New Third Party Trackers,,,,,
CLIENT_X.nl,Essential cookies,CLIENT_X - Netherlands,HTTP Cookie,bench_new_T3_32861,,365,TRUE,https://www.CLIENT_X.nl/c-e/ho/recall-perfectcare-8000-9000-elite-series,Existing CM Trackers-Found,,,,,
c.clarity.ms,Performance cookies,Microsoft,HTTP Cookie,bench_new_T3_33577,,,,,Existing CM Trackers-Not Found,,,,,
www.CLIENT_X.ro,Essential cookies (exempt from consent),CLIENT_X - Romania,HTTP Cookie,_sdsat_Ub,,bench_update_duration,,,Existing CM Trackers-Not Found,,,,,
www.healthcare.shop.CLIENT_X.nl,Essential cookies,CLIENT_X - Netherlands,HTTP Cookie,bench_new_T3_33356,,,,,Existing CM Trackers-Not Found,,,,,
CLIENT_X.com.my,Essential cookies (exempt from consent),CLIENT_X - Malaysia,HTTP Cookie,_schn2,,,,,Existing CM Trackers-Not Found,,,,,
analytics-fe.digital-cloud-us-main.medallia.com,Performance cookies,Medallia,Beacon,bench_new_T3_33092,,,TRUE,http://www.CLIENT_X.nl/,Existing CM Trackers-Found,,,,,
www.static.accounts.CLIENT_X.com,Essential cookies,Koninklijke CLIENT_X N.V.,JavaScript,bench_new_T3_32372,,,,,Existing CM Trackers-Not Found,,,,,
acdn-digitaltrans-01-p.azureedge.net,Targeted Advertising cookies (including social media),Microsoft,JavaScript,bench_new_T3_32038,,,TRUE,https://www.CLIENT_X.nl/c-e/hs/slaapapneu/i-think-i-might-have-sleep-apnea.html,Existing CM Trackers-Found,,,,,
www.CLIENT_X.nl,Essential cookies,CLIENT_X - Netherlands,HTTP Cookie,bench_new_T3_33336,,365,TRUE,https://www.CLIENT_X.nl/c-p/HX9552_33/-/ondersteuning,Existing CM Trackers-Found,,,,,
CLIENT_Xb2c.my.site.com,Performance cookies,"Salesforce.com, Inc.",Local Storage,bench_new_T3_32320,,,TRUE,https://www.CLIENT_X.nl/c-w/consumenten-ondersteuning/support-contact-page,Existing CM Trackers-Found,,,,,
conversiontool.lighting.CLIENT_X.com,Targeted Advertising cookies (including social media),Koninklijke CLIENT_X N.V.,Local Storage,bench_new_T3_33343,,,,,Existing CM Trackers-Not Found,,,,,
CLIENT_X.nl,Essential cookies,CLIENT_X - Netherlands,HTTP Cookie,bench_new_T3_32608,,1,TRUE,https://www.CLIENT_X.nl/c-e/ho/recall-perfectcare-8000-9000-elite-series,Existing CM Trackers-Found,,,,,
www.CLIENT_X.co.jp,Essential cookies (exempt from consent),CLIENT_X Electronics Corporation Japan,HTTP Cookie,T01-recentlyViewedProducts,,bench_update_duration,,https://www.CLIENT_X.nl/a-w/CLIENT_X-museum/activiteiten/speciale-activiteiten/de-lamp.html,New Third Party Trackers,,,,,
www.CLIENT_X.ch,Essential cookies (exempt from consent),CLIENT_X - Switzerland,HTTP Cookie,ws-active-shop,,,,,Existing CM Trackers-Not Found,,,,,
i.ytimg.com,Targeted Advertising cookies (including social media),Google Inc.,ETag,bench_new_T3_32036,,,TRUE,https://www.CLIENT_X.nl/c-f/XC000004909/hoe-gebruik-ik-de-opzetstukken-van-mijn-CLIENT_X-epilator,Existing CM Trackers-Found,,,,,
munchkin.marketo.net,Targeted Advertising cookies (including social media),Marketo,JavaScript,bench_new_T3_33349,,,,,Existing CM Trackers-Not Found,,,,,
www.youtube.com,Targeted Advertising cookies (including social media),Google Advertising Products,JavaScript,bench_new_T3_33200,,,TRUE,https://www.CLIENT_X.nl/c-e/hs/slaapapneu/i-think-i-might-have-sleep-apnea/getting-diagnosed,Existing CM Trackers-Found,,,,,
c.amazon-adsystem.com,Targeted Advertising cookies (including social media),Amazon Ads,JavaScript,bench_new_T3_33480,,,TRUE,http://www.CLIENT_X.nl/,Existing CM Trackers-Found,,,,,
imgs.signifyd.com,Essential cookies,Signifyd,HTTP Cookie,bench_new_T3_33099,,390,TRUE,https://www.CLIENT_X.nl/,Existing CM Trackers-Found,,,,,
tremorhub.com,Targeted Advertising cookies (including social media),"Magnite CTV, Inc.",HTTP Cookie,bench_new_T3_33086,,365,TRUE,https://www.CLIENT_X.nl/a-w/about,Existing CM Trackers-Found,,,,,
recaptcha.net,Performance cookies,Google Inc.,Local Storage,bench_new_T3_33321,,,,,Existing CM Trackers-Not Found,,,,,
www.CLIENT_X.nl,Essential cookies,CLIENT_X - Netherlands,HTTP Cookie,bench_new_T3_33516,,session,TRUE,https://www.CLIENT_X.nl/c-p/HX9552_33/-/ondersteuning,Existing CM Trackers-Found,,,,,
www.hearingsolutions.CLIENT_X.com.cn,Essential cookies (exempt from consent),CLIENT_X - China,Local Storage,blank (local storage),,390,TRUE,https://www.CLIENT_X.nl/,Existing CM Trackers-Found,,,,,
www.CLIENT_X.nl,Essential cookies,CLIENT_X - Netherlands,HTTP Cookie,bench_new_T3_32575,,365,TRUE,https://www.CLIENT_X.nl/c-p/HX9552_33/-/ondersteuning,Existing CM Trackers-Found,,,,,
CLIENT_X.nl,Essential cookies,CLIENT_X - Netherlands,HTTP Cookie,bench_new_T3_33585,,90,,https://www.CLIENT_X.nl/c-e/ho/recall-perfectcare-8000-9000-elite-series,New First Party Trackers,,,,,
i.ytimg.com,Targeted Advertising cookies (including social media),Google Inc.,ETag,bench_new_T3_33332,,,TRUE,https://www.CLIENT_X.nl/c-f/XC000004909/hoe-gebruik-ik-de-opzetstukken-van-mijn-CLIENT_X-epilator,Existing CM Trackers-Found,,,,,
CLIENT_X.nl,Performance cookies,CLIENT_X - Netherlands,HTTP Cookie,bench_new_T3_32435,,,,,Existing CM Trackers-Not Found,,,,,
CLIENT_X.nl,Essential cookies,CLIENT_X - Netherlands,HTTP Cookie,_ga_failed_lookup_marker_20_365,,session,TRUE,https://www.CLIENT_X.nl/c-e/ho/recall-perfectcare-8000-9000-elite-series,Existing CM Trackers-Found,,,,,
conversiontool.lighting.CLIENT_X.com,Targeted Advertising cookies (including social media),Koninklijke CLIENT_X N.V.,Local Storage,bench_new_T3_32290,,,,,Existing CM Trackers-Not Found,,,,,
cdn.tt.omtrdc.net,Performance cookies,"Adobe Audience Manager, Adobe Experience Platform",JavaScript,bench_new_T3_32851,,,,,Existing CM Trackers-Not Found,,,,,
www.static.accounts.CLIENT_X.com,Essential cookies,Koninklijke CLIENT_X N.V.,JavaScript,bench_new_T3_32572,,,,,Existing CM Trackers-Not Found,,,,,
s2.go-mpulse.net,Performance cookies,Akamai,JavaScript,bench_new_T3_32343,,,TRUE,http://www.CLIENT_X.nl/,Existing CM Trackers-Found,,,,,
CLIENT_X.nl,Essential cookies,CLIENT_X - Netherlands,HTTP Cookie,bench_new_T3_33513,,,,,Existing CM Trackers-Not Found,,,,,
youtube.com,Targeted Advertising cookies (including social media),Google Advertising Products,HTTP Cookie,bench_new_T3_33408,,180,TRUE,https://www.CLIENT_X.nl/c-e/hs/slaapapneu/i-think-i-might-have-sleep-apnea/getting-diagnosed,Existing CM Trackers-Found,,,,,
CLIENT_X.nl,Essential cookies,CLIENT_X - Netherlands,HTTP Cookie,bench_new_T3_32425,,session,TRUE,https://www.CLIENT_X.nl/c-e/ho/recall-perfectcare-8000-9000-elite-series,Existing CM Trackers-Found,,,,,
casalemedia.com,Targeted Advertising cookies (including social media),Index Exchange Inc.,HTTP Cookie,_ga_failed_lookup_marker_20_373,,365,TRUE,https://www.CLIENT_X.nl/a-w/about,Existing CM Trackers-Found,,,,,
CLIENT_X.nl,Essential cookies,CLIENT_X - Netherlands,HTTP Cookie,bench_new_T3_33401,,,,,Existing CM Trackers-Not Found,,,,,
c.bing.com,Targeted Advertising cookies (including social media),Microsoft Advertising,HTTP Cookie,bench_new_T3_32073,,,,,Existing CM Trackers-Not Found,,,,,
terracycle.com,Targeted Advertising cookies (including social media),TerraCycle,Local Storage,bench_new_T3_33536,,,,,Existing CM Trackers-Not Found,,,,,
www.gstatic.com,Performance cookies,Google Inc.,JavaScript,_ga_failed_lookup_marker_20_377,,,TRUE,https://www.CLIENT_X.nl/c-e/member,Existing CM Trackers-Found,,,,,
pinterest.com,Targeted Advertising cookies (including social media),Pinterest,HTTP Cookie,bench_new_T3_32497,,,,,Existing CM Trackers-Not Found,,,,,
recaptcha.net,Performance cookies,Google Inc.,Local Storage,bench_new_T3_32817,,,,,Existing CM Trackers-Not Found,,,,,
embed.podcasts.apple.com,Targeted Advertising cookies (including social media),Apple Inc.,JavaScript,bench_new_T3_33403,,,,https://www.CLIENT_X.nl/a-w/about/milieu-maatschappij-governance-esg/partnerships/BNR-FD,New Third Party Trackers,,,,,
CLIENT_X.nl,Targeted Advertising cookies (including social media),CLIENT_X - Netherlands,HTTP Cookie,bench_new_T3_32521,,7,TRUE,https://www.CLIENT_X.nl/c-e/ho/recall-perfectcare-8000-9000-elite-series,Existing CM Trackers-Found,,,,,
www.CLIENT_X.nl,Essential cookies,CLIENT_X - Netherlands,HTTP Cookie,bench_new_T3_32394,,session,TRUE,https://www.CLIENT_X.nl/c-p/HX9552_33/-/ondersteuning,Existing CM Trackers-Found,,,,,
bat.bing.com,Targeted Advertising cookies (including social media),Microsoft Advertising,Beacon,bench_new_T3_32019,,,TRUE,https://www.CLIENT_X.nl/c-e/ho/recall-perfectcare-8000-9000-elite-series,Existing CM Trackers-Found,,,,,
www.CLIENT_X.nl,Performance cookies,CLIENT_X - Netherlands,HTTP Cookie,bench_new_T3_33148,,,,,Existing CM Trackers-Not Found,,,,,
www.CLIENT_X.nl,Essential cookies,CLIENT_X - Netherlands,HTTP Cookie,bench_new_T3_32502,,,,,Existing CM Trackers-Not Found,,,,,
analytics-ipv6.tiktokw.us,Targeted Advertising cookies (including social media),TikTok,Beacon,bench_new_T3_32533,,,,http://www.CLIENT_X.nl/,New Third Party Trackers,,,,,
CLIENT_X.com.sg,Essential cookies (exempt from consent),CLIENT_X - Singapore,HTTP Cookie,_mkto_trk,,bench_update_duration,,,Existing CM Trackers-Not Found,,,,,
halc.iadvize.com,Performance cookies,iAdvize,ETag,bench_new_T3_33303,,,TRUE,https://www.CLIENT_X.nl/c-e/ho/recall-perfectcare-8000-9000-elite-series,Existing CM Trackers-Found,,,,,
casalemedia.com,Targeted Advertising cookies (including social media),Index Exchange Inc.,HTTP Cookie,bench_new_T3_32156,,365,TRUE,https://www.CLIENT_X.nl/a-w/about,Existing CM Trackers-Found,,,,,
comment.niceteknoloji.com,Performance Cookies [Requires consent],Nice Technology,JavaScript,-,,bench_update_duration,,https://www.CLIENT_X.nl/a-w/about/milieu-maatschappij-governance-esg/partnerships/BNR-FD,New Third Party Trackers,,,,,
static.cloud.coveo.com,Targeted Advertising cookies (including social media),Coveo Solutions Inc.,ETag,bench_new_T3_33450,,,TRUE,https://www.CLIENT_X.nl/c-p/HX9992_12/sonicare-9900-prestige-elektrische-tandenborstel-met-senseiq,Existing CM Trackers-Found,,,,,
CLIENT_X.janrainsso.com,Performance cookies,Akamai,Local Storage,_ga_failed_lookup_marker_20_392,,,,https://www.CLIENT_X.nl/shop/NL_ONVZ/login,New Third Party Trackers,,,,,
CLIENT_X.nl,Essential cookies,CLIENT_X - Netherlands,HTTP Cookie,bench_new_T3_32106,,0,TRUE,https://www.CLIENT_X.nl/c-e/ho/recall-perfectcare-8000-9000-elite-series,Existing CM Trackers-Found,,,,,
www.lighting.CLIENT_X.ca,Essential cookies (exempt from consent),Signify (formerly CLIENT_X Lighting),HTTP Cookie,customer_language_accept,,,TRUE,https://www.CLIENT_X.nl/c-w/consumenten-ondersteuning/support-contact-page,Existing CM Trackers-Found,,,,,
www.crsc.CLIENT_X.com,Targeted Advertising cookies (including social media),Koninklijke CLIENT_X N.V.,ETag,bench_new_T3_33088,,,TRUE,https://www.CLIENT_X.nl/shop/order-search/search-input,Existing CM Trackers-Found,,,,,
www.lighting.CLIENT_X.nl,Essential cookies,Signify (formerly CLIENT_X Lighting),HTTP Cookie,bench_new_T3_33590,,,,,Existing CM Trackers-Not Found,,,,,
widget-cdn.janraincapture.com,Performance cookies,Akamai,ETag,bench_new_T3_32118,,,,,Existing CM Trackers-Not Found,,,,,
s.go-mpulse.net,Performance cookies,Akamai,JavaScript,bench_new_T3_32208,,,,,Existing CM Trackers-Not Found,,,,,
connect.facebook.net,Targeted Advertising cookies (including social media),Meta (formerly Facebook),Beacon,bench_new_T3_32330,,,TRUE,https://www.CLIENT_X.nl/c-p/HX4041_41/4100-rechargeable-toothbrush,Existing CM Trackers-Found,,,,,
scripts.clarity.ms,Performance cookies,Microsoft,ETag,bench_new_T3_32798,,,,https://www.CLIENT_X.nl/c-e/ho/recall-perfectcare-8000-9000-elite-series,New Third Party Trackers,,,,,
www.led-calculator.coreline.lighting.CLIENT_X.com,Targeted Advertising cookies (including social media),Signify (formerly CLIENT_X Lighting),JavaScript,bench_new_T3_32628,,,,,Existing CM Trackers-Not Found,,,,,
www.CLIENT_X.nl,Essential cookies,CLIENT_X - Netherlands,HTTP Cookie,bench_new_T3_32356,,session,TRUE,https://www.CLIENT_X.nl/c-p/HX9552_33/-/ondersteuning,Existing CM Trackers-Found,,,,,
CLIENT_X.nl,Essential cookies,CLIENT_X - Netherlands,HTTP Cookie,bench_new_T3_32179,,,,,Existing CM Trackers-Not Found,,,,,
CLIENT_X.nl,Performance cookies,CLIENT_X - Netherlands,HTTP Cookie,bench_new_T3_32312,,0,TRUE,https://www.CLIENT_X.nl/c-e/ho/recall-perfectcare-8000-9000-elite-series,Existing CM Trackers-Found,,,,,
CLIENT_X.nl,Performance cookies,CLIENT_X - Netherlands,HTTP Cookie,_ga_failed_lookup_marker_20_405,,session,TRUE,https://www.CLIENT_X.nl/c-e/ho/recall-perfectcare-8000-9000-elite-series,Existing CM Trackers-Found,,,,,
www.healthcare.shop.CLIENT_X.nl,Essential cookies,CLIENT_X - Netherlands,ETag,bench_new_T3_32799,,,,,Existing CM Trackers-Not Found,,,,,
custom.yieldify.com,Targeted Advertising cookies (including social media),Yieldify,JavaScript,bench_new_T3_33420,,,TRUE,http://www.CLIENT_X.nl/,Existing CM Trackers-Found,,,,,
*.akamaihd.net,Performance cookies,Akamai,ETag,bench_new_T3_32820,,,,,Existing CM Trackers-Not Found,,,,,
CLIENT_X.nl,Performance cookies,CLIENT_X - Netherlands,HTTP Cookie,_ga_failed_lookup_marker_20_409,,,,,Existing CM Trackers-Not Found,,,,,
CLIENT_X.com.pe,Essential cookies (exempt from consent),CLIENT_X - Peru,HTTP Cookie,s_vtime,,,,,Existing CM Trackers-Not Found,,,,,
CLIENT_X.nl,Essential cookies,CLIENT_X - Netherlands,HTTP Cookie,bench_new_T3_32431,,393,TRUE,https://www.CLIENT_X.nl/c-e/ho/recall-perfectcare-8000-9000-elite-series,Existing CM Trackers-Found,,,,,
www.CLIENT_X.nl,Essential cookies,CLIENT_X - Netherlands,HTTP Cookie,bench_new_T3_33588,,,,,Existing CM Trackers-Not Found,,,,,
bat.bing.com,Targeted Advertising cookies (including social media),Microsoft Advertising,Beacon,_ga_failed_lookup_marker_20_413,,,TRUE,https://www.CLIENT_X.nl/c-e/ho/recall-perfectcare-8000-9000-elite-series,Existing CM Trackers-Found,,,,,
img1.wsimg.com,Targeted Advertising Cookies (including social media) [Requires consent],Wild West Domains,ETag,-,,bench_update_duration,TRUE,https://www.CLIENT_X.nl/c-e/hs/slaapapneu/i-think-i-might-have-sleep-apnea/getting-diagnosed,Existing CM Trackers-Found,,,,,
assets.adoberesources.net,Performance cookies,Adobe Inc.,ETag,bench_new_T3_32923,,,,,Existing CM Trackers-Not Found,,,,,
www.crsc.CLIENT_X.com,Targeted Advertising cookies (including social media),Koninklijke CLIENT_X N.V.,ETag,bench_new_T3_33545,,,TRUE,https://www.CLIENT_X.nl/shop/order-search/search-input,Existing CM Trackers-Found,,,,,
nebula-cdn.kampyle.com,Performance cookies,Medallia,JavaScript,bench_new_T3_32042,,,TRUE,http://www.CLIENT_X.nl/,Existing CM Trackers-Found,,,,,
www.crsc.CLIENT_X.com,Targeted Advertising cookies (including social media),Koninklijke CLIENT_X N.V.,ETag,bench_new_T3_32535,,,TRUE,https://www.CLIENT_X.nl/shop/order-search/search-input,Existing CM Trackers-Found,,,,,
code.jquery.com,Performance cookies,jQuery,ETag,bench_new_T3_32217,,,,,Existing CM Trackers-Not Found,,,,,
www.conversiontool.lighting.CLIENT_X.com,Targeted Advertising cookies (including social media),Signify (formerly CLIENT_X Lighting),ETag,bench_new_T3_33467,,,,,Existing CM Trackers-Not Found,,,,,
www.gearselectiontool.lighting.CLIENT_X.com,Performance cookies,Signify (formerly CLIENT_X Lighting),ETag,bench_new_T3_33366,,,,,Existing CM Trackers-Not Found,,,,,
CLIENT_X.co.za,Essential cookies (exempt from consent),CLIENT_X - South Africa,HTTP Cookie,iadvize_test_cookie_top_domain,,,,,Existing CM Trackers-Not Found,,,,,
c.bing.com,Targeted Advertising cookies (including social media),Microsoft Advertising,HTTP Cookie,bench_new_T3_32758,,,,,Existing CM Trackers-Not Found,,,,,
pages.information.signify.com,Performance cookies,Signify (formerly CLIENT_X Lighting),ETag,bench_new_T3_33442,,,,,Existing CM Trackers-Not Found,,,,,
www.horticulture-partnertool.lighting.CLIENT_X.com,Performance cookies,Signify (formerly CLIENT_X Lighting),JavaScript,bench_new_T3_32003,,,,,Existing CM Trackers-Not Found,,,,,
assets.adobedtm.com,Performance cookies,Adobe Inc.,JavaScript,bench_new_T3_32221,,,,,Existing CM Trackers-Not Found,,,,,
assets.adoberesources.net,Performance cookies,Adobe Inc.,JavaScript,_ga_failed_lookup_marker_20_427,,,,,Existing CM Trackers-Not Found,,,,,
acdn-digitaltrans-01-p.azureedge.net,Targeted Advertising cookies (including social media),Microsoft,JavaScript,bench_new_T3_32727,,,TRUE,https://www.CLIENT_X.nl/c-e/hs/slaapapneu/i-think-i-might-have-sleep-apnea.html,Existing CM Trackers-Found,,,,,
lighting.CLIENT_X.nl,Essential cookies,Signify (formerly CLIENT_X Lighting),Local Storage,bench_new_T3_33539,,,,,Existing CM Trackers-Not Found,,,,,
labs.iadvize.com,Performance cookies,iAdvize,ETag,bench_new_T3_33103,,,TRUE,https://www.CLIENT_X.nl/c-e/ho/recall-perfectcare-8000-9000-elite-series,Existing CM Trackers-Found,,,,,
CLIENT_X.nl,Essential cookies,CLIENT_X - Netherlands,HTTP Cookie,bench_new_T3_32306,,session,TRUE,https://www.CLIENT_X.nl/c-e/ho/recall-perfectcare-8000-9000-elite-series,Existing CM Trackers-Found,,,,,
CLIENT_X.nl,Performance cookies,CLIENT_X - Netherlands,HTTP Cookie,bench_new_T3_32342,,session,TRUE,https://www.CLIENT_X.nl/c-e/ho/recall-perfectcare-8000-9000-elite-series,Existing CM Trackers-Found,,,,,
CLIENT_X.nl,Essential cookies,CLIENT_X - Netherlands,HTTP Cookie,bench_new_T3_32162,,0,TRUE,https://www.CLIENT_X.nl/c-e/ho/recall-perfectcare-8000-9000-elite-series,Existing CM Trackers-Found,,,,,
CLIENT_X.co.uk,Essential cookies,CLIENT_X - United Kingdom,HTTP Cookie,bench_new_T3_33337,,,,,Existing CM Trackers-Not Found,,,,,
casalemedia.com,Targeted Advertising cookies (including social media),Index Exchange Inc.,HTTP Cookie,bench_new_T3_32361,,365,TRUE,https://www.CLIENT_X.nl/a-w/about,Existing CM Trackers-Found,,,,,
www.lighting.CLIENT_X.com,Performance cookies,Signify (formerly CLIENT_X Lighting),HTTP Cookie,bench_new_T3_32303,,,,,Existing CM Trackers-Not Found,,,,,
youtube.com,Targeted Advertising cookies (including social media),Google Advertising Products,HTTP Cookie,_ga_failed_lookup_marker_20_437,,180,,https://www.CLIENT_X.nl/c-e/hs/slaapapneu/i-think-i-might-have-sleep-apnea/getting-diagnosed,New Third Party Trackers,,,,,
static.iadvize.com,Targeted Advertising cookies (including social media),iAdvize,JavaScript,bench_new_T3_32384,,,TRUE,https://www.CLIENT_X.nl/c-e/ho/recall-perfectcare-8000-9000-elite-series,Existing CM Trackers-Found,,,,,
www.CLIENT_X.nl,Essential cookies,CLIENT_X - Netherlands,HTTP Cookie,bench_new_T3_32974,,365,TRUE,https://www.CLIENT_X.nl/c-p/HX9552_33/-/ondersteuning,Existing CM Trackers-Found,,,,,
tag-logger.demandbase.com,Targeted Advertising cookies (including social media),"Demandbase, Inc.",ETag,bench_new_T3_32412,,,,https://www.CLIENT_X.nl/healthcare/product/HC712034,New Third Party Trackers,,,,,
CLIENT_X.nl,Essential cookies,CLIENT_X - Netherlands,HTTP Cookie,bench_new_T3_32916,,365,TRUE,https://www.CLIENT_X.nl/c-e/ho/recall-perfectcare-8000-9000-elite-series,Existing CM Trackers-Found,,,,,
s2.go-mpulse.net,Performance cookies,Akamai,JavaScript,bench_new_T3_32254,,,TRUE,http://www.CLIENT_X.nl/,Existing CM Trackers-Found,,,,,
*.mktoweb.com,Targeted Advertising cookies (including social media),Marketo,JavaScript,_ga_failed_lookup_marker_20_443,,,,,Existing CM Trackers-Not Found,,,,,
www.CLIENT_X-hue.com,Essential cookies,CLIENT_X Hue,Beacon,bench_new_T3_33354,,,,,Existing CM Trackers-Not Found,,,,,
*.online-metrix.net,Performance cookies,LexisNexis Risk Solutions (formerly ThreatMetrix),JavaScript,bench_new_T3_32111,,,,https://www.CLIENT_X.nl/c-p/JC305_50/-,Existing CM Trackers-Found,,,,,
www.CLIENT_X.nl,Essential cookies,CLIENT_X - Netherlands,ETag,bench_new_T3_32977,,,TRUE,http://www.CLIENT_X.nl/,Existing CM Trackers-Found,,,,,
www.google.com,Targeted Advertising cookies (including social media),Google Inc.,Beacon,bench_new_T3_32922,,,TRUE,http://www.CLIENT_X.nl/,Existing CM Trackers-Found,,,,,
www.lighting.CLIENT_X.com.pe,Essential cookies (exempt from consent),Signify (formerly CLIENT_X Lighting),JavaScript,blank (java),,365,TRUE,https://www.CLIENT_X.nl/c-e/ho/recall-perfectcare-8000-9000-elite-series,Existing CM Trackers-Found,,,,,
CLIENT_X.nl,Essential cookies,CLIENT_X - Netherlands,HTTP Cookie,bench_new_T3_32424,,,,,Existing CM Trackers-Not Found,,,,,
cdn.mouseflow.com,Performance cookies,Mouseflow,ETag,bench_new_T3_32131,,,TRUE,https://www.CLIENT_X.nl/c-e/pe/mens-grooming-welcome.html,Existing CM Trackers-Found,,,,,
www.crsc.CLIENT_X.com,Targeted Advertising cookies (including social media),Koninklijke CLIENT_X N.V.,ETag,bench_new_T3_33581,,,TRUE,https://www.CLIENT_X.nl/shop/order-search/search-input,Existing CM Trackers-Found,,,,,
CLIENT_X.nl,Essential cookies,CLIENT_X - Netherlands,HTTP Cookie,bench_new_T3_32777,,365,TRUE,https://www.CLIENT_X.nl/c-e/ho/recall-perfectcare-8000-9000-elite-series,Existing CM Trackers-Found,,,,,
company-target.com,Targeted Advertising cookies (including social media),"Demandbase, Inc.",HTTP Cookie,bench_new_T3_33563,,396,TRUE,https://www.CLIENT_X.nl/a-w/about,Existing CM Trackers-Found,,,,,
eloqua.com,Essential cookies,Oracle Marketing,HTTP Cookie,bench_new_T3_33525,,392,TRUE,https://www.CLIENT_X.nl/healthcare,Existing CM Trackers-Found,,,,,
www.CLIENT_X.com.tr,Essential cookies (exempt from consent),CLIENT_X - Turkey,HTTP Cookie,TR_Pub-cartstatus-com,,bench_update_duration,,,Existing CM Trackers-Not Found,,,,,
halc.iadvize.com,Performance cookies,iAdvize,ETag,bench_new_T3_32255,,,TRUE,https://www.CLIENT_X.nl/c-e/ho/recall-perfectcare-8000-9000-elite-series,Existing CM Trackers-Found,,,,,
CLIENT_X.nl,Essential cookies,CLIENT_X - Netherlands,HTTP Cookie,bench_new_T3_32597,,7,TRUE,https://www.CLIENT_X.nl/c-e/ho/recall-perfectcare-8000-9000-elite-series,Existing CM Trackers-Found,,,,,
www.lighting.CLIENT_X.ma,Essential cookies (exempt from consent),Signify (formerly CLIENT_X Lighting),HTTP Cookie,customer_language_accept,,,,,Existing CM Trackers-Not Found,,,,,
www.lighting.CLIENT_X.nl,Essential cookies,Signify (formerly CLIENT_X Lighting),HTTP Cookie,bench_new_T3_33249,,,,,Existing CM Trackers-Not Found,,,,,
CLIENT_X.nl,Essential cookies,CLIENT_X - Netherlands,HTTP Cookie,bench_new_T3_33533,,,,,Existing CM Trackers-Not Found,,,,,
lighting.CLIENT_X.sa,Essential cookies (exempt from consent),Signify (formerly CLIENT_X Lighting),HTTP Cookie,s_pv,,bench_update_duration,,https://www.CLIENT_X.nl/c-e/ho/recall-perfectcare-8000-9000-elite-series,New First Party Trackers,,,,,
dpm.demdex.net,Targeted Advertising cookies (including social media),"Adobe Audience Manager, Adobe Experience Platform",HTTP Cookie,bench_new_T3_33388,,,,,Existing CM Trackers-Not Found,,,,,
CLIENT_X.fi,Essential cookies (exempt from consent),CLIENT_X - Finland,HTTP Cookie,s_eVar8,,393,TRUE,https://www.CLIENT_X.nl/c-e/ho/recall-perfectcare-8000-9000-elite-series,Existing CM Trackers-Found,,,,,
CLIENT_X.nl,Essential cookies,CLIENT_X - Netherlands,HTTP Cookie,bench_new_T3_32153,,,,,Existing CM Trackers-Not Found,,,,,
lighting.CLIENT_X.nl,Performance cookies,Signify (formerly CLIENT_X Lighting),HTTP Cookie,bench_new_T3_33375,,,,,Existing CM Trackers-Not Found,,,,,
cdn.jsdelivr.net,Performance cookies,Volentio JSD Limited,JavaScript,_ga_failed_lookup_marker_20_466,,,,,Existing CM Trackers-Not Found,,,,,
lighting.CLIENT_X.nl,Essential cookies,Signify (formerly CLIENT_X Lighting),HTTP Cookie,bench_new_T3_32053,,,,,Existing CM Trackers-Not Found,,,,,
doubleclick.net,Targeted Advertising cookies (including social media),Google Advertising Products,HTTP Cookie,bench_new_T3_32028,,0,TRUE,https://www.CLIENT_X.nl/a-w/about,Existing CM Trackers-Found,,,,,
www.CLIENT_X.lv,Essential cookies (exempt from consent),CLIENT_X - Latvia,HTTP Cookie,kampyleSessionPageCounter,,,,,Existing CM Trackers-Not Found,,,,,
www.clarity.ms,Performance cookies,Microsoft,JavaScript,bench_new_T3_32818,,,TRUE,https://www.CLIENT_X.nl/c-e/ho/recall-perfectcare-8000-9000-elite-series,Existing CM Trackers-Found,,,,,
linkedin.com,Targeted Advertising cookies (including social media),LinkedIn,HTTP Cookie,bench_new_T3_32551,,365,TRUE,https://www.CLIENT_X.nl/c-e/ho/recall-perfectcare-8000-9000-elite-series,Existing CM Trackers-Found,,,,,
youtube.com,Targeted Advertising cookies (including social media),Google Advertising Products,HTTP Cookie,bench_new_T3_33552,,180,TRUE,https://www.CLIENT_X.nl/c-e/hs/slaapapneu/i-think-i-might-have-sleep-apnea/getting-diagnosed,Existing CM Trackers-Found,,,,,
CLIENT_X.nl,Essential cookies,CLIENT_X - Netherlands,HTTP Cookie,bench_new_T3_32828,,,,,Existing CM Trackers-Not Found,,,,,
CLIENT_X.nl,Essential cookies,CLIENT_X - Netherlands,HTTP Cookie,_ga_failed_lookup_marker_20_474,,,,,Existing CM Trackers-Not Found,,,,,
CLIENT_X.nl,Essential cookies,CLIENT_X - Netherlands,HTTP Cookie,bench_new_T3_33572,,365,TRUE,https://www.CLIENT_X.nl/c-e/ho/recall-perfectcare-8000-9000-elite-series,Existing CM Trackers-Found,,,,,
www.abonnementen.CLIENT_X.nl,Essential cookies,CLIENT_X - Netherlands,HTTP Cookie,bench_new_T3_33359,,,,,Existing CM Trackers-Not Found,,,,,
CLIENT_X.nl,Essential cookies,CLIENT_X - Netherlands,HTTP Cookie,bench_new_T3_32095,,400,,https://www.CLIENT_X.nl/c-e/ho/recall-perfectcare-8000-9000-elite-series,New First Party Trackers,,,,,
CLIENT_X.nl,Essential cookies,CLIENT_X - Netherlands,HTTP Cookie,_ga_failed_lookup_marker_20_478,,365,TRUE,https://www.CLIENT_X.nl/c-e/ho/recall-perfectcare-8000-9000-elite-series,Existing CM Trackers-Found,,,,,
static.cloud.coveo.com,Targeted Advertising cookies (including social media),Coveo Solutions Inc.,JavaScript,bench_new_T3_32634,,,TRUE,https://www.CLIENT_X.nl/c-p/HX9992_12/sonicare-9900-prestige-elektrische-tandenborstel-met-senseiq,Existing CM Trackers-Found,,,,,
www.gearselectiontool.lighting.CLIENT_X.com,Performance cookies,Signify (formerly CLIENT_X Lighting),JavaScript,bench_new_T3_32749,,,,,Existing CM Trackers-Not Found,,,,,
scripts.clarity.ms,Performance cookies,Microsoft,JavaScript,bench_new_T3_32193,,,,https://www.CLIENT_X.nl/c-e/ho/recall-perfectcare-8000-9000-elite-series,New Third Party Trackers,,,,,
www.CLIENT_X.nl,Performance cookies,CLIENT_X - Netherlands,HTTP Cookie,bench_new_T3_32720,,,,,Existing CM Trackers-Not Found,,,,,
healthcare.shop.CLIENT_X.nl,Essential cookies,CLIENT_X - Netherlands,Local Storage,bench_new_T3_33465,,,,,Existing CM Trackers-Not Found,,,,,
www.CLIENT_X.nl,Performance cookies,CLIENT_X - Netherlands,HTTP Cookie,bench_new_T3_32656,,session,TRUE,https://www.CLIENT_X.nl/c-p/HX9552_33/-/ondersteuning,Existing CM Trackers-Found,,,,,
pages.information.signify.com,Performance cookies,Signify (formerly CLIENT_X Lighting),ETag,bench_new_T3_32155,,,,,Existing CM Trackers-Not Found,,,,,
static.criteo.net,Targeted Advertising cookies (including social media),Criteo SA,JavaScript,_ga_failed_lookup_marker_20_486,,,,,Existing CM Trackers-Not Found,,,,,
casalemedia.com,Targeted Advertising cookies (including social media),Index Exchange Inc.,HTTP Cookie,_ga_failed_lookup_marker_20_487,,90,TRUE,https://www.CLIENT_X.nl/a-w/about,Existing CM Trackers-Found,,,,,
cdn.mouseflow.com,Performance cookies,Mouseflow,ETag,_ga_failed_lookup_marker_20_488,,,TRUE,https://www.CLIENT_X.nl/c-e/pe/mens-grooming-welcome.html,Existing CM Trackers-Found,,,,,
*.mktoweb.com,Targeted Advertising cookies (including social media),Marketo,HTTP Cookie,bench_new_T3_32211,,,,,Existing CM Trackers-Not Found,,,,,
www.google.com,Essential cookies,Google Inc.,HTTP Cookie,bench_new_T3_32331,,180,TRUE,https://www.CLIENT_X.nl/c-e/member,Existing CM Trackers-Found,,,,,
www.CLIENT_X.com.ar,Essential cookies (exempt from consent),CLIENT_X - Argentina,JavaScript,blank (java),,729,,,Existing CM Trackers-Not Found,,,,,
CLIENT_X.com.tr,Essential cookies (exempt from consent),CLIENT_X - Turkey,HTTP Cookie,_ga,,90,TRUE,https://www.CLIENT_X.nl/a-w/about,Existing CM Trackers-Found,,,,,
static.cloud.coveo.com,Targeted Advertising cookies (including social media),Coveo Solutions Inc.,ETag,bench_new_T3_32387,,,TRUE,https://www.CLIENT_X.nl/c-p/HX9992_12/sonicare-9900-prestige-elektrische-tandenborstel-met-senseiq,Existing CM Trackers-Found,,,,,
halc.iadvize.com,Performance cookies,iAdvize,ETag,bench_new_T3_32677,,,TRUE,https://www.CLIENT_X.nl/c-e/ho/recall-perfectcare-8000-9000-elite-series,Existing CM Trackers-Found,,,,,
assets.adobedtm.com,Performance cookies,Adobe Inc.,ETag,_ga_failed_lookup_marker_20_495,,,,,Existing CM Trackers-Not Found,,,,,
www.google.ie,Targeted Advertising cookies (including social media),Google Inc.,Beacon,bench_new_T3_33156,,,TRUE,http://www.CLIENT_X.nl/,Existing CM Trackers-Found,,,,,
assets.adobedtm.com,Performance cookies,Adobe Inc.,ETag,bench_new_T3_33376,,,,,Existing CM Trackers-Not Found,,,,,
www.google.ie,Targeted Advertising cookies (including social media),Google Inc.,Beacon,bench_new_T3_33261,,,TRUE,http://www.CLIENT_X.nl/,Existing CM Trackers-Found,,,,,
www.horticulture-partnertool.lighting.CLIENT_X.com,Performance cookies,Signify (formerly CLIENT_X Lighting),JavaScript,bench_new_T3_32630,,,,,Existing CM Trackers-Not Found,,,,,
CLIENT_X.nl,Essential cookies,CLIENT_X - Netherlands,HTTP Cookie,bench_new_T3_32430,,,,,Existing CM Trackers-Not Found,,,,,
CLIENT_X.nl,Essential cookies,CLIENT_X - Netherlands,HTTP Cookie,bench_new_T3_32261,,,,,Existing CM Trackers-Not Found,,,,,
ssl-static.janraincapture.com,Performance cookies,Akamai,JavaScript,bench_new_T3_32771,,,,,Existing CM Trackers-Not Found,,,,,
www.abonnementen.CLIENT_X.nl,Essential cookies,CLIENT_X - Netherlands,HTTP Cookie,bench_new_T3_33119,,,,,Existing CM Trackers-Not Found,,,,,
lighting.CLIENT_X.com.pk,Essential cookies (exempt from consent),Signify (formerly CLIENT_X Lighting),HTTP Cookie,s_pv,,0,TRUE,https://www.CLIENT_X.nl/c-e/ho/recall-perfectcare-8000-9000-elite-series,Existing CM Trackers-Found,,,,,
koninklijkeCLIENT_Xnvproduction2k8xfrmr.analytics.org.coveo.com,Performance cookies,Coveo Solutions Inc.,Beacon,bench_new_T3_33130,,,TRUE,https://www.CLIENT_X.nl/c-p/HX9992_12/sonicare-9900-prestige-elektrische-tandenborstel-met-senseiq,Existing CM Trackers-Found,,,,,
scripts.clarity.ms,Performance cookies,Microsoft,ETag,bench_new_T3_32093,,,,https://www.CLIENT_X.nl/c-e/ho/recall-perfectcare-8000-9000-elite-series,New Third Party Trackers,,,,,
bing.com,Targeted Advertising cookies (including social media),Microsoft Advertising,HTTP Cookie,bench_new_T3_33135,,390,TRUE,https://www.CLIENT_X.nl/c-e/ho/recall-perfectcare-8000-9000-elite-series,Existing CM Trackers-Found,,,,,
lighting.CLIENT_X.nl,Essential cookies,Signify (formerly CLIENT_X Lighting),HTTP Cookie,bench_new_T3_33575,,,,,Existing CM Trackers-Not Found,,,,,
cdn-scripts.signifyd.com,Essential cookies,Signifyd,JavaScript,bench_new_T3_32733,,,TRUE,http://www.CLIENT_X.nl/,Existing CM Trackers-Found,,,,,
www.CLIENT_X.nl,Essential cookies,CLIENT_X - Netherlands,HTTP Cookie,bench_new_T3_32434,,365,TRUE,https://www.CLIENT_X.nl/c-p/HX9552_33/-/ondersteuning,Existing CM Trackers-Found,,,,,
cdn-scripts.signifyd.com,Essential cookies,Signifyd,ETag,bench_new_T3_33291,,,TRUE,http://www.CLIENT_X.nl/,Existing CM Trackers-Found,,,,,
custom.yieldify.com,Targeted Advertising cookies (including social media),Yieldify,ETag,bench_new_T3_33264,,,TRUE,http://www.CLIENT_X.nl/,Existing CM Trackers-Found,,,,,
ssl-static.janraincapture.com,Performance cookies,Akamai,JavaScript,bench_new_T3_32698,,,,,Existing CM Trackers-Not Found,,,,,
www.assets.lighting.CLIENT_X.com,Performance cookies,Signify (formerly CLIENT_X Lighting),ETag,bench_new_T3_32148,,,,,Existing CM Trackers-Not Found,,,,,
www.CLIENT_X.nl,Performance cookies,CLIENT_X - Netherlands,HTTP Cookie,bench_new_T3_32571,,,,,Existing CM Trackers-Not Found,,,,,
tag-logger.demandbase.com,Targeted Advertising cookies (including social media),"Demandbase, Inc.",ETag,bench_new_T3_32096,,,,https://www.CLIENT_X.nl/healthcare/product/HC712034,New Third Party Trackers,,,,,
dpm.demdex.net,Targeted Advertising cookies (including social media),"Adobe Audience Manager, Adobe Experience Platform",HTTP Cookie,bench_new_T3_33129,,,,,Existing CM Trackers-Not Found,,,,,
static.criteo.net,Targeted Advertising cookies (including social media),Criteo SA,ETag,bench_new_T3_32983,,,,,Existing CM Trackers-Not Found,,,,,
CLIENT_X.nl,Essential cookies,CLIENT_X - Netherlands,HTTP Cookie,bench_new_T3_33171,,365,TRUE,https://www.CLIENT_X.nl/c-e/ho/recall-perfectcare-8000-9000-elite-series,Existing CM Trackers-Found,,,,,
CLIENT_Xb2c.my.site.com,Performance cookies,"Salesforce.com, Inc.",JavaScript,_ga_failed_lookup_marker_20_520,,,TRUE,https://www.CLIENT_X.nl/c-w/consumenten-ondersteuning/support-contact-page,Existing CM Trackers-Found,,,,,
www.crsc.lighting.CLIENT_X.com,Performance cookies,Signify (formerly CLIENT_X Lighting),JavaScript,bench_new_T3_33023,,,,,Existing CM Trackers-Not Found,,,,,
www.CLIENT_X.com,Targeted Advertising cookies (including social media),Koninklijke CLIENT_X N.V.,ETag,bench_new_T3_33165,,,,https://www.CLIENT_X.nl/a-w/about/nieuws-achtergronden/alle-artikelen.html,New Third Party Trackers,,,,,
c.amazon-adsystem.com,Targeted Advertising cookies (including social media),Amazon Ads,ETag,bench_new_T3_32120,,,TRUE,http://www.CLIENT_X.nl/,Existing CM Trackers-Found,,,,,
cdn.botframework.com,Performance cookies,Microsoft Bot Framework,JavaScript,_ga_failed_lookup_marker_20_524,,,,,Existing CM Trackers-Not Found,,,,,
CLIENT_X.com.cn,Essential cookies (exempt from consent),CLIENT_X - China,HTTP Cookie,_hjTLDTest,,session,TRUE,https://www.CLIENT_X.nl/c-e/ho/recall-perfectcare-8000-9000-elite-series,Existing CM Trackers-Found,,,,,
CLIENT_X.nl,Essential cookies,CLIENT_X - Netherlands,Local Storage,bench_new_T3_32043,,,TRUE,https://www.CLIENT_X.nl/c-w/consumenten-ondersteuning/support-contact-page,Existing CM Trackers-Found,,,,,
www.lighting.CLIENT_X.com.vn,Essential cookies (exempt from consent),Signify (formerly CLIENT_X Lighting),ETag,blank (etag),,bench_update_duration,,,Existing CM Trackers-Not Found,,,,,
smetrics.marketing.lighting.CLIENT_X.com,Targeted Advertising cookies (including social media),Koninklijke CLIENT_X N.V.,JavaScript,bench_new_T3_33055,,,,,Existing CM Trackers-Not Found,,,,,
bat.bing.com,Targeted Advertising cookies (including social media),Microsoft Advertising,ETag,bench_new_T3_32085,,,TRUE,https://www.CLIENT_X.nl/c-e/ho/recall-perfectcare-8000-9000-elite-series,Existing CM Trackers-Found,,,,,
www.usa.CLIENT_X.com,Essential cookies (exempt from consent),Koninklijke CLIENT_X N.V.,HTTP Cookie,liveagent_ptid,,,TRUE,https://www.CLIENT_X.nl/a-w/about,Existing CM Trackers-Found,,,,,
www.healthcare.shop.CLIENT_X.nl,Essential cookies,CLIENT_X - Netherlands,ETag,bench_new_T3_32987,,,,,Existing CM Trackers-Not Found,,,,,
CLIENT_Xb2c.my.site.com,Performance cookies,"Salesforce.com, Inc.",ETag,bench_new_T3_33340,,,TRUE,https://www.CLIENT_X.nl/c-w/consumenten-ondersteuning/support-contact-page,Existing CM Trackers-Found,,,,,
www.healthcare.shop.CLIENT_X.nl,Essential cookies,CLIENT_X - Netherlands,HTTP Cookie,bench_new_T3_33312,,,,,Existing CM Trackers-Not Found,,,,,
CLIENT_X.jo,Essential cookies (exempt from consent),CLIENT_X - Jordan,HTTP Cookie,da_intState,,bench_update_duration,TRUE,https://www.CLIENT_X.nl/healthcare/clinical-solutions/radiology-operations-command-center,Existing CM Trackers-Found,,,,,
c.clarity.ms,Performance cookies,Microsoft,HTTP Cookie,bench_new_T3_33079,,,,,Existing CM Trackers-Not Found,,,,,
www.CLIENT_X.nl,Essential cookies,CLIENT_X - Netherlands,HTTP Cookie,bench_new_T3_33091,,session,,https://www.CLIENT_X.nl/c-p/HX9552_33/-/ondersteuning,New First Party Trackers,,,,,
CLIENT_X.nl,Essential cookies,CLIENT_X - Netherlands,HTTP Cookie,bench_new_T3_32240,,0,TRUE,https://www.CLIENT_X.nl/c-e/ho/recall-perfectcare-8000-9000-elite-series,Existing CM Trackers-Found,,,,,
CLIENT_X.janrainsso.com,Performance cookies,Akamai,Local Storage,bench_new_T3_33162,,,,https://www.CLIENT_X.nl/shop/NL_ONVZ/login,New Third Party Trackers,,,,,
www.gearselectiontool.lighting.CLIENT_X.com,Performance cookies,Signify (formerly CLIENT_X Lighting),JavaScript,bench_new_T3_32671,,,,,Existing CM Trackers-Not Found,,,,,
www.CLIENT_X.nl,Essential cookies,CLIENT_X - Netherlands,HTTP Cookie,_ga_failed_lookup_marker_20_540,,365,TRUE,https://www.CLIENT_X.nl/c-p/HX9552_33/-/ondersteuning,Existing CM Trackers-Found,,,,,
CLIENT_X.nl,Essential cookies,CLIENT_X - Netherlands,HTTP Cookie,bench_new_T3_32245,,365,TRUE,https://www.CLIENT_X.nl/c-e/ho/recall-perfectcare-8000-9000-elite-series,Existing CM Trackers-Found,,,,,
abonnementen.CLIENT_X.nl,Essential cookies,CLIENT_X - Netherlands,Local Storage,bench_new_T3_33008,,,,,Existing CM Trackers-Not Found,,,,,
lighting.CLIENT_X.nl,Performance cookies,Signify (formerly CLIENT_X Lighting),HTTP Cookie,bench_new_T3_33233,,,,,Existing CM Trackers-Not Found,,,,,
pixel.rubiconproject.com,Targeted Advertising cookies (including social media),"Magnite, Inc.",Beacon,bench_new_T3_33411,,,TRUE,https://www.CLIENT_X.nl/a-w/about,Existing CM Trackers-Found,,,,,
scripts.clarity.ms,Performance cookies,Microsoft,ETag,bench_new_T3_32761,,,,https://www.CLIENT_X.nl/c-e/ho/recall-perfectcare-8000-9000-elite-series,New Third Party Trackers,,,,,
koninklijkeCLIENT_Xnvproduction2k8xfrmr.analytics.org.coveo.com,Performance cookies,Coveo Solutions Inc.,Beacon,bench_new_T3_33040,,,TRUE,https://www.CLIENT_X.nl/c-p/HX9992_12/sonicare-9900-prestige-elektrische-tandenborstel-met-senseiq,Existing CM Trackers-Found,,,,,
assets.adoberesources.net,Performance cookies,Adobe Inc.,JavaScript,bench_new_T3_32807,,,,,Existing CM Trackers-Not Found,,,,,
www.healthcare.shop.CLIENT_X.nl,Essential cookies,CLIENT_X - Netherlands,HTTP Cookie,bench_new_T3_32326,,,,,Existing CM Trackers-Not Found,,,,,
c.clarity.ms,Performance cookies,Microsoft,HTTP Cookie,bench_new_T3_33207,,,,,Existing CM Trackers-Not Found,,,,,
youtube.com,Targeted Advertising cookies (including social media),Google Advertising Products,HTTP Cookie,bench_new_T3_32989,,session,TRUE,https://www.CLIENT_X.nl/c-e/hs/slaapapneu/i-think-i-might-have-sleep-apnea/getting-diagnosed,Existing CM Trackers-Found,,,,,
koninklijkeCLIENT_Xnvproduction2k8xfrmr.analytics.org.coveo.com,Performance cookies,Coveo Solutions Inc.,Beacon,bench_new_T3_33520,,,TRUE,https://www.CLIENT_X.nl/c-p/HX9992_12/sonicare-9900-prestige-elektrische-tandenborstel-met-senseiq,Existing CM Trackers-Found,,,,,
www.CLIENT_X.nl,Essential cookies,CLIENT_X - Netherlands,HTTP Cookie,_ga_failed_lookup_marker_20_552,,,,,Existing CM Trackers-Not Found,,,,,
CLIENT_X.nl,Essential cookies,CLIENT_X - Netherlands,HTTP Cookie,bench_new_T3_32298,,90,,https://www.CLIENT_X.nl/c-e/ho/recall-perfectcare-8000-9000-elite-series,New First Party Trackers,,,,,
www.healthcare.shop.CLIENT_X.nl,Performance cookies,CLIENT_X - Netherlands,HTTP Cookie,bench_new_T3_33122,,,,,Existing CM Trackers-Not Found,,,,,
CLIENT_X.nl,Essential cookies,CLIENT_X - Netherlands,HTTP Cookie,bench_new_T3_32662,,,,,Existing CM Trackers-Not Found,,,,,
www.healthcare.shop.CLIENT_X.nl,Essential cookies,CLIENT_X - Netherlands,HTTP Cookie,bench_new_T3_32334,,,,,Existing CM Trackers-Not Found,,,,,
doubleclick.net,Targeted Advertising cookies (including social media),Google Advertising Products,HTTP Cookie,bench_new_T3_33112,,0,TRUE,https://www.CLIENT_X.nl/a-w/about,Existing CM Trackers-Found,,,,,
www.healthcare.shop.CLIENT_X.nl,Essential cookies,CLIENT_X - Netherlands,HTTP Cookie,bench_new_T3_32829,,,,,Existing CM Trackers-Not Found,,,,,
consent-pref.trustarc.com,Essential cookies,TrustArc,JavaScript,bench_new_T3_32417,,,TRUE,http://www.CLIENT_X.nl/,Existing CM Trackers-Found,,,,,
CLIENT_X.nl,Essential cookies,CLIENT_X - Netherlands,HTTP Cookie,bench_new_T3_32612,,session,TRUE,https://www.CLIENT_X.nl/c-e/ho/recall-perfectcare-8000-9000-elite-series,Existing CM Trackers-Found,,,,,
www.CLIENT_X.nl,Essential cookies,CLIENT_X - Netherlands,HTTP Cookie,_ga_failed_lookup_marker_20_561,,session,TRUE,https://www.CLIENT_X.nl/c-p/HX9552_33/-/ondersteuning,Existing CM Trackers-Found,,,,,
www.youtube.com,Targeted Advertising cookies (including social media),Google Advertising Products,JavaScript,bench_new_T3_33169,,,TRUE,https://www.CLIENT_X.nl/c-e/hs/slaapapneu/i-think-i-might-have-sleep-apnea/getting-diagnosed,Existing CM Trackers-Found,,,,,
maxosfusionconfigurator.lighting.CLIENT_X.com,Targeted Advertising cookies (including social media),Koninklijke CLIENT_X N.V.,Local Storage,bench_new_T3_32802,,,,,Existing CM Trackers-Not Found,,,,,
www.lighting.CLIENT_X.nl,Essential cookies,Signify (formerly CLIENT_X Lighting),HTTP Cookie,bench_new_T3_32092,,,,,Existing CM Trackers-Not Found,,,,,
cdn.speedcurve.com,Performance cookies,Speedcurve,JavaScript,bench_new_T3_32416,,,,http://www.CLIENT_X.nl/,New Third Party Trackers,,,,,
quilt-cdn.janrain.com,Performance cookies,Akamai,ETag,bench_new_T3_32639,,,,https://www.CLIENT_X.nl/shop/NL_ONVZ/login,New Third Party Trackers,,,,,
*.akamaihd.net,Performance cookies,Akamai,ETag,bench_new_T3_33385,,,,,Existing CM Trackers-Not Found,,,,,
company-target.com,Targeted Advertising cookies (including social media),"Demandbase, Inc.",HTTP Cookie,bench_new_T3_32699,,396,TRUE,https://www.CLIENT_X.nl/a-w/about,Existing CM Trackers-Found,,,,,
adservice.google.com,Targeted Advertising cookies (including social media),Google Advertising Products,Beacon,bench_new_T3_32398,,,TRUE,http://www.CLIENT_X.nl/,Existing CM Trackers-Found,,,,,
custom.yieldify.com,Targeted Advertising cookies (including social media),Yieldify,ETag,bench_new_T3_32344,,,TRUE,http://www.CLIENT_X.nl/,Existing CM Trackers-Found,,,,,
td.yieldify.com,Targeted Advertising cookies (including social media),Yieldify,JavaScript,bench_new_T3_32558,,,TRUE,http://www.CLIENT_X.nl/,Existing CM Trackers-Found,,,,,
tco.lighting.CLIENT_X.com,Targeted Advertising cookies (including social media),Koninklijke CLIENT_X N.V.,Local Storage,bench_new_T3_32227,,,,,Existing CM Trackers-Not Found,,,,,
CLIENT_X.nl,Essential cookies,CLIENT_X - Netherlands,HTTP Cookie,bench_new_T3_33449,,,,,Existing CM Trackers-Not Found,,,,,
analytics-ipv6.tiktokw.us,Targeted Advertising cookies (including social media),TikTok,Beacon,bench_new_T3_32090,,,,http://www.CLIENT_X.nl/,New Third Party Trackers,,,,,
company-target.com,Targeted Advertising cookies (including social media),"Demandbase, Inc.",HTTP Cookie,bench_new_T3_32504,,396,TRUE,https://www.CLIENT_X.nl/a-w/about,Existing CM Trackers-Found,,,,,
consent.trustarc.com,Essential cookies,TrustArc,Beacon,bench_new_T3_32386,,,TRUE,http://www.CLIENT_X.nl/,Existing CM Trackers-Found,,,,,
curalate.com,Targeted Advertising cookies (including social media),"Bazaarvoice, Inc.",HTTP Cookie,bench_new_T3_32347,,,,,Existing CM Trackers-Not Found,,,,,
connect.facebook.net,Targeted Advertising cookies (including social media),Meta (formerly Facebook),JavaScript,bench_new_T3_32546,,,TRUE,http://www.CLIENT_X.nl/,Existing CM Trackers-Found,,,,,
lighting.CLIENT_X.nl,Essential cookies,Signify (formerly CLIENT_X Lighting),HTTP Cookie,bench_new_T3_32584,,,,,Existing CM Trackers-Not Found,,,,,
www.horticulture-partnertool.lighting.CLIENT_X.com,Performance cookies,Signify (formerly CLIENT_X Lighting),JavaScript,bench_new_T3_32419,,,,,Existing CM Trackers-Not Found,,,,,
www.CLIENT_X.nl,Essential cookies,CLIENT_X - Netherlands,HTTP Cookie,bench_new_T3_32501,,365,TRUE,https://www.CLIENT_X.nl/c-p/HX9552_33/-/ondersteuning,Existing CM Trackers-Found,,,,,
snapchat.com,Targeted Advertising cookies (including social media),Snap Inc.,HTTP Cookie,bench_new_T3_32246,,390,TRUE,https://www.CLIENT_X.nl/c-e/ho/recall-perfectcare-8000-9000-elite-series,Existing CM Trackers-Found,,,,,
*.en25.com,Targeted Advertising cookies (including social media),Oracle Marketing,JavaScript,bench_new_T3_33150,,,,https://www.CLIENT_X.nl/healthcare,Existing CM Trackers-Found,,,,,
CLIENT_X.nl,Essential cookies,CLIENT_X - Netherlands,HTTP Cookie,bench_new_T3_32764,,400,TRUE,https://www.CLIENT_X.nl/c-e/ho/recall-perfectcare-8000-9000-elite-series,Existing CM Trackers-Found,,,,,
sc-static.net,Targeted Advertising cookies (including social media),Snap Inc.,ETag,bench_new_T3_32960,,,TRUE,https://www.CLIENT_X.nl/c-m-ho/badkameroplossingen,Existing CM Trackers-Found,,,,,
tr.snapchat.com,Targeted Advertising cookies (including social media),Snap Inc.,JavaScript,bench_new_T3_32778,,,TRUE,https://www.CLIENT_X.nl/c-m-ho/badkameroplossingen,Existing CM Trackers-Found,,,,,
www.CLIENT_X.nl,Essential cookies,CLIENT_X - Netherlands,HTTP Cookie,bench_new_T3_33027,,0,,https://www.CLIENT_X.nl/c-p/HX9552_33/-/ondersteuning,New First Party Trackers,,,,,
consent-st.trustarc.com,Essential cookies,TrustArc,JavaScript,_ga_failed_lookup_marker_20_588,,,TRUE,http://www.CLIENT_X.nl/,Existing CM Trackers-Found,,,,,
tr.snapchat.com,Targeted Advertising cookies (including social media),Snap Inc.,JavaScript,bench_new_T3_32962,,,TRUE,https://www.CLIENT_X.nl/c-m-ho/badkameroplossingen,Existing CM Trackers-Found,,,,,
s.pinimg.com,Targeted Advertising cookies (including social media),Pinterest,ETag,bench_new_T3_33293,,,,,Existing CM Trackers-Not Found,,,,,
*.mktoweb.com,Targeted Advertising cookies (including social media),Marketo,JavaScript,bench_new_T3_32034,,,,,Existing CM Trackers-Not Found,,,,,
spotify.com,Performance cookies,Spotify,HTTP Cookie,bench_new_T3_32619,,365,,https://www.CLIENT_X.nl/a-w/about/milieu-maatschappij-governance-esg/partnerships/BNR-FD,New Third Party Trackers,,,,,
*.akstat.io,Performance cookies,Akamai,Beacon,bench_new_T3_32936,,,,https://www.CLIENT_X.nl/c-p/HX4046_52/4100-rechargeable-toothbrush,Existing CM Trackers-Found,,,,,
company-target.com,Targeted Advertising cookies (including social media),"Demandbase, Inc.",HTTP Cookie,bench_new_T3_32226,,396,TRUE,https://www.CLIENT_X.nl/a-w/about,Existing CM Trackers-Found,,,,,
CLIENT_X.nl,Essential cookies,CLIENT_X - Netherlands,HTTP Cookie,_ga_failed_lookup_marker_20_595,,0,TRUE,https://www.CLIENT_X.nl/c-e/ho/recall-perfectcare-8000-9000-elite-series,Existing CM Trackers-Found,,,,,
www.eu-west-1.api.CLIENT_X.com,Targeted Advertising cookies (including social media),Koninklijke CLIENT_X N.V.,Beacon,bench_new_T3_32652,,,,https://www.CLIENT_X.nl/c-e/shop/checkout,New Third Party Trackers,,,,,
www.accounts.CLIENT_X.com,Essential cookies,Koninklijke CLIENT_X N.V.,JavaScript,bench_new_T3_32294,,,,,Existing CM Trackers-Not Found,,,,,
CLIENT_X.nl,Essential cookies,CLIENT_X - Netherlands,HTTP Cookie,bench_new_T3_32642,,365,TRUE,https://www.CLIENT_X.nl/c-e/ho/recall-perfectcare-8000-9000-elite-series,Existing CM Trackers-Found,,,,,
www.CLIENT_X-hue.com,Performance cookies,CLIENT_X Hue,ETag,bench_new_T3_33220,,,,,Existing CM Trackers-Not Found,,,,,
www.google.ie,Targeted Advertising cookies (including social media),Google Inc.,Beacon,bench_new_T3_32381,,,TRUE,http://www.CLIENT_X.nl/,Existing CM Trackers-Found,,,,,
www.CLIENT_X.com,Targeted Advertising cookies (including social media),Koninklijke CLIENT_X N.V.,ETag,bench_new_T3_33389,,,,https://www.CLIENT_X.nl/a-w/about/nieuws-achtergronden/alle-artikelen.html,New Third Party Trackers,,,,,
static.iadvize.com,Targeted Advertising cookies (including social media),iAdvize,ETag,bench_new_T3_33270,,,TRUE,https://www.CLIENT_X.nl/c-e/ho/recall-perfectcare-8000-9000-elite-series,Existing CM Trackers-Found,,,,,
analytics-ipv6.tiktokw.us,Targeted Advertising cookies (including social media),TikTok,Beacon,bench_new_T3_33285,,,,http://www.CLIENT_X.nl/,New Third Party Trackers,,,,,
CLIENT_X.nl,Essential cookies,CLIENT_X - Netherlands,HTTP Cookie,_ga_failed_lookup_marker_20_604,,session,TRUE,https://www.CLIENT_X.nl/c-e/ho/recall-perfectcare-8000-9000-elite-series,Existing CM Trackers-Found,,,,,
www.lighting.CLIENT_X.com,Performance cookies,Signify (formerly CLIENT_X Lighting),JavaScript,bench_new_T3_32122,,,,,Existing CM Trackers-Not Found,,,,,
www.lighting.CLIENT_X.co.id,Essential cookies (exempt from consent),Signify (formerly CLIENT_X Lighting),HTTP Cookie,d01-layout,,bench_update_duration,TRUE,https://www.CLIENT_X.nl/c-p/HX9552_33/-/ondersteuning,Existing CM Trackers-Found,,,,,
embed.podcasts.apple.com,Targeted Advertising cookies (including social media),Apple Inc.,ETag,bench_new_T3_32623,,,,https://www.CLIENT_X.nl/a-w/about/milieu-maatschappij-governance-esg/partnerships/BNR-FD,New Third Party Trackers,,,,,
clarity.ms,Performance cookies,Microsoft,HTTP Cookie,bench_new_T3_32878,,,,,Existing CM Trackers-Not Found,,,,,
CLIENT_X.nl,Essential cookies,CLIENT_X - Netherlands,HTTP Cookie,bench_new_T3_33599,,1,TRUE,https://www.CLIENT_X.nl/c-e/ho/recall-perfectcare-8000-9000-elite-series,Existing CM Trackers-Found,,,,,
www.CLIENT_X.cz,Essential cookies (exempt from consent),CLIENT_X - Czech Republic,Beacon,blank (beacon),,,TRUE,https://www.CLIENT_X.nl/,Existing CM Trackers-Found,,,,,
www.CLIENT_X.nl,Essential cookies,CLIENT_X - Netherlands,HTTP Cookie,_ga_failed_lookup_marker_20_611,,session,TRUE,https://www.CLIENT_X.nl/c-p/HX9552_33/-/ondersteuning,Existing CM Trackers-Found,,,,,
www.CLIENT_X-hue.com,Performance cookies,CLIENT_X Hue,ETag,bench_new_T3_33271,,,,,Existing CM Trackers-Not Found,,,,,
accounts.CLIENT_X.com,Performance cookies,Koninklijke CLIENT_X N.V.,HTTP Cookie,_ga_failed_lookup_marker_20_613,,,,,Existing CM Trackers-Not Found,,,,,
www.CLIENT_X-hue.com,Performance cookies,CLIENT_X Hue,ETag,bench_new_T3_32337,,,,,Existing CM Trackers-Not Found,,,,,
s.go-mpulse.net,Performance cookies,Akamai,JavaScript,bench_new_T3_33355,,,,,Existing CM Trackers-Not Found,,,,,
doubleclick.net,Targeted Advertising cookies (including social media),Google Advertising Products,HTTP Cookie,_ga_failed_lookup_marker_20_616,,30,TRUE,https://www.CLIENT_X.nl/a-w/about,Existing CM Trackers-Found,,,,,
c.go-mpulse.net,Performance cookies,Akamai,JavaScript,bench_new_T3_32805,,,,,Existing CM Trackers-Not Found,,,,,
*.akstat.io,Performance cookies,Akamai,Beacon,bench_new_T3_32674,,,,https://www.CLIENT_X.nl/c-p/HX4046_52/4100-rechargeable-toothbrush,Existing CM Trackers-Found,,,,,
accounts.CLIENT_X.com,Performance cookies,Koninklijke CLIENT_X N.V.,HTTP Cookie,bench_new_T3_32648,,,,,Existing CM Trackers-Not Found,,,,,
sc-static.net,Targeted Advertising cookies (including social media),Snap Inc.,JavaScript,bench_new_T3_32657,,,TRUE,https://www.CLIENT_X.nl/c-e/ho/recall-perfectcare-8000-9000-elite-series,Existing CM Trackers-Found,,,,,
dpm.demdex.net,Targeted Advertising cookies (including social media),"Adobe Audience Manager, Adobe Experience Platform",Beacon,bench_new_T3_32592,,,,,Existing CM Trackers-Not Found,,,,,
www.CLIENT_X.nl,Targeted Advertising cookies (including social media),CLIENT_X - Netherlands,HTTP Cookie,bench_new_T3_32961,,,,,Existing CM Trackers-Not Found,,,,,
embed.podcasts.apple.com,Targeted Advertising cookies (including social media),Apple Inc.,JavaScript,_ga_failed_lookup_marker_20_623,,,,https://www.CLIENT_X.nl/a-w/about/milieu-maatschappij-governance-esg/partnerships/BNR-FD,New Third Party Trackers,,,,,
*.akstat.io,Performance cookies,Akamai,Beacon,bench_new_T3_32219,,,,https://www.CLIENT_X.nl/c-p/HX4046_52/4100-rechargeable-toothbrush,Existing CM Trackers-Found,,,,,
CLIENT_X.nl,Essential cookies,CLIENT_X - Netherlands,HTTP Cookie,bench_new_T3_33015,,365,,https://www.CLIENT_X.nl/c-e/ho/recall-perfectcare-8000-9000-elite-series,New First Party Trackers,,,,,
CLIENT_X.sk,Essential cookies (exempt from consent),CLIENT_X - Slovakia,HTTP Cookie,at_check,,bench_update_duration,,https://www.CLIENT_X.nl/healthcare/consulting/clinical-service-modelling,Existing CM Trackers-Found,,,,,
cdn.botframework.com,Performance cookies,Microsoft Bot Framework,ETag,bench_new_T3_32276,,,,,Existing CM Trackers-Not Found,,,,,
www.clarity.ms,Performance cookies,Microsoft,JavaScript,bench_new_T3_33170,,,TRUE,https://www.CLIENT_X.nl/c-e/ho/recall-perfectcare-8000-9000-elite-series,Existing CM Trackers-Found,,,,,
www.CLIENT_X.nl,Essential cookies,CLIENT_X - Netherlands,HTTP Cookie,bench_new_T3_32748,,0,TRUE,https://www.CLIENT_X.nl/c-p/HX9552_33/-/ondersteuning,Existing CM Trackers-Found,,,,,
www.googleadservices.com,Targeted Advertising cookies (including social media),Google Advertising Products,ETag,bench_new_T3_33259,,,,,Existing CM Trackers-Not Found,,,,,
youtube.com,Targeted Advertising cookies (including social media),Google Advertising Products,HTTP Cookie,bench_new_T3_32241,,180,TRUE,https://www.CLIENT_X.nl/c-e/hs/slaapapneu/i-think-i-might-have-sleep-apnea/getting-diagnosed,Existing CM Trackers-Found,,,,,
halc.iadvize.com,Performance cookies,iAdvize,JavaScript,bench_new_T3_33314,,,TRUE,https://www.CLIENT_X.nl/c-e/ho/recall-perfectcare-8000-9000-elite-series,Existing CM Trackers-Found,,,,,
www.conversiontool.lighting.CLIENT_X.com,Targeted Advertising cookies (including social media),Signify (formerly CLIENT_X Lighting),JavaScript,bench_new_T3_33012,,,,,Existing CM Trackers-Not Found,,,,,
www.lighting.CLIENT_X.nl,Essential cookies,Signify (formerly CLIENT_X Lighting),HTTP Cookie,bench_new_T3_32945,,,,,Existing CM Trackers-Not Found,,,,,
casalemedia.com,Targeted Advertising cookies (including social media),Index Exchange Inc.,HTTP Cookie,_ga_failed_lookup_marker_20_635,,90,TRUE,https://www.CLIENT_X.nl/a-w/about,Existing CM Trackers-Found,,,,,
c.clarity.ms,Performance cookies,Microsoft,HTTP Cookie,bench_new_T3_32463,,,,,Existing CM Trackers-Not Found,,,,,
munchkin.marketo.net,Targeted Advertising cookies (including social media),Marketo,ETag,bench_new_T3_32279,,,,,Existing CM Trackers-Not Found,,,,,
CLIENT_X.nl,Essential cookies,CLIENT_X - Netherlands,HTTP Cookie,bench_new_T3_32201,,session,TRUE,https://www.CLIENT_X.nl/c-e/ho/recall-perfectcare-8000-9000-elite-series,Existing CM Trackers-Found,,,,,
CLIENT_X.nl,Essential cookies,CLIENT_X - Netherlands,Local Storage,bench_new_T3_32456,,,TRUE,https://www.CLIENT_X.nl/c-w/consumenten-ondersteuning/support-contact-page,Existing CM Trackers-Found,,,,,
www.googleapis.com,Performance cookies,Google Inc.,JavaScript,bench_new_T3_32684,,,TRUE,https://www.CLIENT_X.nl/c-f/XC000004909/hoe-gebruik-ik-de-opzetstukken-van-mijn-CLIENT_X-epilator,Existing CM Trackers-Found,,,,,
www.healthcare.shop.CLIENT_X.nl,Essential cookies,CLIENT_X - Netherlands,JavaScript,bench_new_T3_32479,,,,,Existing CM Trackers-Not Found,,,,,
google.com,Performance cookies,Google Inc.,Local Storage,_ga_failed_lookup_marker_20_642,,,TRUE,https://www.CLIENT_X.nl/c-e/member,Existing CM Trackers-Found,,,,,
www.CLIENT_X.nl,Essential cookies,CLIENT_X - Netherlands,HTTP Cookie,bench_new_T3_33031,,0,TRUE,https://www.CLIENT_X.nl/c-p/HX9552_33/-/ondersteuning,Existing CM Trackers-Found,,,,,
CLIENT_X.nl,Essential cookies,CLIENT_X - Netherlands,HTTP Cookie,_ga_failed_lookup_marker_20_644,,,,,Existing CM Trackers-Not Found,,,,,
www.led-calculator.coreline.lighting.CLIENT_X.com,Targeted Advertising cookies (including social media),Signify (formerly CLIENT_X Lighting),ETag,bench_new_T3_33551,,,,,Existing CM Trackers-Not Found,,,,,
CLIENT_X.nl,Essential cookies,CLIENT_X - Netherlands,HTTP Cookie,bench_new_T3_32700,,,,,Existing CM Trackers-Not Found,,,,,
CLIENT_X.no,Essential cookies (exempt from consent),CLIENT_X - Norway,HTTP Cookie,at_check,,,TRUE,http://www.CLIENT_X.nl/,Existing CM Trackers-Found,,,,,
consent-pref.trustarc.com,Essential cookies,TrustArc,JavaScript,bench_new_T3_32491,,,TRUE,http://www.CLIENT_X.nl/,Existing CM Trackers-Found,,,,,
CLIENT_X.se,Essential cookies (exempt from consent),CLIENT_X - Sweden,HTTP Cookie,_scid,,,,,Existing CM Trackers-Not Found,,,,,
www.CLIENT_X.nl,Essential cookies,CLIENT_X - Netherlands,HTTP Cookie,_ga_failed_lookup_marker_20_650,,,,,Existing CM Trackers-Not Found,,,,,
imgs.signifyd.com,Essential cookies,Signifyd,Local Storage,bench_new_T3_32622,,,TRUE,https://www.CLIENT_X.nl/,Existing CM Trackers-Found,,,,,
CLIENT_X.nl,Essential cookies,CLIENT_X - Netherlands,HTTP Cookie,_ga_failed_lookup_marker_20_652,,393,TRUE,https://www.CLIENT_X.nl/c-e/ho/recall-perfectcare-8000-9000-elite-series,Existing CM Trackers-Found,,,,,
cdn.jsdelivr.net,Performance cookies,Volentio JSD Limited,JavaScript,bench_new_T3_32745,,,,,Existing CM Trackers-Not Found,,,,,
CLIENT_X.nl,Essential cookies,CLIENT_X - Netherlands,HTTP Cookie,bench_new_T3_32200,,1,TRUE,https://www.CLIENT_X.nl/c-e/ho/recall-perfectcare-8000-9000-elite-series,Existing CM Trackers-Found,,,,,
www.youtube.com,Targeted Advertising cookies (including social media),Google Advertising Products,JavaScript,bench_new_T3_32296,,,TRUE,https://www.CLIENT_X.nl/c-e/hs/slaapapneu/i-think-i-might-have-sleep-apnea/getting-diagnosed,Existing CM Trackers-Found,,,,,
www.store-CLIENT_X.tw,Essential cookies (exempt from consent),CLIENT_X Store - Taiwan,HTTP Cookie,gaClientId,,bench_update_duration,,,Existing CM Trackers-Not Found,,,,,
CLIENT_X.co.uk,Targeted Advertising cookies (including social media),CLIENT_X - United Kingdom,Local Storage,bench_new_T3_32673,,,,,Existing CM Trackers-Not Found,,,,,
www.lighting.CLIENT_X.com.ph,Essential cookies (exempt from consent),CLIENT_X - Philippines,HTTP Cookie,s_sid,,,,,Existing CM Trackers-Not Found,,,,,
www.CLIENT_X.nl,Essential cookies,CLIENT_X - Netherlands,HTTP Cookie,bench_new_T3_32142,,0,,https://www.CLIENT_X.nl/c-p/HX9552_33/-/ondersteuning,New First Party Trackers,,,,,
www.abonnementen.CLIENT_X.nl,Essential cookies,CLIENT_X - Netherlands,HTTP Cookie,bench_new_T3_33592,,,,,Existing CM Trackers-Not Found,,,,,
www.lighting.CLIENT_X.nl,Essential cookies,Signify (formerly CLIENT_X Lighting),HTTP Cookie,bench_new_T3_33258,,,,,Existing CM Trackers-Not Found,,,,,
cdn-scripts.signifyd.com,Essential cookies,Signifyd,ETag,bench_new_T3_32436,,,TRUE,http://www.CLIENT_X.nl/,Existing CM Trackers-Found,,,,,
CLIENT_X.nl,Essential cookies,CLIENT_X - Netherlands,Local Storage,bench_new_T3_32350,,,TRUE,https://www.CLIENT_X.nl/c-w/consumenten-ondersteuning/support-contact-page,Existing CM Trackers-Found,,,,,
i.ytimg.com,Targeted Advertising cookies (including social media),Google Inc.,ETag,bench_new_T3_32345,,,TRUE,https://www.CLIENT_X.nl/c-f/XC000004909/hoe-gebruik-ik-de-opzetstukken-van-mijn-CLIENT_X-epilator,Existing CM Trackers-Found,,,,,
CLIENT_X.nl,Essential cookies,CLIENT_X - Netherlands,HTTP Cookie,bench_new_T3_32127,,,,,Existing CM Trackers-Not Found,,,,,
www.CLIENT_X.nl,Essential cookies,CLIENT_X - Netherlands,HTTP Cookie,bench_new_T3_32525,,,,,Existing CM Trackers-Not Found,,,,,
CLIENT_X.nl,Essential cookies,CLIENT_X - Netherlands,HTTP Cookie,bench_new_T3_33308,,,,,Existing CM Trackers-Not Found,,,,,
www.CLIENT_X.nl,Performance cookies,CLIENT_X - Netherlands,HTTP Cookie,bench_new_T3_32635,,,,,Existing CM Trackers-Not Found,,,,,
www.lighting.CLIENT_X.com.gh,Essential cookies (exempt from consent),Signify (formerly CLIENT_X Lighting),Local Storage,blank (local storage),,,TRUE,https://www.CLIENT_X.nl/c-u/at_book_767510/Gebruikersaanwijzing_CLIENT_XOneBlade,Existing CM Trackers-Found,,,,,
sc-static.net,Targeted Advertising cookies (including social media),Snap Inc.,JavaScript,bench_new_T3_33063,,,TRUE,https://www.CLIENT_X.nl/c-e/ho/recall-perfectcare-8000-9000-elite-series,Existing CM Trackers-Found,,,,,
www.CLIENT_X.nl,Essential cookies,CLIENT_X - Netherlands,HTTP Cookie,bench_new_T3_33296,,0,TRUE,https://www.CLIENT_X.nl/c-p/HX9552_33/-/ondersteuning,Existing CM Trackers-Found,,,,,
smetrics.marketing.lighting.CLIENT_X.com,Targeted Advertising cookies (including social media),Koninklijke CLIENT_X N.V.,JavaScript,bench_new_T3_33550,,,,,Existing CM Trackers-Not Found,,,,,
CLIENT_X.nl,Essential cookies,CLIENT_X - Netherlands,HTTP Cookie,bench_new_T3_32769,,session,TRUE,https://www.CLIENT_X.nl/c-e/ho/recall-perfectcare-8000-9000-elite-series,Existing CM Trackers-Found,,,,,
static.hotjar.com,Performance Cookies [Requires consent],Hotjar,JavaScript,-,,bench_update_duration,TRUE,https://www.CLIENT_X.nl/,Existing CM Trackers-Found,,,,,
CLIENT_X.nl,Essential cookies,CLIENT_X - Netherlands,HTTP Cookie,bench_new_T3_32752,,90,,https://www.CLIENT_X.nl/c-e/ho/recall-perfectcare-8000-9000-elite-series,New First Party Trackers,,,,,
www.CLIENT_X.nl,Essential cookies,CLIENT_X - Netherlands,HTTP Cookie,bench_new_T3_32184,,365,TRUE,https://www.CLIENT_X.nl/c-p/HX9552_33/-/ondersteuning,Existing CM Trackers-Found,,,,,
tracker-detail-page.trustarc.com,Essential cookies,TrustArc,ETag,bench_new_T3_33260,,,,https://www.CLIENT_X.nl/a-w/cookie-verklaring,New Third Party Trackers,,,,,
led-calculator.coreline.lighting.CLIENT_X.com,Performance cookies,Signify (formerly CLIENT_X Lighting),Local Storage,bench_new_T3_32180,,,,,Existing CM Trackers-Not Found,,,,,
lighting.CLIENT_X.nl,Essential cookies,Signify (formerly CLIENT_X Lighting),HTTP Cookie,bench_new_T3_32927,,,,,Existing CM Trackers-Not Found,,,,,
pixel.rubiconproject.com,Targeted Advertising cookies (including social media),"Magnite, Inc.",Beacon,bench_new_T3_33494,,,TRUE,https://www.CLIENT_X.nl/a-w/about,Existing CM Trackers-Found,,,,,
lighting.CLIENT_X.nl,Essential cookies,Signify (formerly CLIENT_X Lighting),HTTP Cookie,bench_new_T3_33283,,,,,Existing CM Trackers-Not Found,,,,,
www.googletagmanager.com,Performance cookies,Google Inc.,JavaScript,bench_new_T3_32712,,,TRUE,http://www.CLIENT_X.nl/,Existing CM Trackers-Found,,,,,
curalate.com,Targeted Advertising cookies (including social media),"Bazaarvoice, Inc.",HTTP Cookie,bench_new_T3_32484,,,,,Existing CM Trackers-Not Found,,,,,
analytics-ipv6.tiktokw.us,Targeted Advertising cookies (including social media),TikTok,Beacon,bench_new_T3_32605,,,,http://www.CLIENT_X.nl/,New Third Party Trackers,,,,,
c.clarity.ms,Performance cookies,Microsoft,HTTP Cookie,bench_new_T3_33426,,,,,Existing CM Trackers-Not Found,,,,,
lighting.CLIENT_X.nl,Essential cookies,Signify (formerly CLIENT_X Lighting),HTTP Cookie,bench_new_T3_33246,,,,,Existing CM Trackers-Not Found,,,,,
*.mktoweb.com,Targeted Advertising cookies (including social media),Marketo,Local Storage,bench_new_T3_33096,,,,,Existing CM Trackers-Not Found,,,,,
c.clarity.ms,Performance cookies,Microsoft,HTTP Cookie,bench_new_T3_33002,,,,,Existing CM Trackers-Not Found,,,,,
www.reparatur-service.CLIENT_X.ch,Essential cookies (exempt from consent),CLIENT_X - Switzerland,JavaScript,blank (java),,,TRUE,https://www.CLIENT_X.nl/c-e/ho/recall-perfectcare-8000-9000-elite-series,Existing CM Trackers-Found,,,,,
CLIENT_X.112.2o7.net,Performance cookies,"Adobe Audience Manager, Adobe Experience Cloud",Beacon,bench_new_T3_32871,,,TRUE,http://www.CLIENT_X.nl/,Existing CM Trackers-Found,,,,,
CLIENT_X.nl,Essential cookies,CLIENT_X - Netherlands,HTTP Cookie,bench_new_T3_33157,,,,,Existing CM Trackers-Not Found,,,,,
bing.com,Targeted Advertising cookies (including social media),Microsoft Advertising,HTTP Cookie,bench_new_T3_32858,,390,TRUE,https://www.CLIENT_X.nl/c-e/ho/recall-perfectcare-8000-9000-elite-series,Existing CM Trackers-Found,,,,,
tr.snapchat.com,Targeted Advertising cookies (including social media),Snap Inc.,JavaScript,bench_new_T3_33227,,,TRUE,https://www.CLIENT_X.nl/c-m-ho/badkameroplossingen,Existing CM Trackers-Found,,,,,
*.akamaihd.net,Performance cookies,Akamai,ETag,bench_new_T3_33493,,,,,Existing CM Trackers-Not Found,,,,,
CLIENT_Xb2c.my.site.com,Performance cookies,"Salesforce.com, Inc.",Beacon,bench_new_T3_32325,,,TRUE,https://www.CLIENT_X.nl/c-w/consumenten-ondersteuning/support-contact-page,Existing CM Trackers-Found,,,,,
koninklijkeCLIENT_Xnvproduction2k8xfrmr.analytics.org.coveo.com,Performance cookies,Coveo Solutions Inc.,Beacon,bench_new_T3_32071,,,TRUE,https://www.CLIENT_X.nl/c-p/HX9992_12/sonicare-9900-prestige-elektrische-tandenborstel-met-senseiq,Existing CM Trackers-Found,,,,,
CLIENT_X.nl,Essential cookies,CLIENT_X - Netherlands,HTTP Cookie,bench_new_T3_33074,,60,TRUE,https://www.CLIENT_X.nl/c-e/ho/recall-perfectcare-8000-9000-elite-series,Existing CM Trackers-Found,,,,,
CLIENT_X.nl,Essential cookies,CLIENT_X - Netherlands,HTTP Cookie,bench_new_T3_32248,,,,https://www.CLIENT_X.nl/c-e/ho/recall-perfectcare-8000-9000-elite-series,Existing CM Trackers-Not Found,,,,,
versuni.scene7.com,Performance cookies,Adobe Experience Cloud - Experience Manager,ETag,bench_new_T3_32786,,,,,Existing CM Trackers-Not Found,,,,,
www.CLIENT_X.nl,Essential cookies,CLIENT_X - Netherlands,ETag,bench_new_T3_32109,,,TRUE,http://www.CLIENT_X.nl/,Existing CM Trackers-Found,,,,,
assets.adoberesources.net,Performance cookies,Adobe Inc.,JavaScript,bench_new_T3_33239,,,,,Existing CM Trackers-Not Found,,,,,
www.lighting.CLIENT_X.nl,Essential cookies,Signify (formerly CLIENT_X Lighting),JavaScript,_ga_failed_lookup_marker_20_702,,,,,Existing CM Trackers-Not Found,,,,,
pages.information.signify.com,Performance cookies,Signify (formerly CLIENT_X Lighting),HTTP Cookie,bench_new_T3_32921,,,,,Existing CM Trackers-Not Found,,,,,
pages.information.signify.com,Performance cookies,Signify (formerly CLIENT_X Lighting),HTTP Cookie,bench_new_T3_33584,,,,,Existing CM Trackers-Not Found,,,,,
CLIENT_X.be,Essential cookies (exempt from consent),CLIENT_X - Belgium,HTTP Cookie,coveo_visitorId,,89,,https://www.CLIENT_X.nl/shop/NL_ONVZ/login,New Third Party Trackers,,,,,
CLIENT_X.nl,Essential cookies,CLIENT_X - Netherlands,HTTP Cookie,bench_new_T3_33181,,90,,https://www.CLIENT_X.nl/c-e/ho/recall-perfectcare-8000-9000-elite-series,New First Party Trackers,,,,,
tr.snapchat.com,Targeted Advertising cookies (including social media),Snap Inc.,Beacon,bench_new_T3_33101,,,TRUE,https://www.CLIENT_X.nl/c-e/ho/recall-perfectcare-8000-9000-elite-series,Existing CM Trackers-Found,,,,,
www.CLIENT_X-hue.com,Essential cookies,CLIENT_X Hue,Beacon,bench_new_T3_32232,,,,,Existing CM Trackers-Not Found,,,,,
*.en25.com,Targeted Advertising cookies (including social media),Oracle Marketing,JavaScript,bench_new_T3_32054,,,,https://www.CLIENT_X.nl/healthcare,Existing CM Trackers-Found,,,,,
tracker-detail-page.trustarc.com,Essential cookies,TrustArc,ETag,bench_new_T3_33257,,,,https://www.CLIENT_X.nl/a-w/cookie-verklaring,New Third Party Trackers,,,,,
CLIENT_X.fi,Essential cookies (exempt from consent),CLIENT_X - Finland,HTTP Cookie,coveo_visitorId,,bench_update_duration,TRUE,https://www.CLIENT_X.nl/c-e/ho/recall-perfectcare-8000-9000-elite-series,Existing CM Trackers-Found,,,,,
www.CLIENT_X.nl,Essential cookies,CLIENT_X - Netherlands,HTTP Cookie,bench_new_T3_32403,,,,,Existing CM Trackers-Not Found,,,,,
static.criteo.net,Targeted Advertising cookies (including social media),Criteo SA,ETag,bench_new_T3_33048,,,,,Existing CM Trackers-Not Found,,,,,
analytics.tiktok.com,Targeted Advertising cookies (including social media),TikTok,JavaScript,bench_new_T3_33265,,,TRUE,http://www.CLIENT_X.nl/,Existing CM Trackers-Found,,,,,
CLIENT_X.nl,Essential cookies,CLIENT_X - Netherlands,HTTP Cookie,bench_new_T3_32210,,session,TRUE,https://www.CLIENT_X.nl/c-e/ho/recall-perfectcare-8000-9000-elite-series,Existing CM Trackers-Found,,,,,
casalemedia.com,Targeted Advertising cookies (including social media),Index Exchange Inc.,HTTP Cookie,_ga_failed_lookup_marker_20_716,,90,TRUE,https://www.CLIENT_X.nl/a-w/about,Existing CM Trackers-Found,,,,,
dpm.demdex.net,Targeted Advertising cookies (including social media),"Adobe Audience Manager, Adobe Experience Platform",Beacon,bench_new_T3_32999,,,,,Existing CM Trackers-Not Found,,,,,
www.healthcare.shop.CLIENT_X.nl,Essential cookies,CLIENT_X - Netherlands,HTTP Cookie,bench_new_T3_33384,,,,,Existing CM Trackers-Not Found,,,,,
analytics.tiktok.com,Targeted Advertising cookies (including social media),TikTok,JavaScript,bench_new_T3_32689,,,TRUE,http://www.CLIENT_X.nl/,Existing CM Trackers-Found,,,,,
CLIENT_X.nl,Essential cookies,CLIENT_X - Netherlands,HTTP Cookie,bench_new_T3_32810,,,,,Existing CM Trackers-Not Found,,,,,
CLIENT_X.nl,Essential cookies,CLIENT_X - Netherlands,HTTP Cookie,bench_new_T3_33054,,365,,https://www.CLIENT_X.nl/c-e/ho/recall-perfectcare-8000-9000-elite-series,New First Party Trackers,,,,,
CLIENT_X.nl,Essential cookies,CLIENT_X - Netherlands,HTTP Cookie,bench_new_T3_33139,,90,,https://www.CLIENT_X.nl/c-e/ho/recall-perfectcare-8000-9000-elite-series,New First Party Trackers,,,,,
CLIENT_X.nl,Essential cookies,CLIENT_X - Netherlands,HTTP Cookie,_ga_failed_lookup_marker_20_723,,90,,https://www.CLIENT_X.nl/c-e/ho/recall-perfectcare-8000-9000-elite-series,New First Party Trackers,,,,,
www.tco.lighting.CLIENT_X.com,Performance cookies,Koninklijke CLIENT_X N.V.,JavaScript,bench_new_T3_33310,,,,,Existing CM Trackers-Not Found,,,,,
www.abonnementen.CLIENT_X.nl,Essential cookies,CLIENT_X - Netherlands,HTTP Cookie,bench_new_T3_32870,,,,,Existing CM Trackers-Not Found,,,,,
embed-cdn.spotifycdn.com,Performance cookies,Spotify,ETag,bench_new_T3_32305,,,,https://www.CLIENT_X.nl/a-w/about/milieu-maatschappij-governance-esg/partnerships/BNR-FD,New Third Party Trackers,,,,,
www.hcare.CLIENT_X.com.cn,Essential cookies (exempt from consent),CLIENT_X - China,HTTP Cookie,pv_duration,,365,,https://www.CLIENT_X.nl/a-w/about/milieu-maatschappij-governance-esg/partnerships/BNR-FD,New Third Party Trackers,,,,,
CLIENT_X.co.th,Essential cookies (exempt from consent),CLIENT_X - Thailand,HTTP Cookie,internalUserCheck,,,TRUE,https://www.CLIENT_X.nl/c-w/consumenten-ondersteuning/support-contact-page,Existing CM Trackers-Found,,,,,
maponline3.bdimg.com,Performance Cookies [Requires consent],Baidu,ETag,-,,400,TRUE,https://www.CLIENT_X.nl/c-e/ho/recall-perfectcare-8000-9000-elite-series,Existing CM Trackers-Found,,,,,
cdn-scripts.signifyd.com,Essential cookies,Signifyd,JavaScript,bench_new_T3_33413,,,TRUE,http://www.CLIENT_X.nl/,Existing CM Trackers-Found,,,,,
imgs.signifyd.com,Essential cookies,Signifyd,JavaScript,bench_new_T3_33075,,,TRUE,https://www.CLIENT_X.nl/c-p/MS592_50/-,Existing CM Trackers-Found,,,,,
www.CLIENT_X.nl,Essential cookies,CLIENT_X - Netherlands,HTTP Cookie,bench_new_T3_32379,,,,,Existing CM Trackers-Not Found,,,,,
www.CLIENT_X.nl,Essential cookies,CLIENT_X - Netherlands,HTTP Cookie,bench_new_T3_32570,,,,,Existing CM Trackers-Not Found,,,,,
CLIENT_X.nl,Essential cookies,CLIENT_X - Netherlands,HTTP Cookie,bench_new_T3_32527,,60,TRUE,https://www.CLIENT_X.nl/c-e/ho/recall-perfectcare-8000-9000-elite-series,Existing CM Trackers-Found,,,,,
c.bing.com,Targeted Advertising cookies (including social media),Microsoft Advertising,HTTP Cookie,bench_new_T3_33116,,,,,Existing CM Trackers-Not Found,,,,,
CLIENT_X.co.uk,Targeted Advertising cookies (including social media),CLIENT_X - United Kingdom,Local Storage,bench_new_T3_32524,,,,,Existing CM Trackers-Not Found,,,,,
halc.iadvize.com,Performance cookies,iAdvize,JavaScript,bench_new_T3_32031,,,TRUE,https://www.CLIENT_X.nl/c-e/ho/recall-perfectcare-8000-9000-elite-series,Existing CM Trackers-Found,,,,,
CLIENT_X.co.kr,Essential cookies (exempt from consent),CLIENT_X - Korea,HTTP Cookie,_ga,,bench_update_duration,,,Existing CM Trackers-Not Found,,,,,
www.conversiontool.lighting.CLIENT_X.com,Targeted Advertising cookies (including social media),Signify (formerly CLIENT_X Lighting),ETag,bench_new_T3_32163,,,,,Existing CM Trackers-Not Found,,,,,
CLIENT_X.nl,Essential cookies,CLIENT_X - Netherlands,HTTP Cookie,bench_new_T3_33488,,,,,Existing CM Trackers-Not Found,,,,,
CLIENT_X.nl,Essential cookies,CLIENT_X - Netherlands,HTTP Cookie,bench_new_T3_32011,,7,TRUE,https://www.CLIENT_X.nl/c-e/ho/recall-perfectcare-8000-9000-elite-series,Existing CM Trackers-Found,,,,,
analytics.tiktok.com,Targeted Advertising cookies (including social media),TikTok,Beacon,bench_new_T3_32072,,,TRUE,http://www.CLIENT_X.nl/,Existing CM Trackers-Found,,,,,
cdn.tt.omtrdc.net,Performance cookies,"Adobe Audience Manager, Adobe Experience Platform",ETag,_ga_failed_lookup_marker_20_743,,,,,Existing CM Trackers-Not Found,,,,,
amazon-adsystem.com,Targeted Advertising cookies (including social media),Amazon Ads,HTTP Cookie,bench_new_T3_33282,,400,TRUE,https://www.CLIENT_X.nl/a-w/about,Existing CM Trackers-Found,,,,,
CLIENT_X.nl,Essential cookies,CLIENT_X - Netherlands,HTTP Cookie,bench_new_T3_32935,,0,TRUE,https://www.CLIENT_X.nl/c-e/ho/recall-perfectcare-8000-9000-elite-series,Existing CM Trackers-Found,,,,,
youtube.com,Targeted Advertising cookies (including social media),Google Advertising Products,HTTP Cookie,bench_new_T3_32286,,180,,https://www.CLIENT_X.nl/c-e/hs/slaapapneu/i-think-i-might-have-sleep-apnea/getting-diagnosed,New Third Party Trackers,,,,,
www.horticulture-partnertool.lighting.CLIENT_X.com,Performance cookies,Signify (formerly CLIENT_X Lighting),ETag,bench_new_T3_32080,,,,,Existing CM Trackers-Not Found,,,,,
CLIENT_X.nl,Targeted Advertising cookies (including social media),CLIENT_X - Netherlands,HTTP Cookie,bench_new_T3_32460,,7,TRUE,https://www.CLIENT_X.nl/c-e/ho/recall-perfectcare-8000-9000-elite-series,Existing CM Trackers-Found,,,,,
s2.go-mpulse.net,Performance cookies,Akamai,JavaScript,bench_new_T3_33149,,,TRUE,http://www.CLIENT_X.nl/,Existing CM Trackers-Found,,,,,
www.gstatic.com,Performance cookies,Google Inc.,JavaScript,bench_new_T3_32469,,,TRUE,https://www.CLIENT_X.nl/c-e/member,Existing CM Trackers-Found,,,,,
CLIENT_X.nl,Essential cookies,CLIENT_X - Netherlands,HTTP Cookie,bench_new_T3_32915,,7,TRUE,https://www.CLIENT_X.nl/c-e/ho/recall-perfectcare-8000-9000-elite-series,Existing CM Trackers-Found,,,,,
loja.CLIENT_X.com.br,Essential cookies (exempt from consent),CLIENT_X - Brazil,HTTP Cookie,_tt_enable_cookie,,bench_update_duration,TRUE,https://www.CLIENT_X.nl/a-w/about,Existing CM Trackers-Found,,,,,
CLIENT_X.com.vn,Essential cookies (exempt from consent),CLIENT_X - Vietnam,HTTP Cookie,s_ugv,,bench_update_duration,,,Existing CM Trackers-Not Found,,,,,
*.mktoweb.com,Targeted Advertising cookies (including social media),Marketo,JavaScript,_ga_failed_lookup_marker_20_754,,,,,Existing CM Trackers-Not Found,,,,,
eloqua.com,Essential cookies,Oracle Marketing,HTTP Cookie,bench_new_T3_32728,,392,TRUE,https://www.CLIENT_X.nl/healthcare,Existing CM Trackers-Found,,,,,
accounts.CLIENT_X.com,Performance cookies,Koninklijke CLIENT_X N.V.,HTTP Cookie,bench_new_T3_33147,,,,,Existing CM Trackers-Not Found,,,,,
halc.iadvize.com,Performance cookies,iAdvize,ETag,bench_new_T3_32701,,,TRUE,https://www.CLIENT_X.nl/c-e/ho/recall-perfectcare-8000-9000-elite-series,Existing CM Trackers-Found,,,,,
www.CLIENT_X.ca,Essential cookies (exempt from consent),CLIENT_X - Canada,HTTP Cookie,JSESSIONID,,bench_update_duration,,,Existing CM Trackers-Not Found,,,,,
www.CLIENT_X.nl,Essential cookies,CLIENT_X - Netherlands,HTTP Cookie,bench_new_T3_32862,,,,,Existing CM Trackers-Not Found,,,,,
s.go-mpulse.net,Performance cookies,Akamai,JavaScript,bench_new_T3_33335,,,,,Existing CM Trackers-Not Found,,,,,
CLIENT_X.sa,Essential cookies (exempt from consent),CLIENT_X - Kingdom of Saudi Arabia,HTTP Cookie,_ga,,,,,Existing CM Trackers-Not Found,,,,,
www.CLIENT_X-foundation.com,Targeted Advertising cookies (including social media),CLIENT_X Foundation,ETag,bench_new_T3_32422,,,,https://www.CLIENT_X.nl/healthcare/about/support,New Third Party Trackers,,,,,
tco.lighting.CLIENT_X.com,Targeted Advertising cookies (including social media),Koninklijke CLIENT_X N.V.,Local Storage,bench_new_T3_33469,,,,,Existing CM Trackers-Not Found,,,,,
smetrics.marketing.CLIENT_X-hue.com,Targeted Advertising cookies (including social media),CLIENT_X Hue,JavaScript,bench_new_T3_32975,,,,,Existing CM Trackers-Not Found,,,,,
lighting.CLIENT_X.nl,Essential cookies,Signify (formerly CLIENT_X Lighting),HTTP Cookie,bench_new_T3_33218,,,,,Existing CM Trackers-Not Found,,,,,
CLIENT_X.nl,Essential cookies,CLIENT_X - Netherlands,HTTP Cookie,bench_new_T3_33115,,,,,Existing CM Trackers-Not Found,,,,,
www.CLIENT_X.nl,Targeted Advertising cookies (including social media),CLIENT_X - Netherlands,HTTP Cookie,bench_new_T3_32364,,,,,Existing CM Trackers-Not Found,,,,,
munchkin.marketo.net,Targeted Advertising cookies (including social media),Marketo,JavaScript,bench_new_T3_33410,,,,,Existing CM Trackers-Not Found,,,,,
www.CLIENT_X.nl,Essential cookies,CLIENT_X - Netherlands,HTTP Cookie,bench_new_T3_32493,,365,TRUE,https://www.CLIENT_X.nl/c-p/HX9552_33/-/ondersteuning,Existing CM Trackers-Found,,,,,
CLIENT_X.nl,Essential cookies,CLIENT_X - Netherlands,HTTP Cookie,bench_new_T3_32062,,1,TRUE,https://www.CLIENT_X.nl/c-e/ho/recall-perfectcare-8000-9000-elite-series,Existing CM Trackers-Found,,,,,
sc-static.net,Targeted Advertising cookies (including social media),Snap Inc.,HTTP Cookie,bench_new_T3_32492,,1,TRUE,https://www.CLIENT_X.nl/c-e/ho/recall-perfectcare-8000-9000-elite-series,Existing CM Trackers-Found,,,,,
sslwidget.criteo.com,Targeted Advertising cookies (including social media),Criteo SA,JavaScript,bench_new_T3_32389,,,,,Existing CM Trackers-Not Found,,,,,
CLIENT_X.nl,Essential cookies,CLIENT_X - Netherlands,HTTP Cookie,bench_new_T3_33457,,,,,Existing CM Trackers-Not Found,,,,,
h.online-metrix.net,Performance Cookies [Requires consent],LexisNexis Risk Solutions (formerly ThreatMetrix),Beacon,-,,bench_update_duration,,https://www.CLIENT_X.nl/a-w/about/milieu-maatschappij-governance-esg/partnerships/BNR-FD,New Third Party Trackers,,,,,
*.casalemedia.com,Targeted Advertising cookies (including social media),Index Exchange Inc.,Beacon,bench_new_T3_33137,,,,https://www.CLIENT_X.nl/a-w/about,Existing CM Trackers-Found,,,,,
maxosfusionconfigurator.lighting.CLIENT_X.com,Targeted Advertising cookies (including social media),Koninklijke CLIENT_X N.V.,Local Storage,bench_new_T3_32934,,,,,Existing CM Trackers-Not Found,,,,,
CLIENT_X.nl,Essential cookies,CLIENT_X - Netherlands,HTTP Cookie,bench_new_T3_32349,,7,TRUE,https://www.CLIENT_X.nl/c-e/ho/recall-perfectcare-8000-9000-elite-series,Existing CM Trackers-Found,,,,,
labs.iadvize.com,Performance cookies,iAdvize,ETag,bench_new_T3_33070,,,TRUE,https://www.CLIENT_X.nl/c-e/ho/recall-perfectcare-8000-9000-elite-series,Existing CM Trackers-Found,,,,,
lighting.CLIENT_X.nl,Performance cookies,Signify (formerly CLIENT_X Lighting),HTTP Cookie,bench_new_T3_33461,,,,,Existing CM Trackers-Not Found,,,,,
static.iadvize.com,Targeted Advertising cookies (including social media),iAdvize,JavaScript,bench_new_T3_33473,,,TRUE,https://www.CLIENT_X.nl/c-e/ho/recall-perfectcare-8000-9000-elite-series,Existing CM Trackers-Found,,,,,
lighting.CLIENT_X.nl,Performance cookies,Signify (formerly CLIENT_X Lighting),HTTP Cookie,bench_new_T3_32629,,,,,Existing CM Trackers-Not Found,,,,,
youtube.com,Targeted Advertising cookies (including social media),Google Advertising Products,HTTP Cookie,bench_new_T3_33424,,180,TRUE,https://www.CLIENT_X.nl/c-e/hs/slaapapneu/i-think-i-might-have-sleep-apnea/getting-diagnosed,Existing CM Trackers-Found,,,,,
www.CLIENT_X.nl,Essential cookies,CLIENT_X - Netherlands,HTTP Cookie,bench_new_T3_32420,,365,TRUE,https://www.CLIENT_X.nl/c-p/HX9552_33/-/ondersteuning,Existing CM Trackers-Found,,,,,
assets.adobedtm.com,Performance cookies,Adobe Inc.,JavaScript,_ga_failed_lookup_marker_20_784,,,,,Existing CM Trackers-Not Found,,,,,
code.jquery.com,Performance cookies,jQuery,ETag,bench_new_T3_32014,,,,,Existing CM Trackers-Not Found,,,,,
www.clarity.ms,Performance cookies,Microsoft,JavaScript,_ga_failed_lookup_marker_20_786,,,TRUE,https://www.CLIENT_X.nl/c-e/ho/recall-perfectcare-8000-9000-elite-series,Existing CM Trackers-Found,,,,,
accounts.CLIENT_X.com,Performance cookies,Koninklijke CLIENT_X N.V.,HTTP Cookie,bench_new_T3_33427,,,,,Existing CM Trackers-Not Found,,,,,
www.CLIENT_X.nl,Essential cookies,CLIENT_X - Netherlands,HTTP Cookie,bench_new_T3_32520,,6,,https://www.CLIENT_X.nl/c-p/HX9552_33/-/ondersteuning,New First Party Trackers,,,,,
www.terracycle.com,Essential cookies,TerraCycle,JavaScript,bench_new_T3_32722,,,,,Existing CM Trackers-Not Found,,,,,
nebula-cdn.kampyle.com,Performance cookies,Medallia,ETag,bench_new_T3_32247,,,TRUE,http://www.CLIENT_X.nl/,Existing CM Trackers-Found,,,,,
CLIENT_X.112.2o7.net,Performance cookies,"Adobe Audience Manager, Adobe Experience Cloud",Beacon,_ga_failed_lookup_marker_20_791,,,TRUE,http://www.CLIENT_X.nl/,Existing CM Trackers-Found,,,,,
doubleclick.net,Targeted Advertising cookies (including social media),Google Advertising Products,HTTP Cookie,bench_new_T3_32461,,30,TRUE,https://www.CLIENT_X.nl/a-w/about,Existing CM Trackers-Found,,,,,
cdnjs.cloudflare.com,Performance cookies,Cloudflare,ETag,bench_new_T3_32531,,,,,Existing CM Trackers-Not Found,,,,,
*.mktoweb.com,Targeted Advertising cookies (including social media),Marketo,JavaScript,bench_new_T3_32256,,,,,Existing CM Trackers-Not Found,,,,,
imgs.signifyd.com,Essential cookies,Signifyd,Beacon,bench_new_T3_32307,,,TRUE,http://www.CLIENT_X.nl/,Existing CM Trackers-Found,,,,,
cdn.tt.omtrdc.net,Performance cookies,"Adobe Audience Manager, Adobe Experience Platform",ETag,bench_new_T3_32856,,,,,Existing CM Trackers-Not Found,,,,,
CLIENT_X.nl,Essential cookies,CLIENT_X - Netherlands,HTTP Cookie,bench_new_T3_32755,,session,TRUE,https://www.CLIENT_X.nl/c-e/ho/recall-perfectcare-8000-9000-elite-series,Existing CM Trackers-Found,,,,,
CLIENT_X.nl,Essential cookies,CLIENT_X - Netherlands,HTTP Cookie,bench_new_T3_32368,,1,TRUE,https://www.CLIENT_X.nl/c-e/ho/recall-perfectcare-8000-9000-elite-series,Existing CM Trackers-Found,,,,,
imgs.signifyd.com,Essential cookies,Signifyd,Beacon,bench_new_T3_32536,,,TRUE,http://www.CLIENT_X.nl/,Existing CM Trackers-Found,,,,,
www.CLIENT_X.nl,Essential cookies,CLIENT_X - Netherlands,HTTP Cookie,_ga_failed_lookup_marker_20_800,,365,TRUE,https://www.CLIENT_X.nl/c-p/HX9552_33/-/ondersteuning,Existing CM Trackers-Found,,,,,
www.lighting.CLIENT_X.com,Performance cookies,Signify (formerly CLIENT_X Lighting),HTTP Cookie,bench_new_T3_32324,,,,,Existing CM Trackers-Not Found,,,,,
CLIENT_X.nl,Essential cookies,CLIENT_X - Netherlands,HTTP Cookie,bench_new_T3_32366,,,,,Existing CM Trackers-Not Found,,,,,
imgs.signifyd.com,Essential cookies,Signifyd,Local Storage,bench_new_T3_33564,,,TRUE,https://www.CLIENT_X.nl/,Existing CM Trackers-Found,,,,,
www.CLIENT_X.nl,Essential cookies,CLIENT_X - Netherlands,HTTP Cookie,bench_new_T3_32939,,14,,https://www.CLIENT_X.nl/c-p/HX9552_33/-/ondersteuning,New First Party Trackers,,,,,
doubleclick.net,Targeted Advertising cookies (including social media),Google Advertising Products,HTTP Cookie,bench_new_T3_32395,,,,,Existing CM Trackers-Not Found,,,,,
pixel.rubiconproject.com,Targeted Advertising cookies (including social media),"Magnite, Inc.",Beacon,bench_new_T3_32427,,,TRUE,https://www.CLIENT_X.nl/a-w/about,Existing CM Trackers-Found,,,,,
googleads.g.doubleclick.net,Targeted Advertising cookies (including social media),Google Advertising Products,Beacon,_ga_failed_lookup_marker_20_807,,,TRUE,http://www.CLIENT_X.nl/,Existing CM Trackers-Found,,,,,
www.abonnementen.CLIENT_X.nl,Performance cookies,CLIENT_X - Netherlands,HTTP Cookie,bench_new_T3_33056,,,,,Existing CM Trackers-Not Found,,,,,
nebula-cdn.kampyle.com,Performance cookies,Medallia,ETag,bench_new_T3_33528,,,TRUE,http://www.CLIENT_X.nl/,Existing CM Trackers-Found,,,,,
assets.adoberesources.net,Performance cookies,Adobe Inc.,JavaScript,bench_new_T3_33287,,,,,Existing CM Trackers-Not Found,,,,,
analytics.tiktok.com,Targeted Advertising cookies (including social media),TikTok,Beacon,bench_new_T3_33371,,,TRUE,http://www.CLIENT_X.nl/,Existing CM Trackers-Found,,,,,
www.healthcare.shop.CLIENT_X.nl,Essential cookies,CLIENT_X - Netherlands,HTTP Cookie,bench_new_T3_32004,,,,,Existing CM Trackers-Not Found,,,,,
c.bing.com,Targeted Advertising cookies (including social media),Microsoft Advertising,HTTP Cookie,bench_new_T3_32783,,,,,Existing CM Trackers-Not Found,,,,,
static.cloud.coveo.com,Targeted Advertising Cookies (including social media) [Requires consent],Coveo Solutions Inc.,ETag,-,,,,,Existing CM Trackers-Not Found,,,,,
static.cloud.coveo.com,Targeted Advertising cookies (including social media),Coveo Solutions Inc.,JavaScript,bench_new_T3_33199,,,TRUE,https://www.CLIENT_X.nl/c-p/HX9992_12/sonicare-9900-prestige-elektrische-tandenborstel-met-senseiq,Existing CM Trackers-Found,,,,,
clarity.ms,Performance cookies,Microsoft,HTTP Cookie,bench_new_T3_32263,,,,,Existing CM Trackers-Not Found,,,,,
spotify.com,Performance cookies,Spotify,HTTP Cookie,bench_new_T3_32995,,1,,https://www.CLIENT_X.nl/a-w/about/milieu-maatschappij-governance-esg/partnerships/BNR-FD,New Third Party Trackers,,,,,
www.abonnementen.CLIENT_X.nl,Essential cookies,CLIENT_X - Netherlands,JavaScript,_ga_failed_lookup_marker_20_818,,,,,Existing CM Trackers-Not Found,,,,,
connect.facebook.net,Targeted Advertising cookies (including social media),Meta (formerly Facebook),JavaScript,bench_new_T3_33502,,,TRUE,http://www.CLIENT_X.nl/,Existing CM Trackers-Found,,,,,
CLIENT_X.nl,Essential cookies,CLIENT_X - Netherlands,HTTP Cookie,bench_new_T3_32249,,90,TRUE,https://www.CLIENT_X.nl/c-e/ho/recall-perfectcare-8000-9000-elite-series,Existing CM Trackers-Found,,,,,
omnitagjs.com,Targeted Advertising Cookies (including social media) [Requires consent],ADYOULIKE SA,HTTP Cookie,ayl_visitor,,bench_update_duration,TRUE,https://www.CLIENT_X.nl/c-p/HX9552_33/-/ondersteuning,Existing CM Trackers-Found,,,,,
image-cdn-fa.spotifycdn.com,Performance cookies,Spotify,ETag,bench_new_T3_33085,,,,https://www.CLIENT_X.nl/a-w/about/milieu-maatschappij-governance-esg/partnerships/BNR-FD,New Third Party Trackers,,,,,
linkedin.com,Targeted Advertising cookies (including social media),LinkedIn,HTTP Cookie,bench_new_T3_32625,,180,TRUE,https://www.CLIENT_X.nl/c-e/ho/recall-perfectcare-8000-9000-elite-series,Existing CM Trackers-Found,,,,,
www.CLIENT_X.nl,Essential cookies,CLIENT_X - Netherlands,HTTP Cookie,bench_new_T3_33071,,,,,Existing CM Trackers-Not Found,,,,,
www.careers.CLIENT_X.com.cn,Essential cookies (exempt from consent),CLIENT_X - China,ETag,blank (etag),,,,,Existing CM Trackers-Not Found,,,,,
www.eu-west-1.api.CLIENT_X.com,Targeted Advertising cookies (including social media),Koninklijke CLIENT_X N.V.,Beacon,bench_new_T3_32958,,,,https://www.CLIENT_X.nl/c-e/shop/checkout,New Third Party Trackers,,,,,
www.CLIENT_X.gr,Essential cookies (exempt from consent),CLIENT_X - Greece,HTTP Cookie,kampyleUserSession,,bench_update_duration,TRUE,http://www.CLIENT_X.nl/,Existing CM Trackers-Found,,,,,
CLIENT_X.nl,Essential cookies,CLIENT_X - Netherlands,HTTP Cookie,bench_new_T3_33504,,390,TRUE,https://www.CLIENT_X.nl/c-e/ho/recall-perfectcare-8000-9000-elite-series,Existing CM Trackers-Found,,,,,
CLIENT_X.nl,Essential cookies,CLIENT_X - Netherlands,HTTP Cookie,bench_new_T3_32411,,400,TRUE,https://www.CLIENT_X.nl/c-e/ho/recall-perfectcare-8000-9000-elite-series,Existing CM Trackers-Found,,,,,
*.mktoweb.com,Targeted Advertising cookies (including social media),Marketo,ETag,bench_new_T3_32949,,,,,Existing CM Trackers-Not Found,,,,,
code.jquery.com,Performance cookies,jQuery,JavaScript,bench_new_T3_32187,,,,,Existing CM Trackers-Not Found,,,,,
www.assets.lighting.CLIENT_X.com,Performance cookies,Signify (formerly CLIENT_X Lighting),ETag,bench_new_T3_32637,,,,,Existing CM Trackers-Not Found,,,,,
ajax.googleapis.com,Performance cookies,Google Inc.,JavaScript,bench_new_T3_32277,,,,,Existing CM Trackers-Not Found,,,,,
spotify.com,Performance cookies,Spotify,HTTP Cookie,bench_new_T3_32978,,1,,https://www.CLIENT_X.nl/a-w/about/milieu-maatschappij-governance-esg/partnerships/BNR-FD,New Third Party Trackers,,,,,
tremorhub.com,Targeted Advertising cookies (including social media),"Magnite CTV, Inc.",HTTP Cookie,bench_new_T3_32576,,365,TRUE,https://www.CLIENT_X.nl/a-w/about,Existing CM Trackers-Found,,,,,
code.jquery.com,Performance cookies,jQuery,JavaScript,bench_new_T3_33219,,,,,Existing CM Trackers-Not Found,,,,,
CLIENT_X.nl,Essential cookies,CLIENT_X - Netherlands,HTTP Cookie,bench_new_T3_32779,,0,TRUE,https://www.CLIENT_X.nl/c-e/ho/recall-perfectcare-8000-9000-elite-series,Existing CM Trackers-Found,,,,,
www.lighting.CLIENT_X.no,Essential cookies (exempt from consent),Signify (formerly CLIENT_X Lighting),HTTP Cookie,customer_language_accept,,bench_update_duration,,https://www.CLIENT_X.nl/c-p/JC305_50/-,New Third Party Trackers,,,,,
cdn.mouseflow.com,Performance cookies,Mouseflow,JavaScript,bench_new_T3_32890,,,TRUE,https://www.CLIENT_X.nl/c-e/pe/mens-grooming-welcome.html,Existing CM Trackers-Found,,,,,
www.CLIENT_X.es,Essential cookies (exempt from consent),CLIENT_X - Spain,HTTP Cookie,_sdsat_pgm_yieldify_no,,bench_update_duration,,,Existing CM Trackers-Not Found,,,,,
h64.online-metrix.net,Performance cookies,LexisNexis Risk Solutions (formerly ThreatMetrix),JavaScript,bench_new_T3_32587,,,,https://www.CLIENT_X.nl/c-p/JC305_50/-,New Third Party Trackers,,,,,
eloqua.com,Targeted Advertising cookies (including social media),Oracle Marketing,HTTP Cookie,bench_new_T3_32837,,392,TRUE,https://www.CLIENT_X.nl/healthcare,Existing CM Trackers-Found,,,,,
CLIENT_X.nl,Essential cookies,CLIENT_X - Netherlands,Local Storage,bench_new_T3_32464,,,TRUE,https://www.CLIENT_X.nl/c-w/consumenten-ondersteuning/support-contact-page,Existing CM Trackers-Found,,,,,
CLIENT_X.nl,Essential cookies,CLIENT_X - Netherlands,HTTP Cookie,bench_new_T3_32564,,session,TRUE,https://www.CLIENT_X.nl/c-e/ho/recall-perfectcare-8000-9000-elite-series,Existing CM Trackers-Found,,,,,
www.google.com,Targeted Advertising cookies (including social media),Google Inc.,Beacon,bench_new_T3_32058,,,TRUE,http://www.CLIENT_X.nl/,Existing CM Trackers-Found,,,,,
cdn.tt.omtrdc.net,Performance cookies,"Adobe Audience Manager, Adobe Experience Platform",JavaScript,bench_new_T3_32450,,,,,Existing CM Trackers-Not Found,,,,,
CLIENT_X.hu,Essential cookies (exempt from consent),CLIENT_X - Hungary,HTTP Cookie,s_vtime,,bench_update_duration,,,Existing CM Trackers-Not Found,,,,,
cdn.botframework.com,Performance cookies,Microsoft Bot Framework,ETag,bench_new_T3_32776,,,,,Existing CM Trackers-Not Found,,,,,
www.healthcare.shop.CLIENT_X.nl,Essential cookies,CLIENT_X - Netherlands,HTTP Cookie,bench_new_T3_32947,,,,,Existing CM Trackers-Not Found,,,,,
youtube.com,Targeted Advertising cookies (including social media),Google Advertising Products,HTTP Cookie,_ga_failed_lookup_marker_20_850,,180,,https://www.CLIENT_X.nl/c-e/hs/slaapapneu/i-think-i-might-have-sleep-apnea/getting-diagnosed,New Third Party Trackers,,,,,
casalemedia.com,Targeted Advertising cookies (including social media),Index Exchange Inc.,HTTP Cookie,bench_new_T3_32563,,90,TRUE,https://www.CLIENT_X.nl/a-w/about,Existing CM Trackers-Found,,,,,
www.clarity.ms,Performance cookies,Microsoft,JavaScript,bench_new_T3_32414,,,TRUE,https://www.CLIENT_X.nl/c-e/ho/recall-perfectcare-8000-9000-elite-series,Existing CM Trackers-Found,,,,,
CLIENT_X.co.uk,Essential cookies,CLIENT_X - United Kingdom,HTTP Cookie,bench_new_T3_32078,,,,,Existing CM Trackers-Not Found,,,,,
led-calculator.coreline.lighting.CLIENT_X.com,Performance cookies,Signify (formerly CLIENT_X Lighting),Local Storage,bench_new_T3_32104,,,,,Existing CM Trackers-Not Found,,,,,
www.CLIENT_X.be,Essential cookies (exempt from consent),CLIENT_X - Belgium,HTTP Cookie,user_country,,bench_update_duration,,,Existing CM Trackers-Not Found,,,,,
dpm.demdex.net,Targeted Advertising cookies (including social media),"Adobe Audience Manager, Adobe Experience Platform",HTTP Cookie,bench_new_T3_32481,,,,,Existing CM Trackers-Not Found,,,,,
sc-static.net,Targeted Advertising cookies (including social media),Snap Inc.,JavaScript,bench_new_T3_33471,,,TRUE,https://www.CLIENT_X.nl/c-e/ho/recall-perfectcare-8000-9000-elite-series,Existing CM Trackers-Found,,,,,
snap.licdn.com,Performance cookies,LinkedIn,JavaScript,bench_new_T3_32812,,,TRUE,https://www.CLIENT_X.nl/c-e/ho/recall-perfectcare-8000-9000-elite-series,Existing CM Trackers-Found,,,,,
custom.yieldify.com,Targeted Advertising cookies (including social media),Yieldify,JavaScript,_ga_failed_lookup_marker_20_859,,,TRUE,http://www.CLIENT_X.nl/,Existing CM Trackers-Found,,,,,
CLIENT_X.nl,Essential cookies,CLIENT_X - Netherlands,HTTP Cookie,bench_new_T3_33556,,365,TRUE,https://www.CLIENT_X.nl/c-e/ho/recall-perfectcare-8000-9000-elite-series,Existing CM Trackers-Found,,,,,
www.CLIENT_X.nl,Essential cookies,CLIENT_X - Netherlands,HTTP Cookie,bench_new_T3_32654,,,,,Existing CM Trackers-Not Found,,,,,
www.CLIENT_X.si,Essential cookies (exempt from consent),CLIENT_X - Slovenia,HTTP Cookie,AWSELBCORS,,bench_update_duration,,,Existing CM Trackers-Not Found,,,,,
www.abonnementen.CLIENT_X.nl,Essential cookies,CLIENT_X - Netherlands,HTTP Cookie,bench_new_T3_33423,,,,,Existing CM Trackers-Not Found,,,,,
widget-cdn.janraincapture.com,Performance cookies,Akamai,ETag,bench_new_T3_32321,,,,,Existing CM Trackers-Not Found,,,,,
CLIENT_X.nl,Performance cookies,CLIENT_X - Netherlands,HTTP Cookie,bench_new_T3_32717,,0,TRUE,https://www.CLIENT_X.nl/c-e/ho/recall-perfectcare-8000-9000-elite-series,Existing CM Trackers-Found,,,,,
open.spotify.com,Performance cookies,Spotify,Local Storage,_ga_failed_lookup_marker_20_866,,,,https://www.CLIENT_X.nl/a-w/about/milieu-maatschappij-governance-esg/partnerships/BNR-FD.html,New Third Party Trackers,,,,,
www.gearselectiontool.lighting.CLIENT_X.com,Performance cookies,Signify (formerly CLIENT_X Lighting),ETag,bench_new_T3_32873,,,,,Existing CM Trackers-Not Found,,,,,
CLIENT_X.nl,Essential cookies,CLIENT_X - Netherlands,HTTP Cookie,bench_new_T3_32121,,0,TRUE,https://www.CLIENT_X.nl/c-e/ho/recall-perfectcare-8000-9000-elite-series,Existing CM Trackers-Found,,,,,
www.maxosfusionconfigurator.lighting.CLIENT_X.com,Performance cookies,Koninklijke CLIENT_X N.V.,JavaScript,bench_new_T3_32319,,,,,Existing CM Trackers-Not Found,,,,,
www.CLIENT_X-hue.com,Performance cookies,CLIENT_X Hue,ETag,bench_new_T3_33014,,,,,Existing CM Trackers-Not Found,,,,,
CLIENT_X.janrainsso.com,Performance cookies,Akamai,ETag,bench_new_T3_33094,,,,https://www.CLIENT_X.nl/shop/NL_ONVZ/login,New Third Party Trackers,,,,,
code.jquery.com,Performance cookies,jQuery,JavaScript,bench_new_T3_33216,,,,,Existing CM Trackers-Not Found,,,,,
CLIENT_X.nl,Essential cookies,CLIENT_X - Netherlands,HTTP Cookie,bench_new_T3_32666,,,,,Existing CM Trackers-Not Found,,,,,
linkedin.com,Targeted Advertising cookies (including social media),LinkedIn,HTTP Cookie,bench_new_T3_33300,,1,TRUE,https://www.CLIENT_X.nl/c-e/ho/recall-perfectcare-8000-9000-elite-series,Existing CM Trackers-Found,,,,,
*.fls.doubleclick.net,Targeted Advertising cookies (including social media),Google Advertising Products,Beacon,bench_new_T3_33398,,,,,Existing CM Trackers-Not Found,,,,,
spotify.com,Performance cookies,Spotify,HTTP Cookie,bench_new_T3_32787,,365,,https://www.CLIENT_X.nl/a-w/about/milieu-maatschappij-governance-esg/partnerships/BNR-FD,New Third Party Trackers,,,,,
www.CLIENT_X.nl,Essential cookies,CLIENT_X - Netherlands,HTTP Cookie,bench_new_T3_32238,,365,TRUE,https://www.CLIENT_X.nl/c-p/HX9552_33/-/ondersteuning,Existing CM Trackers-Found,,,,,
CLIENT_X.nl,Targeted Advertising cookies (including social media),CLIENT_X - Netherlands,HTTP Cookie,bench_new_T3_32218,,7,TRUE,https://www.CLIENT_X.nl/c-e/ho/recall-perfectcare-8000-9000-elite-series,Existing CM Trackers-Found,,,,,
images.CLIENT_X.com,Essential cookies,Koninklijke CLIENT_X N.V.,ETag,bench_new_T3_32154,,,TRUE,https://www.CLIENT_X.nl/c-p/QP4530_30/oneblade-gezicht,Existing CM Trackers-Found,,,,,
c.amazon-adsystem.com,Targeted Advertising cookies (including social media),Amazon Ads,JavaScript,bench_new_T3_33522,,,TRUE,http://www.CLIENT_X.nl/,Existing CM Trackers-Found,,,,,
assets.adobedtm.com,Performance cookies,Adobe Inc.,JavaScript,bench_new_T3_32197,,,,,Existing CM Trackers-Not Found,,,,,
youtube.com,Targeted Advertising cookies (including social media),Google Advertising Products,HTTP Cookie,bench_new_T3_32086,,session,TRUE,https://www.CLIENT_X.nl/c-e/hs/slaapapneu/i-think-i-might-have-sleep-apnea/getting-diagnosed,Existing CM Trackers-Found,,,,,
www.maxosfusionconfigurator.lighting.CLIENT_X.com,Performance cookies,Koninklijke CLIENT_X N.V.,JavaScript,bench_new_T3_32402,,,,,Existing CM Trackers-Not Found,,,,,
CLIENT_Xb2c.my.site.com,Performance cookies,"Salesforce.com, Inc.",JavaScript,_ga_failed_lookup_marker_20_884,,,TRUE,https://www.CLIENT_X.nl/c-w/consumenten-ondersteuning/support-contact-page,Existing CM Trackers-Found,,,,,
www.CLIENT_X.com.co,Essential cookies (exempt from consent),CLIENT_X - Colombia,HTTP Cookie,p-gc35,,bench_update_duration,,https://www.CLIENT_X.nl/c-e/ho/recall-perfectcare-8000-9000-elite-series,New First Party Trackers,,,,,
CLIENT_X.nl,Essential cookies,CLIENT_X - Netherlands,HTTP Cookie,bench_new_T3_33217,,7,TRUE,https://www.CLIENT_X.nl/c-e/ho/recall-perfectcare-8000-9000-elite-series,Existing CM Trackers-Found,,,,,
c.bing.com,Targeted Advertising cookies (including social media),Microsoft Advertising,HTTP Cookie,bench_new_T3_32716,,,,,Existing CM Trackers-Not Found,,,,,
lighting.CLIENT_X.nl,Essential cookies,Signify (formerly CLIENT_X Lighting),HTTP Cookie,bench_new_T3_32064,,,,,Existing CM Trackers-Not Found,,,,,
CLIENT_X.nl,Performance cookies,CLIENT_X - Netherlands,HTTP Cookie,bench_new_T3_32561,,,,,Existing CM Trackers-Not Found,,,,,
CLIENT_X.112.2o7.net,Performance cookies,"Adobe Audience Manager, Adobe Experience Cloud",Beacon,bench_new_T3_32766,,,TRUE,http://www.CLIENT_X.nl/,Existing CM Trackers-Found,,,,,
www.CLIENT_X.nl,Essential cookies,CLIENT_X - Netherlands,HTTP Cookie,bench_new_T3_33154,,6,,https://www.CLIENT_X.nl/c-p/HX9552_33/-/ondersteuning,New First Party Trackers,,,,,
www.google.com,Essential cookies,Google Inc.,HTTP Cookie,bench_new_T3_32070,,180,TRUE,https://www.CLIENT_X.nl/c-e/member,Existing CM Trackers-Found,,,,,
www.CLIENT_X.nl,Essential cookies,CLIENT_X - Netherlands,HTTP Cookie,_ga_failed_lookup_marker_20_893,,,,,Existing CM Trackers-Not Found,,,,,
sc-static.net,Targeted Advertising cookies (including social media),Snap Inc.,HTTP Cookie,bench_new_T3_32441,,1,TRUE,https://www.CLIENT_X.nl/c-e/ho/recall-perfectcare-8000-9000-elite-series,Existing CM Trackers-Found,,,,,
www.CLIENT_X.nl,Essential cookies,CLIENT_X - Netherlands,HTTP Cookie,bench_new_T3_33026,,365,TRUE,https://www.CLIENT_X.nl/c-p/HX9552_33/-/ondersteuning,Existing CM Trackers-Found,,,,,
js-cdn.music.apple.com,Performance cookies,Apple Inc.,JavaScript,bench_new_T3_33395,,,,https://www.CLIENT_X.nl/a-w/about/milieu-maatschappij-governance-esg/partnerships/BNR-FD,New Third Party Trackers,,,,,
assets.adoberesources.net,Performance cookies,Adobe Inc.,JavaScript,bench_new_T3_32088,,,,,Existing CM Trackers-Not Found,,,,,
www.healthcare.shop.CLIENT_X.nl,Essential cookies,CLIENT_X - Netherlands,HTTP Cookie,_ga_failed_lookup_marker_20_898,,,,,Existing CM Trackers-Not Found,,,,,
CLIENT_X.com.ar,Essential cookies (exempt from consent),CLIENT_X - Argentina,HTTP Cookie,_gid,,729,TRUE,https://www.CLIENT_X.nl/c-m-ho/badkameroplossingen,Existing CM Trackers-Found,,,,,
doubleclick.net,Targeted Advertising cookies (including social media),Google Advertising Products,HTTP Cookie,bench_new_T3_32204,,30,TRUE,https://www.CLIENT_X.nl/a-w/about,Existing CM Trackers-Found,,,,,
www.maxosfusionconfigurator.lighting.CLIENT_X.com,Performance cookies,Koninklijke CLIENT_X N.V.,JavaScript,bench_new_T3_33222,,,,,Existing CM Trackers-Not Found,,,,,
CLIENT_X.nl,Essential cookies,CLIENT_X - Netherlands,HTTP Cookie,bench_new_T3_33509,,365,,https://www.CLIENT_X.nl/c-e/ho/recall-perfectcare-8000-9000-elite-series,New First Party Trackers,,,,,
CLIENT_X.nl,Essential cookies,CLIENT_X - Netherlands,HTTP Cookie,bench_new_T3_33392,,,,,Existing CM Trackers-Not Found,,,,,
CLIENT_X.nl,Essential cookies,CLIENT_X - Netherlands,HTTP Cookie,bench_new_T3_32824,,,,,Existing CM Trackers-Not Found,,,,,
www.hcare.CLIENT_X.com.cn,Essential cookies (exempt from consent),CLIENT_X - China,HTTP Cookie,BMAP_SECKEY,,,,,Existing CM Trackers-Not Found,,,,,
spotify.com,Performance cookies,Spotify,HTTP Cookie,bench_new_T3_33166,,1,,https://www.CLIENT_X.nl/a-w/about/milieu-maatschappij-governance-esg/partnerships/BNR-FD,New Third Party Trackers,,,,,
www.crsc.lighting.CLIENT_X.com,Performance cookies,Signify (formerly CLIENT_X Lighting),ETag,bench_new_T3_32718,,,,,Existing CM Trackers-Not Found,,,,,
www.CLIENT_X.nl,Essential cookies,CLIENT_X - Netherlands,HTTP Cookie,bench_new_T3_32534,,365,TRUE,https://www.CLIENT_X.nl/c-p/HX9552_33/-/ondersteuning,Existing CM Trackers-Found,,,,,
conversiontool.lighting.CLIENT_X.com,Targeted Advertising cookies (including social media),Koninklijke CLIENT_X N.V.,Local Storage,bench_new_T3_32448,,,,,Existing CM Trackers-Not Found,,,,,
CLIENT_X.se,Essential cookies (exempt from consent),CLIENT_X - Sweden,HTTP Cookie,coveo_visitorId,,bench_update_duration,,https://www.CLIENT_X.nl/c-e/beauty-tips-voor-vrouwen/haarverzorging/haarstyling/tips-om-je-haar-te-foehnen-zonder-schade.html,New Third Party Trackers,,,,,
www.healthcare.shop.CLIENT_X.nl,Essential cookies,CLIENT_X - Netherlands,HTTP Cookie,bench_new_T3_32659,,,,,Existing CM Trackers-Not Found,,,,,
CLIENT_X.nl,Essential cookies,CLIENT_X - Netherlands,HTTP Cookie,bench_new_T3_32026,,,,,Existing CM Trackers-Not Found,,,,,
www.CLIENT_X.nl,Essential cookies,CLIENT_X - Netherlands,HTTP Cookie,bench_new_T3_32482,,0,TRUE,https://www.CLIENT_X.nl/c-p/HX9552_33/-/ondersteuning,Existing CM Trackers-Found,,,,,
*.fls.doubleclick.net,Targeted Advertising cookies (including social media),Google Advertising Products,Beacon,_ga_failed_lookup_marker_20_914,,,,,Existing CM Trackers-Not Found,,,,,
www.CLIENT_X.pl,Essential cookies (exempt from consent),CLIENT_X - Poland,HTTP Cookie,kampyleSessionPageCounter,,bench_update_duration,,,Existing CM Trackers-Not Found,,,,,
ssl-static.janraincapture.com,Performance cookies,Akamai,JavaScript,bench_new_T3_32258,,,,,Existing CM Trackers-Not Found,,,,,
lighting.CLIENT_X.nl,Performance cookies,Signify (formerly CLIENT_X Lighting),HTTP Cookie,bench_new_T3_32965,,,,,Existing CM Trackers-Not Found,,,,,
www.led-calculator.coreline.lighting.CLIENT_X.com,Targeted Advertising cookies (including social media),Signify (formerly CLIENT_X Lighting),JavaScript,_ga_failed_lookup_marker_20_918,,,,,Existing CM Trackers-Not Found,,,,,
www.CLIENT_X.ca,Essential cookies (exempt from consent),CLIENT_X - Canada,HTTP Cookie,_scid_r,,bench_update_duration,,,Existing CM Trackers-Not Found,,,,,
*.mktoweb.com,Targeted Advertising cookies (including social media),Marketo,JavaScript,bench_new_T3_32808,,,,,Existing CM Trackers-Not Found,,,,,
labs.iadvize.com,Performance cookies,iAdvize,JavaScript,bench_new_T3_33253,,,TRUE,https://www.CLIENT_X.nl/c-e/ho/recall-perfectcare-8000-9000-elite-series,Existing CM Trackers-Found,,,,,
analytics-fe.digital-cloud-us-main.medallia.com,Performance cookies,Medallia,Beacon,bench_new_T3_33158,,,TRUE,http://www.CLIENT_X.nl/,Existing CM Trackers-Found,,,,,
www.assets.lighting.CLIENT_X.com,Performance cookies,Signify (formerly CLIENT_X Lighting),ETag,bench_new_T3_33288,,,,,Existing CM Trackers-Not Found,,,,,
cdnjs.cloudflare.com,Performance cookies,Cloudflare,ETag,bench_new_T3_33378,,,,,Existing CM Trackers-Not Found,,,,,
CLIENT_X.nl,Essential cookies,CLIENT_X - Netherlands,HTTP Cookie,bench_new_T3_33325,,,,,Existing CM Trackers-Not Found,,,,,
www.CLIENT_X.nl,Essential cookies,CLIENT_X - Netherlands,HTTP Cookie,bench_new_T3_33380,,session,TRUE,https://www.CLIENT_X.nl/c-p/HX9552_33/-/ondersteuning,Existing CM Trackers-Found,,,,,
*.cloudfront.net,Performance cookies,Amazon (Cloudfront),JavaScript,bench_new_T3_33436,,,,https://www.CLIENT_X.nl/shop/NL_ONVZ/login,Existing CM Trackers-Found,,,,,
consent-st.trustarc.com,Essential cookies,TrustArc,JavaScript,_ga_failed_lookup_marker_20_928,,,TRUE,http://www.CLIENT_X.nl/,Existing CM Trackers-Found,,,,,
www.lighting.CLIENT_X.com.co,Essential cookies (exempt from consent),Signify (formerly CLIENT_X Lighting),HTTP Cookie,AWSELBCORS,,0,,,Existing CM Trackers-Not Found,,,,,
maxosfusionconfigurator.lighting.CLIENT_X.com,Targeted Advertising cookies (including social media),Koninklijke CLIENT_X N.V.,Local Storage,bench_new_T3_32892,,,,,Existing CM Trackers-Not Found,,,,,
code.jquery.com,Performance cookies,jQuery,ETag,bench_new_T3_32557,,,,,Existing CM Trackers-Not Found,,,,,
www.CLIENT_X.nl,Essential cookies,CLIENT_X - Netherlands,HTTP Cookie,bench_new_T3_32948,,,,,Existing CM Trackers-Not Found,,,,,
tco.lighting.CLIENT_X.com,Targeted Advertising cookies (including social media),Koninklijke CLIENT_X N.V.,Local Storage,bench_new_T3_33066,,,,,Existing CM Trackers-Not Found,,,,,
www.CLIENT_X.fi,Essential cookies (exempt from consent),CLIENT_X - Finland,HTTP Cookie,kampyleSessionPageCounter,,bench_update_duration,,,Existing CM Trackers-Not Found,,,,,
www.CLIENT_X.com.au,Essential cookies (exempt from consent),CLIENT_X - Australia,HTTP Cookie,kampyleUserPercentile,,bench_update_duration,,https://www.CLIENT_X.nl/c-p/HX9552_33/-/ondersteuning,New First Party Trackers,,,,,
CLIENT_X.nl,Essential cookies,CLIENT_X - Netherlands,HTTP Cookie,bench_new_T3_32898,,365,,https://www.CLIENT_X.nl/c-e/ho/recall-perfectcare-8000-9000-elite-series,New First Party Trackers,,,,,
c.clarity.ms,Performance cookies,Microsoft,HTTP Cookie,_ga_failed_lookup_marker_20_937,,,,,Existing CM Trackers-Not Found,,,,,
s2.go-mpulse.net,Performance cookies,Akamai,JavaScript,bench_new_T3_33160,,,TRUE,http://www.CLIENT_X.nl/,Existing CM Trackers-Found,,,,,
td.yieldify.com,Targeted Advertising cookies (including social media),Yieldify,ETag,bench_new_T3_33178,,,TRUE,http://www.CLIENT_X.nl/,Existing CM Trackers-Found,,,,,
lighting.CLIENT_X.nl,Performance cookies,Signify (formerly CLIENT_X Lighting),HTTP Cookie,bench_new_T3_33060,,,,,Existing CM Trackers-Not Found,,,,,
www.lighting.CLIENT_X.com,Performance cookies,Signify (formerly CLIENT_X Lighting),ETag,bench_new_T3_33542,,,,,Existing CM Trackers-Not Found,,,,,
pages.information.signify.com,Performance cookies,Signify (formerly CLIENT_X Lighting),ETag,bench_new_T3_32300,,,,,Existing CM Trackers-Not Found,,,,,
bat.bing.com,Targeted Advertising cookies (including social media),Microsoft Advertising,JavaScript,_ga_failed_lookup_marker_20_943,,,TRUE,https://www.CLIENT_X.nl/c-e/ho/recall-perfectcare-8000-9000-elite-series,Existing CM Trackers-Found,,,,,
snapchat.com,Targeted Advertising cookies (including social media),Snap Inc.,HTTP Cookie,bench_new_T3_32315,,390,TRUE,https://www.CLIENT_X.nl/c-e/ho/recall-perfectcare-8000-9000-elite-series,Existing CM Trackers-Found,,,,,
nebula-cdn.kampyle.com,Performance cookies,Medallia,JavaScript,bench_new_T3_32047,,,TRUE,http://www.CLIENT_X.nl/,Existing CM Trackers-Found,,,,,
image-cdn-fa.spotifycdn.com,Performance cookies,Spotify,ETag,bench_new_T3_33302,,,,https://www.CLIENT_X.nl/a-w/about/milieu-maatschappij-governance-esg/partnerships/BNR-FD,New Third Party Trackers,,,,,
www.CLIENT_X.nl,Targeted Advertising cookies (including social media),CLIENT_X - Netherlands,HTTP Cookie,bench_new_T3_32709,,,,,Existing CM Trackers-Not Found,,,,,
assets.kampyle.com,Performance cookies,Medallia,ETag,bench_new_T3_32993,,,TRUE,https://www.CLIENT_X.nl/c-f/XC000004829/kan-ik-mijn-dubbele-elektrische-borstkolf-als-enkele-kolf-gebruiken,Existing CM Trackers-Found,,,,,
smetrics.marketing.CLIENT_X-hue.com,Targeted Advertising cookies (including social media),CLIENT_X Hue,JavaScript,bench_new_T3_32590,,,,,Existing CM Trackers-Not Found,,,,,
www.google.com,Targeted Advertising cookies (including social media),Google Inc.,JavaScript,bench_new_T3_33309,,,TRUE,https://www.CLIENT_X.nl/c-e/member,Existing CM Trackers-Found,,,,,
www.abonnementen.CLIENT_X.nl,Essential cookies,CLIENT_X - Netherlands,HTTP Cookie,bench_new_T3_32453,,,,,Existing CM Trackers-Not Found,,,,,
*.t.eloqua.com,Targeted Advertising cookies (including social media),Oracle Marketing,Beacon,bench_new_T3_32314,,,,https://www.CLIENT_X.nl/healthcare,Existing CM Trackers-Found,,,,,
youtube.com,Targeted Advertising cookies (including social media),Google Advertising Products,HTTP Cookie,bench_new_T3_32754,,180,TRUE,https://www.CLIENT_X.nl/c-e/hs/slaapapneu/i-think-i-might-have-sleep-apnea/getting-diagnosed,Existing CM Trackers-Found,,,,,
company-target.com,Targeted Advertising cookies (including social media),"Demandbase, Inc.",HTTP Cookie,_ga_failed_lookup_marker_20_954,,396,TRUE,https://www.CLIENT_X.nl/a-w/about,Existing CM Trackers-Found,,,,,
platform-eu.cloud.coveo.com,Performance cookies,Coveo Solutions Inc.,Beacon,bench_new_T3_32969,,,,,Existing CM Trackers-Not Found,,,,,
www.healthcare.shop.CLIENT_X.nl,Essential cookies,CLIENT_X - Netherlands,HTTP Cookie,bench_new_T3_32259,,,,,Existing CM Trackers-Not Found,,,,,
img.youtube.com,Targeted Advertising cookies (including social media),Google Advertising Products,ETag,bench_new_T3_32513,,,,https://www.CLIENT_X.nl/a-w/CLIENT_X-museum/activiteiten/speciale-activiteiten/de-lamp.html,New Third Party Trackers,,,,,
www.googletagmanager.com,Performance cookies,Google Inc.,Beacon,bench_new_T3_32869,,,TRUE,https://www.CLIENT_X.nl/c-m-au/led-inspectielampen,Existing CM Trackers-Found,,,,,
www.led-calculator.coreline.lighting.CLIENT_X.com,Targeted Advertising cookies (including social media),Signify (formerly CLIENT_X Lighting),JavaScript,bench_new_T3_33104,,,,,Existing CM Trackers-Not Found,,,,,
custom.yieldify.com,Targeted Advertising cookies (including social media),Yieldify,ETag,bench_new_T3_33478,,,TRUE,http://www.CLIENT_X.nl/,Existing CM Trackers-Found,,,,,
CLIENT_X.nl,Essential cookies,CLIENT_X - Netherlands,HTTP Cookie,bench_new_T3_32789,,session,TRUE,https://www.CLIENT_X.nl/c-e/ho/recall-perfectcare-8000-9000-elite-series,Existing CM Trackers-Found,,,,,
www.assets.signify.com,Performance cookies,Signify (formerly CLIENT_X Lighting),ETag,bench_new_T3_33415,,,,,Existing CM Trackers-Not Found,,,,,
CLIENT_X.nl,Essential cookies,CLIENT_X - Netherlands,HTTP Cookie,bench_new_T3_33571,,,,,Existing CM Trackers-Not Found,,,,,
custom.yieldify.com,Targeted Advertising cookies (including social media),Yieldify,JavaScript,bench_new_T3_32207,,,TRUE,http://www.CLIENT_X.nl/,Existing CM Trackers-Found,,,,,
halc.iadvize.com,Performance cookies,iAdvize,ETag,bench_new_T3_32955,,,TRUE,https://www.CLIENT_X.nl/c-e/ho/recall-perfectcare-8000-9000-elite-series,Existing CM Trackers-Found,,,,,
www.crsc.CLIENT_X.com,Targeted Advertising cookies (including social media),Koninklijke CLIENT_X N.V.,ETag,_ga_failed_lookup_marker_20_966,,,TRUE,https://www.CLIENT_X.nl/shop/order-search/search-input,Existing CM Trackers-Found,,,,,
cdn.mouseflow.com,Performance cookies,Mouseflow,ETag,_ga_failed_lookup_marker_20_967,,,TRUE,https://www.CLIENT_X.nl/c-e/pe/mens-grooming-welcome.html,Existing CM Trackers-Found,,,,,
ssl-static.janraincapture.com,Performance cookies,Akamai,JavaScript,bench_new_T3_33583,,,,,Existing CM Trackers-Not Found,,,,,
c.bing.com,Targeted Advertising cookies (including social media),Microsoft Advertising,HTTP Cookie,bench_new_T3_32641,,,,,Existing CM Trackers-Not Found,,,,,
www.CLIENT_X.nl,Essential cookies,CLIENT_X - Netherlands,HTTP Cookie,bench_new_T3_33142,,,,,Existing CM Trackers-Not Found,,,,,
www.CLIENT_X.nl,Essential cookies,CLIENT_X - Netherlands,HTTP Cookie,bench_new_T3_33406,,6,,https://www.CLIENT_X.nl/c-p/HX9552_33/-/ondersteuning,New First Party Trackers,,,,,
static.iadvize.com,Targeted Advertising cookies (including social media),iAdvize,JavaScript,bench_new_T3_33481,,,TRUE,https://www.CLIENT_X.nl/c-e/ho/recall-perfectcare-8000-9000-elite-series,Existing CM Trackers-Found,,,,,
www.abonnementen.CLIENT_X.nl,Essential cookies,CLIENT_X - Netherlands,JavaScript,bench_new_T3_32577,,,,,Existing CM Trackers-Not Found,,,,,
static.iadvize.com,Targeted Advertising cookies (including social media),iAdvize,ETag,bench_new_T3_33334,,,TRUE,https://www.CLIENT_X.nl/c-e/ho/recall-perfectcare-8000-9000-elite-series,Existing CM Trackers-Found,,,,,
cdn.jsdelivr.net,Performance cookies,Volentio JSD Limited,ETag,bench_new_T3_33580,,,,,Existing CM Trackers-Not Found,,,,,
snap.licdn.com,Performance cookies,LinkedIn,JavaScript,bench_new_T3_33460,,,TRUE,https://www.CLIENT_X.nl/c-e/ho/recall-perfectcare-8000-9000-elite-series,Existing CM Trackers-Found,,,,,
www.led-calculator.coreline.lighting.CLIENT_X.com,Targeted Advertising cookies (including social media),Signify (formerly CLIENT_X Lighting),ETag,bench_new_T3_32173,,,,,Existing CM Trackers-Not Found,,,,,
CLIENT_X.nl,Essential cookies,CLIENT_X - Netherlands,HTTP Cookie,bench_new_T3_32705,,,,,Existing CM Trackers-Not Found,,,,,
www.CLIENT_X.com.vn,Essential cookies (exempt from consent),CLIENT_X - Vietnam,HTTP Cookie,fl_qualified_entry,,bench_update_duration,,,Existing CM Trackers-Not Found,,,,,
CLIENT_X.nl,Essential cookies,CLIENT_X - Netherlands,HTTP Cookie,_ga_failed_lookup_marker_20_980,,393,TRUE,https://www.CLIENT_X.nl/c-e/ho/recall-perfectcare-8000-9000-elite-series,Existing CM Trackers-Found,,,,,
www.abonnementen.CLIENT_X.nl,Essential cookies,CLIENT_X - Netherlands,JavaScript,bench_new_T3_32348,,,,,Existing CM Trackers-Not Found,,,,,
tremorhub.com,Targeted Advertising cookies (including social media),"Magnite CTV, Inc.",HTTP Cookie,bench_new_T3_33383,,365,TRUE,https://www.CLIENT_X.nl/a-w/about,Existing CM Trackers-Found,,,,,
assets.adobedtm.com,Performance cookies,Adobe Inc.,JavaScript,_ga_failed_lookup_marker_20_983,,,,,Existing CM Trackers-Not Found,,,,,
CLIENT_X.co.uk,Targeted Advertising cookies (including social media),CLIENT_X - United Kingdom,Local Storage,_ga_failed_lookup_marker_20_984,,,,,Existing CM Trackers-Not Found,,,,,
CLIENT_X.nl,Essential cookies,CLIENT_X - Netherlands,HTTP Cookie,bench_new_T3_32846,,365,TRUE,https://www.CLIENT_X.nl/c-e/ho/recall-perfectcare-8000-9000-elite-series,Existing CM Trackers-Found,,,,,
www.abonnementen.CLIENT_X.nl,Essential cookies,CLIENT_X - Netherlands,HTTP Cookie,bench_new_T3_32782,,,,,Existing CM Trackers-Not Found,,,,,
tr.snapchat.com,Targeted Advertising cookies (including social media),Snap Inc.,Beacon,bench_new_T3_32165,,,TRUE,https://www.CLIENT_X.nl/c-e/ho/recall-perfectcare-8000-9000-elite-series,Existing CM Trackers-Found,,,,,
*.akstat.io,Performance cookies,Akamai,Beacon,bench_new_T3_32177,,,,https://www.CLIENT_X.nl/c-p/HX4046_52/4100-rechargeable-toothbrush,Existing CM Trackers-Found,,,,,
www.assets.lighting.CLIENT_X.com,Performance cookies,Signify (formerly CLIENT_X Lighting),ETag,bench_new_T3_33003,,,,,Existing CM Trackers-Not Found,,,,,
CLIENT_X.nl,Essential cookies,CLIENT_X - Netherlands,HTTP Cookie,_ga_failed_lookup_marker_20_990,,session,TRUE,https://www.CLIENT_X.nl/c-e/ho/recall-perfectcare-8000-9000-elite-series,Existing CM Trackers-Found,,,,,
CLIENT_X.nl,Performance cookies,CLIENT_X - Netherlands,HTTP Cookie,bench_new_T3_32499,,,,,Existing CM Trackers-Not Found,,,,,
code.jquery.com,Performance cookies,jQuery,ETag,bench_new_T3_32638,,,,,Existing CM Trackers-Not Found,,,,,
CLIENT_X.bg,Essential cookies (exempt from consent),CLIENT_X - Bulgaria,HTTP Cookie,mboxEdgeCluster,,bench_update_duration,,,Existing CM Trackers-Not Found,,,,,
www.CLIENT_X.co.uk,Performance cookies,CLIENT_X - United Kingdom,ETag,bench_new_T3_33290,,,,,Existing CM Trackers-Not Found,,,,,
tco.lighting.CLIENT_X.com,Targeted Advertising cookies (including social media),Koninklijke CLIENT_X N.V.,Local Storage,_ga_failed_lookup_marker_20_995,,,,,Existing CM Trackers-Not Found,,,,,
www.healthcare.shop.CLIENT_X.nl,Essential cookies,CLIENT_X - Netherlands,JavaScript,bench_new_T3_32941,,,,,Existing CM Trackers-Not Found,,,,,
munchkin.marketo.net,Targeted Advertising cookies (including social media),Marketo,JavaScript,bench_new_T3_32583,,,,,Existing CM Trackers-Not Found,,,,,
CLIENT_X.nl,Essential cookies,CLIENT_X - Netherlands,HTTP Cookie,bench_new_T3_33183,,0,TRUE,https://www.CLIENT_X.nl/c-e/ho/recall-perfectcare-8000-9000-elite-series,Existing CM Trackers-Found,,,,,
www.abonnementen.CLIENT_X.nl,Essential cookies,CLIENT_X - Netherlands,HTTP Cookie,bench_new_T3_32690,,,,,Existing CM Trackers-Not Found,,,,,
lighting.CLIENT_X.nl,Essential cookies,Signify (formerly CLIENT_X Lighting),HTTP Cookie,bench_new_T3_33016,,,,,Existing CM Trackers-Not Found,,,,,
image-cdn-ak.spotifycdn.com,Performance cookies,Spotify,ETag,bench_new_T3_33133,,,,https://www.CLIENT_X.nl/a-w/about/milieu-maatschappij-governance-esg/partnerships/BNR-FD,New Third Party Trackers,,,,,
www.CLIENT_X.nl,Essential cookies,CLIENT_X - Netherlands,HTTP Cookie,bench_new_T3_32123,,365,TRUE,https://www.CLIENT_X.nl/c-p/HX9552_33/-/ondersteuning,Existing CM Trackers-Found,,,,,
CLIENT_X.nl,Essential cookies,CLIENT_X - Netherlands,HTTP Cookie,bench_new_T3_33441,,90,,https://www.CLIENT_X.nl/c-e/ho/recall-perfectcare-8000-9000-elite-series,New First Party Trackers,,,,,
c.clarity.ms,Performance cookies,Microsoft,HTTP Cookie,bench_new_T3_33228,,,,,Existing CM Trackers-Not Found,,,,,
CLIENT_X.janrainsso.com,Performance cookies,Akamai,Local Storage,bench_new_T3_33377,,,,https://www.CLIENT_X.nl/shop/NL_ONVZ/login,New Third Party Trackers,,,,,
www.crsc.lighting.CLIENT_X.com,Performance cookies,Signify (formerly CLIENT_X Lighting),JavaScript,_ga_failed_lookup_marker_20_1006,,,,,Existing CM Trackers-Not Found,,,,,
assets.kampyle.com,Performance cookies,Medallia,ETag,bench_new_T3_33448,,,TRUE,https://www.CLIENT_X.nl/c-f/XC000004829/kan-ik-mijn-dubbele-elektrische-borstkolf-als-enkele-kolf-gebruiken,Existing CM Trackers-Found,,,,,
spotify.com,Performance cookies,Spotify,HTTP Cookie,bench_new_T3_32650,,1,,https://www.CLIENT_X.nl/a-w/about/milieu-maatschappij-governance-esg/partnerships/BNR-FD,New Third Party Trackers,,,,,
www.CLIENT_X.nl,Essential cookies,CLIENT_X - Netherlands,HTTP Cookie,bench_new_T3_32082,,session,TRUE,https://www.CLIENT_X.nl/c-p/HX9552_33/-/ondersteuning,Existing CM Trackers-Found,,,,,
www.CLIENT_X.nl,Essential cookies,CLIENT_X - Netherlands,HTTP Cookie,bench_new_T3_32554,,0,TRUE,https://www.CLIENT_X.nl/c-p/HX9552_33/-/ondersteuning,Existing CM Trackers-Found,,,,,
www.static.accounts.CLIENT_X.com,Essential cookies,Koninklijke CLIENT_X N.V.,JavaScript,bench_new_T3_32607,,,,,Existing CM Trackers-Not Found,,,,,
www.CLIENT_X.nl,Essential cookies,CLIENT_X - Netherlands,HTTP Cookie,bench_new_T3_32322,,365,TRUE,https://www.CLIENT_X.nl/c-p/HX9552_33/-/ondersteuning,Existing CM Trackers-Found,,,,,
CLIENT_X.nl,Essential cookies,CLIENT_X - Netherlands,HTTP Cookie,bench_new_T3_32323,,390,TRUE,https://www.CLIENT_X.nl/c-e/ho/recall-perfectcare-8000-9000-elite-series,Existing CM Trackers-Found,,,,,
www.CLIENT_X.nl,Essential cookies,CLIENT_X - Netherlands,HTTP Cookie,bench_new_T3_33058,,30,,https://www.CLIENT_X.nl/c-p/HX9552_33/-/ondersteuning,New First Party Trackers,,,,,
CLIENT_X.112.2o7.net,Performance cookies,"Adobe Audience Manager, Adobe Experience Cloud",HTTP Cookie,bench_new_T3_32714,,400,,https://www.CLIENT_X.nl/a-w/about,New Third Party Trackers,,,,,
www.abonnementen.CLIENT_X.nl,Performance cookies,CLIENT_X - Netherlands,HTTP Cookie,bench_new_T3_32601,,,,,Existing CM Trackers-Not Found,,,,,
CLIENT_X.nl,Essential cookies,CLIENT_X - Netherlands,HTTP Cookie,bench_new_T3_33277,,0,TRUE,https://www.CLIENT_X.nl/c-e/ho/recall-perfectcare-8000-9000-elite-series,Existing CM Trackers-Found,,,,,
casalemedia.com,Targeted Advertising cookies (including social media),Index Exchange Inc.,HTTP Cookie,bench_new_T3_33587,,90,TRUE,https://www.CLIENT_X.nl/a-w/about,Existing CM Trackers-Found,,,,,
www.maxosfusionconfigurator.lighting.CLIENT_X.com,Performance cookies,Koninklijke CLIENT_X N.V.,JavaScript,bench_new_T3_33226,,,,,Existing CM Trackers-Not Found,,,,,
www.CLIENT_X.com,Targeted Advertising cookies (including social media),Koninklijke CLIENT_X N.V.,ETag,bench_new_T3_33560,,,,https://www.CLIENT_X.nl/a-w/about/nieuws-achtergronden/alle-artikelen.html,New Third Party Trackers,,,,,
embed-cdn.spotifycdn.com,Performance cookies,Spotify,ETag,bench_new_T3_33466,,,,https://www.CLIENT_X.nl/a-w/about/milieu-maatschappij-governance-esg/partnerships/BNR-FD,New Third Party Trackers,,,,,
www.CLIENT_X.si,Essential cookies (exempt from consent),CLIENT_X - Slovenia,HTTP Cookie,p-hc-catg,,,,https://www.CLIENT_X.nl/healthcare,Existing CM Trackers-Found,,,,,
io2.vtex.com,Performance Cookies [Requires consent],VTEX,JavaScript,-,,,,,Existing CM Trackers-Not Found,,,,,
*.online-metrix.net,Performance cookies,LexisNexis Risk Solutions (formerly ThreatMetrix),Beacon,_ga_failed_lookup_marker_20_1024,,,,http://www.CLIENT_X.nl/,Existing CM Trackers-Found,,,,,
X.XXX-XX-XXX.salesforceliveagent.com,Targeted Advertising Cookies (including social media) [Requires consent],"salesforce.com, inc.",JavaScript,-,,bench_update_duration,,https://www.CLIENT_X.nl/c-e/shop/checkout,New Third Party Trackers,,,,,
www.CLIENT_X.nl,Essential cookies,CLIENT_X - Netherlands,HTTP Cookie,bench_new_T3_32591,,,,,Existing CM Trackers-Not Found,,,,,
www.lighting.CLIENT_X.com,Performance cookies,Signify (formerly CLIENT_X Lighting),JavaScript,bench_new_T3_33582,,,,,Existing CM Trackers-Not Found,,,,,
consent-st.trustarc.com,Essential cookies,TrustArc,JavaScript,bench_new_T3_32772,,,TRUE,http://www.CLIENT_X.nl/,Existing CM Trackers-Found,,,,,
www.maxosfusionconfigurator.lighting.CLIENT_X.com,Performance cookies,Koninklijke CLIENT_X N.V.,ETag,bench_new_T3_33011,,,,,Existing CM Trackers-Not Found,,,,,
scripts.clarity.ms,Performance cookies,Microsoft,ETag,bench_new_T3_33136,,,,https://www.CLIENT_X.nl/c-e/ho/recall-perfectcare-8000-9000-elite-series,New Third Party Trackers,,,,,
www.CLIENT_X.nl,Essential cookies,CLIENT_X - Netherlands,JavaScript,bench_new_T3_33530,,,TRUE,http://www.CLIENT_X.nl/,Existing CM Trackers-Found,,,,,
encore.scdn.co,Performance cookies,Spotify,ETag,bench_new_T3_32158,,,,https://www.CLIENT_X.nl/a-w/about/milieu-maatschappij-governance-esg/partnerships/BNR-FD,New Third Party Trackers,,,,,
CLIENT_X.nl,Essential cookies,CLIENT_X - Netherlands,HTTP Cookie,bench_new_T3_32488,,90,,https://www.CLIENT_X.nl/c-e/ho/recall-perfectcare-8000-9000-elite-series,New First Party Trackers,,,,,
ct.pinterest.com,Targeted Advertising cookies (including social media),Pinterest,ETag,bench_new_T3_32172,,,,,Existing CM Trackers-Not Found,,,,,
CLIENT_X.janrainsso.com,Performance cookies,Akamai,Local Storage,bench_new_T3_33045,,,,https://www.CLIENT_X.nl/shop/NL_ONVZ/login,New Third Party Trackers,,,,,
CLIENT_X.nl,Essential cookies,CLIENT_X - Netherlands,HTTP Cookie,bench_new_T3_32175,,0,TRUE,https://www.CLIENT_X.nl/c-e/ho/recall-perfectcare-8000-9000-elite-series,Existing CM Trackers-Found,,,,,
www.assets.signify.com,Performance cookies,Signify (formerly CLIENT_X Lighting),ETag,bench_new_T3_32216,,,,,Existing CM Trackers-Not Found,,,,,
www.CLIENT_X.hu,Essential cookies (exempt from consent),CLIENT_X - Hungary,HTTP Cookie,_yi,,,TRUE,https://www.CLIENT_X.nl/c-p/HX9992_12/sonicare-9900-prestige-elektrische-tandenborstel-met-senseiq,Existing CM Trackers-Found,,,,,
cdn.jsdelivr.net,Performance Cookies [Requires consent],Volentio JSD Limited,ETag,-,,,,,Existing CM Trackers-Not Found,,,,,
snap.licdn.com,Performance cookies,LinkedIn,JavaScript,bench_new_T3_32242,,,TRUE,https://www.CLIENT_X.nl/c-e/ho/recall-perfectcare-8000-9000-elite-series,Existing CM Trackers-Found,,,,,
adservice.google.com,Targeted Advertising cookies (including social media),Google Advertising Products,Beacon,bench_new_T3_33402,,,TRUE,http://www.CLIENT_X.nl/,Existing CM Trackers-Found,,,,,
*.fls.doubleclick.net,Targeted Advertising cookies (including social media),Google Advertising Products,Beacon,bench_new_T3_33057,,,,,Existing CM Trackers-Not Found,,,,,
embed-cdn.spotifycdn.com,Performance cookies,Spotify,ETag,bench_new_T3_32833,,,,https://www.CLIENT_X.nl/a-w/about/milieu-maatschappij-governance-esg/partnerships/BNR-FD,New Third Party Trackers,,,,,
CLIENT_X.ma,Essential cookies (exempt from consent),CLIENT_X - Morocco,HTTP Cookie,s_pv,,90,,https://www.CLIENT_X.nl/c-e/ho/recall-perfectcare-8000-9000-elite-series,New First Party Trackers,,,,,
accounts.CLIENT_X.com,Performance cookies,Koninklijke CLIENT_X N.V.,HTTP Cookie,bench_new_T3_32742,,,,,Existing CM Trackers-Not Found,,,,,
www.lighting.CLIENT_X.com,Performance cookies,Signify (formerly CLIENT_X Lighting),JavaScript,bench_new_T3_32340,,,,,Existing CM Trackers-Not Found,,,,,
www.CLIENT_X.nl,Essential cookies,CLIENT_X - Netherlands,HTTP Cookie,bench_new_T3_32868,,0,TRUE,https://www.CLIENT_X.nl/c-p/HX9552_33/-/ondersteuning,Existing CM Trackers-Found,,,,,
consent-pref.trustarc.com,Essential cookies,TrustArc,Local Storage,bench_new_T3_33353,,,TRUE,https://www.CLIENT_X.nl/a-w/about,Existing CM Trackers-Found,,,,,
www.CLIENT_X.nl,Essential cookies,CLIENT_X - Netherlands,HTTP Cookie,bench_new_T3_33050,,,,,Existing CM Trackers-Not Found,,,,,
ct.pinterest.com,Targeted Advertising cookies (including social media),Pinterest,JavaScript,bench_new_T3_32665,,,,,Existing CM Trackers-Not Found,,,,,
www.ledsavingscalculator.CLIENT_X.co.uk,Performance cookies,Signify (formerly CLIENT_X Lighting),ETag,bench_new_T3_32985,,,,,Existing CM Trackers-Not Found,,,,,
consent-pref.trustarc.com,Essential cookies,TrustArc,JavaScript,_ga_failed_lookup_marker_20_1052,,,TRUE,http://www.CLIENT_X.nl/,Existing CM Trackers-Found,,,,,
cdn.aplazo.mx,Performance Cookies [Requires consent],Aplazo,ETag,-,,bench_update_duration,,https://www.CLIENT_X.nl/c-p/HX9552_33/-/ondersteuning,New First Party Trackers,,,,,
CLIENT_X.ae,Essential cookies (exempt from consent),CLIENT_X - Middle East Arab,HTTP Cookie,at_check,,,,,Existing CM Trackers-Not Found,,,,,
c.amazon-adsystem.com,Targeted Advertising cookies (including social media),Amazon Ads,JavaScript,bench_new_T3_32849,,,TRUE,http://www.CLIENT_X.nl/,Existing CM Trackers-Found,,,,,
www.lighting.CLIENT_X.nl,Essential cookies,Signify (formerly CLIENT_X Lighting),HTTP Cookie,bench_new_T3_32486,,,,,Existing CM Trackers-Not Found,,,,,
CLIENT_X.nl,Essential cookies,CLIENT_X - Netherlands,HTTP Cookie,bench_new_T3_32692,,session,TRUE,https://www.CLIENT_X.nl/c-e/ho/recall-perfectcare-8000-9000-elite-series,Existing CM Trackers-Found,,,,,
www.respirtech.com,Essential cookies (exempt from consent),RespirTech,HTTP Cookie,__attentive_pv,,bench_update_duration,TRUE,https://www.CLIENT_X.nl/c-p/HX9552_33/-/ondersteuning,Existing CM Trackers-Found,,,,,
labs.iadvize.com,Performance cookies,iAdvize,ETag,bench_new_T3_32596,,,TRUE,https://www.CLIENT_X.nl/c-e/ho/recall-perfectcare-8000-9000-elite-series,Existing CM Trackers-Found,,,,,
www.CLIENT_X.co.za,Essential cookies (exempt from consent),CLIENT_X - South Africa,HTTP Cookie,kampyleUserPercentile,,bench_update_duration,,,Existing CM Trackers-Not Found,,,,,
www.abonnementen.CLIENT_X.nl,Essential cookies,CLIENT_X - Netherlands,HTTP Cookie,_ga_failed_lookup_marker_20_1061,,,,,Existing CM Trackers-Not Found,,,,,
www.facebook.com,Targeted Advertising cookies (including social media),Meta (formerly Facebook),Beacon,bench_new_T3_32581,,,TRUE,http://www.CLIENT_X.nl/,Existing CM Trackers-Found,,,,,
www.CLIENT_X.rs,Essential cookies (exempt from consent),CLIENT_X - Serbia,HTTP Cookie,eddl_itc_list,,bench_update_duration,TRUE,https://www.CLIENT_X.nl/c-p/HX9552_33/-/ondersteuning,Existing CM Trackers-Found,,,,,
s.pinimg.com,Targeted Advertising cookies (including social media),Pinterest,JavaScript,bench_new_T3_33204,,,,,Existing CM Trackers-Not Found,,,,,
www.clarity.ms,Performance Cookies [Requires consent],Microsoft,Beacon,-,,bench_update_duration,TRUE,https://www.CLIENT_X.nl/c-e/ho/recall-perfectcare-8000-9000-elite-series,Existing CM Trackers-Found,,,,,
CLIENT_Xtest.scene7.com,Performance cookies,Adobe Experience Cloud - Experience Manager,ETag,bench_new_T3_32168,,,TRUE,https://www.CLIENT_X.nl/c-u/at_book_767510/Gebruikersaanwijzing_CLIENT_XOneBlade,Existing CM Trackers-Found,,,,,
www.youtube.com,Targeted Advertising cookies (including social media),Google Advertising Products,JavaScript,bench_new_T3_33484,,,TRUE,https://www.CLIENT_X.nl/c-e/hs/slaapapneu/i-think-i-might-have-sleep-apnea/getting-diagnosed,Existing CM Trackers-Found,,,,,
lighting.CLIENT_X.nl,Essential cookies,Signify (formerly CLIENT_X Lighting),HTTP Cookie,bench_new_T3_33596,,,,,Existing CM Trackers-Not Found,,,,,
www.lighting.CLIENT_X.nl,Essential cookies,Signify (formerly CLIENT_X Lighting),HTTP Cookie,_ga_failed_lookup_marker_20_1069,,,,,Existing CM Trackers-Not Found,,,,,
www.healthcare.shop.CLIENT_X.nl,Essential cookies,CLIENT_X - Netherlands,HTTP Cookie,bench_new_T3_32215,,,,,Existing CM Trackers-Not Found,,,,,
consent.trustarc.com,Essential cookies,TrustArc,Beacon,bench_new_T3_32008,,,TRUE,http://www.CLIENT_X.nl/,Existing CM Trackers-Found,,,,,
ajax.googleapis.com,Performance cookies,Google Inc.,JavaScript,bench_new_T3_32284,,,,,Existing CM Trackers-Not Found,,,,,
www.tienda.CLIENT_X.com.ar,Essential cookies (exempt from consent),CLIENT_X - Argentina,HTTP Cookie,VtexRCSessionIdv7,,bench_update_duration,,https://www.CLIENT_X.nl/c-e/ho/recall-perfectcare-8000-9000-elite-series,New First Party Trackers,,,,,
www.CLIENT_X.nl,Performance cookies,CLIENT_X - Netherlands,HTTP Cookie,bench_new_T3_32354,,,,,Existing CM Trackers-Not Found,,,,,
fonts.yieldify-production.com,Targeted Advertising cookies (including social media),Yieldify,ETag,bench_new_T3_33391,,,,,Existing CM Trackers-Not Found,,,,,
static.iadvize.com,Targeted Advertising cookies (including social media),iAdvize,ETag,bench_new_T3_33051,,,TRUE,https://www.CLIENT_X.nl/c-e/ho/recall-perfectcare-8000-9000-elite-series,Existing CM Trackers-Found,,,,,
CLIENT_X.nl,Essential cookies,CLIENT_X - Netherlands,HTTP Cookie,bench_new_T3_32506,,400,TRUE,https://www.CLIENT_X.nl/c-e/ho/recall-perfectcare-8000-9000-elite-series,Existing CM Trackers-Found,,,,,
c.clarity.ms,Performance cookies,Microsoft,HTTP Cookie,bench_new_T3_33456,,,,,Existing CM Trackers-Not Found,,,,,
CLIENT_X.com.co,Essential cookies (exempt from consent),CLIENT_X - Colombia,HTTP Cookie,FPID,,bench_update_duration,TRUE,https://www.CLIENT_X.nl/c-p/HX9552_33/-/ondersteuning,Existing CM Trackers-Found,,,,,
s.pinimg.com,Targeted Advertising cookies (including social media),Pinterest,ETag,bench_new_T3_32972,,,,,Existing CM Trackers-Not Found,,,,,
www.CLIENT_X.nl,Essential cookies,CLIENT_X - Netherlands,HTTP Cookie,bench_new_T3_32603,,0,TRUE,https://www.CLIENT_X.nl/c-p/HX9552_33/-/ondersteuning,Existing CM Trackers-Found,,,,,
s.pinimg.com,Targeted Advertising cookies (including social media),Pinterest,ETag,bench_new_T3_32144,,,,,Existing CM Trackers-Not Found,,,,,
CLIENT_X.nl,Essential cookies,CLIENT_X - Netherlands,HTTP Cookie,bench_new_T3_33097,,0,TRUE,https://www.CLIENT_X.nl/c-e/ho/recall-perfectcare-8000-9000-elite-series,Existing CM Trackers-Found,,,,,
CLIENT_X.ru,Essential cookies (exempt from consent),CLIENT_X - Russia,HTTP Cookie,_fbp,,bench_update_duration,,https://www.CLIENT_X.nl/a-w/about,Existing CM Trackers-Found,,,,,
doubleclick.net,Targeted Advertising cookies (including social media),Google Advertising Products,HTTP Cookie,bench_new_T3_32033,,0,TRUE,https://www.CLIENT_X.nl/a-w/about,Existing CM Trackers-Found,,,,,
CLIENT_X.nl,Essential cookies,CLIENT_X - Netherlands,HTTP Cookie,bench_new_T3_33267,,,,,Existing CM Trackers-Not Found,,,,,
www.terracycle.com,Essential cookies,TerraCycle,JavaScript,_ga_failed_lookup_marker_20_1087,,,,,Existing CM Trackers-Not Found,,,,,
lighting.CLIENT_X.com.sg,Essential cookies (exempt from consent),Signify (formerly CLIENT_X Lighting),HTTP Cookie,com.adobe.alloy.getTld,,bench_update_duration,TRUE,http://www.CLIENT_X.nl/,Existing CM Trackers-Found,,,,,
*.t.eloqua.com,Targeted Advertising cookies (including social media),Oracle Marketing,JavaScript,bench_new_T3_32432,,,,https://www.CLIENT_X.nl/healthcare/consulting/clinical-service-modelling,Existing CM Trackers-Found,,,,,
demdex.net,Targeted Advertising cookies (including social media),"Adobe Audience Manager, Adobe Experience Platform",HTTP Cookie,bench_new_T3_33358,,,,,Existing CM Trackers-Not Found,,,,,
www.CLIENT_X.nl,Essential cookies,CLIENT_X - Netherlands,HTTP Cookie,bench_new_T3_33561,,,,,Existing CM Trackers-Not Found,,,,,
CLIENT_X.nl,Essential cookies,CLIENT_X - Netherlands,HTTP Cookie,bench_new_T3_32507,,60,TRUE,https://www.CLIENT_X.nl/c-e/ho/recall-perfectcare-8000-9000-elite-series,Existing CM Trackers-Found,,,,,
CLIENT_X.nl,Essential cookies,CLIENT_X - Netherlands,HTTP Cookie,bench_new_T3_33126,,,,,Existing CM Trackers-Not Found,,,,,
CLIENT_X.nl,Essential cookies,CLIENT_X - Netherlands,HTTP Cookie,bench_new_T3_32293,,90,TRUE,https://www.CLIENT_X.nl/c-e/ho/recall-perfectcare-8000-9000-elite-series,Existing CM Trackers-Found,,,,,
tiktok.com,Targeted Advertising cookies (including social media),TikTok,HTTP Cookie,bench_new_T3_32292,,90,TRUE,https://www.CLIENT_X.nl/a-w/about,Existing CM Trackers-Found,,,,,
munchkin.marketo.net,Targeted Advertising cookies (including social media),Marketo,JavaScript,bench_new_T3_32781,,,,,Existing CM Trackers-Not Found,,,,,
s.pinimg.com,Targeted Advertising cookies (including social media),Pinterest,JavaScript,bench_new_T3_33591,,,,,Existing CM Trackers-Not Found,,,,,
bat.bing.com,Targeted Advertising cookies (including social media),Microsoft Advertising,ETag,bench_new_T3_32697,,,TRUE,https://www.CLIENT_X.nl/c-e/ho/recall-perfectcare-8000-9000-elite-series,Existing CM Trackers-Found,,,,,
ct.pinterest.com,Targeted Advertising cookies (including social media),Pinterest,JavaScript,_ga_failed_lookup_marker_20_1099,,,,,Existing CM Trackers-Not Found,,,,,
www.CLIENT_X.nl,Essential cookies,CLIENT_X - Netherlands,HTTP Cookie,bench_new_T3_33241,,30,,https://www.CLIENT_X.nl/c-p/HX9552_33/-/ondersteuning,New First Party Trackers,,,,,
CLIENT_X.com.tr,Essential cookies (exempt from consent),CLIENT_X - Turkey,HTTP Cookie,at_check,,bench_update_duration,,,Existing CM Trackers-Not Found,,,,,
code.jquery.com,Performance cookies,jQuery,ETag,bench_new_T3_32271,,,,,Existing CM Trackers-Not Found,,,,,
eloqua.com,Targeted Advertising cookies (including social media),Oracle Marketing,HTTP Cookie,_ga_failed_lookup_marker_20_1103,,392,TRUE,https://www.CLIENT_X.nl/healthcare,Existing CM Trackers-Found,,,,,
*.cloudfront.net,Performance cookies,Amazon (Cloudfront),ETag,bench_new_T3_33352,,,,https://www.CLIENT_X.nl/shop/NL_ONVZ/login,Existing CM Trackers-Found,,,,,
CLIENT_Xb2c.my.site.com,Performance cookies,"Salesforce.com, Inc.",Local Storage,bench_new_T3_33185,,,TRUE,https://www.CLIENT_X.nl/c-w/consumenten-ondersteuning/support-contact-page,Existing CM Trackers-Found,,,,,
ct.pinterest.com,Targeted Advertising cookies (including social media),Pinterest,JavaScript,bench_new_T3_33367,,,,,Existing CM Trackers-Not Found,,,,,
www.abonnementen.CLIENT_X.nl,Essential cookies,CLIENT_X - Netherlands,HTTP Cookie,bench_new_T3_32048,,,,,Existing CM Trackers-Not Found,,,,,
CLIENT_X.nl,Essential cookies,CLIENT_X - Netherlands,HTTP Cookie,bench_new_T3_32964,,90,,https://www.CLIENT_X.nl/c-e/ho/recall-perfectcare-8000-9000-elite-series,New First Party Trackers,,,,,
halc.iadvize.com,Performance cookies,iAdvize,ETag,bench_new_T3_33363,,,TRUE,https://www.CLIENT_X.nl/c-e/ho/recall-perfectcare-8000-9000-elite-series,Existing CM Trackers-Found,,,,,
www.CLIENT_X.nl,Essential cookies,CLIENT_X - Netherlands,HTTP Cookie,bench_new_T3_32116,,,,,Existing CM Trackers-Not Found,,,,,
www.CLIENT_X.nl,Essential cookies,CLIENT_X - Netherlands,HTTP Cookie,bench_new_T3_32644,,365,TRUE,https://www.CLIENT_X.nl/c-p/HX9552_33/-/ondersteuning,Existing CM Trackers-Found,,,,,
www.abonnementen.CLIENT_X.nl,Essential cookies,CLIENT_X - Netherlands,HTTP Cookie,bench_new_T3_32466,,,,,Existing CM Trackers-Not Found,,,,,
casalemedia.com,Targeted Advertising cookies (including social media),Index Exchange Inc.,HTTP Cookie,bench_new_T3_33514,,365,TRUE,https://www.CLIENT_X.nl/a-w/about,Existing CM Trackers-Found,,,,,
c.clarity.ms,Performance cookies,Microsoft,HTTP Cookie,bench_new_T3_32956,,,,,Existing CM Trackers-Not Found,,,,,
www.CLIENT_X.nl,Essential cookies,CLIENT_X - Netherlands,HTTP Cookie,bench_new_T3_33194,,0,TRUE,https://www.CLIENT_X.nl/c-p/HX9552_33/-/ondersteuning,Existing CM Trackers-Found,,,,,
CLIENT_X.nl,Essential cookies,CLIENT_X - Netherlands,HTTP Cookie,_ga_failed_lookup_marker_20_1116,,,,https://www.CLIENT_X.nl/c-e/ho/recall-perfectcare-8000-9000-elite-series,Existing CM Trackers-Not Found,,,,,
CLIENT_X.nl,Essential cookies,CLIENT_X - Netherlands,HTTP Cookie,_ga_failed_lookup_marker_20_1117,,,,,Existing CM Trackers-Not Found,,,,,
snap.licdn.com,Performance cookies,LinkedIn,JavaScript,bench_new_T3_32139,,,TRUE,https://www.CLIENT_X.nl/c-e/ho/recall-perfectcare-8000-9000-elite-series,Existing CM Trackers-Found,,,,,
widget-cdn.janraincapture.com,Performance cookies,Akamai,JavaScript,bench_new_T3_33574,,,,,Existing CM Trackers-Not Found,,,,,
consent-st.trustarc.com,Essential cookies,TrustArc,JavaScript,bench_new_T3_33347,,,TRUE,http://www.CLIENT_X.nl/,Existing CM Trackers-Found,,,,,
www.lighting.CLIENT_X.lt,Essential cookies (exempt from consent),Signify (formerly CLIENT_X Lighting),HTTP Cookie,AWSELB,,0,TRUE,https://www.CLIENT_X.nl/c-p/HX9552_33/-/ondersteuning,Existing CM Trackers-Found,,,,,
www.CLIENT_X.nl,Essential cookies,CLIENT_X - Netherlands,HTTP Cookie,bench_new_T3_32393,,,,,Existing CM Trackers-Not Found,,,,,
CLIENT_X.nl,Essential cookies,CLIENT_X - Netherlands,HTTP Cookie,bench_new_T3_32265,,393,TRUE,https://www.CLIENT_X.nl/c-e/ho/recall-perfectcare-8000-9000-elite-series,Existing CM Trackers-Found,,,,,
www.CLIENT_X.co.za,Essential cookies (exempt from consent),CLIENT_X - South Africa,JavaScript,blank (java),,bench_update_duration,TRUE,https://www.CLIENT_X.nl/c-e/ho/recall-perfectcare-8000-9000-elite-series,Existing CM Trackers-Found,,,,,
doubleclick.net,Targeted Advertising cookies (including social media),Google Advertising Products,HTTP Cookie,_ga_failed_lookup_marker_20_1125,,,,,Existing CM Trackers-Not Found,,,,,
www.CLIENT_X-hue.com,Performance cookies,CLIENT_X Hue,ETag,bench_new_T3_32094,,,,,Existing CM Trackers-Not Found,,,,,
www.conversiontool.lighting.CLIENT_X.com,Targeted Advertising cookies (including social media),Signify (formerly CLIENT_X Lighting),JavaScript,bench_new_T3_33232,,,,,Existing CM Trackers-Not Found,,,,,
youtube.com,Targeted Advertising cookies (including social media),Google Advertising Products,HTTP Cookie,bench_new_T3_32251,,180,TRUE,https://www.CLIENT_X.nl/c-e/hs/slaapapneu/i-think-i-might-have-sleep-apnea/getting-diagnosed,Existing CM Trackers-Found,,,,,
linkedin.com,Targeted Advertising cookies (including social media),LinkedIn,HTTP Cookie,bench_new_T3_32010,,1,TRUE,https://www.CLIENT_X.nl/c-e/ho/recall-perfectcare-8000-9000-elite-series,Existing CM Trackers-Found,,,,,
www.CLIENT_X.nl,Performance cookies,CLIENT_X - Netherlands,HTTP Cookie,bench_new_T3_32114,,,,,Existing CM Trackers-Not Found,,,,,
sc-static.net,Targeted Advertising cookies (including social media),Snap Inc.,JavaScript,bench_new_T3_32664,,,TRUE,https://www.CLIENT_X.nl/c-e/ho/recall-perfectcare-8000-9000-elite-series,Existing CM Trackers-Found,,,,,
CLIENT_X.nl,Essential cookies,CLIENT_X - Netherlands,HTTP Cookie,bench_new_T3_32919,,session,TRUE,https://www.CLIENT_X.nl/c-e/ho/recall-perfectcare-8000-9000-elite-series,Existing CM Trackers-Found,,,,,
maps.googleapis.com,Performance cookies,Google Inc.,ETag,bench_new_T3_32044,,,TRUE,https://www.CLIENT_X.nl/c-m-au/autoverlichting/store-locator,Existing CM Trackers-Found,,,,,
s.pinimg.com,Targeted Advertising cookies (including social media),Pinterest,ETag,bench_new_T3_32273,,,,,Existing CM Trackers-Not Found,,,,,
spotify.com,Performance cookies,Spotify,HTTP Cookie,_ga_failed_lookup_marker_20_1135,,1,,https://www.CLIENT_X.nl/a-w/about/milieu-maatschappij-governance-esg/partnerships/BNR-FD,New Third Party Trackers,,,,,
h64.online-metrix.net,Performance cookies,LexisNexis Risk Solutions (formerly ThreatMetrix),JavaScript,bench_new_T3_32649,,,,https://www.CLIENT_X.nl/c-p/JC305_50/-,New Third Party Trackers,,,,,
www.CLIENT_X.nl,Essential cookies,CLIENT_X - Netherlands,HTTP Cookie,bench_new_T3_33475,,365,TRUE,https://www.CLIENT_X.nl/c-p/HX9552_33/-/ondersteuning,Existing CM Trackers-Found,,,,,
www.subscription.CLIENT_X.at,Essential cookies (exempt from consent),CLIENT_X - Austria,Local Storage,blank (local storage),,0,TRUE,http://www.CLIENT_X.nl/,Existing CM Trackers-Found,,,,,
pages.information.signify.com,Performance cookies,Signify (formerly CLIENT_X Lighting),ETag,bench_new_T3_32231,,,,,Existing CM Trackers-Not Found,,,,,
c.bing.com,Targeted Advertising cookies (including social media),Microsoft Advertising,HTTP Cookie,bench_new_T3_32593,,,,,Existing CM Trackers-Not Found,,,,,
www.CLIENT_X.nl,Essential cookies,CLIENT_X - Netherlands,HTTP Cookie,bench_new_T3_32703,,0,,https://www.CLIENT_X.nl/c-p/HX9552_33/-/ondersteuning,New First Party Trackers,,,,,
healthcare.shop.CLIENT_X.nl,Essential cookies,CLIENT_X - Netherlands,Local Storage,bench_new_T3_33289,,,,,Existing CM Trackers-Not Found,,,,,
CLIENT_X.co.za,Essential cookies (exempt from consent),CLIENT_X - South Africa,HTTP Cookie,_scid_r,,bench_update_duration,TRUE,https://www.CLIENT_X.nl/c-e/ho/recall-perfectcare-8000-9000-elite-series,Existing CM Trackers-Found,,,,,
assets.kampyle.com,Performance cookies,Medallia,ETag,bench_new_T3_32485,,,TRUE,https://www.CLIENT_X.nl/c-f/XC000004829/kan-ik-mijn-dubbele-elektrische-borstkolf-als-enkele-kolf-gebruiken,Existing CM Trackers-Found,,,,,
CLIENT_X.com,Essential cookies (exempt from consent),Koninklijke CLIENT_X N.V.,HTTP Cookie,bm_sz,,bench_update_duration,TRUE,https://www.CLIENT_X.nl/,Existing CM Trackers-Found,,,,,
CLIENT_X.bg,Essential cookies (exempt from consent),CLIENT_X - Bulgaria,HTTP Cookie,s_cc,,89,,https://www.CLIENT_X.nl/c-p/HX9552_33/-/ondersteuning,New First Party Trackers,,,,,
CLIENT_X.co.uk,Essential cookies (exempt from consent),CLIENT_X - United Kingdom,HTTP Cookie,s_eVar42,,,TRUE,http://www.CLIENT_X.nl/,Existing CM Trackers-Found,,,,,
doubleclick.net,Targeted Advertising cookies (including social media),Google Advertising Products,HTTP Cookie,bench_new_T3_32089,,0,TRUE,https://www.CLIENT_X.nl/a-w/about,Existing CM Trackers-Found,,,,,
embed.podcasts.apple.com,Targeted Advertising cookies (including social media),Apple Inc.,ETag,bench_new_T3_33118,,,,https://www.CLIENT_X.nl/a-w/about/milieu-maatschappij-governance-esg/partnerships/BNR-FD,New Third Party Trackers,,,,,
tag.demandbase.com,Targeted Advertising cookies (including social media),"Demandbase, Inc.",ETag,bench_new_T3_32243,,,TRUE,https://www.CLIENT_X.nl/a-w/about,Existing CM Trackers-Found,,,,,
www.horticulture-partnertool.lighting.CLIENT_X.com,Performance cookies,Signify (formerly CLIENT_X Lighting),JavaScript,bench_new_T3_33512,,,,,Existing CM Trackers-Not Found,,,,,
CLIENT_X.nl,Essential cookies,CLIENT_X - Netherlands,HTTP Cookie,bench_new_T3_32997,,,,https://www.CLIENT_X.nl/c-e/ho/recall-perfectcare-8000-9000-elite-series,Existing CM Trackers-Not Found,,,,,
www.abonnementen.CLIENT_X.nl,Essential cookies,CLIENT_X - Netherlands,HTTP Cookie,bench_new_T3_32001,,,,,Existing CM Trackers-Not Found,,,,,
CLIENT_X.nl,Essential cookies,CLIENT_X - Netherlands,HTTP Cookie,bench_new_T3_32065,,,,,Existing CM Trackers-Not Found,,,,,
www.CLIENT_X.nl,Essential cookies,CLIENT_X - Netherlands,HTTP Cookie,bench_new_T3_32750,,,,,Existing CM Trackers-Not Found,,,,,
CLIENT_X.nl,Essential cookies,CLIENT_X - Netherlands,HTTP Cookie,_ga_failed_lookup_marker_20_1156,,,,,Existing CM Trackers-Not Found,,,,,
cdn.channelsight.com,Essential cookies,ChannelSight,ETag,bench_new_T3_33397,,,TRUE,https://www.CLIENT_X.nl/c-e/so/monitoren/professioneel-gebruik.html,Existing CM Trackers-Found,,,,,
www.clarity.ms,Performance cookies,Microsoft,HTTP Cookie,bench_new_T3_33498,,,,,Existing CM Trackers-Not Found,,,,,
CLIENT_X.nl,Essential cookies,CLIENT_X - Netherlands,HTTP Cookie,bench_new_T3_32725,,90,,https://www.CLIENT_X.nl/c-e/ho/recall-perfectcare-8000-9000-elite-series,New First Party Trackers,,,,,
www.terracycle.com,Essential cookies,TerraCycle,JavaScript,bench_new_T3_32117,,,,,Existing CM Trackers-Not Found,,,,,
assets.adoberesources.net,Performance cookies,Adobe Inc.,JavaScript,bench_new_T3_32624,,,,,Existing CM Trackers-Not Found,,,,,
www.healthcare.shop.CLIENT_X.nl,Essential cookies,CLIENT_X - Netherlands,HTTP Cookie,bench_new_T3_32830,,,,,Existing CM Trackers-Not Found,,,,,
www.assets.lighting.CLIENT_X.com,Performance cookies,Signify (formerly CLIENT_X Lighting),ETag,bench_new_T3_32811,,,,,Existing CM Trackers-Not Found,,,,,
analytics.tiktok.com,Targeted Advertising cookies (including social media),TikTok,JavaScript,bench_new_T3_33215,,,TRUE,http://www.CLIENT_X.nl/,Existing CM Trackers-Found,,,,,
www.abonnementen.CLIENT_X.nl,Essential cookies,CLIENT_X - Netherlands,HTTP Cookie,bench_new_T3_33005,,,,,Existing CM Trackers-Not Found,,,,,
www.crsc.lighting.CLIENT_X.com,Performance cookies,Signify (formerly CLIENT_X Lighting),JavaScript,bench_new_T3_33470,,,,,Existing CM Trackers-Not Found,,,,,
cdn.speedcurve.com,Performance cookies,Speedcurve,JavaScript,bench_new_T3_32631,,,,http://www.CLIENT_X.nl/,New Third Party Trackers,,,,,
lighting.CLIENT_X.nl,Essential cookies,Signify (formerly CLIENT_X Lighting),Local Storage,bench_new_T3_32376,,,,,Existing CM Trackers-Not Found,,,,,
www.abonnementen.CLIENT_X.nl,Essential cookies,CLIENT_X - Netherlands,HTTP Cookie,bench_new_T3_32169,,,,,Existing CM Trackers-Not Found,,,,,
www.healthcare.shop.CLIENT_X.nl,Essential cookies,CLIENT_X - Netherlands,HTTP Cookie,bench_new_T3_33000,,,,,Existing CM Trackers-Not Found,,,,,
www.CLIENT_X.de,Performance cookies,CLIENT_X - Germany,ETag,bench_new_T3_32867,,,,,Existing CM Trackers-Not Found,,,,,
analytics.tiktok.com,Targeted Advertising cookies (including social media),TikTok,JavaScript,bench_new_T3_33020,,,TRUE,http://www.CLIENT_X.nl/,Existing CM Trackers-Found,,,,,
www.healthcare.shop.CLIENT_X.nl,Essential cookies,CLIENT_X - Netherlands,JavaScript,bench_new_T3_32437,,,,,Existing CM Trackers-Not Found,,,,,
clarity.ms,Performance cookies,Microsoft,HTTP Cookie,bench_new_T3_32886,,,,,Existing CM Trackers-Not Found,,,,,
consent.trustarc.com,Essential cookies,TrustArc,JavaScript,bench_new_T3_32178,,,TRUE,http://www.CLIENT_X.nl/,Existing CM Trackers-Found,,,,,
www.CLIENT_X.com,Targeted Advertising cookies (including social media),Koninklijke CLIENT_X N.V.,ETag,bench_new_T3_33437,,,,https://www.CLIENT_X.nl/a-w/about/nieuws-achtergronden/alle-artikelen.html,New Third Party Trackers,,,,,
dpm.demdex.net,Targeted Advertising cookies (including social media),"Adobe Audience Manager, Adobe Experience Platform",HTTP Cookie,bench_new_T3_33188,,,,,Existing CM Trackers-Not Found,,,,,
embed.podcasts.apple.com,Targeted Advertising cookies (including social media),Apple Inc.,JavaScript,bench_new_T3_32994,,,,https://www.CLIENT_X.nl/a-w/about/milieu-maatschappij-governance-esg/partnerships/BNR-FD,New Third Party Trackers,,,,,
c.bing.com,Targeted Advertising cookies (including social media),Microsoft Advertising,HTTP Cookie,bench_new_T3_33035,,,,,Existing CM Trackers-Not Found,,,,,
spotify.com,Performance cookies,Spotify,HTTP Cookie,bench_new_T3_32672,,1,,https://www.CLIENT_X.nl/a-w/about/milieu-maatschappij-governance-esg/partnerships/BNR-FD,New Third Party Trackers,,,,,
sc-static.net,Targeted Advertising cookies (including social media),Snap Inc.,JavaScript,bench_new_T3_32920,,,TRUE,https://www.CLIENT_X.nl/c-e/ho/recall-perfectcare-8000-9000-elite-series,Existing CM Trackers-Found,,,,,
www.maxosfusionconfigurator.lighting.CLIENT_X.com,Performance cookies,Koninklijke CLIENT_X N.V.,JavaScript,_ga_failed_lookup_marker_20_1182,,,,,Existing CM Trackers-Not Found,,,,,
CLIENT_X.co.uk,Essential cookies,CLIENT_X - United Kingdom,HTTP Cookie,bench_new_T3_32075,,,,,Existing CM Trackers-Not Found,,,,,
assets.adoberesources.net,Performance cookies,Adobe Inc.,ETag,bench_new_T3_32853,,,,,Existing CM Trackers-Not Found,,,,,
snapchat.com,Targeted Advertising cookies (including social media),Snap Inc.,HTTP Cookie,bench_new_T3_33256,,390,TRUE,https://www.CLIENT_X.nl/c-e/ho/recall-perfectcare-8000-9000-elite-series,Existing CM Trackers-Found,,,,,
cdn.tt.omtrdc.net,Performance cookies,"Adobe Audience Manager, Adobe Experience Platform",ETag,bench_new_T3_32308,,,,,Existing CM Trackers-Not Found,,,,,
sc-static.net,Targeted Advertising cookies (including social media),Snap Inc.,JavaScript,bench_new_T3_32489,,,TRUE,https://www.CLIENT_X.nl/c-e/ho/recall-perfectcare-8000-9000-elite-series,Existing CM Trackers-Found,,,,,
conversiontool.lighting.CLIENT_X.com,Targeted Advertising cookies (including social media),Koninklijke CLIENT_X N.V.,Local Storage,bench_new_T3_33458,,,,,Existing CM Trackers-Not Found,,,,,
www.youtube.com,Targeted Advertising cookies (including social media),Google Advertising Products,JavaScript,bench_new_T3_32083,,,TRUE,https://www.CLIENT_X.nl/c-e/hs/slaapapneu/i-think-i-might-have-sleep-apnea/getting-diagnosed,Existing CM Trackers-Found,,,,,
www.lighting.CLIENT_X.com,Performance cookies,Signify (formerly CLIENT_X Lighting),JavaScript,bench_new_T3_32027,,,,,Existing CM Trackers-Not Found,,,,,
www.static.accounts.CLIENT_X.com,Essential cookies,Koninklijke CLIENT_X N.V.,JavaScript,bench_new_T3_32291,,,,,Existing CM Trackers-Not Found,,,,,
www.google.ie,Targeted Advertising cookies (including social media),Google Inc.,Beacon,bench_new_T3_33090,,,TRUE,http://www.CLIENT_X.nl/,Existing CM Trackers-Found,,,,,
CLIENT_X.nl,Essential cookies,CLIENT_X - Netherlands,HTTP Cookie,bench_new_T3_32526,,,,,Existing CM Trackers-Not Found,,,,,
image-cdn-ak.spotifycdn.com,Performance cookies,Spotify,ETag,bench_new_T3_32885,,,,https://www.CLIENT_X.nl/a-w/about/milieu-maatschappij-governance-esg/partnerships/BNR-FD,New Third Party Trackers,,,,,
www.CLIENT_X.nl,Performance cookies,CLIENT_X - Netherlands,HTTP Cookie,bench_new_T3_32841,,,,,Existing CM Trackers-Not Found,,,,,
stats.g.doubleclick.net,Targeted Advertising cookies (including social media),Google Advertising Products,Beacon,_ga_failed_lookup_marker_20_1196,,,TRUE,http://www.CLIENT_X.nl/,Existing CM Trackers-Found,,,,,
CLIENT_X.nl,Essential cookies,CLIENT_X - Netherlands,HTTP Cookie,bench_new_T3_33548,,90,,https://www.CLIENT_X.nl/c-e/ho/recall-perfectcare-8000-9000-elite-series,New First Party Trackers,,,,,
linkedin.com,Targeted Advertising cookies (including social media),LinkedIn,HTTP Cookie,_ga_failed_lookup_marker_20_1198,,365,TRUE,https://www.CLIENT_X.nl/c-e/ho/recall-perfectcare-8000-9000-elite-series,Existing CM Trackers-Found,,,,,
CLIENT_X.co.uk,Targeted Advertising cookies (including social media),CLIENT_X - United Kingdom,Local Storage,bench_new_T3_33047,,,,,Existing CM Trackers-Not Found,,,,,
CLIENT_Xb2c.my.site.com,Performance cookies,"Salesforce.com, Inc.",ETag,bench_new_T3_32773,,,TRUE,https://www.CLIENT_X.nl/c-w/consumenten-ondersteuning/support-contact-page,Existing CM Trackers-Found,,,,,
www.lighting.CLIENT_X.com,Performance cookies,Signify (formerly CLIENT_X Lighting),ETag,bench_new_T3_33161,,,,,Existing CM Trackers-Not Found,,,,,
www.abonnementen.CLIENT_X.nl,Essential cookies,CLIENT_X - Netherlands,HTTP Cookie,bench_new_T3_33037,,,,,Existing CM Trackers-Not Found,,,,,
consent-pref.trustarc.com,Essential cookies,TrustArc,Local Storage,_ga_failed_lookup_marker_20_1203,,,TRUE,https://www.CLIENT_X.nl/a-w/about,Existing CM Trackers-Found,,,,,
assets.adobedtm.com,Performance cookies,Adobe Inc.,JavaScript,_ga_failed_lookup_marker_20_1204,,,,,Existing CM Trackers-Not Found,,,,,
www.lighting.CLIENT_X.nl,Essential cookies,Signify (formerly CLIENT_X Lighting),HTTP Cookie,bench_new_T3_33331,,,,,Existing CM Trackers-Not Found,,,,,
www.abonnementen.CLIENT_X.nl,Essential cookies,CLIENT_X - Netherlands,HTTP Cookie,bench_new_T3_32299,,,,,Existing CM Trackers-Not Found,,,,,
www.lighting.CLIENT_X.nl,Essential cookies,Signify (formerly CLIENT_X Lighting),ETag,bench_new_T3_33007,,,,,Existing CM Trackers-Not Found,,,,,
CLIENT_X.nl,Essential cookies,CLIENT_X - Netherlands,HTTP Cookie,bench_new_T3_32729,,365,TRUE,https://www.CLIENT_X.nl/c-e/ho/recall-perfectcare-8000-9000-elite-series,Existing CM Trackers-Found,,,,,
www.CLIENT_X.co.ke,Essential cookies (exempt from consent),CLIENT_X - Kenya,HTTP Cookie,eddl_itc_list,,0,,https://www.CLIENT_X.nl/c-p/HX9552_33/-/ondersteuning,New First Party Trackers,,,,,
tag-logger.demandbase.com,Targeted Advertising cookies (including social media),"Demandbase, Inc.",ETag,bench_new_T3_32170,,,,https://www.CLIENT_X.nl/healthcare/product/HC712034,New Third Party Trackers,,,,,
px.ads.linkedin.com,Targeted Advertising cookies (including social media),LinkedIn,JavaScript,bench_new_T3_32931,,,TRUE,https://www.CLIENT_X.nl/healthcare/clinical-solutions/radiology-operations-command-center,Existing CM Trackers-Found,,,,,
*.online-metrix.net,Performance cookies,LexisNexis Risk Solutions (formerly ThreatMetrix),JavaScript,bench_new_T3_32159,,,,https://www.CLIENT_X.nl/c-p/JC305_50/-,Existing CM Trackers-Found,,,,,
www.assets.lighting.CLIENT_X.com,Performance cookies,Signify (formerly CLIENT_X Lighting),ETag,bench_new_T3_32339,,,,,Existing CM Trackers-Not Found,,,,,
edge.curalate.com,Performance cookies,"Bazaarvoice, Inc.",ETag,bench_new_T3_32025,,,,,Existing CM Trackers-Not Found,,,,,
lighting.CLIENT_X.nl,Essential cookies,Signify (formerly CLIENT_X Lighting),HTTP Cookie,bench_new_T3_32910,,,,,Existing CM Trackers-Not Found,,,,,
CLIENT_Xtest.scene7.com,Performance cookies,Adobe Experience Cloud - Experience Manager,ETag,bench_new_T3_33208,,,TRUE,https://www.CLIENT_X.nl/c-u/at_book_767510/Gebruikersaanwijzing_CLIENT_XOneBlade,Existing CM Trackers-Found,,,,,
pages.information.signify.com,Performance cookies,Signify (formerly CLIENT_X Lighting),JavaScript,_ga_failed_lookup_marker_20_1217,,,,,Existing CM Trackers-Not Found,,,,,
widget-cdn.janraincapture.com,Performance cookies,Akamai,ETag,bench_new_T3_32953,,,,,Existing CM Trackers-Not Found,,,,,
www.abonnementen.CLIENT_X.nl,Essential cookies,CLIENT_X - Netherlands,HTTP Cookie,bench_new_T3_32146,,,,,Existing CM Trackers-Not Found,,,,,
tag.demandbase.com,Targeted Advertising cookies (including social media),"Demandbase, Inc.",ETag,bench_new_T3_32518,,,TRUE,https://www.CLIENT_X.nl/a-w/about,Existing CM Trackers-Found,,,,,
tremorhub.com,Targeted Advertising cookies (including social media),"Magnite CTV, Inc.",HTTP Cookie,_ga_failed_lookup_marker_20_1221,,365,TRUE,https://www.CLIENT_X.nl/a-w/about,Existing CM Trackers-Found,,,,,
www.healthcare.shop.CLIENT_X.nl,Essential cookies,CLIENT_X - Netherlands,HTTP Cookie,_ga_failed_lookup_marker_20_1222,,,,,Existing CM Trackers-Not Found,,,,,
www.healthcare.shop.CLIENT_X.de,Essential cookies (exempt from consent),CLIENT_X - Germany,HTTP Cookie,RT,,,TRUE,https://www.CLIENT_X.nl/c-f/XC000004909/hoe-gebruik-ik-de-opzetstukken-van-mijn-CLIENT_X-epilator,Existing CM Trackers-Found,,,,,
www.lighting.CLIENT_X.ru,Essential cookies (exempt from consent),Signify (formerly CLIENT_X Lighting),HTTP Cookie,AWSELB,,0,TRUE,https://www.CLIENT_X.nl/c-e/ho/recall-perfectcare-8000-9000-elite-series,Existing CM Trackers-Found,,,,,
assets.adobedtm.com,Performance cookies,Adobe Inc.,ETag,bench_new_T3_32444,,,,,Existing CM Trackers-Not Found,,,,,
halc.iadvize.com,Performance cookies,iAdvize,JavaScript,bench_new_T3_32943,,,TRUE,https://www.CLIENT_X.nl/c-e/ho/recall-perfectcare-8000-9000-elite-series,Existing CM Trackers-Found,,,,,
CLIENT_X.nl,Essential cookies,CLIENT_X - Netherlands,HTTP Cookie,bench_new_T3_32930,,90,TRUE,https://www.CLIENT_X.nl/c-e/ho/recall-perfectcare-8000-9000-elite-series,Existing CM Trackers-Found,,,,,
www.CLIENT_X.cz,Essential cookies (exempt from consent),CLIENT_X - Czech Republic,HTTP Cookie,p-hc-specialty,,,TRUE,http://www.CLIENT_X.nl/,Existing CM Trackers-Found,,,,,
img.en25.com,Performance cookies,Oracle Marketing,JavaScript,bench_new_T3_33594,,,,https://www.CLIENT_X.nl/healthcare,New Third Party Trackers,,,,,
CLIENT_X.bg,Essential cookies (exempt from consent),CLIENT_X - Bulgaria,HTTP Cookie,s_eVar44,,bench_update_duration,,,Existing CM Trackers-Not Found,,,,,
connect.facebook.net,Targeted Advertising cookies (including social media),Meta (formerly Facebook),Beacon,bench_new_T3_32449,,,TRUE,https://www.CLIENT_X.nl/c-p/HX4041_41/4100-rechargeable-toothbrush,Existing CM Trackers-Found,,,,,
www.lighting.CLIENT_X.nl,Essential cookies,Signify (formerly CLIENT_X Lighting),HTTP Cookie,bench_new_T3_33301,,,,,Existing CM Trackers-Not Found,,,,,
CLIENT_X.nl,Essential cookies,CLIENT_X - Netherlands,HTTP Cookie,bench_new_T3_33269,,session,TRUE,https://www.CLIENT_X.nl/c-e/ho/recall-perfectcare-8000-9000-elite-series,Existing CM Trackers-Found,,,,,
www.static.accounts.CLIENT_X.com,Essential cookies,Koninklijke CLIENT_X N.V.,JavaScript,bench_new_T3_33429,,,,,Existing CM Trackers-Not Found,,,,,
cdn.speedcurve.com,Performance cookies,Speedcurve,JavaScript,bench_new_T3_33235,,,,http://www.CLIENT_X.nl/,New Third Party Trackers,,,,,
c.go-mpulse.net,Performance cookies,Akamai,JavaScript,bench_new_T3_33176,,,,,Existing CM Trackers-Not Found,,,,,
CLIENT_X.nl,Essential cookies,CLIENT_X - Netherlands,HTTP Cookie,bench_new_T3_32512,,,,,Existing CM Trackers-Not Found,,,,,
td.yieldify.com,Targeted Advertising cookies (including social media),Yieldify,JavaScript,bench_new_T3_32694,,,TRUE,http://www.CLIENT_X.nl/,Existing CM Trackers-Found,,,,,
www.lighting.CLIENT_X.nl,Essential cookies,Signify (formerly CLIENT_X Lighting),JavaScript,_ga_failed_lookup_marker_20_1239,,,,,Existing CM Trackers-Not Found,,,,,
www.healthcare.shop.CLIENT_X.nl,Performance cookies,CLIENT_X - Netherlands,HTTP Cookie,bench_new_T3_33435,,,,,Existing CM Trackers-Not Found,,,,,
*.fls.doubleclick.net,Targeted Advertising cookies (including social media),Google Advertising Products,Beacon,bench_new_T3_32233,,,,,Existing CM Trackers-Not Found,,,,,
www.googleadservices.com,Targeted Advertising cookies (including social media),Google Advertising Products,ETag,bench_new_T3_32933,,,,,Existing CM Trackers-Not Found,,,,,
CLIENT_X.nl,Essential cookies,CLIENT_X - Netherlands,HTTP Cookie,bench_new_T3_33445,,,,https://www.CLIENT_X.nl/c-e/ho/recall-perfectcare-8000-9000-elite-series,Existing CM Trackers-Not Found,,,,,
www.facebook.com,Targeted Advertising cookies (including social media),Meta (formerly Facebook),Beacon,bench_new_T3_32032,,,TRUE,http://www.CLIENT_X.nl/,Existing CM Trackers-Found,,,,,
www.CLIENT_X.nl,Essential cookies,CLIENT_X - Netherlands,HTTP Cookie,bench_new_T3_32903,,,,,Existing CM Trackers-Not Found,,,,,
www.CLIENT_X.nl,Essential cookies,CLIENT_X - Netherlands,HTTP Cookie,bench_new_T3_33106,,session,,https://www.CLIENT_X.nl/c-p/HX9552_33/-/ondersteuning,New First Party Trackers,,,,,
curalate.com,Targeted Advertising cookies (including social media),"Bazaarvoice, Inc.",HTTP Cookie,bench_new_T3_33495,,,,,Existing CM Trackers-Not Found,,,,,
google.com,Performance cookies,Google Inc.,Local Storage,bench_new_T3_32171,,,TRUE,https://www.CLIENT_X.nl/c-e/member,Existing CM Trackers-Found,,,,,
app.shop.pe,Performance Cookies [Requires consent],SafeOpt (Formerly Shop.pe),ETag,-,,,TRUE,https://www.CLIENT_X.nl/c-e/ho/recall-perfectcare-8000-9000-elite-series,Existing CM Trackers-Found,,,,,
www.google.ie,Targeted Advertising cookies (including social media),Google Inc.,Beacon,bench_new_T3_32889,,,TRUE,http://www.CLIENT_X.nl/,Existing CM Trackers-Found,,,,,
cdn.tt.omtrdc.net,Performance cookies,"Adobe Audience Manager, Adobe Experience Platform",JavaScript,bench_new_T3_33589,,,,,Existing CM Trackers-Not Found,,,,,
www.lighting.CLIENT_X.nl,Essential cookies,Signify (formerly CLIENT_X Lighting),ETag,bench_new_T3_33254,,,,,Existing CM Trackers-Not Found,,,,,
s2.go-mpulse.net,Performance cookies,Akamai,JavaScript,bench_new_T3_32616,,,TRUE,http://www.CLIENT_X.nl/,Existing CM Trackers-Found,,,,,
www.abonnementen.CLIENT_X.nl,Essential cookies,CLIENT_X - Netherlands,HTTP Cookie,bench_new_T3_32186,,,,,Existing CM Trackers-Not Found,,,,,
www.googleadservices.com,Targeted Advertising cookies (including social media),Google Advertising Products,ETag,bench_new_T3_33412,,,,,Existing CM Trackers-Not Found,,,,,
fonts.yieldify-production.com,Targeted Advertising cookies (including social media),Yieldify,ETag,bench_new_T3_33197,,,,,Existing CM Trackers-Not Found,,,,,
quilt-cdn.janrain.com,Performance cookies,Akamai,ETag,bench_new_T3_32532,,,,https://www.CLIENT_X.nl/shop/NL_ONVZ/login,New Third Party Trackers,,,,,
*.casalemedia.com,Targeted Advertising cookies (including social media),Index Exchange Inc.,Beacon,bench_new_T3_32803,,,,https://www.CLIENT_X.nl/a-w/about,Existing CM Trackers-Found,,,,,
CLIENT_X.it,Essential cookies (exempt from consent),CLIENT_X - Italy,HTTP Cookie,s_tid,,bench_update_duration,,https://www.CLIENT_X.nl/a-w/about/milieu-maatschappij-governance-esg/partnerships/BNR-FD,New Third Party Trackers,,,,,
www.gearselectiontool.lighting.CLIENT_X.com,Performance cookies,Signify (formerly CLIENT_X Lighting),ETag,bench_new_T3_32035,,,,,Existing CM Trackers-Not Found,,,,,
www.googleapis.com,Performance cookies,Google Inc.,JavaScript,bench_new_T3_33440,,,TRUE,https://www.CLIENT_X.nl/c-f/XC000004909/hoe-gebruik-ik-de-opzetstukken-van-mijn-CLIENT_X-epilator,Existing CM Trackers-Found,,,,,
www.crsc.CLIENT_X.com,Targeted Advertising cookies (including social media),Koninklijke CLIENT_X N.V.,JavaScript,bench_new_T3_32113,,,TRUE,https://www.CLIENT_X.nl/shop/order-search/search-input,Existing CM Trackers-Found,,,,,
*.casalemedia.com,Targeted Advertising cookies (including social media),Index Exchange Inc.,Beacon,bench_new_T3_33193,,,,https://www.CLIENT_X.nl/a-w/about,Existing CM Trackers-Found,,,,,
image-cdn-ak.spotifycdn.com,Performance cookies,Spotify,ETag,bench_new_T3_33547,,,,https://www.CLIENT_X.nl/a-w/about/milieu-maatschappij-governance-esg/partnerships/BNR-FD,New Third Party Trackers,,,,,
CLIENT_Xb2c.my.salesforce-scrt.com,Performance cookies,"Salesforce.com, Inc.",Beacon,bench_new_T3_33447,,,TRUE,https://www.CLIENT_X.nl/c-w/consumenten-ondersteuning/support-contact-page,Existing CM Trackers-Found,,,,,
imgs.signifyd.com,Essential cookies,Signifyd,HTTP Cookie,bench_new_T3_32646,,390,TRUE,https://www.CLIENT_X.nl/,Existing CM Trackers-Found,,,,,
CLIENT_X.com.qa,Essential cookies (exempt from consent),CLIENT_X - Qatar,HTTP Cookie,FPID,,bench_update_duration,,,Existing CM Trackers-Not Found,,,,,
assets.kampyle.com,Performance cookies,Medallia,ETag,bench_new_T3_32555,,,TRUE,https://www.CLIENT_X.nl/c-f/XC000004829/kan-ik-mijn-dubbele-elektrische-borstkolf-als-enkele-kolf-gebruiken,Existing CM Trackers-Found,,,,,
www.healthcare.shop.CLIENT_X.nl,Essential cookies,CLIENT_X - Netherlands,HTTP Cookie,bench_new_T3_32198,,,,,Existing CM Trackers-Not Found,,,,,
eloqua.com,Essential cookies,Oracle Marketing,HTTP Cookie,bench_new_T3_33489,,392,TRUE,https://www.CLIENT_X.nl/healthcare,Existing CM Trackers-Found,,,,,
sslwidget.criteo.com,Targeted Advertising cookies (including social media),Criteo SA,JavaScript,bench_new_T3_33579,,,,,Existing CM Trackers-Not Found,,,,,
www.abonnementen.CLIENT_X.nl,Essential cookies,CLIENT_X - Netherlands,HTTP Cookie,bench_new_T3_32401,,,,,Existing CM Trackers-Not Found,,,,,
www.googletagmanager.com,Performance cookies,Google Inc.,JavaScript,bench_new_T3_33540,,,TRUE,http://www.CLIENT_X.nl/,Existing CM Trackers-Found,,,,,
CLIENT_X.nl,Targeted Advertising cookies (including social media),CLIENT_X - Netherlands,HTTP Cookie,bench_new_T3_32567,,1,TRUE,https://www.CLIENT_X.nl/c-e/ho/recall-perfectcare-8000-9000-elite-series,Existing CM Trackers-Found,,,,,
snapchat.com,Targeted Advertising cookies (including social media),Snap Inc.,HTTP Cookie,bench_new_T3_33477,,390,TRUE,https://www.CLIENT_X.nl/c-e/ho/recall-perfectcare-8000-9000-elite-series,Existing CM Trackers-Found,,,,,
cdn.botframework.com,Performance cookies,Microsoft Bot Framework,ETag,bench_new_T3_32474,,,,,Existing CM Trackers-Not Found,,,,,
curalate.com,Targeted Advertising cookies (including social media),"Bazaarvoice, Inc.",HTTP Cookie,bench_new_T3_32377,,,,,Existing CM Trackers-Not Found,,,,,
*.t.eloqua.com,Targeted Advertising cookies (including social media),Oracle Marketing,Beacon,bench_new_T3_33108,,,,https://www.CLIENT_X.nl/healthcare,Existing CM Trackers-Found,,,,,
www.CLIENT_X.nl,Essential cookies,CLIENT_X - Netherlands,HTTP Cookie,_ga_failed_lookup_marker_20_1279,,365,TRUE,https://www.CLIENT_X.nl/c-p/HX9552_33/-/ondersteuning,Existing CM Trackers-Found,,,,,
youtube.com,Targeted Advertising cookies (including social media),Google Advertising Products,HTTP Cookie,bench_new_T3_33479,,180,TRUE,https://www.CLIENT_X.nl/c-e/hs/slaapapneu/i-think-i-might-have-sleep-apnea/getting-diagnosed,Existing CM Trackers-Found,,,,,
www.recaptcha.net,Performance cookies,Google Inc.,JavaScript,bench_new_T3_33213,,,,,Existing CM Trackers-Not Found,,,,,
www.google.ie,Targeted Advertising cookies (including social media),Google Inc.,Beacon,bench_new_T3_32848,,,TRUE,http://www.CLIENT_X.nl/,Existing CM Trackers-Found,,,,,
www.CLIENT_X.nl,Essential cookies,CLIENT_X - Netherlands,HTTP Cookie,bench_new_T3_32164,,,,,Existing CM Trackers-Not Found,,,,,
CLIENT_X.nl,Performance cookies,CLIENT_X - Netherlands,HTTP Cookie,_ga_failed_lookup_marker_20_1284,,session,TRUE,https://www.CLIENT_X.nl/c-e/ho/recall-perfectcare-8000-9000-elite-series,Existing CM Trackers-Found,,,,,
lighting.CLIENT_X.com.eg,Essential cookies (exempt from consent),Signify (formerly CLIENT_X Lighting),HTTP Cookie,s_nr30,,bench_update_duration,,,Existing CM Trackers-Not Found,,,,,
CLIENT_X.nl,Essential cookies,CLIENT_X - Netherlands,HTTP Cookie,bench_new_T3_33578,,390,TRUE,https://www.CLIENT_X.nl/c-e/ho/recall-perfectcare-8000-9000-elite-series,Existing CM Trackers-Found,,,,,
CLIENT_Xb2c.my.site.com,Performance cookies,"Salesforce.com, Inc.",JavaScript,bench_new_T3_32736,,,TRUE,https://www.CLIENT_X.nl/c-w/consumenten-ondersteuning/support-contact-page,Existing CM Trackers-Found,,,,,
www.lighting.CLIENT_X.cl,Essential cookies (exempt from consent),Signify (formerly CLIENT_X Lighting),JavaScript,blank (java),,session,TRUE,https://www.CLIENT_X.nl/c-p/HX9552_33/-/ondersteuning,Existing CM Trackers-Found,,,,,
www.horticulture-partnertool.lighting.CLIENT_X.com,Performance cookies,Signify (formerly CLIENT_X Lighting),JavaScript,_ga_failed_lookup_marker_20_1289,,,,,Existing CM Trackers-Not Found,,,,,
imgs.signifyd.com,Essential cookies,Signifyd,HTTP Cookie,bench_new_T3_32734,,390,TRUE,https://www.CLIENT_X.nl/,Existing CM Trackers-Found,,,,,
CLIENT_X.nl,Essential cookies,CLIENT_X - Netherlands,HTTP Cookie,bench_new_T3_32137,,90,,https://www.CLIENT_X.nl/c-e/ho/recall-perfectcare-8000-9000-elite-series,New First Party Trackers,,,,,
www.centralamerica.CLIENT_X.com,Essential cookies (exempt from consent),Koninklijke CLIENT_X N.V.,HTTP Cookie,liveagent_oref,,bench_update_duration,TRUE,https://www.CLIENT_X.nl/c-e/so/monitoren/professioneel-gebruik.html,Existing CM Trackers-Found,,,,,
assets.adobedtm.com,Performance cookies,Adobe Inc.,JavaScript,bench_new_T3_32877,,,,,Existing CM Trackers-Not Found,,,,,
www.CLIENT_X.com,Targeted Advertising cookies (including social media),Koninklijke CLIENT_X N.V.,ETag,bench_new_T3_32547,,,,https://www.CLIENT_X.nl/a-w/about/nieuws-achtergronden/alle-artikelen.html,New Third Party Trackers,,,,,
*.cloudfront.net,Performance cookies,Amazon (Cloudfront),ETag,bench_new_T3_32658,,,,https://www.CLIENT_X.nl/shop/NL_ONVZ/login,Existing CM Trackers-Found,,,,,
www.lighting.CLIENT_X.com,Performance cookies,Signify (formerly CLIENT_X Lighting),JavaScript,bench_new_T3_32373,,,,,Existing CM Trackers-Not Found,,,,,
CLIENT_X.nl,Essential cookies,CLIENT_X - Netherlands,HTTP Cookie,bench_new_T3_32687,,90,,https://www.CLIENT_X.nl/c-e/ho/recall-perfectcare-8000-9000-elite-series,New First Party Trackers,,,,,
CLIENT_X.nl,Essential cookies,CLIENT_X - Netherlands,HTTP Cookie,bench_new_T3_33263,,365,TRUE,https://www.CLIENT_X.nl/c-e/ho/recall-perfectcare-8000-9000-elite-series,Existing CM Trackers-Found,,,,,
assets.adoberesources.net,Performance cookies,Adobe Inc.,ETag,bench_new_T3_33543,,,,,Existing CM Trackers-Not Found,,,,,
CLIENT_X.nl,Essential cookies,CLIENT_X - Netherlands,HTTP Cookie,bench_new_T3_32288,,90,TRUE,https://www.CLIENT_X.nl/c-e/ho/recall-perfectcare-8000-9000-elite-series,Existing CM Trackers-Found,,,,,
bat.bing.com,Targeted Advertising cookies (including social media),Microsoft Advertising,Beacon,bench_new_T3_32478,,,TRUE,https://www.CLIENT_X.nl/c-e/ho/recall-perfectcare-8000-9000-elite-series,Existing CM Trackers-Found,,,,,
www.clarity.ms,Performance cookies,Microsoft,JavaScript,bench_new_T3_32540,,,TRUE,https://www.CLIENT_X.nl/c-e/ho/recall-perfectcare-8000-9000-elite-series,Existing CM Trackers-Found,,,,,
CLIENT_X.nl,Essential cookies,CLIENT_X - Netherlands,HTTP Cookie,bench_new_T3_32125,,365,TRUE,https://www.CLIENT_X.nl/c-e/ho/recall-perfectcare-8000-9000-elite-series,Existing CM Trackers-Found,,,,,
munchkin.marketo.net,Targeted Advertising cookies (including social media),Marketo,ETag,bench_new_T3_33546,,,,,Existing CM Trackers-Not Found,,,,,
www.healthcare.shop.CLIENT_X.nl,Essential cookies,CLIENT_X - Netherlands,JavaScript,bench_new_T3_32800,,,,,Existing CM Trackers-Not Found,,,,,
www.CLIENT_X.nl,Essential cookies,CLIENT_X - Netherlands,HTTP Cookie,bench_new_T3_33292,,30,,https://www.CLIENT_X.nl/c-p/HX9552_33/-/ondersteuning,New First Party Trackers,,,,,
www.lighting.CLIENT_X.nl,Essential cookies,Signify (formerly CLIENT_X Lighting),HTTP Cookie,bench_new_T3_33100,,,,,Existing CM Trackers-Not Found,,,,,
assets.adobedtm.com,Performance cookies,Adobe Inc.,ETag,bench_new_T3_32253,,,,,Existing CM Trackers-Not Found,,,,,
CLIENT_X.nl,Performance cookies,CLIENT_X - Netherlands,HTTP Cookie,bench_new_T3_33298,,session,TRUE,https://www.CLIENT_X.nl/c-e/ho/recall-perfectcare-8000-9000-elite-series,Existing CM Trackers-Found,,,,,
www.healthcare.shop.CLIENT_X.nl,Essential cookies,CLIENT_X - Netherlands,HTTP Cookie,bench_new_T3_33167,,,,,Existing CM Trackers-Not Found,,,,,
CLIENT_X.cl,Essential cookies (exempt from consent),CLIENT_X - Chile,HTTP Cookie,s_ugv,,bench_update_duration,TRUE,http://www.CLIENT_X.nl/,Existing CM Trackers-Found,,,,,
www.CLIENT_X.nl,Performance cookies,CLIENT_X - Netherlands,HTTP Cookie,bench_new_T3_32009,,session,TRUE,https://www.CLIENT_X.nl/c-p/HX9552_33/-/ondersteuning,Existing CM Trackers-Found,,,,,
widget-cdn.janraincapture.com,Performance cookies,Akamai,ETag,bench_new_T3_32968,,,,,Existing CM Trackers-Not Found,,,,,
CLIENT_X.nl,Essential cookies,CLIENT_X - Netherlands,HTTP Cookie,bench_new_T3_33152,,365,TRUE,https://www.CLIENT_X.nl/c-e/ho/recall-perfectcare-8000-9000-elite-series,Existing CM Trackers-Found,,,,,
*.online-metrix.net,Performance cookies,LexisNexis Risk Solutions (formerly ThreatMetrix),JavaScript,bench_new_T3_33418,,,,https://www.CLIENT_X.nl/c-p/JC305_50/-,Existing CM Trackers-Found,,,,,
www.healthcare.shop.CLIENT_X.nl,Essential cookies,CLIENT_X - Netherlands,HTTP Cookie,bench_new_T3_33566,,,,,Existing CM Trackers-Not Found,,,,,
CLIENT_X.hu,Essential cookies (exempt from consent),CLIENT_X - Hungary,HTTP Cookie,TAsessionID,,bench_update_duration,,,Existing CM Trackers-Not Found,,,,,
cdn.tt.omtrdc.net,Performance cookies,"Adobe Audience Manager, Adobe Experience Platform",ETag,bench_new_T3_32539,,,,,Existing CM Trackers-Not Found,,,,,
netdna.bootstrapcdn.com,Targeted Advertising Cookies (including social media) [Requires consent],Bootstrap CDN,JavaScript,-,,bench_update_duration,,,Existing CM Trackers-Not Found,,,,,
sc-static.net,Targeted Advertising cookies (including social media),Snap Inc.,JavaScript,bench_new_T3_32522,,,TRUE,https://www.CLIENT_X.nl/c-e/ho/recall-perfectcare-8000-9000-elite-series,Existing CM Trackers-Found,,,,,
imgs.signifyd.com,Essential cookies,Signifyd,HTTP Cookie,_ga_failed_lookup_marker_20_1321,,390,TRUE,https://www.CLIENT_X.nl/,Existing CM Trackers-Found,,,,,
cdn-scripts.signifyd.com,Essential cookies,Signifyd,JavaScript,bench_new_T3_32600,,,TRUE,http://www.CLIENT_X.nl/,Existing CM Trackers-Found,,,,,
www.CLIENT_X-foundation.com,Targeted Advertising cookies (including social media),CLIENT_X Foundation,ETag,bench_new_T3_33370,,,,https://www.CLIENT_X.nl/healthcare/about/support,New Third Party Trackers,,,,,
CLIENT_X.nl,Essential cookies,CLIENT_X - Netherlands,HTTP Cookie,bench_new_T3_32302,,90,,https://www.CLIENT_X.nl/c-e/ho/recall-perfectcare-8000-9000-elite-series,New First Party Trackers,,,,,
CLIENT_X.nl,Performance cookies,CLIENT_X - Netherlands,HTTP Cookie,bench_new_T3_32508,,session,TRUE,https://www.CLIENT_X.nl/c-e/ho/recall-perfectcare-8000-9000-elite-series,Existing CM Trackers-Found,,,,,
www.CLIENT_X.nl,Essential cookies,CLIENT_X - Netherlands,HTTP Cookie,bench_new_T3_33503,,0,TRUE,https://www.CLIENT_X.nl/c-p/HX9552_33/-/ondersteuning,Existing CM Trackers-Found,,,,,
bing.com,Targeted Advertising cookies (including social media),Microsoft Advertising,HTTP Cookie,bench_new_T3_32195,,390,TRUE,https://www.CLIENT_X.nl/c-e/ho/recall-perfectcare-8000-9000-elite-series,Existing CM Trackers-Found,,,,,
www.CLIENT_X.nl,Targeted Advertising cookies (including social media),CLIENT_X - Netherlands,HTTP Cookie,bench_new_T3_33187,,,,,Existing CM Trackers-Not Found,,,,,
CLIENT_X.it,Essential cookies (exempt from consent),CLIENT_X - Italy,HTTP Cookie,mboxEdgeCluster,,bench_update_duration,,,Existing CM Trackers-Not Found,,,,,
www.lighting.CLIENT_X.de,Essential cookies (exempt from consent),Signify (formerly CLIENT_X Lighting),HTTP Cookie,AWSELBCORS,,bench_update_duration,TRUE,https://www.CLIENT_X.nl/c-p/HX9552_33/-/ondersteuning,Existing CM Trackers-Found,,,,,
*.en25.com,Targeted Advertising cookies (including social media),Oracle Marketing,JavaScript,bench_new_T3_33364,,,,https://www.CLIENT_X.nl/healthcare,Existing CM Trackers-Found,,,,,
CLIENT_X.nl,Essential cookies,CLIENT_X - Netherlands,HTTP Cookie,bench_new_T3_32796,,,,,Existing CM Trackers-Not Found,,,,,
youtube.com,Targeted Advertising cookies (including social media),Google Advertising Products,HTTP Cookie,bench_new_T3_33237,,180,TRUE,https://www.CLIENT_X.nl/c-e/hs/slaapapneu/i-think-i-might-have-sleep-apnea/getting-diagnosed,Existing CM Trackers-Found,,,,,
static.criteo.net,Targeted Advertising cookies (including social media),Criteo SA,ETag,bench_new_T3_32514,,,,,Existing CM Trackers-Not Found,,,,,
shop.CLIENT_X.nl,Essential cookies,CLIENT_X - Netherlands,Local Storage,bench_new_T3_33328,,,,,Existing CM Trackers-Not Found,,,,,
*.salesforceliveagent.com,Performance cookies,"salesforce.com, inc.",JavaScript,bench_new_T3_32559,,,,,Existing CM Trackers-Not Found,,,,,
CLIENT_X.nl,Essential cookies,CLIENT_X - Netherlands,HTTP Cookie,bench_new_T3_32147,,365,TRUE,https://www.CLIENT_X.nl/c-e/ho/recall-perfectcare-8000-9000-elite-series,Existing CM Trackers-Found,,,,,
www.abonnementen.CLIENT_X.nl,Essential cookies,CLIENT_X - Netherlands,HTTP Cookie,bench_new_T3_33024,,,,,Existing CM Trackers-Not Found,,,,,
analytics-ipv6.tiktokw.us,Targeted Advertising cookies (including social media),TikTok,Beacon,bench_new_T3_33117,,,,http://www.CLIENT_X.nl/,New Third Party Trackers,,,,,
www.CLIENT_X-foundation.com,Targeted Advertising cookies (including social media),CLIENT_X Foundation,ETag,bench_new_T3_33350,,,,https://www.CLIENT_X.nl/healthcare/about/support,New Third Party Trackers,,,,,
CLIENT_Xb2c.my.site.com,Performance cookies,"Salesforce.com, Inc.",Beacon,bench_new_T3_32235,,,TRUE,https://www.CLIENT_X.nl/c-w/consumenten-ondersteuning/support-contact-page,Existing CM Trackers-Found,,,,,
lighting.CLIENT_X.nl,Essential cookies,Signify (formerly CLIENT_X Lighting),HTTP Cookie,bench_new_T3_32503,,,,,Existing CM Trackers-Not Found,,,,,
consent-st.trustarc.com,Essential cookies,TrustArc,JavaScript,bench_new_T3_33019,,,TRUE,http://www.CLIENT_X.nl/,Existing CM Trackers-Found,,,,,
CLIENT_Xb2c.my.site.com,Performance cookies,"Salesforce.com, Inc.",JavaScript,bench_new_T3_32365,,,TRUE,https://www.CLIENT_X.nl/c-w/consumenten-ondersteuning/support-contact-page,Existing CM Trackers-Found,,,,,
www.healthcare.shop.CLIENT_X.nl,Essential cookies,CLIENT_X - Netherlands,JavaScript,bench_new_T3_33138,,,,,Existing CM Trackers-Not Found,,,,,
www.conversiontool.lighting.CLIENT_X.com,Targeted Advertising cookies (including social media),Signify (formerly CLIENT_X Lighting),ETag,bench_new_T3_33510,,,,,Existing CM Trackers-Not Found,,,,,
lighting.CLIENT_X.ua,Essential cookies (exempt from consent),Signify (formerly CLIENT_X Lighting),HTTP Cookie,_mkto_trk,,396,TRUE,https://www.CLIENT_X.nl/a-w/about,Existing CM Trackers-Found,,,,,
CLIENT_X.nl,Essential cookies,CLIENT_X - Netherlands,HTTP Cookie,bench_new_T3_33229,,90,,https://www.CLIENT_X.nl/c-e/ho/recall-perfectcare-8000-9000-elite-series,New First Party Trackers,,,,,
image-cdn-fa.spotifycdn.com,Performance cookies,Spotify,ETag,bench_new_T3_33369,,,,https://www.CLIENT_X.nl/a-w/about/milieu-maatschappij-governance-esg/partnerships/BNR-FD,New Third Party Trackers,,,,,
h64.online-metrix.net,Performance cookies,LexisNexis Risk Solutions (formerly ThreatMetrix),Beacon,bench_new_T3_32199,,,,http://www.CLIENT_X.nl/,New Third Party Trackers,,,,,
www.maxosfusionconfigurator.lighting.CLIENT_X.com,Performance cookies,Koninklijke CLIENT_X N.V.,JavaScript,bench_new_T3_32528,,,,,Existing CM Trackers-Not Found,,,,,
consent.trustarc.com,Essential cookies,TrustArc,JavaScript,_ga_failed_lookup_marker_20_1352,,,TRUE,http://www.CLIENT_X.nl/,Existing CM Trackers-Found,,,,,
cdnjs.cloudflare.com,Performance cookies,Cloudflare,ETag,bench_new_T3_32267,,,,,Existing CM Trackers-Not Found,,,,,
lighting.CLIENT_X.nl,Essential cookies,Signify (formerly CLIENT_X Lighting),Local Storage,_ga_failed_lookup_marker_20_1354,,,,,Existing CM Trackers-Not Found,,,,,
encore.scdn.co,Performance cookies,Spotify,ETag,bench_new_T3_32483,,,,https://www.CLIENT_X.nl/a-w/about/milieu-maatschappij-governance-esg/partnerships/BNR-FD,New Third Party Trackers,,,,,
www.recaptcha.net,Performance cookies,Google Inc.,JavaScript,_ga_failed_lookup_marker_20_1356,,,,,Existing CM Trackers-Not Found,,,,,
cdn-scripts.signifyd.com,Essential cookies,Signifyd,ETag,bench_new_T3_32855,,,TRUE,http://www.CLIENT_X.nl/,Existing CM Trackers-Found,,,,,
connect.facebook.net,Targeted Advertising cookies (including social media),Meta (formerly Facebook),Beacon,bench_new_T3_32840,,,TRUE,https://www.CLIENT_X.nl/c-p/HX4041_41/4100-rechargeable-toothbrush,Existing CM Trackers-Found,,,,,
px.ads.linkedin.com,Targeted Advertising cookies (including social media),LinkedIn,JavaScript,bench_new_T3_33499,,,TRUE,https://www.CLIENT_X.nl/healthcare/clinical-solutions/radiology-operations-command-center,Existing CM Trackers-Found,,,,,
www.conversiontool.lighting.CLIENT_X.com,Targeted Advertising cookies (including social media),Signify (formerly CLIENT_X Lighting),ETag,bench_new_T3_32842,,,,,Existing CM Trackers-Not Found,,,,,
www.abonnementen.CLIENT_X.nl,Essential cookies,CLIENT_X - Netherlands,HTTP Cookie,bench_new_T3_32013,,,,,Existing CM Trackers-Not Found,,,,,
www.abonnementen.CLIENT_X.nl,Essential cookies,CLIENT_X - Netherlands,HTTP Cookie,_ga_failed_lookup_marker_20_1362,,,,,Existing CM Trackers-Not Found,,,,,
imgs.signifyd.com,Essential cookies,Signifyd,JavaScript,_ga_failed_lookup_marker_20_1363,,,TRUE,https://www.CLIENT_X.nl/c-p/MS592_50/-,Existing CM Trackers-Found,,,,,
CLIENT_X.nl,Essential cookies,CLIENT_X - Netherlands,HTTP Cookie,bench_new_T3_32706,,session,TRUE,https://www.CLIENT_X.nl/c-e/ho/recall-perfectcare-8000-9000-elite-series,Existing CM Trackers-Found,,,,,
CLIENT_X.nl,Essential cookies,CLIENT_X - Netherlands,HTTP Cookie,bench_new_T3_32467,,90,,https://www.CLIENT_X.nl/c-e/ho/recall-perfectcare-8000-9000-elite-series,New First Party Trackers,,,,,
nebula-cdn.kampyle.com,Performance cookies,Medallia,JavaScript,bench_new_T3_32457,,,TRUE,http://www.CLIENT_X.nl/,Existing CM Trackers-Found,,,,,
www.maxosfusionconfigurator.lighting.CLIENT_X.com,Performance cookies,Koninklijke CLIENT_X N.V.,JavaScript,bench_new_T3_33586,,,,,Existing CM Trackers-Not Found,,,,,
ct.pinterest.com,Targeted Advertising cookies (including social media),Pinterest,ETag,bench_new_T3_33431,,,,,Existing CM Trackers-Not Found,,,,,
tiktok.com,Targeted Advertising cookies (including social media),TikTok,HTTP Cookie,bench_new_T3_32050,,90,TRUE,https://www.CLIENT_X.nl/a-w/about,Existing CM Trackers-Found,,,,,
www.CLIENT_X.nl,Essential cookies,CLIENT_X - Netherlands,Beacon,bench_new_T3_33214,,,TRUE,http://www.CLIENT_X.nl/,Existing CM Trackers-Found,,,,,
www.clarity.ms,Performance cookies,Microsoft,HTTP Cookie,bench_new_T3_32721,,,,,Existing CM Trackers-Not Found,,,,,
CLIENT_Xb2c.my.site.com,Performance cookies,"Salesforce.com, Inc.",Beacon,bench_new_T3_32329,,,TRUE,https://www.CLIENT_X.nl/c-w/consumenten-ondersteuning/support-contact-page,Existing CM Trackers-Found,,,,,
CLIENT_X.nl,Essential cookies,CLIENT_X - Netherlands,HTTP Cookie,bench_new_T3_32400,,90,,https://www.CLIENT_X.nl/c-e/ho/recall-perfectcare-8000-9000-elite-series,New First Party Trackers,,,,,
code.jquery.com,Performance cookies,jQuery,ETag,bench_new_T3_32998,,,,,Existing CM Trackers-Not Found,,,,,
eloqua.com,Essential cookies,Oracle Marketing,HTTP Cookie,bench_new_T3_33315,,392,TRUE,https://www.CLIENT_X.nl/healthcare,Existing CM Trackers-Found,,,,,
www.clarity.ms,Performance cookies,Microsoft,JavaScript,bench_new_T3_33444,,,TRUE,https://www.CLIENT_X.nl/c-e/ho/recall-perfectcare-8000-9000-elite-series,Existing CM Trackers-Found,,,,,
eloqua.com,Essential cookies,Oracle Marketing,HTTP Cookie,bench_new_T3_32278,,392,TRUE,https://www.CLIENT_X.nl/healthcare,Existing CM Trackers-Found,,,,,
CLIENT_X.nl,Performance cookies,CLIENT_X - Netherlands,HTTP Cookie,bench_new_T3_33179,,,,,Existing CM Trackers-Not Found,,,,,
c.go-mpulse.net,Performance cookies,Akamai,JavaScript,bench_new_T3_33151,,,,,Existing CM Trackers-Not Found,,,,,
s.go-mpulse.net,Performance cookies,Akamai,JavaScript,bench_new_T3_32757,,,,,Existing CM Trackers-Not Found,,,,,
www.CLIENT_X.nl,Essential cookies,CLIENT_X - Netherlands,HTTP Cookie,bench_new_T3_33033,,,,,Existing CM Trackers-Not Found,,,,,
dpm.demdex.net,Targeted Advertising cookies (including social media),"Adobe Audience Manager, Adobe Experience Platform",HTTP Cookie,bench_new_T3_32610,,,,,Existing CM Trackers-Not Found,,,,,
CLIENT_X.nl,Essential cookies,CLIENT_X - Netherlands,HTTP Cookie,_ga_failed_lookup_marker_20_1383,,365,TRUE,https://www.CLIENT_X.nl/c-e/ho/recall-perfectcare-8000-9000-elite-series,Existing CM Trackers-Found,,,,,
CLIENT_X.ca,Essential cookies (exempt from consent),CLIENT_X - Canada,HTTP Cookie,_scid,,,,,Existing CM Trackers-Not Found,,,,,
code.jquery.com,Performance cookies,jQuery,JavaScript,bench_new_T3_33120,,,,,Existing CM Trackers-Not Found,,,,,
pages.information.signify.com,Performance cookies,Signify (formerly CLIENT_X Lighting),JavaScript,bench_new_T3_33203,,,,,Existing CM Trackers-Not Found,,,,,
youtube.com,Targeted Advertising cookies (including social media),Google Advertising Products,HTTP Cookie,_ga_failed_lookup_marker_20_1387,,session,TRUE,https://www.CLIENT_X.nl/c-e/hs/slaapapneu/i-think-i-might-have-sleep-apnea/getting-diagnosed,Existing CM Trackers-Found,,,,,
youtube.com,Targeted Advertising cookies (including social media),Google Advertising Products,HTTP Cookie,bench_new_T3_33462,,180,TRUE,https://www.CLIENT_X.nl/c-e/hs/slaapapneu/i-think-i-might-have-sleep-apnea/getting-diagnosed,Existing CM Trackers-Found,,,,,
ct.pinterest.com,Targeted Advertising cookies (including social media),Pinterest,ETag,_ga_failed_lookup_marker_20_1389,,,,,Existing CM Trackers-Not Found,,,,,
www.CLIENT_X.com.eg,Essential cookies (exempt from consent),CLIENT_X - Egypt,HTTP Cookie,_scid,,,,https://www.CLIENT_X.nl/c-e/ho/recall-perfectcare-8000-9000-elite-series,New Third Party Trackers,,,,,
www.lighting.CLIENT_X.nl,Essential cookies,Signify (formerly CLIENT_X Lighting),HTTP Cookie,bench_new_T3_32963,,,,,Existing CM Trackers-Not Found,,,,,
lighting.CLIENT_X.com.pk,Essential cookies (exempt from consent),Signify (formerly CLIENT_X Lighting),HTTP Cookie,s_nr30,,,,,Existing CM Trackers-Not Found,,,,,
scripts.clarity.ms,Performance cookies,Microsoft,ETag,bench_new_T3_32831,,,,https://www.CLIENT_X.nl/c-e/ho/recall-perfectcare-8000-9000-elite-series,New Third Party Trackers,,,,,
www.CLIENT_X.be,Essential cookies (exempt from consent),CLIENT_X - Belgium,HTTP Cookie,ROUTE,,729,,,Existing CM Trackers-Not Found,,,,,
terracycle.com,Targeted Advertising cookies (including social media),TerraCycle,Local Storage,bench_new_T3_32021,,,,,Existing CM Trackers-Not Found,,,,,
conversiontool.lighting.CLIENT_X.com,Targeted Advertising cookies (including social media),Koninklijke CLIENT_X N.V.,Local Storage,bench_new_T3_33492,,,,,Existing CM Trackers-Not Found,,,,,
www.CLIENT_X.nl,Essential cookies,CLIENT_X - Netherlands,JavaScript,bench_new_T3_33272,,,TRUE,http://www.CLIENT_X.nl/,Existing CM Trackers-Found,,,,,
cdn.botframework.com,Performance cookies,Microsoft Bot Framework,ETag,_ga_failed_lookup_marker_20_1398,,,,,Existing CM Trackers-Not Found,,,,,
pixel.rubiconproject.com,Targeted Advertising cookies (including social media),"Magnite, Inc.",Beacon,_ga_failed_lookup_marker_20_1399,,,TRUE,https://www.CLIENT_X.nl/a-w/about,Existing CM Trackers-Found,,,,,
CLIENT_X.com.ph,Essential cookies (exempt from consent),CLIENT_X - Philippines,HTTP Cookie,s_vtime,,,,https://www.CLIENT_X.nl/c-p/JC305_50/-,New Third Party Trackers,,,,,
www.CLIENT_X.nl,Essential cookies,CLIENT_X - Netherlands,HTTP Cookie,_ga_failed_lookup_marker_20_1401,,,,,Existing CM Trackers-Not Found,,,,,
CLIENT_X.nl,Essential cookies,CLIENT_X - Netherlands,HTTP Cookie,bench_new_T3_32636,,,,,Existing CM Trackers-Not Found,,,,,
www.CLIENT_X.nl,Essential cookies,CLIENT_X - Netherlands,HTTP Cookie,_ga_failed_lookup_marker_20_1403,,,,,Existing CM Trackers-Not Found,,,,,
www.CLIENT_X-hue.com,Performance cookies,CLIENT_X Hue,ETag,bench_new_T3_32647,,,,,Existing CM Trackers-Not Found,,,,,
led-calculator.coreline.lighting.CLIENT_X.com,Performance cookies,Signify (formerly CLIENT_X Lighting),Local Storage,_ga_failed_lookup_marker_20_1405,,,,,Existing CM Trackers-Not Found,,,,,
js-cdn.music.apple.com,Performance cookies,Apple Inc.,JavaScript,bench_new_T3_32360,,,,https://www.CLIENT_X.nl/a-w/about/milieu-maatschappij-governance-esg/partnerships/BNR-FD,New Third Party Trackers,,,,,
www.conversiontool.lighting.CLIENT_X.com,Targeted Advertising cookies (including social media),Signify (formerly CLIENT_X Lighting),JavaScript,bench_new_T3_32052,,,,,Existing CM Trackers-Not Found,,,,,
www.healthcare.shop.CLIENT_X.nl,Essential cookies,CLIENT_X - Netherlands,HTTP Cookie,bench_new_T3_33225,,,,,Existing CM Trackers-Not Found,,,,,
s.go-mpulse.net,Performance cookies,Akamai,JavaScript,bench_new_T3_32202,,,,,Existing CM Trackers-Not Found,,,,,
CLIENT_X.nl,Essential cookies,CLIENT_X - Netherlands,HTTP Cookie,bench_new_T3_32140,,,,,Existing CM Trackers-Not Found,,,,,
CLIENT_X.nl,Essential cookies,CLIENT_X - Netherlands,HTTP Cookie,_ga_failed_lookup_marker_20_1411,,,,,Existing CM Trackers-Not Found,,,,,
CLIENT_X.nl,Targeted Advertising cookies (including social media),CLIENT_X - Netherlands,HTTP Cookie,bench_new_T3_33021,,1,TRUE,https://www.CLIENT_X.nl/c-e/ho/recall-perfectcare-8000-9000-elite-series,Existing CM Trackers-Found,,,,,
www.healthcare.shop.CLIENT_X.nl,Essential cookies,CLIENT_X - Netherlands,HTTP Cookie,_ga_failed_lookup_marker_20_1413,,,,,Existing CM Trackers-Not Found,,,,,
www.googleapis.com,Performance cookies,Google Inc.,JavaScript,bench_new_T3_33425,,,TRUE,https://www.CLIENT_X.nl/c-f/XC000004909/hoe-gebruik-ik-de-opzetstukken-van-mijn-CLIENT_X-epilator,Existing CM Trackers-Found,,,,,
www.healthcare.shop.CLIENT_X.nl,Performance cookies,CLIENT_X - Netherlands,HTTP Cookie,bench_new_T3_32385,,,,,Existing CM Trackers-Not Found,,,,,
versuni.scene7.com,Performance cookies,Adobe Experience Cloud - Experience Manager,JavaScript,bench_new_T3_32230,,,,,Existing CM Trackers-Not Found,,,,,
www.abonnementen.CLIENT_X.nl,Essential cookies,CLIENT_X - Netherlands,HTTP Cookie,bench_new_T3_33541,,,,,Existing CM Trackers-Not Found,,,,,
dpm.demdex.net,Targeted Advertising cookies (including social media),"Adobe Audience Manager, Adobe Experience Platform",HTTP Cookie,bench_new_T3_33095,,,,,Existing CM Trackers-Not Found,,,,,
CLIENT_X.nl,Essential cookies,CLIENT_X - Netherlands,HTTP Cookie,bench_new_T3_33275,,400,TRUE,https://www.CLIENT_X.nl/c-e/ho/recall-perfectcare-8000-9000-elite-series,Existing CM Trackers-Found,,,,,
www.CLIENT_X.nl,Targeted Advertising cookies (including social media),CLIENT_X - Netherlands,HTTP Cookie,bench_new_T3_32899,,,,,Existing CM Trackers-Not Found,,,,,
consent.trustarc.com,Essential cookies,TrustArc,JavaScript,bench_new_T3_32813,,,TRUE,http://www.CLIENT_X.nl/,Existing CM Trackers-Found,,,,,
maxosfusionconfigurator.lighting.CLIENT_X.com,Targeted Advertising cookies (including social media),Koninklijke CLIENT_X N.V.,Local Storage,bench_new_T3_32262,,,,,Existing CM Trackers-Not Found,,,,,
CLIENT_X.nl,Essential cookies,CLIENT_X - Netherlands,HTTP Cookie,bench_new_T3_32470,,0,TRUE,https://www.CLIENT_X.nl/c-e/ho/recall-perfectcare-8000-9000-elite-series,Existing CM Trackers-Found,,,,,
doubleclick.net,Targeted Advertising cookies (including social media),Google Advertising Products,HTTP Cookie,bench_new_T3_32229,,,,,Existing CM Trackers-Not Found,,,,,
CLIENT_X.nl,Essential cookies,CLIENT_X - Netherlands,HTTP Cookie,bench_new_T3_33317,,90,TRUE,https://www.CLIENT_X.nl/c-e/ho/recall-perfectcare-8000-9000-elite-series,Existing CM Trackers-Found,,,,,
CLIENT_X.nl,Essential cookies,CLIENT_X - Netherlands,HTTP Cookie,bench_new_T3_33598,,90,,https://www.CLIENT_X.nl/c-e/ho/recall-perfectcare-8000-9000-elite-series,New First Party Trackers,,,,,
bat.bing.com,Targeted Advertising cookies (including social media),Microsoft Advertising,JavaScript,bench_new_T3_33330,,,TRUE,https://www.CLIENT_X.nl/c-e/ho/recall-perfectcare-8000-9000-elite-series,Existing CM Trackers-Found,,,,,
www.gearselectiontool.lighting.CLIENT_X.com,Performance cookies,Signify (formerly CLIENT_X Lighting),ETag,bench_new_T3_33396,,,,,Existing CM Trackers-Not Found,,,,,
CLIENT_X.nl,Essential cookies,CLIENT_X - Netherlands,HTTP Cookie,bench_new_T3_33006,,,,,Existing CM Trackers-Not Found,,,,,
s.pinimg.com,Targeted Advertising cookies (including social media),Pinterest,JavaScript,bench_new_T3_32827,,,,,Existing CM Trackers-Not Found,,,,,
www.crsc.lighting.CLIENT_X.com,Performance cookies,Signify (formerly CLIENT_X Lighting),ETag,_ga_failed_lookup_marker_20_1431,,,,,Existing CM Trackers-Not Found,,,,,
www.CLIENT_X.nl,Essential cookies,CLIENT_X - Netherlands,HTTP Cookie,bench_new_T3_32220,,365,TRUE,https://www.CLIENT_X.nl/c-p/HX9552_33/-/ondersteuning,Existing CM Trackers-Found,,,,,
static.cloud.coveo.com,Targeted Advertising cookies (including social media),Coveo Solutions Inc.,JavaScript,bench_new_T3_33093,,,TRUE,https://www.CLIENT_X.nl/c-p/HX9992_12/sonicare-9900-prestige-elektrische-tandenborstel-met-senseiq,Existing CM Trackers-Found,,,,,
beacon.speedcurve.com,Performance cookies,Speedcurve,Beacon,bench_new_T3_32274,,,,https://www.CLIENT_X.nl/c-e/beauty-tips-voor-vrouwen/haarverzorging/haarstyling/tips-om-je-haar-te-foehnen-zonder-schade.html,New Third Party Trackers,,,,,
CLIENT_Xlighting.d3.sc.omtrdc.net,Performance cookies,"Adobe Audience Manager, Adobe Experience Platform",JavaScript,bench_new_T3_33295,,,,,Existing CM Trackers-Not Found,,,,,
www.healthcare.shop.CLIENT_X.nl,Essential cookies,CLIENT_X - Netherlands,HTTP Cookie,bench_new_T3_32688,,,,,Existing CM Trackers-Not Found,,,,,
www.gstatic.com,Performance cookies,Google Inc.,JavaScript,bench_new_T3_32473,,,TRUE,https://www.CLIENT_X.nl/c-e/member,Existing CM Trackers-Found,,,,,
stats.g.doubleclick.net,Targeted Advertising cookies (including social media),Google Advertising Products,Beacon,bench_new_T3_32544,,,TRUE,http://www.CLIENT_X.nl/,Existing CM Trackers-Found,,,,,
CLIENT_X.nl,Essential cookies,CLIENT_X - Netherlands,HTTP Cookie,bench_new_T3_32823,,,,,Existing CM Trackers-Not Found,,,,,
*.cloudfront.net,Performance cookies,Amazon (Cloudfront),ETag,_ga_failed_lookup_marker_20_1440,,,,https://www.CLIENT_X.nl/shop/NL_ONVZ/login,Existing CM Trackers-Found,,,,,
CLIENT_X.nl,Essential cookies (exempt from consent),CLIENT_X - Netherlands,HTTP Cookie,TEST_AMCV_COOKIE,,0,TRUE,https://www.CLIENT_X.nl/c-e/ho/recall-perfectcare-8000-9000-elite-series,Existing CM Trackers-Found,,,,,
www.googleapis.com,Performance cookies,Google Inc.,JavaScript,bench_new_T3_32099,,,TRUE,https://www.CLIENT_X.nl/c-f/XC000004909/hoe-gebruik-ik-de-opzetstukken-van-mijn-CLIENT_X-epilator,Existing CM Trackers-Found,,,,,
*.online-metrix.net,Performance cookies,LexisNexis Risk Solutions (formerly ThreatMetrix),Beacon,bench_new_T3_32151,,,,http://www.CLIENT_X.nl/,Existing CM Trackers-Found,,,,,
versuni.scene7.com,Performance cookies,Adobe Experience Cloud - Experience Manager,JavaScript,bench_new_T3_32884,,,,,Existing CM Trackers-Not Found,,,,,
www.lighting.CLIENT_X.nl,Essential cookies,Signify (formerly CLIENT_X Lighting),HTTP Cookie,bench_new_T3_32529,,,,,Existing CM Trackers-Not Found,,,,,
www.tienda.CLIENT_X.com.ar,Essential cookies (exempt from consent),CLIENT_X - Argentina,HTTP Cookie,twk_idm_key,,bench_update_duration,TRUE,https://www.CLIENT_X.nl/healthcare/clinical-solutions/radiology-operations-command-center,Existing CM Trackers-Found,,,,,
c.clarity.ms,Performance cookies,Microsoft,HTTP Cookie,bench_new_T3_32825,,,,,Existing CM Trackers-Not Found,,,,,
*.akamaihd.net,Performance cookies,Akamai,ETag,bench_new_T3_33416,,,,,Existing CM Trackers-Not Found,,,,,
www.horticulture-partnertool.lighting.CLIENT_X.com,Performance cookies,Signify (formerly CLIENT_X Lighting),ETag,bench_new_T3_33083,,,,,Existing CM Trackers-Not Found,,,,,
sc-static.net,Targeted Advertising cookies (including social media),Snap Inc.,JavaScript,bench_new_T3_32966,,,TRUE,https://www.CLIENT_X.nl/c-e/ho/recall-perfectcare-8000-9000-elite-series,Existing CM Trackers-Found,,,,,
CLIENT_X.nl,Targeted Advertising cookies (including social media),CLIENT_X - Netherlands,HTTP Cookie,bench_new_T3_32477,,7,TRUE,https://www.CLIENT_X.nl/c-e/ho/recall-perfectcare-8000-9000-elite-series,Existing CM Trackers-Found,,,,,
google.com,Performance cookies,Google Inc.,Local Storage,bench_new_T3_32196,,,TRUE,https://www.CLIENT_X.nl/c-e/member,Existing CM Trackers-Found,,,,,
static.iadvize.com,Targeted Advertising cookies (including social media),iAdvize,ETag,bench_new_T3_33163,,,TRUE,https://www.CLIENT_X.nl/c-e/ho/recall-perfectcare-8000-9000-elite-series,Existing CM Trackers-Found,,,,,
images.CLIENT_X.com,Essential cookies,Koninklijke CLIENT_X N.V.,ETag,bench_new_T3_32759,,,TRUE,https://www.CLIENT_X.nl/c-p/QP4530_30/oneblade-gezicht,Existing CM Trackers-Found,,,,,
assets-v2.yieldify.com,Targeted Advertising cookies (including social media),Yieldify,ETag,bench_new_T3_32443,,,,,Existing CM Trackers-Not Found,,,,,
CLIENT_X.co.uk,Essential cookies,CLIENT_X - United Kingdom,HTTP Cookie,_ga_failed_lookup_marker_20_1456,,,,,Existing CM Trackers-Not Found,,,,,
www.lighting.CLIENT_X.bg,Essential cookies (exempt from consent),Signify (formerly CLIENT_X Lighting),HTTP Cookie,d01-layout,,bench_update_duration,TRUE,https://www.CLIENT_X.nl/c-e/ho/recall-perfectcare-8000-9000-elite-series,Existing CM Trackers-Found,,,,,
CLIENT_X.nl,Essential cookies,CLIENT_X - Netherlands,HTTP Cookie,bench_new_T3_32973,,,,,Existing CM Trackers-Not Found,,,,,
CLIENT_X.nl,Essential cookies,CLIENT_X - Netherlands,Local Storage,bench_new_T3_33313,,,TRUE,https://www.CLIENT_X.nl/c-w/consumenten-ondersteuning/support-contact-page,Existing CM Trackers-Found,,,,,
www.lighting.CLIENT_X.nl,Essential cookies,Signify (formerly CLIENT_X Lighting),HTTP Cookie,bench_new_T3_33248,,,,,Existing CM Trackers-Not Found,,,,,
www.abonnementen.CLIENT_X.nl,Performance cookies,CLIENT_X - Netherlands,HTTP Cookie,bench_new_T3_33569,,,,,Existing CM Trackers-Not Found,,,,,
maxosfusionconfigurator.lighting.CLIENT_X.com,Targeted Advertising cookies (including social media),Koninklijke CLIENT_X N.V.,Local Storage,_ga_failed_lookup_marker_20_1462,,,,,Existing CM Trackers-Not Found,,,,,
CLIENT_X.nl,Essential cookies,CLIENT_X - Netherlands,HTTP Cookie,bench_new_T3_32174,,90,,https://www.CLIENT_X.nl/c-e/ho/recall-perfectcare-8000-9000-elite-series,New First Party Trackers,,,,,
www.lighting.CLIENT_X.nl,Essential cookies,Signify (formerly CLIENT_X Lighting),HTTP Cookie,bench_new_T3_32826,,,,,Existing CM Trackers-Not Found,,,,,
smetrics.marketing.CLIENT_X-hue.com,Targeted Advertising cookies (including social media),CLIENT_X Hue,JavaScript,_ga_failed_lookup_marker_20_1465,,,,,Existing CM Trackers-Not Found,,,,,
curalate.com,Targeted Advertising cookies (including social media),"Bazaarvoice, Inc.",HTTP Cookie,bench_new_T3_32452,,,,,Existing CM Trackers-Not Found,,,,,
CLIENT_Xb2c.my.site.com,Performance cookies,"Salesforce.com, Inc.",Beacon,bench_new_T3_32074,,,TRUE,https://www.CLIENT_X.nl/c-w/consumenten-ondersteuning/support-contact-page,Existing CM Trackers-Found,,,,,
www.CLIENT_X.nl,Essential cookies,CLIENT_X - Netherlands,HTTP Cookie,bench_new_T3_32100,,0,TRUE,https://www.CLIENT_X.nl/c-p/HX9552_33/-/ondersteuning,Existing CM Trackers-Found,,,,,
www.CLIENT_X.co.uk,Performance cookies,CLIENT_X - United Kingdom,ETag,bench_new_T3_33284,,,,,Existing CM Trackers-Not Found,,,,,
CLIENT_X.nl,Essential cookies,CLIENT_X - Netherlands,HTTP Cookie,bench_new_T3_32107,,,,,Existing CM Trackers-Not Found,,,,,
CLIENT_X.nl,Essential cookies,CLIENT_X - Netherlands,HTTP Cookie,bench_new_T3_32264,,400,,https://www.CLIENT_X.nl/c-e/ho/recall-perfectcare-8000-9000-elite-series,New First Party Trackers,,,,,
cdn.speedcurve.com,Performance cookies,Speedcurve,JavaScript,bench_new_T3_32854,,,,http://www.CLIENT_X.nl/,New Third Party Trackers,,,,,
lighting.CLIENT_X.nl,Performance cookies,Signify (formerly CLIENT_X Lighting),HTTP Cookie,bench_new_T3_32632,,,,,Existing CM Trackers-Not Found,,,,,
*.online-metrix.net,Performance cookies,LexisNexis Risk Solutions (formerly ThreatMetrix),JavaScript,_ga_failed_lookup_marker_20_1474,,,,https://www.CLIENT_X.nl/c-p/JC305_50/-,Existing CM Trackers-Found,,,,,
www.CLIENT_X.nl,Essential cookies,CLIENT_X - Netherlands,HTTP Cookie,bench_new_T3_32874,,session,TRUE,https://www.CLIENT_X.nl/c-p/HX9552_33/-/ondersteuning,Existing CM Trackers-Found,,,,,
stg.CLIENT_X.co.id,Essential cookies (exempt from consent),CLIENT_X - Indonesia,HTTP Cookie,mdLogger,,,,,Existing CM Trackers-Not Found,,,,,
doubleclick.net,Targeted Advertising cookies (including social media),Google Advertising Products,HTTP Cookie,bench_new_T3_33491,,390,TRUE,https://www.CLIENT_X.nl/a-w/about,Existing CM Trackers-Found,,,,,
CLIENT_X.nl,Essential cookies,CLIENT_X - Netherlands,HTTP Cookie,_ga_failed_lookup_marker_20_1478,,7,TRUE,https://www.CLIENT_X.nl/c-e/ho/recall-perfectcare-8000-9000-elite-series,Existing CM Trackers-Found,,,,,
embed.podcasts.apple.com,Targeted Advertising cookies (including social media),Apple Inc.,ETag,bench_new_T3_32421,,,,https://www.CLIENT_X.nl/a-w/about/milieu-maatschappij-governance-esg/partnerships/BNR-FD,New Third Party Trackers,,,,,
recaptcha.net,Performance cookies,Google Inc.,Local Storage,bench_new_T3_32206,,,,,Existing CM Trackers-Not Found,,,,,
www.youtube.com,Targeted Advertising cookies (including social media),Google Advertising Products,JavaScript,bench_new_T3_33205,,,TRUE,https://www.CLIENT_X.nl/c-e/hs/slaapapneu/i-think-i-might-have-sleep-apnea/getting-diagnosed,Existing CM Trackers-Found,,,,,
CLIENT_X.nl,Essential cookies,CLIENT_X - Netherlands,HTTP Cookie,bench_new_T3_33087,,,,,Existing CM Trackers-Not Found,,,,,
doubleclick.net,Targeted Advertising cookies (including social media),Google Advertising Products,HTTP Cookie,bench_new_T3_33379,,390,TRUE,https://www.CLIENT_X.nl/a-w/about,Existing CM Trackers-Found,,,,,
assets-v2.yieldify.com,Targeted Advertising cookies (including social media),Yieldify,ETag,_ga_failed_lookup_marker_20_1484,,,,,Existing CM Trackers-Not Found,,,,,
fonts.yieldify-production.com,Targeted Advertising cookies (including social media),Yieldify,ETag,bench_new_T3_32711,,,,,Existing CM Trackers-Not Found,,,,,
www.CLIENT_X.pt,Essential cookies (exempt from consent),CLIENT_X - Portugal,Beacon,blank (beacon),,400,TRUE,https://www.CLIENT_X.nl/c-e/ho/recall-perfectcare-8000-9000-elite-series,Existing CM Trackers-Found,,,,,
CLIENT_X.janrainsso.com,Performance cookies,Akamai,ETag,bench_new_T3_32353,,,,https://www.CLIENT_X.nl/shop/NL_ONVZ/login,New Third Party Trackers,,,,,
lighting.CLIENT_X.fr,Essential cookies (exempt from consent),Signify (formerly CLIENT_X Lighting),HTTP Cookie,com.adobe.alloy.getTld,,,,,Existing CM Trackers-Not Found,,,,,
s2.go-mpulse.net,Performance cookies,Akamai,JavaScript,bench_new_T3_32069,,,TRUE,http://www.CLIENT_X.nl/,Existing CM Trackers-Found,,,,,
bing.com,Targeted Advertising cookies (including social media),Microsoft Advertising,HTTP Cookie,bench_new_T3_32574,,,,,Existing CM Trackers-Not Found,,,,,
js-cdn.music.apple.com,Performance cookies,Apple Inc.,ETag,bench_new_T3_33487,,,,https://www.CLIENT_X.nl/a-w/about/milieu-maatschappij-governance-esg/partnerships/BNR-FD,New Third Party Trackers,,,,,
www.CLIENT_X.nl,Performance cookies,CLIENT_X - Netherlands,HTTP Cookie,_ga_failed_lookup_marker_20_1492,,,,,Existing CM Trackers-Not Found,,,,,
img.youtube.com,Targeted Advertising cookies (including social media),Google Advertising Products,ETag,bench_new_T3_32876,,,,https://www.CLIENT_X.nl/a-w/CLIENT_X-museum/activiteiten/speciale-activiteiten/de-lamp.html,New Third Party Trackers,,,,,
bing.com,Targeted Advertising cookies (including social media),Microsoft Advertising,HTTP Cookie,bench_new_T3_32901,,,,,Existing CM Trackers-Not Found,,,,,
www.facebook.com,Targeted Advertising cookies (including social media),Meta (formerly Facebook),Beacon,bench_new_T3_33153,,,TRUE,http://www.CLIENT_X.nl/,Existing CM Trackers-Found,,,,,
youtube.com,Targeted Advertising cookies (including social media),Google Advertising Products,HTTP Cookie,bench_new_T3_32480,,180,,https://www.CLIENT_X.nl/c-e/hs/slaapapneu/i-think-i-might-have-sleep-apnea/getting-diagnosed,New Third Party Trackers,,,,,
smetrics.marketing.CLIENT_X-hue.com,Targeted Advertising cookies (including social media),CLIENT_X Hue,JavaScript,bench_new_T3_32959,,,,,Existing CM Trackers-Not Found,,,,,
encore.scdn.co,Performance cookies,Spotify,ETag,bench_new_T3_32059,,,,https://www.CLIENT_X.nl/a-w/about/milieu-maatschappij-governance-esg/partnerships/BNR-FD,New Third Party Trackers,,,,,
www.gearselectiontool.lighting.CLIENT_X.com,Performance cookies,Signify (formerly CLIENT_X Lighting),JavaScript,bench_new_T3_32404,,,,,Existing CM Trackers-Not Found,,,,,
CLIENT_X.nl,Essential cookies,CLIENT_X - Netherlands,HTTP Cookie,bench_new_T3_32765,,90,,https://www.CLIENT_X.nl/c-e/ho/recall-perfectcare-8000-9000-elite-series,New First Party Trackers,,,,,
tracker-detail-page.trustarc.com,Essential cookies,TrustArc,ETag,bench_new_T3_32234,,,,https://www.CLIENT_X.nl/a-w/cookie-verklaring,New Third Party Trackers,,,,,
cdn.botframework.com,Performance cookies,Microsoft Bot Framework,JavaScript,bench_new_T3_33324,,,,,Existing CM Trackers-Not Found,,,,,
koninklijkeCLIENT_Xnvproduction2k8xfrmr.org.coveo.com,Performance cookies,Coveo Solutions Inc.,Beacon,bench_new_T3_33223,,,,https://www.CLIENT_X.nl/a-w/about/nieuws-achtergronden/alle-artikelen.html,New Third Party Trackers,,,,,
www.abonnementen.CLIENT_X.nl,Essential cookies,CLIENT_X - Netherlands,HTTP Cookie,_ga_failed_lookup_marker_20_1504,,,,,Existing CM Trackers-Not Found,,,,,
CLIENT_X.nl,Essential cookies,CLIENT_X - Netherlands,HTTP Cookie,bench_new_T3_32926,,session,TRUE,https://www.CLIENT_X.nl/c-e/ho/recall-perfectcare-8000-9000-elite-series,Existing CM Trackers-Found,,,,,
smetrics.marketing.CLIENT_X-hue.com,Targeted Advertising cookies (including social media),CLIENT_X Hue,JavaScript,bench_new_T3_33155,,,,,Existing CM Trackers-Not Found,,,,,
c.clarity.ms,Performance cookies,Microsoft,HTTP Cookie,bench_new_T3_33018,,,,,Existing CM Trackers-Not Found,,,,,
CLIENT_X.nl,Essential cookies,CLIENT_X - Netherlands,HTTP Cookie,bench_new_T3_33432,,60,TRUE,https://www.CLIENT_X.nl/c-e/ho/recall-perfectcare-8000-9000-elite-series,Existing CM Trackers-Found,,,,,
images.CLIENT_X.com,Essential cookies,Koninklijke CLIENT_X N.V.,JavaScript,bench_new_T3_33251,,,TRUE,https://www.CLIENT_X.nl/c-f/XC000019201/hoe-reinig-en-desinfecteer-ik-de-CLIENT_X-avent-borstkolf,Existing CM Trackers-Found,,,,,
CLIENT_X.nl,Essential cookies,CLIENT_X - Netherlands,HTTP Cookie,bench_new_T3_33422,,session,TRUE,https://www.CLIENT_X.nl/c-e/ho/recall-perfectcare-8000-9000-elite-series,Existing CM Trackers-Found,,,,,
CLIENT_X.nl,Essential cookies,CLIENT_X - Netherlands,HTTP Cookie,bench_new_T3_32726,,0,TRUE,https://www.CLIENT_X.nl/c-e/ho/recall-perfectcare-8000-9000-elite-series,Existing CM Trackers-Found,,,,,
snap.licdn.com,Performance cookies,LinkedIn,JavaScript,_ga_failed_lookup_marker_20_1512,,,TRUE,https://www.CLIENT_X.nl/c-e/ho/recall-perfectcare-8000-9000-elite-series,Existing CM Trackers-Found,,,,,
www.terracycle.com,Essential cookies,TerraCycle,JavaScript,bench_new_T3_32942,,,,,Existing CM Trackers-Not Found,,,,,
CLIENT_X.ma,Essential cookies (exempt from consent),CLIENT_X - Morocco,HTTP Cookie,bc_tstgrp,,90,,https://www.CLIENT_X.nl/c-e/ho/recall-perfectcare-8000-9000-elite-series,New First Party Trackers,,,,,
stats.g.doubleclick.net,Targeted Advertising cookies (including social media),Google Advertising Products,Beacon,bench_new_T3_32439,,,TRUE,http://www.CLIENT_X.nl/,Existing CM Trackers-Found,,,,,
*.salesforceliveagent.com,Performance cookies,"salesforce.com, inc.",JavaScript,bench_new_T3_32548,,,,,Existing CM Trackers-Not Found,,,,,
terracycle.com,Targeted Advertising cookies (including social media),TerraCycle,Local Storage,bench_new_T3_32704,,,,,Existing CM Trackers-Not Found,,,,,
consent.truste.com,Essential cookies,TrustArc,JavaScript,bench_new_T3_32509,,,,,Existing CM Trackers-Not Found,,,,,
dpm.demdex.net,Targeted Advertising cookies (including social media),"Adobe Audience Manager, Adobe Experience Platform",Beacon,bench_new_T3_33174,,,,,Existing CM Trackers-Not Found,,,,,
www.healthcare.shop.CLIENT_X.nl,Essential cookies,CLIENT_X - Netherlands,HTTP Cookie,bench_new_T3_32222,,,,,Existing CM Trackers-Not Found,,,,,
tracker-detail-page.trustarc.com,Essential cookies,TrustArc,JavaScript,bench_new_T3_32407,,,,https://www.CLIENT_X.nl/a-w/cookie-verklaring,New Third Party Trackers,,,,,
www.healthcare.shop.CLIENT_X.nl,Essential cookies,CLIENT_X - Netherlands,HTTP Cookie,bench_new_T3_32476,,,,,Existing CM Trackers-Not Found,,,,,
pages.information.signify.com,Performance cookies,Signify (formerly CLIENT_X Lighting),JavaScript,bench_new_T3_32950,,,,,Existing CM Trackers-Not Found,,,,,
CLIENT_X.gr,Essential cookies (exempt from consent),CLIENT_X - Greece,HTTP Cookie,_ttp,,0,TRUE,https://www.CLIENT_X.nl/c-e/ho/recall-perfectcare-8000-9000-elite-series,Existing CM Trackers-Found,,,,,
CLIENT_X.nl,Essential cookies,CLIENT_X - Netherlands,HTTP Cookie,bench_new_T3_32929,,90,,https://www.CLIENT_X.nl/c-e/ho/recall-perfectcare-8000-9000-elite-series,New First Party Trackers,,,,,
CLIENT_X.nl,Targeted Advertising cookies (including social media),CLIENT_X - Netherlands,HTTP Cookie,bench_new_T3_32150,,1,TRUE,https://www.CLIENT_X.nl/c-e/ho/recall-perfectcare-8000-9000-elite-series,Existing CM Trackers-Found,,,,,
CLIENT_X.nl,Essential cookies,CLIENT_X - Netherlands,HTTP Cookie,bench_new_T3_32573,,400,TRUE,https://www.CLIENT_X.nl/c-e/ho/recall-perfectcare-8000-9000-elite-series,Existing CM Trackers-Found,,,,,
labs.iadvize.com,Performance cookies,iAdvize,ETag,bench_new_T3_33009,,,TRUE,https://www.CLIENT_X.nl/c-e/ho/recall-perfectcare-8000-9000-elite-series,Existing CM Trackers-Found,,,,,
code.jquery.com,Performance cookies,jQuery,ETag,bench_new_T3_33559,,,,,Existing CM Trackers-Not Found,,,,,
www.CLIENT_X.nl,Essential cookies,CLIENT_X - Netherlands,HTTP Cookie,bench_new_T3_32301,,,,,Existing CM Trackers-Not Found,,,,,
h64.online-metrix.net,Performance cookies,LexisNexis Risk Solutions (formerly ThreatMetrix),Beacon,bench_new_T3_33102,,,,http://www.CLIENT_X.nl/,New Third Party Trackers,,,,,
embed-cdn.spotifycdn.com,Performance cookies,Spotify,ETag,bench_new_T3_32317,,,,https://www.CLIENT_X.nl/a-w/about/milieu-maatschappij-governance-esg/partnerships/BNR-FD,New Third Party Trackers,,,,,
CLIENT_X.nl,Essential cookies,CLIENT_X - Netherlands,Local Storage,bench_new_T3_32459,,,TRUE,https://www.CLIENT_X.nl/c-w/consumenten-ondersteuning/support-contact-page,Existing CM Trackers-Found,,,,,
CLIENT_X.nl,Targeted Advertising cookies (including social media),CLIENT_X - Netherlands,HTTP Cookie,_ga_failed_lookup_marker_20_1534,,7,TRUE,https://www.CLIENT_X.nl/c-e/ho/recall-perfectcare-8000-9000-elite-series,Existing CM Trackers-Found,,,,,
www.healthcare.shop.CLIENT_X.nl,Essential cookies,CLIENT_X - Netherlands,HTTP Cookie,bench_new_T3_32738,,,,,Existing CM Trackers-Not Found,,,,,
CLIENT_X.com.tw,Essential cookies (exempt from consent),CLIENT_X - Taiwan,HTTP Cookie,s_nrpv,,1,TRUE,https://www.CLIENT_X.nl/c-e/ho/recall-perfectcare-8000-9000-elite-series,Existing CM Trackers-Found,,,,,
www.static.accounts.CLIENT_X.com,Essential cookies,Koninklijke CLIENT_X N.V.,JavaScript,_ga_failed_lookup_marker_20_1537,,,,,Existing CM Trackers-Not Found,,,,,
assets.adoberesources.net,Performance cookies,Adobe Inc.,ETag,bench_new_T3_32763,,,,,Existing CM Trackers-Not Found,,,,,
h64.online-metrix.net,Performance cookies,LexisNexis Risk Solutions (formerly ThreatMetrix),JavaScript,bench_new_T3_32152,,,,https://www.CLIENT_X.nl/c-p/JC305_50/-,New Third Party Trackers,,,,,
CLIENT_X.nl,Essential cookies,CLIENT_X - Netherlands,HTTP Cookie,bench_new_T3_32440,,365,TRUE,https://www.CLIENT_X.nl/c-e/ho/recall-perfectcare-8000-9000-elite-series,Existing CM Trackers-Found,,,,,
beacon.speedcurve.com,Performance cookies,Speedcurve,Beacon,bench_new_T3_32357,,,,https://www.CLIENT_X.nl/c-e/beauty-tips-voor-vrouwen/haarverzorging/haarstyling/tips-om-je-haar-te-foehnen-zonder-schade.html,New Third Party Trackers,,,,,
CLIENT_Xb2c.my.site.com,Performance cookies,"Salesforce.com, Inc.",JavaScript,bench_new_T3_32133,,,TRUE,https://www.CLIENT_X.nl/c-w/consumenten-ondersteuning/support-contact-page,Existing CM Trackers-Found,,,,,
www.tco.lighting.CLIENT_X.com,Performance cookies,Koninklijke CLIENT_X N.V.,JavaScript,bench_new_T3_33231,,,,,Existing CM Trackers-Not Found,,,,,
CLIENT_Xb2c.my.site.com,Performance cookies,"Salesforce.com, Inc.",Local Storage,bench_new_T3_32352,,,TRUE,https://www.CLIENT_X.nl/c-w/consumenten-ondersteuning/support-contact-page,Existing CM Trackers-Found,,,,,
CLIENT_X.nl,Essential cookies,CLIENT_X - Netherlands,HTTP Cookie,bench_new_T3_32129,,400,,https://www.CLIENT_X.nl/c-e/ho/recall-perfectcare-8000-9000-elite-series,New First Party Trackers,,,,,
www.CLIENT_X.nl,Essential cookies,CLIENT_X - Netherlands,HTTP Cookie,bench_new_T3_32774,,6,,https://www.CLIENT_X.nl/c-p/HX9552_33/-/ondersteuning,New First Party Trackers,,,,,
images.CLIENT_X.com,Essential cookies,Koninklijke CLIENT_X N.V.,JavaScript,bench_new_T3_32371,,,TRUE,https://www.CLIENT_X.nl/c-f/XC000019201/hoe-reinig-en-desinfecteer-ik-de-CLIENT_X-avent-borstkolf,Existing CM Trackers-Found,,,,,
lighting.CLIENT_X.nl,Essential cookies,Signify (formerly CLIENT_X Lighting),HTTP Cookie,bench_new_T3_32875,,,,,Existing CM Trackers-Not Found,,,,,
h64.online-metrix.net,Performance cookies,LexisNexis Risk Solutions (formerly ThreatMetrix),Beacon,bench_new_T3_32185,,,,http://www.CLIENT_X.nl/,New Third Party Trackers,,,,,
munchkin.marketo.net,Targeted Advertising cookies (including social media),Marketo,JavaScript,bench_new_T3_33044,,,,,Existing CM Trackers-Not Found,,,,,
youtube.com,Targeted Advertising cookies (including social media),Google Advertising Products,HTTP Cookie,bench_new_T3_32355,,session,TRUE,https://www.CLIENT_X.nl/c-e/hs/slaapapneu/i-think-i-might-have-sleep-apnea/getting-diagnosed,Existing CM Trackers-Found,,,,,
CLIENT_X.nl,Essential cookies,CLIENT_X - Netherlands,HTTP Cookie,bench_new_T3_32375,,,,,Existing CM Trackers-Not Found,,,,,
www.lighting.CLIENT_X.com,Performance cookies,Signify (formerly CLIENT_X Lighting),JavaScript,bench_new_T3_32784,,,,,Existing CM Trackers-Not Found,,,,,
tracker-detail-page.trustarc.com,Essential cookies,TrustArc,JavaScript,_ga_failed_lookup_marker_20_1554,,,,https://www.CLIENT_X.nl/a-w/cookie-verklaring,New Third Party Trackers,,,,,
pages.information.signify.com,Performance cookies,Signify (formerly CLIENT_X Lighting),Local Storage,bench_new_T3_33527,,,,,Existing CM Trackers-Not Found,,,,,
*.cloudfront.net,Performance cookies,Amazon (Cloudfront),ETag,bench_new_T3_32660,,,,https://www.CLIENT_X.nl/shop/NL_ONVZ/login,Existing CM Trackers-Found,,,,,
tracker-detail-page.trustarc.com,Essential cookies,TrustArc,JavaScript,bench_new_T3_32696,,,,https://www.CLIENT_X.nl/a-w/cookie-verklaring,New Third Party Trackers,,,,,
www.abonnementen.CLIENT_X.nl,Essential cookies,CLIENT_X - Netherlands,HTTP Cookie,bench_new_T3_32135,,,,,Existing CM Trackers-Not Found,,,,,
consent-pref.trustarc.com,Essential cookies,TrustArc,Local Storage,bench_new_T3_32595,,,TRUE,https://www.CLIENT_X.nl/a-w/about,Existing CM Trackers-Found,,,,,
www.CLIENT_X.nl,Essential cookies,CLIENT_X - Netherlands,HTTP Cookie,bench_new_T3_32332,,30,,https://www.CLIENT_X.nl/c-p/HX9552_33/-/ondersteuning,New First Party Trackers,,,,,
pages.information.signify.com,Performance cookies,Signify (formerly CLIENT_X Lighting),JavaScript,bench_new_T3_33224,,,,,Existing CM Trackers-Not Found,,,,,
embed.podcasts.apple.com,Targeted Advertising cookies (including social media),Apple Inc.,JavaScript,bench_new_T3_32602,,,,https://www.CLIENT_X.nl/a-w/about/milieu-maatschappij-governance-esg/partnerships/BNR-FD,New Third Party Trackers,,,,,
www.CLIENT_X.es,Essential cookies (exempt from consent),CLIENT_X - Spain,HTTP Cookie,notice_settings,,bench_update_duration,,,Existing CM Trackers-Not Found,,,,,
CLIENT_X.se,Essential cookies (exempt from consent),CLIENT_X - Sweden,HTTP Cookie,FPLC,,,,,Existing CM Trackers-Not Found,,,,,
www.CLIENT_X.nl,Essential cookies,CLIENT_X - Netherlands,HTTP Cookie,bench_new_T3_32223,,,,,Existing CM Trackers-Not Found,,,,,
img.en25.com,Performance cookies,Oracle Marketing,JavaScript,bench_new_T3_32128,,,,https://www.CLIENT_X.nl/healthcare,New Third Party Trackers,,,,,
CLIENT_X.nl,Essential cookies,CLIENT_X - Netherlands,HTTP Cookie,bench_new_T3_33049,,90,TRUE,https://www.CLIENT_X.nl/c-e/ho/recall-perfectcare-8000-9000-elite-series,Existing CM Trackers-Found,,,,,
acdn-digitaltrans-01-p.azureedge.net,Targeted Advertising cookies (including social media),Microsoft,JavaScript,bench_new_T3_32580,,,TRUE,https://www.CLIENT_X.nl/c-e/hs/slaapapneu/i-think-i-might-have-sleep-apnea.html,Existing CM Trackers-Found,,,,,
www.CLIENT_X.nl,Essential cookies,CLIENT_X - Netherlands,HTTP Cookie,bench_new_T3_32500,,session,TRUE,https://www.CLIENT_X.nl/c-p/HX9552_33/-/ondersteuning,Existing CM Trackers-Found,,,,,
ssl-static.janraincapture.com,Performance cookies,Akamai,JavaScript,bench_new_T3_32819,,,,,Existing CM Trackers-Not Found,,,,,
spotify.com,Performance cookies,Spotify,HTTP Cookie,bench_new_T3_33529,,1,,https://www.CLIENT_X.nl/a-w/about/milieu-maatschappij-governance-esg/partnerships/BNR-FD,New Third Party Trackers,,,,,
ad.doubleclick.net,Targeted Advertising cookies (including social media),Google Advertising Products,Beacon,bench_new_T3_33299,,,TRUE,http://www.CLIENT_X.nl/,Existing CM Trackers-Found,,,,,
CLIENT_X.nl,Essential cookies,CLIENT_X - Netherlands,HTTP Cookie,bench_new_T3_32160,,,,,Existing CM Trackers-Not Found,,,,,
dsum-sec.casalemedia.com,Targeted Advertising cookies (including social media),Index Exchange Inc.,Beacon,bench_new_T3_33140,,,,https://www.CLIENT_X.nl/a-w/about,New Third Party Trackers,,,,,
s.pinimg.com,Targeted Advertising cookies (including social media),Pinterest,ETag,bench_new_T3_32693,,,,,Existing CM Trackers-Not Found,,,,,
www.accounts.CLIENT_X.com,Essential cookies,Koninklijke CLIENT_X N.V.,JavaScript,_ga_failed_lookup_marker_20_1576,,,,,Existing CM Trackers-Not Found,,,,,
CLIENT_X.nl,Essential cookies,CLIENT_X - Netherlands,HTTP Cookie,bench_new_T3_32847,,90,,https://www.CLIENT_X.nl/c-e/ho/recall-perfectcare-8000-9000-elite-series,New First Party Trackers,,,,,
www.crsc.lighting.CLIENT_X.com,Performance cookies,Signify (formerly CLIENT_X Lighting),ETag,bench_new_T3_32285,,,,,Existing CM Trackers-Not Found,,,,,
www.lighting.CLIENT_X.nl,Essential cookies,Signify (formerly CLIENT_X Lighting),HTTP Cookie,bench_new_T3_32338,,,,,Existing CM Trackers-Not Found,,,,,
*.akstat.io,Performance cookies,Akamai,Beacon,bench_new_T3_32895,,,,https://www.CLIENT_X.nl/c-p/HX4046_52/4100-rechargeable-toothbrush,Existing CM Trackers-Found,,,,,
cdn.botframework.com,Performance cookies,Microsoft Bot Framework,ETag,_ga_failed_lookup_marker_20_1581,,,,,Existing CM Trackers-Not Found,,,,,
www.assets.lighting.CLIENT_X.com,Performance cookies,Signify (formerly CLIENT_X Lighting),ETag,bench_new_T3_32683,,,,,Existing CM Trackers-Not Found,,,,,
google.com,Performance cookies,Google Inc.,Local Storage,bench_new_T3_33192,,,TRUE,https://www.CLIENT_X.nl/c-e/member,Existing CM Trackers-Found,,,,,
www.lighting.CLIENT_X.co.kr,Essential cookies (exempt from consent),Signify (formerly CLIENT_X Lighting),HTTP Cookie,ltc_cf,,bench_update_duration,,https://www.CLIENT_X.nl/a-w/CLIENT_X-museum/activiteiten/speciale-activiteiten/de-lamp.html,New Third Party Trackers,,,,,
embed-cdn.spotifycdn.com,Performance cookies,Spotify,ETag,bench_new_T3_32191,,,,https://www.CLIENT_X.nl/a-w/about/milieu-maatschappij-governance-esg/partnerships/BNR-FD,New Third Party Trackers,,,,,
CLIENT_X.nl,Performance cookies,CLIENT_X - Netherlands,HTTP Cookie,_ga_failed_lookup_marker_20_1586,,,,,Existing CM Trackers-Not Found,,,,,
www.healthcare.shop.CLIENT_X.nl,Essential cookies,CLIENT_X - Netherlands,HTTP Cookie,bench_new_T3_33029,,,,,Existing CM Trackers-Not Found,,,,,
cdn.speedcurve.com,Performance cookies,Speedcurve,JavaScript,bench_new_T3_32678,,,,http://www.CLIENT_X.nl/,New Third Party Trackers,,,,,
region1.analytics.google.com,Performance cookies,Google Inc.,Beacon,bench_new_T3_33394,,,TRUE,http://www.CLIENT_X.nl/,Existing CM Trackers-Found,,,,,
dpm.demdex.net,Targeted Advertising cookies (including social media),"Adobe Audience Manager, Adobe Experience Platform",HTTP Cookie,bench_new_T3_33191,,,,,Existing CM Trackers-Not Found,,,,,
CLIENT_X.nl,Essential cookies,CLIENT_X - Netherlands,HTTP Cookie,bench_new_T3_33339,,400,TRUE,https://www.CLIENT_X.nl/c-e/ho/recall-perfectcare-8000-9000-elite-series,Existing CM Trackers-Found,,,,,
CLIENT_X.sa,Essential cookies (exempt from consent),CLIENT_X - Kingdom of Saudi Arabia,HTTP Cookie,_gcl_au,,0,TRUE,https://www.CLIENT_X.nl/c-e/ho/recall-perfectcare-8000-9000-elite-series,Existing CM Trackers-Found,,,,,
c.bing.com,Targeted Advertising cookies (including social media),Microsoft Advertising,HTTP Cookie,bench_new_T3_33333,,,,,Existing CM Trackers-Not Found,,,,,
bat.bing.com,Targeted Advertising cookies (including social media),Microsoft Advertising,Beacon,bench_new_T3_32801,,,TRUE,https://www.CLIENT_X.nl/c-e/ho/recall-perfectcare-8000-9000-elite-series,Existing CM Trackers-Found,,,,,
www.CLIENT_X.bg,Essential cookies (exempt from consent),CLIENT_X - Bulgaria,HTTP Cookie,AWSELBCORS,,bench_update_duration,TRUE,https://www.CLIENT_X.nl/a-w/about,Existing CM Trackers-Found,,,,,
tr.snapchat.com,Targeted Advertising cookies (including social media),Snap Inc.,Beacon,bench_new_T3_32358,,,TRUE,https://www.CLIENT_X.nl/c-e/ho/recall-perfectcare-8000-9000-elite-series,Existing CM Trackers-Found,,,,,
px.ads.linkedin.com,Targeted Advertising cookies (including social media),LinkedIn,JavaScript,bench_new_T3_32843,,,TRUE,https://www.CLIENT_X.nl/healthcare/clinical-solutions/radiology-operations-command-center,Existing CM Trackers-Found,,,,,
CLIENT_Xlighting.d3.sc.omtrdc.net,Performance cookies,"Adobe Audience Manager, Adobe Experience Platform",JavaScript,_ga_failed_lookup_marker_20_1598,,,,,Existing CM Trackers-Not Found,,,,,
lighting.CLIENT_X.nl,Essential cookies,Signify (formerly CLIENT_X Lighting),HTTP Cookie,bench_new_T3_32318,,,,,Existing CM Trackers-Not Found,,,,,
www.horticulture-partnertool.lighting.CLIENT_X.com,Performance cookies,Signify (formerly CLIENT_X Lighting),ETag,bench_new_T3_33121,,,,,Existing CM Trackers-Not Found,,,,,
CLIENT_X.nl,Essential cookies,CLIENT_X - Netherlands,HTTP Cookie,bench_new_T3_32445,,session,TRUE,https://www.CLIENT_X.nl/c-e/ho/recall-perfectcare-8000-9000-elite-series,Existing CM Trackers-Found,,,,,
*.fls.doubleclick.net,Targeted Advertising cookies (including social media),Google Advertising Products,Beacon,bench_new_T3_33306,,,,,Existing CM Trackers-Not Found,,,,,
CLIENT_X.ca,Essential cookies (exempt from consent),CLIENT_X - Canada,HTTP Cookie,TAsessionID,,bench_update_duration,TRUE,https://www.CLIENT_X.nl/c-e/hs/slaapapneu/i-think-i-might-have-sleep-apnea/getting-diagnosed,Existing CM Trackers-Found,,,,,
eloqua.com,Essential cookies,Oracle Marketing,HTTP Cookie,bench_new_T3_32287,,392,TRUE,https://www.CLIENT_X.nl/healthcare,Existing CM Trackers-Found,,,,,
embed-cdn.spotifycdn.com,Performance cookies,Spotify,ETag,bench_new_T3_33390,,,,https://www.CLIENT_X.nl/a-w/about/milieu-maatschappij-governance-esg/partnerships/BNR-FD,New Third Party Trackers,,,,,
www.lighting.CLIENT_X.ru,Essential cookies (exempt from consent),Signify (formerly CLIENT_X Lighting),JavaScript,blank (java),,bench_update_duration,,,Existing CM Trackers-Not Found,,,,,
fonts.yieldify-production.com,Targeted Advertising cookies (including social media),Yieldify,ETag,bench_new_T3_33034,,,,,Existing CM Trackers-Not Found,,,,,
www.CLIENT_X.nl,Essential cookies,CLIENT_X - Netherlands,Beacon,bench_new_T3_32015,,,TRUE,http://www.CLIENT_X.nl/,Existing CM Trackers-Found,,,,,
nebula-cdn.kampyle.com,Performance cookies,Medallia,JavaScript,bench_new_T3_32604,,,TRUE,http://www.CLIENT_X.nl/,Existing CM Trackers-Found,,,,,
assets-v2.yieldify.com,Targeted Advertising cookies (including social media),Yieldify,ETag,bench_new_T3_33004,,,,,Existing CM Trackers-Not Found,,,,,
www.led-calculator.coreline.lighting.CLIENT_X.com,Targeted Advertising cookies (including social media),Signify (formerly CLIENT_X Lighting),ETag,bench_new_T3_32056,,,,,Existing CM Trackers-Not Found,,,,,
CLIENT_X.nl,Essential cookies,CLIENT_X - Netherlands,HTTP Cookie,bench_new_T3_33421,,90,TRUE,https://www.CLIENT_X.nl/c-e/ho/recall-perfectcare-8000-9000-elite-series,Existing CM Trackers-Found,,,,,
www.led-calculator.coreline.lighting.CLIENT_X.com,Targeted Advertising cookies (including social media),Signify (formerly CLIENT_X Lighting),JavaScript,bench_new_T3_33452,,,,,Existing CM Trackers-Not Found,,,,,
lighting.CLIENT_X.ua,Essential cookies (exempt from consent),Signify (formerly CLIENT_X Lighting),HTTP Cookie,s_vs,,,,,Existing CM Trackers-Not Found,,,,,
td.yieldify.com,Targeted Advertising cookies (including social media),Yieldify,JavaScript,bench_new_T3_32103,,,TRUE,http://www.CLIENT_X.nl/,Existing CM Trackers-Found,,,,,
imgs.signifyd.com,Essential cookies,Signifyd,HTTP Cookie,bench_new_T3_32136,,390,TRUE,https://www.CLIENT_X.nl/,Existing CM Trackers-Found,,,,,
linkedin.com,Targeted Advertising cookies (including social media),LinkedIn,HTTP Cookie,bench_new_T3_32760,,180,TRUE,https://www.CLIENT_X.nl/c-e/ho/recall-perfectcare-8000-9000-elite-series,Existing CM Trackers-Found,,,,,
maxosfusionconfigurator.lighting.CLIENT_X.com,Targeted Advertising cookies (including social media),Koninklijke CLIENT_X N.V.,Local Storage,bench_new_T3_33506,,,,,Existing CM Trackers-Not Found,,,,,
pages.information.signify.com,Performance cookies,Signify (formerly CLIENT_X Lighting),ETag,bench_new_T3_32988,,,,,Existing CM Trackers-Not Found,,,,,
pixel.rubiconproject.com,Targeted Advertising cookies (including social media),"Magnite, Inc.",Beacon,bench_new_T3_32606,,,TRUE,https://www.CLIENT_X.nl/a-w/about,Existing CM Trackers-Found,,,,,
CLIENT_X.nl,Essential cookies,CLIENT_X - Netherlands,HTTP Cookie,bench_new_T3_33433,,60,TRUE,https://www.CLIENT_X.nl/c-e/ho/recall-perfectcare-8000-9000-elite-series,Existing CM Trackers-Found,,,,,
www.healthcare.shop.CLIENT_X.nl,Essential cookies,CLIENT_X - Netherlands,ETag,bench_new_T3_33286,,,,,Existing CM Trackers-Not Found,,,,,
CLIENT_X.nl,Essential cookies,CLIENT_X - Netherlands,HTTP Cookie,bench_new_T3_32982,,,,,Existing CM Trackers-Not Found,,,,,
CLIENT_X.co.uk,Essential cookies (exempt from consent),CLIENT_X - United Kingdom,HTTP Cookie,li_cm_prefs_session,,,,https://www.CLIENT_X.nl/healthcare,Existing CM Trackers-Found,,,,,
www.gstatic.com,Performance cookies,Google Inc.,JavaScript,bench_new_T3_33268,,,TRUE,https://www.CLIENT_X.nl/c-e/member,Existing CM Trackers-Found,,,,,
terracycle.com,Targeted Advertising cookies (including social media),TerraCycle,Local Storage,bench_new_T3_32897,,,,,Existing CM Trackers-Not Found,,,,,
www.crsc.lighting.CLIENT_X.com,Performance cookies,Signify (formerly CLIENT_X Lighting),ETag,bench_new_T3_32937,,,,,Existing CM Trackers-Not Found,,,,,
clarity.ms,Performance cookies,Microsoft,HTTP Cookie,_ga_failed_lookup_marker_20_1628,,,,,Existing CM Trackers-Not Found,,,,,
www.CLIENT_X.nl,Essential cookies,CLIENT_X - Netherlands,HTTP Cookie,bench_new_T3_32397,,,,,Existing CM Trackers-Not Found,,,,,
koninklijkeCLIENT_Xnvproduction2k8xfrmr.analytics.org.coveo.com,Performance cookies,Coveo Solutions Inc.,Beacon,bench_new_T3_33109,,,TRUE,https://www.CLIENT_X.nl/c-p/HX9992_12/sonicare-9900-prestige-elektrische-tandenborstel-met-senseiq,Existing CM Trackers-Found,,,,,
CLIENT_X.pt,Essential cookies (exempt from consent),CLIENT_X - Portugal,HTTP Cookie,_gat_UA-XXX,,0,,https://www.CLIENT_X.nl/c-e/shop/checkout,New Third Party Trackers,,,,,
acdn-digitaltrans-01-p.azureedge.net,Targeted Advertising cookies (including social media),Microsoft,JavaScript,bench_new_T3_32228,,,TRUE,https://www.CLIENT_X.nl/c-e/hs/slaapapneu/i-think-i-might-have-sleep-apnea.html,Existing CM Trackers-Found,,,,,
bat.bing.com,Targeted Advertising cookies (including social media),Microsoft Advertising,Beacon,bench_new_T3_32865,,,TRUE,https://www.CLIENT_X.nl/c-e/ho/recall-perfectcare-8000-9000-elite-series,Existing CM Trackers-Found,,,,,
CLIENT_X.nl,Essential cookies,CLIENT_X - Netherlands,HTTP Cookie,bench_new_T3_32928,,,,,Existing CM Trackers-Not Found,,,,,
static.criteo.net,Targeted Advertising cookies (including social media),Criteo SA,JavaScript,bench_new_T3_33399,,,,,Existing CM Trackers-Not Found,,,,,
CLIENT_X.com.cn,Essential cookies (exempt from consent),CLIENT_X - China,HTTP Cookie,s_nrpv,,,,,Existing CM Trackers-Not Found,,,,,
analytics-fe.digital-cloud-us-main.medallia.com,Performance cookies,Medallia,Beacon,bench_new_T3_32462,,,TRUE,http://www.CLIENT_X.nl/,Existing CM Trackers-Found,,,,,
www.gearselectiontool.lighting.CLIENT_X.com,Performance cookies,Signify (formerly CLIENT_X Lighting),JavaScript,bench_new_T3_33001,,,,,Existing CM Trackers-Not Found,,,,,
CLIENT_X.nl,Essential cookies,CLIENT_X - Netherlands,HTTP Cookie,bench_new_T3_32282,,,,,Existing CM Trackers-Not Found,,,,,
www.horticulture-partnertool.lighting.CLIENT_X.com,Performance cookies,Signify (formerly CLIENT_X Lighting),JavaScript,bench_new_T3_32496,,,,,Existing CM Trackers-Not Found,,,,,
smetrics.marketing.CLIENT_X-hue.com,Targeted Advertising cookies (including social media),CLIENT_X Hue,JavaScript,bench_new_T3_33089,,,,,Existing CM Trackers-Not Found,,,,,
CLIENT_Xb2c.my.site.com,Performance cookies,"Salesforce.com, Inc.",JavaScript,bench_new_T3_33517,,,TRUE,https://www.CLIENT_X.nl/c-w/consumenten-ondersteuning/support-contact-page,Existing CM Trackers-Found,,,,,
consent.trustarc.com,Essential cookies,TrustArc,Beacon,_ga_failed_lookup_marker_20_1643,,,TRUE,http://www.CLIENT_X.nl/,Existing CM Trackers-Found,,,,,
CLIENT_Xtest.scene7.com,Performance cookies,Adobe Experience Cloud - Experience Manager,ETag,bench_new_T3_33273,,,TRUE,https://www.CLIENT_X.nl/c-u/at_book_767510/Gebruikersaanwijzing_CLIENT_XOneBlade,Existing CM Trackers-Found,,,,,
imgs.signifyd.com,Essential cookies,Signifyd,JavaScript,_ga_failed_lookup_marker_20_1645,,,TRUE,https://www.CLIENT_X.nl/c-p/MS592_50/-,Existing CM Trackers-Found,,,,,
c.clarity.ms,Performance cookies,Microsoft,HTTP Cookie,bench_new_T3_33262,,,,,Existing CM Trackers-Not Found,,,,,
youtube.com,Targeted Advertising cookies (including social media),Google Advertising Products,HTTP Cookie,bench_new_T3_32442,,session,TRUE,https://www.CLIENT_X.nl/c-e/hs/slaapapneu/i-think-i-might-have-sleep-apnea/getting-diagnosed,Existing CM Trackers-Found,,,,,
region1.analytics.google.com,Performance cookies,Google Inc.,Beacon,_ga_failed_lookup_marker_20_1648,,,TRUE,http://www.CLIENT_X.nl/,Existing CM Trackers-Found,,,,,
px.ads.linkedin.com,Targeted Advertising cookies (including social media),LinkedIn,JavaScript,bench_new_T3_33554,,,TRUE,https://www.CLIENT_X.nl/healthcare/clinical-solutions/radiology-operations-command-center,Existing CM Trackers-Found,,,,,
www.CLIENT_X.nl,Essential cookies,CLIENT_X - Netherlands,HTTP Cookie,bench_new_T3_32149,,,,,Existing CM Trackers-Not Found,,,,,
www.CLIENT_X.com,Targeted Advertising cookies (including social media),Koninklijke CLIENT_X N.V.,ETag,bench_new_T3_32076,,,,https://www.CLIENT_X.nl/a-w/about/nieuws-achtergronden/alle-artikelen.html,New Third Party Trackers,,,,,
*.en25.com,Targeted Advertising cookies (including social media),Oracle Marketing,JavaScript,bench_new_T3_32598,,,,https://www.CLIENT_X.nl/healthcare,Existing CM Trackers-Found,,,,,
*.online-metrix.net,Performance cookies,LexisNexis Risk Solutions (formerly ThreatMetrix),Beacon,bench_new_T3_32562,,,,http://www.CLIENT_X.nl/,Existing CM Trackers-Found,,,,,
cdn.mouseflow.com,Performance cookies,Mouseflow,ETag,_ga_failed_lookup_marker_20_1654,,,TRUE,https://www.CLIENT_X.nl/c-e/pe/mens-grooming-welcome.html,Existing CM Trackers-Found,,,,,
www.CLIENT_X.hu,Essential cookies (exempt from consent),CLIENT_X - Hungary,HTTP Cookie,kampyleSessionPageCounter,,90,,https://www.CLIENT_X.nl/c-e/ho/recall-perfectcare-8000-9000-elite-series,New First Party Trackers,,,,,
static.iadvize.com,Targeted Advertising cookies (including social media),iAdvize,ETag,bench_new_T3_33549,,,TRUE,https://www.CLIENT_X.nl/c-e/ho/recall-perfectcare-8000-9000-elite-series,Existing CM Trackers-Found,,,,,
CLIENT_X.nl,Essential cookies,CLIENT_X - Netherlands,HTTP Cookie,bench_new_T3_33144,,393,TRUE,https://www.CLIENT_X.nl/c-e/ho/recall-perfectcare-8000-9000-elite-series,Existing CM Trackers-Found,,,,,
www.CLIENT_X.nl,Essential cookies,CLIENT_X - Netherlands,HTTP Cookie,bench_new_T3_32621,,0,TRUE,https://www.CLIENT_X.nl/c-p/HX9552_33/-/ondersteuning,Existing CM Trackers-Found,,,,,
www.CLIENT_X.nl,Essential cookies,CLIENT_X - Netherlands,HTTP Cookie,_ga_failed_lookup_marker_20_1659,,,,,Existing CM Trackers-Not Found,,,,,
www.CLIENT_X.nl,Essential cookies,CLIENT_X - Netherlands,HTTP Cookie,_ga_failed_lookup_marker_20_1660,,14,,https://www.CLIENT_X.nl/c-p/HX9552_33/-/ondersteuning,New First Party Trackers,,,,,
www.clarity.ms,Performance cookies,Microsoft,HTTP Cookie,bench_new_T3_32049,,,,,Existing CM Trackers-Not Found,,,,,
static.cloud.coveo.com,Targeted Advertising cookies (including social media),Coveo Solutions Inc.,JavaScript,bench_new_T3_32767,,,TRUE,https://www.CLIENT_X.nl/c-p/HX9992_12/sonicare-9900-prestige-elektrische-tandenborstel-met-senseiq,Existing CM Trackers-Found,,,,,
CLIENT_X.nl,Essential cookies,CLIENT_X - Netherlands,HTTP Cookie,bench_new_T3_33067,,365,TRUE,https://www.CLIENT_X.nl/c-e/ho/recall-perfectcare-8000-9000-elite-series,Existing CM Trackers-Found,,,,,
www.lighting.CLIENT_X.nl,Essential cookies,Signify (formerly CLIENT_X Lighting),ETag,bench_new_T3_32007,,,,,Existing CM Trackers-Not Found,,,,,
CLIENT_X.janrainsso.com,Performance cookies,Akamai,ETag,bench_new_T3_33022,,,,https://www.CLIENT_X.nl/shop/NL_ONVZ/login,New Third Party Trackers,,,,,
c.bing.com,Targeted Advertising cookies (including social media),Microsoft Advertising,HTTP Cookie,_ga_failed_lookup_marker_20_1666,,,,,Existing CM Trackers-Not Found,,,,,
lighting.CLIENT_X.nl,Performance cookies,Signify (formerly CLIENT_X Lighting),HTTP Cookie,bench_new_T3_32685,,,,,Existing CM Trackers-Not Found,,,,,
static.criteo.net,Targeted Advertising cookies (including social media),Criteo SA,ETag,bench_new_T3_32383,,,,,Existing CM Trackers-Not Found,,,,,
www.static.accounts.CLIENT_X.com,Essential cookies,Koninklijke CLIENT_X N.V.,JavaScript,bench_new_T3_32471,,,,,Existing CM Trackers-Not Found,,,,,
smetrics.marketing.CLIENT_X-hue.com,Targeted Advertising cookies (including social media),CLIENT_X Hue,JavaScript,bench_new_T3_33508,,,,,Existing CM Trackers-Not Found,,,,,
CLIENT_X.nl,Essential cookies,CLIENT_X - Netherlands,HTTP Cookie,bench_new_T3_33017,,365,TRUE,https://www.CLIENT_X.nl/c-e/ho/recall-perfectcare-8000-9000-elite-series,Existing CM Trackers-Found,,,,,
www.recaptcha.net,Performance cookies,Google Inc.,JavaScript,bench_new_T3_33245,,,,,Existing CM Trackers-Not Found,,,,,
consent-pref.trustarc.com,Essential cookies,TrustArc,Local Storage,_ga_failed_lookup_marker_20_1673,,,TRUE,https://www.CLIENT_X.nl/a-w/about,Existing CM Trackers-Found,,,,,
www.googleapis.com,Performance cookies,Google Inc.,JavaScript,bench_new_T3_32418,,,TRUE,https://www.CLIENT_X.nl/c-f/XC000004909/hoe-gebruik-ik-de-opzetstukken-van-mijn-CLIENT_X-epilator,Existing CM Trackers-Found,,,,,
lighting.CLIENT_X.nl,Essential cookies,Signify (formerly CLIENT_X Lighting),Local Storage,bench_new_T3_32816,,,,,Existing CM Trackers-Not Found,,,,,
www.lighting.CLIENT_X.nl,Essential cookies,Signify (formerly CLIENT_X Lighting),HTTP Cookie,bench_new_T3_32981,,,,,Existing CM Trackers-Not Found,,,,,
CLIENT_X.rs,Essential cookies (exempt from consent),CLIENT_X - Serbia,HTTP Cookie,_gid,,bench_update_duration,TRUE,https://www.CLIENT_X.nl/c-e/ho/recall-perfectcare-8000-9000-elite-series,Existing CM Trackers-Found,,,,,
lighting.CLIENT_X.nl,Essential cookies,Signify (formerly CLIENT_X Lighting),HTTP Cookie,bench_new_T3_32519,,,,,Existing CM Trackers-Not Found,,,,,
www.CLIENT_X.dk,Essential cookies (exempt from consent),CLIENT_X - Denmark,HTTP Cookie,AWSELBCORS,,bench_update_duration,,,Existing CM Trackers-Not Found,,,,,
www.conversiontool.lighting.CLIENT_X.com,Targeted Advertising cookies (including social media),Signify (formerly CLIENT_X Lighting),ETag,bench_new_T3_32543,,,,,Existing CM Trackers-Not Found,,,,,
www.healthcare.shop.CLIENT_X.de,Essential cookies (exempt from consent),CLIENT_X - Germany,HTTP Cookie,pcms-CLIENT_X-de-cart,,,TRUE,http://www.CLIENT_X.nl/,Existing CM Trackers-Found,,,,,
www.CLIENT_X.nl,Essential cookies,CLIENT_X - Netherlands,HTTP Cookie,bench_new_T3_32205,,0,,https://www.CLIENT_X.nl/c-p/HX9552_33/-/ondersteuning,New First Party Trackers,,,,,
CLIENT_X.nl,Essential cookies,CLIENT_X - Netherlands,HTTP Cookie,bench_new_T3_33482,,,,,Existing CM Trackers-Not Found,,,,,
ad.doubleclick.net,Targeted Advertising cookies (including social media),Google Advertising Products,Beacon,bench_new_T3_33278,,,TRUE,http://www.CLIENT_X.nl/,Existing CM Trackers-Found,,,,,
s.go-mpulse.net,Performance cookies,Akamai,JavaScript,bench_new_T3_32468,,,,,Existing CM Trackers-Not Found,,,,,
CLIENT_Xb2c.my.site.com,Performance cookies,"Salesforce.com, Inc.",ETag,bench_new_T3_32723,,,TRUE,https://www.CLIENT_X.nl/c-w/consumenten-ondersteuning/support-contact-page,Existing CM Trackers-Found,,,,,
www.CLIENT_X.nl,Performance cookies,CLIENT_X - Netherlands,HTTP Cookie,bench_new_T3_32996,,,,,Existing CM Trackers-Not Found,,,,,
bat.bing.com,Targeted Advertising cookies (including social media),Microsoft Advertising,ETag,bench_new_T3_33323,,,TRUE,https://www.CLIENT_X.nl/c-e/ho/recall-perfectcare-8000-9000-elite-series,Existing CM Trackers-Found,,,,,
CLIENT_X.nl,Essential cookies,CLIENT_X - Netherlands,HTTP Cookie,bench_new_T3_32328,,,,,Existing CM Trackers-Not Found,,,,,
www.CLIENT_X.de,Performance cookies,CLIENT_X - Germany,ETag,bench_new_T3_32553,,,,,Existing CM Trackers-Not Found,,,,,
assets.kampyle.com,Performance cookies,Medallia,ETag,bench_new_T3_32615,,,TRUE,https://www.CLIENT_X.nl/c-f/XC000004829/kan-ik-mijn-dubbele-elektrische-borstkolf-als-enkele-kolf-gebruiken,Existing CM Trackers-Found,,,,,
analytics.tiktok.com,Targeted Advertising cookies (including social media),TikTok,JavaScript,_ga_failed_lookup_marker_20_1692,,,TRUE,http://www.CLIENT_X.nl/,Existing CM Trackers-Found,,,,,
CLIENT_X.es,Essential cookies (exempt from consent),CLIENT_X - Spain,HTTP Cookie,_scid,,bench_update_duration,TRUE,https://www.CLIENT_X.nl/c-m-au/autoverlichting/store-locator,Existing CM Trackers-Found,,,,,
CLIENT_X.com.pk,Essential cookies (exempt from consent),CLIENT_X - Pakistan,HTTP Cookie,mbox,,bench_update_duration,TRUE,https://www.CLIENT_X.nl/c-e/ho/recall-perfectcare-8000-9000-elite-series,Existing CM Trackers-Found,,,,,
*.salesforceliveagent.com,Performance cookies,"salesforce.com, inc.",JavaScript,bench_new_T3_33025,,,,,Existing CM Trackers-Not Found,,,,,
cdn-scripts.signifyd.com,Essential cookies,Signifyd,ETag,bench_new_T3_32269,,,TRUE,http://www.CLIENT_X.nl/,Existing CM Trackers-Found,,,,,
sc-static.net,Targeted Advertising cookies (including social media),Snap Inc.,HTTP Cookie,bench_new_T3_32138,,1,TRUE,https://www.CLIENT_X.nl/c-e/ho/recall-perfectcare-8000-9000-elite-series,Existing CM Trackers-Found,,,,,
*.akamaihd.net,Performance cookies,Akamai,ETag,bench_new_T3_32980,,,,,Existing CM Trackers-Not Found,,,,,
ct.pinterest.com,Targeted Advertising cookies (including social media),Pinterest,ETag,bench_new_T3_32675,,,,,Existing CM Trackers-Not Found,,,,,
CLIENT_X.nl,Performance cookies,CLIENT_X - Netherlands,HTTP Cookie,bench_new_T3_32115,,session,TRUE,https://www.CLIENT_X.nl/c-e/ho/recall-perfectcare-8000-9000-elite-series,Existing CM Trackers-Found,,,,,
www.google.com,Essential cookies,Google Inc.,HTTP Cookie,bench_new_T3_33524,,180,TRUE,https://www.CLIENT_X.nl/c-e/member,Existing CM Trackers-Found,,,,,
CLIENT_X.nl,Essential cookies,CLIENT_X - Netherlands,HTTP Cookie,bench_new_T3_32275,,,,,Existing CM Trackers-Not Found,,,,,
www.CLIENT_X.co.uk,Performance cookies,CLIENT_X - United Kingdom,ETag,bench_new_T3_32582,,,,,Existing CM Trackers-Not Found,,,,,
CLIENT_X.nl,Essential cookies,CLIENT_X - Netherlands,HTTP Cookie,bench_new_T3_33186,,60,TRUE,https://www.CLIENT_X.nl/c-e/ho/recall-perfectcare-8000-9000-elite-series,Existing CM Trackers-Found,,,,,
lighting.CLIENT_X.nl,Performance cookies,Signify (formerly CLIENT_X Lighting),HTTP Cookie,bench_new_T3_32374,,,,,Existing CM Trackers-Not Found,,,,,
CLIENT_X.nl,Essential cookies,CLIENT_X - Netherlands,HTTP Cookie,bench_new_T3_32676,,,,,Existing CM Trackers-Not Found,,,,,
lighting.CLIENT_X.ma,Essential cookies (exempt from consent),Signify (formerly CLIENT_X Lighting),HTTP Cookie,s_sid,,0,TRUE,https://www.CLIENT_X.nl/c-e/ho/recall-perfectcare-8000-9000-elite-series,Existing CM Trackers-Found,,,,,
www.CLIENT_X.co.jp,Essential cookies (exempt from consent),CLIENT_X Electronics Corporation Japan,HTTP Cookie,test,,bench_update_duration,TRUE,https://www.CLIENT_X.nl/c-e/ho/recall-perfectcare-8000-9000-elite-series,Existing CM Trackers-Found,,,,,
js-cdn.music.apple.com,Performance cookies,Apple Inc.,ETag,bench_new_T3_33143,,,,https://www.CLIENT_X.nl/a-w/about/milieu-maatschappij-governance-esg/partnerships/BNR-FD,New Third Party Trackers,,,,,
www.CLIENT_X.es,Essential cookies (exempt from consent),CLIENT_X - Spain,HTTP Cookie,_sdsat_Ub,,,,,Existing CM Trackers-Not Found,,,,,
www.CLIENT_X.nl,Essential cookies,CLIENT_X - Netherlands,HTTP Cookie,bench_new_T3_32586,,365,TRUE,https://www.CLIENT_X.nl/c-p/HX9552_33/-/ondersteuning,Existing CM Trackers-Found,,,,,
nebula-cdn.kampyle.com,Performance cookies,Medallia,JavaScript,_ga_failed_lookup_marker_20_1712,,,TRUE,http://www.CLIENT_X.nl/,Existing CM Trackers-Found,,,,,
www.CLIENT_X.nl,Essential cookies,CLIENT_X - Netherlands,HTTP Cookie,bench_new_T3_32852,,session,TRUE,https://www.CLIENT_X.nl/c-p/HX9552_33/-/ondersteuning,Existing CM Trackers-Found,,,,,
www.CLIENT_X.nl,Essential cookies,CLIENT_X - Netherlands,ETag,bench_new_T3_32924,,,TRUE,http://www.CLIENT_X.nl/,Existing CM Trackers-Found,,,,,
www.facebook.com,Targeted Advertising cookies (including social media),Meta (formerly Facebook),Beacon,bench_new_T3_32105,,,TRUE,http://www.CLIENT_X.nl/,Existing CM Trackers-Found,,,,,
www.gstatic.com,Performance cookies,Google Inc.,JavaScript,bench_new_T3_33043,,,TRUE,https://www.CLIENT_X.nl/c-e/member,Existing CM Trackers-Found,,,,,
www.CLIENT_X.nl,Essential cookies,CLIENT_X - Netherlands,HTTP Cookie,bench_new_T3_32940,,,,,Existing CM Trackers-Not Found,,,,,
CLIENT_X.sk,Essential cookies (exempt from consent),CLIENT_X - Slovakia,HTTP Cookie,s_ugv,,,,,Existing CM Trackers-Not Found,,,,,
www.accounts.CLIENT_X.com,Essential cookies,Koninklijke CLIENT_X N.V.,JavaScript,bench_new_T3_32063,,,,,Existing CM Trackers-Not Found,,,,,
www.lighting.CLIENT_X.lt,Essential cookies (exempt from consent),Signify (formerly CLIENT_X Lighting),HTTP Cookie,CLIENT_X,,,,https://www.CLIENT_X.nl/a-w/cookie-verklaring,New Third Party Trackers,,,,,
CLIENT_X.it,Essential cookies (exempt from consent),CLIENT_X - Italy,HTTP Cookie,s_vtime,,bench_update_duration,TRUE,https://www.CLIENT_X.nl/a-w/about,Existing CM Trackers-Found,,,,,
CLIENT_X.ma,Essential cookies (exempt from consent),CLIENT_X - Morocco,HTTP Cookie,at_check,,,,https://www.CLIENT_X.nl/a-w/about/nieuws-achtergronden/alle-artikelen.html,New Third Party Trackers,,,,,
www.abonnementen.CLIENT_X.nl,Performance cookies,CLIENT_X - Netherlands,HTTP Cookie,_ga_failed_lookup_marker_20_1723,,,,,Existing CM Trackers-Not Found,,,,,
www.abonnementen.CLIENT_X.nl,Performance cookies,CLIENT_X - Netherlands,HTTP Cookie,bench_new_T3_32836,,,,,Existing CM Trackers-Not Found,,,,,
www.CLIENT_X-hue.com,Performance cookies,CLIENT_X Hue,ETag,bench_new_T3_32753,,,,,Existing CM Trackers-Not Found,,,,,
cdn.channelsight.com,Essential cookies,ChannelSight,ETag,_ga_failed_lookup_marker_20_1726,,,TRUE,https://www.CLIENT_X.nl/c-e/so/monitoren/professioneel-gebruik.html,Existing CM Trackers-Found,,,,,
led-calculator.coreline.lighting.CLIENT_X.com,Performance cookies,Signify (formerly CLIENT_X Lighting),Local Storage,bench_new_T3_32839,,,,,Existing CM Trackers-Not Found,,,,,
www.healthcare.shop.CLIENT_X.nl,Performance cookies,CLIENT_X - Netherlands,HTTP Cookie,bench_new_T3_33252,,,,,Existing CM Trackers-Not Found,,,,,
maps.googleapis.com,Performance cookies,Google Inc.,ETag,bench_new_T3_33076,,,TRUE,https://www.CLIENT_X.nl/c-m-au/autoverlichting/store-locator,Existing CM Trackers-Found,,,,,
www.CLIENT_X.ro,Essential cookies (exempt from consent),CLIENT_X - Romania,HTTP Cookie,shop-health,,bench_update_duration,TRUE,https://www.CLIENT_X.nl/c-e/ho/recall-perfectcare-8000-9000-elite-series,Existing CM Trackers-Found,,,,,
fonts.yieldify-production.com,Targeted Advertising cookies (including social media),Yieldify,ETag,_ga_failed_lookup_marker_20_1731,,,,,Existing CM Trackers-Not Found,,,,,
www.lighting.CLIENT_X.nl,Essential cookies,Signify (formerly CLIENT_X Lighting),HTTP Cookie,bench_new_T3_32182,,,,,Existing CM Trackers-Not Found,,,,,
youtube.com,Targeted Advertising cookies (including social media),Google Advertising Products,HTTP Cookie,bench_new_T3_32270,,180,TRUE,https://www.CLIENT_X.nl/c-e/hs/slaapapneu/i-think-i-might-have-sleep-apnea/getting-diagnosed,Existing CM Trackers-Found,,,,,
www.google.ie,Targeted Advertising cookies (including social media),Google Inc.,Beacon,bench_new_T3_32821,,,TRUE,http://www.CLIENT_X.nl/,Existing CM Trackers-Found,,,,,
pages.information.signify.com,Performance cookies,Signify (formerly CLIENT_X Lighting),Local Storage,bench_new_T3_32835,,,,,Existing CM Trackers-Not Found,,,,,
custom.yieldify.com,Targeted Advertising cookies (including social media),Yieldify,ETag,bench_new_T3_32084,,,TRUE,http://www.CLIENT_X.nl/,Existing CM Trackers-Found,,,,,
img.youtube.com,Targeted Advertising cookies (including social media),Google Advertising Products,ETag,bench_new_T3_32550,,,,https://www.CLIENT_X.nl/a-w/CLIENT_X-museum/activiteiten/speciale-activiteiten/de-lamp.html,New Third Party Trackers,,,,,
i.ytimg.com,Targeted Advertising cookies (including social media),Google Inc.,ETag,bench_new_T3_32289,,,TRUE,https://www.CLIENT_X.nl/c-f/XC000004909/hoe-gebruik-ik-de-opzetstukken-van-mijn-CLIENT_X-epilator,Existing CM Trackers-Found,,,,,
www.CLIENT_X.jo,Essential cookies (exempt from consent),CLIENT_X - Jordan,JavaScript,blank (java),,bench_update_duration,,,Existing CM Trackers-Not Found,,,,,
*.casalemedia.com,Targeted Advertising cookies (including social media),Index Exchange Inc.,Beacon,bench_new_T3_32744,,,,https://www.CLIENT_X.nl/a-w/about,Existing CM Trackers-Found,,,,,
smetrics.marketing.CLIENT_X-hue.com,Targeted Advertising cookies (including social media),CLIENT_X Hue,JavaScript,bench_new_T3_32578,,,,,Existing CM Trackers-Not Found,,,,,
js-cdn.music.apple.com,Performance cookies,Apple Inc.,JavaScript,bench_new_T3_32024,,,,https://www.CLIENT_X.nl/a-w/about/milieu-maatschappij-governance-esg/partnerships/BNR-FD,New Third Party Trackers,,,,,
www.healthcare.shop.CLIENT_X.nl,Essential cookies,CLIENT_X - Netherlands,HTTP Cookie,bench_new_T3_32909,,,,,Existing CM Trackers-Not Found,,,,,
CLIENT_X.it,Essential cookies (exempt from consent),CLIENT_X - Italy,HTTP Cookie,_scid_r,,bench_update_duration,,,Existing CM Trackers-Not Found,,,,,
www.CLIENT_X.nl,Essential cookies,CLIENT_X - Netherlands,HTTP Cookie,bench_new_T3_32806,,,,,Existing CM Trackers-Not Found,,,,,
www.CLIENT_X.nl,Targeted Advertising cookies (including social media),CLIENT_X - Netherlands,HTTP Cookie,bench_new_T3_32905,,,,,Existing CM Trackers-Not Found,,,,,
led-calculator.coreline.lighting.CLIENT_X.com,Performance cookies,Signify (formerly CLIENT_X Lighting),Local Storage,bench_new_T3_32022,,,,,Existing CM Trackers-Not Found,,,,,
analytics.tiktok.com,Targeted Advertising cookies (including social media),TikTok,JavaScript,bench_new_T3_32428,,,TRUE,http://www.CLIENT_X.nl/,Existing CM Trackers-Found,,,,,
www.CLIENT_X.nl,Essential cookies,CLIENT_X - Netherlands,HTTP Cookie,bench_new_T3_32112,,0,,https://www.CLIENT_X.nl/c-p/HX9552_33/-/ondersteuning,New First Party Trackers,,,,,
www.CLIENT_X.de,Performance cookies,CLIENT_X - Germany,ETag,bench_new_T3_32594,,,,,Existing CM Trackers-Not Found,,,,,
www.static.accounts.CLIENT_X.com,Essential cookies,Koninklijke CLIENT_X N.V.,JavaScript,_ga_failed_lookup_marker_20_1751,,,,,Existing CM Trackers-Not Found,,,,,
www.assets.signify.com,Performance cookies,Signify (formerly CLIENT_X Lighting),ETag,_ga_failed_lookup_marker_20_1752,,,,,Existing CM Trackers-Not Found,,,,,
www.CLIENT_X.nl,Essential cookies,CLIENT_X - Netherlands,HTTP Cookie,bench_new_T3_33175,,0,TRUE,https://www.CLIENT_X.nl/c-p/HX9552_33/-/ondersteuning,Existing CM Trackers-Found,,,,,
td.yieldify.com,Targeted Advertising cookies (including social media),Yieldify,ETag,bench_new_T3_32588,,,TRUE,http://www.CLIENT_X.nl/,Existing CM Trackers-Found,,,,,
www.CLIENT_X.nl,Essential cookies,CLIENT_X - Netherlands,HTTP Cookie,_ga_failed_lookup_marker_20_1755,,,,,Existing CM Trackers-Not Found,,,,,
assets.adobedtm.com,Performance cookies,Adobe Inc.,ETag,bench_new_T3_33013,,,,,Existing CM Trackers-Not Found,,,,,
maps.googleapis.com,Performance cookies,Google Inc.,ETag,bench_new_T3_32768,,,TRUE,https://www.CLIENT_X.nl/c-m-au/autoverlichting/store-locator,Existing CM Trackers-Found,,,,,
CLIENT_X.nl,Essential cookies,CLIENT_X - Netherlands,HTTP Cookie,_ga_failed_lookup_marker_20_1758,,,,,Existing CM Trackers-Not Found,,,,,
CLIENT_X.nl,Essential cookies,CLIENT_X - Netherlands,HTTP Cookie,bench_new_T3_32731,,7,TRUE,https://www.CLIENT_X.nl/c-e/ho/recall-perfectcare-8000-9000-elite-series,Existing CM Trackers-Found,,,,,
CLIENT_X.nl,Essential cookies,CLIENT_X - Netherlands,HTTP Cookie,bench_new_T3_33496,,90,,https://www.CLIENT_X.nl/c-e/ho/recall-perfectcare-8000-9000-elite-series,New First Party Trackers,,,,,
CLIENT_X.nl,Targeted Advertising cookies (including social media),CLIENT_X - Netherlands,HTTP Cookie,bench_new_T3_33080,,90,TRUE,https://www.CLIENT_X.nl/c-e/ho/recall-perfectcare-8000-9000-elite-series,Existing CM Trackers-Found,,,,,
CLIENT_X.nl,Essential cookies,CLIENT_X - Netherlands,HTTP Cookie,bench_new_T3_32881,,400,TRUE,https://www.CLIENT_X.nl/c-e/ho/recall-perfectcare-8000-9000-elite-series,Existing CM Trackers-Found,,,,,
CLIENT_X.nl,Essential cookies,CLIENT_X - Netherlands,HTTP Cookie,bench_new_T3_32788,,393,TRUE,https://www.CLIENT_X.nl/c-e/ho/recall-perfectcare-8000-9000-elite-series,Existing CM Trackers-Found,,,,,
munchkin.marketo.net,Targeted Advertising cookies (including social media),Marketo,JavaScript,bench_new_T3_32679,,,,,Existing CM Trackers-Not Found,,,,,
*.t.eloqua.com,Targeted Advertising cookies (including social media),Oracle Marketing,Beacon,bench_new_T3_33428,,,,https://www.CLIENT_X.nl/healthcare,Existing CM Trackers-Found,,,,,
www.lighting.CLIENT_X.ee,Essential cookies (exempt from consent),Signify (formerly CLIENT_X Lighting),HTTP Cookie,customer_language_accept,,,,,Existing CM Trackers-Not Found,,,,,
recaptcha.net,Performance cookies,Google Inc.,Local Storage,_ga_failed_lookup_marker_20_1767,,,,,Existing CM Trackers-Not Found,,,,,
CLIENT_X.nl,Essential cookies,CLIENT_X - Netherlands,HTTP Cookie,bench_new_T3_32724,,session,TRUE,https://www.CLIENT_X.nl/c-e/ho/recall-perfectcare-8000-9000-elite-series,Existing CM Trackers-Found,,,,,
lighting.CLIENT_X.nl,Essential cookies,Signify (formerly CLIENT_X Lighting),HTTP Cookie,bench_new_T3_32268,,,,,Existing CM Trackers-Not Found,,,,,
CLIENT_Xb2c.my.site.com,Performance cookies,"Salesforce.com, Inc.",ETag,bench_new_T3_33195,,,TRUE,https://www.CLIENT_X.nl/c-w/consumenten-ondersteuning/support-contact-page,Existing CM Trackers-Found,,,,,
tr.snapchat.com,Targeted Advertising cookies (including social media),Snap Inc.,Beacon,bench_new_T3_33032,,,TRUE,https://www.CLIENT_X.nl/c-e/ho/recall-perfectcare-8000-9000-elite-series,Existing CM Trackers-Found,,,,,
www.CLIENT_X.nl,Essential cookies,CLIENT_X - Netherlands,HTTP Cookie,bench_new_T3_32451,,6,,https://www.CLIENT_X.nl/c-p/HX9552_33/-/ondersteuning,New First Party Trackers,,,,,
*.fls.doubleclick.net,Targeted Advertising cookies (including social media),Google Advertising Products,Beacon,bench_new_T3_32589,,,,,Existing CM Trackers-Not Found,,,,,
conversiontool.lighting.CLIENT_X.com,Targeted Advertising cookies (including social media),Koninklijke CLIENT_X N.V.,Local Storage,bench_new_T3_32542,,,,,Existing CM Trackers-Not Found,,,,,
CLIENT_X.nl,Essential cookies,CLIENT_X - Netherlands,HTTP Cookie,_ga_failed_lookup_marker_20_1775,,,,,Existing CM Trackers-Not Found,,,,,
CLIENT_X.nl,Essential cookies,CLIENT_X - Netherlands,HTTP Cookie,bench_new_T3_33511,,90,,https://www.CLIENT_X.nl/c-e/ho/recall-perfectcare-8000-9000-elite-series,New First Party Trackers,,,,,
snap.licdn.com,Performance cookies,LinkedIn,JavaScript,bench_new_T3_32804,,,TRUE,https://www.CLIENT_X.nl/c-e/ho/recall-perfectcare-8000-9000-elite-series,Existing CM Trackers-Found,,,,,
www.abonnementen.CLIENT_X.nl,Essential cookies,CLIENT_X - Netherlands,JavaScript,bench_new_T3_33210,,,,,Existing CM Trackers-Not Found,,,,,
imgs.signifyd.com,Essential cookies,Signifyd,JavaScript,_ga_failed_lookup_marker_20_1779,,,TRUE,https://www.CLIENT_X.nl/c-p/MS592_50/-,Existing CM Trackers-Found,,,,,
CLIENT_X.bg,Essential cookies (exempt from consent),CLIENT_X - Bulgaria,HTTP Cookie,s_eVar42,,89,TRUE,https://www.CLIENT_X.nl/c-e/hs/slaapapneu/i-think-i-might-have-sleep-apnea.html,Existing CM Trackers-Found,,,,,
CLIENT_X.nl,Essential cookies,CLIENT_X - Netherlands,HTTP Cookie,bench_new_T3_32992,,400,TRUE,https://www.CLIENT_X.nl/c-e/ho/recall-perfectcare-8000-9000-elite-series,Existing CM Trackers-Found,,,,,
static.criteo.net,Targeted Advertising cookies (including social media),Criteo SA,ETag,bench_new_T3_32405,,,,,Existing CM Trackers-Not Found,,,,,
analytics.tiktok.com,Targeted Advertising cookies (including social media),TikTok,JavaScript,bench_new_T3_33234,,,TRUE,http://www.CLIENT_X.nl/,Existing CM Trackers-Found,,,,,
www.terracycle.com,Essential cookies,TerraCycle,JavaScript,bench_new_T3_33409,,,,,Existing CM Trackers-Not Found,,,,,
www.tco.lighting.CLIENT_X.com,Performance cookies,Koninklijke CLIENT_X N.V.,JavaScript,bench_new_T3_32161,,,,,Existing CM Trackers-Not Found,,,,,
CLIENT_X.nl,Essential cookies,CLIENT_X - Netherlands,HTTP Cookie,bench_new_T3_33038,,,,,Existing CM Trackers-Not Found,,,,,
i.ytimg.com,Targeted Advertising cookies (including social media),Google Inc.,ETag,bench_new_T3_32792,,,TRUE,https://www.CLIENT_X.nl/c-f/XC000004909/hoe-gebruik-ik-de-opzetstukken-van-mijn-CLIENT_X-epilator,Existing CM Trackers-Found,,,,,
*.casalemedia.com,Targeted Advertising cookies (including social media),Index Exchange Inc.,Beacon,bench_new_T3_32465,,,,https://www.CLIENT_X.nl/a-w/about,Existing CM Trackers-Found,,,,,
www.CLIENT_X.nl,Essential cookies,CLIENT_X - Netherlands,HTTP Cookie,bench_new_T3_32838,,session,TRUE,https://www.CLIENT_X.nl/c-p/HX9552_33/-/ondersteuning,Existing CM Trackers-Found,,,,,
analytics.tiktok.com,Targeted Advertising cookies (including social media),TikTok,JavaScript,bench_new_T3_33046,,,TRUE,http://www.CLIENT_X.nl/,Existing CM Trackers-Found,,,,,
i.ytimg.com,Targeted Advertising cookies (including social media),Google Inc.,ETag,bench_new_T3_32495,,,TRUE,https://www.CLIENT_X.nl/c-f/XC000004909/hoe-gebruik-ik-de-opzetstukken-van-mijn-CLIENT_X-epilator,Existing CM Trackers-Found,,,,,
abonnementen.CLIENT_X.nl,Essential cookies,CLIENT_X - Netherlands,Local Storage,bench_new_T3_33532,,,,,Existing CM Trackers-Not Found,,,,,
tiktok.com,Targeted Advertising cookies (including social media),TikTok,HTTP Cookie,bench_new_T3_33238,,90,TRUE,https://www.CLIENT_X.nl/a-w/about,Existing CM Trackers-Found,,,,,
www.led-calculator.coreline.lighting.CLIENT_X.com,Targeted Advertising cookies (including social media),Signify (formerly CLIENT_X Lighting),ETag,bench_new_T3_33123,,,,,Existing CM Trackers-Not Found,,,,,
www.google.ie,Targeted Advertising cookies (including social media),Google Inc.,Beacon,bench_new_T3_32309,,,TRUE,http://www.CLIENT_X.nl/,Existing CM Trackers-Found,,,,,
CLIENT_Xtest.scene7.com,Performance cookies,Adobe Experience Cloud - Experience Manager,ETag,bench_new_T3_32579,,,TRUE,https://www.CLIENT_X.nl/c-u/at_book_767510/Gebruikersaanwijzing_CLIENT_XOneBlade,Existing CM Trackers-Found,,,,,
cdn.tt.omtrdc.net,Performance cookies,"Adobe Audience Manager, Adobe Experience Platform",ETag,_ga_failed_lookup_marker_20_1797,,,,,Existing CM Trackers-Not Found,,,,,
www.abonnementen.CLIENT_X.nl,Essential cookies,CLIENT_X - Netherlands,HTTP Cookie,bench_new_T3_32565,,,,,Existing CM Trackers-Not Found,,,,,
tremorhub.com,Targeted Advertising cookies (including social media),"Magnite CTV, Inc.",HTTP Cookie,bench_new_T3_32990,,365,TRUE,https://www.CLIENT_X.nl/a-w/about,Existing CM Trackers-Found,,,,,
CLIENT_X.nl,Essential cookies,CLIENT_X - Netherlands,HTTP Cookie,_ga_failed_lookup_marker_20_1800,,,,,Existing CM Trackers-Not Found,,,,,
c.clarity.ms,Performance cookies,Microsoft,HTTP Cookie,_ga_failed_lookup_marker_20_1801,,,,,Existing CM Trackers-Not Found,,,,,
static.iadvize.com,Targeted Advertising cookies (including social media),iAdvize,ETag,bench_new_T3_33320,,,TRUE,https://www.CLIENT_X.nl/c-e/ho/recall-perfectcare-8000-9000-elite-series,Existing CM Trackers-Found,,,,,
*.online-metrix.net,Performance cookies,LexisNexis Risk Solutions (formerly ThreatMetrix),JavaScript,bench_new_T3_33307,,,,https://www.CLIENT_X.nl/c-p/JC305_50/-,Existing CM Trackers-Found,,,,,
www.CLIENT_X.nl,Essential cookies,CLIENT_X - Netherlands,HTTP Cookie,bench_new_T3_33476,,,,,Existing CM Trackers-Not Found,,,,,
CLIENT_X.nl,Performance cookies,CLIENT_X - Netherlands,HTTP Cookie,bench_new_T3_32029,,0,TRUE,https://www.CLIENT_X.nl/c-e/ho/recall-perfectcare-8000-9000-elite-series,Existing CM Trackers-Found,,,,,
shop.CLIENT_X.nl,Essential cookies,CLIENT_X - Netherlands,Local Storage,bench_new_T3_32212,,,,,Existing CM Trackers-Not Found,,,,,
www.clarity.ms,Performance cookies,Microsoft,HTTP Cookie,bench_new_T3_33206,,,,,Existing CM Trackers-Not Found,,,,,
www.CLIENT_X.nl,Essential cookies,CLIENT_X - Netherlands,HTTP Cookie,bench_new_T3_32415,,session,,https://www.CLIENT_X.nl/c-p/HX9552_33/-/ondersteuning,New First Party Trackers,,,,,
platform-eu.cloud.coveo.com,Performance cookies,Coveo Solutions Inc.,Beacon,bench_new_T3_32362,,,,,Existing CM Trackers-Not Found,,,,,
eloqua.com,Essential cookies,Oracle Marketing,HTTP Cookie,bench_new_T3_32730,,392,TRUE,https://www.CLIENT_X.nl/healthcare,Existing CM Trackers-Found,,,,,
CLIENT_X.nl,Essential cookies,CLIENT_X - Netherlands,HTTP Cookie,bench_new_T3_32037,,365,TRUE,https://www.CLIENT_X.nl/c-e/ho/recall-perfectcare-8000-9000-elite-series,Existing CM Trackers-Found,,,,,
accounts.CLIENT_X.com,Performance cookies,Koninklijke CLIENT_X N.V.,HTTP Cookie,bench_new_T3_33361,,,,,Existing CM Trackers-Not Found,,,,,
www.maxosfusionconfigurator.lighting.CLIENT_X.com,Performance cookies,Koninklijke CLIENT_X N.V.,JavaScript,bench_new_T3_32627,,,,,Existing CM Trackers-Not Found,,,,,
static.criteo.net,Targeted Advertising cookies (including social media),Criteo SA,ETag,bench_new_T3_33573,,,,,Existing CM Trackers-Not Found,,,,,
ssl-static.janraincapture.com,Performance cookies,Akamai,JavaScript,bench_new_T3_33189,,,,,Existing CM Trackers-Not Found,,,,,
www.abonnementen.CLIENT_X.nl,Essential cookies,CLIENT_X - Netherlands,HTTP Cookie,bench_new_T3_32790,,,,,Existing CM Trackers-Not Found,,,,,
consent.truste.com,Essential cookies,TrustArc,JavaScript,bench_new_T3_32190,,,,,Existing CM Trackers-Not Found,,,,,
*.salesforceliveagent.com,Performance cookies,"salesforce.com, inc.",JavaScript,bench_new_T3_33595,,,,,Existing CM Trackers-Not Found,,,,,
sslwidget.criteo.com,Targeted Advertising cookies (including social media),Criteo SA,JavaScript,bench_new_T3_32057,,,,,Existing CM Trackers-Not Found,,,,,
youtube.com,Targeted Advertising cookies (including social media),Google Advertising Products,HTTP Cookie,bench_new_T3_33419,,180,,https://www.CLIENT_X.nl/c-e/hs/slaapapneu/i-think-i-might-have-sleep-apnea/getting-diagnosed,New Third Party Trackers,,,,,
stats.g.doubleclick.net,Targeted Advertising cookies (including social media),Google Advertising Products,Beacon,bench_new_T3_32791,,,TRUE,http://www.CLIENT_X.nl/,Existing CM Trackers-Found,,,,,
imgs.signifyd.com,Essential cookies,Signifyd,Beacon,bench_new_T3_32068,,,TRUE,http://www.CLIENT_X.nl/,Existing CM Trackers-Found,,,,,
conversiontool.lighting.CLIENT_X.com,Targeted Advertising cookies (including social media),Koninklijke CLIENT_X N.V.,Local Storage,bench_new_T3_33526,,,,,Existing CM Trackers-Not Found,,,,,
versuni.scene7.com,Performance cookies,Adobe Experience Cloud - Experience Manager,JavaScript,bench_new_T3_33164,,,,,Existing CM Trackers-Not Found,,,,,
abonnementen.CLIENT_X.nl,Essential cookies,CLIENT_X - Netherlands,HTTP Cookie,bench_new_T3_33446,,,,,Existing CM Trackers-Not Found,,,,,
bat.bing.com,Targeted Advertising cookies (including social media),Microsoft Advertising,JavaScript,bench_new_T3_33567,,,TRUE,https://www.CLIENT_X.nl/c-e/ho/recall-perfectcare-8000-9000-elite-series,Existing CM Trackers-Found,,,,,
lighting.CLIENT_X.nl,Essential cookies,Signify (formerly CLIENT_X Lighting),HTTP Cookie,bench_new_T3_32124,,,,,Existing CM Trackers-Not Found,,,,,
www.abonnementen.CLIENT_X.nl,Essential cookies,CLIENT_X - Netherlands,HTTP Cookie,_ga_failed_lookup_marker_20_1828,,,,,Existing CM Trackers-Not Found,,,,,
lighting.CLIENT_X.nl,Essential cookies,Signify (formerly CLIENT_X Lighting),Local Storage,bench_new_T3_33078,,,,,Existing CM Trackers-Not Found,,,,,
shop.CLIENT_X.nl,Essential cookies,CLIENT_X - Netherlands,Local Storage,bench_new_T3_33069,,,,,Existing CM Trackers-Not Found,,,,,
CLIENT_X.nl,Essential cookies,CLIENT_X - Netherlands,HTTP Cookie,bench_new_T3_32667,,,,,Existing CM Trackers-Not Found,,,,,
CLIENT_X.nl,Essential cookies,CLIENT_X - Netherlands,HTTP Cookie,bench_new_T3_33082,,,,,Existing CM Trackers-Not Found,,,,,
lighting.CLIENT_X.co.nz,Essential cookies (exempt from consent),Signify (formerly CLIENT_X Lighting),HTTP Cookie,s_ppv,,bench_update_duration,TRUE,https://www.CLIENT_X.nl/c-e/ho/recall-perfectcare-8000-9000-elite-series,Existing CM Trackers-Found,,,,,
www.led-calculator.coreline.lighting.CLIENT_X.com,Targeted Advertising cookies (including social media),Signify (formerly CLIENT_X Lighting),JavaScript,bench_new_T3_32409,,,,,Existing CM Trackers-Not Found,,,,,
embed-cdn.spotifycdn.com,Performance cookies,Spotify,ETag,bench_new_T3_32739,,,,https://www.CLIENT_X.nl/a-w/about/milieu-maatschappij-governance-esg/partnerships/BNR-FD,New Third Party Trackers,,,,,
CLIENT_X.nl,Performance cookies,CLIENT_X - Netherlands,HTTP Cookie,bench_new_T3_32569,,,,,Existing CM Trackers-Not Found,,,,,
www.assets.signify.com,Performance cookies,Signify (formerly CLIENT_X Lighting),ETag,bench_new_T3_32686,,,,,Existing CM Trackers-Not Found,,,,,
CLIENT_X.nl,Essential cookies,CLIENT_X - Netherlands,HTTP Cookie,bench_new_T3_33098,,90,TRUE,https://www.CLIENT_X.nl/c-e/ho/recall-perfectcare-8000-9000-elite-series,Existing CM Trackers-Found,,,,,
*.mktoweb.com,Targeted Advertising cookies (including social media),Marketo,ETag,bench_new_T3_32108,,,,,Existing CM Trackers-Not Found,,,,,
www.lighting.CLIENT_X.nl,Essential cookies,Signify (formerly CLIENT_X Lighting),JavaScript,bench_new_T3_33400,,,,,Existing CM Trackers-Not Found,,,,,
CLIENT_X.nl,Essential cookies,CLIENT_X - Netherlands,HTTP Cookie,bench_new_T3_32537,,,,,Existing CM Trackers-Not Found,,,,,
CLIENT_X.nl,Performance cookies,CLIENT_X - Netherlands,HTTP Cookie,bench_new_T3_32141,,0,TRUE,https://www.CLIENT_X.nl/c-e/ho/recall-perfectcare-8000-9000-elite-series,Existing CM Trackers-Found,,,,,
tag-logger.demandbase.com,Targeted Advertising cookies (including social media),"Demandbase, Inc.",ETag,bench_new_T3_32912,,,,https://www.CLIENT_X.nl/healthcare/product/HC712034,New Third Party Trackers,,,,,
CLIENT_X.com.pk,Essential cookies (exempt from consent),CLIENT_X - Pakistan,HTTP Cookie,_hjTLDTest,,,,,Existing CM Trackers-Not Found,,,,,
sc-static.net,Targeted Advertising cookies (including social media),Snap Inc.,HTTP Cookie,bench_new_T3_32046,,1,TRUE,https://www.CLIENT_X.nl/c-e/ho/recall-perfectcare-8000-9000-elite-series,Existing CM Trackers-Found,,,,,
www.lighting.CLIENT_X.nl,Essential cookies,Signify (formerly CLIENT_X Lighting),HTTP Cookie,bench_new_T3_32984,,,,,Existing CM Trackers-Not Found,,,,,
CLIENT_X.nl,Essential cookies,CLIENT_X - Netherlands,HTTP Cookie,bench_new_T3_32244,,,,,Existing CM Trackers-Not Found,,,,,
tr.snapchat.com,Targeted Advertising cookies (including social media),Snap Inc.,Beacon,bench_new_T3_32378,,,TRUE,https://www.CLIENT_X.nl/c-e/ho/recall-perfectcare-8000-9000-elite-series,Existing CM Trackers-Found,,,,,
www.google.ie,Targeted Advertising cookies (including social media),Google Inc.,Beacon,bench_new_T3_32715,,,TRUE,http://www.CLIENT_X.nl/,Existing CM Trackers-Found,,,,,
CLIENT_X.co.ke,Essential cookies (exempt from consent),CLIENT_X - Kenya,HTTP Cookie,da_intState,,392,TRUE,https://www.CLIENT_X.nl/healthcare,Existing CM Trackers-Found,,,,,
encore.scdn.co,Performance cookies,Spotify,ETag,bench_new_T3_32976,,,,https://www.CLIENT_X.nl/a-w/about/milieu-maatschappij-governance-esg/partnerships/BNR-FD,New Third Party Trackers,,,,,
pages.information.signify.com,Performance cookies,Signify (formerly CLIENT_X Lighting),Local Storage,_ga_failed_lookup_marker_20_1852,,,,,Existing CM Trackers-Not Found,,,,,
youtube.com,Targeted Advertising cookies (including social media),Google Advertising Products,HTTP Cookie,bench_new_T3_32266,,180,TRUE,https://www.CLIENT_X.nl/c-e/hs/slaapapneu/i-think-i-might-have-sleep-apnea/getting-diagnosed,Existing CM Trackers-Found,,,,,
fonts.yieldify-production.com,Targeted Advertising cookies (including social media),Yieldify,ETag,_ga_failed_lookup_marker_20_1854,,,,,Existing CM Trackers-Not Found,,,,,
CLIENT_X.nl,Essential cookies,CLIENT_X - Netherlands,HTTP Cookie,bench_new_T3_33405,,393,TRUE,https://www.CLIENT_X.nl/c-e/ho/recall-perfectcare-8000-9000-elite-series,Existing CM Trackers-Found,,,,,
nebula-cdn.kampyle.com,Performance cookies,Medallia,ETag,bench_new_T3_32669,,,TRUE,http://www.CLIENT_X.nl/,Existing CM Trackers-Found,,,,,
www.lighting.CLIENT_X.co.id,Essential cookies (exempt from consent),Signify (formerly CLIENT_X Lighting),ETag,blank (etag),,,,,Existing CM Trackers-Not Found,,,,,
maxosfusionconfigurator.lighting.CLIENT_X.com,Targeted Advertising cookies (including social media),Koninklijke CLIENT_X N.V.,Local Storage,_ga_failed_lookup_marker_20_1858,,,,,Existing CM Trackers-Not Found,,,,,
www.lighting.CLIENT_X.fr,Essential cookies (exempt from consent),Signify (formerly CLIENT_X Lighting),HTTP Cookie,customer_country,,bench_update_duration,,,Existing CM Trackers-Not Found,,,,,
www.lighting.CLIENT_X.com.vn,Essential cookies (exempt from consent),Signify (formerly CLIENT_X Lighting),HTTP Cookie,BCTempID,,bench_update_duration,,,Existing CM Trackers-Not Found,,,,,
company-target.com,Targeted Advertising cookies (including social media),"Demandbase, Inc.",HTTP Cookie,bench_new_T3_33279,,396,TRUE,https://www.CLIENT_X.nl/a-w/about,Existing CM Trackers-Found,,,,,
www.googletagmanager.com,Performance cookies,Google Inc.,JavaScript,_ga_failed_lookup_marker_20_1862,,,TRUE,http://www.CLIENT_X.nl/,Existing CM Trackers-Found,,,,,
CLIENT_Xb2c.my.site.com,Performance cookies,"Salesforce.com, Inc.",Local Storage,bench_new_T3_32336,,,TRUE,https://www.CLIENT_X.nl/c-w/consumenten-ondersteuning/support-contact-page,Existing CM Trackers-Found,,,,,
CLIENT_X.nl,Essential cookies,CLIENT_X - Netherlands,HTTP Cookie,bench_new_T3_32609,,session,TRUE,https://www.CLIENT_X.nl/c-e/ho/recall-perfectcare-8000-9000-elite-series,Existing CM Trackers-Found,,,,,
CLIENT_X.nl,Essential cookies,CLIENT_X - Netherlands,HTTP Cookie,bench_new_T3_33124,,90,TRUE,https://www.CLIENT_X.nl/c-e/ho/recall-perfectcare-8000-9000-elite-series,Existing CM Trackers-Found,,,,,
spotify.com,Performance cookies,Spotify,HTTP Cookie,bench_new_T3_32236,,1,,https://www.CLIENT_X.nl/a-w/about/milieu-maatschappij-governance-esg/partnerships/BNR-FD,New Third Party Trackers,,,,,
CLIENT_X.se,Essential cookies (exempt from consent),CLIENT_X - Sweden,HTTP Cookie,internalUserCheck,,bench_update_duration,,,Existing CM Trackers-Not Found,,,,,
www.CLIENT_X.nl,Essential cookies,CLIENT_X - Netherlands,HTTP Cookie,bench_new_T3_32370,,session,TRUE,https://www.CLIENT_X.nl/c-p/HX9552_33/-/ondersteuning,Existing CM Trackers-Found,,,,,
CLIENT_X.nl,Essential cookies,CLIENT_X - Netherlands,HTTP Cookie,_ga_failed_lookup_marker_20_1869,,365,TRUE,https://www.CLIENT_X.nl/c-e/ho/recall-perfectcare-8000-9000-elite-series,Existing CM Trackers-Found,,,,,
consent.trustarc.com,Essential cookies,TrustArc,Beacon,bench_new_T3_32732,,,TRUE,http://www.CLIENT_X.nl/,Existing CM Trackers-Found,,,,,
CLIENT_X.nl,Essential cookies,CLIENT_X - Netherlands,HTTP Cookie,bench_new_T3_32680,,,,,Existing CM Trackers-Not Found,,,,,
tag.demandbase.com,Targeted Advertising cookies (including social media),"Demandbase, Inc.",ETag,bench_new_T3_32913,,,TRUE,https://www.CLIENT_X.nl/a-w/about,Existing CM Trackers-Found,,,,,
led-calculator.coreline.lighting.CLIENT_X.com,Performance cookies,Signify (formerly CLIENT_X Lighting),Local Storage,bench_new_T3_32446,,,,,Existing CM Trackers-Not Found,,,,,
*.mktoweb.com,Targeted Advertising cookies (including social media),Marketo,ETag,bench_new_T3_32888,,,,,Existing CM Trackers-Not Found,,,,,
company-target.com,Targeted Advertising cookies (including social media),"Demandbase, Inc.",HTTP Cookie,bench_new_T3_33146,,396,TRUE,https://www.CLIENT_X.nl/a-w/about,Existing CM Trackers-Found,,,,,
www.CLIENT_X.com.pe,Essential cookies (exempt from consent),CLIENT_X - Peru,HTTP Cookie,eddl_itc_list,,bench_update_duration,,https://www.CLIENT_X.nl/healthcare,Existing CM Trackers-Found,,,,,
shop.CLIENT_X.nl,Essential cookies,CLIENT_X - Netherlands,Local Storage,bench_new_T3_33113,,,,,Existing CM Trackers-Not Found,,,,,
CLIENT_X.nl,Essential cookies,CLIENT_X - Netherlands,HTTP Cookie,bench_new_T3_32382,,90,,https://www.CLIENT_X.nl/c-e/ho/recall-perfectcare-8000-9000-elite-series,New First Party Trackers,,,,,
www.CLIENT_X.ee,Essential cookies (exempt from consent),CLIENT_X - Republic of Estonia,HTTP Cookie,kampyleUserSession,,,TRUE,https://www.CLIENT_X.nl/c-f/XC000004829/kan-ik-mijn-dubbele-elektrische-borstkolf-als-enkele-kolf-gebruiken,Existing CM Trackers-Found,,,,,
acdn-digitaltrans-01-p.azureedge.net,Targeted Advertising cookies (including social media),Microsoft,JavaScript,bench_new_T3_32809,,,TRUE,https://www.CLIENT_X.nl/c-e/hs/slaapapneu/i-think-i-might-have-sleep-apnea.html,Existing CM Trackers-Found,,,,,
www.CLIENT_X.nl,Essential cookies,CLIENT_X - Netherlands,HTTP Cookie,bench_new_T3_32691,,session,TRUE,https://www.CLIENT_X.nl/c-p/HX9552_33/-/ondersteuning,Existing CM Trackers-Found,,,,,
www.healthcare.shop.CLIENT_X.nl,Essential cookies,CLIENT_X - Netherlands,HTTP Cookie,bench_new_T3_33064,,,,,Existing CM Trackers-Not Found,,,,,
CLIENT_X.nl,Essential cookies,CLIENT_X - Netherlands,HTTP Cookie,_ga_failed_lookup_marker_20_1883,,90,,https://www.CLIENT_X.nl/c-e/ho/recall-perfectcare-8000-9000-elite-series,New First Party Trackers,,,,,
*.mktoweb.com,Targeted Advertising cookies (including social media),Marketo,HTTP Cookie,bench_new_T3_32620,,,,,Existing CM Trackers-Not Found,,,,,
www.abonnementen.CLIENT_X.nl,Essential cookies,CLIENT_X - Netherlands,HTTP Cookie,bench_new_T3_32538,,,,,Existing CM Trackers-Not Found,,,,,
CLIENT_X.112.2o7.net,Performance cookies,"Adobe Audience Manager, Adobe Experience Cloud",Beacon,bench_new_T3_33190,,,TRUE,http://www.CLIENT_X.nl/,Existing CM Trackers-Found,,,,,
www.CLIENT_X.nl,Essential cookies,CLIENT_X - Netherlands,HTTP Cookie,bench_new_T3_32087,,365,TRUE,https://www.CLIENT_X.nl/c-p/HX9552_33/-/ondersteuning,Existing CM Trackers-Found,,,,,
*.t.eloqua.com,Targeted Advertising cookies (including social media),Oracle Marketing,Beacon,bench_new_T3_32713,,,,https://www.CLIENT_X.nl/healthcare,Existing CM Trackers-Found,,,,,
terracycle.com,Targeted Advertising cookies (including social media),TerraCycle,Local Storage,bench_new_T3_32651,,,,,Existing CM Trackers-Not Found,,,,,
www.CLIENT_X.nl,Essential cookies,CLIENT_X - Netherlands,HTTP Cookie,bench_new_T3_32023,,,,,Existing CM Trackers-Not Found,,,,,
assets.adobedtm.com,Performance cookies,Adobe Inc.,ETag,bench_new_T3_33072,,,,,Existing CM Trackers-Not Found,,,,,
www.accounts.CLIENT_X.com,Essential cookies,Koninklijke CLIENT_X N.V.,JavaScript,bench_new_T3_33247,,,,,Existing CM Trackers-Not Found,,,,,
tremorhub.com,Targeted Advertising cookies (including social media),"Magnite CTV, Inc.",HTTP Cookie,bench_new_T3_32510,,365,TRUE,https://www.CLIENT_X.nl/a-w/about,Existing CM Trackers-Found,,,,,
www.horticulture-partnertool.lighting.CLIENT_X.com,Performance cookies,Signify (formerly CLIENT_X Lighting),ETag,bench_new_T3_33221,,,,,Existing CM Trackers-Not Found,,,,,
CLIENT_X.nl,Essential cookies,CLIENT_X - Netherlands,HTTP Cookie,bench_new_T3_32893,,0,TRUE,https://www.CLIENT_X.nl/c-e/ho/recall-perfectcare-8000-9000-elite-series,Existing CM Trackers-Found,,,,,
bat.bing.com,Targeted Advertising cookies (including social media),Microsoft Advertising,ETag,bench_new_T3_33266,,,TRUE,https://www.CLIENT_X.nl/c-e/ho/recall-perfectcare-8000-9000-elite-series,Existing CM Trackers-Found,,,,,
casalemedia.com,Targeted Advertising cookies (including social media),Index Exchange Inc.,HTTP Cookie,bench_new_T3_33036,,365,TRUE,https://www.CLIENT_X.nl/a-w/about,Existing CM Trackers-Found,,,,,
cdn.tt.omtrdc.net,Performance cookies,"Adobe Audience Manager, Adobe Experience Platform",JavaScript,bench_new_T3_33360,,,,,Existing CM Trackers-Not Found,,,,,
www.lighting.CLIENT_X.nl,Essential cookies,Signify (formerly CLIENT_X Lighting),HTTP Cookie,bench_new_T3_32311,,,,,Existing CM Trackers-Not Found,,,,,
assets.adoberesources.net,Performance cookies,Adobe Inc.,ETag,bench_new_T3_32423,,,,,Existing CM Trackers-Not Found,,,,,
www.CLIENT_X-foundation.com,Targeted Advertising cookies (including social media),CLIENT_X Foundation,HTTP Cookie,bench_new_T3_32252,,7,,https://www.CLIENT_X.nl/healthcare/about/support,New Third Party Trackers,,,,,
ad.doubleclick.net,Targeted Advertising cookies (including social media),Google Advertising Products,Beacon,bench_new_T3_32681,,,TRUE,http://www.CLIENT_X.nl/,Existing CM Trackers-Found,,,,,
quilt-cdn.janrain.com,Performance cookies,Akamai,ETag,_ga_failed_lookup_marker_20_1903,,,,https://www.CLIENT_X.nl/shop/NL_ONVZ/login,New Third Party Trackers,,,,,
consent-pref.trustarc.com,Essential cookies,TrustArc,Local Storage,bench_new_T3_32438,,,TRUE,https://www.CLIENT_X.nl/a-w/about,Existing CM Trackers-Found,,,,,
www.lighting.CLIENT_X.com,Performance cookies,Signify (formerly CLIENT_X Lighting),ETag,bench_new_T3_32795,,,,,Existing CM Trackers-Not Found,,,,,
imgs.signifyd.com,Essential cookies,Signifyd,Beacon,_ga_failed_lookup_marker_20_1906,,,TRUE,http://www.CLIENT_X.nl/,Existing CM Trackers-Found,,,,,
CLIENT_X.nl,Essential cookies,CLIENT_X - Netherlands,HTTP Cookie,bench_new_T3_32098,,90,,https://www.CLIENT_X.nl/c-e/ho/recall-perfectcare-8000-9000-elite-series,New First Party Trackers,,,,,
CLIENT_X.nl,Essential cookies,CLIENT_X - Netherlands,HTTP Cookie,bench_new_T3_32617,,0,TRUE,https://www.CLIENT_X.nl/c-e/ho/recall-perfectcare-8000-9000-elite-series,Existing CM Trackers-Found,,,,,
CLIENT_X.co.za,Essential cookies (exempt from consent),CLIENT_X - South Africa,HTTP Cookie,s_pv,,bench_update_duration,,,Existing CM Trackers-Not Found,,,,,
CLIENT_X.nl,Essential cookies,CLIENT_X - Netherlands,HTTP Cookie,_ga_failed_lookup_marker_20_1910,,,,,Existing CM Trackers-Not Found,,,,,
CLIENT_X.nl,Essential cookies,CLIENT_X - Netherlands,HTTP Cookie,bench_new_T3_33276,,90,,https://www.CLIENT_X.nl/c-e/ho/recall-perfectcare-8000-9000-elite-series,New First Party Trackers,,,,,
www.abonnementen.CLIENT_X.nl,Essential cookies,CLIENT_X - Netherlands,JavaScript,bench_new_T3_32097,,,,,Existing CM Trackers-Not Found,,,,,
www.CLIENT_X.nl,Essential cookies,CLIENT_X - Netherlands,HTTP Cookie,bench_new_T3_33039,,30,,https://www.CLIENT_X.nl/c-p/HX9552_33/-/ondersteuning,New First Party Trackers,,,,,
code.jquery.com,Performance cookies,jQuery,ETag,bench_new_T3_33486,,,,,Existing CM Trackers-Not Found,,,,,
imgs.signifyd.com,Essential cookies,Signifyd,Beacon,bench_new_T3_32640,,,TRUE,http://www.CLIENT_X.nl/,Existing CM Trackers-Found,,,,,
CLIENT_X.ca,Essential cookies (exempt from consent),CLIENT_X - Canada,HTTP Cookie,_schn1,,,,,Existing CM Trackers-Not Found,,,,,
CLIENT_X.co.jp,Essential cookies (exempt from consent),CLIENT_X Electronics Corporation Japan,HTTP Cookie,mbox,,bench_update_duration,,,Existing CM Trackers-Not Found,,,,,
CLIENT_X.nl,Essential cookies,CLIENT_X - Netherlands,HTTP Cookie,bench_new_T3_32793,,400,TRUE,https://www.CLIENT_X.nl/c-e/ho/recall-perfectcare-8000-9000-elite-series,Existing CM Trackers-Found,,,,,
cdn-scripts.signifyd.com,Essential cookies,Signifyd,JavaScript,bench_new_T3_33182,,,TRUE,http://www.CLIENT_X.nl/,Existing CM Trackers-Found,,,,,
CLIENT_X.nl,Essential cookies,CLIENT_X - Netherlands,HTTP Cookie,bench_new_T3_33404,,365,TRUE,https://www.CLIENT_X.nl/c-e/ho/recall-perfectcare-8000-9000-elite-series,Existing CM Trackers-Found,,,,,
imgs.signifyd.com,Essential cookies,Signifyd,Local Storage,bench_new_T3_33062,,,TRUE,https://www.CLIENT_X.nl/,Existing CM Trackers-Found,,,,,
CLIENT_X.nl,Essential cookies,CLIENT_X - Netherlands,HTTP Cookie,bench_new_T3_33553,,90,,https://www.CLIENT_X.nl/c-e/ho/recall-perfectcare-8000-9000-elite-series,New First Party Trackers,,,,,
halc.iadvize.com,Performance cookies,iAdvize,ETag,bench_new_T3_32429,,,TRUE,https://www.CLIENT_X.nl/c-e/ho/recall-perfectcare-8000-9000-elite-series,Existing CM Trackers-Found,,,,,
CLIENT_X.nl,Performance cookies,CLIENT_X - Netherlands,HTTP Cookie,bench_new_T3_32399,,,,,Existing CM Trackers-Not Found,,,,,
www.maxosfusionconfigurator.lighting.CLIENT_X.com,Performance cookies,Koninklijke CLIENT_X N.V.,ETag,bench_new_T3_33294,,,,,Existing CM Trackers-Not Found,,,,,
lighting.CLIENT_X.nl,Essential cookies,Signify (formerly CLIENT_X Lighting),HTTP Cookie,bench_new_T3_32426,,,,,Existing CM Trackers-Not Found,,,,,
CLIENT_X.nl,Essential cookies,CLIENT_X - Netherlands,HTTP Cookie,bench_new_T3_33131,,90,,https://www.CLIENT_X.nl/c-e/ho/recall-perfectcare-8000-9000-elite-series,New First Party Trackers,,,,,
CLIENT_X.nl,Essential cookies,CLIENT_X - Netherlands,HTTP Cookie,bench_new_T3_32388,,90,,https://www.CLIENT_X.nl/c-e/ho/recall-perfectcare-8000-9000-elite-series,New First Party Trackers,,,,,
custom.yieldify.com,Targeted Advertising cookies (including social media),Yieldify,ETag,bench_new_T3_33342,,,TRUE,http://www.CLIENT_X.nl/,Existing CM Trackers-Found,,,,,
consent-st.trustarc.com,Essential cookies,TrustArc,JavaScript,bench_new_T3_32879,,,TRUE,http://www.CLIENT_X.nl/,Existing CM Trackers-Found,,,,,
CLIENT_X.nl,Essential cookies,CLIENT_X - Netherlands,HTTP Cookie,bench_new_T3_33362,,7,TRUE,https://www.CLIENT_X.nl/c-e/ho/recall-perfectcare-8000-9000-elite-series,Existing CM Trackers-Found,,,,,
c.go-mpulse.net,Performance cookies,Akamai,JavaScript,bench_new_T3_33463,,,,,Existing CM Trackers-Not Found,,,,,
imgs.signifyd.com,Essential cookies,Signifyd,JavaScript,bench_new_T3_32494,,,TRUE,https://www.CLIENT_X.nl/c-p/MS592_50/-,Existing CM Trackers-Found,,,,,
www.CLIENT_X.nl,Performance cookies,CLIENT_X - Netherlands,HTTP Cookie,bench_new_T3_32695,,session,TRUE,https://www.CLIENT_X.nl/c-p/HX9552_33/-/ondersteuning,Existing CM Trackers-Found,,,,,
maps.googleapis.com,Performance cookies,Google Inc.,JavaScript,bench_new_T3_32633,,,TRUE,https://www.CLIENT_X.nl/c-m-au/autoverlichting/store-locator,Existing CM Trackers-Found,,,,,
smetrics.marketing.CLIENT_X-hue.com,Targeted Advertising cookies (including social media),CLIENT_X Hue,JavaScript,bench_new_T3_33280,,,,,Existing CM Trackers-Not Found,,,,,
www.CLIENT_X.nl,Essential cookies,CLIENT_X - Netherlands,HTTP Cookie,bench_new_T3_32391,,365,TRUE,https://www.CLIENT_X.nl/c-p/HX9552_33/-/ondersteuning,Existing CM Trackers-Found,,,,,
linkedin.com,Targeted Advertising cookies (including social media),LinkedIn,HTTP Cookie,bench_new_T3_33507,,365,TRUE,https://www.CLIENT_X.nl/c-e/ho/recall-perfectcare-8000-9000-elite-series,Existing CM Trackers-Found,,,,,
dpm.demdex.net,Targeted Advertising cookies (including social media),"Adobe Audience Manager, Adobe Experience Platform",Beacon,bench_new_T3_33240,,,,,Existing CM Trackers-Not Found,,,,,
assets-v2.yieldify.com,Targeted Advertising cookies (including social media),Yieldify,ETag,bench_new_T3_32455,,,,,Existing CM Trackers-Not Found,,,,,
consent-pref.trustarc.com,Essential cookies,TrustArc,Local Storage,bench_new_T3_32866,,,TRUE,https://www.CLIENT_X.nl/a-w/about,Existing CM Trackers-Found,,,,,
tr.snapchat.com,Targeted Advertising cookies (including social media),Snap Inc.,JavaScript,bench_new_T3_32126,,,TRUE,https://www.CLIENT_X.nl/c-m-ho/badkameroplossingen,Existing CM Trackers-Found,,,,,
ct.pinterest.com,Targeted Advertising cookies (including social media),Pinterest,JavaScript,bench_new_T3_33357,,,,,Existing CM Trackers-Not Found,,,,,
www.led-calculator.coreline.lighting.CLIENT_X.com,Targeted Advertising cookies (including social media),Signify (formerly CLIENT_X Lighting),JavaScript,bench_new_T3_33141,,,,,Existing CM Trackers-Not Found,,,,,
CLIENT_X.nl,Essential cookies,CLIENT_X - Netherlands,HTTP Cookie,bench_new_T3_32079,,90,,https://www.CLIENT_X.nl/c-e/ho/recall-perfectcare-8000-9000-elite-series,New First Party Trackers,,,,,
*.salesforceliveagent.com,Performance cookies,"salesforce.com, inc.",JavaScript,bench_new_T3_33073,,,,,Existing CM Trackers-Not Found,,,,,
pinterest.com,Targeted Advertising cookies (including social media),Pinterest,HTTP Cookie,bench_new_T3_33414,,,,,Existing CM Trackers-Not Found,,,,,
CLIENT_X.nl,Essential cookies,CLIENT_X - Netherlands,HTTP Cookie,_ga_failed_lookup_marker_20_1948,,393,TRUE,https://www.CLIENT_X.nl/c-e/ho/recall-perfectcare-8000-9000-elite-series,Existing CM Trackers-Found,,,,,
nebula-cdn.kampyle.com,Performance cookies,Medallia,JavaScript,bench_new_T3_32785,,,TRUE,http://www.CLIENT_X.nl/,Existing CM Trackers-Found,,,,,
cdn.tt.omtrdc.net,Performance cookies,"Adobe Audience Manager, Adobe Experience Platform",ETag,bench_new_T3_32986,,,,,Existing CM Trackers-Not Found,,,,,
www.googleadservices.com,Targeted Advertising cookies (including social media),Google Advertising Products,ETag,bench_new_T3_32971,,,,,Existing CM Trackers-Not Found,,,,,
cdn.tt.omtrdc.net,Performance cookies,"Adobe Audience Manager, Adobe Experience Platform",JavaScript,bench_new_T3_32061,,,,,Existing CM Trackers-Not Found,,,,,
www.CLIENT_X.nl,Essential cookies,CLIENT_X - Netherlands,HTTP Cookie,bench_new_T3_32979,,365,TRUE,https://www.CLIENT_X.nl/c-p/HX9552_33/-/ondersteuning,Existing CM Trackers-Found,,,,,
www.CLIENT_X.com.tw,Essential cookies (exempt from consent),CLIENT_X - Taiwan,ETag,blank (etag),,bench_update_duration,,,Existing CM Trackers-Not Found,,,,,
cdn-scripts.signifyd.com,Essential cookies,Signifyd,ETag,bench_new_T3_33565,,,TRUE,http://www.CLIENT_X.nl/,Existing CM Trackers-Found,,,,,
www.accounts.CLIENT_X.com,Essential cookies,Koninklijke CLIENT_X N.V.,JavaScript,bench_new_T3_32661,,,,,Existing CM Trackers-Not Found,,,,,
CLIENT_X.nl,Essential cookies (exempt from consent),CLIENT_X - Netherlands,HTTP Cookie,_scid,,,,,Existing CM Trackers-Not Found,,,,,
www.gearselectiontool.lighting.CLIENT_X.com,Performance cookies,Signify (formerly CLIENT_X Lighting),JavaScript,bench_new_T3_32710,,,,,Existing CM Trackers-Not Found,,,,,
CLIENT_X.nl,Essential cookies,CLIENT_X - Netherlands,HTTP Cookie,_ga_failed_lookup_marker_20_1959,,,,,Existing CM Trackers-Not Found,,,,,
CLIENT_X.nl,Essential cookies,CLIENT_X - Netherlands,HTTP Cookie,bench_new_T3_33196,,393,TRUE,https://www.CLIENT_X.nl/c-e/ho/recall-perfectcare-8000-9000-elite-series,Existing CM Trackers-Found,,,,,
*.t.eloqua.com,Targeted Advertising cookies (including social media),Oracle Marketing,Beacon,bench_new_T3_33500,,,,https://www.CLIENT_X.nl/healthcare,Existing CM Trackers-Found,,,,,
www.horticulture-partnertool.lighting.CLIENT_X.com,Performance cookies,Signify (formerly CLIENT_X Lighting),JavaScript,bench_new_T3_32304,,,,,Existing CM Trackers-Not Found,,,,,
www.lighting.CLIENT_X.nl,Essential cookies,Signify (formerly CLIENT_X Lighting),HTTP Cookie,bench_new_T3_32938,,,,,Existing CM Trackers-Not Found,,,,,
lighting.CLIENT_X.nl,Essential cookies,Signify (formerly CLIENT_X Lighting),HTTP Cookie,bench_new_T3_32663,,,,,Existing CM Trackers-Not Found,,,,,
CLIENT_Xb2c.my.site.com,Performance cookies,"Salesforce.com, Inc.",JavaScript,bench_new_T3_32556,,,TRUE,https://www.CLIENT_X.nl/c-w/consumenten-ondersteuning/support-contact-page,Existing CM Trackers-Found,,,,,
snapchat.com,Targeted Advertising cookies (including social media),Snap Inc.,HTTP Cookie,_ga_failed_lookup_marker_20_1966,,390,TRUE,https://www.CLIENT_X.nl/c-e/ho/recall-perfectcare-8000-9000-elite-series,Existing CM Trackers-Found,,,,,
CLIENT_X.nl,Essential cookies,CLIENT_X - Netherlands,HTTP Cookie,bench_new_T3_32707,,400,TRUE,https://www.CLIENT_X.nl/c-e/ho/recall-perfectcare-8000-9000-elite-series,Existing CM Trackers-Found,,,,,
CLIENT_X.co.th,Essential cookies (exempt from consent),CLIENT_X - Thailand,HTTP Cookie,s_eVar8,,bench_update_duration,,https://www.CLIENT_X.nl/c-p/HX9552_33/-/ondersteuning,New First Party Trackers,,,,,
www.CLIENT_X.pl,Essential cookies (exempt from consent),CLIENT_X - Poland,HTTP Cookie,AWSELBCORS,,0,,https://www.CLIENT_X.nl/c-p/HX9552_33/-/ondersteuning,New First Party Trackers,,,,,
pages.information.signify.com,Performance cookies,Signify (formerly CLIENT_X Lighting),Local Storage,bench_new_T3_32541,,,,,Existing CM Trackers-Not Found,,,,,
www.CLIENT_X.sk,Essential cookies (exempt from consent),CLIENT_X - Slovakia,HTTP Cookie,kampyleUserPercentile,,bench_update_duration,,,Existing CM Trackers-Not Found,,,,,
CLIENT_X.nl,Essential cookies,CLIENT_X - Netherlands,HTTP Cookie,bench_new_T3_33125,,90,,https://www.CLIENT_X.nl/c-e/ho/recall-perfectcare-8000-9000-elite-series,New First Party Trackers,,,,,
www.conversiontool.lighting.CLIENT_X.com,Targeted Advertising cookies (including social media),Signify (formerly CLIENT_X Lighting),ETag,bench_new_T3_33236,,,,,Existing CM Trackers-Not Found,,,,,
www.lighting.CLIENT_X.nl,Essential cookies,Signify (formerly CLIENT_X Lighting),HTTP Cookie,bench_new_T3_33198,,,,,Existing CM Trackers-Not Found,,,,,
stats.g.doubleclick.net,Targeted Advertising cookies (including social media),Google Advertising Products,Beacon,bench_new_T3_32213,,,TRUE,http://www.CLIENT_X.nl/,Existing CM Trackers-Found,,,,,
*.salesforceliveagent.com,Performance cookies,"salesforce.com, inc.",JavaScript,bench_new_T3_33244,,,,,Existing CM Trackers-Not Found,,,,,
c.clarity.ms,Performance cookies,Microsoft,HTTP Cookie,bench_new_T3_33485,,,,,Existing CM Trackers-Not Found,,,,,
dpm.demdex.net,Targeted Advertising cookies (including social media),"Adobe Audience Manager, Adobe Experience Platform",Beacon,bench_new_T3_33518,,,,,Existing CM Trackers-Not Found,,,,,
dsum-sec.casalemedia.com,Targeted Advertising cookies (including social media),Index Exchange Inc.,Beacon,bench_new_T3_32018,,,,https://www.CLIENT_X.nl/a-w/about,New Third Party Trackers,,,,,
www.tco.lighting.CLIENT_X.com,Performance cookies,Koninklijke CLIENT_X N.V.,JavaScript,bench_new_T3_32883,,,,,Existing CM Trackers-Not Found,,,,,
lighting.CLIENT_X.nl,Performance cookies,Signify (formerly CLIENT_X Lighting),HTTP Cookie,bench_new_T3_32102,,,,,Existing CM Trackers-Not Found,,,,,
www.CLIENT_X-hue.com,Performance cookies,CLIENT_X Hue,ETag,bench_new_T3_33443,,,,,Existing CM Trackers-Not Found,,,,,
www.facebook.com,Targeted Advertising cookies (including social media),Meta (formerly Facebook),Beacon,bench_new_T3_32390,,,TRUE,http://www.CLIENT_X.nl/,Existing CM Trackers-Found,,,,,
CLIENT_X.co.za,Essential cookies (exempt from consent),CLIENT_X - South Africa,HTTP Cookie,_tt_enable_cookie,,bench_update_duration,,https://www.CLIENT_X.nl/a-w/about/milieu-maatschappij-governance-esg/partnerships/BNR-FD,New Third Party Trackers,,,,,
www.clarity.ms,Performance cookies,Microsoft,JavaScript,bench_new_T3_32860,,,TRUE,https://www.CLIENT_X.nl/c-e/ho/recall-perfectcare-8000-9000-elite-series,Existing CM Trackers-Found,,,,,
CLIENT_X.co.in,Essential cookies (exempt from consent),CLIENT_X - India,HTTP Cookie,s_cm_direct,,390,TRUE,https://www.CLIENT_X.nl/,Existing CM Trackers-Found,,,,,
www.CLIENT_X.sk,Essential cookies (exempt from consent),CLIENT_X - Slovakia,HTTP Cookie,p-hc-catg,,,,http://www.CLIENT_X.nl/,New Third Party Trackers,,,,,
*.online-metrix.net,Performance cookies,LexisNexis Risk Solutions (formerly ThreatMetrix),JavaScript,bench_new_T3_32295,,,,https://www.CLIENT_X.nl/c-p/JC305_50/-,Existing CM Trackers-Found,,,,,
www.lighting.CLIENT_X.nl,Essential cookies,Signify (formerly CLIENT_X Lighting),HTTP Cookie,bench_new_T3_32041,,,,,Existing CM Trackers-Not Found,,,,,
CLIENT_X.co.za,Essential cookies (exempt from consent),CLIENT_X - South Africa,HTTP Cookie,s_nrpv,,bench_update_duration,,,Existing CM Trackers-Not Found,,,,,
www.healthcare.shop.CLIENT_X.nl,Essential cookies,CLIENT_X - Netherlands,HTTP Cookie,bench_new_T3_33558,,,,,Existing CM Trackers-Not Found,,,,,
*.mktoweb.com,Targeted Advertising cookies (including social media),Marketo,ETag,_ga_failed_lookup_marker_20_1992,,,,,Existing CM Trackers-Not Found,,,,,
CLIENT_X.co.nz,Essential cookies (exempt from consent),CLIENT_X - New Zealand,HTTP Cookie,FPID,,bench_update_duration,,https://www.CLIENT_X.nl/c-p/JC305_50/-,New Third Party Trackers,,,,,
cdn-scripts.signifyd.com,Essential cookies,Signifyd,ETag,bench_new_T3_33344,,,TRUE,http://www.CLIENT_X.nl/,Existing CM Trackers-Found,,,,,
www.google.ie,Targeted Advertising cookies (including social media),Google Inc.,Beacon,bench_new_T3_32447,,,TRUE,http://www.CLIENT_X.nl/,Existing CM Trackers-Found,,,,,
shop.CLIENT_X.nl,Essential cookies,CLIENT_X - Netherlands,Local Storage,bench_new_T3_33351,,,,,Existing CM Trackers-Not Found,,,,,
www.tco.lighting.CLIENT_X.com,Performance cookies,Koninklijke CLIENT_X N.V.,JavaScript,bench_new_T3_32203,,,,,Existing CM Trackers-Not Found,,,,,
s.pinimg.com,Targeted Advertising cookies (including social media),Pinterest,JavaScript,bench_new_T3_33472,,,,,Existing CM Trackers-Not Found,,,,,
www.CLIENT_X.nl,Essential cookies,CLIENT_X - Netherlands,HTTP Cookie,bench_new_T3_32653,,6,,https://www.CLIENT_X.nl/c-p/HX9552_33/-/ondersteuning,New First Party Trackers,,,,,
