tracking_domain,consent_category,vendor_name,tracker_type,tracker_name,tracker_purpose,tracker_duration,3rd_party_sharing,first_found_at,party_type,vendor_description,modified,consent_category_new,tracker_purpose_[language code],vendor_description_[language code]
www.lighting.CLIENT_X.com.pk,Essential cookies,Signify (formerly CLIENT_X Lighting),HTTP Cookie,bench_new_T3_101301,,,,,Existing CM Trackers-Not Found,,,,,
youtube.com,Targeted Advertising cookies (including social media),Google Advertising Products,HTTP Cookie,bench_new_T3_102149,,session,TRUE,https://www.CLIENT_X.com.pk/c-m-so/monitors,Existing CM Trackers-Found,,,,,
smetrics.marketing.lighting.CLIENT_X.com.pk,Essential cookies,CLIENT_X - Pakistan,JavaScript,bench_new_T3_102160,,,,,Existing CM Trackers-Not Found,,,,,
munchkin.marketo.net,Targeted Advertising cookies (including social media),Marketo,JavaScript,bench_new_T3_102007,,,,,Existing CM Trackers-Not Found,,,,,
c.amazon-adsystem.com,Targeted Advertising cookies (including social media),Amazon Ads,ETag,bench_new_T3_101641,,,,,Existing CM Trackers-Not Found,,,,,
casalemedia.com,Targeted Advertising cookies (including social media),Index Exchange Inc.,HTTP Cookie,bench_new_T3_101420,,90,TRUE,https://www.CLIENT_X.com.pk/a-w/cookie-notice.html,Existing CM Trackers-Found,,,,,
www.CLIENT_X.com.pk,Essential cookies,CLIENT_X - Pakistan,HTTP Cookie,bench_new_T3_102063,,,,,Existing CM Trackers-Not Found,,,,,
tr.snapchat.com,Targeted Advertising cookies (including social media),Snap Inc.,Beacon,bench_new_T3_102056,,,TRUE,https://www.CLIENT_X.com.pk/c-e/ho/cooking/airfryer-xxl,Existing CM Trackers-Found,,,,,
www.CLIENT_X.pt,Essential cookies (exempt from consent),CLIENT_X - Portugal,HTTP Cookie,ws-active-shop,,bench_update_duration,,https://www.CLIENT_X.com.pk/c-f/XC000021443/my-CLIENT_X-fan-makes-an-unusual-noise-when-oscillating,New Third Party Trackers,,,,,
connect.facebook.net,Targeted Advertising cookies (including social media),Meta (formerly Facebook),Beacon,bench_new_T3_101489,,,TRUE,https://www.CLIENT_X.com.pk/c-e/au/car-lights/automotive-articles.html?npagination=110,Existing CM Trackers-Found,,,,,
display.ugc.bazaarvoice.com,Essential cookies (exempt from consent),Bazaarvoice,Local Storage,keys,,bench_update_duration,TRUE,https://www.CLIENT_X.com.pk/c-m-so/monitors,Existing CM Trackers-Found,,,,,
www.CLIENT_X.ma,Essential cookies (exempt from consent),CLIENT_X - Morocco,HTTP Cookie,eddl_etc_list,,,TRUE,https://www.CLIENT_X.com.pk/c-e/ho/cooking/airfryer-xxl,Existing CM Trackers-Found,,,,,
nebula-cdn.kampyle.com,Performance cookies,Medallia,ETag,bench_new_T3_101885,,,TRUE,http://www.CLIENT_X.com.pk/,Existing CM Trackers-Found,,,,,
www.CLIENT_X.com.pk,Essential cookies,CLIENT_X - Pakistan,HTTP Cookie,bench_new_T3_102144,,session,,http://www.CLIENT_X.com.pk/,New First Party Trackers,,,,,
assets.adoberesources.net,Performance cookies,Adobe Inc.,JavaScript,_ga_failed_lookup_marker_63_14,,,,,Existing CM Trackers-Not Found,,,,,
www.lighting.CLIENT_X.com.pk,Essential cookies,Signify (formerly CLIENT_X Lighting),HTTP Cookie,bench_new_T3_101969,,,,,Existing CM Trackers-Not Found,,,,,
www.CLIENT_X.com.pk,Essential cookies,CLIENT_X - Pakistan,HTTP Cookie,bench_new_T3_101511,,,,,Existing CM Trackers-Not Found,,,,,
res.wx.qq.com,Performance Cookies [Requires consent],Tencent - QQ.com,JavaScript,-,,90,TRUE,https://www.CLIENT_X.com.pk/,Existing CM Trackers-Found,,,,,
pages.information.signify.com,Performance cookies,Signify (formerly CLIENT_X Lighting),ETag,bench_new_T3_102353,,,,,Existing CM Trackers-Not Found,,,,,
CLIENT_X.com.pk,Essential cookies,CLIENT_X - Pakistan,HTTP Cookie,bench_new_T3_101959,,,,,Existing CM Trackers-Not Found,,,,,
CLIENT_X.com.pk,Essential cookies,CLIENT_X - Pakistan,HTTP Cookie,bench_new_T3_101319,,0,TRUE,https://www.CLIENT_X.com.pk/,Existing CM Trackers-Found,,,,,
consent.truste.com,Essential cookies,TrustArc,JavaScript,bench_new_T3_102335,,,,,Existing CM Trackers-Not Found,,,,,
www.CLIENT_X.com.pk,Essential cookies,CLIENT_X - Pakistan,HTTP Cookie,_ga_failed_lookup_marker_63_22,,1,,http://www.CLIENT_X.com.pk/,New First Party Trackers,,,,,
CLIENT_X.com.pk,Essential cookies,CLIENT_X - Pakistan,HTTP Cookie,_ga_failed_lookup_marker_63_23,,session,TRUE,https://www.CLIENT_X.com.pk/,Existing CM Trackers-Found,,,,,
www.CLIENT_X.com.pk,Essential cookies,CLIENT_X - Pakistan,HTTP Cookie,bench_new_T3_102161,,,,,Existing CM Trackers-Not Found,,,,,
CLIENT_X.com.pk,Essential cookies,CLIENT_X - Pakistan,HTTP Cookie,bench_new_T3_100834,,,,,Existing CM Trackers-Not Found,,,,,
CLIENT_X.com.pk,Essential cookies,CLIENT_X - Pakistan,HTTP Cookie,bench_new_T3_102118,,400,TRUE,https://www.CLIENT_X.com.pk/,Existing CM Trackers-Found,,,,,
widget-cdn.janraincapture.com,Performance cookies,Akamai,ETag,bench_new_T3_101216,,,,,Existing CM Trackers-Not Found,,,,,
pages.information.signify.com,Performance cookies,Signify (formerly CLIENT_X Lighting),HTTP Cookie,bench_new_T3_100801,,,,,Existing CM Trackers-Not Found,,,,,
static.cloud.coveo.com,Targeted Advertising cookies (including social media),Coveo Solutions Inc.,JavaScript,bench_new_T3_101475,,,,,Existing CM Trackers-Not Found,,,,,
sc-static.net,Targeted Advertising cookies (including social media),Snap Inc.,HTTP Cookie,bench_new_T3_101895,,1,TRUE,https://www.CLIENT_X.com.pk/c-e/ho/cooking/airfryer-xxl,Existing CM Trackers-Found,,,,,
cdn.orbita.cloud,Performance Cookies [Requires consent],Orbita,JavaScript,-,,,,,Existing CM Trackers-Not Found,,,,,
www.realpro.lighting.CLIENT_X.com,Essential cookies,Koninklijke CLIENT_X N.V.,ETag,bench_new_T3_101666,,,,,Existing CM Trackers-Not Found,,,,,
www.CLIENT_X.com.pk,Essential cookies,CLIENT_X - Pakistan,ETag,_ga_failed_lookup_marker_63_33,,,TRUE,http://www.CLIENT_X.com.pk/,Existing CM Trackers-Found,,,,,
www.CLIENT_X.com.pk,Essential cookies,CLIENT_X - Pakistan,HTTP Cookie,bench_new_T3_101545,,,,,Existing CM Trackers-Not Found,,,,,
consent.trustarc.com,Essential cookies,TrustArc,Beacon,bench_new_T3_101629,,,TRUE,http://www.CLIENT_X.com.pk/,Existing CM Trackers-Found,,,,,
maps.googleapis.com,Performance cookies,Google Inc.,JavaScript,bench_new_T3_101054,,,TRUE,https://www.CLIENT_X.com.pk/c-m-au/car-lights/store-locator,Existing CM Trackers-Found,,,,,
www.CLIENT_X.com.pk,Essential cookies,CLIENT_X - Pakistan,JavaScript,_ga_failed_lookup_marker_63_37,,,TRUE,http://www.CLIENT_X.com.pk/,Existing CM Trackers-Found,,,,,
checkout.tabby.ai,Performance Cookies [Requires consent],tabby.ai,ETag,-,,bench_update_duration,TRUE,http://www.CLIENT_X.com.pk/,Existing CM Trackers-Found,,,,,
www.CLIENT_X.com.qa,Essential cookies (exempt from consent),CLIENT_X - Qatar,HTTP Cookie,kampyleUserPercentile,,,,,Existing CM Trackers-Not Found,,,,,
sc-static.net,Targeted Advertising cookies (including social media),Snap Inc.,ETag,bench_new_T3_100906,,,TRUE,https://www.CLIENT_X.com.pk/c-f/XC000002428/how-to-clean-the-brush-of-my-CLIENT_X-vacuum-cleaner,Existing CM Trackers-Found,,,,,
www.CLIENT_X.com.pk,Essential cookies,CLIENT_X - Pakistan,HTTP Cookie,bench_new_T3_101739,,6,,http://www.CLIENT_X.com.pk/,New First Party Trackers,,,,,
smetrics.marketing.lighting.CLIENT_X.com,Targeted Advertising cookies (including social media),Koninklijke CLIENT_X N.V.,JavaScript,bench_new_T3_101606,,,,,Existing CM Trackers-Not Found,,,,,
dpm.demdex.net,Targeted Advertising cookies (including social media),"Adobe Audience Manager, Adobe Experience Cloud",Beacon,bench_new_T3_101934,,,,,Existing CM Trackers-Not Found,,,,,
snap.licdn.com,Performance cookies,LinkedIn,JavaScript,_ga_failed_lookup_marker_63_44,,,TRUE,https://www.CLIENT_X.com.pk/c-e/ho/cooking/airfryer-xxl,Existing CM Trackers-Found,,,,,
lighting.CLIENT_X.com.pk,Essential cookies,Signify (formerly CLIENT_X Lighting),HTTP Cookie,bench_new_T3_102334,,,,,Existing CM Trackers-Not Found,,,,,
sc-static.net,Targeted Advertising cookies (including social media),Snap Inc.,ETag,bench_new_T3_102294,,,TRUE,https://www.CLIENT_X.com.pk/c-f/XC000002428/how-to-clean-the-brush-of-my-CLIENT_X-vacuum-cleaner,Existing CM Trackers-Found,,,,,
www.ledsavingscalculator.CLIENT_X.co.uk,Performance cookies,Signify (formerly CLIENT_X Lighting),ETag,bench_new_T3_100903,,,,,Existing CM Trackers-Not Found,,,,,
CLIENT_X.com.pk,Essential cookies,CLIENT_X - Pakistan,HTTP Cookie,bench_new_T3_101348,,0,TRUE,https://www.CLIENT_X.com.pk/,Existing CM Trackers-Found,,,,,
consent-st.trustarc.com,Essential cookies,TrustArc,JavaScript,bench_new_T3_101843,,,TRUE,https://www.CLIENT_X.com.pk/healthcare,Existing CM Trackers-Found,,,,,
sc-static.net,Targeted Advertising cookies (including social media),Snap Inc.,ETag,bench_new_T3_102295,,,TRUE,https://www.CLIENT_X.com.pk/c-f/XC000002428/how-to-clean-the-brush-of-my-CLIENT_X-vacuum-cleaner,Existing CM Trackers-Found,,,,,
dsum-sec.casalemedia.com,Targeted Advertising cookies (including social media),Index Exchange Inc.,Beacon,bench_new_T3_102113,,,TRUE,https://www.CLIENT_X.com.pk/a-w/cookie-notice,Existing CM Trackers-Found,,,,,
CLIENT_X.com.pk,Essential cookies,CLIENT_X - Pakistan,HTTP Cookie,bench_new_T3_101536,,,,,Existing CM Trackers-Not Found,,,,,
CLIENT_X.com.pk,Essential cookies,CLIENT_X - Pakistan,HTTP Cookie,bench_new_T3_101907,,,,,Existing CM Trackers-Not Found,,,,,
company-target.com,Targeted Advertising cookies (including social media),"Demandbase, Inc.",HTTP Cookie,bench_new_T3_102218,,396,TRUE,https://www.CLIENT_X.com.pk/a-w/cookie-notice.html,Existing CM Trackers-Found,,,,,
www.lighting.CLIENT_X.it,Essential cookies (exempt from consent),Signify (formerly CLIENT_X Lighting),HTTP Cookie,AWSELB,,0,TRUE,http://www.CLIENT_X.com.pk/,Existing CM Trackers-Found,,,,,
CLIENT_X.com.pk,Essential cookies,CLIENT_X - Pakistan,HTTP Cookie,bench_new_T3_101276,,393,TRUE,https://www.CLIENT_X.com.pk/,Existing CM Trackers-Found,,,,,
static.cloud.coveo.com,Targeted Advertising cookies (including social media),Coveo Solutions Inc.,ETag,bench_new_T3_102124,,,,,Existing CM Trackers-Not Found,,,,,
code.jquery.com,Performance cookies,jQuery,JavaScript,bench_new_T3_100803,,,,,Existing CM Trackers-Not Found,,,,,
consent.trustarc.com,Essential cookies,TrustArc,JavaScript,bench_new_T3_102298,,,TRUE,http://www.CLIENT_X.com.pk/,Existing CM Trackers-Found,,,,,
CLIENT_X.com.pk,Essential cookies,CLIENT_X - Pakistan,HTTP Cookie,bench_new_T3_101555,,,,,Existing CM Trackers-Not Found,,,,,
CLIENT_Xb2c.my.site.com,Performance cookies,"Salesforce.com, Inc.",ETag,bench_new_T3_101367,,,TRUE,https://www.CLIENT_X.com.pk/c-f/XC000001050/are-CLIENT_X-avent-cups-compatible-with-other-avent-products,Existing CM Trackers-Found,,,,,
youtube.com,Targeted Advertising cookies (including social media),Google Advertising Products,HTTP Cookie,bench_new_T3_101932,,180,TRUE,https://www.CLIENT_X.com.pk/c-m-so/monitors,Existing CM Trackers-Found,,,,,
CLIENT_X.com.pk,Essential cookies,CLIENT_X - Pakistan,HTTP Cookie,bench_new_T3_101086,,,,,Existing CM Trackers-Not Found,,,,,
www.lighting.CLIENT_X.com.pk,Essential cookies,Signify (formerly CLIENT_X Lighting),HTTP Cookie,_ga_failed_lookup_marker_63_64,,,,,Existing CM Trackers-Not Found,,,,,
agent-versuni.mindtouch.us,Performance cookies,MindTouch,HTTP Cookie,bench_new_T3_101010,,400,,https://www.CLIENT_X.com.pk/c-f/XC000021443/my-CLIENT_X-fan-makes-an-unusual-noise-when-oscillating,New Third Party Trackers,,,,,
CLIENT_X.com.pk,Essential cookies,CLIENT_X - Pakistan,HTTP Cookie,bench_new_T3_101520,,400,TRUE,https://www.CLIENT_X.com.pk/,Existing CM Trackers-Found,,,,,
www.static.accounts.CLIENT_X.com,Essential cookies,Koninklijke CLIENT_X N.V.,JavaScript,bench_new_T3_101879,,,,,Existing CM Trackers-Not Found,,,,,
c.amazon-adsystem.com,Targeted Advertising cookies (including social media),Amazon Ads,JavaScript,bench_new_T3_101211,,,,,Existing CM Trackers-Not Found,,,,,
*.cloudfront.net,Performance cookies,Amazon (Cloudfront),ETag,bench_new_T3_101552,,,,,Existing CM Trackers-Not Found,,,,,
google.com,Performance cookies,Google Inc.,Local Storage,_ga_failed_lookup_marker_63_70,,,TRUE,https://www.CLIENT_X.com.pk/healthcare/articles/sleep-apnea-compliance,Existing CM Trackers-Found,,,,,
maps.googleapis.com,Performance cookies,Google Inc.,JavaScript,bench_new_T3_100835,,,TRUE,https://www.CLIENT_X.com.pk/c-m-au/car-lights/store-locator,Existing CM Trackers-Found,,,,,
CLIENT_X.com.pk,Performance cookies,CLIENT_X - Pakistan,HTTP Cookie,bench_new_T3_101259,,,,,Existing CM Trackers-Not Found,,,,,
consent.truste.com,Essential cookies,TrustArc,JavaScript,bench_new_T3_100831,,,,,Existing CM Trackers-Not Found,,,,,
CLIENT_X.com.pk,Essential cookies,CLIENT_X - Pakistan,HTTP Cookie,bench_new_T3_101371,,400,TRUE,https://www.CLIENT_X.com.pk/,Existing CM Trackers-Found,,,,,
assets.adoberesources.net,Performance cookies,Adobe Inc.,ETag,bench_new_T3_101398,,,,,Existing CM Trackers-Not Found,,,,,
dpm.demdex.net,Targeted Advertising cookies (including social media),"Adobe Audience Manager, Adobe Experience Cloud",HTTP Cookie,bench_new_T3_100817,,,,,Existing CM Trackers-Not Found,,,,,
lighting.CLIENT_X.com.pk,Essential cookies,Signify (formerly CLIENT_X Lighting),HTTP Cookie,bench_new_T3_101925,,,,,Existing CM Trackers-Not Found,,,,,
tremorhub.com,Targeted Advertising cookies (including social media),"Magnite CTV, Inc.",HTTP Cookie,bench_new_T3_101985,,400,TRUE,https://www.CLIENT_X.com.pk/a-w/cookie-notice.html,Existing CM Trackers-Found,,,,,
www.gearselectiontool.lighting.CLIENT_X.com,Performance cookies,Signify (formerly CLIENT_X Lighting),JavaScript,bench_new_T3_102203,,,,,Existing CM Trackers-Not Found,,,,,
*.t.eloqua.com,Performance cookies,Oracle Marketing,Beacon,bench_new_T3_101345,,,,https://www.CLIENT_X.com.pk/healthcare,New Third Party Trackers,,,,,
CLIENT_X.com.pk,Essential cookies,CLIENT_X - Pakistan,HTTP Cookie,_ga_failed_lookup_marker_63_81,,0,TRUE,https://www.CLIENT_X.com.pk/,Existing CM Trackers-Found,,,,,
CLIENT_X.com.pk,Essential cookies,CLIENT_X - Pakistan,HTTP Cookie,bench_new_T3_101863,,,,,Existing CM Trackers-Not Found,,,,,
acc.usa.CLIENT_X.com,Essential cookies (exempt from consent),Koninklijke CLIENT_X N.V.,HTTP Cookie,kampyleUserSessionsCount,,bench_update_duration,,,Existing CM Trackers-Not Found,,,,,
www.CLIENT_X.com.pk,Essential cookies,CLIENT_X - Pakistan,HTTP Cookie,bench_new_T3_100947,,6,,http://www.CLIENT_X.com.pk/,New First Party Trackers,,,,,
CLIENT_X.com.pk,Essential cookies,CLIENT_X - Pakistan,HTTP Cookie,bench_new_T3_100816,,,,,Existing CM Trackers-Not Found,,,,,
script.hotjar.com,Targeted Advertising cookies (including social media),Hotjar,JavaScript,bench_new_T3_101946,,,,,Existing CM Trackers-Not Found,,,,,
CLIENT_X.com.pk,Essential cookies,CLIENT_X - Pakistan,HTTP Cookie,bench_new_T3_101046,,365,,https://www.CLIENT_X.com.pk/,New First Party Trackers,,,,,
www.lighting.CLIENT_X.bg,Essential cookies (exempt from consent),Signify (formerly CLIENT_X Lighting),HTTP Cookie,AWSELBCORS,,0,,,Existing CM Trackers-Not Found,,,,,
CLIENT_X.com.pk,Essential cookies,CLIENT_X - Pakistan,HTTP Cookie,_ga_failed_lookup_marker_63_89,,,,,Existing CM Trackers-Not Found,,,,,
tr.snapchat.com,Targeted Advertising cookies (including social media),Snap Inc.,Beacon,bench_new_T3_102276,,,TRUE,https://www.CLIENT_X.com.pk/c-e/ho/cooking/airfryer-xxl,Existing CM Trackers-Found,,,,,
*.mktoweb.com,Targeted Advertising cookies (including social media),Marketo,JavaScript,bench_new_T3_102006,,,,,Existing CM Trackers-Not Found,,,,,
www.CLIENT_X.com.pk,Essential cookies,CLIENT_X - Pakistan,HTTP Cookie,bench_new_T3_102351,,,,,Existing CM Trackers-Not Found,,,,,
munchkin.marketo.net,Targeted Advertising cookies (including social media),Marketo,ETag,bench_new_T3_100802,,,,,Existing CM Trackers-Not Found,,,,,
CLIENT_X.com.pk,Essential cookies,CLIENT_X - Pakistan,HTTP Cookie,bench_new_T3_101058,,,,,Existing CM Trackers-Not Found,,,,,
CLIENT_X.com.pk,Essential cookies,CLIENT_X - Pakistan,HTTP Cookie,bench_new_T3_101518,,0,TRUE,https://www.CLIENT_X.com.pk/,Existing CM Trackers-Found,,,,,
www.google.com,Targeted Advertising cookies (including social media),Google Inc.,JavaScript,bench_new_T3_101070,,,TRUE,https://www.CLIENT_X.com.pk/healthcare/articles/sleep-apnea-compliance,Existing CM Trackers-Found,,,,,
www.realpro.lighting.CLIENT_X.com,Essential cookies,Koninklijke CLIENT_X N.V.,ETag,bench_new_T3_102023,,,,,Existing CM Trackers-Not Found,,,,,
CLIENT_X.com.pk,Essential cookies,CLIENT_X - Pakistan,HTTP Cookie,bench_new_T3_100864,,60,TRUE,https://www.CLIENT_X.com.pk/,Existing CM Trackers-Found,,,,,
www.CLIENT_X.co.uk,Essential cookies (exempt from consent),CLIENT_X - United Kingdom,HTTP Cookie,p-hc-specialty,,bench_update_duration,,http://www.CLIENT_X.com.pk/,New First Party Trackers,,,,,
lighting.CLIENT_X.cz,Essential cookies (exempt from consent),Signify (formerly CLIENT_X Lighting),HTTP Cookie,_mkto_trk,,bench_update_duration,TRUE,https://www.CLIENT_X.com.pk/a-w/cookie-notice.html,Existing CM Trackers-Found,,,,,
CLIENT_X.com.pk,Essential cookies,CLIENT_X - Pakistan,HTTP Cookie,bench_new_T3_101061,,,,,Existing CM Trackers-Not Found,,,,,
www.CLIENT_X.pl,Essential cookies (exempt from consent),CLIENT_X - Poland,HTTP Cookie,T01-recentlyViewedProducts,,390,TRUE,https://www.CLIENT_X.com.pk/,Existing CM Trackers-Found,,,,,
*.en25.com,Targeted Advertising cookies (including social media),Oracle Marketing,JavaScript,bench_new_T3_101930,,,,https://www.CLIENT_X.com.pk/healthcare,Existing CM Trackers-Found,,,,,
www.abonnementen.CLIENT_X.nl,Essential cookies (exempt from consent),CLIENT_X - Netherlands,HTTP Cookie,kampyleSessionPageCounter,,,,,Existing CM Trackers-Not Found,,,,,
pages.information.signify.com,Performance cookies,Signify (formerly CLIENT_X Lighting),Local Storage,_ga_failed_lookup_marker_63_105,,,,,Existing CM Trackers-Not Found,,,,,
CLIENT_X.ma,Essential cookies (exempt from consent),CLIENT_X - Morocco,HTTP Cookie,s_eVar42,,bench_update_duration,TRUE,https://www.CLIENT_X.com.pk/c-f/XC000001050/are-CLIENT_X-avent-cups-compatible-with-other-avent-products,Existing CM Trackers-Found,,,,,
tracker-detail-page.trustarc.com,Essential cookies,TrustArc,ETag,bench_new_T3_102195,,,,https://www.CLIENT_X.com.pk/a-w/cookie-notice,New Third Party Trackers,,,,,
tr.snapchat.com,Targeted Advertising cookies (including social media),Snap Inc.,Beacon,bench_new_T3_100942,,,TRUE,https://www.CLIENT_X.com.pk/c-e/ho/cooking/airfryer-xxl,Existing CM Trackers-Found,,,,,
ad.doubleclick.net,Targeted Advertising cookies (including social media),Google Advertising Products,Beacon,bench_new_T3_101711,,,TRUE,http://www.CLIENT_X.com.pk/,Existing CM Trackers-Found,,,,,
CLIENT_Xb2c.my.site.com,Performance cookies,"Salesforce.com, Inc.",Local Storage,bench_new_T3_101181,,,TRUE,https://www.CLIENT_X.com.pk/c-f/XC000001050/are-CLIENT_X-avent-cups-compatible-with-other-avent-products,Existing CM Trackers-Found,,,,,
*.t.eloqua.com,Performance cookies,Oracle Marketing,Beacon,bench_new_T3_102329,,,,https://www.CLIENT_X.com.pk/healthcare,New Third Party Trackers,,,,,
lighting.CLIENT_X.com.pk,Essential cookies,Signify (formerly CLIENT_X Lighting),HTTP Cookie,bench_new_T3_102321,,,,,Existing CM Trackers-Not Found,,,,,
CLIENT_X.lv,Essential cookies (exempt from consent),CLIENT_X - Latvia,HTTP Cookie,zScalerUser,,bench_update_duration,,,Existing CM Trackers-Not Found,,,,,
CLIENT_X.cl,Essential cookies (exempt from consent),CLIENT_X - Chile,HTTP Cookie,_gid,,,,,Existing CM Trackers-Not Found,,,,,
CLIENT_X.com.pk,Essential cookies,CLIENT_X - Pakistan,HTTP Cookie,bench_new_T3_101472,,0,TRUE,https://www.CLIENT_X.com.pk/,Existing CM Trackers-Found,,,,,
smetrics.marketing.lighting.CLIENT_X.com,Targeted Advertising cookies (including social media),Koninklijke CLIENT_X N.V.,JavaScript,bench_new_T3_102304,,,,,Existing CM Trackers-Not Found,,,,,
www.CLIENT_X.co.id,Essential cookies (exempt from consent),CLIENT_X - Indonesia,HTTP Cookie,kampyle_userid,,400,TRUE,https://www.CLIENT_X.com.pk/a-w/cookie-notice.html,Existing CM Trackers-Found,,,,,
doubleclick.net,Targeted Advertising cookies (including social media),Google Advertising Products,HTTP Cookie,bench_new_T3_102061,,,,,Existing CM Trackers-Not Found,,,,,
www.lighting.CLIENT_X.com.pk,Essential cookies,Signify (formerly CLIENT_X Lighting),ETag,_ga_failed_lookup_marker_63_119,,,,,Existing CM Trackers-Not Found,,,,,
www.lighting.CLIENT_X.com.pk,Essential cookies,Signify (formerly CLIENT_X Lighting),HTTP Cookie,bench_new_T3_102097,,,,,Existing CM Trackers-Not Found,,,,,
CLIENT_X.com.ar,Essential cookies (exempt from consent),CLIENT_X - Argentina,HTTP Cookie,test,,729,,,Existing CM Trackers-Not Found,,,,,
tr.snapchat.com,Targeted Advertising cookies (including social media),Snap Inc.,Beacon,bench_new_T3_102040,,,TRUE,https://www.CLIENT_X.com.pk/c-e/ho/cooking/airfryer-xxl,Existing CM Trackers-Found,,,,,
CLIENT_Xb2c.my.site.com,Performance cookies,"Salesforce.com, Inc.",JavaScript,bench_new_T3_101550,,,TRUE,https://www.CLIENT_X.com.pk/c-f/XC000001050/are-CLIENT_X-avent-cups-compatible-with-other-avent-products,Existing CM Trackers-Found,,,,,
doubleclick.net,Targeted Advertising cookies (including social media),Google Advertising Products,HTTP Cookie,bench_new_T3_101622,,390,TRUE,https://www.CLIENT_X.com.pk/,Existing CM Trackers-Found,,,,,
www.CLIENT_X.com.pk,Essential cookies,CLIENT_X - Pakistan,HTTP Cookie,bench_new_T3_101527,,session,,http://www.CLIENT_X.com.pk/,New First Party Trackers,,,,,
CLIENT_X.pl,Essential cookies (exempt from consent),CLIENT_X - Poland,HTTP Cookie,s_cm_direct,,,,https://www.CLIENT_X.com.pk/a-w/cookie-notice,New Third Party Trackers,,,,,
lighting.CLIENT_X.com.pk,Essential cookies,Signify (formerly CLIENT_X Lighting),HTTP Cookie,bench_new_T3_101812,,,,,Existing CM Trackers-Not Found,,,,,
CLIENT_X.com.pk,Essential cookies,CLIENT_X - Pakistan,Local Storage,bench_new_T3_101102,,,TRUE,https://www.CLIENT_X.com.pk/c-f/XC000001050/are-CLIENT_X-avent-cups-compatible-with-other-avent-products,Existing CM Trackers-Found,,,,,
CLIENT_X.com.pk,Performance cookies,CLIENT_X - Pakistan,HTTP Cookie,bench_new_T3_101582,,0,TRUE,https://www.CLIENT_X.com.pk/,Existing CM Trackers-Found,,,,,
pixel.rubiconproject.com,Targeted Advertising cookies (including social media),"Magnite, Inc.",Beacon,bench_new_T3_101861,,,TRUE,https://www.CLIENT_X.com.pk/a-w/cookie-notice,Existing CM Trackers-Found,,,,,
lighting.CLIENT_X.com.pk,Essential cookies,Signify (formerly CLIENT_X Lighting),HTTP Cookie,bench_new_T3_100970,,,,,Existing CM Trackers-Not Found,,,,,
www.CLIENT_X.com.pk,Essential cookies,CLIENT_X - Pakistan,HTTP Cookie,_ga_failed_lookup_marker_63_132,,,,,Existing CM Trackers-Not Found,,,,,
sc-static.net,Targeted Advertising cookies (including social media),Snap Inc.,ETag,bench_new_T3_101554,,,TRUE,https://www.CLIENT_X.com.pk/c-f/XC000002428/how-to-clean-the-brush-of-my-CLIENT_X-vacuum-cleaner,Existing CM Trackers-Found,,,,,
www.CLIENT_X.com.pk,Essential cookies,CLIENT_X - Pakistan,HTTP Cookie,_ga_failed_lookup_marker_63_134,,365,TRUE,http://www.CLIENT_X.com.pk/,Existing CM Trackers-Found,,,,,
www.googleadservices.com,Targeted Advertising cookies (including social media),Google Advertising Products,JavaScript,bench_new_T3_101003,,,,,Existing CM Trackers-Not Found,,,,,
pages.information.signify.com,Performance cookies,Signify (formerly CLIENT_X Lighting),HTTP Cookie,bench_new_T3_101383,,,,,Existing CM Trackers-Not Found,,,,,
nebula-cdn.kampyle.com,Performance cookies,Medallia,ETag,_ga_failed_lookup_marker_63_137,,,TRUE,http://www.CLIENT_X.com.pk/,Existing CM Trackers-Found,,,,,
www.CLIENT_X.com.pk,Essential cookies,CLIENT_X - Pakistan,HTTP Cookie,bench_new_T3_101754,,365,TRUE,http://www.CLIENT_X.com.pk/,Existing CM Trackers-Found,,,,,
lighting.CLIENT_X.com.pk,Essential cookies,Signify (formerly CLIENT_X Lighting),HTTP Cookie,bench_new_T3_101850,,,,,Existing CM Trackers-Not Found,,,,,
casalemedia.com,Targeted Advertising cookies (including social media),Index Exchange Inc.,HTTP Cookie,bench_new_T3_101043,,90,TRUE,https://www.CLIENT_X.com.pk/a-w/cookie-notice.html,Existing CM Trackers-Found,,,,,
www.CLIENT_X.com.pk,Essential cookies,CLIENT_X - Pakistan,HTTP Cookie,bench_new_T3_102372,,6,,http://www.CLIENT_X.com.pk/,New First Party Trackers,,,,,
pages.information.signify.com,Performance cookies,Signify (formerly CLIENT_X Lighting),Local Storage,bench_new_T3_101179,,,,,Existing CM Trackers-Not Found,,,,,
dpm.demdex.net,Targeted Advertising cookies (including social media),"Adobe Audience Manager, Adobe Experience Cloud",HTTP Cookie,bench_new_T3_101988,,,,,Existing CM Trackers-Not Found,,,,,
www.lighting.CLIENT_X.com.pk,Essential cookies,Signify (formerly CLIENT_X Lighting),HTTP Cookie,bench_new_T3_101365,,,,,Existing CM Trackers-Not Found,,,,,
youtube.com,Targeted Advertising cookies (including social media),Google Advertising Products,HTTP Cookie,bench_new_T3_101245,,180,,https://www.CLIENT_X.com.pk/c-m-so/monitors,New Third Party Trackers,,,,,
www.lighting.CLIENT_X.com.pk,Essential cookies,Signify (formerly CLIENT_X Lighting),HTTP Cookie,bench_new_T3_100853,,,,,Existing CM Trackers-Not Found,,,,,
versuni.scene7.com,Performance cookies,Adobe Experience Cloud - Experience Manager,ETag,bench_new_T3_101947,,,,https://www.CLIENT_X.com.pk/c-f/XC000021994/how-to-clean-the-dust-bucket-and-filter-of-my-CLIENT_X-1000-series-bagless-vacuum-cleaner,New Third Party Trackers,,,,,
snapchat.com,Targeted Advertising cookies (including social media),Snap Inc.,HTTP Cookie,bench_new_T3_102283,,390,TRUE,https://www.CLIENT_X.com.pk/c-e/ho/cooking/airfryer-xxl,Existing CM Trackers-Found,,,,,
i.ytimg.com,Targeted Advertising cookies (including social media),Google Inc.,ETag,bench_new_T3_101794,,,TRUE,https://www.CLIENT_X.com.pk/c-f/XC000021305/how-do-i-descale-my-CLIENT_X-garment-steamer-all-in-one-solution,Existing CM Trackers-Found,,,,,
dev.CLIENT_X.si,Essential cookies (exempt from consent),CLIENT_X - Slovenia,ETag,blank (etag),,,,,Existing CM Trackers-Not Found,,,,,
w.usabilla.com,Performance cookies,GetFeedback,JavaScript,bench_new_T3_101945,,,,,Existing CM Trackers-Not Found,,,,,
c.amazon-adsystem.com,Targeted Advertising cookies (including social media),Amazon Ads,ETag,bench_new_T3_100827,,,,,Existing CM Trackers-Not Found,,,,,
www.CLIENT_X.com.pk,Essential cookies,CLIENT_X - Pakistan,HTTP Cookie,bench_new_T3_101733,,,,,Existing CM Trackers-Not Found,,,,,
CLIENT_X.com.pk,Essential cookies,CLIENT_X - Pakistan,HTTP Cookie,bench_new_T3_102215,,,,,Existing CM Trackers-Not Found,,,,,
www.docs.lighting.CLIENT_X.com,Performance cookies,Signify (formerly CLIENT_X Lighting),JavaScript,bench_new_T3_101268,,,,,Existing CM Trackers-Not Found,,,,,
cdn.jsdelivr.net,Performance cookies,Volentio JSD Limited,ETag,bench_new_T3_102119,,,,,Existing CM Trackers-Not Found,,,,,
CLIENT_Xtest.scene7.com,Performance cookies,Adobe Experience Cloud - Experience Manager,ETag,bench_new_T3_102228,,,,,Existing CM Trackers-Not Found,,,,,
static.cloud.coveo.com,Targeted Advertising cookies (including social media),Coveo Solutions Inc.,JavaScript,bench_new_T3_102309,,,,,Existing CM Trackers-Not Found,,,,,
lighting.CLIENT_X.com.pk,Essential cookies,Signify (formerly CLIENT_X Lighting),HTTP Cookie,bench_new_T3_101492,,,,,Existing CM Trackers-Not Found,,,,,
maps.googleapis.com,Performance cookies,Google Inc.,JavaScript,bench_new_T3_101468,,,TRUE,https://www.CLIENT_X.com.pk/c-m-au/car-lights/store-locator,Existing CM Trackers-Found,,,,,
CLIENT_X.com.pk,Essential cookies,CLIENT_X - Pakistan,HTTP Cookie,bench_new_T3_102188,,session,TRUE,https://www.CLIENT_X.com.pk/,Existing CM Trackers-Found,,,,,
CLIENT_X.com.pk,Essential cookies,CLIENT_X - Pakistan,HTTP Cookie,bench_new_T3_101199,,0,TRUE,https://www.CLIENT_X.com.pk/,Existing CM Trackers-Found,,,,,
company-target.com,Targeted Advertising cookies (including social media),"Demandbase, Inc.",HTTP Cookie,_ga_failed_lookup_marker_63_163,,396,TRUE,https://www.CLIENT_X.com.pk/a-w/cookie-notice.html,Existing CM Trackers-Found,,,,,
versuni.scene7.com,Performance cookies,Adobe Experience Cloud - Experience Manager,ETag,_ga_failed_lookup_marker_63_164,,,,https://www.CLIENT_X.com.pk/c-f/XC000021994/how-to-clean-the-dust-bucket-and-filter-of-my-CLIENT_X-1000-series-bagless-vacuum-cleaner,New Third Party Trackers,,,,,
www.CLIENT_X.com.pk,Essential cookies,CLIENT_X - Pakistan,HTTP Cookie,bench_new_T3_100957,,0,,http://www.CLIENT_X.com.pk/,New First Party Trackers,,,,,
CLIENT_X.de,Essential cookies (exempt from consent),CLIENT_X - Germany,HTTP Cookie,s_cm_direct,,,,,Existing CM Trackers-Not Found,,,,,
www.CLIENT_X.com.pk,Essential cookies,CLIENT_X - Pakistan,HTTP Cookie,_ga_failed_lookup_marker_63_167,,365,TRUE,http://www.CLIENT_X.com.pk/,Existing CM Trackers-Found,,,,,
www.CLIENT_X.com.pk,Essential cookies,CLIENT_X - Pakistan,HTTP Cookie,bench_new_T3_102103,,365,TRUE,http://www.CLIENT_X.com.pk/,Existing CM Trackers-Found,,,,,
pixel.rubiconproject.com,Targeted Advertising cookies (including social media),"Magnite, Inc.",Beacon,_ga_failed_lookup_marker_63_169,,,TRUE,https://www.CLIENT_X.com.pk/a-w/cookie-notice,Existing CM Trackers-Found,,,,,
www.google.com,Essential cookies,Google Inc.,HTTP Cookie,bench_new_T3_101981,,179,TRUE,https://www.CLIENT_X.com.pk/healthcare/articles/sleep-apnea-compliance,Existing CM Trackers-Found,,,,,
www.CLIENT_X.com.pk,Essential cookies,CLIENT_X - Pakistan,HTTP Cookie,_ga_failed_lookup_marker_63_171,,session,,http://www.CLIENT_X.com.pk/,New First Party Trackers,,,,,
CLIENT_X.com.pk,Essential cookies,CLIENT_X - Pakistan,HTTP Cookie,bench_new_T3_101495,,,,,Existing CM Trackers-Not Found,,,,,
www.CLIENT_X.co.za,Essential cookies (exempt from consent),CLIENT_X - South Africa,HTTP Cookie,kampyleUserSession,,bench_update_duration,TRUE,https://www.CLIENT_X.com.pk/healthcare/about/distributors,Existing CM Trackers-Found,,,,,
connect.facebook.net,Targeted Advertising cookies (including social media),Meta (formerly Facebook),Beacon,_ga_failed_lookup_marker_63_174,,,TRUE,https://www.CLIENT_X.com.pk/c-e/au/car-lights/automotive-articles.html?npagination=110,Existing CM Trackers-Found,,,,,
linkedin.com,Targeted Advertising cookies (including social media),LinkedIn,HTTP Cookie,bench_new_T3_102092,,180,TRUE,https://www.CLIENT_X.com.pk/c-e/ho/cooking/airfryer-xxl,Existing CM Trackers-Found,,,,,
www.CLIENT_X.se,Essential cookies (exempt from consent),CLIENT_X - Sweden,HTTP Cookie,AWSELBCORS,,0,,,Existing CM Trackers-Not Found,,,,,
tag.demandbase.com,Targeted Advertising cookies (including social media),"Demandbase, Inc.",ETag,bench_new_T3_101966,,,TRUE,https://www.CLIENT_X.com.pk/a-w/cookie-notice,Existing CM Trackers-Found,,,,,
www.ledsavingscalculator.CLIENT_X.co.uk,Performance cookies,Signify (formerly CLIENT_X Lighting),ETag,bench_new_T3_101091,,,,,Existing CM Trackers-Not Found,,,,,
www.CLIENT_X.com.pk,Essential cookies,CLIENT_X - Pakistan,HTTP Cookie,bench_new_T3_101537,,1,,http://www.CLIENT_X.com.pk/,New First Party Trackers,,,,,
CLIENT_X.com.pk,Essential cookies,CLIENT_X - Pakistan,HTTP Cookie,bench_new_T3_101165,,,,,Existing CM Trackers-Not Found,,,,,
www.crsc.CLIENT_X.com,Targeted Advertising cookies (including social media),Koninklijke CLIENT_X N.V.,JavaScript,bench_new_T3_101569,,,TRUE,https://www.CLIENT_X.com.pk/c-e/au/motorcycle-lights/moto-selector-tool.html,Existing CM Trackers-Found,,,,,
www.lampreplacementtool.CLIENT_X.com,Essential cookies,Koninklijke CLIENT_X N.V.,ETag,bench_new_T3_102360,,,,,Existing CM Trackers-Not Found,,,,,
pages.information.signify.com,Performance cookies,Signify (formerly CLIENT_X Lighting),JavaScript,bench_new_T3_101247,,,,,Existing CM Trackers-Not Found,,,,,
doubleclick.net,Targeted Advertising cookies (including social media),Google Advertising Products,HTTP Cookie,bench_new_T3_102177,,390,TRUE,https://www.CLIENT_X.com.pk/,Existing CM Trackers-Found,,,,,
youtube.com,Targeted Advertising cookies (including social media),Google Advertising Products,HTTP Cookie,_ga_failed_lookup_marker_63_185,,180,TRUE,https://www.CLIENT_X.com.pk/c-m-so/monitors,Existing CM Trackers-Found,,,,,
CLIENT_X.com.pk,Essential cookies,CLIENT_X - Pakistan,HTTP Cookie,bench_new_T3_101654,,,,,Existing CM Trackers-Not Found,,,,,
www.lighting.CLIENT_X.com.pk,Essential cookies,Signify (formerly CLIENT_X Lighting),HTTP Cookie,bench_new_T3_101143,,,,,Existing CM Trackers-Not Found,,,,,
CLIENT_X.com.pk,Essential cookies,CLIENT_X - Pakistan,HTTP Cookie,bench_new_T3_102055,,,,,Existing CM Trackers-Not Found,,,,,
www.CLIENT_X.com.pk,Essential cookies (exempt from consent),CLIENT_X - Pakistan,HTTP Cookie,kampyleUserSessionsCount,,bench_update_duration,,,Existing CM Trackers-Not Found,,,,,
CLIENT_X.com.pk,Essential cookies,CLIENT_X - Pakistan,HTTP Cookie,bench_new_T3_100884,,,,,Existing CM Trackers-Not Found,,,,,
CLIENT_X.com,Essential cookies (exempt from consent),Koninklijke CLIENT_X N.V.,HTTP Cookie,_gid,,,TRUE,http://www.CLIENT_X.com.pk/,Existing CM Trackers-Found,,,,,
CLIENT_X.com.pk,Essential cookies,CLIENT_X - Pakistan,HTTP Cookie,bench_new_T3_101015,,,,,Existing CM Trackers-Not Found,,,,,
*.mktoweb.com,Targeted Advertising cookies (including social media),Marketo,ETag,bench_new_T3_101191,,,,,Existing CM Trackers-Not Found,,,,,
www.CLIENT_X.com.pk,Essential cookies,CLIENT_X - Pakistan,HTTP Cookie,bench_new_T3_100879,,365,TRUE,http://www.CLIENT_X.com.pk/,Existing CM Trackers-Found,,,,,
CLIENT_X.com.pk,Essential cookies,CLIENT_X - Pakistan,HTTP Cookie,bench_new_T3_100800,,0,TRUE,https://www.CLIENT_X.com.pk/,Existing CM Trackers-Found,,,,,
www.youtube.com,Targeted Advertising cookies (including social media),Google Advertising Products,JavaScript,bench_new_T3_101730,,,TRUE,https://www.CLIENT_X.com.pk/c-f/XC000004492/how-do-i-get-the-best-results-with-my-CLIENT_X-shaver,Existing CM Trackers-Found,,,,,
CLIENT_Xb2c.my.site.com,Performance cookies,"Salesforce.com, Inc.",Beacon,bench_new_T3_101244,,,TRUE,https://www.CLIENT_X.com.pk/c-f/XC000001050/are-CLIENT_X-avent-cups-compatible-with-other-avent-products,Existing CM Trackers-Found,,,,,
smetrics.marketing.lighting.CLIENT_X.com.pk,Essential cookies,CLIENT_X - Pakistan,JavaScript,bench_new_T3_101837,,,,,Existing CM Trackers-Not Found,,,,,
stats.g.doubleclick.net,Targeted Advertising cookies (including social media),Google Advertising Products,Beacon,bench_new_T3_101063,,,TRUE,http://www.CLIENT_X.com.pk/,Existing CM Trackers-Found,,,,,
connect.facebook.net,Targeted Advertising cookies (including social media),Meta (formerly Facebook),JavaScript,bench_new_T3_101586,,,TRUE,http://www.CLIENT_X.com.pk/,Existing CM Trackers-Found,,,,,
www.lighting.CLIENT_X.com.pk,Essential cookies,Signify (formerly CLIENT_X Lighting),JavaScript,bench_new_T3_100895,,,,,Existing CM Trackers-Not Found,,,,,
c.amazon-adsystem.com,Targeted Advertising cookies (including social media),Amazon Ads,ETag,bench_new_T3_101413,,,,,Existing CM Trackers-Not Found,,,,,
CLIENT_X.com.pk,Essential cookies,CLIENT_X - Pakistan,HTTP Cookie,bench_new_T3_102130,,,,,Existing CM Trackers-Not Found,,,,,
CLIENT_X.com.pk,Essential cookies,CLIENT_X - Pakistan,HTTP Cookie,bench_new_T3_101042,,session,TRUE,https://www.CLIENT_X.com.pk/,Existing CM Trackers-Found,,,,,
images.CLIENT_X.com,Essential cookies,Koninklijke CLIENT_X N.V.,ETag,bench_new_T3_101783,,,TRUE,https://www.CLIENT_X.com.pk/c-p/00947033/gopure-selectfilter-plus-filter-for-car-air-purifier,Existing CM Trackers-Found,,,,,
tracker-detail-page.trustarc.com,Essential cookies,TrustArc,ETag,bench_new_T3_101791,,,,https://www.CLIENT_X.com.pk/a-w/cookie-notice,New Third Party Trackers,,,,,
tracker-detail-page.trustarc.com,Essential cookies,TrustArc,ETag,bench_new_T3_102278,,,,https://www.CLIENT_X.com.pk/a-w/cookie-notice,New Third Party Trackers,,,,,
CLIENT_X.com.pk,Essential cookies,CLIENT_X - Pakistan,HTTP Cookie,bench_new_T3_101979,,,,,Existing CM Trackers-Not Found,,,,,
CLIENT_X.com.pk,Essential cookies,CLIENT_X - Pakistan,HTTP Cookie,bench_new_T3_101978,,400,TRUE,https://www.CLIENT_X.com.pk/,Existing CM Trackers-Found,,,,,
google.com,Performance cookies,Google Inc.,Local Storage,bench_new_T3_101456,,,TRUE,https://www.CLIENT_X.com.pk/healthcare/articles/sleep-apnea-compliance,Existing CM Trackers-Found,,,,,
*.t.eloqua.com,Performance cookies,Oracle Marketing,Beacon,bench_new_T3_101306,,,,https://www.CLIENT_X.com.pk/healthcare,Existing CM Trackers-Found,,,,,
*.mktoweb.com,Targeted Advertising cookies (including social media),Marketo,JavaScript,bench_new_T3_101030,,,,,Existing CM Trackers-Not Found,,,,,
ad.doubleclick.net,Targeted Advertising cookies (including social media),Google Advertising Products,Beacon,bench_new_T3_100881,,,TRUE,http://www.CLIENT_X.com.pk/,Existing CM Trackers-Found,,,,,
CLIENT_X.com.pk,Essential cookies,CLIENT_X - Pakistan,HTTP Cookie,bench_new_T3_101316,,session,TRUE,https://www.CLIENT_X.com.pk/,Existing CM Trackers-Found,,,,,
www.gearselectiontool.lighting.CLIENT_X.com,Performance cookies,Signify (formerly CLIENT_X Lighting),JavaScript,bench_new_T3_100976,,,,,Existing CM Trackers-Not Found,,,,,
*.mktoweb.com,Targeted Advertising cookies (including social media),Marketo,HTTP Cookie,bench_new_T3_101340,,,,,Existing CM Trackers-Not Found,,,,,
www.gstatic.com,Performance cookies,Google Inc.,JavaScript,bench_new_T3_102041,,,TRUE,https://www.CLIENT_X.com.pk/healthcare/articles/sleep-apnea-compliance,Existing CM Trackers-Found,,,,,
www.CLIENT_X.com.pk,Essential cookies,CLIENT_X - Pakistan,HTTP Cookie,bench_new_T3_100832,,,,,Existing CM Trackers-Not Found,,,,,
dpm.demdex.net,Targeted Advertising cookies (including social media),"Adobe Audience Manager, Adobe Experience Cloud",HTTP Cookie,bench_new_T3_102265,,,,,Existing CM Trackers-Not Found,,,,,
lighting.CLIENT_X.com.pk,Essential cookies,Signify (formerly CLIENT_X Lighting),HTTP Cookie,bench_new_T3_101758,,,,,Existing CM Trackers-Not Found,,,,,
CLIENT_X.lt,Essential cookies (exempt from consent),CLIENT_X - Lithuania,HTTP Cookie,com.adobe.alloy.getTld,,,,,Existing CM Trackers-Not Found,,,,,
CLIENT_X.com.pk,Performance cookies,CLIENT_X - Pakistan,HTTP Cookie,bench_new_T3_102241,,,,,Existing CM Trackers-Not Found,,,,,
CLIENT_X.com.pk,Essential cookies,CLIENT_X - Pakistan,Local Storage,bench_new_T3_101826,,,TRUE,https://www.CLIENT_X.com.pk/c-f/XC000001050/are-CLIENT_X-avent-cups-compatible-with-other-avent-products,Existing CM Trackers-Found,,,,,
code.jquery.com,Performance cookies,jQuery,ETag,bench_new_T3_101029,,,,,Existing CM Trackers-Not Found,,,,,
CLIENT_X.com.pk,Essential cookies,CLIENT_X - Pakistan,HTTP Cookie,bench_new_T3_101630,,60,TRUE,https://www.CLIENT_X.com.pk/,Existing CM Trackers-Found,,,,,
CLIENT_X.com.pk,Essential cookies,CLIENT_X - Pakistan,HTTP Cookie,bench_new_T3_101702,,393,TRUE,https://www.CLIENT_X.com.pk/,Existing CM Trackers-Found,,,,,
CLIENT_X.com.pk,Essential cookies,CLIENT_X - Pakistan,HTTP Cookie,bench_new_T3_100924,,session,TRUE,https://www.CLIENT_X.com.pk/,Existing CM Trackers-Found,,,,,
www.crsc.lighting.CLIENT_X.com,Performance cookies,Signify (formerly CLIENT_X Lighting),ETag,bench_new_T3_101821,,,,,Existing CM Trackers-Not Found,,,,,
www.lighting.CLIENT_X.com.pk,Essential cookies,Signify (formerly CLIENT_X Lighting),HTTP Cookie,bench_new_T3_101668,,,,,Existing CM Trackers-Not Found,,,,,
www.CLIENT_X.com.pk,Essential cookies,CLIENT_X - Pakistan,HTTP Cookie,bench_new_T3_101076,,365,TRUE,http://www.CLIENT_X.com.pk/,Existing CM Trackers-Found,,,,,
CLIENT_X.com.pk,Essential cookies,CLIENT_X - Pakistan,HTTP Cookie,bench_new_T3_101032,,session,TRUE,https://www.CLIENT_X.com.pk/,Existing CM Trackers-Found,,,,,
CLIENT_X.com.pk,Essential cookies,CLIENT_X - Pakistan,HTTP Cookie,bench_new_T3_102098,,,,https://www.CLIENT_X.com.pk/,Existing CM Trackers-Found,,,,,
www.accounts.CLIENT_X.com,Essential cookies,Koninklijke CLIENT_X N.V.,JavaScript,bench_new_T3_102185,,,,,Existing CM Trackers-Not Found,,,,,
www.google.com,Targeted Advertising cookies (including social media),Google Inc.,JavaScript,bench_new_T3_101453,,,TRUE,https://www.CLIENT_X.com.pk/healthcare/articles/sleep-apnea-compliance,Existing CM Trackers-Found,,,,,
CLIENT_X.com.pk,Essential cookies,CLIENT_X - Pakistan,HTTP Cookie,bench_new_T3_101464,,393,TRUE,https://www.CLIENT_X.com.pk/,Existing CM Trackers-Found,,,,,
c.amazon-adsystem.com,Targeted Advertising cookies (including social media),Amazon Ads,JavaScript,bench_new_T3_101352,,,,,Existing CM Trackers-Not Found,,,,,
www.gstatic.com,Performance cookies,Google Inc.,JavaScript,bench_new_T3_102227,,,TRUE,https://www.CLIENT_X.com.pk/healthcare/articles/sleep-apnea-compliance,Existing CM Trackers-Found,,,,,
www.lighting.CLIENT_X.com.pk,Essential cookies,Signify (formerly CLIENT_X Lighting),ETag,bench_new_T3_101332,,,,,Existing CM Trackers-Not Found,,,,,
www.googleadservices.com,Targeted Advertising cookies (including social media),Google Advertising Products,JavaScript,bench_new_T3_102172,,,,,Existing CM Trackers-Not Found,,,,,
www.lighting.CLIENT_X.com.pk,Essential cookies,Signify (formerly CLIENT_X Lighting),HTTP Cookie,bench_new_T3_101114,,,,,Existing CM Trackers-Not Found,,,,,
*.mktoweb.com,Targeted Advertising cookies (including social media),Marketo,Local Storage,bench_new_T3_101104,,,,,Existing CM Trackers-Not Found,,,,,
CLIENT_X.com.qa,Essential cookies (exempt from consent),CLIENT_X - Qatar,HTTP Cookie,s_pv,,bench_update_duration,,,Existing CM Trackers-Not Found,,,,,
www.CLIENT_X.com.pk,Essential cookies,CLIENT_X - Pakistan,HTTP Cookie,bench_new_T3_101425,,1,,http://www.CLIENT_X.com.pk/,New First Party Trackers,,,,,
CLIENT_Xtest.scene7.com,Performance cookies,Adobe Experience Cloud - Experience Manager,ETag,bench_new_T3_101263,,,,,Existing CM Trackers-Not Found,,,,,
www.googletagmanager.com,Performance cookies,Google Inc.,Beacon,bench_new_T3_101073,,,TRUE,https://www.CLIENT_X.com.pk/c-e/au/car-lights/automotive-articles.html?npagination=104,Existing CM Trackers-Found,,,,,
CLIENT_Xlighting.d3.sc.omtrdc.net,Performance cookies,"Adobe Audience Manager, Adobe Experience Cloud",JavaScript,bench_new_T3_101617,,,,,Existing CM Trackers-Not Found,,,,,
lighting.CLIENT_X.com.pk,Essential cookies,Signify (formerly CLIENT_X Lighting),HTTP Cookie,bench_new_T3_101228,,,,,Existing CM Trackers-Not Found,,,,,
CLIENT_X.com.ph,Essential cookies (exempt from consent),CLIENT_X - Philippines,HTTP Cookie,_gat_UA-XXX,,0,TRUE,http://www.CLIENT_X.com.pk/,Existing CM Trackers-Found,,,,,
CLIENT_X.com.pk,Essential cookies,CLIENT_X - Pakistan,HTTP Cookie,_ga_failed_lookup_marker_63_249,,,,,Existing CM Trackers-Not Found,,,,,
tag.demandbase.com,Targeted Advertising cookies (including social media),"Demandbase, Inc.",ETag,_ga_failed_lookup_marker_63_250,,,TRUE,https://www.CLIENT_X.com.pk/a-w/cookie-notice,Existing CM Trackers-Found,,,,,
code.jquery.com,Performance cookies,jQuery,JavaScript,bench_new_T3_102038,,,,,Existing CM Trackers-Not Found,,,,,
www.CLIENT_X.com.pk,Essential cookies,CLIENT_X - Pakistan,HTTP Cookie,bench_new_T3_101406,,1,,http://www.CLIENT_X.com.pk/,New First Party Trackers,,,,,
linkedin.com,Targeted Advertising cookies (including social media),LinkedIn,HTTP Cookie,bench_new_T3_102167,,365,TRUE,https://www.CLIENT_X.com.pk/c-e/ho/cooking/airfryer-xxl,Existing CM Trackers-Found,,,,,
CLIENT_X.co.il,Essential cookies (exempt from consent),CLIENT_X - Israel,HTTP Cookie,li_cm_prefs_session,,bench_update_duration,TRUE,https://www.CLIENT_X.com.pk/a-w/cookie-notice.html,Existing CM Trackers-Found,,,,,
www.CLIENT_X.com.pk,Essential cookies,CLIENT_X - Pakistan,HTTP Cookie,bench_new_T3_102233,,6,,http://www.CLIENT_X.com.pk/,New First Party Trackers,,,,,
www.youtube.com,Targeted Advertising cookies (including social media),Google Advertising Products,JavaScript,bench_new_T3_101059,,,TRUE,https://www.CLIENT_X.com.pk/c-f/XC000004492/how-do-i-get-the-best-results-with-my-CLIENT_X-shaver,Existing CM Trackers-Found,,,,,
CLIENT_X.com.pk,Essential cookies,CLIENT_X - Pakistan,HTTP Cookie,bench_new_T3_101113,,400,TRUE,https://www.CLIENT_X.com.pk/,Existing CM Trackers-Found,,,,,
www.static.accounts.CLIENT_X.com,Essential cookies,Koninklijke CLIENT_X N.V.,JavaScript,bench_new_T3_101237,,,,,Existing CM Trackers-Not Found,,,,,
smetrics.marketing.lighting.CLIENT_X.com,Targeted Advertising cookies (including social media),Koninklijke CLIENT_X N.V.,JavaScript,bench_new_T3_101510,,,,,Existing CM Trackers-Not Found,,,,,
www.static.accounts.CLIENT_X.com,Essential cookies,Koninklijke CLIENT_X N.V.,JavaScript,bench_new_T3_100913,,,,,Existing CM Trackers-Not Found,,,,,
versuni.scene7.com,Performance cookies,Adobe Experience Cloud - Experience Manager,JavaScript,_ga_failed_lookup_marker_63_261,,,,https://www.CLIENT_X.com.pk/c-f/XC000021994/how-to-clean-the-dust-bucket-and-filter-of-my-CLIENT_X-1000-series-bagless-vacuum-cleaner,New Third Party Trackers,,,,,
CLIENT_X.com.pk,Essential cookies,CLIENT_X - Pakistan,HTTP Cookie,bench_new_T3_101951,,0,TRUE,https://www.CLIENT_X.com.pk/,Existing CM Trackers-Found,,,,,
www.crsc.CLIENT_X.com,Targeted Advertising cookies (including social media),Koninklijke CLIENT_X N.V.,JavaScript,bench_new_T3_102211,,,TRUE,https://www.CLIENT_X.com.pk/c-e/au/motorcycle-lights/moto-selector-tool.html,Existing CM Trackers-Found,,,,,
images.CLIENT_X.com,Essential cookies,Koninklijke CLIENT_X N.V.,JavaScript,bench_new_T3_102030,,,TRUE,https://www.CLIENT_X.com.pk/c-f/XC000001781/how-to-assemble-the-CLIENT_X-avent-comfort-breast-pump,Existing CM Trackers-Found,,,,,
www.google.com,Targeted Advertising cookies (including social media),Google Inc.,Beacon,bench_new_T3_100945,,,TRUE,http://www.CLIENT_X.com.pk/,Existing CM Trackers-Found,,,,,
CLIENT_X.com.pk,Essential cookies,CLIENT_X - Pakistan,HTTP Cookie,bench_new_T3_101597,,,,,Existing CM Trackers-Not Found,,,,,
www.CLIENT_X.com.pk,Essential cookies,CLIENT_X - Pakistan,HTTP Cookie,bench_new_T3_102083,,365,TRUE,http://www.CLIENT_X.com.pk/,Existing CM Trackers-Found,,,,,
*.fls.doubleclick.net,Targeted Advertising cookies (including social media),Google Advertising Products,Beacon,bench_new_T3_102003,,,,,Existing CM Trackers-Not Found,,,,,
www.crsc.CLIENT_X.com,Targeted Advertising Cookies (including social media) [Requires consent],Koninklijke CLIENT_X N.V.,ETag,-,,bench_update_duration,TRUE,http://www.CLIENT_X.com.pk/,Existing CM Trackers-Found,,,,,
consent-st.trustarc.com,Essential cookies,TrustArc,JavaScript,bench_new_T3_101775,,,TRUE,https://www.CLIENT_X.com.pk/healthcare,Existing CM Trackers-Found,,,,,
dpm.demdex.net,Targeted Advertising cookies (including social media),"Adobe Audience Manager, Adobe Experience Cloud",Beacon,bench_new_T3_102093,,,,,Existing CM Trackers-Not Found,,,,,
snapchat.com,Targeted Advertising cookies (including social media),Snap Inc.,HTTP Cookie,bench_new_T3_101050,,390,TRUE,https://www.CLIENT_X.com.pk/c-e/ho/cooking/airfryer-xxl,Existing CM Trackers-Found,,,,,
www.usa.CLIENT_X.com,Essential cookies (exempt from consent),Koninklijke CLIENT_X N.V.,HTTP Cookie,ws-active-shop,,bench_update_duration,TRUE,https://www.CLIENT_X.com.pk/,Existing CM Trackers-Found,,,,,
consent.truste.com,Essential cookies,TrustArc,JavaScript,bench_new_T3_102179,,,,,Existing CM Trackers-Not Found,,,,,
www.crsc.CLIENT_X.com,Targeted Advertising cookies (including social media),Koninklijke CLIENT_X N.V.,JavaScript,bench_new_T3_100852,,,TRUE,https://www.CLIENT_X.com.pk/c-e/au/motorcycle-lights/moto-selector-tool.html,Existing CM Trackers-Found,,,,,
CLIENT_X.com.pk,Essential cookies,CLIENT_X - Pakistan,HTTP Cookie,bench_new_T3_100972,,0,TRUE,https://www.CLIENT_X.com.pk/,Existing CM Trackers-Found,,,,,
www.docs.lighting.CLIENT_X.com,Performance cookies,Signify (formerly CLIENT_X Lighting),JavaScript,bench_new_T3_101564,,,,,Existing CM Trackers-Not Found,,,,,
tr.snapchat.com,Targeted Advertising cookies (including social media),Snap Inc.,JavaScript,bench_new_T3_101016,,,TRUE,https://www.CLIENT_X.com.pk/c-f/XC000002428/how-to-clean-the-brush-of-my-CLIENT_X-vacuum-cleaner,Existing CM Trackers-Found,,,,,
cdn.jsdelivr.net,Performance cookies,Volentio JSD Limited,JavaScript,bench_new_T3_101659,,,,,Existing CM Trackers-Not Found,,,,,
CLIENT_X.com.pk,Essential cookies,CLIENT_X - Pakistan,Local Storage,bench_new_T3_101870,,,TRUE,https://www.CLIENT_X.com.pk/c-f/XC000001050/are-CLIENT_X-avent-cups-compatible-with-other-avent-products,Existing CM Trackers-Found,,,,,
CLIENT_X.com.pk,Essential cookies,CLIENT_X - Pakistan,HTTP Cookie,_ga_failed_lookup_marker_63_281,,,,,Existing CM Trackers-Not Found,,,,,
www.CLIENT_X.com.tr,Essential cookies (exempt from consent),CLIENT_X - Turkey,ETag,blank (etag),,,TRUE,https://www.CLIENT_X.com.pk/c-e/ho/cooking/airfryer-xxl,Existing CM Trackers-Found,,,,,
lighting.CLIENT_X.com.pk,Essential cookies,Signify (formerly CLIENT_X Lighting),HTTP Cookie,bench_new_T3_101405,,,,,Existing CM Trackers-Not Found,,,,,
www.CLIENT_X.com.pk,Essential cookies,CLIENT_X - Pakistan,JavaScript,bench_new_T3_102320,,,TRUE,http://www.CLIENT_X.com.pk/,Existing CM Trackers-Found,,,,,
www.google.com,Targeted Advertising cookies (including social media),Google Inc.,Beacon,bench_new_T3_102386,,,TRUE,http://www.CLIENT_X.com.pk/,Existing CM Trackers-Found,,,,,
CLIENT_X.com.pk,Essential cookies,CLIENT_X - Pakistan,HTTP Cookie,bench_new_T3_102235,,,,,Existing CM Trackers-Not Found,,,,,
static.hotjar.com,Performance cookies,Hotjar,ETag,bench_new_T3_100874,,,,,Existing CM Trackers-Not Found,,,,,
CLIENT_Xb2c.my.site.com,Performance cookies,"Salesforce.com, Inc.",Beacon,bench_new_T3_101603,,,TRUE,https://www.CLIENT_X.com.pk/c-f/XC000001050/are-CLIENT_X-avent-cups-compatible-with-other-avent-products,Existing CM Trackers-Found,,,,,
CLIENT_X.com.pk,Performance cookies,CLIENT_X - Pakistan,HTTP Cookie,bench_new_T3_101645,,0,TRUE,https://www.CLIENT_X.com.pk/,Existing CM Trackers-Found,,,,,
CLIENT_X.com.pk,Essential cookies,CLIENT_X - Pakistan,HTTP Cookie,bench_new_T3_101130,,60,TRUE,https://www.CLIENT_X.com.pk/,Existing CM Trackers-Found,,,,,
CLIENT_X.com.pk,Essential cookies,CLIENT_X - Pakistan,HTTP Cookie,bench_new_T3_102196,,90,TRUE,https://www.CLIENT_X.com.pk/,Existing CM Trackers-Found,,,,,
tr.snapchat.com,Targeted Advertising cookies (including social media),Snap Inc.,Beacon,bench_new_T3_101266,,,TRUE,https://www.CLIENT_X.com.pk/c-e/ho/cooking/airfryer-xxl,Existing CM Trackers-Found,,,,,
pixel.rubiconproject.com,Targeted Advertising cookies (including social media),"Magnite, Inc.",Beacon,bench_new_T3_100954,,,TRUE,https://www.CLIENT_X.com.pk/a-w/cookie-notice,Existing CM Trackers-Found,,,,,
lighting.CLIENT_X.com.pk,Essential cookies,Signify (formerly CLIENT_X Lighting),HTTP Cookie,bench_new_T3_101469,,,,,Existing CM Trackers-Not Found,,,,,
CLIENT_X.com.pk,Essential cookies,CLIENT_X - Pakistan,HTTP Cookie,bench_new_T3_101124,,,,,Existing CM Trackers-Not Found,,,,,
doubleclick.net,Targeted Advertising cookies (including social media),Google Advertising Products,HTTP Cookie,bench_new_T3_101008,,30,TRUE,https://www.CLIENT_X.com.pk/,Existing CM Trackers-Found,,,,,
*.t.eloqua.com,Performance cookies,Oracle Marketing,JavaScript,_ga_failed_lookup_marker_63_297,,,,https://www.CLIENT_X.com.pk/healthcare,New Third Party Trackers,,,,,
CLIENT_X.com.pk,Essential cookies,CLIENT_X - Pakistan,HTTP Cookie,bench_new_T3_100995,,0,TRUE,https://www.CLIENT_X.com.pk/,Existing CM Trackers-Found,,,,,
www.CLIENT_X.com.pk,Essential cookies,CLIENT_X - Pakistan,HTTP Cookie,bench_new_T3_102371,,,,,Existing CM Trackers-Not Found,,,,,
CLIENT_X.com.pk,Performance cookies,CLIENT_X - Pakistan,HTTP Cookie,bench_new_T3_102333,,session,TRUE,https://www.CLIENT_X.com.pk/,Existing CM Trackers-Found,,,,,
CLIENT_Xtest.scene7.com,Performance cookies,Adobe Experience Cloud - Experience Manager,ETag,bench_new_T3_101416,,,,,Existing CM Trackers-Not Found,,,,,
cdnjs.cloudflare.com,Performance cookies,Cloudflare,ETag,bench_new_T3_102071,,,,,Existing CM Trackers-Not Found,,,,,
lighting.CLIENT_X.com.pk,Essential cookies,Signify (formerly CLIENT_X Lighting),HTTP Cookie,bench_new_T3_101119,,,,,Existing CM Trackers-Not Found,,,,,
CLIENT_X.com.pk,Essential cookies,CLIENT_X - Pakistan,HTTP Cookie,bench_new_T3_101069,,,,,Existing CM Trackers-Not Found,,,,,
versuni.scene7.com,Performance cookies,Adobe Experience Cloud - Experience Manager,JavaScript,bench_new_T3_101999,,,,https://www.CLIENT_X.com.pk/c-f/XC000021994/how-to-clean-the-dust-bucket-and-filter-of-my-CLIENT_X-1000-series-bagless-vacuum-cleaner,New Third Party Trackers,,,,,
CLIENT_X.com.pk,Essential cookies,CLIENT_X - Pakistan,HTTP Cookie,bench_new_T3_102008,,60,TRUE,https://www.CLIENT_X.com.pk/,Existing CM Trackers-Found,,,,,
linkedin.com,Targeted Advertising cookies (including social media),LinkedIn,HTTP Cookie,bench_new_T3_102355,,180,TRUE,https://www.CLIENT_X.com.pk/c-e/ho/cooking/airfryer-xxl,Existing CM Trackers-Found,,,,,
www.google.com,Essential cookies,Google Inc.,HTTP Cookie,bench_new_T3_102133,,179,TRUE,https://www.CLIENT_X.com.pk/healthcare/articles/sleep-apnea-compliance,Existing CM Trackers-Found,,,,,
casalemedia.com,Targeted Advertising cookies (including social media),Index Exchange Inc.,HTTP Cookie,bench_new_T3_100928,,365,TRUE,https://www.CLIENT_X.com.pk/a-w/cookie-notice.html,Existing CM Trackers-Found,,,,,
casalemedia.com,Targeted Advertising cookies (including social media),Index Exchange Inc.,HTTP Cookie,bench_new_T3_101227,,365,TRUE,https://www.CLIENT_X.com.pk/a-w/cookie-notice.html,Existing CM Trackers-Found,,,,,
CLIENT_X.com.pk,Essential cookies,CLIENT_X - Pakistan,HTTP Cookie,bench_new_T3_101575,,,,,Existing CM Trackers-Not Found,,,,,
*.t.eloqua.com,Performance cookies,Oracle Marketing,Beacon,bench_new_T3_101022,,,,https://www.CLIENT_X.com.pk/healthcare,New Third Party Trackers,,,,,
CLIENT_X.com.pk,Essential cookies,CLIENT_X - Pakistan,HTTP Cookie,bench_new_T3_102024,,0,TRUE,https://www.CLIENT_X.com.pk/,Existing CM Trackers-Found,,,,,
CLIENT_X.ca,Essential cookies (exempt from consent),CLIENT_X - Canada,HTTP Cookie,s_eVar44,,,,https://www.CLIENT_X.com.pk/c-f/XC000021994/how-to-clean-the-dust-bucket-and-filter-of-my-CLIENT_X-1000-series-bagless-vacuum-cleaner,New Third Party Trackers,,,,,
CLIENT_X.com.pk,Essential cookies,CLIENT_X - Pakistan,HTTP Cookie,_ga_failed_lookup_marker_63_315,,,,https://www.CLIENT_X.com.pk/,Existing CM Trackers-Found,,,,,
ssl-static.janraincapture.com,Performance cookies,Akamai,JavaScript,bench_new_T3_101937,,,,,Existing CM Trackers-Not Found,,,,,
CLIENT_X.com.pk,Essential cookies,CLIENT_X - Pakistan,HTTP Cookie,bench_new_T3_101687,,90,TRUE,https://www.CLIENT_X.com.pk/,Existing CM Trackers-Found,,,,,
code.jquery.com,Performance cookies,jQuery,JavaScript,bench_new_T3_102262,,,,,Existing CM Trackers-Not Found,,,,,
www.gearselectiontool.lighting.CLIENT_X.com,Performance cookies,Signify (formerly CLIENT_X Lighting),JavaScript,bench_new_T3_101950,,,,,Existing CM Trackers-Not Found,,,,,
CLIENT_X.com.pk,Essential cookies,CLIENT_X - Pakistan,HTTP Cookie,bench_new_T3_102022,,,,,Existing CM Trackers-Not Found,,,,,
maps.googleapis.com,Performance cookies,Google Inc.,ETag,bench_new_T3_102392,,,TRUE,https://www.CLIENT_X.com.pk/c-m-au/car-lights/store-locator,Existing CM Trackers-Found,,,,,
www.google.ie,Targeted Advertising cookies (including social media),Google Inc.,Beacon,bench_new_T3_101269,,,TRUE,http://www.CLIENT_X.com.pk/,Existing CM Trackers-Found,,,,,
CLIENT_X.com.pk,Essential cookies,CLIENT_X - Pakistan,HTTP Cookie,bench_new_T3_101386,,393,TRUE,https://www.CLIENT_X.com.pk/,Existing CM Trackers-Found,,,,,
youtube.com,Targeted Advertising cookies (including social media),Google Advertising Products,HTTP Cookie,bench_new_T3_102194,,180,TRUE,https://www.CLIENT_X.com.pk/c-m-so/monitors,Existing CM Trackers-Found,,,,,
CLIENT_X.com.pk,Essential cookies,CLIENT_X - Pakistan,HTTP Cookie,bench_new_T3_101186,,session,TRUE,https://www.CLIENT_X.com.pk/,Existing CM Trackers-Found,,,,,
youtube.com,Targeted Advertising cookies (including social media),Google Advertising Products,HTTP Cookie,bench_new_T3_100891,,session,TRUE,https://www.CLIENT_X.com.pk/c-m-so/monitors,Existing CM Trackers-Found,,,,,
images.CLIENT_X.com,Essential cookies,Koninklijke CLIENT_X N.V.,JavaScript,bench_new_T3_102290,,,TRUE,https://www.CLIENT_X.com.pk/c-f/XC000001781/how-to-assemble-the-CLIENT_X-avent-comfort-breast-pump,Existing CM Trackers-Found,,,,,
lighting.CLIENT_X.com.pk,Essential cookies,Signify (formerly CLIENT_X Lighting),HTTP Cookie,bench_new_T3_102181,,,,,Existing CM Trackers-Not Found,,,,,
*.en25.com,Targeted Advertising cookies (including social media),Oracle Marketing,JavaScript,_ga_failed_lookup_marker_63_329,,,,https://www.CLIENT_X.com.pk/healthcare,Existing CM Trackers-Found,,,,,
CLIENT_X.com.pk,Essential cookies,CLIENT_X - Pakistan,HTTP Cookie,bench_new_T3_102054,,400,TRUE,https://www.CLIENT_X.com.pk/,Existing CM Trackers-Found,,,,,
connect.facebook.net,Targeted Advertising cookies (including social media),Meta (formerly Facebook),JavaScript,bench_new_T3_101051,,,TRUE,http://www.CLIENT_X.com.pk/,Existing CM Trackers-Found,,,,,
cdn.jsdelivr.net,Performance cookies,Volentio JSD Limited,JavaScript,bench_new_T3_101540,,,,,Existing CM Trackers-Not Found,,,,,
CLIENT_Xb2c.my.site.com,Performance cookies,"Salesforce.com, Inc.",JavaScript,bench_new_T3_101300,,,TRUE,https://www.CLIENT_X.com.pk/c-f/XC000001050/are-CLIENT_X-avent-cups-compatible-with-other-avent-products,Existing CM Trackers-Found,,,,,
CLIENT_X.dk,Essential cookies (exempt from consent),CLIENT_X - Denmark,HTTP Cookie,TEST_AMCV_COOKIE_WRITE,,bench_update_duration,,,Existing CM Trackers-Not Found,,,,,
CLIENT_X.com.pk,Performance cookies,CLIENT_X - Pakistan,HTTP Cookie,bench_new_T3_101358,,0,TRUE,https://www.CLIENT_X.com.pk/,Existing CM Trackers-Found,,,,,
CLIENT_X.com.pk,Essential cookies,CLIENT_X - Pakistan,Local Storage,bench_new_T3_102080,,,TRUE,https://www.CLIENT_X.com.pk/c-f/XC000001050/are-CLIENT_X-avent-cups-compatible-with-other-avent-products,Existing CM Trackers-Found,,,,,
www.gearselectiontool.lighting.CLIENT_X.com,Performance cookies,Signify (formerly CLIENT_X Lighting),JavaScript,bench_new_T3_101408,,,,,Existing CM Trackers-Not Found,,,,,
demdex.net,Targeted Advertising cookies (including social media),"Adobe Audience Manager, Adobe Experience Cloud",HTTP Cookie,bench_new_T3_101034,,,,,Existing CM Trackers-Not Found,,,,,
consent.truste.com,Essential cookies,TrustArc,JavaScript,bench_new_T3_101188,,,,,Existing CM Trackers-Not Found,,,,,
widget-cdn.janraincapture.com,Performance cookies,Akamai,JavaScript,bench_new_T3_102385,,,,,Existing CM Trackers-Not Found,,,,,
beacon.speedcurve.com,Performance cookies,Speedcurve,Beacon,bench_new_T3_101842,,,,https://www.CLIENT_X.com.pk/c-e/au/car-lights/automotive-articles.html?npagination=167,New Third Party Trackers,,,,,
consent.trustarc.com,Essential cookies,TrustArc,Beacon,bench_new_T3_101053,,,TRUE,http://www.CLIENT_X.com.pk/,Existing CM Trackers-Found,,,,,
CLIENT_X.112.2o7.net,Performance cookies,"Adobe Audience Manager, Adobe Experience Cloud",HTTP Cookie,bench_new_T3_101343,,400,,https://www.CLIENT_X.com.pk/,New Third Party Trackers,,,,,
CLIENT_X.com.pk,Essential cookies,CLIENT_X - Pakistan,HTTP Cookie,bench_new_T3_102085,,,,,Existing CM Trackers-Not Found,,,,,
CLIENT_X.com.pk,Targeted Advertising cookies (including social media),CLIENT_X - Pakistan,HTTP Cookie,bench_new_T3_101848,,6,TRUE,https://www.CLIENT_X.com.pk/,Existing CM Trackers-Found,,,,,
consent.trustarc.com,Essential cookies,TrustArc,Beacon,bench_new_T3_101802,,,TRUE,http://www.CLIENT_X.com.pk/,Existing CM Trackers-Found,,,,,
*.casalemedia.com,Targeted Advertising cookies (including social media),Index Exchange Inc.,Beacon,bench_new_T3_101449,,,,https://www.CLIENT_X.com.pk/a-w/cookie-notice,Existing CM Trackers-Found,,,,,
CLIENT_X.cl,Essential cookies (exempt from consent),CLIENT_X - Chile,HTTP Cookie,TEST_AMCV_COOKIE_WRITE,,bench_update_duration,TRUE,https://www.CLIENT_X.com.pk/,Existing CM Trackers-Found,,,,,
www.CLIENT_X.com.pk,Essential cookies,CLIENT_X - Pakistan,HTTP Cookie,bench_new_T3_101697,,,,,Existing CM Trackers-Not Found,,,,,
www.googleadservices.com,Targeted Advertising cookies (including social media),Google Advertising Products,JavaScript,bench_new_T3_101716,,,,,Existing CM Trackers-Not Found,,,,,
munchkin.marketo.net,Targeted Advertising cookies (including social media),Marketo,ETag,bench_new_T3_101055,,,,,Existing CM Trackers-Not Found,,,,,
connect.facebook.net,Targeted Advertising cookies (including social media),Meta (formerly Facebook),Beacon,_ga_failed_lookup_marker_63_352,,,TRUE,https://www.CLIENT_X.com.pk/c-e/au/car-lights/automotive-articles.html?npagination=110,Existing CM Trackers-Found,,,,,
CLIENT_X.com.pk,Essential cookies,CLIENT_X - Pakistan,HTTP Cookie,_ga_failed_lookup_marker_63_353,,,,,Existing CM Trackers-Not Found,,,,,
i.ytimg.com,Targeted Advertising cookies (including social media),Google Inc.,ETag,bench_new_T3_102259,,,TRUE,https://www.CLIENT_X.com.pk/c-f/XC000021305/how-do-i-descale-my-CLIENT_X-garment-steamer-all-in-one-solution,Existing CM Trackers-Found,,,,,
CLIENT_X.com.pk,Performance cookies,CLIENT_X - Pakistan,HTTP Cookie,bench_new_T3_101877,,0,TRUE,https://www.CLIENT_X.com.pk/,Existing CM Trackers-Found,,,,,
CLIENT_X.com.pk,Essential cookies,CLIENT_X - Pakistan,HTTP Cookie,_ga_failed_lookup_marker_63_356,,,,,Existing CM Trackers-Not Found,,,,,
sc-static.net,Targeted Advertising cookies (including social media),Snap Inc.,ETag,bench_new_T3_101892,,,TRUE,https://www.CLIENT_X.com.pk/c-f/XC000002428/how-to-clean-the-brush-of-my-CLIENT_X-vacuum-cleaner,Existing CM Trackers-Found,,,,,
CLIENT_X.com.ph,Essential cookies (exempt from consent),CLIENT_X - Philippines,HTTP Cookie,at_check,,bench_update_duration,,,Existing CM Trackers-Not Found,,,,,
CLIENT_X.com.pk,Essential cookies,CLIENT_X - Pakistan,HTTP Cookie,bench_new_T3_101248,,,,,Existing CM Trackers-Not Found,,,,,
www.googleadservices.com,Targeted Advertising cookies (including social media),Google Advertising Products,ETag,bench_new_T3_101847,,,,,Existing CM Trackers-Not Found,,,,,
sc-static.net,Targeted Advertising cookies (including social media),Snap Inc.,JavaScript,bench_new_T3_101900,,,TRUE,https://www.CLIENT_X.com.pk/c-e/ho/cooking/airfryer-xxl,Existing CM Trackers-Found,,,,,
www.CLIENT_X.com.pk,Essential cookies,CLIENT_X - Pakistan,HTTP Cookie,bench_new_T3_101800,,,,,Existing CM Trackers-Not Found,,,,,
www.lampreplacementtool.CLIENT_X.com,Essential cookies,Koninklijke CLIENT_X N.V.,ETag,bench_new_T3_101450,,,,,Existing CM Trackers-Not Found,,,,,
assets.adoberesources.net,Performance cookies,Adobe Inc.,JavaScript,bench_new_T3_100939,,,,,Existing CM Trackers-Not Found,,,,,
CLIENT_X.com.pk,Essential cookies,CLIENT_X - Pakistan,HTTP Cookie,bench_new_T3_101331,,,,https://www.CLIENT_X.com.pk/,Existing CM Trackers-Found,,,,,
lighting.CLIENT_X.com.pk,Essential cookies,Signify (formerly CLIENT_X Lighting),HTTP Cookie,bench_new_T3_101543,,,,,Existing CM Trackers-Not Found,,,,,
assets.adobedtm.com,Performance cookies,Adobe Inc.,ETag,bench_new_T3_102033,,,,,Existing CM Trackers-Not Found,,,,,
www.googleapis.com,Performance cookies,Google Inc.,JavaScript,bench_new_T3_101431,,,TRUE,https://www.CLIENT_X.com.pk/c-f/XC000021305/how-do-i-descale-my-CLIENT_X-garment-steamer-all-in-one-solution,Existing CM Trackers-Found,,,,,
versuni.scene7.com,Performance cookies,Adobe Experience Cloud - Experience Manager,ETag,bench_new_T3_101717,,,,https://www.CLIENT_X.com.pk/c-f/XC000021994/how-to-clean-the-dust-bucket-and-filter-of-my-CLIENT_X-1000-series-bagless-vacuum-cleaner,New Third Party Trackers,,,,,
www.lampreplacementtool.CLIENT_X.com,Essential cookies,Koninklijke CLIENT_X N.V.,ETag,bench_new_T3_101435,,,,,Existing CM Trackers-Not Found,,,,,
assets.adoberesources.net,Performance cookies,Adobe Inc.,JavaScript,bench_new_T3_101679,,,,,Existing CM Trackers-Not Found,,,,,
www.CLIENT_X.com,Essential cookies,Koninklijke CLIENT_X N.V.,ETag,bench_new_T3_102336,,,TRUE,https://www.CLIENT_X.com.pk/c-e/au/car-lights/automotive-articles.html,Existing CM Trackers-Found,,,,,
doubleclick.net,Targeted Advertising cookies (including social media),Google Advertising Products,HTTP Cookie,bench_new_T3_101302,,390,TRUE,https://www.CLIENT_X.com.pk/,Existing CM Trackers-Found,,,,,
*.t.eloqua.com,Performance cookies,Oracle Marketing,JavaScript,bench_new_T3_101908,,,,https://www.CLIENT_X.com.pk/healthcare,Existing CM Trackers-Found,,,,,
www.lighting.CLIENT_X.com.pk,Essential cookies,Signify (formerly CLIENT_X Lighting),HTTP Cookie,bench_new_T3_101785,,,,,Existing CM Trackers-Not Found,,,,,
demdex.net,Targeted Advertising cookies (including social media),"Adobe Audience Manager, Adobe Experience Cloud",HTTP Cookie,_ga_failed_lookup_marker_63_376,,,,,Existing CM Trackers-Not Found,,,,,
www.assets.lighting.CLIENT_X.com,Performance cookies,Signify (formerly CLIENT_X Lighting),ETag,bench_new_T3_101187,,,,,Existing CM Trackers-Not Found,,,,,
nebula-cdn.kampyle.com,Performance cookies,Medallia,ETag,bench_new_T3_101392,,,TRUE,http://www.CLIENT_X.com.pk/,Existing CM Trackers-Found,,,,,
www.CLIENT_X.com.pk,Essential cookies,CLIENT_X - Pakistan,HTTP Cookie,bench_new_T3_101360,,0,,http://www.CLIENT_X.com.pk/,New First Party Trackers,,,,,
*.t.eloqua.com,Performance cookies,Oracle Marketing,JavaScript,bench_new_T3_101777,,,,https://www.CLIENT_X.com.pk/healthcare,Existing CM Trackers-Found,,,,,
casalemedia.com,Targeted Advertising cookies (including social media),Index Exchange Inc.,HTTP Cookie,bench_new_T3_101112,,90,TRUE,https://www.CLIENT_X.com.pk/a-w/cookie-notice.html,Existing CM Trackers-Found,,,,,
tag-logger.demandbase.com,Targeted Advertising cookies (including social media),"Demandbase, Inc.",ETag,bench_new_T3_101899,,,,https://www.CLIENT_X.com.pk/healthcare,New Third Party Trackers,,,,,
www.CLIENT_X.com,Essential cookies,Koninklijke CLIENT_X N.V.,ETag,_ga_failed_lookup_marker_63_383,,,TRUE,https://www.CLIENT_X.com.pk/c-e/au/car-lights/automotive-articles.html,Existing CM Trackers-Found,,,,,
CLIENT_X.com.pk,Essential cookies,CLIENT_X - Pakistan,HTTP Cookie,bench_new_T3_101153,,,,,Existing CM Trackers-Not Found,,,,,
images.CLIENT_X.com,Essential cookies,Koninklijke CLIENT_X N.V.,JavaScript,bench_new_T3_101515,,,TRUE,https://www.CLIENT_X.com.pk/c-f/XC000001781/how-to-assemble-the-CLIENT_X-avent-comfort-breast-pump,Existing CM Trackers-Found,,,,,
*.en25.com,Targeted Advertising cookies (including social media),Oracle Marketing,JavaScript,bench_new_T3_101389,,,,https://www.CLIENT_X.com.pk/healthcare,Existing CM Trackers-Found,,,,,
CLIENT_X.com.pk,Essential cookies,CLIENT_X - Pakistan,HTTP Cookie,bench_new_T3_102377,,,,,Existing CM Trackers-Not Found,,,,,
pages.information.signify.com,Performance cookies,Signify (formerly CLIENT_X Lighting),HTTP Cookie,bench_new_T3_102026,,,,,Existing CM Trackers-Not Found,,,,,
CLIENT_X.com.pk,Targeted Advertising cookies (including social media),CLIENT_X - Pakistan,HTTP Cookie,bench_new_T3_102019,,6,TRUE,https://www.CLIENT_X.com.pk/,Existing CM Trackers-Found,,,,,
CLIENT_Xb2c.my.site.com,Performance cookies,"Salesforce.com, Inc.",Beacon,bench_new_T3_102214,,,TRUE,https://www.CLIENT_X.com.pk/c-f/XC000001050/are-CLIENT_X-avent-cups-compatible-with-other-avent-products,Existing CM Trackers-Found,,,,,
cdn.jsdelivr.net,Performance cookies,Volentio JSD Limited,ETag,bench_new_T3_101675,,,,,Existing CM Trackers-Not Found,,,,,
cdnjs.cloudflare.com,Performance cookies,Cloudflare,ETag,bench_new_T3_101888,,,,,Existing CM Trackers-Not Found,,,,,
www.googleapis.com,Performance cookies,Google Inc.,JavaScript,bench_new_T3_101611,,,TRUE,https://www.CLIENT_X.com.pk/c-f/XC000021305/how-do-i-descale-my-CLIENT_X-garment-steamer-all-in-one-solution,Existing CM Trackers-Found,,,,,
www.CLIENT_X.com.pk,Essential cookies,CLIENT_X - Pakistan,HTTP Cookie,bench_new_T3_102390,,,,,Existing CM Trackers-Not Found,,,,,
eloqua.com,Essential cookies,Oracle Marketing,HTTP Cookie,bench_new_T3_101764,,393,TRUE,https://www.CLIENT_X.com.pk/healthcare,Existing CM Trackers-Found,,,,,
www.lighting.CLIENT_X.com,Performance cookies,Signify (formerly CLIENT_X Lighting),ETag,bench_new_T3_101267,,,,,Existing CM Trackers-Not Found,,,,,
CLIENT_Xb2c.my.site.com,Performance cookies,"Salesforce.com, Inc.",Local Storage,bench_new_T3_101886,,,TRUE,https://www.CLIENT_X.com.pk/c-f/XC000001050/are-CLIENT_X-avent-cups-compatible-with-other-avent-products,Existing CM Trackers-Found,,,,,
CLIENT_X.ie,Essential cookies (exempt from consent),CLIENT_X - Ireland,HTTP Cookie,da_intState,,0,,http://www.CLIENT_X.com.pk/,New First Party Trackers,,,,,
ajax.googleapis.com,Performance cookies,Google Inc.,JavaScript,bench_new_T3_101195,,,,,Existing CM Trackers-Not Found,,,,,
tag.demandbase.com,Targeted Advertising cookies (including social media),"Demandbase, Inc.",JavaScript,bench_new_T3_102244,,,TRUE,https://www.CLIENT_X.com.pk/a-w/cookie-notice,Existing CM Trackers-Found,,,,,
CLIENT_X.com.pk,Essential cookies,CLIENT_X - Pakistan,HTTP Cookie,bench_new_T3_102152,,0,TRUE,https://www.CLIENT_X.com.pk/,Existing CM Trackers-Found,,,,,
CLIENT_X.com.pk,Essential cookies,CLIENT_X - Pakistan,HTTP Cookie,bench_new_T3_101140,,,,,Existing CM Trackers-Not Found,,,,,
CLIENT_X.com.pk,Essential cookies,CLIENT_X - Pakistan,HTTP Cookie,bench_new_T3_101414,,,,,Existing CM Trackers-Not Found,,,,,
tremorhub.com,Targeted Advertising cookies (including social media),"Magnite CTV, Inc.",HTTP Cookie,_ga_failed_lookup_marker_63_404,,400,TRUE,https://www.CLIENT_X.com.pk/a-w/cookie-notice.html,Existing CM Trackers-Found,,,,,
maps.googleapis.com,Performance cookies,Google Inc.,ETag,bench_new_T3_100980,,,TRUE,https://www.CLIENT_X.com.pk/c-m-au/car-lights/store-locator,Existing CM Trackers-Found,,,,,
CLIENT_X.112.2o7.net,Performance cookies,"Adobe Audience Manager, Adobe Experience Cloud",Beacon,_ga_failed_lookup_marker_63_406,,,TRUE,http://www.CLIENT_X.com.pk/,Existing CM Trackers-Found,,,,,
CLIENT_X.com.my,Essential cookies (exempt from consent),CLIENT_X - Malaysia,HTTP Cookie,li_cm_prefs_session,,bench_update_duration,,,Existing CM Trackers-Not Found,,,,,
www.lighting.CLIENT_X.com.pk,Essential cookies (exempt from consent),Signify (formerly CLIENT_X Lighting),HTTP Cookie,ltc_cf,,180,TRUE,https://www.CLIENT_X.com.pk/c-m-so/monitors,Existing CM Trackers-Found,,,,,
www.youtube.com,Targeted Advertising cookies (including social media),Google Advertising Products,JavaScript,bench_new_T3_101307,,,TRUE,https://www.CLIENT_X.com.pk/c-f/XC000004492/how-do-i-get-the-best-results-with-my-CLIENT_X-shaver,Existing CM Trackers-Found,,,,,
www.crsc.lighting.CLIENT_X.com,Performance cookies,Signify (formerly CLIENT_X Lighting),ETag,bench_new_T3_100990,,,,,Existing CM Trackers-Not Found,,,,,
www.CLIENT_X.com.pk,Essential cookies,CLIENT_X - Pakistan,HTTP Cookie,bench_new_T3_102200,,1,,http://www.CLIENT_X.com.pk/,New First Party Trackers,,,,,
CLIENT_X.ca,Essential cookies (exempt from consent),CLIENT_X - Canada,HTTP Cookie,_scid,,bench_update_duration,,,Existing CM Trackers-Not Found,,,,,
img.en25.com,Performance cookies,Oracle Marketing,JavaScript,bench_new_T3_100968,,,,https://www.CLIENT_X.com.pk/healthcare,New Third Party Trackers,,,,,
www.CLIENT_X.com.pk,Essential cookies (exempt from consent),CLIENT_X - Pakistan,ETag,blank (etag),,bench_update_duration,,,Existing CM Trackers-Not Found,,,,,
CLIENT_X.com.pk,Essential cookies,CLIENT_X - Pakistan,HTTP Cookie,bench_new_T3_102204,,,,,Existing CM Trackers-Not Found,,,,,
ajax.googleapis.com,Performance cookies,Google Inc.,JavaScript,bench_new_T3_102044,,,,,Existing CM Trackers-Not Found,,,,,
lighting.CLIENT_X.com.pk,Essential cookies,Signify (formerly CLIENT_X Lighting),HTTP Cookie,bench_new_T3_101844,,,,,Existing CM Trackers-Not Found,,,,,
www.CLIENT_X.co.in,Essential cookies (exempt from consent),CLIENT_X - India,JavaScript,blank (java),,bench_update_duration,,,Existing CM Trackers-Not Found,,,,,
nebula-cdn.kampyle.com,Performance cookies,Medallia,ETag,_ga_failed_lookup_marker_63_419,,,TRUE,http://www.CLIENT_X.com.pk/,Existing CM Trackers-Found,,,,,
sc-static.net,Targeted Advertising cookies (including social media),Snap Inc.,JavaScript,bench_new_T3_102000,,,TRUE,https://www.CLIENT_X.com.pk/c-e/ho/cooking/airfryer-xxl,Existing CM Trackers-Found,,,,,
www.lighting.CLIENT_X.com.pk,Essential cookies,Signify (formerly CLIENT_X Lighting),HTTP Cookie,bench_new_T3_101926,,,,,Existing CM Trackers-Not Found,,,,,
www.CLIENT_X.com.pk,Essential cookies,CLIENT_X - Pakistan,HTTP Cookie,bench_new_T3_101535,,,,,Existing CM Trackers-Not Found,,,,,
www.docs.lighting.CLIENT_X.com,Performance cookies,Signify (formerly CLIENT_X Lighting),ETag,_ga_failed_lookup_marker_63_423,,,,,Existing CM Trackers-Not Found,,,,,
c.amazon-adsystem.com,Targeted Advertising cookies (including social media),Amazon Ads,ETag,bench_new_T3_102315,,,,,Existing CM Trackers-Not Found,,,,,
www.googletagmanager.com,Performance cookies,Google Inc.,JavaScript,bench_new_T3_102102,,,TRUE,http://www.CLIENT_X.com.pk/,Existing CM Trackers-Found,,,,,
lighting.CLIENT_X.com.pk,Essential cookies,Signify (formerly CLIENT_X Lighting),HTTP Cookie,bench_new_T3_101457,,,,,Existing CM Trackers-Not Found,,,,,
CLIENT_X.com.pk,Essential cookies,CLIENT_X - Pakistan,HTTP Cookie,bench_new_T3_101663,,,,,Existing CM Trackers-Not Found,,,,,
company-target.com,Targeted Advertising cookies (including social media),"Demandbase, Inc.",HTTP Cookie,_ga_failed_lookup_marker_63_428,,396,TRUE,https://www.CLIENT_X.com.pk/a-w/cookie-notice.html,Existing CM Trackers-Found,,,,,
tag-logger.demandbase.com,Targeted Advertising cookies (including social media),"Demandbase, Inc.",ETag,bench_new_T3_102270,,,,https://www.CLIENT_X.com.pk/healthcare,New Third Party Trackers,,,,,
static.hotjar.com,Performance cookies,Hotjar,ETag,bench_new_T3_100804,,,,,Existing CM Trackers-Not Found,,,,,
www.gstatic.com,Performance cookies,Google Inc.,JavaScript,bench_new_T3_101147,,,TRUE,https://www.CLIENT_X.com.pk/healthcare/articles/sleep-apnea-compliance,Existing CM Trackers-Found,,,,,
www.googleapis.com,Performance cookies,Google Inc.,JavaScript,bench_new_T3_102303,,,TRUE,https://www.CLIENT_X.com.pk/c-f/XC000021305/how-do-i-descale-my-CLIENT_X-garment-steamer-all-in-one-solution,Existing CM Trackers-Found,,,,,
consent-pref.trustarc.com,Essential cookies,TrustArc,Local Storage,bench_new_T3_101567,,,TRUE,https://www.CLIENT_X.com.pk/healthcare,Existing CM Trackers-Found,,,,,
tag-logger.demandbase.com,Targeted Advertising cookies (including social media),"Demandbase, Inc.",ETag,bench_new_T3_101202,,,,https://www.CLIENT_X.com.pk/healthcare,New Third Party Trackers,,,,,
static.cloud.coveo.com,Targeted Advertising cookies (including social media),Coveo Solutions Inc.,JavaScript,bench_new_T3_101920,,,,,Existing CM Trackers-Not Found,,,,,
CLIENT_X.com.pk,Essential cookies,CLIENT_X - Pakistan,HTTP Cookie,_ga_failed_lookup_marker_63_436,,,,,Existing CM Trackers-Not Found,,,,,
tracker-detail-page.trustarc.com,Essential cookies,TrustArc,ETag,bench_new_T3_101384,,,,https://www.CLIENT_X.com.pk/a-w/cookie-notice,New Third Party Trackers,,,,,
CLIENT_Xb2c.my.site.com,Performance cookies,"Salesforce.com, Inc.",Beacon,bench_new_T3_102391,,,TRUE,https://www.CLIENT_X.com.pk/c-f/XC000001050/are-CLIENT_X-avent-cups-compatible-with-other-avent-products,Existing CM Trackers-Found,,,,,
www.CLIENT_X.com.pk,Essential cookies,CLIENT_X - Pakistan,HTTP Cookie,bench_new_T3_101152,,6,,http://www.CLIENT_X.com.pk/,New First Party Trackers,,,,,
pages.information.signify.com,Performance cookies,Signify (formerly CLIENT_X Lighting),HTTP Cookie,bench_new_T3_101795,,,,,Existing CM Trackers-Not Found,,,,,
CLIENT_X.com.pk,Essential cookies,CLIENT_X - Pakistan,HTTP Cookie,bench_new_T3_102123,,,,,Existing CM Trackers-Not Found,,,,,
doubleclick.net,Targeted Advertising cookies (including social media),Google Advertising Products,HTTP Cookie,bench_new_T3_101155,,,,,Existing CM Trackers-Not Found,,,,,
www.googletagmanager.com,Performance cookies,Google Inc.,JavaScript,bench_new_T3_101500,,,TRUE,http://www.CLIENT_X.com.pk/,Existing CM Trackers-Found,,,,,
CLIENT_X.com.pk,Essential cookies,CLIENT_X - Pakistan,HTTP Cookie,bench_new_T3_101544,,session,TRUE,https://www.CLIENT_X.com.pk/,Existing CM Trackers-Found,,,,,
www.CLIENT_X.com.pk,Essential cookies,CLIENT_X - Pakistan,HTTP Cookie,bench_new_T3_101819,,365,TRUE,http://www.CLIENT_X.com.pk/,Existing CM Trackers-Found,,,,,
www.CLIENT_X.com.pk,Essential cookies,CLIENT_X - Pakistan,HTTP Cookie,bench_new_T3_101774,,365,TRUE,http://www.CLIENT_X.com.pk/,Existing CM Trackers-Found,,,,,
CLIENT_X.com.pk,Essential cookies,CLIENT_X - Pakistan,HTTP Cookie,bench_new_T3_100892,,,,,Existing CM Trackers-Not Found,,,,,
static.hotjar.com,Performance cookies,Hotjar,JavaScript,bench_new_T3_102296,,,,,Existing CM Trackers-Not Found,,,,,
CLIENT_X.com.pk,Essential cookies,CLIENT_X - Pakistan,HTTP Cookie,bench_new_T3_101116,,,,,Existing CM Trackers-Not Found,,,,,
sc-static.net,Targeted Advertising cookies (including social media),Snap Inc.,ETag,bench_new_T3_101673,,,TRUE,https://www.CLIENT_X.com.pk/c-f/XC000002428/how-to-clean-the-brush-of-my-CLIENT_X-vacuum-cleaner,Existing CM Trackers-Found,,,,,
CLIENT_X.ie,Essential cookies (exempt from consent),CLIENT_X - Ireland,HTTP Cookie,TAsessionID,,bench_update_duration,TRUE,https://www.CLIENT_X.com.pk/,Existing CM Trackers-Found,,,,,
pages.information.signify.com,Performance cookies,Signify (formerly CLIENT_X Lighting),JavaScript,bench_new_T3_102308,,,,,Existing CM Trackers-Not Found,,,,,
CLIENT_X.com.pe,Essential cookies (exempt from consent),CLIENT_X - Peru,HTTP Cookie,FPID,,,,,Existing CM Trackers-Not Found,,,,,
assets.adoberesources.net,Performance cookies,Adobe Inc.,ETag,bench_new_T3_102375,,,,,Existing CM Trackers-Not Found,,,,,
CLIENT_X.com.pk,Essential cookies,CLIENT_X - Pakistan,HTTP Cookie,bench_new_T3_102275,,,,,Existing CM Trackers-Not Found,,,,,
www.CLIENT_X.com.pk,Essential cookies,CLIENT_X - Pakistan,HTTP Cookie,bench_new_T3_101884,,1,,http://www.CLIENT_X.com.pk/,New First Party Trackers,,,,,
munchkin.marketo.net,Targeted Advertising cookies (including social media),Marketo,JavaScript,_ga_failed_lookup_marker_63_457,,,,,Existing CM Trackers-Not Found,,,,,
www.lampreplacementtool.CLIENT_X.com,Essential cookies,Koninklijke CLIENT_X N.V.,ETag,bench_new_T3_101151,,,,,Existing CM Trackers-Not Found,,,,,
CLIENT_X.com.pk,Essential cookies,CLIENT_X - Pakistan,HTTP Cookie,bench_new_T3_101082,,,,,Existing CM Trackers-Not Found,,,,,
CLIENT_X.com.pk,Essential cookies,CLIENT_X - Pakistan,HTTP Cookie,bench_new_T3_101665,,session,TRUE,https://www.CLIENT_X.com.pk/,Existing CM Trackers-Found,,,,,
images.CLIENT_X.com,Essential cookies,Koninklijke CLIENT_X N.V.,JavaScript,bench_new_T3_101938,,,TRUE,https://www.CLIENT_X.com.pk/c-f/XC000001781/how-to-assemble-the-CLIENT_X-avent-comfort-breast-pump,Existing CM Trackers-Found,,,,,
www.lighting.CLIENT_X.com.pk,Essential cookies,Signify (formerly CLIENT_X Lighting),HTTP Cookie,_ga_failed_lookup_marker_63_462,,,,,Existing CM Trackers-Not Found,,,,,
CLIENT_X.com.pk,Essential cookies,CLIENT_X - Pakistan,HTTP Cookie,bench_new_T3_100907,,400,TRUE,https://www.CLIENT_X.com.pk/,Existing CM Trackers-Found,,,,,
lighting.CLIENT_X.com.pk,Essential cookies,Signify (formerly CLIENT_X Lighting),HTTP Cookie,bench_new_T3_101889,,,,,Existing CM Trackers-Not Found,,,,,
CLIENT_X.com.pk,Essential cookies,CLIENT_X - Pakistan,HTTP Cookie,bench_new_T3_101565,,session,TRUE,https://www.CLIENT_X.com.pk/,Existing CM Trackers-Found,,,,,
tr.snapchat.com,Targeted Advertising cookies (including social media),Snap Inc.,Beacon,bench_new_T3_101482,,,TRUE,https://www.CLIENT_X.com.pk/c-e/ho/cooking/airfryer-xxl,Existing CM Trackers-Found,,,,,
lighting.CLIENT_X.com.pk,Essential cookies,Signify (formerly CLIENT_X Lighting),HTTP Cookie,bench_new_T3_102238,,,,,Existing CM Trackers-Not Found,,,,,
google.com,Performance cookies,Google Inc.,Local Storage,_ga_failed_lookup_marker_63_468,,,TRUE,https://www.CLIENT_X.com.pk/healthcare/articles/sleep-apnea-compliance,Existing CM Trackers-Found,,,,,
www.facebook.com,Targeted Advertising cookies (including social media),Meta (formerly Facebook),Beacon,bench_new_T3_102281,,,TRUE,http://www.CLIENT_X.com.pk/,Existing CM Trackers-Found,,,,,
www.lighting.CLIENT_X.com.pk,Essential cookies,Signify (formerly CLIENT_X Lighting),JavaScript,_ga_failed_lookup_marker_63_470,,,,,Existing CM Trackers-Not Found,,,,,
www.lighting.CLIENT_X.com.pk,Essential cookies,Signify (formerly CLIENT_X Lighting),HTTP Cookie,bench_new_T3_102059,,,,,Existing CM Trackers-Not Found,,,,,
*.fls.doubleclick.net,Targeted Advertising cookies (including social media),Google Advertising Products,Beacon,bench_new_T3_101876,,,,,Existing CM Trackers-Not Found,,,,,
CLIENT_X.ng,Essential cookies (exempt from consent),CLIENT_X - Nigeria,HTTP Cookie,s_cm,,,,,Existing CM Trackers-Not Found,,,,,
consent.truste.com,Essential cookies,TrustArc,JavaScript,bench_new_T3_100901,,,,,Existing CM Trackers-Not Found,,,,,
www.CLIENT_X.com.tw,Essential cookies (exempt from consent),CLIENT_X - Taiwan,HTTP Cookie,_scid_r,,bench_update_duration,TRUE,http://www.CLIENT_X.com.pk/,Existing CM Trackers-Found,,,,,
lighting.CLIENT_X.com.pk,Essential cookies,Signify (formerly CLIENT_X Lighting),HTTP Cookie,bench_new_T3_101531,,,,,Existing CM Trackers-Not Found,,,,,
CLIENT_X.com.pk,Essential cookies,CLIENT_X - Pakistan,HTTP Cookie,bench_new_T3_101993,,session,TRUE,https://www.CLIENT_X.com.pk/,Existing CM Trackers-Found,,,,,
tr.snapchat.com,Targeted Advertising cookies (including social media),Snap Inc.,JavaScript,bench_new_T3_101735,,,TRUE,https://www.CLIENT_X.com.pk/c-f/XC000002428/how-to-clean-the-brush-of-my-CLIENT_X-vacuum-cleaner,Existing CM Trackers-Found,,,,,
*.cloudfront.net,Performance cookies,Amazon (Cloudfront),ETag,bench_new_T3_101436,,,,,Existing CM Trackers-Not Found,,,,,
CLIENT_X.com,Essential cookies,Koninklijke CLIENT_X N.V.,HTTP Cookie,bench_new_T3_101279,,,,,Existing CM Trackers-Not Found,,,,,
CLIENT_Xb2c.my.salesforce-scrt.com,Performance cookies,"Salesforce.com, Inc.",Beacon,bench_new_T3_100810,,,,https://www.CLIENT_X.com.pk/c-f/XC000001050/are-CLIENT_X-avent-cups-compatible-with-other-avent-products,New Third Party Trackers,,,,,
script.hotjar.com,Targeted Advertising cookies (including social media),Hotjar,ETag,bench_new_T3_102236,,,,,Existing CM Trackers-Not Found,,,,,
eloqua.com,Essential cookies,Oracle Marketing,HTTP Cookie,bench_new_T3_101747,,393,TRUE,https://www.CLIENT_X.com.pk/healthcare,Existing CM Trackers-Found,,,,,
demdex.net,Targeted Advertising cookies (including social media),"Adobe Audience Manager, Adobe Experience Cloud",HTTP Cookie,_ga_failed_lookup_marker_63_484,,,,,Existing CM Trackers-Not Found,,,,,
www.lighting.CLIENT_X.com.pk,Essential cookies,Signify (formerly CLIENT_X Lighting),HTTP Cookie,bench_new_T3_101799,,,,,Existing CM Trackers-Not Found,,,,,
pixel.rubiconproject.com,Targeted Advertising cookies (including social media),"Magnite, Inc.",Beacon,bench_new_T3_101600,,,TRUE,https://www.CLIENT_X.com.pk/a-w/cookie-notice,Existing CM Trackers-Found,,,,,
CLIENT_X.com.pk,Essential cookies,CLIENT_X - Pakistan,HTTP Cookie,_ga_failed_lookup_marker_63_487,,,,,Existing CM Trackers-Not Found,,,,,
widget-cdn.janraincapture.com,Performance cookies,Akamai,ETag,_ga_failed_lookup_marker_63_488,,,,,Existing CM Trackers-Not Found,,,,,
*.fls.doubleclick.net,Targeted Advertising cookies (including social media),Google Advertising Products,Beacon,bench_new_T3_100932,,,,,Existing CM Trackers-Not Found,,,,,
region1.analytics.google.com,Performance cookies,Google Inc.,Beacon,bench_new_T3_100820,,,TRUE,http://www.CLIENT_X.com.pk/,Existing CM Trackers-Found,,,,,
lighting.CLIENT_X.ru,Essential cookies (exempt from consent),Signify (formerly CLIENT_X Lighting),HTTP Cookie,s_sid,,,,,Existing CM Trackers-Not Found,,,,,
CLIENT_X.com.pk,Essential cookies,CLIENT_X - Pakistan,HTTP Cookie,bench_new_T3_101813,,,,,Existing CM Trackers-Not Found,,,,,
CLIENT_X.com.hk,Essential cookies (exempt from consent),CLIENT_X - Hong Kong,HTTP Cookie,_gat_UA-XXX,,bench_update_duration,TRUE,https://www.CLIENT_X.com.pk/c-m-so/monitors,Existing CM Trackers-Found,,,,,
dpm.demdex.net,Targeted Advertising cookies (including social media),"Adobe Audience Manager, Adobe Experience Cloud",HTTP Cookie,bench_new_T3_101972,,,,,Existing CM Trackers-Not Found,,,,,
tracker-detail-page.trustarc.com,Essential cookies,TrustArc,ETag,bench_new_T3_101322,,,,https://www.CLIENT_X.com.pk/a-w/cookie-notice,New Third Party Trackers,,,,,
images.CLIENT_X.com,Essential cookies,Koninklijke CLIENT_X N.V.,ETag,bench_new_T3_101207,,,TRUE,https://www.CLIENT_X.com.pk/c-p/00947033/gopure-selectfilter-plus-filter-for-car-air-purifier,Existing CM Trackers-Found,,,,,
CLIENT_X.com.pk,Essential cookies,CLIENT_X - Pakistan,HTTP Cookie,bench_new_T3_101712,,,,https://www.CLIENT_X.com.pk/,Existing CM Trackers-Found,,,,,
lighting.CLIENT_X.com.pk,Essential cookies,Signify (formerly CLIENT_X Lighting),HTTP Cookie,bench_new_T3_100986,,,,,Existing CM Trackers-Not Found,,,,,
snap.licdn.com,Performance cookies,LinkedIn,JavaScript,bench_new_T3_100824,,,TRUE,https://www.CLIENT_X.com.pk/c-e/ho/cooking/airfryer-xxl,Existing CM Trackers-Found,,,,,
assets.adoberesources.net,Performance cookies,Adobe Inc.,JavaScript,_ga_failed_lookup_marker_63_500,,,,,Existing CM Trackers-Not Found,,,,,
snapchat.com,Targeted Advertising cookies (including social media),Snap Inc.,HTTP Cookie,bench_new_T3_101193,,390,TRUE,https://www.CLIENT_X.com.pk/c-e/ho/cooking/airfryer-xxl,Existing CM Trackers-Found,,,,,
ssl-static.janraincapture.com,Performance cookies,Akamai,JavaScript,_ga_failed_lookup_marker_63_502,,,,,Existing CM Trackers-Not Found,,,,,
CLIENT_X.com.pk,Essential cookies,CLIENT_X - Pakistan,HTTP Cookie,bench_new_T3_101649,,,,,Existing CM Trackers-Not Found,,,,,
smetrics.marketing.lighting.CLIENT_X.com,Targeted Advertising cookies (including social media),Koninklijke CLIENT_X N.V.,JavaScript,_ga_failed_lookup_marker_63_504,,,,,Existing CM Trackers-Not Found,,,,,
code.jquery.com,Performance cookies,jQuery,ETag,bench_new_T3_101018,,,,,Existing CM Trackers-Not Found,,,,,
CLIENT_Xb2c.my.site.com,Performance cookies,"Salesforce.com, Inc.",JavaScript,bench_new_T3_102114,,,TRUE,https://www.CLIENT_X.com.pk/c-f/XC000001050/are-CLIENT_X-avent-cups-compatible-with-other-avent-products,Existing CM Trackers-Found,,,,,
CLIENT_X.com.pk,Essential cookies,CLIENT_X - Pakistan,HTTP Cookie,bench_new_T3_101970,,,,,Existing CM Trackers-Not Found,,,,,
CLIENT_X.com.pk,Essential cookies,CLIENT_X - Pakistan,HTTP Cookie,bench_new_T3_101523,,,,,Existing CM Trackers-Not Found,,,,,
CLIENT_X.com.pk,Essential cookies,CLIENT_X - Pakistan,HTTP Cookie,bench_new_T3_102135,,,,https://www.CLIENT_X.com.pk/,Existing CM Trackers-Found,,,,,
tag.demandbase.com,Targeted Advertising cookies (including social media),"Demandbase, Inc.",ETag,bench_new_T3_102388,,,TRUE,https://www.CLIENT_X.com.pk/a-w/cookie-notice,Existing CM Trackers-Found,,,,,
www.lighting.CLIENT_X.com.pk,Essential cookies,Signify (formerly CLIENT_X Lighting),HTTP Cookie,_ga_failed_lookup_marker_63_511,,,,,Existing CM Trackers-Not Found,,,,,
smetrics.marketing.lighting.CLIENT_X.com.pk,Essential cookies,CLIENT_X - Pakistan,JavaScript,bench_new_T3_100857,,,,,Existing CM Trackers-Not Found,,,,,
consent.trustarc.com,Essential cookies,TrustArc,JavaScript,bench_new_T3_101503,,,TRUE,http://www.CLIENT_X.com.pk/,Existing CM Trackers-Found,,,,,
www.CLIENT_X.com.pk,Essential cookies,CLIENT_X - Pakistan,JavaScript,bench_new_T3_102239,,,TRUE,http://www.CLIENT_X.com.pk/,Existing CM Trackers-Found,,,,,
www.CLIENT_X.com.pk,Essential cookies,CLIENT_X - Pakistan,HTTP Cookie,bench_new_T3_102159,,365,TRUE,http://www.CLIENT_X.com.pk/,Existing CM Trackers-Found,,,,,
tremorhub.com,Targeted Advertising cookies (including social media),"Magnite CTV, Inc.",HTTP Cookie,bench_new_T3_102225,,400,TRUE,https://www.CLIENT_X.com.pk/a-w/cookie-notice.html,Existing CM Trackers-Found,,,,,
tr.snapchat.com,Targeted Advertising cookies (including social media),Snap Inc.,Beacon,bench_new_T3_101351,,,TRUE,https://www.CLIENT_X.com.pk/c-e/ho/cooking/airfryer-xxl,Existing CM Trackers-Found,,,,,
CLIENT_X.com.pk,Essential cookies,CLIENT_X - Pakistan,Local Storage,bench_new_T3_100978,,,TRUE,https://www.CLIENT_X.com.pk/c-f/XC000001050/are-CLIENT_X-avent-cups-compatible-with-other-avent-products,Existing CM Trackers-Found,,,,,
www.CLIENT_X.com.pk,Essential cookies,CLIENT_X - Pakistan,HTTP Cookie,bench_new_T3_102052,,6,,http://www.CLIENT_X.com.pk/,New First Party Trackers,,,,,
CLIENT_X.com.pk,Essential cookies,CLIENT_X - Pakistan,Local Storage,bench_new_T3_101421,,,TRUE,https://www.CLIENT_X.com.pk/c-f/XC000001050/are-CLIENT_X-avent-cups-compatible-with-other-avent-products,Existing CM Trackers-Found,,,,,
ad.doubleclick.net,Targeted Advertising cookies (including social media),Google Advertising Products,Beacon,bench_new_T3_102380,,,TRUE,http://www.CLIENT_X.com.pk/,Existing CM Trackers-Found,,,,,
lighting.CLIENT_X.com.pk,Essential cookies,Signify (formerly CLIENT_X Lighting),HTTP Cookie,bench_new_T3_102065,,,,,Existing CM Trackers-Not Found,,,,,
www.subscriptions.CLIENT_X.de,Essential cookies (exempt from consent),CLIENT_X - Germany,HTTP Cookie,kampyleUserSession,,bench_update_duration,,,Existing CM Trackers-Not Found,,,,,
lighting.CLIENT_X.com.pk,Essential cookies,Signify (formerly CLIENT_X Lighting),HTTP Cookie,bench_new_T3_102271,,,,,Existing CM Trackers-Not Found,,,,,
dpm.demdex.net,Targeted Advertising cookies (including social media),"Adobe Audience Manager, Adobe Experience Cloud",HTTP Cookie,bench_new_T3_101298,,,,,Existing CM Trackers-Not Found,,,,,
www.CLIENT_X.com.pk,Essential cookies,CLIENT_X - Pakistan,HTTP Cookie,bench_new_T3_102273,,,,,Existing CM Trackers-Not Found,,,,,
CLIENT_X.com.au,Essential cookies (exempt from consent),CLIENT_X - Australia,HTTP Cookie,at_check,,bench_update_duration,TRUE,http://www.CLIENT_X.com.pk/,Existing CM Trackers-Found,,,,,
www.lighting.CLIENT_X.com.pk,Essential cookies,Signify (formerly CLIENT_X Lighting),ETag,bench_new_T3_101057,,,,,Existing CM Trackers-Not Found,,,,,
assets.adobedtm.com,Performance cookies,Adobe Inc.,JavaScript,bench_new_T3_101996,,,,,Existing CM Trackers-Not Found,,,,,
ajax.googleapis.com,Performance cookies,Google Inc.,JavaScript,bench_new_T3_101077,,,,,Existing CM Trackers-Not Found,,,,,
www.ledsavingscalculator.CLIENT_X.co.uk,Performance cookies,Signify (formerly CLIENT_X Lighting),ETag,bench_new_T3_102341,,,,,Existing CM Trackers-Not Found,,,,,
igt-interactive-tour.com,Essential cookies (exempt from consent),Koninklijke CLIENT_X N.V.,HTTP Cookie,s_eVar44,,,,,Existing CM Trackers-Not Found,,,,,
CLIENT_X.com.pk,Essential cookies,CLIENT_X - Pakistan,HTTP Cookie,bench_new_T3_101101,,,,,Existing CM Trackers-Not Found,,,,,
googleads.g.doubleclick.net,Targeted Advertising cookies (including social media),Google Advertising Products,Beacon,bench_new_T3_101275,,,TRUE,http://www.CLIENT_X.com.pk/,Existing CM Trackers-Found,,,,,
lighting.CLIENT_X.com.pk,Essential cookies,Signify (formerly CLIENT_X Lighting),HTTP Cookie,bench_new_T3_100935,,,,,Existing CM Trackers-Not Found,,,,,
CLIENT_X.co.in,Essential cookies (exempt from consent),CLIENT_X - India,HTTP Cookie,mbox,,,,,Existing CM Trackers-Not Found,,,,,
static.hotjar.com,Performance cookies,Hotjar,ETag,bench_new_T3_101818,,,,,Existing CM Trackers-Not Found,,,,,
www.googleapis.com,Performance cookies,Google Inc.,JavaScript,bench_new_T3_100992,,,TRUE,https://www.CLIENT_X.com.pk/c-f/XC000021305/how-do-i-descale-my-CLIENT_X-garment-steamer-all-in-one-solution,Existing CM Trackers-Found,,,,,
www.CLIENT_X.com.pk,Essential cookies,CLIENT_X - Pakistan,HTTP Cookie,bench_new_T3_101062,,6,,http://www.CLIENT_X.com.pk/,New First Party Trackers,,,,,
static.cloud.coveo.com,Targeted Advertising cookies (including social media),Coveo Solutions Inc.,JavaScript,bench_new_T3_101809,,,,,Existing CM Trackers-Not Found,,,,,
img.youtube.com,Targeted Advertising cookies (including social media),Google Advertising Products,ETag,bench_new_T3_101427,,,,,Existing CM Trackers-Not Found,,,,,
CLIENT_X.com.pk,Essential cookies,CLIENT_X - Pakistan,HTTP Cookie,bench_new_T3_102068,,,,,Existing CM Trackers-Not Found,,,,,
smetrics.marketing.lighting.CLIENT_X.com.pk,Essential cookies,CLIENT_X - Pakistan,JavaScript,bench_new_T3_101038,,,,,Existing CM Trackers-Not Found,,,,,
munchkin.marketo.net,Targeted Advertising cookies (including social media),Marketo,JavaScript,bench_new_T3_101806,,,,,Existing CM Trackers-Not Found,,,,,
adservice.google.com,Targeted Advertising cookies (including social media),Google Advertising Products,Beacon,bench_new_T3_101902,,,TRUE,http://www.CLIENT_X.com.pk/,Existing CM Trackers-Found,,,,,
www.lighting.CLIENT_X.com.pk,Essential cookies,Signify (formerly CLIENT_X Lighting),HTTP Cookie,bench_new_T3_101792,,,,,Existing CM Trackers-Not Found,,,,,
youtube.com,Targeted Advertising cookies (including social media),Google Advertising Products,HTTP Cookie,bench_new_T3_102088,,180,TRUE,https://www.CLIENT_X.com.pk/c-m-so/monitors,Existing CM Trackers-Found,,,,,
www.lighting.CLIENT_X.com.pk,Essential cookies,Signify (formerly CLIENT_X Lighting),JavaScript,bench_new_T3_101694,,,,,Existing CM Trackers-Not Found,,,,,
CLIENT_X.com.pk,Essential cookies,CLIENT_X - Pakistan,HTTP Cookie,bench_new_T3_101919,,400,,https://www.CLIENT_X.com.pk/,New First Party Trackers,,,,,
assets.adobedtm.com,Performance cookies,Adobe Inc.,ETag,bench_new_T3_101019,,,,,Existing CM Trackers-Not Found,,,,,
www.CLIENT_X.ae,Essential cookies (exempt from consent),CLIENT_X - Middle East Arab,HTTP Cookie,mdLogger,,bench_update_duration,,http://www.CLIENT_X.com.pk/,New First Party Trackers,,,,,
script.hotjar.com,Targeted Advertising cookies (including social media),Hotjar,JavaScript,bench_new_T3_101835,,,,,Existing CM Trackers-Not Found,,,,,
www.facebook.com,Targeted Advertising cookies (including social media),Meta (formerly Facebook),Beacon,bench_new_T3_102288,,,TRUE,http://www.CLIENT_X.com.pk/,Existing CM Trackers-Found,,,,,
CLIENT_Xb2c.my.salesforce-scrt.com,Performance cookies,"Salesforce.com, Inc.",Beacon,bench_new_T3_101411,,,,https://www.CLIENT_X.com.pk/c-f/XC000001050/are-CLIENT_X-avent-cups-compatible-with-other-avent-products,New Third Party Trackers,,,,,
beacon.speedcurve.com,Performance cookies,Speedcurve,Beacon,bench_new_T3_101956,,,,https://www.CLIENT_X.com.pk/c-e/au/car-lights/automotive-articles.html?npagination=167,New Third Party Trackers,,,,,
eloqua.com,Essential cookies,Oracle Marketing,HTTP Cookie,bench_new_T3_101562,,393,TRUE,https://www.CLIENT_X.com.pk/healthcare,Existing CM Trackers-Found,,,,,
*.t.eloqua.com,Performance cookies,Oracle Marketing,Beacon,bench_new_T3_101782,,,,https://www.CLIENT_X.com.pk/healthcare,Existing CM Trackers-Found,,,,,
CLIENT_X.com.pk,Essential cookies,CLIENT_X - Pakistan,HTTP Cookie,_ga_failed_lookup_marker_63_558,,,,,Existing CM Trackers-Not Found,,,,,
www.CLIENT_X.com.pk,Essential cookies,CLIENT_X - Pakistan,HTTP Cookie,bench_new_T3_101513,,,,,Existing CM Trackers-Not Found,,,,,
consent.trustarc.com,Essential cookies,TrustArc,JavaScript,bench_new_T3_101399,,,TRUE,http://www.CLIENT_X.com.pk/,Existing CM Trackers-Found,,,,,
tremorhub.com,Targeted Advertising cookies (including social media),"Magnite CTV, Inc.",HTTP Cookie,bench_new_T3_102307,,400,TRUE,https://www.CLIENT_X.com.pk/a-w/cookie-notice.html,Existing CM Trackers-Found,,,,,
prismic-io.s3.amazonaws.com,Targeted Advertising Cookies (including social media) [Requires consent],Amazon (Web Services),ETag,-,,0,,http://www.CLIENT_X.com.pk/,New First Party Trackers,,,,,
CLIENT_X.com.pk,Essential cookies,CLIENT_X - Pakistan,HTTP Cookie,bench_new_T3_101099,,400,TRUE,https://www.CLIENT_X.com.pk/,Existing CM Trackers-Found,,,,,
lighting.CLIENT_X.com.pk,Essential cookies,Signify (formerly CLIENT_X Lighting),HTTP Cookie,bench_new_T3_101206,,,,,Existing CM Trackers-Not Found,,,,,
www.lighting.CLIENT_X.co.jp,Essential cookies (exempt from consent),Signify (formerly CLIENT_X Lighting),HTTP Cookie,s_sid,,,,,Existing CM Trackers-Not Found,,,,,
agent-versuni.mindtouch.us,Performance cookies,MindTouch,HTTP Cookie,bench_new_T3_101159,,400,,https://www.CLIENT_X.com.pk/c-f/XC000021443/my-CLIENT_X-fan-makes-an-unusual-noise-when-oscillating,New Third Party Trackers,,,,,
www.crsc.lighting.CLIENT_X.com,Performance cookies,Signify (formerly CLIENT_X Lighting),ETag,_ga_failed_lookup_marker_63_567,,,,,Existing CM Trackers-Not Found,,,,,
youtube.com,Targeted Advertising cookies (including social media),Google Advertising Products,HTTP Cookie,bench_new_T3_101286,,180,TRUE,https://www.CLIENT_X.com.pk/c-m-so/monitors,Existing CM Trackers-Found,,,,,
lighting.CLIENT_X.com.pk,Essential cookies (exempt from consent),Signify (formerly CLIENT_X Lighting),HTTP Cookie,s_pv,,,TRUE,https://www.CLIENT_X.com.pk/c-f/XC000002428/how-to-clean-the-brush-of-my-CLIENT_X-vacuum-cleaner,Existing CM Trackers-Found,,,,,
dpm.demdex.net,Targeted Advertising cookies (including social media),"Adobe Audience Manager, Adobe Experience Cloud",HTTP Cookie,bench_new_T3_101927,,,,,Existing CM Trackers-Not Found,,,,,
www.lighting.CLIENT_X.si,Essential cookies (exempt from consent),Signify (formerly CLIENT_X Lighting),HTTP Cookie,customer_country,,session,TRUE,http://www.CLIENT_X.com.pk/,Existing CM Trackers-Found,,,,,
CLIENT_X.com.pk,Essential cookies,CLIENT_X - Pakistan,HTTP Cookie,_ga_failed_lookup_marker_63_572,,0,TRUE,https://www.CLIENT_X.com.pk/,Existing CM Trackers-Found,,,,,
www.lighting.CLIENT_X.com.pk,Essential cookies,Signify (formerly CLIENT_X Lighting),HTTP Cookie,bench_new_T3_101551,,,,,Existing CM Trackers-Not Found,,,,,
tracker-detail-page.trustarc.com,Essential cookies,TrustArc,ETag,bench_new_T3_101577,,,,https://www.CLIENT_X.com.pk/a-w/cookie-notice,New Third Party Trackers,,,,,
CLIENT_X.com.pk,Essential cookies,CLIENT_X - Pakistan,HTTP Cookie,bench_new_T3_100849,,,,,Existing CM Trackers-Not Found,,,,,
sc-static.net,Targeted Advertising cookies (including social media),Snap Inc.,JavaScript,bench_new_T3_101591,,,TRUE,https://www.CLIENT_X.com.pk/c-e/ho/cooking/airfryer-xxl,Existing CM Trackers-Found,,,,,
cdn.jsdelivr.net,Performance cookies,Volentio JSD Limited,ETag,bench_new_T3_100988,,,,,Existing CM Trackers-Not Found,,,,,
CLIENT_X.com.pk,Essential cookies,CLIENT_X - Pakistan,HTTP Cookie,bench_new_T3_101240,,90,TRUE,https://www.CLIENT_X.com.pk/,Existing CM Trackers-Found,,,,,
pages.information.signify.com,Performance cookies,Signify (formerly CLIENT_X Lighting),ETag,bench_new_T3_100944,,,,,Existing CM Trackers-Not Found,,,,,
company-target.com,Targeted Advertising cookies (including social media),"Demandbase, Inc.",HTTP Cookie,bench_new_T3_102249,,396,TRUE,https://www.CLIENT_X.com.pk/a-w/cookie-notice.html,Existing CM Trackers-Found,,,,,
agent-versuni.mindtouch.us,Performance cookies,MindTouch,Beacon,_ga_failed_lookup_marker_63_581,,,,https://www.CLIENT_X.com.pk/c-f/XC000021443/my-CLIENT_X-fan-makes-an-unusual-noise-when-oscillating,New Third Party Trackers,,,,,
lighting.CLIENT_X.com.pk,Essential cookies,Signify (formerly CLIENT_X Lighting),HTTP Cookie,bench_new_T3_102150,,,,,Existing CM Trackers-Not Found,,,,,
www.CLIENT_X.com.pk,Essential cookies,CLIENT_X - Pakistan,HTTP Cookie,bench_new_T3_100841,,session,TRUE,http://www.CLIENT_X.com.pk/,Existing CM Trackers-Found,,,,,
lighting.CLIENT_X.com.pk,Essential cookies,Signify (formerly CLIENT_X Lighting),HTTP Cookie,bench_new_T3_100911,,,,,Existing CM Trackers-Not Found,,,,,
consent-st.trustarc.com,Essential cookies,TrustArc,JavaScript,bench_new_T3_102220,,,TRUE,https://www.CLIENT_X.com.pk/healthcare,Existing CM Trackers-Found,,,,,
eloqua.com,Essential cookies,Oracle Marketing,HTTP Cookie,bench_new_T3_100815,,393,TRUE,https://www.CLIENT_X.com.pk/healthcare,Existing CM Trackers-Found,,,,,
www.CLIENT_X.com.pk,Essential cookies,CLIENT_X - Pakistan,HTTP Cookie,bench_new_T3_101501,,session,,http://www.CLIENT_X.com.pk/,New First Party Trackers,,,,,
www.gearselectiontool.lighting.CLIENT_X.com,Performance cookies,Signify (formerly CLIENT_X Lighting),JavaScript,bench_new_T3_101486,,,,,Existing CM Trackers-Not Found,,,,,
static.cloud.coveo.com,Targeted Advertising cookies (including social media),Coveo Solutions Inc.,ETag,bench_new_T3_101093,,,,,Existing CM Trackers-Not Found,,,,,
adservice.google.com,Targeted Advertising cookies (including social media),Google Advertising Products,Beacon,bench_new_T3_101131,,,TRUE,http://www.CLIENT_X.com.pk/,Existing CM Trackers-Found,,,,,
script.hotjar.com,Targeted Advertising cookies (including social media),Hotjar,ETag,bench_new_T3_101696,,,,,Existing CM Trackers-Not Found,,,,,
*.t.eloqua.com,Performance cookies,Oracle Marketing,Beacon,bench_new_T3_101746,,,,https://www.CLIENT_X.com.pk/healthcare,Existing CM Trackers-Found,,,,,
CLIENT_Xb2c.my.site.com,Performance cookies,"Salesforce.com, Inc.",Local Storage,bench_new_T3_102237,,,TRUE,https://www.CLIENT_X.com.pk/c-f/XC000001050/are-CLIENT_X-avent-cups-compatible-with-other-avent-products,Existing CM Trackers-Found,,,,,
CLIENT_X.com.pk,Essential cookies,CLIENT_X - Pakistan,HTTP Cookie,bench_new_T3_101729,,400,TRUE,https://www.CLIENT_X.com.pk/,Existing CM Trackers-Found,,,,,
*.mktoweb.com,Targeted Advertising cookies (including social media),Marketo,HTTP Cookie,bench_new_T3_101859,,,,,Existing CM Trackers-Not Found,,,,,
dpm.demdex.net,Targeted Advertising cookies (including social media),"Adobe Audience Manager, Adobe Experience Cloud",Beacon,bench_new_T3_102146,,,,,Existing CM Trackers-Not Found,,,,,
CLIENT_X.com.pk,Essential cookies,CLIENT_X - Pakistan,HTTP Cookie,bench_new_T3_102170,,,,,Existing CM Trackers-Not Found,,,,,
eloqua.com,Targeted Advertising cookies (including social media),Oracle Marketing,HTTP Cookie,bench_new_T3_101466,,393,TRUE,https://www.CLIENT_X.com.pk/healthcare,Existing CM Trackers-Found,,,,,
www.assets.signify.com,Performance cookies,Signify (formerly CLIENT_X Lighting),ETag,bench_new_T3_101327,,,,,Existing CM Trackers-Not Found,,,,,
www.lighting.CLIENT_X.com.pk,Essential cookies,Signify (formerly CLIENT_X Lighting),HTTP Cookie,bench_new_T3_101333,,,,,Existing CM Trackers-Not Found,,,,,
agent-versuni.mindtouch.us,Performance cookies,MindTouch,HTTP Cookie,bench_new_T3_101858,,session,,https://www.CLIENT_X.com.pk/c-f/XC000021443/my-CLIENT_X-fan-makes-an-unusual-noise-when-oscillating,New Third Party Trackers,,,,,
CLIENT_X.com.pk,Essential cookies,CLIENT_X - Pakistan,HTTP Cookie,bench_new_T3_101714,,400,TRUE,https://www.CLIENT_X.com.pk/,Existing CM Trackers-Found,,,,,
maps.googleapis.com,Performance cookies,Google Inc.,JavaScript,bench_new_T3_100839,,,TRUE,https://www.CLIENT_X.com.pk/c-m-au/car-lights/store-locator,Existing CM Trackers-Found,,,,,
versuni.scene7.com,Performance cookies,Adobe Experience Cloud - Experience Manager,JavaScript,_ga_failed_lookup_marker_63_604,,,,https://www.CLIENT_X.com.pk/c-f/XC000021994/how-to-clean-the-dust-bucket-and-filter-of-my-CLIENT_X-1000-series-bagless-vacuum-cleaner,New Third Party Trackers,,,,,
www.googleadservices.com,Targeted Advertising cookies (including social media),Google Advertising Products,ETag,bench_new_T3_102319,,,,,Existing CM Trackers-Not Found,,,,,
CLIENT_X.fi,Essential cookies (exempt from consent),CLIENT_X - Finland,HTTP Cookie,_fbp,,365,TRUE,http://www.CLIENT_X.com.pk/,Existing CM Trackers-Found,,,,,
CLIENT_X.com.pk,Essential cookies,CLIENT_X - Pakistan,HTTP Cookie,bench_new_T3_101529,,session,TRUE,https://www.CLIENT_X.com.pk/,Existing CM Trackers-Found,,,,,
www.CLIENT_X.com.pk,Essential cookies,CLIENT_X - Pakistan,HTTP Cookie,bench_new_T3_101944,,,,,Existing CM Trackers-Not Found,,,,,
CLIENT_X.com.pk,Essential cookies,CLIENT_X - Pakistan,HTTP Cookie,bench_new_T3_102016,,365,,https://www.CLIENT_X.com.pk/,New First Party Trackers,,,,,
CLIENT_X.com.pk,Essential cookies,CLIENT_X - Pakistan,HTTP Cookie,bench_new_T3_101968,,,,,Existing CM Trackers-Not Found,,,,,
assets.adobedtm.com,Performance cookies,Adobe Inc.,JavaScript,bench_new_T3_101071,,,,,Existing CM Trackers-Not Found,,,,,
*.t.eloqua.com,Performance cookies,Oracle Marketing,JavaScript,bench_new_T3_101215,,,,https://www.CLIENT_X.com.pk/healthcare,New Third Party Trackers,,,,,
www.google.com,Targeted Advertising cookies (including social media),Google Inc.,Beacon,bench_new_T3_101976,,,TRUE,http://www.CLIENT_X.com.pk/,Existing CM Trackers-Found,,,,,
youtube.com,Targeted Advertising cookies (including social media),Google Advertising Products,HTTP Cookie,bench_new_T3_101394,,180,TRUE,https://www.CLIENT_X.com.pk/c-m-so/monitors,Existing CM Trackers-Found,,,,,
CLIENT_X.com.pk,Essential cookies,CLIENT_X - Pakistan,HTTP Cookie,_ga_failed_lookup_marker_63_615,,393,TRUE,https://www.CLIENT_X.com.pk/,Existing CM Trackers-Found,,,,,
tag-logger.demandbase.com,Targeted Advertising cookies (including social media),"Demandbase, Inc.",ETag,bench_new_T3_102060,,,,https://www.CLIENT_X.com.pk/healthcare,New Third Party Trackers,,,,,
CLIENT_Xb2c.my.site.com,Performance cookies,"Salesforce.com, Inc.",JavaScript,bench_new_T3_101896,,,TRUE,https://www.CLIENT_X.com.pk/c-f/XC000001050/are-CLIENT_X-avent-cups-compatible-with-other-avent-products,Existing CM Trackers-Found,,,,,
CLIENT_X.com.pk,Essential cookies,CLIENT_X - Pakistan,HTTP Cookie,bench_new_T3_101887,,session,TRUE,https://www.CLIENT_X.com.pk/,Existing CM Trackers-Found,,,,,
youtube.com,Targeted Advertising cookies (including social media),Google Advertising Products,HTTP Cookie,bench_new_T3_100893,,180,TRUE,https://www.CLIENT_X.com.pk/c-m-so/monitors,Existing CM Trackers-Found,,,,,
tracker-detail-page.trustarc.com,Essential cookies,TrustArc,JavaScript,bench_new_T3_102314,,,,https://www.CLIENT_X.com.pk/a-w/cookie-notice,New Third Party Trackers,,,,,
code.jquery.com,Performance cookies,jQuery,JavaScript,bench_new_T3_101428,,,,,Existing CM Trackers-Not Found,,,,,
youtube.com,Targeted Advertising cookies (including social media),Google Advertising Products,HTTP Cookie,bench_new_T3_102116,,180,TRUE,https://www.CLIENT_X.com.pk/c-m-so/monitors,Existing CM Trackers-Found,,,,,
CLIENT_X.com.pk,Essential cookies,CLIENT_X - Pakistan,Local Storage,bench_new_T3_100905,,,TRUE,https://www.CLIENT_X.com.pk/c-f/XC000001050/are-CLIENT_X-avent-cups-compatible-with-other-avent-products,Existing CM Trackers-Found,,,,,
CLIENT_X.com.pk,Essential cookies,CLIENT_X - Pakistan,HTTP Cookie,bench_new_T3_101862,,400,TRUE,https://www.CLIENT_X.com.pk/,Existing CM Trackers-Found,,,,,
cdn.jsdelivr.net,Performance cookies,Volentio JSD Limited,ETag,bench_new_T3_102221,,,,,Existing CM Trackers-Not Found,,,,,
cdn.speedcurve.com,Performance cookies,Speedcurve,JavaScript,bench_new_T3_101994,,,,http://www.CLIENT_X.com.pk/,New Third Party Trackers,,,,,
CLIENT_X.com.pk,Essential cookies,CLIENT_X - Pakistan,HTTP Cookie,bench_new_T3_102324,,393,TRUE,https://www.CLIENT_X.com.pk/,Existing CM Trackers-Found,,,,,
CLIENT_X.ro,Essential cookies (exempt from consent),CLIENT_X - Romania,HTTP Cookie,com.adobe.alloy.getTld,,,TRUE,http://www.CLIENT_X.com.pk/,Existing CM Trackers-Found,,,,,
CLIENT_X.com.ph,Essential cookies (exempt from consent),CLIENT_X - Philippines,HTTP Cookie,internalUserCheck,,bench_update_duration,TRUE,https://www.CLIENT_X.com.pk/,Existing CM Trackers-Found,,,,,
CLIENT_Xb2c.my.site.com,Performance cookies,"Salesforce.com, Inc.",Beacon,_ga_failed_lookup_marker_63_630,,,TRUE,https://www.CLIENT_X.com.pk/c-f/XC000001050/are-CLIENT_X-avent-cups-compatible-with-other-avent-products,Existing CM Trackers-Found,,,,,
*.mktoweb.com,Targeted Advertising cookies (including social media),Marketo,Local Storage,bench_new_T3_101330,,,,,Existing CM Trackers-Not Found,,,,,
tracker-detail-page.trustarc.com,Essential cookies,TrustArc,ETag,_ga_failed_lookup_marker_63_632,,,,https://www.CLIENT_X.com.pk/a-w/cookie-notice,New Third Party Trackers,,,,,
www.googletagmanager.com,Performance cookies,Google Inc.,JavaScript,bench_new_T3_101037,,,TRUE,http://www.CLIENT_X.com.pk/,Existing CM Trackers-Found,,,,,
doubleclick.net,Targeted Advertising cookies (including social media),Google Advertising Products,HTTP Cookie,bench_new_T3_101047,,0,TRUE,https://www.CLIENT_X.com.pk/,Existing CM Trackers-Found,,,,,
www.CLIENT_X.com.pk,Essential cookies,CLIENT_X - Pakistan,HTTP Cookie,bench_new_T3_102151,,1,,http://www.CLIENT_X.com.pk/,New First Party Trackers,,,,,
www.CLIENT_X.ru,Essential cookies (exempt from consent),CLIENT_X - Russia,HTTP Cookie,_schn2,,bench_update_duration,,https://www.CLIENT_X.com.pk/healthcare,Existing CM Trackers-Found,,,,,
www.CLIENT_X.com.pk,Essential cookies,CLIENT_X - Pakistan,HTTP Cookie,_ga_failed_lookup_marker_63_637,,,,,Existing CM Trackers-Not Found,,,,,
CLIENT_X.com,Essential cookies (exempt from consent),Koninklijke CLIENT_X N.V.,HTTP Cookie,internalUserCheck,,,,,Existing CM Trackers-Not Found,,,,,
ad.doubleclick.net,Targeted Advertising cookies (including social media),Google Advertising Products,Beacon,_ga_failed_lookup_marker_63_639,,,TRUE,http://www.CLIENT_X.com.pk/,Existing CM Trackers-Found,,,,,
www.CLIENT_X.com.pk,Essential cookies,CLIENT_X - Pakistan,HTTP Cookie,bench_new_T3_101903,,,,,Existing CM Trackers-Not Found,,,,,
w.usabilla.com,Performance cookies,GetFeedback,JavaScript,bench_new_T3_101620,,,,,Existing CM Trackers-Not Found,,,,,
www.lighting.CLIENT_X.com.pk,Essential cookies,Signify (formerly CLIENT_X Lighting),HTTP Cookie,bench_new_T3_102070,,,,,Existing CM Trackers-Not Found,,,,,
www.lighting.CLIENT_X.com,Performance cookies,Signify (formerly CLIENT_X Lighting),ETag,bench_new_T3_101488,,,,,Existing CM Trackers-Not Found,,,,,
CLIENT_X.com.pk,Essential cookies,CLIENT_X - Pakistan,HTTP Cookie,bench_new_T3_102120,,,,,Existing CM Trackers-Not Found,,,,,
www.ledsavingscalculator.CLIENT_X.co.uk,Performance cookies,Signify (formerly CLIENT_X Lighting),ETag,bench_new_T3_101012,,,,,Existing CM Trackers-Not Found,,,,,
lighting.CLIENT_X.com.pk,Essential cookies,Signify (formerly CLIENT_X Lighting),HTTP Cookie,bench_new_T3_101320,,,,,Existing CM Trackers-Not Found,,,,,
CLIENT_X.com.pk,Essential cookies,CLIENT_X - Pakistan,HTTP Cookie,bench_new_T3_101470,,0,TRUE,https://www.CLIENT_X.com.pk/,Existing CM Trackers-Found,,,,,
tag.demandbase.com,Targeted Advertising cookies (including social media),"Demandbase, Inc.",JavaScript,bench_new_T3_101171,,,TRUE,https://www.CLIENT_X.com.pk/a-w/cookie-notice,Existing CM Trackers-Found,,,,,
CLIENT_X.com.pk,Essential cookies,CLIENT_X - Pakistan,HTTP Cookie,bench_new_T3_101346,,,,,Existing CM Trackers-Not Found,,,,,
CLIENT_X.com.pk,Essential cookies,CLIENT_X - Pakistan,HTTP Cookie,bench_new_T3_101829,,,,,Existing CM Trackers-Not Found,,,,,
www.gstatic.com,Performance cookies,Google Inc.,JavaScript,bench_new_T3_101538,,,TRUE,https://www.CLIENT_X.com.pk/healthcare/articles/sleep-apnea-compliance,Existing CM Trackers-Found,,,,,
demdex.net,Targeted Advertising cookies (including social media),"Adobe Audience Manager, Adobe Experience Cloud",HTTP Cookie,bench_new_T3_101658,,,,,Existing CM Trackers-Not Found,,,,,
cdn.jsdelivr.net,Performance cookies,Volentio JSD Limited,ETag,bench_new_T3_102051,,,,,Existing CM Trackers-Not Found,,,,,
agent-versuni.mindtouch.us,Performance cookies,MindTouch,Beacon,bench_new_T3_101965,,,,https://www.CLIENT_X.com.pk/c-f/XC000021443/my-CLIENT_X-fan-makes-an-unusual-noise-when-oscillating,New Third Party Trackers,,,,,
www.CLIENT_X.com.pk,Essential cookies,CLIENT_X - Pakistan,JavaScript,bench_new_T3_101581,,,TRUE,http://www.CLIENT_X.com.pk/,Existing CM Trackers-Found,,,,,
CLIENT_X.com.pk,Essential cookies,CLIENT_X - Pakistan,HTTP Cookie,bench_new_T3_101865,,,,,Existing CM Trackers-Not Found,,,,,
*.t.eloqua.com,Performance cookies,Oracle Marketing,Beacon,bench_new_T3_101243,,,,https://www.CLIENT_X.com.pk/healthcare,New Third Party Trackers,,,,,
lighting.CLIENT_X.com.pk,Essential cookies,Signify (formerly CLIENT_X Lighting),HTTP Cookie,bench_new_T3_102217,,,,,Existing CM Trackers-Not Found,,,,,
linkedin.com,Targeted Advertising cookies (including social media),LinkedIn,HTTP Cookie,bench_new_T3_101929,,365,TRUE,https://www.CLIENT_X.com.pk/c-e/ho/cooking/airfryer-xxl,Existing CM Trackers-Found,,,,,
CLIENT_X.com.pk,Essential cookies,CLIENT_X - Pakistan,HTTP Cookie,bench_new_T3_102396,,,,,Existing CM Trackers-Not Found,,,,,
www.googletagmanager.com,Performance cookies,Google Inc.,Beacon,bench_new_T3_101761,,,TRUE,https://www.CLIENT_X.com.pk/c-e/au/car-lights/automotive-articles.html?npagination=104,Existing CM Trackers-Found,,,,,
youtube.com,Targeted Advertising cookies (including social media),Google Advertising Products,HTTP Cookie,_ga_failed_lookup_marker_63_662,,session,TRUE,https://www.CLIENT_X.com.pk/c-m-so/monitors,Existing CM Trackers-Found,,,,,
CLIENT_X.com.pk,Essential cookies,CLIENT_X - Pakistan,HTTP Cookie,bench_new_T3_101522,,400,TRUE,https://www.CLIENT_X.com.pk/,Existing CM Trackers-Found,,,,,
tracker-detail-page.trustarc.com,Essential cookies,TrustArc,ETag,bench_new_T3_101860,,,,https://www.CLIENT_X.com.pk/a-w/cookie-notice,New Third Party Trackers,,,,,
www.docs.lighting.CLIENT_X.com,Performance cookies,Signify (formerly CLIENT_X Lighting),JavaScript,bench_new_T3_101723,,,,,Existing CM Trackers-Not Found,,,,,
CLIENT_X.com.pk,Essential cookies,CLIENT_X - Pakistan,HTTP Cookie,bench_new_T3_101608,,,,https://www.CLIENT_X.com.pk/,Existing CM Trackers-Found,,,,,
casalemedia.com,Targeted Advertising cookies (including social media),Index Exchange Inc.,HTTP Cookie,bench_new_T3_102100,,365,TRUE,https://www.CLIENT_X.com.pk/a-w/cookie-notice.html,Existing CM Trackers-Found,,,,,
tr.snapchat.com,Targeted Advertising cookies (including social media),Snap Inc.,JavaScript,bench_new_T3_101433,,,TRUE,https://www.CLIENT_X.com.pk/c-f/XC000002428/how-to-clean-the-brush-of-my-CLIENT_X-vacuum-cleaner,Existing CM Trackers-Found,,,,,
images.CLIENT_X.com,Essential cookies,Koninklijke CLIENT_X N.V.,ETag,bench_new_T3_100858,,,TRUE,https://www.CLIENT_X.com.pk/c-p/00947033/gopure-selectfilter-plus-filter-for-car-air-purifier,Existing CM Trackers-Found,,,,,
www.lighting.CLIENT_X.com.pk,Essential cookies,Signify (formerly CLIENT_X Lighting),HTTP Cookie,bench_new_T3_101422,,,,,Existing CM Trackers-Not Found,,,,,
CLIENT_X.ch,Essential cookies (exempt from consent),CLIENT_X - Switzerland,HTTP Cookie,s_eVar44,,365,TRUE,http://www.CLIENT_X.com.pk/,Existing CM Trackers-Found,,,,,
CLIENT_Xb2c.my.site.com,Performance cookies,"Salesforce.com, Inc.",JavaScript,_ga_failed_lookup_marker_63_672,,,TRUE,https://www.CLIENT_X.com.pk/c-f/XC000001050/are-CLIENT_X-avent-cups-compatible-with-other-avent-products,Existing CM Trackers-Found,,,,,
code.jquery.com,Performance cookies,jQuery,JavaScript,bench_new_T3_102252,,,,,Existing CM Trackers-Not Found,,,,,
widget-cdn.janraincapture.com,Performance cookies,Akamai,JavaScript,bench_new_T3_102311,,,,,Existing CM Trackers-Not Found,,,,,
www.lighting.CLIENT_X.com.pk,Essential cookies,Signify (formerly CLIENT_X Lighting),HTTP Cookie,bench_new_T3_101122,,,,,Existing CM Trackers-Not Found,,,,,
www.subscription.CLIENT_X.es,Essential cookies (exempt from consent),CLIENT_X - Spain,HTTP Cookie,eddl_gtm_qe_session_start_6523424625,,bench_update_duration,,,Existing CM Trackers-Not Found,,,,,
www.googleapis.com,Performance cookies,Google Inc.,JavaScript,_ga_failed_lookup_marker_63_677,,,TRUE,https://www.CLIENT_X.com.pk/c-f/XC000021305/how-do-i-descale-my-CLIENT_X-garment-steamer-all-in-one-solution,Existing CM Trackers-Found,,,,,
CLIENT_X.com.ph,Essential cookies (exempt from consent),CLIENT_X - Philippines,HTTP Cookie,_gcl_au,,,TRUE,https://www.CLIENT_X.com.pk/c-e/au/car-lights/automotive-articles.html,Existing CM Trackers-Found,,,,,
CLIENT_X.com.pk,Essential cookies,CLIENT_X - Pakistan,HTTP Cookie,bench_new_T3_101128,,,,,Existing CM Trackers-Not Found,,,,,
lighting.CLIENT_X.com.pk,Essential cookies,Signify (formerly CLIENT_X Lighting),HTTP Cookie,bench_new_T3_101890,,,,,Existing CM Trackers-Not Found,,,,,
stats.g.doubleclick.net,Targeted Advertising cookies (including social media),Google Advertising Products,Beacon,bench_new_T3_101176,,,TRUE,http://www.CLIENT_X.com.pk/,Existing CM Trackers-Found,,,,,
consent.truste.com,Essential cookies,TrustArc,JavaScript,bench_new_T3_101262,,,,,Existing CM Trackers-Not Found,,,,,
img.youtube.com,Targeted Advertising cookies (including social media),Google Advertising Products,ETag,bench_new_T3_101075,,,,,Existing CM Trackers-Not Found,,,,,
consent-pref.trustarc.com,Essential cookies,TrustArc,JavaScript,bench_new_T3_102359,,,TRUE,https://www.CLIENT_X.com.pk/healthcare,Existing CM Trackers-Found,,,,,
lighting.CLIENT_X.com.pk,Essential cookies,Signify (formerly CLIENT_X Lighting),HTTP Cookie,bench_new_T3_101707,,,,,Existing CM Trackers-Not Found,,,,,
CLIENT_Xb2c.my.site.com,Performance cookies,"Salesforce.com, Inc.",Local Storage,bench_new_T3_101713,,,TRUE,https://www.CLIENT_X.com.pk/c-f/XC000001050/are-CLIENT_X-avent-cups-compatible-with-other-avent-products,Existing CM Trackers-Found,,,,,
www.CLIENT_X.nl,Essential cookies (exempt from consent),CLIENT_X - Netherlands,ETag,blank (etag),,,,,Existing CM Trackers-Not Found,,,,,
www.CLIENT_X.com.pk,Essential cookies,CLIENT_X - Pakistan,HTTP Cookie,bench_new_T3_100933,,,,,Existing CM Trackers-Not Found,,,,,
raw.githubusercontent.com,Performance cookies,GitHub Inc.,ETag,_ga_failed_lookup_marker_63_689,,,TRUE,https://www.CLIENT_X.com.pk/healthcare/about/distributors,Existing CM Trackers-Found,,,,,
connect.facebook.net,Targeted Advertising cookies (including social media),Meta (formerly Facebook),JavaScript,bench_new_T3_102045,,,TRUE,http://www.CLIENT_X.com.pk/,Existing CM Trackers-Found,,,,,
assets.adoberesources.net,Performance cookies,Adobe Inc.,JavaScript,bench_new_T3_101321,,,,,Existing CM Trackers-Not Found,,,,,
company-target.com,Targeted Advertising cookies (including social media),"Demandbase, Inc.",HTTP Cookie,bench_new_T3_102004,,396,TRUE,https://www.CLIENT_X.com.pk/a-w/cookie-notice.html,Existing CM Trackers-Found,,,,,
sc-static.net,Targeted Advertising cookies (including social media),Snap Inc.,HTTP Cookie,_ga_failed_lookup_marker_63_693,,1,TRUE,https://www.CLIENT_X.com.pk/c-e/ho/cooking/airfryer-xxl,Existing CM Trackers-Found,,,,,
www.CLIENT_X.com.hk,Essential cookies (exempt from consent),CLIENT_X - Hong Kong,HTTP Cookie,kampyle_userid,,bench_update_duration,,,Existing CM Trackers-Not Found,,,,,
casalemedia.com,Targeted Advertising cookies (including social media),Index Exchange Inc.,HTTP Cookie,bench_new_T3_101334,,90,TRUE,https://www.CLIENT_X.com.pk/a-w/cookie-notice.html,Existing CM Trackers-Found,,,,,
google.com,Performance cookies,Google Inc.,Local Storage,bench_new_T3_101780,,,TRUE,https://www.CLIENT_X.com.pk/healthcare/articles/sleep-apnea-compliance,Existing CM Trackers-Found,,,,,
lighting.CLIENT_X.com.pk,Essential cookies,Signify (formerly CLIENT_X Lighting),HTTP Cookie,bench_new_T3_101045,,,,,Existing CM Trackers-Not Found,,,,,
www.crsc.CLIENT_X.com,Targeted Advertising cookies (including social media),Koninklijke CLIENT_X N.V.,JavaScript,bench_new_T3_100985,,,TRUE,https://www.CLIENT_X.com.pk/c-e/au/motorcycle-lights/moto-selector-tool.html,Existing CM Trackers-Found,,,,,
CLIENT_Xb2c.my.site.com,Performance cookies,"Salesforce.com, Inc.",Beacon,bench_new_T3_100993,,,TRUE,https://www.CLIENT_X.com.pk/c-f/XC000001050/are-CLIENT_X-avent-cups-compatible-with-other-avent-products,Existing CM Trackers-Found,,,,,
CLIENT_Xtest.scene7.com,Performance cookies,Adobe Experience Cloud - Experience Manager,ETag,bench_new_T3_102350,,,,,Existing CM Trackers-Not Found,,,,,
smetrics.marketing.lighting.CLIENT_X.com,Targeted Advertising cookies (including social media),Koninklijke CLIENT_X N.V.,JavaScript,bench_new_T3_101196,,,,,Existing CM Trackers-Not Found,,,,,
www.CLIENT_X.com.pk,Performance cookies,CLIENT_X - Pakistan,HTTP Cookie,bench_new_T3_101064,,session,TRUE,http://www.CLIENT_X.com.pk/,Existing CM Trackers-Found,,,,,
www.CLIENT_X.com.pk,Essential cookies,CLIENT_X - Pakistan,HTTP Cookie,bench_new_T3_101198,,,,,Existing CM Trackers-Not Found,,,,,
www.CLIENT_X.com.pk,Essential cookies,CLIENT_X - Pakistan,HTTP Cookie,bench_new_T3_102363,,,,,Existing CM Trackers-Not Found,,,,,
www.lighting.CLIENT_X.com,Performance cookies,Signify (formerly CLIENT_X Lighting),JavaScript,bench_new_T3_101864,,,,,Existing CM Trackers-Not Found,,,,,
versuni.scene7.com,Performance cookies,Adobe Experience Cloud - Experience Manager,ETag,bench_new_T3_101163,,,,https://www.CLIENT_X.com.pk/c-f/XC000021994/how-to-clean-the-dust-bucket-and-filter-of-my-CLIENT_X-1000-series-bagless-vacuum-cleaner,New Third Party Trackers,,,,,
CLIENT_X.com.pk,Essential cookies,CLIENT_X - Pakistan,HTTP Cookie,bench_new_T3_100840,,,,,Existing CM Trackers-Not Found,,,,,
lighting.CLIENT_X.co.th,Essential cookies (exempt from consent),Signify (formerly CLIENT_X Lighting),HTTP Cookie,s_ppv,,bench_update_duration,,,Existing CM Trackers-Not Found,,,,,
www.googletagmanager.com,Performance cookies,Google Inc.,Beacon,bench_new_T3_101125,,,TRUE,https://www.CLIENT_X.com.pk/c-e/au/car-lights/automotive-articles.html?npagination=104,Existing CM Trackers-Found,,,,,
script.hotjar.com,Targeted Advertising cookies (including social media),Hotjar,ETag,bench_new_T3_101704,,,,,Existing CM Trackers-Not Found,,,,,
tracker-detail-page.trustarc.com,Essential cookies,TrustArc,ETag,bench_new_T3_101344,,,,https://www.CLIENT_X.com.pk/a-w/cookie-notice,New Third Party Trackers,,,,,
ajax.googleapis.com,Performance cookies,Google Inc.,JavaScript,_ga_failed_lookup_marker_63_712,,,,,Existing CM Trackers-Not Found,,,,,
CLIENT_X.com.tw,Essential cookies (exempt from consent),CLIENT_X - Taiwan,HTTP Cookie,s_cm,,bench_update_duration,,,Existing CM Trackers-Not Found,,,,,
CLIENT_X.com.pk,Essential cookies,CLIENT_X - Pakistan,HTTP Cookie,bench_new_T3_102105,,,,,Existing CM Trackers-Not Found,,,,,
c.amazon-adsystem.com,Targeted Advertising cookies (including social media),Amazon Ads,JavaScript,_ga_failed_lookup_marker_63_715,,,,,Existing CM Trackers-Not Found,,,,,
*.fls.doubleclick.net,Targeted Advertising cookies (including social media),Google Advertising Products,Beacon,bench_new_T3_101873,,,,,Existing CM Trackers-Not Found,,,,,
www.CLIENT_X.com.pk,Essential cookies,CLIENT_X - Pakistan,HTTP Cookie,bench_new_T3_101751,,6,,http://www.CLIENT_X.com.pk/,New First Party Trackers,,,,,
youtube.com,Targeted Advertising cookies (including social media),Google Advertising Products,HTTP Cookie,bench_new_T3_101315,,session,TRUE,https://www.CLIENT_X.com.pk/c-m-so/monitors,Existing CM Trackers-Found,,,,,
www.CLIENT_X.com.pk,Essential cookies,CLIENT_X - Pakistan,HTTP Cookie,bench_new_T3_102313,,,,,Existing CM Trackers-Not Found,,,,,
lighting.CLIENT_X.com.pk,Essential cookies,Signify (formerly CLIENT_X Lighting),HTTP Cookie,bench_new_T3_100876,,,,,Existing CM Trackers-Not Found,,,,,
ssl-static.janraincapture.com,Performance cookies,Akamai,JavaScript,bench_new_T3_101678,,,,,Existing CM Trackers-Not Found,,,,,
youtube.com,Targeted Advertising cookies (including social media),Google Advertising Products,HTTP Cookie,bench_new_T3_101653,,180,TRUE,https://www.CLIENT_X.com.pk/c-m-so/monitors,Existing CM Trackers-Found,,,,,
www.docs.lighting.CLIENT_X.com,Performance cookies,Signify (formerly CLIENT_X Lighting),ETag,_ga_failed_lookup_marker_63_723,,,,,Existing CM Trackers-Not Found,,,,,
www.googleadservices.com,Targeted Advertising cookies (including social media),Google Advertising Products,ETag,bench_new_T3_101288,,,,,Existing CM Trackers-Not Found,,,,,
www.lighting.CLIENT_X.com.pk,Essential cookies,Signify (formerly CLIENT_X Lighting),HTTP Cookie,_ga_failed_lookup_marker_63_725,,,,,Existing CM Trackers-Not Found,,,,,
www.googleadservices.com,Targeted Advertising cookies (including social media),Google Advertising Products,ETag,bench_new_T3_101183,,,,,Existing CM Trackers-Not Found,,,,,
www.CLIENT_X.com.pk,Essential cookies,CLIENT_X - Pakistan,HTTP Cookie,bench_new_T3_101410,,0,,http://www.CLIENT_X.com.pk/,New First Party Trackers,,,,,
www.googleadservices.com,Targeted Advertising cookies (including social media),Google Advertising Products,ETag,bench_new_T3_102231,,,,,Existing CM Trackers-Not Found,,,,,
www.assets.signify.com,Performance cookies,Signify (formerly CLIENT_X Lighting),ETag,bench_new_T3_102053,,,,,Existing CM Trackers-Not Found,,,,,
static.cloud.coveo.com,Targeted Advertising cookies (including social media),Coveo Solutions Inc.,ETag,bench_new_T3_102047,,,,,Existing CM Trackers-Not Found,,,,,
maps.googleapis.com,Performance cookies,Google Inc.,JavaScript,bench_new_T3_101443,,,TRUE,https://www.CLIENT_X.com.pk/c-m-au/car-lights/store-locator,Existing CM Trackers-Found,,,,,
www.CLIENT_X.com.pk,Essential cookies,CLIENT_X - Pakistan,HTTP Cookie,bench_new_T3_101502,,365,TRUE,http://www.CLIENT_X.com.pk/,Existing CM Trackers-Found,,,,,
www.googleadservices.com,Targeted Advertising cookies (including social media),Google Advertising Products,JavaScript,bench_new_T3_101085,,,,,Existing CM Trackers-Not Found,,,,,
CLIENT_X.com.pk,Essential cookies,CLIENT_X - Pakistan,HTTP Cookie,bench_new_T3_100898,,,,,Existing CM Trackers-Not Found,,,,,
www.lighting.CLIENT_X.com.pk,Essential cookies,Signify (formerly CLIENT_X Lighting),HTTP Cookie,_ga_failed_lookup_marker_63_735,,,,,Existing CM Trackers-Not Found,,,,,
CLIENT_X.com.pk,Essential cookies,CLIENT_X - Pakistan,HTTP Cookie,bench_new_T3_101587,,,,,Existing CM Trackers-Not Found,,,,,
CLIENT_X.com.pk,Essential cookies,CLIENT_X - Pakistan,HTTP Cookie,bench_new_T3_102287,,,,,Existing CM Trackers-Not Found,,,,,
www.lighting.CLIENT_X.com.pk,Essential cookies,Signify (formerly CLIENT_X Lighting),HTTP Cookie,bench_new_T3_101672,,,,,Existing CM Trackers-Not Found,,,,,
CLIENT_X.com.pk,Essential cookies,CLIENT_X - Pakistan,HTTP Cookie,bench_new_T3_101827,,session,TRUE,https://www.CLIENT_X.com.pk/,Existing CM Trackers-Found,,,,,
maps.googleapis.com,Performance cookies,Google Inc.,ETag,bench_new_T3_101855,,,TRUE,https://www.CLIENT_X.com.pk/c-m-au/car-lights/store-locator,Existing CM Trackers-Found,,,,,
CLIENT_X.com.mx,Essential cookies (exempt from consent),CLIENT_X - Mexico,HTTP Cookie,_clsk,,,TRUE,https://www.CLIENT_X.com.pk/c-f/XC000001050/are-CLIENT_X-avent-cups-compatible-with-other-avent-products,Existing CM Trackers-Found,,,,,
doubleclick.net,Targeted Advertising cookies (including social media),Google Advertising Products,HTTP Cookie,bench_new_T3_100854,,30,TRUE,https://www.CLIENT_X.com.pk/,Existing CM Trackers-Found,,,,,
linkedin.com,Targeted Advertising cookies (including social media),LinkedIn,HTTP Cookie,bench_new_T3_102242,,180,TRUE,https://www.CLIENT_X.com.pk/c-e/ho/cooking/airfryer-xxl,Existing CM Trackers-Found,,,,,
CLIENT_X.ma,Essential cookies (exempt from consent),CLIENT_X - Morocco,HTTP Cookie,zScalerUser,,bench_update_duration,,,Existing CM Trackers-Not Found,,,,,
static.hotjar.com,Performance cookies,Hotjar,JavaScript,bench_new_T3_101017,,,,,Existing CM Trackers-Not Found,,,,,
cdnjs.cloudflare.com,Performance cookies,Cloudflare,ETag,bench_new_T3_101242,,,,,Existing CM Trackers-Not Found,,,,,
CLIENT_X.com,Essential cookies (exempt from consent),Koninklijke CLIENT_X N.V.,HTTP Cookie,_scid_r,,bench_update_duration,,https://www.CLIENT_X.com.pk/c-m-so/monitors,New Third Party Trackers,,,,,
stats.g.doubleclick.net,Targeted Advertising cookies (including social media),Google Advertising Products,Beacon,bench_new_T3_102364,,,TRUE,http://www.CLIENT_X.com.pk/,Existing CM Trackers-Found,,,,,
*.fls.doubleclick.net,Targeted Advertising cookies (including social media),Google Advertising Products,Beacon,bench_new_T3_102248,,,,,Existing CM Trackers-Not Found,,,,,
CLIENT_Xb2c.my.site.com,Performance cookies,"Salesforce.com, Inc.",JavaScript,bench_new_T3_101438,,,TRUE,https://www.CLIENT_X.com.pk/c-f/XC000001050/are-CLIENT_X-avent-cups-compatible-with-other-avent-products,Existing CM Trackers-Found,,,,,
versuni.scene7.com,Performance cookies,Adobe Experience Cloud - Experience Manager,ETag,bench_new_T3_101632,,,,https://www.CLIENT_X.com.pk/c-f/XC000021994/how-to-clean-the-dust-bucket-and-filter-of-my-CLIENT_X-1000-series-bagless-vacuum-cleaner,New Third Party Trackers,,,,,
www.docs.lighting.CLIENT_X.com,Performance cookies,Signify (formerly CLIENT_X Lighting),ETag,bench_new_T3_101362,,,,,Existing CM Trackers-Not Found,,,,,
CLIENT_X.com.pk,Essential cookies,CLIENT_X - Pakistan,HTTP Cookie,bench_new_T3_100977,,400,TRUE,https://www.CLIENT_X.com.pk/,Existing CM Trackers-Found,,,,,
tremorhub.com,Targeted Advertising cookies (including social media),"Magnite CTV, Inc.",HTTP Cookie,_ga_failed_lookup_marker_63_754,,365,TRUE,https://www.CLIENT_X.com.pk/a-w/cookie-notice.html,Existing CM Trackers-Found,,,,,
www.lighting.CLIENT_X.com.pk,Essential cookies,Signify (formerly CLIENT_X Lighting),JavaScript,bench_new_T3_100872,,,,,Existing CM Trackers-Not Found,,,,,
CLIENT_X.ua,Essential cookies (exempt from consent),CLIENT_X - Ukraine,HTTP Cookie,_yi,,,TRUE,http://www.CLIENT_X.com.pk/,Existing CM Trackers-Found,,,,,
tag.demandbase.com,Targeted Advertising cookies (including social media),"Demandbase, Inc.",ETag,bench_new_T3_102266,,,TRUE,https://www.CLIENT_X.com.pk/a-w/cookie-notice,Existing CM Trackers-Found,,,,,
static.cloud.coveo.com,Targeted Advertising cookies (including social media),Coveo Solutions Inc.,JavaScript,bench_new_T3_101229,,,,,Existing CM Trackers-Not Found,,,,,
lighting.CLIENT_X.com.pk,Essential cookies,Signify (formerly CLIENT_X Lighting),Local Storage,bench_new_T3_100838,,,,,Existing CM Trackers-Not Found,,,,,
cdn.jsdelivr.net,Performance cookies,Volentio JSD Limited,ETag,bench_new_T3_101463,,,,,Existing CM Trackers-Not Found,,,,,
www.CLIENT_X.com.pk,Performance cookies,CLIENT_X - Pakistan,HTTP Cookie,bench_new_T3_101309,,session,TRUE,http://www.CLIENT_X.com.pk/,Existing CM Trackers-Found,,,,,
CLIENT_X.112.2o7.net,Performance cookies,"Adobe Audience Manager, Adobe Experience Cloud",HTTP Cookie,bench_new_T3_101417,,400,,https://www.CLIENT_X.com.pk/,New Third Party Trackers,,,,,
www.google.com,Targeted Advertising cookies (including social media),Google Inc.,JavaScript,_ga_failed_lookup_marker_63_763,,,TRUE,https://www.CLIENT_X.com.pk/healthcare/articles/sleep-apnea-compliance,Existing CM Trackers-Found,,,,,
www.assets.lighting.CLIENT_X.com,Performance cookies,Signify (formerly CLIENT_X Lighting),ETag,bench_new_T3_101933,,,,,Existing CM Trackers-Not Found,,,,,
CLIENT_X.com.pk,Essential cookies,CLIENT_X - Pakistan,HTTP Cookie,bench_new_T3_101454,,400,TRUE,https://www.CLIENT_X.com.pk/,Existing CM Trackers-Found,,,,,
lighting.CLIENT_X.com.pk,Essential cookies,Signify (formerly CLIENT_X Lighting),HTTP Cookie,bench_new_T3_102072,,,,,Existing CM Trackers-Not Found,,,,,
www.CLIENT_X.com.pk,Essential cookies,CLIENT_X - Pakistan,HTTP Cookie,bench_new_T3_101568,,,,,Existing CM Trackers-Not Found,,,,,
www.lighting.CLIENT_X.com.pk,Essential cookies,Signify (formerly CLIENT_X Lighting),HTTP Cookie,bench_new_T3_102125,,,,,Existing CM Trackers-Not Found,,,,,
beacon.speedcurve.com,Performance cookies,Speedcurve,Beacon,bench_new_T3_101642,,,,https://www.CLIENT_X.com.pk/c-e/au/car-lights/automotive-articles.html?npagination=167,New Third Party Trackers,,,,,
CLIENT_X.com.pk,Performance cookies,CLIENT_X - Pakistan,HTTP Cookie,bench_new_T3_100889,,,,,Existing CM Trackers-Not Found,,,,,
www.CLIENT_X.com.pk,Essential cookies,CLIENT_X - Pakistan,HTTP Cookie,bench_new_T3_101035,,365,TRUE,http://www.CLIENT_X.com.pk/,Existing CM Trackers-Found,,,,,
www.gearselectiontool.lighting.CLIENT_X.com,Performance cookies,Signify (formerly CLIENT_X Lighting),JavaScript,_ga_failed_lookup_marker_63_772,,,,,Existing CM Trackers-Not Found,,,,,
www.google.com,Essential cookies,Google Inc.,HTTP Cookie,bench_new_T3_101105,,179,TRUE,https://www.CLIENT_X.com.pk/healthcare/articles/sleep-apnea-compliance,Existing CM Trackers-Found,,,,,
pages.information.signify.com,Performance cookies,Signify (formerly CLIENT_X Lighting),ETag,bench_new_T3_101397,,,,,Existing CM Trackers-Not Found,,,,,
www.CLIENT_X.com.pk,Essential cookies,CLIENT_X - Pakistan,HTTP Cookie,bench_new_T3_101366,,session,TRUE,http://www.CLIENT_X.com.pk/,Existing CM Trackers-Found,,,,,
www.CLIENT_X.com.pk,Essential cookies,CLIENT_X - Pakistan,HTTP Cookie,bench_new_T3_102352,,session,,http://www.CLIENT_X.com.pk/,New First Party Trackers,,,,,
www.docs.lighting.CLIENT_X.com,Performance cookies,Signify (formerly CLIENT_X Lighting),ETag,bench_new_T3_101872,,,,,Existing CM Trackers-Not Found,,,,,
CLIENT_X.com,Essential cookies,Koninklijke CLIENT_X N.V.,HTTP Cookie,bench_new_T3_100910,,,,,Existing CM Trackers-Not Found,,,,,
lighting.CLIENT_X.com.pk,Essential cookies,Signify (formerly CLIENT_X Lighting),HTTP Cookie,bench_new_T3_100887,,,,,Existing CM Trackers-Not Found,,,,,
www.google.com,Essential cookies,Google Inc.,HTTP Cookie,bench_new_T3_100897,,179,TRUE,https://www.CLIENT_X.com.pk/healthcare/articles/sleep-apnea-compliance,Existing CM Trackers-Found,,,,,
munchkin.marketo.net,Targeted Advertising cookies (including social media),Marketo,ETag,bench_new_T3_101278,,,,,Existing CM Trackers-Not Found,,,,,
www.lampreplacementtool.CLIENT_X.com,Essential cookies,Koninklijke CLIENT_X N.V.,ETag,bench_new_T3_101720,,,,,Existing CM Trackers-Not Found,,,,,
CLIENT_X.com.pk,Essential cookies,CLIENT_X - Pakistan,HTTP Cookie,bench_new_T3_102029,,,,,Existing CM Trackers-Not Found,,,,,
www.CLIENT_X.com.pk,Essential cookies,CLIENT_X - Pakistan,HTTP Cookie,bench_new_T3_101507,,0,,http://www.CLIENT_X.com.pk/,New First Party Trackers,,,,,
pages.information.signify.com,Performance cookies,Signify (formerly CLIENT_X Lighting),HTTP Cookie,bench_new_T3_101336,,,,,Existing CM Trackers-Not Found,,,,,
CLIENT_X.com.mx,Essential cookies (exempt from consent),CLIENT_X - Mexico,HTTP Cookie,_ym_d,,bench_update_duration,,,Existing CM Trackers-Not Found,,,,,
munchkin.marketo.net,Targeted Advertising cookies (including social media),Marketo,JavaScript,bench_new_T3_101685,,,,,Existing CM Trackers-Not Found,,,,,
dpm.demdex.net,Targeted Advertising cookies (including social media),"Adobe Audience Manager, Adobe Experience Cloud",Beacon,bench_new_T3_101445,,,,,Existing CM Trackers-Not Found,,,,,
CLIENT_Xgb.api.useinsider.com,Targeted Advertising Cookies (including social media) [Requires consent],Insider,JavaScript,-,,bench_update_duration,TRUE,http://www.CLIENT_X.com.pk/,Existing CM Trackers-Found,,,,,
company-target.com,Targeted Advertising cookies (including social media),"Demandbase, Inc.",HTTP Cookie,bench_new_T3_102205,,396,TRUE,https://www.CLIENT_X.com.pk/a-w/cookie-notice.html,Existing CM Trackers-Found,,,,,
www.CLIENT_X.com.pk,Essential cookies,CLIENT_X - Pakistan,JavaScript,bench_new_T3_101975,,,TRUE,http://www.CLIENT_X.com.pk/,Existing CM Trackers-Found,,,,,
www.lighting.CLIENT_X.com.pk,Essential cookies,Signify (formerly CLIENT_X Lighting),HTTP Cookie,bench_new_T3_102285,,,,,Existing CM Trackers-Not Found,,,,,
*.mktoweb.com,Targeted Advertising cookies (including social media),Marketo,Local Storage,bench_new_T3_100823,,,,,Existing CM Trackers-Not Found,,,,,
www.CLIENT_X.com,Essential cookies,Koninklijke CLIENT_X N.V.,ETag,bench_new_T3_101949,,,TRUE,https://www.CLIENT_X.com.pk/c-e/au/car-lights/automotive-articles.html,Existing CM Trackers-Found,,,,,
*.t.eloqua.com,Performance cookies,Oracle Marketing,JavaScript,_ga_failed_lookup_marker_63_795,,,,https://www.CLIENT_X.com.pk/healthcare,Existing CM Trackers-Found,,,,,
www.crsc.lighting.CLIENT_X.com,Performance cookies,Signify (formerly CLIENT_X Lighting),JavaScript,_ga_failed_lookup_marker_63_796,,,,,Existing CM Trackers-Not Found,,,,,
CLIENT_Xtest.scene7.com,Performance cookies,Adobe Experience Cloud - Experience Manager,ETag,bench_new_T3_101246,,,,,Existing CM Trackers-Not Found,,,,,
www.CLIENT_X.com.pk,Essential cookies,CLIENT_X - Pakistan,HTTP Cookie,bench_new_T3_101258,,0,,http://www.CLIENT_X.com.pk/,New First Party Trackers,,,,,
ssl-static.janraincapture.com,Performance cookies,Akamai,JavaScript,bench_new_T3_101781,,,,,Existing CM Trackers-Not Found,,,,,
www.CLIENT_X.com.pk,Essential cookies,CLIENT_X - Pakistan,HTTP Cookie,bench_new_T3_101323,,365,TRUE,http://www.CLIENT_X.com.pk/,Existing CM Trackers-Found,,,,,
www.CLIENT_X.com.pk,Essential cookies,CLIENT_X - Pakistan,HTTP Cookie,bench_new_T3_101578,,365,TRUE,http://www.CLIENT_X.com.pk/,Existing CM Trackers-Found,,,,,
www.CLIENT_X.com.pk,Essential cookies,CLIENT_X - Pakistan,ETag,bench_new_T3_101115,,,TRUE,http://www.CLIENT_X.com.pk/,Existing CM Trackers-Found,,,,,
CLIENT_X.com.pk,Essential cookies,CLIENT_X - Pakistan,HTTP Cookie,bench_new_T3_100974,,session,TRUE,https://www.CLIENT_X.com.pk/,Existing CM Trackers-Found,,,,,
www.CLIENT_X.com.pk,Essential cookies,CLIENT_X - Pakistan,HTTP Cookie,bench_new_T3_101232,,,,,Existing CM Trackers-Not Found,,,,,
CLIENT_X.com.pk,Essential cookies,CLIENT_X - Pakistan,Local Storage,bench_new_T3_102037,,,TRUE,https://www.CLIENT_X.com.pk/c-f/XC000001050/are-CLIENT_X-avent-cups-compatible-with-other-avent-products,Existing CM Trackers-Found,,,,,
CLIENT_X.com.pk,Essential cookies,CLIENT_X - Pakistan,HTTP Cookie,_ga_failed_lookup_marker_63_806,,400,,https://www.CLIENT_X.com.pk/,New First Party Trackers,,,,,
www.lightset-creator.lighting.CLIENT_X.com,Performance Cookies [Requires consent],Signify (formerly CLIENT_X Lighting),ETag,-,,bench_update_duration,,,Existing CM Trackers-Not Found,,,,,
www.googleadservices.com,Targeted Advertising cookies (including social media),Google Advertising Products,JavaScript,_ga_failed_lookup_marker_63_808,,,,,Existing CM Trackers-Not Found,,,,,
pages.information.signify.com,Performance cookies,Signify (formerly CLIENT_X Lighting),JavaScript,bench_new_T3_101768,,,,,Existing CM Trackers-Not Found,,,,,
www.googleadservices.com,Targeted Advertising cookies (including social media),Google Advertising Products,JavaScript,bench_new_T3_101609,,,,,Existing CM Trackers-Not Found,,,,,
ssl-static.janraincapture.com,Performance cookies,Akamai,JavaScript,bench_new_T3_101479,,,,,Existing CM Trackers-Not Found,,,,,
cdnjs.cloudflare.com,Performance cookies,Cloudflare,ETag,bench_new_T3_101943,,,,,Existing CM Trackers-Not Found,,,,,
lighting.CLIENT_X.com.pk,Essential cookies,Signify (formerly CLIENT_X Lighting),HTTP Cookie,bench_new_T3_102192,,,,,Existing CM Trackers-Not Found,,,,,
cdnjs.cloudflare.com,Performance cookies,Cloudflare,ETag,bench_new_T3_101652,,,,,Existing CM Trackers-Not Found,,,,,
CLIENT_X.com.pk,Essential cookies (exempt from consent),CLIENT_X - Pakistan,HTTP Cookie,_gid,,,,https://www.CLIENT_X.com.pk/c-f/XC000001050/are-CLIENT_X-avent-cups-compatible-with-other-avent-products,New Third Party Trackers,,,,,
CLIENT_X.com.pk,Essential cookies,CLIENT_X - Pakistan,HTTP Cookie,bench_new_T3_101100,,,,https://www.CLIENT_X.com.pk/,Existing CM Trackers-Found,,,,,
www.CLIENT_X.com.pk,Essential cookies,CLIENT_X - Pakistan,HTTP Cookie,bench_new_T3_101869,,365,TRUE,http://www.CLIENT_X.com.pk/,Existing CM Trackers-Found,,,,,
CLIENT_Xb2c.my.site.com,Performance cookies,"Salesforce.com, Inc.",Local Storage,bench_new_T3_102078,,,TRUE,https://www.CLIENT_X.com.pk/c-f/XC000001050/are-CLIENT_X-avent-cups-compatible-with-other-avent-products,Existing CM Trackers-Found,,,,,
nebula-cdn.kampyle.com,Performance cookies,Medallia,ETag,bench_new_T3_102322,,,TRUE,http://www.CLIENT_X.com.pk/,Existing CM Trackers-Found,,,,,
www.lighting.CLIENT_X.com.pk,Essential cookies,Signify (formerly CLIENT_X Lighting),HTTP Cookie,bench_new_T3_102292,,,,,Existing CM Trackers-Not Found,,,,,
*.en25.com,Targeted Advertising cookies (including social media),Oracle Marketing,JavaScript,bench_new_T3_101448,,,,https://www.CLIENT_X.com.pk/healthcare,Existing CM Trackers-Found,,,,,
www.googleadservices.com,Targeted Advertising cookies (including social media),Google Advertising Products,JavaScript,_ga_failed_lookup_marker_63_822,,,,,Existing CM Trackers-Not Found,,,,,
www.lighting.CLIENT_X.com.pk,Essential cookies,Signify (formerly CLIENT_X Lighting),HTTP Cookie,bench_new_T3_101953,,,,,Existing CM Trackers-Not Found,,,,,
assets.adobedtm.com,Performance cookies,Adobe Inc.,ETag,_ga_failed_lookup_marker_63_824,,,,,Existing CM Trackers-Not Found,,,,,
www.CLIENT_X.com.pk,Essential cookies,CLIENT_X - Pakistan,HTTP Cookie,bench_new_T3_102383,,,,,Existing CM Trackers-Not Found,,,,,
CLIENT_X.com,Essential cookies,Koninklijke CLIENT_X N.V.,HTTP Cookie,bench_new_T3_102089,,,,,Existing CM Trackers-Not Found,,,,,
assets.adoberesources.net,Performance cookies,Adobe Inc.,JavaScript,_ga_failed_lookup_marker_63_827,,,,,Existing CM Trackers-Not Found,,,,,
lighting.CLIENT_X.com.pk,Essential cookies,Signify (formerly CLIENT_X Lighting),HTTP Cookie,bench_new_T3_101097,,,,,Existing CM Trackers-Not Found,,,,,
www.assets.lighting.CLIENT_X.com,Performance cookies,Signify (formerly CLIENT_X Lighting),ETag,bench_new_T3_101741,,,,,Existing CM Trackers-Not Found,,,,,
www.lighting.CLIENT_X.com.pk,Essential cookies,Signify (formerly CLIENT_X Lighting),ETag,bench_new_T3_101776,,,,,Existing CM Trackers-Not Found,,,,,
tracker-detail-page.trustarc.com,Essential cookies,TrustArc,JavaScript,bench_new_T3_101572,,,,https://www.CLIENT_X.com.pk/a-w/cookie-notice,New Third Party Trackers,,,,,
doubleclick.net,Targeted Advertising cookies (including social media),Google Advertising Products,HTTP Cookie,bench_new_T3_100850,,,,,Existing CM Trackers-Not Found,,,,,
CLIENT_X.com.pk,Essential cookies,CLIENT_X - Pakistan,HTTP Cookie,bench_new_T3_100940,,,,,Existing CM Trackers-Not Found,,,,,
www.docs.lighting.CLIENT_X.com,Performance cookies,Signify (formerly CLIENT_X Lighting),ETag,_ga_failed_lookup_marker_63_834,,,,,Existing CM Trackers-Not Found,,,,,
img.en25.com,Performance cookies,Oracle Marketing,JavaScript,bench_new_T3_101011,,,,https://www.CLIENT_X.com.pk/healthcare,New Third Party Trackers,,,,,
CLIENT_X.com.gh,Essential cookies (exempt from consent),CLIENT_X - Ghana,HTTP Cookie,at_check,,,,,Existing CM Trackers-Not Found,,,,,
company-target.com,Targeted Advertising cookies (including social media),"Demandbase, Inc.",HTTP Cookie,bench_new_T3_102293,,396,TRUE,https://www.CLIENT_X.com.pk/a-w/cookie-notice.html,Existing CM Trackers-Found,,,,,
CLIENT_X.com.pk,Essential cookies,CLIENT_X - Pakistan,HTTP Cookie,bench_new_T3_101000,,400,,https://www.CLIENT_X.com.pk/,New First Party Trackers,,,,,
assets.adoberesources.net,Performance cookies,Adobe Inc.,JavaScript,bench_new_T3_102226,,,,,Existing CM Trackers-Not Found,,,,,
CLIENT_Xlighting.d3.sc.omtrdc.net,Performance cookies,"Adobe Audience Manager, Adobe Experience Cloud",JavaScript,bench_new_T3_101574,,,,,Existing CM Trackers-Not Found,,,,,
CLIENT_X.com.pk,Performance cookies,CLIENT_X - Pakistan,HTTP Cookie,bench_new_T3_101583,,0,TRUE,https://www.CLIENT_X.com.pk/,Existing CM Trackers-Found,,,,,
www.ledsavingscalculator.CLIENT_X.co.uk,Performance cookies,Signify (formerly CLIENT_X Lighting),ETag,bench_new_T3_102330,,,,,Existing CM Trackers-Not Found,,,,,
tremorhub.com,Targeted Advertising cookies (including social media),"Magnite CTV, Inc.",HTTP Cookie,bench_new_T3_102240,,365,TRUE,https://www.CLIENT_X.com.pk/a-w/cookie-notice.html,Existing CM Trackers-Found,,,,,
lighting.CLIENT_X.com.pk,Essential cookies,Signify (formerly CLIENT_X Lighting),HTTP Cookie,bench_new_T3_101440,,,,,Existing CM Trackers-Not Found,,,,,
www.accounts.CLIENT_X.com,Essential cookies,Koninklijke CLIENT_X N.V.,JavaScript,bench_new_T3_102301,,,,,Existing CM Trackers-Not Found,,,,,
CLIENT_X.com.pk,Essential cookies,CLIENT_X - Pakistan,HTTP Cookie,bench_new_T3_100965,,0,TRUE,https://www.CLIENT_X.com.pk/,Existing CM Trackers-Found,,,,,
www.gearselectiontool.lighting.CLIENT_X.com,Performance cookies,Signify (formerly CLIENT_X Lighting),JavaScript,bench_new_T3_100813,,,,,Existing CM Trackers-Not Found,,,,,
lighting.CLIENT_X.com.pk,Essential cookies,Signify (formerly CLIENT_X Lighting),HTTP Cookie,bench_new_T3_102274,,,,,Existing CM Trackers-Not Found,,,,,
versuni.scene7.com,Performance cookies,Adobe Experience Cloud - Experience Manager,JavaScript,bench_new_T3_101686,,,,https://www.CLIENT_X.com.pk/c-f/XC000021994/how-to-clean-the-dust-bucket-and-filter-of-my-CLIENT_X-1000-series-bagless-vacuum-cleaner,New Third Party Trackers,,,,,
www.CLIENT_X.com.pk,Essential cookies,CLIENT_X - Pakistan,HTTP Cookie,bench_new_T3_101705,,0,,http://www.CLIENT_X.com.pk/,New First Party Trackers,,,,,
CLIENT_Xb2c.my.site.com,Performance cookies,"Salesforce.com, Inc.",JavaScript,bench_new_T3_102348,,,TRUE,https://www.CLIENT_X.com.pk/c-f/XC000001050/are-CLIENT_X-avent-cups-compatible-with-other-avent-products,Existing CM Trackers-Found,,,,,
acc.usa.CLIENT_X.com,Essential cookies (exempt from consent),Koninklijke CLIENT_X N.V.,HTTP Cookie,ws-id,,,,,Existing CM Trackers-Not Found,,,,,
versuni.scene7.com,Performance cookies,Adobe Experience Cloud - Experience Manager,ETag,bench_new_T3_101738,,,,https://www.CLIENT_X.com.pk/c-f/XC000021994/how-to-clean-the-dust-bucket-and-filter-of-my-CLIENT_X-1000-series-bagless-vacuum-cleaner,New Third Party Trackers,,,,,
CLIENT_X.com.pk,Essential cookies,CLIENT_X - Pakistan,HTTP Cookie,bench_new_T3_101304,,400,TRUE,https://www.CLIENT_X.com.pk/,Existing CM Trackers-Found,,,,,
www.CLIENT_X.com.pk,Essential cookies,CLIENT_X - Pakistan,JavaScript,bench_new_T3_101092,,,TRUE,http://www.CLIENT_X.com.pk/,Existing CM Trackers-Found,,,,,
doubleclick.net,Targeted Advertising cookies (including social media),Google Advertising Products,HTTP Cookie,bench_new_T3_102219,,30,TRUE,https://www.CLIENT_X.com.pk/,Existing CM Trackers-Found,,,,,
www.lighting.CLIENT_X.com.tw,Essential cookies (exempt from consent),Signify (formerly CLIENT_X Lighting),HTTP Cookie,customer_country,,bench_update_duration,,,Existing CM Trackers-Not Found,,,,,
www.google.com,Targeted Advertising cookies (including social media),Google Inc.,JavaScript,_ga_failed_lookup_marker_63_858,,,TRUE,https://www.CLIENT_X.com.pk/healthcare/articles/sleep-apnea-compliance,Existing CM Trackers-Found,,,,,
CLIENT_X.com.pk,Essential cookies,CLIENT_X - Pakistan,HTTP Cookie,bench_new_T3_100865,,,,https://www.CLIENT_X.com.pk/,Existing CM Trackers-Found,,,,,
tremorhub.com,Targeted Advertising cookies (including social media),"Magnite CTV, Inc.",HTTP Cookie,bench_new_T3_100859,,365,TRUE,https://www.CLIENT_X.com.pk/a-w/cookie-notice.html,Existing CM Trackers-Found,,,,,
CLIENT_X.com.pk,Essential cookies,CLIENT_X - Pakistan,HTTP Cookie,bench_new_T3_101256,,,,,Existing CM Trackers-Not Found,,,,,
consent-st.trustarc.com,Essential cookies,TrustArc,JavaScript,bench_new_T3_100989,,,TRUE,https://www.CLIENT_X.com.pk/healthcare,Existing CM Trackers-Found,,,,,
www.respirtech.com,Essential cookies (exempt from consent),RespirTech,HTTP Cookie,__attentive_ss_referrer,,bench_update_duration,,https://www.CLIENT_X.com.pk/,New First Party Trackers,,,,,
CLIENT_X.com.pk,Essential cookies,CLIENT_X - Pakistan,HTTP Cookie,bench_new_T3_102057,,,,,Existing CM Trackers-Not Found,,,,,
CLIENT_X.com.pk,Essential cookies,CLIENT_X - Pakistan,HTTP Cookie,bench_new_T3_101681,,,,,Existing CM Trackers-Not Found,,,,,
www.lighting.CLIENT_X.com.pk,Essential cookies,Signify (formerly CLIENT_X Lighting),HTTP Cookie,bench_new_T3_100941,,,,,Existing CM Trackers-Not Found,,,,,
CLIENT_X.com.pk,Essential cookies,CLIENT_X - Pakistan,HTTP Cookie,bench_new_T3_101880,,400,TRUE,https://www.CLIENT_X.com.pk/,Existing CM Trackers-Found,,,,,
www.lighting.CLIENT_X.com.pk,Essential cookies,Signify (formerly CLIENT_X Lighting),HTTP Cookie,bench_new_T3_101724,,,,,Existing CM Trackers-Not Found,,,,,
static.hotjar.com,Performance cookies,Hotjar,JavaScript,bench_new_T3_101646,,,,,Existing CM Trackers-Not Found,,,,,
www.gearselectiontool.lighting.CLIENT_X.com,Performance cookies,Signify (formerly CLIENT_X Lighting),ETag,bench_new_T3_101066,,,,,Existing CM Trackers-Not Found,,,,,
CLIENT_X.com.pk,Essential cookies,CLIENT_X - Pakistan,HTTP Cookie,bench_new_T3_101273,,0,TRUE,https://www.CLIENT_X.com.pk/,Existing CM Trackers-Found,,,,,
CLIENT_X.com.qa,Essential cookies (exempt from consent),CLIENT_X - Qatar,HTTP Cookie,_gid,,,,,Existing CM Trackers-Not Found,,,,,
consent-pref.trustarc.com,Essential cookies,TrustArc,Local Storage,bench_new_T3_101234,,,TRUE,https://www.CLIENT_X.com.pk/healthcare,Existing CM Trackers-Found,,,,,
www.gstatic.com,Performance cookies,Google Inc.,JavaScript,bench_new_T3_101400,,,TRUE,https://www.CLIENT_X.com.pk/healthcare/articles/sleep-apnea-compliance,Existing CM Trackers-Found,,,,,
www.youtube.com,Targeted Advertising cookies (including social media),Google Advertising Products,JavaScript,bench_new_T3_100886,,,TRUE,https://www.CLIENT_X.com.pk/c-f/XC000004492/how-do-i-get-the-best-results-with-my-CLIENT_X-shaver,Existing CM Trackers-Found,,,,,
CLIENT_X.com.pe,Essential cookies (exempt from consent),CLIENT_X - Peru,HTTP Cookie,_mkto_trk,,bench_update_duration,,http://www.CLIENT_X.com.pk/,New First Party Trackers,,,,,
eloqua.com,Targeted Advertising cookies (including social media),Oracle Marketing,HTTP Cookie,bench_new_T3_100915,,393,TRUE,https://www.CLIENT_X.com.pk/healthcare,Existing CM Trackers-Found,,,,,
www.googletagmanager.com,Performance cookies,Google Inc.,JavaScript,_ga_failed_lookup_marker_63_878,,,TRUE,http://www.CLIENT_X.com.pk/,Existing CM Trackers-Found,,,,,
www.lighting.CLIENT_X.at,Essential cookies (exempt from consent),Signify (formerly CLIENT_X Lighting),HTTP Cookie,AWSELB,,bench_update_duration,TRUE,https://www.CLIENT_X.com.pk/c-m-so/monitors,Existing CM Trackers-Found,,,,,
tag.demandbase.com,Targeted Advertising cookies (including social media),"Demandbase, Inc.",ETag,bench_new_T3_100883,,,TRUE,https://www.CLIENT_X.com.pk/a-w/cookie-notice,Existing CM Trackers-Found,,,,,
linkedin.com,Targeted Advertising cookies (including social media),LinkedIn,HTTP Cookie,_ga_failed_lookup_marker_63_881,,180,TRUE,https://www.CLIENT_X.com.pk/c-e/ho/cooking/airfryer-xxl,Existing CM Trackers-Found,,,,,
CLIENT_X.com.pk,Essential cookies,CLIENT_X - Pakistan,HTTP Cookie,bench_new_T3_101356,,0,TRUE,https://www.CLIENT_X.com.pk/,Existing CM Trackers-Found,,,,,
lighting.CLIENT_X.com.pk,Essential cookies,Signify (formerly CLIENT_X Lighting),HTTP Cookie,_ga_failed_lookup_marker_63_883,,,,,Existing CM Trackers-Not Found,,,,,
CLIENT_X.com.pk,Essential cookies,CLIENT_X - Pakistan,HTTP Cookie,bench_new_T3_101376,,session,TRUE,https://www.CLIENT_X.com.pk/,Existing CM Trackers-Found,,,,,
CLIENT_X.nl,Essential cookies (exempt from consent),CLIENT_X - Netherlands,HTTP Cookie,_fbp,,0,TRUE,https://www.CLIENT_X.com.pk/,Existing CM Trackers-Found,,,,,
www.ledsavingscalculator.CLIENT_X.co.uk,Performance cookies,Signify (formerly CLIENT_X Lighting),ETag,_ga_failed_lookup_marker_63_886,,,,,Existing CM Trackers-Not Found,,,,,
CLIENT_X.com.pk,Essential cookies,CLIENT_X - Pakistan,HTTP Cookie,bench_new_T3_101592,,session,TRUE,https://www.CLIENT_X.com.pk/,Existing CM Trackers-Found,,,,,
CLIENT_Xb2c.my.site.com,Performance cookies,"Salesforce.com, Inc.",Local Storage,bench_new_T3_101585,,,TRUE,https://www.CLIENT_X.com.pk/c-f/XC000001050/are-CLIENT_X-avent-cups-compatible-with-other-avent-products,Existing CM Trackers-Found,,,,,
google.com,Performance cookies,Google Inc.,Local Storage,bench_new_T3_102316,,,TRUE,https://www.CLIENT_X.com.pk/healthcare/articles/sleep-apnea-compliance,Existing CM Trackers-Found,,,,,
munchkin.marketo.net,Targeted Advertising cookies (including social media),Marketo,JavaScript,bench_new_T3_102166,,,,,Existing CM Trackers-Not Found,,,,,
respirtech.com,Essential cookies (exempt from consent),RespirTech,HTTP Cookie,__utma,,bench_update_duration,,https://www.CLIENT_X.com.pk/healthcare,New Third Party Trackers,,,,,
CLIENT_X.jo,Essential cookies (exempt from consent),CLIENT_X - Jordan,HTTP Cookie,FPID,,bench_update_duration,TRUE,https://www.CLIENT_X.com.pk/c-m-so/monitors,Existing CM Trackers-Found,,,,,
CLIENT_X.fi,Essential cookies (exempt from consent),CLIENT_X - Finland,HTTP Cookie,_gid,,bench_update_duration,,http://www.CLIENT_X.com.pk/,New First Party Trackers,,,,,
www.lighting.CLIENT_X.com.pk,Essential cookies,Signify (formerly CLIENT_X Lighting),HTTP Cookie,bench_new_T3_101602,,,,,Existing CM Trackers-Not Found,,,,,
www.google.com,Essential cookies,Google Inc.,HTTP Cookie,bench_new_T3_101525,,179,TRUE,https://www.CLIENT_X.com.pk/healthcare/articles/sleep-apnea-compliance,Existing CM Trackers-Found,,,,,
CLIENT_X.com.pk,Essential cookies,CLIENT_X - Pakistan,HTTP Cookie,_ga_failed_lookup_marker_63_896,,60,TRUE,https://www.CLIENT_X.com.pk/,Existing CM Trackers-Found,,,,,
snap.licdn.com,Performance cookies,LinkedIn,JavaScript,_ga_failed_lookup_marker_63_897,,,TRUE,https://www.CLIENT_X.com.pk/c-e/ho/cooking/airfryer-xxl,Existing CM Trackers-Found,,,,,
www.lighting.CLIENT_X.com.my,Essential cookies (exempt from consent),Signify (formerly CLIENT_X Lighting),HTTP Cookie,s_mc,,bench_update_duration,TRUE,https://www.CLIENT_X.com.pk/healthcare,Existing CM Trackers-Found,,,,,
CLIENT_X.co.uk,Essential cookies (exempt from consent),CLIENT_X - United Kingdom,HTTP Cookie,da_intState,,bench_update_duration,,,Existing CM Trackers-Not Found,,,,,
CLIENT_X.co.ke,Essential cookies (exempt from consent),CLIENT_X - Kenya,HTTP Cookie,at_check,,,,,Existing CM Trackers-Not Found,,,,,
connect.facebook.net,Targeted Advertising cookies (including social media),Meta (formerly Facebook),JavaScript,bench_new_T3_101009,,,TRUE,http://www.CLIENT_X.com.pk/,Existing CM Trackers-Found,,,,,
i.ytimg.com,Targeted Advertising cookies (including social media),Google Inc.,ETag,bench_new_T3_101719,,,TRUE,https://www.CLIENT_X.com.pk/c-f/XC000021305/how-do-i-descale-my-CLIENT_X-garment-steamer-all-in-one-solution,Existing CM Trackers-Found,,,,,
www.crsc.lighting.CLIENT_X.com,Performance cookies,Signify (formerly CLIENT_X Lighting),ETag,bench_new_T3_101308,,,,,Existing CM Trackers-Not Found,,,,,
smetrics.marketing.lighting.CLIENT_X.com.pk,Essential cookies,CLIENT_X - Pakistan,JavaScript,bench_new_T3_101048,,,,,Existing CM Trackers-Not Found,,,,,
CLIENT_X.com.pk,Essential cookies,CLIENT_X - Pakistan,HTTP Cookie,bench_new_T3_100818,,,,,Existing CM Trackers-Not Found,,,,,
sc-static.net,Targeted Advertising cookies (including social media),Snap Inc.,ETag,bench_new_T3_101845,,,TRUE,https://www.CLIENT_X.com.pk/c-f/XC000002428/how-to-clean-the-brush-of-my-CLIENT_X-vacuum-cleaner,Existing CM Trackers-Found,,,,,
munchkin.marketo.net,Targeted Advertising cookies (including social media),Marketo,ETag,bench_new_T3_102373,,,,,Existing CM Trackers-Not Found,,,,,
CLIENT_X.com.pk,Essential cookies,CLIENT_X - Pakistan,HTTP Cookie,bench_new_T3_101557,,,,,Existing CM Trackers-Not Found,,,,,
CLIENT_Xtest.scene7.com,Performance cookies,Adobe Experience Cloud - Experience Manager,ETag,bench_new_T3_102381,,,,,Existing CM Trackers-Not Found,,,,,
www.CLIENT_X.com.pk,Essential cookies,CLIENT_X - Pakistan,HTTP Cookie,bench_new_T3_101109,,,,,Existing CM Trackers-Not Found,,,,,
static.cloud.coveo.com,Targeted Advertising cookies (including social media),Coveo Solutions Inc.,ETag,bench_new_T3_101252,,,,,Existing CM Trackers-Not Found,,,,,
CLIENT_X.com.pk,Essential cookies,CLIENT_X - Pakistan,HTTP Cookie,_ga_failed_lookup_marker_63_912,,0,TRUE,https://www.CLIENT_X.com.pk/,Existing CM Trackers-Found,,,,,
www.CLIENT_X.com.pk,Essential cookies,CLIENT_X - Pakistan,HTTP Cookie,bench_new_T3_102243,,,,,Existing CM Trackers-Not Found,,,,,
tag-logger.demandbase.com,Targeted Advertising cookies (including social media),"Demandbase, Inc.",ETag,bench_new_T3_101670,,,,https://www.CLIENT_X.com.pk/healthcare,New Third Party Trackers,,,,,
*.t.eloqua.com,Performance cookies,Oracle Marketing,Beacon,bench_new_T3_101460,,,,https://www.CLIENT_X.com.pk/healthcare,New Third Party Trackers,,,,,
CLIENT_X.com.pk,Essential cookies,CLIENT_X - Pakistan,HTTP Cookie,bench_new_T3_101508,,393,TRUE,https://www.CLIENT_X.com.pk/,Existing CM Trackers-Found,,,,,
CLIENT_Xb2c.my.salesforce-scrt.com,Performance cookies,"Salesforce.com, Inc.",Beacon,bench_new_T3_102198,,,,https://www.CLIENT_X.com.pk/c-f/XC000001050/are-CLIENT_X-avent-cups-compatible-with-other-avent-products,New Third Party Trackers,,,,,
w.usabilla.com,Performance cookies,GetFeedback,JavaScript,bench_new_T3_100981,,,,,Existing CM Trackers-Not Found,,,,,
consent-pref.trustarc.com,Essential cookies,TrustArc,JavaScript,bench_new_T3_101098,,,TRUE,https://www.CLIENT_X.com.pk/healthcare,Existing CM Trackers-Found,,,,,
youtube.com,Targeted Advertising cookies (including social media),Google Advertising Products,HTTP Cookie,_ga_failed_lookup_marker_63_920,,180,TRUE,https://www.CLIENT_X.com.pk/c-m-so/monitors,Existing CM Trackers-Found,,,,,
CLIENT_X.com.pk,Essential cookies,CLIENT_X - Pakistan,HTTP Cookie,bench_new_T3_102039,,,,,Existing CM Trackers-Not Found,,,,,
dsum-sec.casalemedia.com,Targeted Advertising cookies (including social media),Index Exchange Inc.,Beacon,bench_new_T3_101172,,,TRUE,https://www.CLIENT_X.com.pk/a-w/cookie-notice,Existing CM Trackers-Found,,,,,
lighting.CLIENT_X.com.pk,Essential cookies,Signify (formerly CLIENT_X Lighting),Local Storage,bench_new_T3_102395,,,,,Existing CM Trackers-Not Found,,,,,
CLIENT_X.com.pk,Essential cookies,CLIENT_X - Pakistan,HTTP Cookie,bench_new_T3_102174,,,,,Existing CM Trackers-Not Found,,,,,
CLIENT_X.com.pk,Essential cookies,CLIENT_X - Pakistan,HTTP Cookie,bench_new_T3_101213,,,,,Existing CM Trackers-Not Found,,,,,
youtube.com,Targeted Advertising cookies (including social media),Google Advertising Products,HTTP Cookie,bench_new_T3_102101,,session,TRUE,https://www.CLIENT_X.com.pk/c-m-so/monitors,Existing CM Trackers-Found,,,,,
lighting.CLIENT_X.com.pk,Essential cookies,Signify (formerly CLIENT_X Lighting),HTTP Cookie,bench_new_T3_101210,,,,,Existing CM Trackers-Not Found,,,,,
io.vtexpayments.com.br,Performance Cookies [Requires consent],VTEX,ETag,-,,,TRUE,https://www.CLIENT_X.com.pk/c-m-au/car-lights/store-locator,Existing CM Trackers-Found,,,,,
c.amazon-adsystem.com,Targeted Advertising cookies (including social media),Amazon Ads,JavaScript,_ga_failed_lookup_marker_63_929,,,,,Existing CM Trackers-Not Found,,,,,
youtube.com,Targeted Advertising cookies (including social media),Google Advertising Products,HTTP Cookie,bench_new_T3_102346,,180,,https://www.CLIENT_X.com.pk/c-m-so/monitors,New Third Party Trackers,,,,,
www.subscription.CLIENT_X.fr,Essential cookies (exempt from consent),CLIENT_X - France,HTTP Cookie,fl_qualified_entry,,bench_update_duration,,https://www.CLIENT_X.com.pk/,New First Party Trackers,,,,,
CLIENT_X.ro,Essential cookies (exempt from consent),CLIENT_X - Romania,HTTP Cookie,at_check,,bench_update_duration,,,Existing CM Trackers-Not Found,,,,,
www.supurgesepeti.com,Essential cookies (exempt from consent),Supurgesepeti.com,HTTP Cookie,sb-check,,bench_update_duration,TRUE,https://www.CLIENT_X.com.pk/,Existing CM Trackers-Found,,,,,
www.lighting.CLIENT_X.com.pk,Essential cookies,Signify (formerly CLIENT_X Lighting),HTTP Cookie,bench_new_T3_101856,,,,,Existing CM Trackers-Not Found,,,,,
cdn.speedcurve.com,Performance cookies,Speedcurve,JavaScript,bench_new_T3_101798,,,,http://www.CLIENT_X.com.pk/,New Third Party Trackers,,,,,
www.google.com,Essential cookies,Google Inc.,HTTP Cookie,bench_new_T3_101756,,179,TRUE,https://www.CLIENT_X.com.pk/healthcare/articles/sleep-apnea-compliance,Existing CM Trackers-Found,,,,,
www.lighting.CLIENT_X.com.pk,Essential cookies,Signify (formerly CLIENT_X Lighting),HTTP Cookie,bench_new_T3_101634,,,,,Existing CM Trackers-Not Found,,,,,
CLIENT_X.com.pk,Essential cookies,CLIENT_X - Pakistan,HTTP Cookie,bench_new_T3_102036,,393,TRUE,https://www.CLIENT_X.com.pk/,Existing CM Trackers-Found,,,,,
www.CLIENT_X.com.pk,Essential cookies,CLIENT_X - Pakistan,HTTP Cookie,bench_new_T3_101692,,1,,http://www.CLIENT_X.com.pk/,New First Party Trackers,,,,,
www.google.ie,Targeted Advertising cookies (including social media),Google Inc.,Beacon,bench_new_T3_101190,,,TRUE,http://www.CLIENT_X.com.pk/,Existing CM Trackers-Found,,,,,
www.CLIENT_X.lt,Essential cookies (exempt from consent),CLIENT_X - Lithuania,HTTP Cookie,p-hc-catg,,bench_update_duration,,,Existing CM Trackers-Not Found,,,,,
tag-logger.demandbase.com,Targeted Advertising cookies (including social media),"Demandbase, Inc.",ETag,bench_new_T3_101613,,,,https://www.CLIENT_X.com.pk/healthcare,New Third Party Trackers,,,,,
www.tienda.CLIENT_X.com.ar,Essential cookies (exempt from consent),CLIENT_X - Argentina,Beacon,blank (beacon),,729,TRUE,https://www.CLIENT_X.com.pk/,Existing CM Trackers-Found,,,,,
CLIENT_Xb2c.my.site.com,Performance cookies,"Salesforce.com, Inc.",ETag,bench_new_T3_102032,,,TRUE,https://www.CLIENT_X.com.pk/c-f/XC000001050/are-CLIENT_X-avent-cups-compatible-with-other-avent-products,Existing CM Trackers-Found,,,,,
youtube.com,Targeted Advertising cookies (including social media),Google Advertising Products,HTTP Cookie,bench_new_T3_101986,,session,TRUE,https://www.CLIENT_X.com.pk/c-m-so/monitors,Existing CM Trackers-Found,,,,,
www.assets.signify.com,Performance cookies,Signify (formerly CLIENT_X Lighting),ETag,bench_new_T3_102384,,,,,Existing CM Trackers-Not Found,,,,,
www.gearselectiontool.lighting.CLIENT_X.com,Performance cookies,Signify (formerly CLIENT_X Lighting),JavaScript,bench_new_T3_101820,,,,,Existing CM Trackers-Not Found,,,,,
CLIENT_Xlighting.d3.sc.omtrdc.net,Performance cookies,"Adobe Audience Manager, Adobe Experience Cloud",JavaScript,bench_new_T3_101233,,,,,Existing CM Trackers-Not Found,,,,,
sc-static.net,Targeted Advertising cookies (including social media),Snap Inc.,HTTP Cookie,bench_new_T3_101490,,1,TRUE,https://www.CLIENT_X.com.pk/c-e/ho/cooking/airfryer-xxl,Existing CM Trackers-Found,,,,,
CLIENT_X.com.pk,Essential cookies,CLIENT_X - Pakistan,HTTP Cookie,bench_new_T3_101832,,0,TRUE,https://www.CLIENT_X.com.pk/,Existing CM Trackers-Found,,,,,
casalemedia.com,Targeted Advertising cookies (including social media),Index Exchange Inc.,HTTP Cookie,bench_new_T3_102108,,90,TRUE,https://www.CLIENT_X.com.pk/a-w/cookie-notice.html,Existing CM Trackers-Found,,,,,
CLIENT_X.com.pk,Essential cookies,CLIENT_X - Pakistan,HTTP Cookie,bench_new_T3_102042,,0,TRUE,https://www.CLIENT_X.com.pk/,Existing CM Trackers-Found,,,,,
eloqua.com,Essential cookies,Oracle Marketing,HTTP Cookie,bench_new_T3_102157,,393,TRUE,https://www.CLIENT_X.com.pk/healthcare,Existing CM Trackers-Found,,,,,
nebula-cdn.kampyle.com,Performance cookies,Medallia,JavaScript,_ga_failed_lookup_marker_63_954,,,TRUE,http://www.CLIENT_X.com.pk/,Existing CM Trackers-Found,,,,,
stats.g.doubleclick.net,Targeted Advertising cookies (including social media),Google Advertising Products,Beacon,_ga_failed_lookup_marker_63_955,,,TRUE,http://www.CLIENT_X.com.pk/,Existing CM Trackers-Found,,,,,
script.hotjar.com,Targeted Advertising cookies (including social media),Hotjar,ETag,bench_new_T3_101401,,,,,Existing CM Trackers-Not Found,,,,,
www.lighting.CLIENT_X.com.pk,Essential cookies,Signify (formerly CLIENT_X Lighting),HTTP Cookie,bench_new_T3_101957,,,,,Existing CM Trackers-Not Found,,,,,
demdex.net,Targeted Advertising cookies (including social media),"Adobe Audience Manager, Adobe Experience Cloud",HTTP Cookie,bench_new_T3_101368,,,,,Existing CM Trackers-Not Found,,,,,
doubleclick.net,Targeted Advertising cookies (including social media),Google Advertising Products,HTTP Cookie,bench_new_T3_101219,,390,TRUE,https://www.CLIENT_X.com.pk/,Existing CM Trackers-Found,,,,,
CLIENT_X.com.pk,Essential cookies,CLIENT_X - Pakistan,HTTP Cookie,bench_new_T3_101471,,,,,Existing CM Trackers-Not Found,,,,,
doubleclick.net,Targeted Advertising cookies (including social media),Google Advertising Products,HTTP Cookie,bench_new_T3_101650,,0,TRUE,https://www.CLIENT_X.com.pk/,Existing CM Trackers-Found,,,,,
img.en25.com,Performance cookies,Oracle Marketing,JavaScript,bench_new_T3_101721,,,,https://www.CLIENT_X.com.pk/healthcare,New Third Party Trackers,,,,,
c.amazon-adsystem.com,Targeted Advertising cookies (including social media),Amazon Ads,JavaScript,bench_new_T3_102058,,,,,Existing CM Trackers-Not Found,,,,,
www.CLIENT_X.ch,Essential cookies (exempt from consent),CLIENT_X - Switzerland,HTTP Cookie,T01-recentlyViewedProducts,,bench_update_duration,,,Existing CM Trackers-Not Found,,,,,
www.CLIENT_X.com.pk,Essential cookies,CLIENT_X - Pakistan,HTTP Cookie,_ga_failed_lookup_marker_63_965,,6,,http://www.CLIENT_X.com.pk/,New First Party Trackers,,,,,
pages.information.signify.com,Performance Cookies [Requires consent],Signify (formerly CLIENT_X Lighting),ETag,-,,,,,Existing CM Trackers-Not Found,,,,,
googleads.g.doubleclick.net,Targeted Advertising cookies (including social media),Google Advertising Products,Beacon,bench_new_T3_101610,,,TRUE,http://www.CLIENT_X.com.pk/,Existing CM Trackers-Found,,,,,
ad.doubleclick.net,Targeted Advertising cookies (including social media),Google Advertising Products,Beacon,bench_new_T3_101605,,,TRUE,http://www.CLIENT_X.com.pk/,Existing CM Trackers-Found,,,,,
pixel.rubiconproject.com,Targeted Advertising cookies (including social media),"Magnite, Inc.",Beacon,bench_new_T3_101385,,,TRUE,https://www.CLIENT_X.com.pk/a-w/cookie-notice,Existing CM Trackers-Found,,,,,
CLIENT_X.com.pk,Essential cookies,CLIENT_X - Pakistan,HTTP Cookie,bench_new_T3_101117,,90,TRUE,https://www.CLIENT_X.com.pk/,Existing CM Trackers-Found,,,,,
CLIENT_Xb2c.my.site.com,Performance cookies,"Salesforce.com, Inc.",JavaScript,_ga_failed_lookup_marker_63_971,,,TRUE,https://www.CLIENT_X.com.pk/c-f/XC000001050/are-CLIENT_X-avent-cups-compatible-with-other-avent-products,Existing CM Trackers-Found,,,,,
www.healthcare.shop.CLIENT_X.nl,Essential cookies (exempt from consent),CLIENT_X - Netherlands,HTTP Cookie,mdLogger,,session,TRUE,https://www.CLIENT_X.com.pk/,Existing CM Trackers-Found,,,,,
assets.adoberesources.net,Performance cookies,Adobe Inc.,ETag,bench_new_T3_101491,,,,,Existing CM Trackers-Not Found,,,,,
www.facebook.com,Targeted Advertising cookies (including social media),Meta (formerly Facebook),Beacon,bench_new_T3_101504,,,TRUE,http://www.CLIENT_X.com.pk/,Existing CM Trackers-Found,,,,,
www.CLIENT_X.com.pk,Essential cookies,CLIENT_X - Pakistan,HTTP Cookie,bench_new_T3_101292,,365,TRUE,http://www.CLIENT_X.com.pk/,Existing CM Trackers-Found,,,,,
nebula-cdn.kampyle.com,Performance cookies,Medallia,ETag,bench_new_T3_101455,,,TRUE,http://www.CLIENT_X.com.pk/,Existing CM Trackers-Found,,,,,
www.googleadservices.com,Targeted Advertising cookies (including social media),Google Advertising Products,JavaScript,bench_new_T3_102343,,,,,Existing CM Trackers-Not Found,,,,,
cdn.jsdelivr.net,Performance cookies,Volentio JSD Limited,ETag,bench_new_T3_102269,,,,,Existing CM Trackers-Not Found,,,,,
CLIENT_Xlighting.d3.sc.omtrdc.net,Performance cookies,"Adobe Audience Manager, Adobe Experience Cloud",JavaScript,bench_new_T3_100807,,,,,Existing CM Trackers-Not Found,,,,,
casalemedia.com,Targeted Advertising cookies (including social media),Index Exchange Inc.,HTTP Cookie,bench_new_T3_101807,,365,TRUE,https://www.CLIENT_X.com.pk/a-w/cookie-notice.html,Existing CM Trackers-Found,,,,,
www.crsc.lighting.CLIENT_X.com,Performance cookies,Signify (formerly CLIENT_X Lighting),JavaScript,bench_new_T3_101393,,,,,Existing CM Trackers-Not Found,,,,,
casalemedia.com,Targeted Advertising cookies (including social media),Index Exchange Inc.,HTTP Cookie,_ga_failed_lookup_marker_63_982,,365,TRUE,https://www.CLIENT_X.com.pk/a-w/cookie-notice.html,Existing CM Trackers-Found,,,,,
assets.adoberesources.net,Performance cookies,Adobe Inc.,JavaScript,_ga_failed_lookup_marker_63_983,,,,,Existing CM Trackers-Not Found,,,,,
connect.facebook.net,Targeted Advertising cookies (including social media),Meta (formerly Facebook),JavaScript,bench_new_T3_101056,,,TRUE,http://www.CLIENT_X.com.pk/,Existing CM Trackers-Found,,,,,
agent-versuni.mindtouch.us,Performance cookies,MindTouch,Beacon,bench_new_T3_100862,,,,https://www.CLIENT_X.com.pk/c-f/XC000021443/my-CLIENT_X-fan-makes-an-unusual-noise-when-oscillating,New Third Party Trackers,,,,,
CLIENT_X.com.pk,Performance cookies,CLIENT_X - Pakistan,HTTP Cookie,bench_new_T3_101909,,,,,Existing CM Trackers-Not Found,,,,,
www.lighting.CLIENT_X.com.pk,Essential cookies,Signify (formerly CLIENT_X Lighting),HTTP Cookie,bench_new_T3_102048,,,,,Existing CM Trackers-Not Found,,,,,
www.lighting.CLIENT_X.com.pk,Essential cookies,Signify (formerly CLIENT_X Lighting),HTTP Cookie,_ga_failed_lookup_marker_63_988,,,,,Existing CM Trackers-Not Found,,,,,
www.googleadservices.com,Targeted Advertising cookies (including social media),Google Advertising Products,ETag,bench_new_T3_102066,,,,,Existing CM Trackers-Not Found,,,,,
consent-st.trustarc.com,Essential cookies,TrustArc,JavaScript,bench_new_T3_101797,,,TRUE,https://www.CLIENT_X.com.pk/healthcare,Existing CM Trackers-Found,,,,,
CLIENT_X.com.pk,Essential cookies,CLIENT_X - Pakistan,Local Storage,bench_new_T3_101752,,,TRUE,https://www.CLIENT_X.com.pk/c-f/XC000001050/are-CLIENT_X-avent-cups-compatible-with-other-avent-products,Existing CM Trackers-Found,,,,,
www.CLIENT_X.com.pk,Essential cookies,CLIENT_X - Pakistan,HTTP Cookie,bench_new_T3_101120,,365,TRUE,http://www.CLIENT_X.com.pk/,Existing CM Trackers-Found,,,,,
pages.information.signify.com,Performance cookies,Signify (formerly CLIENT_X Lighting),ETag,bench_new_T3_101326,,,,,Existing CM Trackers-Not Found,,,,,
sc-static.net,Targeted Advertising cookies (including social media),Snap Inc.,ETag,bench_new_T3_100961,,,TRUE,https://www.CLIENT_X.com.pk/c-f/XC000002428/how-to-clean-the-brush-of-my-CLIENT_X-vacuum-cleaner,Existing CM Trackers-Found,,,,,
cdn.speedcurve.com,Performance cookies,Speedcurve,JavaScript,bench_new_T3_101762,,,,http://www.CLIENT_X.com.pk/,New Third Party Trackers,,,,,
CLIENT_X.com.pk,Essential cookies,CLIENT_X - Pakistan,HTTP Cookie,bench_new_T3_101185,,0,TRUE,https://www.CLIENT_X.com.pk/,Existing CM Trackers-Found,,,,,
assets.adoberesources.net,Performance cookies,Adobe Inc.,JavaScript,bench_new_T3_101967,,,,,Existing CM Trackers-Not Found,,,,,
CLIENT_X.com.pk,Essential cookies,CLIENT_X - Pakistan,HTTP Cookie,bench_new_T3_102043,,,,,Existing CM Trackers-Not Found,,,,,
script.hotjar.com,Targeted Advertising cookies (including social media),Hotjar,JavaScript,_ga_failed_lookup_marker_63_999,,,,,Existing CM Trackers-Not Found,,,,,
tremorhub.com,Targeted Advertising cookies (including social media),"Magnite CTV, Inc.",HTTP Cookie,bench_new_T3_101078,,365,TRUE,https://www.CLIENT_X.com.pk/a-w/cookie-notice.html,Existing CM Trackers-Found,,,,,
i.ytimg.com,Targeted Advertising cookies (including social media),Google Inc.,ETag,bench_new_T3_100821,,,TRUE,https://www.CLIENT_X.com.pk/c-f/XC000021305/how-do-i-descale-my-CLIENT_X-garment-steamer-all-in-one-solution,Existing CM Trackers-Found,,,,,
CLIENT_X.112.2o7.net,Performance cookies,"Adobe Audience Manager, Adobe Experience Cloud",HTTP Cookie,bench_new_T3_101787,,400,,https://www.CLIENT_X.com.pk/,New Third Party Trackers,,,,,
doubleclick.net,Targeted Advertising cookies (including social media),Google Advertising Products,HTTP Cookie,bench_new_T3_101737,,,,,Existing CM Trackers-Not Found,,,,,
CLIENT_X.com.pk,Essential cookies,CLIENT_X - Pakistan,HTTP Cookie,bench_new_T3_101499,,0,TRUE,https://www.CLIENT_X.com.pk/,Existing CM Trackers-Found,,,,,
stats.g.doubleclick.net,Targeted Advertising cookies (including social media),Google Advertising Products,Beacon,bench_new_T3_102393,,,TRUE,http://www.CLIENT_X.com.pk/,Existing CM Trackers-Found,,,,,
static.hotjar.com,Performance cookies,Hotjar,ETag,_ga_failed_lookup_marker_63_1006,,,,,Existing CM Trackers-Not Found,,,,,
CLIENT_X.attn.tv,Targeted Advertising Cookies (including social media) [Requires consent],"Attentive Mobile, Inc.",Beacon,-,,,,,Existing CM Trackers-Not Found,,,,,
www.lighting.CLIENT_X.com.pk,Essential cookies,Signify (formerly CLIENT_X Lighting),ETag,bench_new_T3_101657,,,,,Existing CM Trackers-Not Found,,,,,
smetrics.marketing.CLIENT_X-hue.com,Targeted Advertising cookies (including social media),CLIENT_X Hue,JavaScript,bench_new_T3_101060,,,,,Existing CM Trackers-Not Found,,,,,
eloqua.com,Essential cookies,Oracle Marketing,HTTP Cookie,bench_new_T3_101913,,393,TRUE,https://www.CLIENT_X.com.pk/healthcare,Existing CM Trackers-Found,,,,,
CLIENT_X.com.pk,Essential cookies,CLIENT_X - Pakistan,HTTP Cookie,bench_new_T3_102286,,365,,https://www.CLIENT_X.com.pk/,New First Party Trackers,,,,,
CLIENT_X.com.pk,Essential cookies,CLIENT_X - Pakistan,HTTP Cookie,bench_new_T3_101218,,,,,Existing CM Trackers-Not Found,,,,,
www.CLIENT_X.com.pk,Essential cookies,CLIENT_X - Pakistan,HTTP Cookie,_ga_failed_lookup_marker_63_1013,,365,TRUE,http://www.CLIENT_X.com.pk/,Existing CM Trackers-Found,,,,,
consent-pref.trustarc.com,Essential cookies,TrustArc,Local Storage,bench_new_T3_101461,,,TRUE,https://www.CLIENT_X.com.pk/healthcare,Existing CM Trackers-Found,,,,,
munchkin.marketo.net,Targeted Advertising cookies (including social media),Marketo,JavaScript,bench_new_T3_102075,,,,,Existing CM Trackers-Not Found,,,,,
tag.demandbase.com,Targeted Advertising cookies (including social media),"Demandbase, Inc.",ETag,bench_new_T3_101178,,,TRUE,https://www.CLIENT_X.com.pk/a-w/cookie-notice,Existing CM Trackers-Found,,,,,
consent.trustarc.com,Essential cookies,TrustArc,Beacon,bench_new_T3_102183,,,TRUE,http://www.CLIENT_X.com.pk/,Existing CM Trackers-Found,,,,,
www.CLIENT_X.fi,Essential cookies (exempt from consent),CLIENT_X - Finland,HTTP Cookie,kampyle_userid,,,,,Existing CM Trackers-Not Found,,,,,
www.CLIENT_X.com,Essential cookies,Koninklijke CLIENT_X N.V.,ETag,bench_new_T3_101189,,,TRUE,https://www.CLIENT_X.com.pk/c-e/au/car-lights/automotive-articles.html,Existing CM Trackers-Found,,,,,
www.CLIENT_X.com.pk,Essential cookies,CLIENT_X - Pakistan,HTTP Cookie,bench_new_T3_101506,,365,TRUE,http://www.CLIENT_X.com.pk/,Existing CM Trackers-Found,,,,,
CLIENT_X.com.pk,Essential cookies,CLIENT_X - Pakistan,HTTP Cookie,bench_new_T3_100984,,session,TRUE,https://www.CLIENT_X.com.pk/,Existing CM Trackers-Found,,,,,
www.google.com,Targeted Advertising cookies (including social media),Google Inc.,JavaScript,bench_new_T3_101618,,,TRUE,https://www.CLIENT_X.com.pk/healthcare/articles/sleep-apnea-compliance,Existing CM Trackers-Found,,,,,
www.CLIENT_X.com.pk,Essential cookies,CLIENT_X - Pakistan,HTTP Cookie,_ga_failed_lookup_marker_63_1023,,,,,Existing CM Trackers-Not Found,,,,,
images.CLIENT_X.com,Essential cookies,Koninklijke CLIENT_X N.V.,JavaScript,_ga_failed_lookup_marker_63_1024,,,TRUE,https://www.CLIENT_X.com.pk/c-f/XC000001781/how-to-assemble-the-CLIENT_X-avent-comfort-breast-pump,Existing CM Trackers-Found,,,,,
youtube.com,Targeted Advertising cookies (including social media),Google Advertising Products,HTTP Cookie,bench_new_T3_101542,,180,,https://www.CLIENT_X.com.pk/c-m-so/monitors,New Third Party Trackers,,,,,
sc-static.net,Targeted Advertising cookies (including social media),Snap Inc.,ETag,_ga_failed_lookup_marker_63_1026,,,TRUE,https://www.CLIENT_X.com.pk/c-f/XC000002428/how-to-clean-the-brush-of-my-CLIENT_X-vacuum-cleaner,Existing CM Trackers-Found,,,,,
pixel.rubiconproject.com,Targeted Advertising cookies (including social media),"Magnite, Inc.",Beacon,bench_new_T3_102209,,,TRUE,https://www.CLIENT_X.com.pk/a-w/cookie-notice,Existing CM Trackers-Found,,,,,
lighting.CLIENT_X.com.pk,Essential cookies,Signify (formerly CLIENT_X Lighting),HTTP Cookie,bench_new_T3_102306,,,,,Existing CM Trackers-Not Found,,,,,
www.assets.lighting.CLIENT_X.com,Performance cookies,Signify (formerly CLIENT_X Lighting),ETag,bench_new_T3_100805,,,,,Existing CM Trackers-Not Found,,,,,
tr.snapchat.com,Targeted Advertising cookies (including social media),Snap Inc.,Beacon,bench_new_T3_100847,,,TRUE,https://www.CLIENT_X.com.pk/c-e/ho/cooking/airfryer-xxl,Existing CM Trackers-Found,,,,,
sc-static.net,Targeted Advertising cookies (including social media),Snap Inc.,HTTP Cookie,bench_new_T3_100948,,1,TRUE,https://www.CLIENT_X.com.pk/c-e/ho/cooking/airfryer-xxl,Existing CM Trackers-Found,,,,,
CLIENT_X.com.pk,Essential cookies,CLIENT_X - Pakistan,HTTP Cookie,bench_new_T3_101294,,session,TRUE,https://www.CLIENT_X.com.pk/,Existing CM Trackers-Found,,,,,
CLIENT_X.com.pk,Essential cookies,CLIENT_X - Pakistan,HTTP Cookie,bench_new_T3_100946,,400,TRUE,https://www.CLIENT_X.com.pk/,Existing CM Trackers-Found,,,,,
www.assets.signify.com,Performance cookies,Signify (formerly CLIENT_X Lighting),ETag,bench_new_T3_101328,,,,,Existing CM Trackers-Not Found,,,,,
CLIENT_X.com.pk,Essential cookies,CLIENT_X - Pakistan,Local Storage,bench_new_T3_101647,,,TRUE,https://www.CLIENT_X.com.pk/c-f/XC000001050/are-CLIENT_X-avent-cups-compatible-with-other-avent-products,Existing CM Trackers-Found,,,,,
www.CLIENT_X.com.pk,Essential cookies,CLIENT_X - Pakistan,HTTP Cookie,bench_new_T3_102374,,,,,Existing CM Trackers-Not Found,,,,,
CLIENT_Xtest.scene7.com,Performance cookies,Adobe Experience Cloud - Experience Manager,ETag,bench_new_T3_102280,,,,,Existing CM Trackers-Not Found,,,,,
www.lighting.CLIENT_X.com,Performance cookies,Signify (formerly CLIENT_X Lighting),JavaScript,bench_new_T3_101566,,,,,Existing CM Trackers-Not Found,,,,,
widget-cdn.janraincapture.com,Performance cookies,Akamai,JavaScript,_ga_failed_lookup_marker_63_1039,,,,,Existing CM Trackers-Not Found,,,,,
www.CLIENT_X.com.pk,Essential cookies,CLIENT_X - Pakistan,HTTP Cookie,bench_new_T3_102207,,365,TRUE,http://www.CLIENT_X.com.pk/,Existing CM Trackers-Found,,,,,
connect.facebook.net,Targeted Advertising cookies (including social media),Meta (formerly Facebook),Beacon,bench_new_T3_100953,,,TRUE,https://www.CLIENT_X.com.pk/c-e/au/car-lights/automotive-articles.html?npagination=110,Existing CM Trackers-Found,,,,,
www.google.com,Essential cookies,Google Inc.,HTTP Cookie,bench_new_T3_101072,,179,TRUE,https://www.CLIENT_X.com.pk/healthcare/articles/sleep-apnea-compliance,Existing CM Trackers-Found,,,,,
beacon.speedcurve.com,Performance cookies,Speedcurve,Beacon,bench_new_T3_100952,,,,https://www.CLIENT_X.com.pk/c-e/au/car-lights/automotive-articles.html?npagination=167,New Third Party Trackers,,,,,
www.CLIENT_X.com.pk,Essential cookies,CLIENT_X - Pakistan,HTTP Cookie,bench_new_T3_100848,,365,TRUE,http://www.CLIENT_X.com.pk/,Existing CM Trackers-Found,,,,,
www.google.ie,Targeted Advertising cookies (including social media),Google Inc.,Beacon,bench_new_T3_101784,,,TRUE,http://www.CLIENT_X.com.pk/,Existing CM Trackers-Found,,,,,
respirtech.com,Essential cookies (exempt from consent),RespirTech,HTTP Cookie,s_cc,,session,,http://www.CLIENT_X.com.pk/,New First Party Trackers,,,,,
www.CLIENT_X.com.pk,Essential cookies,CLIENT_X - Pakistan,HTTP Cookie,bench_new_T3_101447,,session,TRUE,http://www.CLIENT_X.com.pk/,Existing CM Trackers-Found,,,,,
CLIENT_X.com.pk,Essential cookies,CLIENT_X - Pakistan,HTTP Cookie,bench_new_T3_101541,,,,,Existing CM Trackers-Not Found,,,,,
consent.trustarc.com,Essential cookies,TrustArc,Beacon,bench_new_T3_100842,,,TRUE,http://www.CLIENT_X.com.pk/,Existing CM Trackers-Found,,,,,
doubleclick.net,Targeted Advertising cookies (including social media),Google Advertising Products,HTTP Cookie,bench_new_T3_101377,,0,TRUE,https://www.CLIENT_X.com.pk/,Existing CM Trackers-Found,,,,,
script.hotjar.com,Targeted Advertising cookies (including social media),Hotjar,ETag,bench_new_T3_101840,,,,,Existing CM Trackers-Not Found,,,,,
assets.adobedtm.com,Performance cookies,Adobe Inc.,JavaScript,bench_new_T3_101905,,,,,Existing CM Trackers-Not Found,,,,,
CLIENT_X.com,Essential cookies,Koninklijke CLIENT_X N.V.,HTTP Cookie,bench_new_T3_101194,,,,,Existing CM Trackers-Not Found,,,,,
images.CLIENT_X.com,Essential cookies,Koninklijke CLIENT_X N.V.,ETag,bench_new_T3_102069,,,TRUE,https://www.CLIENT_X.com.pk/c-p/00947033/gopure-selectfilter-plus-filter-for-car-air-purifier,Existing CM Trackers-Found,,,,,
i.ytimg.com,Targeted Advertising cookies (including social media),Google Inc.,ETag,bench_new_T3_100860,,,TRUE,https://www.CLIENT_X.com.pk/c-f/XC000021305/how-do-i-descale-my-CLIENT_X-garment-steamer-all-in-one-solution,Existing CM Trackers-Found,,,,,
www.lampreplacementtool.CLIENT_X.com,Essential cookies,Koninklijke CLIENT_X N.V.,ETag,bench_new_T3_102212,,,,,Existing CM Trackers-Not Found,,,,,
CLIENT_X.no,Essential cookies (exempt from consent),CLIENT_X - Norway,HTTP Cookie,com.adobe.alloy.getTld,,bench_update_duration,,,Existing CM Trackers-Not Found,,,,,
munchkin.marketo.net,Targeted Advertising cookies (including social media),Marketo,ETag,bench_new_T3_101084,,,,,Existing CM Trackers-Not Found,,,,,
www.google.com,Targeted Advertising cookies (including social media),Google Inc.,JavaScript,bench_new_T3_101639,,,TRUE,https://www.CLIENT_X.com.pk/healthcare/articles/sleep-apnea-compliance,Existing CM Trackers-Found,,,,,
consent.trustarc.com,Essential cookies,TrustArc,JavaScript,bench_new_T3_100967,,,TRUE,http://www.CLIENT_X.com.pk/,Existing CM Trackers-Found,,,,,
code.jquery.com,Performance cookies,jQuery,JavaScript,bench_new_T3_101226,,,,,Existing CM Trackers-Not Found,,,,,
demdex.net,Targeted Advertising cookies (including social media),"Adobe Audience Manager, Adobe Experience Cloud",HTTP Cookie,_ga_failed_lookup_marker_63_1062,,,,,Existing CM Trackers-Not Found,,,,,
doubleclick.net,Targeted Advertising cookies (including social media),Google Advertising Products,HTTP Cookie,bench_new_T3_102084,,390,TRUE,https://www.CLIENT_X.com.pk/,Existing CM Trackers-Found,,,,,
www.CLIENT_X.com.pk,Essential cookies,CLIENT_X - Pakistan,HTTP Cookie,bench_new_T3_101866,,0,,http://www.CLIENT_X.com.pk/,New First Party Trackers,,,,,
CLIENT_X.com.pk,Essential cookies,CLIENT_X - Pakistan,HTTP Cookie,bench_new_T3_100926,,90,TRUE,https://www.CLIENT_X.com.pk/,Existing CM Trackers-Found,,,,,
code.jquery.com,Performance cookies,jQuery,ETag,bench_new_T3_101110,,,,,Existing CM Trackers-Not Found,,,,,
CLIENT_X.com.pk,Essential cookies,CLIENT_X - Pakistan,HTTP Cookie,bench_new_T3_101335,,90,TRUE,https://www.CLIENT_X.com.pk/,Existing CM Trackers-Found,,,,,
www.accounts.CLIENT_X.com,Essential cookies,Koninklijke CLIENT_X N.V.,JavaScript,bench_new_T3_101138,,,,,Existing CM Trackers-Not Found,,,,,
tracker-detail-page.trustarc.com,Essential cookies,TrustArc,JavaScript,bench_new_T3_101338,,,,https://www.CLIENT_X.com.pk/a-w/cookie-notice,New Third Party Trackers,,,,,
adservice.google.com,Targeted Advertising cookies (including social media),Google Advertising Products,Beacon,bench_new_T3_100830,,,TRUE,http://www.CLIENT_X.com.pk/,Existing CM Trackers-Found,,,,,
snap.licdn.com,Performance cookies,LinkedIn,JavaScript,bench_new_T3_100922,,,TRUE,https://www.CLIENT_X.com.pk/c-e/ho/cooking/airfryer-xxl,Existing CM Trackers-Found,,,,,
casalemedia.com,Targeted Advertising cookies (including social media),Index Exchange Inc.,HTTP Cookie,bench_new_T3_102382,,365,TRUE,https://www.CLIENT_X.com.pk/a-w/cookie-notice.html,Existing CM Trackers-Found,,,,,
*.fls.doubleclick.net,Targeted Advertising cookies (including social media),Google Advertising Products,Beacon,bench_new_T3_101904,,,,,Existing CM Trackers-Not Found,,,,,
assets.adoberesources.net,Performance cookies,Adobe Inc.,JavaScript,bench_new_T3_101395,,,,,Existing CM Trackers-Not Found,,,,,
CLIENT_X.sk,Essential cookies (exempt from consent),CLIENT_X - Slovakia,HTTP Cookie,s_ugv,,bench_update_duration,TRUE,https://www.CLIENT_X.com.pk/c-f/XC000002428/how-to-clean-the-brush-of-my-CLIENT_X-vacuum-cleaner,Existing CM Trackers-Found,,,,,
CLIENT_X.com.pk,Essential cookies,CLIENT_X - Pakistan,HTTP Cookie,_ga_failed_lookup_marker_63_1076,,365,,https://www.CLIENT_X.com.pk/,New First Party Trackers,,,,,
CLIENT_X.com.pk,Essential cookies,CLIENT_X - Pakistan,HTTP Cookie,bench_new_T3_101553,,400,TRUE,https://www.CLIENT_X.com.pk/,Existing CM Trackers-Found,,,,,
CLIENT_X.com.pk,Essential cookies,CLIENT_X - Pakistan,HTTP Cookie,bench_new_T3_102081,,,,,Existing CM Trackers-Not Found,,,,,
www.assets.lighting.CLIENT_X.com,Performance cookies,Signify (formerly CLIENT_X Lighting),ETag,bench_new_T3_102354,,,,,Existing CM Trackers-Not Found,,,,,
CLIENT_Xb2c.my.site.com,Performance cookies,"Salesforce.com, Inc.",JavaScript,bench_new_T3_102213,,,TRUE,https://www.CLIENT_X.com.pk/c-f/XC000001050/are-CLIENT_X-avent-cups-compatible-with-other-avent-products,Existing CM Trackers-Found,,,,,
tr.snapchat.com,Targeted Advertising cookies (including social media),Snap Inc.,Beacon,bench_new_T3_101023,,,TRUE,https://www.CLIENT_X.com.pk/c-e/ho/cooking/airfryer-xxl,Existing CM Trackers-Found,,,,,
CLIENT_X.com.pk,Essential cookies,CLIENT_X - Pakistan,HTTP Cookie,bench_new_T3_101004,,,,,Existing CM Trackers-Not Found,,,,,
CLIENT_X.com.my,Essential cookies (exempt from consent),CLIENT_X - Malaysia,HTTP Cookie,at_check,,,TRUE,http://www.CLIENT_X.com.pk/,Existing CM Trackers-Found,,,,,
CLIENT_X.com.pk,Essential cookies,CLIENT_X - Pakistan,HTTP Cookie,_ga_failed_lookup_marker_63_1084,,0,TRUE,https://www.CLIENT_X.com.pk/,Existing CM Trackers-Found,,,,,
www.CLIENT_X.com.pk,Essential cookies,CLIENT_X - Pakistan,HTTP Cookie,bench_new_T3_102145,,365,TRUE,http://www.CLIENT_X.com.pk/,Existing CM Trackers-Found,,,,,
ssl-static.janraincapture.com,Performance cookies,Akamai,JavaScript,bench_new_T3_100971,,,,,Existing CM Trackers-Not Found,,,,,
www.CLIENT_X.de,Essential cookies (exempt from consent),CLIENT_X - Germany,HTTP Cookie,ROUTE,,bench_update_duration,,,Existing CM Trackers-Not Found,,,,,
dsum-sec.casalemedia.com,Targeted Advertising cookies (including social media),Index Exchange Inc.,Beacon,bench_new_T3_102297,,,TRUE,https://www.CLIENT_X.com.pk/a-w/cookie-notice,Existing CM Trackers-Found,,,,,
www.realpro.lighting.CLIENT_X.com,Essential cookies,Koninklijke CLIENT_X N.V.,ETag,bench_new_T3_101961,,,,,Existing CM Trackers-Not Found,,,,,
sc-static.net,Targeted Advertising cookies (including social media),Snap Inc.,JavaScript,bench_new_T3_101403,,,TRUE,https://www.CLIENT_X.com.pk/c-e/ho/cooking/airfryer-xxl,Existing CM Trackers-Found,,,,,
agent-versuni.mindtouch.us,Performance cookies,MindTouch,HTTP Cookie,bench_new_T3_100936,,400,,https://www.CLIENT_X.com.pk/c-f/XC000021443/my-CLIENT_X-fan-makes-an-unusual-noise-when-oscillating,New Third Party Trackers,,,,,
www.gearselectiontool.lighting.CLIENT_X.com,Performance cookies,Signify (formerly CLIENT_X Lighting),ETag,bench_new_T3_101452,,,,,Existing CM Trackers-Not Found,,,,,
casalemedia.com,Targeted Advertising cookies (including social media),Index Exchange Inc.,HTTP Cookie,bench_new_T3_101935,,365,TRUE,https://www.CLIENT_X.com.pk/a-w/cookie-notice.html,Existing CM Trackers-Found,,,,,
www.CLIENT_X.com.pk,Essential cookies,CLIENT_X - Pakistan,HTTP Cookie,bench_new_T3_102027,,365,TRUE,http://www.CLIENT_X.com.pk/,Existing CM Trackers-Found,,,,,
www.realpro.lighting.CLIENT_X.com,Essential cookies,Koninklijke CLIENT_X N.V.,ETag,bench_new_T3_101833,,,,,Existing CM Trackers-Not Found,,,,,
tag.demandbase.com,Targeted Advertising cookies (including social media),"Demandbase, Inc.",JavaScript,bench_new_T3_102128,,,TRUE,https://www.CLIENT_X.com.pk/a-w/cookie-notice,Existing CM Trackers-Found,,,,,
www.accounts.CLIENT_X.com,Essential cookies,Koninklijke CLIENT_X N.V.,JavaScript,bench_new_T3_101136,,,,,Existing CM Trackers-Not Found,,,,,
www.googleadservices.com,Targeted Advertising cookies (including social media),Google Advertising Products,ETag,bench_new_T3_102327,,,,,Existing CM Trackers-Not Found,,,,,
assets.adoberesources.net,Performance cookies,Adobe Inc.,ETag,bench_new_T3_102305,,,,,Existing CM Trackers-Not Found,,,,,
www.CLIENT_X.com.pk,Essential cookies,CLIENT_X - Pakistan,HTTP Cookie,_ga_failed_lookup_marker_63_1100,,,,,Existing CM Trackers-Not Found,,,,,
pages.information.signify.com,Performance cookies,Signify (formerly CLIENT_X Lighting),ETag,bench_new_T3_102182,,,,,Existing CM Trackers-Not Found,,,,,
CLIENT_Xb2c.my.site.com,Performance cookies,"Salesforce.com, Inc.",Beacon,bench_new_T3_102389,,,TRUE,https://www.CLIENT_X.com.pk/c-f/XC000001050/are-CLIENT_X-avent-cups-compatible-with-other-avent-products,Existing CM Trackers-Found,,,,,
www.lighting.CLIENT_X.com.pk,Essential cookies,Signify (formerly CLIENT_X Lighting),HTTP Cookie,bench_new_T3_101660,,,,,Existing CM Trackers-Not Found,,,,,
versuni.scene7.com,Performance cookies,Adobe Experience Cloud - Experience Manager,ETag,bench_new_T3_100861,,,,https://www.CLIENT_X.com.pk/c-f/XC000021994/how-to-clean-the-dust-bucket-and-filter-of-my-CLIENT_X-1000-series-bagless-vacuum-cleaner,New Third Party Trackers,,,,,
www.crsc.CLIENT_X.com,Targeted Advertising cookies (including social media),Koninklijke CLIENT_X N.V.,JavaScript,bench_new_T3_101589,,,TRUE,https://www.CLIENT_X.com.pk/c-e/au/motorcycle-lights/moto-selector-tool.html,Existing CM Trackers-Found,,,,,
www.assets.signify.com,Performance cookies,Signify (formerly CLIENT_X Lighting),ETag,bench_new_T3_101067,,,,,Existing CM Trackers-Not Found,,,,,
sc-static.net,Targeted Advertising cookies (including social media),Snap Inc.,HTTP Cookie,bench_new_T3_102254,,1,TRUE,https://www.CLIENT_X.com.pk/c-e/ho/cooking/airfryer-xxl,Existing CM Trackers-Found,,,,,
CLIENT_X.com.pk,Essential cookies,CLIENT_X - Pakistan,HTTP Cookie,bench_new_T3_101129,,,,,Existing CM Trackers-Not Found,,,,,
www.docs.lighting.CLIENT_X.com,Performance cookies,Signify (formerly CLIENT_X Lighting),JavaScript,_ga_failed_lookup_marker_63_1109,,,,,Existing CM Trackers-Not Found,,,,,
static.hotjar.com,Performance cookies,Hotjar,JavaScript,bench_new_T3_101942,,,,,Existing CM Trackers-Not Found,,,,,
www.googletagmanager.com,Performance cookies,Google Inc.,JavaScript,bench_new_T3_101220,,,TRUE,http://www.CLIENT_X.com.pk/,Existing CM Trackers-Found,,,,,
www.CLIENT_X.com.pk,Essential cookies,CLIENT_X - Pakistan,HTTP Cookie,bench_new_T3_101363,,365,TRUE,http://www.CLIENT_X.com.pk/,Existing CM Trackers-Found,,,,,
youtube.com,Targeted Advertising cookies (including social media),Google Advertising Products,HTTP Cookie,bench_new_T3_101132,,180,TRUE,https://www.CLIENT_X.com.pk/c-m-so/monitors,Existing CM Trackers-Found,,,,,
pages.information.signify.com,Performance cookies,Signify (formerly CLIENT_X Lighting),JavaScript,bench_new_T3_101467,,,,,Existing CM Trackers-Not Found,,,,,
www.CLIENT_X.com.mx,Essential cookies (exempt from consent),CLIENT_X - Mexico,HTTP Cookie,AWSELBCORS,,bench_update_duration,,,Existing CM Trackers-Not Found,,,,,
www.lighting.CLIENT_X.com.pk,Essential cookies,Signify (formerly CLIENT_X Lighting),HTTP Cookie,bench_new_T3_101759,,,,,Existing CM Trackers-Not Found,,,,,
maps.googleapis.com,Performance cookies,Google Inc.,JavaScript,bench_new_T3_101134,,,TRUE,https://www.CLIENT_X.com.pk/c-m-au/car-lights/store-locator,Existing CM Trackers-Found,,,,,
CLIENT_X.com.pk,Essential cookies,CLIENT_X - Pakistan,HTTP Cookie,bench_new_T3_102397,,,,,Existing CM Trackers-Not Found,,,,,
www.lighting.CLIENT_X.com.pk,Essential cookies,Signify (formerly CLIENT_X Lighting),HTTP Cookie,bench_new_T3_101087,,,,,Existing CM Trackers-Not Found,,,,,
www.lighting.CLIENT_X.com.pk,Essential cookies,Signify (formerly CLIENT_X Lighting),HTTP Cookie,_ga_failed_lookup_marker_63_1120,,,,,Existing CM Trackers-Not Found,,,,,
CLIENT_X.com.pk,Essential cookies,CLIENT_X - Pakistan,HTTP Cookie,bench_new_T3_101560,,,,,Existing CM Trackers-Not Found,,,,,
tremorhub.com,Targeted Advertising cookies (including social media),"Magnite CTV, Inc.",HTTP Cookie,bench_new_T3_100846,,365,TRUE,https://www.CLIENT_X.com.pk/a-w/cookie-notice.html,Existing CM Trackers-Found,,,,,
CLIENT_X.com.pk,Essential cookies,CLIENT_X - Pakistan,HTTP Cookie,bench_new_T3_101726,,,,,Existing CM Trackers-Not Found,,,,,
i.ytimg.com,Targeted Advertising cookies (including social media),Google Inc.,ETag,bench_new_T3_102367,,,TRUE,https://www.CLIENT_X.com.pk/c-f/XC000021305/how-do-i-descale-my-CLIENT_X-garment-steamer-all-in-one-solution,Existing CM Trackers-Found,,,,,
widget-cdn.janraincapture.com,Performance cookies,Akamai,ETag,bench_new_T3_101539,,,,,Existing CM Trackers-Not Found,,,,,
doubleclick.net,Targeted Advertising cookies (including social media),Google Advertising Products,HTTP Cookie,bench_new_T3_101419,,390,TRUE,https://www.CLIENT_X.com.pk/,Existing CM Trackers-Found,,,,,
CLIENT_X.com.pk,Essential cookies,CLIENT_X - Pakistan,HTTP Cookie,bench_new_T3_101396,,session,TRUE,https://www.CLIENT_X.com.pk/,Existing CM Trackers-Found,,,,,
www.CLIENT_X.com.pk,Essential cookies,CLIENT_X - Pakistan,HTTP Cookie,bench_new_T3_100806,,,,,Existing CM Trackers-Not Found,,,,,
CLIENT_X.com.pk,Essential cookies,CLIENT_X - Pakistan,HTTP Cookie,bench_new_T3_102299,,session,TRUE,https://www.CLIENT_X.com.pk/,Existing CM Trackers-Found,,,,,
www.googleadservices.com,Targeted Advertising cookies (including social media),Google Advertising Products,ETag,bench_new_T3_101094,,,,,Existing CM Trackers-Not Found,,,,,
widget-cdn.janraincapture.com,Performance cookies,Akamai,JavaScript,bench_new_T3_101955,,,,,Existing CM Trackers-Not Found,,,,,
stats.g.doubleclick.net,Targeted Advertising cookies (including social media),Google Advertising Products,Beacon,bench_new_T3_101922,,,TRUE,http://www.CLIENT_X.com.pk/,Existing CM Trackers-Found,,,,,
CLIENT_X.com.pk,Essential cookies,CLIENT_X - Pakistan,HTTP Cookie,bench_new_T3_101173,,session,TRUE,https://www.CLIENT_X.com.pk/,Existing CM Trackers-Found,,,,,
www.lighting.CLIENT_X.com.pk,Essential cookies,Signify (formerly CLIENT_X Lighting),HTTP Cookie,bench_new_T3_101169,,,,,Existing CM Trackers-Not Found,,,,,
www.CLIENT_X.com.pk,Essential cookies,CLIENT_X - Pakistan,HTTP Cookie,bench_new_T3_101111,,1,,http://www.CLIENT_X.com.pk/,New First Party Trackers,,,,,
sc-static.net,Targeted Advertising cookies (including social media),Snap Inc.,ETag,bench_new_T3_102025,,,TRUE,https://www.CLIENT_X.com.pk/c-f/XC000002428/how-to-clean-the-brush-of-my-CLIENT_X-vacuum-cleaner,Existing CM Trackers-Found,,,,,
munchkin.marketo.net,Targeted Advertising cookies (including social media),Marketo,JavaScript,bench_new_T3_101839,,,,,Existing CM Trackers-Not Found,,,,,
c.amazon-adsystem.com,Targeted Advertising cookies (including social media),Amazon Ads,JavaScript,bench_new_T3_101390,,,,,Existing CM Trackers-Not Found,,,,,
doubleclick.net,Targeted Advertising cookies (including social media),Google Advertising Products,HTTP Cookie,bench_new_T3_100964,,,,,Existing CM Trackers-Not Found,,,,,
www.CLIENT_X.hr,Essential cookies (exempt from consent),CLIENT_X - Croatia,HTTP Cookie,mdLogger,,,,,Existing CM Trackers-Not Found,,,,,
tr.snapchat.com,Targeted Advertising cookies (including social media),Snap Inc.,JavaScript,bench_new_T3_102021,,,TRUE,https://www.CLIENT_X.com.pk/c-f/XC000002428/how-to-clean-the-brush-of-my-CLIENT_X-vacuum-cleaner,Existing CM Trackers-Found,,,,,
CLIENT_X.com.pk,Essential cookies,CLIENT_X - Pakistan,HTTP Cookie,bench_new_T3_101349,,session,TRUE,https://www.CLIENT_X.com.pk/,Existing CM Trackers-Found,,,,,
www.CLIENT_X.com.pk,Essential cookies,CLIENT_X - Pakistan,ETag,bench_new_T3_100949,,,TRUE,http://www.CLIENT_X.com.pk/,Existing CM Trackers-Found,,,,,
CLIENT_X.com.pk,Essential cookies,CLIENT_X - Pakistan,HTTP Cookie,bench_new_T3_101734,,,,,Existing CM Trackers-Not Found,,,,,
connect.facebook.net,Targeted Advertising cookies (including social media),Meta (formerly Facebook),Beacon,_ga_failed_lookup_marker_63_1145,,,TRUE,https://www.CLIENT_X.com.pk/c-e/au/car-lights/automotive-articles.html?npagination=110,Existing CM Trackers-Found,,,,,
company-target.com,Targeted Advertising cookies (including social media),"Demandbase, Inc.",HTTP Cookie,bench_new_T3_101595,,396,TRUE,https://www.CLIENT_X.com.pk/a-w/cookie-notice.html,Existing CM Trackers-Found,,,,,
www.CLIENT_X.no,Essential cookies (exempt from consent),CLIENT_X - Norway,HTTP Cookie,fl_qualified_entry,,bench_update_duration,TRUE,http://www.CLIENT_X.com.pk/,Existing CM Trackers-Found,,,,,
*.en25.com,Targeted Advertising cookies (including social media),Oracle Marketing,JavaScript,bench_new_T3_102326,,,,https://www.CLIENT_X.com.pk/healthcare,Existing CM Trackers-Found,,,,,
code.jquery.com,Performance cookies,jQuery,JavaScript,bench_new_T3_100900,,,,,Existing CM Trackers-Not Found,,,,,
www.CLIENT_X.com.pk,Performance cookies,CLIENT_X - Pakistan,HTTP Cookie,bench_new_T3_101676,,session,TRUE,http://www.CLIENT_X.com.pk/,Existing CM Trackers-Found,,,,,
CLIENT_X.com.pk,Essential cookies,CLIENT_X - Pakistan,HTTP Cookie,bench_new_T3_100934,,,,,Existing CM Trackers-Not Found,,,,,
static.hotjar.com,Performance cookies,Hotjar,ETag,bench_new_T3_102232,,,,,Existing CM Trackers-Not Found,,,,,
www.CLIENT_X.com.pk,Essential cookies,CLIENT_X - Pakistan,HTTP Cookie,bench_new_T3_101698,,365,TRUE,http://www.CLIENT_X.com.pk/,Existing CM Trackers-Found,,,,,
CLIENT_X.com.pk,Essential cookies,CLIENT_X - Pakistan,HTTP Cookie,bench_new_T3_101281,,session,TRUE,https://www.CLIENT_X.com.pk/,Existing CM Trackers-Found,,,,,
pages.information.signify.com,Performance cookies,Signify (formerly CLIENT_X Lighting),JavaScript,bench_new_T3_101118,,,,,Existing CM Trackers-Not Found,,,,,
www.lighting.CLIENT_X.ua,Essential cookies (exempt from consent),Signify (formerly CLIENT_X Lighting),JavaScript,blank (java),,,,,Existing CM Trackers-Not Found,,,,,
CLIENT_X.com.pk,Essential cookies,CLIENT_X - Pakistan,HTTP Cookie,bench_new_T3_100885,,,,https://www.CLIENT_X.com.pk/,Existing CM Trackers-Found,,,,,
linkedin.com,Targeted Advertising cookies (including social media),LinkedIn,HTTP Cookie,bench_new_T3_101878,,365,TRUE,https://www.CLIENT_X.com.pk/c-e/ho/cooking/airfryer-xxl,Existing CM Trackers-Found,,,,,
consent-st.trustarc.com,Essential cookies,TrustArc,JavaScript,bench_new_T3_101786,,,TRUE,https://www.CLIENT_X.com.pk/healthcare,Existing CM Trackers-Found,,,,,
www.CLIENT_X.com.pk,Essential cookies,CLIENT_X - Pakistan,HTTP Cookie,bench_new_T3_100979,,0,,http://www.CLIENT_X.com.pk/,New First Party Trackers,,,,,
www.CLIENT_X.com.pk,Essential cookies,CLIENT_X - Pakistan,HTTP Cookie,bench_new_T3_101772,,365,TRUE,http://www.CLIENT_X.com.pk/,Existing CM Trackers-Found,,,,,
snapchat.com,Targeted Advertising cookies (including social media),Snap Inc.,HTTP Cookie,bench_new_T3_102258,,390,TRUE,https://www.CLIENT_X.com.pk/c-e/ho/cooking/airfryer-xxl,Existing CM Trackers-Found,,,,,
www.lighting.CLIENT_X.com.pk,Essential cookies,Signify (formerly CLIENT_X Lighting),HTTP Cookie,bench_new_T3_101473,,,,,Existing CM Trackers-Not Found,,,,,
snap.licdn.com,Performance cookies,LinkedIn,JavaScript,bench_new_T3_101699,,,TRUE,https://www.CLIENT_X.com.pk/c-e/ho/cooking/airfryer-xxl,Existing CM Trackers-Found,,,,,
consent.truste.com,Essential cookies,TrustArc,JavaScript,bench_new_T3_101299,,,,,Existing CM Trackers-Not Found,,,,,
cdn.speedcurve.com,Performance cookies,Speedcurve,JavaScript,_ga_failed_lookup_marker_63_1166,,,,http://www.CLIENT_X.com.pk/,New Third Party Trackers,,,,,
CLIENT_X.112.2o7.net,Performance cookies,"Adobe Audience Manager, Adobe Experience Cloud",Beacon,bench_new_T3_100943,,,TRUE,http://www.CLIENT_X.com.pk/,Existing CM Trackers-Found,,,,,
www.CLIENT_X.com.pk,Essential cookies,CLIENT_X - Pakistan,HTTP Cookie,bench_new_T3_102247,,365,TRUE,http://www.CLIENT_X.com.pk/,Existing CM Trackers-Found,,,,,
CLIENT_X.com.pk,Essential cookies,CLIENT_X - Pakistan,HTTP Cookie,bench_new_T3_102210,,0,TRUE,https://www.CLIENT_X.com.pk/,Existing CM Trackers-Found,,,,,
www.googleapis.com,Performance cookies,Google Inc.,JavaScript,bench_new_T3_101760,,,TRUE,https://www.CLIENT_X.com.pk/c-f/XC000021305/how-do-i-descale-my-CLIENT_X-garment-steamer-all-in-one-solution,Existing CM Trackers-Found,,,,,
CLIENT_X.cl,Essential cookies (exempt from consent),CLIENT_X - Chile,HTTP Cookie,s_cm_direct,,,,,Existing CM Trackers-Not Found,,,,,
www.youtube.com,Targeted Advertising cookies (including social media),Google Advertising Products,JavaScript,bench_new_T3_102115,,,TRUE,https://www.CLIENT_X.com.pk/c-f/XC000004492/how-do-i-get-the-best-results-with-my-CLIENT_X-shaver,Existing CM Trackers-Found,,,,,
connect.facebook.net,Targeted Advertising cookies (including social media),Meta (formerly Facebook),JavaScript,_ga_failed_lookup_marker_63_1173,,,TRUE,http://www.CLIENT_X.com.pk/,Existing CM Trackers-Found,,,,,
www.CLIENT_X.nl,Essential cookies (exempt from consent),CLIENT_X - Netherlands,HTTP Cookie,AWSELBCORS,,0,,https://www.CLIENT_X.com.pk/c-m-so/monitors,New Third Party Trackers,,,,,
CLIENT_X.com.pk,Essential cookies,CLIENT_X - Pakistan,HTTP Cookie,bench_new_T3_101324,,365,,https://www.CLIENT_X.com.pk/,New First Party Trackers,,,,,
CLIENT_X.com.pk,Performance cookies,CLIENT_X - Pakistan,HTTP Cookie,bench_new_T3_101748,,,,,Existing CM Trackers-Not Found,,,,,
CLIENT_X.com.pk,Performance cookies,CLIENT_X - Pakistan,HTTP Cookie,bench_new_T3_101505,,session,TRUE,https://www.CLIENT_X.com.pk/,Existing CM Trackers-Found,,,,,
CLIENT_X.com.pk,Essential cookies,CLIENT_X - Pakistan,HTTP Cookie,bench_new_T3_100975,,,,,Existing CM Trackers-Not Found,,,,,
nebula-cdn.kampyle.com,Performance cookies,Medallia,JavaScript,bench_new_T3_101559,,,TRUE,http://www.CLIENT_X.com.pk/,Existing CM Trackers-Found,,,,,
www.docs.lighting.CLIENT_X.com,Performance cookies,Signify (formerly CLIENT_X Lighting),JavaScript,_ga_failed_lookup_marker_63_1180,,,,,Existing CM Trackers-Not Found,,,,,
cdn.speedcurve.com,Performance cookies,Speedcurve,JavaScript,bench_new_T3_101375,,,,http://www.CLIENT_X.com.pk/,New Third Party Trackers,,,,,
pixel.rubiconproject.com,Targeted Advertising cookies (including social media),"Magnite, Inc.",Beacon,_ga_failed_lookup_marker_63_1182,,,TRUE,https://www.CLIENT_X.com.pk/a-w/cookie-notice,Existing CM Trackers-Found,,,,,
CLIENT_X.com.pk,Essential cookies,CLIENT_X - Pakistan,HTTP Cookie,bench_new_T3_101598,,session,TRUE,https://www.CLIENT_X.com.pk/,Existing CM Trackers-Found,,,,,
CLIENT_X.ch,Essential cookies (exempt from consent),CLIENT_X - Switzerland,HTTP Cookie,_gat_UA-XXX,,bench_update_duration,TRUE,https://www.CLIENT_X.com.pk/c-f/XC000021305/how-do-i-descale-my-CLIENT_X-garment-steamer-all-in-one-solution,Existing CM Trackers-Found,,,,,
www.realpro.lighting.CLIENT_X.com,Essential cookies,Koninklijke CLIENT_X N.V.,ETag,bench_new_T3_101651,,,,,Existing CM Trackers-Not Found,,,,,
www.lighting.CLIENT_X.com.pk,Essential cookies,Signify (formerly CLIENT_X Lighting),HTTP Cookie,bench_new_T3_101465,,,,,Existing CM Trackers-Not Found,,,,,
CLIENT_X.com.pk,Essential cookies,CLIENT_X - Pakistan,HTTP Cookie,bench_new_T3_101498,,393,TRUE,https://www.CLIENT_X.com.pk/,Existing CM Trackers-Found,,,,,
www.lighting.CLIENT_X.com,Performance cookies,Signify (formerly CLIENT_X Lighting),JavaScript,bench_new_T3_102087,,,,,Existing CM Trackers-Not Found,,,,,
lighting.CLIENT_X.co.za,Essential cookies (exempt from consent),Signify (formerly CLIENT_X Lighting),HTTP Cookie,s_sid,,bench_update_duration,TRUE,http://www.CLIENT_X.com.pk/,Existing CM Trackers-Found,,,,,
www.CLIENT_X.com.pk,Essential cookies,CLIENT_X - Pakistan,HTTP Cookie,_ga_failed_lookup_marker_63_1190,,,,,Existing CM Trackers-Not Found,,,,,
c.amazon-adsystem.com,Targeted Advertising cookies (including social media),Amazon Ads,ETag,bench_new_T3_102256,,,,,Existing CM Trackers-Not Found,,,,,
beacon.speedcurve.com,Performance cookies,Speedcurve,Beacon,bench_new_T3_100955,,,,https://www.CLIENT_X.com.pk/c-e/au/car-lights/automotive-articles.html?npagination=167,New Third Party Trackers,,,,,
lighting.CLIENT_X.com.pk,Essential cookies,Signify (formerly CLIENT_X Lighting),HTTP Cookie,bench_new_T3_101255,,,,,Existing CM Trackers-Not Found,,,,,
CLIENT_Xb2c.my.site.com,Performance cookies,"Salesforce.com, Inc.",JavaScript,bench_new_T3_101257,,,TRUE,https://www.CLIENT_X.com.pk/c-f/XC000001050/are-CLIENT_X-avent-cups-compatible-with-other-avent-products,Existing CM Trackers-Found,,,,,
sc-static.net,Targeted Advertising cookies (including social media),Snap Inc.,JavaScript,bench_new_T3_101458,,,TRUE,https://www.CLIENT_X.com.pk/c-e/ho/cooking/airfryer-xxl,Existing CM Trackers-Found,,,,,
www.crsc.lighting.CLIENT_X.com,Performance cookies,Signify (formerly CLIENT_X Lighting),JavaScript,bench_new_T3_100814,,,,,Existing CM Trackers-Not Found,,,,,
lighting.CLIENT_X.com.pk,Essential cookies,Signify (formerly CLIENT_X Lighting),HTTP Cookie,bench_new_T3_102216,,,,,Existing CM Trackers-Not Found,,,,,
www.lighting.CLIENT_X.com,Performance cookies,Signify (formerly CLIENT_X Lighting),JavaScript,bench_new_T3_102010,,,,,Existing CM Trackers-Not Found,,,,,
script.hotjar.com,Targeted Advertising cookies (including social media),Hotjar,ETag,bench_new_T3_101514,,,,,Existing CM Trackers-Not Found,,,,,
CLIENT_X.co.ke,Essential cookies (exempt from consent),CLIENT_X - Kenya,HTTP Cookie,s_eVar44,,,,,Existing CM Trackers-Not Found,,,,,
www.accounts.CLIENT_X.com,Essential cookies,Koninklijke CLIENT_X N.V.,ETag,bench_new_T3_101144,,,,,Existing CM Trackers-Not Found,,,,,
dpm.demdex.net,Targeted Advertising cookies (including social media),"Adobe Audience Manager, Adobe Experience Cloud",Beacon,bench_new_T3_101409,,,,,Existing CM Trackers-Not Found,,,,,
www.CLIENT_X.com.pk,Essential cookies,CLIENT_X - Pakistan,HTTP Cookie,bench_new_T3_102028,,365,TRUE,http://www.CLIENT_X.com.pk/,Existing CM Trackers-Found,,,,,
lighting.CLIENT_X.com.pk,Essential cookies,Signify (formerly CLIENT_X Lighting),HTTP Cookie,bench_new_T3_101804,,,,,Existing CM Trackers-Not Found,,,,,
smetrics.marketing.lighting.CLIENT_X.com.pk,Essential cookies,CLIENT_X - Pakistan,JavaScript,bench_new_T3_102378,,,,,Existing CM Trackers-Not Found,,,,,
yandex.ru,Targeted Advertising Cookies (including social media) [Requires consent],Yandex,HTTP Cookie,i,,bench_update_duration,,,Existing CM Trackers-Not Found,,,,,
doubleclick.net,Targeted Advertising cookies (including social media),Google Advertising Products,HTTP Cookie,bench_new_T3_101709,,0,TRUE,https://www.CLIENT_X.com.pk/,Existing CM Trackers-Found,,,,,
youtube.com,Targeted Advertising cookies (including social media),Google Advertising Products,HTTP Cookie,bench_new_T3_101126,,180,TRUE,https://www.CLIENT_X.com.pk/c-m-so/monitors,Existing CM Trackers-Found,,,,,
www.CLIENT_X.ru,Essential cookies (exempt from consent),CLIENT_X - Russia,HTTP Cookie,kampyleSessionPageCounter,,bench_update_duration,,,Existing CM Trackers-Not Found,,,,,
www.CLIENT_X.com.pk,Essential cookies,CLIENT_X - Pakistan,HTTP Cookie,bench_new_T3_102094,,0,,http://www.CLIENT_X.com.pk/,New First Party Trackers,,,,,
CLIENT_X.com.pk,Essential cookies,CLIENT_X - Pakistan,HTTP Cookie,bench_new_T3_101918,,,,,Existing CM Trackers-Not Found,,,,,
tracker-detail-page.trustarc.com,Essential cookies,TrustArc,JavaScript,bench_new_T3_100894,,,,https://www.CLIENT_X.com.pk/a-w/cookie-notice,New Third Party Trackers,,,,,
www.lighting.CLIENT_X.ie,Essential cookies (exempt from consent),Signify (formerly CLIENT_X Lighting),HTTP Cookie,customer_language_accept,,180,TRUE,https://www.CLIENT_X.com.pk/c-e/ho/cooking/airfryer-xxl,Existing CM Trackers-Found,,,,,
CLIENT_X.com.pk,Essential cookies,CLIENT_X - Pakistan,HTTP Cookie,bench_new_T3_101674,,393,TRUE,https://www.CLIENT_X.com.pk/,Existing CM Trackers-Found,,,,,
static.hotjar.com,Performance cookies,Hotjar,ETag,bench_new_T3_101914,,,,,Existing CM Trackers-Not Found,,,,,
CLIENT_X.lt,Essential cookies (exempt from consent),CLIENT_X - Lithuania,HTTP Cookie,s_vtime,,bench_update_duration,,,Existing CM Trackers-Not Found,,,,,
lighting.CLIENT_X.com.pk,Essential cookies,Signify (formerly CLIENT_X Lighting),HTTP Cookie,bench_new_T3_102253,,,,,Existing CM Trackers-Not Found,,,,,
assets.adobedtm.com,Performance cookies,Adobe Inc.,ETag,bench_new_T3_102344,,,,,Existing CM Trackers-Not Found,,,,,
maps.googleapis.com,Performance cookies,Google Inc.,ETag,bench_new_T3_101080,,,TRUE,https://www.CLIENT_X.com.pk/c-m-au/car-lights/store-locator,Existing CM Trackers-Found,,,,,
*.mktoweb.com,Targeted Advertising cookies (including social media),Marketo,JavaScript,bench_new_T3_101325,,,,,Existing CM Trackers-Not Found,,,,,
tremorhub.com,Targeted Advertising cookies (including social media),"Magnite CTV, Inc.",HTTP Cookie,bench_new_T3_101480,,400,TRUE,https://www.CLIENT_X.com.pk/a-w/cookie-notice.html,Existing CM Trackers-Found,,,,,
CLIENT_X.com,Essential cookies,Koninklijke CLIENT_X N.V.,HTTP Cookie,bench_new_T3_102012,,,,,Existing CM Trackers-Not Found,,,,,
www.CLIENT_X.jo,Essential cookies (exempt from consent),CLIENT_X - Jordan,HTTP Cookie,liveagent_vc,,bench_update_duration,,,Existing CM Trackers-Not Found,,,,,
eloqua.com,Targeted Advertising cookies (including social media),Oracle Marketing,HTTP Cookie,_ga_failed_lookup_marker_63_1224,,393,TRUE,https://www.CLIENT_X.com.pk/healthcare,Existing CM Trackers-Found,,,,,
agent-versuni.mindtouch.us,Performance cookies,MindTouch,HTTP Cookie,_ga_failed_lookup_marker_63_1225,,session,,https://www.CLIENT_X.com.pk/c-f/XC000021443/my-CLIENT_X-fan-makes-an-unusual-noise-when-oscillating,New Third Party Trackers,,,,,
maps.googleapis.com,Performance cookies,Google Inc.,ETag,bench_new_T3_102190,,,TRUE,https://www.CLIENT_X.com.pk/c-m-au/car-lights/store-locator,Existing CM Trackers-Found,,,,,
agent-versuni.mindtouch.us,Performance cookies,MindTouch,Beacon,bench_new_T3_101989,,,,https://www.CLIENT_X.com.pk/c-f/XC000021443/my-CLIENT_X-fan-makes-an-unusual-noise-when-oscillating,New Third Party Trackers,,,,,
nebula-cdn.kampyle.com,Performance cookies,Medallia,ETag,bench_new_T3_100904,,,TRUE,http://www.CLIENT_X.com.pk/,Existing CM Trackers-Found,,,,,
stats.g.doubleclick.net,Targeted Advertising cookies (including social media),Google Advertising Products,Beacon,bench_new_T3_102009,,,TRUE,http://www.CLIENT_X.com.pk/,Existing CM Trackers-Found,,,,,
CLIENT_X.com.pk,Essential cookies,CLIENT_X - Pakistan,HTTP Cookie,bench_new_T3_101626,,,,,Existing CM Trackers-Not Found,,,,,
CLIENT_X.com.pk,Essential cookies,CLIENT_X - Pakistan,HTTP Cookie,bench_new_T3_101293,,,,,Existing CM Trackers-Not Found,,,,,
widget-cdn.janraincapture.com,Performance cookies,Akamai,ETag,bench_new_T3_101103,,,,,Existing CM Trackers-Not Found,,,,,
CLIENT_X.com.pk,Essential cookies,CLIENT_X - Pakistan,Local Storage,_ga_failed_lookup_marker_63_1233,,,TRUE,https://www.CLIENT_X.com.pk/c-f/XC000001050/are-CLIENT_X-avent-cups-compatible-with-other-avent-products,Existing CM Trackers-Found,,,,,
www.CLIENT_X.com.pk,Essential cookies,CLIENT_X - Pakistan,HTTP Cookie,bench_new_T3_101830,,,,,Existing CM Trackers-Not Found,,,,,
www.CLIENT_X.be,Essential cookies (exempt from consent),CLIENT_X - Belgium,HTTP Cookie,kampyle_userid,,729,TRUE,https://www.CLIENT_X.com.pk/c-f/XC000002428/how-to-clean-the-brush-of-my-CLIENT_X-vacuum-cleaner,Existing CM Trackers-Found,,,,,
www.lighting.CLIENT_X.com.pk,Essential cookies,Signify (formerly CLIENT_X Lighting),HTTP Cookie,bench_new_T3_101990,,,,,Existing CM Trackers-Not Found,,,,,
versuni.scene7.com,Performance cookies,Adobe Experience Cloud - Experience Manager,ETag,bench_new_T3_102141,,,,https://www.CLIENT_X.com.pk/c-f/XC000021994/how-to-clean-the-dust-bucket-and-filter-of-my-CLIENT_X-1000-series-bagless-vacuum-cleaner,New Third Party Trackers,,,,,
CLIENT_X.com.pk,Essential cookies,CLIENT_X - Pakistan,HTTP Cookie,bench_new_T3_100963,,session,TRUE,https://www.CLIENT_X.com.pk/,Existing CM Trackers-Found,,,,,
casalemedia.com,Targeted Advertising cookies (including social media),Index Exchange Inc.,HTTP Cookie,_ga_failed_lookup_marker_63_1239,,90,TRUE,https://www.CLIENT_X.com.pk/a-w/cookie-notice.html,Existing CM Trackers-Found,,,,,
px.ads.linkedin.com,Targeted Advertising cookies (including social media),LinkedIn,JavaScript,bench_new_T3_101317,,,TRUE,https://www.CLIENT_X.com.pk/c-p/GC026_00/-,Existing CM Trackers-Found,,,,,
assets.adoberesources.net,Performance cookies,Adobe Inc.,JavaScript,bench_new_T3_101285,,,,,Existing CM Trackers-Not Found,,,,,
www.lighting.CLIENT_X.com.pk,Essential cookies,Signify (formerly CLIENT_X Lighting),HTTP Cookie,bench_new_T3_101483,,,,,Existing CM Trackers-Not Found,,,,,
www.docs.lighting.CLIENT_X.com,Performance cookies,Signify (formerly CLIENT_X Lighting),ETag,bench_new_T3_102127,,,,,Existing CM Trackers-Not Found,,,,,
cdn.jsdelivr.net,Performance cookies,Volentio JSD Limited,JavaScript,bench_new_T3_102111,,,,,Existing CM Trackers-Not Found,,,,,
cdn.speedcurve.com,Performance cookies,Speedcurve,JavaScript,bench_new_T3_101154,,,,http://www.CLIENT_X.com.pk/,New Third Party Trackers,,,,,
www.shop.CLIENT_X.ee,Essential cookies (exempt from consent),CLIENT_X - Republic of Estonia,HTTP Cookie,fl_qualified_entry,,,,,Existing CM Trackers-Not Found,,,,,
www.lighting.CLIENT_X.com.pk,Essential cookies,Signify (formerly CLIENT_X Lighting),HTTP Cookie,bench_new_T3_101763,,,,,Existing CM Trackers-Not Found,,,,,
www.gstatic.com,Performance cookies,Google Inc.,JavaScript,bench_new_T3_102300,,,TRUE,https://www.CLIENT_X.com.pk/healthcare/articles/sleep-apnea-compliance,Existing CM Trackers-Found,,,,,
youtube.com,Targeted Advertising cookies (including social media),Google Advertising Products,HTTP Cookie,_ga_failed_lookup_marker_63_1249,,session,TRUE,https://www.CLIENT_X.com.pk/c-m-so/monitors,Existing CM Trackers-Found,,,,,
tracker-detail-page.trustarc.com,Essential cookies,TrustArc,JavaScript,_ga_failed_lookup_marker_63_1250,,,,https://www.CLIENT_X.com.pk/a-w/cookie-notice,New Third Party Trackers,,,,,
assets.adoberesources.net,Performance cookies,Adobe Inc.,JavaScript,bench_new_T3_101291,,,,,Existing CM Trackers-Not Found,,,,,
www.lampreplacementtool.CLIENT_X.com,Essential cookies,Koninklijke CLIENT_X N.V.,ETag,bench_new_T3_101931,,,,,Existing CM Trackers-Not Found,,,,,
tracker-detail-page.trustarc.com,Essential cookies,TrustArc,JavaScript,bench_new_T3_102112,,,,https://www.CLIENT_X.com.pk/a-w/cookie-notice,New Third Party Trackers,,,,,
tremorhub.com,Targeted Advertising cookies (including social media),"Magnite CTV, Inc.",HTTP Cookie,bench_new_T3_101221,,365,TRUE,https://www.CLIENT_X.com.pk/a-w/cookie-notice.html,Existing CM Trackers-Found,,,,,
www.gstatic.com,Performance cookies,Google Inc.,JavaScript,bench_new_T3_102302,,,TRUE,https://www.CLIENT_X.com.pk/healthcare/articles/sleep-apnea-compliance,Existing CM Trackers-Found,,,,,
googleads.g.doubleclick.net,Targeted Advertising cookies (including social media),Google Advertising Products,Beacon,bench_new_T3_101750,,,TRUE,http://www.CLIENT_X.com.pk/,Existing CM Trackers-Found,,,,,
CLIENT_X.com.pk,Essential cookies,CLIENT_X - Pakistan,HTTP Cookie,bench_new_T3_100875,,,,,Existing CM Trackers-Not Found,,,,,
CLIENT_X.com.pk,Essential cookies,CLIENT_X - Pakistan,HTTP Cookie,bench_new_T3_101347,,,,,Existing CM Trackers-Not Found,,,,,
maps.googleapis.com,Performance cookies,Google Inc.,JavaScript,bench_new_T3_102379,,,TRUE,https://www.CLIENT_X.com.pk/c-m-au/car-lights/store-locator,Existing CM Trackers-Found,,,,,
CLIENT_X.com.pk,Essential cookies,CLIENT_X - Pakistan,HTTP Cookie,bench_new_T3_101801,,400,,https://www.CLIENT_X.com.pk/,New First Party Trackers,,,,,
www.CLIENT_X.com.pk,Essential cookies,CLIENT_X - Pakistan,JavaScript,bench_new_T3_101770,,,TRUE,http://www.CLIENT_X.com.pk/,Existing CM Trackers-Found,,,,,
CLIENT_X.com.pk,Essential cookies,CLIENT_X - Pakistan,HTTP Cookie,bench_new_T3_102158,,session,TRUE,https://www.CLIENT_X.com.pk/,Existing CM Trackers-Found,,,,,
CLIENT_X.com.pk,Essential cookies,CLIENT_X - Pakistan,HTTP Cookie,bench_new_T3_102349,,,,,Existing CM Trackers-Not Found,,,,,
consent.truste.com,Essential cookies,TrustArc,JavaScript,bench_new_T3_101041,,,,,Existing CM Trackers-Not Found,,,,,
consent-st.trustarc.com,Essential cookies,TrustArc,JavaScript,bench_new_T3_102140,,,TRUE,https://www.CLIENT_X.com.pk/healthcare,Existing CM Trackers-Found,,,,,
www.accounts.CLIENT_X.com,Essential cookies,Koninklijke CLIENT_X N.V.,JavaScript,_ga_failed_lookup_marker_63_1266,,,,,Existing CM Trackers-Not Found,,,,,
assets.adoberesources.net,Performance cookies,Adobe Inc.,JavaScript,bench_new_T3_101823,,,,,Existing CM Trackers-Not Found,,,,,
www.CLIENT_X.com.pk,Essential cookies,CLIENT_X - Pakistan,HTTP Cookie,bench_new_T3_101874,,,,,Existing CM Trackers-Not Found,,,,,
CLIENT_X.112.2o7.net,Performance cookies,"Adobe Audience Manager, Adobe Experience Cloud",Beacon,bench_new_T3_101081,,,TRUE,http://www.CLIENT_X.com.pk/,Existing CM Trackers-Found,,,,,
tag-logger.demandbase.com,Targeted Advertising cookies (including social media),"Demandbase, Inc.",ETag,bench_new_T3_101208,,,,https://www.CLIENT_X.com.pk/healthcare,New Third Party Trackers,,,,,
www.CLIENT_X.com.pk,Essential cookies,CLIENT_X - Pakistan,HTTP Cookie,bench_new_T3_101983,,365,TRUE,http://www.CLIENT_X.com.pk/,Existing CM Trackers-Found,,,,,
CLIENT_X.com.pk,Essential cookies,CLIENT_X - Pakistan,HTTP Cookie,bench_new_T3_102339,,,,,Existing CM Trackers-Not Found,,,,,
ssl.daumcdn.net,Targeted Advertising Cookies (including social media) [Requires consent],Kakao,JavaScript,-,,bench_update_duration,TRUE,https://www.CLIENT_X.com.pk/a-w/cookie-notice.html,Existing CM Trackers-Found,,,,,
lighting.CLIENT_X.com.pk,Essential cookies,Signify (formerly CLIENT_X Lighting),HTTP Cookie,bench_new_T3_101415,,,,,Existing CM Trackers-Not Found,,,,,
demdex.net,Targeted Advertising cookies (including social media),"Adobe Audience Manager, Adobe Experience Cloud",HTTP Cookie,bench_new_T3_102175,,,,,Existing CM Trackers-Not Found,,,,,
CLIENT_X.com.pk,Essential cookies,CLIENT_X - Pakistan,HTTP Cookie,_ga_failed_lookup_marker_63_1276,,0,TRUE,https://www.CLIENT_X.com.pk/,Existing CM Trackers-Found,,,,,
CLIENT_X.com.pk,Essential cookies,CLIENT_X - Pakistan,HTTP Cookie,_ga_failed_lookup_marker_63_1277,,session,TRUE,https://www.CLIENT_X.com.pk/,Existing CM Trackers-Found,,,,,
www.ledsavingscalculator.CLIENT_X.co.uk,Performance cookies,Signify (formerly CLIENT_X Lighting),ETag,_ga_failed_lookup_marker_63_1278,,,,,Existing CM Trackers-Not Found,,,,,
www.CLIENT_X.com.pk,Essential cookies,CLIENT_X - Pakistan,HTTP Cookie,_ga_failed_lookup_marker_63_1279,,,,,Existing CM Trackers-Not Found,,,,,
CLIENT_X.com.pk,Essential cookies,CLIENT_X - Pakistan,HTTP Cookie,bench_new_T3_101677,,0,TRUE,https://www.CLIENT_X.com.pk/,Existing CM Trackers-Found,,,,,
nebula-cdn.kampyle.com,Performance cookies,Medallia,ETag,bench_new_T3_102180,,,TRUE,http://www.CLIENT_X.com.pk/,Existing CM Trackers-Found,,,,,
www.CLIENT_X.com.pk,Essential cookies,CLIENT_X - Pakistan,HTTP Cookie,bench_new_T3_102206,,6,,http://www.CLIENT_X.com.pk/,New First Party Trackers,,,,,
pagead2.googlesyndication.com,Targeted Advertising cookies (including social media),Google Advertising Products,Beacon,bench_new_T3_101404,,,,,Existing CM Trackers-Not Found,,,,,
CLIENT_X.com.ph,Essential cookies (exempt from consent),CLIENT_X - Philippines,HTTP Cookie,_mkto_trk,,bench_update_duration,TRUE,https://www.CLIENT_X.com.pk/c-m-au/car-lights/store-locator,Existing CM Trackers-Found,,,,,
www.lighting.CLIENT_X.com.pk,Essential cookies,Signify (formerly CLIENT_X Lighting),HTTP Cookie,bench_new_T3_102017,,,,,Existing CM Trackers-Not Found,,,,,
CLIENT_X.com.pk,Essential cookies,CLIENT_X - Pakistan,HTTP Cookie,bench_new_T3_101594,,393,TRUE,https://www.CLIENT_X.com.pk/,Existing CM Trackers-Found,,,,,
w.usabilla.com,Performance cookies,GetFeedback,JavaScript,bench_new_T3_101836,,,,,Existing CM Trackers-Not Found,,,,,
assets.adobedtm.com,Performance cookies,Adobe Inc.,JavaScript,bench_new_T3_101287,,,,,Existing CM Trackers-Not Found,,,,,
CLIENT_Xb2c.my.site.com,Performance cookies,"Salesforce.com, Inc.",JavaScript,bench_new_T3_101868,,,TRUE,https://www.CLIENT_X.com.pk/c-f/XC000001050/are-CLIENT_X-avent-cups-compatible-with-other-avent-products,Existing CM Trackers-Found,,,,,
CLIENT_X.com.pk,Performance cookies,CLIENT_X - Pakistan,HTTP Cookie,bench_new_T3_101910,,0,TRUE,https://www.CLIENT_X.com.pk/,Existing CM Trackers-Found,,,,,
www.docs.lighting.CLIENT_X.com,Performance cookies,Signify (formerly CLIENT_X Lighting),ETag,_ga_failed_lookup_marker_63_1291,,,,,Existing CM Trackers-Not Found,,,,,
lighting.CLIENT_X.com.pk,Essential cookies,Signify (formerly CLIENT_X Lighting),HTTP Cookie,bench_new_T3_102245,,,,,Existing CM Trackers-Not Found,,,,,
CLIENT_X.112.2o7.net,Performance cookies,"Adobe Audience Manager, Adobe Experience Cloud",Beacon,bench_new_T3_101924,,,TRUE,http://www.CLIENT_X.com.pk/,Existing CM Trackers-Found,,,,,
lighting.CLIENT_X.com.ph,Essential cookies (exempt from consent),CLIENT_X - Philippines,HTTP Cookie,s_nr30,,session,TRUE,https://www.CLIENT_X.com.pk/,Existing CM Trackers-Found,,,,,
assets.adoberesources.net,Performance cookies,Adobe Inc.,ETag,bench_new_T3_101718,,,,,Existing CM Trackers-Not Found,,,,,
www.CLIENT_X.com.pk,Essential cookies,CLIENT_X - Pakistan,HTTP Cookie,bench_new_T3_101556,,6,,http://www.CLIENT_X.com.pk/,New First Party Trackers,,,,,
doubleclick.net,Targeted Advertising cookies (including social media),Google Advertising Products,HTTP Cookie,bench_new_T3_101769,,,,,Existing CM Trackers-Not Found,,,,,
lighting.CLIENT_X.com.pk,Essential cookies,Signify (formerly CLIENT_X Lighting),HTTP Cookie,bench_new_T3_101703,,,,,Existing CM Trackers-Not Found,,,,,
www.CLIENT_X.ie,Essential cookies (exempt from consent),CLIENT_X - Ireland,HTTP Cookie,AWSELBCORS,,bench_update_duration,,,Existing CM Trackers-Not Found,,,,,
www.lighting.CLIENT_X.com.vn,Essential cookies (exempt from consent),Signify (formerly CLIENT_X Lighting),HTTP Cookie,AWSELB,,bench_update_duration,,,Existing CM Trackers-Not Found,,,,,
CLIENT_X.com.pk,Essential cookies,CLIENT_X - Pakistan,HTTP Cookie,bench_new_T3_102197,,session,TRUE,https://www.CLIENT_X.com.pk/,Existing CM Trackers-Found,,,,,
maps.googleapis.com,Performance cookies,Google Inc.,JavaScript,_ga_failed_lookup_marker_63_1302,,,TRUE,https://www.CLIENT_X.com.pk/c-m-au/car-lights/store-locator,Existing CM Trackers-Found,,,,,
CLIENT_X.com.pk,Essential cookies,CLIENT_X - Pakistan,HTTP Cookie,bench_new_T3_100811,,,,,Existing CM Trackers-Not Found,,,,,
images.CLIENT_X.com,Essential cookies,Koninklijke CLIENT_X N.V.,JavaScript,bench_new_T3_101765,,,TRUE,https://www.CLIENT_X.com.pk/c-f/XC000001781/how-to-assemble-the-CLIENT_X-avent-comfort-breast-pump,Existing CM Trackers-Found,,,,,
CLIENT_X.com.pk,Essential cookies,CLIENT_X - Pakistan,HTTP Cookie,bench_new_T3_102050,,,,,Existing CM Trackers-Not Found,,,,,
www.accounts.CLIENT_X.com,Essential cookies,Koninklijke CLIENT_X N.V.,ETag,bench_new_T3_102317,,,,,Existing CM Trackers-Not Found,,,,,
CLIENT_X.com.pk,Essential cookies,CLIENT_X - Pakistan,HTTP Cookie,bench_new_T3_102291,,400,TRUE,https://www.CLIENT_X.com.pk/,Existing CM Trackers-Found,,,,,
www.abonnementen.CLIENT_X.nl,Essential cookies (exempt from consent),CLIENT_X - Netherlands,HTTP Cookie,kampyleUserSessionsCount,,bench_update_duration,TRUE,https://www.CLIENT_X.com.pk/c-f/XC000004492/how-do-i-get-the-best-results-with-my-CLIENT_X-shaver,Existing CM Trackers-Found,,,,,
lighting.CLIENT_X.co.in,Essential cookies (exempt from consent),Signify (formerly CLIENT_X Lighting),HTTP Cookie,s_nr,,,,,Existing CM Trackers-Not Found,,,,,
CLIENT_X.com.pk,Essential cookies,CLIENT_X - Pakistan,Local Storage,bench_new_T3_101898,,,TRUE,https://www.CLIENT_X.com.pk/c-f/XC000001050/are-CLIENT_X-avent-cups-compatible-with-other-avent-products,Existing CM Trackers-Found,,,,,
www.lighting.CLIENT_X.com,Performance cookies,Signify (formerly CLIENT_X Lighting),JavaScript,bench_new_T3_102284,,,,,Existing CM Trackers-Not Found,,,,,
www.CLIENT_X.com.tr,Essential cookies (exempt from consent),CLIENT_X - Turkey,HTTP Cookie,AWSELB,,bench_update_duration,TRUE,https://www.CLIENT_X.com.pk/a-w/cookie-notice.html,Existing CM Trackers-Found,,,,,
cdn.jsdelivr.net,Performance cookies,Volentio JSD Limited,ETag,bench_new_T3_102337,,,,,Existing CM Trackers-Not Found,,,,,
CLIENT_X.com.pk,Essential cookies,CLIENT_X - Pakistan,HTTP Cookie,bench_new_T3_100880,,,,,Existing CM Trackers-Not Found,,,,,
www.CLIENT_X.com.pk,Essential cookies,CLIENT_X - Pakistan,HTTP Cookie,bench_new_T3_102018,,,,,Existing CM Trackers-Not Found,,,,,
www.CLIENT_X.com,Essential cookies,Koninklijke CLIENT_X N.V.,ETag,bench_new_T3_102356,,,TRUE,https://www.CLIENT_X.com.pk/c-e/au/car-lights/automotive-articles.html,Existing CM Trackers-Found,,,,,
www.lighting.CLIENT_X.com.pk,Essential cookies,Signify (formerly CLIENT_X Lighting),ETag,bench_new_T3_100982,,,,,Existing CM Trackers-Not Found,,,,,
www.accounts.CLIENT_X.com,Essential cookies,Koninklijke CLIENT_X N.V.,JavaScript,bench_new_T3_100844,,,,,Existing CM Trackers-Not Found,,,,,
lighting.CLIENT_X.com.pk,Essential cookies,Signify (formerly CLIENT_X Lighting),HTTP Cookie,bench_new_T3_101251,,,,,Existing CM Trackers-Not Found,,,,,
CLIENT_X.ru,Essential cookies (exempt from consent),CLIENT_X - Russia,HTTP Cookie,_ym_uid,,,,,Existing CM Trackers-Not Found,,,,,
sc-static.net,Targeted Advertising cookies (including social media),Snap Inc.,HTTP Cookie,bench_new_T3_100921,,1,TRUE,https://www.CLIENT_X.com.pk/c-e/ho/cooking/airfryer-xxl,Existing CM Trackers-Found,,,,,
www.CLIENT_X.com.pk,Essential cookies,CLIENT_X - Pakistan,HTTP Cookie,bench_new_T3_101146,,1,,http://www.CLIENT_X.com.pk/,New First Party Trackers,,,,,
www.lighting.CLIENT_X.hr,Essential cookies (exempt from consent),Signify (formerly CLIENT_X Lighting),JavaScript,blank (java),,,,,Existing CM Trackers-Not Found,,,,,
doubleclick.net,Targeted Advertising cookies (including social media),Google Advertising Products,HTTP Cookie,bench_new_T3_102332,,30,TRUE,https://www.CLIENT_X.com.pk/,Existing CM Trackers-Found,,,,,
CLIENT_X.com.pk,Essential cookies,CLIENT_X - Pakistan,HTTP Cookie,bench_new_T3_102370,,365,,https://www.CLIENT_X.com.pk/,New First Party Trackers,,,,,
cdn.jsdelivr.net,Performance cookies,Volentio JSD Limited,JavaScript,_ga_failed_lookup_marker_63_1326,,,,,Existing CM Trackers-Not Found,,,,,
CLIENT_Xtest.scene7.com,Performance cookies,Adobe Experience Cloud - Experience Manager,ETag,_ga_failed_lookup_marker_63_1327,,,,,Existing CM Trackers-Not Found,,,,,
CLIENT_X.com.pk,Essential cookies,CLIENT_X - Pakistan,HTTP Cookie,bench_new_T3_102340,,session,TRUE,https://www.CLIENT_X.com.pk/,Existing CM Trackers-Found,,,,,
lighting.CLIENT_X.com.pk,Essential cookies,Signify (formerly CLIENT_X Lighting),HTTP Cookie,_ga_failed_lookup_marker_63_1329,,,,,Existing CM Trackers-Not Found,,,,,
eloqua.com,Targeted Advertising cookies (including social media),Oracle Marketing,HTTP Cookie,bench_new_T3_102387,,393,TRUE,https://www.CLIENT_X.com.pk/healthcare,Existing CM Trackers-Found,,,,,
doubleclick.net,Targeted Advertising cookies (including social media),Google Advertising Products,HTTP Cookie,bench_new_T3_102013,,,,,Existing CM Trackers-Not Found,,,,,
cdnjs.cloudflare.com,Performance cookies,Cloudflare,ETag,bench_new_T3_102005,,,,,Existing CM Trackers-Not Found,,,,,
www.lighting.CLIENT_X.com.pk,Essential cookies,Signify (formerly CLIENT_X Lighting),HTTP Cookie,bench_new_T3_101203,,,,,Existing CM Trackers-Not Found,,,,,
px.ads.linkedin.com,Targeted Advertising cookies (including social media),LinkedIn,JavaScript,bench_new_T3_101354,,,TRUE,https://www.CLIENT_X.com.pk/c-p/GC026_00/-,Existing CM Trackers-Found,,,,,
www.googletagmanager.com,Performance cookies,Google Inc.,JavaScript,bench_new_T3_101024,,,TRUE,http://www.CLIENT_X.com.pk/,Existing CM Trackers-Found,,,,,
nebula-cdn.kampyle.com,Performance cookies,Medallia,ETag,bench_new_T3_101357,,,TRUE,http://www.CLIENT_X.com.pk/,Existing CM Trackers-Found,,,,,
nebula-cdn.kampyle.com,Performance cookies,Medallia,JavaScript,bench_new_T3_101644,,,TRUE,http://www.CLIENT_X.com.pk/,Existing CM Trackers-Found,,,,,
*.casalemedia.com,Targeted Advertising cookies (including social media),Index Exchange Inc.,Beacon,bench_new_T3_101217,,,,https://www.CLIENT_X.com.pk/a-w/cookie-notice,Existing CM Trackers-Found,,,,,
linkedin.com,Targeted Advertising cookies (including social media),LinkedIn,HTTP Cookie,bench_new_T3_101749,,365,TRUE,https://www.CLIENT_X.com.pk/c-e/ho/cooking/airfryer-xxl,Existing CM Trackers-Found,,,,,
consent-st.trustarc.com,Essential cookies,TrustArc,JavaScript,bench_new_T3_100890,,,TRUE,https://www.CLIENT_X.com.pk/healthcare,Existing CM Trackers-Found,,,,,
www.realpro.lighting.CLIENT_X.com,Essential cookies,Koninklijke CLIENT_X N.V.,ETag,bench_new_T3_101002,,,,,Existing CM Trackers-Not Found,,,,,
company-target.com,Targeted Advertising cookies (including social media),"Demandbase, Inc.",HTTP Cookie,bench_new_T3_100867,,396,TRUE,https://www.CLIENT_X.com.pk/a-w/cookie-notice.html,Existing CM Trackers-Found,,,,,
c.amazon-adsystem.com,Targeted Advertising cookies (including social media),Amazon Ads,ETag,bench_new_T3_101512,,,,,Existing CM Trackers-Not Found,,,,,
www.gearselectiontool.lighting.CLIENT_X.com,Performance cookies,Signify (formerly CLIENT_X Lighting),ETag,bench_new_T3_100914,,,,,Existing CM Trackers-Not Found,,,,,
CLIENT_X.co.za,Essential cookies (exempt from consent),CLIENT_X - South Africa,HTTP Cookie,s_cm,,,,,Existing CM Trackers-Not Found,,,,,
assets.adoberesources.net,Performance cookies,Adobe Inc.,ETag,bench_new_T3_101664,,,,,Existing CM Trackers-Not Found,,,,,
www.docs.lighting.CLIENT_X.com,Performance cookies,Signify (formerly CLIENT_X Lighting),JavaScript,bench_new_T3_101254,,,,,Existing CM Trackers-Not Found,,,,,
youtube.com,Targeted Advertising cookies (including social media),Google Advertising Products,HTTP Cookie,bench_new_T3_101297,,180,TRUE,https://www.CLIENT_X.com.pk/c-m-so/monitors,Existing CM Trackers-Found,,,,,
CLIENT_X.com.pk,Essential cookies,CLIENT_X - Pakistan,HTTP Cookie,bench_new_T3_101814,,session,TRUE,https://www.CLIENT_X.com.pk/,Existing CM Trackers-Found,,,,,
consent-st.trustarc.com,Essential cookies,TrustArc,JavaScript,bench_new_T3_100994,,,TRUE,https://www.CLIENT_X.com.pk/healthcare,Existing CM Trackers-Found,,,,,
www.google.com,Essential cookies,Google Inc.,HTTP Cookie,bench_new_T3_101708,,179,TRUE,https://www.CLIENT_X.com.pk/healthcare/articles/sleep-apnea-compliance,Existing CM Trackers-Found,,,,,
CLIENT_X.com.pk,Essential cookies,CLIENT_X - Pakistan,HTTP Cookie,bench_new_T3_101222,,0,TRUE,https://www.CLIENT_X.com.pk/,Existing CM Trackers-Found,,,,,
*.fls.doubleclick.net,Targeted Advertising cookies (including social media),Google Advertising Products,Beacon,bench_new_T3_101197,,,,,Existing CM Trackers-Not Found,,,,,
www.CLIENT_X.com.pk,Essential cookies,CLIENT_X - Pakistan,HTTP Cookie,bench_new_T3_101177,,365,TRUE,http://www.CLIENT_X.com.pk/,Existing CM Trackers-Found,,,,,
lighting.CLIENT_X.com.pk,Essential cookies,Signify (formerly CLIENT_X Lighting),HTTP Cookie,bench_new_T3_101382,,,,,Existing CM Trackers-Not Found,,,,,
assets.adoberesources.net,Performance cookies,Adobe Inc.,ETag,bench_new_T3_101571,,,,,Existing CM Trackers-Not Found,,,,,
CLIENT_X.com.pk,Performance cookies,CLIENT_X - Pakistan,HTTP Cookie,bench_new_T3_101710,,,,,Existing CM Trackers-Not Found,,,,,
eloqua.com,Targeted Advertising cookies (including social media),Oracle Marketing,HTTP Cookie,bench_new_T3_100966,,393,TRUE,https://www.CLIENT_X.com.pk/healthcare,Existing CM Trackers-Found,,,,,
www.CLIENT_X.com.pk,Essential cookies,CLIENT_X - Pakistan,HTTP Cookie,bench_new_T3_102142,,365,TRUE,http://www.CLIENT_X.com.pk/,Existing CM Trackers-Found,,,,,
pages.information.signify.com,Performance cookies,Signify (formerly CLIENT_X Lighting),ETag,bench_new_T3_100829,,,,,Existing CM Trackers-Not Found,,,,,
www.googleapis.com,Performance cookies,Google Inc.,JavaScript,bench_new_T3_101149,,,TRUE,https://www.CLIENT_X.com.pk/c-f/XC000021305/how-do-i-descale-my-CLIENT_X-garment-steamer-all-in-one-solution,Existing CM Trackers-Found,,,,,
lighting.CLIENT_X.com.pk,Essential cookies,Signify (formerly CLIENT_X Lighting),HTTP Cookie,bench_new_T3_101722,,,,,Existing CM Trackers-Not Found,,,,,
www.lighting.CLIENT_X.com.pk,Essential cookies,Signify (formerly CLIENT_X Lighting),HTTP Cookie,bench_new_T3_102338,,,,,Existing CM Trackers-Not Found,,,,,
CLIENT_X.com.pk,Essential cookies,CLIENT_X - Pakistan,HTTP Cookie,bench_new_T3_102153,,,,,Existing CM Trackers-Not Found,,,,,
beacon.speedcurve.com,Performance cookies,Speedcurve,Beacon,bench_new_T3_101683,,,,https://www.CLIENT_X.com.pk/c-e/au/car-lights/automotive-articles.html?npagination=167,New Third Party Trackers,,,,,
www.CLIENT_X.com.tr,Essential cookies (exempt from consent),CLIENT_X - Turkey,HTTP Cookie,T01-recentlyViewedProducts,,,,,Existing CM Trackers-Not Found,,,,,
www.realpro.lighting.CLIENT_X.com,Essential cookies,Koninklijke CLIENT_X N.V.,ETag,bench_new_T3_101350,,,,,Existing CM Trackers-Not Found,,,,,
speech-support.zendesk.com,Targeted Advertising Cookies (including social media) [Requires consent],Zendesk,ETag,-,,bench_update_duration,TRUE,https://www.CLIENT_X.com.pk/a-w/cookie-notice.html,Existing CM Trackers-Found,,,,,
www.CLIENT_X.co.in,Essential cookies (exempt from consent),CLIENT_X - India,HTTP Cookie,liveagent_vc,,365,TRUE,http://www.CLIENT_X.com.pk/,Existing CM Trackers-Found,,,,,
CLIENT_X.com.pk,Essential cookies,CLIENT_X - Pakistan,HTTP Cookie,bench_new_T3_102264,,,,,Existing CM Trackers-Not Found,,,,,
www.healthcare.shop.CLIENT_X.co.uk,Essential cookies (exempt from consent),CLIENT_X - United Kingdom,Local Storage,blank (local storage),,390,TRUE,https://www.CLIENT_X.com.pk/c-e/ho/cooking/airfryer-xxl,Existing CM Trackers-Found,,,,,
CLIENT_X.com.pk,Essential cookies,CLIENT_X - Pakistan,HTTP Cookie,bench_new_T3_101162,,,,,Existing CM Trackers-Not Found,,,,,
.CLIENT_X.com,Performance Cookies [Requires consent],Google Inc.,HTTP Cookie,_ga,,400,TRUE,https://www.CLIENT_X.com.pk/c-e/ho/cooking/airfryer-xxl,Existing CM Trackers-Found,,,,,
smetrics.marketing.lighting.CLIENT_X.com.pk,Essential cookies,CLIENT_X - Pakistan,JavaScript,bench_new_T3_101619,,,,,Existing CM Trackers-Not Found,,,,,
CLIENT_Xtest.scene7.com,Performance cookies,Adobe Experience Cloud - Experience Manager,ETag,bench_new_T3_101936,,,,,Existing CM Trackers-Not Found,,,,,
CLIENT_X.com.cn,Essential cookies (exempt from consent),CLIENT_X - China,HTTP Cookie,s_cm,,,,,Existing CM Trackers-Not Found,,,,,
CLIENT_X.com.pk,Essential cookies,CLIENT_X - Pakistan,HTTP Cookie,bench_new_T3_101691,,90,TRUE,https://www.CLIENT_X.com.pk/,Existing CM Trackers-Found,,,,,
company-target.com,Targeted Advertising cookies (including social media),"Demandbase, Inc.",HTTP Cookie,bench_new_T3_101135,,396,TRUE,https://www.CLIENT_X.com.pk/a-w/cookie-notice.html,Existing CM Trackers-Found,,,,,
*.casalemedia.com,Targeted Advertising cookies (including social media),Index Exchange Inc.,Beacon,bench_new_T3_101295,,,,https://www.CLIENT_X.com.pk/a-w/cookie-notice,Existing CM Trackers-Found,,,,,
www.CLIENT_X.com.pk,Essential cookies,CLIENT_X - Pakistan,HTTP Cookie,bench_new_T3_101524,,,,,Existing CM Trackers-Not Found,,,,,
*.fls.doubleclick.net,Targeted Advertising cookies (including social media),Google Advertising Products,Beacon,bench_new_T3_101825,,,,,Existing CM Trackers-Not Found,,,,,
CLIENT_X.com.pk,Essential cookies,CLIENT_X - Pakistan,HTTP Cookie,bench_new_T3_101141,,0,TRUE,https://www.CLIENT_X.com.pk/,Existing CM Trackers-Found,,,,,
cdn.speedcurve.com,Performance cookies,Speedcurve,JavaScript,bench_new_T3_101459,,,,http://www.CLIENT_X.com.pk/,New Third Party Trackers,,,,,
casalemedia.com,Targeted Advertising cookies (including social media),Index Exchange Inc.,HTTP Cookie,_ga_failed_lookup_marker_63_1384,,90,TRUE,https://www.CLIENT_X.com.pk/a-w/cookie-notice.html,Existing CM Trackers-Found,,,,,
consent.truste.com,Essential cookies,TrustArc,JavaScript,bench_new_T3_101891,,,,,Existing CM Trackers-Not Found,,,,,
region1.analytics.google.com,Performance cookies,Google Inc.,Beacon,bench_new_T3_102399,,,TRUE,http://www.CLIENT_X.com.pk/,Existing CM Trackers-Found,,,,,
*.mktoweb.com,Targeted Advertising cookies (including social media),Marketo,Local Storage,bench_new_T3_101462,,,,,Existing CM Trackers-Not Found,,,,,
maps.googleapis.com,Performance cookies,Google Inc.,ETag,bench_new_T3_101474,,,TRUE,https://www.CLIENT_X.com.pk/c-m-au/car-lights/store-locator,Existing CM Trackers-Found,,,,,
www.CLIENT_X.com.pk,Essential cookies,CLIENT_X - Pakistan,HTTP Cookie,bench_new_T3_101236,,365,TRUE,http://www.CLIENT_X.com.pk/,Existing CM Trackers-Found,,,,,
CLIENT_Xb2c.my.site.com,Performance cookies,"Salesforce.com, Inc.",Beacon,bench_new_T3_102067,,,TRUE,https://www.CLIENT_X.com.pk/c-f/XC000001050/are-CLIENT_X-avent-cups-compatible-with-other-avent-products,Existing CM Trackers-Found,,,,,
casalemedia.com,Targeted Advertising cookies (including social media),Index Exchange Inc.,HTTP Cookie,bench_new_T3_102168,,365,TRUE,https://www.CLIENT_X.com.pk/a-w/cookie-notice.html,Existing CM Trackers-Found,,,,,
snap.licdn.com,Performance cookies,LinkedIn,JavaScript,bench_new_T3_101526,,,TRUE,https://www.CLIENT_X.com.pk/c-e/ho/cooking/airfryer-xxl,Existing CM Trackers-Found,,,,,
tremorhub.com,Targeted Advertising cookies (including social media),"Magnite CTV, Inc.",HTTP Cookie,bench_new_T3_101418,,400,TRUE,https://www.CLIENT_X.com.pk/a-w/cookie-notice.html,Existing CM Trackers-Found,,,,,
CLIENT_X.com.pk,Targeted Advertising cookies (including social media),CLIENT_X - Pakistan,HTTP Cookie,bench_new_T3_101079,,6,TRUE,https://www.CLIENT_X.com.pk/,Existing CM Trackers-Found,,,,,
googleads.g.doubleclick.net,Targeted Advertising cookies (including social media),Google Advertising Products,Beacon,bench_new_T3_101145,,,TRUE,http://www.CLIENT_X.com.pk/,Existing CM Trackers-Found,,,,,
www.accounts.CLIENT_X.com,Essential cookies,Koninklijke CLIENT_X N.V.,JavaScript,bench_new_T3_101766,,,,,Existing CM Trackers-Not Found,,,,,
doubleclick.net,Targeted Advertising cookies (including social media),Google Advertising Products,HTTP Cookie,_ga_failed_lookup_marker_63_1397,,30,TRUE,https://www.CLIENT_X.com.pk/,Existing CM Trackers-Found,,,,,
assets.adobedtm.com,Performance cookies,Adobe Inc.,JavaScript,bench_new_T3_101958,,,,,Existing CM Trackers-Not Found,,,,,
CLIENT_X.com.pk,Essential cookies,CLIENT_X - Pakistan,HTTP Cookie,bench_new_T3_101025,,,,,Existing CM Trackers-Not Found,,,,,
*.mktoweb.com,Targeted Advertising cookies (including social media),Marketo,HTTP Cookie,bench_new_T3_101168,,,,,Existing CM Trackers-Not Found,,,,,
CLIENT_Xb2c.my.site.com,Performance cookies,"Salesforce.com, Inc.",Local Storage,bench_new_T3_101883,,,TRUE,https://www.CLIENT_X.com.pk/c-f/XC000001050/are-CLIENT_X-avent-cups-compatible-with-other-avent-products,Existing CM Trackers-Found,,,,,
www.CLIENT_X.com.pk,Essential cookies,CLIENT_X - Pakistan,HTTP Cookie,bench_new_T3_101095,,365,TRUE,http://www.CLIENT_X.com.pk/,Existing CM Trackers-Found,,,,,
demdex.net,Targeted Advertising cookies (including social media),"Adobe Audience Manager, Adobe Experience Cloud",HTTP Cookie,_ga_failed_lookup_marker_63_1403,,,,,Existing CM Trackers-Not Found,,,,,
CLIENT_X.com.pk,Essential cookies,CLIENT_X - Pakistan,HTTP Cookie,bench_new_T3_102096,,,,,Existing CM Trackers-Not Found,,,,,
*.t.eloqua.com,Performance cookies,Oracle Marketing,JavaScript,bench_new_T3_101828,,,,https://www.CLIENT_X.com.pk/healthcare,New Third Party Trackers,,,,,
www.saude.CLIENT_X.com.br,Essential cookies (exempt from consent),CLIENT_X - Brazil,HTTP Cookie,vtex_segment,,,,,Existing CM Trackers-Not Found,,,,,
CLIENT_X.com.pk,Performance cookies,CLIENT_X - Pakistan,HTTP Cookie,bench_new_T3_101822,,,,,Existing CM Trackers-Not Found,,,,,
lighting.CLIENT_X.com.pk,Essential cookies,Signify (formerly CLIENT_X Lighting),HTTP Cookie,bench_new_T3_102148,,,,,Existing CM Trackers-Not Found,,,,,
munchkin.marketo.net,Targeted Advertising cookies (including social media),Marketo,ETag,bench_new_T3_100916,,,,,Existing CM Trackers-Not Found,,,,,
www.lighting.CLIENT_X.com.pk,Essential cookies,Signify (formerly CLIENT_X Lighting),HTTP Cookie,bench_new_T3_101090,,,,,Existing CM Trackers-Not Found,,,,,
www.docs.lighting.CLIENT_X.com,Performance cookies,Signify (formerly CLIENT_X Lighting),ETag,bench_new_T3_102046,,,,,Existing CM Trackers-Not Found,,,,,
CLIENT_X.com.pk,Essential cookies,CLIENT_X - Pakistan,HTTP Cookie,bench_new_T3_101192,,,,,Existing CM Trackers-Not Found,,,,,
*.mktoweb.com,Targeted Advertising cookies (including social media),Marketo,HTTP Cookie,bench_new_T3_101027,,,,,Existing CM Trackers-Not Found,,,,,
CLIENT_Xb2c.my.site.com,Performance cookies,"Salesforce.com, Inc.",Local Storage,bench_new_T3_101635,,,TRUE,https://www.CLIENT_X.com.pk/c-f/XC000001050/are-CLIENT_X-avent-cups-compatible-with-other-avent-products,Existing CM Trackers-Found,,,,,
CLIENT_Xtest.scene7.com,Performance cookies,Adobe Experience Cloud - Experience Manager,ETag,bench_new_T3_101928,,,,,Existing CM Trackers-Not Found,,,,,
consent-st.trustarc.com,Essential cookies,TrustArc,JavaScript,bench_new_T3_101424,,,TRUE,https://www.CLIENT_X.com.pk/healthcare,Existing CM Trackers-Found,,,,,
google.com,Performance cookies,Google Inc.,Local Storage,bench_new_T3_101817,,,TRUE,https://www.CLIENT_X.com.pk/healthcare/articles/sleep-apnea-compliance,Existing CM Trackers-Found,,,,,
tag.demandbase.com,Targeted Advertising cookies (including social media),"Demandbase, Inc.",ETag,bench_new_T3_102318,,,TRUE,https://www.CLIENT_X.com.pk/a-w/cookie-notice,Existing CM Trackers-Found,,,,,
www.lighting.CLIENT_X.com.pk,Essential cookies,Signify (formerly CLIENT_X Lighting),HTTP Cookie,bench_new_T3_101225,,,,,Existing CM Trackers-Not Found,,,,,
www.CLIENT_X.com.pk,Essential cookies,CLIENT_X - Pakistan,HTTP Cookie,bench_new_T3_101623,,0,,http://www.CLIENT_X.com.pk/,New First Party Trackers,,,,,
www.lighting.CLIENT_X.com.pk,Essential cookies,Signify (formerly CLIENT_X Lighting),HTTP Cookie,bench_new_T3_101040,,,,,Existing CM Trackers-Not Found,,,,,
www.gearselectiontool.lighting.CLIENT_X.com,Performance cookies,Signify (formerly CLIENT_X Lighting),ETag,bench_new_T3_101915,,,,,Existing CM Trackers-Not Found,,,,,
www.lighting.CLIENT_X.com.pk,Essential cookies,Signify (formerly CLIENT_X Lighting),HTTP Cookie,bench_new_T3_101296,,,,,Existing CM Trackers-Not Found,,,,,
sc-static.net,Targeted Advertising cookies (including social media),Snap Inc.,ETag,bench_new_T3_101948,,,TRUE,https://www.CLIENT_X.com.pk/c-f/XC000002428/how-to-clean-the-brush-of-my-CLIENT_X-vacuum-cleaner,Existing CM Trackers-Found,,,,,
CLIENT_X.com.pk,Essential cookies,CLIENT_X - Pakistan,HTTP Cookie,bench_new_T3_101849,,0,TRUE,https://www.CLIENT_X.com.pk/,Existing CM Trackers-Found,,,,,
CLIENT_X.es,Essential cookies (exempt from consent),CLIENT_X - Spain,HTTP Cookie,TEST_AMCV_COOKIE_WRITE,,90,TRUE,https://www.CLIENT_X.com.pk/a-w/cookie-notice.html,Existing CM Trackers-Found,,,,,
w.usabilla.com,Performance cookies,GetFeedback,JavaScript,bench_new_T3_101824,,,,,Existing CM Trackers-Not Found,,,,,
*.cloudfront.net,Performance cookies,Amazon (Cloudfront),ETag,bench_new_T3_101442,,,,,Existing CM Trackers-Not Found,,,,,
www.crsc.CLIENT_X.com,Targeted Advertising cookies (including social media),Koninklijke CLIENT_X N.V.,JavaScript,bench_new_T3_101249,,,TRUE,https://www.CLIENT_X.com.pk/c-e/au/motorcycle-lights/moto-selector-tool.html,Existing CM Trackers-Found,,,,,
assets.adobedtm.com,Performance cookies,Adobe Inc.,ETag,bench_new_T3_102347,,,,,Existing CM Trackers-Not Found,,,,,
nebula-cdn.kampyle.com,Performance cookies,Medallia,ETag,bench_new_T3_101851,,,TRUE,http://www.CLIENT_X.com.pk/,Existing CM Trackers-Found,,,,,
www.CLIENT_X.bg,Essential cookies (exempt from consent),CLIENT_X - Bulgaria,HTTP Cookie,notice_settings,,89,,,Existing CM Trackers-Not Found,,,,,
assets.adoberesources.net,Performance cookies,Adobe Inc.,JavaScript,bench_new_T3_101690,,,,,Existing CM Trackers-Not Found,,,,,
www.static.accounts.CLIENT_X.com,Essential cookies,Koninklijke CLIENT_X N.V.,JavaScript,bench_new_T3_100866,,,,,Existing CM Trackers-Not Found,,,,,
www.CLIENT_X.com.pk,Essential cookies,CLIENT_X - Pakistan,HTTP Cookie,bench_new_T3_102076,,session,,http://www.CLIENT_X.com.pk/,New First Party Trackers,,,,,
www.CLIENT_X.com.pk,Essential cookies,CLIENT_X - Pakistan,JavaScript,bench_new_T3_101068,,,TRUE,http://www.CLIENT_X.com.pk/,Existing CM Trackers-Found,,,,,
pixel.rubiconproject.com,Targeted Advertising cookies (including social media),"Magnite, Inc.",Beacon,bench_new_T3_102358,,,TRUE,https://www.CLIENT_X.com.pk/a-w/cookie-notice,Existing CM Trackers-Found,,,,,
www.healthcare.shop.CLIENT_X.co.uk,Essential cookies (exempt from consent),CLIENT_X - United Kingdom,HTTP Cookie,kampyle_userid,,,,https://www.CLIENT_X.com.pk/healthcare,Existing CM Trackers-Found,,,,,
www.google.ie,Targeted Advertising cookies (including social media),Google Inc.,Beacon,bench_new_T3_101745,,,TRUE,http://www.CLIENT_X.com.pk/,Existing CM Trackers-Found,,,,,
versuni.scene7.com,Performance cookies,Adobe Experience Cloud - Experience Manager,ETag,bench_new_T3_101753,,,,https://www.CLIENT_X.com.pk/c-f/XC000021994/how-to-clean-the-dust-bucket-and-filter-of-my-CLIENT_X-1000-series-bagless-vacuum-cleaner,New Third Party Trackers,,,,,
connect.facebook.net,Targeted Advertising cookies (including social media),Meta (formerly Facebook),Beacon,_ga_failed_lookup_marker_63_1441,,,TRUE,https://www.CLIENT_X.com.pk/c-e/au/car-lights/automotive-articles.html?npagination=110,Existing CM Trackers-Found,,,,,
CLIENT_X.com.pk,Essential cookies,CLIENT_X - Pakistan,HTTP Cookie,bench_new_T3_101284,,0,TRUE,https://www.CLIENT_X.com.pk/,Existing CM Trackers-Found,,,,,
widget-cdn.janraincapture.com,Performance cookies,Akamai,ETag,bench_new_T3_101052,,,,,Existing CM Trackers-Not Found,,,,,
static.hotjar.com,Performance cookies,Hotjar,ETag,bench_new_T3_101107,,,,,Existing CM Trackers-Not Found,,,,,
tremorhub.com,Targeted Advertising cookies (including social media),"Magnite CTV, Inc.",HTTP Cookie,bench_new_T3_101380,,400,TRUE,https://www.CLIENT_X.com.pk/a-w/cookie-notice.html,Existing CM Trackers-Found,,,,,
cdn.jsdelivr.net,Performance cookies,Volentio JSD Limited,ETag,bench_new_T3_101534,,,,,Existing CM Trackers-Not Found,,,,,
www.lighting.CLIENT_X.com.pk,Essential cookies,Signify (formerly CLIENT_X Lighting),HTTP Cookie,bench_new_T3_101374,,,,,Existing CM Trackers-Not Found,,,,,
*.mktoweb.com,Targeted Advertising cookies (including social media),Marketo,Local Storage,bench_new_T3_101313,,,,,Existing CM Trackers-Not Found,,,,,
demdex.net,Targeted Advertising cookies (including social media),"Adobe Audience Manager, Adobe Experience Cloud",HTTP Cookie,bench_new_T3_101728,,,,,Existing CM Trackers-Not Found,,,,,
lighting.CLIENT_X.ru,Essential cookies (exempt from consent),Signify (formerly CLIENT_X Lighting),HTTP Cookie,s_pv,,,,,Existing CM Trackers-Not Found,,,,,
tag.demandbase.com,Targeted Advertising cookies (including social media),"Demandbase, Inc.",ETag,bench_new_T3_101599,,,TRUE,https://www.CLIENT_X.com.pk/a-w/cookie-notice,Existing CM Trackers-Found,,,,,
CLIENT_X.com.pk,Essential cookies,CLIENT_X - Pakistan,HTTP Cookie,bench_new_T3_102155,,session,TRUE,https://www.CLIENT_X.com.pk/,Existing CM Trackers-Found,,,,,
www.facebook.com,Targeted Advertising cookies (including social media),Meta (formerly Facebook),Beacon,bench_new_T3_101231,,,TRUE,http://www.CLIENT_X.com.pk/,Existing CM Trackers-Found,,,,,
casalemedia.com,Targeted Advertising cookies (including social media),Index Exchange Inc.,HTTP Cookie,_ga_failed_lookup_marker_63_1454,,90,TRUE,https://www.CLIENT_X.com.pk/a-w/cookie-notice.html,Existing CM Trackers-Found,,,,,
CLIENT_X.com.pk,Essential cookies,CLIENT_X - Pakistan,HTTP Cookie,bench_new_T3_100868,,0,TRUE,https://www.CLIENT_X.com.pk/,Existing CM Trackers-Found,,,,,
www.lighting.CLIENT_X.com.pk,Essential cookies (exempt from consent),Signify (formerly CLIENT_X Lighting),HTTP Cookie,s_int,,,,http://www.CLIENT_X.com.pk/,New Third Party Trackers,,,,,
linkedin.com,Targeted Advertising cookies (including social media),LinkedIn,HTTP Cookie,bench_new_T3_101007,,365,TRUE,https://www.CLIENT_X.com.pk/c-e/ho/cooking/airfryer-xxl,Existing CM Trackers-Found,,,,,
code.jquery.com,Performance cookies,jQuery,ETag,bench_new_T3_101521,,,,,Existing CM Trackers-Not Found,,,,,
CLIENT_X.com.pk,Essential cookies,CLIENT_X - Pakistan,HTTP Cookie,_ga_failed_lookup_marker_63_1459,,,,,Existing CM Trackers-Not Found,,,,,
CLIENT_Xb2c.my.site.com,Performance cookies,"Salesforce.com, Inc.",JavaScript,_ga_failed_lookup_marker_63_1460,,,TRUE,https://www.CLIENT_X.com.pk/c-f/XC000001050/are-CLIENT_X-avent-cups-compatible-with-other-avent-products,Existing CM Trackers-Found,,,,,
CLIENT_Xb2c.my.salesforce-scrt.com,Performance cookies,"Salesforce.com, Inc.",Beacon,bench_new_T3_100918,,,,https://www.CLIENT_X.com.pk/c-f/XC000001050/are-CLIENT_X-avent-cups-compatible-with-other-avent-products,New Third Party Trackers,,,,,
tracker-detail-page.trustarc.com,Essential cookies,TrustArc,ETag,_ga_failed_lookup_marker_63_1462,,,,https://www.CLIENT_X.com.pk/a-w/cookie-notice,New Third Party Trackers,,,,,
www.CLIENT_X.co.ke,Essential cookies (exempt from consent),CLIENT_X - Kenya,HTTP Cookie,kampyleUserPercentile,,bench_update_duration,TRUE,http://www.CLIENT_X.com.pk/,Existing CM Trackers-Found,,,,,
CLIENT_X.112.2o7.net,Performance cookies,"Adobe Audience Manager, Adobe Experience Cloud",HTTP Cookie,bench_new_T3_100919,,400,,https://www.CLIENT_X.com.pk/,New Third Party Trackers,,,,,
smetrics.marketing.lighting.CLIENT_X.com,Targeted Advertising cookies (including social media),Koninklijke CLIENT_X N.V.,JavaScript,bench_new_T3_102246,,,,,Existing CM Trackers-Not Found,,,,,
cdn.jsdelivr.net,Performance cookies,Volentio JSD Limited,ETag,_ga_failed_lookup_marker_63_1466,,,,,Existing CM Trackers-Not Found,,,,,
casalemedia.com,Targeted Advertising cookies (including social media),Index Exchange Inc.,HTTP Cookie,bench_new_T3_101816,,90,TRUE,https://www.CLIENT_X.com.pk/a-w/cookie-notice.html,Existing CM Trackers-Found,,,,,
*.mktoweb.com,Targeted Advertising cookies (including social media),Marketo,HTTP Cookie,bench_new_T3_101789,,,,,Existing CM Trackers-Not Found,,,,,
www.docs.lighting.CLIENT_X.com,Performance cookies,Signify (formerly CLIENT_X Lighting),JavaScript,bench_new_T3_101494,,,,,Existing CM Trackers-Not Found,,,,,
googleads.g.doubleclick.net,Targeted Advertising cookies (including social media),Google Advertising Products,Beacon,bench_new_T3_101570,,,TRUE,http://www.CLIENT_X.com.pk/,Existing CM Trackers-Found,,,,,
beacon.speedcurve.com,Performance cookies,Speedcurve,Beacon,bench_new_T3_102129,,,,https://www.CLIENT_X.com.pk/c-e/au/car-lights/automotive-articles.html?npagination=167,New Third Party Trackers,,,,,
www.lighting.CLIENT_X.com.pk,Essential cookies,Signify (formerly CLIENT_X Lighting),HTTP Cookie,bench_new_T3_100938,,,,,Existing CM Trackers-Not Found,,,,,
www.crsc.CLIENT_X.com,Targeted Advertising cookies (including social media),Koninklijke CLIENT_X N.V.,JavaScript,bench_new_T3_101157,,,TRUE,https://www.CLIENT_X.com.pk/c-e/au/motorcycle-lights/moto-selector-tool.html,Existing CM Trackers-Found,,,,,
assets.adoberesources.net,Performance cookies,Adobe Inc.,ETag,bench_new_T3_102357,,,,,Existing CM Trackers-Not Found,,,,,
www.google.com,Essential cookies,Google Inc.,HTTP Cookie,bench_new_T3_101667,,179,TRUE,https://www.CLIENT_X.com.pk/healthcare/articles/sleep-apnea-compliance,Existing CM Trackers-Found,,,,,
www.google.com,Essential cookies,Google Inc.,HTTP Cookie,bench_new_T3_101853,,179,TRUE,https://www.CLIENT_X.com.pk/healthcare/articles/sleep-apnea-compliance,Existing CM Trackers-Found,,,,,
www.CLIENT_X.sa,Essential cookies (exempt from consent),CLIENT_X - Kingdom of Saudi Arabia,HTTP Cookie,kampyleUserSession,,bench_update_duration,TRUE,https://www.CLIENT_X.com.pk/a-w/cookie-notice.html,Existing CM Trackers-Found,,,,,
www.lighting.CLIENT_X.com.sg,Essential cookies (exempt from consent),Signify (formerly CLIENT_X Lighting),HTTP Cookie,CLIENT_X,,bench_update_duration,,http://www.CLIENT_X.com.pk/,New Third Party Trackers,,,,,
CLIENT_Xb2c.my.site.com,Performance cookies,"Salesforce.com, Inc.",JavaScript,bench_new_T3_101014,,,TRUE,https://www.CLIENT_X.com.pk/c-f/XC000001050/are-CLIENT_X-avent-cups-compatible-with-other-avent-products,Existing CM Trackers-Found,,,,,
CLIENT_X.com.pk,Essential cookies,CLIENT_X - Pakistan,Local Storage,_ga_failed_lookup_marker_63_1480,,,TRUE,https://www.CLIENT_X.com.pk/c-f/XC000001050/are-CLIENT_X-avent-cups-compatible-with-other-avent-products,Existing CM Trackers-Found,,,,,
assets.adobedtm.com,Performance cookies,Adobe Inc.,ETag,bench_new_T3_101166,,,,,Existing CM Trackers-Not Found,,,,,
www.google.ie,Targeted Advertising cookies (including social media),Google Inc.,Beacon,bench_new_T3_102325,,,TRUE,http://www.CLIENT_X.com.pk/,Existing CM Trackers-Found,,,,,
CLIENT_X.com.pk,Essential cookies,CLIENT_X - Pakistan,HTTP Cookie,bench_new_T3_102106,,session,TRUE,https://www.CLIENT_X.com.pk/,Existing CM Trackers-Found,,,,,
doubleclick.net,Targeted Advertising cookies (including social media),Google Advertising Products,HTTP Cookie,bench_new_T3_102121,,390,TRUE,https://www.CLIENT_X.com.pk/,Existing CM Trackers-Found,,,,,
www.CLIENT_X.ro,Essential cookies (exempt from consent),CLIENT_X - Romania,HTTP Cookie,JSESSIONID,,bench_update_duration,,https://www.CLIENT_X.com.pk/c-f/XC000021994/how-to-clean-the-dust-bucket-and-filter-of-my-CLIENT_X-1000-series-bagless-vacuum-cleaner,New Third Party Trackers,,,,,
CLIENT_X.com.pk,Essential cookies,CLIENT_X - Pakistan,HTTP Cookie,bench_new_T3_101108,,,,,Existing CM Trackers-Not Found,,,,,
*.casalemedia.com,Targeted Advertising cookies (including social media),Index Exchange Inc.,Beacon,bench_new_T3_101160,,,,https://www.CLIENT_X.com.pk/a-w/cookie-notice,Existing CM Trackers-Found,,,,,
CLIENT_X.com.pk,Essential cookies,CLIENT_X - Pakistan,HTTP Cookie,bench_new_T3_101941,,,,,Existing CM Trackers-Not Found,,,,,
CLIENT_X.com.pk,Performance cookies,CLIENT_X - Pakistan,HTTP Cookie,bench_new_T3_101615,,,,,Existing CM Trackers-Not Found,,,,,
www.lighting.CLIENT_X.at,Essential cookies (exempt from consent),Signify (formerly CLIENT_X Lighting),JavaScript,blank (java),,bench_update_duration,TRUE,http://www.CLIENT_X.com.pk/,Existing CM Trackers-Found,,,,,
CLIENT_X.com.pk,Performance cookies,CLIENT_X - Pakistan,HTTP Cookie,bench_new_T3_101006,,0,TRUE,https://www.CLIENT_X.com.pk/,Existing CM Trackers-Found,,,,,
www.gearselectiontool.lighting.CLIENT_X.com,Performance cookies,Signify (formerly CLIENT_X Lighting),ETag,_ga_failed_lookup_marker_63_1492,,,,,Existing CM Trackers-Not Found,,,,,
www.lighting.CLIENT_X.com.pk,Essential cookies,Signify (formerly CLIENT_X Lighting),HTTP Cookie,bench_new_T3_101239,,,,,Existing CM Trackers-Not Found,,,,,
lighting.CLIENT_X.com.tw,Essential cookies (exempt from consent),Signify (formerly CLIENT_X Lighting),HTTP Cookie,s_cc,,bench_update_duration,,,Existing CM Trackers-Not Found,,,,,
versuni.scene7.com,Performance cookies,Adobe Experience Cloud - Experience Manager,ETag,bench_new_T3_101921,,,,https://www.CLIENT_X.com.pk/c-f/XC000021994/how-to-clean-the-dust-bucket-and-filter-of-my-CLIENT_X-1000-series-bagless-vacuum-cleaner,New Third Party Trackers,,,,,
www.CLIENT_X.com.pk,Performance cookies,CLIENT_X - Pakistan,HTTP Cookie,bench_new_T3_102365,,session,TRUE,http://www.CLIENT_X.com.pk/,Existing CM Trackers-Found,,,,,
www.subscription.CLIENT_X.es,Essential cookies (exempt from consent),CLIENT_X - Spain,HTTP Cookie,fl_qualified_entry,,bench_update_duration,TRUE,https://www.CLIENT_X.com.pk/a-w/cookie-notice.html,Existing CM Trackers-Found,,,,,
lighting.CLIENT_X.com.pk,Essential cookies,Signify (formerly CLIENT_X Lighting),HTTP Cookie,bench_new_T3_102154,,,,,Existing CM Trackers-Not Found,,,,,
maps.googleapis.com,Performance cookies,Google Inc.,ETag,bench_new_T3_102136,,,TRUE,https://www.CLIENT_X.com.pk/c-m-au/car-lights/store-locator,Existing CM Trackers-Found,,,,,
static.hotjar.com,Performance cookies,Hotjar,ETag,bench_new_T3_100812,,,,,Existing CM Trackers-Not Found,,,,,
www.crsc.CLIENT_X.com,Targeted Advertising cookies (including social media),Koninklijke CLIENT_X N.V.,JavaScript,bench_new_T3_101834,,,TRUE,https://www.CLIENT_X.com.pk/c-e/au/motorcycle-lights/moto-selector-tool.html,Existing CM Trackers-Found,,,,,
CLIENT_X.com.pk,Essential cookies,CLIENT_X - Pakistan,HTTP Cookie,bench_new_T3_102361,,,,,Existing CM Trackers-Not Found,,,,,
CLIENT_X.com.pk,Essential cookies,CLIENT_X - Pakistan,HTTP Cookie,bench_new_T3_101939,,393,TRUE,https://www.CLIENT_X.com.pk/,Existing CM Trackers-Found,,,,,
CLIENT_X.com.pk,Essential cookies,CLIENT_X - Pakistan,HTTP Cookie,_ga_failed_lookup_marker_63_1504,,,,,Existing CM Trackers-Not Found,,,,,
lighting.CLIENT_X.com.pk,Essential cookies,Signify (formerly CLIENT_X Lighting),HTTP Cookie,bench_new_T3_101402,,,,,Existing CM Trackers-Not Found,,,,,
c.amazon-adsystem.com,Targeted Advertising cookies (including social media),Amazon Ads,ETag,bench_new_T3_102002,,,,,Existing CM Trackers-Not Found,,,,,
lighting.CLIENT_X.com.pk,Essential cookies,Signify (formerly CLIENT_X Lighting),HTTP Cookie,_ga_failed_lookup_marker_63_1507,,,,,Existing CM Trackers-Not Found,,,,,
CLIENT_X.com.pk,Essential cookies,CLIENT_X - Pakistan,HTTP Cookie,bench_new_T3_101743,,,,,Existing CM Trackers-Not Found,,,,,
static.cloud.coveo.com,Targeted Advertising cookies (including social media),Coveo Solutions Inc.,JavaScript,bench_new_T3_101742,,,,,Existing CM Trackers-Not Found,,,,,
www.accounts.CLIENT_X.com,Essential cookies,Koninklijke CLIENT_X N.V.,ETag,bench_new_T3_102117,,,,,Existing CM Trackers-Not Found,,,,,
www.docs.lighting.CLIENT_X.com,Performance cookies,Signify (formerly CLIENT_X Lighting),ETag,bench_new_T3_101497,,,,,Existing CM Trackers-Not Found,,,,,
www.googleapis.com,Performance cookies,Google Inc.,JavaScript,bench_new_T3_101339,,,TRUE,https://www.CLIENT_X.com.pk/c-f/XC000021305/how-do-i-descale-my-CLIENT_X-garment-steamer-all-in-one-solution,Existing CM Trackers-Found,,,,,
*.cloudfront.net,Performance cookies,Amazon (Cloudfront),ETag,bench_new_T3_101682,,,,,Existing CM Trackers-Not Found,,,,,
CLIENT_X.pl,Essential cookies (exempt from consent),CLIENT_X - Poland,HTTP Cookie,notice_behavior,,bench_update_duration,TRUE,https://www.CLIENT_X.com.pk/,Existing CM Trackers-Found,,,,,
snap.licdn.com,Performance cookies,LinkedIn,JavaScript,bench_new_T3_101689,,,TRUE,https://www.CLIENT_X.com.pk/c-e/ho/cooking/airfryer-xxl,Existing CM Trackers-Found,,,,,
www.ledsavingscalculator.CLIENT_X.co.uk,Performance cookies,Signify (formerly CLIENT_X Lighting),ETag,bench_new_T3_101446,,,,,Existing CM Trackers-Not Found,,,,,
doubleclick.net,Targeted Advertising cookies (including social media),Google Advertising Products,HTTP Cookie,bench_new_T3_100896,,0,TRUE,https://www.CLIENT_X.com.pk/,Existing CM Trackers-Found,,,,,
CLIENT_X.com.pk,Essential cookies,CLIENT_X - Pakistan,HTTP Cookie,bench_new_T3_101790,,,,,Existing CM Trackers-Not Found,,,,,
CLIENT_Xb2c.my.salesforce-scrt.com,Performance cookies,"Salesforce.com, Inc.",Beacon,bench_new_T3_100909,,,,https://www.CLIENT_X.com.pk/c-f/XC000001050/are-CLIENT_X-avent-cups-compatible-with-other-avent-products,New Third Party Trackers,,,,,
CLIENT_X.com.pk,Essential cookies,CLIENT_X - Pakistan,HTTP Cookie,bench_new_T3_101164,,400,TRUE,https://www.CLIENT_X.com.pk/,Existing CM Trackers-Found,,,,,
CLIENT_X.com.pk,Essential cookies,CLIENT_X - Pakistan,HTTP Cookie,bench_new_T3_102345,,,,,Existing CM Trackers-Not Found,,,,,
*.mktoweb.com,Targeted Advertising cookies (including social media),Marketo,HTTP Cookie,bench_new_T3_101796,,,,,Existing CM Trackers-Not Found,,,,,
CLIENT_X.com.pk,Essential cookies,CLIENT_X - Pakistan,HTTP Cookie,bench_new_T3_101158,,400,,https://www.CLIENT_X.com.pk/,New First Party Trackers,,,,,
CLIENT_X.com.pk,Essential cookies,CLIENT_X - Pakistan,HTTP Cookie,_ga_failed_lookup_marker_63_1524,,0,TRUE,https://www.CLIENT_X.com.pk/,Existing CM Trackers-Found,,,,,
*.t.eloqua.com,Performance cookies,Oracle Marketing,JavaScript,bench_new_T3_101261,,,,https://www.CLIENT_X.com.pk/healthcare,New Third Party Trackers,,,,,
apps.bazaarvoice.com,Performance Cookies [Requires consent],"Bazaarvoice, Inc.",ETag,-,,,,,Existing CM Trackers-Not Found,,,,,
www.CLIENT_X.com.pk,Essential cookies,CLIENT_X - Pakistan,HTTP Cookie,bench_new_T3_101912,,365,TRUE,http://www.CLIENT_X.com.pk/,Existing CM Trackers-Found,,,,,
www.lighting.CLIENT_X.com,Performance cookies,Signify (formerly CLIENT_X Lighting),ETag,bench_new_T3_101005,,,,,Existing CM Trackers-Not Found,,,,,
c.amazon-adsystem.com,Targeted Advertising cookies (including social media),Amazon Ads,JavaScript,_ga_failed_lookup_marker_63_1529,,,,,Existing CM Trackers-Not Found,,,,,
www.googletagmanager.com,Performance cookies,Google Inc.,Beacon,bench_new_T3_101065,,,TRUE,https://www.CLIENT_X.com.pk/c-e/au/car-lights/automotive-articles.html?npagination=104,Existing CM Trackers-Found,,,,,
*.mktoweb.com,Targeted Advertising cookies (including social media),Marketo,JavaScript,bench_new_T3_100855,,,,,Existing CM Trackers-Not Found,,,,,
stats.g.doubleclick.net,Targeted Advertising cookies (including social media),Google Advertising Products,Beacon,bench_new_T3_101984,,,TRUE,http://www.CLIENT_X.com.pk/,Existing CM Trackers-Found,,,,,
beacon.speedcurve.com,Performance cookies,Speedcurve,Beacon,bench_new_T3_102134,,,,https://www.CLIENT_X.com.pk/c-e/au/car-lights/automotive-articles.html?npagination=167,New Third Party Trackers,,,,,
snap.licdn.com,Performance cookies,LinkedIn,JavaScript,bench_new_T3_102095,,,TRUE,https://www.CLIENT_X.com.pk/c-e/ho/cooking/airfryer-xxl,Existing CM Trackers-Found,,,,,
pages.information.signify.com,Performance cookies,Signify (formerly CLIENT_X Lighting),HTTP Cookie,bench_new_T3_102109,,,,,Existing CM Trackers-Not Found,,,,,
www.CLIENT_X.dk,Essential cookies (exempt from consent),CLIENT_X - Denmark,HTTP Cookie,eddl_gtm_qe_session_start_6523424625,,bench_update_duration,TRUE,https://www.CLIENT_X.com.pk/c-m-au/car-lights/store-locator,Existing CM Trackers-Found,,,,,
www.accounts.CLIENT_X.com,Essential cookies,Koninklijke CLIENT_X N.V.,JavaScript,bench_new_T3_101277,,,,,Existing CM Trackers-Not Found,,,,,
CLIENT_X.gr,Essential cookies (exempt from consent),CLIENT_X - Greece,HTTP Cookie,TAsessionID,,bench_update_duration,TRUE,https://www.CLIENT_X.com.pk/healthcare/articles/sleep-apnea-compliance,Existing CM Trackers-Found,,,,,
youtube.com,Targeted Advertising cookies (including social media),Google Advertising Products,HTTP Cookie,bench_new_T3_101088,,session,TRUE,https://www.CLIENT_X.com.pk/c-m-so/monitors,Existing CM Trackers-Found,,,,,
script.hotjar.com,Targeted Advertising cookies (including social media),Hotjar,ETag,bench_new_T3_101810,,,,,Existing CM Trackers-Not Found,,,,,
tag-logger.demandbase.com,Targeted Advertising cookies (including social media),"Demandbase, Inc.",ETag,bench_new_T3_100882,,,,https://www.CLIENT_X.com.pk/healthcare,New Third Party Trackers,,,,,
CLIENT_X.com.my,Essential cookies (exempt from consent),CLIENT_X - Malaysia,HTTP Cookie,s_nrpv,,bench_update_duration,TRUE,http://www.CLIENT_X.com.pk/,Existing CM Trackers-Found,,,,,
www.CLIENT_X.com.pk,Essential cookies,CLIENT_X - Pakistan,HTTP Cookie,bench_new_T3_101353,,,,,Existing CM Trackers-Not Found,,,,,
stats.g.doubleclick.net,Targeted Advertising cookies (including social media),Google Advertising Products,Beacon,bench_new_T3_101706,,,TRUE,http://www.CLIENT_X.com.pk/,Existing CM Trackers-Found,,,,,
youtube.com,Targeted Advertising cookies (including social media),Google Advertising Products,HTTP Cookie,_ga_failed_lookup_marker_63_1545,,session,TRUE,https://www.CLIENT_X.com.pk/c-m-so/monitors,Existing CM Trackers-Found,,,,,
snapchat.com,Targeted Advertising cookies (including social media),Snap Inc.,HTTP Cookie,bench_new_T3_100856,,390,TRUE,https://www.CLIENT_X.com.pk/c-e/ho/cooking/airfryer-xxl,Existing CM Trackers-Found,,,,,
CLIENT_X.com.pk,Essential cookies,CLIENT_X - Pakistan,HTTP Cookie,bench_new_T3_101485,,0,TRUE,https://www.CLIENT_X.com.pk/,Existing CM Trackers-Found,,,,,
i.liadm.com,Targeted Advertising Cookies (including social media) [Requires consent],Liveintent Inc.,HTTP Cookie,_li_ss,,bench_update_duration,TRUE,https://www.CLIENT_X.com.pk/,Existing CM Trackers-Found,,,,,
img.en25.com,Performance cookies,Oracle Marketing,JavaScript,bench_new_T3_101121,,,,https://www.CLIENT_X.com.pk/healthcare,New Third Party Trackers,,,,,
www.lighting.CLIENT_X.com.pk,Essential cookies,Signify (formerly CLIENT_X Lighting),HTTP Cookie,bench_new_T3_101369,,,,,Existing CM Trackers-Not Found,,,,,
www.lighting.CLIENT_X.no,Essential cookies (exempt from consent),Signify (formerly CLIENT_X Lighting),HTTP Cookie,AWSELB,,0,TRUE,https://www.CLIENT_X.com.pk/,Existing CM Trackers-Found,,,,,
CLIENT_X.com.pk,Essential cookies,CLIENT_X - Pakistan,HTTP Cookie,bench_new_T3_101871,,,,https://www.CLIENT_X.com.pk/,Existing CM Trackers-Found,,,,,
demdex.net,Targeted Advertising cookies (including social media),"Adobe Audience Manager, Adobe Experience Cloud",HTTP Cookie,bench_new_T3_101987,,,,,Existing CM Trackers-Not Found,,,,,
script.hotjar.com,Targeted Advertising cookies (including social media),Hotjar,JavaScript,bench_new_T3_101841,,,,,Existing CM Trackers-Not Found,,,,,
www.googleapis.com,Performance cookies,Google Inc.,JavaScript,bench_new_T3_100819,,,TRUE,https://www.CLIENT_X.com.pk/c-f/XC000021305/how-do-i-descale-my-CLIENT_X-garment-steamer-all-in-one-solution,Existing CM Trackers-Found,,,,,
www.CLIENT_X.com.pk,Essential cookies,CLIENT_X - Pakistan,JavaScript,bench_new_T3_101290,,,TRUE,http://www.CLIENT_X.com.pk/,Existing CM Trackers-Found,,,,,
agent-versuni.mindtouch.us,Performance cookies,MindTouch,HTTP Cookie,bench_new_T3_102147,,session,,https://www.CLIENT_X.com.pk/c-f/XC000021443/my-CLIENT_X-fan-makes-an-unusual-noise-when-oscillating,New Third Party Trackers,,,,,
tremorhub.com,Targeted Advertising cookies (including social media),"Magnite CTV, Inc.",HTTP Cookie,bench_new_T3_101893,,400,TRUE,https://www.CLIENT_X.com.pk/a-w/cookie-notice.html,Existing CM Trackers-Found,,,,,
lighting.CLIENT_X.com.pk,Essential cookies,Signify (formerly CLIENT_X Lighting),HTTP Cookie,bench_new_T3_100888,,,,,Existing CM Trackers-Not Found,,,,,
google.com,Performance cookies,Google Inc.,Local Storage,bench_new_T3_101407,,,TRUE,https://www.CLIENT_X.com.pk/healthcare/articles/sleep-apnea-compliance,Existing CM Trackers-Found,,,,,
www.lighting.CLIENT_X.com.pk,Essential cookies,Signify (formerly CLIENT_X Lighting),HTTP Cookie,bench_new_T3_102208,,,,,Existing CM Trackers-Not Found,,,,,
CLIENT_X.com.pk,Essential cookies,CLIENT_X - Pakistan,HTTP Cookie,bench_new_T3_101962,,,,,Existing CM Trackers-Not Found,,,,,
casalemedia.com,Targeted Advertising cookies (including social media),Index Exchange Inc.,HTTP Cookie,bench_new_T3_101478,,365,TRUE,https://www.CLIENT_X.com.pk/a-w/cookie-notice.html,Existing CM Trackers-Found,,,,,
CLIENT_X.com.pk,Essential cookies,CLIENT_X - Pakistan,HTTP Cookie,bench_new_T3_102366,,session,TRUE,https://www.CLIENT_X.com.pk/,Existing CM Trackers-Found,,,,,
*.t.eloqua.com,Performance cookies,Oracle Marketing,JavaScript,bench_new_T3_101439,,,,https://www.CLIENT_X.com.pk/healthcare,New Third Party Trackers,,,,,
www.docs.lighting.CLIENT_X.com,Performance cookies,Signify (formerly CLIENT_X Lighting),JavaScript,bench_new_T3_102202,,,,,Existing CM Trackers-Not Found,,,,,
www.CLIENT_X.com.pk,Essential cookies,CLIENT_X - Pakistan,HTTP Cookie,bench_new_T3_101314,,0,,http://www.CLIENT_X.com.pk/,New First Party Trackers,,,,,
tag-logger.demandbase.com,Targeted Advertising cookies (including social media),"Demandbase, Inc.",ETag,bench_new_T3_102342,,,,https://www.CLIENT_X.com.pk/healthcare,New Third Party Trackers,,,,,
CLIENT_X.com.pk,Essential cookies,CLIENT_X - Pakistan,HTTP Cookie,bench_new_T3_101426,,400,TRUE,https://www.CLIENT_X.com.pk/,Existing CM Trackers-Found,,,,,
code.jquery.com,Performance cookies,jQuery,ETag,_ga_failed_lookup_marker_63_1570,,,,,Existing CM Trackers-Not Found,,,,,
www.CLIENT_X.com,Essential cookies,Koninklijke CLIENT_X N.V.,ETag,bench_new_T3_101992,,,TRUE,https://www.CLIENT_X.com.pk/c-e/au/car-lights/automotive-articles.html,Existing CM Trackers-Found,,,,,
CLIENT_X.com.pk,Essential cookies,CLIENT_X - Pakistan,HTTP Cookie,_ga_failed_lookup_marker_63_1572,,,,,Existing CM Trackers-Not Found,,,,,
CLIENT_X.com.pk,Essential cookies,CLIENT_X - Pakistan,HTTP Cookie,bench_new_T3_101123,,,,,Existing CM Trackers-Not Found,,,,,
lighting.CLIENT_X.com.pk,Essential cookies,Signify (formerly CLIENT_X Lighting),HTTP Cookie,_ga_failed_lookup_marker_63_1574,,,,,Existing CM Trackers-Not Found,,,,,
consent-pref.trustarc.com,Essential cookies,TrustArc,JavaScript,bench_new_T3_101342,,,TRUE,https://www.CLIENT_X.com.pk/healthcare,Existing CM Trackers-Found,,,,,
lighting.CLIENT_X.com.pk,Essential cookies,Signify (formerly CLIENT_X Lighting),HTTP Cookie,bench_new_T3_101312,,,,,Existing CM Trackers-Not Found,,,,,
assets.adoberesources.net,Performance cookies,Adobe Inc.,ETag,bench_new_T3_102163,,,,,Existing CM Trackers-Not Found,,,,,
www.lampreplacementtool.CLIENT_X.com,Essential cookies,Koninklijke CLIENT_X N.V.,ETag,_ga_failed_lookup_marker_63_1578,,,,,Existing CM Trackers-Not Found,,,,,
CLIENT_Xb2c.my.salesforce-scrt.com,Performance cookies,"Salesforce.com, Inc.",Beacon,bench_new_T3_101793,,,,https://www.CLIENT_X.com.pk/c-f/XC000001050/are-CLIENT_X-avent-cups-compatible-with-other-avent-products,New Third Party Trackers,,,,,
CLIENT_X.com.pk,Essential cookies,CLIENT_X - Pakistan,HTTP Cookie,bench_new_T3_100956,,400,TRUE,https://www.CLIENT_X.com.pk/,Existing CM Trackers-Found,,,,,
CLIENT_X.com.pk,Essential cookies,CLIENT_X - Pakistan,HTTP Cookie,bench_new_T3_101253,,,,,Existing CM Trackers-Not Found,,,,,
sc-static.net,Targeted Advertising cookies (including social media),Snap Inc.,ETag,bench_new_T3_102079,,,TRUE,https://www.CLIENT_X.com.pk/c-f/XC000002428/how-to-clean-the-brush-of-my-CLIENT_X-vacuum-cleaner,Existing CM Trackers-Found,,,,,
www.CLIENT_X.com.pk,Essential cookies,CLIENT_X - Pakistan,HTTP Cookie,bench_new_T3_101430,,365,TRUE,http://www.CLIENT_X.com.pk/,Existing CM Trackers-Found,,,,,
widget-cdn.janraincapture.com,Performance cookies,Akamai,JavaScript,bench_new_T3_101973,,,,,Existing CM Trackers-Not Found,,,,,
CLIENT_X.ee,Essential cookies (exempt from consent),CLIENT_X - Republic of Estonia,HTTP Cookie,_schn1,,,,,Existing CM Trackers-Not Found,,,,,
CLIENT_X.com.pk,Essential cookies,CLIENT_X - Pakistan,HTTP Cookie,bench_new_T3_101982,,90,TRUE,https://www.CLIENT_X.com.pk/,Existing CM Trackers-Found,,,,,
tr.snapchat.com,Targeted Advertising cookies (including social media),Snap Inc.,Beacon,bench_new_T3_101638,,,TRUE,https://www.CLIENT_X.com.pk/c-e/ho/cooking/airfryer-xxl,Existing CM Trackers-Found,,,,,
CLIENT_X.com.pk,Essential cookies,CLIENT_X - Pakistan,HTTP Cookie,bench_new_T3_101156,,0,TRUE,https://www.CLIENT_X.com.pk/,Existing CM Trackers-Found,,,,,
tag.demandbase.com,Targeted Advertising cookies (including social media),"Demandbase, Inc.",JavaScript,bench_new_T3_101736,,,TRUE,https://www.CLIENT_X.com.pk/a-w/cookie-notice,Existing CM Trackers-Found,,,,,
*.fls.doubleclick.net,Targeted Advertising cookies (including social media),Google Advertising Products,Beacon,bench_new_T3_101318,,,,,Existing CM Trackers-Not Found,,,,,
lighting.CLIENT_X.com.pk,Essential cookies,Signify (formerly CLIENT_X Lighting),HTTP Cookie,bench_new_T3_101954,,,,,Existing CM Trackers-Not Found,,,,,
snapchat.com,Targeted Advertising cookies (including social media),Snap Inc.,HTTP Cookie,_ga_failed_lookup_marker_63_1592,,390,TRUE,https://www.CLIENT_X.com.pk/c-e/ho/cooking/airfryer-xxl,Existing CM Trackers-Found,,,,,
doubleclick.net,Targeted Advertising cookies (including social media),Google Advertising Products,HTTP Cookie,bench_new_T3_101175,,,,,Existing CM Trackers-Not Found,,,,,
www.crsc.lighting.CLIENT_X.com,Performance cookies,Signify (formerly CLIENT_X Lighting),JavaScript,bench_new_T3_101517,,,,,Existing CM Trackers-Not Found,,,,,
consent.trustarc.com,Essential cookies,TrustArc,Beacon,bench_new_T3_102011,,,TRUE,http://www.CLIENT_X.com.pk/,Existing CM Trackers-Found,,,,,
www.CLIENT_X.se,Essential cookies (exempt from consent),CLIENT_X - Sweden,HTTP Cookie,eddl_gtm_qe_session_start_6523424625,,,,,Existing CM Trackers-Not Found,,,,,
CLIENT_X.com.pk,Essential cookies,CLIENT_X - Pakistan,HTTP Cookie,bench_new_T3_101412,,session,TRUE,https://www.CLIENT_X.com.pk/,Existing CM Trackers-Found,,,,,
consent-st.trustarc.com,Essential cookies,TrustArc,JavaScript,bench_new_T3_101940,,,TRUE,https://www.CLIENT_X.com.pk/healthcare,Existing CM Trackers-Found,,,,,
CLIENT_X.com.pk,Essential cookies,CLIENT_X - Pakistan,HTTP Cookie,_ga_failed_lookup_marker_63_1599,,90,TRUE,https://www.CLIENT_X.com.pk/,Existing CM Trackers-Found,,,,,
CLIENT_X.com.pk,Essential cookies,CLIENT_X - Pakistan,HTTP Cookie,bench_new_T3_101669,,,,,Existing CM Trackers-Not Found,,,,,
www.google.ie,Targeted Advertising cookies (including social media),Google Inc.,Beacon,bench_new_T3_102323,,,TRUE,http://www.CLIENT_X.com.pk/,Existing CM Trackers-Found,,,,,
www.docs.lighting.CLIENT_X.com,Performance cookies,Signify (formerly CLIENT_X Lighting),ETag,bench_new_T3_101361,,,,,Existing CM Trackers-Not Found,,,,,
www.google.com,Targeted Advertising cookies (including social media),Google Inc.,Beacon,bench_new_T3_101270,,,TRUE,http://www.CLIENT_X.com.pk/,Existing CM Trackers-Found,,,,,
snap.licdn.com,Performance cookies,LinkedIn,JavaScript,bench_new_T3_101700,,,TRUE,https://www.CLIENT_X.com.pk/c-e/ho/cooking/airfryer-xxl,Existing CM Trackers-Found,,,,,
pages.information.signify.com,Performance cookies,Signify (formerly CLIENT_X Lighting),JavaScript,bench_new_T3_100991,,,,,Existing CM Trackers-Not Found,,,,,
www.lighting.CLIENT_X.com.pk,Essential cookies,Signify (formerly CLIENT_X Lighting),HTTP Cookie,bench_new_T3_101612,,,,,Existing CM Trackers-Not Found,,,,,
www.lighting.CLIENT_X.com.pk,Essential cookies,Signify (formerly CLIENT_X Lighting),HTTP Cookie,bench_new_T3_102132,,,,,Existing CM Trackers-Not Found,,,,,
consent.trustarc.com,Essential cookies,TrustArc,Beacon,bench_new_T3_101532,,,TRUE,http://www.CLIENT_X.com.pk/,Existing CM Trackers-Found,,,,,
CLIENT_X.112.2o7.net,Performance cookies,"Adobe Audience Manager, Adobe Experience Cloud",HTTP Cookie,bench_new_T3_101991,,400,,https://www.CLIENT_X.com.pk/,New Third Party Trackers,,,,,
www.assets.signify.com,Performance cookies,Signify (formerly CLIENT_X Lighting),ETag,bench_new_T3_102251,,,,,Existing CM Trackers-Not Found,,,,,
linkedin.com,Targeted Advertising cookies (including social media),LinkedIn,HTTP Cookie,bench_new_T3_100927,,1,TRUE,https://www.CLIENT_X.com.pk/c-e/ho/cooking/airfryer-xxl,Existing CM Trackers-Found,,,,,
consent.truste.com,Essential cookies,TrustArc,JavaScript,bench_new_T3_101588,,,,,Existing CM Trackers-Not Found,,,,,
www.CLIENT_X.com.tr,Essential cookies (exempt from consent),CLIENT_X - Turkey,HTTP Cookie,kampylePageLoadedTimestamp,,bench_update_duration,,,Existing CM Trackers-Not Found,,,,,
img.youtube.com,Targeted Advertising Cookies (including social media) [Requires consent],Google Advertising Products,ETag,-,,,,,Existing CM Trackers-Not Found,,,,,
www.assets.lighting.CLIENT_X.com,Performance cookies,Signify (formerly CLIENT_X Lighting),ETag,bench_new_T3_101805,,,,,Existing CM Trackers-Not Found,,,,,
images.CLIENT_X.com,Essential cookies,Koninklijke CLIENT_X N.V.,ETag,bench_new_T3_101250,,,TRUE,https://www.CLIENT_X.com.pk/c-p/00947033/gopure-selectfilter-plus-filter-for-car-air-purifier,Existing CM Trackers-Found,,,,,
pixel.rubiconproject.com,Targeted Advertising cookies (including social media),"Magnite, Inc.",Beacon,_ga_failed_lookup_marker_63_1617,,,TRUE,https://www.CLIENT_X.com.pk/a-w/cookie-notice,Existing CM Trackers-Found,,,,,
CLIENT_X.com.pk,Essential cookies,CLIENT_X - Pakistan,HTTP Cookie,_ga_failed_lookup_marker_63_1618,,393,TRUE,https://www.CLIENT_X.com.pk/,Existing CM Trackers-Found,,,,,
pages.information.signify.com,Performance cookies,Signify (formerly CLIENT_X Lighting),ETag,bench_new_T3_101150,,,,,Existing CM Trackers-Not Found,,,,,
company-target.com,Targeted Advertising cookies (including social media),"Demandbase, Inc.",HTTP Cookie,bench_new_T3_101020,,396,TRUE,https://www.CLIENT_X.com.pk/a-w/cookie-notice.html,Existing CM Trackers-Found,,,,,
pixel.rubiconproject.com,Targeted Advertising cookies (including social media),"Magnite, Inc.",Beacon,bench_new_T3_102014,,,TRUE,https://www.CLIENT_X.com.pk/a-w/cookie-notice,Existing CM Trackers-Found,,,,,
tracker-detail-page.trustarc.com,Essential cookies,TrustArc,ETag,bench_new_T3_101811,,,,https://www.CLIENT_X.com.pk/a-w/cookie-notice,New Third Party Trackers,,,,,
maps.googleapis.com,Performance cookies,Google Inc.,ETag,_ga_failed_lookup_marker_63_1623,,,TRUE,https://www.CLIENT_X.com.pk/c-m-au/car-lights/store-locator,Existing CM Trackers-Found,,,,,
tag.demandbase.com,Targeted Advertising cookies (including social media),"Demandbase, Inc.",ETag,bench_new_T3_101548,,,TRUE,https://www.CLIENT_X.com.pk/a-w/cookie-notice,Existing CM Trackers-Found,,,,,
CLIENT_X.com.pk,Essential cookies,CLIENT_X - Pakistan,HTTP Cookie,bench_new_T3_101096,,90,TRUE,https://www.CLIENT_X.com.pk/,Existing CM Trackers-Found,,,,,
CLIENT_X.si,Essential cookies (exempt from consent),CLIENT_X - Slovenia,HTTP Cookie,s_eVar8,,,,,Existing CM Trackers-Not Found,,,,,
www.crsc.CLIENT_X.com,Targeted Advertising cookies (including social media),Koninklijke CLIENT_X N.V.,ETag,bench_new_T3_101625,,,TRUE,https://www.CLIENT_X.com.pk/c-e/au/motorcycle-lights/moto-selector-tool.html,Existing CM Trackers-Found,,,,,
youtube.com,Targeted Advertising cookies (including social media),Google Advertising Products,HTTP Cookie,_ga_failed_lookup_marker_63_1628,,session,TRUE,https://www.CLIENT_X.com.pk/c-m-so/monitors,Existing CM Trackers-Found,,,,,
google.com,Performance cookies,Google Inc.,Local Storage,bench_new_T3_100930,,,TRUE,https://www.CLIENT_X.com.pk/healthcare/articles/sleep-apnea-compliance,Existing CM Trackers-Found,,,,,
lighting.CLIENT_X.co.kr,Essential cookies (exempt from consent),Signify (formerly CLIENT_X Lighting),HTTP Cookie,s_vs,,bench_update_duration,TRUE,https://www.CLIENT_X.com.pk/c-m-so/monitors,Existing CM Trackers-Found,,,,,
lighting.CLIENT_X.com.pk,Essential cookies,Signify (formerly CLIENT_X Lighting),HTTP Cookie,_ga_failed_lookup_marker_63_1631,,,,,Existing CM Trackers-Not Found,,,,,
doubleclick.net,Targeted Advertising cookies (including social media),Google Advertising Products,HTTP Cookie,_ga_failed_lookup_marker_63_1632,,,,,Existing CM Trackers-Not Found,,,,,
img.youtube.com,Targeted Advertising cookies (including social media),Google Advertising Products,ETag,bench_new_T3_101161,,,,,Existing CM Trackers-Not Found,,,,,
munchkin.marketo.net,Targeted Advertising cookies (including social media),Marketo,JavaScript,bench_new_T3_101963,,,,,Existing CM Trackers-Not Found,,,,,
doubleclick.net,Targeted Advertising cookies (including social media),Google Advertising Products,HTTP Cookie,_ga_failed_lookup_marker_63_1635,,30,TRUE,https://www.CLIENT_X.com.pk/,Existing CM Trackers-Found,,,,,
www.CLIENT_X.com.pk,Performance cookies,CLIENT_X - Pakistan,HTTP Cookie,bench_new_T3_101031,,session,TRUE,http://www.CLIENT_X.com.pk/,Existing CM Trackers-Found,,,,,
www.lighting.CLIENT_X.com.pk,Essential cookies,Signify (formerly CLIENT_X Lighting),HTTP Cookie,bench_new_T3_101621,,,,,Existing CM Trackers-Not Found,,,,,
www.CLIENT_X.com.kw,Essential cookies (exempt from consent),CLIENT_X - Kuwait,Beacon,blank (beacon),,,,http://www.CLIENT_X.com.pk/,New Third Party Trackers,,,,,
eloqua.com,Essential cookies,Oracle Marketing,HTTP Cookie,bench_new_T3_100899,,393,TRUE,https://www.CLIENT_X.com.pk/healthcare,Existing CM Trackers-Found,,,,,
www.CLIENT_X.com.pk,Essential cookies,CLIENT_X - Pakistan,HTTP Cookie,bench_new_T3_101573,,1,,http://www.CLIENT_X.com.pk/,New First Party Trackers,,,,,
www.crsc.CLIENT_X.com,Targeted Advertising cookies (including social media),Koninklijke CLIENT_X N.V.,ETag,bench_new_T3_101715,,,TRUE,https://www.CLIENT_X.com.pk/c-e/au/motorcycle-lights/moto-selector-tool.html,Existing CM Trackers-Found,,,,,
CLIENT_X.com.pk,Essential cookies,CLIENT_X - Pakistan,HTTP Cookie,_ga_failed_lookup_marker_63_1642,,0,TRUE,https://www.CLIENT_X.com.pk/,Existing CM Trackers-Found,,,,,
www.youtube.com,Targeted Advertising cookies (including social media),Google Advertising Products,JavaScript,bench_new_T3_102229,,,TRUE,https://www.CLIENT_X.com.pk/c-f/XC000004492/how-do-i-get-the-best-results-with-my-CLIENT_X-shaver,Existing CM Trackers-Found,,,,,
www.googleadservices.com,Targeted Advertising cookies (including social media),Google Advertising Products,JavaScript,bench_new_T3_101039,,,,,Existing CM Trackers-Not Found,,,,,
consent-pref.trustarc.com,Essential cookies,TrustArc,JavaScript,bench_new_T3_101867,,,TRUE,https://www.CLIENT_X.com.pk/healthcare,Existing CM Trackers-Found,,,,,
CLIENT_X.co.kr,Essential cookies (exempt from consent),CLIENT_X - Korea,HTTP Cookie,mboxEdgeCluster,,bench_update_duration,,,Existing CM Trackers-Not Found,,,,,
www.lighting.CLIENT_X.com.pk,Essential cookies,Signify (formerly CLIENT_X Lighting),HTTP Cookie,bench_new_T3_101633,,,,,Existing CM Trackers-Not Found,,,,,
versuni.scene7.com,Performance cookies,Adobe Experience Cloud - Experience Manager,JavaScript,bench_new_T3_101964,,,,https://www.CLIENT_X.com.pk/c-f/XC000021994/how-to-clean-the-dust-bucket-and-filter-of-my-CLIENT_X-1000-series-bagless-vacuum-cleaner,New Third Party Trackers,,,,,
CLIENT_X.ee,Essential cookies (exempt from consent),CLIENT_X - Republic of Estonia,HTTP Cookie,s_ugv,,bench_update_duration,TRUE,https://www.CLIENT_X.com.pk/healthcare,Existing CM Trackers-Found,,,,,
www.healthcare.shop.CLIENT_X.co.uk,Essential cookies (exempt from consent),CLIENT_X - United Kingdom,HTTP Cookie,fl_qualified_entry,,,,,Existing CM Trackers-Not Found,,,,,
raw.githubusercontent.com,Performance cookies,GitHub Inc.,ETag,bench_new_T3_101388,,,TRUE,https://www.CLIENT_X.com.pk/healthcare/about/distributors,Existing CM Trackers-Found,,,,,
CLIENT_Xb2c.my.site.com,Performance cookies,"Salesforce.com, Inc.",ETag,bench_new_T3_102138,,,TRUE,https://www.CLIENT_X.com.pk/c-f/XC000001050/are-CLIENT_X-avent-cups-compatible-with-other-avent-products,Existing CM Trackers-Found,,,,,
cdn.speedcurve.com,Performance cookies,Speedcurve,JavaScript,_ga_failed_lookup_marker_63_1653,,,,http://www.CLIENT_X.com.pk/,New Third Party Trackers,,,,,
munchkin.marketo.net,Targeted Advertising cookies (including social media),Marketo,ETag,bench_new_T3_101303,,,,,Existing CM Trackers-Not Found,,,,,
youtube.com,Targeted Advertising cookies (including social media),Google Advertising Products,HTTP Cookie,bench_new_T3_101519,,180,TRUE,https://www.CLIENT_X.com.pk/c-m-so/monitors,Existing CM Trackers-Found,,,,,
CLIENT_X.com.pk,Essential cookies,CLIENT_X - Pakistan,HTTP Cookie,bench_new_T3_100958,,,,,Existing CM Trackers-Not Found,,,,,
www.lighting.CLIENT_X.com.pk,Essential cookies,Signify (formerly CLIENT_X Lighting),JavaScript,_ga_failed_lookup_marker_63_1657,,,,,Existing CM Trackers-Not Found,,,,,
lighting.CLIENT_X.com.pk,Essential cookies,Signify (formerly CLIENT_X Lighting),HTTP Cookie,bench_new_T3_102368,,,,,Existing CM Trackers-Not Found,,,,,
www.crsc.CLIENT_X.com,Targeted Advertising cookies (including social media),Koninklijke CLIENT_X N.V.,ETag,bench_new_T3_102255,,,TRUE,https://www.CLIENT_X.com.pk/c-e/au/motorcycle-lights/moto-selector-tool.html,Existing CM Trackers-Found,,,,,
www.lighting.CLIENT_X.com.pk,Essential cookies,Signify (formerly CLIENT_X Lighting),HTTP Cookie,bench_new_T3_102191,,,,,Existing CM Trackers-Not Found,,,,,
www.CLIENT_X.com.kw,Essential cookies (exempt from consent),CLIENT_X - Kuwait,HTTP Cookie,AWSELB,,0,,,Existing CM Trackers-Not Found,,,,,
lighting.CLIENT_X.com.pk,Essential cookies,Signify (formerly CLIENT_X Lighting),HTTP Cookie,bench_new_T3_101264,,,,,Existing CM Trackers-Not Found,,,,,
lighting.CLIENT_X.com.pk,Essential cookies,Signify (formerly CLIENT_X Lighting),Local Storage,_ga_failed_lookup_marker_63_1663,,,,,Existing CM Trackers-Not Found,,,,,
ajax.googleapis.com,Performance cookies,Google Inc.,JavaScript,bench_new_T3_102272,,,,,Existing CM Trackers-Not Found,,,,,
www.subskrypcje.CLIENT_X.pl,Essential cookies (exempt from consent),CLIENT_X - Poland,HTTP Cookie,ARRAffinitySameSite,,,TRUE,https://www.CLIENT_X.com.pk/c-f/XC000001050/are-CLIENT_X-avent-cups-compatible-with-other-avent-products,Existing CM Trackers-Found,,,,,
c.amazon-adsystem.com,Targeted Advertising cookies (including social media),Amazon Ads,JavaScript,bench_new_T3_101373,,,,,Existing CM Trackers-Not Found,,,,,
youtube.com,Targeted Advertising cookies (including social media),Google Advertising Products,HTTP Cookie,bench_new_T3_100828,,180,TRUE,https://www.CLIENT_X.com.pk/c-m-so/monitors,Existing CM Trackers-Found,,,,,
www.CLIENT_X.com.pk,Essential cookies,CLIENT_X - Pakistan,HTTP Cookie,bench_new_T3_101274,,session,,http://www.CLIENT_X.com.pk/,New First Party Trackers,,,,,
CLIENT_X.com.pk,Essential cookies,CLIENT_X - Pakistan,HTTP Cookie,bench_new_T3_101923,,session,TRUE,https://www.CLIENT_X.com.pk/,Existing CM Trackers-Found,,,,,
www.lighting.CLIENT_X.com.pk,Essential cookies,Signify (formerly CLIENT_X Lighting),HTTP Cookie,bench_new_T3_101282,,,,,Existing CM Trackers-Not Found,,,,,
images.CLIENT_X.com,Essential cookies,Koninklijke CLIENT_X N.V.,JavaScript,bench_new_T3_100950,,,TRUE,https://www.CLIENT_X.com.pk/c-f/XC000001781/how-to-assemble-the-CLIENT_X-avent-comfort-breast-pump,Existing CM Trackers-Found,,,,,
www.ledsavingscalculator.CLIENT_X.co.uk,Performance cookies,Signify (formerly CLIENT_X Lighting),ETag,bench_new_T3_101133,,,,,Existing CM Trackers-Not Found,,,,,
casalemedia.com,Targeted Advertising cookies (including social media),Index Exchange Inc.,HTTP Cookie,bench_new_T3_101280,,90,TRUE,https://www.CLIENT_X.com.pk/a-w/cookie-notice.html,Existing CM Trackers-Found,,,,,
*.mktoweb.com,Targeted Advertising cookies (including social media),Marketo,HTTP Cookie,bench_new_T3_100809,,,,,Existing CM Trackers-Not Found,,,,,
tracker-detail-page.trustarc.com,Essential cookies,TrustArc,ETag,bench_new_T3_101808,,,,https://www.CLIENT_X.com.pk/a-w/cookie-notice,New Third Party Trackers,,,,,
pages.information.signify.com,Performance cookies,Signify (formerly CLIENT_X Lighting),JavaScript,bench_new_T3_101205,,,,,Existing CM Trackers-Not Found,,,,,
widget-cdn.janraincapture.com,Performance cookies,Akamai,ETag,bench_new_T3_100999,,,,,Existing CM Trackers-Not Found,,,,,
smetrics.marketing.CLIENT_X-hue.com,Targeted Advertising cookies (including social media),CLIENT_X Hue,JavaScript,_ga_failed_lookup_marker_63_1678,,,,,Existing CM Trackers-Not Found,,,,,
CLIENT_X.com.pk,Essential cookies,CLIENT_X - Pakistan,HTTP Cookie,bench_new_T3_101815,,400,,https://www.CLIENT_X.com.pk/,New First Party Trackers,,,,,
*.mktoweb.com,Targeted Advertising cookies (including social media),Marketo,ETag,bench_new_T3_100987,,,,,Existing CM Trackers-Not Found,,,,,
CLIENT_X.com.pk,Performance cookies,CLIENT_X - Pakistan,HTTP Cookie,_ga_failed_lookup_marker_63_1681,,0,TRUE,https://www.CLIENT_X.com.pk/,Existing CM Trackers-Found,,,,,
smetrics.marketing.lighting.CLIENT_X.com,Targeted Advertising cookies (including social media),Koninklijke CLIENT_X N.V.,JavaScript,bench_new_T3_101773,,,,,Existing CM Trackers-Not Found,,,,,
company-target.com,Targeted Advertising cookies (including social media),"Demandbase, Inc.",HTTP Cookie,bench_new_T3_101549,,396,TRUE,https://www.CLIENT_X.com.pk/a-w/cookie-notice.html,Existing CM Trackers-Found,,,,,
nebula-cdn.kampyle.com,Performance cookies,Medallia,ETag,_ga_failed_lookup_marker_63_1684,,,TRUE,http://www.CLIENT_X.com.pk/,Existing CM Trackers-Found,,,,,
consent.truste.com,Essential cookies,TrustArc,JavaScript,bench_new_T3_102015,,,,,Existing CM Trackers-Not Found,,,,,
pages.information.signify.com,Performance cookies,Signify (formerly CLIENT_X Lighting),ETag,bench_new_T3_101204,,,,,Existing CM Trackers-Not Found,,,,,
www.accounts.CLIENT_X.com,Essential cookies,Koninklijke CLIENT_X N.V.,JavaScript,bench_new_T3_101214,,,,,Existing CM Trackers-Not Found,,,,,
*.mktoweb.com,Targeted Advertising cookies (including social media),Marketo,JavaScript,bench_new_T3_101441,,,,,Existing CM Trackers-Not Found,,,,,
www.lighting.CLIENT_X.com.pk,Essential cookies,Signify (formerly CLIENT_X Lighting),HTTP Cookie,bench_new_T3_101496,,,,,Existing CM Trackers-Not Found,,,,,
youtube.com,Targeted Advertising cookies (including social media),Google Advertising Products,HTTP Cookie,bench_new_T3_101223,,session,TRUE,https://www.CLIENT_X.com.pk/c-m-so/monitors,Existing CM Trackers-Found,,,,,
CLIENT_X.com.pk,Essential cookies,CLIENT_X - Pakistan,HTTP Cookie,_ga_failed_lookup_marker_63_1691,,,,,Existing CM Trackers-Not Found,,,,,
*.t.eloqua.com,Performance cookies,Oracle Marketing,JavaScript,bench_new_T3_101601,,,,https://www.CLIENT_X.com.pk/healthcare,Existing CM Trackers-Found,,,,,
agent-versuni.mindtouch.us,Performance cookies,MindTouch,Beacon,bench_new_T3_101980,,,,https://www.CLIENT_X.com.pk/c-f/XC000021443/my-CLIENT_X-fan-makes-an-unusual-noise-when-oscillating,New Third Party Trackers,,,,,
ad.doubleclick.net,Targeted Advertising cookies (including social media),Google Advertising Products,Beacon,bench_new_T3_101209,,,TRUE,http://www.CLIENT_X.com.pk/,Existing CM Trackers-Found,,,,,
tags.t.tailtarget.com,Targeted Advertising Cookies (including social media) [Requires consent],Tail Target,JavaScript,-,,bench_update_duration,,,Existing CM Trackers-Not Found,,,,,
CLIENT_X.com.pk,Essential cookies,CLIENT_X - Pakistan,HTTP Cookie,bench_new_T3_101429,,60,TRUE,https://www.CLIENT_X.com.pk/,Existing CM Trackers-Found,,,,,
lighting.CLIENT_X.com.pk,Essential cookies,Signify (formerly CLIENT_X Lighting),HTTP Cookie,bench_new_T3_101509,,,,,Existing CM Trackers-Not Found,,,,,
CLIENT_X.com.pk,Essential cookies,CLIENT_X - Pakistan,HTTP Cookie,bench_new_T3_100998,,400,,https://www.CLIENT_X.com.pk/,New First Party Trackers,,,,,
smetrics.marketing.lighting.CLIENT_X.com.tw,Essential cookies (exempt from consent),CLIENT_X - Taiwan,JavaScript,blank (java),,,,,Existing CM Trackers-Not Found,,,,,
px.ads.linkedin.com,Targeted Advertising cookies (including social media),LinkedIn,JavaScript,bench_new_T3_101137,,,TRUE,https://www.CLIENT_X.com.pk/c-p/GC026_00/-,Existing CM Trackers-Found,,,,,
www.CLIENT_X.com.pk,Essential cookies,CLIENT_X - Pakistan,HTTP Cookie,bench_new_T3_101579,,,,,Existing CM Trackers-Not Found,,,,,
px.ads.linkedin.com,Targeted Advertising cookies (including social media),LinkedIn,JavaScript,bench_new_T3_101977,,,TRUE,https://www.CLIENT_X.com.pk/c-p/GC026_00/-,Existing CM Trackers-Found,,,,,
*.t.eloqua.com,Performance cookies,Oracle Marketing,Beacon,bench_new_T3_102169,,,,https://www.CLIENT_X.com.pk/healthcare,Existing CM Trackers-Found,,,,,
CLIENT_X.it,Essential cookies (exempt from consent),CLIENT_X - Italy,HTTP Cookie,s_cm,,bench_update_duration,,,Existing CM Trackers-Not Found,,,,,
CLIENT_X.com.pk,Essential cookies,CLIENT_X - Pakistan,HTTP Cookie,bench_new_T3_101881,,,,,Existing CM Trackers-Not Found,,,,,
agent-versuni.mindtouch.us,Performance cookies,MindTouch,HTTP Cookie,bench_new_T3_101372,,400,,https://www.CLIENT_X.com.pk/c-f/XC000021443/my-CLIENT_X-fan-makes-an-unusual-noise-when-oscillating,New Third Party Trackers,,,,,
tremorhub.com,Targeted Advertising cookies (including social media),"Magnite CTV, Inc.",HTTP Cookie,bench_new_T3_102020,,365,TRUE,https://www.CLIENT_X.com.pk/a-w/cookie-notice.html,Existing CM Trackers-Found,,,,,
lighting.CLIENT_X.com.pk,Essential cookies,Signify (formerly CLIENT_X Lighting),HTTP Cookie,bench_new_T3_102171,,,,,Existing CM Trackers-Not Found,,,,,
pages.information.signify.com,Performance cookies,Signify (formerly CLIENT_X Lighting),ETag,bench_new_T3_102187,,,,,Existing CM Trackers-Not Found,,,,,
www.CLIENT_X.com.pk,Essential cookies,CLIENT_X - Pakistan,HTTP Cookie,_ga_failed_lookup_marker_63_1710,,365,TRUE,http://www.CLIENT_X.com.pk/,Existing CM Trackers-Found,,,,,
lighting.CLIENT_X.com.pk,Essential cookies,Signify (formerly CLIENT_X Lighting),HTTP Cookie,bench_new_T3_101614,,,,,Existing CM Trackers-Not Found,,,,,
script.hotjar.com,Targeted Advertising cookies (including social media),Hotjar,ETag,bench_new_T3_101661,,,,,Existing CM Trackers-Not Found,,,,,
sc-static.net,Targeted Advertising cookies (including social media),Snap Inc.,ETag,bench_new_T3_100969,,,TRUE,https://www.CLIENT_X.com.pk/c-f/XC000002428/how-to-clean-the-brush-of-my-CLIENT_X-vacuum-cleaner,Existing CM Trackers-Found,,,,,
script.hotjar.com,Targeted Advertising cookies (including social media),Hotjar,ETag,bench_new_T3_102107,,,,,Existing CM Trackers-Not Found,,,,,
connect.facebook.net,Targeted Advertising cookies (including social media),Meta (formerly Facebook),Beacon,bench_new_T3_101911,,,TRUE,https://www.CLIENT_X.com.pk/c-e/au/car-lights/automotive-articles.html?npagination=110,Existing CM Trackers-Found,,,,,
images.CLIENT_X.com,Essential cookies,Koninklijke CLIENT_X N.V.,ETag,bench_new_T3_102230,,,TRUE,https://www.CLIENT_X.com.pk/c-p/00947033/gopure-selectfilter-plus-filter-for-car-air-purifier,Existing CM Trackers-Found,,,,,
CLIENT_X.com.pk,Essential cookies,CLIENT_X - Pakistan,HTTP Cookie,bench_new_T3_101693,,400,,https://www.CLIENT_X.com.pk/,New First Party Trackers,,,,,
connect.facebook.net,Targeted Advertising cookies (including social media),Meta (formerly Facebook),Beacon,bench_new_T3_100962,,,TRUE,https://www.CLIENT_X.com.pk/c-e/au/car-lights/automotive-articles.html?npagination=110,Existing CM Trackers-Found,,,,,
www.lighting.CLIENT_X.com.pk,Essential cookies,Signify (formerly CLIENT_X Lighting),HTTP Cookie,bench_new_T3_101370,,,,,Existing CM Trackers-Not Found,,,,,
dpm.demdex.net,Targeted Advertising cookies (including social media),"Adobe Audience Manager, Adobe Experience Cloud",Beacon,bench_new_T3_101655,,,,,Existing CM Trackers-Not Found,,,,,
assets.adobedtm.com,Performance cookies,Adobe Inc.,JavaScript,bench_new_T3_101148,,,,,Existing CM Trackers-Not Found,,,,,
munchkin.marketo.net,Targeted Advertising cookies (including social media),Marketo,JavaScript,bench_new_T3_101001,,,,,Existing CM Trackers-Not Found,,,,,
dsum-sec.casalemedia.com,Targeted Advertising cookies (including social media),Index Exchange Inc.,Beacon,bench_new_T3_101767,,,TRUE,https://www.CLIENT_X.com.pk/a-w/cookie-notice,Existing CM Trackers-Found,,,,,
CLIENT_X.com.pk,Essential cookies,CLIENT_X - Pakistan,HTTP Cookie,bench_new_T3_102193,,365,,https://www.CLIENT_X.com.pk/,New First Party Trackers,,,,,
tremorhub.com,Targeted Advertising cookies (including social media),"Magnite CTV, Inc.",HTTP Cookie,bench_new_T3_101444,,400,TRUE,https://www.CLIENT_X.com.pk/a-w/cookie-notice.html,Existing CM Trackers-Found,,,,,
CLIENT_X.com.pk,Performance cookies,CLIENT_X - Pakistan,HTTP Cookie,bench_new_T3_101127,,session,TRUE,https://www.CLIENT_X.com.pk/,Existing CM Trackers-Found,,,,,
nebula-cdn.kampyle.com,Performance cookies,Medallia,JavaScript,bench_new_T3_101846,,,TRUE,http://www.CLIENT_X.com.pk/,Existing CM Trackers-Found,,,,,
www.tienda.CLIENT_X.cl,Essential cookies (exempt from consent),CLIENT_X - Chile,JavaScript,blank (java),,bench_update_duration,,,Existing CM Trackers-Not Found,,,,,
www.lighting.CLIENT_X.com.pk,Essential cookies,Signify (formerly CLIENT_X Lighting),HTTP Cookie,bench_new_T3_101355,,,,,Existing CM Trackers-Not Found,,,,,
CLIENT_X.com.pk,Essential cookies,CLIENT_X - Pakistan,HTTP Cookie,bench_new_T3_101643,,,,,Existing CM Trackers-Not Found,,,,,
CLIENT_X.com,Essential cookies,Koninklijke CLIENT_X N.V.,HTTP Cookie,bench_new_T3_102263,,,,,Existing CM Trackers-Not Found,,,,,
CLIENT_X.com.pk,Essential cookies,CLIENT_X - Pakistan,HTTP Cookie,bench_new_T3_101995,,,,,Existing CM Trackers-Not Found,,,,,
www.CLIENT_X.com.pk,Essential cookies,CLIENT_X - Pakistan,HTTP Cookie,bench_new_T3_101235,,6,,http://www.CLIENT_X.com.pk/,New First Party Trackers,,,,,
*.t.eloqua.com,Performance cookies,Oracle Marketing,JavaScript,bench_new_T3_101727,,,,https://www.CLIENT_X.com.pk/healthcare,New Third Party Trackers,,,,,
www.gearselectiontool.lighting.CLIENT_X.com,Performance cookies,Signify (formerly CLIENT_X Lighting),ETag,bench_new_T3_102268,,,,,Existing CM Trackers-Not Found,,,,,
lighting.CLIENT_X.com.cn,Essential cookies (exempt from consent),Signify (formerly CLIENT_X Lighting),HTTP Cookie,aam_uuid,,bench_update_duration,,,Existing CM Trackers-Not Found,,,,,
www.google.ie,Targeted Advertising cookies (including social media),Google Inc.,Beacon,bench_new_T3_102362,,,TRUE,http://www.CLIENT_X.com.pk/,Existing CM Trackers-Found,,,,,
widget-cdn.janraincapture.com,Performance cookies,Akamai,ETag,bench_new_T3_101432,,,,,Existing CM Trackers-Not Found,,,,,
lighting.CLIENT_X.com.pk,Essential cookies,Signify (formerly CLIENT_X Lighting),HTTP Cookie,bench_new_T3_101997,,,,,Existing CM Trackers-Not Found,,,,,
www.CLIENT_X.com.pk,Essential cookies,CLIENT_X - Pakistan,HTTP Cookie,bench_new_T3_102282,,,,,Existing CM Trackers-Not Found,,,,,
CLIENT_X.co.uk,Essential cookies (exempt from consent),CLIENT_X - United Kingdom,HTTP Cookie,s_pv,,bench_update_duration,TRUE,https://www.CLIENT_X.com.pk/c-e/ho/cooking/airfryer-xxl,Existing CM Trackers-Found,,,,,
CLIENT_X.com.pk,Essential cookies,CLIENT_X - Pakistan,HTTP Cookie,_ga_failed_lookup_marker_63_1742,,,,,Existing CM Trackers-Not Found,,,,,
lighting.CLIENT_X.com.pk,Essential cookies,Signify (formerly CLIENT_X Lighting),HTTP Cookie,bench_new_T3_101671,,,,,Existing CM Trackers-Not Found,,,,,
*.t.eloqua.com,Performance cookies,Oracle Marketing,Beacon,bench_new_T3_101106,,,,https://www.CLIENT_X.com.pk/healthcare,New Third Party Trackers,,,,,
www.CLIENT_X.com.pk,Essential cookies,CLIENT_X - Pakistan,HTTP Cookie,bench_new_T3_101036,,365,TRUE,http://www.CLIENT_X.com.pk/,Existing CM Trackers-Found,,,,,
lighting.CLIENT_X.com.pk,Essential cookies,Signify (formerly CLIENT_X Lighting),HTTP Cookie,bench_new_T3_101854,,,,,Existing CM Trackers-Not Found,,,,,
www.CLIENT_X.com.pk,Essential cookies,CLIENT_X - Pakistan,HTTP Cookie,bench_new_T3_101238,,,,,Existing CM Trackers-Not Found,,,,,
www.gearselectiontool.lighting.CLIENT_X.com,Performance cookies,Signify (formerly CLIENT_X Lighting),JavaScript,bench_new_T3_100826,,,,,Existing CM Trackers-Not Found,,,,,
www.CLIENT_X.com.pk,Essential cookies,CLIENT_X - Pakistan,HTTP Cookie,bench_new_T3_101493,,6,,http://www.CLIENT_X.com.pk/,New First Party Trackers,,,,,
www.lighting.CLIENT_X.pt,Essential cookies (exempt from consent),Signify (formerly CLIENT_X Lighting),HTTP Cookie,d01-layout,,,,https://www.CLIENT_X.com.pk/a-w/cookie-notice,Existing CM Trackers-Found,,,,,
smetrics.marketing.CLIENT_X-hue.com,Targeted Advertising cookies (including social media),CLIENT_X Hue,JavaScript,bench_new_T3_102165,,,,,Existing CM Trackers-Not Found,,,,,
CLIENT_X.com.pk,Essential cookies,CLIENT_X - Pakistan,HTTP Cookie,bench_new_T3_101013,,,,,Existing CM Trackers-Not Found,,,,,
www.CLIENT_X.com.pk,Essential cookies,CLIENT_X - Pakistan,HTTP Cookie,_ga_failed_lookup_marker_63_1753,,1,,http://www.CLIENT_X.com.pk/,New First Party Trackers,,,,,
youtube.com,Targeted Advertising cookies (including social media),Google Advertising Products,HTTP Cookie,bench_new_T3_101083,,180,TRUE,https://www.CLIENT_X.com.pk/c-m-so/monitors,Existing CM Trackers-Found,,,,,
tag.demandbase.com,Targeted Advertising cookies (including social media),"Demandbase, Inc.",ETag,bench_new_T3_102328,,,TRUE,https://www.CLIENT_X.com.pk/a-w/cookie-notice,Existing CM Trackers-Found,,,,,
CLIENT_X.com.pk,Essential cookies,CLIENT_X - Pakistan,HTTP Cookie,bench_new_T3_101044,,400,,https://www.CLIENT_X.com.pk/,New First Party Trackers,,,,,
CLIENT_X.com.pk,Essential cookies,CLIENT_X - Pakistan,HTTP Cookie,bench_new_T3_101310,,session,TRUE,https://www.CLIENT_X.com.pk/,Existing CM Trackers-Found,,,,,
code.jquery.com,Performance cookies,jQuery,JavaScript,bench_new_T3_101200,,,,,Existing CM Trackers-Not Found,,,,,
youtube.com,Targeted Advertising cookies (including social media),Google Advertising Products,HTTP Cookie,bench_new_T3_101631,,session,TRUE,https://www.CLIENT_X.com.pk/c-m-so/monitors,Existing CM Trackers-Found,,,,,
lighting.CLIENT_X.com.pk,Essential cookies,Signify (formerly CLIENT_X Lighting),HTTP Cookie,bench_new_T3_100869,,,,,Existing CM Trackers-Not Found,,,,,
CLIENT_X.com.pk,Essential cookies,CLIENT_X - Pakistan,HTTP Cookie,bench_new_T3_101680,,session,TRUE,https://www.CLIENT_X.com.pk/,Existing CM Trackers-Found,,,,,
versuni.scene7.com,Performance cookies,Adobe Experience Cloud - Experience Manager,ETag,bench_new_T3_101627,,,,https://www.CLIENT_X.com.pk/c-f/XC000021994/how-to-clean-the-dust-bucket-and-filter-of-my-CLIENT_X-1000-series-bagless-vacuum-cleaner,New Third Party Trackers,,,,,
CLIENT_X.com.pk,Essential cookies,CLIENT_X - Pakistan,HTTP Cookie,bench_new_T3_100825,,,,,Existing CM Trackers-Not Found,,,,,
www.CLIENT_X.com.pk,Essential cookies,CLIENT_X - Pakistan,HTTP Cookie,bench_new_T3_101894,,0,,http://www.CLIENT_X.com.pk/,New First Party Trackers,,,,,
www.CLIENT_X.com.pk,Essential cookies,CLIENT_X - Pakistan,HTTP Cookie,bench_new_T3_101778,,,,,Existing CM Trackers-Not Found,,,,,
CLIENT_X.com.pk,Essential cookies,CLIENT_X - Pakistan,HTTP Cookie,bench_new_T3_102156,,0,TRUE,https://www.CLIENT_X.com.pk/,Existing CM Trackers-Found,,,,,
www.lighting.CLIENT_X.com.pk,Essential cookies,Signify (formerly CLIENT_X Lighting),HTTP Cookie,bench_new_T3_101142,,,,,Existing CM Trackers-Not Found,,,,,
maps.googleapis.com,Performance cookies,Google Inc.,JavaScript,bench_new_T3_101311,,,TRUE,https://www.CLIENT_X.com.pk/c-m-au/car-lights/store-locator,Existing CM Trackers-Found,,,,,
www.accounts.CLIENT_X.com,Essential cookies,Koninklijke CLIENT_X N.V.,ETag,bench_new_T3_101516,,,,,Existing CM Trackers-Not Found,,,,,
nebula-cdn.kampyle.com,Performance cookies,Medallia,ETag,bench_new_T3_101271,,,TRUE,http://www.CLIENT_X.com.pk/,Existing CM Trackers-Found,,,,,
www.productfinder.lighting.CLIENT_X.com,Targeted Advertising Cookies (including social media) [Requires consent],Koninklijke CLIENT_X N.V.,JavaScript,-,,,,,Existing CM Trackers-Not Found,,,,,
adservice.google.com,Targeted Advertising cookies (including social media),Google Advertising Products,Beacon,bench_new_T3_101423,,,TRUE,http://www.CLIENT_X.com.pk/,Existing CM Trackers-Found,,,,,
lighting.CLIENT_X.com.pk,Essential cookies,Signify (formerly CLIENT_X Lighting),HTTP Cookie,bench_new_T3_101624,,,,,Existing CM Trackers-Not Found,,,,,
lighting.CLIENT_X.com.pk,Essential cookies,Signify (formerly CLIENT_X Lighting),Local Storage,bench_new_T3_102261,,,,,Existing CM Trackers-Not Found,,,,,
ssl-static.janraincapture.com,Performance cookies,Akamai,JavaScript,bench_new_T3_100902,,,,,Existing CM Trackers-Not Found,,,,,
code.jquery.com,Performance cookies,jQuery,ETag,bench_new_T3_102091,,,,,Existing CM Trackers-Not Found,,,,,
CLIENT_X.com.pk,Essential cookies,CLIENT_X - Pakistan,HTTP Cookie,bench_new_T3_101379,,400,,https://www.CLIENT_X.com.pk/,New First Party Trackers,,,,,
www.youtube.com,Targeted Advertising cookies (including social media),Google Advertising Products,JavaScript,bench_new_T3_102369,,,TRUE,https://www.CLIENT_X.com.pk/c-f/XC000004492/how-do-i-get-the-best-results-with-my-CLIENT_X-shaver,Existing CM Trackers-Found,,,,,
www.CLIENT_X.com.pk,Essential cookies,CLIENT_X - Pakistan,HTTP Cookie,bench_new_T3_100923,,365,TRUE,http://www.CLIENT_X.com.pk/,Existing CM Trackers-Found,,,,,
lighting.CLIENT_X.com.pk,Essential cookies,Signify (formerly CLIENT_X Lighting),HTTP Cookie,bench_new_T3_101180,,,,,Existing CM Trackers-Not Found,,,,,
www.CLIENT_X.co.th,Essential cookies (exempt from consent),CLIENT_X - Thailand,HTTP Cookie,kampyleSessionPageCounter,,bench_update_duration,,http://www.CLIENT_X.com.pk/,New First Party Trackers,,,,,
ad.doubleclick.net,Targeted Advertising cookies (including social media),Google Advertising Products,Beacon,bench_new_T3_101831,,,TRUE,http://www.CLIENT_X.com.pk/,Existing CM Trackers-Found,,,,,
consent-pref.trustarc.com,Essential cookies,TrustArc,JavaScript,bench_new_T3_102049,,,TRUE,https://www.CLIENT_X.com.pk/healthcare,Existing CM Trackers-Found,,,,,
www.realpro.lighting.CLIENT_X.com,Essential cookies,Koninklijke CLIENT_X N.V.,ETag,bench_new_T3_101230,,,,,Existing CM Trackers-Not Found,,,,,
CLIENT_Xtest.scene7.com,Performance cookies,Adobe Experience Cloud - Experience Manager,ETag,bench_new_T3_100833,,,,,Existing CM Trackers-Not Found,,,,,
www.CLIENT_X.com.pk,Essential cookies,CLIENT_X - Pakistan,HTTP Cookie,bench_new_T3_101744,,,,,Existing CM Trackers-Not Found,,,,,
*.en25.com,Targeted Advertising cookies (including social media),Oracle Marketing,JavaScript,bench_new_T3_102394,,,,https://www.CLIENT_X.com.pk/healthcare,Existing CM Trackers-Found,,,,,
*.cloudfront.net,Performance cookies,Amazon (Cloudfront),ETag,bench_new_T3_101628,,,,,Existing CM Trackers-Not Found,,,,,
versuni.scene7.com,Performance cookies,Adobe Experience Cloud - Experience Manager,JavaScript,_ga_failed_lookup_marker_63_1789,,,,https://www.CLIENT_X.com.pk/c-f/XC000021994/how-to-clean-the-dust-bucket-and-filter-of-my-CLIENT_X-1000-series-bagless-vacuum-cleaner,New Third Party Trackers,,,,,
www.CLIENT_X.com.pk,Essential cookies,CLIENT_X - Pakistan,HTTP Cookie,bench_new_T3_101998,,,,,Existing CM Trackers-Not Found,,,,,
CLIENT_X.com.pk,Essential cookies,CLIENT_X - Pakistan,HTTP Cookie,bench_new_T3_101732,,393,TRUE,https://www.CLIENT_X.com.pk/,Existing CM Trackers-Found,,,,,
raw.githubusercontent.com,Performance cookies,GitHub Inc.,ETag,bench_new_T3_100925,,,TRUE,https://www.CLIENT_X.com.pk/healthcare/about/distributors,Existing CM Trackers-Found,,,,,
company-target.com,Targeted Advertising cookies (including social media),"Demandbase, Inc.",HTTP Cookie,_ga_failed_lookup_marker_63_1793,,396,TRUE,https://www.CLIENT_X.com.pk/a-w/cookie-notice.html,Existing CM Trackers-Found,,,,,
CLIENT_X.com.pk,Essential cookies,CLIENT_X - Pakistan,Local Storage,bench_new_T3_101451,,,TRUE,https://www.CLIENT_X.com.pk/c-f/XC000001050/are-CLIENT_X-avent-cups-compatible-with-other-avent-products,Existing CM Trackers-Found,,,,,
tag-logger.demandbase.com,Targeted Advertising cookies (including social media),"Demandbase, Inc.",ETag,bench_new_T3_101684,,,,https://www.CLIENT_X.com.pk/healthcare,New Third Party Trackers,,,,,
CLIENT_X.112.2o7.net,Performance cookies,"Adobe Audience Manager, Adobe Experience Cloud",Beacon,_ga_failed_lookup_marker_63_1796,,,TRUE,http://www.CLIENT_X.com.pk/,Existing CM Trackers-Found,,,,,
www.crsc.lighting.CLIENT_X.com,Performance cookies,Signify (formerly CLIENT_X Lighting),JavaScript,bench_new_T3_102310,,,,,Existing CM Trackers-Not Found,,,,,
assets.api.useinsider.com,Targeted Advertising Cookies (including social media) [Requires consent],Insider,JavaScript,-,,,,https://www.CLIENT_X.com.pk/healthcare,Existing CM Trackers-Found,,,,,
CLIENT_Xlighting.d3.sc.omtrdc.net,Performance cookies,"Adobe Audience Manager, Adobe Experience Cloud",JavaScript,bench_new_T3_102250,,,,,Existing CM Trackers-Not Found,,,,,
munchkin.marketo.net,Targeted Advertising cookies (including social media),Marketo,ETag,bench_new_T3_100959,,,,,Existing CM Trackers-Not Found,,,,,
lighting.CLIENT_X.com.pk,Essential cookies,Signify (formerly CLIENT_X Lighting),HTTP Cookie,bench_new_T3_101546,,,,,Existing CM Trackers-Not Found,,,,,
www.docs.lighting.CLIENT_X.com,Performance cookies,Signify (formerly CLIENT_X Lighting),ETag,bench_new_T3_101640,,,,,Existing CM Trackers-Not Found,,,,,
doubleclick.net,Targeted Advertising cookies (including social media),Google Advertising Products,HTTP Cookie,bench_new_T3_100863,,390,TRUE,https://www.CLIENT_X.com.pk/,Existing CM Trackers-Found,,,,,
www.CLIENT_X.com.pk,Essential cookies,CLIENT_X - Pakistan,HTTP Cookie,bench_new_T3_102257,,,,,Existing CM Trackers-Not Found,,,,,
consent.trustarc.com,Essential cookies,TrustArc,Beacon,bench_new_T3_101731,,,TRUE,http://www.CLIENT_X.com.pk/,Existing CM Trackers-Found,,,,,
www.assets.lighting.CLIENT_X.com,Performance cookies,Signify (formerly CLIENT_X Lighting),ETag,bench_new_T3_102139,,,,,Existing CM Trackers-Not Found,,,,,
beacon.speedcurve.com,Performance cookies,Speedcurve,Beacon,bench_new_T3_102126,,,,https://www.CLIENT_X.com.pk/c-e/au/car-lights/automotive-articles.html?npagination=167,New Third Party Trackers,,,,,
www.CLIENT_X.com.pk,Essential cookies,CLIENT_X - Pakistan,HTTP Cookie,_ga_failed_lookup_marker_63_1808,,session,,http://www.CLIENT_X.com.pk/,New First Party Trackers,,,,,
dsum-sec.casalemedia.com,Targeted Advertising cookies (including social media),Index Exchange Inc.,Beacon,_ga_failed_lookup_marker_63_1809,,,TRUE,https://www.CLIENT_X.com.pk/a-w/cookie-notice,Existing CM Trackers-Found,,,,,
www.crsc.CLIENT_X.com,Targeted Advertising cookies (including social media),Koninklijke CLIENT_X N.V.,ETag,bench_new_T3_102222,,,TRUE,https://www.CLIENT_X.com.pk/c-e/au/motorcycle-lights/moto-selector-tool.html,Existing CM Trackers-Found,,,,,
sc-static.net,Targeted Advertising cookies (including social media),Snap Inc.,HTTP Cookie,bench_new_T3_101533,,1,TRUE,https://www.CLIENT_X.com.pk/c-e/ho/cooking/airfryer-xxl,Existing CM Trackers-Found,,,,,
CLIENT_X.com.pk,Essential cookies,CLIENT_X - Pakistan,HTTP Cookie,bench_new_T3_101662,,,,,Existing CM Trackers-Not Found,,,,,
CLIENT_X.com.pk,Essential cookies,CLIENT_X - Pakistan,HTTP Cookie,bench_new_T3_101563,,400,TRUE,https://www.CLIENT_X.com.pk/,Existing CM Trackers-Found,,,,,
www.CLIENT_X.com.pk,Essential cookies,CLIENT_X - Pakistan,HTTP Cookie,bench_new_T3_101337,,,,,Existing CM Trackers-Not Found,,,,,
CLIENT_X.com.pk,Essential cookies,CLIENT_X - Pakistan,HTTP Cookie,bench_new_T3_102143,,,,https://www.CLIENT_X.com.pk/,Existing CM Trackers-Found,,,,,
img.en25.com,Performance cookies,Oracle Marketing,JavaScript,_ga_failed_lookup_marker_63_1816,,,,https://www.CLIENT_X.com.pk/healthcare,New Third Party Trackers,,,,,
www.docs.lighting.CLIENT_X.com,Performance cookies,Signify (formerly CLIENT_X Lighting),JavaScript,bench_new_T3_101182,,,,,Existing CM Trackers-Not Found,,,,,
cdn.jsdelivr.net,Performance cookies,Volentio JSD Limited,JavaScript,bench_new_T3_101224,,,,,Existing CM Trackers-Not Found,,,,,
www.realpro.lighting.CLIENT_X.com,Essential cookies,Koninklijke CLIENT_X N.V.,ETag,_ga_failed_lookup_marker_63_1819,,,,,Existing CM Trackers-Not Found,,,,,
www.CLIENT_X.se,Essential cookies (exempt from consent),CLIENT_X - Sweden,HTTP Cookie,JSESSIONID,,,TRUE,http://www.CLIENT_X.com.pk/,Existing CM Trackers-Found,,,,,
widget-cdn.janraincapture.com,Performance cookies,Akamai,JavaScript,bench_new_T3_100912,,,,,Existing CM Trackers-Not Found,,,,,
tag.demandbase.com,Targeted Advertising cookies (including social media),"Demandbase, Inc.",ETag,bench_new_T3_102073,,,TRUE,https://www.CLIENT_X.com.pk/a-w/cookie-notice,Existing CM Trackers-Found,,,,,
www.tienda.CLIENT_X.com.ar,Essential cookies (exempt from consent),CLIENT_X - Argentina,HTTP Cookie,TawkConnectionTime,,89,TRUE,https://www.CLIENT_X.com.pk/c-m-so/monitors,Existing CM Trackers-Found,,,,,
CLIENT_X.com.pk,Essential cookies,CLIENT_X - Pakistan,Local Storage,bench_new_T3_101788,,,TRUE,https://www.CLIENT_X.com.pk/c-f/XC000001050/are-CLIENT_X-avent-cups-compatible-with-other-avent-products,Existing CM Trackers-Found,,,,,
beacon.speedcurve.com,Performance cookies,Speedcurve,Beacon,bench_new_T3_101487,,,,https://www.CLIENT_X.com.pk/c-e/au/car-lights/automotive-articles.html?npagination=167,New Third Party Trackers,,,,,
c.amazon-adsystem.com,Targeted Advertising cookies (including social media),Amazon Ads,ETag,bench_new_T3_101688,,,,,Existing CM Trackers-Not Found,,,,,
www.crsc.CLIENT_X.com,Targeted Advertising cookies (including social media),Koninklijke CLIENT_X N.V.,ETag,_ga_failed_lookup_marker_63_1827,,,TRUE,https://www.CLIENT_X.com.pk/c-e/au/motorcycle-lights/moto-selector-tool.html,Existing CM Trackers-Found,,,,,
www.googletagmanager.com,Performance cookies,Google Inc.,Beacon,bench_new_T3_100983,,,TRUE,https://www.CLIENT_X.com.pk/c-e/au/car-lights/automotive-articles.html?npagination=104,Existing CM Trackers-Found,,,,,
www.CLIENT_X.com.pk,Essential cookies,CLIENT_X - Pakistan,ETag,bench_new_T3_101648,,,TRUE,http://www.CLIENT_X.com.pk/,Existing CM Trackers-Found,,,,,
www.google.ie,Targeted Advertising cookies (including social media),Google Inc.,Beacon,bench_new_T3_101580,,,TRUE,http://www.CLIENT_X.com.pk/,Existing CM Trackers-Found,,,,,
tracker-detail-page.trustarc.com,Essential cookies,TrustArc,ETag,bench_new_T3_102162,,,,https://www.CLIENT_X.com.pk/a-w/cookie-notice,New Third Party Trackers,,,,,
static.hotjar.com,Performance cookies,Hotjar,ETag,bench_new_T3_100843,,,,,Existing CM Trackers-Not Found,,,,,
www.CLIENT_X.com.pk,Essential cookies,CLIENT_X - Pakistan,HTTP Cookie,bench_new_T3_102331,,session,,http://www.CLIENT_X.com.pk/,New First Party Trackers,,,,,
assets.adobedtm.com,Performance cookies,Adobe Inc.,ETag,bench_new_T3_101803,,,,,Existing CM Trackers-Not Found,,,,,
CLIENT_X.com.pk,Essential cookies,CLIENT_X - Pakistan,HTTP Cookie,bench_new_T3_102104,,,,,Existing CM Trackers-Not Found,,,,,
CLIENT_X.com.pk,Performance cookies,CLIENT_X - Pakistan,HTTP Cookie,bench_new_T3_102223,,session,TRUE,https://www.CLIENT_X.com.pk/,Existing CM Trackers-Found,,,,,
www.CLIENT_X.com.pk,Essential cookies,CLIENT_X - Pakistan,HTTP Cookie,bench_new_T3_102062,,365,TRUE,http://www.CLIENT_X.com.pk/,Existing CM Trackers-Found,,,,,
CLIENT_X.lv,Essential cookies (exempt from consent),CLIENT_X - Latvia,HTTP Cookie,s_eVar44,,bench_update_duration,,,Existing CM Trackers-Not Found,,,,,
www.CLIENT_X.ch,Essential cookies (exempt from consent),CLIENT_X - Switzerland,HTTP Cookie,AWSELBCORS,,bench_update_duration,TRUE,https://www.CLIENT_X.com.pk/a-w/cookie-notice.html,Existing CM Trackers-Found,,,,,
www.CLIENT_X.com.pk,Essential cookies,CLIENT_X - Pakistan,HTTP Cookie,bench_new_T3_101074,,,,,Existing CM Trackers-Not Found,,,,,
CLIENT_X.com.pk,Essential cookies,CLIENT_X - Pakistan,HTTP Cookie,bench_new_T3_100929,,,,,Existing CM Trackers-Not Found,,,,,
maps.googleapis.com,Performance cookies,Google Inc.,ETag,bench_new_T3_101476,,,TRUE,https://www.CLIENT_X.com.pk/c-m-au/car-lights/store-locator,Existing CM Trackers-Found,,,,,
www.static.accounts.CLIENT_X.com,Essential cookies,Koninklijke CLIENT_X N.V.,JavaScript,bench_new_T3_101329,,,,,Existing CM Trackers-Not Found,,,,,
*.mktoweb.com,Targeted Advertising cookies (including social media),Marketo,HTTP Cookie,bench_new_T3_101378,,,,,Existing CM Trackers-Not Found,,,,,
snapchat.com,Targeted Advertising cookies (including social media),Snap Inc.,HTTP Cookie,bench_new_T3_101607,,390,TRUE,https://www.CLIENT_X.com.pk/c-e/ho/cooking/airfryer-xxl,Existing CM Trackers-Found,,,,,
consent.trustarc.com,Essential cookies,TrustArc,Beacon,bench_new_T3_102086,,,TRUE,http://www.CLIENT_X.com.pk/,Existing CM Trackers-Found,,,,,
www.CLIENT_X.be,Essential cookies (exempt from consent),CLIENT_X - Belgium,HTTP Cookie,_sdsat_pgm_sh_alloc,,bench_update_duration,,,Existing CM Trackers-Not Found,,,,,
tr.snapchat.com,Targeted Advertising cookies (including social media),Snap Inc.,Beacon,bench_new_T3_101558,,,TRUE,https://www.CLIENT_X.com.pk/c-e/ho/cooking/airfryer-xxl,Existing CM Trackers-Found,,,,,
www.CLIENT_X.com.pk,Essential cookies,CLIENT_X - Pakistan,HTTP Cookie,bench_new_T3_101637,,365,TRUE,http://www.CLIENT_X.com.pk/,Existing CM Trackers-Found,,,,,
www.CLIENT_X.co.uk,Essential cookies (exempt from consent),CLIENT_X - United Kingdom,HTTP Cookie,ws-active-shop,,bench_update_duration,TRUE,https://www.CLIENT_X.com.pk/,Existing CM Trackers-Found,,,,,
www.facebook.com,Targeted Advertising cookies (including social media),Meta (formerly Facebook),Beacon,bench_new_T3_101875,,,TRUE,http://www.CLIENT_X.com.pk/,Existing CM Trackers-Found,,,,,
CLIENT_X.com.pk,Essential cookies,CLIENT_X - Pakistan,HTTP Cookie,bench_new_T3_102137,,session,TRUE,https://www.CLIENT_X.com.pk/,Existing CM Trackers-Found,,,,,
www.google.com,Essential cookies,Google Inc.,HTTP Cookie,bench_new_T3_101033,,179,TRUE,https://www.CLIENT_X.com.pk/healthcare/articles/sleep-apnea-compliance,Existing CM Trackers-Found,,,,,
www.googletagmanager.com,Performance cookies,Google Inc.,JavaScript,_ga_failed_lookup_marker_63_1854,,,TRUE,http://www.CLIENT_X.com.pk/,Existing CM Trackers-Found,,,,,
www.CLIENT_X.com.pk,Essential cookies,CLIENT_X - Pakistan,ETag,bench_new_T3_102176,,,TRUE,http://www.CLIENT_X.com.pk/,Existing CM Trackers-Found,,,,,
img.youtube.com,Targeted Advertising cookies (including social media),Google Advertising Products,ETag,bench_new_T3_102189,,,,,Existing CM Trackers-Not Found,,,,,
www.lighting.CLIENT_X.com.pk,Essential cookies,Signify (formerly CLIENT_X Lighting),HTTP Cookie,bench_new_T3_101917,,,,,Existing CM Trackers-Not Found,,,,,
pages.information.signify.com,Performance cookies,Signify (formerly CLIENT_X Lighting),ETag,bench_new_T3_100871,,,,,Existing CM Trackers-Not Found,,,,,
*.fls.doubleclick.net,Targeted Advertising cookies (including social media),Google Advertising Products,Beacon,bench_new_T3_102184,,,,,Existing CM Trackers-Not Found,,,,,
CLIENT_X.com.pk,Essential cookies,CLIENT_X - Pakistan,HTTP Cookie,bench_new_T3_101283,,0,TRUE,https://www.CLIENT_X.com.pk/,Existing CM Trackers-Found,,,,,
widget-cdn.janraincapture.com,Performance cookies,Akamai,JavaScript,bench_new_T3_100960,,,,,Existing CM Trackers-Not Found,,,,,
casalemedia.com,Targeted Advertising cookies (including social media),Index Exchange Inc.,HTTP Cookie,bench_new_T3_102260,,90,TRUE,https://www.CLIENT_X.com.pk/a-w/cookie-notice.html,Existing CM Trackers-Found,,,,,
ad.doubleclick.net,Targeted Advertising cookies (including social media),Google Advertising Products,Beacon,bench_new_T3_100808,,,TRUE,http://www.CLIENT_X.com.pk/,Existing CM Trackers-Found,,,,,
assets.adoberesources.net,Performance cookies,Adobe Inc.,JavaScript,bench_new_T3_100917,,,,,Existing CM Trackers-Not Found,,,,,
www.realpro.lighting.CLIENT_X.com,Essential cookies,Koninklijke CLIENT_X N.V.,ETag,bench_new_T3_101596,,,,,Existing CM Trackers-Not Found,,,,,
beacon.speedcurve.com,Performance cookies,Speedcurve,Beacon,bench_new_T3_101576,,,,https://www.CLIENT_X.com.pk/c-e/au/car-lights/automotive-articles.html?npagination=167,New Third Party Trackers,,,,,
nebula-cdn.kampyle.com,Performance cookies,Medallia,JavaScript,bench_new_T3_101656,,,TRUE,http://www.CLIENT_X.com.pk/,Existing CM Trackers-Found,,,,,
youtube.com,Targeted Advertising cookies (including social media),Google Advertising Products,HTTP Cookie,bench_new_T3_101167,,180,TRUE,https://www.CLIENT_X.com.pk/c-m-so/monitors,Existing CM Trackers-Found,,,,,
CLIENT_X.com.pk,Essential cookies,CLIENT_X - Pakistan,HTTP Cookie,bench_new_T3_101779,,,,,Existing CM Trackers-Not Found,,,,,
www.lighting.CLIENT_X.com.pk,Essential cookies,Signify (formerly CLIENT_X Lighting),JavaScript,bench_new_T3_101725,,,,,Existing CM Trackers-Not Found,,,,,
snapchat.com,Targeted Advertising cookies (including social media),Snap Inc.,HTTP Cookie,bench_new_T3_101387,,390,TRUE,https://www.CLIENT_X.com.pk/c-e/ho/cooking/airfryer-xxl,Existing CM Trackers-Found,,,,,
www.assets.signify.com,Performance cookies,Signify (formerly CLIENT_X Lighting),ETag,bench_new_T3_100878,,,,,Existing CM Trackers-Not Found,,,,,
www.lighting.CLIENT_X.com.pk,Essential cookies,Signify (formerly CLIENT_X Lighting),HTTP Cookie,bench_new_T3_100837,,,,,Existing CM Trackers-Not Found,,,,,
ajax.googleapis.com,Performance cookies,Google Inc.,JavaScript,bench_new_T3_100997,,,,,Existing CM Trackers-Not Found,,,,,
tag.demandbase.com,Targeted Advertising cookies (including social media),"Demandbase, Inc.",ETag,bench_new_T3_102035,,,TRUE,https://www.CLIENT_X.com.pk/a-w/cookie-notice,Existing CM Trackers-Found,,,,,
agent-versuni.mindtouch.us,Performance cookies,MindTouch,HTTP Cookie,bench_new_T3_101547,,session,,https://www.CLIENT_X.com.pk/c-f/XC000021443/my-CLIENT_X-fan-makes-an-unusual-noise-when-oscillating,New Third Party Trackers,,,,,
c.amazon-adsystem.com,Targeted Advertising cookies (including social media),Amazon Ads,ETag,bench_new_T3_101028,,,,,Existing CM Trackers-Not Found,,,,,
sc-static.net,Targeted Advertising cookies (including social media),Snap Inc.,JavaScript,bench_new_T3_100973,,,TRUE,https://www.CLIENT_X.com.pk/c-e/ho/cooking/airfryer-xxl,Existing CM Trackers-Found,,,,,
www.CLIENT_X.com.pk,Essential cookies,CLIENT_X - Pakistan,HTTP Cookie,bench_new_T3_101590,,365,TRUE,http://www.CLIENT_X.com.pk/,Existing CM Trackers-Found,,,,,
www.youtube.com,Targeted Advertising cookies (including social media),Google Advertising Products,JavaScript,bench_new_T3_101364,,,TRUE,https://www.CLIENT_X.com.pk/c-f/XC000004492/how-do-i-get-the-best-results-with-my-CLIENT_X-shaver,Existing CM Trackers-Found,,,,,
demdex.net,Targeted Advertising cookies (including social media),"Adobe Audience Manager, Adobe Experience Cloud",HTTP Cookie,bench_new_T3_102279,,,,,Existing CM Trackers-Not Found,,,,,
versuni.scene7.com,Performance cookies,Adobe Experience Cloud - Experience Manager,JavaScript,bench_new_T3_102001,,,,https://www.CLIENT_X.com.pk/c-f/XC000021994/how-to-clean-the-dust-bucket-and-filter-of-my-CLIENT_X-1000-series-bagless-vacuum-cleaner,New Third Party Trackers,,,,,
agent-versuni.mindtouch.us,Performance cookies,MindTouch,HTTP Cookie,bench_new_T3_101952,,session,,https://www.CLIENT_X.com.pk/c-f/XC000021443/my-CLIENT_X-fan-makes-an-unusual-noise-when-oscillating,New Third Party Trackers,,,,,
CLIENT_X.com.pk,Essential cookies,CLIENT_X - Pakistan,HTTP Cookie,bench_new_T3_102074,,,,,Existing CM Trackers-Not Found,,,,,
c.amazon-adsystem.com,Targeted Advertising cookies (including social media),Amazon Ads,JavaScript,bench_new_T3_101897,,,,,Existing CM Trackers-Not Found,,,,,
CLIENT_X.com.pk,Essential cookies,CLIENT_X - Pakistan,HTTP Cookie,bench_new_T3_102289,,0,TRUE,https://www.CLIENT_X.com.pk/,Existing CM Trackers-Found,,,,,
*.en25.com,Targeted Advertising cookies (including social media),Oracle Marketing,JavaScript,_ga_failed_lookup_marker_63_1887,,,,https://www.CLIENT_X.com.pk/healthcare,Existing CM Trackers-Found,,,,,
www.lighting.CLIENT_X.com.pk,Essential cookies,Signify (formerly CLIENT_X Lighting),HTTP Cookie,_ga_failed_lookup_marker_63_1888,,,,,Existing CM Trackers-Not Found,,,,,
CLIENT_X.dk,Essential cookies (exempt from consent),CLIENT_X - Denmark,HTTP Cookie,internalUserCheck,,bench_update_duration,TRUE,https://www.CLIENT_X.com.pk/healthcare/articles/sleep-apnea-compliance,Existing CM Trackers-Found,,,,,
www.CLIENT_X.com.pk,Essential cookies,CLIENT_X - Pakistan,HTTP Cookie,bench_new_T3_101241,,0,,http://www.CLIENT_X.com.pk/,New First Party Trackers,,,,,
www.ledsavingscalculator.CLIENT_X.co.uk,Performance cookies,Signify (formerly CLIENT_X Lighting),ETag,bench_new_T3_101701,,,,,Existing CM Trackers-Not Found,,,,,
youtube.com,Targeted Advertising cookies (including social media),Google Advertising Products,HTTP Cookie,bench_new_T3_101838,,180,TRUE,https://www.CLIENT_X.com.pk/c-m-so/monitors,Existing CM Trackers-Found,,,,,
CLIENT_X.com.pk,Performance cookies,CLIENT_X - Pakistan,HTTP Cookie,bench_new_T3_100920,,0,TRUE,https://www.CLIENT_X.com.pk/,Existing CM Trackers-Found,,,,,
*.fls.doubleclick.net,Targeted Advertising cookies (including social media),Google Advertising Products,Beacon,_ga_failed_lookup_marker_63_1894,,,,,Existing CM Trackers-Not Found,,,,,
acc.usa.CLIENT_X.com,Essential cookies (exempt from consent),Koninklijke CLIENT_X N.V.,HTTP Cookie,__attentive_ss_referrer,,,,,Existing CM Trackers-Not Found,,,,,
www.lighting.CLIENT_X.com.pk,Essential cookies,Signify (formerly CLIENT_X Lighting),HTTP Cookie,bench_new_T3_101530,,,,,Existing CM Trackers-Not Found,,,,,
CLIENT_X.com.pk,Essential cookies,CLIENT_X - Pakistan,HTTP Cookie,_ga_failed_lookup_marker_63_1897,,,,,Existing CM Trackers-Not Found,,,,,
CLIENT_X.com.pk,Essential cookies,CLIENT_X - Pakistan,HTTP Cookie,bench_new_T3_102082,,,,,Existing CM Trackers-Not Found,,,,,
px.ads.linkedin.com,Targeted Advertising cookies (including social media),LinkedIn,JavaScript,bench_new_T3_101481,,,TRUE,https://www.CLIENT_X.com.pk/c-p/GC026_00/-,Existing CM Trackers-Found,,,,,
demdex.net,Targeted Advertising cookies (including social media),"Adobe Audience Manager, Adobe Experience Cloud",HTTP Cookie,bench_new_T3_102031,,,,,Existing CM Trackers-Not Found,,,,,
CLIENT_Xlighting.d3.sc.omtrdc.net,Performance cookies,"Adobe Audience Manager, Adobe Experience Cloud",JavaScript,bench_new_T3_102173,,,,,Existing CM Trackers-Not Found,,,,,
www.CLIENT_X.com.pk,Essential cookies,CLIENT_X - Pakistan,HTTP Cookie,bench_new_T3_102186,,,,,Existing CM Trackers-Not Found,,,,,
lighting.CLIENT_X.com.pk,Essential cookies,Signify (formerly CLIENT_X Lighting),HTTP Cookie,bench_new_T3_102164,,,,,Existing CM Trackers-Not Found,,,,,
www.CLIENT_X.com.pk,Essential cookies,CLIENT_X - Pakistan,HTTP Cookie,bench_new_T3_100931,,,,,Existing CM Trackers-Not Found,,,,,
c.amazon-adsystem.com,Targeted Advertising cookies (including social media),Amazon Ads,ETag,bench_new_T3_101740,,,,,Existing CM Trackers-Not Found,,,,,
*.mktoweb.com,Targeted Advertising cookies (including social media),Marketo,JavaScript,bench_new_T3_101755,,,,,Existing CM Trackers-Not Found,,,,,
*.mktoweb.com,Targeted Advertising cookies (including social media),Marketo,Local Storage,bench_new_T3_102090,,,,,Existing CM Trackers-Not Found,,,,,
www.ledsavingscalculator.CLIENT_X.co.uk,Performance cookies,Signify (formerly CLIENT_X Lighting),ETag,bench_new_T3_101260,,,,,Existing CM Trackers-Not Found,,,,,
www.lighting.CLIENT_X.com.pk,Essential cookies,Signify (formerly CLIENT_X Lighting),HTTP Cookie,bench_new_T3_101616,,,,,Existing CM Trackers-Not Found,,,,,
pagead2.googlesyndication.com,Targeted Advertising cookies (including social media),Google Advertising Products,Beacon,_ga_failed_lookup_marker_63_1910,,,,,Existing CM Trackers-Not Found,,,,,
CLIENT_Xb2c.my.site.com,Performance cookies,"Salesforce.com, Inc.",JavaScript,bench_new_T3_101960,,,TRUE,https://www.CLIENT_X.com.pk/c-f/XC000001050/are-CLIENT_X-avent-cups-compatible-with-other-avent-products,Existing CM Trackers-Found,,,,,
www.crsc.CLIENT_X.com,Targeted Advertising cookies (including social media),Koninklijke CLIENT_X N.V.,ETag,bench_new_T3_100877,,,TRUE,https://www.CLIENT_X.com.pk/c-e/au/motorcycle-lights/moto-selector-tool.html,Existing CM Trackers-Found,,,,,
*.t.eloqua.com,Performance cookies,Oracle Marketing,Beacon,bench_new_T3_102077,,,,https://www.CLIENT_X.com.pk/healthcare,New Third Party Trackers,,,,,
cdn.jsdelivr.net,Performance cookies,Volentio JSD Limited,JavaScript,bench_new_T3_102131,,,,,Existing CM Trackers-Not Found,,,,,
www.crsc.CLIENT_X.com,Targeted Advertising cookies (including social media),Koninklijke CLIENT_X N.V.,JavaScript,bench_new_T3_101901,,,TRUE,https://www.CLIENT_X.com.pk/c-e/au/motorcycle-lights/moto-selector-tool.html,Existing CM Trackers-Found,,,,,
adservice.google.com,Targeted Advertising cookies (including social media),Google Advertising Products,Beacon,bench_new_T3_101593,,,TRUE,http://www.CLIENT_X.com.pk/,Existing CM Trackers-Found,,,,,
demdex.net,Targeted Advertising cookies (including social media),"Adobe Audience Manager, Adobe Experience Cloud",HTTP Cookie,_ga_failed_lookup_marker_63_1917,,,,,Existing CM Trackers-Not Found,,,,,
script.hotjar.com,Targeted Advertising cookies (including social media),Hotjar,JavaScript,bench_new_T3_102234,,,,,Existing CM Trackers-Not Found,,,,,
CLIENT_X.com.pk,Essential cookies,CLIENT_X - Pakistan,HTTP Cookie,bench_new_T3_100822,,400,,https://www.CLIENT_X.com.pk/,New First Party Trackers,,,,,
CLIENT_X.com.pk,Essential cookies,CLIENT_X - Pakistan,HTTP Cookie,bench_new_T3_102122,,400,TRUE,https://www.CLIENT_X.com.pk/,Existing CM Trackers-Found,,,,,
CLIENT_X.com.pk,Essential cookies,CLIENT_X - Pakistan,HTTP Cookie,bench_new_T3_101561,,,,,Existing CM Trackers-Not Found,,,,,
www.crsc.CLIENT_X.com,Targeted Advertising cookies (including social media),Koninklijke CLIENT_X N.V.,ETag,_ga_failed_lookup_marker_63_1922,,,TRUE,https://www.CLIENT_X.com.pk/c-e/au/motorcycle-lights/moto-selector-tool.html,Existing CM Trackers-Found,,,,,
munchkin.marketo.net,Targeted Advertising cookies (including social media),Marketo,JavaScript,bench_new_T3_100937,,,,,Existing CM Trackers-Not Found,,,,,
www.CLIENT_X.com.pk,Essential cookies,CLIENT_X - Pakistan,HTTP Cookie,_ga_failed_lookup_marker_63_1924,,,,,Existing CM Trackers-Not Found,,,,,
CLIENT_X.com.pk,Essential cookies,CLIENT_X - Pakistan,HTTP Cookie,bench_new_T3_101289,,,,,Existing CM Trackers-Not Found,,,,,
www.googletagmanager.com,Performance cookies,Google Inc.,JavaScript,bench_new_T3_100851,,,TRUE,http://www.CLIENT_X.com.pk/,Existing CM Trackers-Found,,,,,
tracker-detail-page.trustarc.com,Essential cookies,TrustArc,ETag,bench_new_T3_101771,,,,https://www.CLIENT_X.com.pk/a-w/cookie-notice,New Third Party Trackers,,,,,
CLIENT_X.co.in,Essential cookies (exempt from consent),CLIENT_X - India,HTTP Cookie,_schn2,,,,,Existing CM Trackers-Not Found,,,,,
CLIENT_X.com.pk,Essential cookies,CLIENT_X - Pakistan,HTTP Cookie,bench_new_T3_101026,,0,TRUE,https://www.CLIENT_X.com.pk/,Existing CM Trackers-Found,,,,,
www.crsc.CLIENT_X.com,Targeted Advertising cookies (including social media),Koninklijke CLIENT_X N.V.,ETag,bench_new_T3_101757,,,TRUE,https://www.CLIENT_X.com.pk/c-e/au/motorcycle-lights/moto-selector-tool.html,Existing CM Trackers-Found,,,,,
*.en25.com,Targeted Advertising cookies (including social media),Oracle Marketing,JavaScript,bench_new_T3_101212,,,,https://www.CLIENT_X.com.pk/healthcare,Existing CM Trackers-Found,,,,,
www.linkedin.com,Targeted Advertising Cookies (including social media) [Requires consent],LinkedIn,HTTP Cookie,bscookie,,365,,,Existing CM Trackers-Not Found,,,,,
raw.githubusercontent.com,Performance cookies,GitHub Inc.,ETag,bench_new_T3_102199,,,TRUE,https://www.CLIENT_X.com.pk/healthcare/about/distributors,Existing CM Trackers-Found,,,,,
respirtech.com,Essential cookies (exempt from consent),RespirTech,HTTP Cookie,s_cm,,bench_update_duration,TRUE,https://www.CLIENT_X.com.pk/healthcare,Existing CM Trackers-Found,,,,,
static.cloud.coveo.com,Targeted Advertising cookies (including social media),Coveo Solutions Inc.,ETag,bench_new_T3_100908,,,,,Existing CM Trackers-Not Found,,,,,
CLIENT_X.com.pk,Essential cookies,CLIENT_X - Pakistan,HTTP Cookie,bench_new_T3_101636,,,,,Existing CM Trackers-Not Found,,,,,
CLIENT_X.com.pk,Essential cookies,CLIENT_X - Pakistan,HTTP Cookie,bench_new_T3_101852,,400,TRUE,https://www.CLIENT_X.com.pk/,Existing CM Trackers-Found,,,,,
tremorhub.com,Targeted Advertising cookies (including social media),"Magnite CTV, Inc.",HTTP Cookie,bench_new_T3_101170,,400,TRUE,https://www.CLIENT_X.com.pk/a-w/cookie-notice.html,Existing CM Trackers-Found,,,,,
www.CLIENT_X.co.nz,Essential cookies (exempt from consent),CLIENT_X - New Zealand,Beacon,blank (beacon),,,,,Existing CM Trackers-Not Found,,,,,
www.CLIENT_X.com.pk,Essential cookies,CLIENT_X - Pakistan,HTTP Cookie,bench_new_T3_102178,,0,,http://www.CLIENT_X.com.pk/,New First Party Trackers,,,,,
CLIENT_X.pl,Essential cookies (exempt from consent),CLIENT_X - Poland,HTTP Cookie,s_cc,,bench_update_duration,,,Existing CM Trackers-Not Found,,,,,
www.docs.lighting.CLIENT_X.com,Performance cookies,Signify (formerly CLIENT_X Lighting),JavaScript,bench_new_T3_101201,,,,,Existing CM Trackers-Not Found,,,,,
demdex.net,Targeted Advertising cookies (including social media),"Adobe Audience Manager, Adobe Experience Cloud",HTTP Cookie,bench_new_T3_101857,,,,,Existing CM Trackers-Not Found,,,,,
CLIENT_X.com.pk,Essential cookies,CLIENT_X - Pakistan,HTTP Cookie,bench_new_T3_100870,,,,,Existing CM Trackers-Not Found,,,,,
versuni.scene7.com,Performance cookies,Adobe Experience Cloud - Experience Manager,JavaScript,bench_new_T3_102201,,,,https://www.CLIENT_X.com.pk/c-f/XC000021994/how-to-clean-the-dust-bucket-and-filter-of-my-CLIENT_X-1000-series-bagless-vacuum-cleaner,New Third Party Trackers,,,,,
tag.demandbase.com,Targeted Advertising cookies (including social media),"Demandbase, Inc.",ETag,_ga_failed_lookup_marker_63_1946,,,TRUE,https://www.CLIENT_X.com.pk/a-w/cookie-notice,Existing CM Trackers-Found,,,,,
www.CLIENT_X.com.au,Essential cookies (exempt from consent),CLIENT_X - Australia,HTTP Cookie,CLIENT_X,,729,TRUE,https://www.CLIENT_X.com.pk/c-e/au/motorcycle-lights/moto-selector-tool.html,Existing CM Trackers-Found,,,,,
img.youtube.com,Targeted Advertising cookies (including social media),Google Advertising Products,ETag,bench_new_T3_102034,,,,,Existing CM Trackers-Not Found,,,,,
CLIENT_X.com.pk,Essential cookies,CLIENT_X - Pakistan,HTTP Cookie,bench_new_T3_101695,,90,TRUE,https://www.CLIENT_X.com.pk/,Existing CM Trackers-Found,,,,,
widget-cdn.janraincapture.com,Performance cookies,Akamai,ETag,bench_new_T3_101434,,,,,Existing CM Trackers-Not Found,,,,,
www.google.ie,Targeted Advertising cookies (including social media),Google Inc.,Beacon,bench_new_T3_102267,,,TRUE,http://www.CLIENT_X.com.pk/,Existing CM Trackers-Found,,,,,
www.CLIENT_X.com.pk,Essential cookies,CLIENT_X - Pakistan,HTTP Cookie,bench_new_T3_102277,,365,TRUE,http://www.CLIENT_X.com.pk/,Existing CM Trackers-Found,,,,,
CLIENT_X.com.pk,Essential cookies,CLIENT_X - Pakistan,HTTP Cookie,bench_new_T3_101089,,,,,Existing CM Trackers-Not Found,,,,,
cdn.speedcurve.com,Performance cookies,Speedcurve,JavaScript,_ga_failed_lookup_marker_63_1954,,,,http://www.CLIENT_X.com.pk/,New Third Party Trackers,,,,,
adservice.google.com,Targeted Advertising cookies (including social media),Google Advertising Products,Beacon,bench_new_T3_101437,,,TRUE,http://www.CLIENT_X.com.pk/,Existing CM Trackers-Found,,,,,
lighting.CLIENT_X.com.pk,Essential cookies,Signify (formerly CLIENT_X Lighting),HTTP Cookie,bench_new_T3_102064,,,,,Existing CM Trackers-Not Found,,,,,
ad.doubleclick.net,Targeted Advertising cookies (including social media),Google Advertising Products,Beacon,bench_new_T3_100996,,,TRUE,http://www.CLIENT_X.com.pk/,Existing CM Trackers-Found,,,,,
doubleclick.net,Targeted Advertising cookies (including social media),Google Advertising Products,HTTP Cookie,bench_new_T3_101584,,,,,Existing CM Trackers-Not Found,,,,,
tag.demandbase.com,Targeted Advertising cookies (including social media),"Demandbase, Inc.",JavaScript,bench_new_T3_102099,,,TRUE,https://www.CLIENT_X.com.pk/a-w/cookie-notice,Existing CM Trackers-Found,,,,,
tremorhub.com,Targeted Advertising cookies (including social media),"Magnite CTV, Inc.",HTTP Cookie,_ga_failed_lookup_marker_63_1960,,400,TRUE,https://www.CLIENT_X.com.pk/a-w/cookie-notice.html,Existing CM Trackers-Found,,,,,
lighting.CLIENT_X.com.pk,Essential cookies,Signify (formerly CLIENT_X Lighting),HTTP Cookie,bench_new_T3_100845,,,,,Existing CM Trackers-Not Found,,,,,
www.crsc.lighting.CLIENT_X.com,Performance cookies,Signify (formerly CLIENT_X Lighting),ETag,bench_new_T3_101184,,,,,Existing CM Trackers-Not Found,,,,,
CLIENT_X.com.pk,Essential cookies,CLIENT_X - Pakistan,HTTP Cookie,bench_new_T3_101391,,,,,Existing CM Trackers-Not Found,,,,,
www.googleapis.com,Performance cookies,Google Inc.,JavaScript,bench_new_T3_100873,,,TRUE,https://www.CLIENT_X.com.pk/c-f/XC000021305/how-do-i-descale-my-CLIENT_X-garment-steamer-all-in-one-solution,Existing CM Trackers-Found,,,,,
linkedin.com,Targeted Advertising cookies (including social media),LinkedIn,HTTP Cookie,bench_new_T3_101381,,180,TRUE,https://www.CLIENT_X.com.pk/c-e/ho/cooking/airfryer-xxl,Existing CM Trackers-Found,,,,,
assets.adoberesources.net,Performance cookies,Adobe Inc.,ETag,bench_new_T3_102376,,,,,Existing CM Trackers-Not Found,,,,,
www.accounts.CLIENT_X.com,Essential cookies,Koninklijke CLIENT_X N.V.,ETag,_ga_failed_lookup_marker_63_1967,,,,,Existing CM Trackers-Not Found,,,,,
CLIENT_X.com.pk,Essential cookies,CLIENT_X - Pakistan,HTTP Cookie,bench_new_T3_101305,,,,,Existing CM Trackers-Not Found,,,,,
eloqua.com,Targeted Advertising cookies (including social media),Oracle Marketing,HTTP Cookie,_ga_failed_lookup_marker_63_1969,,393,TRUE,https://www.CLIENT_X.com.pk/healthcare,Existing CM Trackers-Found,,,,,
youtube.com,Targeted Advertising cookies (including social media),Google Advertising Products,HTTP Cookie,_ga_failed_lookup_marker_63_1970,,180,,https://www.CLIENT_X.com.pk/c-m-so/monitors,New Third Party Trackers,,,,,
www.CLIENT_X.com.pk,Essential cookies,CLIENT_X - Pakistan,HTTP Cookie,bench_new_T3_101974,,365,TRUE,http://www.CLIENT_X.com.pk/,Existing CM Trackers-Found,,,,,
tr.snapchat.com,Targeted Advertising cookies (including social media),Snap Inc.,JavaScript,bench_new_T3_102110,,,TRUE,https://www.CLIENT_X.com.pk/c-f/XC000002428/how-to-clean-the-brush-of-my-CLIENT_X-vacuum-cleaner,Existing CM Trackers-Found,,,,,
lighting.CLIENT_X.com.pk,Essential cookies,Signify (formerly CLIENT_X Lighting),HTTP Cookie,bench_new_T3_101906,,,,,Existing CM Trackers-Not Found,,,,,
www.google.com,Targeted Advertising cookies (including social media),Google Inc.,JavaScript,bench_new_T3_101916,,,TRUE,https://www.CLIENT_X.com.pk/healthcare/articles/sleep-apnea-compliance,Existing CM Trackers-Found,,,,,
images.CLIENT_X.com,Essential cookies,Koninklijke CLIENT_X N.V.,JavaScript,_ga_failed_lookup_marker_63_1975,,,TRUE,https://www.CLIENT_X.com.pk/c-f/XC000001781/how-to-assemble-the-CLIENT_X-avent-comfort-breast-pump,Existing CM Trackers-Found,,,,,
dpm.demdex.net,Targeted Advertising cookies (including social media),"Adobe Audience Manager, Adobe Experience Cloud",HTTP Cookie,bench_new_T3_101265,,,,,Existing CM Trackers-Not Found,,,,,
www.CLIENT_X.com.pk,Essential cookies,CLIENT_X - Pakistan,JavaScript,bench_new_T3_101174,,,TRUE,http://www.CLIENT_X.com.pk/,Existing CM Trackers-Found,,,,,
www.gstatic.com,Performance cookies,Google Inc.,JavaScript,bench_new_T3_102312,,,TRUE,https://www.CLIENT_X.com.pk/healthcare/articles/sleep-apnea-compliance,Existing CM Trackers-Found,,,,,
sc-static.net,Targeted Advertising cookies (including social media),Snap Inc.,HTTP Cookie,bench_new_T3_101359,,1,TRUE,https://www.CLIENT_X.com.pk/c-e/ho/cooking/airfryer-xxl,Existing CM Trackers-Found,,,,,
*.en25.com,Targeted Advertising cookies (including social media),Oracle Marketing,JavaScript,bench_new_T3_102398,,,,https://www.CLIENT_X.com.pk/healthcare,Existing CM Trackers-Found,,,,,
CLIENT_X.com.ph,Essential cookies (exempt from consent),CLIENT_X - Philippines,HTTP Cookie,coveo_visitorId,,,,,Existing CM Trackers-Not Found,,,,,
lighting.CLIENT_X.com.pk,Essential cookies,Signify (formerly CLIENT_X Lighting),HTTP Cookie,bench_new_T3_100836,,,,,Existing CM Trackers-Not Found,,,,,
px.ads.linkedin.com,Targeted Advertising cookies (including social media),LinkedIn,JavaScript,bench_new_T3_101882,,,TRUE,https://www.CLIENT_X.com.pk/c-p/GC026_00/-,Existing CM Trackers-Found,,,,,
assets.adobedtm.com,Performance cookies,Adobe Inc.,JavaScript,bench_new_T3_102224,,,,,Existing CM Trackers-Not Found,,,,,
www.lighting.CLIENT_X.com.pk,Essential cookies,Signify (formerly CLIENT_X Lighting),HTTP Cookie,_ga_failed_lookup_marker_63_1985,,,,,Existing CM Trackers-Not Found,,,,,
static.hotjar.com,Performance cookies,Hotjar,JavaScript,_ga_failed_lookup_marker_63_1986,,,,,Existing CM Trackers-Not Found,,,,,
widget-cdn.janraincapture.com,Performance cookies,Akamai,ETag,bench_new_T3_101484,,,,,Existing CM Trackers-Not Found,,,,,
CLIENT_X.com.mx,Essential cookies (exempt from consent),CLIENT_X - Mexico,HTTP Cookie,s_eVar44,,,,,Existing CM Trackers-Not Found,,,,,
lighting.CLIENT_X.com.pk,Essential cookies,Signify (formerly CLIENT_X Lighting),HTTP Cookie,bench_new_T3_100951,,,,,Existing CM Trackers-Not Found,,,,,
*.t.eloqua.com,Performance cookies,Oracle Marketing,Beacon,bench_new_T3_101139,,,,https://www.CLIENT_X.com.pk/healthcare,New Third Party Trackers,,,,,
widget-cdn.janraincapture.com,Performance cookies,Akamai,ETag,bench_new_T3_101971,,,,,Existing CM Trackers-Not Found,,,,,
www.lighting.CLIENT_X.com.pk,Essential cookies,Signify (formerly CLIENT_X Lighting),HTTP Cookie,bench_new_T3_101477,,,,,Existing CM Trackers-Not Found,,,,,
ssl-static.janraincapture.com,Performance cookies,Akamai,JavaScript,bench_new_T3_101528,,,,,Existing CM Trackers-Not Found,,,,,
CLIENT_X.com.pk,Essential cookies,CLIENT_X - Pakistan,HTTP Cookie,bench_new_T3_101021,,400,TRUE,https://www.CLIENT_X.com.pk/,Existing CM Trackers-Found,,,,,
linkedin.com,Targeted Advertising cookies (including social media),LinkedIn,HTTP Cookie,bench_new_T3_101049,,180,TRUE,https://www.CLIENT_X.com.pk/c-e/ho/cooking/airfryer-xxl,Existing CM Trackers-Found,,,,,
CLIENT_X.com.pk,Essential cookies,CLIENT_X - Pakistan,HTTP Cookie,bench_new_T3_101272,,0,TRUE,https://www.CLIENT_X.com.pk/,Existing CM Trackers-Found,,,,,
widget-cdn.janraincapture.com,Performance cookies,Akamai,ETag,bench_new_T3_101341,,,,,Existing CM Trackers-Not Found,,,,,
CLIENT_X.de,Essential cookies (exempt from consent),CLIENT_X - Germany,HTTP Cookie,at_check,,bench_update_duration,,,Existing CM Trackers-Not Found,,,,,
company-target.com,Targeted Advertising cookies (including social media),"Demandbase, Inc.",HTTP Cookie,bench_new_T3_101604,,396,TRUE,https://www.CLIENT_X.com.pk/a-w/cookie-notice.html,Existing CM Trackers-Found,,,,,
