tracking_domain,consent_category,vendor_name,tracker_type,tracker_name,tracker_purpose,tracker_duration,3rd_party_sharing,first_found_at,party_type,vendor_description,modified,consent_category_new,tracker_purpose_[language code],vendor_description_[language code]
s334834414.t.eloqua.com,Performance cookies,Oracle Marketing,JavaScript,bench_new_T3_127450,,,,https://www.CLIENT_X.com.qa/healthcare/product/HC722227,New Third Party Trackers,,,,,
CLIENT_X.com.qa,Targeted Advertising cookies (including social media),CLIENT_X - Qatar,HTTP Cookie,bench_new_T3_126900,,90,TRUE,https://www.CLIENT_X.com.qa/,Existing CM Trackers-Found,,,,,
www.CLIENT_X.com,Essential cookies,Koninklijke CLIENT_X N.V.,ETag,bench_new_T3_127034,,,TRUE,https://www.CLIENT_X.sa/a-w/about/news/all-news,Existing CM Trackers-Found,,,,,
CLIENT_X.com.kw,Essential cookies,CLIENT_X - Kuwait,HTTP Cookie,bench_new_T3_127240,,400,,https://www.CLIENT_X.com.kw/,New First Party Trackers,,,,,
www.CLIENT_X.com.kw,Essential cookies,CLIENT_X - Kuwait,HTTP Cookie,bench_new_T3_126731,,session,TRUE,https://www.CLIENT_X.com.kw/ar/c-m-so/media-players/latest,Existing CM Trackers-Found,,,,,
CLIENT_X.jo,Performance cookies,CLIENT_X - Jordan,HTTP Cookie,bench_new_T3_127453,,,,,Existing CM Trackers-Not Found,,,,,
www.google.ie,Targeted Advertising cookies (including social media),Google Inc.,Beacon,bench_new_T3_127990,,,TRUE,,Existing CM Trackers-Found,,,,,
www.CLIENT_X.ae,Essential cookies,CLIENT_X - Middle East Arab,HTTP Cookie,bench_new_T3_126936,,7,,https://www.CLIENT_X.ae/c-m-ho/cooking/toaster/latest,New First Party Trackers,,,,,
CLIENT_X.sa,Essential cookies,CLIENT_X - Kingdom of Saudi Arabia,HTTP Cookie,bench_new_T3_126839,,400,,https://www.CLIENT_X.sa/,New First Party Trackers,,,,,
CLIENT_X.sa,Essential cookies,CLIENT_X - Kingdom of Saudi Arabia,HTTP Cookie,bench_new_T3_126654,,,,,Existing CM Trackers-Not Found,,,,,
CLIENT_X.jo,Essential cookies,CLIENT_X - Jordan,HTTP Cookie,bench_new_T3_127081,,session,TRUE,https://www.CLIENT_X.jo/,Existing CM Trackers-Found,,,,,
consent.truste.com,Essential cookies,TrustArc,JavaScript,bench_new_T3_127231,,,,,Existing CM Trackers-Not Found,,,,,
CLIENT_X.com.qa,Essential cookies,CLIENT_X - Qatar,HTTP Cookie,bench_new_T3_127215,,400,,https://www.CLIENT_X.com.qa/,New First Party Trackers,,,,,
www.CLIENT_X.jo,Essential cookies,CLIENT_X - Jordan,HTTP Cookie,bench_new_T3_127106,,365,TRUE,http://www.CLIENT_X.jo/,Existing CM Trackers-Found,,,,,
www.CLIENT_X.ae,Essential cookies,CLIENT_X - Middle East Arab,HTTP Cookie,bench_new_T3_127840,,365,TRUE,https://www.CLIENT_X.ae/c-m-ho/cooking/toaster/latest,Existing CM Trackers-Found,,,,,
www.CLIENT_X.jo,Essential cookies,CLIENT_X - Jordan,HTTP Cookie,_ga_failed_lookup_marker_79_15,,365,TRUE,http://www.CLIENT_X.jo/,Existing CM Trackers-Found,,,,,
CLIENT_X.com.kw,Essential cookies,CLIENT_X - Kuwait,HTTP Cookie,bench_new_T3_126718,,,,,Existing CM Trackers-Not Found,,,,,
CLIENT_X.ae,Targeted Advertising cookies (including social media),CLIENT_X - Middle East Arab,HTTP Cookie,bench_new_T3_126852,,90,TRUE,https://www.CLIENT_X.ae/,Existing CM Trackers-Found,,,,,
*.fls.doubleclick.net,Targeted Advertising cookies (including social media),Google Advertising Products,Beacon,bench_new_T3_127956,,,,,Existing CM Trackers-Not Found,,,,,
www.lighting.CLIENT_X.sa,Essential cookies,Signify (formerly CLIENT_X Lighting),JavaScript,bench_new_T3_127564,,,,,Existing CM Trackers-Not Found,,,,,
www.CLIENT_X.com.kw,Essential cookies,CLIENT_X - Kuwait,HTTP Cookie,bench_new_T3_127568,,7,,https://www.CLIENT_X.com.kw/ar/c-m-so/media-players/latest,New First Party Trackers,,,,,
c.amazon-adsystem.com,Targeted Advertising cookies (including social media),Amazon Ads,ETag,bench_new_T3_126734,,,,,Existing CM Trackers-Not Found,,,,,
recaptcha.net,Performance cookies,Google Inc.,Local Storage,_ga_failed_lookup_marker_79_22,,,,,Existing CM Trackers-Not Found,,,,,
region1.analytics.google.com,Performance cookies,Google Inc.,Beacon,bench_new_T3_127229,,,TRUE,,Existing CM Trackers-Found,,,,,
lighting.CLIENT_X.sa,Essential cookies,Signify (formerly CLIENT_X Lighting),HTTP Cookie,bench_new_T3_126562,,,,,Existing CM Trackers-Not Found,,,,,
www.CLIENT_X.com.qa,Essential cookies,CLIENT_X - Qatar,HTTP Cookie,bench_new_T3_126530,,365,TRUE,https://www.CLIENT_X.com.qa/,Existing CM Trackers-Found,,,,,
CLIENT_X.co.uk,Essential cookies (exempt from consent),CLIENT_X - United Kingdom,HTTP Cookie,zScalerUser,,,,,Existing CM Trackers-Not Found,,,,,
www.CLIENT_X.pt,Essential cookies (exempt from consent),CLIENT_X - Portugal,HTTP Cookie,T01-recentlyViewedProducts,,bench_update_duration,,,Existing CM Trackers-Not Found,,,,,
www.CLIENT_X.sa,Essential cookies,,HTTP Cookie,bench_new_T3_127611,,,,,Existing CM Trackers-Not Found,,,,,
www.lighting.CLIENT_X.sa,Essential cookies,Signify (formerly CLIENT_X Lighting),HTTP Cookie,bench_new_T3_126720,,,,,Existing CM Trackers-Not Found,,,,,
CLIENT_X.com.kw,Essential cookies,CLIENT_X - Kuwait,HTTP Cookie,bench_new_T3_127002,,,,https://www.CLIENT_X.com.kw/,Existing CM Trackers-Found,,,,,
pixel.rubiconproject.com,Targeted Advertising cookies (including social media),"Magnite, Inc.",Beacon,bench_new_T3_127276,,,TRUE,,Existing CM Trackers-Found,,,,,
CLIENT_X.com.qa,Performance cookies,CLIENT_X - Qatar,HTTP Cookie,bench_new_T3_127225,,,,https://www.CLIENT_X.com.qa/,Existing CM Trackers-Found,,,,,
recaptcha.net,Performance cookies,Google Inc.,Local Storage,bench_new_T3_127700,,,,,Existing CM Trackers-Not Found,,,,,
www.CLIENT_X.com.kw,Essential cookies,CLIENT_X - Kuwait,HTTP Cookie,bench_new_T3_127541,,365,TRUE,https://www.CLIENT_X.com.kw/ar/c-m-so/media-players/latest,Existing CM Trackers-Found,,,,,
www.CLIENT_X.sa,Essential cookies (exempt from consent),CLIENT_X - Kingdom of Saudi Arabia,HTTP Cookie,p-hc-specialty,,bench_update_duration,TRUE,https://www.CLIENT_X.sa/c-e/ho/air-purifier-and-air-humidifier/air-performer-series-8000.html,Existing CM Trackers-Found,,,,,
linkedin.com,Targeted Advertising cookies (including social media),LinkedIn,HTTP Cookie,_ga_failed_lookup_marker_79_36,,1,TRUE,https://www.CLIENT_X.jo/c-e/ho/homeid-app.html,Existing CM Trackers-Found,,,,,
CLIENT_X.com.kw,Essential cookies,CLIENT_X - Kuwait,HTTP Cookie,_ga_failed_lookup_marker_79_37,,365,,https://www.CLIENT_X.com.kw/,New First Party Trackers,,,,,
www.CLIENT_X.jo,Essential cookies,CLIENT_X - Jordan,HTTP Cookie,bench_new_T3_127441,,365,TRUE,http://www.CLIENT_X.jo/,Existing CM Trackers-Found,,,,,
dpm.demdex.net,Targeted Advertising cookies (including social media),"Adobe Audience Manager, Adobe Experience Cloud",HTTP Cookie,bench_new_T3_126615,,,,,Existing CM Trackers-Not Found,,,,,
youtube.com,Targeted Advertising cookies (including social media),Google Advertising Products,HTTP Cookie,bench_new_T3_127471,,180,TRUE,https://www.CLIENT_X.jo/,Existing CM Trackers-Found,,,,,
CLIENT_X.com.kw,Essential cookies,CLIENT_X - Kuwait,HTTP Cookie,bench_new_T3_127474,,400,,https://www.CLIENT_X.com.kw/,New First Party Trackers,,,,,
s334834414.t.eloqua.com,Performance cookies,Oracle Marketing,JavaScript,bench_new_T3_127998,,,,https://www.CLIENT_X.com.qa/healthcare/product/HC722227,New Third Party Trackers,,,,,
CLIENT_X.com.kw,Essential cookies,CLIENT_X - Kuwait,HTTP Cookie,bench_new_T3_126564,,90,TRUE,https://www.CLIENT_X.com.kw/,Existing CM Trackers-Found,,,,,
CLIENT_X.com.kw,Performance cookies,CLIENT_X - Kuwait,HTTP Cookie,bench_new_T3_127529,,,,,Existing CM Trackers-Not Found,,,,,
CLIENT_X.sa,Performance cookies,CLIENT_X - Kingdom of Saudi Arabia,HTTP Cookie,bench_new_T3_127437,,session,TRUE,https://www.CLIENT_X.sa/,Existing CM Trackers-Found,,,,,
sc-static.net,Targeted Advertising cookies (including social media),Snap Inc.,ETag,bench_new_T3_126495,,,TRUE,https://www.CLIENT_X.sa/c-e/ho/cooking/all-in-one-cooker-3000.html,Existing CM Trackers-Found,,,,,
CLIENT_X.com.kw,Performance cookies,CLIENT_X - Kuwait,HTTP Cookie,bench_new_T3_127737,,,,,Existing CM Trackers-Not Found,,,,,
CLIENT_X.ae,Performance cookies,CLIENT_X - Middle East Arab,HTTP Cookie,bench_new_T3_126557,,,,https://www.CLIENT_X.ae/,Existing CM Trackers-Found,,,,,
CLIENT_X.ae,Performance cookies,CLIENT_X - Middle East Arab,HTTP Cookie,bench_new_T3_127544,,,,https://www.CLIENT_X.ae/,Existing CM Trackers-Found,,,,,
CLIENT_X.ae,Essential cookies,CLIENT_X - Middle East Arab,HTTP Cookie,bench_new_T3_127793,,365,TRUE,https://www.CLIENT_X.ae/,Existing CM Trackers-Found,,,,,
CLIENT_X.com.kw,Essential cookies,CLIENT_X - Kuwait,HTTP Cookie,bench_new_T3_126772,,90,TRUE,https://www.CLIENT_X.com.kw/,Existing CM Trackers-Found,,,,,
CLIENT_X.sa,Essential cookies,CLIENT_X - Kingdom of Saudi Arabia,HTTP Cookie,bench_new_T3_127051,,session,TRUE,https://www.CLIENT_X.sa/,Existing CM Trackers-Found,,,,,
CLIENT_X.com.tr,Essential cookies (exempt from consent),CLIENT_X - Turkey,HTTP Cookie,s_ugv,,bench_update_duration,TRUE,http://www.CLIENT_X.ae/,Existing CM Trackers-Found,,,,,
www.CLIENT_X.jo,Essential cookies,CLIENT_X - Jordan,HTTP Cookie,bench_new_T3_127842,,7,,http://www.CLIENT_X.jo/,New First Party Trackers,,,,,
CLIENT_X.es,Essential cookies (exempt from consent),CLIENT_X - Spain,HTTP Cookie,FPID,,0,TRUE,https://www.CLIENT_X.com.qa/,Existing CM Trackers-Found,,,,,
www.CLIENT_X.ae,Essential cookies,CLIENT_X - Middle East Arab,HTTP Cookie,bench_new_T3_127855,,365,TRUE,https://www.CLIENT_X.ae/c-m-ho/cooking/toaster/latest,Existing CM Trackers-Found,,,,,
www.CLIENT_X.jo,Essential cookies,,HTTP Cookie,bench_new_T3_126542,,,,,Existing CM Trackers-Not Found,,,,,
www.CLIENT_X.com.qa,Essential cookies,CLIENT_X - Qatar,HTTP Cookie,bench_new_T3_126901,,session,TRUE,https://www.CLIENT_X.com.qa/,Existing CM Trackers-Found,,,,,
www.accounts.CLIENT_X.com,Essential cookies,Koninklijke CLIENT_X N.V.,ETag,_ga_failed_lookup_marker_79_59,,,,,Existing CM Trackers-Not Found,,,,,
CLIENT_X.com.qa,Essential cookies,CLIENT_X - Qatar,HTTP Cookie,_ga_failed_lookup_marker_79_60,,90,,https://www.CLIENT_X.com.qa/,New First Party Trackers,,,,,
eloqua.com,Essential cookies,Oracle Marketing,HTTP Cookie,bench_new_T3_127676,,392,TRUE,https://www.CLIENT_X.jo/healthcare,Existing CM Trackers-Found,,,,,
CLIENT_X.ae,Essential cookies,CLIENT_X - Middle East Arab,HTTP Cookie,bench_new_T3_127800,,session,TRUE,https://www.CLIENT_X.ae/,Existing CM Trackers-Found,,,,,
www.lighting.CLIENT_X.sa,Essential cookies,Signify (formerly CLIENT_X Lighting),HTTP Cookie,bench_new_T3_126423,,,,,Existing CM Trackers-Not Found,,,,,
www.CLIENT_X.sa,Performance cookies,CLIENT_X - Kingdom of Saudi Arabia,HTTP Cookie,bench_new_T3_127136,,session,TRUE,https://www.CLIENT_X.sa/c-m-ho/cooking/toaster/latest,Existing CM Trackers-Found,,,,,
CLIENT_Xb2c.my.site.com,Performance cookies,"Salesforce.com, Inc.",Beacon,bench_new_T3_127519,,,TRUE,,Existing CM Trackers-Found,,,,,
www.lighting.CLIENT_X.fr,Essential cookies (exempt from consent),Signify (formerly CLIENT_X Lighting),HTTP Cookie,AWSELB,,bench_update_duration,,,Existing CM Trackers-Not Found,,,,,
www.CLIENT_X.ae,Essential cookies,CLIENT_X - Middle East Arab,HTTP Cookie,bench_new_T3_126563,,365,TRUE,https://www.CLIENT_X.ae/c-m-ho/cooking/toaster/latest,Existing CM Trackers-Found,,,,,
CLIENT_X.com.kw,Essential cookies,CLIENT_X - Kuwait,HTTP Cookie,_ga_failed_lookup_marker_79_68,,session,TRUE,https://www.CLIENT_X.com.kw/,Existing CM Trackers-Found,,,,,
CLIENT_X.ae,Essential cookies,CLIENT_X - Middle East Arab,HTTP Cookie,bench_new_T3_127419,,0,TRUE,https://www.CLIENT_X.ae/,Existing CM Trackers-Found,,,,,
stg.CLIENT_X.com.kw,Essential cookies,CLIENT_X - Kuwait,HTTP Cookie,bench_new_T3_126885,,,,,Existing CM Trackers-Not Found,,,,,
CLIENT_Xb2c.my.salesforce-scrt.com,Performance cookies,"Salesforce.com, Inc.",Beacon,_ga_failed_lookup_marker_79_71,,,,,New Third Party Trackers,,,,,
CLIENT_X.sa,Essential cookies,CLIENT_X - Kingdom of Saudi Arabia,HTTP Cookie,bench_new_T3_127685,,session,TRUE,https://www.CLIENT_X.sa/,Existing CM Trackers-Found,,,,,
CLIENT_X.jo,Essential cookies,CLIENT_X - Jordan,HTTP Cookie,bench_new_T3_126474,,,,,Existing CM Trackers-Not Found,,,,,
youtube.com,Targeted Advertising cookies (including social media),Google Advertising Products,HTTP Cookie,bench_new_T3_127470,,session,TRUE,https://www.CLIENT_X.jo/,Existing CM Trackers-Found,,,,,
CLIENT_Xb2c.my.site.com,Performance cookies,"Salesforce.com, Inc.",JavaScript,bench_new_T3_127854,,,TRUE,https://www.CLIENT_X.com.qa/c-w/support-home/support-contact-page.html,Existing CM Trackers-Found,,,,,
www.CLIENT_X.ae,Performance cookies,CLIENT_X - Middle East Arab,HTTP Cookie,bench_new_T3_127415,,session,TRUE,https://www.CLIENT_X.ae/c-m-ho/cooking/toaster/latest,Existing CM Trackers-Found,,,,,
CLIENT_X.sa,Essential cookies,CLIENT_X - Kingdom of Saudi Arabia,HTTP Cookie,bench_new_T3_126467,,90,TRUE,https://www.CLIENT_X.sa/,Existing CM Trackers-Found,,,,,
www.careers.CLIENT_X.com.cn,Essential cookies (exempt from consent),CLIENT_X - China,HTTP Cookie,Team,,bench_update_duration,,,Existing CM Trackers-Not Found,,,,,
www.CLIENT_X.jo,Essential cookies,CLIENT_X - Jordan,ETag,bench_new_T3_126921,,,TRUE,http://www.CLIENT_X.jo/,Existing CM Trackers-Found,,,,,
recaptcha.net,Performance cookies,Google Inc.,Local Storage,bench_new_T3_126503,,,,,Existing CM Trackers-Not Found,,,,,
www.CLIENT_X.ng,Essential cookies (exempt from consent),CLIENT_X - Nigeria,HTTP Cookie,kampyleUserSession,,,TRUE,,Existing CM Trackers-Found,,,,,
www.clarity.ms,Performance cookies,Microsoft,JavaScript,bench_new_T3_127039,,,,,Existing CM Trackers-Not Found,,,,,
s334834414.t.eloqua.com,Performance cookies,Oracle Marketing,JavaScript,bench_new_T3_126967,,,,https://www.CLIENT_X.com.qa/healthcare/product/HC722227,New Third Party Trackers,,,,,
tools.eurolandir.com,Performance cookies,Euroland,ETag,bench_new_T3_127105,,,,,Existing CM Trackers-Not Found,,,,,
www.CLIENT_X.com.qa,Essential cookies,CLIENT_X - Qatar,HTTP Cookie,bench_new_T3_127482,,6,,https://www.CLIENT_X.com.qa/,New First Party Trackers,,,,,
tag.demandbase.com,Targeted Advertising cookies (including social media),"Demandbase, Inc.",JavaScript,bench_new_T3_126744,,,TRUE,https://www.CLIENT_X.com.qa/a-w/about-CLIENT_X/company-profile/businesses.html,Existing CM Trackers-Found,,,,,
www.CLIENT_X.ae,Essential cookies,CLIENT_X - Middle East Arab,HTTP Cookie,bench_new_T3_127627,,30,TRUE,https://www.CLIENT_X.ae/c-m-ho/cooking/toaster/latest,Existing CM Trackers-Found,,,,,
www.CLIENT_X.sa,Essential cookies,CLIENT_X - Kingdom of Saudi Arabia,HTTP Cookie,bench_new_T3_127287,,365,TRUE,https://www.CLIENT_X.sa/c-m-ho/cooking/toaster/latest,Existing CM Trackers-Found,,,,,
CLIENT_X.com.qa,Essential cookies,CLIENT_X - Qatar,HTTP Cookie,bench_new_T3_127009,,session,TRUE,https://www.CLIENT_X.com.qa/,Existing CM Trackers-Found,,,,,
CLIENT_Xb2c--b2cuat.sandbox.my.site.com,Performance cookies,"Salesforce.com, Inc.",ETag,bench_new_T3_126793,,,,,Existing CM Trackers-Not Found,,,,,
pinterest.com,Targeted Advertising cookies (including social media),Pinterest,HTTP Cookie,bench_new_T3_127344,,365,,https://www.CLIENT_X.ae/,New Third Party Trackers,,,,,
www.CLIENT_X.jo,Essential cookies,CLIENT_X - Jordan,HTTP Cookie,bench_new_T3_127600,,365,TRUE,http://www.CLIENT_X.jo/,Existing CM Trackers-Found,,,,,
consent.trustarc.com,Essential cookies,TrustArc,Beacon,bench_new_T3_126843,,,TRUE,,Existing CM Trackers-Found,,,,,
www.CLIENT_X.com.kw,Performance cookies,CLIENT_X - Kuwait,HTTP Cookie,bench_new_T3_127577,,session,TRUE,https://www.CLIENT_X.com.kw/ar/c-m-so/media-players/latest,Existing CM Trackers-Found,,,,,
www.CLIENT_X.com.kw,Essential cookies,CLIENT_X - Kuwait,HTTP Cookie,bench_new_T3_127615,,365,TRUE,https://www.CLIENT_X.com.kw/ar/c-m-so/media-players/latest,Existing CM Trackers-Found,,,,,
agent-versuni.mindtouch.us,Performance cookies,MindTouch,HTTP Cookie,bench_new_T3_127946,,session,,https://www.CLIENT_X.jo/en/c-f/XC000021443/my-CLIENT_X-fan-makes-an-unusual-noise-when-oscillating,New Third Party Trackers,,,,,
CLIENT_X.com.kw,Essential cookies,CLIENT_X - Kuwait,HTTP Cookie,bench_new_T3_127649,,365,,https://www.CLIENT_X.com.kw/,New First Party Trackers,,,,,
CLIENT_X.sa,Essential cookies,CLIENT_X - Kingdom of Saudi Arabia,HTTP Cookie,bench_new_T3_127016,,90,,https://www.CLIENT_X.sa/,New First Party Trackers,,,,,
www.CLIENT_X.com.kw,Performance cookies,,HTTP Cookie,bench_new_T3_126735,,,,,Existing CM Trackers-Not Found,,,,,
px.ads.linkedin.com,Targeted Advertising cookies (including social media),LinkedIn,JavaScript,bench_new_T3_126759,,,TRUE,https://www.CLIENT_X.ae/c-p/HDA150_62/-,Existing CM Trackers-Found,,,,,
www.CLIENT_X.sa,Essential cookies,,HTTP Cookie,_ga_failed_lookup_marker_79_101,,,,,Existing CM Trackers-Not Found,,,,,
linkedin.com,Targeted Advertising cookies (including social media),LinkedIn,HTTP Cookie,bench_new_T3_127295,,180,TRUE,https://www.CLIENT_X.jo/c-e/ho/homeid-app.html,Existing CM Trackers-Found,,,,,
pinterest.com,Targeted Advertising cookies (including social media),Pinterest,HTTP Cookie,bench_new_T3_126869,,365,,https://www.CLIENT_X.ae/,New Third Party Trackers,,,,,
sc-static.net,Targeted Advertising cookies (including social media),Snap Inc.,HTTP Cookie,bench_new_T3_127314,,0,TRUE,https://www.CLIENT_X.jo/c-e/ho/homeid-app.html,Existing CM Trackers-Found,,,,,
CLIENT_X.com.qa,Essential cookies,CLIENT_X - Qatar,HTTP Cookie,bench_new_T3_126959,,0,TRUE,https://www.CLIENT_X.com.qa/,Existing CM Trackers-Found,,,,,
www.CLIENT_X.com.kw,Essential cookies,,HTTP Cookie,bench_new_T3_127364,,,,,Existing CM Trackers-Not Found,,,,,
CLIENT_Xlighting.d3.sc.omtrdc.net,Performance Cookies [Requires consent],Adobe Experience Cloud - Analytics,JavaScript,-,,bench_update_duration,,,Existing CM Trackers-Not Found,,,,,
CLIENT_X.ae,Essential cookies,CLIENT_X - Middle East Arab,HTTP Cookie,bench_new_T3_126616,,0,TRUE,https://www.CLIENT_X.ae/,Existing CM Trackers-Found,,,,,
CLIENT_X.com.kw,Essential cookies,CLIENT_X - Kuwait,HTTP Cookie,bench_new_T3_126697,,365,,https://www.CLIENT_X.com.kw/,New First Party Trackers,,,,,
CLIENT_X.jo,Essential cookies,CLIENT_X - Jordan,HTTP Cookie,bench_new_T3_126844,,0,TRUE,https://www.CLIENT_X.jo/,Existing CM Trackers-Found,,,,,
stg.CLIENT_X.sa,Essential cookies,CLIENT_X - Kingdom of Saudi Arabia,HTTP Cookie,bench_new_T3_127049,,,,,Existing CM Trackers-Not Found,,,,,
CLIENT_X.com.qa,Targeted Advertising cookies (including social media),CLIENT_X - Qatar,HTTP Cookie,bench_new_T3_127926,,7,TRUE,https://www.CLIENT_X.com.qa/,Existing CM Trackers-Found,,,,,
stg.CLIENT_X.sa,Essential cookies,CLIENT_X - Kingdom of Saudi Arabia,HTTP Cookie,bench_new_T3_127521,,,,,Existing CM Trackers-Not Found,,,,,
CLIENT_X.co.ke,Essential cookies (exempt from consent),CLIENT_X - Kenya,HTTP Cookie,FPID,,bench_update_duration,TRUE,https://www.CLIENT_X.jo/,Existing CM Trackers-Found,,,,,
www.CLIENT_X.sa,Essential cookies,CLIENT_X - Kingdom of Saudi Arabia,ETag,bench_new_T3_126776,,,TRUE,http://www.CLIENT_X.sa/,Existing CM Trackers-Found,,,,,
CLIENT_X.sa,Essential cookies,CLIENT_X - Kingdom of Saudi Arabia,HTTP Cookie,bench_new_T3_127186,,,,,Existing CM Trackers-Not Found,,,,,
connect.facebook.net,Targeted Advertising cookies (including social media),Meta (formerly Facebook),JavaScript,bench_new_T3_127368,,,TRUE,http://www.CLIENT_X.com.qa/,Existing CM Trackers-Found,,,,,
CLIENT_X.com.qa,Essential cookies,CLIENT_X - Qatar,HTTP Cookie,_ga_failed_lookup_marker_79_118,,400,TRUE,https://www.CLIENT_X.com.qa/,Existing CM Trackers-Found,,,,,
CLIENT_X.ae,Essential cookies,CLIENT_X - Middle East Arab,HTTP Cookie,_ga_failed_lookup_marker_79_119,,session,TRUE,https://www.CLIENT_X.ae/,Existing CM Trackers-Found,,,,,
www.abonnementen.CLIENT_X.nl,Essential cookies (exempt from consent),CLIENT_X - Netherlands,HTTP Cookie,kampyleUserSession,,,,,Existing CM Trackers-Not Found,,,,,
CLIENT_X.co.za,Essential cookies (exempt from consent),CLIENT_X - South Africa,HTTP Cookie,da_sid,,0,TRUE,https://www.CLIENT_X.com.kw/,Existing CM Trackers-Found,,,,,
CLIENT_X.sa,Targeted Advertising cookies (including social media),CLIENT_X - Kingdom of Saudi Arabia,HTTP Cookie,bench_new_T3_127860,,,,,Existing CM Trackers-Not Found,,,,,
tracker-detail-page.trustarc.com,Essential cookies,TrustArc,JavaScript,bench_new_T3_126490,,,,https://www.CLIENT_X.ae/a-w/cookie-notice,New Third Party Trackers,,,,,
www.CLIENT_X.sa,Essential cookies,CLIENT_X - Kingdom of Saudi Arabia,HTTP Cookie,bench_new_T3_127246,,0,TRUE,https://www.CLIENT_X.sa/c-m-ho/cooking/toaster/latest,Existing CM Trackers-Found,,,,,
casalemedia.com,Targeted Advertising cookies (including social media),Index Exchange Inc.,HTTP Cookie,bench_new_T3_127133,,90,TRUE,https://www.CLIENT_X.jo/a-w/about-CLIENT_X/company-profile.html,Existing CM Trackers-Found,,,,,
www.CLIENT_X.ae,Essential cookies,CLIENT_X - Middle East Arab,HTTP Cookie,bench_new_T3_126743,,400,TRUE,https://www.CLIENT_X.ae/c-m-ho/cooking/toaster/latest,Existing CM Trackers-Found,,,,,
CLIENT_X.no,Essential cookies (exempt from consent),CLIENT_X - Norway,HTTP Cookie,_yi,,,,,Existing CM Trackers-Not Found,,,,,
CLIENT_X.ae,Essential cookies,CLIENT_X - Middle East Arab,HTTP Cookie,bench_new_T3_127198,,session,TRUE,https://www.CLIENT_X.ae/,Existing CM Trackers-Found,,,,,
www.CLIENT_X.es,Essential cookies (exempt from consent),CLIENT_X - Spain,JavaScript,blank (java),,365,TRUE,https://www.CLIENT_X.com.qa/,Existing CM Trackers-Found,,,,,
adservice.google.com,Targeted Advertising cookies (including social media),Google Advertising Products,Beacon,bench_new_T3_126683,,,TRUE,,Existing CM Trackers-Found,,,,,
CLIENT_Xlighting.d3.sc.omtrdc.net,Performance cookies,"Adobe Audience Manager, Adobe Experience Cloud",Beacon,bench_new_T3_126725,,,,,Existing CM Trackers-Not Found,,,,,
www.CLIENT_X.ae,Essential cookies,CLIENT_X - Middle East Arab,HTTP Cookie,bench_new_T3_127851,,365,TRUE,https://www.CLIENT_X.ae/c-m-ho/cooking/toaster/latest,Existing CM Trackers-Found,,,,,
CLIENT_Xb2c.file.force.com,Essential cookies,"Salesforce.com, Inc.",HTTP Cookie,bench_new_T3_126532,,365,TRUE,https://www.CLIENT_X.ae/c-f/XC000019471/CLIENT_X-one-battery-replacement-instructions,Existing CM Trackers-Found,,,,,
CLIENT_X.com.kw,Essential cookies,CLIENT_X - Kuwait,HTTP Cookie,_ga_failed_lookup_marker_79_134,,session,TRUE,https://www.CLIENT_X.com.kw/,Existing CM Trackers-Found,,,,,
CLIENT_X.jo,Essential cookies,CLIENT_X - Jordan,HTTP Cookie,bench_new_T3_127373,,0,TRUE,https://www.CLIENT_X.jo/,Existing CM Trackers-Found,,,,,
www.CLIENT_X.sa,Essential cookies,,HTTP Cookie,bench_new_T3_126657,,,,,Existing CM Trackers-Not Found,,,,,
CLIENT_X.sa,Essential cookies,CLIENT_X - Kingdom of Saudi Arabia,HTTP Cookie,bench_new_T3_127297,,session,TRUE,https://www.CLIENT_X.sa/,Existing CM Trackers-Found,,,,,
CLIENT_X.ae,Performance cookies,CLIENT_X - Middle East Arab,HTTP Cookie,bench_new_T3_127360,,,,https://www.CLIENT_X.ae/,Existing CM Trackers-Found,,,,,
CLIENT_X.com.qa,Essential cookies,CLIENT_X - Qatar,HTTP Cookie,bench_new_T3_127520,,365,TRUE,https://www.CLIENT_X.com.qa/,Existing CM Trackers-Found,,,,,
CLIENT_X.jo,Essential cookies,CLIENT_X - Jordan,HTTP Cookie,bench_new_T3_127522,,,,,Existing CM Trackers-Not Found,,,,,
CLIENT_Xb2c--b2cuat.sandbox.my.site.com,Performance cookies,"Salesforce.com, Inc.",JavaScript,bench_new_T3_127327,,,,,Existing CM Trackers-Not Found,,,,,
static.cloud.coveo.com,Targeted Advertising cookies (including social media),Coveo Solutions Inc.,ETag,bench_new_T3_127197,,,TRUE,https://www.CLIENT_X.ae/healthcare/about/support/resource-center/results,Existing CM Trackers-Found,,,,,
CLIENT_X.com.kw,Essential cookies,CLIENT_X - Kuwait,HTTP Cookie,bench_new_T3_127964,,,,,Existing CM Trackers-Not Found,,,,,
www.CLIENT_X.com.kw,Essential cookies,CLIENT_X - Kuwait,JavaScript,bench_new_T3_126763,,,TRUE,http://www.CLIENT_X.com.kw/,Existing CM Trackers-Found,,,,,
www.lighting.CLIENT_X.com.ar,Essential cookies (exempt from consent),Signify (formerly CLIENT_X Lighting),Local Storage,blank (local storage),,bench_update_duration,,,Existing CM Trackers-Not Found,,,,,
lighting.CLIENT_X.sa,Essential cookies,Signify (formerly CLIENT_X Lighting),HTTP Cookie,bench_new_T3_127257,,,,,Existing CM Trackers-Not Found,,,,,
www.googleapis.com,Performance cookies,Google Inc.,JavaScript,bench_new_T3_127947,,,TRUE,http://www.CLIENT_X.jo/,Existing CM Trackers-Found,,,,,
CLIENT_X.com.kw,Essential cookies,CLIENT_X - Kuwait,HTTP Cookie,bench_new_T3_127977,,0,TRUE,https://www.CLIENT_X.com.kw/,Existing CM Trackers-Found,,,,,
www.CLIENT_X.com.qa,Essential cookies,,HTTP Cookie,bench_new_T3_127202,,,,,Existing CM Trackers-Not Found,,,,,
CLIENT_X.sa,Essential cookies,CLIENT_X - Kingdom of Saudi Arabia,HTTP Cookie,bench_new_T3_127834,,0,TRUE,https://www.CLIENT_X.sa/,Existing CM Trackers-Found,,,,,
stg.CLIENT_X.com.kw,Essential cookies,CLIENT_X - Kuwait,JavaScript,bench_new_T3_127288,,,,,Existing CM Trackers-Not Found,,,,,
www.CLIENT_X.ae,Performance cookies,CLIENT_X - Middle East Arab,HTTP Cookie,bench_new_T3_127925,,session,TRUE,https://www.CLIENT_X.ae/c-m-ho/cooking/toaster/latest,Existing CM Trackers-Found,,,,,
CLIENT_X.com.kw,Essential cookies,CLIENT_X - Kuwait,HTTP Cookie,bench_new_T3_126507,,90,,https://www.CLIENT_X.com.kw/,New First Party Trackers,,,,,
youtube.com,Targeted Advertising cookies (including social media),Google Advertising Products,HTTP Cookie,_ga_failed_lookup_marker_79_154,,180,TRUE,https://www.CLIENT_X.jo/,Existing CM Trackers-Found,,,,,
CLIENT_X.sa,Essential cookies,CLIENT_X - Kingdom of Saudi Arabia,HTTP Cookie,bench_new_T3_126652,,,,,Existing CM Trackers-Not Found,,,,,
CLIENT_X.jo,Performance cookies,CLIENT_X - Jordan,HTTP Cookie,_ga_failed_lookup_marker_79_156,,,,,Existing CM Trackers-Not Found,,,,,
CLIENT_X.com.tr,Essential cookies (exempt from consent),CLIENT_X - Turkey,HTTP Cookie,mboxEdgeCluster,,bench_update_duration,TRUE,https://www.CLIENT_X.ae/c-f/XC000019471/CLIENT_X-one-battery-replacement-instructions,Existing CM Trackers-Found,,,,,
CLIENT_Xb2c.lightning.force.com,Essential cookies,"Salesforce.com, Inc.",HTTP Cookie,bench_new_T3_127747,,365,TRUE,https://www.CLIENT_X.ae/c-f/XC000019471/CLIENT_X-one-battery-replacement-instructions,Existing CM Trackers-Found,,,,,
img.youtube.com,Targeted Advertising cookies (including social media),Google Advertising Products,ETag,bench_new_T3_127268,,,TRUE,https://www.CLIENT_X.jo/en/healthcare/product/HCNOCTN281/-,Existing CM Trackers-Found,,,,,
CLIENT_X.ae,Essential cookies,CLIENT_X - Middle East Arab,HTTP Cookie,bench_new_T3_127754,,400,TRUE,https://www.CLIENT_X.ae/,Existing CM Trackers-Found,,,,,
CLIENT_X.co.id,Essential cookies (exempt from consent),CLIENT_X - Indonesia,HTTP Cookie,internalUserCheck,,bench_update_duration,,,Existing CM Trackers-Not Found,,,,,
*.salesforceliveagent.com,Performance cookies,"Salesforce.com, Inc.",JavaScript,bench_new_T3_127093,,,,https://www.CLIENT_X.ae/c-t/XC000006201/my-CLIENT_X-toaster-smells-during-first-time-use,Existing CM Trackers-Found,,,,,
CLIENT_X.ae,Essential cookies,CLIENT_X - Middle East Arab,HTTP Cookie,bench_new_T3_127078,,90,TRUE,https://www.CLIENT_X.ae/,Existing CM Trackers-Found,,,,,
CLIENT_X.com.qa,Essential cookies,CLIENT_X - Qatar,HTTP Cookie,bench_new_T3_127271,,400,TRUE,https://www.CLIENT_X.com.qa/,Existing CM Trackers-Found,,,,,
demdex.net,Targeted Advertising cookies (including social media),"Adobe Audience Manager, Adobe Experience Cloud",HTTP Cookie,bench_new_T3_126878,,,,,Existing CM Trackers-Not Found,,,,,
CLIENT_X.com.qa,Essential cookies,CLIENT_X - Qatar,HTTP Cookie,bench_new_T3_126876,,session,TRUE,https://www.CLIENT_X.com.qa/,Existing CM Trackers-Found,,,,,
www.CLIENT_X.ae,Essential cookies,,HTTP Cookie,bench_new_T3_126637,,,,,Existing CM Trackers-Not Found,,,,,
www.CLIENT_X.sa,Essential cookies,CLIENT_X - Kingdom of Saudi Arabia,HTTP Cookie,_ga_failed_lookup_marker_79_168,,7,,https://www.CLIENT_X.sa/c-m-ho/cooking/toaster/latest,New First Party Trackers,,,,,
www.CLIENT_X.com.qa,Essential cookies,CLIENT_X - Qatar,HTTP Cookie,bench_new_T3_126502,,365,TRUE,https://www.CLIENT_X.com.qa/,Existing CM Trackers-Found,,,,,
snappychat.snappylabs.io,Performance Cookies [Requires consent],Snappy Labs,ETag,-,,bench_update_duration,,https://www.CLIENT_X.sa/a-w/about/news/all-news,New Third Party Trackers,,,,,
ct.pinterest.com,Targeted Advertising cookies (including social media),Pinterest,JavaScript,_ga_failed_lookup_marker_79_171,,,,http://www.CLIENT_X.ae/,New Third Party Trackers,,,,,
www.CLIENT_X.com.qa,Essential cookies,CLIENT_X - Qatar,Beacon,bench_new_T3_127543,,,TRUE,,Existing CM Trackers-Found,,,,,
CLIENT_X.com.gh,Essential cookies (exempt from consent),CLIENT_X - Ghana,HTTP Cookie,mbox,,400,,https://www.CLIENT_X.jo/en/c-f/XC000021443/my-CLIENT_X-fan-makes-an-unusual-noise-when-oscillating,New Third Party Trackers,,,,,
agent-versuni.mindtouch.us,Performance cookies,MindTouch,HTTP Cookie,bench_new_T3_127169,,session,,https://www.CLIENT_X.jo/en/c-f/XC000021443/my-CLIENT_X-fan-makes-an-unusual-noise-when-oscillating,New Third Party Trackers,,,,,
www.CLIENT_X.jo,Essential cookies,CLIENT_X - Jordan,HTTP Cookie,bench_new_T3_127732,,365,TRUE,http://www.CLIENT_X.jo/,Existing CM Trackers-Found,,,,,
demdex.net,Targeted Advertising cookies (including social media),"Adobe Audience Manager, Adobe Experience Cloud",HTTP Cookie,bench_new_T3_127170,,,,,Existing CM Trackers-Not Found,,,,,
www.CLIENT_X.jo,Essential cookies,CLIENT_X - Jordan,HTTP Cookie,bench_new_T3_127788,,1,TRUE,http://www.CLIENT_X.jo/,Existing CM Trackers-Found,,,,,
www.CLIENT_X.com.ar,Essential cookies (exempt from consent),CLIENT_X - Argentina,HTTP Cookie,kampyleUserPercentile,,0,TRUE,https://www.CLIENT_X.com.qa/,Existing CM Trackers-Found,,,,,
www.lighting.CLIENT_X.com,Performance cookies,Signify (formerly CLIENT_X Lighting),ETag,bench_new_T3_127917,,,,,Existing CM Trackers-Not Found,,,,,
www.googletagmanager.com,Performance cookies,Google Inc.,Beacon,bench_new_T3_126769,,,TRUE,,Existing CM Trackers-Found,,,,,
CLIENT_X.com.kw,Essential cookies,CLIENT_X - Kuwait,HTTP Cookie,bench_new_T3_127904,,,,,Existing CM Trackers-Not Found,,,,,
CLIENT_X.com.kw,Essential cookies,CLIENT_X - Kuwait,HTTP Cookie,bench_new_T3_126513,,session,TRUE,https://www.CLIENT_X.com.kw/,Existing CM Trackers-Found,,,,,
www.CLIENT_X.sa,Essential cookies,CLIENT_X - Kingdom of Saudi Arabia,HTTP Cookie,bench_new_T3_127275,,0,TRUE,https://www.CLIENT_X.sa/c-m-ho/cooking/toaster/latest,Existing CM Trackers-Found,,,,,
CLIENT_X.com.qa,Performance cookies,CLIENT_X - Qatar,HTTP Cookie,bench_new_T3_127717,,0,TRUE,https://www.CLIENT_X.com.qa/,Existing CM Trackers-Found,,,,,
www.CLIENT_X.sa,Essential cookies,,HTTP Cookie,bench_new_T3_127877,,,,,Existing CM Trackers-Not Found,,,,,
www.CLIENT_X.ae,Essential cookies,,HTTP Cookie,bench_new_T3_126760,,,,,Existing CM Trackers-Not Found,,,,,
www.googletagmanager.com,Performance cookies,Google Inc.,Beacon,bench_new_T3_127576,,,TRUE,,Existing CM Trackers-Found,,,,,
www.lighting.CLIENT_X.co.in,Essential cookies (exempt from consent),Signify (formerly CLIENT_X Lighting),HTTP Cookie,s_as,,bench_update_duration,TRUE,https://www.CLIENT_X.sa/,Existing CM Trackers-Found,,,,,
www.CLIENT_X.ae,Essential cookies,CLIENT_X - Middle East Arab,HTTP Cookie,bench_new_T3_127843,,400,TRUE,https://www.CLIENT_X.ae/c-m-ho/cooking/toaster/latest,Existing CM Trackers-Found,,,,,
CLIENT_X.ae,Essential cookies,CLIENT_X - Middle East Arab,HTTP Cookie,_ga_failed_lookup_marker_79_190,,393,TRUE,https://www.CLIENT_X.ae/,Existing CM Trackers-Found,,,,,
CLIENT_X.jo,Performance cookies,CLIENT_X - Jordan,HTTP Cookie,bench_new_T3_127504,,session,TRUE,https://www.CLIENT_X.jo/,Existing CM Trackers-Found,,,,,
CLIENT_X.sa,Performance cookies,CLIENT_X - Kingdom of Saudi Arabia,HTTP Cookie,bench_new_T3_127575,,session,TRUE,https://www.CLIENT_X.sa/,Existing CM Trackers-Found,,,,,
www.CLIENT_X.ae,Essential cookies,CLIENT_X - Middle East Arab,HTTP Cookie,bench_new_T3_127580,,365,TRUE,https://www.CLIENT_X.ae/c-m-ho/cooking/toaster/latest,Existing CM Trackers-Found,,,,,
CLIENT_X.ae,Performance cookies,CLIENT_X - Middle East Arab,HTTP Cookie,bench_new_T3_127469,,0,TRUE,https://www.CLIENT_X.ae/,Existing CM Trackers-Found,,,,,
versuni.scene7.com,Performance cookies,Adobe Experience Cloud - Experience Manager,ETag,bench_new_T3_127448,,,TRUE,https://www.CLIENT_X.ae/c-f/XC000021994/how-to-clean-the-dust-bucket-and-filter-of-my-CLIENT_X-1000-series-bagless-vacuum-cleaner,Existing CM Trackers-Found,,,,,
www.CLIENT_X.com.kw,Essential cookies,CLIENT_X - Kuwait,Beacon,bench_new_T3_126931,,,TRUE,,Existing CM Trackers-Found,,,,,
www.CLIENT_X.com.qa,Essential cookies,,HTTP Cookie,bench_new_T3_126706,,,,,Existing CM Trackers-Not Found,,,,,
CLIENT_X.sa,Essential cookies,CLIENT_X - Kingdom of Saudi Arabia,HTTP Cookie,bench_new_T3_126515,,393,TRUE,https://www.CLIENT_X.sa/,Existing CM Trackers-Found,,,,,
CLIENT_X.sa,Essential cookies,CLIENT_X - Kingdom of Saudi Arabia,HTTP Cookie,bench_new_T3_127184,,,,,Existing CM Trackers-Not Found,,,,,
CLIENT_X.jo,Performance cookies,CLIENT_X - Jordan,HTTP Cookie,bench_new_T3_126498,,0,TRUE,https://www.CLIENT_X.jo/,Existing CM Trackers-Found,,,,,
CLIENT_X.sa,Essential cookies,CLIENT_X - Kingdom of Saudi Arabia,HTTP Cookie,bench_new_T3_127630,,365,TRUE,https://www.CLIENT_X.sa/,Existing CM Trackers-Found,,,,,
www.CLIENT_X.sk,Essential cookies (exempt from consent),CLIENT_X - Slovakia,HTTP Cookie,notice_settings,,bench_update_duration,TRUE,https://www.CLIENT_X.com.kw/ar/c-m-so/media-players/latest,Existing CM Trackers-Found,,,,,
CLIENT_Xb2c.lightning.force.com,Essential cookies,"Salesforce.com, Inc.",HTTP Cookie,bench_new_T3_127006,,365,TRUE,https://www.CLIENT_X.ae/c-f/XC000019471/CLIENT_X-one-battery-replacement-instructions,Existing CM Trackers-Found,,,,,
www.CLIENT_X.com.kw,Essential cookies,CLIENT_X - Kuwait,HTTP Cookie,bench_new_T3_127569,,session,TRUE,https://www.CLIENT_X.com.kw/ar/c-m-so/media-players/latest,Existing CM Trackers-Found,,,,,
CLIENT_X.ae,Essential cookies,CLIENT_X - Middle East Arab,HTTP Cookie,bench_new_T3_127713,,session,TRUE,https://www.CLIENT_X.ae/,Existing CM Trackers-Found,,,,,
CLIENT_X.sa,Performance cookies,CLIENT_X - Kingdom of Saudi Arabia,HTTP Cookie,bench_new_T3_126459,,session,TRUE,https://www.CLIENT_X.sa/,Existing CM Trackers-Found,,,,,
CLIENT_X.com.qa,Targeted Advertising cookies (including social media),CLIENT_X - Qatar,HTTP Cookie,bench_new_T3_127112,,7,TRUE,https://www.CLIENT_X.com.qa/,Existing CM Trackers-Found,,,,,
CLIENT_X.com.qa,Essential cookies,CLIENT_X - Qatar,HTTP Cookie,_ga_failed_lookup_marker_79_208,,session,TRUE,https://www.CLIENT_X.com.qa/,Existing CM Trackers-Found,,,,,
CLIENT_X.ae,Performance cookies,CLIENT_X - Middle East Arab,HTTP Cookie,_ga_failed_lookup_marker_79_209,,,,,Existing CM Trackers-Not Found,,,,,
CLIENT_X.ae,Essential cookies,CLIENT_X - Middle East Arab,HTTP Cookie,bench_new_T3_127328,,60,TRUE,https://www.CLIENT_X.ae/,Existing CM Trackers-Found,,,,,
www.lighting.CLIENT_X.sa,Essential cookies,Signify (formerly CLIENT_X Lighting),ETag,_ga_failed_lookup_marker_79_211,,,,,Existing CM Trackers-Not Found,,,,,
www.lighting.CLIENT_X.sa,Essential cookies,Signify (formerly CLIENT_X Lighting),HTTP Cookie,bench_new_T3_127636,,,,,Existing CM Trackers-Not Found,,,,,
CLIENT_X.ae,Performance cookies,CLIENT_X - Middle East Arab,HTTP Cookie,bench_new_T3_126753,,0,TRUE,https://www.CLIENT_X.ae/,Existing CM Trackers-Found,,,,,
custom.yieldify.com,Targeted Advertising cookies (including social media),Yieldify,JavaScript,_ga_failed_lookup_marker_79_214,,,TRUE,http://www.CLIENT_X.ae/,Existing CM Trackers-Found,,,,,
www.CLIENT_X.sa,Essential cookies,CLIENT_X - Kingdom of Saudi Arabia,HTTP Cookie,_ga_failed_lookup_marker_79_215,,365,TRUE,https://www.CLIENT_X.sa/c-m-ho/cooking/toaster/latest,Existing CM Trackers-Found,,,,,
stg.CLIENT_X.com.kw,Performance cookies,CLIENT_X - Kuwait,HTTP Cookie,bench_new_T3_126607,,,,,Existing CM Trackers-Not Found,,,,,
youtube.com,Targeted Advertising cookies (including social media),Google Advertising Products,HTTP Cookie,bench_new_T3_126940,,180,,https://www.CLIENT_X.jo/,New Third Party Trackers,,,,,
CLIENT_X.sa,Essential cookies,CLIENT_X - Kingdom of Saudi Arabia,HTTP Cookie,bench_new_T3_126640,,400,TRUE,https://www.CLIENT_X.sa/,Existing CM Trackers-Found,,,,,
www.google.com,Targeted Advertising cookies (including social media),Google Inc.,JavaScript,bench_new_T3_127861,,,TRUE,https://www.CLIENT_X.sa/c-m-ho/cooking/toaster/latest,Existing CM Trackers-Found,,,,,
CLIENT_X.ae,Essential cookies,CLIENT_X - Middle East Arab,HTTP Cookie,bench_new_T3_127286,,365,TRUE,https://www.CLIENT_X.ae/,Existing CM Trackers-Found,,,,,
CLIENT_X.sa,Essential cookies,CLIENT_X - Kingdom of Saudi Arabia,HTTP Cookie,bench_new_T3_127395,,0,TRUE,https://www.CLIENT_X.sa/,Existing CM Trackers-Found,,,,,
www.clarity.ms,Performance cookies,Microsoft,ETag,bench_new_T3_127053,,,,,Existing CM Trackers-Not Found,,,,,
stg.CLIENT_X.com.kw,Essential cookies,CLIENT_X - Kuwait,HTTP Cookie,bench_new_T3_127896,,,,,Existing CM Trackers-Not Found,,,,,
www.CLIENT_X.com.qa,Performance cookies,,HTTP Cookie,bench_new_T3_127585,,,,,Existing CM Trackers-Not Found,,,,,
CLIENT_X.jo,Essential cookies,CLIENT_X - Jordan,HTTP Cookie,_ga_failed_lookup_marker_79_225,,0,TRUE,https://www.CLIENT_X.jo/,Existing CM Trackers-Found,,,,,
CLIENT_X.sa,Essential cookies (exempt from consent),CLIENT_X - Kingdom of Saudi Arabia,HTTP Cookie,iadvize_test_cookie_top_domain,,,,,Existing CM Trackers-Not Found,,,,,
www.CLIENT_X.com.kw,Essential cookies,CLIENT_X - Kuwait,HTTP Cookie,bench_new_T3_127952,,session,TRUE,https://www.CLIENT_X.com.kw/ar/c-m-so/media-players/latest,Existing CM Trackers-Found,,,,,
www.CLIENT_X.pl,Essential cookies (exempt from consent),CLIENT_X - Poland,HTTP Cookie,eddl_gtm_qe_session_start_6523424625,,bench_update_duration,TRUE,https://www.CLIENT_X.sa/,Existing CM Trackers-Found,,,,,
www.CLIENT_X.com.tr,Essential cookies (exempt from consent),CLIENT_X - Turkey,HTTP Cookie,kampyleUserSession,,bench_update_duration,,http://www.CLIENT_X.jo/,New First Party Trackers,,,,,
www.google.com,Essential cookies,Google Inc.,HTTP Cookie,bench_new_T3_127467,,180,TRUE,https://www.CLIENT_X.jo/healthcare/innovation/research-and-exploration,Existing CM Trackers-Found,,,,,
CLIENT_X.jo,Essential cookies,CLIENT_X - Jordan,Local Storage,bench_new_T3_127680,,,TRUE,https://www.CLIENT_X.jo/c-w/support-home/support-contact-page,Existing CM Trackers-Found,,,,,
www.clarity.ms,Performance cookies,Microsoft,ETag,_ga_failed_lookup_marker_79_232,,,,,Existing CM Trackers-Not Found,,,,,
www.CLIENT_X.jo,Essential cookies,CLIENT_X - Jordan,HTTP Cookie,bench_new_T3_127113,,7,,http://www.CLIENT_X.jo/,New First Party Trackers,,,,,
cdn.channelsight.com,Essential cookies,ChannelSight,ETag,bench_new_T3_127088,,,TRUE,https://www.CLIENT_X.sa/c-e/ho/air-purifier-and-air-humidifier/air-performer-series-7000.html,Existing CM Trackers-Found,,,,,
CLIENT_X.com.kw,Essential cookies,CLIENT_X - Kuwait,HTTP Cookie,_ga_failed_lookup_marker_79_235,,,,,Existing CM Trackers-Not Found,,,,,
CLIENT_X.jo,Essential cookies,CLIENT_X - Jordan,HTTP Cookie,bench_new_T3_126448,,400,TRUE,https://www.CLIENT_X.jo/,Existing CM Trackers-Found,,,,,
CLIENT_X.com.kw,Essential cookies,CLIENT_X - Kuwait,HTTP Cookie,bench_new_T3_126703,,393,TRUE,https://www.CLIENT_X.com.kw/,Existing CM Trackers-Found,,,,,
CLIENT_X.com.qa,Essential cookies,CLIENT_X - Qatar,HTTP Cookie,bench_new_T3_127821,,365,TRUE,https://www.CLIENT_X.com.qa/,Existing CM Trackers-Found,,,,,
company-target.com,Targeted Advertising cookies (including social media),"Demandbase, Inc.",HTTP Cookie,_ga_failed_lookup_marker_79_239,,396,TRUE,https://www.CLIENT_X.jo/a-w/about-CLIENT_X/company-profile.html,Existing CM Trackers-Found,,,,,
CLIENT_X.sa,Essential cookies,CLIENT_X - Kingdom of Saudi Arabia,HTTP Cookie,bench_new_T3_127993,,,,,Existing CM Trackers-Not Found,,,,,
CLIENT_X.sa,Essential cookies,CLIENT_X - Kingdom of Saudi Arabia,HTTP Cookie,bench_new_T3_126471,,,,,Existing CM Trackers-Not Found,,,,,
acc.CLIENT_X.sa,Essential cookies,CLIENT_X - Kingdom of Saudi Arabia,JavaScript,bench_new_T3_126508,,,,,Existing CM Trackers-Not Found,,,,,
CLIENT_X.com.qa,Essential cookies,CLIENT_X - Qatar,HTTP Cookie,bench_new_T3_126941,,,,,Existing CM Trackers-Not Found,,,,,
www.CLIENT_X.jo,Essential cookies,CLIENT_X - Jordan,HTTP Cookie,bench_new_T3_126571,,7,,http://www.CLIENT_X.jo/,New First Party Trackers,,,,,
CLIENT_X.co.in,Essential cookies (exempt from consent),CLIENT_X - India,HTTP Cookie,iadvize-8134-vuid,,bench_update_duration,,,Existing CM Trackers-Not Found,,,,,
CLIENT_X.sa,Essential cookies,CLIENT_X - Kingdom of Saudi Arabia,HTTP Cookie,bench_new_T3_127054,,365,TRUE,https://www.CLIENT_X.sa/,Existing CM Trackers-Found,,,,,
www.CLIENT_X.ae,Essential cookies,CLIENT_X - Middle East Arab,Beacon,bench_new_T3_126543,,,TRUE,,Existing CM Trackers-Found,,,,,
www.lighting.CLIENT_X.sa,Essential cookies,Signify (formerly CLIENT_X Lighting),HTTP Cookie,bench_new_T3_127584,,,,,Existing CM Trackers-Not Found,,,,,
www.accounts.CLIENT_X.ru,Essential cookies (exempt from consent),CLIENT_X - Russia,HTTP Cookie,eddl_gtm_qe_session_start_6523424625,,bench_update_duration,TRUE,https://www.CLIENT_X.jo/en/healthcare/product/HCNOCTN281/-,Existing CM Trackers-Found,,,,,
www.lighting.CLIENT_X.com.pk,Essential cookies (exempt from consent),Signify (formerly CLIENT_X Lighting),Local Storage,blank (local storage),,,,,Existing CM Trackers-Not Found,,,,,
consent-pref.trustarc.com,Essential cookies (exempt from consent),TrustArc,ETag,-,,,TRUE,https://www.CLIENT_X.ae/c-w/support-home/support-contact-page.html,Existing CM Trackers-Found,,,,,
s334834414.t.eloqua.com,Performance cookies,Oracle Marketing,JavaScript,bench_new_T3_127346,,,,https://www.CLIENT_X.com.qa/healthcare/product/HC722227,New Third Party Trackers,,,,,
CLIENT_X.sa,Essential cookies,CLIENT_X - Kingdom of Saudi Arabia,HTTP Cookie,bench_new_T3_127598,,400,TRUE,https://www.CLIENT_X.sa/,Existing CM Trackers-Found,,,,,
CLIENT_X.sa,Essential cookies,CLIENT_X - Kingdom of Saudi Arabia,HTTP Cookie,bench_new_T3_127142,,393,TRUE,https://www.CLIENT_X.sa/,Existing CM Trackers-Found,,,,,
td.yieldify.com,Targeted Advertising cookies (including social media),Yieldify,JavaScript,bench_new_T3_127618,,,TRUE,http://www.CLIENT_X.ae/,Existing CM Trackers-Found,,,,,
CLIENT_Xb2c.my.salesforce-scrt.com,Performance cookies,"Salesforce.com, Inc.",Beacon,bench_new_T3_127013,,,,,New Third Party Trackers,,,,,
CLIENT_X.jo,Essential cookies,CLIENT_X - Jordan,HTTP Cookie,bench_new_T3_126949,,393,TRUE,https://www.CLIENT_X.jo/,Existing CM Trackers-Found,,,,,
snapchat.com,Targeted Advertising cookies (including social media),Snap Inc.,HTTP Cookie,bench_new_T3_126526,,390,TRUE,https://www.CLIENT_X.jo/c-e/ho/homeid-app.html,Existing CM Trackers-Found,,,,,
www.CLIENT_X.sa,Essential cookies,,HTTP Cookie,bench_new_T3_127076,,,,,Existing CM Trackers-Not Found,,,,,
consent-pref.trustarc.com,Essential cookies,TrustArc,Local Storage,bench_new_T3_127874,,,TRUE,https://www.CLIENT_X.com.kw/,Existing CM Trackers-Found,,,,,
www.CLIENT_X.sa,Essential cookies,CLIENT_X - Kingdom of Saudi Arabia,HTTP Cookie,bench_new_T3_127884,,0,,https://www.CLIENT_X.sa/c-m-ho/cooking/toaster/latest,New First Party Trackers,,,,,
CLIENT_X.be,Essential cookies (exempt from consent),CLIENT_X - Belgium,HTTP Cookie,_scid_r,,729,TRUE,https://www.CLIENT_X.jo/,Existing CM Trackers-Found,,,,,
www.CLIENT_X.jo,Essential cookies,,HTTP Cookie,bench_new_T3_127457,,,,,Existing CM Trackers-Not Found,,,,,
CLIENT_X.sa,Essential cookies,CLIENT_X - Kingdom of Saudi Arabia,HTTP Cookie,bench_new_T3_127549,,session,TRUE,https://www.CLIENT_X.sa/,Existing CM Trackers-Found,,,,,
www.crsc.lighting.CLIENT_X.com,Performance cookies,Signify (formerly CLIENT_X Lighting),JavaScript,bench_new_T3_126882,,,,,Existing CM Trackers-Not Found,,,,,
www.CLIENT_X.com.kw,Essential cookies,CLIENT_X - Kuwait,Beacon,bench_new_T3_126922,,,TRUE,,Existing CM Trackers-Found,,,,,
www.CLIENT_X.sa,Essential cookies,CLIENT_X - Kingdom of Saudi Arabia,HTTP Cookie,_ga_failed_lookup_marker_79_267,,365,TRUE,https://www.CLIENT_X.sa/c-m-ho/cooking/toaster/latest,Existing CM Trackers-Found,,,,,
CLIENT_X.sa,Essential cookies,CLIENT_X - Kingdom of Saudi Arabia,HTTP Cookie,bench_new_T3_127765,,90,,https://www.CLIENT_X.sa/,New First Party Trackers,,,,,
CLIENT_X.sa,Performance cookies,CLIENT_X - Kingdom of Saudi Arabia,HTTP Cookie,bench_new_T3_127230,,,,,Existing CM Trackers-Not Found,,,,,
dpm.demdex.net,Targeted Advertising cookies (including social media),"Adobe Audience Manager, Adobe Experience Cloud",HTTP Cookie,bench_new_T3_127670,,,,,Existing CM Trackers-Not Found,,,,,
lighting.CLIENT_X.sa,Performance cookies,Signify (formerly CLIENT_X Lighting),HTTP Cookie,_ga_failed_lookup_marker_79_271,,,,,Existing CM Trackers-Not Found,,,,,
CLIENT_X.ae,Essential cookies,CLIENT_X - Middle East Arab,HTTP Cookie,bench_new_T3_126733,,0,TRUE,https://www.CLIENT_X.ae/,Existing CM Trackers-Found,,,,,
www.CLIENT_X.sa,Essential cookies,CLIENT_X - Kingdom of Saudi Arabia,ETag,bench_new_T3_127900,,,TRUE,http://www.CLIENT_X.sa/,Existing CM Trackers-Found,,,,,
www.CLIENT_X.com.qa,Essential cookies,CLIENT_X - Qatar,ETag,bench_new_T3_126943,,,TRUE,http://www.CLIENT_X.com.qa/,Existing CM Trackers-Found,,,,,
CLIENT_X.jo,Performance cookies,CLIENT_X - Jordan,HTTP Cookie,bench_new_T3_127226,,session,TRUE,https://www.CLIENT_X.jo/,Existing CM Trackers-Found,,,,,
www.CLIENT_X.ae,Essential cookies,CLIENT_X - Middle East Arab,HTTP Cookie,bench_new_T3_127449,,0,,https://www.CLIENT_X.ae/c-m-ho/cooking/toaster/latest,New First Party Trackers,,,,,
www.CLIENT_X.ae,Performance cookies,,HTTP Cookie,bench_new_T3_127845,,,,,Existing CM Trackers-Not Found,,,,,
CLIENT_X.com.kw,Essential cookies,CLIENT_X - Kuwait,HTTP Cookie,bench_new_T3_127337,,365,,https://www.CLIENT_X.com.kw/,New First Party Trackers,,,,,
eloqua.com,Targeted Advertising cookies (including social media),Oracle Marketing,HTTP Cookie,bench_new_T3_126618,,392,TRUE,https://www.CLIENT_X.jo/healthcare,Existing CM Trackers-Found,,,,,
CLIENT_Xb2c--b2cuat.sandbox.my.site.com,Performance cookies,"Salesforce.com, Inc.",ETag,bench_new_T3_126591,,,,,Existing CM Trackers-Not Found,,,,,
CLIENT_X.sa,Performance cookies,CLIENT_X - Kingdom of Saudi Arabia,HTTP Cookie,bench_new_T3_126796,,session,TRUE,https://www.CLIENT_X.sa/,Existing CM Trackers-Found,,,,,
w2txo5aaXXXXXXXXXXXXXXXXXXXXXXXXXXXXXXXXXXXXXXXXXXXXXXX.e.aa.online-metrix.net,Performance Cookies [Requires consent],LexisNexis Risk Solutions (formerly ThreatMetrix),Beacon,-,,6,,https://www.CLIENT_X.com.qa/,New First Party Trackers,,,,,
www.clarity.ms,Performance cookies,Microsoft,JavaScript,bench_new_T3_126602,,,,,Existing CM Trackers-Not Found,,,,,
consent-pref.trustarc.com,Essential cookies,TrustArc,Local Storage,bench_new_T3_127367,,,TRUE,https://www.CLIENT_X.com.kw/,Existing CM Trackers-Found,,,,,
CLIENT_X.es,Essential cookies (exempt from consent),CLIENT_X - Spain,HTTP Cookie,s_cc,,,,https://www.CLIENT_X.ae/c-m-pe/hair-removal/lumea-ipl,New Third Party Trackers,,,,,
CLIENT_X.com.kw,Essential cookies,CLIENT_X - Kuwait,HTTP Cookie,bench_new_T3_127614,,,,,Existing CM Trackers-Not Found,,,,,
CLIENT_X.com.kw,Essential cookies,CLIENT_X - Kuwait,HTTP Cookie,bench_new_T3_127374,,,,,Existing CM Trackers-Not Found,,,,,
www.lighting.CLIENT_X.co.uk,Essential cookies (exempt from consent),Signify (formerly CLIENT_X Lighting),Beacon,blank (beacon),,bench_update_duration,TRUE,https://www.CLIENT_X.sa/c-m-ho/cooking/toaster/latest,Existing CM Trackers-Found,,,,,
www.CLIENT_X.jo,Essential cookies,CLIENT_X - Jordan,HTTP Cookie,bench_new_T3_127835,,0,,http://www.CLIENT_X.jo/,New First Party Trackers,,,,,
CLIENT_X.com.kw,Essential cookies,CLIENT_X - Kuwait,HTTP Cookie,bench_new_T3_127435,,393,TRUE,https://www.CLIENT_X.com.kw/,Existing CM Trackers-Found,,,,,
CLIENT_X.ae,Essential cookies,CLIENT_X - Middle East Arab,HTTP Cookie,bench_new_T3_126791,,90,TRUE,https://www.CLIENT_X.ae/,Existing CM Trackers-Found,,,,,
versuni.scene7.com,Performance cookies,Adobe Experience Cloud - Experience Manager,JavaScript,bench_new_T3_127393,,,TRUE,https://www.CLIENT_X.ae/c-f/XC000021357/how-to-create-and-manage-maps-in-my-CLIENT_X-homerun-app,Existing CM Trackers-Found,,,,,
CLIENT_X.sa,Essential cookies,CLIENT_X - Kingdom of Saudi Arabia,HTTP Cookie,bench_new_T3_126541,,400,TRUE,https://www.CLIENT_X.sa/,Existing CM Trackers-Found,,,,,
CLIENT_X.ae,Essential cookies,CLIENT_X - Middle East Arab,HTTP Cookie,bench_new_T3_127392,,393,TRUE,https://www.CLIENT_X.ae/,Existing CM Trackers-Found,,,,,
region1.google-analytics.com,Performance cookies,Google Inc.,HTTP Cookie,bench_new_T3_127284,,,,,Existing CM Trackers-Not Found,,,,,
CLIENT_X.com.qa,Essential cookies,CLIENT_X - Qatar,HTTP Cookie,_ga_failed_lookup_marker_79_296,,365,TRUE,https://www.CLIENT_X.com.qa/,Existing CM Trackers-Found,,,,,
CLIENT_X.com.kw,Essential cookies,CLIENT_X - Kuwait,HTTP Cookie,bench_new_T3_127260,,90,,https://www.CLIENT_X.com.kw/,New First Party Trackers,,,,,
CLIENT_X.gr,Essential cookies (exempt from consent),CLIENT_X - Greece,HTTP Cookie,_scid,,bench_update_duration,,,Existing CM Trackers-Not Found,,,,,
CLIENT_X.sa,Essential cookies,CLIENT_X - Kingdom of Saudi Arabia,HTTP Cookie,bench_new_T3_127404,,,,,Existing CM Trackers-Not Found,,,,,
CLIENT_X.com.qa,Essential cookies,CLIENT_X - Qatar,HTTP Cookie,bench_new_T3_126663,,90,,https://www.CLIENT_X.com.qa/,New First Party Trackers,,,,,
www.lighting.CLIENT_X.nl,Essential cookies (exempt from consent),Signify (formerly CLIENT_X Lighting),HTTP Cookie,AWSELB,,bench_update_duration,TRUE,http://www.CLIENT_X.jo/,Existing CM Trackers-Found,,,,,
CLIENT_X.ae,Essential cookies,CLIENT_X - Middle East Arab,HTTP Cookie,bench_new_T3_127566,,90,TRUE,https://www.CLIENT_X.ae/,Existing CM Trackers-Found,,,,,
tag-logger.demandbase.com,Targeted Advertising cookies (including social media),"Demandbase, Inc.",ETag,bench_new_T3_127340,,,,https://www.CLIENT_X.ae/a-w/about-CLIENT_X/company/businesses.html,New Third Party Trackers,,,,,
CLIENT_X.jo,Essential cookies,CLIENT_X - Jordan,HTTP Cookie,bench_new_T3_126999,,0,TRUE,https://www.CLIENT_X.jo/,Existing CM Trackers-Found,,,,,
static.cloud.coveo.com,Targeted Advertising cookies (including social media),Coveo Solutions Inc.,JavaScript,_ga_failed_lookup_marker_79_305,,,TRUE,https://www.CLIENT_X.ae/healthcare/about/support/resource-center/results,Existing CM Trackers-Found,,,,,
www.CLIENT_X.ae,Essential cookies,CLIENT_X - Middle East Arab,HTTP Cookie,bench_new_T3_127976,,7,,https://www.CLIENT_X.ae/c-m-ho/cooking/toaster/latest,New First Party Trackers,,,,,
tag-logger.demandbase.com,Targeted Advertising cookies (including social media),"Demandbase, Inc.",ETag,_ga_failed_lookup_marker_79_307,,,,https://www.CLIENT_X.ae/a-w/about-CLIENT_X/company/businesses.html,New Third Party Trackers,,,,,
www.CLIENT_X.sa,Essential cookies,,HTTP Cookie,bench_new_T3_127744,,,,,Existing CM Trackers-Not Found,,,,,
www.lightset-creator.lighting.CLIENT_X.com,Performance Cookies [Requires consent],Signify (formerly CLIENT_X Lighting),JavaScript,-,,bench_update_duration,TRUE,https://www.CLIENT_X.jo/c-e/ho/homeid-app.html,Existing CM Trackers-Found,,,,,
www.CLIENT_X.com.vn,Essential cookies (exempt from consent),CLIENT_X - Vietnam,HTTP Cookie,kampylePageLoadedTimestamp,,,TRUE,https://www.CLIENT_X.ae/c-f/XC000021357/how-to-create-and-manage-maps-in-my-CLIENT_X-homerun-app,Existing CM Trackers-Found,,,,,
CLIENT_X.com.qa,Essential cookies,CLIENT_X - Qatar,HTTP Cookie,bench_new_T3_127957,,90,,https://www.CLIENT_X.com.qa/,New First Party Trackers,,,,,
CLIENT_X.ae,Essential cookies,CLIENT_X - Middle East Arab,HTTP Cookie,bench_new_T3_127962,,400,TRUE,https://www.CLIENT_X.ae/,Existing CM Trackers-Found,,,,,
custom.yieldify.com,Targeted Advertising cookies (including social media),Yieldify,ETag,bench_new_T3_127011,,,TRUE,http://www.CLIENT_X.ae/,Existing CM Trackers-Found,,,,,
CLIENT_X.com.qa,Essential cookies,CLIENT_X - Qatar,HTTP Cookie,bench_new_T3_126992,,365,TRUE,https://www.CLIENT_X.com.qa/,Existing CM Trackers-Found,,,,,
www.CLIENT_X.com.kw,Essential cookies,CLIENT_X - Kuwait,HTTP Cookie,bench_new_T3_126520,,365,TRUE,https://www.CLIENT_X.com.kw/ar/c-m-so/media-players/latest,Existing CM Trackers-Found,,,,,
sc-static.net,Targeted Advertising cookies (including social media),Snap Inc.,JavaScript,bench_new_T3_127398,,,TRUE,https://www.CLIENT_X.sa/c-e/ho/air-purifier-and-air-humidifier/air-performer-series-8000.html,Existing CM Trackers-Found,,,,,
www.CLIENT_X.sa,Essential cookies,CLIENT_X - Kingdom of Saudi Arabia,HTTP Cookie,bench_new_T3_127454,,7,,https://www.CLIENT_X.sa/c-m-ho/cooking/toaster/latest,New First Party Trackers,,,,,
assets.adobedtm.com,Performance cookies,Adobe Inc.,JavaScript,bench_new_T3_126684,,,,,Existing CM Trackers-Not Found,,,,,
CLIENT_X.com.kw,Essential cookies,CLIENT_X - Kuwait,HTTP Cookie,bench_new_T3_126905,,,,,Existing CM Trackers-Not Found,,,,,
www.CLIENT_X.com.kw,Essential cookies,CLIENT_X - Kuwait,Beacon,bench_new_T3_127249,,,TRUE,,Existing CM Trackers-Found,,,,,
CLIENT_X.ae,Essential cookies,CLIENT_X - Middle East Arab,HTTP Cookie,bench_new_T3_127706,,90,,https://www.CLIENT_X.ae/,New First Party Trackers,,,,,
eloqua.com,Essential cookies,Oracle Marketing,HTTP Cookie,_ga_failed_lookup_marker_79_322,,392,TRUE,https://www.CLIENT_X.jo/healthcare,Existing CM Trackers-Found,,,,,
tremorhub.com,Targeted Advertising cookies (including social media),"Magnite CTV, Inc.",HTTP Cookie,bench_new_T3_127796,,400,TRUE,https://www.CLIENT_X.jo/a-w/about-CLIENT_X/company-profile.html,Existing CM Trackers-Found,,,,,
CLIENT_X.ae,Essential cookies,CLIENT_X - Middle East Arab,HTTP Cookie,bench_new_T3_126831,,session,TRUE,https://www.CLIENT_X.ae/,Existing CM Trackers-Found,,,,,
script.hotjar.com,Targeted Advertising cookies (including social media),Hotjar,JavaScript,bench_new_T3_127696,,,,,Existing CM Trackers-Not Found,,,,,
assets.kampyle.com,Performance cookies,Medallia,ETag,_ga_failed_lookup_marker_79_326,,,TRUE,https://www.CLIENT_X.sa/en/a-w/about.html,Existing CM Trackers-Found,,,,,
www.CLIENT_X.sa,Essential cookies,,HTTP Cookie,bench_new_T3_127464,,,,,Existing CM Trackers-Not Found,,,,,
googleads.g.doubleclick.net,Targeted Advertising cookies (including social media),Google Advertising Products,Beacon,bench_new_T3_127963,,,TRUE,,Existing CM Trackers-Found,,,,,
www.CLIENT_X.jo,Essential cookies,CLIENT_X - Jordan,HTTP Cookie,bench_new_T3_127811,,365,TRUE,http://www.CLIENT_X.jo/,Existing CM Trackers-Found,,,,,
stg.CLIENT_X.sa,Essential cookies,CLIENT_X - Kingdom of Saudi Arabia,HTTP Cookie,_ga_failed_lookup_marker_79_330,,,,,Existing CM Trackers-Not Found,,,,,
CLIENT_X.com.qa,Performance cookies,CLIENT_X - Qatar,HTTP Cookie,bench_new_T3_126775,,,,,Existing CM Trackers-Not Found,,,,,
CLIENT_X.com.kw,Targeted Advertising cookies (including social media),CLIENT_X - Kuwait,HTTP Cookie,bench_new_T3_126728,,7,TRUE,https://www.CLIENT_X.com.kw/,Existing CM Trackers-Found,,,,,
assets.adobedtm.com,Performance cookies,Adobe Inc.,ETag,bench_new_T3_126432,,,,,Existing CM Trackers-Not Found,,,,,
s334834414.t.eloqua.com,Performance cookies,Oracle Marketing,JavaScript,bench_new_T3_127192,,,,https://www.CLIENT_X.com.qa/healthcare/product/HC722227,New Third Party Trackers,,,,,
doubleclick.net,Targeted Advertising cookies (including social media),Google Advertising Products,HTTP Cookie,bench_new_T3_127191,,390,TRUE,https://www.CLIENT_X.jo/,Existing CM Trackers-Found,,,,,
sc-static.net,Targeted Advertising cookies (including social media),Snap Inc.,JavaScript,bench_new_T3_127394,,,TRUE,https://www.CLIENT_X.sa/c-e/ho/air-purifier-and-air-humidifier/air-performer-series-8000.html,Existing CM Trackers-Found,,,,,
px.ads.linkedin.com,Targeted Advertising cookies (including social media),LinkedIn,JavaScript,bench_new_T3_127266,,,TRUE,https://www.CLIENT_X.ae/c-p/HDA150_62/-,Existing CM Trackers-Found,,,,,
tracker-detail-page.trustarc.com,Essential cookies,TrustArc,ETag,bench_new_T3_127236,,,,https://www.CLIENT_X.ae/a-w/cookie-notice,New Third Party Trackers,,,,,
maps.googleapis.com,Targeted Advertising cookies (including social media),Google Inc.,JavaScript,bench_new_T3_126568,,,TRUE,https://www.CLIENT_X.ae/ar/c-w/support-home/service-center-locator.html,Existing CM Trackers-Found,,,,,
CLIENT_X.com.gh,Essential cookies (exempt from consent),CLIENT_X - Ghana,HTTP Cookie,FPID,,bench_update_duration,TRUE,https://www.CLIENT_X.jo/c-w/support-home/support-contact-page,Existing CM Trackers-Found,,,,,
www.CLIENT_X.jo,Essential cookies,CLIENT_X - Jordan,HTTP Cookie,bench_new_T3_127679,,365,TRUE,http://www.CLIENT_X.jo/,Existing CM Trackers-Found,,,,,
www.CLIENT_X.sa,Essential cookies,CLIENT_X - Kingdom of Saudi Arabia,JavaScript,_ga_failed_lookup_marker_79_342,,,TRUE,http://www.CLIENT_X.sa/,Existing CM Trackers-Found,,,,,
casalemedia.com,Targeted Advertising cookies (including social media),Index Exchange Inc.,HTTP Cookie,bench_new_T3_127232,,90,TRUE,https://www.CLIENT_X.jo/a-w/about-CLIENT_X/company-profile.html,Existing CM Trackers-Found,,,,,
www.CLIENT_X.com.kw,Essential cookies,CLIENT_X - Kuwait,HTTP Cookie,bench_new_T3_127624,,7,,https://www.CLIENT_X.com.kw/ar/c-m-so/media-players/latest,New First Party Trackers,,,,,
CLIENT_X.sa,Essential cookies,CLIENT_X - Kingdom of Saudi Arabia,HTTP Cookie,bench_new_T3_126430,,365,TRUE,https://www.CLIENT_X.sa/,Existing CM Trackers-Found,,,,,
www.lighting.CLIENT_X.sa,Essential cookies,Signify (formerly CLIENT_X Lighting),HTTP Cookie,bench_new_T3_127426,,,,,Existing CM Trackers-Not Found,,,,,
CLIENT_X.com.qa,Targeted Advertising cookies (including social media),CLIENT_X - Qatar,HTTP Cookie,bench_new_T3_127808,,7,TRUE,https://www.CLIENT_X.com.qa/,Existing CM Trackers-Found,,,,,
CLIENT_X.com.kw,Essential cookies,CLIENT_X - Kuwait,Local Storage,bench_new_T3_126799,,,TRUE,https://www.CLIENT_X.com.kw/c-w/support-home/support-contact-page.html,Existing CM Trackers-Found,,,,,
labs.iadvize.com,Performance cookies,iAdvize,ETag,bench_new_T3_126788,,,TRUE,https://www.CLIENT_X.sa/c-e/ho/air-purifier-and-air-humidifier/air-performer-series-8000.html,Existing CM Trackers-Found,,,,,
www.CLIENT_X.com.kw,Essential cookies,CLIENT_X - Kuwait,HTTP Cookie,bench_new_T3_127220,,7,,https://www.CLIENT_X.com.kw/ar/c-m-so/media-players/latest,New First Party Trackers,,,,,
tiktok.com,Targeted Advertising cookies (including social media),TikTok,HTTP Cookie,bench_new_T3_127160,,90,TRUE,https://www.CLIENT_X.ae/,Existing CM Trackers-Found,,,,,
CLIENT_X.com.qa,Essential cookies,CLIENT_X - Qatar,HTTP Cookie,bench_new_T3_126920,,0,TRUE,https://www.CLIENT_X.com.qa/,Existing CM Trackers-Found,,,,,
CLIENT_X.ae,Essential cookies,CLIENT_X - Middle East Arab,HTTP Cookie,bench_new_T3_126845,,session,TRUE,https://www.CLIENT_X.ae/,Existing CM Trackers-Found,,,,,
www.CLIENT_X.sa,Essential cookies,,HTTP Cookie,bench_new_T3_126771,,,,,Existing CM Trackers-Not Found,,,,,
s.pinimg.com,Targeted Advertising cookies (including social media),Pinterest,JavaScript,bench_new_T3_126639,,,,http://www.CLIENT_X.ae/,New Third Party Trackers,,,,,
www.CLIENT_X.jo,Essential cookies,CLIENT_X - Jordan,HTTP Cookie,bench_new_T3_127746,,365,TRUE,http://www.CLIENT_X.jo/,Existing CM Trackers-Found,,,,,
CLIENT_X.co.il,Essential cookies (exempt from consent),CLIENT_X - Israel,HTTP Cookie,_schn2,,365,,https://www.CLIENT_X.ae/,New First Party Trackers,,,,,
CLIENT_X.com.br,Essential cookies (exempt from consent),CLIENT_X - Brazil,HTTP Cookie,biggy-session-CLIENT_X,,,TRUE,,Existing CM Trackers-Found,,,,,
www.CLIENT_X.jo,Essential cookies,CLIENT_X - Jordan,JavaScript,bench_new_T3_126554,,,TRUE,http://www.CLIENT_X.jo/,Existing CM Trackers-Found,,,,,
www.CLIENT_X.ae,Essential cookies,CLIENT_X - Middle East Arab,HTTP Cookie,_ga_failed_lookup_marker_79_360,,365,TRUE,https://www.CLIENT_X.ae/c-m-ho/cooking/toaster/latest,Existing CM Trackers-Found,,,,,
www.googleadservices.com,Targeted Advertising cookies (including social media),Google Advertising Products,ETag,bench_new_T3_127159,,,,,Existing CM Trackers-Not Found,,,,,
www.CLIENT_X.lt,Essential cookies (exempt from consent),CLIENT_X - Lithuania,HTTP Cookie,kampyleSessionPageCounter,,365,TRUE,https://www.CLIENT_X.com.kw/ar/c-m-so/media-players/latest,Existing CM Trackers-Found,,,,,
tag-logger.demandbase.com,Targeted Advertising cookies (including social media),"Demandbase, Inc.",ETag,_ga_failed_lookup_marker_79_363,,,,https://www.CLIENT_X.ae/a-w/about-CLIENT_X/company/businesses.html,New Third Party Trackers,,,,,
*.salesforceliveagent.com,Performance cookies,"Salesforce.com, Inc.",JavaScript,bench_new_T3_127304,,,,https://www.CLIENT_X.ae/c-t/XC000006201/my-CLIENT_X-toaster-smells-during-first-time-use,Existing CM Trackers-Found,,,,,
CLIENT_X.co.in,Essential cookies (exempt from consent),CLIENT_X - India,HTTP Cookie,_scid,,bench_update_duration,TRUE,https://www.CLIENT_X.com.qa/,Existing CM Trackers-Found,,,,,
CLIENT_X.jo,Essential cookies,CLIENT_X - Jordan,HTTP Cookie,bench_new_T3_127937,,393,TRUE,https://www.CLIENT_X.jo/,Existing CM Trackers-Found,,,,,
stg.static.accounts.CLIENT_X.com,Targeted Advertising cookies (including social media),Koninklijke CLIENT_X N.V.,JavaScript,bench_new_T3_126913,,,,,Existing CM Trackers-Not Found,,,,,
CLIENT_X.com.qa,Essential cookies,CLIENT_X - Qatar,HTTP Cookie,bench_new_T3_126994,,,,,Existing CM Trackers-Not Found,,,,,
CLIENT_X.com.kw,Essential cookies,CLIENT_X - Kuwait,HTTP Cookie,bench_new_T3_126453,,0,TRUE,https://www.CLIENT_X.com.kw/,Existing CM Trackers-Found,,,,,
CLIENT_X.com.qa,Essential cookies,CLIENT_X - Qatar,HTTP Cookie,bench_new_T3_126533,,0,TRUE,https://www.CLIENT_X.com.qa/,Existing CM Trackers-Found,,,,,
lighting.CLIENT_X.sa,Essential cookies,Signify (formerly CLIENT_X Lighting),HTTP Cookie,bench_new_T3_126635,,,,,Existing CM Trackers-Not Found,,,,,
CLIENT_X.112.2o7.net,Performance cookies,"Adobe Audience Manager, Adobe Experience Cloud",HTTP Cookie,bench_new_T3_127803,,400,,https://www.CLIENT_X.jo/,New Third Party Trackers,,,,,
CLIENT_X.jo,Performance cookies,CLIENT_X - Jordan,HTTP Cookie,bench_new_T3_126584,,,,,Existing CM Trackers-Not Found,,,,,
CLIENT_X.jo,Essential cookies,CLIENT_X - Jordan,HTTP Cookie,bench_new_T3_126881,,,,,Existing CM Trackers-Not Found,,,,,
CLIENT_X.jo,Essential cookies,CLIENT_X - Jordan,HTTP Cookie,bench_new_T3_126870,,,,,Existing CM Trackers-Not Found,,,,,
CLIENT_X.ae,Targeted Advertising cookies (including social media),CLIENT_X - Middle East Arab,HTTP Cookie,bench_new_T3_127642,,90,TRUE,https://www.CLIENT_X.ae/,Existing CM Trackers-Found,,,,,
www.CLIENT_X.com.kw,Essential cookies,,HTTP Cookie,bench_new_T3_127559,,,,,Existing CM Trackers-Not Found,,,,,
www.CLIENT_X.sa,Essential cookies,CLIENT_X - Kingdom of Saudi Arabia,HTTP Cookie,bench_new_T3_127719,,session,TRUE,https://www.CLIENT_X.sa/c-m-ho/cooking/toaster/latest,Existing CM Trackers-Found,,,,,
CLIENT_X.com.kw,Essential cookies,CLIENT_X - Kuwait,HTTP Cookie,bench_new_T3_127333,,400,,https://www.CLIENT_X.com.kw/,New First Party Trackers,,,,,
CLIENT_X.com,Essential cookies,Koninklijke CLIENT_X N.V.,HTTP Cookie,bench_new_T3_127716,,,,,Existing CM Trackers-Not Found,,,,,
www.accounts.CLIENT_X.com,Essential cookies,Koninklijke CLIENT_X N.V.,ETag,bench_new_T3_126624,,,,,Existing CM Trackers-Not Found,,,,,
CLIENT_X.sa,Essential cookies,CLIENT_X - Kingdom of Saudi Arabia,HTTP Cookie,bench_new_T3_127207,,400,TRUE,https://www.CLIENT_X.sa/,Existing CM Trackers-Found,,,,,
ct.pinterest.com,Targeted Advertising cookies (including social media),Pinterest,Beacon,bench_new_T3_126822,,,,,New Third Party Trackers,,,,,
CLIENT_Xb2c.file.force.com,Essential cookies,"Salesforce.com, Inc.",HTTP Cookie,bench_new_T3_126732,,365,TRUE,https://www.CLIENT_X.ae/c-f/XC000019471/CLIENT_X-one-battery-replacement-instructions,Existing CM Trackers-Found,,,,,
CLIENT_X.112.2o7.net,Performance cookies,"Adobe Audience Manager, Adobe Experience Cloud",Beacon,bench_new_T3_126909,,,TRUE,http://www.CLIENT_X.sa/,Existing CM Trackers-Found,,,,,
CLIENT_X.sa,Essential cookies,CLIENT_X - Kingdom of Saudi Arabia,HTTP Cookie,bench_new_T3_127876,,365,TRUE,https://www.CLIENT_X.sa/,Existing CM Trackers-Found,,,,,
CLIENT_X.com.kw,Essential cookies,CLIENT_X - Kuwait,HTTP Cookie,bench_new_T3_127558,,90,,https://www.CLIENT_X.com.kw/,New First Party Trackers,,,,,
CLIENT_X.com.qa,Essential cookies,CLIENT_X - Qatar,HTTP Cookie,bench_new_T3_127776,,,,,Existing CM Trackers-Not Found,,,,,
*.t.eloqua.com,Targeted Advertising cookies (including social media),Oracle Marketing,Beacon,bench_new_T3_127503,,,,,Existing CM Trackers-Found,,,,,
stats.g.doubleclick.net,Targeted Advertising cookies (including social media),Google Advertising Products,Beacon,bench_new_T3_127909,,,TRUE,,Existing CM Trackers-Found,,,,,
CLIENT_X.ae,Essential cookies,CLIENT_X - Middle East Arab,HTTP Cookie,bench_new_T3_127885,,session,TRUE,https://www.CLIENT_X.ae/,Existing CM Trackers-Found,,,,,
www.googleapis.com,Performance cookies,Google Inc.,JavaScript,bench_new_T3_126468,,,TRUE,http://www.CLIENT_X.jo/,Existing CM Trackers-Found,,,,,
www.lighting.CLIENT_X.sa,Essential cookies,Signify (formerly CLIENT_X Lighting),JavaScript,bench_new_T3_126678,,,,,Existing CM Trackers-Not Found,,,,,
lighting.CLIENT_X.sa,Essential cookies,Signify (formerly CLIENT_X Lighting),HTTP Cookie,bench_new_T3_127026,,,,,Existing CM Trackers-Not Found,,,,,
demdex.net,Targeted Advertising cookies (including social media),"Adobe Audience Manager, Adobe Experience Cloud",HTTP Cookie,bench_new_T3_127604,,,,,Existing CM Trackers-Not Found,,,,,
www.CLIENT_X.com.qa,Essential cookies,CLIENT_X - Qatar,HTTP Cookie,bench_new_T3_126779,,365,TRUE,https://www.CLIENT_X.com.qa/,Existing CM Trackers-Found,,,,,
stg.CLIENT_X.com.kw,Essential cookies,CLIENT_X - Kuwait,JavaScript,_ga_failed_lookup_marker_79_397,,,,,Existing CM Trackers-Not Found,,,,,
CLIENT_X.ae,Essential cookies (exempt from consent),CLIENT_X - Middle East Arab,HTTP Cookie,zScalerUser,,bench_update_duration,TRUE,https://www.CLIENT_X.com.kw/ar/c-m-so/media-players/latest,Existing CM Trackers-Found,,,,,
CLIENT_X.com.qa,Performance cookies,CLIENT_X - Qatar,HTTP Cookie,bench_new_T3_127486,,,,,Existing CM Trackers-Not Found,,,,,
dpm.demdex.net,Targeted Advertising cookies (including social media),"Adobe Audience Manager, Adobe Experience Cloud",HTTP Cookie,_ga_failed_lookup_marker_79_400,,,,,Existing CM Trackers-Not Found,,,,,
CLIENT_X.ae,Essential cookies,CLIENT_X - Middle East Arab,HTTP Cookie,bench_new_T3_126982,,393,TRUE,https://www.CLIENT_X.ae/,Existing CM Trackers-Found,,,,,
pixel.rubiconproject.com,Targeted Advertising cookies (including social media),"Magnite, Inc.",Beacon,bench_new_T3_127790,,,TRUE,,Existing CM Trackers-Found,,,,,
CLIENT_X.com.qa,Essential cookies,CLIENT_X - Qatar,HTTP Cookie,bench_new_T3_126935,,,,,Existing CM Trackers-Not Found,,,,,
CLIENT_X.ae,Performance cookies,CLIENT_X - Middle East Arab,HTTP Cookie,bench_new_T3_126528,,,,,Existing CM Trackers-Not Found,,,,,
CLIENT_X.com.kw,Essential cookies,CLIENT_X - Kuwait,HTTP Cookie,bench_new_T3_126969,,0,TRUE,https://www.CLIENT_X.com.kw/,Existing CM Trackers-Found,,,,,
www.lighting.CLIENT_X.sa,Essential cookies,Signify (formerly CLIENT_X Lighting),HTTP Cookie,bench_new_T3_127633,,,,,Existing CM Trackers-Not Found,,,,,
CLIENT_X.com.kw,Performance cookies,CLIENT_X - Kuwait,HTTP Cookie,bench_new_T3_126601,,0,TRUE,https://www.CLIENT_X.com.kw/,Existing CM Trackers-Found,,,,,
www.CLIENT_X.ae,Essential cookies,CLIENT_X - Middle East Arab,HTTP Cookie,bench_new_T3_126977,,30,TRUE,https://www.CLIENT_X.ae/c-m-ho/cooking/toaster/latest,Existing CM Trackers-Found,,,,,
d.la1-c2-par.salesforceliveagent.com,Performance cookies,"Salesforce.com, Inc.",JavaScript,_ga_failed_lookup_marker_79_409,,,,https://www.CLIENT_X.ae/c-t/XC000006201/my-CLIENT_X-toaster-smells-during-first-time-use,New Third Party Trackers,,,,,
c.amazon-adsystem.com,Targeted Advertising cookies (including social media),Amazon Ads,JavaScript,bench_new_T3_127590,,,,,Existing CM Trackers-Not Found,,,,,
www.CLIENT_X.com.kw,Essential cookies,CLIENT_X - Kuwait,ETag,bench_new_T3_127815,,,TRUE,http://www.CLIENT_X.com.kw/,Existing CM Trackers-Found,,,,,
connect.facebook.net,Targeted Advertising cookies (including social media),Meta (formerly Facebook),Beacon,bench_new_T3_127099,,,TRUE,,Existing CM Trackers-Found,,,,,
CLIENT_X.sa,Performance cookies,CLIENT_X - Kingdom of Saudi Arabia,HTTP Cookie,_ga_failed_lookup_marker_79_413,,session,TRUE,https://www.CLIENT_X.sa/,Existing CM Trackers-Found,,,,,
CLIENT_X.com.qa,Essential cookies,CLIENT_X - Qatar,HTTP Cookie,bench_new_T3_126898,,session,TRUE,https://www.CLIENT_X.com.qa/,Existing CM Trackers-Found,,,,,
www.CLIENT_X.hr,Essential cookies (exempt from consent),CLIENT_X - Croatia,Beacon,blank (beacon),,,,,Existing CM Trackers-Not Found,,,,,
www.CLIENT_X.sa,Essential cookies,CLIENT_X - Kingdom of Saudi Arabia,HTTP Cookie,bench_new_T3_127071,,365,TRUE,https://www.CLIENT_X.sa/c-m-ho/cooking/toaster/latest,Existing CM Trackers-Found,,,,,
lighting.CLIENT_X.com.tw,Essential cookies (exempt from consent),Signify (formerly CLIENT_X Lighting),HTTP Cookie,test,,session,TRUE,https://www.CLIENT_X.ae/,Existing CM Trackers-Found,,,,,
CLIENT_X.jo,Essential cookies,CLIENT_X - Jordan,HTTP Cookie,bench_new_T3_127530,,,,,Existing CM Trackers-Not Found,,,,,
www.lighting.CLIENT_X.sa,Essential cookies,Signify (formerly CLIENT_X Lighting),HTTP Cookie,bench_new_T3_127935,,,,,Existing CM Trackers-Not Found,,,,,
CLIENT_X.sa,Essential cookies,CLIENT_X - Kingdom of Saudi Arabia,HTTP Cookie,bench_new_T3_126873,,,,,Existing CM Trackers-Not Found,,,,,
www.CLIENT_X.com.kw,Essential cookies,CLIENT_X - Kuwait,HTTP Cookie,bench_new_T3_126479,,365,TRUE,https://www.CLIENT_X.com.kw/ar/c-m-so/media-players/latest,Existing CM Trackers-Found,,,,,
ad.doubleclick.net,Targeted Advertising cookies (including social media),Google Advertising Products,Beacon,bench_new_T3_126651,,,TRUE,,Existing CM Trackers-Found,,,,,
script.hotjar.com,Targeted Advertising cookies (including social media),Hotjar,ETag,bench_new_T3_127671,,,,,Existing CM Trackers-Not Found,,,,,
www.crsc.CLIENT_X.com,Targeted Advertising cookies (including social media),Koninklijke CLIENT_X N.V.,ETag,bench_new_T3_127254,,,TRUE,https://www.CLIENT_X.ae/c-e/au/motorcycle-lights/moto-selector-tool.html,Existing CM Trackers-Found,,,,,
versuni.scene7.com,Performance cookies,Adobe Experience Cloud - Experience Manager,JavaScript,bench_new_T3_126892,,,TRUE,https://www.CLIENT_X.ae/c-f/XC000021357/how-to-create-and-manage-maps-in-my-CLIENT_X-homerun-app,Existing CM Trackers-Found,,,,,
CLIENT_X.ae,Essential cookies,CLIENT_X - Middle East Arab,HTTP Cookie,bench_new_T3_127807,,90,,https://www.CLIENT_X.ae/,New First Party Trackers,,,,,
www.CLIENT_X.ae,Performance cookies,CLIENT_X - Middle East Arab,HTTP Cookie,bench_new_T3_127516,,session,TRUE,https://www.CLIENT_X.ae/c-m-ho/cooking/toaster/latest,Existing CM Trackers-Found,,,,,
www.lighting.CLIENT_X.com,Performance cookies,Signify (formerly CLIENT_X Lighting),JavaScript,bench_new_T3_127678,,,,,Existing CM Trackers-Not Found,,,,,
www.CLIENT_X.com.qa,Essential cookies,CLIENT_X - Qatar,HTTP Cookie,bench_new_T3_126912,,0,,https://www.CLIENT_X.com.qa/,New First Party Trackers,,,,,
lighting.CLIENT_X.sa,Performance cookies,Signify (formerly CLIENT_X Lighting),HTTP Cookie,bench_new_T3_126536,,,,,Existing CM Trackers-Not Found,,,,,
www.CLIENT_X.com.kw,Essential cookies,CLIENT_X - Kuwait,HTTP Cookie,bench_new_T3_127281,,365,TRUE,https://www.CLIENT_X.com.kw/ar/c-m-so/media-players/latest,Existing CM Trackers-Found,,,,,
CLIENT_X.com.qa,Essential cookies,CLIENT_X - Qatar,HTTP Cookie,bench_new_T3_127882,,session,TRUE,https://www.CLIENT_X.com.qa/,Existing CM Trackers-Found,,,,,
demdex.net,Targeted Advertising cookies (including social media),"Adobe Audience Manager, Adobe Experience Cloud",HTTP Cookie,bench_new_T3_127162,,,,,Existing CM Trackers-Not Found,,,,,
www.CLIENT_X.jo,Performance cookies,,HTTP Cookie,bench_new_T3_127420,,,,,Existing CM Trackers-Not Found,,,,,
www.lighting.CLIENT_X.com.eg,Essential cookies (exempt from consent),Signify (formerly CLIENT_X Lighting),HTTP Cookie,s_mc,,0,TRUE,https://www.CLIENT_X.ae/,Existing CM Trackers-Found,,,,,
www.CLIENT_X.ae,Essential cookies,CLIENT_X - Middle East Arab,HTTP Cookie,bench_new_T3_127227,,365,TRUE,https://www.CLIENT_X.ae/c-m-ho/cooking/toaster/latest,Existing CM Trackers-Found,,,,,
CLIENT_X.sa,Essential cookies,CLIENT_X - Kingdom of Saudi Arabia,HTTP Cookie,bench_new_T3_127715,,session,TRUE,https://www.CLIENT_X.sa/,Existing CM Trackers-Found,,,,,
koninklijkeCLIENT_Xnvproduction2k8xfrmr.analytics.org.coveo.com,Performance cookies,Coveo Solutions Inc.,Beacon,bench_new_T3_127557,,,,,New Third Party Trackers,,,,,
stg.CLIENT_X.com.kw,Essential cookies,CLIENT_X - Kuwait,HTTP Cookie,bench_new_T3_127391,,,,,Existing CM Trackers-Not Found,,,,,
CLIENT_X.sa,Essential cookies,CLIENT_X - Kingdom of Saudi Arabia,HTTP Cookie,bench_new_T3_127111,,0,TRUE,https://www.CLIENT_X.sa/,Existing CM Trackers-Found,,,,,
consent-pref.trustarc.com,Essential cookies,TrustArc,Local Storage,bench_new_T3_126887,,,TRUE,https://www.CLIENT_X.com.kw/,Existing CM Trackers-Found,,,,,
CLIENT_X.com,Essential cookies,Koninklijke CLIENT_X N.V.,HTTP Cookie,_ga_failed_lookup_marker_79_442,,,,,Existing CM Trackers-Not Found,,,,,
www.CLIENT_X.ae,Essential cookies,CLIENT_X - Middle East Arab,HTTP Cookie,bench_new_T3_126854,,365,TRUE,https://www.CLIENT_X.ae/c-m-ho/cooking/toaster/latest,Existing CM Trackers-Found,,,,,
acc.CLIENT_X.sa,Essential cookies,CLIENT_X - Kingdom of Saudi Arabia,JavaScript,_ga_failed_lookup_marker_79_444,,,,,Existing CM Trackers-Not Found,,,,,
www.CLIENT_X.com.qa,Performance cookies,,HTTP Cookie,bench_new_T3_127233,,,,,Existing CM Trackers-Not Found,,,,,
www.CLIENT_X.ae,Essential cookies,CLIENT_X - Middle East Arab,JavaScript,bench_new_T3_127664,,,TRUE,http://www.CLIENT_X.ae/,Existing CM Trackers-Found,,,,,
CLIENT_X.ae,Performance cookies,CLIENT_X - Middle East Arab,HTTP Cookie,bench_new_T3_127760,,session,TRUE,https://www.CLIENT_X.ae/,Existing CM Trackers-Found,,,,,
CLIENT_X.com.kw,Essential cookies,CLIENT_X - Kuwait,HTTP Cookie,bench_new_T3_127352,,session,TRUE,https://www.CLIENT_X.com.kw/,Existing CM Trackers-Found,,,,,
www.CLIENT_X.jo,Essential cookies,CLIENT_X - Jordan,HTTP Cookie,bench_new_T3_126786,,0,,http://www.CLIENT_X.jo/,New First Party Trackers,,,,,
CLIENT_X.com.qa,Essential cookies,CLIENT_X - Qatar,HTTP Cookie,bench_new_T3_127447,,,,,Existing CM Trackers-Not Found,,,,,
CLIENT_X.sa,Essential cookies,CLIENT_X - Kingdom of Saudi Arabia,HTTP Cookie,_ga_failed_lookup_marker_79_451,,0,TRUE,https://www.CLIENT_X.sa/,Existing CM Trackers-Found,,,,,
CLIENT_X.pt,Essential cookies (exempt from consent),CLIENT_X - Portugal,HTTP Cookie,_tt_enable_cookie,,1,TRUE,https://www.CLIENT_X.jo/c-e/ho/homeid-app.html,Existing CM Trackers-Found,,,,,
www.store-CLIENT_X.tw,Essential cookies (exempt from consent),CLIENT_X Store - Taiwan,HTTP Cookie,_cft_uid,,,,,New Third Party Trackers,,,,,
assets.adobedtm.com,Performance cookies,Adobe Inc.,ETag,bench_new_T3_127443,,,,,Existing CM Trackers-Not Found,,,,,
CLIENT_X.com.qa,Performance cookies,CLIENT_X - Qatar,HTTP Cookie,bench_new_T3_127094,,session,TRUE,https://www.CLIENT_X.com.qa/,Existing CM Trackers-Found,,,,,
CLIENT_Xb2c.lightning.force.com,Essential cookies,"Salesforce.com, Inc.",HTTP Cookie,bench_new_T3_126472,,365,TRUE,https://www.CLIENT_X.ae/c-f/XC000019471/CLIENT_X-one-battery-replacement-instructions,Existing CM Trackers-Found,,,,,
www.CLIENT_X.ae,Essential cookies,CLIENT_X - Middle East Arab,Beacon,_ga_failed_lookup_marker_79_457,,,TRUE,,Existing CM Trackers-Found,,,,,
www.accounts.CLIENT_X.com,Essential cookies,Koninklijke CLIENT_X N.V.,JavaScript,_ga_failed_lookup_marker_79_458,,,,,Existing CM Trackers-Not Found,,,,,
www.CLIENT_X.com.qa,Essential cookies,CLIENT_X - Qatar,HTTP Cookie,bench_new_T3_127062,,365,TRUE,https://www.CLIENT_X.com.qa/,Existing CM Trackers-Found,,,,,
www.google.com,Essential cookies,Google Inc.,HTTP Cookie,bench_new_T3_127638,,180,TRUE,https://www.CLIENT_X.jo/healthcare/innovation/research-and-exploration,Existing CM Trackers-Found,,,,,
www.CLIENT_X.jo,Essential cookies,CLIENT_X - Jordan,HTTP Cookie,bench_new_T3_126481,,0,TRUE,http://www.CLIENT_X.jo/,Existing CM Trackers-Found,,,,,
www.CLIENT_X.com.qa,Essential cookies,CLIENT_X - Qatar,HTTP Cookie,bench_new_T3_127623,,365,TRUE,https://www.CLIENT_X.com.qa/,Existing CM Trackers-Found,,,,,
CLIENT_Xtest.scene7.com,Performance cookies,Adobe Experience Cloud - Experience Manager,JavaScript,bench_new_T3_127187,,,,,Existing CM Trackers-Not Found,,,,,
static.cloud.coveo.com,Targeted Advertising Cookies (including social media) [Requires consent],Coveo Solutions Inc.,JavaScript,-,,bench_update_duration,,https://www.CLIENT_X.jo/en/c-f/XC000021443/my-CLIENT_X-fan-makes-an-unusual-noise-when-oscillating,New Third Party Trackers,,,,,
www.CLIENT_X.com.kw,Performance cookies,,HTTP Cookie,_ga_failed_lookup_marker_79_465,,,,https://www.CLIENT_X.com.kw/,Existing CM Trackers-Found,,,,,
www.CLIENT_X.com.qa,Essential cookies,,HTTP Cookie,bench_new_T3_126945,,,,,Existing CM Trackers-Not Found,,,,,
CLIENT_X.com.qa,Essential cookies,CLIENT_X - Qatar,HTTP Cookie,bench_new_T3_126781,,,,,Existing CM Trackers-Not Found,,,,,
CLIENT_X.ae,Essential cookies,CLIENT_X - Middle East Arab,HTTP Cookie,bench_new_T3_127779,,,,,Existing CM Trackers-Not Found,,,,,
CLIENT_X.ae,Essential cookies,CLIENT_X - Middle East Arab,HTTP Cookie,bench_new_T3_126747,,session,TRUE,https://www.CLIENT_X.ae/,Existing CM Trackers-Found,,,,,
www.CLIENT_X.sa,Essential cookies,,HTTP Cookie,bench_new_T3_127809,,,,,Existing CM Trackers-Not Found,,,,,
static.iadvize.com,Performance cookies,iAdvize,ETag,bench_new_T3_127463,,,,,Existing CM Trackers-Not Found,,,,,
tools.eurolandir.com,Performance cookies,Euroland,ETag,bench_new_T3_127387,,,,,Existing CM Trackers-Not Found,,,,,
www.CLIENT_X.ae,Essential cookies,CLIENT_X - Middle East Arab,HTTP Cookie,bench_new_T3_127599,,400,TRUE,https://www.CLIENT_X.ae/c-m-ho/cooking/toaster/latest,Existing CM Trackers-Found,,,,,
agent-versuni.mindtouch.us,Performance cookies,MindTouch,HTTP Cookie,bench_new_T3_127298,,session,,https://www.CLIENT_X.jo/en/c-f/XC000021443/my-CLIENT_X-fan-makes-an-unusual-noise-when-oscillating,New Third Party Trackers,,,,,
CLIENT_Xb2c.my.salesforce.com,Essential cookies,"Salesforce.com, Inc.",HTTP Cookie,bench_new_T3_126883,,365,TRUE,https://www.CLIENT_X.ae/c-f/XC000019471/CLIENT_X-one-battery-replacement-instructions,Existing CM Trackers-Found,,,,,
CLIENT_Xlighting.d3.sc.omtrdc.net,Performance cookies,"Adobe Audience Manager, Adobe Experience Cloud",JavaScript,bench_new_T3_127073,,,,,Existing CM Trackers-Not Found,,,,,
www.CLIENT_X.ae,Essential cookies,CLIENT_X - Middle East Arab,HTTP Cookie,bench_new_T3_126917,,session,TRUE,https://www.CLIENT_X.ae/c-m-ho/cooking/toaster/latest,Existing CM Trackers-Found,,,,,
www.CLIENT_X.jo,Performance cookies,,HTTP Cookie,bench_new_T3_126595,,,,,Existing CM Trackers-Not Found,,,,,
CLIENT_X.com.qa,Essential cookies,CLIENT_X - Qatar,HTTP Cookie,bench_new_T3_127219,,365,TRUE,https://www.CLIENT_X.com.qa/,Existing CM Trackers-Found,,,,,
CLIENT_X.jo,Essential cookies,CLIENT_X - Jordan,HTTP Cookie,bench_new_T3_127299,,,,,Existing CM Trackers-Not Found,,,,,
CLIENT_Xb2c--b2cuat.sandbox.my.site.com,Performance cookies,"Salesforce.com, Inc.",ETag,_ga_failed_lookup_marker_79_481,,,,,Existing CM Trackers-Not Found,,,,,
sc-static.net,Targeted Advertising cookies (including social media),Snap Inc.,HTTP Cookie,bench_new_T3_127429,,0,TRUE,https://www.CLIENT_X.jo/c-e/ho/homeid-app.html,Existing CM Trackers-Found,,,,,
www.google.com,Targeted Advertising cookies (including social media),Google Inc.,Beacon,_ga_failed_lookup_marker_79_483,,,TRUE,,Existing CM Trackers-Found,,,,,
www.CLIENT_X.no,Essential cookies (exempt from consent),CLIENT_X - Norway,HTTP Cookie,kampyleSessionPageCounter,,,,,Existing CM Trackers-Not Found,,,,,
CLIENT_X.ae,Performance cookies,CLIENT_X - Middle East Arab,HTTP Cookie,bench_new_T3_127147,,,,https://www.CLIENT_X.ae/,Existing CM Trackers-Found,,,,,
www.CLIENT_X.jo,Essential cookies,CLIENT_X - Jordan,HTTP Cookie,bench_new_T3_126630,,365,TRUE,http://www.CLIENT_X.jo/,Existing CM Trackers-Found,,,,,
assets.adobedtm.com,Performance cookies,Adobe Inc.,JavaScript,bench_new_T3_126926,,,,,Existing CM Trackers-Not Found,,,,,
www.CLIENT_X.com.qa,Essential cookies,CLIENT_X - Qatar,ETag,bench_new_T3_126576,,,TRUE,http://www.CLIENT_X.com.qa/,Existing CM Trackers-Found,,,,,
CLIENT_X.jo,Essential cookies,CLIENT_X - Jordan,HTTP Cookie,bench_new_T3_127510,,0,TRUE,https://www.CLIENT_X.jo/,Existing CM Trackers-Found,,,,,
www.CLIENT_X.com.kw,Essential cookies,CLIENT_X - Kuwait,HTTP Cookie,bench_new_T3_127511,,0,TRUE,https://www.CLIENT_X.com.kw/ar/c-m-so/media-players/latest,Existing CM Trackers-Found,,,,,
CLIENT_X.ae,Performance cookies,CLIENT_X - Middle East Arab,HTTP Cookie,bench_new_T3_127736,,0,TRUE,https://www.CLIENT_X.ae/,Existing CM Trackers-Found,,,,,
www.CLIENT_X.ae,Essential cookies,CLIENT_X - Middle East Arab,HTTP Cookie,bench_new_T3_126600,,365,TRUE,https://www.CLIENT_X.ae/c-m-ho/cooking/toaster/latest,Existing CM Trackers-Found,,,,,
www.CLIENT_X.ae,Essential cookies,CLIENT_X - Middle East Arab,ETag,bench_new_T3_127920,,,TRUE,http://www.CLIENT_X.ae/,Existing CM Trackers-Found,,,,,
CLIENT_Xb2c.my.site.com,Performance cookies,"Salesforce.com, Inc.",Beacon,bench_new_T3_126416,,,TRUE,,Existing CM Trackers-Found,,,,,
CLIENT_X.jo,Essential cookies,CLIENT_X - Jordan,HTTP Cookie,bench_new_T3_126990,,0,TRUE,https://www.CLIENT_X.jo/,Existing CM Trackers-Found,,,,,
CLIENT_X.com.ph,Essential cookies (exempt from consent),CLIENT_X - Philippines,HTTP Cookie,TAsessionID,,session,TRUE,https://www.CLIENT_X.sa/,Existing CM Trackers-Found,,,,,
CLIENT_X.com.kw,Targeted Advertising cookies (including social media),CLIENT_X - Kuwait,HTTP Cookie,bench_new_T3_126672,,7,TRUE,https://www.CLIENT_X.com.kw/,Existing CM Trackers-Found,,,,,
www.CLIENT_X.jo,Essential cookies,,HTTP Cookie,bench_new_T3_127409,,,,,Existing CM Trackers-Not Found,,,,,
CLIENT_X.sa,Essential cookies,CLIENT_X - Kingdom of Saudi Arabia,HTTP Cookie,bench_new_T3_127727,,90,TRUE,https://www.CLIENT_X.sa/,Existing CM Trackers-Found,,,,,
connect.facebook.net,Targeted Advertising cookies (including social media),Meta (formerly Facebook),Beacon,bench_new_T3_127066,,,TRUE,,Existing CM Trackers-Found,,,,,
CLIENT_Xb2c.my.site.com,Performance cookies,"Salesforce.com, Inc.",ETag,bench_new_T3_127517,,,TRUE,https://www.CLIENT_X.com.qa/c-w/support-home/support-contact-page.html,Existing CM Trackers-Found,,,,,
CLIENT_Xlighting.d3.sc.omtrdc.net,Performance cookies,"Adobe Audience Manager, Adobe Experience Cloud",Beacon,bench_new_T3_126501,,,,,Existing CM Trackers-Not Found,,,,,
CLIENT_X.com.kw,Essential cookies,CLIENT_X - Kuwait,HTTP Cookie,bench_new_T3_126589,,,,,Existing CM Trackers-Not Found,,,,,
lighting.CLIENT_X.sa,Essential cookies,Signify (formerly CLIENT_X Lighting),HTTP Cookie,bench_new_T3_127660,,,,,Existing CM Trackers-Not Found,,,,,
www.CLIENT_X.com.kw,Essential cookies,,HTTP Cookie,bench_new_T3_127114,,,,,Existing CM Trackers-Not Found,,,,,
assets.kampyle.com,Performance cookies,Medallia,ETag,bench_new_T3_127279,,,TRUE,https://www.CLIENT_X.sa/en/a-w/about.html,Existing CM Trackers-Found,,,,,
CLIENT_X.sa,Essential cookies,CLIENT_X - Kingdom of Saudi Arabia,HTTP Cookie,bench_new_T3_127863,,400,TRUE,https://www.CLIENT_X.sa/,Existing CM Trackers-Found,,,,,
www.googleadservices.com,Targeted Advertising cookies (including social media),Google Advertising Products,ETag,bench_new_T3_127460,,,,,Existing CM Trackers-Not Found,,,,,
demdex.net,Targeted Advertising cookies (including social media),"Adobe Audience Manager, Adobe Experience Cloud",HTTP Cookie,bench_new_T3_127622,,,,,Existing CM Trackers-Not Found,,,,,
static.cloud.coveo.com,Targeted Advertising cookies (including social media),Coveo Solutions Inc.,ETag,bench_new_T3_127121,,,TRUE,https://www.CLIENT_X.ae/healthcare/about/support/resource-center/results,Existing CM Trackers-Found,,,,,
tremorhub.com,Targeted Advertising cookies (including social media),"Magnite CTV, Inc.",HTTP Cookie,bench_new_T3_126809,,400,TRUE,https://www.CLIENT_X.jo/a-w/about-CLIENT_X/company-profile.html,Existing CM Trackers-Found,,,,,
www.CLIENT_X.com.qa,Essential cookies,,HTTP Cookie,bench_new_T3_126947,,,,,Existing CM Trackers-Not Found,,,,,
CLIENT_X.sa,Essential cookies,CLIENT_X - Kingdom of Saudi Arabia,HTTP Cookie,_ga_failed_lookup_marker_79_513,,0,TRUE,https://www.CLIENT_X.sa/,Existing CM Trackers-Found,,,,,
CLIENT_X.com.qa,Essential cookies,CLIENT_X - Qatar,HTTP Cookie,_ga_failed_lookup_marker_79_514,,90,,https://www.CLIENT_X.com.qa/,New First Party Trackers,,,,,
CLIENT_X.jo,Essential cookies,CLIENT_X - Jordan,HTTP Cookie,bench_new_T3_127466,,0,TRUE,https://www.CLIENT_X.jo/,Existing CM Trackers-Found,,,,,
pagead2.googlesyndication.com,Targeted Advertising cookies (including social media),Google Advertising Products,Beacon,bench_new_T3_126715,,,,,Existing CM Trackers-Not Found,,,,,
www.CLIENT_X.ae,Essential cookies,CLIENT_X - Middle East Arab,HTTP Cookie,bench_new_T3_126582,,365,TRUE,https://www.CLIENT_X.ae/c-m-ho/cooking/toaster/latest,Existing CM Trackers-Found,,,,,
CLIENT_X.ae,Essential cookies,CLIENT_X - Middle East Arab,HTTP Cookie,bench_new_T3_126736,,0,TRUE,https://www.CLIENT_X.ae/,Existing CM Trackers-Found,,,,,
eloqua.com,Essential cookies,Oracle Marketing,HTTP Cookie,bench_new_T3_127950,,392,TRUE,https://www.CLIENT_X.jo/healthcare,Existing CM Trackers-Found,,,,,
acc.CLIENT_X.com.kw,Essential cookies,CLIENT_X - Kuwait,JavaScript,bench_new_T3_127405,,,,,Existing CM Trackers-Not Found,,,,,
www.CLIENT_X.ae,Essential cookies,CLIENT_X - Middle East Arab,JavaScript,bench_new_T3_126865,,,TRUE,http://www.CLIENT_X.ae/,Existing CM Trackers-Found,,,,,
tag.demandbase.com,Targeted Advertising cookies (including social media),"Demandbase, Inc.",JavaScript,bench_new_T3_127310,,,TRUE,https://www.CLIENT_X.com.qa/a-w/about-CLIENT_X/company-profile/businesses.html,Existing CM Trackers-Found,,,,,
www.CLIENT_X.ae,Essential cookies,CLIENT_X - Middle East Arab,HTTP Cookie,bench_new_T3_127174,,365,TRUE,https://www.CLIENT_X.ae/c-m-ho/cooking/toaster/latest,Existing CM Trackers-Found,,,,,
www.CLIENT_X.com.gh,Essential cookies (exempt from consent),CLIENT_X - Ghana,HTTP Cookie,mdLogger,,bench_update_duration,,,Existing CM Trackers-Not Found,,,,,
CLIENT_X.jo,Essential cookies,CLIENT_X - Jordan,HTTP Cookie,bench_new_T3_126570,,,,,Existing CM Trackers-Not Found,,,,,
CLIENT_X.com.qa,Essential cookies,CLIENT_X - Qatar,HTTP Cookie,bench_new_T3_126820,,393,TRUE,https://www.CLIENT_X.com.qa/,Existing CM Trackers-Found,,,,,
CLIENT_X.ae,Essential cookies,CLIENT_X - Middle East Arab,HTTP Cookie,bench_new_T3_126586,,0,TRUE,https://www.CLIENT_X.ae/,Existing CM Trackers-Found,,,,,
CLIENT_X.ae,Essential cookies,CLIENT_X - Middle East Arab,HTTP Cookie,bench_new_T3_126504,,session,TRUE,https://www.CLIENT_X.ae/,Existing CM Trackers-Found,,,,,
www.CLIENT_X.sa,Essential cookies,CLIENT_X - Kingdom of Saudi Arabia,ETag,bench_new_T3_127734,,,TRUE,http://www.CLIENT_X.sa/,Existing CM Trackers-Found,,,,,
www.CLIENT_X.fr,Essential cookies (exempt from consent),CLIENT_X - France,Local Storage,blank (local storage),,,,,Existing CM Trackers-Not Found,,,,,
CLIENT_X.com.kw,Essential cookies,CLIENT_X - Kuwait,Local Storage,bench_new_T3_126891,,,TRUE,https://www.CLIENT_X.com.kw/c-w/support-home/support-contact-page.html,Existing CM Trackers-Found,,,,,
CLIENT_X.ie,Essential cookies (exempt from consent),CLIENT_X - Ireland,HTTP Cookie,FPID,,bench_update_duration,TRUE,https://www.CLIENT_X.jo/c-e/ho/homeid-app.html,Existing CM Trackers-Found,,,,,
halc.iadvize.com,Performance cookies,iAdvize,JavaScript,_ga_failed_lookup_marker_79_533,,,TRUE,https://www.CLIENT_X.sa/c-e/ho/air-purifier-and-air-humidifier/air-performer-series-8000.html,Existing CM Trackers-Found,,,,,
www.google.com,Essential cookies,Google Inc.,HTTP Cookie,bench_new_T3_127211,,180,TRUE,https://www.CLIENT_X.jo/healthcare/innovation/research-and-exploration,Existing CM Trackers-Found,,,,,
CLIENT_X.ae,Targeted Advertising cookies (including social media),CLIENT_X - Middle East Arab,HTTP Cookie,bench_new_T3_126402,,7,TRUE,https://www.CLIENT_X.ae/,Existing CM Trackers-Found,,,,,
s334834414.t.eloqua.com,Performance cookies,Oracle Marketing,Beacon,bench_new_T3_127546,,,,,New Third Party Trackers,,,,,
www.CLIENT_X.com.kw,Essential cookies,CLIENT_X - Kuwait,Beacon,bench_new_T3_127942,,,TRUE,,Existing CM Trackers-Found,,,,,
CLIENT_X.com.qa,Essential cookies,CLIENT_X - Qatar,HTTP Cookie,bench_new_T3_126594,,393,TRUE,https://www.CLIENT_X.com.qa/,Existing CM Trackers-Found,,,,,
CLIENT_X.jo,Essential cookies,CLIENT_X - Jordan,HTTP Cookie,bench_new_T3_127388,,400,TRUE,https://www.CLIENT_X.jo/,Existing CM Trackers-Found,,,,,
custom.yieldify.com,Targeted Advertising cookies (including social media),Yieldify,JavaScript,bench_new_T3_126851,,,TRUE,http://www.CLIENT_X.ae/,Existing CM Trackers-Found,,,,,
stg.CLIENT_X.sa,Essential cookies,CLIENT_X - Kingdom of Saudi Arabia,ETag,bench_new_T3_127343,,,,,Existing CM Trackers-Not Found,,,,,
CLIENT_X.ae,Essential cookies,CLIENT_X - Middle East Arab,HTTP Cookie,bench_new_T3_127436,,90,TRUE,https://www.CLIENT_X.ae/,Existing CM Trackers-Found,,,,,
tools.eurolandir.com,Performance cookies,Euroland,JavaScript,bench_new_T3_127527,,,,,Existing CM Trackers-Not Found,,,,,
cdn.speedcurve.com,Performance cookies,Speedcurve,JavaScript,bench_new_T3_126800,,,,http://www.CLIENT_X.jo/,New Third Party Trackers,,,,,
www.CLIENT_X.com.kw,Essential cookies,,HTTP Cookie,_ga_failed_lookup_marker_79_545,,,,,Existing CM Trackers-Not Found,,,,,
CLIENT_X.sa,Essential cookies,CLIENT_X - Kingdom of Saudi Arabia,Local Storage,bench_new_T3_126716,,,TRUE,https://www.CLIENT_X.sa/c-w/support-home/support-contact-page.html,Existing CM Trackers-Found,,,,,
versuni.scene7.com,Performance cookies,Adobe Experience Cloud - Experience Manager,ETag,bench_new_T3_127561,,,TRUE,https://www.CLIENT_X.ae/c-f/XC000021994/how-to-clean-the-dust-bucket-and-filter-of-my-CLIENT_X-1000-series-bagless-vacuum-cleaner,Existing CM Trackers-Found,,,,,
www.CLIENT_X.jo,Essential cookies,CLIENT_X - Jordan,HTTP Cookie,bench_new_T3_127791,,365,TRUE,http://www.CLIENT_X.jo/,Existing CM Trackers-Found,,,,,
www.CLIENT_X.com.kw,Essential cookies,CLIENT_X - Kuwait,HTTP Cookie,bench_new_T3_127025,,365,TRUE,https://www.CLIENT_X.com.kw/ar/c-m-so/media-players/latest,Existing CM Trackers-Found,,,,,
CLIENT_X.sa,Essential cookies,CLIENT_X - Kingdom of Saudi Arabia,HTTP Cookie,bench_new_T3_127300,,400,TRUE,https://www.CLIENT_X.sa/,Existing CM Trackers-Found,,,,,
labs.iadvize.com,Performance cookies,iAdvize,ETag,bench_new_T3_127738,,,TRUE,https://www.CLIENT_X.sa/c-e/ho/air-purifier-and-air-humidifier/air-performer-series-8000.html,Existing CM Trackers-Found,,,,,
CLIENT_X.com.kw,Targeted Advertising cookies (including social media),CLIENT_X - Kuwait,HTTP Cookie,bench_new_T3_127866,,7,TRUE,https://www.CLIENT_X.com.kw/,Existing CM Trackers-Found,,,,,
td.yieldify.com,Targeted Advertising cookies (including social media),Yieldify,ETag,bench_new_T3_126742,,,TRUE,http://www.CLIENT_X.ae/,Existing CM Trackers-Found,,,,,
www.CLIENT_X.rs,Essential cookies (exempt from consent),CLIENT_X - Serbia,HTTP Cookie,p-gc35,,bench_update_duration,,,Existing CM Trackers-Not Found,,,,,
CLIENT_X.com.cn,Essential cookies (exempt from consent),CLIENT_X - China,HTTP Cookie,s_ugv,,bench_update_duration,TRUE,https://www.CLIENT_X.com.qa/,Existing CM Trackers-Found,,,,,
CLIENT_Xb2c.my.salesforce.com,Essential cookies,"Salesforce.com, Inc.",HTTP Cookie,_ga_failed_lookup_marker_79_556,,365,TRUE,https://www.CLIENT_X.ae/c-f/XC000019471/CLIENT_X-one-battery-replacement-instructions,Existing CM Trackers-Found,,,,,
www.CLIENT_X.ae,Essential cookies,CLIENT_X - Middle East Arab,HTTP Cookie,bench_new_T3_127537,,365,TRUE,https://www.CLIENT_X.ae/c-m-ho/cooking/toaster/latest,Existing CM Trackers-Found,,,,,
CLIENT_X.ae,Essential cookies,CLIENT_X - Middle East Arab,HTTP Cookie,bench_new_T3_127846,,session,TRUE,https://www.CLIENT_X.ae/,Existing CM Trackers-Found,,,,,
sc-static.net,Targeted Advertising cookies (including social media),Snap Inc.,ETag,bench_new_T3_126782,,,TRUE,https://www.CLIENT_X.sa/c-e/ho/cooking/all-in-one-cooker-3000.html,Existing CM Trackers-Found,,,,,
CLIENT_X.com.gh,Essential cookies (exempt from consent),CLIENT_X - Ghana,HTTP Cookie,s_cm_direct,,,,,Existing CM Trackers-Not Found,,,,,
cdn.jsdelivr.net,Performance cookies,Volentio JSD Limited,ETag,bench_new_T3_126998,,,,,Existing CM Trackers-Not Found,,,,,
www.CLIENT_X.com.qa,Essential cookies,CLIENT_X - Qatar,HTTP Cookie,_ga_failed_lookup_marker_79_562,,365,TRUE,https://www.CLIENT_X.com.qa/,Existing CM Trackers-Found,,,,,
CLIENT_X.co.uk,Essential cookies (exempt from consent),CLIENT_X - United Kingdom,HTTP Cookie,internalUserCheck,,,,https://www.CLIENT_X.ae/c-t/XC000006201/my-CLIENT_X-toaster-smells-during-first-time-use,New Third Party Trackers,,,,,
CLIENT_X.com.qa,Performance cookies,CLIENT_X - Qatar,HTTP Cookie,bench_new_T3_126633,,session,TRUE,https://www.CLIENT_X.com.qa/,Existing CM Trackers-Found,,,,,
CLIENT_X.jo,Performance cookies,CLIENT_X - Jordan,HTTP Cookie,bench_new_T3_127020,,session,TRUE,https://www.CLIENT_X.jo/,Existing CM Trackers-Found,,,,,
www.CLIENT_X.sa,Essential cookies,CLIENT_X - Kingdom of Saudi Arabia,JavaScript,bench_new_T3_126889,,,TRUE,http://www.CLIENT_X.sa/,Existing CM Trackers-Found,,,,,
youtube.com,Targeted Advertising cookies (including social media),Google Advertising Products,HTTP Cookie,bench_new_T3_127282,,180,TRUE,https://www.CLIENT_X.jo/,Existing CM Trackers-Found,,,,,
CLIENT_X.ae,Essential cookies,CLIENT_X - Middle East Arab,HTTP Cookie,bench_new_T3_127478,,365,TRUE,https://www.CLIENT_X.ae/,Existing CM Trackers-Found,,,,,
CLIENT_X.com.kw,Essential cookies,CLIENT_X - Kuwait,Local Storage,bench_new_T3_127070,,,TRUE,https://www.CLIENT_X.com.kw/c-w/support-home/support-contact-page.html,Existing CM Trackers-Found,,,,,
CLIENT_X.com.kw,Essential cookies,CLIENT_X - Kuwait,HTTP Cookie,bench_new_T3_127418,,0,TRUE,https://www.CLIENT_X.com.kw/,Existing CM Trackers-Found,,,,,
ct.pinterest.com,Targeted Advertising cookies (including social media),Pinterest,ETag,_ga_failed_lookup_marker_79_571,,,,http://www.CLIENT_X.ae/,New Third Party Trackers,,,,,
stg.CLIENT_X.sa,Essential cookies,CLIENT_X - Kingdom of Saudi Arabia,HTTP Cookie,bench_new_T3_126440,,,,,Existing CM Trackers-Not Found,,,,,
salesforce.com,Essential cookies,"Salesforce.com, Inc.",HTTP Cookie,bench_new_T3_127480,,365,TRUE,https://www.CLIENT_X.ae/c-f/XC000019471/CLIENT_X-one-battery-replacement-instructions,Existing CM Trackers-Found,,,,,
www.CLIENT_X.sa,Essential cookies,,HTTP Cookie,bench_new_T3_126973,,,,,Existing CM Trackers-Not Found,,,,,
www.CLIENT_X.sa,Essential cookies,CLIENT_X - Kingdom of Saudi Arabia,HTTP Cookie,bench_new_T3_127705,,0,TRUE,https://www.CLIENT_X.sa/c-m-ho/cooking/toaster/latest,Existing CM Trackers-Found,,,,,
ad.doubleclick.net,Targeted Advertising cookies (including social media),Google Advertising Products,Beacon,bench_new_T3_127001,,,TRUE,,Existing CM Trackers-Found,,,,,
CLIENT_X.ae,Essential cookies,CLIENT_X - Middle East Arab,HTTP Cookie,bench_new_T3_126790,,365,,https://www.CLIENT_X.ae/,New First Party Trackers,,,,,
CLIENT_X.ae,Essential cookies,CLIENT_X - Middle East Arab,HTTP Cookie,bench_new_T3_126837,,90,,https://www.CLIENT_X.ae/,New First Party Trackers,,,,,
www.googleadservices.com,Targeted Advertising cookies (including social media),Google Advertising Products,JavaScript,bench_new_T3_126862,,,,,Existing CM Trackers-Not Found,,,,,
m.holmesmind.com,Performance Cookies [Requires consent],DoubleMax Technology,ETag,-,,bench_update_duration,TRUE,http://www.CLIENT_X.sa/,Existing CM Trackers-Found,,,,,
stats.g.doubleclick.net,Targeted Advertising cookies (including social media),Google Advertising Products,Beacon,bench_new_T3_127852,,,TRUE,,Existing CM Trackers-Found,,,,,
CLIENT_X.112.2o7.net,Performance cookies,"Adobe Audience Manager, Adobe Experience Cloud",Beacon,_ga_failed_lookup_marker_79_582,,,TRUE,http://www.CLIENT_X.sa/,Existing CM Trackers-Found,,,,,
youtube.com,Targeted Advertising cookies (including social media),Google Advertising Products,HTTP Cookie,bench_new_T3_126785,,180,TRUE,https://www.CLIENT_X.jo/,Existing CM Trackers-Found,,,,,
www.CLIENT_X.ae,Essential cookies,CLIENT_X - Middle East Arab,HTTP Cookie,bench_new_T3_127886,,0,TRUE,https://www.CLIENT_X.ae/c-m-ho/cooking/toaster/latest,Existing CM Trackers-Found,,,,,
www.google.com,Targeted Advertising cookies (including social media),Google Inc.,JavaScript,bench_new_T3_126847,,,TRUE,https://www.CLIENT_X.sa/c-m-ho/cooking/toaster/latest,Existing CM Trackers-Found,,,,,
CLIENT_X.ae,Essential cookies,CLIENT_X - Middle East Arab,HTTP Cookie,bench_new_T3_126531,,,,,Existing CM Trackers-Not Found,,,,,
CLIENT_X.com.kw,Essential cookies,CLIENT_X - Kuwait,HTTP Cookie,bench_new_T3_127730,,,,,Existing CM Trackers-Not Found,,,,,
CLIENT_X.sa,Performance cookies,CLIENT_X - Kingdom of Saudi Arabia,HTTP Cookie,bench_new_T3_126810,,session,TRUE,https://www.CLIENT_X.sa/,Existing CM Trackers-Found,,,,,
www.CLIENT_X.jo,Essential cookies,CLIENT_X - Jordan,HTTP Cookie,bench_new_T3_126617,,365,TRUE,http://www.CLIENT_X.jo/,Existing CM Trackers-Found,,,,,
cdn.speedcurve.com,Performance cookies,Speedcurve,JavaScript,bench_new_T3_127125,,,,http://www.CLIENT_X.jo/,New Third Party Trackers,,,,,
www.supplierinnovation.CLIENT_X.com,Essential cookies (exempt from consent),Koninklijke CLIENT_X N.V.,HTTP Cookie,AWSALB,,bench_update_duration,TRUE,https://www.CLIENT_X.com.qa/,Existing CM Trackers-Found,,,,,
www.CLIENT_X.jo,Essential cookies,CLIENT_X - Jordan,HTTP Cookie,bench_new_T3_127261,,365,TRUE,http://www.CLIENT_X.jo/,Existing CM Trackers-Found,,,,,
CLIENT_Xb2c.file.force.com,Essential cookies,"Salesforce.com, Inc.",HTTP Cookie,bench_new_T3_127427,,365,TRUE,https://www.CLIENT_X.ae/c-f/XC000019471/CLIENT_X-one-battery-replacement-instructions,Existing CM Trackers-Found,,,,,
doubleclick.net,Targeted Advertising cookies (including social media),Google Advertising Products,HTTP Cookie,bench_new_T3_127341,,390,TRUE,https://www.CLIENT_X.jo/,Existing CM Trackers-Found,,,,,
www.lighting.CLIENT_X.ng,Essential cookies (exempt from consent),Signify (formerly CLIENT_X Lighting),HTTP Cookie,s_sid,,bench_update_duration,,,Existing CM Trackers-Not Found,,,,,
CLIENT_Xb2c.my.site.com,Performance cookies,"Salesforce.com, Inc.",Beacon,bench_new_T3_127323,,,TRUE,,Existing CM Trackers-Found,,,,,
CLIENT_X.ae,Essential cookies,CLIENT_X - Middle East Arab,HTTP Cookie,bench_new_T3_127175,,400,,https://www.CLIENT_X.ae/,New First Party Trackers,,,,,
www.CLIENT_X.sa,Essential cookies,,HTTP Cookie,bench_new_T3_127953,,,,,Existing CM Trackers-Not Found,,,,,
CLIENT_X.com.qa,Performance cookies,CLIENT_X - Qatar,HTTP Cookie,bench_new_T3_127757,,0,TRUE,https://www.CLIENT_X.com.qa/,Existing CM Trackers-Found,,,,,
www.CLIENT_X.sa,Essential cookies,CLIENT_X - Kingdom of Saudi Arabia,HTTP Cookie,bench_new_T3_127255,,7,,https://www.CLIENT_X.sa/c-m-ho/cooking/toaster/latest,New First Party Trackers,,,,,
cdn.jsdelivr.net,Performance cookies,Volentio JSD Limited,ETag,bench_new_T3_126552,,,,,Existing CM Trackers-Not Found,,,,,
doubleclick.net,Targeted Advertising cookies (including social media),Google Advertising Products,HTTP Cookie,bench_new_T3_126823,,0,TRUE,https://www.CLIENT_X.jo/,Existing CM Trackers-Found,,,,,
www.googleadservices.com,Targeted Advertising cookies (including social media),Google Advertising Products,JavaScript,bench_new_T3_126506,,,,,Existing CM Trackers-Not Found,,,,,
c.la1-c2-par.salesforceliveagent.com,Performance cookies,"Salesforce.com, Inc.",JavaScript,bench_new_T3_126997,,,,https://www.CLIENT_X.ae/c-t/XC000006201/my-CLIENT_X-toaster-smells-during-first-time-use,New Third Party Trackers,,,,,
CLIENT_X.com.eg,Essential cookies (exempt from consent),CLIENT_X - Egypt,HTTP Cookie,s_cm,,392,TRUE,https://www.CLIENT_X.jo/healthcare,Existing CM Trackers-Found,,,,,
CLIENT_X.com.kw,Essential cookies,CLIENT_X - Kuwait,HTTP Cookie,bench_new_T3_127924,,0,TRUE,https://www.CLIENT_X.com.kw/,Existing CM Trackers-Found,,,,,
www.CLIENT_X.jo,Essential cookies,CLIENT_X - Jordan,HTTP Cookie,bench_new_T3_127778,,365,TRUE,http://www.CLIENT_X.jo/,Existing CM Trackers-Found,,,,,
www.lighting.CLIENT_X.co.za,Essential cookies (exempt from consent),Signify (formerly CLIENT_X Lighting),HTTP Cookie,AWSELBCORS,,0,,http://www.CLIENT_X.ae/,New Third Party Trackers,,,,,
CLIENT_X.com.qa,Targeted Advertising cookies (including social media),CLIENT_X - Qatar,HTTP Cookie,bench_new_T3_127574,,90,TRUE,https://www.CLIENT_X.com.qa/,Existing CM Trackers-Found,,,,,
CLIENT_Xb2c.my.salesforce.com,Essential cookies,"Salesforce.com, Inc.",HTTP Cookie,bench_new_T3_127251,,365,TRUE,https://www.CLIENT_X.ae/c-f/XC000019471/CLIENT_X-one-battery-replacement-instructions,Existing CM Trackers-Found,,,,,
cdn.mouseflow.com,Performance cookies,Mouseflow,JavaScript,bench_new_T3_127912,,,,https://www.CLIENT_X.ae/c-m-pe/hair-removal/lumea-ipl,New Third Party Trackers,,,,,
ct.pinterest.com,Targeted Advertising cookies (including social media),Pinterest,Beacon,bench_new_T3_127163,,,,,New Third Party Trackers,,,,,
CLIENT_X.sa,Essential cookies,CLIENT_X - Kingdom of Saudi Arabia,HTTP Cookie,bench_new_T3_127012,,60,TRUE,https://www.CLIENT_X.sa/,Existing CM Trackers-Found,,,,,
www.CLIENT_X.jo,Essential cookies,,HTTP Cookie,bench_new_T3_126975,,,,,Existing CM Trackers-Not Found,,,,,
www.lighting.CLIENT_X.sa,Essential cookies,Signify (formerly CLIENT_X Lighting),HTTP Cookie,bench_new_T3_127317,,,,,Existing CM Trackers-Not Found,,,,,
CLIENT_X.com.qa,Essential cookies,CLIENT_X - Qatar,HTTP Cookie,bench_new_T3_127752,,365,TRUE,https://www.CLIENT_X.com.qa/,Existing CM Trackers-Found,,,,,
www.CLIENT_X.com.qa,Essential cookies,,HTTP Cookie,bench_new_T3_127095,,,,,Existing CM Trackers-Not Found,,,,,
CLIENT_X.sa,Essential cookies,CLIENT_X - Kingdom of Saudi Arabia,HTTP Cookie,bench_new_T3_126690,,90,TRUE,https://www.CLIENT_X.sa/,Existing CM Trackers-Found,,,,,
demdex.net,Targeted Advertising cookies (including social media),"Adobe Audience Manager, Adobe Experience Cloud",HTTP Cookie,bench_new_T3_126686,,,,,Existing CM Trackers-Not Found,,,,,
casalemedia.com,Targeted Advertising cookies (including social media),Index Exchange Inc.,HTTP Cookie,bench_new_T3_127484,,90,TRUE,https://www.CLIENT_X.jo/a-w/about-CLIENT_X/company-profile.html,Existing CM Trackers-Found,,,,,
CLIENT_X.ae,Essential cookies,CLIENT_X - Middle East Arab,HTTP Cookie,bench_new_T3_127591,,90,TRUE,https://www.CLIENT_X.ae/,Existing CM Trackers-Found,,,,,
www.crsc.lighting.CLIENT_X.com,Performance cookies,Signify (formerly CLIENT_X Lighting),ETag,bench_new_T3_127728,,,,,Existing CM Trackers-Not Found,,,,,
CLIENT_X.com.qa,Essential cookies,CLIENT_X - Qatar,HTTP Cookie,bench_new_T3_126886,,,,,Existing CM Trackers-Not Found,,,,,
CLIENT_X.ae,Performance cookies,CLIENT_X - Middle East Arab,HTTP Cookie,_ga_failed_lookup_marker_79_624,,,,,Existing CM Trackers-Not Found,,,,,
www.CLIENT_X.com.qa,Essential cookies,CLIENT_X - Qatar,HTTP Cookie,_ga_failed_lookup_marker_79_625,,365,TRUE,https://www.CLIENT_X.com.qa/,Existing CM Trackers-Found,,,,,
www.CLIENT_X.jo,Essential cookies,CLIENT_X - Jordan,HTTP Cookie,bench_new_T3_126646,,7,,http://www.CLIENT_X.jo/,New First Party Trackers,,,,,
www.CLIENT_X.ae,Essential cookies,CLIENT_X - Middle East Arab,HTTP Cookie,bench_new_T3_127321,,7,,https://www.CLIENT_X.ae/c-m-ho/cooking/toaster/latest,New First Party Trackers,,,,,
www.CLIENT_X.jo,Essential cookies,CLIENT_X - Jordan,ETag,bench_new_T3_126466,,,TRUE,http://www.CLIENT_X.jo/,Existing CM Trackers-Found,,,,,
CLIENT_Xb2c.lightning.force.com,Essential cookies,"Salesforce.com, Inc.",HTTP Cookie,_ga_failed_lookup_marker_79_629,,365,TRUE,https://www.CLIENT_X.ae/c-f/XC000019471/CLIENT_X-one-battery-replacement-instructions,Existing CM Trackers-Found,,,,,
force.com,Essential cookies,"Salesforce.com, Inc.",HTTP Cookie,bench_new_T3_126751,,365,TRUE,https://www.CLIENT_X.ae/c-f/XC000019471/CLIENT_X-one-battery-replacement-instructions,Existing CM Trackers-Found,,,,,
CLIENT_X.com.kw,Essential cookies,CLIENT_X - Kuwait,HTTP Cookie,bench_new_T3_127475,,400,TRUE,https://www.CLIENT_X.com.kw/,Existing CM Trackers-Found,,,,,
www.CLIENT_X.ca,Essential cookies (exempt from consent),CLIENT_X - Canada,JavaScript,blank (java),,session,TRUE,https://www.CLIENT_X.ae/,Existing CM Trackers-Found,,,,,
CLIENT_X.ae,Essential cookies,CLIENT_X - Middle East Arab,HTTP Cookie,bench_new_T3_127263,,400,TRUE,https://www.CLIENT_X.ae/,Existing CM Trackers-Found,,,,,
casalemedia.com,Targeted Advertising cookies (including social media),Index Exchange Inc.,HTTP Cookie,bench_new_T3_126647,,365,TRUE,https://www.CLIENT_X.jo/a-w/about-CLIENT_X/company-profile.html,Existing CM Trackers-Found,,,,,
CLIENT_X.ae,Essential cookies,CLIENT_X - Middle East Arab,HTTP Cookie,bench_new_T3_126804,,393,TRUE,https://www.CLIENT_X.ae/,Existing CM Trackers-Found,,,,,
CLIENT_Xb2c.file.force.com,Essential cookies,"Salesforce.com, Inc.",HTTP Cookie,bench_new_T3_126401,,365,TRUE,https://www.CLIENT_X.ae/c-f/XC000019471/CLIENT_X-one-battery-replacement-instructions,Existing CM Trackers-Found,,,,,
CLIENT_X.sa,Essential cookies,CLIENT_X - Kingdom of Saudi Arabia,HTTP Cookie,bench_new_T3_126930,,,,,Existing CM Trackers-Not Found,,,,,
adservice.google.com,Targeted Advertising cookies (including social media),Google Advertising Products,Beacon,bench_new_T3_126910,,,TRUE,,Existing CM Trackers-Found,,,,,
www.CLIENT_X.jo,Essential cookies,CLIENT_X - Jordan,HTTP Cookie,bench_new_T3_126696,,365,TRUE,http://www.CLIENT_X.jo/,Existing CM Trackers-Found,,,,,
CLIENT_X.cz,Essential cookies (exempt from consent),CLIENT_X - Czech Republic,HTTP Cookie,TEST_AMCV_COOKIE_WRITE,,bench_update_duration,TRUE,https://www.CLIENT_X.ae/,Existing CM Trackers-Found,,,,,
CLIENT_X.ae,Essential cookies,CLIENT_X - Middle East Arab,HTTP Cookie,bench_new_T3_127692,,400,TRUE,https://www.CLIENT_X.ae/,Existing CM Trackers-Found,,,,,
CLIENT_X.ae,Essential cookies,CLIENT_X - Middle East Arab,HTTP Cookie,bench_new_T3_126488,,0,TRUE,https://www.CLIENT_X.ae/,Existing CM Trackers-Found,,,,,
www.CLIENT_X.ae,Essential cookies,CLIENT_X - Middle East Arab,HTTP Cookie,bench_new_T3_126980,,0,,https://www.CLIENT_X.ae/c-m-ho/cooking/toaster/latest,New First Party Trackers,,,,,
www.CLIENT_X.com.kw,Essential cookies,CLIENT_X - Kuwait,HTTP Cookie,bench_new_T3_127666,,session,TRUE,https://www.CLIENT_X.com.kw/ar/c-m-so/media-players/latest,Existing CM Trackers-Found,,,,,
static.cloud.coveo.com,Targeted Advertising cookies (including social media),Coveo Solutions Inc.,JavaScript,bench_new_T3_127701,,,TRUE,https://www.CLIENT_X.ae/healthcare/about/support/resource-center/results,Existing CM Trackers-Found,,,,,
youtube.com,Targeted Advertising cookies (including social media),Google Advertising Products,HTTP Cookie,bench_new_T3_127825,,180,TRUE,https://www.CLIENT_X.jo/,Existing CM Trackers-Found,,,,,
CLIENT_X.ae,Essential cookies,CLIENT_X - Middle East Arab,HTTP Cookie,bench_new_T3_127999,,0,TRUE,https://www.CLIENT_X.ae/,Existing CM Trackers-Found,,,,,
CLIENT_X.ae,Essential cookies,CLIENT_X - Middle East Arab,HTTP Cookie,bench_new_T3_127291,,session,TRUE,https://www.CLIENT_X.ae/,Existing CM Trackers-Found,,,,,
stg.static.accounts.CLIENT_X.com,Targeted Advertising cookies (including social media),Koninklijke CLIENT_X N.V.,JavaScript,bench_new_T3_127444,,,,,Existing CM Trackers-Not Found,,,,,
stg.CLIENT_X.sa,Essential cookies,CLIENT_X - Kingdom of Saudi Arabia,HTTP Cookie,bench_new_T3_126538,,,,,Existing CM Trackers-Not Found,,,,,
www.CLIENT_X.com.kw,Essential cookies,CLIENT_X - Kuwait,HTTP Cookie,bench_new_T3_126805,,365,TRUE,https://www.CLIENT_X.com.kw/ar/c-m-so/media-players/latest,Existing CM Trackers-Found,,,,,
CLIENT_X.com.kw,Performance cookies,CLIENT_X - Kuwait,HTTP Cookie,bench_new_T3_127411,,session,TRUE,https://www.CLIENT_X.com.kw/,Existing CM Trackers-Found,,,,,
CLIENT_X.com.qa,Essential cookies,CLIENT_X - Qatar,HTTP Cookie,bench_new_T3_127761,,0,TRUE,https://www.CLIENT_X.com.qa/,Existing CM Trackers-Found,,,,,
CLIENT_X.sa,Essential cookies,CLIENT_X - Kingdom of Saudi Arabia,HTTP Cookie,_ga_failed_lookup_marker_79_654,,0,TRUE,https://www.CLIENT_X.sa/,Existing CM Trackers-Found,,,,,
linkedin.com,Targeted Advertising cookies (including social media),LinkedIn,HTTP Cookie,bench_new_T3_127179,,180,TRUE,https://www.CLIENT_X.jo/c-e/ho/homeid-app.html,Existing CM Trackers-Found,,,,,
www.CLIENT_X.com.qa,Essential cookies,,HTTP Cookie,bench_new_T3_127497,,,,,Existing CM Trackers-Not Found,,,,,
www.CLIENT_X.jo,Performance cookies,CLIENT_X - Jordan,HTTP Cookie,bench_new_T3_127972,,session,TRUE,http://www.CLIENT_X.jo/,Existing CM Trackers-Found,,,,,
www.CLIENT_X.com.kw,Essential cookies,CLIENT_X - Kuwait,HTTP Cookie,bench_new_T3_127612,,session,TRUE,https://www.CLIENT_X.com.kw/ar/c-m-so/media-players/latest,Existing CM Trackers-Found,,,,,
CLIENT_X.com.kw,Essential cookies,CLIENT_X - Kuwait,HTTP Cookie,bench_new_T3_127477,,0,TRUE,https://www.CLIENT_X.com.kw/,Existing CM Trackers-Found,,,,,
tr.snapchat.com,Targeted Advertising cookies (including social media),Snap Inc.,Beacon,_ga_failed_lookup_marker_79_660,,,TRUE,,Existing CM Trackers-Found,,,,,
www.CLIENT_X.jo,Essential cookies,,HTTP Cookie,bench_new_T3_126708,,,,,Existing CM Trackers-Not Found,,,,,
stg.CLIENT_X.sa,Essential cookies,CLIENT_X - Kingdom of Saudi Arabia,HTTP Cookie,bench_new_T3_127975,,,,,Existing CM Trackers-Not Found,,,,,
CLIENT_X.ae,Essential cookies,CLIENT_X - Middle East Arab,HTTP Cookie,bench_new_T3_127046,,90,,https://www.CLIENT_X.ae/,New First Party Trackers,,,,,
lighting.CLIENT_X.pt,Essential cookies (exempt from consent),Signify (formerly CLIENT_X Lighting),HTTP Cookie,com.adobe.alloy.getTld,,session,TRUE,https://www.CLIENT_X.sa/c-m-ho/cooking/toaster/latest,Existing CM Trackers-Found,,,,,
CLIENT_X.ae,Performance cookies,CLIENT_X - Middle East Arab,HTTP Cookie,bench_new_T3_127115,,session,TRUE,https://www.CLIENT_X.ae/,Existing CM Trackers-Found,,,,,
www.assets.signify.com,Performance cookies,Signify (formerly CLIENT_X Lighting),ETag,bench_new_T3_127311,,,,,Existing CM Trackers-Not Found,,,,,
pagead2.googlesyndication.com,Targeted Advertising cookies (including social media),Google Advertising Products,Beacon,bench_new_T3_127684,,,,,Existing CM Trackers-Not Found,,,,,
www.CLIENT_X.com.kw,Essential cookies,CLIENT_X - Kuwait,Beacon,bench_new_T3_127399,,,TRUE,,Existing CM Trackers-Found,,,,,
px.ads.linkedin.com,Targeted Advertising cookies (including social media),LinkedIn,JavaScript,bench_new_T3_127061,,,TRUE,https://www.CLIENT_X.ae/c-p/HDA150_62/-,Existing CM Trackers-Found,,,,,
CLIENT_X.jo,Essential cookies,CLIENT_X - Jordan,HTTP Cookie,bench_new_T3_127526,,0,TRUE,https://www.CLIENT_X.jo/,Existing CM Trackers-Found,,,,,
CLIENT_X.com.qa,Targeted Advertising cookies (including social media),CLIENT_X - Qatar,HTTP Cookie,bench_new_T3_127206,,7,TRUE,https://www.CLIENT_X.com.qa/,Existing CM Trackers-Found,,,,,
consent-st.trustarc.com,Essential cookies,TrustArc,JavaScript,bench_new_T3_127015,,,TRUE,http://www.CLIENT_X.com.qa/,Existing CM Trackers-Found,,,,,
CLIENT_X.com.qa,Targeted Advertising cookies (including social media),CLIENT_X - Qatar,HTTP Cookie,bench_new_T3_126825,,90,TRUE,https://www.CLIENT_X.com.qa/,Existing CM Trackers-Found,,,,,
eloqua.com,Targeted Advertising cookies (including social media),Oracle Marketing,HTTP Cookie,bench_new_T3_126835,,392,TRUE,https://www.CLIENT_X.jo/healthcare,Existing CM Trackers-Found,,,,,
www.CLIENT_X.jo,Essential cookies,CLIENT_X - Jordan,HTTP Cookie,bench_new_T3_127018,,0,,http://www.CLIENT_X.jo/,New First Party Trackers,,,,,
CLIENT_X.de,Essential cookies (exempt from consent),CLIENT_X - Germany,HTTP Cookie,_scid_r,,bench_update_duration,TRUE,http://www.CLIENT_X.com.qa/,Existing CM Trackers-Found,,,,,
versuni.scene7.com,Performance cookies,Adobe Experience Cloud - Experience Manager,ETag,bench_new_T3_126955,,,TRUE,https://www.CLIENT_X.ae/c-f/XC000021994/how-to-clean-the-dust-bucket-and-filter-of-my-CLIENT_X-1000-series-bagless-vacuum-cleaner,Existing CM Trackers-Found,,,,,
CLIENT_X.com.qa,Essential cookies,CLIENT_X - Qatar,HTTP Cookie,bench_new_T3_127124,,session,TRUE,https://www.CLIENT_X.com.qa/,Existing CM Trackers-Found,,,,,
www.CLIENT_X.com.kw,Essential cookies (exempt from consent),CLIENT_X - Kuwait,HTTP Cookie,kampyleUserSession,,365,TRUE,https://www.CLIENT_X.com.qa/,Existing CM Trackers-Found,,,,,
CLIENT_X.sa,Essential cookies,CLIENT_X - Kingdom of Saudi Arabia,HTTP Cookie,bench_new_T3_127898,,0,TRUE,https://www.CLIENT_X.sa/,Existing CM Trackers-Found,,,,,
CLIENT_Xb2c--b2cuat.sandbox.my.site.com,Performance cookies,"Salesforce.com, Inc.",ETag,bench_new_T3_127356,,,,,Existing CM Trackers-Not Found,,,,,
CLIENT_X.jo,Essential cookies,CLIENT_X - Jordan,HTTP Cookie,bench_new_T3_127908,,400,TRUE,https://www.CLIENT_X.jo/,Existing CM Trackers-Found,,,,,
consent.truste.com,Essential cookies,TrustArc,JavaScript,bench_new_T3_127264,,,,,Existing CM Trackers-Not Found,,,,,
agent-versuni.mindtouch.us,Performance cookies,MindTouch,HTTP Cookie,bench_new_T3_127414,,400,,https://www.CLIENT_X.jo/en/c-f/XC000021443/my-CLIENT_X-fan-makes-an-unusual-noise-when-oscillating,New Third Party Trackers,,,,,
www.CLIENT_X.jo,Performance cookies,,HTTP Cookie,bench_new_T3_127172,,,,,Existing CM Trackers-Not Found,,,,,
CLIENT_X.com.tr,Essential cookies (exempt from consent),CLIENT_X - Turkey,HTTP Cookie,TEST_AMCV_COOKIE_WRITE,,,TRUE,https://www.CLIENT_X.jo/a-w/about-CLIENT_X/company-profile/company-contacts.html,Existing CM Trackers-Found,,,,,
sc-static.net,Targeted Advertising cookies (including social media),Snap Inc.,JavaScript,bench_new_T3_127621,,,TRUE,https://www.CLIENT_X.sa/c-e/ho/air-purifier-and-air-humidifier/air-performer-series-8000.html,Existing CM Trackers-Found,,,,,
CLIENT_X.com.kw,Essential cookies,CLIENT_X - Kuwait,HTTP Cookie,bench_new_T3_127483,,,,https://www.CLIENT_X.com.kw/,Existing CM Trackers-Found,,,,,
lighting.CLIENT_X.sa,Essential cookies,Signify (formerly CLIENT_X Lighting),HTTP Cookie,_ga_failed_lookup_marker_79_689,,,,,Existing CM Trackers-Not Found,,,,,
www.lighting.CLIENT_X.com,Performance cookies,Signify (formerly CLIENT_X Lighting),ETag,_ga_failed_lookup_marker_79_690,,,,,Existing CM Trackers-Not Found,,,,,
CLIENT_X.jo,Essential cookies,CLIENT_X - Jordan,HTTP Cookie,bench_new_T3_127954,,session,TRUE,https://www.CLIENT_X.jo/,Existing CM Trackers-Found,,,,,
CLIENT_X.com.qa,Essential cookies,CLIENT_X - Qatar,HTTP Cookie,bench_new_T3_127487,,90,,https://www.CLIENT_X.com.qa/,New First Party Trackers,,,,,
www.CLIENT_X.com.kw,Essential cookies,CLIENT_X - Kuwait,ETag,bench_new_T3_126539,,,TRUE,http://www.CLIENT_X.com.kw/,Existing CM Trackers-Found,,,,,
CLIENT_X.com.kw,Essential cookies,CLIENT_X - Kuwait,HTTP Cookie,bench_new_T3_127753,,0,TRUE,https://www.CLIENT_X.com.kw/,Existing CM Trackers-Found,,,,,
ct.pinterest.com,Targeted Advertising cookies (including social media),Pinterest,Beacon,bench_new_T3_126484,,,,,New Third Party Trackers,,,,,
CLIENT_X.com.kw,Essential cookies,CLIENT_X - Kuwait,HTTP Cookie,bench_new_T3_126894,,0,TRUE,https://www.CLIENT_X.com.kw/,Existing CM Trackers-Found,,,,,
CLIENT_X.ae,Essential cookies,CLIENT_X - Middle East Arab,HTTP Cookie,bench_new_T3_127919,,0,TRUE,https://www.CLIENT_X.ae/,Existing CM Trackers-Found,,,,,
CLIENT_X.com.tr,Essential cookies (exempt from consent),CLIENT_X - Turkey,HTTP Cookie,li_cm_prefs_session,,,,,Existing CM Trackers-Not Found,,,,,
www.CLIENT_X.sa,Essential cookies,CLIENT_X - Kingdom of Saudi Arabia,HTTP Cookie,bench_new_T3_127423,,7,,https://www.CLIENT_X.sa/c-m-ho/cooking/toaster/latest,New First Party Trackers,,,,,
www.CLIENT_X.sa,Essential cookies,CLIENT_X - Kingdom of Saudi Arabia,HTTP Cookie,bench_new_T3_126738,,365,TRUE,https://www.CLIENT_X.sa/c-m-ho/cooking/toaster/latest,Existing CM Trackers-Found,,,,,
cdn.jsdelivr.net,Performance cookies,Volentio JSD Limited,ETag,bench_new_T3_126907,,,,,Existing CM Trackers-Not Found,,,,,
cnt.my,Targeted Advertising Cookies (including social media) [Requires consent],Unknown,HTTP Cookie,xcntID,,bench_update_duration,TRUE,https://www.CLIENT_X.jo/c-e/ho/homeid-app.html,Existing CM Trackers-Found,,,,,
CLIENT_X.sa,Essential cookies,CLIENT_X - Kingdom of Saudi Arabia,HTTP Cookie,bench_new_T3_126897,,,,,Existing CM Trackers-Not Found,,,,,
CLIENT_Xtest.scene7.com,Performance cookies,Adobe Experience Cloud - Experience Manager,ETag,bench_new_T3_126413,,,,,Existing CM Trackers-Not Found,,,,,
td.yieldify.com,Targeted Advertising cookies (including social media),Yieldify,ETag,_ga_failed_lookup_marker_79_705,,,TRUE,http://www.CLIENT_X.ae/,Existing CM Trackers-Found,,,,,
region1.google-analytics.com,Performance cookies,Google Inc.,Beacon,bench_new_T3_126773,,,,,Existing CM Trackers-Not Found,,,,,
CLIENT_X.com.kw,Essential cookies,CLIENT_X - Kuwait,HTTP Cookie,bench_new_T3_127319,,393,TRUE,https://www.CLIENT_X.com.kw/,Existing CM Trackers-Found,,,,,
CLIENT_X.com.kw,Essential cookies,CLIENT_X - Kuwait,Local Storage,bench_new_T3_127745,,,TRUE,https://www.CLIENT_X.com.kw/c-w/support-home/support-contact-page.html,Existing CM Trackers-Found,,,,,
www.CLIENT_X.com.kw,Essential cookies,,HTTP Cookie,bench_new_T3_127362,,,,,Existing CM Trackers-Not Found,,,,,
stg.CLIENT_X.sa,Essential cookies,CLIENT_X - Kingdom of Saudi Arabia,JavaScript,bench_new_T3_127048,,,,,Existing CM Trackers-Not Found,,,,,
static.cloud.coveo.com,Targeted Advertising cookies (including social media),Coveo Solutions Inc.,ETag,_ga_failed_lookup_marker_79_711,,,TRUE,https://www.CLIENT_X.ae/healthcare/about/support/resource-center/results,Existing CM Trackers-Found,,,,,
CLIENT_X.com.qa,Essential cookies,CLIENT_X - Qatar,HTTP Cookie,bench_new_T3_127525,,,,,Existing CM Trackers-Not Found,,,,,
CLIENT_X.sa,Performance cookies,CLIENT_X - Kingdom of Saudi Arabia,HTTP Cookie,bench_new_T3_127857,,,,,Existing CM Trackers-Not Found,,,,,
www.assets.signify.com,Performance cookies,Signify (formerly CLIENT_X Lighting),ETag,bench_new_T3_127763,,,,,Existing CM Trackers-Not Found,,,,,
CLIENT_X.com.kw,Essential cookies,CLIENT_X - Kuwait,HTTP Cookie,bench_new_T3_127455,,90,,https://www.CLIENT_X.com.kw/,New First Party Trackers,,,,,
CLIENT_X.ae,Essential cookies,CLIENT_X - Middle East Arab,HTTP Cookie,bench_new_T3_127389,,session,TRUE,https://www.CLIENT_X.ae/,Existing CM Trackers-Found,,,,,
linkedin.com,Targeted Advertising cookies (including social media),LinkedIn,HTTP Cookie,bench_new_T3_127609,,180,TRUE,https://www.CLIENT_X.jo/c-e/ho/homeid-app.html,Existing CM Trackers-Found,,,,,
CLIENT_X.jo,Essential cookies,CLIENT_X - Jordan,HTTP Cookie,bench_new_T3_126722,,0,TRUE,https://www.CLIENT_X.jo/,Existing CM Trackers-Found,,,,,
static.iadvize.com,Performance cookies,iAdvize,ETag,bench_new_T3_127928,,,,,Existing CM Trackers-Not Found,,,,,
consent-pref.trustarc.com,Essential cookies,TrustArc,JavaScript,bench_new_T3_126578,,,TRUE,http://www.CLIENT_X.com.qa/,Existing CM Trackers-Found,,,,,
www.CLIENT_X.hu,Essential cookies (exempt from consent),CLIENT_X - Hungary,HTTP Cookie,RT,,,,,Existing CM Trackers-Not Found,,,,,
cdn.mouseflow.com,Performance cookies,Mouseflow,JavaScript,bench_new_T3_127403,,,,https://www.CLIENT_X.ae/c-m-pe/hair-removal/lumea-ipl,New Third Party Trackers,,,,,
.google.com,Essential cookies (exempt from consent),Google Inc.,HTTP Cookie,AEC,,bench_update_duration,TRUE,https://www.CLIENT_X.ae/,Existing CM Trackers-Found,,,,,
CLIENT_X.be,Essential cookies (exempt from consent),CLIENT_X - Belgium,HTTP Cookie,_tt_enable_cookie,,729,,,Existing CM Trackers-Not Found,,,,,
www.CLIENT_X.com.kw,Essential cookies,CLIENT_X - Kuwait,HTTP Cookie,bench_new_T3_126465,,365,TRUE,https://www.CLIENT_X.com.kw/ar/c-m-so/media-players/latest,Existing CM Trackers-Found,,,,,
doubleclick.net,Targeted Advertising cookies (including social media),Google Advertising Products,HTTP Cookie,bench_new_T3_127669,,390,TRUE,https://www.CLIENT_X.jo/,Existing CM Trackers-Found,,,,,
CLIENT_X.com.kw,Essential cookies,CLIENT_X - Kuwait,HTTP Cookie,bench_new_T3_126428,,400,TRUE,https://www.CLIENT_X.com.kw/,Existing CM Trackers-Found,,,,,
CLIENT_X.com.qa,Essential cookies,CLIENT_X - Qatar,HTTP Cookie,bench_new_T3_127302,,60,TRUE,https://www.CLIENT_X.com.qa/,Existing CM Trackers-Found,,,,,
CLIENT_X.com.qa,Essential cookies,CLIENT_X - Qatar,HTTP Cookie,bench_new_T3_127873,,,,,Existing CM Trackers-Not Found,,,,,
www.CLIENT_X.ae,Essential cookies,CLIENT_X - Middle East Arab,HTTP Cookie,bench_new_T3_127888,,365,TRUE,https://www.CLIENT_X.ae/c-m-ho/cooking/toaster/latest,Existing CM Trackers-Found,,,,,
ad.doubleclick.net,Targeted Advertising cookies (including social media),Google Advertising Products,Beacon,bench_new_T3_127038,,,TRUE,,Existing CM Trackers-Found,,,,,
CLIENT_X.sa,Essential cookies,CLIENT_X - Kingdom of Saudi Arabia,HTTP Cookie,bench_new_T3_127269,,393,TRUE,https://www.CLIENT_X.sa/,Existing CM Trackers-Found,,,,,
CLIENT_Xb2c.my.site.com,Performance cookies,"Salesforce.com, Inc.",ETag,_ga_failed_lookup_marker_79_733,,,TRUE,https://www.CLIENT_X.com.qa/c-w/support-home/support-contact-page.html,Existing CM Trackers-Found,,,,,
stg.accounts.CLIENT_X.com,Targeted Advertising cookies (including social media),Koninklijke CLIENT_X N.V.,ETag,bench_new_T3_127794,,,,,Existing CM Trackers-Not Found,,,,,
CLIENT_X.co.nz,Essential cookies (exempt from consent),CLIENT_X - New Zealand,HTTP Cookie,s_cm,,bench_update_duration,TRUE,https://www.CLIENT_X.ae/,Existing CM Trackers-Found,,,,,
CLIENT_X.com.kw,Essential cookies,CLIENT_X - Kuwait,HTTP Cookie,bench_new_T3_126673,,,,,Existing CM Trackers-Not Found,,,,,
ad.doubleclick.net,Targeted Advertising cookies (including social media),Google Advertising Products,Beacon,bench_new_T3_126549,,,TRUE,,Existing CM Trackers-Found,,,,,
CLIENT_X.jo,Essential cookies,CLIENT_X - Jordan,HTTP Cookie,bench_new_T3_127879,,,,,Existing CM Trackers-Not Found,,,,,
CLIENT_X.ae,Performance cookies,CLIENT_X - Middle East Arab,HTTP Cookie,bench_new_T3_127551,,,,https://www.CLIENT_X.ae/,Existing CM Trackers-Found,,,,,
www.CLIENT_X.jo,Essential cookies,,HTTP Cookie,_ga_failed_lookup_marker_79_740,,,,,Existing CM Trackers-Not Found,,,,,
www.CLIENT_X.sa,Essential cookies,CLIENT_X - Kingdom of Saudi Arabia,HTTP Cookie,bench_new_T3_126628,,0,TRUE,https://www.CLIENT_X.sa/c-m-ho/cooking/toaster/latest,Existing CM Trackers-Found,,,,,
CLIENT_X.jo,Essential cookies,CLIENT_X - Jordan,HTTP Cookie,bench_new_T3_126518,,0,TRUE,https://www.CLIENT_X.jo/,Existing CM Trackers-Found,,,,,
s.pinimg.com,Targeted Advertising cookies (including social media),Pinterest,JavaScript,bench_new_T3_127739,,,,http://www.CLIENT_X.ae/,New Third Party Trackers,,,,,
CLIENT_X.ae,Essential cookies,CLIENT_X - Middle East Arab,HTTP Cookie,bench_new_T3_126895,,0,TRUE,https://www.CLIENT_X.ae/,Existing CM Trackers-Found,,,,,
linkedin.com,Targeted Advertising cookies (including social media),LinkedIn,HTTP Cookie,bench_new_T3_127756,,365,TRUE,https://www.CLIENT_X.jo/c-e/ho/homeid-app.html,Existing CM Trackers-Found,,,,,
CLIENT_X.ie,Essential cookies (exempt from consent),CLIENT_X - Ireland,HTTP Cookie,TEST_AMCV_COOKIE_WRITE,,bench_update_duration,TRUE,https://www.CLIENT_X.com.qa/,Existing CM Trackers-Found,,,,,
youtube.com,Targeted Advertising cookies (including social media),Google Advertising Products,HTTP Cookie,bench_new_T3_127089,,session,TRUE,https://www.CLIENT_X.jo/,Existing CM Trackers-Found,,,,,
CLIENT_X.sa,Essential cookies,CLIENT_X - Kingdom of Saudi Arabia,HTTP Cookie,bench_new_T3_126443,,,,,Existing CM Trackers-Not Found,,,,,
www.lighting.CLIENT_X.se,Essential cookies (exempt from consent),Signify (formerly CLIENT_X Lighting),HTTP Cookie,AWSELBCORS,,bench_update_duration,TRUE,https://www.CLIENT_X.jo/,Existing CM Trackers-Found,,,,,
CLIENT_X.ae,Essential cookies,CLIENT_X - Middle East Arab,HTTP Cookie,bench_new_T3_127365,,400,TRUE,https://www.CLIENT_X.ae/,Existing CM Trackers-Found,,,,,
www.CLIENT_X.sa,Performance cookies,,HTTP Cookie,bench_new_T3_126988,,,,,Existing CM Trackers-Not Found,,,,,
CLIENT_X.co.ke,Essential cookies (exempt from consent),CLIENT_X - Kenya,HTTP Cookie,da_intState,,bench_update_duration,TRUE,https://www.CLIENT_X.com.qa/,Existing CM Trackers-Found,,,,,
i.ytimg.com,Targeted Advertising cookies (including social media),Google Inc.,ETag,bench_new_T3_127582,,,TRUE,https://www.CLIENT_X.sa/c-f/XC000004909/how-do-i-use-the-attachments-of-my-CLIENT_X-epilator,Existing CM Trackers-Found,,,,,
CLIENT_X.ae,Targeted Advertising cookies (including social media),CLIENT_X - Middle East Arab,HTTP Cookie,bench_new_T3_127508,,90,TRUE,https://www.CLIENT_X.ae/,Existing CM Trackers-Found,,,,,
acc.usa.CLIENT_X.com,Essential cookies (exempt from consent),Koninklijke CLIENT_X N.V.,HTTP Cookie,notice_behavior,,365,TRUE,https://www.CLIENT_X.ae/c-m-ho/cooking/toaster/latest,Existing CM Trackers-Found,,,,,
www.CLIENT_X.com.kw,Essential cookies,CLIENT_X - Kuwait,HTTP Cookie,bench_new_T3_126519,,0,,https://www.CLIENT_X.com.kw/ar/c-m-so/media-players/latest,New First Party Trackers,,,,,
www.facebook.com,Targeted Advertising cookies (including social media),Meta (formerly Facebook),Beacon,bench_new_T3_127634,,,TRUE,,Existing CM Trackers-Found,,,,,
recaptcha.net,Performance cookies,Google Inc.,Local Storage,bench_new_T3_126478,,,,,Existing CM Trackers-Not Found,,,,,
www.lighting.CLIENT_X.com.pk,Essential cookies (exempt from consent),Signify (formerly CLIENT_X Lighting),HTTP Cookie,s_mc,,bench_update_duration,TRUE,http://www.CLIENT_X.com.qa/,Existing CM Trackers-Found,,,,,
td.yieldify.com,Targeted Advertising cookies (including social media),Yieldify,ETag,bench_new_T3_127280,,,TRUE,http://www.CLIENT_X.ae/,Existing CM Trackers-Found,,,,,
CLIENT_X.sa,Essential cookies,CLIENT_X - Kingdom of Saudi Arabia,HTTP Cookie,bench_new_T3_126863,,400,TRUE,https://www.CLIENT_X.sa/,Existing CM Trackers-Found,,,,,
www.CLIENT_X.sa,Essential cookies,CLIENT_X - Kingdom of Saudi Arabia,ETag,bench_new_T3_127318,,,TRUE,http://www.CLIENT_X.sa/,Existing CM Trackers-Found,,,,,
www.lighting.CLIENT_X.sa,Essential cookies,Signify (formerly CLIENT_X Lighting),HTTP Cookie,bench_new_T3_127826,,,,,Existing CM Trackers-Not Found,,,,,
www.CLIENT_X.ae,Essential cookies,CLIENT_X - Middle East Arab,HTTP Cookie,bench_new_T3_127948,,365,TRUE,https://www.CLIENT_X.ae/c-m-ho/cooking/toaster/latest,Existing CM Trackers-Found,,,,,
static.hotjar.com,Performance cookies,Hotjar,ETag,bench_new_T3_127452,,,,,Existing CM Trackers-Not Found,,,,,
eloqua.com,Targeted Advertising cookies (including social media),Oracle Marketing,HTTP Cookie,bench_new_T3_126858,,392,TRUE,https://www.CLIENT_X.jo/healthcare,Existing CM Trackers-Found,,,,,
CLIENT_X.jo,Essential cookies,CLIENT_X - Jordan,HTTP Cookie,bench_new_T3_127683,,,,,Existing CM Trackers-Not Found,,,,,
www.CLIENT_X.ae,Essential cookies,CLIENT_X - Middle East Arab,HTTP Cookie,bench_new_T3_127629,,365,TRUE,https://www.CLIENT_X.ae/c-m-ho/cooking/toaster/latest,Existing CM Trackers-Found,,,,,
CLIENT_X.sa,Performance cookies,CLIENT_X - Kingdom of Saudi Arabia,HTTP Cookie,bench_new_T3_127107,,0,TRUE,https://www.CLIENT_X.sa/,Existing CM Trackers-Found,,,,,
CLIENT_X.112.2o7.net,Performance cookies,"Adobe Audience Manager, Adobe Experience Cloud",HTTP Cookie,bench_new_T3_127596,,400,,https://www.CLIENT_X.jo/,New Third Party Trackers,,,,,
www.lighting.CLIENT_X.com,Performance cookies,Signify (formerly CLIENT_X Lighting),JavaScript,bench_new_T3_126755,,,,,Existing CM Trackers-Not Found,,,,,
www.CLIENT_X.sa,Essential cookies,,HTTP Cookie,bench_new_T3_126934,,,,,Existing CM Trackers-Not Found,,,,,
CLIENT_X.com.qa,Essential cookies,CLIENT_X - Qatar,HTTP Cookie,bench_new_T3_127847,,0,TRUE,https://www.CLIENT_X.com.qa/,Existing CM Trackers-Found,,,,,
stg.CLIENT_X.com.kw,Essential cookies,CLIENT_X - Kuwait,JavaScript,bench_new_T3_127303,,,,,Existing CM Trackers-Not Found,,,,,
CLIENT_X.ae,Performance cookies,CLIENT_X - Middle East Arab,HTTP Cookie,_ga_failed_lookup_marker_79_775,,,,,Existing CM Trackers-Not Found,,,,,
analytics-fe.digital-cloud-us-main.medallia.com,Performance cookies,Medallia,Beacon,bench_new_T3_127960,,,,,New Third Party Trackers,,,,,
*.cloudfront.net,Performance cookies,Amazon (Cloudfront),ETag,bench_new_T3_126709,,,,,Existing CM Trackers-Not Found,,,,,
stg.CLIENT_X.com.kw,Performance cookies,CLIENT_X - Kuwait,HTTP Cookie,bench_new_T3_127307,,,,,Existing CM Trackers-Not Found,,,,,
tag.demandbase.com,Targeted Advertising cookies (including social media),"Demandbase, Inc.",JavaScript,bench_new_T3_126923,,,TRUE,https://www.CLIENT_X.com.qa/a-w/about-CLIENT_X/company-profile/businesses.html,Existing CM Trackers-Found,,,,,
CLIENT_X.com.gh,Essential cookies (exempt from consent),CLIENT_X - Ghana,HTTP Cookie,_schn2,,,TRUE,,Existing CM Trackers-Found,,,,,
CLIENT_X.sa,Essential cookies,CLIENT_X - Kingdom of Saudi Arabia,HTTP Cookie,bench_new_T3_126974,,0,TRUE,https://www.CLIENT_X.sa/,Existing CM Trackers-Found,,,,,
www.CLIENT_X.com.kw,Essential cookies,CLIENT_X - Kuwait,HTTP Cookie,bench_new_T3_126866,,365,TRUE,https://www.CLIENT_X.com.kw/ar/c-m-so/media-players/latest,Existing CM Trackers-Found,,,,,
CLIENT_X.co.th,Essential cookies (exempt from consent),CLIENT_X - Thailand,HTTP Cookie,at_check,,,TRUE,http://www.CLIENT_X.ae/,Existing CM Trackers-Found,,,,,
CLIENT_X.com.kw,Essential cookies,CLIENT_X - Kuwait,HTTP Cookie,bench_new_T3_126540,,0,TRUE,https://www.CLIENT_X.com.kw/,Existing CM Trackers-Found,,,,,
w.usabilla.com,Performance cookies,GetFeedback,JavaScript,bench_new_T3_127659,,,,,Existing CM Trackers-Not Found,,,,,
td.yieldify.com,Targeted Advertising cookies (including social media),Yieldify,ETag,bench_new_T3_127145,,,TRUE,http://www.CLIENT_X.ae/,Existing CM Trackers-Found,,,,,
www.CLIENT_X.com.qa,Essential cookies,CLIENT_X - Qatar,HTTP Cookie,bench_new_T3_126983,,1,TRUE,https://www.CLIENT_X.com.qa/,Existing CM Trackers-Found,,,,,
CLIENT_X.ae,Essential cookies,CLIENT_X - Middle East Arab,HTTP Cookie,bench_new_T3_127476,,session,TRUE,https://www.CLIENT_X.ae/,Existing CM Trackers-Found,,,,,
CLIENT_X.sa,Essential cookies,CLIENT_X - Kingdom of Saudi Arabia,HTTP Cookie,_ga_failed_lookup_marker_79_789,,365,TRUE,https://www.CLIENT_X.sa/,Existing CM Trackers-Found,,,,,
CLIENT_X.ca,Essential cookies (exempt from consent),CLIENT_X - Canada,HTTP Cookie,s_nrpv,,7,,https://www.CLIENT_X.sa/c-m-ho/cooking/toaster/latest,New First Party Trackers,,,,,
www.CLIENT_X.sa,Essential cookies,CLIENT_X - Kingdom of Saudi Arabia,HTTP Cookie,bench_new_T3_127410,,7,,https://www.CLIENT_X.sa/c-m-ho/cooking/toaster/latest,New First Party Trackers,,,,,
CLIENT_X.jo,Essential cookies,CLIENT_X - Jordan,HTTP Cookie,bench_new_T3_127780,,90,TRUE,https://www.CLIENT_X.jo/,Existing CM Trackers-Found,,,,,
www.CLIENT_X.ae,Essential cookies,CLIENT_X - Middle East Arab,HTTP Cookie,bench_new_T3_126691,,365,TRUE,https://www.CLIENT_X.ae/c-m-ho/cooking/toaster/latest,Existing CM Trackers-Found,,,,,
CLIENT_X.jo,Essential cookies,CLIENT_X - Jordan,HTTP Cookie,bench_new_T3_126620,,session,TRUE,https://www.CLIENT_X.jo/,Existing CM Trackers-Found,,,,,
CLIENT_X.com.kw,Essential cookies,CLIENT_X - Kuwait,HTTP Cookie,bench_new_T3_127709,,0,TRUE,https://www.CLIENT_X.com.kw/,Existing CM Trackers-Found,,,,,
www.CLIENT_X.ae,Essential cookies,CLIENT_X - Middle East Arab,HTTP Cookie,bench_new_T3_127498,,365,TRUE,https://www.CLIENT_X.ae/c-m-ho/cooking/toaster/latest,Existing CM Trackers-Found,,,,,
www.CLIENT_X.com.kw,Essential cookies,CLIENT_X - Kuwait,HTTP Cookie,bench_new_T3_126963,,365,TRUE,https://www.CLIENT_X.com.kw/ar/c-m-so/media-players/latest,Existing CM Trackers-Found,,,,,
www.CLIENT_X.com.qa,Essential cookies (exempt from consent),CLIENT_X - Qatar,HTTP Cookie,p-hc-specialty,,,TRUE,https://www.CLIENT_X.jo/en/healthcare/product/HCNOCTN281/-,Existing CM Trackers-Found,,,,,
img.youtube.com,Targeted Advertising cookies (including social media),Google Advertising Products,ETag,bench_new_T3_127456,,,TRUE,https://www.CLIENT_X.jo/en/healthcare/product/HCNOCTN281/-,Existing CM Trackers-Found,,,,,
CLIENT_X.com.qa,Essential cookies,CLIENT_X - Qatar,HTTP Cookie,bench_new_T3_126794,,,,,Existing CM Trackers-Not Found,,,,,
www.CLIENT_X.com.kw,Essential cookies,CLIENT_X - Kuwait,HTTP Cookie,bench_new_T3_127532,,365,TRUE,https://www.CLIENT_X.com.kw/ar/c-m-so/media-players/latest,Existing CM Trackers-Found,,,,,
www.CLIENT_X.com.qa,Essential cookies,CLIENT_X - Qatar,HTTP Cookie,bench_new_T3_127120,,6,,https://www.CLIENT_X.com.qa/,New First Party Trackers,,,,,
CLIENT_X.jo,Performance cookies,CLIENT_X - Jordan,HTTP Cookie,bench_new_T3_127086,,,,,Existing CM Trackers-Not Found,,,,,
youtube.com,Targeted Advertising cookies (including social media),Google Advertising Products,HTTP Cookie,bench_new_T3_127762,,180,,https://www.CLIENT_X.jo/,New Third Party Trackers,,,,,
CLIENT_X.com.kw,Essential cookies,CLIENT_X - Kuwait,HTTP Cookie,bench_new_T3_127787,,0,TRUE,https://www.CLIENT_X.com.kw/,Existing CM Trackers-Found,,,,,
force.com,Essential cookies,"Salesforce.com, Inc.",HTTP Cookie,bench_new_T3_126966,,365,TRUE,https://www.CLIENT_X.ae/c-f/XC000019471/CLIENT_X-one-battery-replacement-instructions,Existing CM Trackers-Found,,,,,
CLIENT_X.ae,Essential cookies,CLIENT_X - Middle East Arab,HTTP Cookie,bench_new_T3_126561,,session,TRUE,https://www.CLIENT_X.ae/,Existing CM Trackers-Found,,,,,
CLIENT_X.sa,Essential cookies,CLIENT_X - Kingdom of Saudi Arabia,HTTP Cookie,bench_new_T3_126451,,session,TRUE,https://www.CLIENT_X.sa/,Existing CM Trackers-Found,,,,,
CLIENT_X.sa,Essential cookies,CLIENT_X - Kingdom of Saudi Arabia,HTTP Cookie,_ga_failed_lookup_marker_79_809,,400,TRUE,https://www.CLIENT_X.sa/,Existing CM Trackers-Found,,,,,
img.en25.com,Performance cookies,Oracle Marketing,JavaScript,bench_new_T3_127322,,,,https://www.CLIENT_X.jo/healthcare,New Third Party Trackers,,,,,
www.CLIENT_X.ae,Essential cookies,,HTTP Cookie,_ga_failed_lookup_marker_79_811,,,,,Existing CM Trackers-Not Found,,,,,
CLIENT_X.com.kw,Essential cookies,CLIENT_X - Kuwait,HTTP Cookie,bench_new_T3_127290,,session,TRUE,https://www.CLIENT_X.com.kw/,Existing CM Trackers-Found,,,,,
CLIENT_X.com.qa,Essential cookies,CLIENT_X - Qatar,HTTP Cookie,bench_new_T3_127199,,393,TRUE,https://www.CLIENT_X.com.qa/,Existing CM Trackers-Found,,,,,
www.supurgesepeti.com,Essential cookies (exempt from consent),Supurgesepeti.com,HTTP Cookie,CultureSettings,,bench_update_duration,TRUE,https://www.CLIENT_X.jo/,Existing CM Trackers-Found,,,,,
www.CLIENT_X.ae,Essential cookies,CLIENT_X - Middle East Arab,HTTP Cookie,bench_new_T3_127082,,7,,https://www.CLIENT_X.ae/c-m-ho/cooking/toaster/latest,New First Party Trackers,,,,,
www.CLIENT_X.dk,Essential cookies (exempt from consent),CLIENT_X - Denmark,HTTP Cookie,kampyleUserSessionsCount,,bench_update_duration,,https://www.CLIENT_X.com.kw/ar/c-m-so/media-players/latest,New First Party Trackers,,,,,
CLIENT_X.com.qa,Essential cookies,CLIENT_X - Qatar,HTTP Cookie,bench_new_T3_127155,,90,TRUE,https://www.CLIENT_X.com.qa/,Existing CM Trackers-Found,,,,,
www.CLIENT_X.com.kw,Essential cookies,CLIENT_X - Kuwait,HTTP Cookie,_ga_failed_lookup_marker_79_818,,7,,https://www.CLIENT_X.com.kw/ar/c-m-so/media-players/latest,New First Party Trackers,,,,,
www.CLIENT_X.ae,Essential cookies,,HTTP Cookie,bench_new_T3_127371,,,,,Existing CM Trackers-Not Found,,,,,
CLIENT_X.ae,Essential cookies,CLIENT_X - Middle East Arab,HTTP Cookie,_ga_failed_lookup_marker_79_820,,90,TRUE,https://www.CLIENT_X.ae/,Existing CM Trackers-Found,,,,,
demdex.net,Targeted Advertising cookies (including social media),"Adobe Audience Manager, Adobe Experience Cloud",HTTP Cookie,bench_new_T3_126868,,,,,Existing CM Trackers-Not Found,,,,,
www.assets.signify.com,Performance cookies,Signify (formerly CLIENT_X Lighting),ETag,bench_new_T3_126836,,,,,Existing CM Trackers-Not Found,,,,,
maps.googleapis.com,Targeted Advertising cookies (including social media),Google Inc.,JavaScript,bench_new_T3_127774,,,TRUE,https://www.CLIENT_X.ae/ar/c-w/support-home/service-center-locator.html,Existing CM Trackers-Found,,,,,
CLIENT_Xb2c.file.force.com,Essential cookies,"Salesforce.com, Inc.",HTTP Cookie,bench_new_T3_127331,,365,TRUE,https://www.CLIENT_X.ae/c-f/XC000019471/CLIENT_X-one-battery-replacement-instructions,Existing CM Trackers-Found,,,,,
images.CLIENT_X.com,Essential cookies,Koninklijke CLIENT_X N.V.,ETag,bench_new_T3_127385,,,TRUE,https://www.CLIENT_X.ae/c-p/AIS8540_80/all-in-one-ironing-solutions-all-in-one-8500-series,Existing CM Trackers-Found,,,,,
www.CLIENT_X.com.qa,Essential cookies,CLIENT_X - Qatar,HTTP Cookie,bench_new_T3_127029,,1,TRUE,https://www.CLIENT_X.com.qa/,Existing CM Trackers-Found,,,,,
CLIENT_X.com.kw,Essential cookies,CLIENT_X - Kuwait,HTTP Cookie,bench_new_T3_126437,,60,TRUE,https://www.CLIENT_X.com.kw/,Existing CM Trackers-Found,,,,,
CLIENT_X.com.qa,Essential cookies,CLIENT_X - Qatar,HTTP Cookie,bench_new_T3_127289,,60,TRUE,https://www.CLIENT_X.com.qa/,Existing CM Trackers-Found,,,,,
versuni.scene7.com,Performance cookies,Adobe Experience Cloud - Experience Manager,ETag,bench_new_T3_127017,,,TRUE,https://www.CLIENT_X.ae/c-f/XC000021994/how-to-clean-the-dust-bucket-and-filter-of-my-CLIENT_X-1000-series-bagless-vacuum-cleaner,Existing CM Trackers-Found,,,,,
stg.CLIENT_X.com.kw,Essential cookies,CLIENT_X - Kuwait,HTTP Cookie,_ga_failed_lookup_marker_79_830,,,,,Existing CM Trackers-Not Found,,,,,
CLIENT_X.sa,Essential cookies,CLIENT_X - Kingdom of Saudi Arabia,HTTP Cookie,bench_new_T3_127433,,90,,https://www.CLIENT_X.sa/,New First Party Trackers,,,,,
CLIENT_X.com.kw,Essential cookies,CLIENT_X - Kuwait,HTTP Cookie,bench_new_T3_126434,,session,TRUE,https://www.CLIENT_X.com.kw/,Existing CM Trackers-Found,,,,,
www.CLIENT_X.com.kw,Essential cookies,CLIENT_X - Kuwait,HTTP Cookie,bench_new_T3_127994,,session,TRUE,https://www.CLIENT_X.com.kw/ar/c-m-so/media-players/latest,Existing CM Trackers-Found,,,,,
www.youtube.com,Targeted Advertising cookies (including social media),Google Advertising Products,JavaScript,bench_new_T3_127862,,,TRUE,https://www.CLIENT_X.sa/c-e/CLIENT_X-one.html,Existing CM Trackers-Found,,,,,
CLIENT_X.sa,Essential cookies,CLIENT_X - Kingdom of Saudi Arabia,HTTP Cookie,bench_new_T3_127987,,393,TRUE,https://www.CLIENT_X.sa/,Existing CM Trackers-Found,,,,,
lighting.CLIENT_X.sa,Essential cookies,Signify (formerly CLIENT_X Lighting),HTTP Cookie,bench_new_T3_127646,,,,,Existing CM Trackers-Not Found,,,,,
CLIENT_X.com.qa,Essential cookies,CLIENT_X - Qatar,HTTP Cookie,bench_new_T3_127613,,,,,Existing CM Trackers-Not Found,,,,,
ct.pinterest.com,Targeted Advertising cookies (including social media),Pinterest,ETag,bench_new_T3_126409,,,,http://www.CLIENT_X.ae/,New Third Party Trackers,,,,,
CLIENT_X.com.kw,Essential cookies,CLIENT_X - Kuwait,HTTP Cookie,bench_new_T3_127468,,session,TRUE,https://www.CLIENT_X.com.kw/,Existing CM Trackers-Found,,,,,
CLIENT_X.jo,Essential cookies,CLIENT_X - Jordan,HTTP Cookie,bench_new_T3_126748,,400,TRUE,https://www.CLIENT_X.jo/,Existing CM Trackers-Found,,,,,
CLIENT_X.jo,Performance cookies,CLIENT_X - Jordan,HTTP Cookie,bench_new_T3_126486,,0,TRUE,https://www.CLIENT_X.jo/,Existing CM Trackers-Found,,,,,
www.CLIENT_X.ae,Essential cookies,CLIENT_X - Middle East Arab,ETag,bench_new_T3_126505,,,TRUE,http://www.CLIENT_X.ae/,Existing CM Trackers-Found,,,,,
CLIENT_X.com.hk,Essential cookies (exempt from consent),CLIENT_X - Hong Kong,HTTP Cookie,internalUserCheck,,0,,https://www.CLIENT_X.ae/c-m-ho/cooking/toaster/latest,New First Party Trackers,,,,,
CLIENT_X.sa,Essential cookies,CLIENT_X - Kingdom of Saudi Arabia,HTTP Cookie,bench_new_T3_126888,,,,,Existing CM Trackers-Not Found,,,,,
CLIENT_X.ae,Essential cookies,CLIENT_X - Middle East Arab,HTTP Cookie,bench_new_T3_126425,,,,,Existing CM Trackers-Not Found,,,,,
www.CLIENT_X.ae,Essential cookies,CLIENT_X - Middle East Arab,HTTP Cookie,bench_new_T3_127663,,365,TRUE,https://www.CLIENT_X.ae/c-m-ho/cooking/toaster/latest,Existing CM Trackers-Found,,,,,
www.CLIENT_X.com.tr,Essential cookies (exempt from consent),CLIENT_X - Turkey,HTTP Cookie,ws-active-shop,,bench_update_duration,TRUE,https://www.CLIENT_X.com.kw/,Existing CM Trackers-Found,,,,,
stg.CLIENT_X.com.kw,Essential cookies,CLIENT_X - Kuwait,HTTP Cookie,_ga_failed_lookup_marker_79_848,,,,,Existing CM Trackers-Not Found,,,,,
www.CLIENT_X.ae,Essential cookies,CLIENT_X - Middle East Arab,ETag,bench_new_T3_126545,,,TRUE,http://www.CLIENT_X.ae/,Existing CM Trackers-Found,,,,,
agent-versuni.mindtouch.us,Performance cookies,MindTouch,Beacon,bench_new_T3_126656,,,,,New Third Party Trackers,,,,,
tr.snapchat.com,Targeted Advertising cookies (including social media),Snap Inc.,Beacon,bench_new_T3_127407,,,TRUE,,Existing CM Trackers-Found,,,,,
CLIENT_X.com.kw,Essential cookies,CLIENT_X - Kuwait,HTTP Cookie,bench_new_T3_127625,,0,TRUE,https://www.CLIENT_X.com.kw/,Existing CM Trackers-Found,,,,,
www.CLIENT_X.com.qa,Essential cookies,CLIENT_X - Qatar,HTTP Cookie,bench_new_T3_126414,,365,TRUE,https://www.CLIENT_X.com.qa/,Existing CM Trackers-Found,,,,,
www.CLIENT_X.ae,Essential cookies,CLIENT_X - Middle East Arab,Beacon,_ga_failed_lookup_marker_79_854,,,TRUE,,Existing CM Trackers-Found,,,,,
maps.googleapis.com,Targeted Advertising cookies (including social media),Google Inc.,JavaScript,bench_new_T3_127687,,,TRUE,https://www.CLIENT_X.ae/ar/c-w/support-home/service-center-locator.html,Existing CM Trackers-Found,,,,,
www.CLIENT_X.com.qa,Essential cookies,CLIENT_X - Qatar,ETag,bench_new_T3_126717,,,TRUE,http://www.CLIENT_X.com.qa/,Existing CM Trackers-Found,,,,,
c.la1-c2-par.salesforceliveagent.com,Performance cookies,"Salesforce.com, Inc.",JavaScript,bench_new_T3_126908,,,,https://www.CLIENT_X.ae/c-t/XC000006201/my-CLIENT_X-toaster-smells-during-first-time-use,New Third Party Trackers,,,,,
CLIENT_X.jo,Essential cookies,CLIENT_X - Jordan,HTTP Cookie,bench_new_T3_127958,,session,TRUE,https://www.CLIENT_X.jo/,Existing CM Trackers-Found,,,,,
CLIENT_X.com.kw,Essential cookies,CLIENT_X - Kuwait,HTTP Cookie,bench_new_T3_126991,,400,TRUE,https://www.CLIENT_X.com.kw/,Existing CM Trackers-Found,,,,,
www.CLIENT_X.com.qa,Essential cookies,CLIENT_X - Qatar,HTTP Cookie,bench_new_T3_126491,,365,TRUE,https://www.CLIENT_X.com.qa/,Existing CM Trackers-Found,,,,,
www.centralamerica.CLIENT_X.com,Essential cookies (exempt from consent),Koninklijke CLIENT_X N.V.,HTTP Cookie,liveagent_oref,,bench_update_duration,TRUE,https://www.CLIENT_X.com.qa/,Existing CM Trackers-Found,,,,,
c.amazon-adsystem.com,Targeted Advertising cookies (including social media),Amazon Ads,ETag,_ga_failed_lookup_marker_79_862,,,,,Existing CM Trackers-Not Found,,,,,
versuni.scene7.com,Performance cookies,Adobe Experience Cloud - Experience Manager,JavaScript,bench_new_T3_126483,,,TRUE,https://www.CLIENT_X.ae/c-f/XC000021357/how-to-create-and-manage-maps-in-my-CLIENT_X-homerun-app,Existing CM Trackers-Found,,,,,
CLIENT_Xb2c.my.site.com,Performance cookies,"Salesforce.com, Inc.",JavaScript,bench_new_T3_127132,,,TRUE,https://www.CLIENT_X.com.qa/c-w/support-home/support-contact-page.html,Existing CM Trackers-Found,,,,,
CLIENT_X.com.kw,Essential cookies,CLIENT_X - Kuwait,HTTP Cookie,bench_new_T3_126634,,393,TRUE,https://www.CLIENT_X.com.kw/,Existing CM Trackers-Found,,,,,
CLIENT_X.sa,Essential cookies,CLIENT_X - Kingdom of Saudi Arabia,HTTP Cookie,bench_new_T3_127495,,90,,https://www.CLIENT_X.sa/,New First Party Trackers,,,,,
www.CLIENT_X.be,Essential cookies (exempt from consent),CLIENT_X - Belgium,HTTP Cookie,JSESSIONID,,bench_update_duration,TRUE,http://www.CLIENT_X.com.kw/,Existing CM Trackers-Found,,,,,
CLIENT_X.com.qa,Essential cookies,CLIENT_X - Qatar,HTTP Cookie,bench_new_T3_127802,,90,,https://www.CLIENT_X.com.qa/,New First Party Trackers,,,,,
www.CLIENT_X.jo,Essential cookies,CLIENT_X - Jordan,Beacon,bench_new_T3_127991,,,TRUE,,Existing CM Trackers-Found,,,,,
CLIENT_X.com.qa,Essential cookies,CLIENT_X - Qatar,HTTP Cookie,bench_new_T3_126411,,0,TRUE,https://www.CLIENT_X.com.qa/,Existing CM Trackers-Found,,,,,
CLIENT_X.sa,Essential cookies,CLIENT_X - Kingdom of Saudi Arabia,HTTP Cookie,bench_new_T3_127795,,365,TRUE,https://www.CLIENT_X.sa/,Existing CM Trackers-Found,,,,,
CLIENT_X.com.qa,Essential cookies,CLIENT_X - Qatar,HTTP Cookie,_ga_failed_lookup_marker_79_872,,393,TRUE,https://www.CLIENT_X.com.qa/,Existing CM Trackers-Found,,,,,
CLIENT_X.com.kw,Essential cookies,CLIENT_X - Kuwait,HTTP Cookie,_ga_failed_lookup_marker_79_873,,90,,https://www.CLIENT_X.com.kw/,New First Party Trackers,,,,,
CLIENT_X.sa,Essential cookies,CLIENT_X - Kingdom of Saudi Arabia,HTTP Cookie,bench_new_T3_126971,,365,TRUE,https://www.CLIENT_X.sa/,Existing CM Trackers-Found,,,,,
CLIENT_X.ae,Essential cookies,CLIENT_X - Middle East Arab,HTTP Cookie,_ga_failed_lookup_marker_79_875,,365,TRUE,https://www.CLIENT_X.ae/,Existing CM Trackers-Found,,,,,
lighting.CLIENT_X.sa,Essential cookies,Signify (formerly CLIENT_X Lighting),HTTP Cookie,_ga_failed_lookup_marker_79_876,,,,,Existing CM Trackers-Not Found,,,,,
w.usabilla.com,Performance cookies,GetFeedback,JavaScript,bench_new_T3_127784,,,,,Existing CM Trackers-Not Found,,,,,
CLIENT_X.ae,Essential cookies,CLIENT_X - Middle East Arab,HTTP Cookie,bench_new_T3_126457,,365,,https://www.CLIENT_X.ae/,New First Party Trackers,,,,,
cdn.jsdelivr.net,Performance cookies,Volentio JSD Limited,ETag,bench_new_T3_127294,,,,,Existing CM Trackers-Not Found,,,,,
consent.trustarc.com,Essential cookies,TrustArc,JavaScript,_ga_failed_lookup_marker_79_880,,,TRUE,http://www.CLIENT_X.com.qa/,Existing CM Trackers-Found,,,,,
www.CLIENT_X.com,Performance cookies,,HTTP Cookie,bench_new_T3_126608,,,,,Existing CM Trackers-Not Found,,,,,
i.ytimg.com,Targeted Advertising cookies (including social media),Google Inc.,ETag,bench_new_T3_127789,,,TRUE,https://www.CLIENT_X.sa/c-f/XC000004909/how-do-i-use-the-attachments-of-my-CLIENT_X-epilator,Existing CM Trackers-Found,,,,,
*.cloudfront.net,Performance cookies,Amazon (Cloudfront),ETag,bench_new_T3_127123,,,,,Existing CM Trackers-Not Found,,,,,
www.CLIENT_X.ae,Essential cookies,CLIENT_X - Middle East Arab,HTTP Cookie,bench_new_T3_127930,,session,TRUE,https://www.CLIENT_X.ae/c-m-ho/cooking/toaster/latest,Existing CM Trackers-Found,,,,,
CLIENT_X.ae,Performance cookies,CLIENT_X - Middle East Arab,HTTP Cookie,bench_new_T3_127250,,session,TRUE,https://www.CLIENT_X.ae/,Existing CM Trackers-Found,,,,,
www.lighting.CLIENT_X.sa,Essential cookies,Signify (formerly CLIENT_X Lighting),HTTP Cookie,bench_new_T3_126857,,,,,Existing CM Trackers-Not Found,,,,,
www.CLIENT_X.nl,Essential cookies (exempt from consent),CLIENT_X - Netherlands,HTTP Cookie,kampyleUserSessionsCount,,,,,Existing CM Trackers-Not Found,,,,,
cdn.jsdelivr.net,Performance cookies,Volentio JSD Limited,ETag,bench_new_T3_126838,,,,,Existing CM Trackers-Not Found,,,,,
CLIENT_X.jo,Essential cookies,CLIENT_X - Jordan,HTTP Cookie,_ga_failed_lookup_marker_79_889,,,,,Existing CM Trackers-Not Found,,,,,
CLIENT_X.ae,Performance cookies,CLIENT_X - Middle East Arab,HTTP Cookie,_ga_failed_lookup_marker_79_890,,,,https://www.CLIENT_X.ae/,Existing CM Trackers-Found,,,,,
CLIENT_X.112.2o7.net,Performance cookies,"Adobe Audience Manager, Adobe Experience Cloud",HTTP Cookie,bench_new_T3_127911,,400,,https://www.CLIENT_X.jo/,New Third Party Trackers,,,,,
www.CLIENT_X.ae,Essential cookies,CLIENT_X - Middle East Arab,HTTP Cookie,bench_new_T3_127867,,365,TRUE,https://www.CLIENT_X.ae/c-m-ho/cooking/toaster/latest,Existing CM Trackers-Found,,,,,
CLIENT_Xb2c.my.site.com,Performance cookies,"Salesforce.com, Inc.",ETag,bench_new_T3_127714,,,TRUE,https://www.CLIENT_X.com.qa/c-w/support-home/support-contact-page.html,Existing CM Trackers-Found,,,,,
force.com,Essential cookies,"Salesforce.com, Inc.",HTTP Cookie,_ga_failed_lookup_marker_79_894,,365,TRUE,https://www.CLIENT_X.ae/c-f/XC000019471/CLIENT_X-one-battery-replacement-instructions,Existing CM Trackers-Found,,,,,
stg.CLIENT_X.com.kw,Essential cookies,CLIENT_X - Kuwait,ETag,bench_new_T3_126648,,,,,Existing CM Trackers-Not Found,,,,,
www.CLIENT_X.com.kw,Essential cookies,CLIENT_X - Kuwait,HTTP Cookie,bench_new_T3_127178,,365,TRUE,https://www.CLIENT_X.com.kw/ar/c-m-so/media-players/latest,Existing CM Trackers-Found,,,,,
CLIENT_X.com.kw,Targeted Advertising cookies (including social media),CLIENT_X - Kuwait,HTTP Cookie,bench_new_T3_127626,,7,TRUE,https://www.CLIENT_X.com.kw/,Existing CM Trackers-Found,,,,,
www.CLIENT_X.jo,Essential cookies,,HTTP Cookie,bench_new_T3_127553,,,,,Existing CM Trackers-Not Found,,,,,
www.CLIENT_X.com.qa,Performance cookies,CLIENT_X - Qatar,HTTP Cookie,bench_new_T3_126818,,session,TRUE,https://www.CLIENT_X.com.qa/,Existing CM Trackers-Found,,,,,
www.CLIENT_X.co.uk,Essential cookies (exempt from consent),CLIENT_X - United Kingdom,ETag,blank (etag),,,,https://www.CLIENT_X.ae/c-t/XC000006201/my-CLIENT_X-toaster-smells-during-first-time-use,New Third Party Trackers,,,,,
CLIENT_X.com.qa,Essential cookies,CLIENT_X - Qatar,Local Storage,bench_new_T3_126752,,,TRUE,https://www.CLIENT_X.com.qa/c-w/support-home/support-contact-page.html,Existing CM Trackers-Found,,,,,
CLIENT_X.sa,Essential cookies,CLIENT_X - Kingdom of Saudi Arabia,HTTP Cookie,bench_new_T3_127848,,90,,https://www.CLIENT_X.sa/,New First Party Trackers,,,,,
CLIENT_Xb2c.file.force.com,Essential cookies,"Salesforce.com, Inc.",HTTP Cookie,bench_new_T3_127887,,365,TRUE,https://www.CLIENT_X.ae/c-f/XC000019471/CLIENT_X-one-battery-replacement-instructions,Existing CM Trackers-Found,,,,,
www.CLIENT_X.com.kw,Essential cookies,CLIENT_X - Kuwait,HTTP Cookie,bench_new_T3_127645,,365,TRUE,https://www.CLIENT_X.com.kw/ar/c-m-so/media-players/latest,Existing CM Trackers-Found,,,,,
www.googleadservices.com,Targeted Advertising cookies (including social media),Google Advertising Products,JavaScript,_ga_failed_lookup_marker_79_905,,,,,Existing CM Trackers-Not Found,,,,,
static.hotjar.com,Performance cookies,Hotjar,JavaScript,bench_new_T3_127820,,,,,Existing CM Trackers-Not Found,,,,,
CLIENT_X.ae,Targeted Advertising cookies (including social media),CLIENT_X - Middle East Arab,HTTP Cookie,bench_new_T3_127238,,90,TRUE,https://www.CLIENT_X.ae/,Existing CM Trackers-Found,,,,,
stg.CLIENT_X.com.kw,Essential cookies,CLIENT_X - Kuwait,HTTP Cookie,bench_new_T3_127031,,,,,Existing CM Trackers-Not Found,,,,,
CLIENT_X.sa,Essential cookies,CLIENT_X - Kingdom of Saudi Arabia,HTTP Cookie,bench_new_T3_127967,,400,TRUE,https://www.CLIENT_X.sa/,Existing CM Trackers-Found,,,,,
CLIENT_X.ae,Essential cookies,CLIENT_X - Middle East Arab,HTTP Cookie,_ga_failed_lookup_marker_79_910,,,,,Existing CM Trackers-Not Found,,,,,
CLIENT_X.com.qa,Essential cookies,CLIENT_X - Qatar,HTTP Cookie,bench_new_T3_127336,,365,TRUE,https://www.CLIENT_X.com.qa/,Existing CM Trackers-Found,,,,,
CLIENT_X.ch,Essential cookies (exempt from consent),CLIENT_X - Switzerland,HTTP Cookie,TAsessionID,,bench_update_duration,TRUE,https://www.CLIENT_X.ae/c-f/XC000019471/CLIENT_X-one-battery-replacement-instructions,Existing CM Trackers-Found,,,,,
stg.CLIENT_X.sa,Essential cookies,CLIENT_X - Kingdom of Saudi Arabia,HTTP Cookie,bench_new_T3_127256,,,,,Existing CM Trackers-Not Found,,,,,
www.CLIENT_X.ae,Essential cookies,CLIENT_X - Middle East Arab,HTTP Cookie,bench_new_T3_126962,,365,TRUE,https://www.CLIENT_X.ae/c-m-ho/cooking/toaster/latest,Existing CM Trackers-Found,,,,,
CLIENT_X.com.kw,Performance cookies,CLIENT_X - Kuwait,HTTP Cookie,bench_new_T3_126904,,session,TRUE,https://www.CLIENT_X.com.kw/,Existing CM Trackers-Found,,,,,
www.CLIENT_X.jo,Essential cookies,,HTTP Cookie,bench_new_T3_126522,,,,,Existing CM Trackers-Not Found,,,,,
CLIENT_X.sa,Essential cookies,CLIENT_X - Kingdom of Saudi Arabia,HTTP Cookie,bench_new_T3_126828,,,,,Existing CM Trackers-Not Found,,,,,
c.amazon-adsystem.com,Targeted Advertising cookies (including social media),Amazon Ads,JavaScript,bench_new_T3_126548,,,,,Existing CM Trackers-Not Found,,,,,
www.usa.CLIENT_X.com,Essential cookies (exempt from consent),Koninklijke CLIENT_X N.V.,HTTP Cookie,kampyleSessionPageCounter,,,,https://www.CLIENT_X.jo/healthcare,Existing CM Trackers-Found,,,,,
www.realpro.lighting.CLIENT_X.com,Essential cookies (exempt from consent),Koninklijke CLIENT_X N.V.,ETag,-,,,TRUE,https://www.CLIENT_X.com.qa/c-w/support-home/support-contact-page.html,Existing CM Trackers-Found,,,,,
static.hotjar.com,Performance cookies,Hotjar,ETag,bench_new_T3_127459,,,,,Existing CM Trackers-Not Found,,,,,
adservice.google.com,Targeted Advertising cookies (including social media),Google Advertising Products,Beacon,bench_new_T3_127929,,,TRUE,,Existing CM Trackers-Found,,,,,
CLIENT_X.sa,Essential cookies,CLIENT_X - Kingdom of Saudi Arabia,HTTP Cookie,_ga_failed_lookup_marker_79_923,,365,,https://www.CLIENT_X.sa/,New First Party Trackers,,,,,
CLIENT_Xb2c.file.force.com,Performance cookies,"Salesforce.com, Inc.",Beacon,bench_new_T3_126802,,,,,New Third Party Trackers,,,,,
CLIENT_X.ae,Essential cookies,CLIENT_X - Middle East Arab,HTTP Cookie,bench_new_T3_126559,,400,TRUE,https://www.CLIENT_X.ae/,Existing CM Trackers-Found,,,,,
www.CLIENT_X.com.kw,Essential cookies,CLIENT_X - Kuwait,HTTP Cookie,bench_new_T3_127128,,365,TRUE,https://www.CLIENT_X.com.kw/ar/c-m-so/media-players/latest,Existing CM Trackers-Found,,,,,
www.CLIENT_X.com.qa,Essential cookies,CLIENT_X - Qatar,HTTP Cookie,_ga_failed_lookup_marker_79_927,,365,TRUE,https://www.CLIENT_X.com.qa/,Existing CM Trackers-Found,,,,,
CLIENT_X.jo,Essential cookies,CLIENT_X - Jordan,HTTP Cookie,bench_new_T3_127594,,0,TRUE,https://www.CLIENT_X.jo/,Existing CM Trackers-Found,,,,,
www.CLIENT_X.com.qa,Performance cookies,,HTTP Cookie,bench_new_T3_127708,,,,,Existing CM Trackers-Not Found,,,,,
CLIENT_X.sa,Essential cookies,CLIENT_X - Kingdom of Saudi Arabia,HTTP Cookie,bench_new_T3_127126,,90,TRUE,https://www.CLIENT_X.sa/,Existing CM Trackers-Found,,,,,
www.CLIENT_X.pt,Essential cookies (exempt from consent),CLIENT_X - Portugal,Beacon,blank (beacon),,bench_update_duration,TRUE,https://www.CLIENT_X.jo/,Existing CM Trackers-Found,,,,,
CLIENT_X.ae,Performance cookies,CLIENT_X - Middle East Arab,HTTP Cookie,bench_new_T3_127783,,,,,Existing CM Trackers-Not Found,,,,,
www.CLIENT_X.com.qa,Essential cookies,CLIENT_X - Qatar,HTTP Cookie,bench_new_T3_126704,,6,,https://www.CLIENT_X.com.qa/,New First Party Trackers,,,,,
CLIENT_X.ae,Performance cookies,CLIENT_X - Middle East Arab,HTTP Cookie,_ga_failed_lookup_marker_79_934,,0,TRUE,https://www.CLIENT_X.ae/,Existing CM Trackers-Found,,,,,
CLIENT_X.sa,Performance cookies,CLIENT_X - Kingdom of Saudi Arabia,HTTP Cookie,bench_new_T3_127334,,session,TRUE,https://www.CLIENT_X.sa/,Existing CM Trackers-Found,,,,,
script.hotjar.com,Targeted Advertising cookies (including social media),Hotjar,JavaScript,bench_new_T3_127907,,,,,Existing CM Trackers-Not Found,,,,,
lighting.CLIENT_X.co.id,Essential cookies (exempt from consent),Signify (formerly CLIENT_X Lighting),HTTP Cookie,s_ppvl,,bench_update_duration,TRUE,https://www.CLIENT_X.ae/c-f/XC000019471/CLIENT_X-one-battery-replacement-instructions,Existing CM Trackers-Found,,,,,
www.CLIENT_X.ae,Essential cookies,CLIENT_X - Middle East Arab,HTTP Cookie,bench_new_T3_126819,,0,TRUE,https://www.CLIENT_X.ae/c-m-ho/cooking/toaster/latest,Existing CM Trackers-Found,,,,,
CLIENT_X.jo,Performance cookies,CLIENT_X - Jordan,HTTP Cookie,bench_new_T3_126811,,0,TRUE,https://www.CLIENT_X.jo/,Existing CM Trackers-Found,,,,,
CLIENT_X.ae,Essential cookies,CLIENT_X - Middle East Arab,HTTP Cookie,bench_new_T3_126567,,0,TRUE,https://www.CLIENT_X.ae/,Existing CM Trackers-Found,,,,,
www.CLIENT_X.jo,Essential cookies,,HTTP Cookie,_ga_failed_lookup_marker_79_941,,,,,Existing CM Trackers-Not Found,,,,,
CLIENT_X.com.qa,Essential cookies,CLIENT_X - Qatar,HTTP Cookie,bench_new_T3_127173,,session,TRUE,https://www.CLIENT_X.com.qa/,Existing CM Trackers-Found,,,,,
CLIENT_X.jo,Essential cookies,CLIENT_X - Jordan,Local Storage,bench_new_T3_126509,,,TRUE,https://www.CLIENT_X.jo/c-w/support-home/support-contact-page,Existing CM Trackers-Found,,,,,
widget-cdn.janraincapture.com,Performance cookies,Akamai,JavaScript,bench_new_T3_127490,,,,,Existing CM Trackers-Not Found,,,,,
www.google.com,Targeted Advertising cookies (including social media),Google Inc.,Beacon,bench_new_T3_127985,,,TRUE,,Existing CM Trackers-Found,,,,,
ssl-static.janraincapture.com,Performance cookies,Akamai,JavaScript,bench_new_T3_126814,,,,,Existing CM Trackers-Not Found,,,,,
region1.google-analytics.com,Performance cookies,Google Inc.,Beacon,_ga_failed_lookup_marker_79_947,,,,,Existing CM Trackers-Not Found,,,,,
CLIENT_X.com.qa,Essential cookies,CLIENT_X - Qatar,HTTP Cookie,bench_new_T3_126527,,0,TRUE,https://www.CLIENT_X.com.qa/,Existing CM Trackers-Found,,,,,
www.CLIENT_X.com.kw,Essential cookies,CLIENT_X - Kuwait,HTTP Cookie,bench_new_T3_126631,,7,,https://www.CLIENT_X.com.kw/ar/c-m-so/media-players/latest,New First Party Trackers,,,,,
CLIENT_X.com.kw,Essential cookies,CLIENT_X - Kuwait,HTTP Cookie,bench_new_T3_126546,,90,TRUE,https://www.CLIENT_X.com.kw/,Existing CM Trackers-Found,,,,,
CLIENT_X.sa,Targeted Advertising cookies (including social media),CLIENT_X - Kingdom of Saudi Arabia,HTTP Cookie,bench_new_T3_126762,,,,,Existing CM Trackers-Not Found,,,,,
www.CLIENT_X.ae,Essential cookies,,HTTP Cookie,bench_new_T3_126547,,,,,Existing CM Trackers-Not Found,,,,,
CLIENT_X.sa,Essential cookies,CLIENT_X - Kingdom of Saudi Arabia,HTTP Cookie,bench_new_T3_127764,,365,TRUE,https://www.CLIENT_X.sa/,Existing CM Trackers-Found,,,,,
force.com,Essential cookies,"Salesforce.com, Inc.",HTTP Cookie,bench_new_T3_127204,,365,TRUE,https://www.CLIENT_X.ae/c-f/XC000019471/CLIENT_X-one-battery-replacement-instructions,Existing CM Trackers-Found,,,,,
CLIENT_X.sa,Essential cookies,CLIENT_X - Kingdom of Saudi Arabia,HTTP Cookie,bench_new_T3_126739,,90,,https://www.CLIENT_X.sa/,New First Party Trackers,,,,,
CLIENT_X.com.kw,Performance cookies,CLIENT_X - Kuwait,HTTP Cookie,bench_new_T3_127379,,,,,Existing CM Trackers-Not Found,,,,,
img.youtube.com,Targeted Advertising cookies (including social media),Google Advertising Products,ETag,bench_new_T3_126916,,,TRUE,https://www.CLIENT_X.jo/en/healthcare/product/HCNOCTN281/-,Existing CM Trackers-Found,,,,,
stg.CLIENT_X.sa,Essential cookies,CLIENT_X - Kingdom of Saudi Arabia,HTTP Cookie,_ga_failed_lookup_marker_79_958,,,,,Existing CM Trackers-Not Found,,,,,
www.lighting.CLIENT_X.sa,Essential cookies,Signify (formerly CLIENT_X Lighting),HTTP Cookie,bench_new_T3_126632,,,,,Existing CM Trackers-Not Found,,,,,
pagead2.googlesyndication.com,Targeted Advertising cookies (including social media),Google Advertising Products,Beacon,bench_new_T3_127759,,,,,Existing CM Trackers-Not Found,,,,,
tag-logger.demandbase.com,Targeted Advertising cookies (including social media),"Demandbase, Inc.",ETag,bench_new_T3_127499,,,,https://www.CLIENT_X.ae/a-w/about-CLIENT_X/company/businesses.html,New Third Party Trackers,,,,,
casalemedia.com,Targeted Advertising cookies (including social media),Index Exchange Inc.,HTTP Cookie,bench_new_T3_127224,,90,TRUE,https://www.CLIENT_X.jo/a-w/about-CLIENT_X/company-profile.html,Existing CM Trackers-Found,,,,,
CLIENT_X.com.kw,Essential cookies,CLIENT_X - Kuwait,HTTP Cookie,bench_new_T3_127080,,session,TRUE,https://www.CLIENT_X.com.kw/,Existing CM Trackers-Found,,,,,
linkedin.com,Targeted Advertising cookies (including social media),LinkedIn,HTTP Cookie,_ga_failed_lookup_marker_79_964,,365,TRUE,https://www.CLIENT_X.jo/c-e/ho/homeid-app.html,Existing CM Trackers-Found,,,,,
CLIENT_X.com.qa,Essential cookies,CLIENT_X - Qatar,HTTP Cookie,bench_new_T3_126499,,0,TRUE,https://www.CLIENT_X.com.qa/,Existing CM Trackers-Found,,,,,
www.CLIENT_X.sa,Essential cookies,CLIENT_X - Kingdom of Saudi Arabia,HTTP Cookie,bench_new_T3_127766,,365,TRUE,https://www.CLIENT_X.sa/c-m-ho/cooking/toaster/latest,Existing CM Trackers-Found,,,,,
www.CLIENT_X.com.qa,Essential cookies,,HTTP Cookie,bench_new_T3_127214,,,,,Existing CM Trackers-Not Found,,,,,
www.CLIENT_X.sa,Essential cookies,CLIENT_X - Kingdom of Saudi Arabia,ETag,bench_new_T3_127608,,,TRUE,http://www.CLIENT_X.sa/,Existing CM Trackers-Found,,,,,
CLIENT_X.sa,Essential cookies,CLIENT_X - Kingdom of Saudi Arabia,HTTP Cookie,bench_new_T3_127654,,session,TRUE,https://www.CLIENT_X.sa/,Existing CM Trackers-Found,,,,,
www.CLIENT_X.com.qa,Essential cookies,CLIENT_X - Qatar,HTTP Cookie,bench_new_T3_127270,,1,TRUE,https://www.CLIENT_X.com.qa/,Existing CM Trackers-Found,,,,,
CLIENT_X.sa,Essential cookies,CLIENT_X - Kingdom of Saudi Arabia,HTTP Cookie,_ga_failed_lookup_marker_79_971,,0,TRUE,https://www.CLIENT_X.sa/,Existing CM Trackers-Found,,,,,
CLIENT_X.ae,Essential cookies,CLIENT_X - Middle East Arab,HTTP Cookie,bench_new_T3_126585,,0,TRUE,https://www.CLIENT_X.ae/,Existing CM Trackers-Found,,,,,
www.facebook.com,Targeted Advertising cookies (including social media),Meta (formerly Facebook),Beacon,bench_new_T3_126780,,,TRUE,,Existing CM Trackers-Found,,,,,
CLIENT_X.sa,Essential cookies,CLIENT_X - Kingdom of Saudi Arabia,HTTP Cookie,bench_new_T3_127213,,400,,https://www.CLIENT_X.sa/,New First Party Trackers,,,,,
i.ytimg.com,Targeted Advertising cookies (including social media),Google Inc.,ETag,bench_new_T3_126605,,,TRUE,https://www.CLIENT_X.sa/c-f/XC000004909/how-do-i-use-the-attachments-of-my-CLIENT_X-epilator,Existing CM Trackers-Found,,,,,
www.CLIENT_X.com.kw,Essential cookies,,HTTP Cookie,bench_new_T3_126946,,,,,Existing CM Trackers-Not Found,,,,,
www.CLIENT_X.com.kw,Essential cookies,CLIENT_X - Kuwait,JavaScript,bench_new_T3_126665,,,TRUE,http://www.CLIENT_X.com.kw/,Existing CM Trackers-Found,,,,,
CLIENT_X.com.kw,Essential cookies,CLIENT_X - Kuwait,HTTP Cookie,_ga_failed_lookup_marker_79_978,,90,,https://www.CLIENT_X.com.kw/,New First Party Trackers,,,,,
snap.licdn.com,Performance cookies,LinkedIn,JavaScript,bench_new_T3_127055,,,TRUE,https://www.CLIENT_X.jo/c-e/ho/homeid-app.html,Existing CM Trackers-Found,,,,,
CLIENT_X.com.qa,Targeted Advertising cookies (including social media),CLIENT_X - Qatar,HTTP Cookie,bench_new_T3_127831,,90,TRUE,https://www.CLIENT_X.com.qa/,Existing CM Trackers-Found,,,,,
dpm.demdex.net,Targeted Advertising cookies (including social media),"Adobe Audience Manager, Adobe Experience Cloud",HTTP Cookie,bench_new_T3_127749,,,,,Existing CM Trackers-Not Found,,,,,
CLIENT_X.ae,Essential cookies,CLIENT_X - Middle East Arab,HTTP Cookie,bench_new_T3_126636,,0,TRUE,https://www.CLIENT_X.ae/,Existing CM Trackers-Found,,,,,
CLIENT_X.ae,Essential cookies,CLIENT_X - Middle East Arab,HTTP Cookie,bench_new_T3_127786,,session,TRUE,https://www.CLIENT_X.ae/,Existing CM Trackers-Found,,,,,
td.yieldify.com,Targeted Advertising cookies (including social media),Yieldify,JavaScript,bench_new_T3_127102,,,TRUE,http://www.CLIENT_X.ae/,Existing CM Trackers-Found,,,,,
CLIENT_X.jo,Essential cookies,CLIENT_X - Jordan,HTTP Cookie,bench_new_T3_126553,,session,TRUE,https://www.CLIENT_X.jo/,Existing CM Trackers-Found,,,,,
lighting.CLIENT_X.sa,Essential cookies,Signify (formerly CLIENT_X Lighting),HTTP Cookie,bench_new_T3_127004,,,,,Existing CM Trackers-Not Found,,,,,
www.CLIENT_X.sa,Performance cookies,,HTTP Cookie,bench_new_T3_127035,,,,,Existing CM Trackers-Not Found,,,,,
assets-v2.yieldify.com,Targeted Advertising cookies (including social media),Yieldify,ETag,bench_new_T3_126658,,,,,Existing CM Trackers-Not Found,,,,,
www.lighting.CLIENT_X.co.th,Essential cookies (exempt from consent),Signify (formerly CLIENT_X Lighting),JavaScript,blank (java),,bench_update_duration,,https://www.CLIENT_X.sa/,New First Party Trackers,,,,,
CLIENT_X.com.qa,Essential cookies,CLIENT_X - Qatar,HTTP Cookie,bench_new_T3_126856,,60,TRUE,https://www.CLIENT_X.com.qa/,Existing CM Trackers-Found,,,,,
www.CLIENT_X.jo,Essential cookies,,HTTP Cookie,bench_new_T3_126957,,,,,Existing CM Trackers-Not Found,,,,,
www.CLIENT_X.sa,Essential cookies,CLIENT_X - Kingdom of Saudi Arabia,HTTP Cookie,bench_new_T3_127253,,0,TRUE,https://www.CLIENT_X.sa/c-m-ho/cooking/toaster/latest,Existing CM Trackers-Found,,,,,
s334834414.t.eloqua.com,Performance cookies,Oracle Marketing,Beacon,bench_new_T3_126713,,,,,New Third Party Trackers,,,,,
www.CLIENT_X.com.kw,Essential cookies,CLIENT_X - Kuwait,HTTP Cookie,bench_new_T3_127865,,session,TRUE,https://www.CLIENT_X.com.kw/ar/c-m-so/media-players/latest,Existing CM Trackers-Found,,,,,
CLIENT_Xb2c.my.salesforce-scrt.com,Performance cookies,"Salesforce.com, Inc.",Beacon,bench_new_T3_127933,,,,,New Third Party Trackers,,,,,
stg.CLIENT_X.sa,Essential cookies,CLIENT_X - Kingdom of Saudi Arabia,HTTP Cookie,bench_new_T3_126410,,,,,Existing CM Trackers-Not Found,,,,,
www.CLIENT_X.sa,Essential cookies,CLIENT_X - Kingdom of Saudi Arabia,HTTP Cookie,bench_new_T3_126698,,365,TRUE,https://www.CLIENT_X.sa/c-m-ho/cooking/toaster/latest,Existing CM Trackers-Found,,,,,
CLIENT_X.es,Essential cookies (exempt from consent),CLIENT_X - Spain,HTTP Cookie,s_cm,,bench_update_duration,,,Existing CM Trackers-Not Found,,,,,
CLIENT_X.com.qa,Essential cookies,CLIENT_X - Qatar,HTTP Cookie,bench_new_T3_127144,,0,TRUE,https://www.CLIENT_X.com.qa/,Existing CM Trackers-Found,,,,,
CLIENT_X.com.kw,Performance cookies,CLIENT_X - Kuwait,HTTP Cookie,bench_new_T3_126455,,,,,Existing CM Trackers-Not Found,,,,,
snap.licdn.com,Performance cookies,LinkedIn,JavaScript,bench_new_T3_127425,,,TRUE,https://www.CLIENT_X.jo/c-e/ho/homeid-app.html,Existing CM Trackers-Found,,,,,
code.jquery.com,Performance Cookies [Requires consent],jQuery,JavaScript,-,,bench_update_duration,,,Existing CM Trackers-Not Found,,,,,
lighting.CLIENT_X.sa,Essential cookies,Signify (formerly CLIENT_X Lighting),HTTP Cookie,bench_new_T3_126489,,,,,Existing CM Trackers-Not Found,,,,,
stg.static.accounts.CLIENT_X.com,Targeted Advertising cookies (including social media),Koninklijke CLIENT_X N.V.,JavaScript,bench_new_T3_127245,,,,,Existing CM Trackers-Not Found,,,,,
CLIENT_X.com.kw,Essential cookies,CLIENT_X - Kuwait,HTTP Cookie,_ga_failed_lookup_marker_79_1005,,,,,Existing CM Trackers-Not Found,,,,,
www.CLIENT_X.ae,Essential cookies,CLIENT_X - Middle East Arab,HTTP Cookie,bench_new_T3_127065,,365,TRUE,https://www.CLIENT_X.ae/c-m-ho/cooking/toaster/latest,Existing CM Trackers-Found,,,,,
www.CLIENT_X.com,Targeted Advertising cookies (including social media),Koninklijke CLIENT_X N.V.,HTTP Cookie,bench_new_T3_127839,,7,,https://www.CLIENT_X.sa/a-w/about/news/all-news,New Third Party Trackers,,,,,
script.hotjar.com,Targeted Advertising cookies (including social media),Hotjar,ETag,bench_new_T3_126458,,,,,Existing CM Trackers-Not Found,,,,,
CLIENT_X.jo,Performance cookies,CLIENT_X - Jordan,HTTP Cookie,bench_new_T3_127091,,0,TRUE,https://www.CLIENT_X.jo/,Existing CM Trackers-Found,,,,,
www.CLIENT_X.sa,Essential cookies,CLIENT_X - Kingdom of Saudi Arabia,HTTP Cookie,bench_new_T3_127668,,400,TRUE,https://www.CLIENT_X.sa/c-m-ho/cooking/toaster/latest,Existing CM Trackers-Found,,,,,
www.CLIENT_X.sa,Essential cookies,,HTTP Cookie,bench_new_T3_126438,,,,,Existing CM Trackers-Not Found,,,,,
www.CLIENT_X.jo,Essential cookies,,HTTP Cookie,bench_new_T3_126569,,,,,Existing CM Trackers-Not Found,,,,,
s.pinimg.com,Targeted Advertising cookies (including social media),Pinterest,JavaScript,bench_new_T3_126924,,,,http://www.CLIENT_X.ae/,New Third Party Trackers,,,,,
CLIENT_X.com.kw,Essential cookies,CLIENT_X - Kuwait,HTTP Cookie,bench_new_T3_126566,,,,,Existing CM Trackers-Not Found,,,,,
CLIENT_X.jo,Essential cookies,CLIENT_X - Jordan,HTTP Cookie,bench_new_T3_127836,,session,TRUE,https://www.CLIENT_X.jo/,Existing CM Trackers-Found,,,,,
CLIENT_X.sa,Essential cookies,CLIENT_X - Kingdom of Saudi Arabia,HTTP Cookie,_ga_failed_lookup_marker_79_1016,,393,TRUE,https://www.CLIENT_X.sa/,Existing CM Trackers-Found,,,,,
s.pinimg.com,Targeted Advertising cookies (including social media),Pinterest,ETag,bench_new_T3_127200,,,,http://www.CLIENT_X.ae/,New Third Party Trackers,,,,,
CLIENT_X.com.qa,Performance cookies,CLIENT_X - Qatar,HTTP Cookie,bench_new_T3_127978,,,,,Existing CM Trackers-Not Found,,,,,
CLIENT_X.sa,Essential cookies,CLIENT_X - Kingdom of Saudi Arabia,HTTP Cookie,bench_new_T3_127152,,90,,https://www.CLIENT_X.sa/,New First Party Trackers,,,,,
CLIENT_X.com.cn,Essential cookies (exempt from consent),CLIENT_X - China,HTTP Cookie,s_pv,,,TRUE,https://www.CLIENT_X.ae/c-e/au/motorcycle-lights/moto-selector-tool.html,Existing CM Trackers-Found,,,,,
img.en25.com,Performance cookies,Oracle Marketing,JavaScript,bench_new_T3_127116,,,,https://www.CLIENT_X.jo/healthcare,New Third Party Trackers,,,,,
stg.CLIENT_X.com.kw,Essential cookies,CLIENT_X - Kuwait,HTTP Cookie,_ga_failed_lookup_marker_79_1022,,,,,Existing CM Trackers-Not Found,,,,,
CLIENT_Xb2c.my.salesforce.com,Essential cookies,"Salesforce.com, Inc.",HTTP Cookie,bench_new_T3_126808,,365,TRUE,https://www.CLIENT_X.ae/c-f/XC000019471/CLIENT_X-one-battery-replacement-instructions,Existing CM Trackers-Found,,,,,
www.CLIENT_X.com.qa,Performance cookies,,HTTP Cookie,bench_new_T3_127893,,,,,Existing CM Trackers-Not Found,,,,,
www.CLIENT_X.sa,Essential cookies,,HTTP Cookie,bench_new_T3_127868,,,,,Existing CM Trackers-Not Found,,,,,
CLIENT_X.sa,Essential cookies,CLIENT_X - Kingdom of Saudi Arabia,HTTP Cookie,bench_new_T3_127100,,90,TRUE,https://www.CLIENT_X.sa/,Existing CM Trackers-Found,,,,,
CLIENT_X.ae,Essential cookies,CLIENT_X - Middle East Arab,HTTP Cookie,bench_new_T3_126972,,0,TRUE,https://www.CLIENT_X.ae/,Existing CM Trackers-Found,,,,,
CLIENT_X.com.kw,Essential cookies,CLIENT_X - Kuwait,HTTP Cookie,bench_new_T3_127538,,0,TRUE,https://www.CLIENT_X.com.kw/,Existing CM Trackers-Found,,,,,
CLIENT_X.sa,Essential cookies,CLIENT_X - Kingdom of Saudi Arabia,HTTP Cookie,bench_new_T3_127022,,,,,Existing CM Trackers-Not Found,,,,,
CLIENT_Xb2c.lightning.force.com,Performance cookies,"Salesforce.com, Inc.",Beacon,bench_new_T3_127129,,,,,New Third Party Trackers,,,,,
CLIENT_X.jo,Performance cookies,CLIENT_X - Jordan,HTTP Cookie,bench_new_T3_126529,,0,TRUE,https://www.CLIENT_X.jo/,Existing CM Trackers-Found,,,,,
CLIENT_X.com.qa,Essential cookies,CLIENT_X - Qatar,HTTP Cookie,_ga_failed_lookup_marker_79_1032,,60,TRUE,https://www.CLIENT_X.com.qa/,Existing CM Trackers-Found,,,,,
CLIENT_X.de,Essential cookies (exempt from consent),CLIENT_X - Germany,HTTP Cookie,s_eVar44,,400,,https://www.CLIENT_X.jo/,New First Party Trackers,,,,,
www.CLIENT_X.sa,Essential cookies,CLIENT_X - Kingdom of Saudi Arabia,HTTP Cookie,bench_new_T3_127077,,365,TRUE,https://www.CLIENT_X.sa/c-m-ho/cooking/toaster/latest,Existing CM Trackers-Found,,,,,
www.google.com,Targeted Advertising cookies (including social media),Google Inc.,JavaScript,bench_new_T3_126579,,,TRUE,https://www.CLIENT_X.sa/c-m-ho/cooking/toaster/latest,Existing CM Trackers-Found,,,,,
CLIENT_X.com.kw,Essential cookies,CLIENT_X - Kuwait,HTTP Cookie,bench_new_T3_126537,,400,TRUE,https://www.CLIENT_X.com.kw/,Existing CM Trackers-Found,,,,,
www.CLIENT_X.sa,Essential cookies,CLIENT_X - Kingdom of Saudi Arabia,HTTP Cookie,_ga_failed_lookup_marker_79_1037,,0,TRUE,https://www.CLIENT_X.sa/c-m-ho/cooking/toaster/latest,Existing CM Trackers-Found,,,,,
CLIENT_Xb2c.my.site.com,Performance cookies,"Salesforce.com, Inc.",Beacon,bench_new_T3_126555,,,TRUE,,Existing CM Trackers-Found,,,,,
CLIENT_X.com.kw,Essential cookies,CLIENT_X - Kuwait,HTTP Cookie,bench_new_T3_126442,,400,,https://www.CLIENT_X.com.kw/,New First Party Trackers,,,,,
www.CLIENT_X.jo,Essential cookies,CLIENT_X - Jordan,HTTP Cookie,bench_new_T3_126535,,365,TRUE,http://www.CLIENT_X.jo/,Existing CM Trackers-Found,,,,,
www.CLIENT_X.jo,Essential cookies,CLIENT_X - Jordan,Beacon,bench_new_T3_126792,,,TRUE,,Existing CM Trackers-Found,,,,,
CLIENT_X.jo,Essential cookies,CLIENT_X - Jordan,HTTP Cookie,bench_new_T3_127662,,0,TRUE,https://www.CLIENT_X.jo/,Existing CM Trackers-Found,,,,,
www.CLIENT_X.ae,Essential cookies,,HTTP Cookie,bench_new_T3_126450,,,,,Existing CM Trackers-Not Found,,,,,
www.CLIENT_X.ae,Performance cookies,CLIENT_X - Middle East Arab,HTTP Cookie,_ga_failed_lookup_marker_79_1044,,session,TRUE,https://www.CLIENT_X.ae/c-m-ho/cooking/toaster/latest,Existing CM Trackers-Found,,,,,
koninklijkeCLIENT_Xnvproduction2k8xfrmr.analytics.org.coveo.com,Performance cookies,Coveo Solutions Inc.,Beacon,bench_new_T3_127968,,,,,New Third Party Trackers,,,,,
maps.googleapis.com,Targeted Advertising cookies (including social media),Google Inc.,JavaScript,bench_new_T3_127241,,,TRUE,https://www.CLIENT_X.ae/ar/c-w/support-home/service-center-locator.html,Existing CM Trackers-Found,,,,,
CLIENT_X.ae,Essential cookies,CLIENT_X - Middle East Arab,HTTP Cookie,bench_new_T3_127208,,365,,https://www.CLIENT_X.ae/,New First Party Trackers,,,,,
labs.iadvize.com,Performance cookies,iAdvize,JavaScript,bench_new_T3_127127,,,TRUE,https://www.CLIENT_X.sa/c-e/ho/air-purifier-and-air-humidifier/air-performer-series-8000.html,Existing CM Trackers-Found,,,,,
www.CLIENT_X.com.qa,Essential cookies,CLIENT_X - Qatar,Beacon,bench_new_T3_127941,,,TRUE,,Existing CM Trackers-Found,,,,,
www.CLIENT_X.ae,Essential cookies,CLIENT_X - Middle East Arab,HTTP Cookie,bench_new_T3_127658,,365,TRUE,https://www.CLIENT_X.ae/c-m-ho/cooking/toaster/latest,Existing CM Trackers-Found,,,,,
CLIENT_X.com.kw,Essential cookies,CLIENT_X - Kuwait,Local Storage,bench_new_T3_126803,,,TRUE,https://www.CLIENT_X.com.kw/c-w/support-home/support-contact-page.html,Existing CM Trackers-Found,,,,,
www.CLIENT_X.de,Essential cookies (exempt from consent),CLIENT_X - Germany,HTTP Cookie,_sdsat_pgm_sh_alloc,,0,TRUE,https://www.CLIENT_X.jo/,Existing CM Trackers-Found,,,,,
CLIENT_X.com.kw,Essential cookies,CLIENT_X - Kuwait,HTTP Cookie,bench_new_T3_127804,,0,TRUE,https://www.CLIENT_X.com.kw/,Existing CM Trackers-Found,,,,,
CLIENT_X.sa,Essential cookies,CLIENT_X - Kingdom of Saudi Arabia,HTTP Cookie,bench_new_T3_126693,,90,,https://www.CLIENT_X.sa/,New First Party Trackers,,,,,
www.google.com,Targeted Advertising cookies (including social media),Google Inc.,JavaScript,bench_new_T3_127003,,,TRUE,https://www.CLIENT_X.sa/c-m-ho/cooking/toaster/latest,Existing CM Trackers-Found,,,,,
pixel.rubiconproject.com,Targeted Advertising cookies (including social media),"Magnite, Inc.",Beacon,bench_new_T3_127859,,,TRUE,,Existing CM Trackers-Found,,,,,
CLIENT_X.com.qa,Performance cookies,CLIENT_X - Qatar,HTTP Cookie,bench_new_T3_127806,,,,,Existing CM Trackers-Not Found,,,,,
CLIENT_X.jo,Performance cookies,CLIENT_X - Jordan,HTTP Cookie,bench_new_T3_127781,,,,https://www.CLIENT_X.jo/,Existing CM Trackers-Found,,,,,
stg.CLIENT_X.com.kw,Essential cookies,CLIENT_X - Kuwait,HTTP Cookie,bench_new_T3_127262,,,,,Existing CM Trackers-Not Found,,,,,
CLIENT_X.sa,Essential cookies,CLIENT_X - Kingdom of Saudi Arabia,HTTP Cookie,bench_new_T3_127652,,90,,https://www.CLIENT_X.sa/,New First Party Trackers,,,,,
CLIENT_X.com.kw,Essential cookies,CLIENT_X - Kuwait,HTTP Cookie,bench_new_T3_127285,,,,,Existing CM Trackers-Not Found,,,,,
CLIENT_X.sa,Essential cookies,CLIENT_X - Kingdom of Saudi Arabia,HTTP Cookie,bench_new_T3_127339,,365,TRUE,https://www.CLIENT_X.sa/,Existing CM Trackers-Found,,,,,
CLIENT_X.sa,Essential cookies,CLIENT_X - Kingdom of Saudi Arabia,HTTP Cookie,bench_new_T3_127296,,,,,Existing CM Trackers-Not Found,,,,,
CLIENT_Xb2c.my.site.com,Performance cookies,"Salesforce.com, Inc.",ETag,bench_new_T3_127518,,,TRUE,https://www.CLIENT_X.com.qa/c-w/support-home/support-contact-page.html,Existing CM Trackers-Found,,,,,
www.CLIENT_X.com.qa,Performance cookies,CLIENT_X - Qatar,HTTP Cookie,bench_new_T3_127064,,session,TRUE,https://www.CLIENT_X.com.qa/,Existing CM Trackers-Found,,,,,
cdn.mouseflow.com,Performance cookies,Mouseflow,JavaScript,bench_new_T3_126925,,,,https://www.CLIENT_X.ae/c-m-pe/hair-removal/lumea-ipl,New Third Party Trackers,,,,,
CLIENT_X.112.2o7.net,Performance cookies,"Adobe Audience Manager, Adobe Experience Cloud",HTTP Cookie,bench_new_T3_127515,,400,,https://www.CLIENT_X.jo/,New Third Party Trackers,,,,,
www.google.com,Essential cookies,Google Inc.,HTTP Cookie,_ga_failed_lookup_marker_79_1068,,180,TRUE,https://www.CLIENT_X.jo/healthcare/innovation/research-and-exploration,Existing CM Trackers-Found,,,,,
www.lighting.CLIENT_X.com,Performance cookies,Signify (formerly CLIENT_X Lighting),JavaScript,bench_new_T3_127751,,,,,Existing CM Trackers-Not Found,,,,,
stg.CLIENT_X.sa,Essential cookies,CLIENT_X - Kingdom of Saudi Arabia,HTTP Cookie,bench_new_T3_126400,,,,,Existing CM Trackers-Not Found,,,,,
CLIENT_X.com.kw,Essential cookies,CLIENT_X - Kuwait,HTTP Cookie,bench_new_T3_127688,,0,TRUE,https://www.CLIENT_X.com.kw/,Existing CM Trackers-Found,,,,,
stg.CLIENT_X.sa,Essential cookies,CLIENT_X - Kingdom of Saudi Arabia,HTTP Cookie,bench_new_T3_126774,,,,,Existing CM Trackers-Not Found,,,,,
www.CLIENT_X.com.kw,Performance cookies,,HTTP Cookie,_ga_failed_lookup_marker_79_1073,,,,,Existing CM Trackers-Not Found,,,,,
lighting.CLIENT_X.com.tw,Essential cookies (exempt from consent),Signify (formerly CLIENT_X Lighting),HTTP Cookie,s_ppv,,bench_update_duration,,,New Third Party Trackers,,,,,
www.CLIENT_X.com.qa,Essential cookies,CLIENT_X - Qatar,JavaScript,bench_new_T3_127965,,,TRUE,http://www.CLIENT_X.com.qa/,Existing CM Trackers-Found,,,,,
www.CLIENT_X.ae,Essential cookies,CLIENT_X - Middle East Arab,HTTP Cookie,bench_new_T3_127010,,365,TRUE,https://www.CLIENT_X.ae/c-m-ho/cooking/toaster/latest,Existing CM Trackers-Found,,,,,
www.CLIENT_X.ae,Essential cookies,CLIENT_X - Middle East Arab,HTTP Cookie,bench_new_T3_127222,,session,TRUE,https://www.CLIENT_X.ae/c-m-ho/cooking/toaster/latest,Existing CM Trackers-Found,,,,,
static.cloud.coveo.com,Targeted Advertising cookies (including social media),Coveo Solutions Inc.,ETag,bench_new_T3_127980,,,TRUE,https://www.CLIENT_X.ae/healthcare/about/support/resource-center/results,Existing CM Trackers-Found,,,,,
CLIENT_X.ae,Essential cookies,CLIENT_X - Middle East Arab,HTTP Cookie,bench_new_T3_126692,,session,TRUE,https://www.CLIENT_X.ae/,Existing CM Trackers-Found,,,,,
CLIENT_Xb2c--b2cuat.sandbox.my.site.com,Performance cookies,"Salesforce.com, Inc.",JavaScript,bench_new_T3_127592,,,,,Existing CM Trackers-Not Found,,,,,
CLIENT_X.com.br,Essential cookies (exempt from consent),CLIENT_X - Brazil,HTTP Cookie,s_cm_direct,,365,TRUE,https://www.CLIENT_X.ae/c-m-ho/cooking/toaster/latest,Existing CM Trackers-Found,,,,,
connect.facebook.net,Targeted Advertising cookies (including social media),Meta (formerly Facebook),Beacon,bench_new_T3_127043,,,TRUE,,Existing CM Trackers-Found,,,,,
custom.yieldify.com,Targeted Advertising cookies (including social media),Yieldify,ETag,bench_new_T3_127050,,,TRUE,http://www.CLIENT_X.ae/,Existing CM Trackers-Found,,,,,
CLIENT_X.ae,Essential cookies,CLIENT_X - Middle East Arab,HTTP Cookie,bench_new_T3_126435,,,,,Existing CM Trackers-Not Found,,,,,
www.CLIENT_X.com.kw,Essential cookies,CLIENT_X - Kuwait,HTTP Cookie,bench_new_T3_126730,,365,TRUE,https://www.CLIENT_X.com.kw/ar/c-m-so/media-players/latest,Existing CM Trackers-Found,,,,,
CLIENT_X.com.kw,Essential cookies,CLIENT_X - Kuwait,HTTP Cookie,bench_new_T3_127412,,0,TRUE,https://www.CLIENT_X.com.kw/,Existing CM Trackers-Found,,,,,
CLIENT_X.ae,Essential cookies,CLIENT_X - Middle East Arab,HTTP Cookie,bench_new_T3_127554,,,,,Existing CM Trackers-Not Found,,,,,
acc.CLIENT_X.com.kw,Essential cookies,CLIENT_X - Kuwait,JavaScript,bench_new_T3_126556,,,,,Existing CM Trackers-Not Found,,,,,
www.lighting.CLIENT_X.lv,Essential cookies (exempt from consent),Signify (formerly CLIENT_X Lighting),HTTP Cookie,customer_language_accept,,365,TRUE,https://www.CLIENT_X.sa/c-m-ho/cooking/toaster/latest,Existing CM Trackers-Found,,,,,
tag.demandbase.com,Targeted Advertising cookies (including social media),"Demandbase, Inc.",ETag,bench_new_T3_126645,,,TRUE,https://www.CLIENT_X.com.qa/a-w/about-CLIENT_X/company-profile/businesses.html,Existing CM Trackers-Found,,,,,
www.CLIENT_X.sa,Essential cookies,CLIENT_X - Kingdom of Saudi Arabia,ETag,bench_new_T3_127880,,,TRUE,http://www.CLIENT_X.sa/,Existing CM Trackers-Found,,,,,
CLIENT_X.com.qa,Essential cookies,CLIENT_X - Qatar,HTTP Cookie,bench_new_T3_127507,,session,TRUE,https://www.CLIENT_X.com.qa/,Existing CM Trackers-Found,,,,,
pinterest.com,Targeted Advertising cookies (including social media),Pinterest,HTTP Cookie,_ga_failed_lookup_marker_79_1093,,365,,https://www.CLIENT_X.ae/,New Third Party Trackers,,,,,
cdn.jsdelivr.net,Performance cookies,Volentio JSD Limited,ETag,bench_new_T3_126514,,,,,Existing CM Trackers-Not Found,,,,,
CLIENT_Xb2c.my.site.com,Performance cookies,"Salesforce.com, Inc.",ETag,bench_new_T3_126958,,,TRUE,https://www.CLIENT_X.com.qa/c-w/support-home/support-contact-page.html,Existing CM Trackers-Found,,,,,
cdn.mouseflow.com,Performance cookies,Mouseflow,JavaScript,bench_new_T3_127036,,,,https://www.CLIENT_X.ae/c-m-pe/hair-removal/lumea-ipl,New Third Party Trackers,,,,,
CLIENT_X.sa,Essential cookies,CLIENT_X - Kingdom of Saudi Arabia,Local Storage,bench_new_T3_127496,,,TRUE,https://www.CLIENT_X.sa/c-w/support-home/support-contact-page.html,Existing CM Trackers-Found,,,,,
lighting.CLIENT_X.sa,Essential cookies,Signify (formerly CLIENT_X Lighting),HTTP Cookie,bench_new_T3_127488,,,,,Existing CM Trackers-Not Found,,,,,
www.CLIENT_X.com.kw,Essential cookies,CLIENT_X - Kuwait,HTTP Cookie,_ga_failed_lookup_marker_79_1099,,session,TRUE,https://www.CLIENT_X.com.kw/ar/c-m-so/media-players/latest,Existing CM Trackers-Found,,,,,
c.amazon-adsystem.com,Targeted Advertising cookies (including social media),Amazon Ads,ETag,bench_new_T3_126492,,,,,Existing CM Trackers-Not Found,,,,,
www.CLIENT_X.sa,Essential cookies,CLIENT_X - Kingdom of Saudi Arabia,HTTP Cookie,bench_new_T3_127647,,7,,https://www.CLIENT_X.sa/c-m-ho/cooking/toaster/latest,New First Party Trackers,,,,,
CLIENT_X.sa,Essential cookies,CLIENT_X - Kingdom of Saudi Arabia,HTTP Cookie,bench_new_T3_126610,,90,TRUE,https://www.CLIENT_X.sa/,Existing CM Trackers-Found,,,,,
www.lighting.CLIENT_X.sa,Essential cookies,Signify (formerly CLIENT_X Lighting),HTTP Cookie,_ga_failed_lookup_marker_79_1103,,,,,Existing CM Trackers-Not Found,,,,,
maps.googleapis.com,Targeted Advertising cookies (including social media),Google Inc.,ETag,bench_new_T3_126721,,,TRUE,https://www.CLIENT_X.ae/ar/c-w/support-home/service-center-locator.html,Existing CM Trackers-Found,,,,,
www.lighting.CLIENT_X.co.in,Essential cookies (exempt from consent),Signify (formerly CLIENT_X Lighting),HTTP Cookie,s_sid,,0,TRUE,https://www.CLIENT_X.jo/c-e/ho/homeid-app.html,Existing CM Trackers-Found,,,,,
CLIENT_X.jo,Essential cookies,CLIENT_X - Jordan,HTTP Cookie,bench_new_T3_127945,,,,,Existing CM Trackers-Not Found,,,,,
CLIENT_X.sa,Essential cookies,CLIENT_X - Kingdom of Saudi Arabia,HTTP Cookie,bench_new_T3_127897,,,,,Existing CM Trackers-Not Found,,,,,
www.google.com,Targeted Advertising cookies (including social media),Google Inc.,JavaScript,bench_new_T3_127422,,,TRUE,https://www.CLIENT_X.sa/c-m-ho/cooking/toaster/latest,Existing CM Trackers-Found,,,,,
CLIENT_X.com.qa,Essential cookies,CLIENT_X - Qatar,HTTP Cookie,_ga_failed_lookup_marker_79_1109,,session,TRUE,https://www.CLIENT_X.com.qa/,Existing CM Trackers-Found,,,,,
CLIENT_X.com.kw,Essential cookies,CLIENT_X - Kuwait,HTTP Cookie,bench_new_T3_127372,,0,TRUE,https://www.CLIENT_X.com.kw/,Existing CM Trackers-Found,,,,,
halc.iadvize.com,Performance cookies,iAdvize,JavaScript,bench_new_T3_127345,,,TRUE,https://www.CLIENT_X.sa/c-e/ho/air-purifier-and-air-humidifier/air-performer-series-8000.html,Existing CM Trackers-Found,,,,,
www.CLIENT_X.sa,Essential cookies,CLIENT_X - Kingdom of Saudi Arabia,HTTP Cookie,bench_new_T3_127581,,365,TRUE,https://www.CLIENT_X.sa/c-m-ho/cooking/toaster/latest,Existing CM Trackers-Found,,,,,
CLIENT_X.jo,Performance cookies,CLIENT_X - Jordan,HTTP Cookie,bench_new_T3_126741,,0,TRUE,https://www.CLIENT_X.jo/,Existing CM Trackers-Found,,,,,
www.CLIENT_X.jo,Essential cookies,CLIENT_X - Jordan,HTTP Cookie,bench_new_T3_127432,,365,TRUE,http://www.CLIENT_X.jo/,Existing CM Trackers-Found,,,,,
salesforce.com,Essential cookies,"Salesforce.com, Inc.",HTTP Cookie,_ga_failed_lookup_marker_79_1115,,365,TRUE,https://www.CLIENT_X.ae/c-f/XC000019471/CLIENT_X-one-battery-replacement-instructions,Existing CM Trackers-Found,,,,,
CLIENT_X.ae,Essential cookies,CLIENT_X - Middle East Arab,HTTP Cookie,bench_new_T3_126911,,session,TRUE,https://www.CLIENT_X.ae/,Existing CM Trackers-Found,,,,,
youtube.com,Targeted Advertising cookies (including social media),Google Advertising Products,HTTP Cookie,bench_new_T3_127810,,180,TRUE,https://www.CLIENT_X.jo/,Existing CM Trackers-Found,,,,,
www.CLIENT_X.com.qa,Essential cookies,CLIENT_X - Qatar,HTTP Cookie,bench_new_T3_127509,,0,,https://www.CLIENT_X.com.qa/,New First Party Trackers,,,,,
stg.CLIENT_X.com.kw,Essential cookies,CLIENT_X - Kuwait,Local Storage,bench_new_T3_126989,,,,,Existing CM Trackers-Not Found,,,,,
www.CLIENT_X.ae,Essential cookies,,HTTP Cookie,_ga_failed_lookup_marker_79_1120,,,,,Existing CM Trackers-Not Found,,,,,
CLIENT_X.sa,Essential cookies,CLIENT_X - Kingdom of Saudi Arabia,HTTP Cookie,bench_new_T3_126801,,90,,https://www.CLIENT_X.sa/,New First Party Trackers,,,,,
CLIENT_X.jo,Essential cookies,CLIENT_X - Jordan,HTTP Cookie,bench_new_T3_126638,,,,,Existing CM Trackers-Not Found,,,,,
www.CLIENT_X.com.kw,Performance cookies,,HTTP Cookie,bench_new_T3_126666,,,,,Existing CM Trackers-Not Found,,,,,
CLIENT_X.jo,Essential cookies,CLIENT_X - Jordan,HTTP Cookie,bench_new_T3_127741,,0,TRUE,https://www.CLIENT_X.jo/,Existing CM Trackers-Found,,,,,
snap.licdn.com,Performance cookies,LinkedIn,JavaScript,bench_new_T3_127869,,,TRUE,https://www.CLIENT_X.jo/c-e/ho/homeid-app.html,Existing CM Trackers-Found,,,,,
www.CLIENT_X.com.kw,Essential cookies,CLIENT_X - Kuwait,JavaScript,_ga_failed_lookup_marker_79_1126,,,TRUE,http://www.CLIENT_X.com.kw/,Existing CM Trackers-Found,,,,,
youtube.com,Targeted Advertising cookies (including social media),Google Advertising Products,HTTP Cookie,bench_new_T3_127370,,180,TRUE,https://www.CLIENT_X.jo/,Existing CM Trackers-Found,,,,,
doubleclick.net,Targeted Advertising cookies (including social media),Google Advertising Products,HTTP Cookie,bench_new_T3_126826,,,,,Existing CM Trackers-Not Found,,,,,
salesforce.com,Essential cookies,"Salesforce.com, Inc.",HTTP Cookie,bench_new_T3_127704,,365,TRUE,https://www.CLIENT_X.ae/c-f/XC000019471/CLIENT_X-one-battery-replacement-instructions,Existing CM Trackers-Found,,,,,
www.CLIENT_X.ae,Essential cookies,CLIENT_X - Middle East Arab,HTTP Cookie,bench_new_T3_127838,,7,,https://www.CLIENT_X.ae/c-m-ho/cooking/toaster/latest,New First Party Trackers,,,,,
www.CLIENT_X.ae,Essential cookies,CLIENT_X - Middle East Arab,ETag,bench_new_T3_126419,,,TRUE,http://www.CLIENT_X.ae/,Existing CM Trackers-Found,,,,,
CLIENT_X.ae,Performance cookies,CLIENT_X - Middle East Arab,HTTP Cookie,bench_new_T3_127938,,session,TRUE,https://www.CLIENT_X.ae/,Existing CM Trackers-Found,,,,,
www.recaptcha.net,Performance cookies,Google Inc.,JavaScript,bench_new_T3_126609,,,,,Existing CM Trackers-Not Found,,,,,
assets.adobedtm.com,Performance cookies,Adobe Inc.,JavaScript,bench_new_T3_127384,,,,,Existing CM Trackers-Not Found,,,,,
halc.iadvize.com,Performance cookies,iAdvize,ETag,_ga_failed_lookup_marker_79_1135,,,TRUE,https://www.CLIENT_X.sa/c-e/ho/air-purifier-and-air-humidifier/air-performer-series-8000.html,Existing CM Trackers-Found,,,,,
CLIENT_X.jo,Essential cookies,CLIENT_X - Jordan,HTTP Cookie,bench_new_T3_127149,,0,TRUE,https://www.CLIENT_X.jo/,Existing CM Trackers-Found,,,,,
CLIENT_X.sa,Essential cookies,CLIENT_X - Kingdom of Saudi Arabia,HTTP Cookie,_ga_failed_lookup_marker_79_1137,,,,,Existing CM Trackers-Not Found,,,,,
CLIENT_X.sa,Essential cookies,CLIENT_X - Kingdom of Saudi Arabia,HTTP Cookie,bench_new_T3_127665,,session,TRUE,https://www.CLIENT_X.sa/,Existing CM Trackers-Found,,,,,
www.CLIENT_X.com.kw,Essential cookies,CLIENT_X - Kuwait,JavaScript,bench_new_T3_127075,,,TRUE,http://www.CLIENT_X.com.kw/,Existing CM Trackers-Found,,,,,
www.CLIENT_X.ae,Essential cookies,CLIENT_X - Middle East Arab,HTTP Cookie,bench_new_T3_127205,,365,TRUE,https://www.CLIENT_X.ae/c-m-ho/cooking/toaster/latest,Existing CM Trackers-Found,,,,,
CLIENT_X.ae,Essential cookies,CLIENT_X - Middle East Arab,HTTP Cookie,bench_new_T3_127221,,90,TRUE,https://www.CLIENT_X.ae/,Existing CM Trackers-Found,,,,,
stg.CLIENT_X.com.kw,Performance cookies,CLIENT_X - Kuwait,HTTP Cookie,bench_new_T3_126848,,,,,Existing CM Trackers-Not Found,,,,,
www.CLIENT_X.com,Performance cookies,,HTTP Cookie,bench_new_T3_127217,,,,,Existing CM Trackers-Not Found,,,,,
CLIENT_X.ae,Performance cookies,CLIENT_X - Middle East Arab,HTTP Cookie,_ga_failed_lookup_marker_79_1144,,0,TRUE,https://www.CLIENT_X.ae/,Existing CM Trackers-Found,,,,,
CLIENT_X.ae,Performance cookies,CLIENT_X - Middle East Arab,HTTP Cookie,bench_new_T3_127378,,session,TRUE,https://www.CLIENT_X.ae/,Existing CM Trackers-Found,,,,,
ssl-static.janraincapture.com,Performance cookies,Akamai,JavaScript,bench_new_T3_126580,,,,,Existing CM Trackers-Not Found,,,,,
www.CLIENT_X.com.qa,Essential cookies,CLIENT_X - Qatar,HTTP Cookie,bench_new_T3_126412,,365,TRUE,https://www.CLIENT_X.com.qa/,Existing CM Trackers-Found,,,,,
CLIENT_X.ae,Essential cookies,CLIENT_X - Middle East Arab,HTTP Cookie,bench_new_T3_126770,,0,TRUE,https://www.CLIENT_X.ae/,Existing CM Trackers-Found,,,,,
i.ytimg.com,Targeted Advertising cookies (including social media),Google Inc.,ETag,bench_new_T3_126877,,,TRUE,https://www.CLIENT_X.sa/c-f/XC000004909/how-do-i-use-the-attachments-of-my-CLIENT_X-epilator,Existing CM Trackers-Found,,,,,
www.recaptcha.net,Performance cookies,Google Inc.,JavaScript,bench_new_T3_126405,,,,,Existing CM Trackers-Not Found,,,,,
www.CLIENT_X.ae,Essential cookies,CLIENT_X - Middle East Arab,HTTP Cookie,_ga_failed_lookup_marker_79_1151,,400,TRUE,https://www.CLIENT_X.ae/c-m-ho/cooking/toaster/latest,Existing CM Trackers-Found,,,,,
idash.ifcshop.net,Targeted Advertising Cookies (including social media) [Requires consent],Unknown,Beacon,-,,bench_update_duration,,,Existing CM Trackers-Not Found,,,,,
www.lighting.CLIENT_X.com.br,Essential cookies (exempt from consent),Signify (formerly CLIENT_X Lighting),JavaScript,blank (java),,bench_update_duration,,,Existing CM Trackers-Not Found,,,,,
td.yieldify.com,Targeted Advertising cookies (including social media),Yieldify,JavaScript,bench_new_T3_127798,,,TRUE,http://www.CLIENT_X.ae/,Existing CM Trackers-Found,,,,,
CLIENT_X-dmec-dev.eu.orbita.cloud,Performance Cookies [Requires consent],Orbita,JavaScript,-,,bench_update_duration,TRUE,http://www.CLIENT_X.com.qa/,Existing CM Trackers-Found,,,,,
static.cloud.coveo.com,Targeted Advertising cookies (including social media),Coveo Solutions Inc.,ETag,bench_new_T3_127005,,,TRUE,https://www.CLIENT_X.ae/healthcare/about/support/resource-center/results,Existing CM Trackers-Found,,,,,
images.CLIENT_X.com,Essential cookies,Koninklijke CLIENT_X N.V.,JavaScript,bench_new_T3_126915,,,TRUE,https://www.CLIENT_X.jo/en/healthcare/product/HC722227/azurion-5-m12-image-guided-therapy-system,Existing CM Trackers-Found,,,,,
consent-st.trustarc.com,Essential cookies,TrustArc,JavaScript,_ga_failed_lookup_marker_79_1158,,,TRUE,http://www.CLIENT_X.com.qa/,Existing CM Trackers-Found,,,,,
ct.pinterest.com,Targeted Advertising cookies (including social media),Pinterest,HTTP Cookie,bench_new_T3_126778,,365,,https://www.CLIENT_X.ae/,New Third Party Trackers,,,,,
www.CLIENT_X.sa,Essential cookies,CLIENT_X - Kingdom of Saudi Arabia,HTTP Cookie,bench_new_T3_127750,,400,TRUE,https://www.CLIENT_X.sa/c-m-ho/cooking/toaster/latest,Existing CM Trackers-Found,,,,,
CLIENT_X.sa,Essential cookies,CLIENT_X - Kingdom of Saudi Arabia,HTTP Cookie,bench_new_T3_126403,,0,TRUE,https://www.CLIENT_X.sa/,Existing CM Trackers-Found,,,,,
www.lighting.CLIENT_X.si,Essential cookies (exempt from consent),Signify (formerly CLIENT_X Lighting),HTTP Cookie,d01-layout,,bench_update_duration,TRUE,https://www.CLIENT_X.ae/,Existing CM Trackers-Found,,,,,
google.com,Performance cookies,Google Inc.,Local Storage,bench_new_T3_127027,,,TRUE,https://www.CLIENT_X.ae/c-m-ho/ironing/latest,Existing CM Trackers-Found,,,,,
adservice.google.com,Targeted Advertising cookies (including social media),Google Advertising Products,Beacon,bench_new_T3_127059,,,TRUE,,Existing CM Trackers-Found,,,,,
CLIENT_X.com.kw,Essential cookies,CLIENT_X - Kuwait,HTTP Cookie,bench_new_T3_127156,,session,TRUE,https://www.CLIENT_X.com.kw/,Existing CM Trackers-Found,,,,,
casalemedia.com,Targeted Advertising cookies (including social media),Index Exchange Inc.,HTTP Cookie,bench_new_T3_127021,,90,TRUE,https://www.CLIENT_X.jo/a-w/about-CLIENT_X/company-profile.html,Existing CM Trackers-Found,,,,,
CLIENT_X.jo,Essential cookies,CLIENT_X - Jordan,HTTP Cookie,bench_new_T3_127801,,0,TRUE,https://www.CLIENT_X.jo/,Existing CM Trackers-Found,,,,,
www.reparatur-service.CLIENT_X.ch,Essential cookies (exempt from consent),CLIENT_X - Switzerland,JavaScript,blank (java),,bench_update_duration,TRUE,https://www.CLIENT_X.ae/c-w/support-home/support-contact-page.html,Existing CM Trackers-Found,,,,,
doubleclick.net,Targeted Advertising cookies (including social media),Google Advertising Products,HTTP Cookie,bench_new_T3_127377,,30,TRUE,https://www.CLIENT_X.jo/,Existing CM Trackers-Found,,,,,
tools.eurolandir.com,Performance cookies,Euroland,JavaScript,bench_new_T3_126726,,,,,Existing CM Trackers-Not Found,,,,,
CLIENT_Xb2c--b2cuat.sandbox.my.site.com,Performance cookies,"Salesforce.com, Inc.",ETag,_ga_failed_lookup_marker_79_1171,,,,,Existing CM Trackers-Not Found,,,,,
CLIENT_X.sa,Essential cookies,CLIENT_X - Kingdom of Saudi Arabia,HTTP Cookie,bench_new_T3_127040,,,,,Existing CM Trackers-Not Found,,,,,
demdex.net,Targeted Advertising cookies (including social media),"Adobe Audience Manager, Adobe Experience Cloud",HTTP Cookie,bench_new_T3_127119,,,,,Existing CM Trackers-Not Found,,,,,
CLIENT_X.sa,Essential cookies,CLIENT_X - Kingdom of Saudi Arabia,HTTP Cookie,bench_new_T3_127491,,60,TRUE,https://www.CLIENT_X.sa/,Existing CM Trackers-Found,,,,,
CLIENT_Xb2c.my.site.com,Performance cookies,"Salesforce.com, Inc.",Beacon,bench_new_T3_127047,,,TRUE,,Existing CM Trackers-Found,,,,,
fonts.yieldify-production.com,Targeted Advertising cookies (including social media),Yieldify,ETag,bench_new_T3_127306,,,,,Existing CM Trackers-Not Found,,,,,
www.CLIENT_X.com.qa,Essential cookies,,HTTP Cookie,bench_new_T3_127565,,,,,Existing CM Trackers-Not Found,,,,,
www.CLIENT_X.jo,Performance cookies,CLIENT_X - Jordan,HTTP Cookie,bench_new_T3_127984,,session,TRUE,http://www.CLIENT_X.jo/,Existing CM Trackers-Found,,,,,
www.google.com,Essential cookies,Google Inc.,HTTP Cookie,bench_new_T3_127814,,180,TRUE,https://www.CLIENT_X.jo/healthcare/innovation/research-and-exploration,Existing CM Trackers-Found,,,,,
CLIENT_X.com.kw,Essential cookies,CLIENT_X - Kuwait,HTTP Cookie,bench_new_T3_126550,,,,,Existing CM Trackers-Not Found,,,,,
www.CLIENT_X.sa,Essential cookies,CLIENT_X - Kingdom of Saudi Arabia,HTTP Cookie,bench_new_T3_127273,,365,TRUE,https://www.CLIENT_X.sa/c-m-ho/cooking/toaster/latest,Existing CM Trackers-Found,,,,,
www.CLIENT_X.sa,Essential cookies,CLIENT_X - Kingdom of Saudi Arabia,HTTP Cookie,_ga_failed_lookup_marker_79_1182,,365,TRUE,https://www.CLIENT_X.sa/c-m-ho/cooking/toaster/latest,Existing CM Trackers-Found,,,,,
CLIENT_X.ae,Essential cookies,CLIENT_X - Middle East Arab,HTTP Cookie,bench_new_T3_127656,,,,,Existing CM Trackers-Not Found,,,,,
agent-versuni.mindtouch.us,Performance cookies,MindTouch,Beacon,bench_new_T3_126404,,,,,New Third Party Trackers,,,,,
lighting.CLIENT_X.sa,Essential cookies,Signify (formerly CLIENT_X Lighting),HTTP Cookie,bench_new_T3_127150,,,,,Existing CM Trackers-Not Found,,,,,
www.CLIENT_X.com.kw,Essential cookies,,HTTP Cookie,bench_new_T3_126784,,,,,Existing CM Trackers-Not Found,,,,,
CLIENT_X.com.kw,Essential cookies,CLIENT_X - Kuwait,HTTP Cookie,_ga_failed_lookup_marker_79_1187,,400,TRUE,https://www.CLIENT_X.com.kw/,Existing CM Trackers-Found,,,,,
s334834414.t.eloqua.com,Performance cookies,Oracle Marketing,Beacon,bench_new_T3_127996,,,,,New Third Party Trackers,,,,,
www.CLIENT_X.com.qa,Essential cookies,,HTTP Cookie,bench_new_T3_127312,,,,,Existing CM Trackers-Not Found,,,,,
nebula-cdn.kampyle.com,Performance cookies,Medallia,ETag,bench_new_T3_127595,,,TRUE,http://www.CLIENT_X.jo/,Existing CM Trackers-Found,,,,,
CLIENT_X.jo,Essential cookies,CLIENT_X - Jordan,HTTP Cookie,bench_new_T3_127830,,400,TRUE,https://www.CLIENT_X.jo/,Existing CM Trackers-Found,,,,,
snapchat.com,Targeted Advertising cookies (including social media),Snap Inc.,HTTP Cookie,bench_new_T3_127597,,390,TRUE,https://www.CLIENT_X.jo/c-e/ho/homeid-app.html,Existing CM Trackers-Found,,,,,
www.CLIENT_X.sa,Essential cookies,CLIENT_X - Kingdom of Saudi Arabia,HTTP Cookie,bench_new_T3_126476,,0,,https://www.CLIENT_X.sa/c-m-ho/cooking/toaster/latest,New First Party Trackers,,,,,
CLIENT_Xb2c.my.site.com,Performance cookies,"Salesforce.com, Inc.",Local Storage,bench_new_T3_127383,,,TRUE,https://www.CLIENT_X.ae/c-w/support-home/support-contact-page.html,Existing CM Trackers-Found,,,,,
www.CLIENT_X.jo,Essential cookies,,HTTP Cookie,bench_new_T3_127729,,,,,Existing CM Trackers-Not Found,,,,,
CLIENT_X.jo,Performance cookies,CLIENT_X - Jordan,HTTP Cookie,bench_new_T3_127910,,session,TRUE,https://www.CLIENT_X.jo/,Existing CM Trackers-Found,,,,,
www.CLIENT_X.com.ar,Essential cookies (exempt from consent),CLIENT_X - Argentina,HTTP Cookie,AWSELBCORS,,bench_update_duration,TRUE,https://www.CLIENT_X.jo/,Existing CM Trackers-Found,,,,,
widget-cdn.janraincapture.com,Performance cookies,Akamai,ETag,bench_new_T3_126816,,,,,Existing CM Trackers-Not Found,,,,,
CLIENT_Xlighting.d3.sc.omtrdc.net,Performance cookies,"Adobe Audience Manager, Adobe Experience Cloud",JavaScript,bench_new_T3_126859,,,,,Existing CM Trackers-Not Found,,,,,
stg.CLIENT_X.com.kw,Essential cookies,CLIENT_X - Kuwait,JavaScript,bench_new_T3_126422,,,,,Existing CM Trackers-Not Found,,,,,
nebula-cdn.kampyle.com,Performance cookies,Medallia,JavaScript,bench_new_T3_127932,,,TRUE,http://www.CLIENT_X.com.qa/,Existing CM Trackers-Found,,,,,
snapchat.com,Targeted Advertising cookies (including social media),Snap Inc.,HTTP Cookie,bench_new_T3_126985,,390,TRUE,https://www.CLIENT_X.jo/c-e/ho/homeid-app.html,Existing CM Trackers-Found,,,,,
www.CLIENT_X.sa,Essential cookies,,HTTP Cookie,_ga_failed_lookup_marker_79_1203,,,,,Existing CM Trackers-Not Found,,,,,
CLIENT_X.com.qa,Essential cookies,CLIENT_X - Qatar,HTTP Cookie,bench_new_T3_126757,,session,TRUE,https://www.CLIENT_X.com.qa/,Existing CM Trackers-Found,,,,,
ct.pinterest.com,Targeted Advertising cookies (including social media),Pinterest,Beacon,bench_new_T3_127177,,,,,New Third Party Trackers,,,,,
www.CLIENT_X.com.qa,Essential cookies,,HTTP Cookie,bench_new_T3_127824,,,,,Existing CM Trackers-Not Found,,,,,
CLIENT_X.com.qa,Performance cookies,CLIENT_X - Qatar,HTTP Cookie,bench_new_T3_126689,,session,TRUE,https://www.CLIENT_X.com.qa/,Existing CM Trackers-Found,,,,,
CLIENT_X.com.qa,Essential cookies,CLIENT_X - Qatar,HTTP Cookie,bench_new_T3_127188,,90,TRUE,https://www.CLIENT_X.com.qa/,Existing CM Trackers-Found,,,,,
CLIENT_X.com.qa,Performance cookies,CLIENT_X - Qatar,HTTP Cookie,bench_new_T3_126623,,0,TRUE,https://www.CLIENT_X.com.qa/,Existing CM Trackers-Found,,,,,
CLIENT_X.com.tr,Essential cookies (exempt from consent),CLIENT_X - Turkey,HTTP Cookie,s_cc,,bench_update_duration,TRUE,https://www.CLIENT_X.com.kw/,Existing CM Trackers-Found,,,,,
CLIENT_X.ae,Essential cookies,CLIENT_X - Middle East Arab,HTTP Cookie,bench_new_T3_126970,,90,,https://www.CLIENT_X.ae/,New First Party Trackers,,,,,
www.patientcare.shop.CLIENT_X.co.in,Essential cookies (exempt from consent),CLIENT_X - India,HTTP Cookie,kampyle_userid,,bench_update_duration,TRUE,https://www.CLIENT_X.com.qa/,Existing CM Trackers-Found,,,,,
CLIENT_Xb2c.file.force.com,Essential cookies,"Salesforce.com, Inc.",HTTP Cookie,bench_new_T3_126768,,365,TRUE,https://www.CLIENT_X.ae/c-f/XC000019471/CLIENT_X-one-battery-replacement-instructions,Existing CM Trackers-Found,,,,,
www.CLIENT_X.ae,Essential cookies,CLIENT_X - Middle East Arab,Beacon,bench_new_T3_127135,,,TRUE,,Existing CM Trackers-Found,,,,,
CLIENT_X.ae,Essential cookies,CLIENT_X - Middle East Arab,HTTP Cookie,bench_new_T3_127143,,,,,Existing CM Trackers-Not Found,,,,,
CLIENT_X.sa,Essential cookies,CLIENT_X - Kingdom of Saudi Arabia,HTTP Cookie,_ga_failed_lookup_marker_79_1216,,,,,Existing CM Trackers-Not Found,,,,,
www.CLIENT_X.ae,Essential cookies,CLIENT_X - Middle East Arab,HTTP Cookie,bench_new_T3_127872,,0,TRUE,https://www.CLIENT_X.ae/c-m-ho/cooking/toaster/latest,Existing CM Trackers-Found,,,,,
stg.CLIENT_X.com.kw,Essential cookies,CLIENT_X - Kuwait,HTTP Cookie,_ga_failed_lookup_marker_79_1218,,,,,Existing CM Trackers-Not Found,,,,,
fonts.yieldify-production.com,Targeted Advertising cookies (including social media),Yieldify,ETag,bench_new_T3_127428,,,,,Existing CM Trackers-Not Found,,,,,
pagead2.googlesyndication.com,Targeted Advertising cookies (including social media),Google Advertising Products,Beacon,bench_new_T3_127252,,,,,Existing CM Trackers-Not Found,,,,,
CLIENT_X.com.qa,Essential cookies,CLIENT_X - Qatar,HTTP Cookie,bench_new_T3_127445,,0,TRUE,https://www.CLIENT_X.com.qa/,Existing CM Trackers-Found,,,,,
CLIENT_X.sa,Essential cookies,CLIENT_X - Kingdom of Saudi Arabia,HTTP Cookie,bench_new_T3_127639,,0,TRUE,https://www.CLIENT_X.sa/,Existing CM Trackers-Found,,,,,
CLIENT_X.com.kw,Essential cookies,CLIENT_X - Kuwait,HTTP Cookie,bench_new_T3_127995,,90,TRUE,https://www.CLIENT_X.com.kw/,Existing CM Trackers-Found,,,,,
ct.pinterest.com,Targeted Advertising cookies (including social media),Pinterest,Beacon,bench_new_T3_127138,,,,,New Third Party Trackers,,,,,
CLIENT_Xb2c.my.salesforce.com,Essential cookies,"Salesforce.com, Inc.",HTTP Cookie,bench_new_T3_127850,,365,TRUE,https://www.CLIENT_X.ae/c-f/XC000019471/CLIENT_X-one-battery-replacement-instructions,Existing CM Trackers-Found,,,,,
stg.CLIENT_X.sa,Essential cookies,CLIENT_X - Kingdom of Saudi Arabia,HTTP Cookie,bench_new_T3_127923,,,,,Existing CM Trackers-Not Found,,,,,
www.CLIENT_X.com.kw,Essential cookies,CLIENT_X - Kuwait,HTTP Cookie,bench_new_T3_126677,,7,,https://www.CLIENT_X.com.kw/ar/c-m-so/media-players/latest,New First Party Trackers,,,,,
CLIENT_X.com.qa,Essential cookies,CLIENT_X - Qatar,HTTP Cookie,bench_new_T3_126426,,0,TRUE,https://www.CLIENT_X.com.qa/,Existing CM Trackers-Found,,,,,
CLIENT_X.no,Essential cookies (exempt from consent),CLIENT_X - Norway,HTTP Cookie,_ga,,bench_update_duration,,,Existing CM Trackers-Not Found,,,,,
www.CLIENT_X.pt,Essential cookies (exempt from consent),CLIENT_X - Portugal,HTTP Cookie,_sdsat_pgm_optin,,365,TRUE,https://www.CLIENT_X.ae/c-f/XC000019471/CLIENT_X-one-battery-replacement-instructions,Existing CM Trackers-Found,,,,,
www.CLIENT_X.com.kw,Essential cookies,,HTTP Cookie,bench_new_T3_127185,,,,,Existing CM Trackers-Not Found,,,,,
CLIENT_X.com.qa,Essential cookies,CLIENT_X - Qatar,HTTP Cookie,bench_new_T3_127079,,,,,Existing CM Trackers-Not Found,,,,,
CLIENT_X.jo,Performance cookies,CLIENT_X - Jordan,HTTP Cookie,_ga_failed_lookup_marker_79_1233,,session,TRUE,https://www.CLIENT_X.jo/,Existing CM Trackers-Found,,,,,
www.CLIENT_X.no,Essential cookies (exempt from consent),CLIENT_X - Norway,HTTP Cookie,kampyle_userid,,,,,Existing CM Trackers-Not Found,,,,,
cdn.jsdelivr.net,Performance cookies,Volentio JSD Limited,ETag,bench_new_T3_127539,,,,,Existing CM Trackers-Not Found,,,,,
www.CLIENT_X.ae,Essential cookies,CLIENT_X - Middle East Arab,HTTP Cookie,bench_new_T3_126588,,365,TRUE,https://www.CLIENT_X.ae/c-m-ho/cooking/toaster/latest,Existing CM Trackers-Found,,,,,
lighting.CLIENT_X.sa,Essential cookies,Signify (formerly CLIENT_X Lighting),HTTP Cookie,bench_new_T3_127329,,,,,Existing CM Trackers-Not Found,,,,,
www.lighting.CLIENT_X.sa,Essential cookies,Signify (formerly CLIENT_X Lighting),HTTP Cookie,_ga_failed_lookup_marker_79_1238,,,,,Existing CM Trackers-Not Found,,,,,
CLIENT_X.ae,Performance cookies,CLIENT_X - Middle East Arab,HTTP Cookie,bench_new_T3_126475,,,,,Existing CM Trackers-Not Found,,,,,
i.l-dsp.inmobicdn.net,Performance Cookies [Requires consent],InMobi Pte Ltd,JavaScript,-,,bench_update_duration,,,Existing CM Trackers-Not Found,,,,,
eloqua.com,Targeted Advertising cookies (including social media),Oracle Marketing,HTTP Cookie,bench_new_T3_127691,,392,TRUE,https://www.CLIENT_X.jo/healthcare,Existing CM Trackers-Found,,,,,
CLIENT_Xtest.scene7.com,Performance cookies,Adobe Experience Cloud - Experience Manager,JavaScript,bench_new_T3_126679,,,,,Existing CM Trackers-Not Found,,,,,
www.CLIENT_X.com.gh,Essential cookies (exempt from consent),CLIENT_X - Ghana,Local Storage,blank (local storage),,bench_update_duration,,http://www.CLIENT_X.jo/,New First Party Trackers,,,,,
www.CLIENT_X.ae,Essential cookies,,HTTP Cookie,bench_new_T3_127631,,,,,Existing CM Trackers-Not Found,,,,,
casalemedia.com,Targeted Advertising cookies (including social media),Index Exchange Inc.,HTTP Cookie,bench_new_T3_126593,,90,TRUE,https://www.CLIENT_X.jo/a-w/about-CLIENT_X/company-profile.html,Existing CM Trackers-Found,,,,,
stg.CLIENT_X.sa,Essential cookies,CLIENT_X - Kingdom of Saudi Arabia,HTTP Cookie,bench_new_T3_126951,,,,,Existing CM Trackers-Not Found,,,,,
CLIENT_X.com.qa,Essential cookies,CLIENT_X - Qatar,HTTP Cookie,bench_new_T3_127955,,,,,Existing CM Trackers-Not Found,,,,,
*.salesforceliveagent.com,Performance cookies,"Salesforce.com, Inc.",JavaScript,bench_new_T3_126445,,,,https://www.CLIENT_X.ae/c-t/XC000006201/my-CLIENT_X-toaster-smells-during-first-time-use,Existing CM Trackers-Found,,,,,
stg.CLIENT_X.com.kw,Essential cookies,CLIENT_X - Kuwait,ETag,bench_new_T3_127818,,,,,Existing CM Trackers-Not Found,,,,,
recaptcha.net,Performance cookies,Google Inc.,Local Storage,bench_new_T3_127890,,,,,Existing CM Trackers-Not Found,,,,,
CLIENT_X.com.kw,Essential cookies,CLIENT_X - Kuwait,HTTP Cookie,bench_new_T3_126587,,,,,Existing CM Trackers-Not Found,,,,,
dsum-sec.casalemedia.com,Targeted Advertising cookies (including social media),Index Exchange Inc.,Beacon,bench_new_T3_127858,,,TRUE,,Existing CM Trackers-Found,,,,,
www.CLIENT_X.sa,Essential cookies,,HTTP Cookie,bench_new_T3_127550,,,,,Existing CM Trackers-Not Found,,,,,
CLIENT_X.ae,Essential cookies,CLIENT_X - Middle East Arab,HTTP Cookie,bench_new_T3_127657,,400,TRUE,https://www.CLIENT_X.ae/,Existing CM Trackers-Found,,,,,
CLIENT_X.jo,Essential cookies,CLIENT_X - Jordan,HTTP Cookie,bench_new_T3_127682,,,,,Existing CM Trackers-Not Found,,,,,
connect.facebook.net,Targeted Advertising cookies (including social media),Meta (formerly Facebook),Beacon,_ga_failed_lookup_marker_79_1256,,,TRUE,,Existing CM Trackers-Found,,,,,
www.CLIENT_X.com.qa,Essential cookies,CLIENT_X - Qatar,ETag,bench_new_T3_126420,,,TRUE,http://www.CLIENT_X.com.qa/,Existing CM Trackers-Found,,,,,
tools.eurolandir.com,Performance cookies,Euroland,JavaScript,bench_new_T3_126644,,,,,Existing CM Trackers-Not Found,,,,,
www.google.com,Targeted Advertising cookies (including social media),Google Inc.,JavaScript,bench_new_T3_127330,,,TRUE,https://www.CLIENT_X.sa/c-m-ho/cooking/toaster/latest,Existing CM Trackers-Found,,,,,
sc-static.net,Targeted Advertising cookies (including social media),Snap Inc.,JavaScript,bench_new_T3_126727,,,TRUE,https://www.CLIENT_X.sa/c-e/ho/air-purifier-and-air-humidifier/air-performer-series-8000.html,Existing CM Trackers-Found,,,,,
consent-st.trustarc.com,Essential cookies,TrustArc,JavaScript,bench_new_T3_126429,,,TRUE,http://www.CLIENT_X.com.qa/,Existing CM Trackers-Found,,,,,
CLIENT_X.ae,Essential cookies,CLIENT_X - Middle East Arab,HTTP Cookie,bench_new_T3_127401,,,,,Existing CM Trackers-Not Found,,,,,
www.CLIENT_X.ae,Essential cookies,,HTTP Cookie,bench_new_T3_127817,,,,,Existing CM Trackers-Not Found,,,,,
www.CLIENT_X.com.qa,Performance cookies,CLIENT_X - Qatar,HTTP Cookie,bench_new_T3_126815,,session,TRUE,https://www.CLIENT_X.com.qa/,Existing CM Trackers-Found,,,,,
www.CLIENT_X.com.kw,Essential cookies,,HTTP Cookie,bench_new_T3_127681,,,,,Existing CM Trackers-Not Found,,,,,
CLIENT_X.jo,Essential cookies,CLIENT_X - Jordan,HTTP Cookie,bench_new_T3_127593,,0,TRUE,https://www.CLIENT_X.jo/,Existing CM Trackers-Found,,,,,
CLIENT_Xb2c--b2cuat.sandbox.my.site.com,Performance cookies,"Salesforce.com, Inc.",JavaScript,bench_new_T3_127675,,,,,Existing CM Trackers-Not Found,,,,,
CLIENT_X.com.qa,Essential cookies,CLIENT_X - Qatar,HTTP Cookie,bench_new_T3_127103,,60,TRUE,https://www.CLIENT_X.com.qa/,Existing CM Trackers-Found,,,,,
CLIENT_X.com.qa,Essential cookies,CLIENT_X - Qatar,HTTP Cookie,bench_new_T3_127366,,365,TRUE,https://www.CLIENT_X.com.qa/,Existing CM Trackers-Found,,,,,
d.la11-core1.sfdc-cehfhs.salesforceliveagent.com,Performance cookies,"Salesforce.com, Inc.",JavaScript,bench_new_T3_126860,,,,https://www.CLIENT_X.ae/c-t/XC000006201/my-CLIENT_X-toaster-smells-during-first-time-use,New Third Party Trackers,,,,,
www.CLIENT_X.sa,Essential cookies,CLIENT_X - Kingdom of Saudi Arabia,HTTP Cookie,bench_new_T3_127481,,365,TRUE,https://www.CLIENT_X.sa/c-m-ho/cooking/toaster/latest,Existing CM Trackers-Found,,,,,
www.CLIENT_X.sa,Essential cookies,CLIENT_X - Kingdom of Saudi Arabia,HTTP Cookie,bench_new_T3_126511,,365,TRUE,https://www.CLIENT_X.sa/c-m-ho/cooking/toaster/latest,Existing CM Trackers-Found,,,,,
www.CLIENT_X.com.kw,Essential cookies,CLIENT_X - Kuwait,HTTP Cookie,bench_new_T3_127829,,365,TRUE,https://www.CLIENT_X.com.kw/ar/c-m-so/media-players/latest,Existing CM Trackers-Found,,,,,
www.crsc.CLIENT_X.com,Targeted Advertising cookies (including social media),Koninklijke CLIENT_X N.V.,ETag,bench_new_T3_126604,,,TRUE,https://www.CLIENT_X.ae/c-e/au/motorcycle-lights/moto-selector-tool.html,Existing CM Trackers-Found,,,,,
CLIENT_X.jo,Essential cookies,CLIENT_X - Jordan,HTTP Cookie,bench_new_T3_126611,,session,TRUE,https://www.CLIENT_X.jo/,Existing CM Trackers-Found,,,,,
www.CLIENT_X.com.kw,Essential cookies,CLIENT_X - Kuwait,Beacon,_ga_failed_lookup_marker_79_1276,,,TRUE,,Existing CM Trackers-Found,,,,,
koninklijkeCLIENT_Xnvproduction2k8xfrmr.analytics.org.coveo.com,Performance cookies,Coveo Solutions Inc.,Beacon,bench_new_T3_126676,,,,,New Third Party Trackers,,,,,
CLIENT_X.ae,Performance cookies,CLIENT_X - Middle East Arab,HTTP Cookie,bench_new_T3_126956,,,,,Existing CM Trackers-Not Found,,,,,
lighting.CLIENT_X.sa,Performance cookies,Signify (formerly CLIENT_X Lighting),HTTP Cookie,bench_new_T3_126470,,,,,Existing CM Trackers-Not Found,,,,,
CLIENT_X.com.qa,Essential cookies,CLIENT_X - Qatar,HTTP Cookie,bench_new_T3_127326,,393,TRUE,https://www.CLIENT_X.com.qa/,Existing CM Trackers-Found,,,,,
i.ytimg.com,Targeted Advertising cookies (including social media),Google Inc.,ETag,bench_new_T3_127528,,,TRUE,https://www.CLIENT_X.sa/c-f/XC000004909/how-do-i-use-the-attachments-of-my-CLIENT_X-epilator,Existing CM Trackers-Found,,,,,
CLIENT_X.jo,Performance cookies,CLIENT_X - Jordan,HTTP Cookie,_ga_failed_lookup_marker_79_1282,,session,TRUE,https://www.CLIENT_X.jo/,Existing CM Trackers-Found,,,,,
www.CLIENT_X.jo,Essential cookies,CLIENT_X - Jordan,HTTP Cookie,bench_new_T3_127667,,365,TRUE,http://www.CLIENT_X.jo/,Existing CM Trackers-Found,,,,,
nebula-cdn.kampyle.com,Performance cookies,Medallia,JavaScript,bench_new_T3_127357,,,TRUE,http://www.CLIENT_X.com.qa/,Existing CM Trackers-Found,,,,,
cdn.aplazo.mx,Performance Cookies [Requires consent],Aplazo,ETag,-,,,TRUE,http://www.CLIENT_X.com.qa/,Existing CM Trackers-Found,,,,,
www.CLIENT_X.jo,Essential cookies,CLIENT_X - Jordan,HTTP Cookie,bench_new_T3_127812,,session,TRUE,http://www.CLIENT_X.jo/,Existing CM Trackers-Found,,,,,
www.CLIENT_X.com.qa,Essential cookies,CLIENT_X - Qatar,HTTP Cookie,_ga_failed_lookup_marker_79_1287,,1,TRUE,https://www.CLIENT_X.com.qa/,Existing CM Trackers-Found,,,,,
CLIENT_X.ae,Performance cookies,CLIENT_X - Middle East Arab,HTTP Cookie,bench_new_T3_127316,,,,,Existing CM Trackers-Not Found,,,,,
www.CLIENT_X.bg,Essential cookies (exempt from consent),CLIENT_X - Bulgaria,ETag,blank (etag),,89,,,Existing CM Trackers-Not Found,,,,,
www.CLIENT_X.sa,Essential cookies,CLIENT_X - Kingdom of Saudi Arabia,HTTP Cookie,bench_new_T3_127502,,session,TRUE,https://www.CLIENT_X.sa/c-m-ho/cooking/toaster/latest,Existing CM Trackers-Found,,,,,
CLIENT_X.jo,Essential cookies,CLIENT_X - Jordan,HTTP Cookie,bench_new_T3_127922,,60,TRUE,https://www.CLIENT_X.jo/,Existing CM Trackers-Found,,,,,
www.clarity.ms,Performance cookies,Microsoft,ETag,bench_new_T3_127083,,,,,Existing CM Trackers-Not Found,,,,,
snapchat.com,Targeted Advertising cookies (including social media),Snap Inc.,HTTP Cookie,bench_new_T3_127797,,390,TRUE,https://www.CLIENT_X.jo/c-e/ho/homeid-app.html,Existing CM Trackers-Found,,,,,
CLIENT_X.sa,Essential cookies,CLIENT_X - Kingdom of Saudi Arabia,HTTP Cookie,_ga_failed_lookup_marker_79_1294,,,,,Existing CM Trackers-Not Found,,,,,
www.CLIENT_X.sa,Essential cookies,CLIENT_X - Kingdom of Saudi Arabia,HTTP Cookie,bench_new_T3_127098,,365,TRUE,https://www.CLIENT_X.sa/c-m-ho/cooking/toaster/latest,Existing CM Trackers-Found,,,,,
CLIENT_X.sa,Performance cookies,CLIENT_X - Kingdom of Saudi Arabia,HTTP Cookie,bench_new_T3_127176,,,,,Existing CM Trackers-Not Found,,,,,
www.CLIENT_X.ae,Essential cookies,CLIENT_X - Middle East Arab,HTTP Cookie,bench_new_T3_127637,,0,TRUE,https://www.CLIENT_X.ae/c-m-ho/cooking/toaster/latest,Existing CM Trackers-Found,,,,,
www.CLIENT_X.com.eg,Essential cookies (exempt from consent),CLIENT_X - Egypt,HTTP Cookie,kampyleSessionPageCounter,,bench_update_duration,TRUE,https://www.CLIENT_X.sa/c-e/ho/air-purifier-and-air-humidifier/air-performer-series-7000.html,Existing CM Trackers-Found,,,,,
CLIENT_X.com.qa,Performance cookies,CLIENT_X - Qatar,HTTP Cookie,bench_new_T3_126827,,,,,Existing CM Trackers-Not Found,,,,,
halc.iadvize.com,Performance cookies,iAdvize,JavaScript,bench_new_T3_127493,,,TRUE,https://www.CLIENT_X.sa/c-e/ho/air-purifier-and-air-humidifier/air-performer-series-8000.html,Existing CM Trackers-Found,,,,,
CLIENT_X.ae,Essential cookies,CLIENT_X - Middle East Arab,HTTP Cookie,bench_new_T3_127390,,365,,https://www.CLIENT_X.ae/,New First Party Trackers,,,,,
CLIENT_X.com,Essential cookies,Koninklijke CLIENT_X N.V.,HTTP Cookie,bench_new_T3_127060,,,,,Existing CM Trackers-Not Found,,,,,
CLIENT_X.es,Essential cookies (exempt from consent),CLIENT_X - Spain,HTTP Cookie,s_gnr,,390,TRUE,https://www.CLIENT_X.jo/,Existing CM Trackers-Found,,,,,
www.lighting.CLIENT_X.com.ph,Essential cookies (exempt from consent),CLIENT_X - Philippines,HTTP Cookie,BCTempID,,365,TRUE,https://www.CLIENT_X.com.kw/ar/c-m-so/media-players/latest,Existing CM Trackers-Found,,,,,
www.CLIENT_X.ro,Essential cookies (exempt from consent),CLIENT_X - Romania,HTTP Cookie,kampyleSessionPageCounter,,bench_update_duration,,https://www.CLIENT_X.sa/,Existing CM Trackers-Found,,,,,
CLIENT_X.sa,Essential cookies,CLIENT_X - Kingdom of Saudi Arabia,HTTP Cookie,bench_new_T3_126517,,0,TRUE,https://www.CLIENT_X.sa/,Existing CM Trackers-Found,,,,,
images.CLIENT_X.com,Essential cookies,Koninklijke CLIENT_X N.V.,ETag,bench_new_T3_126979,,,TRUE,https://www.CLIENT_X.ae/c-p/AIS8540_80/all-in-one-ironing-solutions-all-in-one-8500-series,Existing CM Trackers-Found,,,,,
www.CLIENT_X.sa,Essential cookies,CLIENT_X - Kingdom of Saudi Arabia,HTTP Cookie,bench_new_T3_127799,,365,TRUE,https://www.CLIENT_X.sa/c-m-ho/cooking/toaster/latest,Existing CM Trackers-Found,,,,,
linkedin.com,Targeted Advertising cookies (including social media),LinkedIn,HTTP Cookie,bench_new_T3_126937,,365,TRUE,https://www.CLIENT_X.jo/c-e/ho/homeid-app.html,Existing CM Trackers-Found,,,,,
www.CLIENT_X.sa,Essential cookies,CLIENT_X - Kingdom of Saudi Arabia,HTTP Cookie,bench_new_T3_127531,,0,TRUE,https://www.CLIENT_X.sa/c-m-ho/cooking/toaster/latest,Existing CM Trackers-Found,,,,,
CLIENT_X.ae,Performance cookies,CLIENT_X - Middle East Arab,HTTP Cookie,bench_new_T3_127139,,session,TRUE,https://www.CLIENT_X.ae/,Existing CM Trackers-Found,,,,,
c.amazon-adsystem.com,Targeted Advertising cookies (including social media),Amazon Ads,ETag,bench_new_T3_126933,,,,,Existing CM Trackers-Not Found,,,,,
acc.CLIENT_X.sa,Essential cookies,CLIENT_X - Kingdom of Saudi Arabia,JavaScript,bench_new_T3_127108,,,,,Existing CM Trackers-Not Found,,,,,
www.CLIENT_X.com.qa,Essential cookies,CLIENT_X - Qatar,HTTP Cookie,bench_new_T3_127856,,6,,https://www.CLIENT_X.com.qa/,New First Party Trackers,,,,,
consent-pref.trustarc.com,Essential cookies,TrustArc,JavaScript,bench_new_T3_127901,,,TRUE,http://www.CLIENT_X.com.qa/,Existing CM Trackers-Found,,,,,
www.CLIENT_X.com.ar,Essential cookies (exempt from consent),CLIENT_X - Argentina,HTTP Cookie,liveagent_ptid,,729,,,Existing CM Trackers-Not Found,,,,,
CLIENT_X.sa,Targeted Advertising cookies (including social media),CLIENT_X - Kingdom of Saudi Arabia,HTTP Cookie,bench_new_T3_127969,,,,,Existing CM Trackers-Not Found,,,,,
CLIENT_X.sa,Essential cookies,CLIENT_X - Kingdom of Saudi Arabia,HTTP Cookie,_ga_failed_lookup_marker_79_1318,,60,TRUE,https://www.CLIENT_X.sa/,Existing CM Trackers-Found,,,,,
www.dentiste.CLIENT_X.fr,Essential cookies (exempt from consent),CLIENT_X - France,HTTP Cookie,PrestaShop-139f9dd026bd043dc1e1f88bb1f6086a,,365,TRUE,https://www.CLIENT_X.com.kw/ar/c-m-so/media-players/latest,Existing CM Trackers-Found,,,,,
CLIENT_X.com.qa,Essential cookies,CLIENT_X - Qatar,HTTP Cookie,bench_new_T3_127816,,60,TRUE,https://www.CLIENT_X.com.qa/,Existing CM Trackers-Found,,,,,
www.CLIENT_X.ng,Essential cookies (exempt from consent),CLIENT_X - Nigeria,ETag,blank (etag),,,,,Existing CM Trackers-Not Found,,,,,
www.CLIENT_X.ae,Essential cookies,CLIENT_X - Middle East Arab,HTTP Cookie,bench_new_T3_127324,,365,TRUE,https://www.CLIENT_X.ae/c-m-ho/cooking/toaster/latest,Existing CM Trackers-Found,,,,,
CLIENT_X.com.qa,Essential cookies,CLIENT_X - Qatar,HTTP Cookie,bench_new_T3_127492,,90,,https://www.CLIENT_X.com.qa/,New First Party Trackers,,,,,
tag.demandbase.com,Targeted Advertising cookies (including social media),"Demandbase, Inc.",JavaScript,bench_new_T3_126626,,,TRUE,https://www.CLIENT_X.com.qa/a-w/about-CLIENT_X/company-profile/businesses.html,Existing CM Trackers-Found,,,,,
custom.yieldify.com,Targeted Advertising cookies (including social media),Yieldify,JavaScript,_ga_failed_lookup_marker_79_1325,,,TRUE,http://www.CLIENT_X.ae/,Existing CM Trackers-Found,,,,,
www.recaptcha.net,Performance cookies,Google Inc.,JavaScript,bench_new_T3_127369,,,,,Existing CM Trackers-Not Found,,,,,
CLIENT_X.ae,Essential cookies,CLIENT_X - Middle East Arab,HTTP Cookie,_ga_failed_lookup_marker_79_1327,,session,TRUE,https://www.CLIENT_X.ae/,Existing CM Trackers-Found,,,,,
doubleclick.net,Targeted Advertising cookies (including social media),Google Advertising Products,HTTP Cookie,bench_new_T3_127556,,390,TRUE,https://www.CLIENT_X.jo/,Existing CM Trackers-Found,,,,,
stg.CLIENT_X.com.kw,Essential cookies,CLIENT_X - Kuwait,HTTP Cookie,bench_new_T3_127988,,,,,Existing CM Trackers-Not Found,,,,,
CLIENT_X.jo,Essential cookies,CLIENT_X - Jordan,HTTP Cookie,bench_new_T3_127573,,session,TRUE,https://www.CLIENT_X.jo/,Existing CM Trackers-Found,,,,,
lighting.CLIENT_X.dk,Essential cookies (exempt from consent),Signify (formerly CLIENT_X Lighting),HTTP Cookie,_mkto_trk,,bench_update_duration,TRUE,https://www.CLIENT_X.com.qa/c-w/support-home/support-contact-page.html,Existing CM Trackers-Found,,,,,
www.youtube-nocookie.com,Preference cookies,Google Inc.,Local Storage,yt-remote-connected-devices,,0,TRUE,https://www.CLIENT_X.jo/,Existing CM Trackers-Found,,,,,
www.CLIENT_X.sa,Essential cookies,CLIENT_X - Kingdom of Saudi Arabia,HTTP Cookie,bench_new_T3_127632,,0,TRUE,https://www.CLIENT_X.sa/c-m-ho/cooking/toaster/latest,Existing CM Trackers-Found,,,,,
CLIENT_X.ae,Essential cookies,CLIENT_X - Middle East Arab,HTTP Cookie,bench_new_T3_127278,,session,TRUE,https://www.CLIENT_X.ae/,Existing CM Trackers-Found,,,,,
smetrics.marketing.lighting.CLIENT_X.sa,Essential cookies,CLIENT_X - Kingdom of Saudi Arabia,JavaScript,bench_new_T3_127057,,,,,Existing CM Trackers-Not Found,,,,,
www.CLIENT_X.jo,Essential cookies,CLIENT_X - Jordan,HTTP Cookie,bench_new_T3_126899,,365,TRUE,http://www.CLIENT_X.jo/,Existing CM Trackers-Found,,,,,
CLIENT_X.ae,Essential cookies,CLIENT_X - Middle East Arab,HTTP Cookie,bench_new_T3_126918,,90,TRUE,https://www.CLIENT_X.ae/,Existing CM Trackers-Found,,,,,
www.centralamerica.CLIENT_X.com,Essential cookies (exempt from consent),Koninklijke CLIENT_X N.V.,HTTP Cookie,T01-recentlyViewedProducts,,,,,Existing CM Trackers-Not Found,,,,,
lighting.CLIENT_X.sa,Essential cookies,Signify (formerly CLIENT_X Lighting),HTTP Cookie,bench_new_T3_126700,,,,,Existing CM Trackers-Not Found,,,,,
CLIENT_X.jo,Essential cookies,CLIENT_X - Jordan,HTTP Cookie,_ga_failed_lookup_marker_79_1340,,,,,Existing CM Trackers-Not Found,,,,,
CLIENT_X.com.qa,Essential cookies,CLIENT_X - Qatar,HTTP Cookie,bench_new_T3_127090,,400,TRUE,https://www.CLIENT_X.com.qa/,Existing CM Trackers-Found,,,,,
CLIENT_X.sa,Essential cookies,CLIENT_X - Kingdom of Saudi Arabia,HTTP Cookie,bench_new_T3_126761,,365,TRUE,https://www.CLIENT_X.sa/,Existing CM Trackers-Found,,,,,
www.CLIENT_X.com.kw,Essential cookies,CLIENT_X - Kuwait,HTTP Cookie,bench_new_T3_127242,,365,TRUE,https://www.CLIENT_X.com.kw/ar/c-m-so/media-players/latest,Existing CM Trackers-Found,,,,,
nebula-cdn.kampyle.com,Performance cookies,Medallia,JavaScript,bench_new_T3_127140,,,TRUE,http://www.CLIENT_X.com.qa/,Existing CM Trackers-Found,,,,,
CLIENT_X.sa,Essential cookies,CLIENT_X - Kingdom of Saudi Arabia,HTTP Cookie,bench_new_T3_126798,,0,TRUE,https://www.CLIENT_X.sa/,Existing CM Trackers-Found,,,,,
linkedin.com,Targeted Advertising cookies (including social media),LinkedIn,HTTP Cookie,bench_new_T3_127643,,1,TRUE,https://www.CLIENT_X.jo/c-e/ho/homeid-app.html,Existing CM Trackers-Found,,,,,
CLIENT_X.com.ar,Essential cookies (exempt from consent),CLIENT_X - Argentina,HTTP Cookie,TAsessionID,,729,TRUE,https://www.CLIENT_X.ae/,Existing CM Trackers-Found,,,,,
www.CLIENT_X.sa,Essential cookies,CLIENT_X - Kingdom of Saudi Arabia,HTTP Cookie,bench_new_T3_126597,,365,TRUE,https://www.CLIENT_X.sa/c-m-ho/cooking/toaster/latest,Existing CM Trackers-Found,,,,,
CLIENT_X.com.qa,Targeted Advertising cookies (including social media),CLIENT_X - Qatar,HTTP Cookie,bench_new_T3_126987,,7,TRUE,https://www.CLIENT_X.com.qa/,Existing CM Trackers-Found,,,,,
*.t.eloqua.com,Targeted Advertising cookies (including social media),Oracle Marketing,Beacon,bench_new_T3_127500,,,,,Existing CM Trackers-Found,,,,,
CLIENT_X.ae,Essential cookies,CLIENT_X - Middle East Arab,HTTP Cookie,bench_new_T3_126746,,393,TRUE,https://www.CLIENT_X.ae/,Existing CM Trackers-Found,,,,,
CLIENT_X.ae,Essential cookies,CLIENT_X - Middle East Arab,Local Storage,bench_new_T3_127602,,,TRUE,https://www.CLIENT_X.ae/c-w/support-home/support-contact-page.html,Existing CM Trackers-Found,,,,,
lighting.CLIENT_X.sa,Essential cookies,Signify (formerly CLIENT_X Lighting),HTTP Cookie,bench_new_T3_127514,,,,,Existing CM Trackers-Not Found,,,,,
www.CLIENT_X.ae,Essential cookies,CLIENT_X - Middle East Arab,HTTP Cookie,bench_new_T3_127915,,365,TRUE,https://www.CLIENT_X.ae/c-m-ho/cooking/toaster/latest,Existing CM Trackers-Found,,,,,
CLIENT_X.co.uk,Essential cookies (exempt from consent),CLIENT_X - United Kingdom,HTTP Cookie,_yi,,bench_update_duration,,,Existing CM Trackers-Not Found,,,,,
CLIENT_X.sa,Essential cookies,CLIENT_X - Kingdom of Saudi Arabia,HTTP Cookie,bench_new_T3_126702,,365,TRUE,https://www.CLIENT_X.sa/,Existing CM Trackers-Found,,,,,
i.ytimg.com,Targeted Advertising cookies (including social media),Google Inc.,ETag,bench_new_T3_127916,,,TRUE,https://www.CLIENT_X.sa/c-f/XC000004909/how-do-i-use-the-attachments-of-my-CLIENT_X-epilator,Existing CM Trackers-Found,,,,,
www.gstatic.com,Performance cookies,Google Inc.,JavaScript,bench_new_T3_127617,,,TRUE,https://www.CLIENT_X.sa/c-m-ho/cooking/toaster/latest,Existing CM Trackers-Found,,,,,
stg.accounts.CLIENT_X.com,Targeted Advertising cookies (including social media),Koninklijke CLIENT_X N.V.,JavaScript,bench_new_T3_127849,,,,,Existing CM Trackers-Not Found,,,,,
lighting.CLIENT_X.sa,Essential cookies,Signify (formerly CLIENT_X Lighting),Local Storage,bench_new_T3_127203,,,,,Existing CM Trackers-Not Found,,,,,
www.CLIENT_X.com.kw,Essential cookies,CLIENT_X - Kuwait,HTTP Cookie,bench_new_T3_126417,,1,TRUE,https://www.CLIENT_X.com.kw/ar/c-m-so/media-players/latest,Existing CM Trackers-Found,,,,,
stg.static.accounts.CLIENT_X.com,Targeted Advertising cookies (including social media),Koninklijke CLIENT_X N.V.,JavaScript,bench_new_T3_127661,,,,,Existing CM Trackers-Not Found,,,,,
CLIENT_X.com.qa,Essential cookies,CLIENT_X - Qatar,HTTP Cookie,bench_new_T3_127440,,90,,https://www.CLIENT_X.com.qa/,New First Party Trackers,,,,,
CLIENT_Xb2c.my.salesforce.com,Essential cookies,"Salesforce.com, Inc.",HTTP Cookie,bench_new_T3_127489,,365,TRUE,https://www.CLIENT_X.ae/c-f/XC000019471/CLIENT_X-one-battery-replacement-instructions,Existing CM Trackers-Found,,,,,
www.CLIENT_X.sa,Essential cookies,,HTTP Cookie,bench_new_T3_127895,,,,,Existing CM Trackers-Not Found,,,,,
CLIENT_X.sa,Essential cookies,CLIENT_X - Kingdom of Saudi Arabia,HTTP Cookie,bench_new_T3_126754,,,,,Existing CM Trackers-Not Found,,,,,
www.CLIENT_X.sa,Essential cookies,CLIENT_X - Kingdom of Saudi Arabia,HTTP Cookie,bench_new_T3_127068,,400,TRUE,https://www.CLIENT_X.sa/c-m-ho/cooking/toaster/latest,Existing CM Trackers-Found,,,,,
agent-versuni.mindtouch.us,Performance cookies,MindTouch,HTTP Cookie,bench_new_T3_126821,,400,,https://www.CLIENT_X.jo/en/c-f/XC000021443/my-CLIENT_X-fan-makes-an-unusual-noise-when-oscillating,New Third Party Trackers,,,,,
CLIENT_X.com.kw,Essential cookies,CLIENT_X - Kuwait,HTTP Cookie,bench_new_T3_127301,,,,https://www.CLIENT_X.com.kw/,Existing CM Trackers-Found,,,,,
www.lighting.CLIENT_X.sa,Essential cookies,Signify (formerly CLIENT_X Lighting),JavaScript,bench_new_T3_127209,,,,,Existing CM Trackers-Not Found,,,,,
www.google.com,Targeted Advertising cookies (including social media),Google Inc.,Beacon,bench_new_T3_126642,,,TRUE,,Existing CM Trackers-Found,,,,,
CLIENT_X.si,Essential cookies (exempt from consent),CLIENT_X - Slovenia,HTTP Cookie,s_cm,,bench_update_duration,,,Existing CM Trackers-Not Found,,,,,
CLIENT_X.co.uk,Essential cookies (exempt from consent),CLIENT_X - United Kingdom,HTTP Cookie,s_eVar44,,bench_update_duration,,,Existing CM Trackers-Not Found,,,,,
tr.snapchat.com,Targeted Advertising cookies (including social media),Snap Inc.,JavaScript,bench_new_T3_127180,,,TRUE,https://www.CLIENT_X.sa/c-e/ho/cooking/all-in-one-cooker-3000.html,Existing CM Trackers-Found,,,,,
assets.adobedtm.com,Performance cookies,Adobe Inc.,JavaScript,bench_new_T3_126695,,,,,Existing CM Trackers-Not Found,,,,,
CLIENT_X.com.kw,Essential cookies,CLIENT_X - Kuwait,HTTP Cookie,bench_new_T3_127833,,400,,https://www.CLIENT_X.com.kw/,New First Party Trackers,,,,,
CLIENT_X.com.qa,Targeted Advertising cookies (including social media),CLIENT_X - Qatar,HTTP Cookie,bench_new_T3_126659,,90,TRUE,https://www.CLIENT_X.com.qa/,Existing CM Trackers-Found,,,,,
CLIENT_X.ng,Essential cookies (exempt from consent),CLIENT_X - Nigeria,HTTP Cookie,s_ugv,,bench_update_duration,,,Existing CM Trackers-Not Found,,,,,
www.CLIENT_X.ae,Essential cookies,CLIENT_X - Middle East Arab,HTTP Cookie,bench_new_T3_126767,,365,TRUE,https://www.CLIENT_X.ae/c-m-ho/cooking/toaster/latest,Existing CM Trackers-Found,,,,,
stg.CLIENT_X.com.kw,Essential cookies,CLIENT_X - Kuwait,Local Storage,bench_new_T3_127871,,,,,Existing CM Trackers-Not Found,,,,,
www.CLIENT_X.sa,Essential cookies,CLIENT_X - Kingdom of Saudi Arabia,HTTP Cookie,bench_new_T3_127212,,365,TRUE,https://www.CLIENT_X.sa/c-m-ho/cooking/toaster/latest,Existing CM Trackers-Found,,,,,
www.CLIENT_X.sa,Essential cookies,,HTTP Cookie,bench_new_T3_127359,,,,,Existing CM Trackers-Not Found,,,,,
static.cloud.coveo.com,Targeted Advertising cookies (including social media),Coveo Solutions Inc.,ETag,bench_new_T3_127934,,,TRUE,https://www.CLIENT_X.ae/healthcare/about/support/resource-center/results,Existing CM Trackers-Found,,,,,
www.CLIENT_X.sa,Performance cookies,,HTTP Cookie,bench_new_T3_127513,,,,,Existing CM Trackers-Not Found,,,,,
api-maps.yandex.ru,Targeted Advertising Cookies (including social media) [Requires consent],Yandex,JavaScript,-,,,,,Existing CM Trackers-Not Found,,,,,
CLIENT_X.com.kw,Essential cookies,CLIENT_X - Kuwait,HTTP Cookie,bench_new_T3_127349,,90,,https://www.CLIENT_X.com.kw/,New First Party Trackers,,,,,
CLIENT_Xb2c.lightning.force.com,Essential cookies,"Salesforce.com, Inc.",HTTP Cookie,bench_new_T3_127931,,365,TRUE,https://www.CLIENT_X.ae/c-f/XC000019471/CLIENT_X-one-battery-replacement-instructions,Existing CM Trackers-Found,,,,,
tag-logger.demandbase.com,Targeted Advertising cookies (including social media),"Demandbase, Inc.",ETag,bench_new_T3_127742,,,,https://www.CLIENT_X.ae/a-w/about-CLIENT_X/company/businesses.html,New Third Party Trackers,,,,,
www.CLIENT_X.ae,Essential cookies,CLIENT_X - Middle East Arab,HTTP Cookie,bench_new_T3_126896,,365,TRUE,https://www.CLIENT_X.ae/c-m-ho/cooking/toaster/latest,Existing CM Trackers-Found,,,,,
CLIENT_X.jo,Essential cookies,CLIENT_X - Jordan,HTTP Cookie,bench_new_T3_126649,,,,,Existing CM Trackers-Not Found,,,,,
CLIENT_X.ro,Essential cookies (exempt from consent),CLIENT_X - Romania,HTTP Cookie,iadvize_test_cookie_top_domain,,,,,Existing CM Trackers-Not Found,,,,,
CLIENT_X.ae,Performance cookies,CLIENT_X - Middle East Arab,HTTP Cookie,bench_new_T3_127338,,0,TRUE,https://www.CLIENT_X.ae/,Existing CM Trackers-Found,,,,,
www.clarity.ms,Performance cookies,Microsoft,ETag,bench_new_T3_127724,,,,,Existing CM Trackers-Not Found,,,,,
CLIENT_X.ae,Essential cookies,CLIENT_X - Middle East Arab,HTTP Cookie,bench_new_T3_127703,,,,,Existing CM Trackers-Not Found,,,,,
pagead2.googlesyndication.com,Targeted Advertising cookies (including social media),Google Advertising Products,Beacon,_ga_failed_lookup_marker_79_1395,,,,,Existing CM Trackers-Not Found,,,,,
CLIENT_X.sa,Essential cookies,CLIENT_X - Kingdom of Saudi Arabia,HTTP Cookie,bench_new_T3_126629,,0,TRUE,https://www.CLIENT_X.sa/,Existing CM Trackers-Found,,,,,
www.subscription.CLIENT_X.ro,Essential cookies (exempt from consent),CLIENT_X - Romania,HTTP Cookie,fl_qualified_entry,,bench_update_duration,,,Existing CM Trackers-Not Found,,,,,
www.CLIENT_X.sa,Essential cookies,,HTTP Cookie,bench_new_T3_127277,,,,,Existing CM Trackers-Not Found,,,,,
www.CLIENT_X.sa,Essential cookies,,HTTP Cookie,bench_new_T3_127044,,,,,Existing CM Trackers-Not Found,,,,,
CLIENT_X.com.kw,Performance cookies,CLIENT_X - Kuwait,HTTP Cookie,bench_new_T3_127853,,0,TRUE,https://www.CLIENT_X.com.kw/,Existing CM Trackers-Found,,,,,
www.CLIENT_X.com.kw,Essential cookies,CLIENT_X - Kuwait,HTTP Cookie,_ga_failed_lookup_marker_79_1401,,1,TRUE,https://www.CLIENT_X.com.kw/ar/c-m-so/media-players/latest,Existing CM Trackers-Found,,,,,
CLIENT_X.com.qa,Essential cookies,CLIENT_X - Qatar,HTTP Cookie,bench_new_T3_126500,,400,TRUE,https://www.CLIENT_X.com.qa/,Existing CM Trackers-Found,,,,,
www.CLIENT_X.co.id,Essential cookies (exempt from consent),CLIENT_X - Indonesia,HTTP Cookie,kampyleUserSessionsCount,,,,,Existing CM Trackers-Not Found,,,,,
www.CLIENT_X.it,Essential cookies (exempt from consent),CLIENT_X - Italy,HTTP Cookie,AWSELBCORS,,0,,https://www.CLIENT_X.ae/a-w/cookie-notice,New Third Party Trackers,,,,,
CLIENT_X.sa,Essential cookies,CLIENT_X - Kingdom of Saudi Arabia,HTTP Cookie,bench_new_T3_127731,,session,TRUE,https://www.CLIENT_X.sa/,Existing CM Trackers-Found,,,,,
www.CLIENT_X.com.kw,Performance cookies,,HTTP Cookie,_ga_failed_lookup_marker_79_1406,,,,,Existing CM Trackers-Not Found,,,,,
CLIENT_X.com,Essential cookies (exempt from consent),Koninklijke CLIENT_X N.V.,HTTP Cookie,_gcl_aw,,bench_update_duration,TRUE,https://www.CLIENT_X.jo/c-w/support-home/support-contact-page,Existing CM Trackers-Found,,,,,
CLIENT_X.com.qa,Essential cookies,CLIENT_X - Qatar,HTTP Cookie,bench_new_T3_126850,,session,TRUE,https://www.CLIENT_X.com.qa/,Existing CM Trackers-Found,,,,,
www.CLIENT_X.jo,Essential cookies,,HTTP Cookie,bench_new_T3_127439,,,,,Existing CM Trackers-Not Found,,,,,
www.CLIENT_X.de,Essential cookies (exempt from consent),CLIENT_X - Germany,HTTP Cookie,RT,,365,TRUE,https://www.CLIENT_X.jo/a-w/about-CLIENT_X/company-profile.html,Existing CM Trackers-Found,,,,,
CLIENT_X.jo,Essential cookies,CLIENT_X - Jordan,HTTP Cookie,bench_new_T3_126938,,0,TRUE,https://www.CLIENT_X.jo/,Existing CM Trackers-Found,,,,,
assets-v2.yieldify.com,Targeted Advertising cookies (including social media),Yieldify,ETag,bench_new_T3_126714,,,,,Existing CM Trackers-Not Found,,,,,
www.CLIENT_X.ae,Essential cookies,CLIENT_X - Middle East Arab,HTTP Cookie,bench_new_T3_127733,,365,TRUE,https://www.CLIENT_X.ae/c-m-ho/cooking/toaster/latest,Existing CM Trackers-Found,,,,,
www.CLIENT_X.com.qa,Essential cookies,,HTTP Cookie,bench_new_T3_127905,,,,,Existing CM Trackers-Not Found,,,,,
www.CLIENT_X.com.qa,Essential cookies,CLIENT_X - Qatar,ETag,bench_new_T3_126462,,,TRUE,http://www.CLIENT_X.com.qa/,Existing CM Trackers-Found,,,,,
lighting.CLIENT_X.sa,Essential cookies,Signify (formerly CLIENT_X Lighting),HTTP Cookie,bench_new_T3_127579,,,,,Existing CM Trackers-Not Found,,,,,
CLIENT_X.jo,Essential cookies,CLIENT_X - Jordan,HTTP Cookie,bench_new_T3_127792,,session,TRUE,https://www.CLIENT_X.jo/,Existing CM Trackers-Found,,,,,
CLIENT_X.com.kw,Essential cookies,CLIENT_X - Kuwait,HTTP Cookie,bench_new_T3_127959,,0,TRUE,https://www.CLIENT_X.com.kw/,Existing CM Trackers-Found,,,,,
CLIENT_Xb2c.my.site.com,Performance cookies,"Salesforce.com, Inc.",Local Storage,bench_new_T3_126906,,,TRUE,https://www.CLIENT_X.ae/c-w/support-home/support-contact-page.html,Existing CM Trackers-Found,,,,,
CLIENT_X.jo,Essential cookies,CLIENT_X - Jordan,HTTP Cookie,bench_new_T3_127019,,400,TRUE,https://www.CLIENT_X.jo/,Existing CM Trackers-Found,,,,,
CLIENT_Xb2c.my.site.com,Performance cookies,"Salesforce.com, Inc.",JavaScript,bench_new_T3_126599,,,TRUE,https://www.CLIENT_X.com.qa/c-w/support-home/support-contact-page.html,Existing CM Trackers-Found,,,,,
CLIENT_X.ae,Essential cookies,CLIENT_X - Middle East Arab,HTTP Cookie,bench_new_T3_127819,,0,TRUE,https://www.CLIENT_X.ae/,Existing CM Trackers-Found,,,,,
www.CLIENT_X.com.au,Essential cookies (exempt from consent),CLIENT_X - Australia,Local Storage,blank (local storage),,bench_update_duration,TRUE,https://www.CLIENT_X.jo/c-e/ho/homeid-app.html,Existing CM Trackers-Found,,,,,
CLIENT_X.com.qa,Essential cookies,CLIENT_X - Qatar,HTTP Cookie,bench_new_T3_126942,,session,TRUE,https://www.CLIENT_X.com.qa/,Existing CM Trackers-Found,,,,,
CLIENT_X.jo,Essential cookies,CLIENT_X - Jordan,HTTP Cookie,_ga_failed_lookup_marker_79_1425,,90,TRUE,https://www.CLIENT_X.jo/,Existing CM Trackers-Found,,,,,
CLIENT_X.sa,Essential cookies,CLIENT_X - Kingdom of Saudi Arabia,HTTP Cookie,bench_new_T3_126433,,365,,https://www.CLIENT_X.sa/,New First Party Trackers,,,,,
lighting.CLIENT_X.com.my,Essential cookies (exempt from consent),Signify (formerly CLIENT_X Lighting),HTTP Cookie,s_ppv,,session,TRUE,https://www.CLIENT_X.jo/,Existing CM Trackers-Found,,,,,
www.CLIENT_X.ae,Essential cookies,CLIENT_X - Middle East Arab,HTTP Cookie,_ga_failed_lookup_marker_79_1428,,7,,https://www.CLIENT_X.ae/c-m-ho/cooking/toaster/latest,New First Party Trackers,,,,,
assets.kampyle.com,Performance cookies,Medallia,ETag,bench_new_T3_127501,,,TRUE,https://www.CLIENT_X.sa/en/a-w/about.html,Existing CM Trackers-Found,,,,,
CLIENT_X.jo,Essential cookies,CLIENT_X - Jordan,HTTP Cookie,bench_new_T3_126431,,,,,Existing CM Trackers-Not Found,,,,,
www.CLIENT_X.com.qa,Essential cookies,,HTTP Cookie,bench_new_T3_127416,,,,,Existing CM Trackers-Not Found,,,,,
CLIENT_X.ae,Essential cookies,CLIENT_X - Middle East Arab,HTTP Cookie,bench_new_T3_127936,,0,TRUE,https://www.CLIENT_X.ae/,Existing CM Trackers-Found,,,,,
CLIENT_X.com.qa,Essential cookies,CLIENT_X - Qatar,HTTP Cookie,_ga_failed_lookup_marker_79_1433,,393,TRUE,https://www.CLIENT_X.com.qa/,Existing CM Trackers-Found,,,,,
CLIENT_X.jo,Essential cookies,CLIENT_X - Jordan,HTTP Cookie,bench_new_T3_127042,,400,TRUE,https://www.CLIENT_X.jo/,Existing CM Trackers-Found,,,,,
www.CLIENT_X.sa,Essential cookies,,HTTP Cookie,bench_new_T3_126592,,,,,Existing CM Trackers-Not Found,,,,,
CLIENT_X.jo,Essential cookies,CLIENT_X - Jordan,Local Storage,bench_new_T3_127413,,,TRUE,https://www.CLIENT_X.jo/c-w/support-home/support-contact-page,Existing CM Trackers-Found,,,,,
CLIENT_X.com.br,Essential cookies (exempt from consent),CLIENT_X - Brazil,HTTP Cookie,at_check,,,,,Existing CM Trackers-Not Found,,,,,
agent-versuni.mindtouch.us,Performance cookies,MindTouch,HTTP Cookie,_ga_failed_lookup_marker_79_1438,,session,,https://www.CLIENT_X.jo/en/c-f/XC000021443/my-CLIENT_X-fan-makes-an-unusual-noise-when-oscillating,New Third Party Trackers,,,,,
CLIENT_X.jo,Essential cookies,CLIENT_X - Jordan,HTTP Cookie,bench_new_T3_127989,,0,TRUE,https://www.CLIENT_X.jo/,Existing CM Trackers-Found,,,,,
lighting.CLIENT_X.sa,Performance cookies,Signify (formerly CLIENT_X Lighting),HTTP Cookie,bench_new_T3_126964,,,,,Existing CM Trackers-Not Found,,,,,
www.CLIENT_X.sa,Essential cookies,CLIENT_X - Kingdom of Saudi Arabia,HTTP Cookie,bench_new_T3_127353,,365,TRUE,https://www.CLIENT_X.sa/c-m-ho/cooking/toaster/latest,Existing CM Trackers-Found,,,,,
www.lighting.CLIENT_X.sa,Essential cookies,Signify (formerly CLIENT_X Lighting),HTTP Cookie,bench_new_T3_126510,,,,,Existing CM Trackers-Not Found,,,,,
CLIENT_X.sa,Essential cookies,CLIENT_X - Kingdom of Saudi Arabia,HTTP Cookie,bench_new_T3_127351,,,,,Existing CM Trackers-Not Found,,,,,
CLIENT_X.com.kw,Essential cookies,CLIENT_X - Kuwait,HTTP Cookie,bench_new_T3_127677,,400,TRUE,https://www.CLIENT_X.com.kw/,Existing CM Trackers-Found,,,,,
CLIENT_X.jo,Performance cookies,CLIENT_X - Jordan,HTTP Cookie,_ga_failed_lookup_marker_79_1445,,,,,Existing CM Trackers-Not Found,,,,,
CLIENT_X.ae,Essential cookies,CLIENT_X - Middle East Arab,HTTP Cookie,bench_new_T3_127601,,0,TRUE,https://www.CLIENT_X.ae/,Existing CM Trackers-Found,,,,,
CLIENT_X.sk,Essential cookies (exempt from consent),CLIENT_X - Slovakia,HTTP Cookie,_ga,,bench_update_duration,,,Existing CM Trackers-Not Found,,,,,
CLIENT_X.com.mx,Essential cookies (exempt from consent),CLIENT_X - Mexico,HTTP Cookie,s_pv,,,,,Existing CM Trackers-Not Found,,,,,
halc.iadvize.com,Performance cookies,iAdvize,JavaScript,bench_new_T3_126454,,,TRUE,https://www.CLIENT_X.sa/c-e/ho/air-purifier-and-air-humidifier/air-performer-series-8000.html,Existing CM Trackers-Found,,,,,
CLIENT_X.ae,Performance cookies,CLIENT_X - Middle East Arab,HTTP Cookie,bench_new_T3_127758,,,,https://www.CLIENT_X.ae/,Existing CM Trackers-Found,,,,,
static.cloud.coveo.com,Targeted Advertising cookies (including social media),Coveo Solutions Inc.,JavaScript,bench_new_T3_126875,,,TRUE,https://www.CLIENT_X.ae/healthcare/about/support/resource-center/results,Existing CM Trackers-Found,,,,,
www.CLIENT_X.sa,Essential cookies,CLIENT_X - Kingdom of Saudi Arabia,HTTP Cookie,bench_new_T3_127033,,365,TRUE,https://www.CLIENT_X.sa/c-m-ho/cooking/toaster/latest,Existing CM Trackers-Found,,,,,
www.CLIENT_X.com.pe,Essential cookies (exempt from consent),CLIENT_X - Peru,HTTP Cookie,T01-recentlyViewedProducts,,bench_update_duration,TRUE,https://www.CLIENT_X.ae/healthcare/about/support/resource-center/results,Existing CM Trackers-Found,,,,,
www.CLIENT_X.ae,Essential cookies,,HTTP Cookie,_ga_failed_lookup_marker_79_1454,,,,,Existing CM Trackers-Not Found,,,,,
www.googleadservices.com,Targeted Advertising cookies (including social media),Google Advertising Products,ETag,bench_new_T3_126512,,,,,Existing CM Trackers-Not Found,,,,,
CLIENT_X.jo,Performance cookies,CLIENT_X - Jordan,HTTP Cookie,bench_new_T3_126619,,0,TRUE,https://www.CLIENT_X.jo/,Existing CM Trackers-Found,,,,,
www.CLIENT_X.ae,Essential cookies,CLIENT_X - Middle East Arab,HTTP Cookie,bench_new_T3_127913,,365,TRUE,https://www.CLIENT_X.ae/c-m-ho/cooking/toaster/latest,Existing CM Trackers-Found,,,,,
stg.CLIENT_X.com.kw,Essential cookies,CLIENT_X - Kuwait,ETag,bench_new_T3_127841,,,,,Existing CM Trackers-Not Found,,,,,
www.CLIENT_X.com.kw,Essential cookies,CLIENT_X - Kuwait,HTTP Cookie,bench_new_T3_127406,,365,TRUE,https://www.CLIENT_X.com.kw/ar/c-m-so/media-players/latest,Existing CM Trackers-Found,,,,,
recaptcha.net,Performance cookies,Google Inc.,Local Storage,bench_new_T3_127721,,,,,Existing CM Trackers-Not Found,,,,,
CLIENT_X.com.kw,Essential cookies,CLIENT_X - Kuwait,HTTP Cookie,bench_new_T3_126976,,90,,https://www.CLIENT_X.com.kw/,New First Party Trackers,,,,,
CLIENT_X.jo,Essential cookies,CLIENT_X - Jordan,HTTP Cookie,bench_new_T3_127748,,session,TRUE,https://www.CLIENT_X.jo/,Existing CM Trackers-Found,,,,,
CLIENT_X.ae,Essential cookies,CLIENT_X - Middle East Arab,HTTP Cookie,bench_new_T3_127979,,,,,Existing CM Trackers-Not Found,,,,,
www.lighting.CLIENT_X.sa,Essential cookies,Signify (formerly CLIENT_X Lighting),HTTP Cookie,bench_new_T3_127587,,,,,Existing CM Trackers-Not Found,,,,,
CLIENT_X.com.qa,Essential cookies,CLIENT_X - Qatar,HTTP Cookie,bench_new_T3_127164,,0,TRUE,https://www.CLIENT_X.com.qa/,Existing CM Trackers-Found,,,,,
demdex.net,Targeted Advertising cookies (including social media),"Adobe Audience Manager, Adobe Experience Cloud",HTTP Cookie,_ga_failed_lookup_marker_79_1466,,,,,Existing CM Trackers-Not Found,,,,,
s.pinimg.com,Targeted Advertising cookies (including social media),Pinterest,ETag,bench_new_T3_126653,,,,http://www.CLIENT_X.ae/,New Third Party Trackers,,,,,
www.CLIENT_X.com.qa,Essential cookies,CLIENT_X - Qatar,HTTP Cookie,bench_new_T3_127218,,0,,https://www.CLIENT_X.com.qa/,New First Party Trackers,,,,,
www.CLIENT_X.com.kw,Essential cookies,CLIENT_X - Kuwait,HTTP Cookie,bench_new_T3_127823,,365,TRUE,https://www.CLIENT_X.com.kw/ar/c-m-so/media-players/latest,Existing CM Trackers-Found,,,,,
halc.iadvize.com,Performance cookies,iAdvize,JavaScript,bench_new_T3_127695,,,TRUE,https://www.CLIENT_X.sa/c-e/ho/air-purifier-and-air-humidifier/air-performer-series-8000.html,Existing CM Trackers-Found,,,,,
CLIENT_X.jo,Essential cookies,CLIENT_X - Jordan,HTTP Cookie,bench_new_T3_127655,,,,,Existing CM Trackers-Not Found,,,,,
ct.pinterest.com,Targeted Advertising cookies (including social media),Pinterest,ETag,bench_new_T3_126447,,,,http://www.CLIENT_X.ae/,New Third Party Trackers,,,,,
CLIENT_X.com.kw,Essential cookies,CLIENT_X - Kuwait,HTTP Cookie,bench_new_T3_127023,,session,TRUE,https://www.CLIENT_X.com.kw/,Existing CM Trackers-Found,,,,,
www.CLIENT_X.ae,Essential cookies,CLIENT_X - Middle East Arab,HTTP Cookie,bench_new_T3_127903,,365,TRUE,https://www.CLIENT_X.ae/c-m-ho/cooking/toaster/latest,Existing CM Trackers-Found,,,,,
CLIENT_X.com.qa,Targeted Advertising cookies (including social media),CLIENT_X - Qatar,HTTP Cookie,_ga_failed_lookup_marker_79_1475,,90,TRUE,https://www.CLIENT_X.com.qa/,Existing CM Trackers-Found,,,,,
lighting.CLIENT_X.sa,Essential cookies,Signify (formerly CLIENT_X Lighting),Local Storage,bench_new_T3_127735,,,,,Existing CM Trackers-Not Found,,,,,
www.CLIENT_X.com.qa,Essential cookies,CLIENT_X - Qatar,HTTP Cookie,bench_new_T3_126833,,1,TRUE,https://www.CLIENT_X.com.qa/,Existing CM Trackers-Found,,,,,
CLIENT_Xb2c.my.site.com,Performance cookies,"Salesforce.com, Inc.",ETag,_ga_failed_lookup_marker_79_1478,,,TRUE,https://www.CLIENT_X.com.qa/c-w/support-home/support-contact-page.html,Existing CM Trackers-Found,,,,,
www.googletagmanager.com,Performance cookies,Google Inc.,Beacon,bench_new_T3_127974,,,TRUE,,Existing CM Trackers-Found,,,,,
CLIENT_X.sa,Essential cookies,CLIENT_X - Kingdom of Saudi Arabia,HTTP Cookie,bench_new_T3_127056,,0,TRUE,https://www.CLIENT_X.sa/,Existing CM Trackers-Found,,,,,
static.hotjar.com,Performance cookies,Hotjar,JavaScript,bench_new_T3_126849,,,,,Existing CM Trackers-Not Found,,,,,
CLIENT_Xb2c.my.salesforce.com,Essential cookies,"Salesforce.com, Inc.",HTTP Cookie,bench_new_T3_126861,,365,TRUE,https://www.CLIENT_X.ae/c-f/XC000019471/CLIENT_X-one-battery-replacement-instructions,Existing CM Trackers-Found,,,,,
CLIENT_X.ae,Essential cookies,CLIENT_X - Middle East Arab,Local Storage,bench_new_T3_126439,,,TRUE,https://www.CLIENT_X.ae/c-w/support-home/support-contact-page.html,Existing CM Trackers-Found,,,,,
demdex.net,Targeted Advertising cookies (including social media),"Adobe Audience Manager, Adobe Experience Cloud",HTTP Cookie,bench_new_T3_126953,,,,,Existing CM Trackers-Not Found,,,,,
CLIENT_X.ae,Essential cookies,CLIENT_X - Middle East Arab,HTTP Cookie,bench_new_T3_127153,,session,TRUE,https://www.CLIENT_X.ae/,Existing CM Trackers-Found,,,,,
agent-versuni.mindtouch.us,Performance cookies,MindTouch,HTTP Cookie,bench_new_T3_127603,,400,,https://www.CLIENT_X.jo/en/c-f/XC000021443/my-CLIENT_X-fan-makes-an-unusual-noise-when-oscillating,New Third Party Trackers,,,,,
CLIENT_X.ae,Performance cookies,CLIENT_X - Middle East Arab,HTTP Cookie,_ga_failed_lookup_marker_79_1487,,,,,Existing CM Trackers-Not Found,,,,,
c.la1-c2-par.salesforceliveagent.com,Performance cookies,"Salesforce.com, Inc.",JavaScript,bench_new_T3_126950,,,,https://www.CLIENT_X.ae/c-t/XC000006201/my-CLIENT_X-toaster-smells-during-first-time-use,New Third Party Trackers,,,,,
www.lighting.CLIENT_X.sa,Essential cookies,Signify (formerly CLIENT_X Lighting),HTTP Cookie,bench_new_T3_127400,,,,,Existing CM Trackers-Not Found,,,,,
CLIENT_X.sa,Targeted Advertising cookies (including social media),CLIENT_X - Kingdom of Saudi Arabia,HTTP Cookie,bench_new_T3_127267,,,,,Existing CM Trackers-Not Found,,,,,
lighting.CLIENT_X.sa,Performance cookies,Signify (formerly CLIENT_X Lighting),HTTP Cookie,bench_new_T3_126855,,,,,Existing CM Trackers-Not Found,,,,,
CLIENT_X.jo,Essential cookies,CLIENT_X - Jordan,HTTP Cookie,bench_new_T3_127283,,393,TRUE,https://www.CLIENT_X.jo/,Existing CM Trackers-Found,,,,,
CLIENT_X.sa,Essential cookies,CLIENT_X - Kingdom of Saudi Arabia,HTTP Cookie,bench_new_T3_126482,,90,TRUE,https://www.CLIENT_X.sa/,Existing CM Trackers-Found,,,,,
CLIENT_X.com.qa,Essential cookies,CLIENT_X - Qatar,HTTP Cookie,bench_new_T3_127332,,400,,https://www.CLIENT_X.com.qa/,New First Party Trackers,,,,,
www.CLIENT_X.jo,Essential cookies,CLIENT_X - Jordan,HTTP Cookie,_ga_failed_lookup_marker_79_1495,,365,TRUE,http://www.CLIENT_X.jo/,Existing CM Trackers-Found,,,,,
www.CLIENT_X.com.kw,Essential cookies,CLIENT_X - Kuwait,HTTP Cookie,_ga_failed_lookup_marker_79_1496,,365,TRUE,https://www.CLIENT_X.com.kw/ar/c-m-so/media-players/latest,Existing CM Trackers-Found,,,,,
www.CLIENT_X.ae,Essential cookies,CLIENT_X - Middle East Arab,HTTP Cookie,bench_new_T3_127402,,0,TRUE,https://www.CLIENT_X.ae/c-m-ho/cooking/toaster/latest,Existing CM Trackers-Found,,,,,
CLIENT_X.com.gh,Essential cookies (exempt from consent),CLIENT_X - Ghana,HTTP Cookie,coveo_visitorId,,,TRUE,,Existing CM Trackers-Found,,,,,
smetrics.marketing.lighting.CLIENT_X.sa,Essential cookies,CLIENT_X - Kingdom of Saudi Arabia,JavaScript,bench_new_T3_127347,,,,,Existing CM Trackers-Not Found,,,,,
CLIENT_X.com.qa,Essential cookies,CLIENT_X - Qatar,HTTP Cookie,bench_new_T3_127563,,400,TRUE,https://www.CLIENT_X.com.qa/,Existing CM Trackers-Found,,,,,
CLIENT_X.sa,Essential cookies,CLIENT_X - Kingdom of Saudi Arabia,HTTP Cookie,bench_new_T3_127000,,,,,Existing CM Trackers-Not Found,,,,,
CLIENT_X.jo,Essential cookies,CLIENT_X - Jordan,HTTP Cookie,bench_new_T3_127545,,0,TRUE,https://www.CLIENT_X.jo/,Existing CM Trackers-Found,,,,,
www.assets.lighting.CLIENT_X.com,Performance cookies,Signify (formerly CLIENT_X Lighting),ETag,_ga_failed_lookup_marker_79_1503,,,,,Existing CM Trackers-Not Found,,,,,
consent.trustarc.com,Essential cookies,TrustArc,JavaScript,bench_new_T3_127181,,,TRUE,http://www.CLIENT_X.com.qa/,Existing CM Trackers-Found,,,,,
www.CLIENT_X.sa,Essential cookies,,HTTP Cookie,bench_new_T3_127421,,,,,Existing CM Trackers-Not Found,,,,,
www.CLIENT_X.sa,Essential cookies,CLIENT_X - Kingdom of Saudi Arabia,HTTP Cookie,bench_new_T3_126487,,365,TRUE,https://www.CLIENT_X.sa/c-m-ho/cooking/toaster/latest,Existing CM Trackers-Found,,,,,
www.lighting.CLIENT_X.co.id,Essential cookies (exempt from consent),Signify (formerly CLIENT_X Lighting),HTTP Cookie,s_sid,,bench_update_duration,TRUE,http://www.CLIENT_X.jo/,Existing CM Trackers-Found,,,,,
CLIENT_X.jo,Essential cookies,CLIENT_X - Jordan,HTTP Cookie,bench_new_T3_126464,,0,TRUE,https://www.CLIENT_X.jo/,Existing CM Trackers-Found,,,,,
doubleclick.net,Targeted Advertising cookies (including social media),Google Advertising Products,HTTP Cookie,bench_new_T3_126675,,,,,Existing CM Trackers-Not Found,,,,,
CLIENT_X.jo,Essential cookies,CLIENT_X - Jordan,HTTP Cookie,bench_new_T3_127308,,0,TRUE,https://www.CLIENT_X.jo/,Existing CM Trackers-Found,,,,,
CLIENT_X.ch,Essential cookies (exempt from consent),CLIENT_X - Switzerland,HTTP Cookie,_fbp,,bench_update_duration,,,Existing CM Trackers-Not Found,,,,,
CLIENT_X.com.kw,Essential cookies,CLIENT_X - Kuwait,HTTP Cookie,bench_new_T3_127096,,0,TRUE,https://www.CLIENT_X.com.kw/,Existing CM Trackers-Found,,,,,
custom.yieldify.com,Targeted Advertising cookies (including social media),Yieldify,ETag,_ga_failed_lookup_marker_79_1513,,,TRUE,http://www.CLIENT_X.ae/,Existing CM Trackers-Found,,,,,
CLIENT_X.jo,Essential cookies,CLIENT_X - Jordan,HTTP Cookie,bench_new_T3_127767,,,,,Existing CM Trackers-Not Found,,,,,
koninklijkeCLIENT_Xnvproduction2k8xfrmr.analytics.org.coveo.com,Performance cookies,Coveo Solutions Inc.,Beacon,_ga_failed_lookup_marker_79_1515,,,,,New Third Party Trackers,,,,,
CLIENT_X.co.uk,Essential cookies (exempt from consent),CLIENT_X - United Kingdom,HTTP Cookie,TAsessionID,,bench_update_duration,TRUE,https://www.CLIENT_X.sa/,Existing CM Trackers-Found,,,,,
www.CLIENT_X.co.kr,Essential cookies (exempt from consent),CLIENT_X - Korea,HTTP Cookie,eddl_gtm_qe_session_start_6523424625,,400,,https://www.CLIENT_X.com.kw/,New First Party Trackers,,,,,
CLIENT_X.com.qa,Essential cookies,CLIENT_X - Qatar,HTTP Cookie,bench_new_T3_127588,,,,,Existing CM Trackers-Not Found,,,,,
CLIENT_X.ae,Essential cookies,CLIENT_X - Middle East Arab,HTTP Cookie,bench_new_T3_127620,,393,TRUE,https://www.CLIENT_X.ae/,Existing CM Trackers-Found,,,,,
www.CLIENT_X.sa,Essential cookies,CLIENT_X - Kingdom of Saudi Arabia,HTTP Cookie,bench_new_T3_126575,,365,TRUE,https://www.CLIENT_X.sa/c-m-ho/cooking/toaster/latest,Existing CM Trackers-Found,,,,,
stg.CLIENT_X.sa,Essential cookies,CLIENT_X - Kingdom of Saudi Arabia,HTTP Cookie,bench_new_T3_126710,,,,,Existing CM Trackers-Not Found,,,,,
google.com,Performance cookies,Google Inc.,Local Storage,bench_new_T3_127578,,,TRUE,https://www.CLIENT_X.ae/c-m-ho/ironing/latest,Existing CM Trackers-Found,,,,,
CLIENT_X.sa,Essential cookies,CLIENT_X - Kingdom of Saudi Arabia,HTTP Cookie,bench_new_T3_127722,,400,TRUE,https://www.CLIENT_X.sa/,Existing CM Trackers-Found,,,,,
youtube.com,Targeted Advertising cookies (including social media),Google Advertising Products,HTTP Cookie,bench_new_T3_127434,,180,TRUE,https://www.CLIENT_X.jo/,Existing CM Trackers-Found,,,,,
www.CLIENT_X.com.qa,Essential cookies,CLIENT_X - Qatar,HTTP Cookie,bench_new_T3_127607,,365,TRUE,https://www.CLIENT_X.com.qa/,Existing CM Trackers-Found,,,,,
www.CLIENT_X.sa,Essential cookies,,HTTP Cookie,bench_new_T3_127148,,,,,Existing CM Trackers-Not Found,,,,,
www.CLIENT_X.com.co,Essential cookies (exempt from consent),CLIENT_X - Colombia,HTTP Cookie,T01-recentlyViewedProducts,,0,TRUE,https://www.CLIENT_X.com.kw/ar/c-m-so/media-players/latest,Existing CM Trackers-Found,,,,,
CLIENT_X.com.kw,Essential cookies,CLIENT_X - Kuwait,HTTP Cookie,bench_new_T3_126961,,400,,https://www.CLIENT_X.com.kw/,New First Party Trackers,,,,,
CLIENT_X.com.kw,Essential cookies,CLIENT_X - Kuwait,HTTP Cookie,bench_new_T3_127431,,90,TRUE,https://www.CLIENT_X.com.kw/,Existing CM Trackers-Found,,,,,
CLIENT_X.com.kw,Essential cookies,CLIENT_X - Kuwait,HTTP Cookie,_ga_failed_lookup_marker_79_1530,,,,,Existing CM Trackers-Not Found,,,,,
www.careers.CLIENT_X.com.cn,Essential cookies (exempt from consent),CLIENT_X - China,Local Storage,blank (local storage),,bench_update_duration,TRUE,https://www.CLIENT_X.jo/,Existing CM Trackers-Found,,,,,
www.CLIENT_X.jo,Essential cookies,,HTTP Cookie,bench_new_T3_127272,,,,,Existing CM Trackers-Not Found,,,,,
CLIENT_X.pl,Essential cookies (exempt from consent),CLIENT_X - Poland,HTTP Cookie,TEST_AMCV_COOKIE_WRITE,,bench_update_duration,TRUE,https://www.CLIENT_X.sa/c-m-ho/cooking/toaster/latest,Existing CM Trackers-Found,,,,,
CLIENT_X.ae,Essential cookies,CLIENT_X - Middle East Arab,HTTP Cookie,bench_new_T3_126523,,,,,Existing CM Trackers-Not Found,,,,,
widget-cdn.janraincapture.com,Performance cookies,Akamai,ETag,_ga_failed_lookup_marker_79_1535,,,,,Existing CM Trackers-Not Found,,,,,
www.CLIENT_X.com.qa,Essential cookies,,HTTP Cookie,bench_new_T3_127424,,,,,Existing CM Trackers-Not Found,,,,,
www.CLIENT_X.sa,Essential cookies,,HTTP Cookie,bench_new_T3_127533,,,,,Existing CM Trackers-Not Found,,,,,
stg.CLIENT_X.com.kw,Essential cookies,CLIENT_X - Kuwait,ETag,bench_new_T3_126944,,,,,Existing CM Trackers-Not Found,,,,,
*.fls.doubleclick.net,Targeted Advertising cookies (including social media),Google Advertising Products,Beacon,bench_new_T3_126777,,,,,Existing CM Trackers-Not Found,,,,,
sc-static.net,Targeted Advertising cookies (including social media),Snap Inc.,HTTP Cookie,bench_new_T3_127710,,0,TRUE,https://www.CLIENT_X.jo/c-e/ho/homeid-app.html,Existing CM Trackers-Found,,,,,
www.CLIENT_X.com.qa,Essential cookies,CLIENT_X - Qatar,HTTP Cookie,bench_new_T3_127606,,365,TRUE,https://www.CLIENT_X.com.qa/,Existing CM Trackers-Found,,,,,
CLIENT_X.ae,Performance cookies,CLIENT_X - Middle East Arab,HTTP Cookie,bench_new_T3_127239,,,,,Existing CM Trackers-Not Found,,,,,
images.CLIENT_X.com,Essential cookies,Koninklijke CLIENT_X N.V.,ETag,bench_new_T3_126919,,,TRUE,https://www.CLIENT_X.ae/c-p/AIS8540_80/all-in-one-ironing-solutions-all-in-one-8500-series,Existing CM Trackers-Found,,,,,
CLIENT_X.com.kw,Essential cookies,CLIENT_X - Kuwait,HTTP Cookie,bench_new_T3_126902,,0,TRUE,https://www.CLIENT_X.com.kw/,Existing CM Trackers-Found,,,,,
cdn.jsdelivr.net,Performance cookies,Volentio JSD Limited,ETag,bench_new_T3_127166,,,,,Existing CM Trackers-Not Found,,,,,
acc.CLIENT_X.com.kw,Essential cookies,CLIENT_X - Kuwait,ETag,bench_new_T3_127201,,,,,Existing CM Trackers-Not Found,,,,,
stg.CLIENT_X.com.kw,Essential cookies,CLIENT_X - Kuwait,HTTP Cookie,bench_new_T3_127382,,,,,Existing CM Trackers-Not Found,,,,,
td.yieldify.com,Targeted Advertising cookies (including social media),Yieldify,JavaScript,bench_new_T3_126832,,,TRUE,http://www.CLIENT_X.ae/,Existing CM Trackers-Found,,,,,
CLIENT_X.ae,Essential cookies,CLIENT_X - Middle East Arab,HTTP Cookie,bench_new_T3_127058,,365,TRUE,https://www.CLIENT_X.ae/,Existing CM Trackers-Found,,,,,
www.CLIENT_X.sa,Essential cookies,,HTTP Cookie,_ga_failed_lookup_marker_79_1550,,,,,Existing CM Trackers-Not Found,,,,,
analytics.tiktok.com,Targeted Advertising cookies (including social media),TikTok,JavaScript,bench_new_T3_126494,,,TRUE,http://www.CLIENT_X.ae/,Existing CM Trackers-Found,,,,,
www.CLIENT_X.jo,Essential cookies,,HTTP Cookie,bench_new_T3_126864,,,,,Existing CM Trackers-Not Found,,,,,
CLIENT_X.com.qa,Essential cookies,CLIENT_X - Qatar,HTTP Cookie,_ga_failed_lookup_marker_79_1553,,,,,Existing CM Trackers-Not Found,,,,,
versuni.scene7.com,Performance cookies,Adobe Experience Cloud - Experience Manager,ETag,bench_new_T3_126650,,,TRUE,https://www.CLIENT_X.ae/c-f/XC000021994/how-to-clean-the-dust-bucket-and-filter-of-my-CLIENT_X-1000-series-bagless-vacuum-cleaner,Existing CM Trackers-Found,,,,,
connect.facebook.net,Targeted Advertising cookies (including social media),Meta (formerly Facebook),JavaScript,bench_new_T3_127305,,,TRUE,http://www.CLIENT_X.com.qa/,Existing CM Trackers-Found,,,,,
www.CLIENT_X.com.kw,Essential cookies,,HTTP Cookie,bench_new_T3_127970,,,,,Existing CM Trackers-Not Found,,,,,
pagead2.googlesyndication.com,Targeted Advertising cookies (including social media),Google Advertising Products,Beacon,bench_new_T3_127069,,,,,Existing CM Trackers-Not Found,,,,,
CLIENT_X.jo,Performance cookies,CLIENT_X - Jordan,HTTP Cookie,bench_new_T3_126452,,,,,Existing CM Trackers-Not Found,,,,,
www.CLIENT_X.com.qa,Essential cookies,,HTTP Cookie,bench_new_T3_127547,,,,,Existing CM Trackers-Not Found,,,,,
CLIENT_X.com.kw,Essential cookies,CLIENT_X - Kuwait,HTTP Cookie,bench_new_T3_127635,,400,TRUE,https://www.CLIENT_X.com.kw/,Existing CM Trackers-Found,,,,,
www.CLIENT_X.com.qa,Essential cookies,,HTTP Cookie,bench_new_T3_126668,,,,,Existing CM Trackers-Not Found,,,,,
CLIENT_X.jo,Performance cookies,CLIENT_X - Jordan,HTTP Cookie,_ga_failed_lookup_marker_79_1562,,,,,Existing CM Trackers-Not Found,,,,,
CLIENT_X.sa,Essential cookies,CLIENT_X - Kingdom of Saudi Arabia,HTTP Cookie,bench_new_T3_127131,,session,TRUE,https://www.CLIENT_X.sa/,Existing CM Trackers-Found,,,,,
eloqua.com,Targeted Advertising cookies (including social media),Oracle Marketing,HTTP Cookie,_ga_failed_lookup_marker_79_1564,,392,TRUE,https://www.CLIENT_X.jo/healthcare,Existing CM Trackers-Found,,,,,
px.ads.linkedin.com,Targeted Advertising cookies (including social media),LinkedIn,JavaScript,bench_new_T3_127118,,,TRUE,https://www.CLIENT_X.ae/c-p/HDA150_62/-,Existing CM Trackers-Found,,,,,
CLIENT_X.ae,Essential cookies,CLIENT_X - Middle East Arab,HTTP Cookie,bench_new_T3_126729,,90,,https://www.CLIENT_X.ae/,New First Party Trackers,,,,,
CLIENT_X.jo,Essential cookies,CLIENT_X - Jordan,HTTP Cookie,bench_new_T3_126764,,,,,Existing CM Trackers-Not Found,,,,,
www.CLIENT_X.com.qa,Essential cookies,,HTTP Cookie,bench_new_T3_127986,,,,,Existing CM Trackers-Not Found,,,,,
CLIENT_X.jo,Essential cookies,CLIENT_X - Jordan,HTTP Cookie,bench_new_T3_126612,,400,TRUE,https://www.CLIENT_X.jo/,Existing CM Trackers-Found,,,,,
www.CLIENT_X.sa,Essential cookies,CLIENT_X - Kingdom of Saudi Arabia,HTTP Cookie,bench_new_T3_127902,,session,TRUE,https://www.CLIENT_X.sa/c-m-ho/cooking/toaster/latest,Existing CM Trackers-Found,,,,,
www.CLIENT_X.ae,Essential cookies,CLIENT_X - Middle East Arab,HTTP Cookie,bench_new_T3_127586,,365,TRUE,https://www.CLIENT_X.ae/c-m-ho/cooking/toaster/latest,Existing CM Trackers-Found,,,,,
stg.CLIENT_X.sa,Essential cookies,CLIENT_X - Kingdom of Saudi Arabia,HTTP Cookie,bench_new_T3_127137,,,,,Existing CM Trackers-Not Found,,,,,
www.CLIENT_X.ae,Essential cookies,CLIENT_X - Middle East Arab,HTTP Cookie,_ga_failed_lookup_marker_79_1573,,365,TRUE,https://www.CLIENT_X.ae/c-m-ho/cooking/toaster/latest,Existing CM Trackers-Found,,,,,
CLIENT_X.com.kw,Essential cookies,CLIENT_X - Kuwait,HTTP Cookie,bench_new_T3_126929,,session,TRUE,https://www.CLIENT_X.com.kw/,Existing CM Trackers-Found,,,,,
CLIENT_X.sa,Essential cookies,CLIENT_X - Kingdom of Saudi Arabia,HTTP Cookie,_ga_failed_lookup_marker_79_1575,,,,,Existing CM Trackers-Not Found,,,,,
tag.demandbase.com,Targeted Advertising cookies (including social media),"Demandbase, Inc.",ETag,bench_new_T3_126783,,,TRUE,https://www.CLIENT_X.com.qa/a-w/about-CLIENT_X/company-profile/businesses.html,Existing CM Trackers-Found,,,,,
s1065054172.t.eloqua.com,Targeted Advertising Cookies (including social media) [Requires consent],Oracle Marketing,Beacon,-,,session,TRUE,https://www.CLIENT_X.com.kw/,Existing CM Trackers-Found,,,,,
CLIENT_X.ae,Essential cookies,CLIENT_X - Middle East Arab,HTTP Cookie,bench_new_T3_127726,,,,,Existing CM Trackers-Not Found,,,,,
www.lighting.CLIENT_X.ch,Essential cookies (exempt from consent),Signify (formerly CLIENT_X Lighting),HTTP Cookie,customer_language_accept,,,TRUE,,Existing CM Trackers-Found,,,,,
www.CLIENT_X.jo,Essential cookies,CLIENT_X - Jordan,HTTP Cookie,bench_new_T3_127864,,365,TRUE,http://www.CLIENT_X.jo/,Existing CM Trackers-Found,,,,,
www.CLIENT_X.com,Essential cookies,Koninklijke CLIENT_X N.V.,ETag,bench_new_T3_127506,,,TRUE,https://www.CLIENT_X.sa/a-w/about/news/all-news,Existing CM Trackers-Found,,,,,
td.yieldify.com,Targeted Advertising cookies (including social media),Yieldify,JavaScript,bench_new_T3_127446,,,TRUE,http://www.CLIENT_X.ae/,Existing CM Trackers-Found,,,,,
www.assets.signify.com,Performance cookies,Signify (formerly CLIENT_X Lighting),ETag,bench_new_T3_127552,,,,,Existing CM Trackers-Not Found,,,,,
www.CLIENT_X.be,Essential cookies (exempt from consent),CLIENT_X - Belgium,HTTP Cookie,AWSELBCORS,,0,,https://www.CLIENT_X.ae/a-w/about-CLIENT_X/company/businesses.html,New Third Party Trackers,,,,,
region1.google-analytics.com,Performance cookies,Google Inc.,HTTP Cookie,bench_new_T3_126712,,,,,Existing CM Trackers-Not Found,,,,,
www.lighting.CLIENT_X.sa,Essential cookies,Signify (formerly CLIENT_X Lighting),HTTP Cookie,bench_new_T3_126603,,,,,Existing CM Trackers-Not Found,,,,,
www.CLIENT_X.sa,Essential cookies,,HTTP Cookie,bench_new_T3_127032,,,,,Existing CM Trackers-Not Found,,,,,
www.lighting.CLIENT_X.sa,Essential cookies,Signify (formerly CLIENT_X Lighting),HTTP Cookie,_ga_failed_lookup_marker_79_1588,,,,,Existing CM Trackers-Not Found,,,,,
CLIENT_X.sa,Essential cookies,CLIENT_X - Kingdom of Saudi Arabia,HTTP Cookie,bench_new_T3_126699,,365,,https://www.CLIENT_X.sa/,New First Party Trackers,,,,,
www.CLIENT_X.com,Targeted Advertising cookies (including social media),Koninklijke CLIENT_X N.V.,HTTP Cookie,bench_new_T3_127087,,7,,https://www.CLIENT_X.sa/a-w/about/news/all-news,New Third Party Trackers,,,,,
www.CLIENT_X.com.kw,Essential cookies,,HTTP Cookie,bench_new_T3_127315,,,,,Existing CM Trackers-Not Found,,,,,
static.hotjar.com,Performance cookies,Hotjar,JavaScript,_ga_failed_lookup_marker_79_1592,,,,,Existing CM Trackers-Not Found,,,,,
assets.kampyle.com,Performance cookies,Medallia,ETag,bench_new_T3_127562,,,TRUE,https://www.CLIENT_X.sa/en/a-w/about.html,Existing CM Trackers-Found,,,,,
lighting.CLIENT_X.sa,Essential cookies,Signify (formerly CLIENT_X Lighting),HTTP Cookie,bench_new_T3_126750,,,,,Existing CM Trackers-Not Found,,,,,
CLIENT_X.ee,Essential cookies (exempt from consent),CLIENT_X - Republic of Estonia,HTTP Cookie,_gdXXX,,session,,,Existing CM Trackers-Not Found,,,,,
CLIENT_X.co.jp,Essential cookies (exempt from consent),CLIENT_X Electronics Corporation Japan,HTTP Cookie,_gcl_au,,,,,Existing CM Trackers-Not Found,,,,,
CLIENT_X.jo,Essential cookies,CLIENT_X - Jordan,HTTP Cookie,bench_new_T3_127265,,session,TRUE,https://www.CLIENT_X.jo/,Existing CM Trackers-Found,,,,,
CLIENT_X.jo,Essential cookies,CLIENT_X - Jordan,HTTP Cookie,_ga_failed_lookup_marker_79_1598,,,,,Existing CM Trackers-Not Found,,,,,
CLIENT_X.sa,Essential cookies,CLIENT_X - Kingdom of Saudi Arabia,HTTP Cookie,_ga_failed_lookup_marker_79_1599,,365,,https://www.CLIENT_X.sa/,New First Party Trackers,,,,,
sc-static.net,Targeted Advertising cookies (including social media),Snap Inc.,JavaScript,bench_new_T3_126981,,,TRUE,https://www.CLIENT_X.sa/c-e/ho/air-purifier-and-air-humidifier/air-performer-series-8000.html,Existing CM Trackers-Found,,,,,
CLIENT_X.ae,Performance cookies,CLIENT_X - Middle East Arab,HTTP Cookie,bench_new_T3_126685,,,,,Existing CM Trackers-Not Found,,,,,
CLIENT_X.si,Essential cookies (exempt from consent),CLIENT_X - Slovenia,HTTP Cookie,mboxEdgeCluster,,,,http://www.CLIENT_X.ae/,New Third Party Trackers,,,,,
www.CLIENT_X.ae,Essential cookies,CLIENT_X - Middle East Arab,HTTP Cookie,bench_new_T3_126493,,7,,https://www.CLIENT_X.ae/c-m-ho/cooking/toaster/latest,New First Party Trackers,,,,,
CLIENT_X.ae,Essential cookies,CLIENT_X - Middle East Arab,HTTP Cookie,bench_new_T3_127151,,90,,https://www.CLIENT_X.ae/,New First Party Trackers,,,,,
CLIENT_X.sa,Essential cookies,CLIENT_X - Kingdom of Saudi Arabia,HTTP Cookie,bench_new_T3_127650,,,,,Existing CM Trackers-Not Found,,,,,
www.CLIENT_X.ae,Essential cookies,CLIENT_X - Middle East Arab,HTTP Cookie,bench_new_T3_127542,,365,TRUE,https://www.CLIENT_X.ae/c-m-ho/cooking/toaster/latest,Existing CM Trackers-Found,,,,,
CLIENT_X.com.kw,Essential cookies,CLIENT_X - Kuwait,HTTP Cookie,_ga_failed_lookup_marker_79_1607,,0,TRUE,https://www.CLIENT_X.com.kw/,Existing CM Trackers-Found,,,,,
www.accounts.CLIENT_X.com,Essential cookies,Koninklijke CLIENT_X N.V.,JavaScript,bench_new_T3_126525,,,,,Existing CM Trackers-Not Found,,,,,
CLIENT_X.sa,Essential cookies,CLIENT_X - Kingdom of Saudi Arabia,HTTP Cookie,bench_new_T3_127465,,session,TRUE,https://www.CLIENT_X.sa/,Existing CM Trackers-Found,,,,,
versuni.scene7.com,Performance cookies,Adobe Experience Cloud - Experience Manager,ETag,bench_new_T3_127870,,,TRUE,https://www.CLIENT_X.ae/c-f/XC000021994/how-to-clean-the-dust-bucket-and-filter-of-my-CLIENT_X-1000-series-bagless-vacuum-cleaner,Existing CM Trackers-Found,,,,,
snap.licdn.com,Performance cookies,LinkedIn,JavaScript,bench_new_T3_127548,,,TRUE,https://www.CLIENT_X.jo/c-e/ho/homeid-app.html,Existing CM Trackers-Found,,,,,
smetrics.marketing.lighting.CLIENT_X.com,Targeted Advertising Cookies (including social media) [Requires consent],Koninklijke CLIENT_X N.V.,JavaScript,-,,7,,http://www.CLIENT_X.jo/,New First Party Trackers,,,,,
www.CLIENT_X.sa,Essential cookies,CLIENT_X - Kingdom of Saudi Arabia,HTTP Cookie,bench_new_T3_127154,,365,TRUE,https://www.CLIENT_X.sa/c-m-ho/cooking/toaster/latest,Existing CM Trackers-Found,,,,,
CLIENT_X.com.tr,Essential cookies (exempt from consent),CLIENT_X - Turkey,HTTP Cookie,_ga,,,,,Existing CM Trackers-Not Found,,,,,
CLIENT_X.ae,Performance cookies,CLIENT_X - Middle East Arab,HTTP Cookie,bench_new_T3_126682,,,,,Existing CM Trackers-Not Found,,,,,
www.CLIENT_X.com.qa,Essential cookies,CLIENT_X - Qatar,ETag,bench_new_T3_126954,,,TRUE,http://www.CLIENT_X.com.qa/,Existing CM Trackers-Found,,,,,
koninklijkeCLIENT_Xnvproduction2k8xfrmr.org.coveo.com,Performance cookies,Coveo Solutions Inc.,Beacon,bench_new_T3_127712,,,,,New Third Party Trackers,,,,,
custom.yieldify.com,Targeted Advertising cookies (including social media),Yieldify,ETag,bench_new_T3_127234,,,TRUE,http://www.CLIENT_X.ae/,Existing CM Trackers-Found,,,,,
CLIENT_Xtest.scene7.com,Performance cookies,Adobe Experience Cloud - Experience Manager,ETag,bench_new_T3_127653,,,,,Existing CM Trackers-Not Found,,,,,
CLIENT_X.sa,Essential cookies,CLIENT_X - Kingdom of Saudi Arabia,HTTP Cookie,bench_new_T3_127117,,0,TRUE,https://www.CLIENT_X.sa/,Existing CM Trackers-Found,,,,,
www.CLIENT_X.jo,Essential cookies,CLIENT_X - Jordan,HTTP Cookie,bench_new_T3_127024,,7,,http://www.CLIENT_X.jo/,New First Party Trackers,,,,,
www.CLIENT_X.com.kw,Essential cookies,CLIENT_X - Kuwait,HTTP Cookie,bench_new_T3_127189,,session,TRUE,https://www.CLIENT_X.com.kw/ar/c-m-so/media-players/latest,Existing CM Trackers-Found,,,,,
www.CLIENT_X.com.kw,Essential cookies,CLIENT_X - Kuwait,HTTP Cookie,bench_new_T3_126661,,7,,https://www.CLIENT_X.com.kw/ar/c-m-so/media-players/latest,New First Party Trackers,,,,,
CLIENT_X.jo,Performance cookies,CLIENT_X - Jordan,HTTP Cookie,bench_new_T3_127693,,,,https://www.CLIENT_X.jo/,Existing CM Trackers-Found,,,,,
cdn.jsdelivr.net,Performance cookies,Volentio JSD Limited,ETag,_ga_failed_lookup_marker_79_1625,,,,,Existing CM Trackers-Not Found,,,,,
CLIENT_X.com.qa,Essential cookies,CLIENT_X - Qatar,HTTP Cookie,bench_new_T3_127045,,0,TRUE,https://www.CLIENT_X.com.qa/,Existing CM Trackers-Found,,,,,
www.CLIENT_X.sa,Essential cookies,,HTTP Cookie,bench_new_T3_127686,,,,,Existing CM Trackers-Not Found,,,,,
stg.CLIENT_X.com.kw,Performance cookies,CLIENT_X - Kuwait,HTTP Cookie,bench_new_T3_127777,,,,,Existing CM Trackers-Not Found,,,,,
*.salesforceliveagent.com,Performance cookies,"Salesforce.com, Inc.",JavaScript,bench_new_T3_126463,,,,https://www.CLIENT_X.ae/c-t/XC000006201/my-CLIENT_X-toaster-smells-during-first-time-use,Existing CM Trackers-Found,,,,,
CLIENT_Xb2c.my.site.com,Performance cookies,"Salesforce.com, Inc.",ETag,bench_new_T3_127883,,,TRUE,https://www.CLIENT_X.com.qa/c-w/support-home/support-contact-page.html,Existing CM Trackers-Found,,,,,
CLIENT_X.sa,Performance cookies,CLIENT_X - Kingdom of Saudi Arabia,HTTP Cookie,bench_new_T3_126643,,session,TRUE,https://www.CLIENT_X.sa/,Existing CM Trackers-Found,,,,,
dpm.demdex.net,Targeted Advertising cookies (including social media),"Adobe Audience Manager, Adobe Experience Cloud",HTTP Cookie,bench_new_T3_127536,,,,,Existing CM Trackers-Not Found,,,,,
CLIENT_X.com.qa,Essential cookies,CLIENT_X - Qatar,HTTP Cookie,bench_new_T3_126574,,,,,Existing CM Trackers-Not Found,,,,,
www.lighting.CLIENT_X.sa,Essential cookies,Signify (formerly CLIENT_X Lighting),HTTP Cookie,bench_new_T3_127313,,,,,Existing CM Trackers-Not Found,,,,,
www.CLIENT_X.sa,Essential cookies,,HTTP Cookie,bench_new_T3_126625,,,,,Existing CM Trackers-Not Found,,,,,
www.CLIENT_X.jo,Performance cookies,CLIENT_X - Jordan,HTTP Cookie,bench_new_T3_127899,,session,TRUE,http://www.CLIENT_X.jo/,Existing CM Trackers-Found,,,,,
www.lighting.CLIENT_X.sa,Essential cookies,Signify (formerly CLIENT_X Lighting),HTTP Cookie,bench_new_T3_126680,,,,,Existing CM Trackers-Not Found,,,,,
i.ytimg.com,Targeted Advertising cookies (including social media),Google Inc.,ETag,bench_new_T3_127168,,,TRUE,https://www.CLIENT_X.sa/c-f/XC000004909/how-do-i-use-the-attachments-of-my-CLIENT_X-epilator,Existing CM Trackers-Found,,,,,
consent-pref.trustarc.com,Essential cookies,TrustArc,JavaScript,bench_new_T3_127605,,,TRUE,http://www.CLIENT_X.com.qa/,Existing CM Trackers-Found,,,,,
CLIENT_X.sa,Essential cookies,CLIENT_X - Kingdom of Saudi Arabia,HTTP Cookie,bench_new_T3_127067,,0,TRUE,https://www.CLIENT_X.sa/,Existing CM Trackers-Found,,,,,
doubleclick.net,Targeted Advertising cookies (including social media),Google Advertising Products,HTTP Cookie,bench_new_T3_127699,,30,TRUE,https://www.CLIENT_X.jo/,Existing CM Trackers-Found,,,,,
www.CLIENT_X.sa,Essential cookies,,HTTP Cookie,bench_new_T3_127335,,,,,Existing CM Trackers-Not Found,,,,,
CLIENT_X.sa,Essential cookies,CLIENT_X - Kingdom of Saudi Arabia,HTTP Cookie,bench_new_T3_127939,,90,TRUE,https://www.CLIENT_X.sa/,Existing CM Trackers-Found,,,,,
tr.snapchat.com,Targeted Advertising cookies (including social media),Snap Inc.,Beacon,bench_new_T3_127084,,,TRUE,,Existing CM Trackers-Found,,,,,
google.com,Performance cookies,Google Inc.,Local Storage,bench_new_T3_126461,,,TRUE,https://www.CLIENT_X.ae/c-m-ho/ironing/latest,Existing CM Trackers-Found,,,,,
www.CLIENT_X.jo,Essential cookies,,HTTP Cookie,bench_new_T3_127822,,,,,Existing CM Trackers-Not Found,,,,,
www.CLIENT_X.jo,Essential cookies,CLIENT_X - Jordan,HTTP Cookie,bench_new_T3_126688,,365,TRUE,http://www.CLIENT_X.jo/,Existing CM Trackers-Found,,,,,
CLIENT_X.jo,Targeted Advertising cookies (including social media),CLIENT_X - Jordan,HTTP Cookie,bench_new_T3_126952,,7,TRUE,https://www.CLIENT_X.jo/,Existing CM Trackers-Found,,,,,
CLIENT_X.jo,Essential cookies,CLIENT_X - Jordan,HTTP Cookie,bench_new_T3_126829,,,,,Existing CM Trackers-Not Found,,,,,
www.CLIENT_X.sa,Performance cookies,CLIENT_X - Kingdom of Saudi Arabia,HTTP Cookie,bench_new_T3_126841,,session,TRUE,https://www.CLIENT_X.sa/c-m-ho/cooking/toaster/latest,Existing CM Trackers-Found,,,,,
www.assets.signify.com,Performance cookies,Signify (formerly CLIENT_X Lighting),ETag,bench_new_T3_127458,,,,,Existing CM Trackers-Not Found,,,,,
CLIENT_X.com.kw,Essential cookies,CLIENT_X - Kuwait,HTTP Cookie,bench_new_T3_127914,,0,TRUE,https://www.CLIENT_X.com.kw/,Existing CM Trackers-Found,,,,,
www.CLIENT_X.gr,Essential cookies (exempt from consent),CLIENT_X - Greece,HTTP Cookie,kampyleUserSessionsCount,,bench_update_duration,TRUE,https://www.CLIENT_X.com.qa/,Existing CM Trackers-Found,,,,,
www.CLIENT_X.com.qa,Essential cookies,CLIENT_X - Qatar,HTTP Cookie,bench_new_T3_127157,,365,TRUE,https://www.CLIENT_X.com.qa/,Existing CM Trackers-Found,,,,,
www.CLIENT_X.sa,Essential cookies,CLIENT_X - Kingdom of Saudi Arabia,HTTP Cookie,bench_new_T3_127832,,7,,https://www.CLIENT_X.sa/c-m-ho/cooking/toaster/latest,New First Party Trackers,,,,,
CLIENT_X.sa,Essential cookies,CLIENT_X - Kingdom of Saudi Arabia,HTTP Cookie,bench_new_T3_127237,,400,TRUE,https://www.CLIENT_X.sa/,Existing CM Trackers-Found,,,,,
www.usa.CLIENT_X.com,Essential cookies (exempt from consent),Koninklijke CLIENT_X N.V.,HTTP Cookie,__attentive_cco,,bench_update_duration,,https://www.CLIENT_X.ae/a-w/cookie-notice,New Third Party Trackers,,,,,
maps.googleapis.com,Targeted Advertising cookies (including social media),Google Inc.,ETag,bench_new_T3_127943,,,TRUE,https://www.CLIENT_X.ae/ar/c-w/support-home/service-center-locator.html,Existing CM Trackers-Found,,,,,
CLIENT_X.ae,Essential cookies,CLIENT_X - Middle East Arab,HTTP Cookie,bench_new_T3_126670,,393,TRUE,https://www.CLIENT_X.ae/,Existing CM Trackers-Found,,,,,
CLIENT_X.ae,Performance cookies,CLIENT_X - Middle East Arab,HTTP Cookie,bench_new_T3_127570,,session,TRUE,https://www.CLIENT_X.ae/,Existing CM Trackers-Found,,,,,
force.com,Essential cookies,"Salesforce.com, Inc.",HTTP Cookie,bench_new_T3_127396,,365,TRUE,https://www.CLIENT_X.ae/c-f/XC000019471/CLIENT_X-one-battery-replacement-instructions,Existing CM Trackers-Found,,,,,
CLIENT_X.com.qa,Essential cookies,CLIENT_X - Qatar,HTTP Cookie,bench_new_T3_126480,,365,TRUE,https://www.CLIENT_X.com.qa/,Existing CM Trackers-Found,,,,,
www.CLIENT_X.com.kw,Essential cookies,CLIENT_X - Kuwait,HTTP Cookie,bench_new_T3_127248,,365,TRUE,https://www.CLIENT_X.com.kw/ar/c-m-so/media-players/latest,Existing CM Trackers-Found,,,,,
c.amazon-adsystem.com,Targeted Advertising cookies (including social media),Amazon Ads,JavaScript,bench_new_T3_127524,,,,,Existing CM Trackers-Not Found,,,,,
CLIENT_X.com.qa,Essential cookies,CLIENT_X - Qatar,HTTP Cookie,bench_new_T3_127711,,0,TRUE,https://www.CLIENT_X.com.qa/,Existing CM Trackers-Found,,,,,
www.CLIENT_X.cz,Essential cookies (exempt from consent),CLIENT_X - Czech Republic,HTTP Cookie,kampyleUserSessionsCount,,,,,Existing CM Trackers-Not Found,,,,,
labs.iadvize.com,Performance cookies,iAdvize,ETag,bench_new_T3_127837,,,TRUE,https://www.CLIENT_X.sa/c-e/ho/air-purifier-and-air-humidifier/air-performer-series-8000.html,Existing CM Trackers-Found,,,,,
CLIENT_X.sa,Essential cookies,CLIENT_X - Kingdom of Saudi Arabia,HTTP Cookie,bench_new_T3_126914,,0,TRUE,https://www.CLIENT_X.sa/,Existing CM Trackers-Found,,,,,
cdn.jsdelivr.net,Performance cookies,Volentio JSD Limited,JavaScript,bench_new_T3_127074,,,,,Existing CM Trackers-Not Found,,,,,
www.tienda.CLIENT_X.cl,Essential cookies (exempt from consent),CLIENT_X - Chile,Beacon,blank (beacon),,bench_update_duration,,,Existing CM Trackers-Not Found,,,,,
consent.trustarc.com,Essential cookies,TrustArc,JavaScript,bench_new_T3_127451,,,TRUE,http://www.CLIENT_X.com.qa/,Existing CM Trackers-Found,,,,,
www.CLIENT_X.ae,Essential cookies,CLIENT_X - Middle East Arab,HTTP Cookie,bench_new_T3_127723,,session,TRUE,https://www.CLIENT_X.ae/c-m-ho/cooking/toaster/latest,Existing CM Trackers-Found,,,,,
tag.demandbase.com,Targeted Advertising cookies (including social media),"Demandbase, Inc.",ETag,bench_new_T3_127325,,,TRUE,https://www.CLIENT_X.com.qa/a-w/about-CLIENT_X/company-profile/businesses.html,Existing CM Trackers-Found,,,,,
www.CLIENT_X.com.qa,Essential cookies,,HTTP Cookie,bench_new_T3_127940,,,,,Existing CM Trackers-Not Found,,,,,
www.CLIENT_X.ae,Essential cookies,CLIENT_X - Middle East Arab,HTTP Cookie,bench_new_T3_126551,,0,,https://www.CLIENT_X.ae/c-m-ho/cooking/toaster/latest,New First Party Trackers,,,,,
*.salesforceliveagent.com,Performance cookies,"Salesforce.com, Inc.",JavaScript,bench_new_T3_126766,,,,https://www.CLIENT_X.ae/c-t/XC000006201/my-CLIENT_X-toaster-smells-during-first-time-use,Existing CM Trackers-Found,,,,,
CLIENT_X.sa,Targeted Advertising cookies (including social media),CLIENT_X - Kingdom of Saudi Arabia,HTTP Cookie,bench_new_T3_127037,,,,,Existing CM Trackers-Not Found,,,,,
www.CLIENT_X.jo,Essential cookies,,HTTP Cookie,_ga_failed_lookup_marker_79_1678,,,,,Existing CM Trackers-Not Found,,,,,
www.CLIENT_X.sa,Essential cookies,,HTTP Cookie,_ga_failed_lookup_marker_79_1679,,,,,Existing CM Trackers-Not Found,,,,,
tremorhub.com,Targeted Advertising cookies (including social media),"Magnite CTV, Inc.",HTTP Cookie,bench_new_T3_126694,,365,TRUE,https://www.CLIENT_X.jo/a-w/about-CLIENT_X/company-profile.html,Existing CM Trackers-Found,,,,,
CLIENT_X.sa,Essential cookies,CLIENT_X - Kingdom of Saudi Arabia,HTTP Cookie,bench_new_T3_127462,,,,,Existing CM Trackers-Not Found,,,,,
CLIENT_X.ae,Essential cookies,CLIENT_X - Middle East Arab,HTTP Cookie,bench_new_T3_127673,,400,TRUE,https://www.CLIENT_X.ae/,Existing CM Trackers-Found,,,,,
CLIENT_X.ae,Essential cookies,CLIENT_X - Middle East Arab,HTTP Cookie,bench_new_T3_127235,,0,TRUE,https://www.CLIENT_X.ae/,Existing CM Trackers-Found,,,,,
CLIENT_X.com.qa,Targeted Advertising cookies (including social media),CLIENT_X - Qatar,HTTP Cookie,bench_new_T3_126674,,90,TRUE,https://www.CLIENT_X.com.qa/,Existing CM Trackers-Found,,,,,
CLIENT_X.com.kw,Essential cookies,CLIENT_X - Kuwait,HTTP Cookie,bench_new_T3_127196,,400,TRUE,https://www.CLIENT_X.com.kw/,Existing CM Trackers-Found,,,,,
code.jquery.com,Performance Cookies [Requires consent],jQuery,ETag,-,,bench_update_duration,,,Existing CM Trackers-Not Found,,,,,
CLIENT_X.sa,Essential cookies,CLIENT_X - Kingdom of Saudi Arabia,HTTP Cookie,bench_new_T3_126655,,session,TRUE,https://www.CLIENT_X.sa/,Existing CM Trackers-Found,,,,,
analytics-ipv6.tiktokw.us,Targeted Advertising cookies (including social media),TikTok,Beacon,bench_new_T3_127417,,,,,New Third Party Trackers,,,,,
doubleclick.net,Targeted Advertising cookies (including social media),Google Advertising Products,HTTP Cookie,bench_new_T3_127690,,390,TRUE,https://www.CLIENT_X.jo/,Existing CM Trackers-Found,,,,,
CLIENT_X.jo,Essential cookies,CLIENT_X - Jordan,HTTP Cookie,_ga_failed_lookup_marker_79_1690,,,,,Existing CM Trackers-Not Found,,,,,
stg.CLIENT_X.sa,Essential cookies,CLIENT_X - Kingdom of Saudi Arabia,HTTP Cookie,bench_new_T3_127982,,,,,Existing CM Trackers-Not Found,,,,,
www.CLIENT_X.com,Essential cookies,Koninklijke CLIENT_X N.V.,ETag,bench_new_T3_126939,,,TRUE,https://www.CLIENT_X.sa/a-w/about/news/all-news,Existing CM Trackers-Found,,,,,
CLIENT_X.sa,Essential cookies,CLIENT_X - Kingdom of Saudi Arabia,HTTP Cookie,bench_new_T3_127555,,,,,Existing CM Trackers-Not Found,,,,,
stg.CLIENT_X.sa,Essential cookies,CLIENT_X - Kingdom of Saudi Arabia,HTTP Cookie,bench_new_T3_126671,,,,,Existing CM Trackers-Not Found,,,,,
CLIENT_X.com.qa,Essential cookies,CLIENT_X - Qatar,HTTP Cookie,bench_new_T3_127992,,0,TRUE,https://www.CLIENT_X.com.qa/,Existing CM Trackers-Found,,,,,
www.CLIENT_X.jo,Performance cookies,,HTTP Cookie,bench_new_T3_126534,,,,,Existing CM Trackers-Not Found,,,,,
acc.CLIENT_X.sa,Essential cookies,CLIENT_X - Kingdom of Saudi Arabia,JavaScript,bench_new_T3_127101,,,,,Existing CM Trackers-Not Found,,,,,
ad.doubleclick.net,Targeted Advertising cookies (including social media),Google Advertising Products,Beacon,bench_new_T3_127109,,,TRUE,,Existing CM Trackers-Found,,,,,
linkedin.com,Targeted Advertising cookies (including social media),LinkedIn,HTTP Cookie,bench_new_T3_127085,,180,TRUE,https://www.CLIENT_X.jo/c-e/ho/homeid-app.html,Existing CM Trackers-Found,,,,,
www.CLIENT_X.com.kw,Essential cookies,CLIENT_X - Kuwait,HTTP Cookie,bench_new_T3_126449,,1,TRUE,https://www.CLIENT_X.com.kw/ar/c-m-so/media-players/latest,Existing CM Trackers-Found,,,,,
CLIENT_X.com.qa,Essential cookies,CLIENT_X - Qatar,HTTP Cookie,bench_new_T3_126408,,0,TRUE,https://www.CLIENT_X.com.qa/,Existing CM Trackers-Found,,,,,
td.yieldify.com,Targeted Advertising cookies (including social media),Yieldify,JavaScript,_ga_failed_lookup_marker_79_1702,,,TRUE,http://www.CLIENT_X.ae/,Existing CM Trackers-Found,,,,,
CLIENT_Xtest.scene7.com,Performance cookies,Adobe Experience Cloud - Experience Manager,ETag,bench_new_T3_126749,,,,,Existing CM Trackers-Not Found,,,,,
CLIENT_X.112.2o7.net,Performance cookies,"Adobe Audience Manager, Adobe Experience Cloud",HTTP Cookie,bench_new_T3_127485,,400,,https://www.CLIENT_X.jo/,New Third Party Trackers,,,,,
assets.kampyle.com,Performance cookies,Medallia,ETag,bench_new_T3_126681,,,TRUE,https://www.CLIENT_X.sa/en/a-w/about.html,Existing CM Trackers-Found,,,,,
www.CLIENT_X.ae,Essential cookies,,HTTP Cookie,_ga_failed_lookup_marker_79_1706,,,,,Existing CM Trackers-Not Found,,,,,
www.recaptcha.net,Performance cookies,Google Inc.,JavaScript,bench_new_T3_126524,,,,,Existing CM Trackers-Not Found,,,,,
adservice.google.com,Targeted Advertising cookies (including social media),Google Advertising Products,Beacon,bench_new_T3_127134,,,TRUE,,Existing CM Trackers-Found,,,,,
mcdn.retailrocket.net,Performance Cookies [Requires consent],Retail Rocket LLC,JavaScript,-,,,,,Existing CM Trackers-Not Found,,,,,
maps.googleapis.com,Targeted Advertising cookies (including social media),Google Inc.,ETag,bench_new_T3_126884,,,TRUE,https://www.CLIENT_X.ae/ar/c-w/support-home/service-center-locator.html,Existing CM Trackers-Found,,,,,
www.CLIENT_X.sa,Essential cookies,CLIENT_X - Kingdom of Saudi Arabia,Beacon,bench_new_T3_127361,,,TRUE,,Existing CM Trackers-Found,,,,,
CLIENT_X.jo,Essential cookies,CLIENT_X - Jordan,HTTP Cookie,_ga_failed_lookup_marker_79_1712,,,,,Existing CM Trackers-Not Found,,,,,
stg.CLIENT_X.com.kw,Essential cookies,CLIENT_X - Kuwait,HTTP Cookie,bench_new_T3_127567,,,,,Existing CM Trackers-Not Found,,,,,
CLIENT_X.co.nz,Essential cookies (exempt from consent),CLIENT_X - New Zealand,HTTP Cookie,da_intState,,bench_update_duration,TRUE,https://www.CLIENT_X.jo/en/healthcare/product/HC722227/azurion-5-m12-image-guided-therapy-system,Existing CM Trackers-Found,,,,,
CLIENT_X.com.qa,Essential cookies,CLIENT_X - Qatar,HTTP Cookie,bench_new_T3_127194,,,,,Existing CM Trackers-Not Found,,,,,
usersync.gumgum.com,Targeted Advertising Cookies (including social media) [Requires consent],"GumGum, Inc.",Beacon,-,,,TRUE,http://www.CLIENT_X.com.qa/,Existing CM Trackers-Found,,,,,
CLIENT_X.ae,Essential cookies,CLIENT_X - Middle East Arab,HTTP Cookie,bench_new_T3_126890,,0,TRUE,https://www.CLIENT_X.ae/,Existing CM Trackers-Found,,,,,
www.CLIENT_X.jo,Essential cookies,,HTTP Cookie,bench_new_T3_127408,,,,,Existing CM Trackers-Not Found,,,,,
CLIENT_X.sa,Essential cookies,CLIENT_X - Kingdom of Saudi Arabia,HTTP Cookie,bench_new_T3_127258,,,,,Existing CM Trackers-Not Found,,,,,
CLIENT_Xlighting.d3.sc.omtrdc.net,Performance cookies,"Adobe Audience Manager, Adobe Experience Cloud",Beacon,bench_new_T3_126424,,,,,Existing CM Trackers-Not Found,,,,,
assets-v2.yieldify.com,Targeted Advertising cookies (including social media),Yieldify,ETag,bench_new_T3_127971,,,,,Existing CM Trackers-Not Found,,,,,
CLIENT_X.sa,Essential cookies,CLIENT_X - Kingdom of Saudi Arabia,HTTP Cookie,bench_new_T3_127358,,90,,https://www.CLIENT_X.sa/,New First Party Trackers,,,,,
www.CLIENT_X.com.qa,Essential cookies,CLIENT_X - Qatar,JavaScript,bench_new_T3_127740,,,TRUE,http://www.CLIENT_X.com.qa/,Existing CM Trackers-Found,,,,,
snapchat.com,Targeted Advertising cookies (including social media),Snap Inc.,HTTP Cookie,bench_new_T3_126641,,390,TRUE,https://www.CLIENT_X.jo/c-e/ho/homeid-app.html,Existing CM Trackers-Found,,,,,
s.pinimg.com,Targeted Advertising cookies (including social media),Pinterest,JavaScript,bench_new_T3_126473,,,,http://www.CLIENT_X.ae/,New Third Party Trackers,,,,,
CLIENT_X.com.pe,Essential cookies (exempt from consent),CLIENT_X - Peru,HTTP Cookie,FPLC,,,,,Existing CM Trackers-Not Found,,,,,
tr.snapchat.com,Targeted Advertising cookies (including social media),Snap Inc.,JavaScript,bench_new_T3_127097,,,TRUE,https://www.CLIENT_X.sa/c-e/ho/cooking/all-in-one-cooker-3000.html,Existing CM Trackers-Found,,,,,
cdn.speedcurve.com,Performance cookies,Speedcurve,JavaScript,bench_new_T3_127292,,,,http://www.CLIENT_X.jo/,New Third Party Trackers,,,,,
CLIENT_X.ae,Essential cookies,CLIENT_X - Middle East Arab,HTTP Cookie,bench_new_T3_126477,,365,,https://www.CLIENT_X.ae/,New First Party Trackers,,,,,
CLIENT_X.sa,Essential cookies,CLIENT_X - Kingdom of Saudi Arabia,HTTP Cookie,_ga_failed_lookup_marker_79_1730,,400,TRUE,https://www.CLIENT_X.sa/,Existing CM Trackers-Found,,,,,
www.CLIENT_X.com.qa,Essential cookies,CLIENT_X - Qatar,HTTP Cookie,bench_new_T3_127616,,6,,https://www.CLIENT_X.com.qa/,New First Party Trackers,,,,,
www.CLIENT_X.com.qa,Essential cookies,CLIENT_X - Qatar,HTTP Cookie,bench_new_T3_126993,,6,,https://www.CLIENT_X.com.qa/,New First Party Trackers,,,,,
snapchat.com,Targeted Advertising cookies (including social media),Snap Inc.,HTTP Cookie,bench_new_T3_126460,,390,TRUE,https://www.CLIENT_X.jo/c-e/ho/homeid-app.html,Existing CM Trackers-Found,,,,,
CLIENT_X.ae,Essential cookies,CLIENT_X - Middle East Arab,HTTP Cookie,bench_new_T3_127694,,0,TRUE,https://www.CLIENT_X.ae/,Existing CM Trackers-Found,,,,,
CLIENT_X.ae,Essential cookies,CLIENT_X - Middle East Arab,HTTP Cookie,bench_new_T3_126745,,90,,https://www.CLIENT_X.ae/,New First Party Trackers,,,,,
d.la11-core1.sfdc-cehfhs.salesforceliveagent.com,Performance cookies,"Salesforce.com, Inc.",JavaScript,bench_new_T3_127397,,,,https://www.CLIENT_X.ae/c-t/XC000006201/my-CLIENT_X-toaster-smells-during-first-time-use,New Third Party Trackers,,,,,
CLIENT_X.com.kw,Performance cookies,CLIENT_X - Kuwait,HTTP Cookie,bench_new_T3_127927,,,,,Existing CM Trackers-Not Found,,,,,
sc-static.net,Targeted Advertising cookies (including social media),Snap Inc.,ETag,_ga_failed_lookup_marker_79_1738,,,TRUE,https://www.CLIENT_X.sa/c-e/ho/cooking/all-in-one-cooker-3000.html,Existing CM Trackers-Found,,,,,
www.CLIENT_X.jo,Essential cookies,,HTTP Cookie,bench_new_T3_127014,,,,,Existing CM Trackers-Not Found,,,,,
lighting.CLIENT_X.sa,Essential cookies,Signify (formerly CLIENT_X Lighting),HTTP Cookie,bench_new_T3_127309,,,,,Existing CM Trackers-Not Found,,,,,
CLIENT_X.ae,Essential cookies,CLIENT_X - Middle East Arab,HTTP Cookie,bench_new_T3_126948,,365,TRUE,https://www.CLIENT_X.ae/,Existing CM Trackers-Found,,,,,
tr.snapchat.com,Targeted Advertising cookies (including social media),Snap Inc.,Beacon,bench_new_T3_127775,,,TRUE,,Existing CM Trackers-Found,,,,,
tracker-detail-page.trustarc.com,Essential cookies,TrustArc,JavaScript,bench_new_T3_127534,,,,https://www.CLIENT_X.ae/a-w/cookie-notice,New Third Party Trackers,,,,,
CLIENT_X.com.kw,Essential cookies,CLIENT_X - Kuwait,HTTP Cookie,bench_new_T3_127041,,,,https://www.CLIENT_X.com.kw/,Existing CM Trackers-Found,,,,,
consent.trustarc.com,Essential cookies,TrustArc,Beacon,bench_new_T3_127376,,,TRUE,,Existing CM Trackers-Found,,,,,
*.t.eloqua.com,Targeted Advertising cookies (including social media),Oracle Marketing,JavaScript,bench_new_T3_127785,,,,https://www.CLIENT_X.com.qa/healthcare/product/HC722227,Existing CM Trackers-Found,,,,,
CLIENT_X.ru,Essential cookies (exempt from consent),CLIENT_X - Russia,HTTP Cookie,_abck,,bench_update_duration,,,Existing CM Trackers-Not Found,,,,,
www.youtube.com,Targeted Advertising cookies (including social media),Google Advertising Products,JavaScript,bench_new_T3_126867,,,TRUE,https://www.CLIENT_X.sa/c-e/CLIENT_X-one.html,Existing CM Trackers-Found,,,,,
www.CLIENT_X.hu,Essential cookies (exempt from consent),CLIENT_X - Hungary,HTTP Cookie,kampylePageLoadedTimestamp,,bench_update_duration,TRUE,https://www.CLIENT_X.ae/,Existing CM Trackers-Found,,,,,
www.CLIENT_X.com.kw,Essential cookies,CLIENT_X - Kuwait,HTTP Cookie,_ga_failed_lookup_marker_79_1750,,1,TRUE,https://www.CLIENT_X.com.kw/ar/c-m-so/media-players/latest,Existing CM Trackers-Found,,,,,
stg.CLIENT_X.sa,Essential cookies,CLIENT_X - Kingdom of Saudi Arabia,HTTP Cookie,bench_new_T3_127718,,,,,Existing CM Trackers-Not Found,,,,,
ct.pinterest.com,Targeted Advertising cookies (including social media),Pinterest,Beacon,bench_new_T3_126572,,,,,New Third Party Trackers,,,,,
lighting.CLIENT_X.sa,Performance cookies,Signify (formerly CLIENT_X Lighting),HTTP Cookie,bench_new_T3_126995,,,,,Existing CM Trackers-Not Found,,,,,
www.facebook.com,Targeted Advertising cookies (including social media),Meta (formerly Facebook),Beacon,bench_new_T3_126418,,,TRUE,,Existing CM Trackers-Found,,,,,
CLIENT_X.com.kw,Essential cookies,CLIENT_X - Kuwait,HTTP Cookie,_ga_failed_lookup_marker_79_1755,,393,TRUE,https://www.CLIENT_X.com.kw/,Existing CM Trackers-Found,,,,,
CLIENT_X.co.in,Essential cookies (exempt from consent),CLIENT_X - India,HTTP Cookie,internalUserCheck,,bench_update_duration,TRUE,http://www.CLIENT_X.jo/,Existing CM Trackers-Found,,,,,
www.CLIENT_X.com.qa,Essential cookies,CLIENT_X - Qatar,HTTP Cookie,bench_new_T3_127193,,6,,https://www.CLIENT_X.com.qa/,New First Party Trackers,,,,,
CLIENT_X.jo,Performance cookies,CLIENT_X - Jordan,HTTP Cookie,bench_new_T3_126824,,,,,Existing CM Trackers-Not Found,,,,,
sc-static.net,Targeted Advertising cookies (including social media),Snap Inc.,ETag,bench_new_T3_127672,,,TRUE,https://www.CLIENT_X.sa/c-e/ho/cooking/all-in-one-cooker-3000.html,Existing CM Trackers-Found,,,,,
www.lighting.CLIENT_X.com.eg,Essential cookies (exempt from consent),Signify (formerly CLIENT_X Lighting),JavaScript,blank (java),,,,,Existing CM Trackers-Not Found,,,,,
www.CLIENT_X-hue.com,Performance Cookies [Requires consent],CLIENT_X Hue,HTTP Cookie,AWSELBCORS,,bench_update_duration,TRUE,https://www.CLIENT_X.sa/,Existing CM Trackers-Found,,,,,
CLIENT_X.com.qa,Essential cookies,CLIENT_X - Qatar,HTTP Cookie,bench_new_T3_127983,,session,TRUE,https://www.CLIENT_X.com.qa/,Existing CM Trackers-Found,,,,,
stg.CLIENT_X.com.kw,Essential cookies,CLIENT_X - Kuwait,HTTP Cookie,_ga_failed_lookup_marker_79_1763,,,,,Existing CM Trackers-Not Found,,,,,
www.CLIENT_X.ae,Performance cookies,,HTTP Cookie,bench_new_T3_127247,,,,,Existing CM Trackers-Not Found,,,,,
www.CLIENT_X.com.eg,Essential cookies (exempt from consent),CLIENT_X - Egypt,Beacon,blank (beacon),,,TRUE,,Existing CM Trackers-Found,,,,,
CLIENT_X.hu,Essential cookies (exempt from consent),CLIENT_X - Hungary,HTTP Cookie,_ga,,bench_update_duration,TRUE,https://www.CLIENT_X.com.qa/,Existing CM Trackers-Found,,,,,
CLIENT_X.com.qa,Essential cookies,CLIENT_X - Qatar,HTTP Cookie,bench_new_T3_126807,,60,TRUE,https://www.CLIENT_X.com.qa/,Existing CM Trackers-Found,,,,,
respirtech.com,Essential cookies (exempt from consent),RespirTech,HTTP Cookie,at_check,,7,,https://www.CLIENT_X.sa/c-m-ho/cooking/toaster/latest,New First Party Trackers,,,,,
CLIENT_X.sa,Essential cookies,CLIENT_X - Kingdom of Saudi Arabia,HTTP Cookie,bench_new_T3_127921,,session,TRUE,https://www.CLIENT_X.sa/,Existing CM Trackers-Found,,,,,
CLIENT_X.com.kw,Essential cookies,CLIENT_X - Kuwait,HTTP Cookie,bench_new_T3_126968,,,,,Existing CM Trackers-Not Found,,,,,
CLIENT_X.sa,Essential cookies,CLIENT_X - Kingdom of Saudi Arabia,HTTP Cookie,bench_new_T3_126407,,365,TRUE,https://www.CLIENT_X.sa/,Existing CM Trackers-Found,,,,,
tools.eurolandir.com,Performance cookies,Euroland,JavaScript,_ga_failed_lookup_marker_79_1772,,,,,Existing CM Trackers-Not Found,,,,,
www.CLIENT_X.com.kw,Essential cookies,,HTTP Cookie,_ga_failed_lookup_marker_79_1773,,,,,Existing CM Trackers-Not Found,,,,,
connect.facebook.net,Targeted Advertising cookies (including social media),Meta (formerly Facebook),JavaScript,bench_new_T3_127072,,,TRUE,http://www.CLIENT_X.com.qa/,Existing CM Trackers-Found,,,,,
www.CLIENT_X.ie,Essential cookies (exempt from consent),CLIENT_X - Ireland,HTTP Cookie,kampyleUserSession,,400,TRUE,https://www.CLIENT_X.ae/,Existing CM Trackers-Found,,,,,
stg.CLIENT_X.com.kw,Essential cookies,CLIENT_X - Kuwait,ETag,bench_new_T3_127342,,,,,Existing CM Trackers-Not Found,,,,,
CLIENT_X.jo,Essential cookies,CLIENT_X - Jordan,HTTP Cookie,bench_new_T3_127881,,,,,Existing CM Trackers-Not Found,,,,,
CLIENT_X.ae,Essential cookies,CLIENT_X - Middle East Arab,HTTP Cookie,bench_new_T3_127030,,session,TRUE,https://www.CLIENT_X.ae/,Existing CM Trackers-Found,,,,,
consent-st.trustarc.com,Essential cookies,TrustArc,JavaScript,bench_new_T3_127472,,,TRUE,http://www.CLIENT_X.com.qa/,Existing CM Trackers-Found,,,,,
dpm.demdex.net,Targeted Advertising cookies (including social media),"Adobe Audience Manager, Adobe Experience Cloud",Beacon,bench_new_T3_126573,,,,,Existing CM Trackers-Not Found,,,,,
snap.licdn.com,Performance cookies,LinkedIn,JavaScript,bench_new_T3_127648,,,TRUE,https://www.CLIENT_X.jo/c-e/ho/homeid-app.html,Existing CM Trackers-Found,,,,,
www.CLIENT_X.ua,Essential cookies (exempt from consent),CLIENT_X - Ukraine,HTTP Cookie,RT,,bench_update_duration,TRUE,https://www.CLIENT_X.com.kw/,Existing CM Trackers-Found,,,,,
CLIENT_X.com.qa,Essential cookies,CLIENT_X - Qatar,HTTP Cookie,bench_new_T3_127828,,365,TRUE,https://www.CLIENT_X.com.qa/,Existing CM Trackers-Found,,,,,
CLIENT_X.jo,Performance cookies,CLIENT_X - Jordan,HTTP Cookie,bench_new_T3_126984,,,,,Existing CM Trackers-Not Found,,,,,
CLIENT_Xtest.scene7.com,Performance cookies,Adobe Experience Cloud - Experience Manager,ETag,bench_new_T3_127165,,,,,Existing CM Trackers-Not Found,,,,,
CLIENT_X.com.qa,Targeted Advertising cookies (including social media),CLIENT_X - Qatar,HTTP Cookie,bench_new_T3_126765,,90,TRUE,https://www.CLIENT_X.com.qa/,Existing CM Trackers-Found,,,,,
CLIENT_X.112.2o7.net,Performance cookies,"Adobe Audience Manager, Adobe Experience Cloud",HTTP Cookie,bench_new_T3_127104,,400,,https://www.CLIENT_X.jo/,New Third Party Trackers,,,,,
www.CLIENT_X.jo,Essential cookies,,HTTP Cookie,bench_new_T3_127223,,,,,Existing CM Trackers-Not Found,,,,,
casalemedia.com,Targeted Advertising cookies (including social media),Index Exchange Inc.,HTTP Cookie,bench_new_T3_126581,,90,TRUE,https://www.CLIENT_X.jo/a-w/about-CLIENT_X/company-profile.html,Existing CM Trackers-Found,,,,,
CLIENT_Xtest.scene7.com,Performance cookies,Adobe Experience Cloud - Experience Manager,JavaScript,_ga_failed_lookup_marker_79_1790,,,,,Existing CM Trackers-Not Found,,,,,
CLIENT_X.com.kw,Essential cookies,CLIENT_X - Kuwait,HTTP Cookie,bench_new_T3_127720,,,,https://www.CLIENT_X.com.kw/,Existing CM Trackers-Found,,,,,
snap.licdn.com,Performance cookies,LinkedIn,JavaScript,bench_new_T3_127689,,,TRUE,https://www.CLIENT_X.jo/c-e/ho/homeid-app.html,Existing CM Trackers-Found,,,,,
www.CLIENT_X.sa,Essential cookies,CLIENT_X - Kingdom of Saudi Arabia,HTTP Cookie,bench_new_T3_127981,,365,TRUE,https://www.CLIENT_X.sa/c-m-ho/cooking/toaster/latest,Existing CM Trackers-Found,,,,,
CLIENT_Xb2c.lightning.force.com,Essential cookies,"Salesforce.com, Inc.",HTTP Cookie,_ga_failed_lookup_marker_79_1794,,365,TRUE,https://www.CLIENT_X.ae/c-f/XC000019471/CLIENT_X-one-battery-replacement-instructions,Existing CM Trackers-Found,,,,,
CLIENT_Xb2c.my.salesforce-scrt.com,Performance cookies,"Salesforce.com, Inc.",Beacon,bench_new_T3_126614,,,,,New Third Party Trackers,,,,,
static.hotjar.com,Performance cookies,Hotjar,JavaScript,bench_new_T3_126664,,,,,Existing CM Trackers-Not Found,,,,,
CLIENT_X.jo,Essential cookies,CLIENT_X - Jordan,HTTP Cookie,bench_new_T3_127640,,0,TRUE,https://www.CLIENT_X.jo/,Existing CM Trackers-Found,,,,,
tr.snapchat.com,Targeted Advertising cookies (including social media),Snap Inc.,JavaScript,bench_new_T3_127430,,,TRUE,https://www.CLIENT_X.sa/c-e/ho/cooking/all-in-one-cooker-3000.html,Existing CM Trackers-Found,,,,,
CLIENT_X.jo,Essential cookies,CLIENT_X - Jordan,HTTP Cookie,bench_new_T3_127628,,0,TRUE,https://www.CLIENT_X.jo/,Existing CM Trackers-Found,,,,,
www.CLIENT_X.com.kw,Essential cookies,CLIENT_X - Kuwait,HTTP Cookie,_ga_failed_lookup_marker_79_1800,,365,TRUE,https://www.CLIENT_X.com.kw/ar/c-m-so/media-players/latest,Existing CM Trackers-Found,,,,,
CLIENT_X.sa,Essential cookies,CLIENT_X - Kingdom of Saudi Arabia,HTTP Cookie,bench_new_T3_127743,,,,,Existing CM Trackers-Not Found,,,,,
www.CLIENT_X.sa,Essential cookies,,HTTP Cookie,bench_new_T3_126560,,,,,Existing CM Trackers-Not Found,,,,,
linkedin.com,Targeted Advertising cookies (including social media),LinkedIn,HTTP Cookie,bench_new_T3_127583,,180,TRUE,https://www.CLIENT_X.jo/c-e/ho/homeid-app.html,Existing CM Trackers-Found,,,,,
CLIENT_X.sa,Essential cookies,CLIENT_X - Kingdom of Saudi Arabia,HTTP Cookie,bench_new_T3_127354,,,,,Existing CM Trackers-Not Found,,,,,
www.CLIENT_X.sa,Essential cookies,CLIENT_X - Kingdom of Saudi Arabia,HTTP Cookie,bench_new_T3_126606,,0,,https://www.CLIENT_X.sa/c-m-ho/cooking/toaster/latest,New First Party Trackers,,,,,
www.CLIENT_X.com.qa,Essential cookies,CLIENT_X - Qatar,HTTP Cookie,bench_new_T3_126621,,365,TRUE,https://www.CLIENT_X.com.qa/,Existing CM Trackers-Found,,,,,
CLIENT_X.112.2o7.net,Performance cookies,"Adobe Audience Manager, Adobe Experience Cloud",Beacon,bench_new_T3_126723,,,TRUE,http://www.CLIENT_X.sa/,Existing CM Trackers-Found,,,,,
www.recaptcha.net,Performance cookies,Google Inc.,JavaScript,bench_new_T3_127540,,,,,Existing CM Trackers-Not Found,,,,,
www.lighting.CLIENT_X.sa,Essential cookies,Signify (formerly CLIENT_X Lighting),HTTP Cookie,bench_new_T3_127813,,,,,Existing CM Trackers-Not Found,,,,,
www.lighting.CLIENT_X.ua,Essential cookies (exempt from consent),Signify (formerly CLIENT_X Lighting),HTTP Cookie,BCTempID,,90,TRUE,https://www.CLIENT_X.ae/,Existing CM Trackers-Found,,,,,
CLIENT_X.sa,Essential cookies,CLIENT_X - Kingdom of Saudi Arabia,HTTP Cookie,bench_new_T3_126583,,session,TRUE,https://www.CLIENT_X.sa/,Existing CM Trackers-Found,,,,,
www.youtube.com,Targeted Advertising cookies (including social media),Google Advertising Products,JavaScript,bench_new_T3_127512,,,TRUE,https://www.CLIENT_X.sa/c-e/CLIENT_X-one.html,Existing CM Trackers-Found,,,,,
www.lighting.CLIENT_X.sa,Essential cookies,Signify (formerly CLIENT_X Lighting),HTTP Cookie,bench_new_T3_127293,,,,,Existing CM Trackers-Not Found,,,,,
CLIENT_Xlighting.d3.sc.omtrdc.net,Performance cookies,"Adobe Audience Manager, Adobe Experience Cloud",Beacon,bench_new_T3_127644,,,,,Existing CM Trackers-Not Found,,,,,
CLIENT_X.com.qa,Essential cookies,CLIENT_X - Qatar,HTTP Cookie,bench_new_T3_127966,,0,TRUE,https://www.CLIENT_X.com.qa/,Existing CM Trackers-Found,,,,,
youtube.com,Targeted Advertising cookies (including social media),Google Advertising Products,HTTP Cookie,bench_new_T3_126758,,180,,https://www.CLIENT_X.jo/,New Third Party Trackers,,,,,
cdn.speedcurve.com,Performance cookies,Speedcurve,JavaScript,bench_new_T3_127771,,,,http://www.CLIENT_X.jo/,New Third Party Trackers,,,,,
halc.iadvize.com,Performance cookies,iAdvize,ETag,bench_new_T3_126469,,,TRUE,https://www.CLIENT_X.sa/c-e/ho/air-purifier-and-air-humidifier/air-performer-series-8000.html,Existing CM Trackers-Found,,,,,
CLIENT_X.com.qa,Targeted Advertising cookies (including social media),CLIENT_X - Qatar,HTTP Cookie,_ga_failed_lookup_marker_79_1819,,7,TRUE,https://www.CLIENT_X.com.qa/,Existing CM Trackers-Found,,,,,
www.CLIENT_X.com.kw,Essential cookies,CLIENT_X - Kuwait,HTTP Cookie,bench_new_T3_127182,,365,TRUE,https://www.CLIENT_X.com.kw/ar/c-m-so/media-players/latest,Existing CM Trackers-Found,,,,,
consent-pref.trustarc.com,Essential cookies,TrustArc,Local Storage,bench_new_T3_126516,,,TRUE,https://www.CLIENT_X.com.kw/,Existing CM Trackers-Found,,,,,
www.CLIENT_X.jo,Essential cookies,,HTTP Cookie,bench_new_T3_127028,,,,,Existing CM Trackers-Not Found,,,,,
stg.CLIENT_X.sa,Essential cookies,CLIENT_X - Kingdom of Saudi Arabia,HTTP Cookie,bench_new_T3_126558,,,,,Existing CM Trackers-Not Found,,,,,
dpm.demdex.net,Targeted Advertising cookies (including social media),"Adobe Audience Manager, Adobe Experience Cloud",Beacon,_ga_failed_lookup_marker_79_1824,,,,,Existing CM Trackers-Not Found,,,,,
CLIENT_X.sa,Essential cookies,CLIENT_X - Kingdom of Saudi Arabia,HTTP Cookie,bench_new_T3_126627,,,,,Existing CM Trackers-Not Found,,,,,
www.CLIENT_X.jo,Essential cookies (exempt from consent),CLIENT_X - Jordan,ETag,blank (etag),,bench_update_duration,,,Existing CM Trackers-Not Found,,,,,
www.CLIENT_X.sa,Essential cookies,CLIENT_X - Kingdom of Saudi Arabia,HTTP Cookie,bench_new_T3_127560,,400,TRUE,https://www.CLIENT_X.sa/c-m-ho/cooking/toaster/latest,Existing CM Trackers-Found,,,,,
www.CLIENT_X.jo,Essential cookies,CLIENT_X - Jordan,Beacon,bench_new_T3_126893,,,TRUE,,Existing CM Trackers-Found,,,,,
CLIENT_X.sa,Performance cookies,CLIENT_X - Kingdom of Saudi Arabia,HTTP Cookie,_ga_failed_lookup_marker_79_1829,,session,TRUE,https://www.CLIENT_X.sa/,Existing CM Trackers-Found,,,,,
ct.pinterest.com,Targeted Advertising cookies (including social media),Pinterest,JavaScript,bench_new_T3_127146,,,,http://www.CLIENT_X.ae/,New Third Party Trackers,,,,,
CLIENT_X.sa,Performance cookies,CLIENT_X - Kingdom of Saudi Arabia,HTTP Cookie,bench_new_T3_127889,,session,TRUE,https://www.CLIENT_X.sa/,Existing CM Trackers-Found,,,,,
CLIENT_X.ae,Essential cookies,CLIENT_X - Middle East Arab,HTTP Cookie,bench_new_T3_127894,,,,,Existing CM Trackers-Not Found,,,,,
www.accounts.CLIENT_X.com,Essential cookies,Koninklijke CLIENT_X N.V.,JavaScript,bench_new_T3_127944,,,,,Existing CM Trackers-Not Found,,,,,
www.CLIENT_X.sa,Essential cookies,,HTTP Cookie,bench_new_T3_126444,,,,,Existing CM Trackers-Not Found,,,,,
stg.CLIENT_X.sa,Essential cookies,CLIENT_X - Kingdom of Saudi Arabia,Local Storage,bench_new_T3_127918,,,,,Existing CM Trackers-Not Found,,,,,
CLIENT_X.sa,Essential cookies,CLIENT_X - Kingdom of Saudi Arabia,HTTP Cookie,bench_new_T3_127755,,90,,https://www.CLIENT_X.sa/,New First Party Trackers,,,,,
CLIENT_X.com.kw,Targeted Advertising cookies (including social media),CLIENT_X - Kuwait,HTTP Cookie,_ga_failed_lookup_marker_79_1837,,7,TRUE,https://www.CLIENT_X.com.kw/,Existing CM Trackers-Found,,,,,
www.CLIENT_X.com.qa,Essential cookies,CLIENT_X - Qatar,HTTP Cookie,bench_new_T3_126840,,session,TRUE,https://www.CLIENT_X.com.qa/,Existing CM Trackers-Found,,,,,
www.CLIENT_X.sa,Essential cookies,CLIENT_X - Kingdom of Saudi Arabia,HTTP Cookie,bench_new_T3_127320,,7,,https://www.CLIENT_X.sa/c-m-ho/cooking/toaster/latest,New First Party Trackers,,,,,
CLIENT_X.sa,Essential cookies,CLIENT_X - Kingdom of Saudi Arabia,HTTP Cookie,bench_new_T3_127770,,400,TRUE,https://www.CLIENT_X.sa/,Existing CM Trackers-Found,,,,,
CLIENT_X.ae,Essential cookies,CLIENT_X - Middle East Arab,HTTP Cookie,bench_new_T3_126724,,400,TRUE,https://www.CLIENT_X.ae/,Existing CM Trackers-Found,,,,,
stg.CLIENT_X.com.kw,Essential cookies,CLIENT_X - Kuwait,HTTP Cookie,bench_new_T3_127949,,,,,Existing CM Trackers-Not Found,,,,,
nebula-cdn.kampyle.com,Performance cookies,Medallia,ETag,bench_new_T3_126719,,,TRUE,http://www.CLIENT_X.jo/,Existing CM Trackers-Found,,,,,
www.CLIENT_X.com.kw,Essential cookies,CLIENT_X - Kuwait,HTTP Cookie,bench_new_T3_127158,,365,TRUE,https://www.CLIENT_X.com.kw/ar/c-m-so/media-players/latest,Existing CM Trackers-Found,,,,,
stg.CLIENT_X.sa,Essential cookies,CLIENT_X - Kingdom of Saudi Arabia,Local Storage,bench_new_T3_127571,,,,,Existing CM Trackers-Not Found,,,,,
s.pinimg.com,Targeted Advertising cookies (including social media),Pinterest,JavaScript,_ga_failed_lookup_marker_79_1846,,,,http://www.CLIENT_X.ae/,New Third Party Trackers,,,,,
CLIENT_X.com.cn,Essential cookies (exempt from consent),CLIENT_X - China,HTTP Cookie,TEST_AMCV_COOKIE_WRITE,,bench_update_duration,,,Existing CM Trackers-Not Found,,,,,
CLIENT_X.com.kw,Performance cookies,CLIENT_X - Kuwait,HTTP Cookie,bench_new_T3_127259,,0,TRUE,https://www.CLIENT_X.com.kw/,Existing CM Trackers-Found,,,,,
cdn.channelsight.com,Essential cookies,ChannelSight,ETag,bench_new_T3_127572,,,TRUE,https://www.CLIENT_X.sa/c-e/ho/air-purifier-and-air-humidifier/air-performer-series-7000.html,Existing CM Trackers-Found,,,,,
CLIENT_X.jo,Essential cookies,CLIENT_X - Jordan,HTTP Cookie,bench_new_T3_126705,,0,TRUE,https://www.CLIENT_X.jo/,Existing CM Trackers-Found,,,,,
www.CLIENT_X.com.qa,Essential cookies,,HTTP Cookie,_ga_failed_lookup_marker_79_1851,,,,,Existing CM Trackers-Not Found,,,,,
CLIENT_X.com.kw,Essential cookies,CLIENT_X - Kuwait,HTTP Cookie,bench_new_T3_127906,,393,TRUE,https://www.CLIENT_X.com.kw/,Existing CM Trackers-Found,,,,,
www.lighting.CLIENT_X.fi,Essential cookies (exempt from consent),Signify (formerly CLIENT_X Lighting),HTTP Cookie,customer_country,,365,TRUE,https://www.CLIENT_X.jo/c-e/ho/homeid-app.html,Existing CM Trackers-Found,,,,,
CLIENT_X.ae,Essential cookies,CLIENT_X - Middle East Arab,HTTP Cookie,bench_new_T3_127697,,0,TRUE,https://www.CLIENT_X.ae/,Existing CM Trackers-Found,,,,,
google.com,Performance cookies,Google Inc.,Local Storage,_ga_failed_lookup_marker_79_1855,,,TRUE,https://www.CLIENT_X.ae/c-m-ho/ironing/latest,Existing CM Trackers-Found,,,,,
CLIENT_X.com.qa,Targeted Advertising cookies (including social media),CLIENT_X - Qatar,HTTP Cookie,bench_new_T3_126485,,90,TRUE,https://www.CLIENT_X.com.qa/,Existing CM Trackers-Found,,,,,
www.CLIENT_X.ee,Essential cookies (exempt from consent),CLIENT_X - Republic of Estonia,HTTP Cookie,T01-recentlyViewedProducts,,bench_update_duration,TRUE,https://www.CLIENT_X.ae/,Existing CM Trackers-Found,,,,,
CLIENT_X.com.qa,Essential cookies,CLIENT_X - Qatar,HTTP Cookie,_ga_failed_lookup_marker_79_1858,,60,TRUE,https://www.CLIENT_X.com.qa/,Existing CM Trackers-Found,,,,,
www.CLIENT_X.ae,Essential cookies,CLIENT_X - Middle East Arab,HTTP Cookie,bench_new_T3_127827,,365,TRUE,https://www.CLIENT_X.ae/c-m-ho/cooking/toaster/latest,Existing CM Trackers-Found,,,,,
www.lighting.CLIENT_X.sa,Essential cookies,Signify (formerly CLIENT_X Lighting),ETag,bench_new_T3_127891,,,,,Existing CM Trackers-Not Found,,,,,
CLIENT_X.com.kw,Essential cookies,CLIENT_X - Kuwait,HTTP Cookie,bench_new_T3_126667,,0,TRUE,https://www.CLIENT_X.com.kw/,Existing CM Trackers-Found,,,,,
CLIENT_X.ae,Essential cookies,CLIENT_X - Middle East Arab,HTTP Cookie,bench_new_T3_126879,,365,TRUE,https://www.CLIENT_X.ae/,Existing CM Trackers-Found,,,,,
s334834414.t.eloqua.com,Performance cookies,Oracle Marketing,JavaScript,bench_new_T3_126687,,,,https://www.CLIENT_X.com.qa/healthcare/product/HC722227,New Third Party Trackers,,,,,
CLIENT_X.com.qa,Essential cookies,CLIENT_X - Qatar,HTTP Cookie,bench_new_T3_127878,,session,TRUE,https://www.CLIENT_X.com.qa/,Existing CM Trackers-Found,,,,,
CLIENT_X.sa,Essential cookies,CLIENT_X - Kingdom of Saudi Arabia,HTTP Cookie,bench_new_T3_127130,,0,TRUE,https://www.CLIENT_X.sa/,Existing CM Trackers-Found,,,,,
eloqua.com,Targeted Advertising cookies (including social media),Oracle Marketing,HTTP Cookie,bench_new_T3_127438,,392,TRUE,https://www.CLIENT_X.jo/healthcare,Existing CM Trackers-Found,,,,,
casalemedia.com,Targeted Advertising cookies (including social media),Index Exchange Inc.,HTTP Cookie,_ga_failed_lookup_marker_79_1867,,90,TRUE,https://www.CLIENT_X.jo/a-w/about-CLIENT_X/company-profile.html,Existing CM Trackers-Found,,,,,
CLIENT_X.com.qa,Essential cookies,CLIENT_X - Qatar,HTTP Cookie,bench_new_T3_126406,,,,,Existing CM Trackers-Not Found,,,,,
www.CLIENT_X.sa,Essential cookies,,HTTP Cookie,bench_new_T3_127190,,,,,Existing CM Trackers-Not Found,,,,,
CLIENT_X.jo,Essential cookies,CLIENT_X - Jordan,HTTP Cookie,_ga_failed_lookup_marker_79_1870,,session,TRUE,https://www.CLIENT_X.jo/,Existing CM Trackers-Found,,,,,
CLIENT_X.com.qa,Essential cookies,CLIENT_X - Qatar,HTTP Cookie,bench_new_T3_126596,,90,,https://www.CLIENT_X.com.qa/,New First Party Trackers,,,,,
static.cloud.coveo.com,Targeted Advertising cookies (including social media),Coveo Solutions Inc.,JavaScript,bench_new_T3_127122,,,TRUE,https://www.CLIENT_X.ae/healthcare/about/support/resource-center/results,Existing CM Trackers-Found,,,,,
www.CLIENT_X.com.kw,Essential cookies,,HTTP Cookie,bench_new_T3_127674,,,,,Existing CM Trackers-Not Found,,,,,
www.CLIENT_X.com,Essential cookies,Koninklijke CLIENT_X N.V.,ETag,bench_new_T3_127473,,,TRUE,https://www.CLIENT_X.sa/a-w/about/news/all-news,Existing CM Trackers-Found,,,,,
www.CLIENT_X.jo,Essential cookies,,HTTP Cookie,bench_new_T3_126834,,,,,Existing CM Trackers-Not Found,,,,,
CLIENT_X.jo,Essential cookies,CLIENT_X - Jordan,HTTP Cookie,bench_new_T3_126927,,session,TRUE,https://www.CLIENT_X.jo/,Existing CM Trackers-Found,,,,,
www.CLIENT_X.jo,Essential cookies,CLIENT_X - Jordan,HTTP Cookie,bench_new_T3_127110,,365,TRUE,http://www.CLIENT_X.jo/,Existing CM Trackers-Found,,,,,
maps.googleapis.com,Targeted Advertising cookies (including social media),Google Inc.,ETag,bench_new_T3_127228,,,TRUE,https://www.CLIENT_X.ae/ar/c-w/support-home/service-center-locator.html,Existing CM Trackers-Found,,,,,
CLIENT_X.sa,Essential cookies,CLIENT_X - Kingdom of Saudi Arabia,HTTP Cookie,bench_new_T3_126497,,393,TRUE,https://www.CLIENT_X.sa/,Existing CM Trackers-Found,,,,,
CLIENT_X.jo,Essential cookies,CLIENT_X - Jordan,HTTP Cookie,bench_new_T3_127782,,session,TRUE,https://www.CLIENT_X.jo/,Existing CM Trackers-Found,,,,,
www.CLIENT_X.jo,Essential cookies,,HTTP Cookie,bench_new_T3_126456,,,,,Existing CM Trackers-Not Found,,,,,
CLIENT_X.com.qa,Essential cookies,CLIENT_X - Qatar,HTTP Cookie,bench_new_T3_127707,,,,,Existing CM Trackers-Not Found,,,,,
www.clarity.ms,Performance cookies,Microsoft,JavaScript,bench_new_T3_127772,,,,,Existing CM Trackers-Not Found,,,,,
www.CLIENT_X.com.kw,Essential cookies,CLIENT_X - Kuwait,JavaScript,bench_new_T3_127725,,,TRUE,http://www.CLIENT_X.com.kw/,Existing CM Trackers-Found,,,,,
www.CLIENT_X.ae,Essential cookies,,HTTP Cookie,bench_new_T3_127997,,,,,Existing CM Trackers-Not Found,,,,,
CLIENT_X.com.kw,Essential cookies,CLIENT_X - Kuwait,HTTP Cookie,bench_new_T3_126880,,90,TRUE,https://www.CLIENT_X.com.kw/,Existing CM Trackers-Found,,,,,
lighting.CLIENT_X.sa,Essential cookies,Signify (formerly CLIENT_X Lighting),HTTP Cookie,bench_new_T3_126874,,,,,Existing CM Trackers-Not Found,,,,,
www.lighting.CLIENT_X.sa,Essential cookies (exempt from consent),Signify (formerly CLIENT_X Lighting),HTTP Cookie,AWSELB,,bench_update_duration,TRUE,https://www.CLIENT_X.ae/,Existing CM Trackers-Found,,,,,
CLIENT_X.jo,Performance cookies,CLIENT_X - Jordan,HTTP Cookie,bench_new_T3_126903,,,,,Existing CM Trackers-Not Found,,,,,
CLIENT_X.com.kw,Essential cookies,CLIENT_X - Kuwait,HTTP Cookie,bench_new_T3_127363,,,,,Existing CM Trackers-Not Found,,,,,
maps.googleapis.com,Targeted Advertising cookies (including social media),Google Inc.,JavaScript,bench_new_T3_127610,,,TRUE,https://www.CLIENT_X.ae/ar/c-w/support-home/service-center-locator.html,Existing CM Trackers-Found,,,,,
www.subskrypcje.CLIENT_X.pl,Essential cookies (exempt from consent),CLIENT_X - Poland,HTTP Cookie,__rtbh.lid,,1,TRUE,https://www.CLIENT_X.com.qa/,Existing CM Trackers-Found,,,,,
CLIENT_X.sa,Essential cookies,CLIENT_X - Kingdom of Saudi Arabia,HTTP Cookie,_ga_failed_lookup_marker_79_1893,,,,,Existing CM Trackers-Not Found,,,,,
www.CLIENT_X.com.qa,Essential cookies,CLIENT_X - Qatar,HTTP Cookie,bench_new_T3_127195,,365,TRUE,https://www.CLIENT_X.com.qa/,Existing CM Trackers-Found,,,,,
CLIENT_X.com.qa,Essential cookies,CLIENT_X - Qatar,HTTP Cookie,bench_new_T3_126701,,session,TRUE,https://www.CLIENT_X.com.qa/,Existing CM Trackers-Found,,,,,
CLIENT_Xb2c.file.force.com,Essential cookies,"Salesforce.com, Inc.",HTTP Cookie,bench_new_T3_127216,,365,TRUE,https://www.CLIENT_X.ae/c-f/XC000019471/CLIENT_X-one-battery-replacement-instructions,Existing CM Trackers-Found,,,,,
www.CLIENT_X.com.kw,Essential cookies,CLIENT_X - Kuwait,HTTP Cookie,bench_new_T3_126795,,365,TRUE,https://www.CLIENT_X.com.kw/ar/c-m-so/media-players/latest,Existing CM Trackers-Found,,,,,
tag-logger.demandbase.com,Targeted Advertising cookies (including social media),"Demandbase, Inc.",ETag,bench_new_T3_127805,,,,https://www.CLIENT_X.ae/a-w/about-CLIENT_X/company/businesses.html,New Third Party Trackers,,,,,
CLIENT_X.com.kw,Essential cookies,CLIENT_X - Kuwait,HTTP Cookie,bench_new_T3_127386,,,,,Existing CM Trackers-Not Found,,,,,
CLIENT_Xb2c.file.force.com,Essential cookies,"Salesforce.com, Inc.",HTTP Cookie,bench_new_T3_127381,,365,TRUE,https://www.CLIENT_X.ae/c-f/XC000019471/CLIENT_X-one-battery-replacement-instructions,Existing CM Trackers-Found,,,,,
www.CLIENT_X.sa,Essential cookies,CLIENT_X - Kingdom of Saudi Arabia,HTTP Cookie,bench_new_T3_126853,,365,TRUE,https://www.CLIENT_X.sa/c-m-ho/cooking/toaster/latest,Existing CM Trackers-Found,,,,,
CLIENT_X.ae,Essential cookies,CLIENT_X - Middle East Arab,Local Storage,bench_new_T3_126996,,,TRUE,https://www.CLIENT_X.ae/c-w/support-home/support-contact-page.html,Existing CM Trackers-Found,,,,,
www.CLIENT_X.com.co,Essential cookies (exempt from consent),CLIENT_X - Colombia,HTTP Cookie,user_country,,session,TRUE,https://www.CLIENT_X.jo/,Existing CM Trackers-Found,,,,,
CLIENT_Xb2c.my.site.com,Performance cookies,"Salesforce.com, Inc.",Local Storage,bench_new_T3_127951,,,TRUE,https://www.CLIENT_X.ae/c-w/support-home/support-contact-page.html,Existing CM Trackers-Found,,,,,
www.CLIENT_X.jo,Essential cookies,,HTTP Cookie,bench_new_T3_126830,,,,,Existing CM Trackers-Not Found,,,,,
CLIENT_X.ae,Performance cookies,CLIENT_X - Middle East Arab,HTTP Cookie,bench_new_T3_126986,,,,,Existing CM Trackers-Not Found,,,,,
beacon.speedcurve.com,Performance cookies,Speedcurve,Beacon,bench_new_T3_127008,,,,,New Third Party Trackers,,,,,
www.CLIENT_X.com.qa,Essential cookies,CLIENT_X - Qatar,HTTP Cookie,bench_new_T3_126622,,1,TRUE,https://www.CLIENT_X.com.qa/,Existing CM Trackers-Found,,,,,
CLIENT_X.ae,Essential cookies,CLIENT_X - Middle East Arab,HTTP Cookie,bench_new_T3_127769,,90,,https://www.CLIENT_X.ae/,New First Party Trackers,,,,,
CLIENT_X.sa,Targeted Advertising cookies (including social media),CLIENT_X - Kingdom of Saudi Arabia,HTTP Cookie,bench_new_T3_127589,,7,TRUE,https://www.CLIENT_X.sa/,Existing CM Trackers-Found,,,,,
td.yieldify.com,Targeted Advertising cookies (including social media),Yieldify,ETag,bench_new_T3_126436,,,TRUE,http://www.CLIENT_X.ae/,Existing CM Trackers-Found,,,,,
consent-pref.trustarc.com,Essential cookies,TrustArc,JavaScript,bench_new_T3_126660,,,TRUE,http://www.CLIENT_X.com.qa/,Existing CM Trackers-Found,,,,,
static.hotjar.com,Performance cookies,Hotjar,JavaScript,_ga_failed_lookup_marker_79_1913,,,,,Existing CM Trackers-Not Found,,,,,
custom.yieldify.com,Targeted Advertising cookies (including social media),Yieldify,ETag,bench_new_T3_126806,,,TRUE,http://www.CLIENT_X.ae/,Existing CM Trackers-Found,,,,,
www.clarity.ms,Performance cookies,Microsoft,JavaScript,bench_new_T3_127350,,,,,Existing CM Trackers-Not Found,,,,,
CLIENT_X.com.qa,Performance cookies,CLIENT_X - Qatar,HTTP Cookie,bench_new_T3_127244,,0,TRUE,https://www.CLIENT_X.com.qa/,Existing CM Trackers-Found,,,,,
CLIENT_X.com.qa,Essential cookies,CLIENT_X - Qatar,HTTP Cookie,bench_new_T3_127961,,,,,Existing CM Trackers-Not Found,,,,,
www.CLIENT_X.com.qa,Essential cookies,CLIENT_X - Qatar,HTTP Cookie,bench_new_T3_126662,,6,,https://www.CLIENT_X.com.qa/,New First Party Trackers,,,,,
www.CLIENT_X.ae,Essential cookies,CLIENT_X - Middle East Arab,JavaScript,bench_new_T3_126932,,,TRUE,http://www.CLIENT_X.ae/,Existing CM Trackers-Found,,,,,
assets.kampyle.com,Performance cookies,Medallia,ETag,bench_new_T3_126740,,,TRUE,https://www.CLIENT_X.sa/en/a-w/about.html,Existing CM Trackers-Found,,,,,
ct.pinterest.com,Targeted Advertising cookies (including social media),Pinterest,HTTP Cookie,bench_new_T3_126789,,365,,https://www.CLIENT_X.ae/,New Third Party Trackers,,,,,
www.CLIENT_X.cz,Essential cookies (exempt from consent),CLIENT_X - Czech Republic,HTTP Cookie,mdLogger,,bench_update_duration,,,Existing CM Trackers-Not Found,,,,,
www.lighting.CLIENT_X.com.au,Essential cookies (exempt from consent),Signify (formerly CLIENT_X Lighting),HTTP Cookie,AWSELBCORS,,0,,https://www.CLIENT_X.sa/,New First Party Trackers,,,,,
CLIENT_X.jo,Essential cookies,CLIENT_X - Jordan,HTTP Cookie,bench_new_T3_126960,,60,TRUE,https://www.CLIENT_X.jo/,Existing CM Trackers-Found,,,,,
www.lighting.CLIENT_X.com.gh,Essential cookies (exempt from consent),Signify (formerly CLIENT_X Lighting),Local Storage,blank (local storage),,bench_update_duration,,https://www.CLIENT_X.ae/,Existing CM Trackers-Found,,,,,
CLIENT_X.com.kw,Essential cookies,CLIENT_X - Kuwait,HTTP Cookie,bench_new_T3_126813,,0,TRUE,https://www.CLIENT_X.com.kw/,Existing CM Trackers-Found,,,,,
lighting.CLIENT_X.sa,Essential cookies,Signify (formerly CLIENT_X Lighting),HTTP Cookie,bench_new_T3_126669,,,,,Existing CM Trackers-Not Found,,,,,
www.CLIENT_X.sa,Essential cookies,CLIENT_X - Kingdom of Saudi Arabia,ETag,bench_new_T3_126978,,,TRUE,http://www.CLIENT_X.sa/,Existing CM Trackers-Found,,,,,
www.CLIENT_X.com.kw,Essential cookies,CLIENT_X - Kuwait,HTTP Cookie,bench_new_T3_127651,,365,TRUE,https://www.CLIENT_X.com.kw/ar/c-m-so/media-players/latest,Existing CM Trackers-Found,,,,,
td.yieldify.com,Targeted Advertising cookies (including social media),Yieldify,JavaScript,bench_new_T3_127698,,,TRUE,http://www.CLIENT_X.ae/,Existing CM Trackers-Found,,,,,
www.CLIENT_X.com.qa,Essential cookies,CLIENT_X - Qatar,JavaScript,bench_new_T3_126872,,,TRUE,http://www.CLIENT_X.com.qa/,Existing CM Trackers-Found,,,,,
CLIENT_X.com.qa,Essential cookies,CLIENT_X - Qatar,HTTP Cookie,bench_new_T3_127505,,393,TRUE,https://www.CLIENT_X.com.qa/,Existing CM Trackers-Found,,,,,
CLIENT_X.com.qa,Performance cookies,CLIENT_X - Qatar,HTTP Cookie,bench_new_T3_126590,,,,,Existing CM Trackers-Not Found,,,,,
CLIENT_X.com.qa,Essential cookies,CLIENT_X - Qatar,HTTP Cookie,bench_new_T3_126797,,session,TRUE,https://www.CLIENT_X.com.qa/,Existing CM Trackers-Found,,,,,
CLIENT_X.com.qa,Essential cookies,CLIENT_X - Qatar,HTTP Cookie,bench_new_T3_127171,,,,,Existing CM Trackers-Not Found,,,,,
CLIENT_Xb2c.lightning.force.com,Performance cookies,"Salesforce.com, Inc.",Beacon,_ga_failed_lookup_marker_79_1936,,,,,New Third Party Trackers,,,,,
CLIENT_X.com.qa,Essential cookies,CLIENT_X - Qatar,HTTP Cookie,bench_new_T3_127523,,,,,Existing CM Trackers-Not Found,,,,,
CLIENT_Xb2c.my.site.com,Performance cookies,"Salesforce.com, Inc.",Local Storage,bench_new_T3_126871,,,TRUE,https://www.CLIENT_X.ae/c-w/support-home/support-contact-page.html,Existing CM Trackers-Found,,,,,
www.CLIENT_X.com.kw,Essential cookies,,HTTP Cookie,bench_new_T3_127702,,,,,Existing CM Trackers-Not Found,,,,,
CLIENT_X.com.qa,Essential cookies,CLIENT_X - Qatar,HTTP Cookie,bench_new_T3_126846,,0,TRUE,https://www.CLIENT_X.com.qa/,Existing CM Trackers-Found,,,,,
CLIENT_X.ae,Essential cookies,CLIENT_X - Middle East Arab,HTTP Cookie,bench_new_T3_127461,,session,TRUE,https://www.CLIENT_X.ae/,Existing CM Trackers-Found,,,,,
CLIENT_X.com.qa,Essential cookies (exempt from consent),CLIENT_X - Qatar,HTTP Cookie,s_eVar44,,,TRUE,http://www.CLIENT_X.jo/,Existing CM Trackers-Found,,,,,
CLIENT_X.sa,Performance cookies,CLIENT_X - Kingdom of Saudi Arabia,HTTP Cookie,_ga_failed_lookup_marker_79_1943,,,,,Existing CM Trackers-Not Found,,,,,
analytics.tiktok.com,Targeted Advertising cookies (including social media),TikTok,JavaScript,bench_new_T3_126577,,,TRUE,http://www.CLIENT_X.ae/,Existing CM Trackers-Found,,,,,
s334834414.t.eloqua.com,Performance cookies,Oracle Marketing,Beacon,bench_new_T3_127348,,,,,New Third Party Trackers,,,,,
static.cloud.coveo.com,Targeted Advertising cookies (including social media),Coveo Solutions Inc.,JavaScript,bench_new_T3_127063,,,TRUE,https://www.CLIENT_X.ae/healthcare/about/support/resource-center/results,Existing CM Trackers-Found,,,,,
CLIENT_X.ae,Performance cookies,CLIENT_X - Middle East Arab,HTTP Cookie,bench_new_T3_127875,,0,TRUE,https://www.CLIENT_X.ae/,Existing CM Trackers-Found,,,,,
www.CLIENT_X.com.kw,Essential cookies,,HTTP Cookie,bench_new_T3_127141,,,,,Existing CM Trackers-Not Found,,,,,
www.CLIENT_X.com.kw,Essential cookies,,HTTP Cookie,bench_new_T3_127161,,,,,Existing CM Trackers-Not Found,,,,,
stg.CLIENT_X.com.kw,Essential cookies,CLIENT_X - Kuwait,Local Storage,bench_new_T3_126928,,,,,Existing CM Trackers-Not Found,,,,,
eloqua.com,Targeted Advertising cookies (including social media),Oracle Marketing,HTTP Cookie,bench_new_T3_127773,,392,TRUE,https://www.CLIENT_X.jo/healthcare,Existing CM Trackers-Found,,,,,
stg.CLIENT_X.com.kw,Essential cookies,CLIENT_X - Kuwait,HTTP Cookie,bench_new_T3_126598,,,,,Existing CM Trackers-Not Found,,,,,
CLIENT_X.ae,Targeted Advertising cookies (including social media),CLIENT_X - Middle East Arab,HTTP Cookie,bench_new_T3_127641,,7,TRUE,https://www.CLIENT_X.ae/,Existing CM Trackers-Found,,,,,
pixel.rubiconproject.com,Targeted Advertising cookies (including social media),"Magnite, Inc.",Beacon,bench_new_T3_127892,,,TRUE,,Existing CM Trackers-Found,,,,,
www.CLIENT_X.sa,Essential cookies,CLIENT_X - Kingdom of Saudi Arabia,HTTP Cookie,bench_new_T3_126441,,7,,https://www.CLIENT_X.sa/c-m-ho/cooking/toaster/latest,New First Party Trackers,,,,,
stg.CLIENT_X.com.kw,Essential cookies,CLIENT_X - Kuwait,JavaScript,bench_new_T3_126817,,,,,Existing CM Trackers-Not Found,,,,,
stg.CLIENT_X.com.kw,Essential cookies,CLIENT_X - Kuwait,HTTP Cookie,bench_new_T3_126707,,,,,Existing CM Trackers-Not Found,,,,,
CLIENT_X.com.qa,Targeted Advertising cookies (including social media),CLIENT_X - Qatar,HTTP Cookie,bench_new_T3_127619,,90,TRUE,https://www.CLIENT_X.com.qa/,Existing CM Trackers-Found,,,,,
CLIENT_Xb2c--b2cuat.sandbox.my.site.com,Performance cookies,"Salesforce.com, Inc.",ETag,bench_new_T3_127355,,,,,Existing CM Trackers-Not Found,,,,,
www.CLIENT_X.sa,Performance cookies,,HTTP Cookie,bench_new_T3_127375,,,,,Existing CM Trackers-Not Found,,,,,
CLIENT_X.com.kw,Essential cookies,CLIENT_X - Kuwait,HTTP Cookie,bench_new_T3_127844,,session,TRUE,https://www.CLIENT_X.com.kw/,Existing CM Trackers-Found,,,,,
CLIENT_X.jo,Essential cookies,CLIENT_X - Jordan,Local Storage,bench_new_T3_127442,,,TRUE,https://www.CLIENT_X.jo/c-w/support-home/support-contact-page,Existing CM Trackers-Found,,,,,
CLIENT_X.sa,Essential cookies,CLIENT_X - Kingdom of Saudi Arabia,HTTP Cookie,_ga_failed_lookup_marker_79_1963,,90,TRUE,https://www.CLIENT_X.sa/,Existing CM Trackers-Found,,,,,
CLIENT_Xb2c.file.force.com,Essential cookies,"Salesforce.com, Inc.",HTTP Cookie,bench_new_T3_126842,,365,TRUE,https://www.CLIENT_X.ae/c-f/XC000019471/CLIENT_X-one-battery-replacement-instructions,Existing CM Trackers-Found,,,,,
CLIENT_X.co.ke,Essential cookies (exempt from consent),CLIENT_X - Kenya,HTTP Cookie,da_sid,,bench_update_duration,,,Existing CM Trackers-Not Found,,,,,
www.CLIENT_X.sa,Essential cookies,,HTTP Cookie,bench_new_T3_126965,,,,,Existing CM Trackers-Not Found,,,,,
CLIENT_X.jo,Performance cookies,CLIENT_X - Jordan,HTTP Cookie,bench_new_T3_126613,,,,,Existing CM Trackers-Not Found,,,,,
CLIENT_X.ae,Essential cookies,CLIENT_X - Middle East Arab,HTTP Cookie,bench_new_T3_126427,,90,TRUE,https://www.CLIENT_X.ae/,Existing CM Trackers-Found,,,,,
CLIENT_Xb2c.lightning.force.com,Performance cookies,"Salesforce.com, Inc.",Beacon,bench_new_T3_126756,,,,,New Third Party Trackers,,,,,
nebula-cdn.kampyle.com,Performance cookies,Medallia,ETag,bench_new_T3_127380,,,TRUE,http://www.CLIENT_X.jo/,Existing CM Trackers-Found,,,,,
CLIENT_X.sa,Essential cookies,CLIENT_X - Kingdom of Saudi Arabia,HTTP Cookie,bench_new_T3_127535,,365,,https://www.CLIENT_X.sa/,New First Party Trackers,,,,,
s.pinimg.com,Targeted Advertising cookies (including social media),Pinterest,JavaScript,_ga_failed_lookup_marker_79_1972,,,,http://www.CLIENT_X.ae/,New Third Party Trackers,,,,,
CLIENT_X.com.kw,Essential cookies (exempt from consent),CLIENT_X - Kuwait,HTTP Cookie,da_intState,,90,,https://www.CLIENT_X.sa/,New First Party Trackers,,,,,
CLIENT_X.com.qa,Essential cookies,CLIENT_X - Qatar,Local Storage,_ga_failed_lookup_marker_79_1974,,,TRUE,https://www.CLIENT_X.com.qa/c-w/support-home/support-contact-page.html,Existing CM Trackers-Found,,,,,
www.CLIENT_X.com,Performance cookies,,HTTP Cookie,bench_new_T3_127973,,,,,Existing CM Trackers-Not Found,,,,,
CLIENT_X.com.kw,Essential cookies,CLIENT_X - Kuwait,HTTP Cookie,_ga_failed_lookup_marker_79_1976,,393,TRUE,https://www.CLIENT_X.com.kw/,Existing CM Trackers-Found,,,,,
CLIENT_X.sa,Essential cookies,CLIENT_X - Kingdom of Saudi Arabia,HTTP Cookie,bench_new_T3_126421,,90,TRUE,https://www.CLIENT_X.sa/,Existing CM Trackers-Found,,,,,
region1.google-analytics.com,Performance cookies,Google Inc.,Beacon,bench_new_T3_126544,,,,,Existing CM Trackers-Not Found,,,,,
widget-cdn.janraincapture.com,Performance cookies,Akamai,JavaScript,bench_new_T3_127494,,,,,Existing CM Trackers-Not Found,,,,,
CLIENT_X.ae,Essential cookies,CLIENT_X - Middle East Arab,HTTP Cookie,bench_new_T3_127243,,0,TRUE,https://www.CLIENT_X.ae/,Existing CM Trackers-Found,,,,,
CLIENT_X.ae,Essential cookies,CLIENT_X - Middle East Arab,HTTP Cookie,bench_new_T3_127768,,365,TRUE,https://www.CLIENT_X.ae/,Existing CM Trackers-Found,,,,,
tr.snapchat.com,Targeted Advertising cookies (including social media),Snap Inc.,Beacon,bench_new_T3_126812,,,TRUE,,Existing CM Trackers-Found,,,,,
CLIENT_X.jo,Essential cookies,CLIENT_X - Jordan,HTTP Cookie,bench_new_T3_126565,,0,TRUE,https://www.CLIENT_X.jo/,Existing CM Trackers-Found,,,,,
agent-versuni.mindtouch.us,Performance cookies,MindTouch,Beacon,bench_new_T3_126496,,,,,New Third Party Trackers,,,,,
www.CLIENT_X.com.qa,Performance cookies,CLIENT_X - Qatar,HTTP Cookie,bench_new_T3_127007,,session,TRUE,https://www.CLIENT_X.com.qa/,Existing CM Trackers-Found,,,,,
www.CLIENT_X.jo,Essential cookies,CLIENT_X - Jordan,HTTP Cookie,bench_new_T3_126521,,365,TRUE,http://www.CLIENT_X.jo/,Existing CM Trackers-Found,,,,,
CLIENT_X.com.qa,Essential cookies,CLIENT_X - Qatar,HTTP Cookie,bench_new_T3_127274,,session,TRUE,https://www.CLIENT_X.com.qa/,Existing CM Trackers-Found,,,,,
CLIENT_X.sa,Essential cookies,CLIENT_X - Kingdom of Saudi Arabia,HTTP Cookie,bench_new_T3_127183,,365,TRUE,https://www.CLIENT_X.sa/,Existing CM Trackers-Found,,,,,
www.CLIENT_X.com.kw,Essential cookies,CLIENT_X - Kuwait,HTTP Cookie,bench_new_T3_126446,,1,TRUE,https://www.CLIENT_X.com.kw/ar/c-m-so/media-players/latest,Existing CM Trackers-Found,,,,,
CLIENT_Xb2c.my.salesforce.com,Essential cookies,"Salesforce.com, Inc.",HTTP Cookie,bench_new_T3_126415,,365,TRUE,https://www.CLIENT_X.ae/c-f/XC000019471/CLIENT_X-one-battery-replacement-instructions,Existing CM Trackers-Found,,,,,
CLIENT_X.com.kw,Essential cookies,CLIENT_X - Kuwait,HTTP Cookie,bench_new_T3_127479,,0,TRUE,https://www.CLIENT_X.com.kw/,Existing CM Trackers-Found,,,,,
halc.iadvize.com,Performance cookies,iAdvize,JavaScript,bench_new_T3_127167,,,TRUE,https://www.CLIENT_X.sa/c-e/ho/air-purifier-and-air-humidifier/air-performer-series-8000.html,Existing CM Trackers-Found,,,,,
CLIENT_X.it,Essential cookies (exempt from consent),CLIENT_X - Italy,HTTP Cookie,zScalerUser,,bench_update_duration,TRUE,https://www.CLIENT_X.jo/,Existing CM Trackers-Found,,,,,
www.CLIENT_X.com.kw,Essential cookies,CLIENT_X - Kuwait,HTTP Cookie,bench_new_T3_127210,,365,TRUE,https://www.CLIENT_X.com.kw/ar/c-m-so/media-players/latest,Existing CM Trackers-Found,,,,,
CLIENT_X.sa,Performance cookies,CLIENT_X - Kingdom of Saudi Arabia,HTTP Cookie,bench_new_T3_126711,,session,TRUE,https://www.CLIENT_X.sa/,Existing CM Trackers-Found,,,,,
CLIENT_X.ae,Essential cookies,CLIENT_X - Middle East Arab,HTTP Cookie,bench_new_T3_126737,,365,TRUE,https://www.CLIENT_X.ae/,Existing CM Trackers-Found,,,,,
www.CLIENT_X.com.kw,Essential cookies,,HTTP Cookie,bench_new_T3_127052,,,,,Existing CM Trackers-Not Found,,,,,
CLIENT_X.ae,Essential cookies,CLIENT_X - Middle East Arab,HTTP Cookie,bench_new_T3_126787,,0,TRUE,https://www.CLIENT_X.ae/,Existing CM Trackers-Found,,,,,
www.CLIENT_X.com.kw,Essential cookies,CLIENT_X - Kuwait,HTTP Cookie,bench_new_T3_127092,,7,,https://www.CLIENT_X.com.kw/ar/c-m-so/media-players/latest,New First Party Trackers,,,,,
