tracking_domain,consent_category,vendor_name,tracker_type,tracker_name,tracker_purpose,tracker_duration,3rd_party_sharing,first_found_at,party_type,vendor_description,modified,consent_category_new,tracker_purpose_[language code],vendor_description_[language code]
lux.speedcurve.com,Performance cookies,Speedcurve,JavaScript,bench_new_T3_68136,,,,https://www.CLIENT_X.co.ke/healthcare/resources/landing/aed-back-to-the-rhythm,New Third Party Trackers,,,,,
amazon-adsystem.com,Targeted Advertising cookies (including social media),Amazon Ads,HTTP Cookie,_ga_failed_lookup_marker_42_1,,,,,Existing CM Trackers-Not Found,,,,,
www.documents.CLIENT_X.com,Targeted Advertising cookies (including social media),Koninklijke CLIENT_X N.V.,ETag,_ga_failed_lookup_marker_42_2,,,,https://www.CLIENT_X.co.ke/healthcare/procedure/early-warning-scoring,New Third Party Trackers,,,,,
CLIENT_X.co.ke,Essential cookies,CLIENT_X - Kenya,HTTP Cookie,bench_new_T3_68395,,session,TRUE,https://www.CLIENT_X.co.ke/,Existing CM Trackers-Found,,,,,
pixel.rubiconproject.com,Targeted Advertising cookies (including social media),"Magnite, Inc.",Beacon,bench_new_T3_67851,,,,https://www.CLIENT_X.co.ke/a-w/about,New Third Party Trackers,,,,,
linkedin.com,Targeted Advertising cookies (including social media),LinkedIn,HTTP Cookie,_ga_failed_lookup_marker_42_5,,1,TRUE,https://www.CLIENT_X.co.ke/c-e/ho/homeid-app.html,Existing CM Trackers-Found,,,,,
doubleclick.net,Targeted Advertising cookies (including social media),Google Advertising Products,HTTP Cookie,_ga_failed_lookup_marker_42_6,,30,TRUE,https://www.CLIENT_X.co.ke/,Existing CM Trackers-Found,,,,,
adservice.google.com,Targeted Advertising cookies (including social media),Google Advertising Products,Beacon,bench_new_T3_68109,,,TRUE,https://www.CLIENT_X.co.ke/,Existing CM Trackers-Found,,,,,
CLIENT_X.co.ke,Essential cookies,CLIENT_X - Kenya,HTTP Cookie,bench_new_T3_67741,,,,,Existing CM Trackers-Not Found,,,,,
linkedin.com,Targeted Advertising cookies (including social media),LinkedIn,HTTP Cookie,bench_new_T3_68089,,365,TRUE,https://www.CLIENT_X.co.ke/c-e/ho/homeid-app.html,Existing CM Trackers-Found,,,,,
www.CLIENT_X.bg,Essential cookies (exempt from consent),CLIENT_X - Bulgaria,HTTP Cookie,kampyleSessionPageCounter,,bench_update_duration,,,Existing CM Trackers-Not Found,,,,,
cdn.mouseflow.com,Performance cookies,Mouseflow,JavaScript,bench_new_T3_67516,,,,https://www.CLIENT_X.co.ke/c-e/pe/mens-grooming-welcome.html,New Third Party Trackers,,,,,
stats.g.doubleclick.net,Targeted Advertising cookies (including social media),Google Advertising Products,Beacon,bench_new_T3_67878,,,TRUE,https://www.CLIENT_X.co.ke/,Existing CM Trackers-Found,,,,,
CLIENT_X.co.ke,Essential cookies,CLIENT_X - Kenya,HTTP Cookie,bench_new_T3_67555,,session,TRUE,https://www.CLIENT_X.co.ke/,Existing CM Trackers-Found,,,,,
www.google.ie,Targeted Advertising cookies (including social media),Google Inc.,Beacon,bench_new_T3_68231,,,TRUE,https://www.CLIENT_X.co.ke/,Existing CM Trackers-Found,,,,,
tag.demandbase.com,Targeted Advertising cookies (including social media),"Demandbase, Inc.",JavaScript,bench_new_T3_68788,,,,https://www.CLIENT_X.co.ke/a-w/about,New Third Party Trackers,,,,,
w.usabilla.com,Performance cookies,GetFeedback,JavaScript,bench_new_T3_68085,,,,,Existing CM Trackers-Not Found,,,,,
www.CLIENT_X.co.ke,Essential cookies,CLIENT_X - Kenya,HTTP Cookie,bench_new_T3_68576,,1,,https://www.CLIENT_X.co.ke/,New First Party Trackers,,,,,
www.CLIENT_X.co.ke,Essential cookies,CLIENT_X - Kenya,HTTP Cookie,bench_new_T3_68597,,365,TRUE,https://www.CLIENT_X.co.ke/,Existing CM Trackers-Found,,,,,
stats.g.doubleclick.net,Targeted Advertising cookies (including social media),Google Advertising Products,Beacon,bench_new_T3_68125,,,TRUE,https://www.CLIENT_X.co.ke/,Existing CM Trackers-Found,,,,,
www.google.ie,Targeted Advertising cookies (including social media),Google Inc.,Beacon,_ga_failed_lookup_marker_42_20,,,TRUE,https://www.CLIENT_X.co.ke/,Existing CM Trackers-Found,,,,,
CLIENT_X.com,Essential cookies (exempt from consent),Koninklijke CLIENT_X N.V.,HTTP Cookie,s_tid,,bench_update_duration,,https://www.CLIENT_X.co.ke/,Existing CM Trackers-Found,,,,,
CLIENT_X.co.ke,Essential cookies,CLIENT_X - Kenya,HTTP Cookie,bench_new_T3_68379,,,,,Existing CM Trackers-Not Found,,,,,
eloqua.com,Essential cookies,Oracle Marketing,HTTP Cookie,bench_new_T3_67673,,392,TRUE,https://www.CLIENT_X.co.ke/healthcare/sites/lumify-handheld-ultrasound/comparison-pop-up-new,Existing CM Trackers-Found,,,,,
collection.decibelinsight.net,Performance cookies,Medallia,ETag,bench_new_T3_68506,,,,,Existing CM Trackers-Not Found,,,,,
raw.githubusercontent.com,Performance cookies,GitHub Inc.,ETag,bench_new_T3_68462,,,TRUE,https://www.CLIENT_X.co.ke/healthcare/support/distributors,Existing CM Trackers-Found,,,,,
stats.g.doubleclick.net,Targeted Advertising cookies (including social media),Google Advertising Products,Beacon,_ga_failed_lookup_marker_42_26,,,TRUE,https://www.CLIENT_X.co.ke/,Existing CM Trackers-Found,,,,,
sc-static.net,Targeted Advertising cookies (including social media),Snap Inc.,JavaScript,bench_new_T3_68225,,,TRUE,https://www.CLIENT_X.co.ke/c-e/ho/homeid-app.html,Existing CM Trackers-Found,,,,,
consent-st.trustarc.com,Essential cookies,TrustArc,JavaScript,bench_new_T3_68078,,,,https://www.CLIENT_X.co.ke/healthcare/product/HC866199,New Third Party Trackers,,,,,
www.heartstream.com,Targeted Advertising cookies (including social media),Heartstream,Beacon,bench_new_T3_67548,,,,https://www.CLIENT_X.co.ke/healthcare/product/HC989706000051,New Third Party Trackers,,,,,
www.googleapis.com,Performance cookies,Google Inc.,JavaScript,_ga_failed_lookup_marker_42_30,,,TRUE,https://www.CLIENT_X.co.ke/c-t/XC000004908/my-skin-is-irritated-after-using-my-CLIENT_X-epilator,Existing CM Trackers-Found,,,,,
dsum-sec.casalemedia.com,Targeted Advertising cookies (including social media),Index Exchange Inc.,Beacon,bench_new_T3_68245,,,,https://www.CLIENT_X.co.ke/a-w/about,New Third Party Trackers,,,,,
CLIENT_X.co.ke,Essential cookies,CLIENT_X - Kenya,HTTP Cookie,bench_new_T3_68123,,,,,Existing CM Trackers-Not Found,,,,,
www.heartstream.com,Targeted Advertising cookies (including social media),Heartstream,Beacon,bench_new_T3_67578,,,,https://www.CLIENT_X.co.ke/healthcare/product/HC989706000051,New Third Party Trackers,,,,,
www.CLIENT_X.co.ke,Performance cookies,CLIENT_X - Kenya,HTTP Cookie,_ga_failed_lookup_marker_42_34,,,,,Existing CM Trackers-Not Found,,,,,
youtube.com,Targeted Advertising cookies (including social media),Google Advertising Products,HTTP Cookie,bench_new_T3_68232,,session,TRUE,https://www.CLIENT_X.co.ke/c-m-mo/articles-bottle-feeding-health/sterilising-baby-feeding-equipment,Existing CM Trackers-Found,,,,,
www.CLIENT_X.co.ke,Essential cookies,CLIENT_X - Kenya,HTTP Cookie,bench_new_T3_68538,,,,,Existing CM Trackers-Not Found,,,,,
static.cloud.coveo.com,Targeted Advertising cookies (including social media),Coveo Solutions Inc.,ETag,bench_new_T3_67971,,,,,Existing CM Trackers-Not Found,,,,,
www.CLIENT_X.com,Essential cookies,Koninklijke CLIENT_X N.V.,JavaScript,bench_new_T3_67896,,,TRUE,https://www.CLIENT_X.co.ke/healthcare/product/HC866199,Existing CM Trackers-Found,,,,,
tag-logger.demandbase.com,Targeted Advertising cookies (including social media),"Demandbase, Inc.",ETag,bench_new_T3_68426,,,,https://www.CLIENT_X.co.ke/healthcare/sites/lumify,New Third Party Trackers,,,,,
lux.speedcurve.com,Performance cookies,Speedcurve,JavaScript,bench_new_T3_67307,,,,https://www.CLIENT_X.co.ke/healthcare/resources/landing/aed-back-to-the-rhythm,New Third Party Trackers,,,,,
CLIENT_X.112.2o7.net,Performance cookies,"Adobe Audience Manager, Adobe Experience Cloud",HTTP Cookie,bench_new_T3_68792,,400,,https://www.CLIENT_X.co.ke/,New Third Party Trackers,,,,,
CLIENT_X.co.ke,Essential cookies,CLIENT_X - Kenya,HTTP Cookie,bench_new_T3_68350,,0,TRUE,https://www.CLIENT_X.co.ke/,Existing CM Trackers-Found,,,,,
www.lighting.CLIENT_X.co.ke,Essential cookies,Signify (formerly CLIENT_X Lighting),HTTP Cookie,bench_new_T3_68546,,,,,Existing CM Trackers-Not Found,,,,,
www.CLIENT_X.com,Essential cookies,Koninklijke CLIENT_X N.V.,JavaScript,_ga_failed_lookup_marker_42_44,,,TRUE,https://www.CLIENT_X.co.ke/healthcare/product/HC866199,Existing CM Trackers-Found,,,,,
www.CLIENT_X.co.ke,Essential cookies,CLIENT_X - Kenya,HTTP Cookie,bench_new_T3_67373,,,,,Existing CM Trackers-Not Found,,,,,
assets.adobedtm.com,Performance cookies,Adobe Inc.,JavaScript,bench_new_T3_67677,,,,,Existing CM Trackers-Not Found,,,,,
static.cloud.coveo.com,Targeted Advertising cookies (including social media),Coveo Solutions Inc.,JavaScript,bench_new_T3_68297,,,,,Existing CM Trackers-Not Found,,,,,
region1.analytics.google.com,Performance cookies,Google Inc.,Beacon,bench_new_T3_67828,,,TRUE,https://www.CLIENT_X.co.ke/,Existing CM Trackers-Found,,,,,
CLIENT_X.co.ke,Performance cookies,CLIENT_X - Kenya,HTTP Cookie,bench_new_T3_68401,,session,TRUE,https://www.CLIENT_X.co.ke/,Existing CM Trackers-Found,,,,,
consent.trustarc.com,Essential cookies,TrustArc,JavaScript,_ga_failed_lookup_marker_42_50,,,TRUE,https://www.CLIENT_X.co.ke/,Existing CM Trackers-Found,,,,,
www.CLIENT_X.com.br,Essential cookies (exempt from consent),CLIENT_X - Brazil,HTTP Cookie,p-hc-catg,,bench_update_duration,TRUE,https://www.CLIENT_X.co.ke/,Existing CM Trackers-Found,,,,,
cdn.decibelinsight.net,Targeted Advertising cookies (including social media),Medallia,JavaScript,bench_new_T3_68228,,,,,Existing CM Trackers-Not Found,,,,,
CLIENT_X.co.ke,Essential cookies,CLIENT_X - Kenya,HTTP Cookie,bench_new_T3_67472,,session,TRUE,https://www.CLIENT_X.co.ke/,Existing CM Trackers-Found,,,,,
s334834414.t.eloqua.com,Performance cookies,Oracle Marketing,JavaScript,bench_new_T3_67536,,,,https://www.CLIENT_X.co.ke/healthcare/sites/lumify-handheld-ultrasound/specialty/primary-care-specialty-practices,New Third Party Trackers,,,,,
c.amazon-adsystem.com,Targeted Advertising cookies (including social media),Amazon Ads,ETag,bench_new_T3_68150,,,,,Existing CM Trackers-Not Found,,,,,
www.heartstream.com,Targeted Advertising cookies (including social media),Heartstream,Beacon,bench_new_T3_68450,,,,https://www.CLIENT_X.co.ke/healthcare/product/HC989706000051,New Third Party Trackers,,,,,
doubleclick.net,Targeted Advertising cookies (including social media),Google Advertising Products,HTTP Cookie,_ga_failed_lookup_marker_42_57,,390,TRUE,https://www.CLIENT_X.co.ke/,Existing CM Trackers-Found,,,,,
CLIENT_X.fi,Essential cookies (exempt from consent),CLIENT_X - Finland,HTTP Cookie,s_vtime,,,,,Existing CM Trackers-Not Found,,,,,
www.CLIENT_X.ae,Essential cookies (exempt from consent),CLIENT_X - Middle East Arab,HTTP Cookie,kampyle_userid,,bench_update_duration,,,Existing CM Trackers-Not Found,,,,,
assets.adobedtm.com,Performance cookies,Adobe Inc.,JavaScript,bench_new_T3_67784,,,,,Existing CM Trackers-Not Found,,,,,
www.google.ie,Targeted Advertising cookies (including social media),Google Inc.,Beacon,bench_new_T3_68221,,,TRUE,https://www.CLIENT_X.co.ke/,Existing CM Trackers-Found,,,,,
www.CLIENT_X.co.ke,Essential cookies,CLIENT_X - Kenya,HTTP Cookie,bench_new_T3_68700,,,,,Existing CM Trackers-Not Found,,,,,
googleads.g.doubleclick.net,Targeted Advertising cookies (including social media),Google Advertising Products,Beacon,bench_new_T3_67752,,,TRUE,https://www.CLIENT_X.co.ke/,Existing CM Trackers-Found,,,,,
CLIENT_Xb2c.my.salesforce-scrt.com,Performance cookies,"Salesforce.com, Inc.",Beacon,bench_new_T3_68474,,,,https://www.CLIENT_X.co.ke/c-w/support-home/support-contact-page,New Third Party Trackers,,,,,
stg.CLIENT_X.co.id,Essential cookies (exempt from consent),CLIENT_X - Indonesia,HTTP Cookie,kampyleUserSession,,bench_update_duration,,,Existing CM Trackers-Not Found,,,,,
CLIENT_X.co.ke,Targeted Advertising cookies (including social media),CLIENT_X - Kenya,HTTP Cookie,bench_new_T3_68791,,,,,Existing CM Trackers-Not Found,,,,,
lux.speedcurve.com,Performance cookies,Speedcurve,JavaScript,bench_new_T3_68160,,,,https://www.CLIENT_X.co.ke/healthcare/resources/landing/aed-back-to-the-rhythm,New Third Party Trackers,,,,,
youtube.com,Targeted Advertising cookies (including social media),Google Advertising Products,HTTP Cookie,bench_new_T3_68320,,session,TRUE,https://www.CLIENT_X.co.ke/c-m-mo/articles-bottle-feeding-health/sterilising-baby-feeding-equipment,Existing CM Trackers-Found,,,,,
static.cloud.coveo.com,Targeted Advertising cookies (including social media),Coveo Solutions Inc.,ETag,bench_new_T3_67900,,,,,Existing CM Trackers-Not Found,,,,,
CLIENT_X.co.ke,Essential cookies,CLIENT_X - Kenya,HTTP Cookie,bench_new_T3_67813,,400,TRUE,https://www.CLIENT_X.co.ke/,Existing CM Trackers-Found,,,,,
agent-versuni.mindtouch.us,Performance cookies,MindTouch,HTTP Cookie,_ga_failed_lookup_marker_42_71,,399,,https://www.CLIENT_X.co.ke/c-f/XC000021443/my-CLIENT_X-fan-makes-an-unusual-noise-when-oscillating,New Third Party Trackers,,,,,
cdn.channelsight.com,Essential cookies,ChannelSight,ETag,bench_new_T3_67207,,,TRUE,https://www.CLIENT_X.co.ke/c-p/BRR454_00/5000-series-facial-hair-remover,Existing CM Trackers-Found,,,,,
CLIENT_X.co.ke,Essential cookies,CLIENT_X - Kenya,HTTP Cookie,bench_new_T3_68158,,393,TRUE,https://www.CLIENT_X.co.ke/,Existing CM Trackers-Found,,,,,
analytics.tiktok.com,Targeted Advertising cookies (including social media),TikTok,JavaScript,_ga_failed_lookup_marker_42_74,,,,,Existing CM Trackers-Not Found,,,,,
s334834414.t.eloqua.com,Performance cookies,Oracle Marketing,JavaScript,bench_new_T3_68598,,,,https://www.CLIENT_X.co.ke/healthcare/sites/lumify-handheld-ultrasound/specialty/primary-care-specialty-practices,New Third Party Trackers,,,,,
CLIENT_X.co.ke,Essential cookies,CLIENT_X - Kenya,Local Storage,bench_new_T3_67912,,,TRUE,https://www.CLIENT_X.co.ke/c-w/support-home/support-contact-page,Existing CM Trackers-Found,,,,,
www.CLIENT_X.co.ke,Essential cookies,CLIENT_X - Kenya,HTTP Cookie,bench_new_T3_68485,,365,TRUE,https://www.CLIENT_X.co.ke/,Existing CM Trackers-Found,,,,,
linkedin.com,Targeted Advertising cookies (including social media),LinkedIn,HTTP Cookie,bench_new_T3_67367,,180,TRUE,https://www.CLIENT_X.co.ke/c-e/ho/homeid-app.html,Existing CM Trackers-Found,,,,,
ssl-static.janraincapture.com,Performance cookies,Akamai,JavaScript,bench_new_T3_67691,,,,,Existing CM Trackers-Not Found,,,,,
CLIENT_X.co.ke,Essential cookies,CLIENT_X - Kenya,HTTP Cookie,bench_new_T3_67841,,,,,Existing CM Trackers-Not Found,,,,,
static.cloud.coveo.com,Targeted Advertising cookies (including social media),Coveo Solutions Inc.,ETag,_ga_failed_lookup_marker_42_81,,,,,Existing CM Trackers-Not Found,,,,,
*.t.eloqua.com,Targeted Advertising cookies (including social media),Oracle Marketing,Beacon,bench_new_T3_68128,,,,https://www.CLIENT_X.co.ke/healthcare/sites/lumify,Existing CM Trackers-Found,,,,,
adservice.google.com,Targeted Advertising cookies (including social media),Google Advertising Products,Beacon,bench_new_T3_68708,,,TRUE,https://www.CLIENT_X.co.ke/,Existing CM Trackers-Found,,,,,
www.CLIENT_X.ca,Essential cookies (exempt from consent),CLIENT_X - Canada,HTTP Cookie,__attentive_id,,,,,Existing CM Trackers-Not Found,,,,,
cdn.decibelinsight.net,Targeted Advertising cookies (including social media),Medallia,JavaScript,bench_new_T3_68034,,,,,Existing CM Trackers-Not Found,,,,,
assets.kampyle.com,Performance cookies,Medallia,ETag,bench_new_T3_67866,,,TRUE,https://www.CLIENT_X.co.ke/a-w/about,Existing CM Trackers-Found,,,,,
CLIENT_X.sk,Essential cookies (exempt from consent),CLIENT_X - Slovakia,HTTP Cookie,s_cm_direct,,,,,Existing CM Trackers-Not Found,,,,,
CLIENT_X.co.ke,Targeted Advertising cookies (including social media),CLIENT_X - Kenya,HTTP Cookie,bench_new_T3_67764,,,,,Existing CM Trackers-Not Found,,,,,
cdn.mouseflow.com,Performance cookies,Mouseflow,JavaScript,bench_new_T3_68167,,,,https://www.CLIENT_X.co.ke/c-e/pe/mens-grooming-welcome.html,New Third Party Trackers,,,,,
www.CLIENT_X.co.ke,Essential cookies,CLIENT_X - Kenya,HTTP Cookie,bench_new_T3_68537,,session,,https://www.CLIENT_X.co.ke/,New First Party Trackers,,,,,
www.CLIENT_X.co.ke,Performance cookies,CLIENT_X - Kenya,HTTP Cookie,bench_new_T3_67356,,,,,Existing CM Trackers-Not Found,,,,,
sc-static.net,Targeted Advertising cookies (including social media),Snap Inc.,HTTP Cookie,bench_new_T3_67998,,1,TRUE,https://www.CLIENT_X.co.ke/c-e/ho/homeid-app.html,Existing CM Trackers-Found,,,,,
CLIENT_X.co.ke,Essential cookies,CLIENT_X - Kenya,HTTP Cookie,_ga_failed_lookup_marker_42_93,,session,TRUE,https://www.CLIENT_X.co.ke/,Existing CM Trackers-Found,,,,,
www.lighting.CLIENT_X.co.ke,Essential cookies,Signify (formerly CLIENT_X Lighting),HTTP Cookie,bench_new_T3_68496,,,,,Existing CM Trackers-Not Found,,,,,
CLIENT_X.co.ke,Essential cookies,CLIENT_X - Kenya,HTTP Cookie,bench_new_T3_67707,,,,,Existing CM Trackers-Not Found,,,,,
static.hotjar.com,Performance cookies,Hotjar,ETag,bench_new_T3_67225,,,,,Existing CM Trackers-Not Found,,,,,
youtube.com,Targeted Advertising cookies (including social media),Google Advertising Products,HTTP Cookie,bench_new_T3_67877,,180,TRUE,https://www.CLIENT_X.co.ke/c-m-mo/articles-bottle-feeding-health/sterilising-baby-feeding-equipment,Existing CM Trackers-Found,,,,,
acsbapp.com,Performance cookies,accessiBe,JavaScript,bench_new_T3_67492,,,,,Existing CM Trackers-Not Found,,,,,
CLIENT_X.co.ke,Essential cookies,CLIENT_X - Kenya,HTTP Cookie,bench_new_T3_68606,,,,,Existing CM Trackers-Not Found,,,,,
www.CLIENT_X.co.ke,Essential cookies,CLIENT_X - Kenya,HTTP Cookie,bench_new_T3_67274,,0,,https://www.CLIENT_X.co.ke/,New First Party Trackers,,,,,
www.lighting.CLIENT_X.co.ke,Essential cookies,Signify (formerly CLIENT_X Lighting),JavaScript,bench_new_T3_67964,,,,,Existing CM Trackers-Not Found,,,,,
CLIENT_X.com.br,Essential cookies (exempt from consent),CLIENT_X - Brazil,HTTP Cookie,biggy-anonymous,,bench_update_duration,TRUE,https://www.CLIENT_X.co.ke/c-m-ac/household-accessories,Existing CM Trackers-Found,,,,,
www.googleadservices.com,Targeted Advertising cookies (including social media),Google Advertising Products,ETag,bench_new_T3_68348,,,,,Existing CM Trackers-Not Found,,,,,
www.CLIENT_X.co.ke,Performance cookies,CLIENT_X - Kenya,HTTP Cookie,bench_new_T3_67750,,,,,Existing CM Trackers-Not Found,,,,,
CLIENT_X.co.ke,Essential cookies,CLIENT_X - Kenya,HTTP Cookie,bench_new_T3_68746,,365,,https://www.CLIENT_X.co.ke/,New First Party Trackers,,,,,
www.google.ie,Targeted Advertising cookies (including social media),Google Inc.,Beacon,bench_new_T3_68255,,,TRUE,https://www.CLIENT_X.co.ke/,Existing CM Trackers-Found,,,,,
cdn.decibelinsight.net,Targeted Advertising cookies (including social media),Medallia,ETag,bench_new_T3_68480,,,,,Existing CM Trackers-Not Found,,,,,
snap.licdn.com,Performance cookies,LinkedIn,JavaScript,_ga_failed_lookup_marker_42_108,,,TRUE,https://www.CLIENT_X.co.ke/c-e/ho/homeid-app.html,Existing CM Trackers-Found,,,,,
CLIENT_X.co.ke,Essential cookies,CLIENT_X - Kenya,HTTP Cookie,bench_new_T3_68169,,,,,Existing CM Trackers-Not Found,,,,,
static.cloud.coveo.com,Targeted Advertising cookies (including social media),Coveo Solutions Inc.,JavaScript,bench_new_T3_68553,,,,,Existing CM Trackers-Not Found,,,,,
CLIENT_X.co.ke,Essential cookies,CLIENT_X - Kenya,HTTP Cookie,bench_new_T3_68725,,400,TRUE,https://www.CLIENT_X.co.ke/,Existing CM Trackers-Found,,,,,
i.l-dsp.inmobicdn.net,Performance Cookies [Requires consent],InMobi Pte Ltd,ETag,-,,bench_update_duration,TRUE,https://www.CLIENT_X.co.ke/c-e/ho/kitchen-appliances.html,Existing CM Trackers-Found,,,,,
*.akstat.io,Performance cookies,Akamai,Beacon,bench_new_T3_68159,,,,,Existing CM Trackers-Not Found,,,,,
cdn.decibelinsight.net,Targeted Advertising cookies (including social media),Medallia,JavaScript,bench_new_T3_67895,,,,,Existing CM Trackers-Not Found,,,,,
CLIENT_X.co.ke,Targeted Advertising cookies (including social media),CLIENT_X - Kenya,HTTP Cookie,_ga_failed_lookup_marker_42_115,,,,,Existing CM Trackers-Not Found,,,,,
www.CLIENT_X.co.ke,Essential cookies,CLIENT_X - Kenya,HTTP Cookie,bench_new_T3_67634,,session,TRUE,https://www.CLIENT_X.co.ke/,Existing CM Trackers-Found,,,,,
CLIENT_Xb2c.my.site.com,Performance cookies,"Salesforce.com, Inc.",Beacon,bench_new_T3_68536,,,TRUE,https://www.CLIENT_X.co.ke/c-w/support-home/support-contact-page,Existing CM Trackers-Found,,,,,
CLIENT_X.co.in,Essential cookies (exempt from consent),CLIENT_X - India,HTTP Cookie,amp_cookie_testgcNP6DU4EclIlhqkUtsfz0,,,,,Existing CM Trackers-Not Found,,,,,
www.googleadservices.com,Targeted Advertising cookies (including social media),Google Advertising Products,JavaScript,bench_new_T3_67518,,,,,Existing CM Trackers-Not Found,,,,,
cdn.decibelinsight.net,Targeted Advertising cookies (including social media),Medallia,ETag,bench_new_T3_67822,,,,,Existing CM Trackers-Not Found,,,,,
linkedin.com,Targeted Advertising cookies (including social media),LinkedIn,HTTP Cookie,bench_new_T3_67622,,365,TRUE,https://www.CLIENT_X.co.ke/c-e/ho/homeid-app.html,Existing CM Trackers-Found,,,,,
CLIENT_X.co.ke,Essential cookies,CLIENT_X - Kenya,HTTP Cookie,bench_new_T3_67909,,393,TRUE,https://www.CLIENT_X.co.ke/,Existing CM Trackers-Found,,,,,
CLIENT_X.co.ke,Essential cookies,CLIENT_X - Kenya,HTTP Cookie,bench_new_T3_67327,,session,TRUE,https://www.CLIENT_X.co.ke/,Existing CM Trackers-Found,,,,,
CLIENT_X.co.ke,Essential cookies,CLIENT_X - Kenya,HTTP Cookie,_ga_failed_lookup_marker_42_124,,,,,Existing CM Trackers-Not Found,,,,,
sc-static.net,Targeted Advertising cookies (including social media),Snap Inc.,HTTP Cookie,bench_new_T3_68729,,1,TRUE,https://www.CLIENT_X.co.ke/c-e/ho/homeid-app.html,Existing CM Trackers-Found,,,,,
CLIENT_X.com.mx,Essential cookies (exempt from consent),CLIENT_X - Mexico,HTTP Cookie,li_cm_prefs_session,,,TRUE,https://www.CLIENT_X.co.ke/healthcare/sites/lumify,Existing CM Trackers-Found,,,,,
CLIENT_X.co.ke,Targeted Advertising cookies (including social media),CLIENT_X - Kenya,HTTP Cookie,bench_new_T3_68283,,,,,Existing CM Trackers-Not Found,,,,,
smetrics.marketing.CLIENT_X-hue.com,Targeted Advertising cookies (including social media),CLIENT_X Hue,JavaScript,bench_new_T3_67512,,,,,Existing CM Trackers-Not Found,,,,,
CLIENT_X.co.ke,Essential cookies,CLIENT_X - Kenya,HTTP Cookie,bench_new_T3_67302,,,,,Existing CM Trackers-Not Found,,,,,
CLIENT_X.com.qa,Essential cookies (exempt from consent),CLIENT_X - Qatar,HTTP Cookie,s_nrpv,,bench_update_duration,,https://www.CLIENT_X.co.ke/a-w/about,New Third Party Trackers,,,,,
CLIENT_X.co.ke,Targeted Advertising cookies (including social media),CLIENT_X - Kenya,HTTP Cookie,bench_new_T3_67722,,,,,Existing CM Trackers-Not Found,,,,,
CLIENT_X.co.ke,Performance cookies,CLIENT_X - Kenya,HTTP Cookie,bench_new_T3_67439,,,,,Existing CM Trackers-Not Found,,,,,
dsum-sec.casalemedia.com,Targeted Advertising cookies (including social media),Index Exchange Inc.,Beacon,bench_new_T3_68132,,,,https://www.CLIENT_X.co.ke/a-w/about,New Third Party Trackers,,,,,
www.CLIENT_X.co.ke,Essential cookies,CLIENT_X - Kenya,JavaScript,bench_new_T3_68657,,,TRUE,https://www.CLIENT_X.co.ke/,Existing CM Trackers-Found,,,,,
consent-pref.trustarc.com,Essential cookies,TrustArc,JavaScript,bench_new_T3_68006,,,,https://www.CLIENT_X.co.ke/healthcare/product/HC866199,New Third Party Trackers,,,,,
CLIENT_X.co.ke,Essential cookies,CLIENT_X - Kenya,HTTP Cookie,bench_new_T3_67502,,,,,Existing CM Trackers-Not Found,,,,,
www.CLIENT_X.co.ke,Essential cookies,CLIENT_X - Kenya,HTTP Cookie,bench_new_T3_68779,,session,TRUE,https://www.CLIENT_X.co.ke/,Existing CM Trackers-Found,,,,,
adservice.google.com,Targeted Advertising cookies (including social media),Google Advertising Products,Beacon,bench_new_T3_68567,,,TRUE,https://www.CLIENT_X.co.ke/,Existing CM Trackers-Found,,,,,
s334834414.t.eloqua.com,Performance cookies,Oracle Marketing,Beacon,bench_new_T3_68465,,,,https://www.CLIENT_X.co.ke/healthcare/sites/lumify,New Third Party Trackers,,,,,
google.com,Performance cookies,Google Inc.,Local Storage,bench_new_T3_68174,,,TRUE,https://www.CLIENT_X.co.ke/c-m-ac/household-accessories,Existing CM Trackers-Found,,,,,
CLIENT_X.co.ke,Essential cookies,CLIENT_X - Kenya,HTTP Cookie,bench_new_T3_68507,,,,,Existing CM Trackers-Not Found,,,,,
CLIENT_X.co.ke,Performance cookies,CLIENT_X - Kenya,HTTP Cookie,bench_new_T3_67323,,,,,Existing CM Trackers-Not Found,,,,,
www.googletagmanager.com,Performance Cookies [Requires consent],Google Inc.,JavaScript,-,,bench_update_duration,,,Existing CM Trackers-Not Found,,,,,
CLIENT_X.co.ke,Essential cookies,CLIENT_X - Kenya,HTTP Cookie,bench_new_T3_67361,,,,,Existing CM Trackers-Not Found,,,,,
www.google.com,Targeted Advertising cookies (including social media),Google Inc.,JavaScript,bench_new_T3_67240,,,TRUE,https://www.CLIENT_X.co.ke/c-m-ac/household-accessories,Existing CM Trackers-Found,,,,,
www.google.ie,Targeted Advertising cookies (including social media),Google Inc.,Beacon,_ga_failed_lookup_marker_42_146,,,TRUE,https://www.CLIENT_X.co.ke/,Existing CM Trackers-Found,,,,,
CLIENT_X.com.au,Essential cookies (exempt from consent),CLIENT_X - Australia,HTTP Cookie,_ga,,0,TRUE,https://www.CLIENT_X.co.ke/,Existing CM Trackers-Found,,,,,
www.accounts.CLIENT_X.com,Essential cookies,Koninklijke CLIENT_X N.V.,ETag,bench_new_T3_68417,,,,,Existing CM Trackers-Not Found,,,,,
googleads.g.doubleclick.net,Targeted Advertising cookies (including social media),Google Advertising Products,Beacon,bench_new_T3_67740,,,TRUE,https://www.CLIENT_X.co.ke/,Existing CM Trackers-Found,,,,,
www.facebook.com,Targeted Advertising cookies (including social media),Meta (formerly Facebook),Beacon,bench_new_T3_67229,,,,,Existing CM Trackers-Not Found,,,,,
CLIENT_X.com,Essential cookies,Koninklijke CLIENT_X N.V.,HTTP Cookie,bench_new_T3_68192,,,,,Existing CM Trackers-Not Found,,,,,
www.CLIENT_X.co.ke,Essential cookies,CLIENT_X - Kenya,HTTP Cookie,bench_new_T3_68120,,365,TRUE,https://www.CLIENT_X.co.ke/,Existing CM Trackers-Found,,,,,
www.CLIENT_X.co.ke,Essential cookies,CLIENT_X - Kenya,HTTP Cookie,bench_new_T3_67386,,1,,https://www.CLIENT_X.co.ke/,New First Party Trackers,,,,,
agent-versuni.mindtouch.us,Performance cookies,MindTouch,Beacon,bench_new_T3_68335,,,,https://www.CLIENT_X.co.ke/c-f/XC000021443/my-CLIENT_X-fan-makes-an-unusual-noise-when-oscillating,New Third Party Trackers,,,,,
youtube.com,Targeted Advertising cookies (including social media),Google Advertising Products,HTTP Cookie,bench_new_T3_67396,,180,TRUE,https://www.CLIENT_X.co.ke/c-m-mo/articles-bottle-feeding-health/sterilising-baby-feeding-equipment,Existing CM Trackers-Found,,,,,
www.CLIENT_X.co.ke,Performance cookies,CLIENT_X - Kenya,HTTP Cookie,bench_new_T3_67668,,,,,Existing CM Trackers-Not Found,,,,,
www.lighting.CLIENT_X.co.ke,Essential cookies,Signify (formerly CLIENT_X Lighting),HTTP Cookie,_ga_failed_lookup_marker_42_157,,,,,Existing CM Trackers-Not Found,,,,,
CLIENT_X.co.ke,Essential cookies,CLIENT_X - Kenya,HTTP Cookie,bench_new_T3_68615,,session,TRUE,https://www.CLIENT_X.co.ke/,Existing CM Trackers-Found,,,,,
CLIENT_X.co.ke,Essential cookies,CLIENT_X - Kenya,HTTP Cookie,bench_new_T3_68639,,,,,Existing CM Trackers-Not Found,,,,,
tracker-detail-page.trustarc.com,Essential cookies,TrustArc,JavaScript,bench_new_T3_68005,,,,https://www.CLIENT_X.co.ke/a-w/cookie-notice,New Third Party Trackers,,,,,
w.usabilla.com,Performance cookies,GetFeedback,JavaScript,bench_new_T3_68685,,,,,Existing CM Trackers-Not Found,,,,,
CLIENT_Xb2c.my.site.com,Performance cookies,"Salesforce.com, Inc.",ETag,bench_new_T3_67460,,,TRUE,https://www.CLIENT_X.co.ke/c-w/support-home/support-contact-page,Existing CM Trackers-Found,,,,,
www.CLIENT_X.co.ke,Essential cookies,CLIENT_X - Kenya,HTTP Cookie,bench_new_T3_67855,,,,,Existing CM Trackers-Not Found,,,,,
CLIENT_X.co.uk,Targeted Advertising cookies (including social media),CLIENT_X - United Kingdom,Local Storage,bench_new_T3_67770,,,,,Existing CM Trackers-Not Found,,,,,
tiktok.com,Targeted Advertising cookies (including social media),TikTok,HTTP Cookie,bench_new_T3_68007,,,,,Existing CM Trackers-Not Found,,,,,
tremorhub.com,Targeted Advertising cookies (including social media),"Magnite CTV, Inc.",HTTP Cookie,bench_new_T3_67951,,365,,https://www.CLIENT_X.co.ke/a-w/about,New Third Party Trackers,,,,,
*.en25.com,Targeted Advertising cookies (including social media),Oracle Marketing,JavaScript,bench_new_T3_68525,,,,https://www.CLIENT_X.co.ke/healthcare/sites/lumify,Existing CM Trackers-Found,,,,,
eloqua.com,Targeted Advertising cookies (including social media),Oracle Marketing,HTTP Cookie,bench_new_T3_67268,,392,TRUE,https://www.CLIENT_X.co.ke/healthcare/sites/lumify-handheld-ultrasound/comparison-pop-up-new,Existing CM Trackers-Found,,,,,
www.CLIENT_X.jo,Essential cookies (exempt from consent),CLIENT_X - Jordan,HTTP Cookie,user_country,,,,,Existing CM Trackers-Not Found,,,,,
lighting.CLIENT_X.co.ke,Essential cookies,Signify (formerly CLIENT_X Lighting),HTTP Cookie,bench_new_T3_68390,,,,,Existing CM Trackers-Not Found,,,,,
www.lighting.CLIENT_X.si,Essential cookies (exempt from consent),Signify (formerly CLIENT_X Lighting),HTTP Cookie,customer_country,,bench_update_duration,,,Existing CM Trackers-Not Found,,,,,
CLIENT_X.co.ke,Essential cookies,CLIENT_X - Kenya,HTTP Cookie,bench_new_T3_67337,,,,,Existing CM Trackers-Not Found,,,,,
google.com,Performance cookies,Google Inc.,Local Storage,_ga_failed_lookup_marker_42_173,,,TRUE,https://www.CLIENT_X.co.ke/c-m-ac/household-accessories,Existing CM Trackers-Found,,,,,
accounts.CLIENT_X.com,Performance cookies,Koninklijke CLIENT_X N.V.,HTTP Cookie,bench_new_T3_68473,,,,,Existing CM Trackers-Not Found,,,,,
cdn.decibelinsight.net,Targeted Advertising cookies (including social media),Medallia,JavaScript,bench_new_T3_68043,,,,,Existing CM Trackers-Not Found,,,,,
CLIENT_X.co.ke,Targeted Advertising cookies (including social media),CLIENT_X - Kenya,HTTP Cookie,_ga_failed_lookup_marker_42_176,,7,TRUE,https://www.CLIENT_X.co.ke/,Existing CM Trackers-Found,,,,,
www.heartstream.com,Targeted Advertising cookies (including social media),Heartstream,Beacon,bench_new_T3_67925,,,,https://www.CLIENT_X.co.ke/healthcare/product/HC989706000051,New Third Party Trackers,,,,,
www.google.com,Targeted Advertising cookies (including social media),Google Inc.,JavaScript,bench_new_T3_67697,,,TRUE,https://www.CLIENT_X.co.ke/c-m-ac/household-accessories,Existing CM Trackers-Found,,,,,
CLIENT_X.co.ke,Essential cookies,CLIENT_X - Kenya,HTTP Cookie,bench_new_T3_67932,,,,,Existing CM Trackers-Not Found,,,,,
www.CLIENT_X.co.ke,Essential cookies,CLIENT_X - Kenya,HTTP Cookie,bench_new_T3_67773,,365,TRUE,https://www.CLIENT_X.co.ke/,Existing CM Trackers-Found,,,,,
www.healthcare.shop.CLIENT_X.it,Essential cookies (exempt from consent),CLIENT_X - Italy,HTTP Cookie,kampyleSessionPageCounter,,bench_update_duration,,https://www.CLIENT_X.co.ke/healthcare/procedure/early-warning-scoring,New Third Party Trackers,,,,,
region1.google-analytics.com,Performance cookies,Google Inc.,HTTP Cookie,bench_new_T3_67608,,,,,Existing CM Trackers-Not Found,,,,,
www.static.accounts.CLIENT_X.com,Essential cookies,Koninklijke CLIENT_X N.V.,JavaScript,bench_new_T3_67756,,,,,Existing CM Trackers-Not Found,,,,,
www.CLIENT_X.co.ke,Essential cookies,CLIENT_X - Kenya,HTTP Cookie,_ga_failed_lookup_marker_42_184,,365,TRUE,https://www.CLIENT_X.co.ke/,Existing CM Trackers-Found,,,,,
ad.doubleclick.net,Targeted Advertising cookies (including social media),Google Advertising Products,Beacon,bench_new_T3_68246,,,TRUE,https://www.CLIENT_X.co.ke/,Existing CM Trackers-Found,,,,,
www.CLIENT_X.co.ke,Essential cookies,CLIENT_X - Kenya,HTTP Cookie,bench_new_T3_68251,,,,,Existing CM Trackers-Not Found,,,,,
CLIENT_X.co.ke,Essential cookies,CLIENT_X - Kenya,HTTP Cookie,bench_new_T3_68649,,,,,Existing CM Trackers-Not Found,,,,,
www.CLIENT_X.co.ke,Essential cookies,CLIENT_X - Kenya,HTTP Cookie,bench_new_T3_68441,,365,TRUE,https://www.CLIENT_X.co.ke/,Existing CM Trackers-Found,,,,,
www.CLIENT_X.co.ke,Essential cookies,CLIENT_X - Kenya,HTTP Cookie,bench_new_T3_67716,,30,TRUE,https://www.CLIENT_X.co.ke/,Existing CM Trackers-Found,,,,,
collection.decibelinsight.net,Performance cookies,Medallia,ETag,bench_new_T3_68429,,,,,Existing CM Trackers-Not Found,,,,,
tiktok.com,Targeted Advertising cookies (including social media),TikTok,HTTP Cookie,_ga_failed_lookup_marker_42_191,,,,,Existing CM Trackers-Not Found,,,,,
demdex.net,Targeted Advertising cookies (including social media),"Adobe Audience Manager, Adobe Experience Cloud",HTTP Cookie,_ga_failed_lookup_marker_42_192,,,,,Existing CM Trackers-Not Found,,,,,
www.CLIENT_X.co.ke,Essential cookies,CLIENT_X - Kenya,HTTP Cookie,bench_new_T3_68697,,,,,Existing CM Trackers-Not Found,,,,,
www.CLIENT_X.co.ke,Essential cookies,CLIENT_X - Kenya,HTTP Cookie,bench_new_T3_67201,,30,TRUE,https://www.CLIENT_X.co.ke/,Existing CM Trackers-Found,,,,,
*.t.eloqua.com,Targeted Advertising cookies (including social media),Oracle Marketing,JavaScript,bench_new_T3_68108,,,,https://www.CLIENT_X.co.ke/healthcare/sites/lumify-handheld-ultrasound/specialty/primary-care-specialty-practices,Existing CM Trackers-Found,,,,,
CLIENT_X.co.ke,Essential cookies,CLIENT_X - Kenya,HTTP Cookie,bench_new_T3_68640,,,,,Existing CM Trackers-Not Found,,,,,
CLIENT_Xb2c.my.salesforce-scrt.com,Performance cookies,"Salesforce.com, Inc.",Beacon,_ga_failed_lookup_marker_42_197,,,,https://www.CLIENT_X.co.ke/c-w/support-home/support-contact-page,New Third Party Trackers,,,,,
stats.g.doubleclick.net,Targeted Advertising cookies (including social media),Google Advertising Products,Beacon,bench_new_T3_67825,,,TRUE,https://www.CLIENT_X.co.ke/,Existing CM Trackers-Found,,,,,
region1.google-analytics.com,Performance cookies,Google Inc.,HTTP Cookie,bench_new_T3_67597,,,,,Existing CM Trackers-Not Found,,,,,
c.go-mpulse.net,Performance cookies,Akamai,JavaScript,bench_new_T3_68577,,,,,Existing CM Trackers-Not Found,,,,,
linkedin.com,Targeted Advertising cookies (including social media),LinkedIn,HTTP Cookie,bench_new_T3_67531,,1,TRUE,https://www.CLIENT_X.co.ke/c-e/ho/homeid-app.html,Existing CM Trackers-Found,,,,,
www.lighting.CLIENT_X.co.ke,Essential cookies,Signify (formerly CLIENT_X Lighting),HTTP Cookie,bench_new_T3_68662,,,,,Existing CM Trackers-Not Found,,,,,
koninklijkeCLIENT_Xnvproduction2k8xfrmr.org.coveo.com,Performance cookies,Coveo Solutions Inc.,Beacon,bench_new_T3_67294,,,,https://www.CLIENT_X.co.ke/a-w/about/news/all-news.html,New Third Party Trackers,,,,,
CLIENT_Xb2c.my.site.com,Performance cookies,"Salesforce.com, Inc.",JavaScript,bench_new_T3_68666,,,TRUE,https://www.CLIENT_X.co.ke/c-w/support-home/support-contact-page,Existing CM Trackers-Found,,,,,
CLIENT_X.co.ke,Essential cookies,CLIENT_X - Kenya,Local Storage,bench_new_T3_67325,,,TRUE,https://www.CLIENT_X.co.ke/c-w/support-home/support-contact-page,Existing CM Trackers-Found,,,,,
region1.google-analytics.com,Performance cookies,Google Inc.,HTTP Cookie,bench_new_T3_67871,,,,,Existing CM Trackers-Not Found,,,,,
eloqua.com,Targeted Advertising cookies (including social media),Oracle Marketing,HTTP Cookie,bench_new_T3_68668,,392,TRUE,https://www.CLIENT_X.co.ke/healthcare/sites/lumify-handheld-ultrasound/comparison-pop-up-new,Existing CM Trackers-Found,,,,,
agent-versuni.mindtouch.us,Performance cookies,MindTouch,HTTP Cookie,bench_new_T3_68654,,399,,https://www.CLIENT_X.co.ke/c-f/XC000021443/my-CLIENT_X-fan-makes-an-unusual-noise-when-oscillating,New Third Party Trackers,,,,,
youtube.com,Targeted Advertising cookies (including social media),Google Advertising Products,HTTP Cookie,bench_new_T3_68723,,180,TRUE,https://www.CLIENT_X.co.ke/c-m-mo/articles-bottle-feeding-health/sterilising-baby-feeding-equipment,Existing CM Trackers-Found,,,,,
assets.kampyle.com,Performance cookies,Medallia,ETag,bench_new_T3_67313,,,TRUE,https://www.CLIENT_X.co.ke/a-w/about,Existing CM Trackers-Found,,,,,
www.google.com,Targeted Advertising cookies (including social media),Google Inc.,Beacon,bench_new_T3_68724,,,TRUE,https://www.CLIENT_X.co.ke/,Existing CM Trackers-Found,,,,,
www.lighting.CLIENT_X.co.ke,Essential cookies,Signify (formerly CLIENT_X Lighting),HTTP Cookie,bench_new_T3_67289,,,,,Existing CM Trackers-Not Found,,,,,
images.CLIENT_X.com,Essential cookies,Koninklijke CLIENT_X N.V.,JavaScript,bench_new_T3_68124,,,TRUE,https://www.CLIENT_X.co.ke/c-f/XC000003591/what-kind-of-food-can-i-make-in-my-CLIENT_X-airfryer,Existing CM Trackers-Found,,,,,
img.youtube.com,Targeted Advertising cookies (including social media),Google Advertising Products,ETag,bench_new_T3_68154,,,,,Existing CM Trackers-Not Found,,,,,
www.CLIENT_X.com.my,Essential cookies (exempt from consent),CLIENT_X - Malaysia,HTTP Cookie,kampyleSessionPageCounter,,bench_update_duration,,https://www.CLIENT_X.co.ke/a-w/about,New Third Party Trackers,,,,,
CLIENT_X.co.ke,Essential cookies,CLIENT_X - Kenya,HTTP Cookie,bench_new_T3_67267,,0,TRUE,https://www.CLIENT_X.co.ke/,Existing CM Trackers-Found,,,,,
lighting.CLIENT_X.co.ke,Essential cookies,Signify (formerly CLIENT_X Lighting),Local Storage,bench_new_T3_67570,,,,,Existing CM Trackers-Not Found,,,,,
CLIENT_X.co.ke,Essential cookies,CLIENT_X - Kenya,HTTP Cookie,_ga_failed_lookup_marker_42_218,,session,TRUE,https://www.CLIENT_X.co.ke/,Existing CM Trackers-Found,,,,,
beacon.speedcurve.com,Performance cookies,Speedcurve,Beacon,bench_new_T3_68105,,,,https://www.CLIENT_X.co.ke/healthcare/resources/landing/aed-back-to-the-rhythm,New Third Party Trackers,,,,,
www.CLIENT_X.co.ke,Essential cookies,CLIENT_X - Kenya,HTTP Cookie,bench_new_T3_68747,,365,TRUE,https://www.CLIENT_X.co.ke/,Existing CM Trackers-Found,,,,,
www.CLIENT_X.co.ke,Essential cookies,CLIENT_X - Kenya,HTTP Cookie,_ga_failed_lookup_marker_42_221,,7,,https://www.CLIENT_X.co.ke/,New First Party Trackers,,,,,
doubleclick.net,Targeted Advertising cookies (including social media),Google Advertising Products,HTTP Cookie,bench_new_T3_68141,,30,TRUE,https://www.CLIENT_X.co.ke/,Existing CM Trackers-Found,,,,,
www.CLIENT_X.co.ke,Essential cookies,CLIENT_X - Kenya,HTTP Cookie,bench_new_T3_68181,,,,,Existing CM Trackers-Not Found,,,,,
decibelinsight.net,Performance cookies,Medallia,HTTP Cookie,bench_new_T3_67273,,,,,Existing CM Trackers-Not Found,,,,,
CLIENT_X.co.ke,Essential cookies,CLIENT_X - Kenya,Local Storage,bench_new_T3_67508,,,TRUE,https://www.CLIENT_X.co.ke/c-w/support-home/support-contact-page,Existing CM Trackers-Found,,,,,
www.google.ie,Targeted Advertising cookies (including social media),Google Inc.,Beacon,bench_new_T3_67324,,,TRUE,https://www.CLIENT_X.co.ke/,Existing CM Trackers-Found,,,,,
s334834414.t.eloqua.com,Performance cookies,Oracle Marketing,JavaScript,bench_new_T3_67802,,,,https://www.CLIENT_X.co.ke/healthcare/sites/lumify-handheld-ultrasound/specialty/primary-care-specialty-practices,New Third Party Trackers,,,,,
CLIENT_X.co.ke,Essential cookies,CLIENT_X - Kenya,HTTP Cookie,bench_new_T3_67283,,,,,Existing CM Trackers-Not Found,,,,,
www.CLIENT_X.co.ke,Essential cookies,CLIENT_X - Kenya,HTTP Cookie,bench_new_T3_67231,,400,TRUE,https://www.CLIENT_X.co.ke/,Existing CM Trackers-Found,,,,,
CLIENT_X.co.ke,Essential cookies,CLIENT_X - Kenya,HTTP Cookie,bench_new_T3_68392,,session,TRUE,https://www.CLIENT_X.co.ke/,Existing CM Trackers-Found,,,,,
www.CLIENT_X.co.ke,Essential cookies,CLIENT_X - Kenya,HTTP Cookie,bench_new_T3_68065,,1,,https://www.CLIENT_X.co.ke/,New First Party Trackers,,,,,
CLIENT_X.co.ke,Essential cookies,CLIENT_X - Kenya,HTTP Cookie,_ga_failed_lookup_marker_42_232,,session,TRUE,https://www.CLIENT_X.co.ke/,Existing CM Trackers-Found,,,,,
CLIENT_X.co.ke,Essential cookies,CLIENT_X - Kenya,HTTP Cookie,bench_new_T3_67216,,,,,Existing CM Trackers-Not Found,,,,,
www.gstatic.com,Performance cookies,Google Inc.,JavaScript,bench_new_T3_67703,,,TRUE,https://www.CLIENT_X.co.ke/c-m-ac/household-accessories,Existing CM Trackers-Found,,,,,
img.youtube.com,Targeted Advertising cookies (including social media),Google Advertising Products,ETag,bench_new_T3_67795,,,,,Existing CM Trackers-Not Found,,,,,
CLIENT_X.co.ke,Essential cookies,CLIENT_X - Kenya,HTTP Cookie,bench_new_T3_67985,,393,TRUE,https://www.CLIENT_X.co.ke/,Existing CM Trackers-Found,,,,,
*.t.eloqua.com,Targeted Advertising cookies (including social media),Oracle Marketing,Beacon,bench_new_T3_68588,,,,https://www.CLIENT_X.co.ke/healthcare/sites/lumify,Existing CM Trackers-Found,,,,,
CLIENT_Xb2c.my.site.com,Performance cookies,"Salesforce.com, Inc.",Beacon,bench_new_T3_68501,,,TRUE,https://www.CLIENT_X.co.ke/c-w/support-home/support-contact-page,Existing CM Trackers-Found,,,,,
img.youtube.com,Targeted Advertising cookies (including social media),Google Advertising Products,ETag,bench_new_T3_68451,,,,,Existing CM Trackers-Not Found,,,,,
www.tienda.CLIENT_X.com.mx,Essential cookies (exempt from consent),CLIENT_X - Mexico,HTTP Cookie,bv_metrics,,bench_update_duration,,,Existing CM Trackers-Not Found,,,,,
www.lighting.CLIENT_X.co.ke,Essential cookies,Signify (formerly CLIENT_X Lighting),HTTP Cookie,bench_new_T3_68422,,,,,Existing CM Trackers-Not Found,,,,,
versuni.scene7.com,Performance cookies,Adobe Experience Cloud - Experience Manager,ETag,bench_new_T3_68500,,,TRUE,https://www.CLIENT_X.co.ke/c-f/XC000021994/how-to-clean-the-dust-bucket-and-filter-of-my-CLIENT_X-1000-series-bagless-vacuum-cleaner,Existing CM Trackers-Found,,,,,
CLIENT_X.co.ke,Essential cookies,CLIENT_X - Kenya,HTTP Cookie,bench_new_T3_68618,,,,,Existing CM Trackers-Not Found,,,,,
www.CLIENT_X.co.ke,Essential cookies,CLIENT_X - Kenya,HTTP Cookie,bench_new_T3_68479,,session,,https://www.CLIENT_X.co.ke/,New First Party Trackers,,,,,
CLIENT_X.co.ke,Essential cookies,CLIENT_X - Kenya,HTTP Cookie,bench_new_T3_68241,,,,,Existing CM Trackers-Not Found,,,,,
agent-versuni.mindtouch.us,Performance cookies,MindTouch,Beacon,bench_new_T3_68131,,,,https://www.CLIENT_X.co.ke/c-f/XC000021443/my-CLIENT_X-fan-makes-an-unusual-noise-when-oscillating,New Third Party Trackers,,,,,
tremorhub.com,Targeted Advertising cookies (including social media),"Magnite CTV, Inc.",HTTP Cookie,bench_new_T3_68609,,400,,https://www.CLIENT_X.co.ke/a-w/about,New Third Party Trackers,,,,,
CLIENT_X.co.ke,Essential cookies,CLIENT_X - Kenya,HTTP Cookie,_ga_failed_lookup_marker_42_248,,365,,https://www.CLIENT_X.co.ke/,New First Party Trackers,,,,,
stats.g.doubleclick.net,Targeted Advertising cookies (including social media),Google Advertising Products,Beacon,bench_new_T3_68449,,,TRUE,https://www.CLIENT_X.co.ke/,Existing CM Trackers-Found,,,,,
assets.kampyle.com,Performance cookies,Medallia,ETag,bench_new_T3_67450,,,TRUE,https://www.CLIENT_X.co.ke/a-w/about,Existing CM Trackers-Found,,,,,
CLIENT_X.co.ke,Essential cookies,CLIENT_X - Kenya,HTTP Cookie,bench_new_T3_68176,,,,,Existing CM Trackers-Not Found,,,,,
eloqua.com,Essential cookies,Oracle Marketing,HTTP Cookie,bench_new_T3_68177,,392,TRUE,https://www.CLIENT_X.co.ke/healthcare/sites/lumify-handheld-ultrasound/comparison-pop-up-new,Existing CM Trackers-Found,,,,,
CLIENT_X.co.ke,Targeted Advertising cookies (including social media),CLIENT_X - Kenya,HTTP Cookie,bench_new_T3_68706,,,,,Existing CM Trackers-Not Found,,,,,
CLIENT_X.co.ke,Essential cookies,CLIENT_X - Kenya,HTTP Cookie,bench_new_T3_68607,,,,,Existing CM Trackers-Not Found,,,,,
*.fls.doubleclick.net,Targeted Advertising cookies (including social media),Google Advertising Products,Beacon,bench_new_T3_67538,,,,,Existing CM Trackers-Not Found,,,,,
CLIENT_X.co.ke,Essential cookies,CLIENT_X - Kenya,HTTP Cookie,bench_new_T3_67967,,,,,Existing CM Trackers-Not Found,,,,,
www.CLIENT_X.co.ke,Performance cookies,CLIENT_X - Kenya,HTTP Cookie,bench_new_T3_68165,,,,,Existing CM Trackers-Not Found,,,,,
assets.adobedtm.com,Performance cookies,Adobe Inc.,JavaScript,bench_new_T3_68380,,,,,Existing CM Trackers-Not Found,,,,,
CLIENT_X.112.2o7.net,Performance cookies,"Adobe Audience Manager, Adobe Experience Cloud",HTTP Cookie,_ga_failed_lookup_marker_42_259,,400,,https://www.CLIENT_X.co.ke/,New Third Party Trackers,,,,,
www.CLIENT_X.co.ke,Essential cookies,CLIENT_X - Kenya,HTTP Cookie,bench_new_T3_67930,,,,,Existing CM Trackers-Not Found,,,,,
tracker-detail-page.trustarc.com,Essential cookies,TrustArc,JavaScript,bench_new_T3_67438,,,,https://www.CLIENT_X.co.ke/a-w/cookie-notice,New Third Party Trackers,,,,,
www.CLIENT_X.co.ke,Essential cookies,CLIENT_X - Kenya,HTTP Cookie,bench_new_T3_68336,,1,,https://www.CLIENT_X.co.ke/,New First Party Trackers,,,,,
CLIENT_X.co.ke,Essential cookies,CLIENT_X - Kenya,HTTP Cookie,bench_new_T3_68442,,400,TRUE,https://www.CLIENT_X.co.ke/,Existing CM Trackers-Found,,,,,
CLIENT_X.co.ke,Essential cookies,CLIENT_X - Kenya,HTTP Cookie,bench_new_T3_68240,,,,,Existing CM Trackers-Not Found,,,,,
casalemedia.com,Targeted Advertising cookies (including social media),Index Exchange Inc.,HTTP Cookie,bench_new_T3_67846,,90,,https://www.CLIENT_X.co.ke/a-w/about,New Third Party Trackers,,,,,
CLIENT_X.co.ke,Essential cookies,CLIENT_X - Kenya,Local Storage,bench_new_T3_68343,,,TRUE,https://www.CLIENT_X.co.ke/c-w/support-home/support-contact-page,Existing CM Trackers-Found,,,,,
CLIENT_X.co.ke,Targeted Advertising cookies (including social media),CLIENT_X - Kenya,HTTP Cookie,bench_new_T3_68115,,,,,Existing CM Trackers-Not Found,,,,,
CLIENT_X.co.ke,Essential cookies,CLIENT_X - Kenya,HTTP Cookie,bench_new_T3_68586,,393,TRUE,https://www.CLIENT_X.co.ke/,Existing CM Trackers-Found,,,,,
region1.google-analytics.com,Performance cookies,Google Inc.,HTTP Cookie,bench_new_T3_67983,,,,,Existing CM Trackers-Not Found,,,,,
www.CLIENT_X.co.ke,Essential cookies,CLIENT_X - Kenya,HTTP Cookie,bench_new_T3_67787,,7,,https://www.CLIENT_X.co.ke/,New First Party Trackers,,,,,
www.CLIENT_X.co.ke,Essential cookies,CLIENT_X - Kenya,HTTP Cookie,bench_new_T3_67296,,0,,https://www.CLIENT_X.co.ke/,New First Party Trackers,,,,,
CLIENT_X.sa,Essential cookies (exempt from consent),CLIENT_X - Kingdom of Saudi Arabia,HTTP Cookie,mbox,,bench_update_duration,TRUE,https://www.CLIENT_X.co.ke/c-p/BHH880_00/stylecare-essential-heated-straightening-brush,Existing CM Trackers-Found,,,,,
static.hotjar.com,Performance cookies,Hotjar,ETag,bench_new_T3_67618,,,,,Existing CM Trackers-Not Found,,,,,
munchkin.marketo.net,Targeted Advertising cookies (including social media),Marketo,ETag,bench_new_T3_67762,,,,,Existing CM Trackers-Not Found,,,,,
CLIENT_X.co.ke,Essential cookies,CLIENT_X - Kenya,HTTP Cookie,bench_new_T3_68057,,,,,Existing CM Trackers-Not Found,,,,,
www.CLIENT_X.co.ke,Essential cookies,CLIENT_X - Kenya,HTTP Cookie,bench_new_T3_68434,,365,TRUE,https://www.CLIENT_X.co.ke/,Existing CM Trackers-Found,,,,,
CLIENT_X.co.ke,Essential cookies,CLIENT_X - Kenya,HTTP Cookie,bench_new_T3_67922,,,,,Existing CM Trackers-Not Found,,,,,
www.lighting.CLIENT_X.co.ke,Essential cookies,Signify (formerly CLIENT_X Lighting),HTTP Cookie,bench_new_T3_68572,,,,,Existing CM Trackers-Not Found,,,,,
tracker-detail-page.trustarc.com,Essential cookies,TrustArc,JavaScript,bench_new_T3_67458,,,,https://www.CLIENT_X.co.ke/a-w/cookie-notice,New Third Party Trackers,,,,,
CLIENT_X.112.2o7.net,Performance cookies,"Adobe Audience Manager, Adobe Experience Cloud",HTTP Cookie,bench_new_T3_68786,,400,,https://www.CLIENT_X.co.ke/,New Third Party Trackers,,,,,
www.CLIENT_X.co.ke,Essential cookies,CLIENT_X - Kenya,HTTP Cookie,_ga_failed_lookup_marker_42_281,,session,TRUE,https://www.CLIENT_X.co.ke/,Existing CM Trackers-Found,,,,,
CLIENT_X.co.ke,Targeted Advertising cookies (including social media),CLIENT_X - Kenya,HTTP Cookie,_ga_failed_lookup_marker_42_282,,,,,Existing CM Trackers-Not Found,,,,,
CLIENT_X.co.ke,Essential cookies,CLIENT_X - Kenya,HTTP Cookie,bench_new_T3_67966,,400,,https://www.CLIENT_X.co.ke/,New First Party Trackers,,,,,
static.hotjar.com,Performance cookies,Hotjar,JavaScript,bench_new_T3_68418,,,,,Existing CM Trackers-Not Found,,,,,
analytics.tiktok.com,Targeted Advertising cookies (including social media),TikTok,JavaScript,bench_new_T3_68645,,,,,Existing CM Trackers-Not Found,,,,,
casalemedia.com,Targeted Advertising cookies (including social media),Index Exchange Inc.,HTTP Cookie,bench_new_T3_68621,,90,,https://www.CLIENT_X.co.ke/a-w/about,New Third Party Trackers,,,,,
www.heartstream.com,Targeted Advertising cookies (including social media),Heartstream,JavaScript,bench_new_T3_67528,,,,https://www.CLIENT_X.co.ke/healthcare/product/HC989706000051,New Third Party Trackers,,,,,
region1.google-analytics.com,Performance cookies,Google Inc.,HTTP Cookie,bench_new_T3_68508,,,,,Existing CM Trackers-Not Found,,,,,
widget-cdn.janraincapture.com,Performance cookies,Akamai,JavaScript,bench_new_T3_67978,,,,,Existing CM Trackers-Not Found,,,,,
CLIENT_X.co.ke,Essential cookies,CLIENT_X - Kenya,HTTP Cookie,bench_new_T3_67305,,0,TRUE,https://www.CLIENT_X.co.ke/,Existing CM Trackers-Found,,,,,
cdn.decibelinsight.net,Targeted Advertising cookies (including social media),Medallia,JavaScript,bench_new_T3_67490,,,,,Existing CM Trackers-Not Found,,,,,
CLIENT_X.co.ke,Essential cookies,CLIENT_X - Kenya,HTTP Cookie,bench_new_T3_68673,,session,TRUE,https://www.CLIENT_X.co.ke/,Existing CM Trackers-Found,,,,,
www.lighting.CLIENT_X.cl,Essential cookies (exempt from consent),Signify (formerly CLIENT_X Lighting),HTTP Cookie,d01-layout,,,,,Existing CM Trackers-Not Found,,,,,
www.youtube.com,Targeted Advertising cookies (including social media),Google Advertising Products,JavaScript,bench_new_T3_68060,,,TRUE,https://www.CLIENT_X.co.ke/c-m-mo/articles-bottle-feeding-health/sterilising-baby-feeding-equipment,Existing CM Trackers-Found,,,,,
img.en25.com,Performance cookies,Oracle Marketing,JavaScript,bench_new_T3_67269,,,,https://www.CLIENT_X.co.ke/healthcare/sites/lumify,New Third Party Trackers,,,,,
CLIENT_X.co.ke,Essential cookies,CLIENT_X - Kenya,HTTP Cookie,bench_new_T3_67496,,,,,Existing CM Trackers-Not Found,,,,,
CLIENT_X.ua,Essential cookies (exempt from consent),CLIENT_X - Ukraine,HTTP Cookie,_fbp,,,,https://www.CLIENT_X.co.ke/a-w/about/news/all-news.html,New Third Party Trackers,,,,,
decibelinsight.net,Performance cookies,Medallia,HTTP Cookie,bench_new_T3_68244,,,,,Existing CM Trackers-Not Found,,,,,
www.CLIENT_X.co.uk,Performance cookies,CLIENT_X - United Kingdom,ETag,_ga_failed_lookup_marker_42_299,,,,,Existing CM Trackers-Not Found,,,,,
CLIENT_X.co.ke,Essential cookies,CLIENT_X - Kenya,HTTP Cookie,bench_new_T3_68269,,session,TRUE,https://www.CLIENT_X.co.ke/,Existing CM Trackers-Found,,,,,
CLIENT_X.co.ke,Essential cookies,CLIENT_X - Kenya,HTTP Cookie,bench_new_T3_67936,,,,https://www.CLIENT_X.co.ke/,Existing CM Trackers-Found,,,,,
amazon-adsystem.com,Targeted Advertising cookies (including social media),Amazon Ads,HTTP Cookie,bench_new_T3_68101,,,,,Existing CM Trackers-Not Found,,,,,
maps.googleapis.com,Performance cookies,Google Inc.,JavaScript,bench_new_T3_68707,,,TRUE,https://www.CLIENT_X.co.ke/a-w/about-us.html,Existing CM Trackers-Found,,,,,
img.en25.com,Performance cookies,Oracle Marketing,JavaScript,_ga_failed_lookup_marker_42_304,,,,https://www.CLIENT_X.co.ke/healthcare/sites/lumify,New Third Party Trackers,,,,,
c.amazon-adsystem.com,Targeted Advertising cookies (including social media),Amazon Ads,ETag,bench_new_T3_67839,,,,,Existing CM Trackers-Not Found,,,,,
CLIENT_X.co.ke,Essential cookies,CLIENT_X - Kenya,Local Storage,bench_new_T3_67865,,,TRUE,https://www.CLIENT_X.co.ke/c-w/support-home/support-contact-page,Existing CM Trackers-Found,,,,,
dsum-sec.casalemedia.com,Targeted Advertising cookies (including social media),Index Exchange Inc.,Beacon,bench_new_T3_68705,,,,https://www.CLIENT_X.co.ke/a-w/about,New Third Party Trackers,,,,,
CLIENT_X.co.ke,Essential cookies,CLIENT_X - Kenya,HTTP Cookie,bench_new_T3_68162,,60,TRUE,https://www.CLIENT_X.co.ke/,Existing CM Trackers-Found,,,,,
CLIENT_X.co.ke,Essential cookies,CLIENT_X - Kenya,HTTP Cookie,bench_new_T3_68322,,0,TRUE,https://www.CLIENT_X.co.ke/,Existing CM Trackers-Found,,,,,
www.lighting.CLIENT_X.co.ke,Essential cookies,Signify (formerly CLIENT_X Lighting),HTTP Cookie,bench_new_T3_68691,,,,,Existing CM Trackers-Not Found,,,,,
CLIENT_X.co.ke,Essential cookies,CLIENT_X - Kenya,HTTP Cookie,bench_new_T3_68121,,session,TRUE,https://www.CLIENT_X.co.ke/,Existing CM Trackers-Found,,,,,
CLIENT_Xb2c.my.site.com,Performance cookies,"Salesforce.com, Inc.",Local Storage,bench_new_T3_68003,,,TRUE,https://www.CLIENT_X.co.ke/c-w/support-home/support-contact-page,Existing CM Trackers-Found,,,,,
acc.usa.CLIENT_X.com,Essential cookies (exempt from consent),Koninklijke CLIENT_X N.V.,HTTP Cookie,JSESSIONID,,bench_update_duration,,,Existing CM Trackers-Not Found,,,,,
CLIENT_X.co.ke,Performance cookies,CLIENT_X - Kenya,HTTP Cookie,bench_new_T3_67519,,,,,Existing CM Trackers-Not Found,,,,,
s334834414.t.eloqua.com,Performance cookies,Oracle Marketing,JavaScript,bench_new_T3_67590,,,,https://www.CLIENT_X.co.ke/healthcare/sites/lumify-handheld-ultrasound/specialty/primary-care-specialty-practices,New Third Party Trackers,,,,,
www.CLIENT_X.com.co,Essential cookies (exempt from consent),CLIENT_X - Colombia,HTTP Cookie,AWSELBCORS,,0,,https://www.CLIENT_X.co.ke/healthcare/resources/landing/aed-back-to-the-rhythm,New Third Party Trackers,,,,,
www.lighting.CLIENT_X.co.ke,Essential cookies,Signify (formerly CLIENT_X Lighting),HTTP Cookie,bench_new_T3_67226,,,,,Existing CM Trackers-Not Found,,,,,
www.youtube.com,Targeted Advertising cookies (including social media),Google Advertising Products,JavaScript,bench_new_T3_67418,,,TRUE,https://www.CLIENT_X.co.ke/c-m-mo/articles-bottle-feeding-health/sterilising-baby-feeding-equipment,Existing CM Trackers-Found,,,,,
maps.googleapis.com,Performance cookies,Google Inc.,ETag,bench_new_T3_67598,,,TRUE,https://www.CLIENT_X.co.ke/a-w/about-us.html,Existing CM Trackers-Found,,,,,
tremorhub.com,Targeted Advertising cookies (including social media),"Magnite CTV, Inc.",HTTP Cookie,bench_new_T3_67727,,365,,https://www.CLIENT_X.co.ke/a-w/about,New Third Party Trackers,,,,,
acsbapp.com,Performance cookies,accessiBe,ETag,_ga_failed_lookup_marker_42_321,,,,,Existing CM Trackers-Not Found,,,,,
CLIENT_X.co.ke,Targeted Advertising cookies (including social media),CLIENT_X - Kenya,HTTP Cookie,bench_new_T3_68295,,,,,Existing CM Trackers-Not Found,,,,,
company-target.com,Targeted Advertising cookies (including social media),"Demandbase, Inc.",HTTP Cookie,_ga_failed_lookup_marker_42_323,,396,,https://www.CLIENT_X.co.ke/a-w/about,New Third Party Trackers,,,,,
*.akstat.io,Performance cookies,Akamai,Beacon,bench_new_T3_67392,,,,,Existing CM Trackers-Not Found,,,,,
sc-static.net,Targeted Advertising cookies (including social media),Snap Inc.,ETag,bench_new_T3_67563,,,TRUE,https://www.CLIENT_X.co.ke/c-e/ho/kitchen-appliances.html,Existing CM Trackers-Found,,,,,
www.accounts.CLIENT_X.com,Essential cookies (exempt from consent),Koninklijke CLIENT_X N.V.,ETag,-,,bench_update_duration,TRUE,https://www.CLIENT_X.co.ke/c-e/ho/homeid-app.html,Existing CM Trackers-Found,,,,,
www.hcare.CLIENT_X.com.cn,Essential cookies (exempt from consent),CLIENT_X - China,HTTP Cookie,ss_duration,,,,https://www.CLIENT_X.co.ke/healthcare/product/HC989706000051,New Third Party Trackers,,,,,
CLIENT_X.co.ke,Essential cookies,CLIENT_X - Kenya,HTTP Cookie,bench_new_T3_68381,,,,,Existing CM Trackers-Not Found,,,,,
CLIENT_X.co.ke,Essential cookies,CLIENT_X - Kenya,HTTP Cookie,_ga_failed_lookup_marker_42_329,,,,,Existing CM Trackers-Not Found,,,,,
CLIENT_X.co.ke,Targeted Advertising cookies (including social media),CLIENT_X - Kenya,HTTP Cookie,bench_new_T3_68554,,,,,Existing CM Trackers-Not Found,,,,,
www.googletagmanager.com,Performance cookies,Google Inc.,Beacon,bench_new_T3_68545,,,TRUE,https://www.CLIENT_X.co.ke/c-m-ho/food-preparation/chopper,Existing CM Trackers-Found,,,,,
www.lighting.CLIENT_X.de,Essential cookies (exempt from consent),Signify (formerly CLIENT_X Lighting),HTTP Cookie,customer_language_accept,,bench_update_duration,,,Existing CM Trackers-Not Found,,,,,
acsbapp.com,Performance cookies,accessiBe,ETag,bench_new_T3_67772,,,,,Existing CM Trackers-Not Found,,,,,
adservice.google.com,Targeted Advertising cookies (including social media),Google Advertising Products,Beacon,bench_new_T3_68477,,,TRUE,https://www.CLIENT_X.co.ke/,Existing CM Trackers-Found,,,,,
www.lighting.CLIENT_X.com.tr,Essential cookies (exempt from consent),Signify (formerly CLIENT_X Lighting),HTTP Cookie,s_sid,,,,https://www.CLIENT_X.co.ke/healthcare/sites/lumify,New Third Party Trackers,,,,,
www.google.com,Targeted Advertising cookies (including social media),Google Inc.,Beacon,bench_new_T3_67215,,,TRUE,https://www.CLIENT_X.co.ke/,Existing CM Trackers-Found,,,,,
lighting.CLIENT_X.co.ke,Essential cookies,Signify (formerly CLIENT_X Lighting),HTTP Cookie,bench_new_T3_67397,,,,,Existing CM Trackers-Not Found,,,,,
decibelinsight.net,Performance cookies,Medallia,HTTP Cookie,_ga_failed_lookup_marker_42_338,,,,,Existing CM Trackers-Not Found,,,,,
www.usa.CLIENT_X.com,Essential cookies (exempt from consent),Koninklijke CLIENT_X N.V.,HTTP Cookie,notice_settings,,bench_update_duration,TRUE,https://www.CLIENT_X.co.ke/,Existing CM Trackers-Found,,,,,
demdex.net,Targeted Advertising cookies (including social media),"Adobe Audience Manager, Adobe Experience Cloud",HTTP Cookie,bench_new_T3_67657,,,,,Existing CM Trackers-Not Found,,,,,
CLIENT_X.co.ke,Essential cookies,CLIENT_X - Kenya,HTTP Cookie,bench_new_T3_68613,,400,TRUE,https://www.CLIENT_X.co.ke/,Existing CM Trackers-Found,,,,,
amazon-adsystem.com,Targeted Advertising cookies (including social media),Amazon Ads,HTTP Cookie,bench_new_T3_68742,,,,,Existing CM Trackers-Not Found,,,,,
CLIENT_Xb2c.my.salesforce-scrt.com,Performance cookies,"Salesforce.com, Inc.",Beacon,bench_new_T3_67700,,,,https://www.CLIENT_X.co.ke/c-w/support-home/support-contact-page,New Third Party Trackers,,,,,
s2.go-mpulse.net,Performance cookies,Akamai,JavaScript,bench_new_T3_67719,,,,,Existing CM Trackers-Not Found,,,,,
stg.CLIENT_X.ro,Essential cookies (exempt from consent),CLIENT_X - Romania,HTTP Cookie,eddl_gtm_qe_session_start_6523424625,,,,,Existing CM Trackers-Not Found,,,,,
snapchat.com,Targeted Advertising cookies (including social media),Snap Inc.,HTTP Cookie,bench_new_T3_67407,,390,TRUE,https://www.CLIENT_X.co.ke/c-e/ho/homeid-app.html,Existing CM Trackers-Found,,,,,
www.googletagmanager.com,Performance cookies,Google Inc.,JavaScript,bench_new_T3_67368,,,TRUE,https://www.CLIENT_X.co.ke/,Existing CM Trackers-Found,,,,,
snap.licdn.com,Performance cookies,LinkedIn,JavaScript,bench_new_T3_68681,,,TRUE,https://www.CLIENT_X.co.ke/c-e/ho/homeid-app.html,Existing CM Trackers-Found,,,,,
s334834414.t.eloqua.com,Performance cookies,Oracle Marketing,Beacon,bench_new_T3_67526,,,,https://www.CLIENT_X.co.ke/healthcare/sites/lumify,New Third Party Trackers,,,,,
CLIENT_X.co.ke,Targeted Advertising cookies (including social media),CLIENT_X - Kenya,HTTP Cookie,bench_new_T3_67208,,,,,Existing CM Trackers-Not Found,,,,,
decibelinsight.net,Performance cookies,Medallia,HTTP Cookie,bench_new_T3_67837,,,,,Existing CM Trackers-Not Found,,,,,
img.en25.com,Performance cookies,Oracle Marketing,JavaScript,bench_new_T3_67270,,,,https://www.CLIENT_X.co.ke/healthcare/sites/lumify,New Third Party Trackers,,,,,
assets.adobedtm.com,Performance cookies,Adobe Inc.,JavaScript,bench_new_T3_67562,,,,,Existing CM Trackers-Not Found,,,,,
www.CLIENT_X.com,Essential cookies,Koninklijke CLIENT_X N.V.,JavaScript,bench_new_T3_68702,,,TRUE,https://www.CLIENT_X.co.ke/healthcare/product/HC866199,Existing CM Trackers-Found,,,,,
consent.trustarc.com,Essential cookies,TrustArc,Beacon,bench_new_T3_68677,,,TRUE,https://www.CLIENT_X.co.ke/,Existing CM Trackers-Found,,,,,
tracker-detail-page.trustarc.com,Essential cookies,TrustArc,ETag,bench_new_T3_67414,,,,https://www.CLIENT_X.co.ke/a-w/cookie-notice,New Third Party Trackers,,,,,
www.googleapis.com,Performance cookies,Google Inc.,JavaScript,bench_new_T3_67868,,,TRUE,https://www.CLIENT_X.co.ke/c-t/XC000004908/my-skin-is-irritated-after-using-my-CLIENT_X-epilator,Existing CM Trackers-Found,,,,,
www.heartstream.com,Targeted Advertising cookies (including social media),Heartstream,JavaScript,bench_new_T3_67976,,,,https://www.CLIENT_X.co.ke/healthcare/product/HC989706000051,New Third Party Trackers,,,,,
www.lighting.CLIENT_X.cz,Essential cookies (exempt from consent),Signify (formerly CLIENT_X Lighting),HTTP Cookie,s_mc,,bench_update_duration,,,Existing CM Trackers-Not Found,,,,,
maps.googleapis.com,Performance cookies,Google Inc.,ETag,bench_new_T3_67465,,,TRUE,https://www.CLIENT_X.co.ke/a-w/about-us.html,Existing CM Trackers-Found,,,,,
www.CLIENT_X.com.mx,Essential cookies (exempt from consent),CLIENT_X - Mexico,ETag,blank (etag),,,TRUE,https://www.CLIENT_X.co.ke/c-e/ho/homeid-app.html,Existing CM Trackers-Found,,,,,
consent.trustarc.com,Essential cookies,TrustArc,Beacon,bench_new_T3_67721,,,TRUE,https://www.CLIENT_X.co.ke/,Existing CM Trackers-Found,,,,,
region1.google-analytics.com,Performance cookies,Google Inc.,Beacon,bench_new_T3_67692,,,TRUE,https://www.CLIENT_X.co.ke/healthcare/product/HC989706000051,Existing CM Trackers-Found,,,,,
amazon-adsystem.com,Targeted Advertising cookies (including social media),Amazon Ads,HTTP Cookie,bench_new_T3_68688,,,,,Existing CM Trackers-Not Found,,,,,
accunix.net,Targeted Advertising Cookies (including social media) [Requires consent],Unknown,HTTP Cookie,cf_clearance,,session,TRUE,https://www.CLIENT_X.co.ke/c-m-mo/articles-bottle-feeding-health/sterilising-baby-feeding-equipment,Existing CM Trackers-Found,,,,,
maps.googleapis.com,Performance cookies,Google Inc.,JavaScript,bench_new_T3_68502,,,TRUE,https://www.CLIENT_X.co.ke/a-w/about-us.html,Existing CM Trackers-Found,,,,,
consent-pref.trustarc.com,Essential cookies,TrustArc,JavaScript,bench_new_T3_68415,,,,https://www.CLIENT_X.co.ke/healthcare/product/HC866199,New Third Party Trackers,,,,,
CLIENT_X.ch,Essential cookies (exempt from consent),CLIENT_X - Switzerland,HTTP Cookie,s_eVar44,,,TRUE,https://www.CLIENT_X.co.ke/c-m-mo/articles-bottle-feeding-health/sterilising-baby-feeding-equipment,Existing CM Trackers-Found,,,,,
www.CLIENT_X.nl,Essential cookies (exempt from consent),CLIENT_X - Netherlands,HTTP Cookie,liveagent_ptid,,bench_update_duration,TRUE,https://www.CLIENT_X.co.ke/,Existing CM Trackers-Found,,,,,
www.accounts.CLIENT_X.com,Essential cookies,Koninklijke CLIENT_X N.V.,ETag,bench_new_T3_67687,,,,,Existing CM Trackers-Not Found,,,,,
*.t.eloqua.com,Targeted Advertising cookies (including social media),Oracle Marketing,Beacon,bench_new_T3_67763,,,,https://www.CLIENT_X.co.ke/healthcare/sites/lumify,Existing CM Trackers-Found,,,,,
www.CLIENT_X.co.ke,Essential cookies,CLIENT_X - Kenya,HTTP Cookie,bench_new_T3_68526,,365,TRUE,https://www.CLIENT_X.co.ke/,Existing CM Trackers-Found,,,,,
www.googleadservices.com,Targeted Advertising cookies (including social media),Google Advertising Products,ETag,bench_new_T3_67335,,,,,Existing CM Trackers-Not Found,,,,,
*.t.eloqua.com,Targeted Advertising cookies (including social media),Oracle Marketing,Beacon,bench_new_T3_68008,,,,https://www.CLIENT_X.co.ke/healthcare/sites/lumify,Existing CM Trackers-Found,,,,,
CLIENT_X.co.ke,Essential cookies,CLIENT_X - Kenya,HTTP Cookie,bench_new_T3_68555,,90,TRUE,https://www.CLIENT_X.co.ke/,Existing CM Trackers-Found,,,,,
cdn.speedcurve.com,Performance cookies,Speedcurve,JavaScript,bench_new_T3_67950,,,,https://www.CLIENT_X.co.ke/,New Third Party Trackers,,,,,
CLIENT_X.co.ke,Essential cookies,CLIENT_X - Kenya,HTTP Cookie,bench_new_T3_68354,,session,TRUE,https://www.CLIENT_X.co.ke/,Existing CM Trackers-Found,,,,,
pixel.rubiconproject.com,Targeted Advertising cookies (including social media),"Magnite, Inc.",Beacon,bench_new_T3_67509,,,,https://www.CLIENT_X.co.ke/a-w/about,New Third Party Trackers,,,,,
www.CLIENT_X.co.ke,Essential cookies,CLIENT_X - Kenya,JavaScript,bench_new_T3_68505,,,TRUE,https://www.CLIENT_X.co.ke/,Existing CM Trackers-Found,,,,,
CLIENT_X.co.ke,Essential cookies,CLIENT_X - Kenya,HTTP Cookie,bench_new_T3_68435,,session,TRUE,https://www.CLIENT_X.co.ke/,Existing CM Trackers-Found,,,,,
cdn.decibelinsight.net,Targeted Advertising cookies (including social media),Medallia,JavaScript,bench_new_T3_67662,,,,,Existing CM Trackers-Not Found,,,,,
w.usabilla.com,Performance cookies,GetFeedback,JavaScript,bench_new_T3_68560,,,,,Existing CM Trackers-Not Found,,,,,
www.CLIENT_X.com.ar,Essential cookies (exempt from consent),CLIENT_X - Argentina,HTTP Cookie,liveagent_vc,,session,TRUE,https://www.CLIENT_X.co.ke/,Existing CM Trackers-Found,,,,,
www.accounts.CLIENT_X.com,Essential cookies,Koninklijke CLIENT_X N.V.,ETag,bench_new_T3_67550,,,,,Existing CM Trackers-Not Found,,,,,
CLIENT_X.co.ke,Essential cookies,CLIENT_X - Kenya,HTTP Cookie,_ga_failed_lookup_marker_42_385,,session,TRUE,https://www.CLIENT_X.co.ke/,Existing CM Trackers-Found,,,,,
lighting.CLIENT_X.co.ke,Essential cookies,Signify (formerly CLIENT_X Lighting),HTTP Cookie,bench_new_T3_68652,,,,,Existing CM Trackers-Not Found,,,,,
decibelinsight.net,Performance cookies,Medallia,HTTP Cookie,bench_new_T3_67812,,,,,Existing CM Trackers-Not Found,,,,,
CLIENT_Xb2c.my.site.com,Performance cookies,"Salesforce.com, Inc.",JavaScript,bench_new_T3_67888,,,TRUE,https://www.CLIENT_X.co.ke/c-w/support-home/support-contact-page,Existing CM Trackers-Found,,,,,
widget-cdn.janraincapture.com,Performance cookies,Akamai,ETag,bench_new_T3_67843,,,,,Existing CM Trackers-Not Found,,,,,
consent-st.trustarc.com,Essential cookies,TrustArc,JavaScript,bench_new_T3_67980,,,,https://www.CLIENT_X.co.ke/healthcare/product/HC866199,New Third Party Trackers,,,,,
CLIENT_X.co.ke,Essential cookies,CLIENT_X - Kenya,HTTP Cookie,bench_new_T3_68373,,session,TRUE,https://www.CLIENT_X.co.ke/,Existing CM Trackers-Found,,,,,
www.lighting.CLIENT_X.co.ke,Essential cookies,Signify (formerly CLIENT_X Lighting),HTTP Cookie,_ga_failed_lookup_marker_42_392,,,,,Existing CM Trackers-Not Found,,,,,
*.en25.com,Targeted Advertising cookies (including social media),Oracle Marketing,JavaScript,bench_new_T3_68772,,,,https://www.CLIENT_X.co.ke/healthcare/sites/lumify,Existing CM Trackers-Found,,,,,
decibelinsight.net,Performance cookies,Medallia,HTTP Cookie,bench_new_T3_67698,,,,,Existing CM Trackers-Not Found,,,,,
CLIENT_X.co.ke,Targeted Advertising cookies (including social media),CLIENT_X - Kenya,HTTP Cookie,bench_new_T3_68214,,,,,Existing CM Trackers-Not Found,,,,,
agent-versuni.mindtouch.us,Performance cookies,MindTouch,Beacon,bench_new_T3_68404,,,,https://www.CLIENT_X.co.ke/c-f/XC000021443/my-CLIENT_X-fan-makes-an-unusual-noise-when-oscillating,New Third Party Trackers,,,,,
www.CLIENT_X.co.ke,Essential cookies,CLIENT_X - Kenya,HTTP Cookie,bench_new_T3_67667,,,,,Existing CM Trackers-Not Found,,,,,
tag.demandbase.com,Targeted Advertising cookies (including social media),"Demandbase, Inc.",ETag,bench_new_T3_68580,,,,https://www.CLIENT_X.co.ke/a-w/about,New Third Party Trackers,,,,,
dsum-sec.casalemedia.com,Targeted Advertising cookies (including social media),Index Exchange Inc.,Beacon,bench_new_T3_67211,,,,https://www.CLIENT_X.co.ke/a-w/about,New Third Party Trackers,,,,,
cdn.decibelinsight.net,Targeted Advertising cookies (including social media),Medallia,ETag,bench_new_T3_67212,,,,,Existing CM Trackers-Not Found,,,,,
CLIENT_X.com,Essential cookies,Koninklijke CLIENT_X N.V.,HTTP Cookie,bench_new_T3_67780,,,,,Existing CM Trackers-Not Found,,,,,
www.CLIENT_X.co.ke,Essential cookies,CLIENT_X - Kenya,HTTP Cookie,bench_new_T3_68300,,,,,Existing CM Trackers-Not Found,,,,,
www.CLIENT_X.co.ke,Essential cookies,CLIENT_X - Kenya,HTTP Cookie,bench_new_T3_67260,,,,,Existing CM Trackers-Not Found,,,,,
www.CLIENT_X.co.ke,Performance cookies,CLIENT_X - Kenya,HTTP Cookie,bench_new_T3_67352,,session,TRUE,https://www.CLIENT_X.co.ke/,Existing CM Trackers-Found,,,,,
www.CLIENT_X.co.ke,Essential cookies,CLIENT_X - Kenya,HTTP Cookie,bench_new_T3_68307,,365,TRUE,https://www.CLIENT_X.co.ke/,Existing CM Trackers-Found,,,,,
www.shop.CLIENT_X.co.in,Essential cookies (exempt from consent),CLIENT_X - India,ETag,blank (etag),,bench_update_duration,,,Existing CM Trackers-Not Found,,,,,
CLIENT_X.co.ke,Essential cookies,CLIENT_X - Kenya,HTTP Cookie,bench_new_T3_68728,,365,,https://www.CLIENT_X.co.ke/,New First Party Trackers,,,,,
consent.trustarc.com,Essential cookies,TrustArc,Beacon,bench_new_T3_67549,,,TRUE,https://www.CLIENT_X.co.ke/,Existing CM Trackers-Found,,,,,
www.CLIENT_X.pl,Essential cookies (exempt from consent),CLIENT_X - Poland,HTTP Cookie,fl_qualified_entry,,,,,Existing CM Trackers-Not Found,,,,,
CLIENT_X.co.ke,Essential cookies,CLIENT_X - Kenya,HTTP Cookie,bench_new_T3_67797,,393,TRUE,https://www.CLIENT_X.co.ke/,Existing CM Trackers-Found,,,,,
www.CLIENT_X.co.ke,Essential cookies,CLIENT_X - Kenya,HTTP Cookie,bench_new_T3_67765,,1,,https://www.CLIENT_X.co.ke/,New First Party Trackers,,,,,
www.google.ie,Targeted Advertising cookies (including social media),Google Inc.,Beacon,bench_new_T3_67219,,,TRUE,https://www.CLIENT_X.co.ke/,Existing CM Trackers-Found,,,,,
CLIENT_X.co.uk,Essential cookies,CLIENT_X - United Kingdom,HTTP Cookie,bench_new_T3_68352,,,,,Existing CM Trackers-Not Found,,,,,
www.CLIENT_X.co.ke,Essential cookies,CLIENT_X - Kenya,HTTP Cookie,bench_new_T3_67446,,,,,Existing CM Trackers-Not Found,,,,,
www.CLIENT_X.co.ke,Essential cookies,CLIENT_X - Kenya,HTTP Cookie,bench_new_T3_68073,,365,TRUE,https://www.CLIENT_X.co.ke/,Existing CM Trackers-Found,,,,,
static.hotjar.com,Performance cookies,Hotjar,JavaScript,bench_new_T3_67704,,,,,Existing CM Trackers-Not Found,,,,,
www.lighting.CLIENT_X.co.ke,Essential cookies,Signify (formerly CLIENT_X Lighting),HTTP Cookie,bench_new_T3_68070,,,,,Existing CM Trackers-Not Found,,,,,
CLIENT_X.com.my,Essential cookies (exempt from consent),CLIENT_X - Malaysia,HTTP Cookie,_gdXXX,,session,TRUE,https://www.CLIENT_X.co.ke/c-m-mo/articles-bottle-feeding-health/sterilising-baby-feeding-equipment,Existing CM Trackers-Found,,,,,
lux.speedcurve.com,Performance cookies,Speedcurve,JavaScript,bench_new_T3_67520,,,,https://www.CLIENT_X.co.ke/healthcare/resources/landing/aed-back-to-the-rhythm,New Third Party Trackers,,,,,
CLIENT_X.co.ke,Essential cookies,CLIENT_X - Kenya,HTTP Cookie,bench_new_T3_68595,,0,TRUE,https://www.CLIENT_X.co.ke/,Existing CM Trackers-Found,,,,,
koninklijkeCLIENT_Xnvproduction2k8xfrmr.org.coveo.com,Performance cookies,Coveo Solutions Inc.,Beacon,bench_new_T3_67786,,,,https://www.CLIENT_X.co.ke/a-w/about/news/all-news.html,New Third Party Trackers,,,,,
koninklijkeCLIENT_Xnvproduction2k8xfrmr.org.coveo.com,Performance cookies,Coveo Solutions Inc.,Beacon,_ga_failed_lookup_marker_42_422,,,,https://www.CLIENT_X.co.ke/a-w/about/news/all-news.html,New Third Party Trackers,,,,,
youtube.com,Targeted Advertising cookies (including social media),Google Advertising Products,HTTP Cookie,bench_new_T3_68164,,session,TRUE,https://www.CLIENT_X.co.ke/c-m-mo/articles-bottle-feeding-health/sterilising-baby-feeding-equipment,Existing CM Trackers-Found,,,,,
www.CLIENT_X.co.ke,Essential cookies,CLIENT_X - Kenya,HTTP Cookie,bench_new_T3_67646,,365,TRUE,https://www.CLIENT_X.co.ke/,Existing CM Trackers-Found,,,,,
CLIENT_X.co.ke,Essential cookies,CLIENT_X - Kenya,HTTP Cookie,bench_new_T3_68333,,393,TRUE,https://www.CLIENT_X.co.ke/,Existing CM Trackers-Found,,,,,
www.CLIENT_X.co.ke,Essential cookies,CLIENT_X - Kenya,HTTP Cookie,bench_new_T3_67381,,7,,https://www.CLIENT_X.co.ke/,New First Party Trackers,,,,,
tag-logger.demandbase.com,Targeted Advertising cookies (including social media),"Demandbase, Inc.",ETag,bench_new_T3_68665,,,,https://www.CLIENT_X.co.ke/healthcare/sites/lumify,New Third Party Trackers,,,,,
www.CLIENT_X.co.ke,Essential cookies,CLIENT_X - Kenya,HTTP Cookie,bench_new_T3_68732,,0,,https://www.CLIENT_X.co.ke/,New First Party Trackers,,,,,
CLIENT_X.co.ke,Essential cookies,CLIENT_X - Kenya,HTTP Cookie,bench_new_T3_68690,,400,TRUE,https://www.CLIENT_X.co.ke/,Existing CM Trackers-Found,,,,,
CLIENT_X.co.ke,Essential cookies,CLIENT_X - Kenya,HTTP Cookie,_ga_failed_lookup_marker_42_430,,400,TRUE,https://www.CLIENT_X.co.ke/,Existing CM Trackers-Found,,,,,
googleads.g.doubleclick.net,Targeted Advertising cookies (including social media),Google Advertising Products,Beacon,bench_new_T3_67595,,,TRUE,https://www.CLIENT_X.co.ke/,Existing CM Trackers-Found,,,,,
demdex.net,Targeted Advertising cookies (including social media),"Adobe Audience Manager, Adobe Experience Cloud",HTTP Cookie,_ga_failed_lookup_marker_42_432,,,,,Existing CM Trackers-Not Found,,,,,
www.CLIENT_X.co.ke,Essential cookies,CLIENT_X - Kenya,HTTP Cookie,bench_new_T3_68279,,,,,Existing CM Trackers-Not Found,,,,,
www.lighting.CLIENT_X.co.ke,Essential cookies,Signify (formerly CLIENT_X Lighting),HTTP Cookie,bench_new_T3_68774,,,,,Existing CM Trackers-Not Found,,,,,
dpm.demdex.net,Targeted Advertising cookies (including social media),"Adobe Audience Manager, Adobe Experience Cloud",Beacon,bench_new_T3_68339,,,,,Existing CM Trackers-Not Found,,,,,
www.facebook.com,Targeted Advertising cookies (including social media),Meta (formerly Facebook),Beacon,bench_new_T3_67706,,,,,Existing CM Trackers-Not Found,,,,,
www.googleapis.com,Performance cookies,Google Inc.,JavaScript,bench_new_T3_67364,,,TRUE,https://www.CLIENT_X.co.ke/c-t/XC000004908/my-skin-is-irritated-after-using-my-CLIENT_X-epilator,Existing CM Trackers-Found,,,,,
dpm.demdex.net,Targeted Advertising cookies (including social media),"Adobe Audience Manager, Adobe Experience Cloud",Beacon,bench_new_T3_67382,,,,,Existing CM Trackers-Not Found,,,,,
www.CLIENT_X.co.ke,Essential cookies,CLIENT_X - Kenya,HTTP Cookie,_ga_failed_lookup_marker_42_439,,7,,https://www.CLIENT_X.co.ke/,New First Party Trackers,,,,,
decibelinsight.net,Performance cookies,Medallia,HTTP Cookie,bench_new_T3_67863,,,,,Existing CM Trackers-Not Found,,,,,
CLIENT_Xb2c.my.site.com,Performance cookies,"Salesforce.com, Inc.",Local Storage,_ga_failed_lookup_marker_42_441,,,TRUE,https://www.CLIENT_X.co.ke/c-w/support-home/support-contact-page,Existing CM Trackers-Found,,,,,
snap.licdn.com,Performance cookies,LinkedIn,JavaScript,_ga_failed_lookup_marker_42_442,,,TRUE,https://www.CLIENT_X.co.ke/c-e/ho/homeid-app.html,Existing CM Trackers-Found,,,,,
casalemedia.com,Targeted Advertising cookies (including social media),Index Exchange Inc.,HTTP Cookie,bench_new_T3_68563,,90,,https://www.CLIENT_X.co.ke/a-w/about,New Third Party Trackers,,,,,
lighting.CLIENT_X.co.ke,Essential cookies,Signify (formerly CLIENT_X Lighting),HTTP Cookie,bench_new_T3_67960,,,,,Existing CM Trackers-Not Found,,,,,
www.CLIENT_X.co.ke,Essential cookies,CLIENT_X - Kenya,HTTP Cookie,bench_new_T3_67680,,1,,https://www.CLIENT_X.co.ke/,New First Party Trackers,,,,,
www.CLIENT_X.co.ke,Essential cookies,CLIENT_X - Kenya,HTTP Cookie,bench_new_T3_68080,,400,TRUE,https://www.CLIENT_X.co.ke/,Existing CM Trackers-Found,,,,,
*.fls.doubleclick.net,Targeted Advertising cookies (including social media),Google Advertising Products,Beacon,bench_new_T3_67627,,,,,Existing CM Trackers-Not Found,,,,,
koninklijkeCLIENT_Xnvproduction2k8xfrmr.analytics.org.coveo.com,Performance cookies,Coveo Solutions Inc.,Beacon,bench_new_T3_67661,,,,https://www.CLIENT_X.co.ke/a-w/about/news/all-news.html,New Third Party Trackers,,,,,
www.CLIENT_X.co.ke,Essential cookies,CLIENT_X - Kenya,HTTP Cookie,_ga_failed_lookup_marker_42_449,,session,,https://www.CLIENT_X.co.ke/,New First Party Trackers,,,,,
casalemedia.com,Targeted Advertising cookies (including social media),Index Exchange Inc.,HTTP Cookie,bench_new_T3_67244,,365,,https://www.CLIENT_X.co.ke/a-w/about,New Third Party Trackers,,,,,
agent-versuni.mindtouch.us,Performance cookies,MindTouch,HTTP Cookie,bench_new_T3_67319,,399,,https://www.CLIENT_X.co.ke/c-f/XC000021443/my-CLIENT_X-fan-makes-an-unusual-noise-when-oscillating,New Third Party Trackers,,,,,
www.CLIENT_X.co.ke,Essential cookies,CLIENT_X - Kenya,JavaScript,bench_new_T3_68735,,,TRUE,https://www.CLIENT_X.co.ke/,Existing CM Trackers-Found,,,,,
acsbapp.com,Performance cookies,accessiBe,ETag,bench_new_T3_68650,,,,,Existing CM Trackers-Not Found,,,,,
images.CLIENT_X.com,Essential cookies,Koninklijke CLIENT_X N.V.,JavaScript,bench_new_T3_68118,,,TRUE,https://www.CLIENT_X.co.ke/c-f/XC000003591/what-kind-of-food-can-i-make-in-my-CLIENT_X-airfryer,Existing CM Trackers-Found,,,,,
agent-versuni.mindtouch.us,Performance cookies,MindTouch,HTTP Cookie,bench_new_T3_67301,,session,,https://www.CLIENT_X.co.ke/c-f/XC000021443/my-CLIENT_X-fan-makes-an-unusual-noise-when-oscillating,New Third Party Trackers,,,,,
CLIENT_X.co.ke,Performance cookies,CLIENT_X - Kenya,HTTP Cookie,bench_new_T3_68191,,,,,Existing CM Trackers-Not Found,,,,,
acsbapp.com,Performance cookies,accessiBe,JavaScript,bench_new_T3_68740,,,,,Existing CM Trackers-Not Found,,,,,
c.amazon-adsystem.com,Targeted Advertising cookies (including social media),Amazon Ads,JavaScript,bench_new_T3_67920,,,,,Existing CM Trackers-Not Found,,,,,
rrstatic.retailrocket.net,Performance Cookies [Requires consent],Retail Rocket LLC,JavaScript,-,,bench_update_duration,TRUE,https://www.CLIENT_X.co.ke/,Existing CM Trackers-Found,,,,,
CLIENT_X.co.ke,Performance cookies,CLIENT_X - Kenya,HTTP Cookie,_ga_failed_lookup_marker_42_460,,,,,Existing CM Trackers-Not Found,,,,,
dpm.demdex.net,Targeted Advertising cookies (including social media),"Adobe Audience Manager, Adobe Experience Cloud",HTTP Cookie,bench_new_T3_67501,,,,,Existing CM Trackers-Not Found,,,,,
www.patientcare.shop.CLIENT_X.co.in,Essential cookies (exempt from consent),CLIENT_X - India,HTTP Cookie,kampyleUserSessionsCount,,bench_update_duration,,https://www.CLIENT_X.co.ke/,New First Party Trackers,,,,,
linkedin.com,Targeted Advertising cookies (including social media),LinkedIn,HTTP Cookie,bench_new_T3_68512,,180,TRUE,https://www.CLIENT_X.co.ke/c-e/ho/homeid-app.html,Existing CM Trackers-Found,,,,,
region1.analytics.google.com,Performance cookies,Google Inc.,Beacon,bench_new_T3_67453,,,TRUE,https://www.CLIENT_X.co.ke/,Existing CM Trackers-Found,,,,,
linkedin.com,Targeted Advertising cookies (including social media),LinkedIn,HTTP Cookie,bench_new_T3_68035,,365,TRUE,https://www.CLIENT_X.co.ke/c-e/ho/homeid-app.html,Existing CM Trackers-Found,,,,,
www.lighting.CLIENT_X.com.eg,Essential cookies (exempt from consent),Signify (formerly CLIENT_X Lighting),HTTP Cookie,AWSELBCORS,,0,,https://www.CLIENT_X.co.ke/,New First Party Trackers,,,,,
s2.go-mpulse.net,Performance cookies,Akamai,JavaScript,_ga_failed_lookup_marker_42_467,,,,,Existing CM Trackers-Not Found,,,,,
agent-versuni.mindtouch.us,Performance cookies,MindTouch,HTTP Cookie,bench_new_T3_67541,,session,,https://www.CLIENT_X.co.ke/c-f/XC000021443/my-CLIENT_X-fan-makes-an-unusual-noise-when-oscillating,New Third Party Trackers,,,,,
tr.snapchat.com,Targeted Advertising cookies (including social media),Snap Inc.,Beacon,bench_new_T3_67732,,,TRUE,https://www.CLIENT_X.co.ke/c-e/ho/homeid-app.html,Existing CM Trackers-Found,,,,,
CLIENT_X.co.ke,Essential cookies,CLIENT_X - Kenya,HTTP Cookie,bench_new_T3_67282,,,,,Existing CM Trackers-Not Found,,,,,
eloqua.com,Targeted Advertising cookies (including social media),Oracle Marketing,HTTP Cookie,bench_new_T3_67833,,392,TRUE,https://www.CLIENT_X.co.ke/healthcare/sites/lumify-handheld-ultrasound/comparison-pop-up-new,Existing CM Trackers-Found,,,,,
CLIENT_X.co.ke,Essential cookies,CLIENT_X - Kenya,HTTP Cookie,bench_new_T3_68376,,,,,Existing CM Trackers-Not Found,,,,,
CLIENT_X.co.uk,Targeted Advertising cookies (including social media),CLIENT_X - United Kingdom,Local Storage,bench_new_T3_67617,,,,,Existing CM Trackers-Not Found,,,,,
linkedin.com,Targeted Advertising cookies (including social media),LinkedIn,HTTP Cookie,bench_new_T3_67637,,1,TRUE,https://www.CLIENT_X.co.ke/c-e/ho/homeid-app.html,Existing CM Trackers-Found,,,,,
lux.speedcurve.com,Performance cookies,Speedcurve,JavaScript,bench_new_T3_67685,,,,https://www.CLIENT_X.co.ke/healthcare/resources/landing/aed-back-to-the-rhythm,New Third Party Trackers,,,,,
CLIENT_X.be,Essential cookies (exempt from consent),CLIENT_X - Belgium,HTTP Cookie,_y2,,bench_update_duration,,https://www.CLIENT_X.co.ke/,Existing CM Trackers-Found,,,,,
static.hotjar.com,Performance cookies,Hotjar,ETag,_ga_failed_lookup_marker_42_477,,,,,Existing CM Trackers-Not Found,,,,,
company-target.com,Targeted Advertising cookies (including social media),"Demandbase, Inc.",HTTP Cookie,bench_new_T3_67736,,396,,https://www.CLIENT_X.co.ke/a-w/about,New Third Party Trackers,,,,,
static.cloud.coveo.com,Targeted Advertising cookies (including social media),Coveo Solutions Inc.,ETag,bench_new_T3_67203,,,,,Existing CM Trackers-Not Found,,,,,
www.google.ie,Targeted Advertising cookies (including social media),Google Inc.,Beacon,bench_new_T3_67859,,,TRUE,https://www.CLIENT_X.co.ke/,Existing CM Trackers-Found,,,,,
www.accounts.CLIENT_X.com,Essential cookies,Koninklijke CLIENT_X N.V.,JavaScript,bench_new_T3_67477,,,,,Existing CM Trackers-Not Found,,,,,
casalemedia.com,Targeted Advertising cookies (including social media),Index Exchange Inc.,HTTP Cookie,bench_new_T3_67559,,90,,https://www.CLIENT_X.co.ke/a-w/about,New Third Party Trackers,,,,,
smetrics.marketing.CLIENT_X-hue.com,Targeted Advertising cookies (including social media),CLIENT_X Hue,JavaScript,bench_new_T3_67906,,,,,Existing CM Trackers-Not Found,,,,,
raw.githubusercontent.com,Performance cookies,GitHub Inc.,ETag,bench_new_T3_67875,,,TRUE,https://www.CLIENT_X.co.ke/healthcare/support/distributors,Existing CM Trackers-Found,,,,,
nebula-cdn.kampyle.com,Performance cookies,Medallia,JavaScript,bench_new_T3_68112,,,TRUE,https://www.CLIENT_X.co.ke/,Existing CM Trackers-Found,,,,,
beacon.speedcurve.com,Performance cookies,Speedcurve,Beacon,bench_new_T3_68230,,,,https://www.CLIENT_X.co.ke/healthcare/resources/landing/aed-back-to-the-rhythm,New Third Party Trackers,,,,,
www.CLIENT_X.com,Essential cookies,Koninklijke CLIENT_X N.V.,JavaScript,bench_new_T3_68203,,,TRUE,https://www.CLIENT_X.co.ke/healthcare/product/HC866199,Existing CM Trackers-Found,,,,,
ssl-static.janraincapture.com,Performance cookies,Akamai,JavaScript,bench_new_T3_68094,,,,,Existing CM Trackers-Not Found,,,,,
px.ads.linkedin.com,Targeted Advertising cookies (including social media),LinkedIn,JavaScript,bench_new_T3_67723,,,TRUE,https://www.CLIENT_X.co.ke/healthcare/sites/lumify,Existing CM Trackers-Found,,,,,
koninklijkeCLIENT_Xnvproduction2k8xfrmr.org.coveo.com,Performance cookies,Coveo Solutions Inc.,Beacon,bench_new_T3_67442,,,,https://www.CLIENT_X.co.ke/a-w/about/news/all-news.html,New Third Party Trackers,,,,,
nebula-cdn.kampyle.com,Performance cookies,Medallia,JavaScript,bench_new_T3_67749,,,TRUE,https://www.CLIENT_X.co.ke/,Existing CM Trackers-Found,,,,,
www.google.ie,Targeted Advertising cookies (including social media),Google Inc.,Beacon,bench_new_T3_67413,,,TRUE,https://www.CLIENT_X.co.ke/,Existing CM Trackers-Found,,,,,
www.google.com,Targeted Advertising cookies (including social media),Google Inc.,JavaScript,bench_new_T3_68328,,,TRUE,https://www.CLIENT_X.co.ke/c-m-ac/household-accessories,Existing CM Trackers-Found,,,,,
www.gstatic.com,Performance cookies,Google Inc.,JavaScript,bench_new_T3_67334,,,TRUE,https://www.CLIENT_X.co.ke/c-m-ac/household-accessories,Existing CM Trackers-Found,,,,,
www.CLIENT_X.com.my,Essential cookies (exempt from consent),CLIENT_X - Malaysia,HTTP Cookie,user_country,,,TRUE,https://www.CLIENT_X.co.ke/c-w/support-home/support-contact-page,Existing CM Trackers-Found,,,,,
amazon-adsystem.com,Targeted Advertising cookies (including social media),Amazon Ads,HTTP Cookie,_ga_failed_lookup_marker_42_496,,,,,Existing CM Trackers-Not Found,,,,,
CLIENT_X.co.ke,Essential cookies,CLIENT_X - Kenya,HTTP Cookie,bench_new_T3_68406,,,,,Existing CM Trackers-Not Found,,,,,
CLIENT_X.co.ke,Performance cookies,CLIENT_X - Kenya,HTTP Cookie,bench_new_T3_68166,,,,,Existing CM Trackers-Not Found,,,,,
CLIENT_X.co.ke,Essential cookies,CLIENT_X - Kenya,HTTP Cookie,bench_new_T3_68637,,session,TRUE,https://www.CLIENT_X.co.ke/,Existing CM Trackers-Found,,,,,
CLIENT_X.co.ke,Performance cookies,CLIENT_X - Kenya,HTTP Cookie,bench_new_T3_67251,,,,,Existing CM Trackers-Not Found,,,,,
doubleclick.net,Targeted Advertising cookies (including social media),Google Advertising Products,HTTP Cookie,bench_new_T3_68205,,30,TRUE,https://www.CLIENT_X.co.ke/,Existing CM Trackers-Found,,,,,
koninklijkeCLIENT_Xnvproduction2k8xfrmr.org.coveo.com,Performance cookies,Coveo Solutions Inc.,Beacon,bench_new_T3_68266,,,,https://www.CLIENT_X.co.ke/a-w/about/news/all-news.html,New Third Party Trackers,,,,,
CLIENT_X.co.ke,Essential cookies,CLIENT_X - Kenya,HTTP Cookie,bench_new_T3_67929,,393,TRUE,https://www.CLIENT_X.co.ke/,Existing CM Trackers-Found,,,,,
CLIENT_X.co.ke,Essential cookies,CLIENT_X - Kenya,HTTP Cookie,bench_new_T3_67482,,,,,Existing CM Trackers-Not Found,,,,,
CLIENT_X.co.uk,Essential cookies (exempt from consent),CLIENT_X - United Kingdom,HTTP Cookie,_gid,,,,,Existing CM Trackers-Not Found,,,,,
youtube.com,Targeted Advertising cookies (including social media),Google Advertising Products,HTTP Cookie,bench_new_T3_67339,,session,TRUE,https://www.CLIENT_X.co.ke/c-m-mo/articles-bottle-feeding-health/sterilising-baby-feeding-equipment,Existing CM Trackers-Found,,,,,
pixel.rubiconproject.com,Targeted Advertising cookies (including social media),"Magnite, Inc.",Beacon,bench_new_T3_68420,,,,https://www.CLIENT_X.co.ke/a-w/about,New Third Party Trackers,,,,,
CLIENT_X.co.ke,Performance cookies,CLIENT_X - Kenya,HTTP Cookie,_ga_failed_lookup_marker_42_508,,,,,Existing CM Trackers-Not Found,,,,,
tr.snapchat.com,Targeted Advertising cookies (including social media),Snap Inc.,JavaScript,bench_new_T3_67547,,,TRUE,https://www.CLIENT_X.co.ke/c-e/ho/kitchen-appliances.html,Existing CM Trackers-Found,,,,,
*.fls.doubleclick.net,Targeted Advertising cookies (including social media),Google Advertising Products,Beacon,bench_new_T3_68733,,,,,Existing CM Trackers-Not Found,,,,,
www.lighting.CLIENT_X.co.ke,Essential cookies,Signify (formerly CLIENT_X Lighting),HTTP Cookie,bench_new_T3_68326,,,,,Existing CM Trackers-Not Found,,,,,
www.CLIENT_X.co.ke,Essential cookies,CLIENT_X - Kenya,HTTP Cookie,bench_new_T3_67820,,1,,https://www.CLIENT_X.co.ke/,New First Party Trackers,,,,,
script.hotjar.com,Targeted Advertising cookies (including social media),Hotjar,JavaScript,_ga_failed_lookup_marker_42_513,,,,,Existing CM Trackers-Not Found,,,,,
img.en25.com,Performance cookies,Oracle Marketing,JavaScript,bench_new_T3_67860,,,,https://www.CLIENT_X.co.ke/healthcare/sites/lumify,New Third Party Trackers,,,,,
static.cloud.coveo.com,Targeted Advertising cookies (including social media),Coveo Solutions Inc.,JavaScript,bench_new_T3_68341,,,,,Existing CM Trackers-Not Found,,,,,
www.CLIENT_X.co.ke,Essential cookies,CLIENT_X - Kenya,ETag,bench_new_T3_67819,,,TRUE,https://www.CLIENT_X.co.ke/,Existing CM Trackers-Found,,,,,
agent-versuni.mindtouch.us,Performance cookies,MindTouch,Beacon,bench_new_T3_67643,,,,https://www.CLIENT_X.co.ke/c-f/XC000021443/my-CLIENT_X-fan-makes-an-unusual-noise-when-oscillating,New Third Party Trackers,,,,,
www.googletagmanager.com,Performance cookies,Google Inc.,Beacon,bench_new_T3_67674,,,TRUE,https://www.CLIENT_X.co.ke/c-m-ho/food-preparation/chopper,Existing CM Trackers-Found,,,,,
CLIENT_X.co.ke,Essential cookies,CLIENT_X - Kenya,HTTP Cookie,bench_new_T3_67360,,,,,Existing CM Trackers-Not Found,,,,,
CLIENT_X.co.ke,Essential cookies,CLIENT_X - Kenya,HTTP Cookie,bench_new_T3_67481,,,,,Existing CM Trackers-Not Found,,,,,
www.googleadservices.com,Targeted Advertising cookies (including social media),Google Advertising Products,ETag,_ga_failed_lookup_marker_42_521,,,,,Existing CM Trackers-Not Found,,,,,
assets.kampyle.com,Performance cookies,Medallia,ETag,bench_new_T3_67655,,,TRUE,https://www.CLIENT_X.co.ke/a-w/about,Existing CM Trackers-Found,,,,,
*.t.eloqua.com,Targeted Advertising cookies (including social media),Oracle Marketing,Beacon,bench_new_T3_68568,,,,https://www.CLIENT_X.co.ke/healthcare/sites/lumify,Existing CM Trackers-Found,,,,,
youtube.com,Targeted Advertising cookies (including social media),Google Advertising Products,HTTP Cookie,bench_new_T3_68684,,session,TRUE,https://www.CLIENT_X.co.ke/c-m-mo/articles-bottle-feeding-health/sterilising-baby-feeding-equipment,Existing CM Trackers-Found,,,,,
www.CLIENT_X.co.ke,Essential cookies,CLIENT_X - Kenya,HTTP Cookie,bench_new_T3_68292,,0,,https://www.CLIENT_X.co.ke/,New First Party Trackers,,,,,
www.CLIENT_X.co.ke,Performance cookies,CLIENT_X - Kenya,HTTP Cookie,bench_new_T3_68009,,session,TRUE,https://www.CLIENT_X.co.ke/,Existing CM Trackers-Found,,,,,
*.akstat.io,Performance cookies,Akamai,Beacon,bench_new_T3_67399,,,,,Existing CM Trackers-Not Found,,,,,
casalemedia.com,Targeted Advertising cookies (including social media),Index Exchange Inc.,HTTP Cookie,bench_new_T3_67728,,90,,https://www.CLIENT_X.co.ke/a-w/about,New Third Party Trackers,,,,,
www.documents.CLIENT_X.com,Targeted Advertising cookies (including social media),Koninklijke CLIENT_X N.V.,ETag,bench_new_T3_67898,,,,https://www.CLIENT_X.co.ke/healthcare/procedure/early-warning-scoring,New Third Party Trackers,,,,,
tag-logger.demandbase.com,Targeted Advertising cookies (including social media),"Demandbase, Inc.",ETag,bench_new_T3_68575,,,,https://www.CLIENT_X.co.ke/healthcare/sites/lumify,New Third Party Trackers,,,,,
www.gstatic.com,Performance cookies,Google Inc.,JavaScript,bench_new_T3_68238,,,TRUE,https://www.CLIENT_X.co.ke/c-m-ac/household-accessories,Existing CM Trackers-Found,,,,,
www.CLIENT_X.co.ke,Essential cookies,CLIENT_X - Kenya,HTTP Cookie,bench_new_T3_68138,,,,,Existing CM Trackers-Not Found,,,,,
tr.snapchat.com,Targeted Advertising cookies (including social media),Snap Inc.,Beacon,bench_new_T3_67647,,,TRUE,https://www.CLIENT_X.co.ke/c-e/ho/homeid-app.html,Existing CM Trackers-Found,,,,,
www.google.ie,Targeted Advertising cookies (including social media),Google Inc.,Beacon,bench_new_T3_68470,,,TRUE,https://www.CLIENT_X.co.ke/,Existing CM Trackers-Found,,,,,
versuni.scene7.com,Performance cookies,Adobe Experience Cloud - Experience Manager,JavaScript,bench_new_T3_67383,,,TRUE,https://www.CLIENT_X.co.ke/c-f/XC000021994/how-to-clean-the-dust-bucket-and-filter-of-my-CLIENT_X-1000-series-bagless-vacuum-cleaner,Existing CM Trackers-Found,,,,,
acsbapp.com,Performance cookies,accessiBe,ETag,bench_new_T3_68475,,,,,Existing CM Trackers-Not Found,,,,,
CLIENT_X.co.ke,Essential cookies,CLIENT_X - Kenya,HTTP Cookie,_ga_failed_lookup_marker_42_537,,,,,Existing CM Trackers-Not Found,,,,,
consent-pref.trustarc.com,Essential cookies (exempt from consent),TrustArc,JavaScript,-,,,TRUE,https://www.CLIENT_X.co.ke/healthcare/product/HC866199,Existing CM Trackers-Found,,,,,
www.CLIENT_X.co.ke,Performance cookies,CLIENT_X - Kenya,HTTP Cookie,bench_new_T3_67210,,,,,Existing CM Trackers-Not Found,,,,,
CLIENT_X.co.ke,Targeted Advertising cookies (including social media),CLIENT_X - Kenya,HTTP Cookie,bench_new_T3_67649,,,,,Existing CM Trackers-Not Found,,,,,
CLIENT_X.co.ke,Essential cookies,CLIENT_X - Kenya,HTTP Cookie,bench_new_T3_67824,,60,TRUE,https://www.CLIENT_X.co.ke/,Existing CM Trackers-Found,,,,,
consent-st.trustarc.com,Essential cookies,TrustArc,JavaScript,bench_new_T3_68319,,,,https://www.CLIENT_X.co.ke/healthcare/product/HC866199,New Third Party Trackers,,,,,
www.CLIENT_X.co.ke,Essential cookies,CLIENT_X - Kenya,HTTP Cookie,_ga_failed_lookup_marker_42_543,,7,,https://www.CLIENT_X.co.ke/,New First Party Trackers,,,,,
CLIENT_X.co.ke,Essential cookies,CLIENT_X - Kenya,HTTP Cookie,bench_new_T3_68195,,0,TRUE,https://www.CLIENT_X.co.ke/,Existing CM Trackers-Found,,,,,
www.googletagmanager.com,Performance cookies,Google Inc.,Beacon,bench_new_T3_67237,,,TRUE,https://www.CLIENT_X.co.ke/c-m-ho/food-preparation/chopper,Existing CM Trackers-Found,,,,,
www.googletagmanager.com,Performance cookies,Google Inc.,JavaScript,bench_new_T3_68213,,,TRUE,https://www.CLIENT_X.co.ke/,Existing CM Trackers-Found,,,,,
CLIENT_X.com,Essential cookies,Koninklijke CLIENT_X N.V.,HTTP Cookie,bench_new_T3_68361,,,,,Existing CM Trackers-Not Found,,,,,
www.CLIENT_X.co.ke,Essential cookies,CLIENT_X - Kenya,ETag,bench_new_T3_67695,,,TRUE,https://www.CLIENT_X.co.ke/,Existing CM Trackers-Found,,,,,
www.heartstream.com,Targeted Advertising cookies (including social media),Heartstream,Beacon,bench_new_T3_67346,,,,https://www.CLIENT_X.co.ke/healthcare/product/HC989706000051,New Third Party Trackers,,,,,
decibelinsight.net,Performance cookies,Medallia,HTTP Cookie,bench_new_T3_68633,,,,,Existing CM Trackers-Not Found,,,,,
www.accounts.CLIENT_X.com,Essential cookies,Koninklijke CLIENT_X N.V.,ETag,bench_new_T3_67724,,,,,Existing CM Trackers-Not Found,,,,,
youtube.com,Targeted Advertising cookies (including social media),Google Advertising Products,HTTP Cookie,bench_new_T3_67684,,session,TRUE,https://www.CLIENT_X.co.ke/c-m-mo/articles-bottle-feeding-health/sterilising-baby-feeding-equipment,Existing CM Trackers-Found,,,,,
CLIENT_X.co.ke,Essential cookies,CLIENT_X - Kenya,HTTP Cookie,bench_new_T3_68088,,,,,Existing CM Trackers-Not Found,,,,,
CLIENT_X.co.ke,Essential cookies,CLIENT_X - Kenya,HTTP Cookie,bench_new_T3_67847,,,,,Existing CM Trackers-Not Found,,,,,
www.google.com,Essential cookies,Google Inc.,HTTP Cookie,bench_new_T3_68233,,180,TRUE,https://www.CLIENT_X.co.ke/c-m-ac/household-accessories,Existing CM Trackers-Found,,,,,
ad.doubleclick.net,Targeted Advertising cookies (including social media),Google Advertising Products,Beacon,bench_new_T3_68106,,,TRUE,https://www.CLIENT_X.co.ke/,Existing CM Trackers-Found,,,,,
www.CLIENT_X.co.za,Essential cookies (exempt from consent),CLIENT_X - South Africa,HTTP Cookie,user_country,,bench_update_duration,,,Existing CM Trackers-Not Found,,,,,
www.reparatur-service.CLIENT_X.de,Essential cookies (exempt from consent),CLIENT_X - Germany,JavaScript,blank (java),,bench_update_duration,,https://www.CLIENT_X.co.ke/c-f/XC000021443/my-CLIENT_X-fan-makes-an-unusual-noise-when-oscillating,New Third Party Trackers,,,,,
w.usabilla.com,Performance cookies,GetFeedback,JavaScript,bench_new_T3_67965,,,,,Existing CM Trackers-Not Found,,,,,
sc-static.net,Targeted Advertising cookies (including social media),Snap Inc.,ETag,bench_new_T3_68157,,,TRUE,https://www.CLIENT_X.co.ke/c-e/ho/kitchen-appliances.html,Existing CM Trackers-Found,,,,,
googleads.g.doubleclick.net,Targeted Advertising cookies (including social media),Google Advertising Products,Beacon,_ga_failed_lookup_marker_42_561,,,TRUE,https://www.CLIENT_X.co.ke/,Existing CM Trackers-Found,,,,,
www.CLIENT_X.com,Essential cookies,Koninklijke CLIENT_X N.V.,ETag,bench_new_T3_67990,,,TRUE,https://www.CLIENT_X.co.ke/a-w/about/news/all-news.html,Existing CM Trackers-Found,,,,,
CLIENT_X.co.ke,Targeted Advertising cookies (including social media),CLIENT_X - Kenya,HTTP Cookie,_ga_failed_lookup_marker_42_563,,,,,Existing CM Trackers-Not Found,,,,,
www.CLIENT_X.co.ke,Essential cookies,CLIENT_X - Kenya,HTTP Cookie,bench_new_T3_68103,,365,TRUE,https://www.CLIENT_X.co.ke/,Existing CM Trackers-Found,,,,,
CLIENT_X.co.ke,Essential cookies,CLIENT_X - Kenya,HTTP Cookie,bench_new_T3_67792,,0,TRUE,https://www.CLIENT_X.co.ke/,Existing CM Trackers-Found,,,,,
dpm.demdex.net,Targeted Advertising cookies (including social media),"Adobe Audience Manager, Adobe Experience Cloud",HTTP Cookie,bench_new_T3_68635,,,,,Existing CM Trackers-Not Found,,,,,
www.CLIENT_X.co.ke,Essential cookies,CLIENT_X - Kenya,HTTP Cookie,_ga_failed_lookup_marker_42_567,,,,,Existing CM Trackers-Not Found,,,,,
CLIENT_X.co.ke,Targeted Advertising cookies (including social media),CLIENT_X - Kenya,HTTP Cookie,bench_new_T3_67284,,7,TRUE,https://www.CLIENT_X.co.ke/,Existing CM Trackers-Found,,,,,
CLIENT_X.co.ke,Essential cookies,CLIENT_X - Kenya,HTTP Cookie,bench_new_T3_68421,,,,https://www.CLIENT_X.co.ke/,Existing CM Trackers-Found,,,,,
CLIENT_Xb2c.my.site.com,Performance cookies,"Salesforce.com, Inc.",ETag,bench_new_T3_68211,,,TRUE,https://www.CLIENT_X.co.ke/c-w/support-home/support-contact-page,Existing CM Trackers-Found,,,,,
CLIENT_X.co.ke,Essential cookies,CLIENT_X - Kenya,HTTP Cookie,bench_new_T3_67558,,0,TRUE,https://www.CLIENT_X.co.ke/,Existing CM Trackers-Found,,,,,
assets.kampyle.com,Performance cookies,Medallia,ETag,bench_new_T3_67311,,,TRUE,https://www.CLIENT_X.co.ke/a-w/about,Existing CM Trackers-Found,,,,,
www.CLIENT_X.co.ke,Essential cookies,CLIENT_X - Kenya,HTTP Cookie,bench_new_T3_67410,,1,,https://www.CLIENT_X.co.ke/,New First Party Trackers,,,,,
cdn.mouseflow.com,Performance cookies,Mouseflow,ETag,bench_new_T3_67401,,,,https://www.CLIENT_X.co.ke/c-e/pe/mens-grooming-welcome.html,New Third Party Trackers,,,,,
www.CLIENT_X.co.ke,Essential cookies,CLIENT_X - Kenya,HTTP Cookie,bench_new_T3_67791,,,,,Existing CM Trackers-Not Found,,,,,
CLIENT_X.co.ke,Essential cookies,CLIENT_X - Kenya,HTTP Cookie,bench_new_T3_68383,,400,TRUE,https://www.CLIENT_X.co.ke/,Existing CM Trackers-Found,,,,,
CLIENT_X.co.ke,Performance cookies,CLIENT_X - Kenya,HTTP Cookie,_ga_failed_lookup_marker_42_577,,session,TRUE,https://www.CLIENT_X.co.ke/,Existing CM Trackers-Found,,,,,
CLIENT_X.co.ke,Essential cookies,CLIENT_X - Kenya,HTTP Cookie,bench_new_T3_67552,,60,TRUE,https://www.CLIENT_X.co.ke/,Existing CM Trackers-Found,,,,,
www.CLIENT_X.co.ke,Performance cookies,CLIENT_X - Kenya,HTTP Cookie,bench_new_T3_68042,,,,,Existing CM Trackers-Not Found,,,,,
acsbapp.com,Performance cookies,accessiBe,JavaScript,bench_new_T3_67856,,,,,Existing CM Trackers-Not Found,,,,,
CLIENT_X.co.ke,Essential cookies,CLIENT_X - Kenya,HTTP Cookie,bench_new_T3_68521,,,,,Existing CM Trackers-Not Found,,,,,
script.hotjar.com,Targeted Advertising cookies (including social media),Hotjar,JavaScript,bench_new_T3_67535,,,,,Existing CM Trackers-Not Found,,,,,
CLIENT_X.co.ke,Essential cookies,CLIENT_X - Kenya,HTTP Cookie,bench_new_T3_68249,,session,TRUE,https://www.CLIENT_X.co.ke/,Existing CM Trackers-Found,,,,,
www.CLIENT_X.cz,Essential cookies (exempt from consent),CLIENT_X - Czech Republic,HTTP Cookie,RT,,bench_update_duration,,,Existing CM Trackers-Not Found,,,,,
images.CLIENT_X.com,Essential cookies,Koninklijke CLIENT_X N.V.,ETag,bench_new_T3_68013,,,TRUE,https://www.CLIENT_X.co.ke/c-p/BHH880_00/stylecare-essential-heated-straightening-brush,Existing CM Trackers-Found,,,,,
www.CLIENT_X.co.ke,Essential cookies,CLIENT_X - Kenya,HTTP Cookie,bench_new_T3_68571,,,,,Existing CM Trackers-Not Found,,,,,
CLIENT_X.co.ke,Essential cookies,CLIENT_X - Kenya,HTTP Cookie,bench_new_T3_67233,,90,TRUE,https://www.CLIENT_X.co.ke/,Existing CM Trackers-Found,,,,,
CLIENT_X.co.uk,Targeted Advertising cookies (including social media),CLIENT_X - United Kingdom,Local Storage,bench_new_T3_67624,,,,,Existing CM Trackers-Not Found,,,,,
assets.kampyle.com,Performance cookies,Medallia,ETag,bench_new_T3_68520,,,TRUE,https://www.CLIENT_X.co.ke/a-w/about,Existing CM Trackers-Found,,,,,
CLIENT_Xb2c.my.site.com,Performance cookies,"Salesforce.com, Inc.",Local Storage,bench_new_T3_68000,,,TRUE,https://www.CLIENT_X.co.ke/c-w/support-home/support-contact-page,Existing CM Trackers-Found,,,,,
ssl-static.janraincapture.com,Performance cookies,Akamai,JavaScript,bench_new_T3_67258,,,,,Existing CM Trackers-Not Found,,,,,
CLIENT_Xb2c.my.site.com,Performance cookies,"Salesforce.com, Inc.",Beacon,bench_new_T3_68587,,,TRUE,https://www.CLIENT_X.co.ke/c-w/support-home/support-contact-page,Existing CM Trackers-Found,,,,,
*.cloudfront.net,Performance cookies,Amazon (Cloudfront),ETag,bench_new_T3_67989,,,,,Existing CM Trackers-Not Found,,,,,
www.CLIENT_X.co.ke,Essential cookies,CLIENT_X - Kenya,HTTP Cookie,bench_new_T3_68387,,365,TRUE,https://www.CLIENT_X.co.ke/,Existing CM Trackers-Found,,,,,
CLIENT_X.co.ke,Essential cookies,CLIENT_X - Kenya,HTTP Cookie,bench_new_T3_68491,,,,,Existing CM Trackers-Not Found,,,,,
www.google.com,Essential cookies,Google Inc.,HTTP Cookie,_ga_failed_lookup_marker_42_596,,180,TRUE,https://www.CLIENT_X.co.ke/c-m-ac/household-accessories,Existing CM Trackers-Found,,,,,
CLIENT_X.co.ke,Essential cookies,CLIENT_X - Kenya,HTTP Cookie,bench_new_T3_68601,,0,TRUE,https://www.CLIENT_X.co.ke/,Existing CM Trackers-Found,,,,,
adservice.google.com,Targeted Advertising cookies (including social media),Google Advertising Products,Beacon,bench_new_T3_68590,,,TRUE,https://www.CLIENT_X.co.ke/,Existing CM Trackers-Found,,,,,
CLIENT_X.112.2o7.net,Performance cookies,"Adobe Audience Manager, Adobe Experience Cloud",Beacon,bench_new_T3_68182,,,TRUE,https://www.CLIENT_X.co.ke/,Existing CM Trackers-Found,,,,,
CLIENT_X.co.ke,Essential cookies,CLIENT_X - Kenya,HTTP Cookie,bench_new_T3_68770,,,,,Existing CM Trackers-Not Found,,,,,
www.googleadservices.com,Targeted Advertising cookies (including social media),Google Advertising Products,ETag,bench_new_T3_67493,,,,,Existing CM Trackers-Not Found,,,,,
demdex.net,Targeted Advertising cookies (including social media),"Adobe Audience Manager, Adobe Experience Cloud",HTTP Cookie,bench_new_T3_68514,,,,,Existing CM Trackers-Not Found,,,,,
www.CLIENT_X.co.ke,Essential cookies,CLIENT_X - Kenya,HTTP Cookie,_ga_failed_lookup_marker_42_603,,365,TRUE,https://www.CLIENT_X.co.ke/,Existing CM Trackers-Found,,,,,
CLIENT_X.112.2o7.net,Performance cookies,"Adobe Audience Manager, Adobe Experience Cloud",Beacon,bench_new_T3_68064,,,TRUE,https://www.CLIENT_X.co.ke/,Existing CM Trackers-Found,,,,,
w.usabilla.com,Performance cookies,GetFeedback,JavaScript,bench_new_T3_67223,,,,,Existing CM Trackers-Not Found,,,,,
sc-static.net,Targeted Advertising cookies (including social media),Snap Inc.,HTTP Cookie,bench_new_T3_67484,,1,TRUE,https://www.CLIENT_X.co.ke/c-e/ho/homeid-app.html,Existing CM Trackers-Found,,,,,
nebula-cdn.kampyle.com,Performance cookies,Medallia,ETag,bench_new_T3_68280,,,TRUE,https://www.CLIENT_X.co.ke/,Existing CM Trackers-Found,,,,,
CLIENT_X.co.ke,Performance cookies,CLIENT_X - Kenya,HTTP Cookie,bench_new_T3_67572,,,,,Existing CM Trackers-Not Found,,,,,
www.CLIENT_X.co.uk,Essential cookies (exempt from consent),CLIENT_X - United Kingdom,HTTP Cookie,mdLogger,,bench_update_duration,TRUE,https://www.CLIENT_X.co.ke/,Existing CM Trackers-Found,,,,,
CLIENT_X.co.ke,Essential cookies,CLIENT_X - Kenya,HTTP Cookie,bench_new_T3_68756,,400,TRUE,https://www.CLIENT_X.co.ke/,Existing CM Trackers-Found,,,,,
CLIENT_X.co.ke,Essential cookies,CLIENT_X - Kenya,HTTP Cookie,bench_new_T3_67209,,,,,Existing CM Trackers-Not Found,,,,,
c.amazon-adsystem.com,Targeted Advertising cookies (including social media),Amazon Ads,ETag,_ga_failed_lookup_marker_42_612,,,,,Existing CM Trackers-Not Found,,,,,
stats.g.doubleclick.net,Targeted Advertising cookies (including social media),Google Advertising Products,Beacon,bench_new_T3_67423,,,TRUE,https://www.CLIENT_X.co.ke/,Existing CM Trackers-Found,,,,,
www.lighting.CLIENT_X.co.ke,Essential cookies,Signify (formerly CLIENT_X Lighting),HTTP Cookie,bench_new_T3_68626,,,,,Existing CM Trackers-Not Found,,,,,
CLIENT_X.co.ke,Essential cookies,CLIENT_X - Kenya,HTTP Cookie,bench_new_T3_67448,,400,TRUE,https://www.CLIENT_X.co.ke/,Existing CM Trackers-Found,,,,,
CLIENT_Xlighting.d3.sc.omtrdc.net,Performance Cookies [Requires consent],Adobe Experience Cloud - Analytics,JavaScript,-,,,,,Existing CM Trackers-Not Found,,,,,
CLIENT_X.co.ke,Essential cookies,CLIENT_X - Kenya,HTTP Cookie,bench_new_T3_67693,,0,TRUE,https://www.CLIENT_X.co.ke/,Existing CM Trackers-Found,,,,,
CLIENT_Xb2c.my.site.com,Performance cookies,"Salesforce.com, Inc.",Beacon,bench_new_T3_68178,,,TRUE,https://www.CLIENT_X.co.ke/c-w/support-home/support-contact-page,Existing CM Trackers-Found,,,,,
lighting.CLIENT_X.co.ke,Essential cookies,Signify (formerly CLIENT_X Lighting),HTTP Cookie,bench_new_T3_68757,,,,,Existing CM Trackers-Not Found,,,,,
CLIENT_X.at,Essential cookies (exempt from consent),CLIENT_X - Austria,HTTP Cookie,FPLC,,bench_update_duration,TRUE,https://www.CLIENT_X.co.ke/c-m-mo/articles-bottle-feeding-health/sterilising-baby-feeding-equipment,Existing CM Trackers-Found,,,,,
consent.trustarc.com,Essential cookies,TrustArc,JavaScript,bench_new_T3_68001,,,TRUE,https://www.CLIENT_X.co.ke/,Existing CM Trackers-Found,,,,,
CLIENT_Xb2c.my.salesforce-scrt.com,Performance cookies,"Salesforce.com, Inc.",Beacon,bench_new_T3_68340,,,,https://www.CLIENT_X.co.ke/c-w/support-home/support-contact-page,New Third Party Trackers,,,,,
www.google.ie,Targeted Advertising cookies (including social media),Google Inc.,Beacon,bench_new_T3_67889,,,TRUE,https://www.CLIENT_X.co.ke/,Existing CM Trackers-Found,,,,,
CLIENT_X.co.ke,Essential cookies,CLIENT_X - Kenya,HTTP Cookie,bench_new_T3_67717,,60,TRUE,https://www.CLIENT_X.co.ke/,Existing CM Trackers-Found,,,,,
www.careers.CLIENT_X.com.cn,Essential cookies (exempt from consent),CLIENT_X - China,Local Storage,blank (local storage),,,,,Existing CM Trackers-Not Found,,,,,
dsum-sec.casalemedia.com,Targeted Advertising cookies (including social media),Index Exchange Inc.,Beacon,bench_new_T3_68268,,,,https://www.CLIENT_X.co.ke/a-w/about,New Third Party Trackers,,,,,
company-target.com,Targeted Advertising cookies (including social media),"Demandbase, Inc.",HTTP Cookie,bench_new_T3_67403,,396,,https://www.CLIENT_X.co.ke/a-w/about,New Third Party Trackers,,,,,
*.akstat.io,Performance cookies,Akamai,Beacon,_ga_failed_lookup_marker_42_628,,,,,Existing CM Trackers-Not Found,,,,,
tr.snapchat.com,Targeted Advertising cookies (including social media),Snap Inc.,JavaScript,bench_new_T3_67315,,,TRUE,https://www.CLIENT_X.co.ke/c-e/ho/kitchen-appliances.html,Existing CM Trackers-Found,,,,,
analytics-fe.digital-cloud-us-main.medallia.com,Performance cookies,Medallia,Beacon,bench_new_T3_67733,,,,https://www.CLIENT_X.co.ke/a-w/about,New Third Party Trackers,,,,,
assets.adobedtm.com,Performance cookies,Adobe Inc.,ETag,bench_new_T3_68765,,,,,Existing CM Trackers-Not Found,,,,,
CLIENT_X.co.ke,Targeted Advertising cookies (including social media),CLIENT_X - Kenya,HTTP Cookie,bench_new_T3_67574,,7,TRUE,https://www.CLIENT_X.co.ke/,Existing CM Trackers-Found,,,,,
www.CLIENT_X.it,Essential cookies (exempt from consent),CLIENT_X - Italy,HTTP Cookie,kampyleUserSession,,bench_update_duration,,https://www.CLIENT_X.co.ke/,New First Party Trackers,,,,,
www.CLIENT_X.com.mx,Essential cookies (exempt from consent),CLIENT_X - Mexico,HTTP Cookie,kampyleSessionPageCounter,,,TRUE,https://www.CLIENT_X.co.ke/c-e/ho/homeid-app.html,Existing CM Trackers-Found,,,,,
CLIENT_X.112.2o7.net,Performance cookies,"Adobe Audience Manager, Adobe Experience Cloud",Beacon,bench_new_T3_68201,,,TRUE,https://www.CLIENT_X.co.ke/,Existing CM Trackers-Found,,,,,
www.CLIENT_X.ch,Essential cookies (exempt from consent),CLIENT_X - Switzerland,HTTP Cookie,CH_Pub-cartstatus-com,,bench_update_duration,,https://www.CLIENT_X.co.ke/a-w/about/news/all-news.html,New Third Party Trackers,,,,,
www.CLIENT_X.co.ke,Essential cookies,CLIENT_X - Kenya,HTTP Cookie,bench_new_T3_68285,,1,,https://www.CLIENT_X.co.ke/,New First Party Trackers,,,,,
CLIENT_X.co.ke,Essential cookies,CLIENT_X - Kenya,HTTP Cookie,bench_new_T3_68562,,session,TRUE,https://www.CLIENT_X.co.ke/,Existing CM Trackers-Found,,,,,
CLIENT_X.co.ke,Essential cookies,CLIENT_X - Kenya,HTTP Cookie,_ga_failed_lookup_marker_42_639,,400,TRUE,https://www.CLIENT_X.co.ke/,Existing CM Trackers-Found,,,,,
d2mjzob2nc713b.cloudfront.net,Performance Cookies [Requires consent],Amazon (Cloudfront),ETag,-,,,,,Existing CM Trackers-Not Found,,,,,
www.CLIENT_X.co.ke,Essential cookies,CLIENT_X - Kenya,HTTP Cookie,bench_new_T3_68046,,session,TRUE,https://www.CLIENT_X.co.ke/,Existing CM Trackers-Found,,,,,
CLIENT_X.co.ke,Targeted Advertising cookies (including social media),CLIENT_X - Kenya,HTTP Cookie,bench_new_T3_68052,,,,,Existing CM Trackers-Not Found,,,,,
dsum-sec.casalemedia.com,Targeted Advertising cookies (including social media),Index Exchange Inc.,Beacon,_ga_failed_lookup_marker_42_643,,,,https://www.CLIENT_X.co.ke/a-w/about,New Third Party Trackers,,,,,
www.accounts.CLIENT_X.com,Essential cookies,Koninklijke CLIENT_X N.V.,ETag,bench_new_T3_67939,,,,,Existing CM Trackers-Not Found,,,,,
images.CLIENT_X.com,Essential cookies,Koninklijke CLIENT_X N.V.,JavaScript,bench_new_T3_67609,,,TRUE,https://www.CLIENT_X.co.ke/c-f/XC000003591/what-kind-of-food-can-i-make-in-my-CLIENT_X-airfryer,Existing CM Trackers-Found,,,,,
CLIENT_X.co.ke,Essential cookies,CLIENT_X - Kenya,HTTP Cookie,bench_new_T3_68519,,session,TRUE,https://www.CLIENT_X.co.ke/,Existing CM Trackers-Found,,,,,
cdn.decibelinsight.net,Targeted Advertising cookies (including social media),Medallia,JavaScript,bench_new_T3_67425,,,,,Existing CM Trackers-Not Found,,,,,
CLIENT_X.co.ke,Performance cookies,CLIENT_X - Kenya,HTTP Cookie,bench_new_T3_67836,,,,,Existing CM Trackers-Not Found,,,,,
www.googletagmanager.com,Performance cookies,Google Inc.,JavaScript,bench_new_T3_67232,,,TRUE,https://www.CLIENT_X.co.ke/,Existing CM Trackers-Found,,,,,
www.lighting.CLIENT_X.co.ke,Essential cookies,Signify (formerly CLIENT_X Lighting),JavaScript,_ga_failed_lookup_marker_42_650,,,,,Existing CM Trackers-Not Found,,,,,
www.CLIENT_X.co.kr,Essential cookies (exempt from consent),CLIENT_X - Korea,HTTP Cookie,kampylePageLoadedTimestamp,,bench_update_duration,TRUE,https://www.CLIENT_X.co.ke/,Existing CM Trackers-Found,,,,,
www.lighting.CLIENT_X.sa,Essential cookies (exempt from consent),Signify (formerly CLIENT_X Lighting),HTTP Cookie,customer_country,,30,TRUE,https://www.CLIENT_X.co.ke/,Existing CM Trackers-Found,,,,,
CLIENT_X.co.ke,Targeted Advertising cookies (including social media),CLIENT_X - Kenya,HTTP Cookie,bench_new_T3_68493,,,,,Existing CM Trackers-Not Found,,,,,
www.googletagmanager.com,Performance cookies,Google Inc.,Beacon,bench_new_T3_68099,,,TRUE,https://www.CLIENT_X.co.ke/c-m-ho/food-preparation/chopper,Existing CM Trackers-Found,,,,,
www.CLIENT_X.com.hk,Essential cookies (exempt from consent),CLIENT_X - Hong Kong,HTTP Cookie,kampyleUserSessionsCount,,,,,Existing CM Trackers-Not Found,,,,,
beacon.speedcurve.com,Performance cookies,Speedcurve,Beacon,bench_new_T3_68197,,,,https://www.CLIENT_X.co.ke/healthcare/resources/landing/aed-back-to-the-rhythm,New Third Party Trackers,,,,,
eloqua.com,Targeted Advertising cookies (including social media),Oracle Marketing,HTTP Cookie,bench_new_T3_67299,,392,TRUE,https://www.CLIENT_X.co.ke/healthcare/sites/lumify-handheld-ultrasound/comparison-pop-up-new,Existing CM Trackers-Found,,,,,
www.lighting.CLIENT_X.co.ke,Essential cookies,Signify (formerly CLIENT_X Lighting),ETag,_ga_failed_lookup_marker_42_658,,,,,Existing CM Trackers-Not Found,,,,,
CLIENT_Xb2c.my.site.com,Performance cookies,"Salesforce.com, Inc.",ETag,bench_new_T3_68542,,,TRUE,https://www.CLIENT_X.co.ke/c-w/support-home/support-contact-page,Existing CM Trackers-Found,,,,,
tr.snapchat.com,Targeted Advertising cookies (including social media),Snap Inc.,JavaScript,bench_new_T3_67658,,,TRUE,https://www.CLIENT_X.co.ke/c-e/ho/kitchen-appliances.html,Existing CM Trackers-Found,,,,,
CLIENT_X.co.ke,Essential cookies,CLIENT_X - Kenya,HTTP Cookie,_ga_failed_lookup_marker_42_661,,400,TRUE,https://www.CLIENT_X.co.ke/,Existing CM Trackers-Found,,,,,
www.CLIENT_X.co.ke,Essential cookies,CLIENT_X - Kenya,HTTP Cookie,bench_new_T3_68220,,,,,Existing CM Trackers-Not Found,,,,,
raw.githubusercontent.com,Performance cookies,GitHub Inc.,ETag,bench_new_T3_67800,,,TRUE,https://www.CLIENT_X.co.ke/healthcare/support/distributors,Existing CM Trackers-Found,,,,,
agent-versuni.mindtouch.us,Performance cookies,MindTouch,Beacon,bench_new_T3_68482,,,,https://www.CLIENT_X.co.ke/c-f/XC000021443/my-CLIENT_X-fan-makes-an-unusual-noise-when-oscillating,New Third Party Trackers,,,,,
sc-static.net,Targeted Advertising cookies (including social media),Snap Inc.,ETag,bench_new_T3_67644,,,TRUE,https://www.CLIENT_X.co.ke/c-e/ho/kitchen-appliances.html,Existing CM Trackers-Found,,,,,
amazon-adsystem.com,Targeted Advertising cookies (including social media),Amazon Ads,HTTP Cookie,bench_new_T3_68463,,,,,Existing CM Trackers-Not Found,,,,,
www.CLIENT_X.co.th,Essential cookies (exempt from consent),CLIENT_X - Thailand,Local Storage,blank (local storage),,session,TRUE,https://www.CLIENT_X.co.ke/c-m-mo/articles-bottle-feeding-health/sterilising-baby-feeding-equipment,Existing CM Trackers-Found,,,,,
www.CLIENT_X.co.ke,Essential cookies,CLIENT_X - Kenya,HTTP Cookie,bench_new_T3_68641,,365,TRUE,https://www.CLIENT_X.co.ke/,Existing CM Trackers-Found,,,,,
doubleclick.net,Targeted Advertising cookies (including social media),Google Advertising Products,HTTP Cookie,bench_new_T3_68783,,390,TRUE,https://www.CLIENT_X.co.ke/,Existing CM Trackers-Found,,,,,
CLIENT_X.112.2o7.net,Performance cookies,"Adobe Audience Manager, Adobe Experience Cloud",Beacon,bench_new_T3_68316,,,TRUE,https://www.CLIENT_X.co.ke/,Existing CM Trackers-Found,,,,,
c.go-mpulse.net,Performance cookies,Akamai,JavaScript,bench_new_T3_68172,,,,,Existing CM Trackers-Not Found,,,,,
CLIENT_X.pl,Essential cookies (exempt from consent),CLIENT_X - Poland,HTTP Cookie,s_ugv,,bench_update_duration,,,Existing CM Trackers-Not Found,,,,,
CLIENT_X.co.ke,Performance cookies,CLIENT_X - Kenya,HTTP Cookie,bench_new_T3_68759,,session,TRUE,https://www.CLIENT_X.co.ke/,Existing CM Trackers-Found,,,,,
CLIENT_X.com.ar,Essential cookies (exempt from consent),CLIENT_X - Argentina,HTTP Cookie,_gcl_au,,bench_update_duration,,https://www.CLIENT_X.co.ke/healthcare/sites/lumify-handheld-ultrasound/specialty/primary-care-specialty-practices,New Third Party Trackers,,,,,
linkedin.com,Targeted Advertising cookies (including social media),LinkedIn,HTTP Cookie,bench_new_T3_67500,,365,TRUE,https://www.CLIENT_X.co.ke/c-e/ho/homeid-app.html,Existing CM Trackers-Found,,,,,
casalemedia.com,Targeted Advertising cookies (including social media),Index Exchange Inc.,HTTP Cookie,bench_new_T3_68304,,90,,https://www.CLIENT_X.co.ke/a-w/about,New Third Party Trackers,,,,,
CLIENT_X.co.ke,Essential cookies,CLIENT_X - Kenya,HTTP Cookie,bench_new_T3_68400,,session,TRUE,https://www.CLIENT_X.co.ke/,Existing CM Trackers-Found,,,,,
*.akstat.io,Performance cookies,Akamai,Beacon,bench_new_T3_68076,,,,,Existing CM Trackers-Not Found,,,,,
www.CLIENT_X.ca,Essential cookies (exempt from consent),CLIENT_X - Canada,HTTP Cookie,ws-active-shop,,,,,Existing CM Trackers-Not Found,,,,,
tracker-detail-page.trustarc.com,Essential cookies,TrustArc,JavaScript,bench_new_T3_68375,,,,https://www.CLIENT_X.co.ke/a-w/cookie-notice,New Third Party Trackers,,,,,
www.CLIENT_X.co.ke,Essential cookies,CLIENT_X - Kenya,HTTP Cookie,bench_new_T3_68749,,,,,Existing CM Trackers-Not Found,,,,,
collection.decibelinsight.net,Performance cookies,Medallia,ETag,bench_new_T3_68718,,,,,Existing CM Trackers-Not Found,,,,,
CLIENT_X.co.ke,Essential cookies,CLIENT_X - Kenya,HTTP Cookie,bench_new_T3_67213,,,,,Existing CM Trackers-Not Found,,,,,
images.CLIENT_X.com,Essential cookies,Koninklijke CLIENT_X N.V.,JavaScript,bench_new_T3_68730,,,TRUE,https://www.CLIENT_X.co.ke/c-f/XC000003591/what-kind-of-food-can-i-make-in-my-CLIENT_X-airfryer,Existing CM Trackers-Found,,,,,
ssl-static.janraincapture.com,Performance cookies,Akamai,JavaScript,_ga_failed_lookup_marker_42_685,,,,,Existing CM Trackers-Not Found,,,,,
tr.snapchat.com,Targeted Advertising cookies (including social media),Snap Inc.,JavaScript,bench_new_T3_67823,,,TRUE,https://www.CLIENT_X.co.ke/c-e/ho/kitchen-appliances.html,Existing CM Trackers-Found,,,,,
CLIENT_X.co.ke,Performance cookies,CLIENT_X - Kenya,HTTP Cookie,bench_new_T3_67956,,,,,Existing CM Trackers-Not Found,,,,,
CLIENT_Xb2c.my.site.com,Performance cookies,"Salesforce.com, Inc.",Beacon,bench_new_T3_68603,,,TRUE,https://www.CLIENT_X.co.ke/c-w/support-home/support-contact-page,Existing CM Trackers-Found,,,,,
www.CLIENT_X.com.ar,Essential cookies (exempt from consent),CLIENT_X - Argentina,HTTP Cookie,_scid_r,,bench_update_duration,,,Existing CM Trackers-Not Found,,,,,
casalemedia.com,Targeted Advertising cookies (including social media),Index Exchange Inc.,HTTP Cookie,bench_new_T3_68403,,365,,https://www.CLIENT_X.co.ke/a-w/about,New Third Party Trackers,,,,,
CLIENT_X.co.ke,Essential cookies,CLIENT_X - Kenya,HTTP Cookie,bench_new_T3_68674,,365,,https://www.CLIENT_X.co.ke/,New First Party Trackers,,,,,
CLIENT_X.co.ke,Essential cookies,CLIENT_X - Kenya,HTTP Cookie,bench_new_T3_68589,,session,TRUE,https://www.CLIENT_X.co.ke/,Existing CM Trackers-Found,,,,,
maps.googleapis.com,Performance cookies,Google Inc.,JavaScript,bench_new_T3_68516,,,TRUE,https://www.CLIENT_X.co.ke/a-w/about-us.html,Existing CM Trackers-Found,,,,,
CLIENT_X.co.ke,Essential cookies,CLIENT_X - Kenya,HTTP Cookie,bench_new_T3_68254,,,,,Existing CM Trackers-Not Found,,,,,
CLIENT_X.co.nz,Essential cookies (exempt from consent),CLIENT_X - New Zealand,HTTP Cookie,_ga,,,TRUE,https://www.CLIENT_X.co.ke/c-e/ho/homeid-app.html,Existing CM Trackers-Found,,,,,
www.CLIENT_X.com,Essential cookies,Koninklijke CLIENT_X N.V.,ETag,bench_new_T3_68026,,,TRUE,https://www.CLIENT_X.co.ke/a-w/about/news/all-news.html,Existing CM Trackers-Found,,,,,
tracker-detail-page.trustarc.com,Essential cookies,TrustArc,ETag,bench_new_T3_68794,,,,https://www.CLIENT_X.co.ke/a-w/cookie-notice,New Third Party Trackers,,,,,
s334834414.t.eloqua.com,Performance cookies,Oracle Marketing,Beacon,bench_new_T3_67576,,,,https://www.CLIENT_X.co.ke/healthcare/sites/lumify,New Third Party Trackers,,,,,
region1.google-analytics.com,Performance cookies,Google Inc.,Beacon,bench_new_T3_68290,,,TRUE,https://www.CLIENT_X.co.ke/healthcare/product/HC989706000051,Existing CM Trackers-Found,,,,,
CLIENT_X.co.ke,Essential cookies,CLIENT_X - Kenya,HTTP Cookie,bench_new_T3_67937,,,,,Existing CM Trackers-Not Found,,,,,
www.static.accounts.CLIENT_X.com,Essential cookies,Koninklijke CLIENT_X N.V.,JavaScript,bench_new_T3_67464,,,,,Existing CM Trackers-Not Found,,,,,
CLIENT_X.co.ke,Performance cookies,CLIENT_X - Kenya,HTTP Cookie,bench_new_T3_67510,,session,TRUE,https://www.CLIENT_X.co.ke/,Existing CM Trackers-Found,,,,,
consent.trustarc.com,Essential cookies,TrustArc,JavaScript,bench_new_T3_68362,,,TRUE,https://www.CLIENT_X.co.ke/,Existing CM Trackers-Found,,,,,
collection.decibelinsight.net,Performance cookies,Medallia,ETag,bench_new_T3_67945,,,,,Existing CM Trackers-Not Found,,,,,
CLIENT_X.co.ke,Essential cookies,CLIENT_X - Kenya,HTTP Cookie,bench_new_T3_67638,,,,,Existing CM Trackers-Not Found,,,,,
casalemedia.com,Targeted Advertising cookies (including social media),Index Exchange Inc.,HTTP Cookie,_ga_failed_lookup_marker_42_706,,90,,https://www.CLIENT_X.co.ke/a-w/about,New Third Party Trackers,,,,,
googleads.g.doubleclick.net,Targeted Advertising cookies (including social media),Google Advertising Products,Beacon,bench_new_T3_68257,,,TRUE,https://www.CLIENT_X.co.ke/,Existing CM Trackers-Found,,,,,
cdn.decibelinsight.net,Targeted Advertising cookies (including social media),Medallia,JavaScript,bench_new_T3_68455,,,,,Existing CM Trackers-Not Found,,,,,
sc-static.net,Targeted Advertising cookies (including social media),Snap Inc.,ETag,bench_new_T3_67281,,,TRUE,https://www.CLIENT_X.co.ke/c-e/ho/kitchen-appliances.html,Existing CM Trackers-Found,,,,,
*.cloudfront.net,Performance cookies,Amazon (Cloudfront),ETag,bench_new_T3_67885,,,,,Existing CM Trackers-Not Found,,,,,
sc-static.net,Targeted Advertising cookies (including social media),Snap Inc.,ETag,bench_new_T3_68720,,,TRUE,https://www.CLIENT_X.co.ke/c-e/ho/kitchen-appliances.html,Existing CM Trackers-Found,,,,,
www.CLIENT_X.com.qa,Essential cookies (exempt from consent),CLIENT_X - Qatar,HTTP Cookie,kampyleUserPercentile,,,TRUE,https://www.CLIENT_X.co.ke/c-p/BRR454_00/5000-series-facial-hair-remover,Existing CM Trackers-Found,,,,,
doubleclick.net,Targeted Advertising cookies (including social media),Google Advertising Products,HTTP Cookie,bench_new_T3_67883,,0,TRUE,https://www.CLIENT_X.co.ke/,Existing CM Trackers-Found,,,,,
doubleclick.net,Targeted Advertising cookies (including social media),Google Advertising Products,HTTP Cookie,bench_new_T3_67333,,30,TRUE,https://www.CLIENT_X.co.ke/,Existing CM Trackers-Found,,,,,
www.CLIENT_X.co.uk,Performance cookies,CLIENT_X - United Kingdom,ETag,bench_new_T3_67474,,,,,Existing CM Trackers-Not Found,,,,,
www.CLIENT_X.co.ke,Essential cookies,CLIENT_X - Kenya,HTTP Cookie,bench_new_T3_68367,,,,,Existing CM Trackers-Not Found,,,,,
images.CLIENT_X.com,Essential cookies,Koninklijke CLIENT_X N.V.,ETag,bench_new_T3_67748,,,TRUE,https://www.CLIENT_X.co.ke/c-p/BHH880_00/stylecare-essential-heated-straightening-brush,Existing CM Trackers-Found,,,,,
smetrics.marketing.CLIENT_X-hue.com,Targeted Advertising cookies (including social media),CLIENT_X Hue,JavaScript,bench_new_T3_68547,,,,,Existing CM Trackers-Not Found,,,,,
www.lighting.CLIENT_X.co.ke,Essential cookies,Signify (formerly CLIENT_X Lighting),HTTP Cookie,_ga_failed_lookup_marker_42_719,,,,,Existing CM Trackers-Not Found,,,,,
casalemedia.com,Targeted Advertising cookies (including social media),Index Exchange Inc.,HTTP Cookie,bench_new_T3_68222,,365,,https://www.CLIENT_X.co.ke/a-w/about,New Third Party Trackers,,,,,
www.lighting.CLIENT_X.co.ke,Essential cookies,Signify (formerly CLIENT_X Lighting),HTTP Cookie,bench_new_T3_67803,,,,,Existing CM Trackers-Not Found,,,,,
doubleclick.net,Targeted Advertising cookies (including social media),Google Advertising Products,HTTP Cookie,bench_new_T3_67507,,390,TRUE,https://www.CLIENT_X.co.ke/,Existing CM Trackers-Found,,,,,
static.cloud.coveo.com,Targeted Advertising cookies (including social media),Coveo Solutions Inc.,JavaScript,bench_new_T3_68264,,,,,Existing CM Trackers-Not Found,,,,,
CLIENT_X.co.ke,Essential cookies,CLIENT_X - Kenya,HTTP Cookie,bench_new_T3_67238,,0,TRUE,https://www.CLIENT_X.co.ke/,Existing CM Trackers-Found,,,,,
www.CLIENT_X.co.ke,Essential cookies,CLIENT_X - Kenya,HTTP Cookie,bench_new_T3_67854,,,,,Existing CM Trackers-Not Found,,,,,
CLIENT_X.co.ke,Essential cookies,CLIENT_X - Kenya,HTTP Cookie,bench_new_T3_67485,,,,,Existing CM Trackers-Not Found,,,,,
tremorhub.com,Targeted Advertising cookies (including social media),"Magnite CTV, Inc.",HTTP Cookie,bench_new_T3_68638,,400,,https://www.CLIENT_X.co.ke/a-w/about,New Third Party Trackers,,,,,
www.CLIENT_X.co.ke,Essential cookies,CLIENT_X - Kenya,HTTP Cookie,_ga_failed_lookup_marker_42_728,,365,TRUE,https://www.CLIENT_X.co.ke/,Existing CM Trackers-Found,,,,,
CLIENT_X.co.ke,Essential cookies,CLIENT_X - Kenya,HTTP Cookie,bench_new_T3_68776,,session,TRUE,https://www.CLIENT_X.co.ke/,Existing CM Trackers-Found,,,,,
sc-static.net,Targeted Advertising cookies (including social media),Snap Inc.,ETag,bench_new_T3_67708,,,TRUE,https://www.CLIENT_X.co.ke/c-e/ho/kitchen-appliances.html,Existing CM Trackers-Found,,,,,
CLIENT_Xb2c.my.site.com,Performance cookies,"Salesforce.com, Inc.",Local Storage,bench_new_T3_68617,,,TRUE,https://www.CLIENT_X.co.ke/c-w/support-home/support-contact-page,Existing CM Trackers-Found,,,,,
CLIENT_X.co.ke,Performance cookies,CLIENT_X - Kenya,HTTP Cookie,bench_new_T3_68388,,0,TRUE,https://www.CLIENT_X.co.ke/,Existing CM Trackers-Found,,,,,
nebula-cdn.kampyle.com,Performance cookies,Medallia,ETag,bench_new_T3_67988,,,TRUE,https://www.CLIENT_X.co.ke/,Existing CM Trackers-Found,,,,,
www.gstatic.com,Performance cookies,Google Inc.,JavaScript,bench_new_T3_67927,,,TRUE,https://www.CLIENT_X.co.ke/c-m-ac/household-accessories,Existing CM Trackers-Found,,,,,
www.google.com,Essential cookies,Google Inc.,HTTP Cookie,_ga_failed_lookup_marker_42_735,,180,TRUE,https://www.CLIENT_X.co.ke/c-m-ac/household-accessories,Existing CM Trackers-Found,,,,,
www.CLIENT_X.co.uk,Performance cookies,CLIENT_X - United Kingdom,ETag,bench_new_T3_67628,,,,,Existing CM Trackers-Not Found,,,,,
www.accounts.CLIENT_X.com,Essential cookies,Koninklijke CLIENT_X N.V.,ETag,bench_new_T3_67551,,,,,Existing CM Trackers-Not Found,,,,,
www.CLIENT_X.co.ke,Essential cookies,CLIENT_X - Kenya,HTTP Cookie,bench_new_T3_67523,,0,,https://www.CLIENT_X.co.ke/,New First Party Trackers,,,,,
linkedin.com,Targeted Advertising cookies (including social media),LinkedIn,HTTP Cookie,bench_new_T3_67524,,1,TRUE,https://www.CLIENT_X.co.ke/c-e/ho/homeid-app.html,Existing CM Trackers-Found,,,,,
accounts.CLIENT_X.com,Performance cookies,Koninklijke CLIENT_X N.V.,HTTP Cookie,bench_new_T3_67924,,,,,Existing CM Trackers-Not Found,,,,,
CLIENT_X.co.ke,Essential cookies,CLIENT_X - Kenya,HTTP Cookie,_ga_failed_lookup_marker_42_741,,0,TRUE,https://www.CLIENT_X.co.ke/,Existing CM Trackers-Found,,,,,
widget-cdn.janraincapture.com,Performance cookies,Akamai,ETag,bench_new_T3_67616,,,,,Existing CM Trackers-Not Found,,,,,
s334834414.t.eloqua.com,Performance cookies,Oracle Marketing,Beacon,bench_new_T3_68625,,,,https://www.CLIENT_X.co.ke/healthcare/sites/lumify,New Third Party Trackers,,,,,
raw.githubusercontent.com,Performance cookies,GitHub Inc.,ETag,bench_new_T3_67473,,,TRUE,https://www.CLIENT_X.co.ke/healthcare/support/distributors,Existing CM Trackers-Found,,,,,
www.googleapis.com,Performance cookies,Google Inc.,JavaScript,bench_new_T3_68736,,,TRUE,https://www.CLIENT_X.co.ke/c-t/XC000004908/my-skin-is-irritated-after-using-my-CLIENT_X-epilator,Existing CM Trackers-Found,,,,,
*.cloudfront.net,Performance cookies,Amazon (Cloudfront),ETag,bench_new_T3_68471,,,,,Existing CM Trackers-Not Found,,,,,
c.go-mpulse.net,Performance cookies,Akamai,JavaScript,bench_new_T3_67406,,,,,Existing CM Trackers-Not Found,,,,,
CLIENT_X.co.ke,Essential cookies,CLIENT_X - Kenya,HTTP Cookie,bench_new_T3_67645,,400,TRUE,https://www.CLIENT_X.co.ke/,Existing CM Trackers-Found,,,,,
static.hotjar.com,Performance cookies,Hotjar,JavaScript,bench_new_T3_67491,,,,,Existing CM Trackers-Not Found,,,,,
*.t.eloqua.com,Targeted Advertising cookies (including social media),Oracle Marketing,JavaScript,bench_new_T3_67569,,,,https://www.CLIENT_X.co.ke/healthcare/sites/lumify-handheld-ultrasound/specialty/primary-care-specialty-practices,Existing CM Trackers-Found,,,,,
www.heartstream.com,Targeted Advertising cookies (including social media),Heartstream,Beacon,bench_new_T3_67915,,,,https://www.CLIENT_X.co.ke/healthcare/product/HC989706000051,New Third Party Trackers,,,,,
CLIENT_X.co.ke,Essential cookies,CLIENT_X - Kenya,HTTP Cookie,bench_new_T3_67994,,400,TRUE,https://www.CLIENT_X.co.ke/,Existing CM Trackers-Found,,,,,
www.CLIENT_X.co.ke,Essential cookies,CLIENT_X - Kenya,HTTP Cookie,_ga_failed_lookup_marker_42_753,,session,TRUE,https://www.CLIENT_X.co.ke/,Existing CM Trackers-Found,,,,,
demdex.net,Targeted Advertising cookies (including social media),"Adobe Audience Manager, Adobe Experience Cloud",HTTP Cookie,bench_new_T3_68149,,,,,Existing CM Trackers-Not Found,,,,,
youtube.com,Targeted Advertising cookies (including social media),Google Advertising Products,HTTP Cookie,_ga_failed_lookup_marker_42_755,,session,TRUE,https://www.CLIENT_X.co.ke/c-m-mo/articles-bottle-feeding-health/sterilising-baby-feeding-equipment,Existing CM Trackers-Found,,,,,
CLIENT_X.co.ke,Essential cookies,CLIENT_X - Kenya,HTTP Cookie,bench_new_T3_67761,,393,TRUE,https://www.CLIENT_X.co.ke/,Existing CM Trackers-Found,,,,,
www.accounts.CLIENT_X.com,Essential cookies,Koninklijke CLIENT_X N.V.,ETag,bench_new_T3_67711,,,,,Existing CM Trackers-Not Found,,,,,
company-target.com,Targeted Advertising cookies (including social media),"Demandbase, Inc.",HTTP Cookie,bench_new_T3_68561,,396,,https://www.CLIENT_X.co.ke/a-w/about,New Third Party Trackers,,,,,
CLIENT_X.co.ke,Essential cookies,CLIENT_X - Kenya,HTTP Cookie,bench_new_T3_67916,,session,TRUE,https://www.CLIENT_X.co.ke/,Existing CM Trackers-Found,,,,,
*.en25.com,Targeted Advertising cookies (including social media),Oracle Marketing,JavaScript,bench_new_T3_67623,,,,https://www.CLIENT_X.co.ke/healthcare/sites/lumify,Existing CM Trackers-Found,,,,,
www.CLIENT_X.co.ke,Essential cookies,CLIENT_X - Kenya,HTTP Cookie,bench_new_T3_68745,,365,TRUE,https://www.CLIENT_X.co.ke/,Existing CM Trackers-Found,,,,,
www.static.accounts.CLIENT_X.com,Essential cookies,Koninklijke CLIENT_X N.V.,JavaScript,bench_new_T3_67862,,,,,Existing CM Trackers-Not Found,,,,,
company-target.com,Targeted Advertising cookies (including social media),"Demandbase, Inc.",HTTP Cookie,bench_new_T3_68432,,396,,https://www.CLIENT_X.co.ke/a-w/about,New Third Party Trackers,,,,,
images.CLIENT_X.com,Essential cookies,Koninklijke CLIENT_X N.V.,JavaScript,bench_new_T3_67475,,,TRUE,https://www.CLIENT_X.co.ke/c-f/XC000003591/what-kind-of-food-can-i-make-in-my-CLIENT_X-airfryer,Existing CM Trackers-Found,,,,,
www.CLIENT_X.com.my,Essential cookies (exempt from consent),CLIENT_X - Malaysia,HTTP Cookie,p-gc35,,bench_update_duration,,https://www.CLIENT_X.co.ke/a-w/about,New Third Party Trackers,,,,,
linkedin.com,Targeted Advertising cookies (including social media),LinkedIn,HTTP Cookie,bench_new_T3_68110,,365,TRUE,https://www.CLIENT_X.co.ke/c-e/ho/homeid-app.html,Existing CM Trackers-Found,,,,,
www.lighting.CLIENT_X.co.ke,Essential cookies,Signify (formerly CLIENT_X Lighting),HTTP Cookie,bench_new_T3_67369,,,,,Existing CM Trackers-Not Found,,,,,
snapchat.com,Targeted Advertising cookies (including social media),Snap Inc.,HTTP Cookie,bench_new_T3_68207,,390,TRUE,https://www.CLIENT_X.co.ke/c-e/ho/homeid-app.html,Existing CM Trackers-Found,,,,,
www.googletagmanager.com,Performance cookies,Google Inc.,Beacon,_ga_failed_lookup_marker_42_769,,,TRUE,https://www.CLIENT_X.co.ke/c-m-ho/food-preparation/chopper,Existing CM Trackers-Found,,,,,
lux.speedcurve.com,Performance cookies,Speedcurve,JavaScript,bench_new_T3_67790,,,,https://www.CLIENT_X.co.ke/healthcare/resources/landing/aed-back-to-the-rhythm,New Third Party Trackers,,,,,
www.CLIENT_X.co.ke,Essential cookies,CLIENT_X - Kenya,HTTP Cookie,bench_new_T3_67345,,,,,Existing CM Trackers-Not Found,,,,,
CLIENT_X.co.ke,Targeted Advertising cookies (including social media),CLIENT_X - Kenya,HTTP Cookie,bench_new_T3_68262,,,,,Existing CM Trackers-Not Found,,,,,
www.google.com,Targeted Advertising cookies (including social media),Google Inc.,Beacon,bench_new_T3_67292,,,TRUE,https://www.CLIENT_X.co.ke/,Existing CM Trackers-Found,,,,,
CLIENT_X.pt,Essential cookies (exempt from consent),CLIENT_X - Portugal,HTTP Cookie,mbox,,,TRUE,https://www.CLIENT_X.co.ke/c-p/BRR454_00/5000-series-facial-hair-remover,Existing CM Trackers-Found,,,,,
www.googleadservices.com,Targeted Advertising cookies (including social media),Google Advertising Products,JavaScript,bench_new_T3_67330,,,,,Existing CM Trackers-Not Found,,,,,
agent-versuni.mindtouch.us,Performance cookies,MindTouch,HTTP Cookie,bench_new_T3_67816,,399,,https://www.CLIENT_X.co.ke/c-f/XC000021443/my-CLIENT_X-fan-makes-an-unusual-noise-when-oscillating,New Third Party Trackers,,,,,
www.CLIENT_X.com.vn,Essential cookies (exempt from consent),CLIENT_X - Vietnam,HTTP Cookie,T01-recentlyViewedProducts,,,TRUE,https://www.CLIENT_X.co.ke/c-w/support-home/support-contact-page,Existing CM Trackers-Found,,,,,
www.google.ie,Targeted Advertising cookies (including social media),Google Inc.,Beacon,_ga_failed_lookup_marker_42_778,,,TRUE,https://www.CLIENT_X.co.ke/,Existing CM Trackers-Found,,,,,
CLIENT_X.co.ke,Essential cookies,CLIENT_X - Kenya,HTTP Cookie,bench_new_T3_67278,,,,,Existing CM Trackers-Not Found,,,,,
CLIENT_X.co.ke,Essential cookies,CLIENT_X - Kenya,HTTP Cookie,_ga_failed_lookup_marker_42_780,,,,https://www.CLIENT_X.co.ke/,Existing CM Trackers-Found,,,,,
force.com,Targeted Advertising Cookies (including social media) [Requires consent],"salesforce.com, inc.",HTTP Cookie,BrowserId_sec,,bench_update_duration,,,Existing CM Trackers-Not Found,,,,,
region1.google-analytics.com,Performance cookies,Google Inc.,HTTP Cookie,bench_new_T3_68627,,,,,Existing CM Trackers-Not Found,,,,,
www.docs.lighting.CLIENT_X.com,Performance Cookies [Requires consent],Signify (formerly CLIENT_X Lighting),JavaScript,-,,bench_update_duration,,,Existing CM Trackers-Not Found,,,,,
CLIENT_Xb2c.my.salesforce-scrt.com,Performance cookies,"Salesforce.com, Inc.",Beacon,bench_new_T3_67556,,,,https://www.CLIENT_X.co.ke/c-w/support-home/support-contact-page,New Third Party Trackers,,,,,
www.youtube.com,Targeted Advertising cookies (including social media),Google Advertising Products,JavaScript,bench_new_T3_67696,,,TRUE,https://www.CLIENT_X.co.ke/c-m-mo/articles-bottle-feeding-health/sterilising-baby-feeding-equipment,Existing CM Trackers-Found,,,,,
casalemedia.com,Targeted Advertising cookies (including social media),Index Exchange Inc.,HTTP Cookie,bench_new_T3_68004,,90,,https://www.CLIENT_X.co.ke/a-w/about,New Third Party Trackers,,,,,
www.tienda.CLIENT_X.com.mx,Essential cookies (exempt from consent),CLIENT_X - Mexico,HTTP Cookie,BVImplmain_site,,,,,Existing CM Trackers-Not Found,,,,,
CLIENT_X.com,Essential cookies,Koninklijke CLIENT_X N.V.,HTTP Cookie,bench_new_T3_67239,,,,,Existing CM Trackers-Not Found,,,,,
www.CLIENT_X.com,Essential cookies,Koninklijke CLIENT_X N.V.,ETag,bench_new_T3_67804,,,TRUE,https://www.CLIENT_X.co.ke/a-w/about/news/all-news.html,Existing CM Trackers-Found,,,,,
CLIENT_X.co.ke,Essential cookies,CLIENT_X - Kenya,HTTP Cookie,bench_new_T3_68659,,,,,Existing CM Trackers-Not Found,,,,,
CLIENT_X.co.ke,Essential cookies,CLIENT_X - Kenya,HTTP Cookie,bench_new_T3_67766,,400,TRUE,https://www.CLIENT_X.co.ke/,Existing CM Trackers-Found,,,,,
www.CLIENT_X.co.ke,Essential cookies,CLIENT_X - Kenya,HTTP Cookie,_ga_failed_lookup_marker_42_792,,400,TRUE,https://www.CLIENT_X.co.ke/,Existing CM Trackers-Found,,,,,
tiktok.com,Targeted Advertising cookies (including social media),TikTok,HTTP Cookie,bench_new_T3_67997,,,,,Existing CM Trackers-Not Found,,,,,
www.CLIENT_X.co.ke,Essential cookies,CLIENT_X - Kenya,HTTP Cookie,bench_new_T3_68478,,,,,Existing CM Trackers-Not Found,,,,,
adservice.google.com,Targeted Advertising cookies (including social media),Google Advertising Products,Beacon,bench_new_T3_68250,,,TRUE,https://www.CLIENT_X.co.ke/,Existing CM Trackers-Found,,,,,
CLIENT_X.lv,Essential cookies (exempt from consent),CLIENT_X - Latvia,HTTP Cookie,mbox,,bench_update_duration,,,Existing CM Trackers-Not Found,,,,,
doubleclick.net,Targeted Advertising cookies (including social media),Google Advertising Products,HTTP Cookie,bench_new_T3_67440,,0,TRUE,https://www.CLIENT_X.co.ke/,Existing CM Trackers-Found,,,,,
amazon-adsystem.com,Targeted Advertising cookies (including social media),Amazon Ads,HTTP Cookie,bench_new_T3_68679,,,,,Existing CM Trackers-Not Found,,,,,
CLIENT_X.co.ke,Essential cookies,CLIENT_X - Kenya,HTTP Cookie,bench_new_T3_68768,,session,TRUE,https://www.CLIENT_X.co.ke/,Existing CM Trackers-Found,,,,,
cdn.mouseflow.com,Performance cookies,Mouseflow,ETag,bench_new_T3_67882,,,,https://www.CLIENT_X.co.ke/c-e/pe/mens-grooming-welcome.html,New Third Party Trackers,,,,,
www.lighting.CLIENT_X.co.ke,Essential cookies,Signify (formerly CLIENT_X Lighting),HTTP Cookie,bench_new_T3_68461,,,,,Existing CM Trackers-Not Found,,,,,
assets.kampyle.com,Performance cookies,Medallia,ETag,bench_new_T3_68766,,,TRUE,https://www.CLIENT_X.co.ke/a-w/about,Existing CM Trackers-Found,,,,,
CLIENT_Xb2c.my.salesforce-scrt.com,Performance cookies,"Salesforce.com, Inc.",Beacon,_ga_failed_lookup_marker_42_803,,,,https://www.CLIENT_X.co.ke/c-w/support-home/support-contact-page,New Third Party Trackers,,,,,
www.CLIENT_X.co.ke,Essential cookies,CLIENT_X - Kenya,HTTP Cookie,bench_new_T3_67901,,,,,Existing CM Trackers-Not Found,,,,,
CLIENT_X.co.ke,Essential cookies,CLIENT_X - Kenya,HTTP Cookie,bench_new_T3_67592,,,,,Existing CM Trackers-Not Found,,,,,
CLIENT_X.co.ke,Essential cookies,CLIENT_X - Kenya,HTTP Cookie,bench_new_T3_68782,,393,TRUE,https://www.CLIENT_X.co.ke/,Existing CM Trackers-Found,,,,,
CLIENT_X.co.ke,Essential cookies,CLIENT_X - Kenya,HTTP Cookie,bench_new_T3_68210,,400,TRUE,https://www.CLIENT_X.co.ke/,Existing CM Trackers-Found,,,,,
CLIENT_X.co.ke,Essential cookies,CLIENT_X - Kenya,HTTP Cookie,bench_new_T3_67561,,,,,Existing CM Trackers-Not Found,,,,,
cdn.decibelinsight.net,Targeted Advertising cookies (including social media),Medallia,ETag,bench_new_T3_68658,,,,,Existing CM Trackers-Not Found,,,,,
CLIENT_X.112.2o7.net,Performance cookies,"Adobe Audience Manager, Adobe Experience Cloud",Beacon,bench_new_T3_68682,,,TRUE,https://www.CLIENT_X.co.ke/,Existing CM Trackers-Found,,,,,
consent.trustarc.com,Essential cookies,TrustArc,JavaScript,bench_new_T3_68393,,,TRUE,https://www.CLIENT_X.co.ke/,Existing CM Trackers-Found,,,,,
www.gstatic.com,Performance cookies,Google Inc.,JavaScript,bench_new_T3_68303,,,TRUE,https://www.CLIENT_X.co.ke/c-m-ac/household-accessories,Existing CM Trackers-Found,,,,,
CLIENT_X.co.ke,Essential cookies,CLIENT_X - Kenya,HTTP Cookie,bench_new_T3_68769,,session,TRUE,https://www.CLIENT_X.co.ke/,Existing CM Trackers-Found,,,,,
CLIENT_X.co.ke,Essential cookies,CLIENT_X - Kenya,HTTP Cookie,bench_new_T3_67933,,,,,Existing CM Trackers-Not Found,,,,,
sc-static.net,Targeted Advertising cookies (including social media),Snap Inc.,JavaScript,bench_new_T3_67321,,,TRUE,https://www.CLIENT_X.co.ke/c-e/ho/homeid-app.html,Existing CM Trackers-Found,,,,,
ad.doubleclick.net,Targeted Advertising cookies (including social media),Google Advertising Products,Beacon,_ga_failed_lookup_marker_42_816,,,TRUE,https://www.CLIENT_X.co.ke/,Existing CM Trackers-Found,,,,,
www.google.com,Targeted Advertising cookies (including social media),Google Inc.,Beacon,bench_new_T3_68396,,,TRUE,https://www.CLIENT_X.co.ke/,Existing CM Trackers-Found,,,,,
CLIENT_X.co.ke,Essential cookies,CLIENT_X - Kenya,HTTP Cookie,bench_new_T3_68741,,400,TRUE,https://www.CLIENT_X.co.ke/,Existing CM Trackers-Found,,,,,
koninklijkeCLIENT_Xnvproduction2k8xfrmr.analytics.org.coveo.com,Performance cookies,Coveo Solutions Inc.,Beacon,bench_new_T3_68703,,,,https://www.CLIENT_X.co.ke/a-w/about/news/all-news.html,New Third Party Trackers,,,,,
CLIENT_X.co.ke,Essential cookies,CLIENT_X - Kenya,HTTP Cookie,bench_new_T3_68591,,session,TRUE,https://www.CLIENT_X.co.ke/,Existing CM Trackers-Found,,,,,
adservice.google.com,Targeted Advertising cookies (including social media),Google Advertising Products,Beacon,bench_new_T3_67955,,,TRUE,https://www.CLIENT_X.co.ke/,Existing CM Trackers-Found,,,,,
CLIENT_X.bg,Essential cookies (exempt from consent),CLIENT_X - Bulgaria,HTTP Cookie,_schn1,,bench_update_duration,TRUE,https://www.CLIENT_X.co.ke/,Existing CM Trackers-Found,,,,,
ssl-static.janraincapture.com,Performance cookies,Akamai,JavaScript,bench_new_T3_67874,,,,,Existing CM Trackers-Not Found,,,,,
CLIENT_X.co.ke,Performance cookies,CLIENT_X - Kenya,HTTP Cookie,bench_new_T3_68416,,,,,Existing CM Trackers-Not Found,,,,,
youtube.com,Targeted Advertising cookies (including social media),Google Advertising Products,HTTP Cookie,bench_new_T3_68596,,180,,https://www.CLIENT_X.co.ke/c-m-mo/articles-bottle-feeding-health/sterilising-baby-feeding-equipment,New Third Party Trackers,,,,,
www.CLIENT_X.co.ke,Essential cookies,CLIENT_X - Kenya,HTTP Cookie,bench_new_T3_67415,,365,TRUE,https://www.CLIENT_X.co.ke/,Existing CM Trackers-Found,,,,,
agent-versuni.mindtouch.us,Performance cookies,MindTouch,HTTP Cookie,bench_new_T3_67604,,399,,https://www.CLIENT_X.co.ke/c-f/XC000021443/my-CLIENT_X-fan-makes-an-unusual-noise-when-oscillating,New Third Party Trackers,,,,,
CLIENT_X.co.ke,Targeted Advertising cookies (including social media),CLIENT_X - Kenya,HTTP Cookie,bench_new_T3_67387,,,,,Existing CM Trackers-Not Found,,,,,
CLIENT_X.co.ke,Targeted Advertising cookies (including social media),CLIENT_X - Kenya,HTTP Cookie,bench_new_T3_68612,,7,TRUE,https://www.CLIENT_X.co.ke/,Existing CM Trackers-Found,,,,,
company-target.com,Targeted Advertising cookies (including social media),"Demandbase, Inc.",HTTP Cookie,bench_new_T3_68024,,396,,https://www.CLIENT_X.co.ke/a-w/about,New Third Party Trackers,,,,,
www.CLIENT_X.co.ke,Essential cookies,CLIENT_X - Kenya,HTTP Cookie,bench_new_T3_68489,,session,,https://www.CLIENT_X.co.ke/,New First Party Trackers,,,,,
CLIENT_X.co.ke,Essential cookies,CLIENT_X - Kenya,HTTP Cookie,bench_new_T3_67447,,,,,Existing CM Trackers-Not Found,,,,,
images.CLIENT_X.com,Essential cookies,Koninklijke CLIENT_X N.V.,JavaScript,bench_new_T3_68072,,,TRUE,https://www.CLIENT_X.co.ke/c-f/XC000003591/what-kind-of-food-can-i-make-in-my-CLIENT_X-airfryer,Existing CM Trackers-Found,,,,,
www.CLIENT_X.co.ke,Performance cookies,CLIENT_X - Kenya,HTTP Cookie,bench_new_T3_68081,,,,,Existing CM Trackers-Not Found,,,,,
demdex.net,Targeted Advertising cookies (including social media),"Adobe Audience Manager, Adobe Experience Cloud",HTTP Cookie,bench_new_T3_68308,,,,,Existing CM Trackers-Not Found,,,,,
eloqua.com,Essential cookies,Oracle Marketing,HTTP Cookie,bench_new_T3_68398,,392,TRUE,https://www.CLIENT_X.co.ke/healthcare/sites/lumify-handheld-ultrasound/comparison-pop-up-new,Existing CM Trackers-Found,,,,,
script.hotjar.com,Targeted Advertising cookies (including social media),Hotjar,ETag,bench_new_T3_67488,,,,,Existing CM Trackers-Not Found,,,,,
CLIENT_X.co.ke,Performance cookies,CLIENT_X - Kenya,HTTP Cookie,bench_new_T3_67899,,,,,Existing CM Trackers-Not Found,,,,,
CLIENT_X.co.ke,Essential cookies,CLIENT_X - Kenya,HTTP Cookie,bench_new_T3_67788,,393,TRUE,https://www.CLIENT_X.co.ke/,Existing CM Trackers-Found,,,,,
casalemedia.com,Targeted Advertising cookies (including social media),Index Exchange Inc.,HTTP Cookie,bench_new_T3_68510,,365,,https://www.CLIENT_X.co.ke/a-w/about,New Third Party Trackers,,,,,
casalemedia.com,Targeted Advertising cookies (including social media),Index Exchange Inc.,HTTP Cookie,bench_new_T3_67214,,90,,https://www.CLIENT_X.co.ke/a-w/about,New Third Party Trackers,,,,,
CLIENT_X.com.cn,Essential cookies (exempt from consent),CLIENT_X - China,HTTP Cookie,s_cc,,,,,Existing CM Trackers-Not Found,,,,,
CLIENT_X.co.ke,Essential cookies (exempt from consent),CLIENT_X - Kenya,HTTP Cookie,coveo_visitorId,,bench_update_duration,,,Existing CM Trackers-Not Found,,,,,
youtube.com,Targeted Advertising cookies (including social media),Google Advertising Products,HTTP Cookie,bench_new_T3_67928,,180,TRUE,https://www.CLIENT_X.co.ke/c-m-mo/articles-bottle-feeding-health/sterilising-baby-feeding-equipment,Existing CM Trackers-Found,,,,,
casalemedia.com,Targeted Advertising cookies (including social media),Index Exchange Inc.,HTTP Cookie,bench_new_T3_68010,,365,,https://www.CLIENT_X.co.ke/a-w/about,New Third Party Trackers,,,,,
tr.snapchat.com,Targeted Advertising cookies (including social media),Snap Inc.,Beacon,bench_new_T3_68423,,,TRUE,https://www.CLIENT_X.co.ke/c-e/ho/homeid-app.html,Existing CM Trackers-Found,,,,,
www.CLIENT_X.co.ke,Essential cookies,CLIENT_X - Kenya,HTTP Cookie,_ga_failed_lookup_marker_42_847,,session,,https://www.CLIENT_X.co.ke/,New First Party Trackers,,,,,
CLIENT_X.co.ke,Essential cookies,CLIENT_X - Kenya,HTTP Cookie,bench_new_T3_67391,,,,,Existing CM Trackers-Not Found,,,,,
decibelinsight.net,Performance cookies,Medallia,HTTP Cookie,bench_new_T3_67959,,,,,Existing CM Trackers-Not Found,,,,,
linkedin.com,Targeted Advertising cookies (including social media),LinkedIn,HTTP Cookie,bench_new_T3_67665,,1,TRUE,https://www.CLIENT_X.co.ke/c-e/ho/homeid-app.html,Existing CM Trackers-Found,,,,,
www.CLIENT_X.co.ke,Essential cookies,CLIENT_X - Kenya,HTTP Cookie,bench_new_T3_67557,,365,TRUE,https://www.CLIENT_X.co.ke/,Existing CM Trackers-Found,,,,,
CLIENT_X.co.ke,Essential cookies,CLIENT_X - Kenya,HTTP Cookie,bench_new_T3_67422,,,,,Existing CM Trackers-Not Found,,,,,
munchkin.marketo.net,Targeted Advertising cookies (including social media),Marketo,JavaScript,_ga_failed_lookup_marker_42_853,,,,,Existing CM Trackers-Not Found,,,,,
CLIENT_X.co.ke,Essential cookies,CLIENT_X - Kenya,HTTP Cookie,bench_new_T3_67303,,,,,Existing CM Trackers-Not Found,,,,,
static.hotjar.com,Performance cookies,Hotjar,ETag,bench_new_T3_68784,,,,,Existing CM Trackers-Not Found,,,,,
CLIENT_X.co.ke,Essential cookies,CLIENT_X - Kenya,HTTP Cookie,bench_new_T3_68469,,365,,https://www.CLIENT_X.co.ke/,New First Party Trackers,,,,,
CLIENT_X.co.ke,Essential cookies,CLIENT_X - Kenya,HTTP Cookie,bench_new_T3_67494,,0,TRUE,https://www.CLIENT_X.co.ke/,Existing CM Trackers-Found,,,,,
www.lighting.CLIENT_X.com.sg,Essential cookies (exempt from consent),Signify (formerly CLIENT_X Lighting),ETag,blank (etag),,bench_update_duration,,https://www.CLIENT_X.co.ke/,New Third Party Trackers,,,,,
*.fls.doubleclick.net,Targeted Advertising cookies (including social media),Google Advertising Products,Beacon,bench_new_T3_67388,,,,,Existing CM Trackers-Not Found,,,,,
CLIENT_Xb2c.my.site.com,Performance cookies,"Salesforce.com, Inc.",JavaScript,bench_new_T3_67539,,,TRUE,https://www.CLIENT_X.co.ke/c-w/support-home/support-contact-page,Existing CM Trackers-Found,,,,,
munchkin.marketo.net,Targeted Advertising cookies (including social media),Marketo,JavaScript,bench_new_T3_67257,,,,,Existing CM Trackers-Not Found,,,,,
CLIENT_Xb2c.my.site.com,Performance cookies,"Salesforce.com, Inc.",Beacon,_ga_failed_lookup_marker_42_862,,,TRUE,https://www.CLIENT_X.co.ke/c-w/support-home/support-contact-page,Existing CM Trackers-Found,,,,,
CLIENT_X.co.ke,Essential cookies,CLIENT_X - Kenya,HTTP Cookie,bench_new_T3_68486,,session,TRUE,https://www.CLIENT_X.co.ke/,Existing CM Trackers-Found,,,,,
www.CLIENT_X.co.ke,Essential cookies,CLIENT_X - Kenya,HTTP Cookie,bench_new_T3_68260,,,,,Existing CM Trackers-Not Found,,,,,
www.CLIENT_X.co.ke,Essential cookies,CLIENT_X - Kenya,HTTP Cookie,bench_new_T3_68454,,,,,Existing CM Trackers-Not Found,,,,,
www.lighting.CLIENT_X.co.ke,Essential cookies,Signify (formerly CLIENT_X Lighting),HTTP Cookie,bench_new_T3_68077,,,,,Existing CM Trackers-Not Found,,,,,
www.CLIENT_X.co.ke,Performance cookies,CLIENT_X - Kenya,HTTP Cookie,bench_new_T3_67626,,session,TRUE,https://www.CLIENT_X.co.ke/,Existing CM Trackers-Found,,,,,
dpm.demdex.net,Targeted Advertising cookies (including social media),"Adobe Audience Manager, Adobe Experience Cloud",HTTP Cookie,_ga_failed_lookup_marker_42_868,,,,,Existing CM Trackers-Not Found,,,,,
google.com,Performance cookies,Google Inc.,Local Storage,bench_new_T3_68382,,,TRUE,https://www.CLIENT_X.co.ke/c-m-ac/household-accessories,Existing CM Trackers-Found,,,,,
CLIENT_X.co.ke,Essential cookies,CLIENT_X - Kenya,HTTP Cookie,bench_new_T3_68062,,,,,Existing CM Trackers-Not Found,,,,,
CLIENT_Xb2c.my.site.com,Performance cookies,"Salesforce.com, Inc.",Beacon,bench_new_T3_67653,,,TRUE,https://www.CLIENT_X.co.ke/c-w/support-home/support-contact-page,Existing CM Trackers-Found,,,,,
lighting.CLIENT_X.ma,Essential cookies (exempt from consent),Signify (formerly CLIENT_X Lighting),HTTP Cookie,aam_uuid,,session,TRUE,https://www.CLIENT_X.co.ke/c-m-mo/articles-bottle-feeding-health/sterilising-baby-feeding-equipment,Existing CM Trackers-Found,,,,,
www.abonnementen.CLIENT_X.nl,Essential cookies (exempt from consent),CLIENT_X - Netherlands,HTTP Cookie,kampyle_userid,,bench_update_duration,,https://www.CLIENT_X.co.ke/a-w/about,New Third Party Trackers,,,,,
www.googleadservices.com,Targeted Advertising cookies (including social media),Google Advertising Products,JavaScript,bench_new_T3_68299,,,,,Existing CM Trackers-Not Found,,,,,
CLIENT_Xb2c.my.site.com,Performance cookies,"Salesforce.com, Inc.",ETag,bench_new_T3_67934,,,TRUE,https://www.CLIENT_X.co.ke/c-w/support-home/support-contact-page,Existing CM Trackers-Found,,,,,
www.CLIENT_X.co.ke,Essential cookies,CLIENT_X - Kenya,HTTP Cookie,bench_new_T3_67600,,session,,https://www.CLIENT_X.co.ke/,New First Party Trackers,,,,,
www.google.com,Targeted Advertising cookies (including social media),Google Inc.,JavaScript,bench_new_T3_68261,,,TRUE,https://www.CLIENT_X.co.ke/c-m-ac/household-accessories,Existing CM Trackers-Found,,,,,
www.google.com,Targeted Advertising cookies (including social media),Google Inc.,Beacon,bench_new_T3_68022,,,TRUE,https://www.CLIENT_X.co.ke/,Existing CM Trackers-Found,,,,,
CLIENT_X.co.ke,Essential cookies,CLIENT_X - Kenya,HTTP Cookie,bench_new_T3_67917,,session,TRUE,https://www.CLIENT_X.co.ke/,Existing CM Trackers-Found,,,,,
CLIENT_X.co.ke,Essential cookies,CLIENT_X - Kenya,HTTP Cookie,bench_new_T3_68605,,,,,Existing CM Trackers-Not Found,,,,,
www.gstatic.com,Performance cookies,Google Inc.,JavaScript,bench_new_T3_67577,,,TRUE,https://www.CLIENT_X.co.ke/c-m-ac/household-accessories,Existing CM Trackers-Found,,,,,
CLIENT_X.co.ke,Essential cookies,CLIENT_X - Kenya,HTTP Cookie,bench_new_T3_67566,,,,,Existing CM Trackers-Not Found,,,,,
CLIENT_X.co.ke,Essential cookies,CLIENT_X - Kenya,HTTP Cookie,bench_new_T3_67326,,,,,Existing CM Trackers-Not Found,,,,,
CLIENT_X.co.ke,Performance cookies,CLIENT_X - Kenya,HTTP Cookie,bench_new_T3_68318,,,,,Existing CM Trackers-Not Found,,,,,
CLIENT_X.co.ke,Essential cookies,CLIENT_X - Kenya,HTTP Cookie,bench_new_T3_68518,,0,TRUE,https://www.CLIENT_X.co.ke/,Existing CM Trackers-Found,,,,,
CLIENT_X.co.ke,Essential cookies,CLIENT_X - Kenya,HTTP Cookie,bench_new_T3_67605,,session,TRUE,https://www.CLIENT_X.co.ke/,Existing CM Trackers-Found,,,,,
www.CLIENT_X.co.ke,Essential cookies,CLIENT_X - Kenya,HTTP Cookie,bench_new_T3_67952,,365,TRUE,https://www.CLIENT_X.co.ke/,Existing CM Trackers-Found,,,,,
sc-static.net,Targeted Advertising cookies (including social media),Snap Inc.,ETag,bench_new_T3_68086,,,TRUE,https://www.CLIENT_X.co.ke/c-e/ho/kitchen-appliances.html,Existing CM Trackers-Found,,,,,
snapchat.com,Targeted Advertising cookies (including social media),Snap Inc.,HTTP Cookie,bench_new_T3_68104,,390,TRUE,https://www.CLIENT_X.co.ke/c-e/ho/homeid-app.html,Existing CM Trackers-Found,,,,,
www.googletagmanager.com,Performance cookies,Google Inc.,Beacon,bench_new_T3_67919,,,TRUE,https://www.CLIENT_X.co.ke/c-m-ho/food-preparation/chopper,Existing CM Trackers-Found,,,,,
region1.google-analytics.com,Performance cookies,Google Inc.,HTTP Cookie,bench_new_T3_68119,,,,,Existing CM Trackers-Not Found,,,,,
maps.googleapis.com,Performance cookies,Google Inc.,ETag,bench_new_T3_68351,,,TRUE,https://www.CLIENT_X.co.ke/a-w/about-us.html,Existing CM Trackers-Found,,,,,
accounts.CLIENT_X.com,Performance cookies,Koninklijke CLIENT_X N.V.,HTTP Cookie,bench_new_T3_67631,,,,,Existing CM Trackers-Not Found,,,,,
CLIENT_X.co.ke,Essential cookies,CLIENT_X - Kenya,HTTP Cookie,bench_new_T3_68643,,session,TRUE,https://www.CLIENT_X.co.ke/,Existing CM Trackers-Found,,,,,
googleads.g.doubleclick.net,Targeted Advertising cookies (including social media),Google Advertising Products,Beacon,bench_new_T3_67702,,,TRUE,https://www.CLIENT_X.co.ke/,Existing CM Trackers-Found,,,,,
maps.googleapis.com,Performance cookies,Google Inc.,ETag,bench_new_T3_68731,,,TRUE,https://www.CLIENT_X.co.ke/a-w/about-us.html,Existing CM Trackers-Found,,,,,
www.CLIENT_X.co.ke,Essential cookies,CLIENT_X - Kenya,HTTP Cookie,bench_new_T3_68651,,session,,https://www.CLIENT_X.co.ke/,New First Party Trackers,,,,,
CLIENT_X.co.ke,Essential cookies,CLIENT_X - Kenya,HTTP Cookie,bench_new_T3_68282,,,,,Existing CM Trackers-Not Found,,,,,
CLIENT_X.co.ke,Essential cookies,CLIENT_X - Kenya,HTTP Cookie,_ga_failed_lookup_marker_42_899,,400,TRUE,https://www.CLIENT_X.co.ke/,Existing CM Trackers-Found,,,,,
lux.speedcurve.com,Performance cookies,Speedcurve,JavaScript,bench_new_T3_68488,,,,https://www.CLIENT_X.co.ke/healthcare/resources/landing/aed-back-to-the-rhythm,New Third Party Trackers,,,,,
analytics-fe.digital-cloud-us-main.medallia.com,Performance cookies,Medallia,Beacon,bench_new_T3_68459,,,,https://www.CLIENT_X.co.ke/a-w/about,New Third Party Trackers,,,,,
halc.iadvize.com,Performance Cookies [Requires consent],iAdvize,JavaScript,-,,7,TRUE,https://www.CLIENT_X.co.ke/,Existing CM Trackers-Found,,,,,
www.CLIENT_X.co.ke,Essential cookies,CLIENT_X - Kenya,HTTP Cookie,bench_new_T3_68037,,0,,https://www.CLIENT_X.co.ke/,New First Party Trackers,,,,,
CLIENT_X.co.ke,Essential cookies,CLIENT_X - Kenya,HTTP Cookie,bench_new_T3_67454,,,,,Existing CM Trackers-Not Found,,,,,
CLIENT_X.co.ke,Essential cookies,CLIENT_X - Kenya,HTTP Cookie,bench_new_T3_67864,,400,,https://www.CLIENT_X.co.ke/,New First Party Trackers,,,,,
demdex.net,Targeted Advertising cookies (including social media),"Adobe Audience Manager, Adobe Experience Cloud",HTTP Cookie,bench_new_T3_67587,,,,,Existing CM Trackers-Not Found,,,,,
CLIENT_Xb2c.my.site.com,Performance cookies,"Salesforce.com, Inc.",ETag,bench_new_T3_68610,,,TRUE,https://www.CLIENT_X.co.ke/c-w/support-home/support-contact-page,Existing CM Trackers-Found,,,,,
CLIENT_X.co.ke,Essential cookies,CLIENT_X - Kenya,HTTP Cookie,bench_new_T3_67832,,session,TRUE,https://www.CLIENT_X.co.ke/,Existing CM Trackers-Found,,,,,
tracker-detail-page.trustarc.com,Essential cookies,TrustArc,JavaScript,bench_new_T3_68143,,,,https://www.CLIENT_X.co.ke/a-w/cookie-notice,New Third Party Trackers,,,,,
googleads.g.doubleclick.net,Targeted Advertising cookies (including social media),Google Advertising Products,Beacon,_ga_failed_lookup_marker_42_910,,,TRUE,https://www.CLIENT_X.co.ke/,Existing CM Trackers-Found,,,,,
analytics.tiktok.com,Targeted Advertising cookies (including social media),TikTok,JavaScript,bench_new_T3_67757,,,,,Existing CM Trackers-Not Found,,,,,
CLIENT_X.co.ke,Essential cookies,CLIENT_X - Kenya,HTTP Cookie,bench_new_T3_67958,,,,,Existing CM Trackers-Not Found,,,,,
www.lighting.CLIENT_X.com.tr,Essential cookies (exempt from consent),Signify (formerly CLIENT_X Lighting),HTTP Cookie,s_mc,,bench_update_duration,,,Existing CM Trackers-Not Found,,,,,
CLIENT_X.co.ke,Essential cookies,CLIENT_X - Kenya,HTTP Cookie,bench_new_T3_67968,,session,TRUE,https://www.CLIENT_X.co.ke/,Existing CM Trackers-Found,,,,,
linkedin.com,Targeted Advertising cookies (including social media),LinkedIn,HTTP Cookie,bench_new_T3_68306,,180,TRUE,https://www.CLIENT_X.co.ke/c-e/ho/homeid-app.html,Existing CM Trackers-Found,,,,,
CLIENT_X.co.ke,Essential cookies,CLIENT_X - Kenya,HTTP Cookie,bench_new_T3_67694,,90,TRUE,https://www.CLIENT_X.co.ke/,Existing CM Trackers-Found,,,,,
maps.googleapis.com,Performance cookies,Google Inc.,JavaScript,bench_new_T3_68517,,,TRUE,https://www.CLIENT_X.co.ke/a-w/about-us.html,Existing CM Trackers-Found,,,,,
lux.speedcurve.com,Performance cookies,Speedcurve,JavaScript,bench_new_T3_68533,,,,https://www.CLIENT_X.co.ke/healthcare/resources/landing/aed-back-to-the-rhythm,New Third Party Trackers,,,,,
CLIENT_X.co.ke,Essential cookies,CLIENT_X - Kenya,HTTP Cookie,bench_new_T3_68743,,,,,Existing CM Trackers-Not Found,,,,,
www.CLIENT_X.co.ke,Essential cookies,CLIENT_X - Kenya,HTTP Cookie,bench_new_T3_68655,,session,TRUE,https://www.CLIENT_X.co.ke/,Existing CM Trackers-Found,,,,,
c.go-mpulse.net,Performance cookies,Akamai,JavaScript,bench_new_T3_68170,,,,,Existing CM Trackers-Not Found,,,,,
www.CLIENT_X.co.ke,Essential cookies,CLIENT_X - Kenya,ETag,_ga_failed_lookup_marker_42_922,,,TRUE,https://www.CLIENT_X.co.ke/,Existing CM Trackers-Found,,,,,
*.t.eloqua.com,Targeted Advertising cookies (including social media),Oracle Marketing,JavaScript,bench_new_T3_67840,,,,https://www.CLIENT_X.co.ke/healthcare/sites/lumify-handheld-ultrasound/specialty/primary-care-specialty-practices,Existing CM Trackers-Found,,,,,
eloqua.com,Targeted Advertising cookies (including social media),Oracle Marketing,HTTP Cookie,bench_new_T3_68038,,392,TRUE,https://www.CLIENT_X.co.ke/healthcare/sites/lumify-handheld-ultrasound/comparison-pop-up-new,Existing CM Trackers-Found,,,,,
CLIENT_X.co.ke,Essential cookies,CLIENT_X - Kenya,HTTP Cookie,bench_new_T3_68513,,,,,Existing CM Trackers-Not Found,,,,,
assets.adobedtm.com,Performance cookies,Adobe Inc.,JavaScript,bench_new_T3_67918,,,,,Existing CM Trackers-Not Found,,,,,
*.t.eloqua.com,Targeted Advertising cookies (including social media),Oracle Marketing,JavaScript,bench_new_T3_68413,,,,https://www.CLIENT_X.co.ke/healthcare/sites/lumify-handheld-ultrasound/specialty/primary-care-specialty-practices,Existing CM Trackers-Found,,,,,
tag-logger.demandbase.com,Targeted Advertising cookies (including social media),"Demandbase, Inc.",ETag,_ga_failed_lookup_marker_42_928,,,,https://www.CLIENT_X.co.ke/healthcare/sites/lumify,New Third Party Trackers,,,,,
CLIENT_X.co.ke,Essential cookies,CLIENT_X - Kenya,HTTP Cookie,bench_new_T3_67995,,session,TRUE,https://www.CLIENT_X.co.ke/,Existing CM Trackers-Found,,,,,
tracker-detail-page.trustarc.com,Essential cookies,TrustArc,ETag,bench_new_T3_68293,,,,https://www.CLIENT_X.co.ke/a-w/cookie-notice,New Third Party Trackers,,,,,
i.ytimg.com,Targeted Advertising cookies (including social media),Google Inc.,ETag,bench_new_T3_67793,,,TRUE,https://www.CLIENT_X.co.ke/c-t/XC000004908/my-skin-is-irritated-after-using-my-CLIENT_X-epilator,Existing CM Trackers-Found,,,,,
www.CLIENT_X.co.ke,Essential cookies,CLIENT_X - Kenya,HTTP Cookie,bench_new_T3_67280,,365,TRUE,https://www.CLIENT_X.co.ke/,Existing CM Trackers-Found,,,,,
www.googleapis.com,Performance cookies,Google Inc.,JavaScript,bench_new_T3_68528,,,TRUE,https://www.CLIENT_X.co.ke/c-t/XC000004908/my-skin-is-irritated-after-using-my-CLIENT_X-epilator,Existing CM Trackers-Found,,,,,
snap.licdn.com,Performance cookies,LinkedIn,JavaScript,bench_new_T3_67842,,,TRUE,https://www.CLIENT_X.co.ke/c-e/ho/homeid-app.html,Existing CM Trackers-Found,,,,,
CLIENT_X.co.ke,Essential cookies,CLIENT_X - Kenya,HTTP Cookie,bench_new_T3_68419,,60,TRUE,https://www.CLIENT_X.co.ke/,Existing CM Trackers-Found,,,,,
www.CLIENT_X.com.cn,Essential cookies (exempt from consent),CLIENT_X - China,HTTP Cookie,mdLogger,,bench_update_duration,,https://www.CLIENT_X.co.ke/healthcare/sites/lumify,Existing CM Trackers-Found,,,,,
CLIENT_X.co.ke,Essential cookies,CLIENT_X - Kenya,HTTP Cookie,bench_new_T3_67817,,,,,Existing CM Trackers-Not Found,,,,,
CLIENT_X.lv,Essential cookies (exempt from consent),CLIENT_X - Latvia,HTTP Cookie,s_eVar8,,bench_update_duration,,,Existing CM Trackers-Not Found,,,,,
region1.google-analytics.com,Performance cookies,Google Inc.,HTTP Cookie,bench_new_T3_67275,,,,,Existing CM Trackers-Not Found,,,,,
munchkin.marketo.net,Targeted Advertising cookies (including social media),Marketo,JavaScript,bench_new_T3_68460,,,,,Existing CM Trackers-Not Found,,,,,
lighting.CLIENT_X.co.ke,Essential cookies,Signify (formerly CLIENT_X Lighting),HTTP Cookie,bench_new_T3_67829,,,,,Existing CM Trackers-Not Found,,,,,
dpm.demdex.net,Targeted Advertising cookies (including social media),"Adobe Audience Manager, Adobe Experience Cloud",HTTP Cookie,bench_new_T3_68648,,,,,Existing CM Trackers-Not Found,,,,,
www.CLIENT_X.co.ke,Performance cookies,CLIENT_X - Kenya,HTTP Cookie,bench_new_T3_67385,,,,,Existing CM Trackers-Not Found,,,,,
CLIENT_X.co.in,Essential cookies (exempt from consent),CLIENT_X - India,HTTP Cookie,s_vtime,,30,TRUE,https://www.CLIENT_X.co.ke/,Existing CM Trackers-Found,,,,,
www.CLIENT_X.com.pk,Essential cookies (exempt from consent),CLIENT_X - Pakistan,HTTP Cookie,kampyleSessionPageCounter,,,,,Existing CM Trackers-Not Found,,,,,
eloqua.com,Targeted Advertising cookies (including social media),Oracle Marketing,HTTP Cookie,_ga_failed_lookup_marker_42_946,,392,TRUE,https://www.CLIENT_X.co.ke/healthcare/sites/lumify-handheld-ultrasound/comparison-pop-up-new,Existing CM Trackers-Found,,,,,
www.CLIENT_X.co.ke,Essential cookies,CLIENT_X - Kenya,HTTP Cookie,bench_new_T3_68713,,,,,Existing CM Trackers-Not Found,,,,,
googleads.g.doubleclick.net,Targeted Advertising cookies (including social media),Google Advertising Products,Beacon,bench_new_T3_68481,,,TRUE,https://www.CLIENT_X.co.ke/,Existing CM Trackers-Found,,,,,
connect.facebook.net,Targeted Advertising cookies (including social media),Meta (formerly Facebook),JavaScript,bench_new_T3_67619,,,TRUE,https://www.CLIENT_X.co.ke/,Existing CM Trackers-Found,,,,,
decibelinsight.net,Performance cookies,Medallia,HTTP Cookie,bench_new_T3_68161,,,,,Existing CM Trackers-Not Found,,,,,
tracker-detail-page.trustarc.com,Essential cookies,TrustArc,JavaScript,bench_new_T3_68634,,,,https://www.CLIENT_X.co.ke/a-w/cookie-notice,New Third Party Trackers,,,,,
www.CLIENT_X.co.ke,Performance cookies,CLIENT_X - Kenya,HTTP Cookie,bench_new_T3_68312,,session,TRUE,https://www.CLIENT_X.co.ke/,Existing CM Trackers-Found,,,,,
s334834414.t.eloqua.com,Performance cookies,Oracle Marketing,JavaScript,bench_new_T3_68117,,,,https://www.CLIENT_X.co.ke/healthcare/sites/lumify-handheld-ultrasound/specialty/primary-care-specialty-practices,New Third Party Trackers,,,,,
lighting.CLIENT_X.co.ke,Essential cookies,Signify (formerly CLIENT_X Lighting),Local Storage,bench_new_T3_67568,,,,,Existing CM Trackers-Not Found,,,,,
www.CLIENT_X.co.ke,Essential cookies,CLIENT_X - Kenya,HTTP Cookie,bench_new_T3_67666,,,,,Existing CM Trackers-Not Found,,,,,
CLIENT_X.co.ke,Essential cookies,CLIENT_X - Kenya,HTTP Cookie,bench_new_T3_68556,,,,,Existing CM Trackers-Not Found,,,,,
CLIENT_X.co.ke,Essential cookies,CLIENT_X - Kenya,HTTP Cookie,_ga_failed_lookup_marker_42_957,,0,TRUE,https://www.CLIENT_X.co.ke/,Existing CM Trackers-Found,,,,,
www.CLIENT_X.co.ke,Essential cookies,CLIENT_X - Kenya,HTTP Cookie,bench_new_T3_68793,,30,TRUE,https://www.CLIENT_X.co.ke/,Existing CM Trackers-Found,,,,,
maps.googleapis.com,Performance cookies,Google Inc.,ETag,bench_new_T3_67867,,,TRUE,https://www.CLIENT_X.co.ke/a-w/about-us.html,Existing CM Trackers-Found,,,,,
lighting.CLIENT_X.co.ke,Essential cookies,Signify (formerly CLIENT_X Lighting),HTTP Cookie,bench_new_T3_67567,,,,,Existing CM Trackers-Not Found,,,,,
CLIENT_X.co.ke,Essential cookies,CLIENT_X - Kenya,HTTP Cookie,bench_new_T3_67613,,365,,https://www.CLIENT_X.co.ke/,New First Party Trackers,,,,,
www.CLIENT_X.co.ke,Essential cookies,CLIENT_X - Kenya,HTTP Cookie,bench_new_T3_68314,,0,,https://www.CLIENT_X.co.ke/,New First Party Trackers,,,,,
agent-versuni.mindtouch.us,Performance cookies,MindTouch,HTTP Cookie,bench_new_T3_67771,,session,,https://www.CLIENT_X.co.ke/c-f/XC000021443/my-CLIENT_X-fan-makes-an-unusual-noise-when-oscillating,New Third Party Trackers,,,,,
amazon-adsystem.com,Targeted Advertising cookies (including social media),Amazon Ads,HTTP Cookie,bench_new_T3_68286,,,,,Existing CM Trackers-Not Found,,,,,
www.googletagmanager.com,Performance cookies,Google Inc.,JavaScript,bench_new_T3_67818,,,TRUE,https://www.CLIENT_X.co.ke/,Existing CM Trackers-Found,,,,,
www.CLIENT_X.es,Essential cookies (exempt from consent),CLIENT_X - Spain,HTTP Cookie,kampyleUserSession,,,TRUE,https://www.CLIENT_X.co.ke/,Existing CM Trackers-Found,,,,,
dpm.demdex.net,Targeted Advertising cookies (including social media),"Adobe Audience Manager, Adobe Experience Cloud",Beacon,bench_new_T3_67827,,,,,Existing CM Trackers-Not Found,,,,,
*.t.eloqua.com,Targeted Advertising cookies (including social media),Oracle Marketing,Beacon,bench_new_T3_67946,,,,https://www.CLIENT_X.co.ke/healthcare/sites/lumify,Existing CM Trackers-Found,,,,,
CLIENT_X.co.ke,Essential cookies,CLIENT_X - Kenya,HTTP Cookie,bench_new_T3_67699,,0,TRUE,https://www.CLIENT_X.co.ke/,Existing CM Trackers-Found,,,,,
dpm.demdex.net,Targeted Advertising cookies (including social media),"Adobe Audience Manager, Adobe Experience Cloud",Beacon,bench_new_T3_67504,,,,,Existing CM Trackers-Not Found,,,,,
www.google.com,Essential cookies,Google Inc.,HTTP Cookie,bench_new_T3_68377,,180,TRUE,https://www.CLIENT_X.co.ke/c-m-ac/household-accessories,Existing CM Trackers-Found,,,,,
smetrics.marketing.CLIENT_X-hue.com,Targeted Advertising cookies (including social media),CLIENT_X Hue,JavaScript,bench_new_T3_68349,,,,,Existing CM Trackers-Not Found,,,,,
www.CLIENT_X.co.ke,Essential cookies,CLIENT_X - Kenya,HTTP Cookie,bench_new_T3_67429,,365,TRUE,https://www.CLIENT_X.co.ke/,Existing CM Trackers-Found,,,,,
cdn.channelsight.com,Essential cookies,ChannelSight,ETag,bench_new_T3_67615,,,TRUE,https://www.CLIENT_X.co.ke/c-p/BRR454_00/5000-series-facial-hair-remover,Existing CM Trackers-Found,,,,,
CLIENT_X.co.ke,Essential cookies,CLIENT_X - Kenya,HTTP Cookie,bench_new_T3_68227,,400,,https://www.CLIENT_X.co.ke/,New First Party Trackers,,,,,
CLIENT_X.co.ke,Essential cookies,CLIENT_X - Kenya,HTTP Cookie,bench_new_T3_67807,,,,,Existing CM Trackers-Not Found,,,,,
www.googleapis.com,Performance cookies,Google Inc.,JavaScript,bench_new_T3_68541,,,TRUE,https://www.CLIENT_X.co.ke/c-t/XC000004908/my-skin-is-irritated-after-using-my-CLIENT_X-epilator,Existing CM Trackers-Found,,,,,
s2.go-mpulse.net,Performance cookies,Akamai,JavaScript,_ga_failed_lookup_marker_42_978,,,,,Existing CM Trackers-Not Found,,,,,
snapchat.com,Targeted Advertising cookies (including social media),Snap Inc.,HTTP Cookie,bench_new_T3_68270,,390,TRUE,https://www.CLIENT_X.co.ke/c-e/ho/homeid-app.html,Existing CM Trackers-Found,,,,,
CLIENT_X.co.ke,Essential cookies,CLIENT_X - Kenya,HTTP Cookie,bench_new_T3_68456,,,,,Existing CM Trackers-Not Found,,,,,
www.facebook.com,Targeted Advertising cookies (including social media),Meta (formerly Facebook),Beacon,bench_new_T3_68664,,,,,Existing CM Trackers-Not Found,,,,,
www.googleapis.com,Performance cookies,Google Inc.,JavaScript,bench_new_T3_67903,,,TRUE,https://www.CLIENT_X.co.ke/c-t/XC000004908/my-skin-is-irritated-after-using-my-CLIENT_X-epilator,Existing CM Trackers-Found,,,,,
maps.googleapis.com,Performance cookies,Google Inc.,ETag,bench_new_T3_67663,,,TRUE,https://www.CLIENT_X.co.ke/a-w/about-us.html,Existing CM Trackers-Found,,,,,
CLIENT_X.112.2o7.net,Performance cookies,"Adobe Audience Manager, Adobe Experience Cloud",Beacon,bench_new_T3_67614,,,TRUE,https://www.CLIENT_X.co.ke/,Existing CM Trackers-Found,,,,,
www.accounts.CLIENT_X.com,Essential cookies,Koninklijke CLIENT_X N.V.,ETag,bench_new_T3_68397,,,,,Existing CM Trackers-Not Found,,,,,
www.CLIENT_X.co.ke,Essential cookies,CLIENT_X - Kenya,HTTP Cookie,bench_new_T3_68208,,,,,Existing CM Trackers-Not Found,,,,,
CLIENT_X.cz,Essential cookies (exempt from consent),CLIENT_X - Czech Republic,HTTP Cookie,internalUserCheck,,365,TRUE,https://www.CLIENT_X.co.ke/,Existing CM Trackers-Found,,,,,
www.CLIENT_X.co.ke,Essential cookies,CLIENT_X - Kenya,HTTP Cookie,bench_new_T3_67537,,365,TRUE,https://www.CLIENT_X.co.ke/,Existing CM Trackers-Found,,,,,
eloqua.com,Essential cookies,Oracle Marketing,HTTP Cookie,_ga_failed_lookup_marker_42_989,,392,TRUE,https://www.CLIENT_X.co.ke/healthcare/sites/lumify-handheld-ultrasound/comparison-pop-up-new,Existing CM Trackers-Found,,,,,
www.CLIENT_X.ma,Essential cookies (exempt from consent),CLIENT_X - Morocco,HTTP Cookie,user_country,,bench_update_duration,,,Existing CM Trackers-Not Found,,,,,
www.CLIENT_X.co.ke,Essential cookies,CLIENT_X - Kenya,HTTP Cookie,bench_new_T3_67869,,365,TRUE,https://www.CLIENT_X.co.ke/,Existing CM Trackers-Found,,,,,
tag-logger.demandbase.com,Targeted Advertising cookies (including social media),"Demandbase, Inc.",ETag,bench_new_T3_68366,,,,https://www.CLIENT_X.co.ke/healthcare/sites/lumify,New Third Party Trackers,,,,,
consent.trustarc.com,Essential cookies,TrustArc,JavaScript,bench_new_T3_68153,,,TRUE,https://www.CLIENT_X.co.ke/,Existing CM Trackers-Found,,,,,
CLIENT_X.co.ke,Targeted Advertising cookies (including social media),CLIENT_X - Kenya,HTTP Cookie,bench_new_T3_67870,,,,,Existing CM Trackers-Not Found,,,,,
www.CLIENT_X.com,Essential cookies,Koninklijke CLIENT_X N.V.,JavaScript,bench_new_T3_67478,,,TRUE,https://www.CLIENT_X.co.ke/healthcare/product/HC866199,Existing CM Trackers-Found,,,,,
www.CLIENT_X.co.ke,Essential cookies,CLIENT_X - Kenya,HTTP Cookie,bench_new_T3_67845,,,,,Existing CM Trackers-Not Found,,,,,
script.hotjar.com,Targeted Advertising cookies (including social media),Hotjar,ETag,_ga_failed_lookup_marker_42_997,,,,,Existing CM Trackers-Not Found,,,,,
i.ytimg.com,Targeted Advertising cookies (including social media),Google Inc.,ETag,bench_new_T3_68440,,,TRUE,https://www.CLIENT_X.co.ke/c-t/XC000004908/my-skin-is-irritated-after-using-my-CLIENT_X-epilator,Existing CM Trackers-Found,,,,,
www.google.com,Essential cookies,Google Inc.,HTTP Cookie,bench_new_T3_67809,,180,TRUE,https://www.CLIENT_X.co.ke/c-m-ac/household-accessories,Existing CM Trackers-Found,,,,,
CLIENT_X.co.uk,Targeted Advertising cookies (including social media),CLIENT_X - United Kingdom,Local Storage,bench_new_T3_67755,,,,,Existing CM Trackers-Not Found,,,,,
c.amazon-adsystem.com,Targeted Advertising cookies (including social media),Amazon Ads,JavaScript,bench_new_T3_68616,,,,,Existing CM Trackers-Not Found,,,,,
linkedin.com,Targeted Advertising cookies (including social media),LinkedIn,HTTP Cookie,bench_new_T3_68573,,365,TRUE,https://www.CLIENT_X.co.ke/c-e/ho/homeid-app.html,Existing CM Trackers-Found,,,,,
tremorhub.com,Targeted Advertising cookies (including social media),"Magnite CTV, Inc.",HTTP Cookie,_ga_failed_lookup_marker_42_1003,,400,,https://www.CLIENT_X.co.ke/a-w/about,New Third Party Trackers,,,,,
c.amazon-adsystem.com,Targeted Advertising cookies (including social media),Amazon Ads,ETag,bench_new_T3_67620,,,,,Existing CM Trackers-Not Found,,,,,
*.t.eloqua.com,Targeted Advertising cookies (including social media),Oracle Marketing,Beacon,bench_new_T3_67353,,,,https://www.CLIENT_X.co.ke/healthcare/sites/lumify,Existing CM Trackers-Found,,,,,
CLIENT_X.co.ke,Essential cookies,CLIENT_X - Kenya,HTTP Cookie,_ga_failed_lookup_marker_42_1006,,0,TRUE,https://www.CLIENT_X.co.ke/,Existing CM Trackers-Found,,,,,
company-target.com,Targeted Advertising cookies (including social media),"Demandbase, Inc.",HTTP Cookie,bench_new_T3_68313,,396,,https://www.CLIENT_X.co.ke/a-w/about,New Third Party Trackers,,,,,
CLIENT_X.co.ke,Targeted Advertising cookies (including social media),CLIENT_X - Kenya,HTTP Cookie,bench_new_T3_67853,,,,,Existing CM Trackers-Not Found,,,,,
yieldify-static-files.s3.amazonaws.com,Performance Cookies [Requires consent],Amazon (Web Services),ETag,-,,bench_update_duration,,https://www.CLIENT_X.co.ke/healthcare/sites/lumify-handheld-ultrasound/specialty/primary-care-specialty-practices,Existing CM Trackers-Found,,,,,
CLIENT_X.fr,Essential cookies (exempt from consent),CLIENT_X - France,HTTP Cookie,s_vtime,,bench_update_duration,TRUE,https://www.CLIENT_X.co.ke/,Existing CM Trackers-Found,,,,,
tr.snapchat.com,Targeted Advertising cookies (including social media),Snap Inc.,Beacon,bench_new_T3_68531,,,TRUE,https://www.CLIENT_X.co.ke/c-e/ho/homeid-app.html,Existing CM Trackers-Found,,,,,
www.CLIENT_X.co.ke,Essential cookies,CLIENT_X - Kenya,HTTP Cookie,bench_new_T3_68059,,,,,Existing CM Trackers-Not Found,,,,,
youtube.com,Targeted Advertising cookies (including social media),Google Advertising Products,HTTP Cookie,bench_new_T3_68620,,180,TRUE,https://www.CLIENT_X.co.ke/c-m-mo/articles-bottle-feeding-health/sterilising-baby-feeding-equipment,Existing CM Trackers-Found,,,,,
consent-st.trustarc.com,Essential cookies,TrustArc,JavaScript,bench_new_T3_68464,,,,https://www.CLIENT_X.co.ke/healthcare/product/HC866199,New Third Party Trackers,,,,,
www.static.accounts.CLIENT_X.com,Essential cookies,Koninklijke CLIENT_X N.V.,JavaScript,bench_new_T3_68600,,,,,Existing CM Trackers-Not Found,,,,,
www.CLIENT_X.co.ke,Essential cookies,CLIENT_X - Kenya,HTTP Cookie,bench_new_T3_68495,,365,TRUE,https://www.CLIENT_X.co.ke/,Existing CM Trackers-Found,,,,,
www.CLIENT_X.co.uk,Performance cookies,CLIENT_X - United Kingdom,ETag,bench_new_T3_67953,,,,,Existing CM Trackers-Not Found,,,,,
www.google.com,Targeted Advertising cookies (including social media),Google Inc.,JavaScript,bench_new_T3_68082,,,TRUE,https://www.CLIENT_X.co.ke/c-m-ac/household-accessories,Existing CM Trackers-Found,,,,,
sc-static.net,Targeted Advertising cookies (including social media),Snap Inc.,HTTP Cookie,bench_new_T3_68273,,1,TRUE,https://www.CLIENT_X.co.ke/c-e/ho/homeid-app.html,Existing CM Trackers-Found,,,,,
www.CLIENT_X.co.ke,Essential cookies,CLIENT_X - Kenya,HTTP Cookie,bench_new_T3_67249,,365,TRUE,https://www.CLIENT_X.co.ke/,Existing CM Trackers-Found,,,,,
cdn.mouseflow.com,Performance cookies,Mouseflow,JavaScript,bench_new_T3_68025,,,,https://www.CLIENT_X.co.ke/c-e/pe/mens-grooming-welcome.html,New Third Party Trackers,,,,,
www.lighting.CLIENT_X.co.ke,Essential cookies,Signify (formerly CLIENT_X Lighting),JavaScript,bench_new_T3_68389,,,,,Existing CM Trackers-Not Found,,,,,
raw.githubusercontent.com,Performance cookies,GitHub Inc.,ETag,bench_new_T3_67560,,,TRUE,https://www.CLIENT_X.co.ke/healthcare/support/distributors,Existing CM Trackers-Found,,,,,
maps.googleapis.com,Performance cookies,Google Inc.,JavaScript,bench_new_T3_68492,,,TRUE,https://www.CLIENT_X.co.ke/a-w/about-us.html,Existing CM Trackers-Found,,,,,
CLIENT_X.com,Essential cookies (exempt from consent),Koninklijke CLIENT_X N.V.,HTTP Cookie,s_cc,,bench_update_duration,TRUE,https://www.CLIENT_X.co.ke/c-p/BHH880_00/stylecare-essential-heated-straightening-brush,Existing CM Trackers-Found,,,,,
www.CLIENT_X.co.ke,Essential cookies,CLIENT_X - Kenya,HTTP Cookie,bench_new_T3_68760,,365,TRUE,https://www.CLIENT_X.co.ke/,Existing CM Trackers-Found,,,,,
www.CLIENT_X.co.uk,Performance cookies,CLIENT_X - United Kingdom,ETag,bench_new_T3_68278,,,,,Existing CM Trackers-Not Found,,,,,
CLIENT_X.co.ke,Essential cookies,CLIENT_X - Kenya,HTTP Cookie,bench_new_T3_67913,,session,TRUE,https://www.CLIENT_X.co.ke/,Existing CM Trackers-Found,,,,,
CLIENT_X.com.pe,Essential cookies (exempt from consent),CLIENT_X - Peru,HTTP Cookie,s_eVar8,,bench_update_duration,,https://www.CLIENT_X.co.ke/healthcare/product/HC866199,New Third Party Trackers,,,,,
CLIENT_X.co.ke,Performance cookies,CLIENT_X - Kenya,HTTP Cookie,_ga_failed_lookup_marker_42_1030,,,,,Existing CM Trackers-Not Found,,,,,
www.CLIENT_X.co.il,Essential cookies (exempt from consent),CLIENT_X - Israel,HTTP Cookie,user_country,,,TRUE,https://www.CLIENT_X.co.ke/c-p/BHH880_00/stylecare-essential-heated-straightening-brush,Existing CM Trackers-Found,,,,,
CLIENT_X.com.ph,Essential cookies (exempt from consent),CLIENT_X - Philippines,HTTP Cookie,_gid,,bench_update_duration,,,Existing CM Trackers-Not Found,,,,,
acsbapp.com,Performance cookies,accessiBe,JavaScript,bench_new_T3_68570,,,,,Existing CM Trackers-Not Found,,,,,
www.CLIENT_X.co.ke,Essential cookies,CLIENT_X - Kenya,HTTP Cookie,_ga_failed_lookup_marker_42_1034,,30,TRUE,https://www.CLIENT_X.co.ke/,Existing CM Trackers-Found,,,,,
*.t.eloqua.com,Targeted Advertising cookies (including social media),Oracle Marketing,Beacon,bench_new_T3_68133,,,,https://www.CLIENT_X.co.ke/healthcare/sites/lumify,Existing CM Trackers-Found,,,,,
snap.licdn.com,Performance cookies,LinkedIn,JavaScript,_ga_failed_lookup_marker_42_1036,,,TRUE,https://www.CLIENT_X.co.ke/c-e/ho/homeid-app.html,Existing CM Trackers-Found,,,,,
decibelinsight.net,Performance cookies,Medallia,HTTP Cookie,bench_new_T3_68583,,,,,Existing CM Trackers-Not Found,,,,,
CLIENT_X.co.ke,Essential cookies,CLIENT_X - Kenya,HTTP Cookie,bench_new_T3_68002,,session,TRUE,https://www.CLIENT_X.co.ke/,Existing CM Trackers-Found,,,,,
linkedin.com,Targeted Advertising cookies (including social media),LinkedIn,HTTP Cookie,bench_new_T3_68630,,1,TRUE,https://www.CLIENT_X.co.ke/c-e/ho/homeid-app.html,Existing CM Trackers-Found,,,,,
tr.snapchat.com,Targeted Advertising cookies (including social media),Snap Inc.,JavaScript,bench_new_T3_68593,,,TRUE,https://www.CLIENT_X.co.ke/c-e/ho/kitchen-appliances.html,Existing CM Trackers-Found,,,,,
CLIENT_X.co.ke,Essential cookies,CLIENT_X - Kenya,HTTP Cookie,bench_new_T3_67332,,session,TRUE,https://www.CLIENT_X.co.ke/,Existing CM Trackers-Found,,,,,
www.lighting.CLIENT_X.lv,Essential cookies (exempt from consent),Signify (formerly CLIENT_X Lighting),Local Storage,blank (local storage),,bench_update_duration,,,Existing CM Trackers-Not Found,,,,,
cdn.decibelinsight.net,Targeted Advertising cookies (including social media),Medallia,ETag,bench_new_T3_67938,,,,,Existing CM Trackers-Not Found,,,,,
nebula-cdn.kampyle.com,Performance cookies,Medallia,ETag,bench_new_T3_68566,,,TRUE,https://www.CLIENT_X.co.ke/,Existing CM Trackers-Found,,,,,
youtube.com,Targeted Advertising cookies (including social media),Google Advertising Products,HTTP Cookie,bench_new_T3_67593,,180,TRUE,https://www.CLIENT_X.co.ke/c-m-mo/articles-bottle-feeding-health/sterilising-baby-feeding-equipment,Existing CM Trackers-Found,,,,,
versuni.scene7.com,Performance cookies,Adobe Experience Cloud - Experience Manager,ETag,bench_new_T3_68414,,,TRUE,https://www.CLIENT_X.co.ke/c-f/XC000021994/how-to-clean-the-dust-bucket-and-filter-of-my-CLIENT_X-1000-series-bagless-vacuum-cleaner,Existing CM Trackers-Found,,,,,
www.CLIENT_X.co.ke,Essential cookies,CLIENT_X - Kenya,HTTP Cookie,_ga_failed_lookup_marker_42_1047,,7,,https://www.CLIENT_X.co.ke/,New First Party Trackers,,,,,
CLIENT_Xb2c.my.site.com,Performance cookies,"Salesforce.com, Inc.",Beacon,bench_new_T3_68180,,,TRUE,https://www.CLIENT_X.co.ke/c-w/support-home/support-contact-page,Existing CM Trackers-Found,,,,,
munchkin.marketo.net,Targeted Advertising cookies (including social media),Marketo,JavaScript,_ga_failed_lookup_marker_42_1049,,,,,Existing CM Trackers-Not Found,,,,,
CLIENT_X.co.ke,Essential cookies,CLIENT_X - Kenya,HTTP Cookie,bench_new_T3_68754,,session,TRUE,https://www.CLIENT_X.co.ke/,Existing CM Trackers-Found,,,,,
assets.adobedtm.com,Performance cookies,Adobe Inc.,JavaScript,bench_new_T3_67290,,,,,Existing CM Trackers-Not Found,,,,,
s2.go-mpulse.net,Performance cookies,Akamai,JavaScript,bench_new_T3_68091,,,,,Existing CM Trackers-Not Found,,,,,
CLIENT_X.co.ke,Performance cookies,CLIENT_X - Kenya,HTTP Cookie,bench_new_T3_67285,,,,,Existing CM Trackers-Not Found,,,,,
CLIENT_X.co.uk,Targeted Advertising cookies (including social media),CLIENT_X - United Kingdom,Local Storage,bench_new_T3_67417,,,,,Existing CM Trackers-Not Found,,,,,
www.lighting.CLIENT_X.co.ke,Essential cookies,Signify (formerly CLIENT_X Lighting),HTTP Cookie,bench_new_T3_68424,,,,,Existing CM Trackers-Not Found,,,,,
CLIENT_X.co.uk,Targeted Advertising cookies (including social media),CLIENT_X - United Kingdom,Local Storage,bench_new_T3_67445,,,,,Existing CM Trackers-Not Found,,,,,
smetrics.marketing.CLIENT_X-hue.com,Targeted Advertising cookies (including social media),CLIENT_X Hue,JavaScript,bench_new_T3_68175,,,,,Existing CM Trackers-Not Found,,,,,
www.CLIENT_X.fr,Essential cookies (exempt from consent),CLIENT_X - France,HTTP Cookie,eddl_itc_list,,,TRUE,https://www.CLIENT_X.co.ke/,Existing CM Trackers-Found,,,,,
c.amazon-adsystem.com,Targeted Advertising cookies (including social media),Amazon Ads,JavaScript,bench_new_T3_68360,,,,,Existing CM Trackers-Not Found,,,,,
www.static.accounts.CLIENT_X.com,Essential cookies,Koninklijke CLIENT_X N.V.,JavaScript,_ga_failed_lookup_marker_42_1060,,,,,Existing CM Trackers-Not Found,,,,,
cdn.decibelinsight.net,Targeted Advertising cookies (including social media),Medallia,ETag,bench_new_T3_68130,,,,,Existing CM Trackers-Not Found,,,,,
www.CLIENT_X.co.ke,Essential cookies,CLIENT_X - Kenya,JavaScript,bench_new_T3_68378,,,TRUE,https://www.CLIENT_X.co.ke/,Existing CM Trackers-Found,,,,,
www.CLIENT_X.co.ke,Essential cookies,CLIENT_X - Kenya,HTTP Cookie,bench_new_T3_68049,,,,,Existing CM Trackers-Not Found,,,,,
www.documents.CLIENT_X.com,Targeted Advertising cookies (including social media),Koninklijke CLIENT_X N.V.,ETag,bench_new_T3_67984,,,,https://www.CLIENT_X.co.ke/healthcare/procedure/early-warning-scoring,New Third Party Trackers,,,,,
stats.g.doubleclick.net,Targeted Advertising cookies (including social media),Google Advertising Products,Beacon,_ga_failed_lookup_marker_42_1065,,,TRUE,https://www.CLIENT_X.co.ke/,Existing CM Trackers-Found,,,,,
CLIENT_X.ch,Essential cookies (exempt from consent),CLIENT_X - Switzerland,HTTP Cookie,s_nrpv,,,,,Existing CM Trackers-Not Found,,,,,
www.lighting.CLIENT_X.co.in,Essential cookies (exempt from consent),Signify (formerly CLIENT_X Lighting),HTTP Cookie,AWSELB,,bench_update_duration,TRUE,https://www.CLIENT_X.co.ke/c-e/ho/homeid-app.html,Existing CM Trackers-Found,,,,,
agent-versuni.mindtouch.us,Performance cookies,MindTouch,HTTP Cookie,_ga_failed_lookup_marker_42_1068,,session,,https://www.CLIENT_X.co.ke/c-f/XC000021443/my-CLIENT_X-fan-makes-an-unusual-noise-when-oscillating,New Third Party Trackers,,,,,
lighting.CLIENT_X.co.id,Essential cookies (exempt from consent),Signify (formerly CLIENT_X Lighting),HTTP Cookie,s_sid,,,,,Existing CM Trackers-Not Found,,,,,
decibelinsight.net,Performance cookies,Medallia,HTTP Cookie,bench_new_T3_68258,,,,,Existing CM Trackers-Not Found,,,,,
images.CLIENT_X.com,Essential cookies,Koninklijke CLIENT_X N.V.,ETag,bench_new_T3_67972,,,TRUE,https://www.CLIENT_X.co.ke/c-p/BHH880_00/stylecare-essential-heated-straightening-brush,Existing CM Trackers-Found,,,,,
www.CLIENT_X.cl,Essential cookies (exempt from consent),CLIENT_X - Chile,HTTP Cookie,liveagent_sid,,,,,Existing CM Trackers-Not Found,,,,,
d2mjzob2nc713b.cloudfront.net,Performance Cookies [Requires consent],Amazon (Cloudfront),JavaScript,-,,bench_update_duration,,,Existing CM Trackers-Not Found,,,,,
versuni.scene7.com,Performance cookies,Adobe Experience Cloud - Experience Manager,ETag,bench_new_T3_67340,,,TRUE,https://www.CLIENT_X.co.ke/c-f/XC000021994/how-to-clean-the-dust-bucket-and-filter-of-my-CLIENT_X-1000-series-bagless-vacuum-cleaner,Existing CM Trackers-Found,,,,,
www.CLIENT_X.co.ke,Essential cookies,CLIENT_X - Kenya,HTTP Cookie,bench_new_T3_67686,,365,TRUE,https://www.CLIENT_X.co.ke/,Existing CM Trackers-Found,,,,,
collection.decibelinsight.net,Performance Cookies [Requires consent],Medallia,ETag,-,,,,,Existing CM Trackers-Not Found,,,,,
tracker-detail-page.trustarc.com,Essential cookies,TrustArc,JavaScript,_ga_failed_lookup_marker_42_1077,,,,https://www.CLIENT_X.co.ke/a-w/cookie-notice,New Third Party Trackers,,,,,
CLIENT_X.co.ke,Essential cookies,CLIENT_X - Kenya,HTTP Cookie,bench_new_T3_67314,,,,,Existing CM Trackers-Not Found,,,,,
i.ytimg.com,Targeted Advertising cookies (including social media),Google Inc.,ETag,bench_new_T3_67359,,,TRUE,https://www.CLIENT_X.co.ke/c-t/XC000004908/my-skin-is-irritated-after-using-my-CLIENT_X-epilator,Existing CM Trackers-Found,,,,,
CLIENT_X.co.ke,Essential cookies,CLIENT_X - Kenya,HTTP Cookie,bench_new_T3_68274,,session,TRUE,https://www.CLIENT_X.co.ke/,Existing CM Trackers-Found,,,,,
consent.trustarc.com,Essential cookies,TrustArc,JavaScript,bench_new_T3_68753,,,TRUE,https://www.CLIENT_X.co.ke/,Existing CM Trackers-Found,,,,,
tr.snapchat.com,Targeted Advertising cookies (including social media),Snap Inc.,Beacon,bench_new_T3_67648,,,TRUE,https://www.CLIENT_X.co.ke/c-e/ho/homeid-app.html,Existing CM Trackers-Found,,,,,
decibelinsight.net,Performance cookies,Medallia,HTTP Cookie,bench_new_T3_68347,,,,,Existing CM Trackers-Not Found,,,,,
CLIENT_X.co.ke,Essential cookies,CLIENT_X - Kenya,HTTP Cookie,bench_new_T3_68235,,,,,Existing CM Trackers-Not Found,,,,,
CLIENT_X.co.ke,Essential cookies,CLIENT_X - Kenya,HTTP Cookie,bench_new_T3_68391,,,,https://www.CLIENT_X.co.ke/,Existing CM Trackers-Found,,,,,
consent.trustarc.com,Essential cookies,TrustArc,JavaScript,bench_new_T3_68569,,,TRUE,https://www.CLIENT_X.co.ke/,Existing CM Trackers-Found,,,,,
CLIENT_X.co.ke,Essential cookies,CLIENT_X - Kenya,HTTP Cookie,bench_new_T3_67377,,,,,Existing CM Trackers-Not Found,,,,,
www.CLIENT_X.ua,Essential cookies (exempt from consent),CLIENT_X - Ukraine,HTTP Cookie,shop-health,,bench_update_duration,,https://www.CLIENT_X.co.ke/c-e/pe/mens-grooming-welcome.html,New Third Party Trackers,,,,,
tag-logger.demandbase.com,Targeted Advertising cookies (including social media),"Demandbase, Inc.",ETag,_ga_failed_lookup_marker_42_1089,,,,https://www.CLIENT_X.co.ke/healthcare/sites/lumify,New Third Party Trackers,,,,,
koninklijkeCLIENT_Xnvproduction2k8xfrmr.analytics.org.coveo.com,Performance cookies,Coveo Solutions Inc.,Beacon,bench_new_T3_68256,,,,https://www.CLIENT_X.co.ke/a-w/about/news/all-news.html,New Third Party Trackers,,,,,
CLIENT_X.co.uk,Essential cookies,CLIENT_X - United Kingdom,HTTP Cookie,bench_new_T3_68355,,,,,Existing CM Trackers-Not Found,,,,,
doubleclick.net,Targeted Advertising cookies (including social media),Google Advertising Products,HTTP Cookie,_ga_failed_lookup_marker_42_1092,,,,,Existing CM Trackers-Not Found,,,,,
ssl-static.janraincapture.com,Performance cookies,Akamai,JavaScript,bench_new_T3_68199,,,,,Existing CM Trackers-Not Found,,,,,
demdex.net,Targeted Advertising cookies (including social media),"Adobe Audience Manager, Adobe Experience Cloud",HTTP Cookie,bench_new_T3_67689,,,,,Existing CM Trackers-Not Found,,,,,
CLIENT_X.co.ke,Essential cookies,CLIENT_X - Kenya,HTTP Cookie,bench_new_T3_68183,,,,,Existing CM Trackers-Not Found,,,,,
youtube.com,Targeted Advertising cookies (including social media),Google Advertising Products,HTTP Cookie,bench_new_T3_68068,,180,,https://www.CLIENT_X.co.ke/c-m-mo/articles-bottle-feeding-health/sterilising-baby-feeding-equipment,New Third Party Trackers,,,,,
region1.google-analytics.com,Performance cookies,Google Inc.,Beacon,bench_new_T3_68146,,,TRUE,https://www.CLIENT_X.co.ke/healthcare/product/HC989706000051,Existing CM Trackers-Found,,,,,
munchkin.marketo.net,Targeted Advertising cookies (including social media),Marketo,ETag,bench_new_T3_67676,,,,,Existing CM Trackers-Not Found,,,,,
munchkin.marketo.net,Targeted Advertising cookies (including social media),Marketo,JavaScript,bench_new_T3_68075,,,,,Existing CM Trackers-Not Found,,,,,
consent-st.trustarc.com,Essential cookies,TrustArc,JavaScript,bench_new_T3_68584,,,,https://www.CLIENT_X.co.ke/healthcare/product/HC866199,New Third Party Trackers,,,,,
www.CLIENT_X.co.ke,Essential cookies,CLIENT_X - Kenya,HTTP Cookie,bench_new_T3_68574,,,,,Existing CM Trackers-Not Found,,,,,
CLIENT_X.co.ke,Essential cookies,CLIENT_X - Kenya,HTTP Cookie,bench_new_T3_67545,,session,TRUE,https://www.CLIENT_X.co.ke/,Existing CM Trackers-Found,,,,,
amazon-adsystem.com,Targeted Advertising cookies (including social media),Amazon Ads,HTTP Cookie,bench_new_T3_67499,,,,,Existing CM Trackers-Not Found,,,,,
www.CLIENT_X.co.ke,Essential cookies,CLIENT_X - Kenya,HTTP Cookie,bench_new_T3_68330,,,,,Existing CM Trackers-Not Found,,,,,
CLIENT_X.co.ke,Essential cookies,CLIENT_X - Kenya,HTTP Cookie,bench_new_T3_68472,,,,,Existing CM Trackers-Not Found,,,,,
www.heartstream.com,Targeted Advertising cookies (including social media),Heartstream,JavaScript,bench_new_T3_68535,,,,https://www.CLIENT_X.co.ke/healthcare/product/HC989706000051,New Third Party Trackers,,,,,
company-target.com,Targeted Advertising cookies (including social media),"Demandbase, Inc.",HTTP Cookie,bench_new_T3_67601,,396,,https://www.CLIENT_X.co.ke/a-w/about,New Third Party Trackers,,,,,
www.youtube-nocookie.com,Preference cookies,Google Inc.,Local Storage,yt.innertube::requests,,bench_update_duration,TRUE,https://www.CLIENT_X.co.ke/,Existing CM Trackers-Found,,,,,
collection.decibelinsight.net,Performance cookies,Medallia,ETag,bench_new_T3_67731,,,,,Existing CM Trackers-Not Found,,,,,
CLIENT_X.com,Essential cookies,Koninklijke CLIENT_X N.V.,HTTP Cookie,bench_new_T3_68204,,,,,Existing CM Trackers-Not Found,,,,,
*.en25.com,Targeted Advertising cookies (including social media),Oracle Marketing,JavaScript,bench_new_T3_68446,,,,https://www.CLIENT_X.co.ke/healthcare/sites/lumify,Existing CM Trackers-Found,,,,,
lux.speedcurve.com,Performance cookies,Speedcurve,JavaScript,bench_new_T3_67534,,,,https://www.CLIENT_X.co.ke/healthcare/resources/landing/aed-back-to-the-rhythm,New Third Party Trackers,,,,,
www.CLIENT_X.co.ke,Essential cookies,CLIENT_X - Kenya,HTTP Cookie,bench_new_T3_67316,,1,,https://www.CLIENT_X.co.ke/,New First Party Trackers,,,,,
www.lighting.CLIENT_X.co.ke,Essential cookies,Signify (formerly CLIENT_X Lighting),HTTP Cookie,_ga_failed_lookup_marker_42_1114,,,,,Existing CM Trackers-Not Found,,,,,
CLIENT_X.112.2o7.net,Performance cookies,"Adobe Audience Manager, Adobe Experience Cloud",HTTP Cookie,bench_new_T3_67394,,400,,https://www.CLIENT_X.co.ke/,New Third Party Trackers,,,,,
www.lighting.CLIENT_X.co.za,Essential cookies (exempt from consent),Signify (formerly CLIENT_X Lighting),ETag,blank (etag),,bench_update_duration,TRUE,https://www.CLIENT_X.co.ke/c-w/support-home/support-contact-page,Existing CM Trackers-Found,,,,,
doubleclick.net,Targeted Advertising cookies (including social media),Google Advertising Products,HTTP Cookie,bench_new_T3_67805,,30,TRUE,https://www.CLIENT_X.co.ke/,Existing CM Trackers-Found,,,,,
images.CLIENT_X.com,Essential cookies,Koninklijke CLIENT_X N.V.,JavaScript,bench_new_T3_68317,,,TRUE,https://www.CLIENT_X.co.ke/c-f/XC000003591/what-kind-of-food-can-i-make-in-my-CLIENT_X-airfryer,Existing CM Trackers-Found,,,,,
CLIENT_X.co.ke,Targeted Advertising cookies (including social media),CLIENT_X - Kenya,HTTP Cookie,bench_new_T3_67427,,,,,Existing CM Trackers-Not Found,,,,,
CLIENT_X.co.ke,Essential cookies,CLIENT_X - Kenya,HTTP Cookie,bench_new_T3_67992,,,,,Existing CM Trackers-Not Found,,,,,
analytics-fe.digital-cloud-us-main.medallia.com,Performance cookies,Medallia,Beacon,bench_new_T3_68623,,,,https://www.CLIENT_X.co.ke/a-w/about,New Third Party Trackers,,,,,
www.CLIENT_X.co.ke,Essential cookies,CLIENT_X - Kenya,HTTP Cookie,bench_new_T3_68642,,365,TRUE,https://www.CLIENT_X.co.ke/,Existing CM Trackers-Found,,,,,
cdn.channelsight.com,Essential cookies,ChannelSight,ETag,bench_new_T3_67642,,,TRUE,https://www.CLIENT_X.co.ke/c-p/BRR454_00/5000-series-facial-hair-remover,Existing CM Trackers-Found,,,,,
lux.speedcurve.com,Performance cookies,Speedcurve,JavaScript,bench_new_T3_67456,,,,https://www.CLIENT_X.co.ke/healthcare/resources/landing/aed-back-to-the-rhythm,New Third Party Trackers,,,,,
www.CLIENT_X.nl,Essential cookies (exempt from consent),CLIENT_X - Netherlands,HTTP Cookie,liveagent_vc,,bench_update_duration,TRUE,https://www.CLIENT_X.co.ke/,Existing CM Trackers-Found,,,,,
www.lighting.CLIENT_X.co.ke,Essential cookies,Signify (formerly CLIENT_X Lighting),HTTP Cookie,bench_new_T3_67351,,,,,Existing CM Trackers-Not Found,,,,,
youtube.com,Targeted Advertising cookies (including social media),Google Advertising Products,HTTP Cookie,bench_new_T3_68646,,180,TRUE,https://www.CLIENT_X.co.ke/c-m-mo/articles-bottle-feeding-health/sterilising-baby-feeding-equipment,Existing CM Trackers-Found,,,,,
CLIENT_X.co.za,Essential cookies (exempt from consent),CLIENT_X - South Africa,HTTP Cookie,notice_behavior,,,TRUE,https://www.CLIENT_X.co.ke/c-p/BRR454_00/5000-series-facial-hair-remover,Existing CM Trackers-Found,,,,,
nebula-cdn.kampyle.com,Performance cookies,Medallia,ETag,bench_new_T3_67503,,,TRUE,https://www.CLIENT_X.co.ke/,Existing CM Trackers-Found,,,,,
CLIENT_X.co.ke,Essential cookies,CLIENT_X - Kenya,HTTP Cookie,bench_new_T3_68369,,,,,Existing CM Trackers-Not Found,,,,,
CLIENT_X.si,Essential cookies (exempt from consent),CLIENT_X - Slovenia,HTTP Cookie,s_ugv,,,,,Existing CM Trackers-Not Found,,,,,
snap.licdn.com,Performance cookies,LinkedIn,JavaScript,bench_new_T3_67261,,,TRUE,https://www.CLIENT_X.co.ke/c-e/ho/homeid-app.html,Existing CM Trackers-Found,,,,,
tr.snapchat.com,Targeted Advertising cookies (including social media),Snap Inc.,JavaScript,bench_new_T3_67517,,,TRUE,https://www.CLIENT_X.co.ke/c-e/ho/kitchen-appliances.html,Existing CM Trackers-Found,,,,,
www.CLIENT_X.com,Essential cookies,Koninklijke CLIENT_X N.V.,JavaScript,bench_new_T3_67227,,,TRUE,https://www.CLIENT_X.co.ke/healthcare/product/HC866199,Existing CM Trackers-Found,,,,,
img.en25.com,Performance cookies,Oracle Marketing,JavaScript,bench_new_T3_67709,,,,https://www.CLIENT_X.co.ke/healthcare/sites/lumify,New Third Party Trackers,,,,,
www.lighting.CLIENT_X.co.ke,Essential cookies,Signify (formerly CLIENT_X Lighting),HTTP Cookie,bench_new_T3_68653,,,,,Existing CM Trackers-Not Found,,,,,
static.hotjar.com,Performance cookies,Hotjar,JavaScript,bench_new_T3_68193,,,,,Existing CM Trackers-Not Found,,,,,
lux.speedcurve.com,Performance cookies,Speedcurve,JavaScript,bench_new_T3_68215,,,,https://www.CLIENT_X.co.ke/healthcare/resources/landing/aed-back-to-the-rhythm,New Third Party Trackers,,,,,
CLIENT_X.co.ke,Essential cookies,CLIENT_X - Kenya,HTTP Cookie,bench_new_T3_67747,,,,,Existing CM Trackers-Not Found,,,,,
consent-pref.trustarc.com,Essential cookies,TrustArc,JavaScript,_ga_failed_lookup_marker_42_1140,,,,https://www.CLIENT_X.co.ke/healthcare/product/HC866199,New Third Party Trackers,,,,,
consent-st.trustarc.com,Essential cookies,TrustArc,JavaScript,bench_new_T3_67522,,,,https://www.CLIENT_X.co.ke/healthcare/product/HC866199,New Third Party Trackers,,,,,
sc-static.net,Targeted Advertising cookies (including social media),Snap Inc.,HTTP Cookie,bench_new_T3_68223,,1,TRUE,https://www.CLIENT_X.co.ke/c-e/ho/homeid-app.html,Existing CM Trackers-Found,,,,,
www.CLIENT_X.com,Essential cookies,Koninklijke CLIENT_X N.V.,ETag,bench_new_T3_68069,,,TRUE,https://www.CLIENT_X.co.ke/a-w/about/news/all-news.html,Existing CM Trackers-Found,,,,,
cdn.decibelinsight.net,Targeted Advertising cookies (including social media),Medallia,ETag,bench_new_T3_68752,,,,,Existing CM Trackers-Not Found,,,,,
tracker-detail-page.trustarc.com,Essential cookies,TrustArc,JavaScript,bench_new_T3_67338,,,,https://www.CLIENT_X.co.ke/a-w/cookie-notice,New Third Party Trackers,,,,,
eloqua.com,Essential cookies,Oracle Marketing,HTTP Cookie,bench_new_T3_67905,,392,TRUE,https://www.CLIENT_X.co.ke/healthcare/sites/lumify-handheld-ultrasound/comparison-pop-up-new,Existing CM Trackers-Found,,,,,
cdn.decibelinsight.net,Targeted Advertising cookies (including social media),Medallia,JavaScript,bench_new_T3_68055,,,,,Existing CM Trackers-Not Found,,,,,
www.CLIENT_X.co.ke,Essential cookies,CLIENT_X - Kenya,HTTP Cookie,bench_new_T3_67991,,session,,https://www.CLIENT_X.co.ke/,New First Party Trackers,,,,,
px.ads.linkedin.com,Targeted Advertising cookies (including social media),LinkedIn,JavaScript,_ga_failed_lookup_marker_42_1149,,,TRUE,https://www.CLIENT_X.co.ke/healthcare/sites/lumify,Existing CM Trackers-Found,,,,,
CLIENT_X.co.ke,Essential cookies,CLIENT_X - Kenya,HTTP Cookie,bench_new_T3_67603,,,,,Existing CM Trackers-Not Found,,,,,
CLIENT_X.co.ke,Essential cookies,CLIENT_X - Kenya,HTTP Cookie,bench_new_T3_68558,,393,TRUE,https://www.CLIENT_X.co.ke/,Existing CM Trackers-Found,,,,,
amazon-adsystem.com,Targeted Advertising cookies (including social media),Amazon Ads,HTTP Cookie,bench_new_T3_67701,,,,,Existing CM Trackers-Not Found,,,,,
doubleclick.net,Targeted Advertising cookies (including social media),Google Advertising Products,HTTP Cookie,bench_new_T3_68216,,30,TRUE,https://www.CLIENT_X.co.ke/,Existing CM Trackers-Found,,,,,
CLIENT_X.co.ke,Essential cookies,CLIENT_X - Kenya,HTTP Cookie,bench_new_T3_68098,,,,,Existing CM Trackers-Not Found,,,,,
www.googleadservices.com,Targeted Advertising cookies (including social media),Google Advertising Products,ETag,bench_new_T3_68321,,,,,Existing CM Trackers-Not Found,,,,,
region1.google-analytics.com,Performance cookies,Google Inc.,Beacon,bench_new_T3_67591,,,TRUE,https://www.CLIENT_X.co.ke/healthcare/product/HC989706000051,Existing CM Trackers-Found,,,,,
CLIENT_X.gr,Essential cookies (exempt from consent),CLIENT_X - Greece,HTTP Cookie,FPID,,,,,Existing CM Trackers-Not Found,,,,,
www.googletagmanager.com,Performance cookies,Google Inc.,Beacon,_ga_failed_lookup_marker_42_1158,,,TRUE,https://www.CLIENT_X.co.ke/c-m-ho/food-preparation/chopper,Existing CM Trackers-Found,,,,,
CLIENT_X.co.ke,Essential cookies,CLIENT_X - Kenya,HTTP Cookie,bench_new_T3_68363,,session,TRUE,https://www.CLIENT_X.co.ke/,Existing CM Trackers-Found,,,,,
CLIENT_X.co.ke,Essential cookies,CLIENT_X - Kenya,HTTP Cookie,_ga_failed_lookup_marker_42_1160,,,,,Existing CM Trackers-Not Found,,,,,
www.googleapis.com,Performance cookies,Google Inc.,JavaScript,bench_new_T3_68275,,,TRUE,https://www.CLIENT_X.co.ke/c-t/XC000004908/my-skin-is-irritated-after-using-my-CLIENT_X-epilator,Existing CM Trackers-Found,,,,,
amazon-adsystem.com,Targeted Advertising cookies (including social media),Amazon Ads,HTTP Cookie,bench_new_T3_68445,,,,,Existing CM Trackers-Not Found,,,,,
sc-static.net,Targeted Advertising cookies (including social media),Snap Inc.,JavaScript,bench_new_T3_68291,,,TRUE,https://www.CLIENT_X.co.ke/c-e/ho/homeid-app.html,Existing CM Trackers-Found,,,,,
munchkin.marketo.net,Targeted Advertising cookies (including social media),Marketo,ETag,bench_new_T3_67678,,,,,Existing CM Trackers-Not Found,,,,,
koninklijkeCLIENT_Xnvproduction2k8xfrmr.org.coveo.com,Performance cookies,Coveo Solutions Inc.,Beacon,bench_new_T3_67963,,,,https://www.CLIENT_X.co.ke/a-w/about/news/all-news.html,New Third Party Trackers,,,,,
stats.g.doubleclick.net,Targeted Advertising cookies (including social media),Google Advertising Products,Beacon,bench_new_T3_68054,,,TRUE,https://www.CLIENT_X.co.ke/,Existing CM Trackers-Found,,,,,
www.CLIENT_X.de,Performance Cookies [Requires consent],CLIENT_X - Germany,ETag,-,,bench_update_duration,TRUE,https://www.CLIENT_X.co.ke/c-e/ho/homeid-app.html,Existing CM Trackers-Found,,,,,
maps.googleapis.com,Performance cookies,Google Inc.,ETag,bench_new_T3_68543,,,TRUE,https://www.CLIENT_X.co.ke/a-w/about-us.html,Existing CM Trackers-Found,,,,,
script.hotjar.com,Targeted Advertising cookies (including social media),Hotjar,ETag,bench_new_T3_68374,,,,,Existing CM Trackers-Not Found,,,,,
CLIENT_X.co.ke,Essential cookies,CLIENT_X - Kenya,HTTP Cookie,bench_new_T3_68399,,,,,Existing CM Trackers-Not Found,,,,,
assets.kampyle.com,Performance cookies,Medallia,ETag,bench_new_T3_67354,,,TRUE,https://www.CLIENT_X.co.ke/a-w/about,Existing CM Trackers-Found,,,,,
px.ads.linkedin.com,Targeted Advertising cookies (including social media),LinkedIn,JavaScript,bench_new_T3_67908,,,TRUE,https://www.CLIENT_X.co.ke/healthcare/sites/lumify,Existing CM Trackers-Found,,,,,
CLIENT_X.co.ke,Essential cookies,CLIENT_X - Kenya,HTTP Cookie,_ga_failed_lookup_marker_42_1173,,400,TRUE,https://www.CLIENT_X.co.ke/,Existing CM Trackers-Found,,,,,
widget-cdn.janraincapture.com,Performance cookies,Akamai,ETag,bench_new_T3_68644,,,,,Existing CM Trackers-Not Found,,,,,
www.googleadservices.com,Targeted Advertising cookies (including social media),Google Advertising Products,JavaScript,bench_new_T3_68602,,,,,Existing CM Trackers-Not Found,,,,,
maps.googleapis.com,Performance cookies,Google Inc.,ETag,bench_new_T3_67266,,,TRUE,https://www.CLIENT_X.co.ke/a-w/about-us.html,Existing CM Trackers-Found,,,,,
youtube.com,Targeted Advertising cookies (including social media),Google Advertising Products,HTTP Cookie,bench_new_T3_67204,,session,TRUE,https://www.CLIENT_X.co.ke/c-m-mo/articles-bottle-feeding-health/sterilising-baby-feeding-equipment,Existing CM Trackers-Found,,,,,
CLIENT_X.co.ke,Essential cookies,CLIENT_X - Kenya,HTTP Cookie,_ga_failed_lookup_marker_42_1178,,400,TRUE,https://www.CLIENT_X.co.ke/,Existing CM Trackers-Found,,,,,
CLIENT_X.co.ke,Targeted Advertising cookies (including social media),CLIENT_X - Kenya,HTTP Cookie,bench_new_T3_67746,,,,,Existing CM Trackers-Not Found,,,,,
linkedin.com,Targeted Advertising cookies (including social media),LinkedIn,HTTP Cookie,bench_new_T3_68695,,365,TRUE,https://www.CLIENT_X.co.ke/c-e/ho/homeid-app.html,Existing CM Trackers-Found,,,,,
doubleclick.net,Targeted Advertising cookies (including social media),Google Advertising Products,HTTP Cookie,bench_new_T3_68631,,,,,Existing CM Trackers-Not Found,,,,,
linkedin.com,Targeted Advertising cookies (including social media),LinkedIn,HTTP Cookie,bench_new_T3_67734,,1,TRUE,https://www.CLIENT_X.co.ke/c-e/ho/homeid-app.html,Existing CM Trackers-Found,,,,,
www.lighting.CLIENT_X.co.ke,Essential cookies,Signify (formerly CLIENT_X Lighting),JavaScript,bench_new_T3_67879,,,,,Existing CM Trackers-Not Found,,,,,
lighting.CLIENT_X.ua,Essential cookies (exempt from consent),Signify (formerly CLIENT_X Lighting),HTTP Cookie,com.adobe.alloy.getTld,,bench_update_duration,,https://www.CLIENT_X.co.ke/c-e/pe/mens-grooming-welcome.html,New Third Party Trackers,,,,,
www.lighting.CLIENT_X.co.ke,Essential cookies,Signify (formerly CLIENT_X Lighting),HTTP Cookie,bench_new_T3_68790,,,,,Existing CM Trackers-Not Found,,,,,
casalemedia.com,Targeted Advertising cookies (including social media),Index Exchange Inc.,HTTP Cookie,bench_new_T3_68629,,365,,https://www.CLIENT_X.co.ke/a-w/about,New Third Party Trackers,,,,,
CLIENT_X.at,Essential cookies (exempt from consent),CLIENT_X - Austria,HTTP Cookie,_fbp,,bench_update_duration,,https://www.CLIENT_X.co.ke/,New First Party Trackers,,,,,
CLIENT_X.co.ke,Essential cookies,CLIENT_X - Kenya,HTTP Cookie,bench_new_T3_68552,,,,,Existing CM Trackers-Not Found,,,,,
CLIENT_X.com.qa,Essential cookies (exempt from consent),CLIENT_X - Qatar,HTTP Cookie,s_cm,,,TRUE,https://www.CLIENT_X.co.ke/c-e/ho/homeid-app.html,Existing CM Trackers-Found,,,,,
CLIENT_Xb2c.my.site.com,Performance cookies,"Salesforce.com, Inc.",JavaScript,_ga_failed_lookup_marker_42_1190,,,TRUE,https://www.CLIENT_X.co.ke/c-w/support-home/support-contact-page,Existing CM Trackers-Found,,,,,
www.lighting.CLIENT_X.co.ke,Essential cookies,Signify (formerly CLIENT_X Lighting),JavaScript,bench_new_T3_67329,,,,,Existing CM Trackers-Not Found,,,,,
CLIENT_X.co.ke,Targeted Advertising cookies (including social media),CLIENT_X - Kenya,HTTP Cookie,bench_new_T3_68443,,,,,Existing CM Trackers-Not Found,,,,,
www.googletagmanager.com,Performance cookies,Google Inc.,Beacon,bench_new_T3_67241,,,TRUE,https://www.CLIENT_X.co.ke/c-m-ho/food-preparation/chopper,Existing CM Trackers-Found,,,,,
agent-versuni.mindtouch.us,Performance cookies,MindTouch,HTTP Cookie,bench_new_T3_67495,,session,,https://www.CLIENT_X.co.ke/c-f/XC000021443/my-CLIENT_X-fan-makes-an-unusual-noise-when-oscillating,New Third Party Trackers,,,,,
CLIENT_X.co.ke,Essential cookies,CLIENT_X - Kenya,HTTP Cookie,_ga_failed_lookup_marker_42_1195,,0,TRUE,https://www.CLIENT_X.co.ke/,Existing CM Trackers-Found,,,,,
www.googleadservices.com,Targeted Advertising cookies (including social media),Google Advertising Products,JavaScript,bench_new_T3_68386,,,,,Existing CM Trackers-Not Found,,,,,
www.CLIENT_X.co.ke,Essential cookies,CLIENT_X - Kenya,HTTP Cookie,bench_new_T3_68727,,,,,Existing CM Trackers-Not Found,,,,,
CLIENT_X.co.ke,Essential cookies,CLIENT_X - Kenya,HTTP Cookie,bench_new_T3_67467,,session,TRUE,https://www.CLIENT_X.co.ke/,Existing CM Trackers-Found,,,,,
CLIENT_X.co.ke,Essential cookies,CLIENT_X - Kenya,HTTP Cookie,bench_new_T3_68557,,400,TRUE,https://www.CLIENT_X.co.ke/,Existing CM Trackers-Found,,,,,
CLIENT_X.co.ke,Essential cookies,CLIENT_X - Kenya,HTTP Cookie,bench_new_T3_68771,,,,,Existing CM Trackers-Not Found,,,,,
www.CLIENT_X.co.ke,Essential cookies,CLIENT_X - Kenya,HTTP Cookie,bench_new_T3_67861,,session,TRUE,https://www.CLIENT_X.co.ke/,Existing CM Trackers-Found,,,,,
www.CLIENT_X.co.ke,Essential cookies,CLIENT_X - Kenya,HTTP Cookie,_ga_failed_lookup_marker_42_1202,,365,TRUE,https://www.CLIENT_X.co.ke/,Existing CM Trackers-Found,,,,,
youtube.com,Targeted Advertising cookies (including social media),Google Advertising Products,HTTP Cookie,_ga_failed_lookup_marker_42_1203,,180,TRUE,https://www.CLIENT_X.co.ke/c-m-mo/articles-bottle-feeding-health/sterilising-baby-feeding-equipment,Existing CM Trackers-Found,,,,,
www.google.ie,Targeted Advertising cookies (including social media),Google Inc.,Beacon,bench_new_T3_68014,,,TRUE,https://www.CLIENT_X.co.ke/,Existing CM Trackers-Found,,,,,
CLIENT_X.co.ke,Essential cookies,CLIENT_X - Kenya,HTTP Cookie,bench_new_T3_67372,,session,TRUE,https://www.CLIENT_X.co.ke/,Existing CM Trackers-Found,,,,,
dsum-sec.casalemedia.com,Targeted Advertising cookies (including social media),Index Exchange Inc.,Beacon,bench_new_T3_68773,,,,https://www.CLIENT_X.co.ke/a-w/about,New Third Party Trackers,,,,,
CLIENT_X.co.ke,Targeted Advertising cookies (including social media),CLIENT_X - Kenya,HTTP Cookie,bench_new_T3_68187,,7,TRUE,https://www.CLIENT_X.co.ke/,Existing CM Trackers-Found,,,,,
lux.speedcurve.com,Performance cookies,Speedcurve,JavaScript,bench_new_T3_68048,,,,https://www.CLIENT_X.co.ke/healthcare/resources/landing/aed-back-to-the-rhythm,New Third Party Trackers,,,,,
www.CLIENT_X.co.ke,Essential cookies,CLIENT_X - Kenya,HTTP Cookie,bench_new_T3_68252,,,,,Existing CM Trackers-Not Found,,,,,
CLIENT_X.co.ke,Performance cookies,CLIENT_X - Kenya,HTTP Cookie,bench_new_T3_67320,,,,,Existing CM Trackers-Not Found,,,,,
script.hotjar.com,Targeted Advertising cookies (including social media),Hotjar,ETag,bench_new_T3_67331,,,,,Existing CM Trackers-Not Found,,,,,
youtube.com,Targeted Advertising cookies (including social media),Google Advertising Products,HTTP Cookie,bench_new_T3_68345,,180,TRUE,https://www.CLIENT_X.co.ke/c-m-mo/articles-bottle-feeding-health/sterilising-baby-feeding-equipment,Existing CM Trackers-Found,,,,,
youtube.com,Targeted Advertising cookies (including social media),Google Advertising Products,HTTP Cookie,bench_new_T3_68410,,180,TRUE,https://www.CLIENT_X.co.ke/c-m-mo/articles-bottle-feeding-health/sterilising-baby-feeding-equipment,Existing CM Trackers-Found,,,,,
c.go-mpulse.net,Performance cookies,Akamai,JavaScript,bench_new_T3_67543,,,,,Existing CM Trackers-Not Found,,,,,
www.lighting.CLIENT_X.lt,Essential cookies (exempt from consent),Signify (formerly CLIENT_X Lighting),Local Storage,blank (local storage),,bench_update_duration,,https://www.CLIENT_X.co.ke/healthcare/sites/lumify,New Third Party Trackers,,,,,
versuni.scene7.com,Performance cookies,Adobe Experience Cloud - Experience Manager,JavaScript,bench_new_T3_68522,,,TRUE,https://www.CLIENT_X.co.ke/c-f/XC000021994/how-to-clean-the-dust-bucket-and-filter-of-my-CLIENT_X-1000-series-bagless-vacuum-cleaner,Existing CM Trackers-Found,,,,,
CLIENT_X.co.ke,Essential cookies,CLIENT_X - Kenya,HTTP Cookie,bench_new_T3_67954,,,,,Existing CM Trackers-Not Found,,,,,
collection.decibelinsight.net,Performance cookies,Medallia,ETag,bench_new_T3_68012,,,,,Existing CM Trackers-Not Found,,,,,
CLIENT_X.co.ke,Performance cookies,CLIENT_X - Kenya,HTTP Cookie,bench_new_T3_67466,,0,TRUE,https://www.CLIENT_X.co.ke/,Existing CM Trackers-Found,,,,,
www.lighting.CLIENT_X.co.ke,Essential cookies,Signify (formerly CLIENT_X Lighting),HTTP Cookie,bench_new_T3_68710,,,,,Existing CM Trackers-Not Found,,,,,
www.google.com,Essential cookies (exempt from consent),Google Inc.,Local Storage,rc::d-1695371215449,,90,TRUE,https://www.CLIENT_X.co.ke/,Existing CM Trackers-Found,,,,,
www.lighting.CLIENT_X.co.ke,Essential cookies,Signify (formerly CLIENT_X Lighting),HTTP Cookie,bench_new_T3_68669,,,,,Existing CM Trackers-Not Found,,,,,
assets.adobedtm.com,Performance cookies,Adobe Inc.,JavaScript,_ga_failed_lookup_marker_42_1223,,,,,Existing CM Trackers-Not Found,,,,,
lighting.CLIENT_X.co.ke,Essential cookies,Signify (formerly CLIENT_X Lighting),HTTP Cookie,bench_new_T3_67405,,,,,Existing CM Trackers-Not Found,,,,,
doubleclick.net,Targeted Advertising cookies (including social media),Google Advertising Products,HTTP Cookie,_ga_failed_lookup_marker_42_1225,,,,,Existing CM Trackers-Not Found,,,,,
www.lighting.CLIENT_X.co.ke,Essential cookies,Signify (formerly CLIENT_X Lighting),HTTP Cookie,bench_new_T3_68761,,,,,Existing CM Trackers-Not Found,,,,,
CLIENT_X.co.uk,Essential cookies,CLIENT_X - United Kingdom,HTTP Cookie,bench_new_T3_67650,,,,,Existing CM Trackers-Not Found,,,,,
CLIENT_X.112.2o7.net,Performance cookies,"Adobe Audience Manager, Adobe Experience Cloud",Beacon,bench_new_T3_68532,,,TRUE,https://www.CLIENT_X.co.ke/,Existing CM Trackers-Found,,,,,
www.CLIENT_X.co.ke,Essential cookies,CLIENT_X - Kenya,HTTP Cookie,bench_new_T3_67884,,7,,https://www.CLIENT_X.co.ke/,New First Party Trackers,,,,,
CLIENT_X.co.ke,Essential cookies,CLIENT_X - Kenya,HTTP Cookie,bench_new_T3_68672,,,,,Existing CM Trackers-Not Found,,,,,
youtube.com,Targeted Advertising cookies (including social media),Google Advertising Products,HTTP Cookie,bench_new_T3_68248,,180,TRUE,https://www.CLIENT_X.co.ke/c-m-mo/articles-bottle-feeding-health/sterilising-baby-feeding-equipment,Existing CM Trackers-Found,,,,,
www.CLIENT_X.co.ke,Essential cookies,CLIENT_X - Kenya,HTTP Cookie,bench_new_T3_68044,,365,TRUE,https://www.CLIENT_X.co.ke/,Existing CM Trackers-Found,,,,,
CLIENT_X.co.ke,Targeted Advertising cookies (including social media),CLIENT_X - Kenya,HTTP Cookie,bench_new_T3_67412,,7,TRUE,https://www.CLIENT_X.co.ke/,Existing CM Trackers-Found,,,,,
static.cloud.coveo.com,Targeted Advertising cookies (including social media),Coveo Solutions Inc.,ETag,bench_new_T3_68122,,,,,Existing CM Trackers-Not Found,,,,,
www.CLIENT_X.co.ke,Essential cookies,CLIENT_X - Kenya,HTTP Cookie,bench_new_T3_68242,,,,,Existing CM Trackers-Not Found,,,,,
CLIENT_X.co.ke,Essential cookies,CLIENT_X - Kenya,HTTP Cookie,bench_new_T3_68171,,,,,Existing CM Trackers-Not Found,,,,,
CLIENT_X.de,Essential cookies (exempt from consent),CLIENT_X - Germany,HTTP Cookie,zScalerUser,,0,TRUE,https://www.CLIENT_X.co.ke/,Existing CM Trackers-Found,,,,,
widget-cdn.janraincapture.com,Performance cookies,Akamai,JavaScript,bench_new_T3_67398,,,,,Existing CM Trackers-Not Found,,,,,
CLIENT_X.co.ke,Essential cookies,CLIENT_X - Kenya,HTTP Cookie,bench_new_T3_67738,,session,TRUE,https://www.CLIENT_X.co.ke/,Existing CM Trackers-Found,,,,,
www.CLIENT_X.com.kw,Essential cookies (exempt from consent),CLIENT_X - Kuwait,HTTP Cookie,kampyleUserSessionsCount,,,,https://www.CLIENT_X.co.ke/healthcare/sites/lumify,Existing CM Trackers-Found,,,,,
www.CLIENT_X.co.ke,Essential cookies,CLIENT_X - Kenya,HTTP Cookie,bench_new_T3_67583,,,,,Existing CM Trackers-Not Found,,,,,
www.heartstream.com,Targeted Advertising cookies (including social media),Heartstream,Beacon,bench_new_T3_67904,,,,https://www.CLIENT_X.co.ke/healthcare/product/HC989706000051,New Third Party Trackers,,,,,
www.CLIENT_X.lv,Essential cookies (exempt from consent),CLIENT_X - Latvia,HTTP Cookie,notice_settings,,bench_update_duration,,,Existing CM Trackers-Not Found,,,,,
*.akstat.io,Performance cookies,Akamai,Beacon,bench_new_T3_67511,,,,,Existing CM Trackers-Not Found,,,,,
assets.kampyle.com,Performance cookies,Medallia,ETag,bench_new_T3_67633,,,TRUE,https://www.CLIENT_X.co.ke/a-w/about,Existing CM Trackers-Found,,,,,
CLIENT_X.ru,Essential cookies (exempt from consent),CLIENT_X - Russia,HTTP Cookie,_gat,,,,,Existing CM Trackers-Not Found,,,,,
www.youtube.com,Targeted Advertising cookies (including social media),Google Advertising Products,JavaScript,bench_new_T3_68051,,,TRUE,https://www.CLIENT_X.co.ke/c-m-mo/articles-bottle-feeding-health/sterilising-baby-feeding-equipment,Existing CM Trackers-Found,,,,,
www.lighting.CLIENT_X.co.ke,Essential cookies,Signify (formerly CLIENT_X Lighting),HTTP Cookie,bench_new_T3_68163,,,,,Existing CM Trackers-Not Found,,,,,
CLIENT_X.co.ke,Essential cookies,CLIENT_X - Kenya,HTTP Cookie,bench_new_T3_67857,,session,TRUE,https://www.CLIENT_X.co.ke/,Existing CM Trackers-Found,,,,,
amazon-adsystem.com,Targeted Advertising cookies (including social media),Amazon Ads,HTTP Cookie,bench_new_T3_67789,,,,,Existing CM Trackers-Not Found,,,,,
*.t.eloqua.com,Targeted Advertising cookies (including social media),Oracle Marketing,Beacon,bench_new_T3_68031,,,,https://www.CLIENT_X.co.ke/healthcare/sites/lumify,Existing CM Trackers-Found,,,,,
CLIENT_X.co.ke,Essential cookies,CLIENT_X - Kenya,HTTP Cookie,bench_new_T3_67910,,session,TRUE,https://www.CLIENT_X.co.ke/,Existing CM Trackers-Found,,,,,
CLIENT_X.co.ke,Performance cookies,CLIENT_X - Kenya,HTTP Cookie,bench_new_T3_67375,,session,TRUE,https://www.CLIENT_X.co.ke/,Existing CM Trackers-Found,,,,,
www.CLIENT_X.co.ke,Essential cookies,CLIENT_X - Kenya,HTTP Cookie,bench_new_T3_67639,,1,,https://www.CLIENT_X.co.ke/,New First Party Trackers,,,,,
CLIENT_X.co.ke,Essential cookies,CLIENT_X - Kenya,HTTP Cookie,bench_new_T3_68437,,,,,Existing CM Trackers-Not Found,,,,,
www.static.accounts.CLIENT_X.com,Essential cookies,Koninklijke CLIENT_X N.V.,JavaScript,_ga_failed_lookup_marker_42_1256,,,,,Existing CM Trackers-Not Found,,,,,
CLIENT_X.com,Essential cookies,Koninklijke CLIENT_X N.V.,HTTP Cookie,bench_new_T3_68236,,,,,Existing CM Trackers-Not Found,,,,,
www.CLIENT_X.co.ke,Essential cookies,CLIENT_X - Kenya,HTTP Cookie,bench_new_T3_67940,,7,,https://www.CLIENT_X.co.ke/,New First Party Trackers,,,,,
CLIENT_X.co.ke,Essential cookies,CLIENT_X - Kenya,HTTP Cookie,bench_new_T3_68066,,,,,Existing CM Trackers-Not Found,,,,,
CLIENT_X.co.ke,Essential cookies,CLIENT_X - Kenya,HTTP Cookie,bench_new_T3_68722,,0,TRUE,https://www.CLIENT_X.co.ke/,Existing CM Trackers-Found,,,,,
CLIENT_X.co.ke,Essential cookies,CLIENT_X - Kenya,HTTP Cookie,bench_new_T3_67671,,365,,https://www.CLIENT_X.co.ke/,New First Party Trackers,,,,,
CLIENT_X.co.ke,Essential cookies,CLIENT_X - Kenya,HTTP Cookie,bench_new_T3_68097,,session,TRUE,https://www.CLIENT_X.co.ke/,Existing CM Trackers-Found,,,,,
CLIENT_X.co.ke,Essential cookies,CLIENT_X - Kenya,HTTP Cookie,bench_new_T3_67710,,400,TRUE,https://www.CLIENT_X.co.ke/,Existing CM Trackers-Found,,,,,
CLIENT_X.co.ke,Essential cookies,CLIENT_X - Kenya,HTTP Cookie,bench_new_T3_67452,,400,TRUE,https://www.CLIENT_X.co.ke/,Existing CM Trackers-Found,,,,,
www.CLIENT_X.co.uk,Performance cookies,CLIENT_X - United Kingdom,ETag,bench_new_T3_67419,,,,,Existing CM Trackers-Not Found,,,,,
www.CLIENT_X.co.ke,Essential cookies,CLIENT_X - Kenya,HTTP Cookie,_ga_failed_lookup_marker_42_1266,,30,TRUE,https://www.CLIENT_X.co.ke/,Existing CM Trackers-Found,,,,,
www.gearselectiontool.lighting.CLIENT_X.com,Performance Cookies [Requires consent],Koninklijke CLIENT_X N.V.,ETag,-,,180,TRUE,https://www.CLIENT_X.co.ke/c-m-ac/household-accessories,Existing CM Trackers-Found,,,,,
cdn.mouseflow.com,Performance cookies,Mouseflow,ETag,bench_new_T3_68430,,,,https://www.CLIENT_X.co.ke/c-e/pe/mens-grooming-welcome.html,New Third Party Trackers,,,,,
linkedin.com,Targeted Advertising cookies (including social media),LinkedIn,HTTP Cookie,bench_new_T3_68198,,1,TRUE,https://www.CLIENT_X.co.ke/c-e/ho/homeid-app.html,Existing CM Trackers-Found,,,,,
www.conversiontool.lighting.CLIENT_X.com,Performance Cookies [Requires consent],Signify (formerly CLIENT_X Lighting),JavaScript,-,,bench_update_duration,TRUE,https://www.CLIENT_X.co.ke/healthcare/product/HC866199,Existing CM Trackers-Found,,,,,
CLIENT_X.co.ke,Essential cookies,CLIENT_X - Kenya,HTTP Cookie,bench_new_T3_68548,,393,TRUE,https://www.CLIENT_X.co.ke/,Existing CM Trackers-Found,,,,,
youtube.com,Targeted Advertising cookies (including social media),Google Advertising Products,HTTP Cookie,bench_new_T3_68090,,session,TRUE,https://www.CLIENT_X.co.ke/c-m-mo/articles-bottle-feeding-health/sterilising-baby-feeding-equipment,Existing CM Trackers-Found,,,,,
www.CLIENT_X.co.ke,Essential cookies,CLIENT_X - Kenya,HTTP Cookie,bench_new_T3_67632,,365,TRUE,https://www.CLIENT_X.co.ke/,Existing CM Trackers-Found,,,,,
ad.doubleclick.net,Targeted Advertising cookies (including social media),Google Advertising Products,Beacon,bench_new_T3_68271,,,TRUE,https://www.CLIENT_X.co.ke/,Existing CM Trackers-Found,,,,,
CLIENT_X.co.ke,Essential cookies,CLIENT_X - Kenya,HTTP Cookie,bench_new_T3_68762,,,,,Existing CM Trackers-Not Found,,,,,
googleads.g.doubleclick.net,Targeted Advertising cookies (including social media),Google Advertising Products,Beacon,bench_new_T3_67880,,,TRUE,https://www.CLIENT_X.co.ke/,Existing CM Trackers-Found,,,,,
CLIENT_X.se,Essential cookies (exempt from consent),CLIENT_X - Sweden,HTTP Cookie,s_cm,,,,https://www.CLIENT_X.co.ke/a-w/about,New Third Party Trackers,,,,,
www.CLIENT_X.co.ke,Essential cookies,CLIENT_X - Kenya,HTTP Cookie,bench_new_T3_68229,,400,TRUE,https://www.CLIENT_X.co.ke/,Existing CM Trackers-Found,,,,,
cdn.speedcurve.com,Performance cookies,Speedcurve,JavaScript,bench_new_T3_68134,,,,https://www.CLIENT_X.co.ke/,New Third Party Trackers,,,,,
decibelinsight.net,Performance cookies,Medallia,HTTP Cookie,bench_new_T3_68425,,,,,Existing CM Trackers-Not Found,,,,,
CLIENT_X.co.ke,Essential cookies,CLIENT_X - Kenya,Local Storage,bench_new_T3_67287,,,TRUE,https://www.CLIENT_X.co.ke/c-w/support-home/support-contact-page,Existing CM Trackers-Found,,,,,
cdn.decibelinsight.net,Targeted Advertising cookies (including social media),Medallia,JavaScript,bench_new_T3_67344,,,,,Existing CM Trackers-Not Found,,,,,
CLIENT_X.co.ke,Essential cookies,CLIENT_X - Kenya,HTTP Cookie,bench_new_T3_68346,,,,,Existing CM Trackers-Not Found,,,,,
CLIENT_Xb2c.my.site.com,Performance cookies,"Salesforce.com, Inc.",Beacon,bench_new_T3_67670,,,TRUE,https://www.CLIENT_X.co.ke/c-w/support-home/support-contact-page,Existing CM Trackers-Found,,,,,
dsum-sec.casalemedia.com,Targeted Advertising cookies (including social media),Index Exchange Inc.,Beacon,bench_new_T3_67886,,,,https://www.CLIENT_X.co.ke/a-w/about,New Third Party Trackers,,,,,
CLIENT_X.co.ke,Essential cookies,CLIENT_X - Kenya,HTTP Cookie,bench_new_T3_67430,,,,,Existing CM Trackers-Not Found,,,,,
CLIENT_X.co.uk,Essential cookies,CLIENT_X - United Kingdom,HTTP Cookie,_ga_failed_lookup_marker_42_1287,,,,,Existing CM Trackers-Not Found,,,,,
agent-versuni.mindtouch.us,Performance cookies,MindTouch,HTTP Cookie,_ga_failed_lookup_marker_42_1288,,399,,https://www.CLIENT_X.co.ke/c-f/XC000021443/my-CLIENT_X-fan-makes-an-unusual-noise-when-oscillating,New Third Party Trackers,,,,,
www.CLIENT_X.co.ke,Essential cookies,CLIENT_X - Kenya,HTTP Cookie,bench_new_T3_67834,,365,TRUE,https://www.CLIENT_X.co.ke/,Existing CM Trackers-Found,,,,,
www.google.ie,Targeted Advertising cookies (including social media),Google Inc.,Beacon,bench_new_T3_67434,,,TRUE,https://www.CLIENT_X.co.ke/,Existing CM Trackers-Found,,,,,
company-target.com,Targeted Advertising cookies (including social media),"Demandbase, Inc.",HTTP Cookie,bench_new_T3_67630,,396,,https://www.CLIENT_X.co.ke/a-w/about,New Third Party Trackers,,,,,
lux.speedcurve.com,Performance cookies,Speedcurve,JavaScript,bench_new_T3_68365,,,,https://www.CLIENT_X.co.ke/healthcare/resources/landing/aed-back-to-the-rhythm,New Third Party Trackers,,,,,
beacon.speedcurve.com,Performance cookies,Speedcurve,Beacon,bench_new_T3_67814,,,,https://www.CLIENT_X.co.ke/healthcare/resources/landing/aed-back-to-the-rhythm,New Third Party Trackers,,,,,
www.facebook.com,Targeted Advertising cookies (including social media),Meta (formerly Facebook),Beacon,bench_new_T3_67279,,,,,Existing CM Trackers-Not Found,,,,,
*.t.eloqua.com,Targeted Advertising cookies (including social media),Oracle Marketing,Beacon,bench_new_T3_67291,,,,https://www.CLIENT_X.co.ke/healthcare/sites/lumify,Existing CM Trackers-Found,,,,,
eloqua.com,Essential cookies,Oracle Marketing,HTTP Cookie,bench_new_T3_67758,,392,TRUE,https://www.CLIENT_X.co.ke/healthcare/sites/lumify-handheld-ultrasound/comparison-pop-up-new,Existing CM Trackers-Found,,,,,
www.CLIENT_X.co.ke,Performance cookies,CLIENT_X - Kenya,HTTP Cookie,bench_new_T3_67540,,,,,Existing CM Trackers-Not Found,,,,,
CLIENT_X.co.ke,Essential cookies,CLIENT_X - Kenya,HTTP Cookie,bench_new_T3_67894,,400,TRUE,https://www.CLIENT_X.co.ke/,Existing CM Trackers-Found,,,,,
CLIENT_X.co.ke,Performance cookies,CLIENT_X - Kenya,HTTP Cookie,bench_new_T3_68550,,,,,Existing CM Trackers-Not Found,,,,,
s334834414.t.eloqua.com,Performance cookies,Oracle Marketing,JavaScript,bench_new_T3_67713,,,,https://www.CLIENT_X.co.ke/healthcare/sites/lumify-handheld-ultrasound/specialty/primary-care-specialty-practices,New Third Party Trackers,,,,,
CLIENT_X.com.cn,Essential cookies (exempt from consent),CLIENT_X - China,HTTP Cookie,zScalerUser,,bench_update_duration,,https://www.CLIENT_X.co.ke/c-f/XC000021443/my-CLIENT_X-fan-makes-an-unusual-noise-when-oscillating,New Third Party Trackers,,,,,
pixel.rubiconproject.com,Targeted Advertising cookies (including social media),"Magnite, Inc.",Beacon,bench_new_T3_67769,,,,https://www.CLIENT_X.co.ke/a-w/about,New Third Party Trackers,,,,,
i.ytimg.com,Targeted Advertising cookies (including social media),Google Inc.,ETag,bench_new_T3_67542,,,TRUE,https://www.CLIENT_X.co.ke/c-t/XC000004908/my-skin-is-irritated-after-using-my-CLIENT_X-epilator,Existing CM Trackers-Found,,,,,
CLIENT_X.co.ke,Essential cookies,CLIENT_X - Kenya,HTTP Cookie,_ga_failed_lookup_marker_42_1304,,0,TRUE,https://www.CLIENT_X.co.ke/,Existing CM Trackers-Found,,,,,
CLIENT_X.co.ke,Performance cookies,CLIENT_X - Kenya,HTTP Cookie,bench_new_T3_67497,,session,TRUE,https://www.CLIENT_X.co.ke/,Existing CM Trackers-Found,,,,,
CLIENT_Xb2c.my.site.com,Performance cookies,"Salesforce.com, Inc.",ETag,bench_new_T3_67312,,,TRUE,https://www.CLIENT_X.co.ke/c-w/support-home/support-contact-page,Existing CM Trackers-Found,,,,,
www.lighting.CLIENT_X.co.ke,Essential cookies,Signify (formerly CLIENT_X Lighting),ETag,_ga_failed_lookup_marker_42_1307,,,,,Existing CM Trackers-Not Found,,,,,
www.facebook.com,Targeted Advertising cookies (including social media),Meta (formerly Facebook),Beacon,bench_new_T3_67589,,,,,Existing CM Trackers-Not Found,,,,,
www.googletagmanager.com,Performance cookies,Google Inc.,Beacon,bench_new_T3_67611,,,TRUE,https://www.CLIENT_X.co.ke/c-m-ho/food-preparation/chopper,Existing CM Trackers-Found,,,,,
www.google.ie,Targeted Advertising cookies (including social media),Google Inc.,Beacon,_ga_failed_lookup_marker_42_1310,,,TRUE,https://www.CLIENT_X.co.ke/,Existing CM Trackers-Found,,,,,
www.youtube.com,Targeted Advertising cookies (including social media),Google Advertising Products,JavaScript,bench_new_T3_68155,,,TRUE,https://www.CLIENT_X.co.ke/c-m-mo/articles-bottle-feeding-health/sterilising-baby-feeding-equipment,Existing CM Trackers-Found,,,,,
tag.demandbase.com,Targeted Advertising cookies (including social media),"Demandbase, Inc.",JavaScript,bench_new_T3_67378,,,,https://www.CLIENT_X.co.ke/a-w/about,New Third Party Trackers,,,,,
www.tienda.CLIENT_X.com.mx,Essential cookies (exempt from consent),CLIENT_X - Mexico,HTTP Cookie,vtex_session,,bench_update_duration,,https://www.CLIENT_X.co.ke/a-w/about,New Third Party Trackers,,,,,
www.lighting.CLIENT_X.co.ke,Essential cookies,Signify (formerly CLIENT_X Lighting),HTTP Cookie,bench_new_T3_67974,,,,,Existing CM Trackers-Not Found,,,,,
www.CLIENT_X.co.ke,Essential cookies,CLIENT_X - Kenya,HTTP Cookie,_ga_failed_lookup_marker_42_1315,,365,TRUE,https://www.CLIENT_X.co.ke/,Existing CM Trackers-Found,,,,,
CLIENT_X.co.ke,Essential cookies,CLIENT_X - Kenya,HTTP Cookie,bench_new_T3_68206,,400,TRUE,https://www.CLIENT_X.co.ke/,Existing CM Trackers-Found,,,,,
www.lighting.CLIENT_X.co.ke,Essential cookies,Signify (formerly CLIENT_X Lighting),HTTP Cookie,bench_new_T3_67308,,,,,Existing CM Trackers-Not Found,,,,,
CLIENT_X.112.2o7.net,Performance cookies,"Adobe Audience Manager, Adobe Experience Cloud",Beacon,bench_new_T3_68696,,,TRUE,https://www.CLIENT_X.co.ke/,Existing CM Trackers-Found,,,,,
www.lighting.CLIENT_X.co.ke,Essential cookies,Signify (formerly CLIENT_X Lighting),HTTP Cookie,bench_new_T3_68139,,,,,Existing CM Trackers-Not Found,,,,,
www.googletagmanager.com,Performance cookies,Google Inc.,Beacon,bench_new_T3_68364,,,TRUE,https://www.CLIENT_X.co.ke/c-m-ho/food-preparation/chopper,Existing CM Trackers-Found,,,,,
CLIENT_X.ca,Essential cookies (exempt from consent),CLIENT_X - Canada,HTTP Cookie,_scid_r,,,TRUE,https://www.CLIENT_X.co.ke/c-w/support-home/support-contact-page,Existing CM Trackers-Found,,,,,
tag.demandbase.com,Targeted Advertising cookies (including social media),"Demandbase, Inc.",ETag,_ga_failed_lookup_marker_42_1322,,,,https://www.CLIENT_X.co.ke/a-w/about,New Third Party Trackers,,,,,
CLIENT_X.nl,Essential cookies (exempt from consent),CLIENT_X - Netherlands,HTTP Cookie,_gdXXX,,bench_update_duration,,,Existing CM Trackers-Not Found,,,,,
CLIENT_X.co.ke,Performance cookies,CLIENT_X - Kenya,HTTP Cookie,bench_new_T3_68565,,,,,Existing CM Trackers-Not Found,,,,,
CLIENT_X.co.ke,Essential cookies,CLIENT_X - Kenya,HTTP Cookie,_ga_failed_lookup_marker_42_1325,,400,TRUE,https://www.CLIENT_X.co.ke/,Existing CM Trackers-Found,,,,,
i.ytimg.com,Targeted Advertising cookies (including social media),Google Inc.,ETag,bench_new_T3_67263,,,TRUE,https://www.CLIENT_X.co.ke/c-t/XC000004908/my-skin-is-irritated-after-using-my-CLIENT_X-epilator,Existing CM Trackers-Found,,,,,
CLIENT_X.co.ke,Essential cookies,CLIENT_X - Kenya,HTTP Cookie,bench_new_T3_67343,,400,,https://www.CLIENT_X.co.ke/,New First Party Trackers,,,,,
ct.pinterest.com,Targeted Advertising Cookies (including social media) [Requires consent],Pinterest,HTTP Cookie,_pinterest_ct_ua,,bench_update_duration,TRUE,https://www.CLIENT_X.co.ke/,Existing CM Trackers-Found,,,,,
www.google.com,Targeted Advertising cookies (including social media),Google Inc.,Beacon,bench_new_T3_67433,,,TRUE,https://www.CLIENT_X.co.ke/,Existing CM Trackers-Found,,,,,
cdn.decibelinsight.net,Targeted Advertising cookies (including social media),Medallia,ETag,bench_new_T3_67480,,,,,Existing CM Trackers-Not Found,,,,,
tremorhub.com,Targeted Advertising cookies (including social media),"Magnite CTV, Inc.",HTTP Cookie,bench_new_T3_68092,,365,,https://www.CLIENT_X.co.ke/a-w/about,New Third Party Trackers,,,,,
www.CLIENT_X.co.ke,Essential cookies,CLIENT_X - Kenya,ETag,bench_new_T3_67247,,,TRUE,https://www.CLIENT_X.co.ke/,Existing CM Trackers-Found,,,,,
www.CLIENT_X.co.ke,Essential cookies,CLIENT_X - Kenya,HTTP Cookie,bench_new_T3_67656,,30,TRUE,https://www.CLIENT_X.co.ke/,Existing CM Trackers-Found,,,,,
tracker-detail-page.trustarc.com,Essential cookies,TrustArc,ETag,bench_new_T3_68053,,,,https://www.CLIENT_X.co.ke/a-w/cookie-notice,New Third Party Trackers,,,,,
www.CLIENT_X.co.ke,Essential cookies,CLIENT_X - Kenya,HTTP Cookie,bench_new_T3_68015,,400,TRUE,https://www.CLIENT_X.co.ke/,Existing CM Trackers-Found,,,,,
youtube.com,Targeted Advertising cookies (including social media),Google Advertising Products,HTTP Cookie,bench_new_T3_68632,,180,TRUE,https://www.CLIENT_X.co.ke/c-m-mo/articles-bottle-feeding-health/sterilising-baby-feeding-equipment,Existing CM Trackers-Found,,,,,
www.heartstream.com,Targeted Advertising cookies (including social media),Heartstream,JavaScript,bench_new_T3_68781,,,,https://www.CLIENT_X.co.ke/healthcare/product/HC989706000051,New Third Party Trackers,,,,,
CLIENT_X.co.ke,Essential cookies,CLIENT_X - Kenya,HTTP Cookie,bench_new_T3_68041,,,,,Existing CM Trackers-Not Found,,,,,
www.CLIENT_X.co.ke,Essential cookies,CLIENT_X - Kenya,HTTP Cookie,_ga_failed_lookup_marker_42_1339,,session,,https://www.CLIENT_X.co.ke/,New First Party Trackers,,,,,
CLIENT_X.co.ke,Essential cookies,CLIENT_X - Kenya,HTTP Cookie,bench_new_T3_67468,,400,TRUE,https://www.CLIENT_X.co.ke/,Existing CM Trackers-Found,,,,,
tiktok.com,Targeted Advertising cookies (including social media),TikTok,HTTP Cookie,bench_new_T3_68457,,,,,Existing CM Trackers-Not Found,,,,,
casalemedia.com,Targeted Advertising cookies (including social media),Index Exchange Inc.,HTTP Cookie,bench_new_T3_67610,,90,,https://www.CLIENT_X.co.ke/a-w/about,New Third Party Trackers,,,,,
demdex.net,Targeted Advertising cookies (including social media),"Adobe Audience Manager, Adobe Experience Cloud",HTTP Cookie,bench_new_T3_68715,,,,,Existing CM Trackers-Not Found,,,,,
CLIENT_X.co.ke,Essential cookies,CLIENT_X - Kenya,HTTP Cookie,bench_new_T3_68096,,0,TRUE,https://www.CLIENT_X.co.ke/,Existing CM Trackers-Found,,,,,
beacon.speedcurve.com,Performance cookies,Speedcurve,Beacon,bench_new_T3_68549,,,,https://www.CLIENT_X.co.ke/healthcare/resources/landing/aed-back-to-the-rhythm,New Third Party Trackers,,,,,
*.akstat.io,Performance cookies,Akamai,Beacon,bench_new_T3_67725,,,,,Existing CM Trackers-Not Found,,,,,
CLIENT_X.com.pk,Essential cookies (exempt from consent),CLIENT_X - Pakistan,HTTP Cookie,internalUserCheck,,,,,Existing CM Trackers-Not Found,,,,,
CLIENT_X.co.ke,Essential cookies,CLIENT_X - Kenya,HTTP Cookie,bench_new_T3_68394,,0,TRUE,https://www.CLIENT_X.co.ke/,Existing CM Trackers-Found,,,,,
CLIENT_X.co.ke,Essential cookies,CLIENT_X - Kenya,HTTP Cookie,bench_new_T3_67973,,,,,Existing CM Trackers-Not Found,,,,,
CLIENT_X.co.ke,Essential cookies,CLIENT_X - Kenya,HTTP Cookie,bench_new_T3_68371,,,,,Existing CM Trackers-Not Found,,,,,
www.CLIENT_X.co.ke,Essential cookies,CLIENT_X - Kenya,HTTP Cookie,bench_new_T3_67384,,365,TRUE,https://www.CLIENT_X.co.ke/,Existing CM Trackers-Found,,,,,
tag.demandbase.com,Targeted Advertising cookies (including social media),"Demandbase, Inc.",JavaScript,bench_new_T3_67852,,,,https://www.CLIENT_X.co.ke/a-w/about,New Third Party Trackers,,,,,
img.en25.com,Performance cookies,Oracle Marketing,JavaScript,bench_new_T3_67297,,,,https://www.CLIENT_X.co.ke/healthcare/sites/lumify,New Third Party Trackers,,,,,
www.lighting.CLIENT_X.co.ke,Essential cookies,Signify (formerly CLIENT_X Lighting),HTTP Cookie,bench_new_T3_68530,,,,,Existing CM Trackers-Not Found,,,,,
analytics.tiktok.com,Targeted Advertising cookies (including social media),TikTok,JavaScript,_ga_failed_lookup_marker_42_1355,,,,,Existing CM Trackers-Not Found,,,,,
www.CLIENT_X.co.ke,Essential cookies,CLIENT_X - Kenya,HTTP Cookie,bench_new_T3_68608,,365,TRUE,https://www.CLIENT_X.co.ke/,Existing CM Trackers-Found,,,,,
snapchat.com,Targeted Advertising cookies (including social media),Snap Inc.,HTTP Cookie,bench_new_T3_67432,,390,TRUE,https://www.CLIENT_X.co.ke/c-e/ho/homeid-app.html,Existing CM Trackers-Found,,,,,
www.CLIENT_X.co.ke,Essential cookies,CLIENT_X - Kenya,HTTP Cookie,bench_new_T3_67310,,7,,https://www.CLIENT_X.co.ke/,New First Party Trackers,,,,,
youtube.com,Targeted Advertising cookies (including social media),Google Advertising Products,HTTP Cookie,bench_new_T3_68189,,180,TRUE,https://www.CLIENT_X.co.ke/c-m-mo/articles-bottle-feeding-health/sterilising-baby-feeding-equipment,Existing CM Trackers-Found,,,,,
versuni.scene7.com,Performance cookies,Adobe Experience Cloud - Experience Manager,JavaScript,bench_new_T3_67463,,,TRUE,https://www.CLIENT_X.co.ke/c-f/XC000021994/how-to-clean-the-dust-bucket-and-filter-of-my-CLIENT_X-1000-series-bagless-vacuum-cleaner,Existing CM Trackers-Found,,,,,
youtube.com,Targeted Advertising cookies (including social media),Google Advertising Products,HTTP Cookie,bench_new_T3_67651,,180,,https://www.CLIENT_X.co.ke/c-m-mo/articles-bottle-feeding-health/sterilising-baby-feeding-equipment,New Third Party Trackers,,,,,
lux.speedcurve.com,Performance cookies,Speedcurve,JavaScript,bench_new_T3_67250,,,,https://www.CLIENT_X.co.ke/healthcare/resources/landing/aed-back-to-the-rhythm,New Third Party Trackers,,,,,
company-target.com,Targeted Advertising cookies (including social media),"Demandbase, Inc.",HTTP Cookie,bench_new_T3_68490,,396,,https://www.CLIENT_X.co.ke/a-w/about,New Third Party Trackers,,,,,
CLIENT_X.co.ke,Essential cookies,CLIENT_X - Kenya,HTTP Cookie,_ga_failed_lookup_marker_42_1364,,,,,Existing CM Trackers-Not Found,,,,,
c.amazon-adsystem.com,Targeted Advertising cookies (including social media),Amazon Ads,ETag,_ga_failed_lookup_marker_42_1365,,,,,Existing CM Trackers-Not Found,,,,,
CLIENT_X.com.cn,Essential cookies (exempt from consent),CLIENT_X - China,HTTP Cookie,com.adobe.alloy.getTld,,,TRUE,https://www.CLIENT_X.co.ke/c-w/support-home/support-contact-page,Existing CM Trackers-Found,,,,,
adservice.google.com,Targeted Advertising cookies (including social media),Google Advertising Products,Beacon,bench_new_T3_67426,,,TRUE,https://www.CLIENT_X.co.ke/,Existing CM Trackers-Found,,,,,
cdn.speedcurve.com,Performance cookies,Speedcurve,JavaScript,bench_new_T3_67911,,,,https://www.CLIENT_X.co.ke/,New Third Party Trackers,,,,,
tremorhub.com,Targeted Advertising cookies (including social media),"Magnite CTV, Inc.",HTTP Cookie,bench_new_T3_67636,,365,,https://www.CLIENT_X.co.ke/a-w/about,New Third Party Trackers,,,,,
widget-cdn.janraincapture.com,Performance cookies,Akamai,ETag,bench_new_T3_67459,,,,,Existing CM Trackers-Not Found,,,,,
stats.g.doubleclick.net,Targeted Advertising cookies (including social media),Google Advertising Products,Beacon,bench_new_T3_67675,,,TRUE,https://www.CLIENT_X.co.ke/,Existing CM Trackers-Found,,,,,
assets.adobedtm.com,Performance cookies,Adobe Inc.,ETag,bench_new_T3_67498,,,,,Existing CM Trackers-Not Found,,,,,
casalemedia.com,Targeted Advertising cookies (including social media),Index Exchange Inc.,HTTP Cookie,bench_new_T3_67286,,365,,https://www.CLIENT_X.co.ke/a-w/about,New Third Party Trackers,,,,,
linkedin.com,Targeted Advertising cookies (including social media),LinkedIn,HTTP Cookie,bench_new_T3_67437,,180,TRUE,https://www.CLIENT_X.co.ke/c-e/ho/homeid-app.html,Existing CM Trackers-Found,,,,,
CLIENT_X.co.ke,Performance cookies,CLIENT_X - Kenya,HTTP Cookie,bench_new_T3_68047,,,,,Existing CM Trackers-Not Found,,,,,
www.googleadservices.com,Targeted Advertising cookies (including social media),Google Advertising Products,ETag,bench_new_T3_68277,,,,,Existing CM Trackers-Not Found,,,,,
acsbapp.com,Performance cookies,accessiBe,ETag,_ga_failed_lookup_marker_42_1377,,,,,Existing CM Trackers-Not Found,,,,,
tr.snapchat.com,Targeted Advertising cookies (including social media),Snap Inc.,JavaScript,bench_new_T3_68559,,,TRUE,https://www.CLIENT_X.co.ke/c-e/ho/kitchen-appliances.html,Existing CM Trackers-Found,,,,,
cdn-au.clickdimensions.com,Performance Cookies [Requires consent],ClickDimensions,JavaScript,-,,,,,Existing CM Trackers-Not Found,,,,,
CLIENT_X.co.ke,Performance cookies,CLIENT_X - Kenya,HTTP Cookie,bench_new_T3_67594,,,,,Existing CM Trackers-Not Found,,,,,
CLIENT_X.co.ke,Performance cookies,CLIENT_X - Kenya,HTTP Cookie,bench_new_T3_67272,,,,,Existing CM Trackers-Not Found,,,,,
script.hotjar.com,Targeted Advertising cookies (including social media),Hotjar,JavaScript,bench_new_T3_67941,,,,,Existing CM Trackers-Not Found,,,,,
consent.trustarc.com,Essential cookies,TrustArc,Beacon,bench_new_T3_67457,,,TRUE,https://www.CLIENT_X.co.ke/,Existing CM Trackers-Found,,,,,
raw.githubusercontent.com,Performance cookies,GitHub Inc.,ETag,bench_new_T3_67982,,,TRUE,https://www.CLIENT_X.co.ke/healthcare/support/distributors,Existing CM Trackers-Found,,,,,
*.fls.doubleclick.net,Targeted Advertising cookies (including social media),Google Advertising Products,Beacon,bench_new_T3_67923,,,,,Existing CM Trackers-Not Found,,,,,
company-target.com,Targeted Advertising cookies (including social media),"Demandbase, Inc.",HTTP Cookie,bench_new_T3_67726,,396,,https://www.CLIENT_X.co.ke/a-w/about,New Third Party Trackers,,,,,
stg.CLIENT_X.ro,Essential cookies (exempt from consent),CLIENT_X - Romania,Local Storage,blank (local storage),,bench_update_duration,TRUE,https://www.CLIENT_X.co.ke/c-m-ac/household-accessories,Existing CM Trackers-Found,,,,,
decibelinsight.net,Performance cookies,Medallia,HTTP Cookie,bench_new_T3_67737,,,,,Existing CM Trackers-Not Found,,,,,
www.CLIENT_X.co.uk,Performance cookies,CLIENT_X - United Kingdom,ETag,bench_new_T3_68444,,,,,Existing CM Trackers-Not Found,,,,,
CLIENT_X.co.ke,Performance cookies,CLIENT_X - Kenya,HTTP Cookie,bench_new_T3_67246,,,,,Existing CM Trackers-Not Found,,,,,
agent-versuni.mindtouch.us,Performance cookies,MindTouch,HTTP Cookie,bench_new_T3_67744,,session,,https://www.CLIENT_X.co.ke/c-f/XC000021443/my-CLIENT_X-fan-makes-an-unusual-noise-when-oscillating,New Third Party Trackers,,,,,
CLIENT_X.co.ke,Performance cookies,CLIENT_X - Kenya,HTTP Cookie,bench_new_T3_68680,,,,,Existing CM Trackers-Not Found,,,,,
CLIENT_Xb2c.my.salesforce-scrt.com,Performance cookies,"Salesforce.com, Inc.",Beacon,bench_new_T3_68028,,,,https://www.CLIENT_X.co.ke/c-w/support-home/support-contact-page,New Third Party Trackers,,,,,
casalemedia.com,Targeted Advertising cookies (including social media),Index Exchange Inc.,HTTP Cookie,_ga_failed_lookup_marker_42_1394,,90,,https://www.CLIENT_X.co.ke/a-w/about,New Third Party Trackers,,,,,
assets.kampyle.com,Performance cookies,Medallia,ETag,_ga_failed_lookup_marker_42_1395,,,TRUE,https://www.CLIENT_X.co.ke/a-w/about,Existing CM Trackers-Found,,,,,
amazon-adsystem.com,Targeted Advertising cookies (including social media),Amazon Ads,HTTP Cookie,bench_new_T3_68061,,,,,Existing CM Trackers-Not Found,,,,,
www.google.com,Targeted Advertising cookies (including social media),Google Inc.,JavaScript,_ga_failed_lookup_marker_42_1397,,,TRUE,https://www.CLIENT_X.co.ke/c-m-ac/household-accessories,Existing CM Trackers-Found,,,,,
www.lighting.CLIENT_X.co.ke,Essential cookies,Signify (formerly CLIENT_X Lighting),HTTP Cookie,bench_new_T3_68592,,,,,Existing CM Trackers-Not Found,,,,,
www.CLIENT_X.lt,Essential cookies (exempt from consent),CLIENT_X - Lithuania,HTTP Cookie,eddl_itc_list,,,,,Existing CM Trackers-Not Found,,,,,
CLIENT_X.cz,Essential cookies (exempt from consent),CLIENT_X - Czech Republic,HTTP Cookie,TEST_AMCV_COOKIE_WRITE,,bench_update_duration,TRUE,https://www.CLIENT_X.co.ke/c-p/BRR454_00/5000-series-facial-hair-remover,Existing CM Trackers-Found,,,,,
youtube.com,Targeted Advertising cookies (including social media),Google Advertising Products,HTTP Cookie,bench_new_T3_67779,,180,TRUE,https://www.CLIENT_X.co.ke/c-m-mo/articles-bottle-feeding-health/sterilising-baby-feeding-equipment,Existing CM Trackers-Found,,,,,
www.CLIENT_X.co.in,Essential cookies (exempt from consent),CLIENT_X - India,HTTP Cookie,liveagent_sid,,bench_update_duration,,,Existing CM Trackers-Not Found,,,,,
versuni.scene7.com,Performance cookies,Adobe Experience Cloud - Experience Manager,JavaScript,bench_new_T3_68385,,,TRUE,https://www.CLIENT_X.co.ke/c-f/XC000021994/how-to-clean-the-dust-bucket-and-filter-of-my-CLIENT_X-1000-series-bagless-vacuum-cleaner,Existing CM Trackers-Found,,,,,
lighting.CLIENT_X.co.ke,Essential cookies,Signify (formerly CLIENT_X Lighting),HTTP Cookie,bench_new_T3_68152,,,,,Existing CM Trackers-Not Found,,,,,
*.fls.doubleclick.net,Targeted Advertising cookies (including social media),Google Advertising Products,Beacon,bench_new_T3_68661,,,,,Existing CM Trackers-Not Found,,,,,
c.amazon-adsystem.com,Targeted Advertising cookies (including social media),Amazon Ads,ETag,bench_new_T3_67873,,,,,Existing CM Trackers-Not Found,,,,,
youtube.com,Targeted Advertising cookies (including social media),Google Advertising Products,HTTP Cookie,bench_new_T3_68687,,180,TRUE,https://www.CLIENT_X.co.ke/c-m-mo/articles-bottle-feeding-health/sterilising-baby-feeding-equipment,Existing CM Trackers-Found,,,,,
agent-versuni.mindtouch.us,Performance cookies,MindTouch,HTTP Cookie,bench_new_T3_68111,,399,,https://www.CLIENT_X.co.ke/c-f/XC000021443/my-CLIENT_X-fan-makes-an-unusual-noise-when-oscillating,New Third Party Trackers,,,,,
munchkin.marketo.net,Targeted Advertising cookies (including social media),Marketo,ETag,bench_new_T3_68301,,,,,Existing CM Trackers-Not Found,,,,,
www.lighting.CLIENT_X.co.ke,Essential cookies,Signify (formerly CLIENT_X Lighting),HTTP Cookie,bench_new_T3_68777,,,,,Existing CM Trackers-Not Found,,,,,
www.google-analytics.com,Performance Cookies [Requires consent],Google Inc.,Beacon,-,,bench_update_duration,,,Existing CM Trackers-Not Found,,,,,
maps.googleapis.com,Performance cookies,Google Inc.,JavaScript,_ga_failed_lookup_marker_42_1412,,,TRUE,https://www.CLIENT_X.co.ke/a-w/about-us.html,Existing CM Trackers-Found,,,,,
www.youtube.com,Targeted Advertising cookies (including social media),Google Advertising Products,JavaScript,bench_new_T3_68594,,,TRUE,https://www.CLIENT_X.co.ke/c-m-mo/articles-bottle-feeding-health/sterilising-baby-feeding-equipment,Existing CM Trackers-Found,,,,,
CLIENT_X.co.ke,Essential cookies,CLIENT_X - Kenya,HTTP Cookie,bench_new_T3_68067,,session,TRUE,https://www.CLIENT_X.co.ke/,Existing CM Trackers-Found,,,,,
doubleclick.net,Targeted Advertising cookies (including social media),Google Advertising Products,HTTP Cookie,bench_new_T3_67259,,30,TRUE,https://www.CLIENT_X.co.ke/,Existing CM Trackers-Found,,,,,
ssl-static.janraincapture.com,Performance cookies,Akamai,JavaScript,bench_new_T3_67810,,,,,Existing CM Trackers-Not Found,,,,,
amazon-adsystem.com,Targeted Advertising cookies (including social media),Amazon Ads,HTTP Cookie,bench_new_T3_67318,,,,,Existing CM Trackers-Not Found,,,,,
tr.snapchat.com,Targeted Advertising cookies (including social media),Snap Inc.,Beacon,_ga_failed_lookup_marker_42_1418,,,TRUE,https://www.CLIENT_X.co.ke/c-e/ho/homeid-app.html,Existing CM Trackers-Found,,,,,
CLIENT_X.co.uk,Essential cookies,CLIENT_X - United Kingdom,HTTP Cookie,bench_new_T3_67317,,,,,Existing CM Trackers-Not Found,,,,,
CLIENT_Xb2c.my.site.com,Performance cookies,"Salesforce.com, Inc.",Beacon,bench_new_T3_68726,,,TRUE,https://www.CLIENT_X.co.ke/c-w/support-home/support-contact-page,Existing CM Trackers-Found,,,,,
CLIENT_X.co.uk,Targeted Advertising cookies (including social media),CLIENT_X - United Kingdom,Local Storage,bench_new_T3_68173,,,,,Existing CM Trackers-Not Found,,,,,
www.CLIENT_X.co.ke,Essential cookies,CLIENT_X - Kenya,HTTP Cookie,bench_new_T3_67602,,session,TRUE,https://www.CLIENT_X.co.ke/,Existing CM Trackers-Found,,,,,
CLIENT_X.lt,Essential cookies (exempt from consent),CLIENT_X - Lithuania,HTTP Cookie,TAsessionID,,bench_update_duration,TRUE,https://www.CLIENT_X.co.ke/,Existing CM Trackers-Found,,,,,
agent-versuni.mindtouch.us,Performance cookies,MindTouch,Beacon,bench_new_T3_67277,,,,https://www.CLIENT_X.co.ke/c-f/XC000021443/my-CLIENT_X-fan-makes-an-unusual-noise-when-oscillating,New Third Party Trackers,,,,,
www.facebook.com,Targeted Advertising cookies (including social media),Meta (formerly Facebook),Beacon,bench_new_T3_68711,,,,,Existing CM Trackers-Not Found,,,,,
koninklijkeCLIENT_Xnvproduction2k8xfrmr.org.coveo.com,Performance cookies,Coveo Solutions Inc.,Beacon,bench_new_T3_68540,,,,https://www.CLIENT_X.co.ke/a-w/about/news/all-news.html,New Third Party Trackers,,,,,
w.usabilla.com,Performance cookies,GetFeedback,JavaScript,bench_new_T3_68019,,,,,Existing CM Trackers-Not Found,,,,,
CLIENT_X.co.ke,Essential cookies,CLIENT_X - Kenya,HTTP Cookie,bench_new_T3_68787,,,,,Existing CM Trackers-Not Found,,,,,
www.heartstream.com,Targeted Advertising cookies (including social media),Heartstream,JavaScript,bench_new_T3_68226,,,,https://www.CLIENT_X.co.ke/healthcare/product/HC989706000051,New Third Party Trackers,,,,,
w.usabilla.com,Performance cookies,GetFeedback,JavaScript,bench_new_T3_67436,,,,,Existing CM Trackers-Not Found,,,,,
snap.licdn.com,Performance cookies,LinkedIn,JavaScript,bench_new_T3_68714,,,TRUE,https://www.CLIENT_X.co.ke/c-e/ho/homeid-app.html,Existing CM Trackers-Found,,,,,
CLIENT_X.112.2o7.net,Performance cookies,"Adobe Audience Manager, Adobe Experience Cloud",HTTP Cookie,bench_new_T3_67975,,400,,https://www.CLIENT_X.co.ke/,New Third Party Trackers,,,,,
adservice.google.com,Targeted Advertising cookies (including social media),Google Advertising Products,Beacon,bench_new_T3_68427,,,TRUE,https://www.CLIENT_X.co.ke/,Existing CM Trackers-Found,,,,,
decibelinsight.net,Performance cookies,Medallia,HTTP Cookie,bench_new_T3_67255,,,,,Existing CM Trackers-Not Found,,,,,
google.com,Performance cookies,Google Inc.,Local Storage,bench_new_T3_68058,,,TRUE,https://www.CLIENT_X.co.ke/c-m-ac/household-accessories,Existing CM Trackers-Found,,,,,
www.lighting.CLIENT_X.cz,Essential cookies (exempt from consent),Signify (formerly CLIENT_X Lighting),HTTP Cookie,customer_country,,,,,Existing CM Trackers-Not Found,,,,,
www.google.com,Essential cookies,Google Inc.,HTTP Cookie,bench_new_T3_67553,,180,TRUE,https://www.CLIENT_X.co.ke/c-m-ac/household-accessories,Existing CM Trackers-Found,,,,,
www.CLIENT_X.co.ke,Essential cookies,CLIENT_X - Kenya,HTTP Cookie,bench_new_T3_68074,,,,,Existing CM Trackers-Not Found,,,,,
*.t.eloqua.com,Targeted Advertising cookies (including social media),Oracle Marketing,Beacon,_ga_failed_lookup_marker_42_1439,,,,https://www.CLIENT_X.co.ke/healthcare/sites/lumify,Existing CM Trackers-Found,,,,,
munchkin.marketo.net,Targeted Advertising cookies (including social media),Marketo,JavaScript,bench_new_T3_67293,,,,,Existing CM Trackers-Not Found,,,,,
dsum-sec.casalemedia.com,Targeted Advertising cookies (including social media),Index Exchange Inc.,Beacon,bench_new_T3_68515,,,,https://www.CLIENT_X.co.ke/a-w/about,New Third Party Trackers,,,,,
decibelinsight.net,Performance cookies,Medallia,HTTP Cookie,bench_new_T3_68676,,,,,Existing CM Trackers-Not Found,,,,,
consent.trustarc.com,Essential cookies,TrustArc,JavaScript,bench_new_T3_67483,,,TRUE,https://www.CLIENT_X.co.ke/,Existing CM Trackers-Found,,,,,
www.lighting.CLIENT_X.co.ke,Essential cookies,Signify (formerly CLIENT_X Lighting),HTTP Cookie,_ga_failed_lookup_marker_42_1444,,,,,Existing CM Trackers-Not Found,,,,,
CLIENT_X.co.ke,Essential cookies,CLIENT_X - Kenya,HTTP Cookie,bench_new_T3_67838,,session,TRUE,https://www.CLIENT_X.co.ke/,Existing CM Trackers-Found,,,,,
img.en25.com,Performance cookies,Oracle Marketing,JavaScript,_ga_failed_lookup_marker_42_1446,,,,https://www.CLIENT_X.co.ke/healthcare/sites/lumify,New Third Party Trackers,,,,,
www.googletagmanager.com,Performance cookies,Google Inc.,Beacon,bench_new_T3_67347,,,TRUE,https://www.CLIENT_X.co.ke/c-m-ho/food-preparation/chopper,Existing CM Trackers-Found,,,,,
versuni.scene7.com,Performance cookies,Adobe Experience Cloud - Experience Manager,ETag,bench_new_T3_67660,,,TRUE,https://www.CLIENT_X.co.ke/c-f/XC000021994/how-to-clean-the-dust-bucket-and-filter-of-my-CLIENT_X-1000-series-bagless-vacuum-cleaner,Existing CM Trackers-Found,,,,,
acsbapp.com,Performance cookies,accessiBe,ETag,bench_new_T3_68113,,,,,Existing CM Trackers-Not Found,,,,,
www.CLIENT_X.co.ke,Essential cookies,CLIENT_X - Kenya,JavaScript,bench_new_T3_67579,,,TRUE,https://www.CLIENT_X.co.ke/,Existing CM Trackers-Found,,,,,
nebula-cdn.kampyle.com,Performance cookies,Medallia,ETag,bench_new_T3_67599,,,TRUE,https://www.CLIENT_X.co.ke/,Existing CM Trackers-Found,,,,,
CLIENT_X.co.ke,Essential cookies,CLIENT_X - Kenya,HTTP Cookie,bench_new_T3_67794,,,,,Existing CM Trackers-Not Found,,,,,
maps.googleapis.com,Performance cookies,Google Inc.,JavaScript,bench_new_T3_68200,,,TRUE,https://www.CLIENT_X.co.ke/a-w/about-us.html,Existing CM Trackers-Found,,,,,
www.CLIENT_X.co.ke,Essential cookies,CLIENT_X - Kenya,HTTP Cookie,bench_new_T3_68126,,365,TRUE,https://www.CLIENT_X.co.ke/,Existing CM Trackers-Found,,,,,
tiktok.com,Targeted Advertising cookies (including social media),TikTok,HTTP Cookie,bench_new_T3_67679,,,,,Existing CM Trackers-Not Found,,,,,
www.CLIENT_X.com,Essential cookies,Koninklijke CLIENT_X N.V.,ETag,bench_new_T3_68671,,,TRUE,https://www.CLIENT_X.co.ke/a-w/about/news/all-news.html,Existing CM Trackers-Found,,,,,
consent-st.trustarc.com,Essential cookies,TrustArc,JavaScript,bench_new_T3_68628,,,,https://www.CLIENT_X.co.ke/healthcare/product/HC866199,New Third Party Trackers,,,,,
CLIENT_X.co.ke,Essential cookies,CLIENT_X - Kenya,HTTP Cookie,bench_new_T3_67224,,,,,Existing CM Trackers-Not Found,,,,,
lighting.CLIENT_X.co.ke,Essential cookies,Signify (formerly CLIENT_X Lighting),Local Storage,bench_new_T3_68296,,,,,Existing CM Trackers-Not Found,,,,,
connect.facebook.net,Targeted Advertising cookies (including social media),Meta (formerly Facebook),JavaScript,bench_new_T3_68144,,,TRUE,https://www.CLIENT_X.co.ke/,Existing CM Trackers-Found,,,,,
youtube.com,Targeted Advertising cookies (including social media),Google Advertising Products,HTTP Cookie,bench_new_T3_67265,,180,TRUE,https://www.CLIENT_X.co.ke/c-m-mo/articles-bottle-feeding-health/sterilising-baby-feeding-equipment,Existing CM Trackers-Found,,,,,
c.amazon-adsystem.com,Targeted Advertising cookies (including social media),Amazon Ads,JavaScript,bench_new_T3_68499,,,,,Existing CM Trackers-Not Found,,,,,
images.CLIENT_X.com,Essential cookies,Koninklijke CLIENT_X N.V.,JavaScript,bench_new_T3_68265,,,TRUE,https://www.CLIENT_X.co.ke/c-f/XC000003591/what-kind-of-food-can-i-make-in-my-CLIENT_X-airfryer,Existing CM Trackers-Found,,,,,
accounts.CLIENT_X.com,Performance cookies,Koninklijke CLIENT_X N.V.,HTTP Cookie,bench_new_T3_67961,,,,,Existing CM Trackers-Not Found,,,,,
static.cloud.coveo.com,Targeted Advertising cookies (including social media),Coveo Solutions Inc.,JavaScript,bench_new_T3_68497,,,,,Existing CM Trackers-Not Found,,,,,
CLIENT_X.co.uk,Essential cookies,CLIENT_X - United Kingdom,HTTP Cookie,bench_new_T3_67969,,,,,Existing CM Trackers-Not Found,,,,,
CLIENT_X.ro,Essential cookies (exempt from consent),CLIENT_X - Romania,HTTP Cookie,s_tid,,,,,Existing CM Trackers-Not Found,,,,,
CLIENT_X.ma,Essential cookies (exempt from consent),CLIENT_X - Morocco,HTTP Cookie,_fbp,,,TRUE,https://www.CLIENT_X.co.ke/,Existing CM Trackers-Found,,,,,
*.t.eloqua.com,Targeted Advertising cookies (including social media),Oracle Marketing,Beacon,bench_new_T3_67606,,,,https://www.CLIENT_X.co.ke/healthcare/sites/lumify,Existing CM Trackers-Found,,,,,
www.CLIENT_X.co.ke,Essential cookies,CLIENT_X - Kenya,HTTP Cookie,bench_new_T3_68142,,365,TRUE,https://www.CLIENT_X.co.ke/,Existing CM Trackers-Found,,,,,
CLIENT_X.co.ke,Performance cookies,CLIENT_X - Kenya,HTTP Cookie,bench_new_T3_68799,,,,,Existing CM Trackers-Not Found,,,,,
lighting.CLIENT_X.sa,Essential cookies (exempt from consent),Signify (formerly CLIENT_X Lighting),HTTP Cookie,s_sid,,,,https://www.CLIENT_X.co.ke/c-w/support-home/support-contact-page,New Third Party Trackers,,,,,
CLIENT_X.co.ke,Essential cookies,CLIENT_X - Kenya,HTTP Cookie,bench_new_T3_67431,,0,TRUE,https://www.CLIENT_X.co.ke/,Existing CM Trackers-Found,,,,,
i.ytimg.com,Targeted Advertising cookies (including social media),Google Inc.,ETag,bench_new_T3_67641,,,TRUE,https://www.CLIENT_X.co.ke/c-t/XC000004908/my-skin-is-irritated-after-using-my-CLIENT_X-epilator,Existing CM Trackers-Found,,,,,
www.CLIENT_X.co.ke,Essential cookies,CLIENT_X - Kenya,HTTP Cookie,bench_new_T3_67659,,session,,https://www.CLIENT_X.co.ke/,New First Party Trackers,,,,,
collection.decibelinsight.net,Performance cookies,Medallia,ETag,bench_new_T3_67575,,,,,Existing CM Trackers-Not Found,,,,,
CLIENT_X.co.ke,Essential cookies,CLIENT_X - Kenya,HTTP Cookie,bench_new_T3_67957,,session,TRUE,https://www.CLIENT_X.co.ke/,Existing CM Trackers-Found,,,,,
nebula-cdn.kampyle.com,Performance cookies,Medallia,JavaScript,bench_new_T3_68402,,,TRUE,https://www.CLIENT_X.co.ke/,Existing CM Trackers-Found,,,,,
c.amazon-adsystem.com,Targeted Advertising cookies (including social media),Amazon Ads,JavaScript,bench_new_T3_68585,,,,,Existing CM Trackers-Not Found,,,,,
CLIENT_X.co.ke,Performance cookies,CLIENT_X - Kenya,HTTP Cookie,_ga_failed_lookup_marker_42_1480,,0,TRUE,https://www.CLIENT_X.co.ke/,Existing CM Trackers-Found,,,,,
www.CLIENT_X.co.ke,Performance cookies,CLIENT_X - Kenya,HTTP Cookie,bench_new_T3_67849,,,,,Existing CM Trackers-Not Found,,,,,
www.CLIENT_X.co.uk,Performance cookies,CLIENT_X - United Kingdom,ETag,bench_new_T3_67943,,,,,Existing CM Trackers-Not Found,,,,,
www.accounts.CLIENT_X.com,Essential cookies,Koninklijke CLIENT_X N.V.,JavaScript,bench_new_T3_68358,,,,,Existing CM Trackers-Not Found,,,,,
CLIENT_X.co.ke,Essential cookies,CLIENT_X - Kenya,HTTP Cookie,bench_new_T3_68315,,,,,Existing CM Trackers-Not Found,,,,,
www.CLIENT_X.co.ke,Essential cookies,CLIENT_X - Kenya,HTTP Cookie,bench_new_T3_67470,,365,TRUE,https://www.CLIENT_X.co.ke/,Existing CM Trackers-Found,,,,,
www.CLIENT_X.co.ke,Essential cookies,CLIENT_X - Kenya,HTTP Cookie,_ga_failed_lookup_marker_42_1486,,1,,https://www.CLIENT_X.co.ke/,New First Party Trackers,,,,,
youtube.com,Targeted Advertising cookies (including social media),Google Advertising Products,HTTP Cookie,bench_new_T3_67370,,180,TRUE,https://www.CLIENT_X.co.ke/c-m-mo/articles-bottle-feeding-health/sterilising-baby-feeding-equipment,Existing CM Trackers-Found,,,,,
www.youtube.com,Targeted Advertising cookies (including social media),Google Advertising Products,JavaScript,bench_new_T3_68114,,,TRUE,https://www.CLIENT_X.co.ke/c-m-mo/articles-bottle-feeding-health/sterilising-baby-feeding-equipment,Existing CM Trackers-Found,,,,,
www.CLIENT_X.co.ke,Essential cookies,CLIENT_X - Kenya,HTTP Cookie,bench_new_T3_67363,,7,,https://www.CLIENT_X.co.ke/,New First Party Trackers,,,,,
www.youtube.com,Targeted Advertising cookies (including social media),Google Advertising Products,JavaScript,bench_new_T3_68127,,,TRUE,https://www.CLIENT_X.co.ke/c-m-mo/articles-bottle-feeding-health/sterilising-baby-feeding-equipment,Existing CM Trackers-Found,,,,,
agent-versuni.mindtouch.us,Performance cookies,MindTouch,Beacon,bench_new_T3_68439,,,,https://www.CLIENT_X.co.ke/c-f/XC000021443/my-CLIENT_X-fan-makes-an-unusual-noise-when-oscillating,New Third Party Trackers,,,,,
www.loja.CLIENT_X.com.br,Essential cookies (exempt from consent),CLIENT_X - Brazil,Beacon,blank (beacon),,,TRUE,https://www.CLIENT_X.co.ke/c-p/BHH880_00/stylecare-essential-heated-straightening-brush,Existing CM Trackers-Found,,,,,
www.CLIENT_Xcare.com,Essential cookies (exempt from consent),CLIENT_X Care,HTTP Cookie,lander_type,,bench_update_duration,,https://www.CLIENT_X.co.ke/a-w/about,New Third Party Trackers,,,,,
CLIENT_X.co.ke,Targeted Advertising cookies (including social media),CLIENT_X - Kenya,HTTP Cookie,bench_new_T3_68148,,,,,Existing CM Trackers-Not Found,,,,,
www.CLIENT_X.co.ke,Essential cookies,CLIENT_X - Kenya,HTTP Cookie,_ga_failed_lookup_marker_42_1495,,365,TRUE,https://www.CLIENT_X.co.ke/,Existing CM Trackers-Found,,,,,
CLIENT_X.co.ke,Essential cookies,CLIENT_X - Kenya,HTTP Cookie,bench_new_T3_67411,,,,,Existing CM Trackers-Not Found,,,,,
CLIENT_X.co.ke,Essential cookies,CLIENT_X - Kenya,HTTP Cookie,bench_new_T3_67451,,,,,Existing CM Trackers-Not Found,,,,,
youtube.com,Targeted Advertising cookies (including social media),Google Advertising Products,HTTP Cookie,_ga_failed_lookup_marker_42_1498,,180,TRUE,https://www.CLIENT_X.co.ke/c-m-mo/articles-bottle-feeding-health/sterilising-baby-feeding-equipment,Existing CM Trackers-Found,,,,,
linkedin.com,Targeted Advertising cookies (including social media),LinkedIn,HTTP Cookie,bench_new_T3_68084,,180,TRUE,https://www.CLIENT_X.co.ke/c-e/ho/homeid-app.html,Existing CM Trackers-Found,,,,,
px.ads.linkedin.com,Targeted Advertising cookies (including social media),LinkedIn,JavaScript,bench_new_T3_68494,,,TRUE,https://www.CLIENT_X.co.ke/healthcare/sites/lumify,Existing CM Trackers-Found,,,,,
www.CLIENT_X.co.ke,Essential cookies,CLIENT_X - Kenya,HTTP Cookie,bench_new_T3_67712,,400,TRUE,https://www.CLIENT_X.co.ke/,Existing CM Trackers-Found,,,,,
www.CLIENT_X.co.ke,Essential cookies,CLIENT_X - Kenya,ETag,bench_new_T3_68102,,,TRUE,https://www.CLIENT_X.co.ke/,Existing CM Trackers-Found,,,,,
consent-pref.trustarc.com,Essential cookies,TrustArc,JavaScript,bench_new_T3_67926,,,,https://www.CLIENT_X.co.ke/healthcare/product/HC866199,New Third Party Trackers,,,,,
CLIENT_X.co.ke,Essential cookies,CLIENT_X - Kenya,HTTP Cookie,bench_new_T3_68611,,393,TRUE,https://www.CLIENT_X.co.ke/,Existing CM Trackers-Found,,,,,
CLIENT_X.co.ke,Essential cookies,CLIENT_X - Kenya,HTTP Cookie,bench_new_T3_68467,,,,,Existing CM Trackers-Not Found,,,,,
www.CLIENT_X.ma,Essential cookies (exempt from consent),CLIENT_X - Morocco,HTTP Cookie,kampyleUserSessionsCount,,,,https://www.CLIENT_X.co.ke/healthcare/product/HC866199,New Third Party Trackers,,,,,
CLIENT_X.co.ke,Performance cookies,CLIENT_X - Kenya,HTTP Cookie,bench_new_T3_68534,,,,,Existing CM Trackers-Not Found,,,,,
CLIENT_Xb2c.my.site.com,Performance cookies,"Salesforce.com, Inc.",JavaScript,bench_new_T3_67554,,,TRUE,https://www.CLIENT_X.co.ke/c-w/support-home/support-contact-page,Existing CM Trackers-Found,,,,,
CLIENT_X.co.ke,Essential cookies,CLIENT_X - Kenya,HTTP Cookie,bench_new_T3_68063,,,,,Existing CM Trackers-Not Found,,,,,
sc-static.net,Targeted Advertising cookies (including social media),Snap Inc.,ETag,bench_new_T3_68011,,,TRUE,https://www.CLIENT_X.co.ke/c-e/ho/kitchen-appliances.html,Existing CM Trackers-Found,,,,,
CLIENT_X.co.ke,Essential cookies,CLIENT_X - Kenya,HTTP Cookie,bench_new_T3_68579,,session,TRUE,https://www.CLIENT_X.co.ke/,Existing CM Trackers-Found,,,,,
CLIENT_X.co.ke,Essential cookies,CLIENT_X - Kenya,HTTP Cookie,bench_new_T3_67336,,,,,Existing CM Trackers-Not Found,,,,,
www.respirtech.com,Essential cookies (exempt from consent),RespirTech,HTTP Cookie,addshoppers.com,,bench_update_duration,,https://www.CLIENT_X.co.ke/,New First Party Trackers,,,,,
script.hotjar.com,Targeted Advertising cookies (including social media),Hotjar,ETag,bench_new_T3_68036,,,,,Existing CM Trackers-Not Found,,,,,
CLIENT_X.co.ke,Essential cookies,CLIENT_X - Kenya,HTTP Cookie,_ga_failed_lookup_marker_42_1515,,365,,https://www.CLIENT_X.co.ke/,New First Party Trackers,,,,,
snap.licdn.com,Performance cookies,LinkedIn,JavaScript,bench_new_T3_67652,,,TRUE,https://www.CLIENT_X.co.ke/c-e/ho/homeid-app.html,Existing CM Trackers-Found,,,,,
linkedin.com,Targeted Advertising cookies (including social media),LinkedIn,HTTP Cookie,bench_new_T3_67221,,365,TRUE,https://www.CLIENT_X.co.ke/c-e/ho/homeid-app.html,Existing CM Trackers-Found,,,,,
agent-versuni.mindtouch.us,Performance cookies,MindTouch,Beacon,bench_new_T3_67253,,,,https://www.CLIENT_X.co.ke/c-f/XC000021443/my-CLIENT_X-fan-makes-an-unusual-noise-when-oscillating,New Third Party Trackers,,,,,
google.com,Performance cookies,Google Inc.,Local Storage,bench_new_T3_68039,,,TRUE,https://www.CLIENT_X.co.ke/c-m-ac/household-accessories,Existing CM Trackers-Found,,,,,
company-target.com,Targeted Advertising cookies (including social media),"Demandbase, Inc.",HTTP Cookie,bench_new_T3_67245,,396,,https://www.CLIENT_X.co.ke/a-w/about,New Third Party Trackers,,,,,
CLIENT_X.co.ke,Essential cookies,CLIENT_X - Kenya,HTTP Cookie,bench_new_T3_67242,,session,TRUE,https://www.CLIENT_X.co.ke/,Existing CM Trackers-Found,,,,,
www.CLIENT_X.com.my,Essential cookies (exempt from consent),CLIENT_X - Malaysia,HTTP Cookie,kampyle_userid,,bench_update_duration,TRUE,https://www.CLIENT_X.co.ke/c-m-ac/household-accessories,Existing CM Trackers-Found,,,,,
dev.CLIENT_X.com.mx,Essential cookies (exempt from consent),CLIENT_X - Mexico,JavaScript,blank (java),,,TRUE,https://www.CLIENT_X.co.ke/c-t/XC000004908/my-skin-is-irritated-after-using-my-CLIENT_X-epilator,Existing CM Trackers-Found,,,,,
CLIENT_X.co.ke,Essential cookies,CLIENT_X - Kenya,HTTP Cookie,bench_new_T3_68795,,400,TRUE,https://www.CLIENT_X.co.ke/,Existing CM Trackers-Found,,,,,
CLIENT_X.com.pe,Essential cookies (exempt from consent),CLIENT_X - Peru,HTTP Cookie,_schn2,,bench_update_duration,TRUE,https://www.CLIENT_X.co.ke/c-m-ho/food-preparation/chopper,Existing CM Trackers-Found,,,,,
tag.demandbase.com,Targeted Advertising cookies (including social media),"Demandbase, Inc.",ETag,_ga_failed_lookup_marker_42_1526,,,,https://www.CLIENT_X.co.ke/a-w/about,New Third Party Trackers,,,,,
CLIENT_X.co.ke,Essential cookies,CLIENT_X - Kenya,HTTP Cookie,bench_new_T3_67276,,400,TRUE,https://www.CLIENT_X.co.ke/,Existing CM Trackers-Found,,,,,
www.CLIENT_X.co.ke,Essential cookies,CLIENT_X - Kenya,HTTP Cookie,_ga_failed_lookup_marker_42_1528,,30,TRUE,https://www.CLIENT_X.co.ke/,Existing CM Trackers-Found,,,,,
s334834414.t.eloqua.com,Performance cookies,Oracle Marketing,JavaScript,bench_new_T3_68259,,,,https://www.CLIENT_X.co.ke/healthcare/sites/lumify-handheld-ultrasound/specialty/primary-care-specialty-practices,New Third Party Trackers,,,,,
www.CLIENT_X.co.ke,Essential cookies,CLIENT_X - Kenya,HTTP Cookie,bench_new_T3_67935,,,,,Existing CM Trackers-Not Found,,,,,
koninklijkeCLIENT_Xnvproduction2k8xfrmr.org.coveo.com,Performance cookies,Coveo Solutions Inc.,Beacon,bench_new_T3_67844,,,,https://www.CLIENT_X.co.ke/a-w/about/news/all-news.html,New Third Party Trackers,,,,,
www.googletagmanager.com,Performance cookies,Google Inc.,Beacon,bench_new_T3_67977,,,TRUE,https://www.CLIENT_X.co.ke/c-m-ho/food-preparation/chopper,Existing CM Trackers-Found,,,,,
demdex.net,Targeted Advertising cookies (including social media),"Adobe Audience Manager, Adobe Experience Cloud",HTTP Cookie,_ga_failed_lookup_marker_42_1533,,,,,Existing CM Trackers-Not Found,,,,,
CLIENT_X.co.ke,Essential cookies,CLIENT_X - Kenya,HTTP Cookie,bench_new_T3_67743,,365,,https://www.CLIENT_X.co.ke/,New First Party Trackers,,,,,
www.CLIENT_X.co.ke,Essential cookies (exempt from consent),CLIENT_X - Kenya,HTTP Cookie,AWSELBCORS,,0,TRUE,https://www.CLIENT_X.co.ke/c-p/BRR454_00/5000-series-facial-hair-remover,Existing CM Trackers-Found,,,,,
CLIENT_X.co.ke,Essential cookies,CLIENT_X - Kenya,HTTP Cookie,bench_new_T3_68021,,,,,Existing CM Trackers-Not Found,,,,,
casalemedia.com,Targeted Advertising cookies (including social media),Index Exchange Inc.,HTTP Cookie,bench_new_T3_68287,,365,,https://www.CLIENT_X.co.ke/a-w/about,New Third Party Trackers,,,,,
CLIENT_X.co.ke,Essential cookies,CLIENT_X - Kenya,HTTP Cookie,bench_new_T3_68604,,session,TRUE,https://www.CLIENT_X.co.ke/,Existing CM Trackers-Found,,,,,
CLIENT_X.co.ke,Essential cookies,CLIENT_X - Kenya,HTTP Cookie,bench_new_T3_68689,,,,,Existing CM Trackers-Not Found,,,,,
company-target.com,Targeted Advertising cookies (including social media),"Demandbase, Inc.",HTTP Cookie,bench_new_T3_68504,,396,,https://www.CLIENT_X.co.ke/a-w/about,New Third Party Trackers,,,,,
*.t.eloqua.com,Targeted Advertising cookies (including social media),Oracle Marketing,Beacon,bench_new_T3_67948,,,,https://www.CLIENT_X.co.ke/healthcare/sites/lumify,Existing CM Trackers-Found,,,,,
www.CLIENT_X.co.uk,Performance cookies,CLIENT_X - United Kingdom,ETag,bench_new_T3_68763,,,,,Existing CM Trackers-Not Found,,,,,
CLIENT_X.co.ke,Essential cookies,CLIENT_X - Kenya,HTTP Cookie,_ga_failed_lookup_marker_42_1543,,session,TRUE,https://www.CLIENT_X.co.ke/,Existing CM Trackers-Found,,,,,
www.CLIENT_X.co.ke,Essential cookies,CLIENT_X - Kenya,HTTP Cookie,_ga_failed_lookup_marker_42_1544,,30,TRUE,https://www.CLIENT_X.co.ke/,Existing CM Trackers-Found,,,,,
snap.licdn.com,Performance cookies,LinkedIn,JavaScript,bench_new_T3_67629,,,TRUE,https://www.CLIENT_X.co.ke/c-e/ho/homeid-app.html,Existing CM Trackers-Found,,,,,
versuni.scene7.com,Performance cookies,Adobe Experience Cloud - Experience Manager,JavaScript,bench_new_T3_68056,,,TRUE,https://www.CLIENT_X.co.ke/c-f/XC000021994/how-to-clean-the-dust-bucket-and-filter-of-my-CLIENT_X-1000-series-bagless-vacuum-cleaner,Existing CM Trackers-Found,,,,,
CLIENT_X.co.ke,Targeted Advertising cookies (including social media),CLIENT_X - Kenya,HTTP Cookie,_ga_failed_lookup_marker_42_1547,,,,,Existing CM Trackers-Not Found,,,,,
www.heartstream.com,Targeted Advertising cookies (including social media),Heartstream,JavaScript,_ga_failed_lookup_marker_42_1548,,,,https://www.CLIENT_X.co.ke/healthcare/product/HC989706000051,New Third Party Trackers,,,,,
youtube.com,Targeted Advertising cookies (including social media),Google Advertising Products,HTTP Cookie,bench_new_T3_68428,,session,TRUE,https://www.CLIENT_X.co.ke/c-m-mo/articles-bottle-feeding-health/sterilising-baby-feeding-equipment,Existing CM Trackers-Found,,,,,
www.healthcare.shop.CLIENT_X.it,Essential cookies (exempt from consent),CLIENT_X - Italy,HTTP Cookie,mdLogger,,bench_update_duration,,,Existing CM Trackers-Not Found,,,,,
assets.adobedtm.com,Performance cookies,Adobe Inc.,JavaScript,bench_new_T3_68511,,,,,Existing CM Trackers-Not Found,,,,,
CLIENT_X.co.ke,Essential cookies,CLIENT_X - Kenya,HTTP Cookie,bench_new_T3_67357,,,,,Existing CM Trackers-Not Found,,,,,
sc-static.net,Targeted Advertising cookies (including social media),Snap Inc.,ETag,_ga_failed_lookup_marker_42_1553,,,TRUE,https://www.CLIENT_X.co.ke/c-e/ho/kitchen-appliances.html,Existing CM Trackers-Found,,,,,
i.ytimg.com,Targeted Advertising cookies (including social media),Google Inc.,ETag,bench_new_T3_67751,,,TRUE,https://www.CLIENT_X.co.ke/c-t/XC000004908/my-skin-is-irritated-after-using-my-CLIENT_X-epilator,Existing CM Trackers-Found,,,,,
img.youtube.com,Targeted Advertising cookies (including social media),Google Advertising Products,ETag,bench_new_T3_68334,,,,,Existing CM Trackers-Not Found,,,,,
ssl-static.janraincapture.com,Performance cookies,Akamai,JavaScript,bench_new_T3_67441,,,,,Existing CM Trackers-Not Found,,,,,
static.hotjar.com,Performance cookies,Hotjar,ETag,bench_new_T3_67902,,,,,Existing CM Trackers-Not Found,,,,,
CLIENT_X.ae,Essential cookies (exempt from consent),CLIENT_X - Middle East Arab,HTTP Cookie,_ga,,,,,Existing CM Trackers-Not Found,,,,,
CLIENT_X.co.ke,Essential cookies,CLIENT_X - Kenya,HTTP Cookie,bench_new_T3_68767,,,,,Existing CM Trackers-Not Found,,,,,
youtube.com,Targeted Advertising cookies (including social media),Google Advertising Products,HTTP Cookie,bench_new_T3_67469,,180,TRUE,https://www.CLIENT_X.co.ke/c-m-mo/articles-bottle-feeding-health/sterilising-baby-feeding-equipment,Existing CM Trackers-Found,,,,,
tr.snapchat.com,Targeted Advertising cookies (including social media),Snap Inc.,JavaScript,bench_new_T3_68717,,,TRUE,https://www.CLIENT_X.co.ke/c-e/ho/kitchen-appliances.html,Existing CM Trackers-Found,,,,,
www.lighting.CLIENT_X.co.ke,Essential cookies,Signify (formerly CLIENT_X Lighting),JavaScript,bench_new_T3_68692,,,,,Existing CM Trackers-Not Found,,,,,
dpm.demdex.net,Targeted Advertising cookies (including social media),"Adobe Audience Manager, Adobe Experience Cloud",HTTP Cookie,bench_new_T3_67349,,,,,Existing CM Trackers-Not Found,,,,,
consent-st.trustarc.com,Essential cookies,TrustArc,JavaScript,bench_new_T3_67981,,,,https://www.CLIENT_X.co.ke/healthcare/product/HC866199,New Third Party Trackers,,,,,
www.googleadservices.com,Targeted Advertising cookies (including social media),Google Advertising Products,JavaScript,bench_new_T3_68289,,,,,Existing CM Trackers-Not Found,,,,,
agent-versuni.mindtouch.us,Performance cookies,MindTouch,Beacon,bench_new_T3_67544,,,,https://www.CLIENT_X.co.ke/c-f/XC000021443/my-CLIENT_X-fan-makes-an-unusual-noise-when-oscillating,New Third Party Trackers,,,,,
cdn.mouseflow.com,Performance cookies,Mouseflow,ETag,bench_new_T3_67801,,,,https://www.CLIENT_X.co.ke/c-e/pe/mens-grooming-welcome.html,New Third Party Trackers,,,,,
googleads.g.doubleclick.net,Targeted Advertising cookies (including social media),Google Advertising Products,Beacon,bench_new_T3_67521,,,TRUE,https://www.CLIENT_X.co.ke/,Existing CM Trackers-Found,,,,,
google.com,Performance cookies,Google Inc.,Local Storage,bench_new_T3_68384,,,TRUE,https://www.CLIENT_X.co.ke/c-m-ac/household-accessories,Existing CM Trackers-Found,,,,,
googleads.g.doubleclick.net,Targeted Advertising cookies (including social media),Google Advertising Products,Beacon,bench_new_T3_68431,,,TRUE,https://www.CLIENT_X.co.ke/,Existing CM Trackers-Found,,,,,
google.com,Performance cookies,Google Inc.,Local Storage,bench_new_T3_68045,,,TRUE,https://www.CLIENT_X.co.ke/c-m-ac/household-accessories,Existing CM Trackers-Found,,,,,
www.CLIENT_X.co.ke,Essential cookies,CLIENT_X - Kenya,HTTP Cookie,bench_new_T3_67942,,365,TRUE,https://www.CLIENT_X.co.ke/,Existing CM Trackers-Found,,,,,
www.lighting.CLIENT_X.co.ke,Essential cookies,Signify (formerly CLIENT_X Lighting),HTTP Cookie,bench_new_T3_67718,,,,,Existing CM Trackers-Not Found,,,,,
tt-11795-1.seg.t.tailtarget.com,Targeted Advertising Cookies (including social media) [Requires consent],Tail Target,JavaScript,-,,7,TRUE,https://www.CLIENT_X.co.ke/,Existing CM Trackers-Found,,,,,
www.documents.CLIENT_X.com,Targeted Advertising cookies (including social media),Koninklijke CLIENT_X N.V.,ETag,bench_new_T3_68145,,,,https://www.CLIENT_X.co.ke/healthcare/procedure/early-warning-scoring,New Third Party Trackers,,,,,
CLIENT_X.co.ke,Essential cookies,CLIENT_X - Kenya,HTTP Cookie,bench_new_T3_67892,,400,TRUE,https://www.CLIENT_X.co.ke/,Existing CM Trackers-Found,,,,,
www.CLIENT_X.de,Essential cookies (exempt from consent),CLIENT_X - Germany,HTTP Cookie,DE_Pub-cart-com,,bench_update_duration,,https://www.CLIENT_X.co.ke/a-w/about/news/all-news.html,New Third Party Trackers,,,,,
assets.kampyle.com,Performance cookies,Medallia,ETag,bench_new_T3_68750,,,TRUE,https://www.CLIENT_X.co.ke/a-w/about,Existing CM Trackers-Found,,,,,
CLIENT_X.co.ke,Targeted Advertising cookies (including social media),CLIENT_X - Kenya,HTTP Cookie,bench_new_T3_68484,,,,,Existing CM Trackers-Not Found,,,,,
www.CLIENT_X.co.uk,Performance cookies,CLIENT_X - United Kingdom,ETag,_ga_failed_lookup_marker_42_1580,,,,,Existing CM Trackers-Not Found,,,,,
store-CLIENT_X.tw,Essential cookies (exempt from consent),CLIENT_X Store - Taiwan,HTTP Cookie,_gat_UA-XXX,,bench_update_duration,TRUE,https://www.CLIENT_X.co.ke/,Existing CM Trackers-Found,,,,,
w.usabilla.com,Performance cookies,GetFeedback,JavaScript,bench_new_T3_67979,,,,,Existing CM Trackers-Not Found,,,,,
CLIENT_X.co.ke,Essential cookies,CLIENT_X - Kenya,HTTP Cookie,bench_new_T3_68186,,session,TRUE,https://www.CLIENT_X.co.ke/,Existing CM Trackers-Found,,,,,
CLIENT_Xb2c.my.salesforce-scrt.com,Performance cookies,"Salesforce.com, Inc.",Beacon,_ga_failed_lookup_marker_42_1584,,,,https://www.CLIENT_X.co.ke/c-w/support-home/support-contact-page,New Third Party Trackers,,,,,
www.lightset-creator.lighting.CLIENT_X.com,Performance Cookies [Requires consent],Signify (formerly CLIENT_X Lighting),JavaScript,-,,,,,Existing CM Trackers-Not Found,,,,,
www.heartstream.com,Targeted Advertising cookies (including social media),Heartstream,Beacon,bench_new_T3_67355,,,,https://www.CLIENT_X.co.ke/healthcare/product/HC989706000051,New Third Party Trackers,,,,,
www.usa.CLIENT_X.com,Essential cookies (exempt from consent),Koninklijke CLIENT_X N.V.,HTTP Cookie,fl_qualified_entry,,,,https://www.CLIENT_X.co.ke/c-e/pe/mens-grooming-welcome.html,New Third Party Trackers,,,,,
www.lighting.CLIENT_X.co.ke,Essential cookies,Signify (formerly CLIENT_X Lighting),HTTP Cookie,bench_new_T3_68411,,,,,Existing CM Trackers-Not Found,,,,,
CLIENT_X.co.ke,Essential cookies,CLIENT_X - Kenya,HTTP Cookie,bench_new_T3_67585,,60,TRUE,https://www.CLIENT_X.co.ke/,Existing CM Trackers-Found,,,,,
CLIENT_X.co.ke,Essential cookies,CLIENT_X - Kenya,HTTP Cookie,bench_new_T3_68185,,,,,Existing CM Trackers-Not Found,,,,,
CLIENT_X.co.ke,Essential cookies,CLIENT_X - Kenya,HTTP Cookie,_ga_failed_lookup_marker_42_1591,,,,,Existing CM Trackers-Not Found,,,,,
www.CLIENT_X.co.ke,Essential cookies,CLIENT_X - Kenya,JavaScript,bench_new_T3_67715,,,TRUE,https://www.CLIENT_X.co.ke/,Existing CM Trackers-Found,,,,,
consent-pref.trustarc.com,Essential cookies,TrustArc,JavaScript,bench_new_T3_68372,,,,https://www.CLIENT_X.co.ke/healthcare/product/HC866199,New Third Party Trackers,,,,,
linkedin.com,Targeted Advertising cookies (including social media),LinkedIn,HTTP Cookie,bench_new_T3_67887,,1,TRUE,https://www.CLIENT_X.co.ke/c-e/ho/homeid-app.html,Existing CM Trackers-Found,,,,,
CLIENT_X.co.uk,Targeted Advertising cookies (including social media),CLIENT_X - United Kingdom,Local Storage,bench_new_T3_67200,,,,,Existing CM Trackers-Not Found,,,,,
www.CLIENT_X.com.sg,Essential cookies (exempt from consent),CLIENT_X - Singapore,HTTP Cookie,kampyleUserSession,,bench_update_duration,,https://www.CLIENT_X.co.ke/healthcare/sites/lumify,New Third Party Trackers,,,,,
youtube.com,Targeted Advertising cookies (including social media),Google Advertising Products,HTTP Cookie,bench_new_T3_67835,,session,TRUE,https://www.CLIENT_X.co.ke/c-m-mo/articles-bottle-feeding-health/sterilising-baby-feeding-equipment,Existing CM Trackers-Found,,,,,
www.googleadservices.com,Targeted Advertising cookies (including social media),Google Advertising Products,ETag,bench_new_T3_68342,,,,,Existing CM Trackers-Not Found,,,,,
CLIENT_X.com.my,Essential cookies (exempt from consent),CLIENT_X - Malaysia,HTTP Cookie,s_eVar8,,,,,Existing CM Trackers-Not Found,,,,,
www.heartstream.com,Targeted Advertising cookies (including social media),Heartstream,JavaScript,bench_new_T3_68284,,,,https://www.CLIENT_X.co.ke/healthcare/product/HC989706000051,New Third Party Trackers,,,,,
c.amazon-adsystem.com,Targeted Advertising cookies (including social media),Amazon Ads,ETag,bench_new_T3_67348,,,,,Existing CM Trackers-Not Found,,,,,
CLIENT_X.co.ke,Essential cookies,CLIENT_X - Kenya,HTTP Cookie,bench_new_T3_68476,,,,,Existing CM Trackers-Not Found,,,,,
linkedin.com,Targeted Advertising cookies (including social media),LinkedIn,HTTP Cookie,_ga_failed_lookup_marker_42_1603,,365,TRUE,https://www.CLIENT_X.co.ke/c-e/ho/homeid-app.html,Existing CM Trackers-Found,,,,,
www.heartstream.com,Targeted Advertising cookies (including social media),Heartstream,Beacon,_ga_failed_lookup_marker_42_1604,,,,https://www.CLIENT_X.co.ke/healthcare/product/HC989706000051,New Third Party Trackers,,,,,
*.akstat.io,Performance cookies,Akamai,Beacon,bench_new_T3_67362,,,,,Existing CM Trackers-Not Found,,,,,
demdex.net,Targeted Advertising cookies (including social media),"Adobe Audience Manager, Adobe Experience Cloud",HTTP Cookie,_ga_failed_lookup_marker_42_1606,,,,,Existing CM Trackers-Not Found,,,,,
c.amazon-adsystem.com,Targeted Advertising cookies (including social media),Amazon Ads,ETag,bench_new_T3_68737,,,,,Existing CM Trackers-Not Found,,,,,
CLIENT_X.co.ke,Essential cookies,CLIENT_X - Kenya,HTTP Cookie,bench_new_T3_67754,,,,,Existing CM Trackers-Not Found,,,,,
CLIENT_X.co.ke,Targeted Advertising cookies (including social media),CLIENT_X - Kenya,HTTP Cookie,bench_new_T3_68239,,,,,Existing CM Trackers-Not Found,,,,,
acsbapp.com,Performance cookies,accessiBe,ETag,bench_new_T3_67444,,,,,Existing CM Trackers-Not Found,,,,,
www.googleadservices.com,Targeted Advertising cookies (including social media),Google Advertising Products,JavaScript,bench_new_T3_67580,,,,,Existing CM Trackers-Not Found,,,,,
www.heartstream.com,Targeted Advertising cookies (including social media),Heartstream,JavaScript,bench_new_T3_67374,,,,https://www.CLIENT_X.co.ke/healthcare/product/HC989706000051,New Third Party Trackers,,,,,
img.en25.com,Performance cookies,Oracle Marketing,JavaScript,bench_new_T3_68734,,,,https://www.CLIENT_X.co.ke/healthcare/sites/lumify,New Third Party Trackers,,,,,
tag-logger.demandbase.com,Targeted Advertising cookies (including social media),"Demandbase, Inc.",ETag,_ga_failed_lookup_marker_42_1614,,,,https://www.CLIENT_X.co.ke/healthcare/sites/lumify,New Third Party Trackers,,,,,
www.static.accounts.CLIENT_X.com,Essential cookies,Koninklijke CLIENT_X N.V.,JavaScript,bench_new_T3_68356,,,,,Existing CM Trackers-Not Found,,,,,
www.lighting.CLIENT_X.co.ke,Essential cookies,Signify (formerly CLIENT_X Lighting),JavaScript,bench_new_T3_68775,,,,,Existing CM Trackers-Not Found,,,,,
*.en25.com,Targeted Advertising cookies (including social media),Oracle Marketing,JavaScript,bench_new_T3_67607,,,,https://www.CLIENT_X.co.ke/healthcare/sites/lumify,Existing CM Trackers-Found,,,,,
CLIENT_X.co.ke,Essential cookies,CLIENT_X - Kenya,HTTP Cookie,bench_new_T3_67760,,,,,Existing CM Trackers-Not Found,,,,,
youtube.com,Targeted Advertising cookies (including social media),Google Advertising Products,HTTP Cookie,bench_new_T3_67379,,session,TRUE,https://www.CLIENT_X.co.ke/c-m-mo/articles-bottle-feeding-health/sterilising-baby-feeding-equipment,Existing CM Trackers-Found,,,,,
www.CLIENT_X.co.ke,Essential cookies,CLIENT_X - Kenya,HTTP Cookie,bench_new_T3_67376,,365,TRUE,https://www.CLIENT_X.co.ke/,Existing CM Trackers-Found,,,,,
doubleclick.net,Targeted Advertising cookies (including social media),Google Advertising Products,HTTP Cookie,bench_new_T3_67564,,390,TRUE,https://www.CLIENT_X.co.ke/,Existing CM Trackers-Found,,,,,
CLIENT_X.co.ke,Essential cookies,CLIENT_X - Kenya,HTTP Cookie,bench_new_T3_67858,,,,,Existing CM Trackers-Not Found,,,,,
CLIENT_X.gr,Essential cookies (exempt from consent),CLIENT_X - Greece,HTTP Cookie,s_nrpv,,bench_update_duration,,,Existing CM Trackers-Not Found,,,,,
CLIENT_X.co.ke,Targeted Advertising cookies (including social media),CLIENT_X - Kenya,HTTP Cookie,bench_new_T3_67271,,,,,Existing CM Trackers-Not Found,,,,,
sc-static.net,Targeted Advertising cookies (including social media),Snap Inc.,HTTP Cookie,bench_new_T3_67914,,1,TRUE,https://www.CLIENT_X.co.ke/c-e/ho/homeid-app.html,Existing CM Trackers-Found,,,,,
www.lighting.CLIENT_X.ng,Essential cookies (exempt from consent),Signify (formerly CLIENT_X Lighting),HTTP Cookie,AWSELBCORS,,bench_update_duration,,,Existing CM Trackers-Not Found,,,,,
www.CLIENT_X.co.ke,Essential cookies,CLIENT_X - Kenya,HTTP Cookie,bench_new_T3_68785,,0,,https://www.CLIENT_X.co.ke/,New First Party Trackers,,,,,
CLIENT_X.co.ke,Essential cookies,CLIENT_X - Kenya,HTTP Cookie,bench_new_T3_67586,,400,TRUE,https://www.CLIENT_X.co.ke/,Existing CM Trackers-Found,,,,,
www.lighting.CLIENT_X.co.ke,Essential cookies,Signify (formerly CLIENT_X Lighting),JavaScript,bench_new_T3_68503,,,,,Existing CM Trackers-Not Found,,,,,
koninklijkeCLIENT_Xnvproduction2k8xfrmr.org.coveo.com,Performance cookies,Coveo Solutions Inc.,Beacon,bench_new_T3_68353,,,,https://www.CLIENT_X.co.ke/a-w/about/news/all-news.html,New Third Party Trackers,,,,,
lighting.CLIENT_X.co.ke,Essential cookies,Signify (formerly CLIENT_X Lighting),HTTP Cookie,bench_new_T3_68748,,,,,Existing CM Trackers-Not Found,,,,,
CLIENT_X.co.ke,Essential cookies,CLIENT_X - Kenya,HTTP Cookie,bench_new_T3_67774,,session,TRUE,https://www.CLIENT_X.co.ke/,Existing CM Trackers-Found,,,,,
CLIENT_X.co.ke,Essential cookies,CLIENT_X - Kenya,HTTP Cookie,bench_new_T3_68468,,,,,Existing CM Trackers-Not Found,,,,,
static.cloud.coveo.com,Targeted Advertising cookies (including social media),Coveo Solutions Inc.,JavaScript,_ga_failed_lookup_marker_42_1634,,,,,Existing CM Trackers-Not Found,,,,,
beacon.speedcurve.com,Performance cookies,Speedcurve,Beacon,bench_new_T3_68370,,,,https://www.CLIENT_X.co.ke/healthcare/resources/landing/aed-back-to-the-rhythm,New Third Party Trackers,,,,,
koninklijkeCLIENT_Xnvproduction2k8xfrmr.analytics.org.coveo.com,Performance cookies,Coveo Solutions Inc.,Beacon,bench_new_T3_67672,,,,https://www.CLIENT_X.co.ke/a-w/about/news/all-news.html,New Third Party Trackers,,,,,
CLIENT_X.co.ke,Essential cookies,CLIENT_X - Kenya,HTTP Cookie,bench_new_T3_67826,,session,TRUE,https://www.CLIENT_X.co.ke/,Existing CM Trackers-Found,,,,,
c.amazon-adsystem.com,Targeted Advertising cookies (including social media),Amazon Ads,ETag,bench_new_T3_67295,,,,,Existing CM Trackers-Not Found,,,,,
CLIENT_X.co.ke,Performance cookies,CLIENT_X - Kenya,HTTP Cookie,bench_new_T3_68619,,,,,Existing CM Trackers-Not Found,,,,,
www.lighting.CLIENT_X.co.ke,Essential cookies,Signify (formerly CLIENT_X Lighting),HTTP Cookie,bench_new_T3_67393,,,,,Existing CM Trackers-Not Found,,,,,
www.documents.CLIENT_X.com,Targeted Advertising cookies (including social media),Koninklijke CLIENT_X N.V.,ETag,bench_new_T3_67435,,,,https://www.CLIENT_X.co.ke/healthcare/procedure/early-warning-scoring,New Third Party Trackers,,,,,
www.googleapis.com,Performance cookies,Google Inc.,JavaScript,bench_new_T3_68100,,,TRUE,https://www.CLIENT_X.co.ke/c-t/XC000004908/my-skin-is-irritated-after-using-my-CLIENT_X-epilator,Existing CM Trackers-Found,,,,,
CLIENT_X.co.ke,Essential cookies,CLIENT_X - Kenya,HTTP Cookie,bench_new_T3_68281,,,,https://www.CLIENT_X.co.ke/,Existing CM Trackers-Found,,,,,
google.com,Performance cookies,Google Inc.,Local Storage,bench_new_T3_67515,,,TRUE,https://www.CLIENT_X.co.ke/c-m-ac/household-accessories,Existing CM Trackers-Found,,,,,
s334834414.t.eloqua.com,Performance cookies,Oracle Marketing,Beacon,bench_new_T3_67228,,,,https://www.CLIENT_X.co.ke/healthcare/sites/lumify,New Third Party Trackers,,,,,
www.CLIENT_X.co.ke,Performance cookies,CLIENT_X - Kenya,HTTP Cookie,bench_new_T3_68212,,,,,Existing CM Trackers-Not Found,,,,,
CLIENT_X.112.2o7.net,Performance cookies,"Adobe Audience Manager, Adobe Experience Cloud",Beacon,bench_new_T3_68624,,,TRUE,https://www.CLIENT_X.co.ke/,Existing CM Trackers-Found,,,,,
www.CLIENT_X.co.ke,Essential cookies,CLIENT_X - Kenya,HTTP Cookie,bench_new_T3_67893,,30,TRUE,https://www.CLIENT_X.co.ke/,Existing CM Trackers-Found,,,,,
www.heartstream.com,Targeted Advertising cookies (including social media),Heartstream,JavaScript,bench_new_T3_67962,,,,https://www.CLIENT_X.co.ke/healthcare/product/HC989706000051,New Third Party Trackers,,,,,
CLIENT_X.co.ke,Essential cookies,CLIENT_X - Kenya,HTTP Cookie,bench_new_T3_68636,,,,,Existing CM Trackers-Not Found,,,,,
nebula-cdn.kampyle.com,Performance cookies,Medallia,JavaScript,bench_new_T3_67907,,,TRUE,https://www.CLIENT_X.co.ke/,Existing CM Trackers-Found,,,,,
demdex.net,Targeted Advertising cookies (including social media),"Adobe Audience Manager, Adobe Experience Cloud",HTTP Cookie,bench_new_T3_67476,,,,,Existing CM Trackers-Not Found,,,,,
CLIENT_X.co.ke,Essential cookies,CLIENT_X - Kenya,HTTP Cookie,bench_new_T3_68135,,,,,Existing CM Trackers-Not Found,,,,,
CLIENT_X.co.ke,Targeted Advertising cookies (including social media),CLIENT_X - Kenya,HTTP Cookie,bench_new_T3_68433,,,,,Existing CM Trackers-Not Found,,,,,
decibelinsight.net,Performance cookies,Medallia,HTTP Cookie,bench_new_T3_67767,,,,,Existing CM Trackers-Not Found,,,,,
koninklijkeCLIENT_Xnvproduction2k8xfrmr.org.coveo.com,Performance cookies,Coveo Solutions Inc.,Beacon,bench_new_T3_67546,,,,https://www.CLIENT_X.co.ke/a-w/about/news/all-news.html,New Third Party Trackers,,,,,
www.lighting.CLIENT_X.hr,Essential cookies (exempt from consent),Signify (formerly CLIENT_X Lighting),HTTP Cookie,AWSELB,,0,,https://www.CLIENT_X.co.ke/,New First Party Trackers,,,,,
www.CLIENT_X.co.ke,Essential cookies,CLIENT_X - Kenya,HTTP Cookie,bench_new_T3_67753,,365,TRUE,https://www.CLIENT_X.co.ke/,Existing CM Trackers-Found,,,,,
tracker-detail-page.trustarc.com,Essential cookies,TrustArc,JavaScript,bench_new_T3_67471,,,,https://www.CLIENT_X.co.ke/a-w/cookie-notice,New Third Party Trackers,,,,,
widget-cdn.janraincapture.com,Performance cookies,Akamai,JavaScript,bench_new_T3_68599,,,,,Existing CM Trackers-Not Found,,,,,
img.youtube.com,Targeted Advertising cookies (including social media),Google Advertising Products,ETag,bench_new_T3_68071,,,,,Existing CM Trackers-Not Found,,,,,
www.google.com,Targeted Advertising cookies (including social media),Google Inc.,JavaScript,bench_new_T3_67986,,,TRUE,https://www.CLIENT_X.co.ke/c-m-ac/household-accessories,Existing CM Trackers-Found,,,,,
CLIENT_X.112.2o7.net,Performance cookies,"Adobe Audience Manager, Adobe Experience Cloud",Beacon,bench_new_T3_67230,,,TRUE,https://www.CLIENT_X.co.ke/,Existing CM Trackers-Found,,,,,
www.lighting.CLIENT_X.co.ke,Essential cookies,Signify (formerly CLIENT_X Lighting),HTTP Cookie,_ga_failed_lookup_marker_42_1664,,,,,Existing CM Trackers-Not Found,,,,,
widget-cdn.janraincapture.com,Performance cookies,Akamai,JavaScript,bench_new_T3_67350,,,,,Existing CM Trackers-Not Found,,,,,
company-target.com,Targeted Advertising cookies (including social media),"Demandbase, Inc.",HTTP Cookie,_ga_failed_lookup_marker_42_1666,,396,,https://www.CLIENT_X.co.ke/a-w/about,New Third Party Trackers,,,,,
youtube.com,Targeted Advertising cookies (including social media),Google Advertising Products,HTTP Cookie,bench_new_T3_68582,,180,TRUE,https://www.CLIENT_X.co.ke/c-m-mo/articles-bottle-feeding-health/sterilising-baby-feeding-equipment,Existing CM Trackers-Found,,,,,
snapchat.com,Targeted Advertising cookies (including social media),Snap Inc.,HTTP Cookie,bench_new_T3_67573,,390,TRUE,https://www.CLIENT_X.co.ke/c-e/ho/homeid-app.html,Existing CM Trackers-Found,,,,,
CLIENT_X.co.ke,Essential cookies,CLIENT_X - Kenya,HTTP Cookie,bench_new_T3_67897,,,,,Existing CM Trackers-Not Found,,,,,
CLIENT_Xb2c.my.site.com,Performance cookies,"Salesforce.com, Inc.",ETag,bench_new_T3_67781,,,TRUE,https://www.CLIENT_X.co.ke/c-w/support-home/support-contact-page,Existing CM Trackers-Found,,,,,
CLIENT_X.co.ke,Essential cookies,CLIENT_X - Kenya,HTTP Cookie,bench_new_T3_68237,,,,,Existing CM Trackers-Not Found,,,,,
amazon-adsystem.com,Targeted Advertising cookies (including social media),Amazon Ads,HTTP Cookie,bench_new_T3_67739,,,,,Existing CM Trackers-Not Found,,,,,
CLIENT_X.co.ke,Essential cookies,CLIENT_X - Kenya,HTTP Cookie,bench_new_T3_67640,,400,TRUE,https://www.CLIENT_X.co.ke/,Existing CM Trackers-Found,,,,,
linkedin.com,Targeted Advertising cookies (including social media),LinkedIn,HTTP Cookie,bench_new_T3_67304,,180,TRUE,https://www.CLIENT_X.co.ke/c-e/ho/homeid-app.html,Existing CM Trackers-Found,,,,,
doubleclick.net,Targeted Advertising cookies (including social media),Google Advertising Products,HTTP Cookie,bench_new_T3_68020,,0,TRUE,https://www.CLIENT_X.co.ke/,Existing CM Trackers-Found,,,,,
www.lighting.CLIENT_X.co.ke,Essential cookies,Signify (formerly CLIENT_X Lighting),HTTP Cookie,bench_new_T3_68310,,,,,Existing CM Trackers-Not Found,,,,,
tracker-detail-page.trustarc.com,Essential cookies,TrustArc,JavaScript,bench_new_T3_67514,,,,https://www.CLIENT_X.co.ke/a-w/cookie-notice,New Third Party Trackers,,,,,
acsbapp.com,Performance cookies,accessiBe,ETag,bench_new_T3_67584,,,,,Existing CM Trackers-Not Found,,,,,
CLIENT_Xb2c.my.site.com,Performance cookies,"Salesforce.com, Inc.",Local Storage,bench_new_T3_68272,,,TRUE,https://www.CLIENT_X.co.ke/c-w/support-home/support-contact-page,Existing CM Trackers-Found,,,,,
CLIENT_X.co.uk,Targeted Advertising cookies (including social media),CLIENT_X - United Kingdom,Local Storage,bench_new_T3_68184,,,,,Existing CM Trackers-Not Found,,,,,
tremorhub.com,Targeted Advertising cookies (including social media),"Magnite CTV, Inc.",HTTP Cookie,bench_new_T3_68337,,400,,https://www.CLIENT_X.co.ke/a-w/about,New Third Party Trackers,,,,,
www.CLIENT_X.co.ke,Performance cookies,CLIENT_X - Kenya,HTTP Cookie,bench_new_T3_68798,,,,,Existing CM Trackers-Not Found,,,,,
CLIENT_X.sk,Essential cookies (exempt from consent),CLIENT_X - Slovakia,HTTP Cookie,mbox,,bench_update_duration,,https://www.CLIENT_X.co.ke/healthcare/product/HC989706000051,New Third Party Trackers,,,,,
CLIENT_X.co.ke,Targeted Advertising cookies (including social media),CLIENT_X - Kenya,HTTP Cookie,bench_new_T3_68018,,,,,Existing CM Trackers-Not Found,,,,,
consent.trustarc.com,Essential cookies,TrustArc,JavaScript,bench_new_T3_67288,,,TRUE,https://www.CLIENT_X.co.ke/,Existing CM Trackers-Found,,,,,
CLIENT_X.co.ke,Essential cookies,CLIENT_X - Kenya,HTTP Cookie,bench_new_T3_68151,,session,TRUE,https://www.CLIENT_X.co.ke/,Existing CM Trackers-Found,,,,,
www.heartstream.com,Targeted Advertising cookies (including social media),Heartstream,Beacon,bench_new_T3_68704,,,,https://www.CLIENT_X.co.ke/healthcare/product/HC989706000051,New Third Party Trackers,,,,,
www.CLIENT_X.co.ke,Essential cookies,CLIENT_X - Kenya,HTTP Cookie,bench_new_T3_68137,,,,,Existing CM Trackers-Not Found,,,,,
youtube.com,Targeted Advertising cookies (including social media),Google Advertising Products,HTTP Cookie,bench_new_T3_68719,,session,TRUE,https://www.CLIENT_X.co.ke/c-m-mo/articles-bottle-feeding-health/sterilising-baby-feeding-equipment,Existing CM Trackers-Found,,,,,
www.CLIENT_X.co.ke,Essential cookies,CLIENT_X - Kenya,HTTP Cookie,bench_new_T3_67421,,7,,https://www.CLIENT_X.co.ke/,New First Party Trackers,,,,,
CLIENT_X.com,Essential cookies,Koninklijke CLIENT_X N.V.,HTTP Cookie,bench_new_T3_67400,,,,,Existing CM Trackers-Not Found,,,,,
w.usabilla.com,Performance cookies,GetFeedback,JavaScript,bench_new_T3_68224,,,,,Existing CM Trackers-Not Found,,,,,
static.cloud.coveo.com,Targeted Advertising cookies (including social media),Coveo Solutions Inc.,JavaScript,bench_new_T3_68509,,,,,Existing CM Trackers-Not Found,,,,,
lux.speedcurve.com,Performance cookies,Speedcurve,JavaScript,bench_new_T3_68179,,,,https://www.CLIENT_X.co.ke/healthcare/resources/landing/aed-back-to-the-rhythm,New Third Party Trackers,,,,,
cdn.mouseflow.com,Performance cookies,Mouseflow,ETag,bench_new_T3_67821,,,,https://www.CLIENT_X.co.ke/c-e/pe/mens-grooming-welcome.html,New Third Party Trackers,,,,,
www.CLIENT_X.co.ke,Essential cookies,CLIENT_X - Kenya,HTTP Cookie,bench_new_T3_68095,,,,,Existing CM Trackers-Not Found,,,,,
www.lighting.CLIENT_X.co.ke,Essential cookies,Signify (formerly CLIENT_X Lighting),JavaScript,bench_new_T3_67462,,,,,Existing CM Trackers-Not Found,,,,,
stats.g.doubleclick.net,Targeted Advertising cookies (including social media),Google Advertising Products,Beacon,bench_new_T3_68483,,,TRUE,https://www.CLIENT_X.co.ke/,Existing CM Trackers-Found,,,,,
www.CLIENT_X.co.ke,Essential cookies,CLIENT_X - Kenya,HTTP Cookie,bench_new_T3_67681,,30,TRUE,https://www.CLIENT_X.co.ke/,Existing CM Trackers-Found,,,,,
www.accounts.CLIENT_X.com,Essential cookies,Koninklijke CLIENT_X N.V.,JavaScript,bench_new_T3_67420,,,,,Existing CM Trackers-Not Found,,,,,
images.CLIENT_X.com,Essential cookies,Koninklijke CLIENT_X N.V.,ETag,bench_new_T3_68324,,,TRUE,https://www.CLIENT_X.co.ke/c-p/BHH880_00/stylecare-essential-heated-straightening-brush,Existing CM Trackers-Found,,,,,
*.cloudfront.net,Performance cookies,Amazon (Cloudfront),ETag,bench_new_T3_67525,,,,,Existing CM Trackers-Not Found,,,,,
CLIENT_X.co.uk,Targeted Advertising cookies (including social media),CLIENT_X - United Kingdom,Local Storage,bench_new_T3_67486,,,,,Existing CM Trackers-Not Found,,,,,
ct.pinterest.com,Targeted Advertising Cookies (including social media) [Requires consent],Pinterest,JavaScript,-,,,,,Existing CM Trackers-Not Found,,,,,
doubleclick.net,Targeted Advertising cookies (including social media),Google Advertising Products,HTTP Cookie,_ga_failed_lookup_marker_42_1705,,30,TRUE,https://www.CLIENT_X.co.ke/,Existing CM Trackers-Found,,,,,
s334834414.t.eloqua.com,Performance cookies,Oracle Marketing,JavaScript,bench_new_T3_67416,,,,https://www.CLIENT_X.co.ke/healthcare/sites/lumify-handheld-ultrasound/specialty/primary-care-specialty-practices,New Third Party Trackers,,,,,
CLIENT_X.co.ke,Essential cookies,CLIENT_X - Kenya,HTTP Cookie,bench_new_T3_68409,,400,,https://www.CLIENT_X.co.ke/,New First Party Trackers,,,,,
CLIENT_X.co.ke,Essential cookies,CLIENT_X - Kenya,HTTP Cookie,bench_new_T3_68683,,session,TRUE,https://www.CLIENT_X.co.ke/,Existing CM Trackers-Found,,,,,
tracker-detail-page.trustarc.com,Essential cookies,TrustArc,JavaScript,bench_new_T3_67298,,,,https://www.CLIENT_X.co.ke/a-w/cookie-notice,New Third Party Trackers,,,,,
smetrics.marketing.CLIENT_X-hue.com,Targeted Advertising cookies (including social media),CLIENT_X Hue,JavaScript,_ga_failed_lookup_marker_42_1710,,,,,Existing CM Trackers-Not Found,,,,,
CLIENT_X.rs,Essential cookies (exempt from consent),CLIENT_X - Serbia,HTTP Cookie,s_eVar8,,bench_update_duration,,https://www.CLIENT_X.co.ke/a-w/about,New Third Party Trackers,,,,,
CLIENT_X.co.th,Essential cookies (exempt from consent),CLIENT_X - Thailand,HTTP Cookie,_gat_UA-XXX,,bench_update_duration,,,Existing CM Trackers-Not Found,,,,,
linkedin.com,Targeted Advertising cookies (including social media),LinkedIn,HTTP Cookie,bench_new_T3_67872,,1,TRUE,https://www.CLIENT_X.co.ke/c-e/ho/homeid-app.html,Existing CM Trackers-Found,,,,,
tremorhub.com,Targeted Advertising cookies (including social media),"Magnite CTV, Inc.",HTTP Cookie,bench_new_T3_67785,,400,,https://www.CLIENT_X.co.ke/a-w/about,New Third Party Trackers,,,,,
*.en25.com,Targeted Advertising cookies (including social media),Oracle Marketing,JavaScript,bench_new_T3_68407,,,,https://www.CLIENT_X.co.ke/healthcare/sites/lumify,Existing CM Trackers-Found,,,,,
connect.facebook.net,Targeted Advertising cookies (including social media),Meta (formerly Facebook),JavaScript,bench_new_T3_67921,,,TRUE,https://www.CLIENT_X.co.ke/,Existing CM Trackers-Found,,,,,
www.CLIENT_X.fi,Essential cookies (exempt from consent),CLIENT_X - Finland,HTTP Cookie,ws-active-shop,,,,,Existing CM Trackers-Not Found,,,,,
CLIENT_X.co.ke,Performance cookies,CLIENT_X - Kenya,HTTP Cookie,bench_new_T3_67533,,,,,Existing CM Trackers-Not Found,,,,,
assets.adobedtm.com,Performance cookies,Adobe Inc.,JavaScript,bench_new_T3_68247,,,,,Existing CM Trackers-Not Found,,,,,
static.cloud.coveo.com,Targeted Advertising cookies (including social media),Coveo Solutions Inc.,JavaScript,bench_new_T3_67264,,,,,Existing CM Trackers-Not Found,,,,,
CLIENT_X.lt,Essential cookies (exempt from consent),CLIENT_X - Lithuania,HTTP Cookie,_scid,,,TRUE,https://www.CLIENT_X.co.ke/c-t/XC000004908/my-skin-is-irritated-after-using-my-CLIENT_X-epilator,Existing CM Trackers-Found,,,,,
usr.navdmp.com,Targeted Advertising Cookies (including social media) [Requires consent],Navegg,JavaScript,-,,bench_update_duration,TRUE,https://www.CLIENT_X.co.ke/,Existing CM Trackers-Found,,,,,
youtube.com,Targeted Advertising cookies (including social media),Google Advertising Products,HTTP Cookie,bench_new_T3_67768,,180,TRUE,https://www.CLIENT_X.co.ke/c-m-mo/articles-bottle-feeding-health/sterilising-baby-feeding-equipment,Existing CM Trackers-Found,,,,,
CLIENT_X.co.ke,Targeted Advertising cookies (including social media),CLIENT_X - Kenya,HTTP Cookie,bench_new_T3_67777,,,,,Existing CM Trackers-Not Found,,,,,
youtube.com,Targeted Advertising cookies (including social media),Google Advertising Products,HTTP Cookie,bench_new_T3_67222,,180,,https://www.CLIENT_X.co.ke/c-m-mo/articles-bottle-feeding-health/sterilising-baby-feeding-equipment,New Third Party Trackers,,,,,
www.CLIENT_X.at,Essential cookies (exempt from consent),CLIENT_X - Austria,HTTP Cookie,kampyleUserSession,,729,,,Existing CM Trackers-Not Found,,,,,
youtube.com,Targeted Advertising cookies (including social media),Google Advertising Products,HTTP Cookie,bench_new_T3_68033,,180,,https://www.CLIENT_X.co.ke/c-m-mo/articles-bottle-feeding-health/sterilising-baby-feeding-equipment,New Third Party Trackers,,,,,
www.CLIENT_X.rs,Essential cookies (exempt from consent),CLIENT_X - Serbia,HTTP Cookie,kampyleUserPercentile,,bench_update_duration,,,Existing CM Trackers-Not Found,,,,,
www.CLIENT_X.se,Essential cookies (exempt from consent),CLIENT_X - Sweden,HTTP Cookie,AWSELB,,0,,,Existing CM Trackers-Not Found,,,,,
www.CLIENT_X.co.ke,Essential cookies,CLIENT_X - Kenya,HTTP Cookie,bench_new_T3_67890,,,,,Existing CM Trackers-Not Found,,,,,
s334834414.t.eloqua.com,Performance cookies,Oracle Marketing,Beacon,_ga_failed_lookup_marker_42_1731,,,,https://www.CLIENT_X.co.ke/healthcare/sites/lumify,New Third Party Trackers,,,,,
CLIENT_X.112.2o7.net,Performance cookies,"Adobe Audience Manager, Adobe Experience Cloud",HTTP Cookie,bench_new_T3_68331,,400,,https://www.CLIENT_X.co.ke/,New Third Party Trackers,,,,,
CLIENT_Xb2c.my.site.com,Performance cookies,"Salesforce.com, Inc.",Local Storage,bench_new_T3_67506,,,TRUE,https://www.CLIENT_X.co.ke/c-w/support-home/support-contact-page,Existing CM Trackers-Found,,,,,
www.google.com,Targeted Advertising cookies (including social media),Google Inc.,Beacon,bench_new_T3_68168,,,TRUE,https://www.CLIENT_X.co.ke/,Existing CM Trackers-Found,,,,,
CLIENT_X.co.ke,Essential cookies,CLIENT_X - Kenya,HTTP Cookie,bench_new_T3_68050,,session,TRUE,https://www.CLIENT_X.co.ke/,Existing CM Trackers-Found,,,,,
lighting.CLIENT_X.co.ke,Essential cookies,Signify (formerly CLIENT_X Lighting),HTTP Cookie,bench_new_T3_67796,,,,,Existing CM Trackers-Not Found,,,,,
cdn.channelsight.com,Essential cookies,ChannelSight,ETag,_ga_failed_lookup_marker_42_1737,,,TRUE,https://www.CLIENT_X.co.ke/c-p/BRR454_00/5000-series-facial-hair-remover,Existing CM Trackers-Found,,,,,
CLIENT_X.com.my,Essential cookies (exempt from consent),CLIENT_X - Malaysia,HTTP Cookie,mboxEdgeCluster,,,,,Existing CM Trackers-Not Found,,,,,
CLIENT_X.co.ke,Essential cookies,CLIENT_X - Kenya,HTTP Cookie,bench_new_T3_67581,,393,TRUE,https://www.CLIENT_X.co.ke/,Existing CM Trackers-Found,,,,,
static.hotjar.com,Performance cookies,Hotjar,ETag,bench_new_T3_68294,,,,,Existing CM Trackers-Not Found,,,,,
d6tizftlrpuof.cloudfront.net,Performance Cookies [Requires consent],Amazon (Cloudfront),ETag,-,,,,,Existing CM Trackers-Not Found,,,,,
www.CLIENT_X.co.ke,Essential cookies,CLIENT_X - Kenya,HTTP Cookie,bench_new_T3_68523,,7,,https://www.CLIENT_X.co.ke/,New First Party Trackers,,,,,
cdn.channelsight.com,Essential cookies,ChannelSight,ETag,_ga_failed_lookup_marker_42_1743,,,TRUE,https://www.CLIENT_X.co.ke/c-p/BRR454_00/5000-series-facial-hair-remover,Existing CM Trackers-Found,,,,,
www.CLIENT_X.co.ke,Essential cookies,CLIENT_X - Kenya,HTTP Cookie,bench_new_T3_67806,,0,,https://www.CLIENT_X.co.ke/,New First Party Trackers,,,,,
CLIENT_X.co.ke,Essential cookies,CLIENT_X - Kenya,HTTP Cookie,bench_new_T3_68529,,session,TRUE,https://www.CLIENT_X.co.ke/,Existing CM Trackers-Found,,,,,
www.youtube.com,Targeted Advertising cookies (including social media),Google Advertising Products,JavaScript,bench_new_T3_67596,,,TRUE,https://www.CLIENT_X.co.ke/c-m-mo/articles-bottle-feeding-health/sterilising-baby-feeding-equipment,Existing CM Trackers-Found,,,,,
static.hotjar.com,Performance cookies,Hotjar,ETag,bench_new_T3_68453,,,,,Existing CM Trackers-Not Found,,,,,
www.CLIENT_X.se,Essential cookies (exempt from consent),CLIENT_X - Sweden,HTTP Cookie,fl_qualified_entry,,bench_update_duration,,,Existing CM Trackers-Not Found,,,,,
*.en25.com,Targeted Advertising cookies (including social media),Oracle Marketing,JavaScript,bench_new_T3_68217,,,,https://www.CLIENT_X.co.ke/healthcare/sites/lumify,Existing CM Trackers-Found,,,,,
analytics-fe.digital-cloud-us-main.medallia.com,Performance cookies,Medallia,Beacon,bench_new_T3_68030,,,,https://www.CLIENT_X.co.ke/a-w/about,New Third Party Trackers,,,,,
CLIENT_X.112.2o7.net,Performance cookies,"Adobe Audience Manager, Adobe Experience Cloud",Beacon,bench_new_T3_67248,,,TRUE,https://www.CLIENT_X.co.ke/,Existing CM Trackers-Found,,,,,
www.lighting.CLIENT_X.co.ke,Essential cookies,Signify (formerly CLIENT_X Lighting),HTTP Cookie,bench_new_T3_67996,,,,,Existing CM Trackers-Not Found,,,,,
CLIENT_Xb2c.my.site.com,Performance cookies,"Salesforce.com, Inc.",Local Storage,bench_new_T3_68302,,,TRUE,https://www.CLIENT_X.co.ke/c-w/support-home/support-contact-page,Existing CM Trackers-Found,,,,,
www.lighting.CLIENT_X.co.ke,Essential cookies,Signify (formerly CLIENT_X Lighting),HTTP Cookie,bench_new_T3_68188,,,,,Existing CM Trackers-Not Found,,,,,
cdn.speedcurve.com,Performance cookies,Speedcurve,JavaScript,_ga_failed_lookup_marker_42_1755,,,,https://www.CLIENT_X.co.ke/,New Third Party Trackers,,,,,
www.CLIENT_X.co.ke,Essential cookies,CLIENT_X - Kenya,HTTP Cookie,bench_new_T3_68778,,,,,Existing CM Trackers-Not Found,,,,,
www.lighting.CLIENT_X.co.ke,Essential cookies,Signify (formerly CLIENT_X Lighting),HTTP Cookie,_ga_failed_lookup_marker_42_1757,,,,,Existing CM Trackers-Not Found,,,,,
www.CLIENT_X.co.ke,Essential cookies,CLIENT_X - Kenya,HTTP Cookie,bench_new_T3_67830,,0,,https://www.CLIENT_X.co.ke/,New First Party Trackers,,,,,
CLIENT_X.pl,Essential cookies (exempt from consent),CLIENT_X - Poland,HTTP Cookie,s_cm,,400,TRUE,https://www.CLIENT_X.co.ke/,Existing CM Trackers-Found,,,,,
demdex.net,Targeted Advertising cookies (including social media),"Adobe Audience Manager, Adobe Experience Cloud",HTTP Cookie,bench_new_T3_68751,,,,,Existing CM Trackers-Not Found,,,,,
CLIENT_X.co.ke,Essential cookies,CLIENT_X - Kenya,HTTP Cookie,bench_new_T3_68408,,,,,Existing CM Trackers-Not Found,,,,,
CLIENT_X.co.ke,Performance cookies,CLIENT_X - Kenya,HTTP Cookie,bench_new_T3_67565,,,,,Existing CM Trackers-Not Found,,,,,
www.CLIENT_X.co.ke,Essential cookies,CLIENT_X - Kenya,HTTP Cookie,bench_new_T3_68327,,,,,Existing CM Trackers-Not Found,,,,,
linkedin.com,Targeted Advertising cookies (including social media),LinkedIn,HTTP Cookie,bench_new_T3_68789,,180,TRUE,https://www.CLIENT_X.co.ke/c-e/ho/homeid-app.html,Existing CM Trackers-Found,,,,,
acsbapp.com,Performance cookies,accessiBe,JavaScript,bench_new_T3_67688,,,,,Existing CM Trackers-Not Found,,,,,
tracker-detail-page.trustarc.com,Essential cookies,TrustArc,ETag,bench_new_T3_67254,,,,https://www.CLIENT_X.co.ke/a-w/cookie-notice,New Third Party Trackers,,,,,
CLIENT_X.co.ke,Essential cookies,CLIENT_X - Kenya,HTTP Cookie,bench_new_T3_67683,,,,,Existing CM Trackers-Not Found,,,,,
img.youtube.com,Targeted Advertising cookies (including social media),Google Advertising Products,ETag,bench_new_T3_67654,,,,,Existing CM Trackers-Not Found,,,,,
CLIENT_X.no,Essential cookies (exempt from consent),CLIENT_X - Norway,HTTP Cookie,TEST_AMCV_COOKIE_WRITE,,,TRUE,https://www.CLIENT_X.co.ke/healthcare/sites/lumify,Existing CM Trackers-Found,,,,,
analytics-fe.digital-cloud-us-main.medallia.com,Performance cookies,Medallia,Beacon,bench_new_T3_68670,,,,https://www.CLIENT_X.co.ke/a-w/about,New Third Party Trackers,,,,,
www.CLIENT_X.com,Essential cookies,Koninklijke CLIENT_X N.V.,JavaScript,bench_new_T3_68709,,,TRUE,https://www.CLIENT_X.co.ke/healthcare/product/HC866199,Existing CM Trackers-Found,,,,,
CLIENT_X.co.nz,Essential cookies (exempt from consent),CLIENT_X - New Zealand,HTTP Cookie,FPLC,,bench_update_duration,,,Existing CM Trackers-Not Found,,,,,
CLIENT_X.co.ke,Essential cookies,CLIENT_X - Kenya,HTTP Cookie,bench_new_T3_68764,,session,TRUE,https://www.CLIENT_X.co.ke/,Existing CM Trackers-Found,,,,,
www.CLIENT_X.co.ke,Essential cookies,CLIENT_X - Kenya,JavaScript,bench_new_T3_67358,,,TRUE,https://www.CLIENT_X.co.ke/,Existing CM Trackers-Found,,,,,
CLIENT_X.it,Essential cookies (exempt from consent),CLIENT_X - Italy,HTTP Cookie,_gid,,,,,Existing CM Trackers-Not Found,,,,,
www.CLIENT_X.co.ke,Essential cookies,CLIENT_X - Kenya,HTTP Cookie,bench_new_T3_68667,,365,TRUE,https://www.CLIENT_X.co.ke/,Existing CM Trackers-Found,,,,,
www.CLIENT_X.com.my,Essential cookies (exempt from consent),CLIENT_X - Malaysia,Local Storage,blank (local storage),,,,,Existing CM Trackers-Not Found,,,,,
CLIENT_X.co.ke,Essential cookies,CLIENT_X - Kenya,HTTP Cookie,bench_new_T3_67342,,393,TRUE,https://www.CLIENT_X.co.ke/,Existing CM Trackers-Found,,,,,
www.CLIENT_X.co.ke,Essential cookies,CLIENT_X - Kenya,HTTP Cookie,bench_new_T3_68298,,,,,Existing CM Trackers-Not Found,,,,,
munchkin.marketo.net,Targeted Advertising cookies (including social media),Marketo,ETag,bench_new_T3_67217,,,,,Existing CM Trackers-Not Found,,,,,
www.CLIENT_X.co.ke,Essential cookies,CLIENT_X - Kenya,HTTP Cookie,bench_new_T3_68755,,365,TRUE,https://www.CLIENT_X.co.ke/,Existing CM Trackers-Found,,,,,
CLIENT_X.co.ke,Essential cookies,CLIENT_X - Kenya,HTTP Cookie,_ga_failed_lookup_marker_42_1782,,,,,Existing CM Trackers-Not Found,,,,,
agent-versuni.mindtouch.us,Performance cookies,MindTouch,HTTP Cookie,bench_new_T3_68780,,session,,https://www.CLIENT_X.co.ke/c-f/XC000021443/my-CLIENT_X-fan-makes-an-unusual-noise-when-oscillating,New Third Party Trackers,,,,,
CLIENT_X.co.ke,Performance cookies,CLIENT_X - Kenya,HTTP Cookie,bench_new_T3_68209,,,,,Existing CM Trackers-Not Found,,,,,
px.ads.linkedin.com,Targeted Advertising cookies (including social media),LinkedIn,JavaScript,bench_new_T3_68147,,,TRUE,https://www.CLIENT_X.co.ke/healthcare/sites/lumify,Existing CM Trackers-Found,,,,,
youtube.com,Targeted Advertising cookies (including social media),Google Advertising Products,HTTP Cookie,bench_new_T3_68581,,session,TRUE,https://www.CLIENT_X.co.ke/c-m-mo/articles-bottle-feeding-health/sterilising-baby-feeding-equipment,Existing CM Trackers-Found,,,,,
www.CLIENT_X.gr,Essential cookies (exempt from consent),CLIENT_X - Greece,HTTP Cookie,kampyleUserPercentile,,bench_update_duration,TRUE,https://www.CLIENT_X.co.ke/c-w/support-home/support-contact-page,Existing CM Trackers-Found,,,,,
www.lighting.CLIENT_X.co.ke,Essential cookies,Signify (formerly CLIENT_X Lighting),HTTP Cookie,bench_new_T3_68190,,,,,Existing CM Trackers-Not Found,,,,,
CLIENT_Xb2c.my.site.com,Performance cookies,"Salesforce.com, Inc.",Beacon,_ga_failed_lookup_marker_42_1789,,,TRUE,https://www.CLIENT_X.co.ke/c-w/support-home/support-contact-page,Existing CM Trackers-Found,,,,,
tag.demandbase.com,Targeted Advertising cookies (including social media),"Demandbase, Inc.",ETag,_ga_failed_lookup_marker_42_1790,,,,https://www.CLIENT_X.co.ke/a-w/about,New Third Party Trackers,,,,,
decibelinsight.net,Performance cookies,Medallia,HTTP Cookie,bench_new_T3_67404,,,,,Existing CM Trackers-Not Found,,,,,
www.lighting.CLIENT_X.co.ke,Essential cookies,Signify (formerly CLIENT_X Lighting),JavaScript,bench_new_T3_67783,,,,,Existing CM Trackers-Not Found,,,,,
www.CLIENT_X.ca,Essential cookies (exempt from consent),CLIENT_X - Canada,HTTP Cookie,ws-id,,,TRUE,https://www.CLIENT_X.co.ke/c-m-mo/articles-bottle-feeding-health/sterilising-baby-feeding-equipment,Existing CM Trackers-Found,,,,,
casalemedia.com,Targeted Advertising cookies (including social media),Index Exchange Inc.,HTTP Cookie,bench_new_T3_67220,,90,,https://www.CLIENT_X.co.ke/a-w/about,New Third Party Trackers,,,,,
CLIENT_X.co.ke,Essential cookies,CLIENT_X - Kenya,HTTP Cookie,bench_new_T3_68218,,,,,Existing CM Trackers-Not Found,,,,,
casalemedia.com,Targeted Advertising cookies (including social media),Index Exchange Inc.,HTTP Cookie,_ga_failed_lookup_marker_42_1796,,90,,https://www.CLIENT_X.co.ke/a-w/about,New Third Party Trackers,,,,,
www.CLIENT_X.co.ke,Essential cookies,CLIENT_X - Kenya,HTTP Cookie,bench_new_T3_68263,,,,,Existing CM Trackers-Not Found,,,,,
CLIENT_X.co.ke,Essential cookies,CLIENT_X - Kenya,HTTP Cookie,bench_new_T3_67487,,,,,Existing CM Trackers-Not Found,,,,,
CLIENT_X.co.ke,Essential cookies,CLIENT_X - Kenya,HTTP Cookie,bench_new_T3_68234,,,,,Existing CM Trackers-Not Found,,,,,
CLIENT_X.co.ke,Essential cookies,CLIENT_X - Kenya,HTTP Cookie,bench_new_T3_68253,,,,,Existing CM Trackers-Not Found,,,,,
www.lighting.CLIENT_X.co.ke,Essential cookies,Signify (formerly CLIENT_X Lighting),JavaScript,bench_new_T3_67309,,,,,Existing CM Trackers-Not Found,,,,,
tag-logger.demandbase.com,Targeted Advertising cookies (including social media),"Demandbase, Inc.",ETag,bench_new_T3_67730,,,,https://www.CLIENT_X.co.ke/healthcare/sites/lumify,New Third Party Trackers,,,,,
CLIENT_X.co.ke,Essential cookies,CLIENT_X - Kenya,HTTP Cookie,_ga_failed_lookup_marker_42_1803,,,,,Existing CM Trackers-Not Found,,,,,
img.en25.com,Performance cookies,Oracle Marketing,JavaScript,bench_new_T3_67366,,,,https://www.CLIENT_X.co.ke/healthcare/sites/lumify,New Third Party Trackers,,,,,
www.CLIENT_X.co.ke,Essential cookies,CLIENT_X - Kenya,HTTP Cookie,bench_new_T3_67848,,30,TRUE,https://www.CLIENT_X.co.ke/,Existing CM Trackers-Found,,,,,
youtube.com,Targeted Advertising cookies (including social media),Google Advertising Products,HTTP Cookie,bench_new_T3_67705,,180,TRUE,https://www.CLIENT_X.co.ke/c-m-mo/articles-bottle-feeding-health/sterilising-baby-feeding-equipment,Existing CM Trackers-Found,,,,,
CLIENT_X.co.ke,Performance cookies,CLIENT_X - Kenya,HTTP Cookie,bench_new_T3_67682,,,,,Existing CM Trackers-Not Found,,,,,
agent-versuni.mindtouch.us,Performance cookies,MindTouch,HTTP Cookie,bench_new_T3_67742,,session,,https://www.CLIENT_X.co.ke/c-f/XC000021443/my-CLIENT_X-fan-makes-an-unusual-noise-when-oscillating,New Third Party Trackers,,,,,
CLIENT_X.co.ke,Performance cookies,CLIENT_X - Kenya,HTTP Cookie,bench_new_T3_68017,,,,,Existing CM Trackers-Not Found,,,,,
CLIENT_X.fi,Essential cookies (exempt from consent),CLIENT_X - Finland,HTTP Cookie,mbox,,bench_update_duration,TRUE,https://www.CLIENT_X.co.ke/,Existing CM Trackers-Found,,,,,
CLIENT_X.co.ke,Performance cookies,CLIENT_X - Kenya,HTTP Cookie,bench_new_T3_67527,,,,,Existing CM Trackers-Not Found,,,,,
script.hotjar.com,Targeted Advertising cookies (including social media),Hotjar,ETag,bench_new_T3_68675,,,,,Existing CM Trackers-Not Found,,,,,
www.CLIENT_X.com,Essential cookies,Koninklijke CLIENT_X N.V.,ETag,_ga_failed_lookup_marker_42_1813,,,TRUE,https://www.CLIENT_X.co.ke/a-w/about/news/all-news.html,Existing CM Trackers-Found,,,,,
static.cloud.coveo.com,Targeted Advertising cookies (including social media),Coveo Solutions Inc.,ETag,bench_new_T3_68305,,,,,Existing CM Trackers-Not Found,,,,,
CLIENT_X.ie,Essential cookies (exempt from consent),CLIENT_X - Ireland,HTTP Cookie,da_intState,,,,,Existing CM Trackers-Not Found,,,,,
static.hotjar.com,Performance cookies,Hotjar,ETag,bench_new_T3_67428,,,,,Existing CM Trackers-Not Found,,,,,
youtube.com,Targeted Advertising cookies (including social media),Google Advertising Products,HTTP Cookie,_ga_failed_lookup_marker_42_1817,,180,TRUE,https://www.CLIENT_X.co.ke/c-m-mo/articles-bottle-feeding-health/sterilising-baby-feeding-equipment,Existing CM Trackers-Found,,,,,
company-target.com,Targeted Advertising cookies (including social media),"Demandbase, Inc.",HTTP Cookie,bench_new_T3_68194,,396,,https://www.CLIENT_X.co.ke/a-w/about,New Third Party Trackers,,,,,
CLIENT_X.co.ke,Essential cookies,CLIENT_X - Kenya,HTTP Cookie,bench_new_T3_68647,,,,,Existing CM Trackers-Not Found,,,,,
CLIENT_X.co.ke,Essential cookies,CLIENT_X - Kenya,HTTP Cookie,bench_new_T3_67395,,,,,Existing CM Trackers-Not Found,,,,,
koninklijkeCLIENT_Xnvproduction2k8xfrmr.org.coveo.com,Performance cookies,Coveo Solutions Inc.,Beacon,bench_new_T3_67234,,,,https://www.CLIENT_X.co.ke/a-w/about/news/all-news.html,New Third Party Trackers,,,,,
www.CLIENT_X.co.ke,Essential cookies,CLIENT_X - Kenya,HTTP Cookie,bench_new_T3_67306,,365,TRUE,https://www.CLIENT_X.co.ke/,Existing CM Trackers-Found,,,,,
www.CLIENT_X.co.ke,Essential cookies,CLIENT_X - Kenya,HTTP Cookie,bench_new_T3_67389,,0,,https://www.CLIENT_X.co.ke/,New First Party Trackers,,,,,
www.CLIENT_X.co.ke,Essential cookies,CLIENT_X - Kenya,HTTP Cookie,bench_new_T3_67735,,session,TRUE,https://www.CLIENT_X.co.ke/,Existing CM Trackers-Found,,,,,
www.documents.CLIENT_X.com,Targeted Advertising cookies (including social media),Koninklijke CLIENT_X N.V.,ETag,bench_new_T3_67811,,,,https://www.CLIENT_X.co.ke/healthcare/procedure/early-warning-scoring,New Third Party Trackers,,,,,
static.hotjar.com,Performance cookies,Hotjar,ETag,bench_new_T3_67449,,,,,Existing CM Trackers-Not Found,,,,,
www.lighting.CLIENT_X.sa,Essential cookies (exempt from consent),Signify (formerly CLIENT_X Lighting),HTTP Cookie,CLIENT_X,,,,,Existing CM Trackers-Not Found,,,,,
www.accounts.CLIENT_X.com,Essential cookies,Koninklijke CLIENT_X N.V.,JavaScript,bench_new_T3_68716,,,,,Existing CM Trackers-Not Found,,,,,
CLIENT_X.com,Essential cookies,Koninklijke CLIENT_X N.V.,HTTP Cookie,bench_new_T3_68797,,,,,Existing CM Trackers-Not Found,,,,,
CLIENT_X.co.ke,Essential cookies,CLIENT_X - Kenya,HTTP Cookie,bench_new_T3_67931,,,,,Existing CM Trackers-Not Found,,,,,
tremorhub.com,Targeted Advertising cookies (including social media),"Magnite CTV, Inc.",HTTP Cookie,bench_new_T3_68578,,365,,https://www.CLIENT_X.co.ke/a-w/about,New Third Party Trackers,,,,,
CLIENT_X.co.ke,Essential cookies,CLIENT_X - Kenya,HTTP Cookie,_ga_failed_lookup_marker_42_1832,,60,TRUE,https://www.CLIENT_X.co.ke/,Existing CM Trackers-Found,,,,,
versuni.scene7.com,Performance cookies,Adobe Experience Cloud - Experience Manager,ETag,_ga_failed_lookup_marker_42_1833,,,TRUE,https://www.CLIENT_X.co.ke/c-f/XC000021994/how-to-clean-the-dust-bucket-and-filter-of-my-CLIENT_X-1000-series-bagless-vacuum-cleaner,Existing CM Trackers-Found,,,,,
www.CLIENT_X.co.ke,Essential cookies,CLIENT_X - Kenya,HTTP Cookie,_ga_failed_lookup_marker_42_1834,,session,,https://www.CLIENT_X.co.ke/,New First Party Trackers,,,,,
company-target.com,Targeted Advertising cookies (including social media),"Demandbase, Inc.",HTTP Cookie,bench_new_T3_68458,,396,,https://www.CLIENT_X.co.ke/a-w/about,New Third Party Trackers,,,,,
pixel.rubiconproject.com,Targeted Advertising cookies (including social media),"Magnite, Inc.",Beacon,bench_new_T3_68698,,,,https://www.CLIENT_X.co.ke/a-w/about,New Third Party Trackers,,,,,
CLIENT_X.co.uk,Targeted Advertising cookies (including social media),CLIENT_X - United Kingdom,Local Storage,bench_new_T3_68686,,,,,Existing CM Trackers-Not Found,,,,,
www.lighting.CLIENT_X.co.ke,Essential cookies,Signify (formerly CLIENT_X Lighting),HTTP Cookie,bench_new_T3_68027,,,,,Existing CM Trackers-Not Found,,,,,
www.lighting.CLIENT_X.co.ke,Essential cookies,Signify (formerly CLIENT_X Lighting),HTTP Cookie,bench_new_T3_68721,,,,,Existing CM Trackers-Not Found,,,,,
dsum-sec.casalemedia.com,Targeted Advertising cookies (including social media),Index Exchange Inc.,Beacon,bench_new_T3_67380,,,,https://www.CLIENT_X.co.ke/a-w/about,New Third Party Trackers,,,,,
CLIENT_X.co.ke,Performance cookies,CLIENT_X - Kenya,HTTP Cookie,bench_new_T3_68544,,session,TRUE,https://www.CLIENT_X.co.ke/,Existing CM Trackers-Found,,,,,
www.store-CLIENT_X.tw,Essential cookies (exempt from consent),CLIENT_X Store - Taiwan,HTTP Cookie,_cft_uid,,bench_update_duration,,,Existing CM Trackers-Not Found,,,,,
c.amazon-adsystem.com,Targeted Advertising cookies (including social media),Amazon Ads,ETag,bench_new_T3_68694,,,,,Existing CM Trackers-Not Found,,,,,
www.usa.CLIENT_X.com,Essential cookies (exempt from consent),Koninklijke CLIENT_X N.V.,HTTP Cookie,AWSELB,,0,,,Existing CM Trackers-Not Found,,,,,
CLIENT_X.com,Essential cookies,Koninklijke CLIENT_X N.V.,HTTP Cookie,bench_new_T3_67328,,,,,Existing CM Trackers-Not Found,,,,,
youtube.com,Targeted Advertising cookies (including social media),Google Advertising Products,HTTP Cookie,_ga_failed_lookup_marker_42_1846,,180,,https://www.CLIENT_X.co.ke/c-m-mo/articles-bottle-feeding-health/sterilising-baby-feeding-equipment,New Third Party Trackers,,,,,
www.igt-interactive-tour.com,Essential cookies (exempt from consent),Koninklijke CLIENT_X N.V.,HTTP Cookie,AWSALB,,90,TRUE,https://www.CLIENT_X.co.ke/,Existing CM Trackers-Found,,,,,
CLIENT_X.co.ke,Essential cookies,CLIENT_X - Kenya,HTTP Cookie,_ga_failed_lookup_marker_42_1848,,,,,Existing CM Trackers-Not Found,,,,,
CLIENT_X.co.ke,Performance cookies,CLIENT_X - Kenya,HTTP Cookie,bench_new_T3_68023,,session,TRUE,https://www.CLIENT_X.co.ke/,Existing CM Trackers-Found,,,,,
www.heartstream.com,Targeted Advertising cookies (including social media),Heartstream,JavaScript,bench_new_T3_67621,,,,https://www.CLIENT_X.co.ke/healthcare/product/HC989706000051,New Third Party Trackers,,,,,
lighting.CLIENT_X.co.ke,Essential cookies,Signify (formerly CLIENT_X Lighting),HTTP Cookie,bench_new_T3_67850,,,,,Existing CM Trackers-Not Found,,,,,
adservice.google.com,Targeted Advertising cookies (including social media),Google Advertising Products,Beacon,bench_new_T3_68660,,,TRUE,https://www.CLIENT_X.co.ke/,Existing CM Trackers-Found,,,,,
cdn.decibelinsight.net,Targeted Advertising cookies (including social media),Medallia,ETag,bench_new_T3_67218,,,,,Existing CM Trackers-Not Found,,,,,
lux.speedcurve.com,Performance cookies,Speedcurve,JavaScript,bench_new_T3_67243,,,,https://www.CLIENT_X.co.ke/healthcare/resources/landing/aed-back-to-the-rhythm,New Third Party Trackers,,,,,
analytics.tiktok.com,Targeted Advertising cookies (including social media),TikTok,JavaScript,bench_new_T3_68524,,,,,Existing CM Trackers-Not Found,,,,,
munchkin.marketo.net,Targeted Advertising cookies (including social media),Marketo,ETag,bench_new_T3_68140,,,,,Existing CM Trackers-Not Found,,,,,
doubleclick.net,Targeted Advertising cookies (including social media),Google Advertising Products,HTTP Cookie,bench_new_T3_67970,,,,,Existing CM Trackers-Not Found,,,,,
lighting.CLIENT_X.co.ke,Essential cookies,Signify (formerly CLIENT_X Lighting),HTTP Cookie,bench_new_T3_68087,,,,,Existing CM Trackers-Not Found,,,,,
decibelinsight.net,Performance cookies,Medallia,HTTP Cookie,bench_new_T3_68447,,,,,Existing CM Trackers-Not Found,,,,,
www.CLIENT_X.co.ke,Essential cookies,CLIENT_X - Kenya,HTTP Cookie,bench_new_T3_67390,,365,TRUE,https://www.CLIENT_X.co.ke/,Existing CM Trackers-Found,,,,,
CLIENT_X.co.ke,Performance cookies,CLIENT_X - Kenya,HTTP Cookie,bench_new_T3_67532,,,,,Existing CM Trackers-Not Found,,,,,
px.ads.linkedin.com,Targeted Advertising cookies (including social media),LinkedIn,JavaScript,bench_new_T3_67408,,,TRUE,https://www.CLIENT_X.co.ke/healthcare/sites/lumify,Existing CM Trackers-Found,,,,,
www.CLIENT_X.co.ke,Essential cookies,CLIENT_X - Kenya,HTTP Cookie,_ga_failed_lookup_marker_42_1863,,1,,https://www.CLIENT_X.co.ke/,New First Party Trackers,,,,,
www.googletagmanager.com,Performance cookies,Google Inc.,JavaScript,bench_new_T3_68332,,,TRUE,https://www.CLIENT_X.co.ke/,Existing CM Trackers-Found,,,,,
tr.snapchat.com,Targeted Advertising cookies (including social media),Snap Inc.,Beacon,bench_new_T3_68309,,,TRUE,https://www.CLIENT_X.co.ke/c-e/ho/homeid-app.html,Existing CM Trackers-Found,,,,,
CLIENT_X.co.ke,Essential cookies,CLIENT_X - Kenya,Local Storage,bench_new_T3_67664,,,TRUE,https://www.CLIENT_X.co.ke/c-w/support-home/support-contact-page,Existing CM Trackers-Found,,,,,
*.en25.com,Targeted Advertising cookies (including social media),Oracle Marketing,JavaScript,bench_new_T3_68083,,,,https://www.CLIENT_X.co.ke/healthcare/sites/lumify,Existing CM Trackers-Found,,,,,
www.CLIENT_X.co.ke,Essential cookies,CLIENT_X - Kenya,HTTP Cookie,bench_new_T3_68498,,30,TRUE,https://www.CLIENT_X.co.ke/,Existing CM Trackers-Found,,,,,
casalemedia.com,Targeted Advertising cookies (including social media),Index Exchange Inc.,HTTP Cookie,bench_new_T3_68656,,90,,https://www.CLIENT_X.co.ke/a-w/about,New Third Party Trackers,,,,,
script.hotjar.com,Targeted Advertising cookies (including social media),Hotjar,JavaScript,bench_new_T3_67891,,,,,Existing CM Trackers-Not Found,,,,,
nebula-cdn.kampyle.com,Performance cookies,Medallia,ETag,bench_new_T3_68156,,,TRUE,https://www.CLIENT_X.co.ke/,Existing CM Trackers-Found,,,,,
CLIENT_X.ro,Essential cookies (exempt from consent),CLIENT_X - Romania,HTTP Cookie,s_eVar44,,bench_update_duration,,,Existing CM Trackers-Not Found,,,,,
snap.licdn.com,Performance cookies,LinkedIn,JavaScript,bench_new_T3_68323,,,TRUE,https://www.CLIENT_X.co.ke/c-e/ho/homeid-app.html,Existing CM Trackers-Found,,,,,
youtube.com,Targeted Advertising cookies (including social media),Google Advertising Products,HTTP Cookie,_ga_failed_lookup_marker_42_1874,,180,TRUE,https://www.CLIENT_X.co.ke/c-m-mo/articles-bottle-feeding-health/sterilising-baby-feeding-equipment,Existing CM Trackers-Found,,,,,
www.gstatic.com,Performance cookies,Google Inc.,JavaScript,bench_new_T3_68551,,,TRUE,https://www.CLIENT_X.co.ke/c-m-ac/household-accessories,Existing CM Trackers-Found,,,,,
www.gstatic.com,Performance cookies,Google Inc.,JavaScript,bench_new_T3_68079,,,TRUE,https://www.CLIENT_X.co.ke/c-m-ac/household-accessories,Existing CM Trackers-Found,,,,,
tremorhub.com,Targeted Advertising cookies (including social media),"Magnite CTV, Inc.",HTTP Cookie,bench_new_T3_68325,,365,,https://www.CLIENT_X.co.ke/a-w/about,New Third Party Trackers,,,,,
CLIENT_X.co.ke,Essential cookies,CLIENT_X - Kenya,HTTP Cookie,bench_new_T3_67947,,session,TRUE,https://www.CLIENT_X.co.ke/,Existing CM Trackers-Found,,,,,
agent-versuni.mindtouch.us,Performance cookies,MindTouch,Beacon,bench_new_T3_67776,,,,https://www.CLIENT_X.co.ke/c-f/XC000021443/my-CLIENT_X-fan-makes-an-unusual-noise-when-oscillating,New Third Party Trackers,,,,,
www.lighting.CLIENT_X.co.ke,Essential cookies,Signify (formerly CLIENT_X Lighting),HTTP Cookie,bench_new_T3_68276,,,,,Existing CM Trackers-Not Found,,,,,
CLIENT_X.co.ke,Essential cookies,CLIENT_X - Kenya,HTTP Cookie,bench_new_T3_67365,,,,,Existing CM Trackers-Not Found,,,,,
www.CLIENT_X.co.ke,Essential cookies,CLIENT_X - Kenya,HTTP Cookie,bench_new_T3_67205,,365,TRUE,https://www.CLIENT_X.co.ke/,Existing CM Trackers-Found,,,,,
CLIENT_X.co.ke,Essential cookies,CLIENT_X - Kenya,HTTP Cookie,bench_new_T3_68357,,,,,Existing CM Trackers-Not Found,,,,,
koninklijkeCLIENT_Xnvproduction2k8xfrmr.analytics.org.coveo.com,Performance cookies,Coveo Solutions Inc.,Beacon,_ga_failed_lookup_marker_42_1884,,,,https://www.CLIENT_X.co.ke/a-w/about/news/all-news.html,New Third Party Trackers,,,,,
lighting.CLIENT_X.co.ke,Essential cookies,Signify (formerly CLIENT_X Lighting),HTTP Cookie,bench_new_T3_68405,,,,,Existing CM Trackers-Not Found,,,,,
assets.adobedtm.com,Performance cookies,Adobe Inc.,ETag,bench_new_T3_67202,,,,,Existing CM Trackers-Not Found,,,,,
widget-cdn.janraincapture.com,Performance cookies,Akamai,JavaScript,bench_new_T3_67322,,,,,Existing CM Trackers-Not Found,,,,,
www.CLIENT_X.co.ke,Essential cookies,CLIENT_X - Kenya,HTTP Cookie,bench_new_T3_68527,,30,TRUE,https://www.CLIENT_X.co.ke/,Existing CM Trackers-Found,,,,,
sc-static.net,Targeted Advertising cookies (including social media),Snap Inc.,JavaScript,bench_new_T3_68712,,,TRUE,https://www.CLIENT_X.co.ke/c-e/ho/homeid-app.html,Existing CM Trackers-Found,,,,,
www.CLIENT_X.co.ke,Essential cookies,CLIENT_X - Kenya,HTTP Cookie,bench_new_T3_67745,,365,TRUE,https://www.CLIENT_X.co.ke/,Existing CM Trackers-Found,,,,,
www.CLIENT_X.cl,Essential cookies (exempt from consent),CLIENT_X - Chile,JavaScript,blank (java),,bench_update_duration,TRUE,https://www.CLIENT_X.co.ke/c-m-ac/household-accessories,Existing CM Trackers-Found,,,,,
c.go-mpulse.net,Performance cookies,Akamai,JavaScript,bench_new_T3_67371,,,,,Existing CM Trackers-Not Found,,,,,
www.CLIENT_X.co.ke,Essential cookies,CLIENT_X - Kenya,HTTP Cookie,bench_new_T3_67513,,,,,Existing CM Trackers-Not Found,,,,,
px.ads.linkedin.com,Targeted Advertising cookies (including social media),LinkedIn,JavaScript,bench_new_T3_67799,,,TRUE,https://www.CLIENT_X.co.ke/healthcare/sites/lumify,Existing CM Trackers-Found,,,,,
www.facebook.com,Targeted Advertising cookies (including social media),Meta (formerly Facebook),Beacon,bench_new_T3_68448,,,,,Existing CM Trackers-Not Found,,,,,
CLIENT_X.com.my,Essential cookies (exempt from consent),CLIENT_X - Malaysia,HTTP Cookie,_scid_r,,bench_update_duration,,,Existing CM Trackers-Not Found,,,,,
www.lighting.CLIENT_X.co.ke,Essential cookies,Signify (formerly CLIENT_X Lighting),HTTP Cookie,bench_new_T3_68452,,,,,Existing CM Trackers-Not Found,,,,,
CLIENT_X.112.2o7.net,Performance cookies,"Adobe Audience Manager, Adobe Experience Cloud",Beacon,_ga_failed_lookup_marker_42_1898,,,TRUE,https://www.CLIENT_X.co.ke/,Existing CM Trackers-Found,,,,,
*.en25.com,Targeted Advertising cookies (including social media),Oracle Marketing,JavaScript,_ga_failed_lookup_marker_42_1899,,,,https://www.CLIENT_X.co.ke/healthcare/sites/lumify,Existing CM Trackers-Found,,,,,
i.ytimg.com,Targeted Advertising cookies (including social media),Google Inc.,ETag,bench_new_T3_67625,,,TRUE,https://www.CLIENT_X.co.ke/c-t/XC000004908/my-skin-is-irritated-after-using-my-CLIENT_X-epilator,Existing CM Trackers-Found,,,,,
lux.speedcurve.com,Performance cookies,Speedcurve,JavaScript,bench_new_T3_68699,,,,https://www.CLIENT_X.co.ke/healthcare/resources/landing/aed-back-to-the-rhythm,New Third Party Trackers,,,,,
analytics-fe.digital-cloud-us-main.medallia.com,Performance cookies,Medallia,Beacon,bench_new_T3_68196,,,,https://www.CLIENT_X.co.ke/a-w/about,New Third Party Trackers,,,,,
smetrics.marketing.CLIENT_X-hue.com,Targeted Advertising cookies (including social media),CLIENT_X Hue,JavaScript,_ga_failed_lookup_marker_42_1903,,,,,Existing CM Trackers-Not Found,,,,,
nebula-cdn.kampyle.com,Performance cookies,Medallia,JavaScript,bench_new_T3_68796,,,TRUE,https://www.CLIENT_X.co.ke/,Existing CM Trackers-Found,,,,,
demdex.net,Targeted Advertising cookies (including social media),"Adobe Audience Manager, Adobe Experience Cloud",HTTP Cookie,bench_new_T3_67759,,,,,Existing CM Trackers-Not Found,,,,,
www.CLIENT_X.co.ke,Essential cookies,CLIENT_X - Kenya,HTTP Cookie,bench_new_T3_67690,,400,TRUE,https://www.CLIENT_X.co.ke/,Existing CM Trackers-Found,,,,,
hearingsolutions.CLIENT_X.com.cn,Essential cookies (exempt from consent),CLIENT_X - China,HTTP Cookie,Hm_lvt_4f744fef8de2c9d00b16edc990b0d7e1,,0,TRUE,https://www.CLIENT_X.co.ke/,Existing CM Trackers-Found,,,,,
youtube.com,Targeted Advertising cookies (including social media),Google Advertising Products,HTTP Cookie,bench_new_T3_67529,,180,TRUE,https://www.CLIENT_X.co.ke/c-m-mo/articles-bottle-feeding-health/sterilising-baby-feeding-equipment,Existing CM Trackers-Found,,,,,
amazon-adsystem.com,Targeted Advertising cookies (including social media),Amazon Ads,HTTP Cookie,bench_new_T3_67262,,,,,Existing CM Trackers-Not Found,,,,,
CLIENT_Xb2c.my.site.com,Performance cookies,"Salesforce.com, Inc.",JavaScript,bench_new_T3_68311,,,TRUE,https://www.CLIENT_X.co.ke/c-w/support-home/support-contact-page,Existing CM Trackers-Found,,,,,
www.CLIENT_X.co.ke,Essential cookies,CLIENT_X - Kenya,HTTP Cookie,_ga_failed_lookup_marker_42_1911,,,,,Existing CM Trackers-Not Found,,,,,
dpm.demdex.net,Targeted Advertising cookies (including social media),"Adobe Audience Manager, Adobe Experience Cloud",HTTP Cookie,bench_new_T3_67571,,,,,Existing CM Trackers-Not Found,,,,,
CLIENT_X.co.ke,Targeted Advertising cookies (including social media),CLIENT_X - Kenya,HTTP Cookie,bench_new_T3_67489,,,,,Existing CM Trackers-Not Found,,,,,
sc-static.net,Targeted Advertising cookies (including social media),Snap Inc.,ETag,bench_new_T3_67402,,,TRUE,https://www.CLIENT_X.co.ke/c-e/ho/kitchen-appliances.html,Existing CM Trackers-Found,,,,,
dpm.demdex.net,Targeted Advertising cookies (including social media),"Adobe Audience Manager, Adobe Experience Cloud",Beacon,bench_new_T3_68436,,,,,Existing CM Trackers-Not Found,,,,,
script.hotjar.com,Targeted Advertising cookies (including social media),Hotjar,JavaScript,bench_new_T3_68032,,,,,Existing CM Trackers-Not Found,,,,,
CLIENT_X.co.ke,Targeted Advertising cookies (including social media),CLIENT_X - Kenya,HTTP Cookie,bench_new_T3_67409,,,,,Existing CM Trackers-Not Found,,,,,
www.CLIENT_X.co.ke,Essential cookies,CLIENT_X - Kenya,HTTP Cookie,bench_new_T3_68758,,400,TRUE,https://www.CLIENT_X.co.ke/,Existing CM Trackers-Found,,,,,
adservice.google.com,Targeted Advertising cookies (including social media),Google Advertising Products,Beacon,bench_new_T3_67235,,,TRUE,https://www.CLIENT_X.co.ke/,Existing CM Trackers-Found,,,,,
youtube.com,Targeted Advertising cookies (including social media),Google Advertising Products,HTTP Cookie,bench_new_T3_68564,,session,TRUE,https://www.CLIENT_X.co.ke/c-m-mo/articles-bottle-feeding-health/sterilising-baby-feeding-equipment,Existing CM Trackers-Found,,,,,
linkedin.com,Targeted Advertising cookies (including social media),LinkedIn,HTTP Cookie,bench_new_T3_68219,,1,TRUE,https://www.CLIENT_X.co.ke/c-e/ho/homeid-app.html,Existing CM Trackers-Found,,,,,
www.CLIENT_X.co.ke,Essential cookies,CLIENT_X - Kenya,HTTP Cookie,bench_new_T3_68202,,,,,Existing CM Trackers-Not Found,,,,,
CLIENT_X.co.ke,Essential cookies,CLIENT_X - Kenya,HTTP Cookie,bench_new_T3_68040,,,,,Existing CM Trackers-Not Found,,,,,
img.en25.com,Performance cookies,Oracle Marketing,JavaScript,bench_new_T3_68368,,,,https://www.CLIENT_X.co.ke/healthcare/sites/lumify,New Third Party Trackers,,,,,
www.lighting.CLIENT_X.co.ke,Essential cookies,Signify (formerly CLIENT_X Lighting),HTTP Cookie,bench_new_T3_67341,,,,,Existing CM Trackers-Not Found,,,,,
dsum-sec.casalemedia.com,Targeted Advertising cookies (including social media),Index Exchange Inc.,Beacon,bench_new_T3_68693,,,,https://www.CLIENT_X.co.ke/a-w/about,New Third Party Trackers,,,,,
CLIENT_X.co.ke,Essential cookies,CLIENT_X - Kenya,HTTP Cookie,bench_new_T3_68116,,,,,Existing CM Trackers-Not Found,,,,,
CLIENT_X.co.ke,Essential cookies,CLIENT_X - Kenya,HTTP Cookie,bench_new_T3_67300,,365,,https://www.CLIENT_X.co.ke/,New First Party Trackers,,,,,
www.heartstream.com,Targeted Advertising cookies (including social media),Heartstream,JavaScript,bench_new_T3_67424,,,,https://www.CLIENT_X.co.ke/healthcare/product/HC989706000051,New Third Party Trackers,,,,,
www.youtube.com,Targeted Advertising cookies (including social media),Google Advertising Products,JavaScript,_ga_failed_lookup_marker_42_1930,,,TRUE,https://www.CLIENT_X.co.ke/c-m-mo/articles-bottle-feeding-health/sterilising-baby-feeding-equipment,Existing CM Trackers-Found,,,,,
CLIENT_X.co.ke,Essential cookies,CLIENT_X - Kenya,HTTP Cookie,bench_new_T3_67455,,400,TRUE,https://www.CLIENT_X.co.ke/,Existing CM Trackers-Found,,,,,
www.google.com,Essential cookies,Google Inc.,HTTP Cookie,bench_new_T3_67729,,180,TRUE,https://www.CLIENT_X.co.ke/c-m-ac/household-accessories,Existing CM Trackers-Found,,,,,
collection.decibelinsight.net,Performance cookies,Medallia,ETag,bench_new_T3_68744,,,,,Existing CM Trackers-Not Found,,,,,
CLIENT_X.co.ke,Targeted Advertising cookies (including social media),CLIENT_X - Kenya,HTTP Cookie,bench_new_T3_67993,,,,,Existing CM Trackers-Not Found,,,,,
maps.googleapis.com,Performance cookies,Google Inc.,JavaScript,bench_new_T3_68267,,,TRUE,https://www.CLIENT_X.co.ke/a-w/about-us.html,Existing CM Trackers-Found,,,,,
CLIENT_X.co.ke,Essential cookies,CLIENT_X - Kenya,HTTP Cookie,bench_new_T3_67612,,,,,Existing CM Trackers-Not Found,,,,,
youtube.com,Targeted Advertising cookies (including social media),Google Advertising Products,HTTP Cookie,bench_new_T3_68487,,180,TRUE,https://www.CLIENT_X.co.ke/c-m-mo/articles-bottle-feeding-health/sterilising-baby-feeding-equipment,Existing CM Trackers-Found,,,,,
www.gstatic.com,Performance cookies,Google Inc.,JavaScript,bench_new_T3_67588,,,TRUE,https://www.CLIENT_X.co.ke/c-m-ac/household-accessories,Existing CM Trackers-Found,,,,,
CLIENT_X.co.ke,Essential cookies,CLIENT_X - Kenya,HTTP Cookie,bench_new_T3_67876,,session,TRUE,https://www.CLIENT_X.co.ke/,Existing CM Trackers-Found,,,,,
tremorhub.com,Targeted Advertising cookies (including social media),"Magnite CTV, Inc.",HTTP Cookie,bench_new_T3_68288,,400,,https://www.CLIENT_X.co.ke/a-w/about,New Third Party Trackers,,,,,
CLIENT_X.co.ke,Essential cookies,CLIENT_X - Kenya,HTTP Cookie,bench_new_T3_68738,,session,TRUE,https://www.CLIENT_X.co.ke/,Existing CM Trackers-Found,,,,,
www.CLIENT_X.co.ke,Performance cookies,CLIENT_X - Kenya,HTTP Cookie,bench_new_T3_68466,,,,,Existing CM Trackers-Not Found,,,,,
CLIENT_X.112.2o7.net,Performance cookies,"Adobe Audience Manager, Adobe Experience Cloud",HTTP Cookie,bench_new_T3_67461,,400,,https://www.CLIENT_X.co.ke/,New Third Party Trackers,,,,,
casalemedia.com,Targeted Advertising cookies (including social media),Index Exchange Inc.,HTTP Cookie,bench_new_T3_67798,,90,,https://www.CLIENT_X.co.ke/a-w/about,New Third Party Trackers,,,,,
www.patientcare.shop.CLIENT_X.co.in,Essential cookies (exempt from consent),CLIENT_X - India,HTTP Cookie,mdLogger,,,,,Existing CM Trackers-Not Found,,,,,
tr.snapchat.com,Targeted Advertising cookies (including social media),Snap Inc.,Beacon,bench_new_T3_67206,,,TRUE,https://www.CLIENT_X.co.ke/c-e/ho/homeid-app.html,Existing CM Trackers-Found,,,,,
CLIENT_X.ee,Essential cookies (exempt from consent),CLIENT_X - Republic of Estonia,HTTP Cookie,s_cm,,bench_update_duration,,,Existing CM Trackers-Not Found,,,,,
lighting.CLIENT_X.hr,Essential cookies (exempt from consent),Signify (formerly CLIENT_X Lighting),HTTP Cookie,_mkto_trk,,bench_update_duration,TRUE,https://www.CLIENT_X.co.ke/c-w/support-home/support-contact-page,Existing CM Trackers-Found,,,,,
CLIENT_X.co.ke,Essential cookies,CLIENT_X - Kenya,HTTP Cookie,bench_new_T3_68438,,400,TRUE,https://www.CLIENT_X.co.ke/,Existing CM Trackers-Found,,,,,
nebula-cdn.kampyle.com,Performance cookies,Medallia,JavaScript,bench_new_T3_67999,,,TRUE,https://www.CLIENT_X.co.ke/,Existing CM Trackers-Found,,,,,
script.hotjar.com,Targeted Advertising cookies (including social media),Hotjar,JavaScript,bench_new_T3_68701,,,,,Existing CM Trackers-Not Found,,,,,
linkedin.com,Targeted Advertising cookies (including social media),LinkedIn,HTTP Cookie,bench_new_T3_67720,,365,TRUE,https://www.CLIENT_X.co.ke/c-e/ho/homeid-app.html,Existing CM Trackers-Found,,,,,
amazon-adsystem.com,Targeted Advertising cookies (including social media),Amazon Ads,HTTP Cookie,bench_new_T3_67443,,,,,Existing CM Trackers-Not Found,,,,,
region1.analytics.google.com,Performance cookies,Google Inc.,Beacon,bench_new_T3_67815,,,TRUE,https://www.CLIENT_X.co.ke/,Existing CM Trackers-Found,,,,,
s334834414.t.eloqua.com,Performance cookies,Oracle Marketing,Beacon,bench_new_T3_68107,,,,https://www.CLIENT_X.co.ke/healthcare/sites/lumify,New Third Party Trackers,,,,,
CLIENT_X.co.ke,Performance cookies,CLIENT_X - Kenya,HTTP Cookie,bench_new_T3_68093,,session,TRUE,https://www.CLIENT_X.co.ke/,Existing CM Trackers-Found,,,,,
doubleclick.net,Targeted Advertising cookies (including social media),Google Advertising Products,HTTP Cookie,bench_new_T3_68344,,0,TRUE,https://www.CLIENT_X.co.ke/,Existing CM Trackers-Found,,,,,
raw.githubusercontent.com,Performance cookies,GitHub Inc.,ETag,bench_new_T3_67582,,,TRUE,https://www.CLIENT_X.co.ke/healthcare/support/distributors,Existing CM Trackers-Found,,,,,
www.CLIENT_X.co.ke,Essential cookies,CLIENT_X - Kenya,HTTP Cookie,bench_new_T3_67944,,400,TRUE,https://www.CLIENT_X.co.ke/,Existing CM Trackers-Found,,,,,
www.CLIENT_X.com.pk,Essential cookies (exempt from consent),CLIENT_X - Pakistan,HTTP Cookie,eddl_gtm_qe_session_start_6523424625,,,,https://www.CLIENT_X.co.ke/healthcare/product/HC866199,New Third Party Trackers,,,,,
www.CLIENT_X.co.ke,Essential cookies,CLIENT_X - Kenya,HTTP Cookie,bench_new_T3_67530,,365,TRUE,https://www.CLIENT_X.co.ke/,Existing CM Trackers-Found,,,,,
CLIENT_X.co.uk,Essential cookies (exempt from consent),CLIENT_X - United Kingdom,HTTP Cookie,_ga,,90,,https://www.CLIENT_X.co.ke/a-w/about,New Third Party Trackers,,,,,
consent-st.trustarc.com,Essential cookies,TrustArc,JavaScript,bench_new_T3_68243,,,,https://www.CLIENT_X.co.ke/healthcare/product/HC866199,New Third Party Trackers,,,,,
demdex.net,Targeted Advertising cookies (including social media),"Adobe Audience Manager, Adobe Experience Cloud",HTTP Cookie,bench_new_T3_68678,,,,,Existing CM Trackers-Not Found,,,,,
www.CLIENT_X.co.kr,Essential cookies (exempt from consent),CLIENT_X - Korea,HTTP Cookie,kampyleUserPercentile,,365,,https://www.CLIENT_X.co.ke/,New First Party Trackers,,,,,
eloqua.com,Targeted Advertising cookies (including social media),Oracle Marketing,HTTP Cookie,bench_new_T3_67256,,392,TRUE,https://www.CLIENT_X.co.ke/healthcare/sites/lumify-handheld-ultrasound/comparison-pop-up-new,Existing CM Trackers-Found,,,,,
CLIENT_X.co.ke,Targeted Advertising cookies (including social media),CLIENT_X - Kenya,HTTP Cookie,bench_new_T3_68129,,7,TRUE,https://www.CLIENT_X.co.ke/,Existing CM Trackers-Found,,,,,
www.lighting.CLIENT_X.co.ke,Essential cookies,Signify (formerly CLIENT_X Lighting),HTTP Cookie,bench_new_T3_68359,,,,,Existing CM Trackers-Not Found,,,,,
www.googletagmanager.com,Performance cookies,Google Inc.,Beacon,bench_new_T3_68614,,,TRUE,https://www.CLIENT_X.co.ke/c-m-ho/food-preparation/chopper,Existing CM Trackers-Found,,,,,
CLIENT_Xb2c.my.site.com,Performance cookies,"Salesforce.com, Inc.",Local Storage,bench_new_T3_68663,,,TRUE,https://www.CLIENT_X.co.ke/c-w/support-home/support-contact-page,Existing CM Trackers-Found,,,,,
img.youtube.com,Targeted Advertising cookies (including social media),Google Advertising Products,ETag,bench_new_T3_67782,,,,,Existing CM Trackers-Not Found,,,,,
tracker-detail-page.trustarc.com,Essential cookies,TrustArc,JavaScript,bench_new_T3_67236,,,,https://www.CLIENT_X.co.ke/a-w/cookie-notice,New Third Party Trackers,,,,,
www.googleapis.com,Performance cookies,Google Inc.,JavaScript,_ga_failed_lookup_marker_42_1973,,,TRUE,https://www.CLIENT_X.co.ke/c-t/XC000004908/my-skin-is-irritated-after-using-my-CLIENT_X-epilator,Existing CM Trackers-Found,,,,,
CLIENT_X.co.ke,Essential cookies,CLIENT_X - Kenya,HTTP Cookie,bench_new_T3_67987,,,,,Existing CM Trackers-Not Found,,,,,
youtube.com,Targeted Advertising cookies (including social media),Google Advertising Products,HTTP Cookie,_ga_failed_lookup_marker_42_1975,,180,TRUE,https://www.CLIENT_X.co.ke/c-m-mo/articles-bottle-feeding-health/sterilising-baby-feeding-equipment,Existing CM Trackers-Found,,,,,
www.googleapis.com,Performance cookies,Google Inc.,JavaScript,bench_new_T3_67831,,,TRUE,https://www.CLIENT_X.co.ke/c-t/XC000004908/my-skin-is-irritated-after-using-my-CLIENT_X-epilator,Existing CM Trackers-Found,,,,,
CLIENT_X.jo,Essential cookies (exempt from consent),CLIENT_X - Jordan,HTTP Cookie,test,,392,TRUE,https://www.CLIENT_X.co.ke/healthcare/sites/lumify-handheld-ultrasound/comparison-pop-up-new,Existing CM Trackers-Found,,,,,
CLIENT_X.112.2o7.net,Performance cookies,"Adobe Audience Manager, Adobe Experience Cloud",HTTP Cookie,bench_new_T3_67479,,400,,https://www.CLIENT_X.co.ke/,New Third Party Trackers,,,,,
CLIENT_X.com,Essential cookies,Koninklijke CLIENT_X N.V.,HTTP Cookie,bench_new_T3_68029,,,,,Existing CM Trackers-Not Found,,,,,
youtube.com,Targeted Advertising cookies (including social media),Google Advertising Products,HTTP Cookie,bench_new_T3_67635,,180,TRUE,https://www.CLIENT_X.co.ke/c-m-mo/articles-bottle-feeding-health/sterilising-baby-feeding-equipment,Existing CM Trackers-Found,,,,,
www.gstatic.com,Performance cookies,Google Inc.,JavaScript,bench_new_T3_68016,,,TRUE,https://www.CLIENT_X.co.ke/c-m-ac/household-accessories,Existing CM Trackers-Found,,,,,
www.lighting.CLIENT_X.co.ke,Essential cookies,Signify (formerly CLIENT_X Lighting),HTTP Cookie,bench_new_T3_68539,,,,,Existing CM Trackers-Not Found,,,,,
amazon-adsystem.com,Targeted Advertising cookies (including social media),Amazon Ads,HTTP Cookie,bench_new_T3_67669,,,,,Existing CM Trackers-Not Found,,,,,
linkedin.com,Targeted Advertising cookies (including social media),LinkedIn,HTTP Cookie,bench_new_T3_67881,,180,TRUE,https://www.CLIENT_X.co.ke/c-e/ho/homeid-app.html,Existing CM Trackers-Found,,,,,
www.accounts.CLIENT_X.com,Essential cookies,Koninklijke CLIENT_X N.V.,JavaScript,bench_new_T3_68739,,,,,Existing CM Trackers-Not Found,,,,,
www.CLIENT_X.co.ke,Essential cookies,CLIENT_X - Kenya,HTTP Cookie,bench_new_T3_67252,,,,,Existing CM Trackers-Not Found,,,,,
CLIENT_X.co.ke,Targeted Advertising cookies (including social media),CLIENT_X - Kenya,HTTP Cookie,bench_new_T3_67714,,,,,Existing CM Trackers-Not Found,,,,,
CLIENT_X.co.ke,Essential cookies,CLIENT_X - Kenya,HTTP Cookie,bench_new_T3_68329,,,,,Existing CM Trackers-Not Found,,,,,
CLIENT_X.co.ke,Essential cookies,CLIENT_X - Kenya,HTTP Cookie,bench_new_T3_67949,,393,TRUE,https://www.CLIENT_X.co.ke/,Existing CM Trackers-Found,,,,,
smetrics.marketing.CLIENT_X-hue.com,Targeted Advertising cookies (including social media),CLIENT_X Hue,JavaScript,bench_new_T3_67775,,,,,Existing CM Trackers-Not Found,,,,,
doubleclick.net,Targeted Advertising cookies (including social media),Google Advertising Products,HTTP Cookie,bench_new_T3_67808,,390,TRUE,https://www.CLIENT_X.co.ke/,Existing CM Trackers-Found,,,,,
tracker-detail-page.trustarc.com,Essential cookies,TrustArc,JavaScript,bench_new_T3_68412,,,,https://www.CLIENT_X.co.ke/a-w/cookie-notice,New Third Party Trackers,,,,,
tag.demandbase.com,Targeted Advertising cookies (including social media),"Demandbase, Inc.",JavaScript,_ga_failed_lookup_marker_42_1993,,,,https://www.CLIENT_X.co.ke/a-w/about,New Third Party Trackers,,,,,
www.CLIENT_X.co.uk,Performance cookies,CLIENT_X - United Kingdom,ETag,bench_new_T3_67505,,,,,Existing CM Trackers-Not Found,,,,,
cdn.speedcurve.com,Performance cookies,Speedcurve,JavaScript,bench_new_T3_68338,,,,https://www.CLIENT_X.co.ke/,New Third Party Trackers,,,,,
CLIENT_X.co.ke,Targeted Advertising cookies (including social media),CLIENT_X - Kenya,HTTP Cookie,bench_new_T3_68622,,,,,Existing CM Trackers-Not Found,,,,,
CLIENT_X.co.ke,Essential cookies,CLIENT_X - Kenya,HTTP Cookie,_ga_failed_lookup_marker_42_1997,,,,,Existing CM Trackers-Not Found,,,,,
beacon.speedcurve.com,Performance cookies,Speedcurve,Beacon,bench_new_T3_67778,,,,https://www.CLIENT_X.co.ke/healthcare/resources/landing/aed-back-to-the-rhythm,New Third Party Trackers,,,,,
lighting.CLIENT_X.com.tr,Essential cookies (exempt from consent),Signify (formerly CLIENT_X Lighting),HTTP Cookie,s_cc,,bench_update_duration,TRUE,https://www.CLIENT_X.co.ke/,Existing CM Trackers-Found,,,,,
