tracking_domain,consent_category,vendor_name,tracker_type,tracker_name,tracker_purpose,tracker_duration,3rd_party_sharing,first_found_at,party_type,vendor_description,modified,consent_category_new,tracker_purpose_[language code],vendor_description_[language code]
CLIENT_X.dk,Essential cookies (exempt from consent),CLIENT_X - Denmark,HTTP Cookie,com.adobe.alloy.getTld,,bench_update_duration,,,Existing CM Trackers-Not Found,,,,,
*.casalemedia.com,Targeted Advertising cookies (including social media),Index Exchange Inc.,Beacon,bench_new_T3_107013,,,,https://www.CLIENT_X.com.tr/a-w/about,Existing CM Trackers-Found,,,,,
lighting.CLIENT_X.com.tr,Performance cookies,Signify (formerly CLIENT_X Lighting),HTTP Cookie,bench_new_T3_106493,,,,,Existing CM Trackers-Not Found,,,,,
CLIENT_Xb2c.my.site.com,Performance cookies,"Salesforce.com, Inc.",JavaScript,bench_new_T3_107050,,,TRUE,https://www.CLIENT_X.com.tr/c-w/tuketici-urunleri-destek/support-contact-page.html,Existing CM Trackers-Found,,,,,
*.cloudfront.net,Performance cookies,Amazon (Cloudfront),ETag,bench_new_T3_107055,,,,,Existing CM Trackers-Not Found,,,,,
www.google.com,Targeted Advertising cookies (including social media),Google Inc.,Beacon,bench_new_T3_107012,,,TRUE,https://www.CLIENT_X.com.tr/,Existing CM Trackers-Found,,,,,
CLIENT_X.com.tr,Essential cookies,CLIENT_X - Turkey,Local Storage,bench_new_T3_106771,,,TRUE,https://www.CLIENT_X.com.tr/c-w/tuketici-urunleri-destek/support-contact-page.html,Existing CM Trackers-Found,,,,,
CLIENT_X.com.br,Essential cookies (exempt from consent),CLIENT_X - Brazil,HTTP Cookie,_ga,,bench_update_duration,TRUE,https://www.CLIENT_X.com.tr/,Existing CM Trackers-Found,,,,,
www.CLIENT_X.com.tr,Essential cookies,CLIENT_X - Turkey,HTTP Cookie,_ga_failed_lookup_marker_66_8,,session,TRUE,https://www.CLIENT_X.com.tr/c-p/AMF870_15/air-performer-8000-serisi-3-1-arada-hava-temizleyici-fan-ve-isitici,Existing CM Trackers-Found,,,,,
www.CLIENT_X.com.tr,Essential cookies (exempt from consent),CLIENT_X - Turkey,HTTP Cookie,eddl_itc_list,,393,TRUE,https://www.CLIENT_X.com.tr/,Existing CM Trackers-Found,,,,,
CLIENT_Xlighting.d3.sc.omtrdc.net,Performance cookies,"Adobe Audience Manager, Adobe Experience Cloud",JavaScript,_ga_failed_lookup_marker_66_10,,,,,Existing CM Trackers-Not Found,,,,,
static.cloud.coveo.com,Targeted Advertising cookies (including social media),Coveo Solutions Inc.,ETag,bench_new_T3_106489,,,TRUE,https://www.CLIENT_X.com.tr/c-p/AMF870_15/air-performer-8000-serisi-3-1-arada-hava-temizleyici-fan-ve-isitici,Existing CM Trackers-Found,,,,,
CLIENT_X.com.tr,Essential cookies,CLIENT_X - Turkey,HTTP Cookie,bench_new_T3_106880,,0,TRUE,https://www.CLIENT_X.com.tr/,Existing CM Trackers-Found,,,,,
CLIENT_X.com.tr,Essential cookies,CLIENT_X - Turkey,HTTP Cookie,bench_new_T3_106923,,365,,https://www.CLIENT_X.com.tr/,New First Party Trackers,,,,,
tiktok.com,Targeted Advertising cookies (including social media),TikTok,HTTP Cookie,_ga_failed_lookup_marker_66_14,,90,TRUE,https://www.CLIENT_X.com.tr/,Existing CM Trackers-Found,,,,,
checkout-ui.prod.ticimax.net,Performance cookies,Ticimax,ETag,bench_new_T3_106288,,,,,Existing CM Trackers-Not Found,,,,,
www.CLIENT_X.com.tr,Essential cookies,CLIENT_X - Turkey,HTTP Cookie,bench_new_T3_105985,,0,TRUE,https://www.CLIENT_X.com.tr/c-p/AMF870_15/air-performer-8000-serisi-3-1-arada-hava-temizleyici-fan-ve-isitici,Existing CM Trackers-Found,,,,,
tag.demandbase.com,Targeted Advertising cookies (including social media),"Demandbase, Inc.",ETag,bench_new_T3_107121,,,TRUE,https://www.CLIENT_X.com.tr/a-w/about,Existing CM Trackers-Found,,,,,
supurgesepeti.com,Essential cookies,Supurgesepeti.com,HTTP Cookie,bench_new_T3_106707,,,,,Existing CM Trackers-Not Found,,,,,
www.supurgesepeti.com,Essential cookies,Supurgesepeti.com,ETag,_ga_failed_lookup_marker_66_19,,,,,Existing CM Trackers-Not Found,,,,,
CLIENT_X.com.tr,Essential cookies,CLIENT_X - Turkey,HTTP Cookie,_ga_failed_lookup_marker_66_20,,session,TRUE,https://www.CLIENT_X.com.tr/,Existing CM Trackers-Found,,,,,
cdn.jsdelivr.net,Performance cookies,Volentio JSD Limited,ETag,bench_new_T3_105844,,,,,Existing CM Trackers-Not Found,,,,,
www.CLIENT_X.com.tr,Essential cookies,CLIENT_X - Turkey,HTTP Cookie,_ga_failed_lookup_marker_66_22,,session,TRUE,https://www.CLIENT_X.com.tr/c-p/AMF870_15/air-performer-8000-serisi-3-1-arada-hava-temizleyici-fan-ve-isitici,Existing CM Trackers-Found,,,,,
youtube.com,Targeted Advertising cookies (including social media),Google Advertising Products,HTTP Cookie,bench_new_T3_106221,,180,TRUE,https://www.CLIENT_X.com.tr/healthcare/clinical-solutions/early-warning-scoring,Existing CM Trackers-Found,,,,,
CLIENT_Xlighting.d3.sc.omtrdc.net,Performance cookies,"Adobe Audience Manager, Adobe Experience Cloud",JavaScript,_ga_failed_lookup_marker_66_24,,,,,Existing CM Trackers-Not Found,,,,,
www.crsc.CLIENT_X.com,Targeted Advertising cookies (including social media),Koninklijke CLIENT_X N.V.,JavaScript,bench_new_T3_106198,,,TRUE,https://www.CLIENT_X.com.tr/shop/order-search/search-input,Existing CM Trackers-Found,,,,,
CLIENT_X.com.tr,Essential cookies,CLIENT_X - Turkey,HTTP Cookie,bench_new_T3_106691,,90,TRUE,https://www.CLIENT_X.com.tr/,Existing CM Trackers-Found,,,,,
CLIENT_X.com.ph,Essential cookies (exempt from consent),CLIENT_X - Philippines,HTTP Cookie,da_lid,,,TRUE,https://www.CLIENT_X.com.tr/c-p/AMF870_15/air-performer-8000-serisi-3-1-arada-hava-temizleyici-fan-ve-isitici,Existing CM Trackers-Found,,,,,
CLIENT_Xlighting.d3.sc.omtrdc.net,Performance cookies,"Adobe Audience Manager, Adobe Experience Cloud",JavaScript,bench_new_T3_106082,,,,,Existing CM Trackers-Not Found,,,,,
halc.iadvize.com,Performance cookies,iAdvize,ETag,bench_new_T3_106297,,,TRUE,https://www.CLIENT_X.com.tr/c-e/ho/cooking/airfryer-7000-serisi-xxl.html,Existing CM Trackers-Found,,,,,
www.crsc.CLIENT_X.com,Targeted Advertising cookies (including social media),Koninklijke CLIENT_X N.V.,JavaScript,bench_new_T3_106200,,,TRUE,https://www.CLIENT_X.com.tr/shop/order-search/search-input,Existing CM Trackers-Found,,,,,
CLIENT_Xb2c.my.site.com,Performance cookies,"Salesforce.com, Inc.",ETag,bench_new_T3_106243,,,TRUE,https://www.CLIENT_X.com.tr/c-w/tuketici-urunleri-destek/support-contact-page.html,Existing CM Trackers-Found,,,,,
tiktok.com,Targeted Advertising cookies (including social media),TikTok,HTTP Cookie,bench_new_T3_105666,,90,TRUE,https://www.CLIENT_X.com.tr/,Existing CM Trackers-Found,,,,,
www.CLIENT_X.com,Essential cookies,Koninklijke CLIENT_X N.V.,ETag,bench_new_T3_106988,,,TRUE,https://www.CLIENT_X.com.tr/healthcare/sites/lumify-handheld-ultrasound/lumify-academy,Existing CM Trackers-Found,,,,,
www.accounts.CLIENT_X.com,Essential cookies,Koninklijke CLIENT_X N.V.,JavaScript,bench_new_T3_105789,,,,,Existing CM Trackers-Not Found,,,,,
CLIENT_X.com.tr,Essential cookies,CLIENT_X - Turkey,HTTP Cookie,bench_new_T3_106677,,0,TRUE,https://www.CLIENT_X.com.tr/,Existing CM Trackers-Found,,,,,
www.CLIENT_X.co.uk,Performance cookies,CLIENT_X - United Kingdom,ETag,bench_new_T3_106716,,,,,Existing CM Trackers-Not Found,,,,,
www.google.ie,Targeted Advertising cookies (including social media),Google Inc.,Beacon,bench_new_T3_107083,,,TRUE,https://www.CLIENT_X.com.tr/,Existing CM Trackers-Found,,,,,
tremorhub.com,Targeted Advertising cookies (including social media),"Magnite CTV, Inc.",HTTP Cookie,bench_new_T3_105847,,400,TRUE,https://www.CLIENT_X.com.tr/a-w/about,Existing CM Trackers-Found,,,,,
lighting.CLIENT_X.com.tr,Essential cookies,Signify (formerly CLIENT_X Lighting),HTTP Cookie,bench_new_T3_105953,,,,,Existing CM Trackers-Not Found,,,,,
sc-static.net,Targeted Advertising cookies (including social media),Snap Inc.,ETag,_ga_failed_lookup_marker_66_40,,,TRUE,https://www.CLIENT_X.com.tr/c-e/ho/ironing/azur-8000-series,Existing CM Trackers-Found,,,,,
www.supurgesepeti.com,Essential cookies,Supurgesepeti.com,HTTP Cookie,bench_new_T3_106254,,,,,Existing CM Trackers-Not Found,,,,,
cdn.ticimax.cloud,Performance cookies,Ticimax,JavaScript,bench_new_T3_105862,,,,,Existing CM Trackers-Not Found,,,,,
demdex.net,Targeted Advertising cookies (including social media),"Adobe Audience Manager, Adobe Experience Cloud",HTTP Cookie,bench_new_T3_106164,,,,,Existing CM Trackers-Not Found,,,,,
www.CLIENT_X.com.tr,Essential cookies,CLIENT_X - Turkey,HTTP Cookie,bench_new_T3_105911,,7,,https://www.CLIENT_X.com.tr/c-p/AMF870_15/air-performer-8000-serisi-3-1-arada-hava-temizleyici-fan-ve-isitici,New First Party Trackers,,,,,
CLIENT_X.com.tr,Essential cookies,CLIENT_X - Turkey,HTTP Cookie,bench_new_T3_105984,,,,,Existing CM Trackers-Not Found,,,,,
tag.demandbase.com,Targeted Advertising cookies (including social media),"Demandbase, Inc.",JavaScript,bench_new_T3_106013,,,TRUE,https://www.CLIENT_X.com.tr/a-w/about,Existing CM Trackers-Found,,,,,
CLIENT_X.cl,Essential cookies (exempt from consent),CLIENT_X - Chile,HTTP Cookie,FPLC,,bench_update_duration,,,Existing CM Trackers-Not Found,,,,,
www.CLIENT_X.com.tr,Essential cookies,CLIENT_X - Turkey,HTTP Cookie,_ga_failed_lookup_marker_66_48,,365,TRUE,https://www.CLIENT_X.com.tr/c-p/AMF870_15/air-performer-8000-serisi-3-1-arada-hava-temizleyici-fan-ve-isitici,Existing CM Trackers-Found,,,,,
www.CLIENT_X.com.tr,Essential cookies,CLIENT_X - Turkey,HTTP Cookie,bench_new_T3_106085,,0,TRUE,https://www.CLIENT_X.com.tr/c-p/AMF870_15/air-performer-8000-serisi-3-1-arada-hava-temizleyici-fan-ve-isitici,Existing CM Trackers-Found,,,,,
supurgesepeti.com,Essential cookies,Supurgesepeti.com,HTTP Cookie,_ga_failed_lookup_marker_66_50,,,,,Existing CM Trackers-Not Found,,,,,
youtube.com,Targeted Advertising cookies (including social media),Google Advertising Products,HTTP Cookie,bench_new_T3_105978,,session,TRUE,https://www.CLIENT_X.com.tr/healthcare/clinical-solutions/early-warning-scoring,Existing CM Trackers-Found,,,,,
CLIENT_X.com.tr,Essential cookies,CLIENT_X - Turkey,HTTP Cookie,bench_new_T3_105682,,session,TRUE,https://www.CLIENT_X.com.tr/,Existing CM Trackers-Found,,,,,
doubleclick.net,Targeted Advertising cookies (including social media),Google Advertising Products,HTTP Cookie,bench_new_T3_106032,,,,,Existing CM Trackers-Not Found,,,,,
imgs.signifyd.com,Essential cookies,Signifyd,Local Storage,bench_new_T3_106298,,,TRUE,https://www.CLIENT_X.com.tr/,Existing CM Trackers-Found,,,,,
c.amazon-adsystem.com,Targeted Advertising cookies (including social media),Amazon Ads,JavaScript,bench_new_T3_106744,,,TRUE,https://www.CLIENT_X.com.tr/,Existing CM Trackers-Found,,,,,
CLIENT_X.com.tr,Essential cookies,CLIENT_X - Turkey,HTTP Cookie,bench_new_T3_106929,,0,TRUE,https://www.CLIENT_X.com.tr/,Existing CM Trackers-Found,,,,,
www.googletagmanager.com,Performance cookies,Google Inc.,JavaScript,bench_new_T3_106379,,,TRUE,https://www.CLIENT_X.com.tr/,Existing CM Trackers-Found,,,,,
CLIENT_X.co.uk,Essential cookies,CLIENT_X - United Kingdom,HTTP Cookie,bench_new_T3_106139,,,,,Existing CM Trackers-Not Found,,,,,
CLIENT_X.com.tr,Targeted Advertising cookies (including social media),CLIENT_X - Turkey,HTTP Cookie,bench_new_T3_105927,,7,TRUE,https://www.CLIENT_X.com.tr/,Existing CM Trackers-Found,,,,,
lighting.CLIENT_X.com.tr,Essential cookies,Signify (formerly CLIENT_X Lighting),HTTP Cookie,bench_new_T3_106054,,,,,Existing CM Trackers-Not Found,,,,,
netdna.bootstrapcdn.com,Targeted Advertising Cookies (including social media) [Requires consent],Bootstrap CDN,ETag,-,,bench_update_duration,,,Existing CM Trackers-Not Found,,,,,
www.crsc.lighting.CLIENT_X.com,Performance cookies,Signify (formerly CLIENT_X Lighting),ETag,_ga_failed_lookup_marker_66_62,,,,,Existing CM Trackers-Not Found,,,,,
cdn.ticimax.cloud,Performance cookies,Ticimax,JavaScript,bench_new_T3_106031,,,,,Existing CM Trackers-Not Found,,,,,
www.lampreplacementtool.CLIENT_X.com,Essential cookies,Koninklijke CLIENT_X N.V.,ETag,bench_new_T3_105991,,,,,Existing CM Trackers-Not Found,,,,,
youtube.com,Targeted Advertising cookies (including social media),Google Advertising Products,HTTP Cookie,bench_new_T3_106629,,180,TRUE,https://www.CLIENT_X.com.tr/healthcare/clinical-solutions/early-warning-scoring,Existing CM Trackers-Found,,,,,
CLIENT_X.com.tr,Essential cookies,CLIENT_X - Turkey,HTTP Cookie,bench_new_T3_107146,,,,,Existing CM Trackers-Not Found,,,,,
www.mylife.CLIENT_X.com.cn,Essential cookies (exempt from consent),CLIENT_X - China,HTTP Cookie,acw_tc,,,,,Existing CM Trackers-Not Found,,,,,
www.eu-west-1.api.CLIENT_X.com,Targeted Advertising cookies (including social media),Koninklijke CLIENT_X N.V.,Beacon,bench_new_T3_105822,,,,https://www.CLIENT_X.com.tr/c-e/shop/checkout,New Third Party Trackers,,,,,
connect.facebook.net,Targeted Advertising cookies (including social media),Meta (formerly Facebook),Beacon,bench_new_T3_105683,,,TRUE,https://www.CLIENT_X.com.tr/c-p/EP4441_50/4400-serisi-tam-otomatik-espresso-makinesi/destek,Existing CM Trackers-Found,,,,,
www.CLIENT_X.no,Essential cookies (exempt from consent),CLIENT_X - Norway,Local Storage,blank (local storage),,400,,https://www.CLIENT_X.com.tr/,New Third Party Trackers,,,,,
assets.adobedtm.com,Performance cookies,Adobe Inc.,ETag,bench_new_T3_106039,,,,,Existing CM Trackers-Not Found,,,,,
www.googleadservices.com,Targeted Advertising cookies (including social media),Google Advertising Products,JavaScript,bench_new_T3_106860,,,,,Existing CM Trackers-Not Found,,,,,
assets.kampyle.com,Performance cookies,Medallia,ETag,_ga_failed_lookup_marker_66_73,,,TRUE,https://www.CLIENT_X.com.tr/a-w/about,Existing CM Trackers-Found,,,,,
assets.kampyle.com,Performance cookies,Medallia,ETag,bench_new_T3_105907,,,TRUE,https://www.CLIENT_X.com.tr/a-w/about,Existing CM Trackers-Found,,,,,
assets-v2.yieldify.com,Targeted Advertising cookies (including social media),Yieldify,ETag,bench_new_T3_106316,,,,,Existing CM Trackers-Not Found,,,,,
www.supurgesepeti.com,Essential cookies,Supurgesepeti.com,ETag,bench_new_T3_106516,,,,,Existing CM Trackers-Not Found,,,,,
youtube.com,Targeted Advertising cookies (including social media),Google Advertising Products,HTTP Cookie,bench_new_T3_105803,,180,,https://www.CLIENT_X.com.tr/healthcare/clinical-solutions/early-warning-scoring,New Third Party Trackers,,,,,
doubleclick.net,Targeted Advertising cookies (including social media),Google Advertising Products,HTTP Cookie,bench_new_T3_105954,,30,TRUE,https://www.CLIENT_X.com.tr/,Existing CM Trackers-Found,,,,,
CLIENT_X.no,Essential cookies (exempt from consent),CLIENT_X - Norway,HTTP Cookie,_scid,,365,TRUE,https://www.CLIENT_X.com.tr/c-e/ho/cooking/airfryer-7000-serisi-xxl.html,Existing CM Trackers-Found,,,,,
*.fls.doubleclick.net,Targeted Advertising cookies (including social media),Google Advertising Products,Beacon,bench_new_T3_106337,,,,,Existing CM Trackers-Not Found,,,,,
www.googletagmanager.com,Performance cookies,Google Inc.,JavaScript,bench_new_T3_105607,,,TRUE,https://www.CLIENT_X.com.tr/,Existing CM Trackers-Found,,,,,
consent.trustarc.com,Essential cookies,TrustArc,Beacon,_ga_failed_lookup_marker_66_82,,,TRUE,https://www.CLIENT_X.com.tr/,Existing CM Trackers-Found,,,,,
www.google.com,Targeted Advertising cookies (including social media),Google Inc.,Beacon,bench_new_T3_106916,,,TRUE,https://www.CLIENT_X.com.tr/,Existing CM Trackers-Found,,,,,
CLIENT_X.com.tr,Essential cookies,CLIENT_X - Turkey,HTTP Cookie,_ga_failed_lookup_marker_66_84,,,,,Existing CM Trackers-Not Found,,,,,
CLIENT_X.com.tr,Essential cookies,CLIENT_X - Turkey,HTTP Cookie,bench_new_T3_105723,,0,TRUE,https://www.CLIENT_X.com.tr/,Existing CM Trackers-Found,,,,,
www.googleadservices.com,Targeted Advertising cookies (including social media),Google Advertising Products,JavaScript,bench_new_T3_106100,,,,,Existing CM Trackers-Not Found,,,,,
CLIENT_X.com.tr,Essential cookies,CLIENT_X - Turkey,HTTP Cookie,bench_new_T3_105878,,,,,Existing CM Trackers-Not Found,,,,,
CLIENT_X.com.tr,Essential cookies,CLIENT_X - Turkey,HTTP Cookie,bench_new_T3_106938,,400,,https://www.CLIENT_X.com.tr/,New First Party Trackers,,,,,
agent-versuni.mindtouch.us,Performance cookies,MindTouch,HTTP Cookie,bench_new_T3_105741,,session,,https://www.CLIENT_X.com.tr/c-f/XC000021443/CLIENT_X-vantilat%C3%B6r%C3%BCm-sal%C4%B1n%C4%B1m-yaparken-al%C4%B1%C5%9F%C4%B1lmad%C4%B1k-bir-ses-%C3%A7%C4%B1kar%C4%B1yor,New Third Party Trackers,,,,,
cdn.ticimax.cloud,Performance cookies,Ticimax,ETag,bench_new_T3_105835,,,,,Existing CM Trackers-Not Found,,,,,
www.gstatic.com,Performance cookies,Google Inc.,JavaScript,bench_new_T3_106601,,,TRUE,https://www.CLIENT_X.com.tr/c-e/welcome?mag=F02&origin=20_tr_tr_mylumea_app,Existing CM Trackers-Found,,,,,
www.CLIENT_X.com.tr,Essential cookies,CLIENT_X - Turkey,HTTP Cookie,bench_new_T3_107011,,0,,https://www.CLIENT_X.com.tr/c-p/AMF870_15/air-performer-8000-serisi-3-1-arada-hava-temizleyici-fan-ve-isitici,New First Party Trackers,,,,,
www.supurgesepeti.com,Essential cookies,Supurgesepeti.com,HTTP Cookie,_ga_failed_lookup_marker_66_93,,,,,Existing CM Trackers-Not Found,,,,,
www.lighting.CLIENT_X.com.tr,Essential cookies,Signify (formerly CLIENT_X Lighting),HTTP Cookie,bench_new_T3_106161,,,,,Existing CM Trackers-Not Found,,,,,
www.ledsavingscalculator.CLIENT_X.co.uk,Performance cookies,Signify (formerly CLIENT_X Lighting),ETag,bench_new_T3_105797,,,,,Existing CM Trackers-Not Found,,,,,
casalemedia.com,Targeted Advertising cookies (including social media),Index Exchange Inc.,HTTP Cookie,bench_new_T3_106551,,365,TRUE,https://www.CLIENT_X.com.tr/a-w/about,Existing CM Trackers-Found,,,,,
amazon-adsystem.com,Targeted Advertising cookies (including social media),Amazon Ads,HTTP Cookie,_ga_failed_lookup_marker_66_97,,400,TRUE,https://www.CLIENT_X.com.tr/,Existing CM Trackers-Found,,,,,
CLIENT_X.com,Essential cookies,Koninklijke CLIENT_X N.V.,HTTP Cookie,bench_new_T3_105916,,,,,Existing CM Trackers-Not Found,,,,,
pages.information.signify.com,Performance cookies,Signify (formerly CLIENT_X Lighting),Local Storage,_ga_failed_lookup_marker_66_99,,,,,Existing CM Trackers-Not Found,,,,,
www.subscriptions.CLIENT_X.ca,Essential cookies (exempt from consent),CLIENT_X - Canada,JavaScript,blank (java),,bench_update_duration,,,Existing CM Trackers-Not Found,,,,,
www.lighting.CLIENT_X.com.au,Essential cookies (exempt from consent),Signify (formerly CLIENT_X Lighting),HTTP Cookie,s_as,,89,TRUE,https://www.CLIENT_X.com.tr/,Existing CM Trackers-Found,,,,,
www.lighting.CLIENT_X.co.id,Essential cookies (exempt from consent),Signify (formerly CLIENT_X Lighting),Local Storage,blank (local storage),,bench_update_duration,TRUE,https://www.CLIENT_X.com.tr/c-e/ho/uetueleme/descale-steam-generators,Existing CM Trackers-Found,,,,,
smetrics.marketing.CLIENT_X-hue.com,Targeted Advertising cookies (including social media),CLIENT_X Hue,JavaScript,bench_new_T3_105653,,,,,Existing CM Trackers-Not Found,,,,,
CLIENT_X.com.tr,Essential cookies,CLIENT_X - Turkey,HTTP Cookie,_ga_failed_lookup_marker_66_104,,,,,Existing CM Trackers-Not Found,,,,,
CLIENT_X.com.tr,Essential cookies,CLIENT_X - Turkey,HTTP Cookie,bench_new_T3_107014,,session,TRUE,https://www.CLIENT_X.com.tr/,Existing CM Trackers-Found,,,,,
www.google.ie,Targeted Advertising cookies (including social media),Google Inc.,Beacon,bench_new_T3_105604,,,TRUE,https://www.CLIENT_X.com.tr/,Existing CM Trackers-Found,,,,,
doubleclick.net,Targeted Advertising cookies (including social media),Google Advertising Products,HTTP Cookie,bench_new_T3_106495,,,,,Existing CM Trackers-Not Found,,,,,
www.gearselectiontool.lighting.CLIENT_X.com,Performance cookies,Signify (formerly CLIENT_X Lighting),JavaScript,bench_new_T3_105617,,,,,Existing CM Trackers-Not Found,,,,,
www.CLIENT_X.com.tr,Essential cookies,CLIENT_X - Turkey,HTTP Cookie,bench_new_T3_106857,,session,TRUE,https://www.CLIENT_X.com.tr/c-p/AMF870_15/air-performer-8000-serisi-3-1-arada-hava-temizleyici-fan-ve-isitici,Existing CM Trackers-Found,,,,,
versuni.scene7.com,Performance cookies,Adobe Experience Cloud - Experience Manager,JavaScript,bench_new_T3_105884,,,TRUE,https://www.CLIENT_X.com.tr/c-f/XC000021359/CLIENT_X-homerun-elektrikli-robot-s%C3%BCp%C3%BCrgemi-nas%C4%B1l-temizlerim,Existing CM Trackers-Found,,,,,
*.fls.doubleclick.net,Targeted Advertising cookies (including social media),Google Advertising Products,Beacon,bench_new_T3_107058,,,,,Existing CM Trackers-Not Found,,,,,
company-target.com,Targeted Advertising cookies (including social media),"Demandbase, Inc.",HTTP Cookie,bench_new_T3_105937,,396,TRUE,https://www.CLIENT_X.com.tr/a-w/about,Existing CM Trackers-Found,,,,,
www.lighting.CLIENT_X.com.tr,Essential cookies,Signify (formerly CLIENT_X Lighting),HTTP Cookie,bench_new_T3_106173,,,,,Existing CM Trackers-Not Found,,,,,
CLIENT_X.com.tr,Essential cookies,CLIENT_X - Turkey,HTTP Cookie,bench_new_T3_105743,,session,TRUE,https://www.CLIENT_X.com.tr/,Existing CM Trackers-Found,,,,,
www.CLIENT_X.com.br,Essential cookies (exempt from consent),CLIENT_X - Brazil,HTTP Cookie,user_country,,bench_update_duration,,,Existing CM Trackers-Not Found,,,,,
www.google.ie,Targeted Advertising cookies (including social media),Google Inc.,Beacon,bench_new_T3_106912,,,TRUE,https://www.CLIENT_X.com.tr/,Existing CM Trackers-Found,,,,,
www.CLIENT_X.sa,Essential cookies (exempt from consent),CLIENT_X - Kingdom of Saudi Arabia,HTTP Cookie,_y2,,,,,Existing CM Trackers-Not Found,,,,,
static.ticimax.cloud,Performance cookies,Ticimax,JavaScript,bench_new_T3_106093,,,,,Existing CM Trackers-Not Found,,,,,
CLIENT_X.com.tr,Performance cookies,CLIENT_X - Turkey,HTTP Cookie,bench_new_T3_105963,,,,,Existing CM Trackers-Not Found,,,,,
www.shop.CLIENT_X.lt,Essential cookies (exempt from consent),CLIENT_X - Lithuania,HTTP Cookie,fl_qualified_entry,,bench_update_duration,,,Existing CM Trackers-Not Found,,,,,
c.amazon-adsystem.com,Targeted Advertising cookies (including social media),Amazon Ads,JavaScript,bench_new_T3_106743,,,TRUE,https://www.CLIENT_X.com.tr/,Existing CM Trackers-Found,,,,,
munchkin.marketo.net,Targeted Advertising cookies (including social media),Marketo,JavaScript,bench_new_T3_106179,,,,,Existing CM Trackers-Not Found,,,,,
CLIENT_X.com.tr,Essential cookies,CLIENT_X - Turkey,HTTP Cookie,bench_new_T3_106719,,session,TRUE,https://www.CLIENT_X.com.tr/,Existing CM Trackers-Found,,,,,
tag.demandbase.com,Targeted Advertising cookies (including social media),"Demandbase, Inc.",JavaScript,bench_new_T3_105679,,,TRUE,https://www.CLIENT_X.com.tr/a-w/about,Existing CM Trackers-Found,,,,,
cdn.mouseflow.com,Performance cookies,Mouseflow,ETag,bench_new_T3_106201,,,,https://www.CLIENT_X.com.tr/c-m-pe/hair-removal,New Third Party Trackers,,,,,
www.CLIENT_X.com.tr,Essential cookies,CLIENT_X - Turkey,HTTP Cookie,bench_new_T3_106080,,,,,Existing CM Trackers-Not Found,,,,,
td.yieldify.com,Targeted Advertising cookies (including social media),Yieldify,ETag,bench_new_T3_106723,,,,,Existing CM Trackers-Not Found,,,,,
CLIENT_X.com.tr,Performance cookies,CLIENT_X - Turkey,HTTP Cookie,bench_new_T3_106251,,,,,Existing CM Trackers-Not Found,,,,,
*.cloudfront.net,Performance cookies,Amazon (Cloudfront),ETag,_ga_failed_lookup_marker_66_129,,,,,Existing CM Trackers-Not Found,,,,,
c.go-mpulse.net,Performance cookies,Akamai,JavaScript,bench_new_T3_106506,,,,,Existing CM Trackers-Not Found,,,,,
code.jquery.com,Performance cookies,jQuery,ETag,bench_new_T3_106959,,,,,Existing CM Trackers-Not Found,,,,,
eloqua.com,Essential cookies,Oracle Marketing,HTTP Cookie,bench_new_T3_106784,,392,TRUE,https://www.CLIENT_X.com.tr/healthcare,Existing CM Trackers-Found,,,,,
www.lighting.CLIENT_X.com,Performance cookies,Signify (formerly CLIENT_X Lighting),ETag,bench_new_T3_106914,,,,,Existing CM Trackers-Not Found,,,,,
demdex.net,Targeted Advertising cookies (including social media),"Adobe Audience Manager, Adobe Experience Cloud",HTTP Cookie,bench_new_T3_107154,,,,,Existing CM Trackers-Not Found,,,,,
doubleclick.net,Targeted Advertising cookies (including social media),Google Advertising Products,HTTP Cookie,bench_new_T3_106952,,390,TRUE,https://www.CLIENT_X.com.tr/,Existing CM Trackers-Found,,,,,
static.hotjar.com,Performance cookies,Hotjar,JavaScript,bench_new_T3_107117,,,,,Existing CM Trackers-Not Found,,,,,
analytics-fe.digital-cloud-us-main.medallia.com,Performance cookies,Medallia,Beacon,bench_new_T3_105834,,,TRUE,https://www.CLIENT_X.com.tr/a-w/about,Existing CM Trackers-Found,,,,,
CLIENT_X.com.tr,Essential cookies,CLIENT_X - Turkey,HTTP Cookie,bench_new_T3_106278,,,,,Existing CM Trackers-Not Found,,,,,
CLIENT_X.com.tr,Essential cookies,CLIENT_X - Turkey,HTTP Cookie,bench_new_T3_105795,,,,,Existing CM Trackers-Not Found,,,,,
CLIENT_X.com.tr,Performance cookies,CLIENT_X - Turkey,HTTP Cookie,bench_new_T3_106496,,400,,https://www.CLIENT_X.com.tr/,Existing CM Trackers-Found,,,,,
supurgesepeti.com,Essential cookies,Supurgesepeti.com,HTTP Cookie,bench_new_T3_105896,,,,,Existing CM Trackers-Not Found,,,,,
koninklijkeCLIENT_Xnvproduction2k8xfrmr.analytics.org.coveo.com,Performance cookies,Coveo Solutions Inc.,Beacon,bench_new_T3_106020,,,TRUE,https://www.CLIENT_X.com.tr/a-w/about/news/all-news.html,Existing CM Trackers-Found,,,,,
www.usa.CLIENT_X.com,Essential cookies (exempt from consent),Koninklijke CLIENT_X N.V.,HTTP Cookie,liveagent_sid,,bench_update_duration,,,Existing CM Trackers-Not Found,,,,,
www.lighting.CLIENT_X.com,Performance cookies,Signify (formerly CLIENT_X Lighting),ETag,bench_new_T3_106158,,,,,Existing CM Trackers-Not Found,,,,,
*.online-metrix.net,Performance cookies,LexisNexis Risk Solutions (formerly ThreatMetrix),JavaScript,bench_new_T3_106346,,,,https://www.CLIENT_X.com.tr/c-f/XC000021305/CLIENT_X-buhar-%C3%9Creticiminhepsi-bir-arada-%C3%87%C3%B6z%C3%BCm%C3%BCm%C3%BCn-kirecini-nas%C4%B1l-temizlerim,Existing CM Trackers-Found,,,,,
*.mktoweb.com,Targeted Advertising cookies (including social media),Marketo,HTTP Cookie,bench_new_T3_106887,,,,,Existing CM Trackers-Not Found,,,,,
www.results.CLIENT_X.com.cn,Essential cookies (exempt from consent),CLIENT_X - China,HTTP Cookie,eddl_gtm_qe_session_start_6523424625,,,,,Existing CM Trackers-Not Found,,,,,
checkout-ui.prod.ticimax.net,Performance cookies,Ticimax,HTTP Cookie,bench_new_T3_105654,,,,,Existing CM Trackers-Not Found,,,,,
www.googleapis.com,Performance cookies,Google Inc.,JavaScript,bench_new_T3_106672,,,TRUE,https://www.CLIENT_X.com.tr/c-f/XC000004909/CLIENT_X-epilat%C3%B6r-cihaz%C4%B1m%C4%B1n-aparatlar%C4%B1-nas%C4%B1l-kullan%C4%B1l%C4%B1r,Existing CM Trackers-Found,,,,,
CLIENT_X.com.gh,Essential cookies (exempt from consent),CLIENT_X - Ghana,HTTP Cookie,_fbp,,bench_update_duration,,,Existing CM Trackers-Not Found,,,,,
*.t.eloqua.com,Performance cookies,Oracle Marketing,JavaScript,bench_new_T3_105868,,,,https://www.CLIENT_X.com.tr/healthcare/education-resources/education-training,Existing CM Trackers-Found,,,,,
www.lampreplacementtool.lighting.CLIENT_X.com,Performance cookies,Koninklijke CLIENT_X N.V.,ETag,bench_new_T3_106034,,,,,Existing CM Trackers-Not Found,,,,,
comment.niceteknoloji.com,Performance cookies,Nice Technology,JavaScript,bench_new_T3_107032,,,,,Existing CM Trackers-Not Found,,,,,
platform-eu.cloud.coveo.com,Performance cookies,Coveo Solutions Inc.,Beacon,bench_new_T3_106117,,,,,Existing CM Trackers-Not Found,,,,,
www.lighting.CLIENT_X.com,Performance cookies,Signify (formerly CLIENT_X Lighting),ETag,bench_new_T3_105745,,,,,Existing CM Trackers-Not Found,,,,,
CLIENT_X.com.tr,Essential cookies,CLIENT_X - Turkey,HTTP Cookie,bench_new_T3_105914,,60,TRUE,https://www.CLIENT_X.com.tr/,Existing CM Trackers-Found,,,,,
www.supurgesepeti.com,Essential cookies,Supurgesepeti.com,HTTP Cookie,bench_new_T3_106024,,,,,Existing CM Trackers-Not Found,,,,,
youtube.com,Targeted Advertising cookies (including social media),Google Advertising Products,HTTP Cookie,bench_new_T3_106693,,session,TRUE,https://www.CLIENT_X.com.tr/healthcare/clinical-solutions/early-warning-scoring,Existing CM Trackers-Found,,,,,
CLIENT_X.co.id,Essential cookies (exempt from consent),CLIENT_X - Indonesia,HTTP Cookie,_gat_UA-XXX,,0,,https://www.CLIENT_X.com.tr/healthcare,New Third Party Trackers,,,,,
CLIENT_X.com.tr,Essential cookies,CLIENT_X - Turkey,HTTP Cookie,bench_new_T3_105832,,,,,Existing CM Trackers-Not Found,,,,,
smetrics.marketing.CLIENT_X-hue.com,Targeted Advertising cookies (including social media),CLIENT_X Hue,JavaScript,bench_new_T3_106060,,,,,Existing CM Trackers-Not Found,,,,,
www.CLIENT_X.com.tr,Essential cookies,CLIENT_X - Turkey,HTTP Cookie,bench_new_T3_105990,,,,,Existing CM Trackers-Not Found,,,,,
amazon-adsystem.com,Targeted Advertising cookies (including social media),Amazon Ads,HTTP Cookie,bench_new_T3_106228,,400,TRUE,https://www.CLIENT_X.com.tr/,Existing CM Trackers-Found,,,,,
youtube.com,Targeted Advertising cookies (including social media),Google Advertising Products,HTTP Cookie,bench_new_T3_105691,,session,TRUE,https://www.CLIENT_X.com.tr/healthcare/clinical-solutions/early-warning-scoring,Existing CM Trackers-Found,,,,,
*.e.aa.online-metrix.net,Performance cookies,LexisNexis Risk Solutions (formerly ThreatMetrix),Beacon,bench_new_T3_106411,,,,https://www.CLIENT_X.com.tr/c-p/SWV9433C_00/hdmi-2.1-kablosu,New Third Party Trackers,,,,,
www.CLIENT_X.com.kw,Essential cookies (exempt from consent),CLIENT_X - Kuwait,HTTP Cookie,kampyle_userid,,,,https://www.CLIENT_X.com.tr/a-w/about-CLIENT_X/bilgi-toplumu-hizmetleri.html,New Third Party Trackers,,,,,
cdn.mouseflow.com,Performance cookies,Mouseflow,JavaScript,bench_new_T3_105788,,,,https://www.CLIENT_X.com.tr/c-m-pe/hair-removal,New Third Party Trackers,,,,,
lighting.CLIENT_X.com.hk,Essential cookies (exempt from consent),CLIENT_X - Hong Kong,HTTP Cookie,s_sid,,bench_update_duration,TRUE,https://www.CLIENT_X.com.tr/,Existing CM Trackers-Found,,,,,
CLIENT_X.com.tr,Essential cookies,CLIENT_X - Turkey,HTTP Cookie,bench_new_T3_106435,,60,TRUE,https://www.CLIENT_X.com.tr/,Existing CM Trackers-Found,,,,,
www.supurgesepeti.com,Essential cookies,Supurgesepeti.com,HTTP Cookie,bench_new_T3_105704,,,,,Existing CM Trackers-Not Found,,,,,
lighting.CLIENT_X.com.tr,Essential cookies,Signify (formerly CLIENT_X Lighting),HTTP Cookie,bench_new_T3_106144,,,,,Existing CM Trackers-Not Found,,,,,
www.CLIENT_X.com.tr,Essential cookies,CLIENT_X - Turkey,HTTP Cookie,bench_new_T3_106616,,365,TRUE,https://www.CLIENT_X.com.tr/c-p/AMF870_15/air-performer-8000-serisi-3-1-arada-hava-temizleyici-fan-ve-isitici,Existing CM Trackers-Found,,,,,
maps.gstatic.com,Performance cookies,Google Inc.,JavaScript,_ga_failed_lookup_marker_66_173,,,,,Existing CM Trackers-Not Found,,,,,
CLIENT_X.pl,Essential cookies (exempt from consent),CLIENT_X - Poland,HTTP Cookie,FPLC,,,,,Existing CM Trackers-Not Found,,,,,
linkedin.com,Targeted Advertising cookies (including social media),LinkedIn,HTTP Cookie,bench_new_T3_106533,,180,TRUE,https://www.CLIENT_X.com.tr/c-e/ho/cooking/airfryer-7000-serisi-xxl.html,Existing CM Trackers-Found,,,,,
snap.licdn.com,Performance cookies,LinkedIn,JavaScript,bench_new_T3_105843,,,TRUE,https://www.CLIENT_X.com.tr/c-e/ho/cooking/airfryer-7000-serisi-xxl.html,Existing CM Trackers-Found,,,,,
CLIENT_X.com.mx,Essential cookies (exempt from consent),CLIENT_X - Mexico,HTTP Cookie,mboxEdgeCluster,,,,,Existing CM Trackers-Not Found,,,,,
www.lighting.CLIENT_X.com.ar,Essential cookies (exempt from consent),Signify (formerly CLIENT_X Lighting),HTTP Cookie,s_mc,,bench_update_duration,TRUE,https://www.CLIENT_X.com.tr/c-p/AMF870_15/air-performer-8000-serisi-3-1-arada-hava-temizleyici-fan-ve-isitici,Existing CM Trackers-Found,,,,,
connect.facebook.net,Targeted Advertising cookies (including social media),Meta (formerly Facebook),JavaScript,bench_new_T3_106536,,,TRUE,https://www.CLIENT_X.com.tr/,Existing CM Trackers-Found,,,,,
checkout-ui.prod.ticimax.net,Performance cookies,Ticimax,HTTP Cookie,bench_new_T3_105839,,,,,Existing CM Trackers-Not Found,,,,,
CLIENT_Xb2c.my.site.com,Performance cookies,"Salesforce.com, Inc.",JavaScript,bench_new_T3_106673,,,TRUE,https://www.CLIENT_X.com.tr/c-w/tuketici-urunleri-destek/support-contact-page.html,Existing CM Trackers-Found,,,,,
CLIENT_X.com.tr,Essential cookies,CLIENT_X - Turkey,HTTP Cookie,bench_new_T3_106682,,,,,Existing CM Trackers-Not Found,,,,,
maps.googleapis.com,Targeted Advertising cookies (including social media),Google Inc.,ETag,bench_new_T3_106995,,,TRUE,https://www.CLIENT_X.com.tr/healthcare/about/distributors,Existing CM Trackers-Found,,,,,
cdn.ticimax.cloud,Performance cookies,Ticimax,JavaScript,bench_new_T3_106664,,,,,Existing CM Trackers-Not Found,,,,,
CLIENT_X.com.tr,Essential cookies,CLIENT_X - Turkey,HTTP Cookie,bench_new_T3_106511,,,,,Existing CM Trackers-Not Found,,,,,
www.googletagmanager.com,Performance cookies,Google Inc.,JavaScript,bench_new_T3_106656,,,TRUE,https://www.CLIENT_X.com.tr/,Existing CM Trackers-Found,,,,,
fonts.yieldify-production.com,Targeted Advertising cookies (including social media),Yieldify,ETag,bench_new_T3_106991,,,,,Existing CM Trackers-Not Found,,,,,
pages.information.signify.com,Performance cookies,Signify (formerly CLIENT_X Lighting),JavaScript,bench_new_T3_106730,,,,,Existing CM Trackers-Not Found,,,,,
images.CLIENT_X.com,Essential cookies,Koninklijke CLIENT_X N.V.,JavaScript,bench_new_T3_107157,,,TRUE,https://www.CLIENT_X.com.tr/healthcare/product/HCNOCTN424PACS,Existing CM Trackers-Found,,,,,
lighting.CLIENT_X.com.tr,Essential cookies,Signify (formerly CLIENT_X Lighting),HTTP Cookie,bench_new_T3_105898,,,,,Existing CM Trackers-Not Found,,,,,
supurgesepeti.com,Essential cookies,Supurgesepeti.com,Local Storage,bench_new_T3_106110,,,,,Existing CM Trackers-Not Found,,,,,
lighting.CLIENT_X.com.tr,Essential cookies,Signify (formerly CLIENT_X Lighting),HTTP Cookie,bench_new_T3_105871,,,,,Existing CM Trackers-Not Found,,,,,
imgs.signifyd.com,Essential cookies,Signifyd,JavaScript,bench_new_T3_105658,,,TRUE,https://www.CLIENT_X.com.tr/c-e/ho/uetueleme/descale-steam-generators,Existing CM Trackers-Found,,,,,
www.crsc.lighting.CLIENT_X.com,Performance cookies,Signify (formerly CLIENT_X Lighting),ETag,bench_new_T3_106029,,,,,Existing CM Trackers-Not Found,,,,,
casalemedia.com,Targeted Advertising cookies (including social media),Index Exchange Inc.,HTTP Cookie,bench_new_T3_106440,,90,TRUE,https://www.CLIENT_X.com.tr/a-w/about,Existing CM Trackers-Found,,,,,
td.yieldify.com,Targeted Advertising cookies (including social media),Yieldify,ETag,bench_new_T3_106194,,,,,Existing CM Trackers-Not Found,,,,,
www.CLIENT_X.com.tr,Essential cookies,CLIENT_X - Turkey,HTTP Cookie,bench_new_T3_105865,,365,TRUE,https://www.CLIENT_X.com.tr/c-p/AMF870_15/air-performer-8000-serisi-3-1-arada-hava-temizleyici-fan-ve-isitici,Existing CM Trackers-Found,,,,,
labs.iadvize.com,Performance cookies,iAdvize,JavaScript,_ga_failed_lookup_marker_66_198,,,TRUE,https://www.CLIENT_X.com.tr/c-e/ho/cooking/airfryer-7000-serisi-xxl.html,Existing CM Trackers-Found,,,,,
company-target.com,Targeted Advertising cookies (including social media),"Demandbase, Inc.",HTTP Cookie,bench_new_T3_106794,,396,TRUE,https://www.CLIENT_X.com.tr/a-w/about,Existing CM Trackers-Found,,,,,
lighting.CLIENT_X.com.tr,Essential cookies,Signify (formerly CLIENT_X Lighting),HTTP Cookie,bench_new_T3_107166,,,,,Existing CM Trackers-Not Found,,,,,
cdn.channelsight.com,Essential cookies,ChannelSight,ETag,bench_new_T3_105853,,,TRUE,https://www.CLIENT_X.com.tr/c-e/ho/cooking/airfryer-7000-serisi-xxl.html,Existing CM Trackers-Found,,,,,
supurgesepeti.com,Essential cookies,Supurgesepeti.com,HTTP Cookie,bench_new_T3_106878,,,,,Existing CM Trackers-Not Found,,,,,
*.e.aa.online-metrix.net,Performance cookies,LexisNexis Risk Solutions (formerly ThreatMetrix),Beacon,bench_new_T3_106381,,,,https://www.CLIENT_X.com.tr/c-p/SWV9433C_00/hdmi-2.1-kablosu,New Third Party Trackers,,,,,
www.CLIENT_X.com.tr,Essential cookies,CLIENT_X - Turkey,HTTP Cookie,bench_new_T3_106987,,365,TRUE,https://www.CLIENT_X.com.tr/c-p/AMF870_15/air-performer-8000-serisi-3-1-arada-hava-temizleyici-fan-ve-isitici,Existing CM Trackers-Found,,,,,
cdn.ticimax.cloud,Performance cookies,Ticimax,ETag,bench_new_T3_106558,,,,,Existing CM Trackers-Not Found,,,,,
CLIENT_X.com.tr,Essential cookies,CLIENT_X - Turkey,Local Storage,_ga_failed_lookup_marker_66_206,,,TRUE,https://www.CLIENT_X.com.tr/c-w/tuketici-urunleri-destek/support-contact-page.html,Existing CM Trackers-Found,,,,,
www.CLIENT_X.com.tr,Essential cookies,CLIENT_X - Turkey,HTTP Cookie,bench_new_T3_105614,,session,TRUE,https://www.CLIENT_X.com.tr/c-p/AMF870_15/air-performer-8000-serisi-3-1-arada-hava-temizleyici-fan-ve-isitici,Existing CM Trackers-Found,,,,,
*.fls.doubleclick.net,Targeted Advertising cookies (including social media),Google Advertising Products,Beacon,bench_new_T3_105786,,,,,Existing CM Trackers-Not Found,,,,,
images.CLIENT_X.com,Essential cookies,Koninklijke CLIENT_X N.V.,ETag,bench_new_T3_106812,,,TRUE,https://www.CLIENT_X.com.tr/c-p/AMF870_15/air-performer-8000-serisi-3-1-arada-hava-temizleyici-fan-ve-isitici,Existing CM Trackers-Found,,,,,
CLIENT_Xb2c.my.site.com,Performance cookies,"Salesforce.com, Inc.",Beacon,bench_new_T3_106567,,,TRUE,https://www.CLIENT_X.com.tr/c-w/tuketici-urunleri-destek/support-contact-page.html,Existing CM Trackers-Found,,,,,
CLIENT_Xb2c.my.site.com,Performance cookies,"Salesforce.com, Inc.",Beacon,bench_new_T3_106195,,,TRUE,https://www.CLIENT_X.com.tr/c-w/tuketici-urunleri-destek/support-contact-page.html,Existing CM Trackers-Found,,,,,
www.supurgesepeti.com,Essential cookies,Supurgesepeti.com,HTTP Cookie,bench_new_T3_106736,,,,,Existing CM Trackers-Not Found,,,,,
www.CLIENT_X.com.tr,Essential cookies,CLIENT_X - Turkey,HTTP Cookie,_ga_failed_lookup_marker_66_213,,,,,Existing CM Trackers-Not Found,,,,,
img.en25.com,Performance cookies,Oracle Marketing,JavaScript,bench_new_T3_106907,,,,https://www.CLIENT_X.com.tr/healthcare,New Third Party Trackers,,,,,
CLIENT_X.com.tr,Essential cookies,CLIENT_X - Turkey,HTTP Cookie,bench_new_T3_106145,,400,TRUE,https://www.CLIENT_X.com.tr/,Existing CM Trackers-Found,,,,,
imgs.signifyd.com,Essential cookies,Signifyd,Local Storage,bench_new_T3_106036,,,TRUE,https://www.CLIENT_X.com.tr/,Existing CM Trackers-Found,,,,,
youtube.com,Targeted Advertising cookies (including social media),Google Advertising Products,HTTP Cookie,bench_new_T3_105694,,180,TRUE,https://www.CLIENT_X.com.tr/healthcare/clinical-solutions/early-warning-scoring,Existing CM Trackers-Found,,,,,
www.CLIENT_X.com.tr,Essential cookies,CLIENT_X - Turkey,HTTP Cookie,bench_new_T3_105938,,365,TRUE,https://www.CLIENT_X.com.tr/c-p/AMF870_15/air-performer-8000-serisi-3-1-arada-hava-temizleyici-fan-ve-isitici,Existing CM Trackers-Found,,,,,
company-target.com,Targeted Advertising cookies (including social media),"Demandbase, Inc.",HTTP Cookie,bench_new_T3_106900,,396,TRUE,https://www.CLIENT_X.com.tr/a-w/about,Existing CM Trackers-Found,,,,,
lighting.CLIENT_X.com.tr,Essential cookies,Signify (formerly CLIENT_X Lighting),HTTP Cookie,bench_new_T3_106417,,,,,Existing CM Trackers-Not Found,,,,,
mcdn.retailrocket.net,Performance Cookies [Requires consent],Retail Rocket LLC,ETag,-,,bench_update_duration,,,Existing CM Trackers-Not Found,,,,,
support.niceteknoloji.com,Performance cookies,Nice Technology,ETag,bench_new_T3_106962,,,,,Existing CM Trackers-Not Found,,,,,
CLIENT_X.com.tr,Essential cookies,CLIENT_X - Turkey,HTTP Cookie,_ga_failed_lookup_marker_66_223,,0,TRUE,https://www.CLIENT_X.com.tr/,Existing CM Trackers-Found,,,,,
www.CLIENT_X.com.tr,Essential cookies,CLIENT_X - Turkey,HTTP Cookie,_ga_failed_lookup_marker_66_224,,30,TRUE,https://www.CLIENT_X.com.tr/c-p/AMF870_15/air-performer-8000-serisi-3-1-arada-hava-temizleyici-fan-ve-isitici,Existing CM Trackers-Found,,,,,
pixel.rubiconproject.com,Targeted Advertising cookies (including social media),"Magnite, Inc.",Beacon,bench_new_T3_107102,,,TRUE,https://www.CLIENT_X.com.tr/a-w/about,Existing CM Trackers-Found,,,,,
www.crsc.lighting.CLIENT_X.com,Performance cookies,Signify (formerly CLIENT_X Lighting),JavaScript,bench_new_T3_107036,,,,,Existing CM Trackers-Not Found,,,,,
www.CLIENT_X.com.tr,Essential cookies,CLIENT_X - Turkey,HTTP Cookie,bench_new_T3_106448,,session,TRUE,https://www.CLIENT_X.com.tr/c-p/AMF870_15/air-performer-8000-serisi-3-1-arada-hava-temizleyici-fan-ve-isitici,Existing CM Trackers-Found,,,,,
doubleclick.net,Targeted Advertising cookies (including social media),Google Advertising Products,HTTP Cookie,bench_new_T3_106993,,390,TRUE,https://www.CLIENT_X.com.tr/,Existing CM Trackers-Found,,,,,
CLIENT_X.com.tr,Essential cookies,CLIENT_X - Turkey,HTTP Cookie,bench_new_T3_105677,,90,,https://www.CLIENT_X.com.tr/,New First Party Trackers,,,,,
platform.twitter.com,Targeted Advertising cookies (including social media),X (formerly Twitter),JavaScript,bench_new_T3_105830,,,,,Existing CM Trackers-Not Found,,,,,
raw.githubusercontent.com,Performance cookies,GitHub Inc.,ETag,bench_new_T3_106708,,,TRUE,https://www.CLIENT_X.com.tr/healthcare/about/distributors,Existing CM Trackers-Found,,,,,
agent-versuni.mindtouch.us,Performance cookies,MindTouch,Beacon,bench_new_T3_106058,,,,https://www.CLIENT_X.com.tr/c-f/XC000021443/CLIENT_X-vantilat%C3%B6r%C3%BCm-sal%C4%B1n%C4%B1m-yaparken-al%C4%B1%C5%9F%C4%B1lmad%C4%B1k-bir-ses-%C3%A7%C4%B1kar%C4%B1yor,New Third Party Trackers,,,,,
www.youtube-nocookie.com,Preference cookies,Google Inc.,Local Storage,yt-player-performance-cap,,,TRUE,https://www.CLIENT_X.com.tr/,Existing CM Trackers-Found,,,,,
lighting.CLIENT_X.com.tr,Performance cookies,Signify (formerly CLIENT_X Lighting),HTTP Cookie,_ga_failed_lookup_marker_66_234,,,,,Existing CM Trackers-Not Found,,,,,
www.CLIENT_X.com.tr,Essential cookies,CLIENT_X - Turkey,Beacon,bench_new_T3_105828,,,TRUE,https://www.CLIENT_X.com.tr/a-w/about-CLIENT_X/sustainability.html,Existing CM Trackers-Found,,,,,
munchkin.marketo.net,Targeted Advertising cookies (including social media),Marketo,ETag,bench_new_T3_106310,,,,,Existing CM Trackers-Not Found,,,,,
www.CLIENT_X.com.tr,Essential cookies,CLIENT_X - Turkey,HTTP Cookie,bench_new_T3_106847,,0,,https://www.CLIENT_X.com.tr/c-p/AMF870_15/air-performer-8000-serisi-3-1-arada-hava-temizleyici-fan-ve-isitici,New First Party Trackers,,,,,
CLIENT_Xb2c.my.site.com,Performance cookies,"Salesforce.com, Inc.",Local Storage,bench_new_T3_106220,,,TRUE,https://www.CLIENT_X.com.tr/c-w/tuketici-urunleri-destek/support-contact-page.html,Existing CM Trackers-Found,,,,,
CLIENT_X.com.tr,Essential cookies,CLIENT_X - Turkey,HTTP Cookie,_ga_failed_lookup_marker_66_239,,393,TRUE,https://www.CLIENT_X.com.tr/,Existing CM Trackers-Found,,,,,
*.casalemedia.com,Targeted Advertising cookies (including social media),Index Exchange Inc.,Beacon,bench_new_T3_106909,,,,https://www.CLIENT_X.com.tr/a-w/about,Existing CM Trackers-Found,,,,,
CLIENT_X.com.tr,Essential cookies,CLIENT_X - Turkey,HTTP Cookie,bench_new_T3_106861,,session,TRUE,https://www.CLIENT_X.com.tr/,Existing CM Trackers-Found,,,,,
platform-eu.cloud.coveo.com,Performance cookies,Coveo Solutions Inc.,Beacon,bench_new_T3_105776,,,,,Existing CM Trackers-Not Found,,,,,
youtube.com,Targeted Advertising cookies (including social media),Google Advertising Products,HTTP Cookie,bench_new_T3_105719,,180,TRUE,https://www.CLIENT_X.com.tr/healthcare/clinical-solutions/early-warning-scoring,Existing CM Trackers-Found,,,,,
CLIENT_X.com.tr,Essential cookies,CLIENT_X - Turkey,HTTP Cookie,bench_new_T3_106833,,60,TRUE,https://www.CLIENT_X.com.tr/,Existing CM Trackers-Found,,,,,
www.google.com,Targeted Advertising cookies (including social media),Google Inc.,JavaScript,bench_new_T3_105894,,,TRUE,https://www.CLIENT_X.com.tr/c-e/welcome?mag=F02&origin=20_tr_tr_mylumea_app,Existing CM Trackers-Found,,,,,
casalemedia.com,Targeted Advertising cookies (including social media),Index Exchange Inc.,HTTP Cookie,bench_new_T3_106523,,90,TRUE,https://www.CLIENT_X.com.tr/a-w/about,Existing CM Trackers-Found,,,,,
platform.twitter.com,Targeted Advertising cookies (including social media),X (formerly Twitter),JavaScript,bench_new_T3_106318,,,,,Existing CM Trackers-Not Found,,,,,
www.supurgesepeti.com,Essential cookies,Supurgesepeti.com,HTTP Cookie,bench_new_T3_105643,,,,,Existing CM Trackers-Not Found,,,,,
www.CLIENT_X.com.tr,Essential cookies,CLIENT_X - Turkey,HTTP Cookie,bench_new_T3_106315,,,,,Existing CM Trackers-Not Found,,,,,
eloqua.com,Targeted Advertising cookies (including social media),Oracle Marketing,HTTP Cookie,bench_new_T3_106446,,392,TRUE,https://www.CLIENT_X.com.tr/healthcare,Existing CM Trackers-Found,,,,,
CLIENT_X.com.tr,Performance cookies,CLIENT_X - Turkey,HTTP Cookie,bench_new_T3_106729,,session,TRUE,https://www.CLIENT_X.com.tr/,Existing CM Trackers-Found,,,,,
script.hotjar.com,Targeted Advertising cookies (including social media),Hotjar,ETag,bench_new_T3_105989,,,,,Existing CM Trackers-Not Found,,,,,
www.crsc.CLIENT_X.com,Targeted Advertising cookies (including social media),Koninklijke CLIENT_X N.V.,JavaScript,_ga_failed_lookup_marker_66_253,,,TRUE,https://www.CLIENT_X.com.tr/shop/order-search/search-input,Existing CM Trackers-Found,,,,,
tag-logger.demandbase.com,Targeted Advertising cookies (including social media),"Demandbase, Inc.",ETag,bench_new_T3_105801,,,,https://www.CLIENT_X.com.tr/a-w/about-CLIENT_X/bilgi-toplumu-hizmetleri.html,New Third Party Trackers,,,,,
www.lighting.CLIENT_X.com.tr,Essential cookies,Signify (formerly CLIENT_X Lighting),JavaScript,bench_new_T3_105904,,,,,Existing CM Trackers-Not Found,,,,,
www.CLIENT_X.com.tr,Essential cookies,CLIENT_X - Turkey,HTTP Cookie,bench_new_T3_106387,,session,TRUE,https://www.CLIENT_X.com.tr/c-p/AMF870_15/air-performer-8000-serisi-3-1-arada-hava-temizleyici-fan-ve-isitici,Existing CM Trackers-Found,,,,,
www.CLIENT_X.com.kw,Essential cookies (exempt from consent),CLIENT_X - Kuwait,JavaScript,blank (java),,,,,Existing CM Trackers-Not Found,,,,,
nebula-cdn.kampyle.com,Performance cookies,Medallia,ETag,bench_new_T3_106250,,,TRUE,https://www.CLIENT_X.com.tr/c-p/AC3033_10/3000i-series-hava-temizleyici,Existing CM Trackers-Found,,,,,
www.CLIENT_X.com.tr,Essential cookies,CLIENT_X - Turkey,HTTP Cookie,bench_new_T3_106964,,,,,Existing CM Trackers-Not Found,,,,,
CLIENT_X.com.tr,Essential cookies,CLIENT_X - Turkey,HTTP Cookie,bench_new_T3_105934,,,,,Existing CM Trackers-Not Found,,,,,
assets.adoberesources.net,Performance cookies,Adobe Inc.,ETag,bench_new_T3_105840,,,,,Existing CM Trackers-Not Found,,,,,
www.supurgesepeti.com,Essential cookies,Supurgesepeti.com,HTTP Cookie,bench_new_T3_106611,,,,,Existing CM Trackers-Not Found,,,,,
www.CLIENT_X.com.tr,Essential cookies,CLIENT_X - Turkey,HTTP Cookie,_ga_failed_lookup_marker_66_263,,365,TRUE,https://www.CLIENT_X.com.tr/c-p/AMF870_15/air-performer-8000-serisi-3-1-arada-hava-temizleyici-fan-ve-isitici,Existing CM Trackers-Found,,,,,
maps.googleapis.com,Targeted Advertising cookies (including social media),Google Inc.,JavaScript,bench_new_T3_106537,,,TRUE,https://www.CLIENT_X.com.tr/healthcare/about/distributors,Existing CM Trackers-Found,,,,,
googleads.g.doubleclick.net,Targeted Advertising cookies (including social media),Google Advertising Products,Beacon,bench_new_T3_106396,,,TRUE,https://www.CLIENT_X.com.tr/,Existing CM Trackers-Found,,,,,
CLIENT_X.com.tr,Targeted Advertising cookies (including social media),CLIENT_X - Turkey,HTTP Cookie,bench_new_T3_106091,,7,TRUE,https://www.CLIENT_X.com.tr/,Existing CM Trackers-Found,,,,,
www.CLIENT_X.com.tr,Essential cookies,CLIENT_X - Turkey,HTTP Cookie,bench_new_T3_106296,,365,TRUE,https://www.CLIENT_X.com.tr/c-p/AMF870_15/air-performer-8000-serisi-3-1-arada-hava-temizleyici-fan-ve-isitici,Existing CM Trackers-Found,,,,,
static.hotjar.com,Performance cookies,Hotjar,ETag,bench_new_T3_106265,,,,,Existing CM Trackers-Not Found,,,,,
pages.information.signify.com,Performance cookies,Signify (formerly CLIENT_X Lighting),Local Storage,bench_new_T3_106405,,,,,Existing CM Trackers-Not Found,,,,,
www.google.com,Targeted Advertising cookies (including social media),Google Inc.,JavaScript,bench_new_T3_106947,,,TRUE,https://www.CLIENT_X.com.tr/c-e/welcome?mag=F02&origin=20_tr_tr_mylumea_app,Existing CM Trackers-Found,,,,,
www.lampreplacementtool.lighting.CLIENT_X.com,Performance cookies,Koninklijke CLIENT_X N.V.,ETag,bench_new_T3_107021,,,,,Existing CM Trackers-Not Found,,,,,
www.air-product-selector.CLIENT_X.com,Essential cookies (exempt from consent),Koninklijke CLIENT_X N.V.,HTTP Cookie,AWSALBCORS,,6,,,Existing CM Trackers-Not Found,,,,,
sc-static.net,Targeted Advertising cookies (including social media),Snap Inc.,HTTP Cookie,bench_new_T3_105765,,1,TRUE,https://www.CLIENT_X.com.tr/c-e/ho/cooking/airfryer-7000-serisi-xxl.html,Existing CM Trackers-Found,,,,,
lighting.CLIENT_X.com.tr,Essential cookies,Signify (formerly CLIENT_X Lighting),HTTP Cookie,_ga_failed_lookup_marker_66_274,,,,,Existing CM Trackers-Not Found,,,,,
www.google.com,Essential cookies,Google Inc.,HTTP Cookie,bench_new_T3_106163,,180,TRUE,https://www.CLIENT_X.com.tr/c-e/welcome?mag=F02&origin=20_tr_tr_mylumea_app,Existing CM Trackers-Found,,,,,
c.go-mpulse.net,Performance cookies,Akamai,JavaScript,bench_new_T3_107155,,,,,Existing CM Trackers-Not Found,,,,,
*.en25.com,Targeted Advertising cookies (including social media),Oracle Marketing,JavaScript,bench_new_T3_105940,,,,https://www.CLIENT_X.com.tr/healthcare,Existing CM Trackers-Found,,,,,
support.niceteknoloji.com,Performance cookies,Nice Technology,JavaScript,_ga_failed_lookup_marker_66_278,,,,,Existing CM Trackers-Not Found,,,,,
www.googletagmanager.com,Performance cookies,Google Inc.,Beacon,_ga_failed_lookup_marker_66_279,,,TRUE,https://www.CLIENT_X.com.tr/c-e/ho/homeid-app.html,Existing CM Trackers-Found,,,,,
pages.information.signify.com,Performance cookies,Signify (formerly CLIENT_X Lighting),HTTP Cookie,bench_new_T3_106465,,,,,Existing CM Trackers-Not Found,,,,,
checkout-ui.prod.ticimax.net,Performance cookies,Ticimax,HTTP Cookie,_ga_failed_lookup_marker_66_281,,,,,Existing CM Trackers-Not Found,,,,,
www.CLIENT_X.com.tr,Essential cookies,CLIENT_X - Turkey,HTTP Cookie,bench_new_T3_106367,,365,TRUE,https://www.CLIENT_X.com.tr/c-p/AMF870_15/air-performer-8000-serisi-3-1-arada-hava-temizleyici-fan-ve-isitici,Existing CM Trackers-Found,,,,,
CLIENT_X.com.tr,Essential cookies,CLIENT_X - Turkey,HTTP Cookie,bench_new_T3_107184,,session,TRUE,https://www.CLIENT_X.com.tr/,Existing CM Trackers-Found,,,,,
www.CLIENT_X.com.tr,Essential cookies,CLIENT_X - Turkey,HTTP Cookie,bench_new_T3_106566,,365,TRUE,https://www.CLIENT_X.com.tr/c-p/AMF870_15/air-performer-8000-serisi-3-1-arada-hava-temizleyici-fan-ve-isitici,Existing CM Trackers-Found,,,,,
tag.dotz.com.br,Targeted Advertising Cookies (including social media) [Requires consent],Companhia Brasileira de Soluï¿½ï¿½es de Marketing,ETag,-,,bench_update_duration,TRUE,https://www.CLIENT_X.com.tr/,Existing CM Trackers-Found,,,,,
youtube.com,Targeted Advertising cookies (including social media),Google Advertising Products,HTTP Cookie,bench_new_T3_107151,,180,TRUE,https://www.CLIENT_X.com.tr/healthcare/clinical-solutions/early-warning-scoring,Existing CM Trackers-Found,,,,,
www.CLIENT_X.com.tr,Essential cookies,CLIENT_X - Turkey,HTTP Cookie,bench_new_T3_106334,,,,,Existing CM Trackers-Not Found,,,,,
www.CLIENT_X.com.tr,Performance cookies,CLIENT_X - Turkey,HTTP Cookie,bench_new_T3_105821,,,,,Existing CM Trackers-Not Found,,,,,
munchkin.marketo.net,Targeted Advertising cookies (including social media),Marketo,JavaScript,bench_new_T3_106985,,,,,Existing CM Trackers-Not Found,,,,,
www.facebook.com,Targeted Advertising cookies (including social media),Meta (formerly Facebook),Beacon,bench_new_T3_105740,,,TRUE,https://www.CLIENT_X.com.tr/,Existing CM Trackers-Found,,,,,
static.ticimax.cloud,Performance cookies,Ticimax,ETag,bench_new_T3_106232,,,,,Existing CM Trackers-Not Found,,,,,
fonts.yieldify-production.com,Targeted Advertising cookies (including social media),Yieldify,ETag,bench_new_T3_106464,,,,,Existing CM Trackers-Not Found,,,,,
versuni.scene7.com,Performance cookies,Adobe Experience Cloud - Experience Manager,ETag,bench_new_T3_107084,,,TRUE,https://www.CLIENT_X.com.tr/c-f/XC000021357/CLIENT_X-homerun-uygulamamda-haritalar-nas%C4%B1l-olu%C5%9Fturulur-ve-y%C3%B6netilir,Existing CM Trackers-Found,,,,,
smetrics.marketing.lighting.CLIENT_X.com.tr,Essential cookies (exempt from consent),CLIENT_X - Turkey,JavaScript,blank (java),,session,TRUE,https://www.CLIENT_X.com.tr/,Existing CM Trackers-Found,,,,,
www.CLIENT_X.com.tr,Essential cookies,CLIENT_X - Turkey,HTTP Cookie,bench_new_T3_107048,,session,TRUE,https://www.CLIENT_X.com.tr/c-p/AMF870_15/air-performer-8000-serisi-3-1-arada-hava-temizleyici-fan-ve-isitici,Existing CM Trackers-Found,,,,,
CLIENT_X.com.tr,Essential cookies,CLIENT_X - Turkey,HTTP Cookie,bench_new_T3_106659,,,,,Existing CM Trackers-Not Found,,,,,
consent.trustarc.com,Essential cookies,TrustArc,Beacon,bench_new_T3_105812,,,TRUE,https://www.CLIENT_X.com.tr/,Existing CM Trackers-Found,,,,,
amazon-adsystem.com,Targeted Advertising cookies (including social media),Amazon Ads,HTTP Cookie,bench_new_T3_107018,,400,TRUE,https://www.CLIENT_X.com.tr/,Existing CM Trackers-Found,,,,,
CLIENT_X.com.tr,Essential cookies,CLIENT_X - Turkey,HTTP Cookie,bench_new_T3_105893,,0,TRUE,https://www.CLIENT_X.com.tr/,Existing CM Trackers-Found,,,,,
www.crsc.lighting.CLIENT_X.com,Performance cookies,Signify (formerly CLIENT_X Lighting),JavaScript,bench_new_T3_107132,,,,,Existing CM Trackers-Not Found,,,,,
nebula-cdn.kampyle.com,Performance cookies,Medallia,ETag,bench_new_T3_106650,,,TRUE,https://www.CLIENT_X.com.tr/c-p/AC3033_10/3000i-series-hava-temizleyici,Existing CM Trackers-Found,,,,,
www.CLIENT_X.com.tr,Essential cookies,CLIENT_X - Turkey,HTTP Cookie,bench_new_T3_106467,,,,,Existing CM Trackers-Not Found,,,,,
amazon-adsystem.com,Targeted Advertising cookies (including social media),Amazon Ads,HTTP Cookie,bench_new_T3_106107,,400,TRUE,https://www.CLIENT_X.com.tr/,Existing CM Trackers-Found,,,,,
www.CLIENT_X.com.tr,Essential cookies,CLIENT_X - Turkey,HTTP Cookie,bench_new_T3_107103,,365,TRUE,https://www.CLIENT_X.com.tr/c-p/AMF870_15/air-performer-8000-serisi-3-1-arada-hava-temizleyici-fan-ve-isitici,Existing CM Trackers-Found,,,,,
www.CLIENT_X.fi,Essential cookies (exempt from consent),CLIENT_X - Finland,HTTP Cookie,shop-health,,bench_update_duration,,,Existing CM Trackers-Not Found,,,,,
analytics.tiktok.com,Targeted Advertising cookies (including social media),TikTok,JavaScript,bench_new_T3_106969,,,TRUE,https://www.CLIENT_X.com.tr/,Existing CM Trackers-Found,,,,,
cdn-scripts.signifyd.com,Essential cookies,Signifyd,JavaScript,bench_new_T3_107192,,,TRUE,https://www.CLIENT_X.com.tr/,Existing CM Trackers-Found,,,,,
www.supurgesepeti.com,Essential cookies,Supurgesepeti.com,HTTP Cookie,bench_new_T3_106247,,,,,Existing CM Trackers-Not Found,,,,,
tag.demandbase.com,Targeted Advertising cookies (including social media),"Demandbase, Inc.",JavaScript,bench_new_T3_106146,,,TRUE,https://www.CLIENT_X.com.tr/a-w/about,Existing CM Trackers-Found,,,,,
images.CLIENT_X.com,Essential cookies,Koninklijke CLIENT_X N.V.,ETag,bench_new_T3_105600,,,TRUE,https://www.CLIENT_X.com.tr/c-p/AMF870_15/air-performer-8000-serisi-3-1-arada-hava-temizleyici-fan-ve-isitici,Existing CM Trackers-Found,,,,,
*.mktoweb.com,Targeted Advertising cookies (including social media),Marketo,ETag,bench_new_T3_106404,,,,,Existing CM Trackers-Not Found,,,,,
assets.adoberesources.net,Performance cookies,Adobe Inc.,JavaScript,bench_new_T3_106733,,,,,Existing CM Trackers-Not Found,,,,,
youtube.com,Targeted Advertising cookies (including social media),Google Advertising Products,HTTP Cookie,bench_new_T3_106688,,180,TRUE,https://www.CLIENT_X.com.tr/healthcare/clinical-solutions/early-warning-scoring,Existing CM Trackers-Found,,,,,
www.googletagmanager.com,Performance cookies,Google Inc.,JavaScript,bench_new_T3_105766,,,TRUE,https://www.CLIENT_X.com.tr/,Existing CM Trackers-Found,,,,,
cdn.channelsight.com,Essential cookies,ChannelSight,ETag,bench_new_T3_107056,,,TRUE,https://www.CLIENT_X.com.tr/c-e/ho/cooking/airfryer-7000-serisi-xxl.html,Existing CM Trackers-Found,,,,,
*.mktoweb.com,Targeted Advertising cookies (including social media),Marketo,Local Storage,bench_new_T3_105939,,,,,Existing CM Trackers-Not Found,,,,,
cdn.mouseflow.com,Performance cookies,Mouseflow,JavaScript,bench_new_T3_106865,,,,https://www.CLIENT_X.com.tr/c-m-pe/hair-removal,New Third Party Trackers,,,,,
CLIENT_X.co.uk,Essential cookies,CLIENT_X - United Kingdom,HTTP Cookie,bench_new_T3_107119,,,,,Existing CM Trackers-Not Found,,,,,
supurgesepeti.com,Essential cookies,Supurgesepeti.com,HTTP Cookie,bench_new_T3_107017,,,,,Existing CM Trackers-Not Found,,,,,
CLIENT_X.com.tr,Essential cookies,CLIENT_X - Turkey,HTTP Cookie,bench_new_T3_107000,,400,TRUE,https://www.CLIENT_X.com.tr/,Existing CM Trackers-Found,,,,,
CLIENT_X.com.tr,Essential cookies,CLIENT_X - Turkey,HTTP Cookie,bench_new_T3_105747,,90,,https://www.CLIENT_X.com.tr/,New First Party Trackers,,,,,
CLIENT_X.com.tr,Performance cookies,CLIENT_X - Turkey,HTTP Cookie,bench_new_T3_107008,,session,TRUE,https://www.CLIENT_X.com.tr/,Existing CM Trackers-Found,,,,,
lighting.CLIENT_X.com.tr,Essential cookies,Signify (formerly CLIENT_X Lighting),HTTP Cookie,_ga_failed_lookup_marker_66_323,,,,,Existing CM Trackers-Not Found,,,,,
CLIENT_X.com.tr,Essential cookies,CLIENT_X - Turkey,HTTP Cookie,bench_new_T3_106848,,session,TRUE,https://www.CLIENT_X.com.tr/,Existing CM Trackers-Found,,,,,
tr.snapchat.com,Targeted Advertising cookies (including social media),Snap Inc.,JavaScript,bench_new_T3_106519,,,TRUE,https://www.CLIENT_X.com.tr/c-e/ho/ironing/azur-8000-series,Existing CM Trackers-Found,,,,,
comment.niceteknoloji.com,Performance cookies,Nice Technology,ETag,bench_new_T3_105780,,,,,Existing CM Trackers-Not Found,,,,,
tremorhub.com,Targeted Advertising cookies (including social media),"Magnite CTV, Inc.",HTTP Cookie,bench_new_T3_106353,,400,TRUE,https://www.CLIENT_X.com.tr/a-w/about,Existing CM Trackers-Found,,,,,
www.supurgesepeti.com,Essential cookies,Supurgesepeti.com,HTTP Cookie,bench_new_T3_106835,,,,,Existing CM Trackers-Not Found,,,,,
tremorhub.com,Targeted Advertising cookies (including social media),"Magnite CTV, Inc.",HTTP Cookie,bench_new_T3_106258,,400,TRUE,https://www.CLIENT_X.com.tr/a-w/about,Existing CM Trackers-Found,,,,,
stats.g.doubleclick.net,Targeted Advertising cookies (including social media),Google Advertising Products,Beacon,bench_new_T3_105660,,,TRUE,https://www.CLIENT_X.com.tr/,Existing CM Trackers-Found,,,,,
tag-logger.demandbase.com,Targeted Advertising cookies (including social media),"Demandbase, Inc.",ETag,bench_new_T3_106143,,,,https://www.CLIENT_X.com.tr/a-w/about-CLIENT_X/bilgi-toplumu-hizmetleri.html,New Third Party Trackers,,,,,
c.amazon-adsystem.com,Targeted Advertising cookies (including social media),Amazon Ads,ETag,bench_new_T3_106515,,,TRUE,https://www.CLIENT_X.com.tr/,Existing CM Trackers-Found,,,,,
CLIENT_X.com.tr,Essential cookies,CLIENT_X - Turkey,HTTP Cookie,bench_new_T3_105756,,90,TRUE,https://www.CLIENT_X.com.tr/,Existing CM Trackers-Found,,,,,
www.CLIENT_X.com.tr,Essential cookies,CLIENT_X - Turkey,HTTP Cookie,bench_new_T3_106408,,7,TRUE,https://www.CLIENT_X.com.tr/c-p/AMF870_15/air-performer-8000-serisi-3-1-arada-hava-temizleyici-fan-ve-isitici,Existing CM Trackers-Found,,,,,
www.CLIENT_X.com.tr,Essential cookies,CLIENT_X - Turkey,HTTP Cookie,bench_new_T3_106654,,365,TRUE,https://www.CLIENT_X.com.tr/c-p/AMF870_15/air-performer-8000-serisi-3-1-arada-hava-temizleyici-fan-ve-isitici,Existing CM Trackers-Found,,,,,
ajax.googleapis.com,Performance cookies,Google Inc.,JavaScript,bench_new_T3_105958,,,,,Existing CM Trackers-Not Found,,,,,
www.CLIENT_X.co.id,Essential cookies (exempt from consent),CLIENT_X - Indonesia,HTTP Cookie,_scid_r,,,TRUE,https://www.CLIENT_X.com.tr/c-e/ho/ironing/azur-8000-series,Existing CM Trackers-Found,,,,,
CLIENT_X.com.tr,Essential cookies,CLIENT_X - Turkey,HTTP Cookie,bench_new_T3_106666,,,,,Existing CM Trackers-Not Found,,,,,
acc.usa.CLIENT_X.com,Essential cookies (exempt from consent),Koninklijke CLIENT_X N.V.,Local Storage,blank (local storage),,bench_update_duration,,https://www.CLIENT_X.com.tr/a-w/about-CLIENT_X/bilgi-toplumu-hizmetleri.html,New Third Party Trackers,,,,,
CLIENT_X.com.tr,Essential cookies,CLIENT_X - Turkey,HTTP Cookie,_ga_failed_lookup_marker_66_340,,90,TRUE,https://www.CLIENT_X.com.tr/,Existing CM Trackers-Found,,,,,
tag.demandbase.com,Targeted Advertising cookies (including social media),"Demandbase, Inc.",JavaScript,_ga_failed_lookup_marker_66_341,,,TRUE,https://www.CLIENT_X.com.tr/a-w/about,Existing CM Trackers-Found,,,,,
www.supurgesepeti.com,Essential cookies,Supurgesepeti.com,HTTP Cookie,bench_new_T3_106311,,,,,Existing CM Trackers-Not Found,,,,,
sc-static.net,Targeted Advertising cookies (including social media),Snap Inc.,HTTP Cookie,bench_new_T3_106748,,1,TRUE,https://www.CLIENT_X.com.tr/c-e/ho/cooking/airfryer-7000-serisi-xxl.html,Existing CM Trackers-Found,,,,,
assets.adoberesources.net,Performance cookies,Adobe Inc.,ETag,bench_new_T3_105792,,,,,Existing CM Trackers-Not Found,,,,,
supurgesepeti.com,Essential cookies,Supurgesepeti.com,HTTP Cookie,bench_new_T3_106094,,,,,Existing CM Trackers-Not Found,,,,,
ajax.googleapis.com,Performance cookies,Google Inc.,JavaScript,bench_new_T3_106777,,,,,Existing CM Trackers-Not Found,,,,,
www.facebook.com,Targeted Advertising cookies (including social media),Meta (formerly Facebook),Beacon,bench_new_T3_106517,,,TRUE,https://www.CLIENT_X.com.tr/,Existing CM Trackers-Found,,,,,
acc.usa.CLIENT_X.com,Essential cookies (exempt from consent),Koninklijke CLIENT_X N.V.,HTTP Cookie,ROUTE,,bench_update_duration,,,Existing CM Trackers-Not Found,,,,,
CLIENT_X.com.tr,Performance cookies,CLIENT_X - Turkey,HTTP Cookie,bench_new_T3_106412,,session,TRUE,https://www.CLIENT_X.com.tr/,Existing CM Trackers-Found,,,,,
www.lighting.CLIENT_X.com.tr,Essential cookies,Signify (formerly CLIENT_X Lighting),HTTP Cookie,bench_new_T3_105980,,,,,Existing CM Trackers-Not Found,,,,,
www.CLIENT_X.it,Essential cookies (exempt from consent),CLIENT_X - Italy,HTTP Cookie,p-hc-specialty,,,,,Existing CM Trackers-Not Found,,,,,
px.ads.linkedin.com,Targeted Advertising cookies (including social media),LinkedIn,JavaScript,bench_new_T3_106518,,,TRUE,https://www.CLIENT_X.com.tr/healthcare/solutions/value-products,Existing CM Trackers-Found,,,,,
www.CLIENT_X.com.tr,Essential cookies,CLIENT_X - Turkey,HTTP Cookie,bench_new_T3_106851,,7,,https://www.CLIENT_X.com.tr/c-p/AMF870_15/air-performer-8000-serisi-3-1-arada-hava-temizleyici-fan-ve-isitici,New First Party Trackers,,,,,
assets.adobedtm.com,Performance cookies,Adobe Inc.,JavaScript,bench_new_T3_106577,,,,,Existing CM Trackers-Not Found,,,,,
CLIENT_X.com.tr,Essential cookies,CLIENT_X - Turkey,HTTP Cookie,bench_new_T3_106205,,session,TRUE,https://www.CLIENT_X.com.tr/,Existing CM Trackers-Found,,,,,
www.CLIENT_X.com,Essential cookies,Koninklijke CLIENT_X N.V.,ETag,bench_new_T3_105837,,,TRUE,https://www.CLIENT_X.com.tr/healthcare/sites/lumify-handheld-ultrasound/lumify-academy,Existing CM Trackers-Found,,,,,
*.online-metrix.net,Performance cookies,LexisNexis Risk Solutions (formerly ThreatMetrix),Beacon,_ga_failed_lookup_marker_66_357,,,,https://www.CLIENT_X.com.tr/,New Third Party Trackers,,,,,
demdex.net,Targeted Advertising cookies (including social media),"Adobe Audience Manager, Adobe Experience Cloud",HTTP Cookie,bench_new_T3_106469,,,,,Existing CM Trackers-Not Found,,,,,
CLIENT_Xb2c.my.site.com,Performance cookies,"Salesforce.com, Inc.",Local Storage,_ga_failed_lookup_marker_66_359,,,TRUE,https://www.CLIENT_X.com.tr/c-w/tuketici-urunleri-destek/support-contact-page.html,Existing CM Trackers-Found,,,,,
*.akstat.io,Performance cookies,Akamai,Beacon,bench_new_T3_106934,,,,https://www.CLIENT_X.com.tr/c-p/SPT6607B_62/6000-series-kablosuz-klavye-fare-seti,Existing CM Trackers-Found,,,,,
doubleclick.net,Targeted Advertising cookies (including social media),Google Advertising Products,HTTP Cookie,bench_new_T3_106544,,0,TRUE,https://www.CLIENT_X.com.tr/,Existing CM Trackers-Found,,,,,
sc-static.net,Targeted Advertising cookies (including social media),Snap Inc.,JavaScript,bench_new_T3_107127,,,TRUE,https://www.CLIENT_X.com.tr/c-e/ho/cooking/airfryer-7000-serisi-xxl.html,Existing CM Trackers-Found,,,,,
www.usa.CLIENT_X.com,Essential cookies (exempt from consent),Koninklijke CLIENT_X N.V.,HTTP Cookie,p-hc-specialty,,bench_update_duration,,https://www.CLIENT_X.com.tr/c-f/XC000021443/CLIENT_X-vantilat%C3%B6r%C3%BCm-sal%C4%B1n%C4%B1m-yaparken-al%C4%B1%C5%9F%C4%B1lmad%C4%B1k-bir-ses-%C3%A7%C4%B1kar%C4%B1yor,New Third Party Trackers,,,,,
imgs.signifyd.com,Essential cookies,Signifyd,Local Storage,bench_new_T3_107198,,,TRUE,https://www.CLIENT_X.com.tr/,Existing CM Trackers-Found,,,,,
CLIENT_X.com.tr,Essential cookies,CLIENT_X - Turkey,HTTP Cookie,_ga_failed_lookup_marker_66_365,,60,TRUE,https://www.CLIENT_X.com.tr/,Existing CM Trackers-Found,,,,,
www.CLIENT_X.com.tr,Essential cookies,CLIENT_X - Turkey,HTTP Cookie,bench_new_T3_105901,,,,,Existing CM Trackers-Not Found,,,,,
CLIENT_X.com.tr,Essential cookies,CLIENT_X - Turkey,HTTP Cookie,bench_new_T3_107136,,session,TRUE,https://www.CLIENT_X.com.tr/,Existing CM Trackers-Found,,,,,
CLIENT_X.com.co,Essential cookies (exempt from consent),CLIENT_X - Colombia,HTTP Cookie,FPLC,,bench_update_duration,,,Existing CM Trackers-Not Found,,,,,
CLIENT_X.si,Essential cookies (exempt from consent),CLIENT_X - Slovenia,HTTP Cookie,TEST_AMCV_COOKIE_WRITE,,bench_update_duration,TRUE,https://www.CLIENT_X.com.tr/c-w/tuketici-urunleri-destek/support-contact-page.html,Existing CM Trackers-Found,,,,,
*.online-metrix.net,Performance cookies,LexisNexis Risk Solutions (formerly ThreatMetrix),Beacon,bench_new_T3_106689,,,,https://www.CLIENT_X.com.tr/,Existing CM Trackers-Found,,,,,
*.fls.doubleclick.net,Targeted Advertising cookies (including social media),Google Advertising Products,Beacon,_ga_failed_lookup_marker_66_371,,,,,Existing CM Trackers-Not Found,,,,,
lighting.CLIENT_X.com.tr,Essential cookies,Signify (formerly CLIENT_X Lighting),HTTP Cookie,bench_new_T3_107049,,,,,Existing CM Trackers-Not Found,,,,,
sc-static.net,Targeted Advertising cookies (including social media),Snap Inc.,ETag,bench_new_T3_107099,,,TRUE,https://www.CLIENT_X.com.tr/c-e/ho/ironing/azur-8000-series,Existing CM Trackers-Found,,,,,
tag.demandbase.com,Targeted Advertising cookies (including social media),"Demandbase, Inc.",JavaScript,bench_new_T3_106509,,,TRUE,https://www.CLIENT_X.com.tr/a-w/about,Existing CM Trackers-Found,,,,,
CLIENT_Xtest.scene7.com,Performance cookies,Adobe Experience Cloud - Experience Manager,ETag,bench_new_T3_106875,,,,,Existing CM Trackers-Not Found,,,,,
www.supurgesepeti.com,Essential cookies,Supurgesepeti.com,HTTP Cookie,bench_new_T3_106613,,,,,Existing CM Trackers-Not Found,,,,,
imgs.signifyd.com,Essential cookies,Signifyd,HTTP Cookie,bench_new_T3_105889,,390,TRUE,https://www.CLIENT_X.com.tr/,Existing CM Trackers-Found,,,,,
CLIENT_X.com.pe,Essential cookies (exempt from consent),CLIENT_X - Peru,HTTP Cookie,_fbp,,,,,Existing CM Trackers-Not Found,,,,,
CLIENT_X.com.tr,Targeted Advertising cookies (including social media),CLIENT_X - Turkey,HTTP Cookie,bench_new_T3_105659,,,,,Existing CM Trackers-Not Found,,,,,
versuni.scene7.com,Performance cookies,Adobe Experience Cloud - Experience Manager,ETag,_ga_failed_lookup_marker_66_380,,,TRUE,https://www.CLIENT_X.com.tr/c-f/XC000021357/CLIENT_X-homerun-uygulamamda-haritalar-nas%C4%B1l-olu%C5%9Fturulur-ve-y%C3%B6netilir,Existing CM Trackers-Found,,,,,
sc-static.net,Targeted Advertising cookies (including social media),Snap Inc.,ETag,bench_new_T3_106510,,,TRUE,https://www.CLIENT_X.com.tr/c-e/ho/ironing/azur-8000-series,Existing CM Trackers-Found,,,,,
CLIENT_X.com.tr,Essential cookies,CLIENT_X - Turkey,HTTP Cookie,bench_new_T3_107064,,0,TRUE,https://www.CLIENT_X.com.tr/,Existing CM Trackers-Found,,,,,
www.CLIENT_X.com.tr,Essential cookies,CLIENT_X - Turkey,JavaScript,bench_new_T3_105703,,,TRUE,https://www.CLIENT_X.com.tr/,Existing CM Trackers-Found,,,,,
cdn.mouseflow.com,Performance cookies,Mouseflow,ETag,bench_new_T3_105995,,,,https://www.CLIENT_X.com.tr/c-m-pe/hair-removal,New Third Party Trackers,,,,,
www.lighting.CLIENT_X.co.th,Essential cookies (exempt from consent),Signify (formerly CLIENT_X Lighting),Beacon,blank (beacon),,bench_update_duration,,https://www.CLIENT_X.com.tr/healthcare,Existing CM Trackers-Found,,,,,
CLIENT_X.com.ar,Essential cookies (exempt from consent),CLIENT_X - Argentina,HTTP Cookie,li_cm_prefs_session,,bench_update_duration,TRUE,https://www.CLIENT_X.com.tr/c-e/welcome?mag=F02&origin=20_tr_tr_mylumea_app,Existing CM Trackers-Found,,,,,
*.t.eloqua.com,Performance cookies,Oracle Marketing,JavaScript,bench_new_T3_106088,,,,https://www.CLIENT_X.com.tr/healthcare/education-resources/education-training,New Third Party Trackers,,,,,
agent-versuni.mindtouch.us,Performance cookies,MindTouch,HTTP Cookie,bench_new_T3_106813,,session,,https://www.CLIENT_X.com.tr/c-f/XC000021443/CLIENT_X-vantilat%C3%B6r%C3%BCm-sal%C4%B1n%C4%B1m-yaparken-al%C4%B1%C5%9F%C4%B1lmad%C4%B1k-bir-ses-%C3%A7%C4%B1kar%C4%B1yor,New Third Party Trackers,,,,,
script.hotjar.com,Targeted Advertising cookies (including social media),Hotjar,JavaScript,bench_new_T3_106590,,,,,Existing CM Trackers-Not Found,,,,,
connect.facebook.net,Targeted Advertising cookies (including social media),Meta (formerly Facebook),Beacon,bench_new_T3_106209,,,TRUE,https://www.CLIENT_X.com.tr/c-p/EP4441_50/4400-serisi-tam-otomatik-espresso-makinesi/destek,Existing CM Trackers-Found,,,,,
CLIENT_Xb2c.my.site.com,Performance cookies,"Salesforce.com, Inc.",JavaScript,_ga_failed_lookup_marker_66_391,,,TRUE,https://www.CLIENT_X.com.tr/c-w/tuketici-urunleri-destek/support-contact-page.html,Existing CM Trackers-Found,,,,,
dsum-sec.casalemedia.com,Targeted Advertising cookies (including social media),Index Exchange Inc.,Beacon,bench_new_T3_106631,,,,https://www.CLIENT_X.com.tr/a-w/about,New Third Party Trackers,,,,,
www.CLIENT_X.com.au,Essential cookies (exempt from consent),CLIENT_X - Australia,HTTP Cookie,kampylePageLoadedTimestamp,,89,,https://www.CLIENT_X.com.tr/c-e/shop/checkout,New Third Party Trackers,,,,,
cdn.ticimax.cloud,Performance cookies,Ticimax,ETag,bench_new_T3_107142,,,,,Existing CM Trackers-Not Found,,,,,
ssl-static.janraincapture.com,Performance cookies,Akamai,JavaScript,bench_new_T3_106170,,,,,Existing CM Trackers-Not Found,,,,,
www.crsc.lighting.CLIENT_X.com,Performance cookies,Signify (formerly CLIENT_X Lighting),JavaScript,bench_new_T3_106738,,,,,Existing CM Trackers-Not Found,,,,,
CLIENT_X.co.za,Essential cookies (exempt from consent),CLIENT_X - South Africa,HTTP Cookie,BCSessionID,,bench_update_duration,TRUE,https://www.CLIENT_X.com.tr/a-w/about-CLIENT_X/sustainability.html,Existing CM Trackers-Found,,,,,
consent.truste.com,Essential cookies,TrustArc,JavaScript,bench_new_T3_107074,,,,,Existing CM Trackers-Not Found,,,,,
www.CLIENT_X.be,Essential cookies (exempt from consent),CLIENT_X - Belgium,HTTP Cookie,kampyleUserSessionsCount,,0,,,Existing CM Trackers-Not Found,,,,,
maps.googleapis.com,Targeted Advertising cookies (including social media),Google Inc.,JavaScript,_ga_failed_lookup_marker_66_400,,,TRUE,https://www.CLIENT_X.com.tr/healthcare/about/distributors,Existing CM Trackers-Found,,,,,
www.CLIENT_X.com.tr,Essential cookies,CLIENT_X - Turkey,HTTP Cookie,bench_new_T3_106213,,,,,Existing CM Trackers-Not Found,,,,,
cdn.mouseflow.com,Performance cookies,Mouseflow,JavaScript,_ga_failed_lookup_marker_66_402,,,,https://www.CLIENT_X.com.tr/c-m-pe/hair-removal,New Third Party Trackers,,,,,
CLIENT_X.com.tr,Essential cookies,CLIENT_X - Turkey,HTTP Cookie,bench_new_T3_107067,,session,TRUE,https://www.CLIENT_X.com.tr/,Existing CM Trackers-Found,,,,,
www.supurgesepeti.com,Essential cookies,Supurgesepeti.com,HTTP Cookie,bench_new_T3_106997,,,,,Existing CM Trackers-Not Found,,,,,
www.googleapis.com,Performance cookies,Google Inc.,JavaScript,bench_new_T3_106035,,,TRUE,https://www.CLIENT_X.com.tr/c-f/XC000004909/CLIENT_X-epilat%C3%B6r-cihaz%C4%B1m%C4%B1n-aparatlar%C4%B1-nas%C4%B1l-kullan%C4%B1l%C4%B1r,Existing CM Trackers-Found,,,,,
support.niceteknoloji.com,Performance cookies,Nice Technology,JavaScript,bench_new_T3_106475,,,,,Existing CM Trackers-Not Found,,,,,
CLIENT_X.co.ke,Essential cookies (exempt from consent),CLIENT_X - Kenya,HTTP Cookie,TEST_AMCV_COOKIE_WRITE,,,TRUE,https://www.CLIENT_X.com.tr/c-f/XC000004909/CLIENT_X-epilat%C3%B6r-cihaz%C4%B1m%C4%B1n-aparatlar%C4%B1-nas%C4%B1l-kullan%C4%B1l%C4%B1r,Existing CM Trackers-Found,,,,,
pages.information.signify.com,Performance cookies,Signify (formerly CLIENT_X Lighting),Local Storage,bench_new_T3_107123,,,,,Existing CM Trackers-Not Found,,,,,
CLIENT_X.lt,Essential cookies (exempt from consent),CLIENT_X - Lithuania,HTTP Cookie,s_cm_direct,,bench_update_duration,TRUE,https://www.CLIENT_X.com.tr/c-p/AMF870_15/air-performer-8000-serisi-3-1-arada-hava-temizleyici-fan-ve-isitici,Existing CM Trackers-Found,,,,,
img.en25.com,Performance cookies,Oracle Marketing,JavaScript,bench_new_T3_106894,,,,https://www.CLIENT_X.com.tr/healthcare,New Third Party Trackers,,,,,
amazon-adsystem.com,Targeted Advertising cookies (including social media),Amazon Ads,HTTP Cookie,bench_new_T3_107169,,223,TRUE,https://www.CLIENT_X.com.tr/,Existing CM Trackers-Found,,,,,
www.CLIENT_X.com.tr,Essential cookies,CLIENT_X - Turkey,HTTP Cookie,bench_new_T3_106023,,,,,Existing CM Trackers-Not Found,,,,,
www.CLIENT_X.co.uk,Performance cookies,CLIENT_X - United Kingdom,ETag,bench_new_T3_106951,,,,,Existing CM Trackers-Not Found,,,,,
lighting.CLIENT_X.co.za,Essential cookies (exempt from consent),Signify (formerly CLIENT_X Lighting),HTTP Cookie,s_nr30,,390,TRUE,https://www.CLIENT_X.com.tr/,Existing CM Trackers-Found,,,,,
doubleclick.net,Targeted Advertising cookies (including social media),Google Advertising Products,HTTP Cookie,bench_new_T3_105876,,,,,Existing CM Trackers-Not Found,,,,,
CLIENT_X.com.tr,Performance cookies,CLIENT_X - Turkey,HTTP Cookie,_ga_failed_lookup_marker_66_416,,,,,Existing CM Trackers-Not Found,,,,,
supurgesepeti.com,Essential cookies,Supurgesepeti.com,HTTP Cookie,bench_new_T3_105808,,,,,Existing CM Trackers-Not Found,,,,,
www.assets.signify.com,Performance cookies,Signify (formerly CLIENT_X Lighting),ETag,bench_new_T3_106313,,,,,Existing CM Trackers-Not Found,,,,,
consent.trustarc.com,Essential cookies,TrustArc,Beacon,bench_new_T3_106449,,,TRUE,https://www.CLIENT_X.com.tr/,Existing CM Trackers-Found,,,,,
sc-static.net,Targeted Advertising cookies (including social media),Snap Inc.,HTTP Cookie,bench_new_T3_106133,,1,TRUE,https://www.CLIENT_X.com.tr/c-e/ho/cooking/airfryer-7000-serisi-xxl.html,Existing CM Trackers-Found,,,,,
www.CLIENT_X.com.tr,Essential cookies,CLIENT_X - Turkey,HTTP Cookie,bench_new_T3_107003,,session,TRUE,https://www.CLIENT_X.com.tr/c-p/AMF870_15/air-performer-8000-serisi-3-1-arada-hava-temizleyici-fan-ve-isitici,Existing CM Trackers-Found,,,,,
c.amazon-adsystem.com,Targeted Advertising cookies (including social media),Amazon Ads,ETag,bench_new_T3_106636,,,TRUE,https://www.CLIENT_X.com.tr/,Existing CM Trackers-Found,,,,,
www.gearselectiontool.lighting.CLIENT_X.com,Performance cookies,Signify (formerly CLIENT_X Lighting),ETag,bench_new_T3_105917,,,,,Existing CM Trackers-Not Found,,,,,
assets.adobedtm.com,Performance cookies,Adobe Inc.,JavaScript,bench_new_T3_106301,,,,,Existing CM Trackers-Not Found,,,,,
www.lampreplacementtool.lighting.CLIENT_X.com,Performance cookies,Koninklijke CLIENT_X N.V.,ETag,bench_new_T3_105823,,,,,Existing CM Trackers-Not Found,,,,,
fonts.yieldify-production.com,Targeted Advertising cookies (including social media),Yieldify,ETag,bench_new_T3_105866,,,,,Existing CM Trackers-Not Found,,,,,
www.CLIENT_X.pl,Essential cookies (exempt from consent),CLIENT_X - Poland,HTTP Cookie,ROUTE,,,,,Existing CM Trackers-Not Found,,,,,
lighting.CLIENT_X.com.tr,Essential cookies,Signify (formerly CLIENT_X Lighting),HTTP Cookie,bench_new_T3_106901,,,,,Existing CM Trackers-Not Found,,,,,
www.CLIENT_X.com.tr,Essential cookies,CLIENT_X - Turkey,HTTP Cookie,bench_new_T3_107180,,365,TRUE,https://www.CLIENT_X.com.tr/c-p/AMF870_15/air-performer-8000-serisi-3-1-arada-hava-temizleyici-fan-ve-isitici,Existing CM Trackers-Found,,,,,
comment.niceteknoloji.com,Performance cookies,Nice Technology,JavaScript,bench_new_T3_106888,,,,,Existing CM Trackers-Not Found,,,,,
CLIENT_X.co.th,Essential cookies (exempt from consent),CLIENT_X - Thailand,HTTP Cookie,li_cm_prefs_session,,,,,Existing CM Trackers-Not Found,,,,,
www.supurgesepeti.com,Essential cookies,Supurgesepeti.com,HTTP Cookie,bench_new_T3_106271,,,,,Existing CM Trackers-Not Found,,,,,
CLIENT_Xlighting.d3.sc.omtrdc.net,Performance cookies,"Adobe Audience Manager, Adobe Experience Cloud",JavaScript,bench_new_T3_106216,,,,,Existing CM Trackers-Not Found,,,,,
halc.iadvize.com,Performance cookies,iAdvize,ETag,bench_new_T3_106766,,,TRUE,https://www.CLIENT_X.com.tr/c-e/ho/cooking/airfryer-7000-serisi-xxl.html,Existing CM Trackers-Found,,,,,
www.gearselectiontool.lighting.CLIENT_X.com,Performance cookies,Signify (formerly CLIENT_X Lighting),JavaScript,bench_new_T3_106119,,,,,Existing CM Trackers-Not Found,,,,,
CLIENT_X.com.tr,Essential cookies,CLIENT_X - Turkey,HTTP Cookie,bench_new_T3_107134,,,,,Existing CM Trackers-Not Found,,,,,
imgs.signifyd.com,Essential cookies,Signifyd,HTTP Cookie,_ga_failed_lookup_marker_66_437,,390,TRUE,https://www.CLIENT_X.com.tr/,Existing CM Trackers-Found,,,,,
CLIENT_X.com.tr,Targeted Advertising cookies (including social media),CLIENT_X - Turkey,HTTP Cookie,bench_new_T3_105709,,90,TRUE,https://www.CLIENT_X.com.tr/,Existing CM Trackers-Found,,,,,
lighting.CLIENT_X.com.tr,Essential cookies,Signify (formerly CLIENT_X Lighting),HTTP Cookie,bench_new_T3_106842,,,,,Existing CM Trackers-Not Found,,,,,
lighting.CLIENT_X.com.tr,Essential cookies,Signify (formerly CLIENT_X Lighting),HTTP Cookie,bench_new_T3_106391,,,,,Existing CM Trackers-Not Found,,,,,
www.supurgesepeti.com,Essential cookies,Supurgesepeti.com,HTTP Cookie,bench_new_T3_107182,,,,,Existing CM Trackers-Not Found,,,,,
www.CLIENT_X.lt,Essential cookies (exempt from consent),CLIENT_X - Lithuania,HTTP Cookie,notice_settings,,bench_update_duration,,,Existing CM Trackers-Not Found,,,,,
www.CLIENT_X.co.za,Essential cookies (exempt from consent),CLIENT_X - South Africa,HTTP Cookie,mdLogger,,bench_update_duration,,https://www.CLIENT_X.com.tr/healthcare,New Third Party Trackers,,,,,
lighting.CLIENT_X.com.tr,Essential cookies,Signify (formerly CLIENT_X Lighting),HTTP Cookie,bench_new_T3_106308,,,,,Existing CM Trackers-Not Found,,,,,
lighting.CLIENT_X.com.tr,Essential cookies,Signify (formerly CLIENT_X Lighting),HTTP Cookie,bench_new_T3_106928,,,,,Existing CM Trackers-Not Found,,,,,
lighting.CLIENT_X.com.tr,Essential cookies,Signify (formerly CLIENT_X Lighting),HTTP Cookie,bench_new_T3_105760,,,,,Existing CM Trackers-Not Found,,,,,
www.CLIENT_X.fr,Essential cookies (exempt from consent),CLIENT_X - France,HTTP Cookie,kampyleUserSessionsCount,,,,,Existing CM Trackers-Not Found,,,,,
analytics-fe.digital-cloud-us-main.medallia.com,Performance cookies,Medallia,Beacon,bench_new_T3_105933,,,TRUE,https://www.CLIENT_X.com.tr/a-w/about,Existing CM Trackers-Found,,,,,
www.CLIENT_X.com.tr,Essential cookies,CLIENT_X - Turkey,HTTP Cookie,bench_new_T3_105701,,,,,Existing CM Trackers-Not Found,,,,,
www.CLIENT_X.com.tr,Essential cookies,CLIENT_X - Turkey,HTTP Cookie,bench_new_T3_106924,,365,TRUE,https://www.CLIENT_X.com.tr/c-p/AMF870_15/air-performer-8000-serisi-3-1-arada-hava-temizleyici-fan-ve-isitici,Existing CM Trackers-Found,,,,,
CLIENT_X.com.tr,Targeted Advertising cookies (including social media),CLIENT_X - Turkey,HTTP Cookie,bench_new_T3_106550,,7,TRUE,https://www.CLIENT_X.com.tr/,Existing CM Trackers-Found,,,,,
tracker-detail-page.trustarc.com,Essential cookies,TrustArc,ETag,bench_new_T3_107163,,,,https://www.CLIENT_X.com.tr/a-w/tanimlama-bilgileri-politikasi,New Third Party Trackers,,,,,
www.CLIENT_X.com.tr,Essential cookies,CLIENT_X - Turkey,HTTP Cookie,bench_new_T3_106317,,0,TRUE,https://www.CLIENT_X.com.tr/c-p/AMF870_15/air-performer-8000-serisi-3-1-arada-hava-temizleyici-fan-ve-isitici,Existing CM Trackers-Found,,,,,
youtube.com,Targeted Advertising cookies (including social media),Google Advertising Products,Local Storage,bench_new_T3_107141,,,,,Existing CM Trackers-Not Found,,,,,
consent-pref.trustarc.com,Essential cookies,TrustArc,JavaScript,bench_new_T3_106026,,,,,Existing CM Trackers-Not Found,,,,,
doubleclick.net,Targeted Advertising cookies (including social media),Google Advertising Products,HTTP Cookie,bench_new_T3_105967,,390,TRUE,https://www.CLIENT_X.com.tr/,Existing CM Trackers-Found,,,,,
ad.doubleclick.net,Targeted Advertising cookies (including social media),Google Advertising Products,Beacon,_ga_failed_lookup_marker_66_457,,,TRUE,https://www.CLIENT_X.com.tr/,Existing CM Trackers-Found,,,,,
CLIENT_X.com.tr,Essential cookies,CLIENT_X - Turkey,Local Storage,bench_new_T3_106681,,,TRUE,https://www.CLIENT_X.com.tr/c-w/tuketici-urunleri-destek/support-contact-page.html,Existing CM Trackers-Found,,,,,
imgs.signifyd.com,Essential cookies,Signifyd,HTTP Cookie,_ga_failed_lookup_marker_66_459,,390,TRUE,https://www.CLIENT_X.com.tr/,Existing CM Trackers-Found,,,,,
munchkin.marketo.net,Targeted Advertising cookies (including social media),Marketo,JavaScript,bench_new_T3_105932,,,,,Existing CM Trackers-Not Found,,,,,
www.healthcare.shop.CLIENT_X.co.uk,Essential cookies (exempt from consent),CLIENT_X - United Kingdom,HTTP Cookie,isBrowserPopUp,,bench_update_duration,TRUE,https://www.CLIENT_X.com.tr/c-e/ho/cooking/airfryer-7000-serisi-xxl.html,Existing CM Trackers-Found,,,,,
www.CLIENT_X.com,Essential cookies,Koninklijke CLIENT_X N.V.,ETag,bench_new_T3_106670,,,TRUE,https://www.CLIENT_X.com.tr/healthcare/sites/lumify-handheld-ultrasound/lumify-academy,Existing CM Trackers-Found,,,,,
www.crsc.lighting.CLIENT_X.com,Performance cookies,Signify (formerly CLIENT_X Lighting),JavaScript,bench_new_T3_106051,,,,,Existing CM Trackers-Not Found,,,,,
CLIENT_X.com.tr,Targeted Advertising cookies (including social media),CLIENT_X - Turkey,HTTP Cookie,bench_new_T3_106724,,7,TRUE,https://www.CLIENT_X.com.tr/,Existing CM Trackers-Found,,,,,
imgs.signifyd.com,Essential cookies,Signifyd,HTTP Cookie,bench_new_T3_106767,,390,TRUE,https://www.CLIENT_X.com.tr/,Existing CM Trackers-Found,,,,,
ticimax.cloud,Performance cookies,Ticimax,HTTP Cookie,_ga_failed_lookup_marker_66_466,,,,,Existing CM Trackers-Not Found,,,,,
www.static.accounts.CLIENT_X.com,Essential cookies,Koninklijke CLIENT_X N.V.,JavaScript,bench_new_T3_105798,,,,,Existing CM Trackers-Not Found,,,,,
www.lighting.CLIENT_X.com.tr,Essential cookies,Signify (formerly CLIENT_X Lighting),HTTP Cookie,bench_new_T3_106409,,,,,Existing CM Trackers-Not Found,,,,,
www.lighting.CLIENT_X.com.tr,Essential cookies,Signify (formerly CLIENT_X Lighting),HTTP Cookie,bench_new_T3_106884,,,,,Existing CM Trackers-Not Found,,,,,
sc-static.net,Targeted Advertising cookies (including social media),Snap Inc.,ETag,bench_new_T3_106868,,,TRUE,https://www.CLIENT_X.com.tr/c-e/ho/ironing/azur-8000-series,Existing CM Trackers-Found,,,,,
cdn.channelsight.com,Essential cookies,ChannelSight,ETag,_ga_failed_lookup_marker_66_471,,,TRUE,https://www.CLIENT_X.com.tr/c-e/ho/cooking/airfryer-7000-serisi-xxl.html,Existing CM Trackers-Found,,,,,
CLIENT_X.com.tr,Essential cookies,CLIENT_X - Turkey,HTTP Cookie,bench_new_T3_107100,,0,TRUE,https://www.CLIENT_X.com.tr/,Existing CM Trackers-Found,,,,,
www.assets.lighting.CLIENT_X.com,Performance cookies,Signify (formerly CLIENT_X Lighting),ETag,bench_new_T3_106358,,,,,Existing CM Trackers-Not Found,,,,,
CLIENT_X.com.tr,Essential cookies,CLIENT_X - Turkey,HTTP Cookie,bench_new_T3_106513,,393,TRUE,https://www.CLIENT_X.com.tr/,Existing CM Trackers-Found,,,,,
static.cloud.coveo.com,Targeted Advertising cookies (including social media),Coveo Solutions Inc.,JavaScript,bench_new_T3_106162,,,TRUE,https://www.CLIENT_X.com.tr/c-p/AMF870_15/air-performer-8000-serisi-3-1-arada-hava-temizleyici-fan-ve-isitici,Existing CM Trackers-Found,,,,,
*.org.coveo.com,Performance cookies,Coveo Solutions Inc.,Beacon,bench_new_T3_107107,,,,https://www.CLIENT_X.com.tr/a-w/about/news/all-news.html,New Third Party Trackers,,,,,
platform.twitter.com,Targeted Advertising cookies (including social media),X (formerly Twitter),ETag,bench_new_T3_105744,,,,,Existing CM Trackers-Not Found,,,,,
assets.adoberesources.net,Performance cookies,Adobe Inc.,ETag,bench_new_T3_107070,,,,,Existing CM Trackers-Not Found,,,,,
lighting.CLIENT_X.com.tr,Essential cookies,Signify (formerly CLIENT_X Lighting),HTTP Cookie,bench_new_T3_107075,,,,,Existing CM Trackers-Not Found,,,,,
consent.trustarc.com,Essential cookies,TrustArc,Beacon,bench_new_T3_106352,,,TRUE,https://www.CLIENT_X.com.tr/,Existing CM Trackers-Found,,,,,
wd-ret.io,Targeted Advertising Cookies (including social media) [Requires consent],wd-ret.io,JavaScript,-,,session,TRUE,https://www.CLIENT_X.com.tr/,Existing CM Trackers-Found,,,,,
agent-versuni.mindtouch.us,Performance cookies,MindTouch,Beacon,bench_new_T3_106593,,,,https://www.CLIENT_X.com.tr/c-f/XC000021443/CLIENT_X-vantilat%C3%B6r%C3%BCm-sal%C4%B1n%C4%B1m-yaparken-al%C4%B1%C5%9F%C4%B1lmad%C4%B1k-bir-ses-%C3%A7%C4%B1kar%C4%B1yor,New Third Party Trackers,,,,,
*.t.eloqua.com,Performance cookies,Oracle Marketing,Beacon,bench_new_T3_106140,,,,https://www.CLIENT_X.com.tr/healthcare,Existing CM Trackers-Found,,,,,
www.assets.lighting.CLIENT_X.com,Performance cookies,Signify (formerly CLIENT_X Lighting),ETag,bench_new_T3_106483,,,,,Existing CM Trackers-Not Found,,,,,
img.en25.com,Performance cookies,Oracle Marketing,JavaScript,bench_new_T3_106815,,,,https://www.CLIENT_X.com.tr/healthcare,New Third Party Trackers,,,,,
casalemedia.com,Targeted Advertising cookies (including social media),Index Exchange Inc.,HTTP Cookie,bench_new_T3_106286,,90,TRUE,https://www.CLIENT_X.com.tr/a-w/about,Existing CM Trackers-Found,,,,,
www.supurgesepeti.com,Essential cookies,Supurgesepeti.com,ETag,bench_new_T3_106661,,,,,Existing CM Trackers-Not Found,,,,,
supurgesepeti.com,Essential cookies,Supurgesepeti.com,HTTP Cookie,bench_new_T3_105755,,,,,Existing CM Trackers-Not Found,,,,,
analytics.tiktok.com,Targeted Advertising cookies (including social media),TikTok,Beacon,bench_new_T3_106325,,,TRUE,https://www.CLIENT_X.com.tr/,Existing CM Trackers-Found,,,,,
casalemedia.com,Targeted Advertising cookies (including social media),Index Exchange Inc.,HTTP Cookie,bench_new_T3_106585,,90,TRUE,https://www.CLIENT_X.com.tr/a-w/about,Existing CM Trackers-Found,,,,,
amazon-adsystem.com,Targeted Advertising cookies (including social media),Amazon Ads,HTTP Cookie,bench_new_T3_106911,,400,TRUE,https://www.CLIENT_X.com.tr/,Existing CM Trackers-Found,,,,,
CLIENT_X.be,Essential cookies (exempt from consent),CLIENT_X - Belgium,HTTP Cookie,s_gnr,,729,TRUE,https://www.CLIENT_X.com.tr/c-e/welcome?mag=F02&origin=20_tr_tr_mylumea_app,Existing CM Trackers-Found,,,,,
youtube.com,Targeted Advertising cookies (including social media),Google Advertising Products,HTTP Cookie,bench_new_T3_106378,,session,TRUE,https://www.CLIENT_X.com.tr/healthcare/clinical-solutions/early-warning-scoring,Existing CM Trackers-Found,,,,,
eloqua.com,Essential cookies,Oracle Marketing,HTTP Cookie,bench_new_T3_106638,,392,TRUE,https://www.CLIENT_X.com.tr/healthcare,Existing CM Trackers-Found,,,,,
*.fls.doubleclick.net,Targeted Advertising cookies (including social media),Google Advertising Products,Beacon,bench_new_T3_105947,,,,,Existing CM Trackers-Not Found,,,,,
img.youtube.com,Targeted Advertising cookies (including social media),Google Advertising Products,ETag,_ga_failed_lookup_marker_66_496,,,TRUE,https://www.CLIENT_X.com.tr/healthcare/solutions/clinical-informatics/clinical-informatics-enterprise-imaging/intellispace-portal,Existing CM Trackers-Found,,,,,
retailrocket.net,Performance Cookies [Requires consent],Retail Rocket LLC,HTTP Cookie,rcuid,,365,,,Existing CM Trackers-Not Found,,,,,
assets-v2.yieldify.com,Targeted Advertising cookies (including social media),Yieldify,ETag,bench_new_T3_106300,,,,,Existing CM Trackers-Not Found,,,,,
www.CLIENT_X.com.tr,Essential cookies,CLIENT_X - Turkey,HTTP Cookie,bench_new_T3_105885,,,,,Existing CM Trackers-Not Found,,,,,
cdnjs.cloudflare.com,Performance cookies,Cloudflare,ETag,bench_new_T3_106634,,,,,Existing CM Trackers-Not Found,,,,,
*.online-metrix.net,Performance cookies,LexisNexis Risk Solutions (formerly ThreatMetrix),JavaScript,bench_new_T3_105699,,,,https://www.CLIENT_X.com.tr/c-f/XC000021305/CLIENT_X-buhar-%C3%9Creticiminhepsi-bir-arada-%C3%87%C3%B6z%C3%BCm%C3%BCm%C3%BCn-kirecini-nas%C4%B1l-temizlerim,Existing CM Trackers-Found,,,,,
checkout-ui.prod.ticimax.net,Performance cookies,Ticimax,JavaScript,_ga_failed_lookup_marker_66_502,,,,,Existing CM Trackers-Not Found,,,,,
support.niceteknoloji.com,Performance cookies,Nice Technology,JavaScript,bench_new_T3_106592,,,,,Existing CM Trackers-Not Found,,,,,
lighting.CLIENT_X.com.sg,Essential cookies (exempt from consent),Signify (formerly CLIENT_X Lighting),HTTP Cookie,s_sid,,,TRUE,https://www.CLIENT_X.com.tr/a-w/about,Existing CM Trackers-Found,,,,,
static.ticimax.cloud,Performance cookies,Ticimax,ETag,bench_new_T3_105673,,,,,Existing CM Trackers-Not Found,,,,,
CLIENT_X.com.tr,Essential cookies,CLIENT_X - Turkey,HTTP Cookie,bench_new_T3_105921,,,,,Existing CM Trackers-Not Found,,,,,
CLIENT_X.com.tr,Essential cookies,CLIENT_X - Turkey,HTTP Cookie,bench_new_T3_106896,,0,TRUE,https://www.CLIENT_X.com.tr/,Existing CM Trackers-Found,,,,,
CLIENT_X.com.tr,Targeted Advertising cookies (including social media),CLIENT_X - Turkey,HTTP Cookie,bench_new_T3_105698,,,,,Existing CM Trackers-Not Found,,,,,
region1.google-analytics.com,Performance cookies,Google Inc.,HTTP Cookie,bench_new_T3_106579,,,,,Existing CM Trackers-Not Found,,,,,
c.amazon-adsystem.com,Targeted Advertising cookies (including social media),Amazon Ads,ETag,bench_new_T3_105794,,,TRUE,https://www.CLIENT_X.com.tr/,Existing CM Trackers-Found,,,,,
www.CLIENT_X.com.tr,Essential cookies,CLIENT_X - Turkey,HTTP Cookie,bench_new_T3_107185,,365,TRUE,https://www.CLIENT_X.com.tr/c-p/AMF870_15/air-performer-8000-serisi-3-1-arada-hava-temizleyici-fan-ve-isitici,Existing CM Trackers-Found,,,,,
CLIENT_X.112.2o7.net,Performance cookies,"Adobe Audience Manager, Adobe Experience Cloud",HTTP Cookie,bench_new_T3_105842,,400,,https://www.CLIENT_X.com.tr/,New Third Party Trackers,,,,,
www.crsc.CLIENT_X.com,Targeted Advertising cookies (including social media),Koninklijke CLIENT_X N.V.,JavaScript,bench_new_T3_106705,,,TRUE,https://www.CLIENT_X.com.tr/shop/order-search/search-input,Existing CM Trackers-Found,,,,,
imgs.signifyd.com,Essential cookies,Signifyd,HTTP Cookie,bench_new_T3_106917,,390,TRUE,https://www.CLIENT_X.com.tr/,Existing CM Trackers-Found,,,,,
youtube.com,Targeted Advertising cookies (including social media),Google Advertising Products,HTTP Cookie,_ga_failed_lookup_marker_66_515,,180,TRUE,https://www.CLIENT_X.com.tr/healthcare/clinical-solutions/early-warning-scoring,Existing CM Trackers-Found,,,,,
nebula-cdn.kampyle.com,Performance cookies,Medallia,ETag,bench_new_T3_105748,,,TRUE,https://www.CLIENT_X.com.tr/c-p/AC3033_10/3000i-series-hava-temizleyici,Existing CM Trackers-Found,,,,,
CLIENT_X.com.tr,Essential cookies,CLIENT_X - Turkey,HTTP Cookie,bench_new_T3_106284,,60,TRUE,https://www.CLIENT_X.com.tr/,Existing CM Trackers-Found,,,,,
CLIENT_Xb2c.my.site.com,Performance cookies,"Salesforce.com, Inc.",JavaScript,bench_new_T3_106096,,,TRUE,https://www.CLIENT_X.com.tr/c-w/tuketici-urunleri-destek/support-contact-page.html,Existing CM Trackers-Found,,,,,
platform-eu.cloud.coveo.com,Performance cookies,Coveo Solutions Inc.,Beacon,bench_new_T3_106627,,,,,Existing CM Trackers-Not Found,,,,,
checkout-ui.prod.ticimax.net,Performance cookies,Ticimax,ETag,bench_new_T3_106359,,,,,Existing CM Trackers-Not Found,,,,,
www.CLIENT_X.com.tr,Essential cookies,CLIENT_X - Turkey,HTTP Cookie,bench_new_T3_107112,,365,TRUE,https://www.CLIENT_X.com.tr/c-p/AMF870_15/air-performer-8000-serisi-3-1-arada-hava-temizleyici-fan-ve-isitici,Existing CM Trackers-Found,,,,,
smetrics.marketing.lighting.CLIENT_X.com,Targeted Advertising cookies (including social media),Koninklijke CLIENT_X N.V.,JavaScript,bench_new_T3_106086,,,,,Existing CM Trackers-Not Found,,,,,
*.akstat.io,Performance cookies,Akamai,Beacon,bench_new_T3_106486,,,,https://www.CLIENT_X.com.tr/c-p/SPT6607B_62/6000-series-kablosuz-klavye-fare-seti,New Third Party Trackers,,,,,
c.go-mpulse.net,Performance cookies,Akamai,JavaScript,bench_new_T3_105697,,,,,Existing CM Trackers-Not Found,,,,,
supurgesepeti.com,Essential cookies,Supurgesepeti.com,HTTP Cookie,bench_new_T3_106321,,,,,Existing CM Trackers-Not Found,,,,,
*.mktoweb.com,Targeted Advertising cookies (including social media),Marketo,HTTP Cookie,bench_new_T3_106963,,,,,Existing CM Trackers-Not Found,,,,,
www.CLIENT_X.com.tr,Essential cookies,CLIENT_X - Turkey,HTTP Cookie,bench_new_T3_107093,,365,TRUE,https://www.CLIENT_X.com.tr/c-p/AMF870_15/air-performer-8000-serisi-3-1-arada-hava-temizleyici-fan-ve-isitici,Existing CM Trackers-Found,,,,,
lighting.CLIENT_X.com.tr,Essential cookies,Signify (formerly CLIENT_X Lighting),Local Storage,bench_new_T3_107016,,,,,Existing CM Trackers-Not Found,,,,,
ssl-static.janraincapture.com,Performance cookies,Akamai,JavaScript,bench_new_T3_106846,,,,,Existing CM Trackers-Not Found,,,,,
www.supurgesepeti.com,Essential cookies,Supurgesepeti.com,JavaScript,bench_new_T3_105888,,,,,Existing CM Trackers-Not Found,,,,,
www.CLIENT_X.com.tr,Essential cookies,CLIENT_X - Turkey,HTTP Cookie,bench_new_T3_106066,,400,TRUE,https://www.CLIENT_X.com.tr/c-p/AMF870_15/air-performer-8000-serisi-3-1-arada-hava-temizleyici-fan-ve-isitici,Existing CM Trackers-Found,,,,,
lighting.CLIENT_X.com.gh,Essential cookies (exempt from consent),Signify (formerly CLIENT_X Lighting),HTTP Cookie,s_nr30,,,TRUE,https://www.CLIENT_X.com.tr/healthcare/clinical-solutions/early-warning-scoring,Existing CM Trackers-Found,,,,,
versuni.scene7.com,Performance cookies,Adobe Experience Cloud - Experience Manager,JavaScript,bench_new_T3_106231,,,TRUE,https://www.CLIENT_X.com.tr/c-f/XC000021359/CLIENT_X-homerun-elektrikli-robot-s%C3%BCp%C3%BCrgemi-nas%C4%B1l-temizlerim,Existing CM Trackers-Found,,,,,
www.lighting.CLIENT_X.co.kr,Essential cookies (exempt from consent),Signify (formerly CLIENT_X Lighting),HTTP Cookie,d01-layout,,,,,Existing CM Trackers-Not Found,,,,,
www.CLIENT_X.com.tr,Essential cookies,CLIENT_X - Turkey,HTTP Cookie,bench_new_T3_105827,,,,,Existing CM Trackers-Not Found,,,,,
www.CLIENT_X.com.tr,Essential cookies,CLIENT_X - Turkey,HTTP Cookie,bench_new_T3_107104,,400,TRUE,https://www.CLIENT_X.com.tr/c-p/AMF870_15/air-performer-8000-serisi-3-1-arada-hava-temizleyici-fan-ve-isitici,Existing CM Trackers-Found,,,,,
CLIENT_X.com.tr,Essential cookies,CLIENT_X - Turkey,HTTP Cookie,bench_new_T3_106049,,400,TRUE,https://www.CLIENT_X.com.tr/,Existing CM Trackers-Found,,,,,
CLIENT_X.co.th,Essential cookies (exempt from consent),CLIENT_X - Thailand,HTTP Cookie,_mkto_trk,,bench_update_duration,,https://www.CLIENT_X.com.tr/,New First Party Trackers,,,,,
www.CLIENT_X.com.tr,Essential cookies,CLIENT_X - Turkey,HTTP Cookie,bench_new_T3_106944,,0,,https://www.CLIENT_X.com.tr/c-p/AMF870_15/air-performer-8000-serisi-3-1-arada-hava-temizleyici-fan-ve-isitici,New First Party Trackers,,,,,
linkedin.com,Targeted Advertising cookies (including social media),LinkedIn,HTTP Cookie,_ga_failed_lookup_marker_66_540,,1,TRUE,https://www.CLIENT_X.com.tr/c-e/ho/cooking/airfryer-7000-serisi-xxl.html,Existing CM Trackers-Found,,,,,
supurgesepeti.com,Essential cookies,Supurgesepeti.com,Local Storage,bench_new_T3_106242,,,,,Existing CM Trackers-Not Found,,,,,
CLIENT_X.com.tr,Essential cookies,CLIENT_X - Turkey,HTTP Cookie,bench_new_T3_106595,,400,TRUE,https://www.CLIENT_X.com.tr/,Existing CM Trackers-Found,,,,,
comment.niceteknoloji.com,Performance cookies,Nice Technology,ETag,bench_new_T3_106856,,,,,Existing CM Trackers-Not Found,,,,,
yt3.ggpht.com,Performance cookies,Google Inc.,ETag,bench_new_T3_105915,,,,,Existing CM Trackers-Not Found,,,,,
www.lighting.CLIENT_X.com.ar,Essential cookies (exempt from consent),Signify (formerly CLIENT_X Lighting),ETag,blank (etag),,729,TRUE,https://www.CLIENT_X.com.tr/c-p/AMF870_15/air-performer-8000-serisi-3-1-arada-hava-temizleyici-fan-ve-isitici,Existing CM Trackers-Found,,,,,
checkout-ui.prod.ticimax.net,Performance cookies,Ticimax,ETag,bench_new_T3_106795,,,,,Existing CM Trackers-Not Found,,,,,
*.mktoweb.com,Targeted Advertising cookies (including social media),Marketo,Local Storage,bench_new_T3_106292,,,,,Existing CM Trackers-Not Found,,,,,
analytics-ipv6.tiktokw.us,Targeted Advertising cookies (including social media),TikTok,Beacon,bench_new_T3_106945,,,,https://www.CLIENT_X.com.tr/,New Third Party Trackers,,,,,
www.accounts.CLIENT_X.com,Essential cookies,Koninklijke CLIENT_X N.V.,ETag,bench_new_T3_106262,,,,,Existing CM Trackers-Not Found,,,,,
www.lighting.CLIENT_X.com.tr,Essential cookies,Signify (formerly CLIENT_X Lighting),JavaScript,bench_new_T3_106322,,,,,Existing CM Trackers-Not Found,,,,,
www.CLIENT_X.com.tr,Essential cookies,CLIENT_X - Turkey,Beacon,bench_new_T3_106816,,,TRUE,https://www.CLIENT_X.com.tr/a-w/about-CLIENT_X/sustainability.html,Existing CM Trackers-Found,,,,,
CLIENT_Xb2c.my.site.com,Performance cookies,"Salesforce.com, Inc.",ETag,_ga_failed_lookup_marker_66_552,,,TRUE,https://www.CLIENT_X.com.tr/c-w/tuketici-urunleri-destek/support-contact-page.html,Existing CM Trackers-Found,,,,,
cdn-scripts.signifyd.com,Essential cookies,Signifyd,JavaScript,bench_new_T3_105742,,,TRUE,https://www.CLIENT_X.com.tr/,Existing CM Trackers-Found,,,,,
www.assets.signify.com,Performance cookies,Signify (formerly CLIENT_X Lighting),ETag,bench_new_T3_107139,,,,,Existing CM Trackers-Not Found,,,,,
koninklijkeCLIENT_Xnvproduction2k8xfrmr.analytics.org.coveo.com,Performance cookies,Coveo Solutions Inc.,Beacon,bench_new_T3_107092,,,TRUE,https://www.CLIENT_X.com.tr/a-w/about/news/all-news.html,Existing CM Trackers-Found,,,,,
static.iadvize.com,Performance cookies,iAdvize,ETag,bench_new_T3_106831,,,,,Existing CM Trackers-Not Found,,,,,
script.hotjar.com,Targeted Advertising cookies (including social media),Hotjar,JavaScript,bench_new_T3_105824,,,,,Existing CM Trackers-Not Found,,,,,
supurgesepeti.com,Essential cookies,Supurgesepeti.com,HTTP Cookie,bench_new_T3_105711,,,,,Existing CM Trackers-Not Found,,,,,
labs.iadvize.com,Performance cookies,iAdvize,ETag,bench_new_T3_107033,,,TRUE,https://www.CLIENT_X.com.tr/c-e/ho/cooking/airfryer-7000-serisi-xxl.html,Existing CM Trackers-Found,,,,,
versuni.scene7.com,Performance cookies,Adobe Experience Cloud - Experience Manager,ETag,bench_new_T3_107006,,,TRUE,https://www.CLIENT_X.com.tr/c-f/XC000021357/CLIENT_X-homerun-uygulamamda-haritalar-nas%C4%B1l-olu%C5%9Fturulur-ve-y%C3%B6netilir,Existing CM Trackers-Found,,,,,
CLIENT_X.com.tr,Essential cookies,CLIENT_X - Turkey,HTTP Cookie,bench_new_T3_106898,,400,,https://www.CLIENT_X.com.tr/,New First Party Trackers,,,,,
ssl-static.janraincapture.com,Performance cookies,Akamai,JavaScript,bench_new_T3_107030,,,,,Existing CM Trackers-Not Found,,,,,
maps.gstatic.com,Performance cookies,Google Inc.,JavaScript,bench_new_T3_106148,,,,,Existing CM Trackers-Not Found,,,,,
visitor.omnitagjs.com,Targeted Advertising Cookies (including social media) [Requires consent],ADYOULIKE SA,Beacon,-,,,,,Existing CM Trackers-Not Found,,,,,
www.docs.lighting.CLIENT_X.com,Performance Cookies [Requires consent],Signify (formerly CLIENT_X Lighting),ETag,-,,bench_update_duration,TRUE,https://www.CLIENT_X.com.tr/,Existing CM Trackers-Found,,,,,
www.CLIENT_X.com.tr,Essential cookies,CLIENT_X - Turkey,HTTP Cookie,bench_new_T3_105996,,,,,Existing CM Trackers-Not Found,,,,,
www.youtube.com,Targeted Advertising cookies (including social media),Google Advertising Products,JavaScript,bench_new_T3_106059,,,TRUE,https://www.CLIENT_X.com.tr/healthcare/clinical-solutions/early-warning-scoring,Existing CM Trackers-Found,,,,,
stats.g.doubleclick.net,Targeted Advertising cookies (including social media),Google Advertising Products,Beacon,bench_new_T3_106305,,,TRUE,https://www.CLIENT_X.com.tr/,Existing CM Trackers-Found,,,,,
www.CLIENT_X.lv,Essential cookies (exempt from consent),CLIENT_X - Latvia,HTTP Cookie,eddl_gtm_qe_session_start_6523424625,,bench_update_duration,,,Existing CM Trackers-Not Found,,,,,
CLIENT_X.com.tr,Essential cookies,CLIENT_X - Turkey,HTTP Cookie,bench_new_T3_106671,,90,TRUE,https://www.CLIENT_X.com.tr/,Existing CM Trackers-Found,,,,,
assets.adobedtm.com,Performance cookies,Adobe Inc.,ETag,bench_new_T3_106902,,,,,Existing CM Trackers-Not Found,,,,,
CLIENT_X.com.tr,Essential cookies,CLIENT_X - Turkey,HTTP Cookie,_ga_failed_lookup_marker_66_572,,,,,Existing CM Trackers-Not Found,,,,,
pages.information.signify.com,Performance cookies,Signify (formerly CLIENT_X Lighting),JavaScript,bench_new_T3_106642,,,,,Existing CM Trackers-Not Found,,,,,
www.lampreplacementtool.lighting.CLIENT_X.com,Performance cookies,Koninklijke CLIENT_X N.V.,JavaScript,bench_new_T3_105849,,,,,Existing CM Trackers-Not Found,,,,,
tremorhub.com,Targeted Advertising cookies (including social media),"Magnite CTV, Inc.",HTTP Cookie,bench_new_T3_106122,,365,TRUE,https://www.CLIENT_X.com.tr/a-w/about,Existing CM Trackers-Found,,,,,
linkedin.com,Targeted Advertising cookies (including social media),LinkedIn,HTTP Cookie,bench_new_T3_106622,,180,TRUE,https://www.CLIENT_X.com.tr/c-e/ho/cooking/airfryer-7000-serisi-xxl.html,Existing CM Trackers-Found,,,,,
www.supurgesepeti.com,Essential cookies,Supurgesepeti.com,HTTP Cookie,_ga_failed_lookup_marker_66_577,,,,,Existing CM Trackers-Not Found,,,,,
smetrics.marketing.lighting.CLIENT_X.com,Targeted Advertising cookies (including social media),Koninklijke CLIENT_X N.V.,JavaScript,bench_new_T3_105957,,,,,Existing CM Trackers-Not Found,,,,,
i.ytimg.com,Targeted Advertising cookies (including social media),Google Inc.,ETag,bench_new_T3_105964,,,TRUE,https://www.CLIENT_X.com.tr/c-f/XC000004909/CLIENT_X-epilat%C3%B6r-cihaz%C4%B1m%C4%B1n-aparatlar%C4%B1-nas%C4%B1l-kullan%C4%B1l%C4%B1r,Existing CM Trackers-Found,,,,,
CLIENT_X.com.tr,Essential cookies,CLIENT_X - Turkey,HTTP Cookie,bench_new_T3_107029,,,,,Existing CM Trackers-Not Found,,,,,
CLIENT_X.com.tr,Essential cookies,CLIENT_X - Turkey,HTTP Cookie,bench_new_T3_107091,,400,TRUE,https://www.CLIENT_X.com.tr/,Existing CM Trackers-Found,,,,,
assets.adobedtm.com,Performance cookies,Adobe Inc.,ETag,bench_new_T3_106796,,,,,Existing CM Trackers-Not Found,,,,,
CLIENT_X.com.tr,Essential cookies,CLIENT_X - Turkey,HTTP Cookie,bench_new_T3_106030,,400,,https://www.CLIENT_X.com.tr/,New First Party Trackers,,,,,
pagead2.googlesyndication.com,Targeted Advertising cookies (including social media),Google Advertising Products,Beacon,bench_new_T3_105696,,,,,Existing CM Trackers-Not Found,,,,,
CLIENT_X.com.tr,Essential cookies,CLIENT_X - Turkey,HTTP Cookie,bench_new_T3_105702,,0,TRUE,https://www.CLIENT_X.com.tr/,Existing CM Trackers-Found,,,,,
CLIENT_Xlighting.d3.sc.omtrdc.net,Performance cookies,"Adobe Audience Manager, Adobe Experience Cloud",Beacon,_ga_failed_lookup_marker_66_586,,,,,Existing CM Trackers-Not Found,,,,,
www.CLIENT_X.com.tr,Essential cookies,CLIENT_X - Turkey,HTTP Cookie,bench_new_T3_105652,,7,,https://www.CLIENT_X.com.tr/c-p/AMF870_15/air-performer-8000-serisi-3-1-arada-hava-temizleyici-fan-ve-isitici,New First Party Trackers,,,,,
consent.trustarc.com,Essential cookies,TrustArc,JavaScript,bench_new_T3_106926,,,TRUE,https://www.CLIENT_X.com.tr/,Existing CM Trackers-Found,,,,,
pages.information.signify.com,Performance cookies,Signify (formerly CLIENT_X Lighting),HTTP Cookie,bench_new_T3_105998,,,,,Existing CM Trackers-Not Found,,,,,
www.lighting.CLIENT_X.com.tr,Essential cookies,Signify (formerly CLIENT_X Lighting),HTTP Cookie,bench_new_T3_106763,,,,,Existing CM Trackers-Not Found,,,,,
www.CLIENT_X.com.tr,Essential cookies,CLIENT_X - Turkey,HTTP Cookie,_ga_failed_lookup_marker_66_591,,7,TRUE,https://www.CLIENT_X.com.tr/c-p/AMF870_15/air-performer-8000-serisi-3-1-arada-hava-temizleyici-fan-ve-isitici,Existing CM Trackers-Found,,,,,
munchkin.marketo.net,Targeted Advertising cookies (including social media),Marketo,JavaScript,bench_new_T3_106574,,,,,Existing CM Trackers-Not Found,,,,,
CLIENT_X.com.tr,Essential cookies,CLIENT_X - Turkey,HTTP Cookie,bench_new_T3_106211,,,,,Existing CM Trackers-Not Found,,,,,
*.org.coveo.com,Performance cookies,Coveo Solutions Inc.,Beacon,bench_new_T3_106175,,,,https://www.CLIENT_X.com.tr/a-w/about/news/all-news.html,New Third Party Trackers,,,,,
youtube.com,Targeted Advertising cookies (including social media),Google Advertising Products,HTTP Cookie,bench_new_T3_106594,,session,TRUE,https://www.CLIENT_X.com.tr/healthcare/clinical-solutions/early-warning-scoring,Existing CM Trackers-Found,,,,,
doubleclick.net,Targeted Advertising cookies (including social media),Google Advertising Products,HTTP Cookie,bench_new_T3_106604,,30,TRUE,https://www.CLIENT_X.com.tr/,Existing CM Trackers-Found,,,,,
www.crsc.lighting.CLIENT_X.com,Performance cookies,Signify (formerly CLIENT_X Lighting),JavaScript,bench_new_T3_106468,,,,,Existing CM Trackers-Not Found,,,,,
www.lighting.CLIENT_X.com.tr,Essential cookies,Signify (formerly CLIENT_X Lighting),HTTP Cookie,bench_new_T3_106676,,,,,Existing CM Trackers-Not Found,,,,,
www.crsc.CLIENT_X.com,Targeted Advertising cookies (including social media),Koninklijke CLIENT_X N.V.,JavaScript,bench_new_T3_106553,,,TRUE,https://www.CLIENT_X.com.tr/shop/order-search/search-input,Existing CM Trackers-Found,,,,,
www.respirtech.com,Essential cookies (exempt from consent),RespirTech,HTTP Cookie,AWSELB,,0,,,Existing CM Trackers-Not Found,,,,,
lighting.CLIENT_X.com.tr,Essential cookies,Signify (formerly CLIENT_X Lighting),HTTP Cookie,bench_new_T3_105746,,,,,Existing CM Trackers-Not Found,,,,,
td.yieldify.com,Targeted Advertising cookies (including social media),Yieldify,ETag,bench_new_T3_106487,,,,,Existing CM Trackers-Not Found,,,,,
CLIENT_X.com.tr,Essential cookies,CLIENT_X - Turkey,HTTP Cookie,bench_new_T3_107007,,,,,Existing CM Trackers-Not Found,,,,,
lighting.CLIENT_X.com.tr,Essential cookies,Signify (formerly CLIENT_X Lighting),HTTP Cookie,bench_new_T3_106105,,,,,Existing CM Trackers-Not Found,,,,,
www.lighting.CLIENT_X.ca,Essential cookies (exempt from consent),Signify (formerly CLIENT_X Lighting),HTTP Cookie,AWSELB,,bench_update_duration,,,Existing CM Trackers-Not Found,,,,,
CLIENT_X.com.tr,Essential cookies,CLIENT_X - Turkey,HTTP Cookie,_ga_failed_lookup_marker_66_606,,,,,Existing CM Trackers-Not Found,,,,,
CLIENT_X.com.ph,Essential cookies (exempt from consent),CLIENT_X - Philippines,HTTP Cookie,s_cm_direct,,,TRUE,https://www.CLIENT_X.com.tr/,Existing CM Trackers-Found,,,,,
youtube.com,Targeted Advertising cookies (including social media),Google Advertising Products,HTTP Cookie,bench_new_T3_105735,,180,,https://www.CLIENT_X.com.tr/healthcare/clinical-solutions/early-warning-scoring,New Third Party Trackers,,,,,
www.CLIENT_X.com.sg,Essential cookies (exempt from consent),CLIENT_X - Singapore,HTTP Cookie,RT,,bench_update_duration,TRUE,https://www.CLIENT_X.com.tr/a-w/about,Existing CM Trackers-Found,,,,,
snapchat.com,Targeted Advertising cookies (including social media),Snap Inc.,HTTP Cookie,bench_new_T3_105689,,390,TRUE,https://www.CLIENT_X.com.tr/c-e/ho/cooking/airfryer-7000-serisi-xxl.html,Existing CM Trackers-Found,,,,,
www.crsc.lighting.CLIENT_X.com,Performance cookies,Signify (formerly CLIENT_X Lighting),ETag,bench_new_T3_105633,,,,,Existing CM Trackers-Not Found,,,,,
www.CLIENT_X.com.tr,Essential cookies,CLIENT_X - Turkey,HTTP Cookie,bench_new_T3_106192,,7,,https://www.CLIENT_X.com.tr/c-p/AMF870_15/air-performer-8000-serisi-3-1-arada-hava-temizleyici-fan-ve-isitici,New First Party Trackers,,,,,
*.akstat.io,Performance cookies,Akamai,Beacon,bench_new_T3_107086,,,,https://www.CLIENT_X.com.tr/c-p/SPT6607B_62/6000-series-kablosuz-klavye-fare-seti,New Third Party Trackers,,,,,
s2.go-mpulse.net,Performance cookies,Akamai,JavaScript,bench_new_T3_106700,,,TRUE,https://www.CLIENT_X.com.tr/,Existing CM Trackers-Found,,,,,
CLIENT_X.com.tr,Essential cookies,CLIENT_X - Turkey,HTTP Cookie,bench_new_T3_106365,,,,,Existing CM Trackers-Not Found,,,,,
CLIENT_X.com.tr,Essential cookies,CLIENT_X - Turkey,HTTP Cookie,bench_new_T3_106943,,,,,Existing CM Trackers-Not Found,,,,,
www.lampreplacementtool.lighting.CLIENT_X.com,Performance cookies,Koninklijke CLIENT_X N.V.,JavaScript,bench_new_T3_106927,,,,,Existing CM Trackers-Not Found,,,,,
www.googletagmanager.com,Performance cookies,Google Inc.,Beacon,_ga_failed_lookup_marker_66_618,,,TRUE,https://www.CLIENT_X.com.tr/c-e/ho/homeid-app.html,Existing CM Trackers-Found,,,,,
www.facebook.com,Targeted Advertising cookies (including social media),Meta (formerly Facebook),Beacon,bench_new_T3_106114,,,TRUE,https://www.CLIENT_X.com.tr/,Existing CM Trackers-Found,,,,,
checkout-ui.prod.ticimax.net,Performance cookies,Ticimax,HTTP Cookie,bench_new_T3_106382,,,,,Existing CM Trackers-Not Found,,,,,
*.casalemedia.com,Targeted Advertising cookies (including social media),Index Exchange Inc.,Beacon,bench_new_T3_106727,,,,https://www.CLIENT_X.com.tr/a-w/about,Existing CM Trackers-Found,,,,,
www.CLIENT_X.com.tr,Essential cookies,CLIENT_X - Turkey,HTTP Cookie,bench_new_T3_107071,,0,TRUE,https://www.CLIENT_X.com.tr/c-p/AMF870_15/air-performer-8000-serisi-3-1-arada-hava-temizleyici-fan-ve-isitici,Existing CM Trackers-Found,,,,,
www.lampreplacementtool.lighting.CLIENT_X.com,Performance cookies,Koninklijke CLIENT_X N.V.,JavaScript,bench_new_T3_107025,,,,,Existing CM Trackers-Not Found,,,,,
lighting.CLIENT_X.com.tr,Essential cookies,Signify (formerly CLIENT_X Lighting),HTTP Cookie,bench_new_T3_105717,,,,,Existing CM Trackers-Not Found,,,,,
www.CLIENT_X.com.tr,Essential cookies,CLIENT_X - Turkey,HTTP Cookie,bench_new_T3_106157,,session,TRUE,https://www.CLIENT_X.com.tr/c-p/AMF870_15/air-performer-8000-serisi-3-1-arada-hava-temizleyici-fan-ve-isitici,Existing CM Trackers-Found,,,,,
dpm.demdex.net,Targeted Advertising cookies (including social media),"Adobe Audience Manager, Adobe Experience Cloud",HTTP Cookie,bench_new_T3_105946,,,,,Existing CM Trackers-Not Found,,,,,
CLIENT_X.com.tr,Essential cookies,CLIENT_X - Turkey,HTTP Cookie,bench_new_T3_106291,,400,TRUE,https://www.CLIENT_X.com.tr/,Existing CM Trackers-Found,,,,,
www.google.com,Essential cookies,Google Inc.,HTTP Cookie,bench_new_T3_106606,,180,TRUE,https://www.CLIENT_X.com.tr/c-e/welcome?mag=F02&origin=20_tr_tr_mylumea_app,Existing CM Trackers-Found,,,,,
company-target.com,Targeted Advertising cookies (including social media),"Demandbase, Inc.",HTTP Cookie,bench_new_T3_106323,,396,TRUE,https://www.CLIENT_X.com.tr/a-w/about,Existing CM Trackers-Found,,,,,
CLIENT_X.com.tr,Essential cookies,CLIENT_X - Turkey,HTTP Cookie,bench_new_T3_106770,,,,,Existing CM Trackers-Not Found,,,,,
www.lighting.CLIENT_X.it,Essential cookies (exempt from consent),Signify (formerly CLIENT_X Lighting),Local Storage,blank (local storage),,bench_update_duration,,https://www.CLIENT_X.com.tr/c-p/AMF870_15/air-performer-8000-serisi-3-1-arada-hava-temizleyici-fan-ve-isitici,New First Party Trackers,,,,,
www.CLIENT_X.com.tr,Essential cookies,CLIENT_X - Turkey,HTTP Cookie,bench_new_T3_106529,,365,TRUE,https://www.CLIENT_X.com.tr/c-p/AMF870_15/air-performer-8000-serisi-3-1-arada-hava-temizleyici-fan-ve-isitici,Existing CM Trackers-Found,,,,,
www.crsc.lighting.CLIENT_X.com,Performance cookies,Signify (formerly CLIENT_X Lighting),ETag,bench_new_T3_106426,,,,,Existing CM Trackers-Not Found,,,,,
www.lighting.CLIENT_X.com,Performance cookies,Signify (formerly CLIENT_X Lighting),JavaScript,bench_new_T3_106949,,,,,Existing CM Trackers-Not Found,,,,,
CLIENT_X.com.tr,Essential cookies,CLIENT_X - Turkey,HTTP Cookie,bench_new_T3_107145,,,,,Existing CM Trackers-Not Found,,,,,
c.amazon-adsystem.com,Targeted Advertising cookies (including social media),Amazon Ads,JavaScript,bench_new_T3_106008,,,TRUE,https://www.CLIENT_X.com.tr/,Existing CM Trackers-Found,,,,,
youtube.com,Targeted Advertising cookies (including social media),Google Advertising Products,HTTP Cookie,bench_new_T3_107188,,180,,https://www.CLIENT_X.com.tr/healthcare/clinical-solutions/early-warning-scoring,New Third Party Trackers,,,,,
agent-versuni.mindtouch.us,Performance cookies,MindTouch,HTTP Cookie,bench_new_T3_106814,,session,,https://www.CLIENT_X.com.tr/c-f/XC000021443/CLIENT_X-vantilat%C3%B6r%C3%BCm-sal%C4%B1n%C4%B1m-yaparken-al%C4%B1%C5%9F%C4%B1lmad%C4%B1k-bir-ses-%C3%A7%C4%B1kar%C4%B1yor,New Third Party Trackers,,,,,
www.CLIENT_X.com.tr,Performance cookies,CLIENT_X - Turkey,HTTP Cookie,bench_new_T3_106575,,,,,Existing CM Trackers-Not Found,,,,,
cdn-scripts.signifyd.com,Essential cookies,Signifyd,JavaScript,bench_new_T3_106937,,,TRUE,https://www.CLIENT_X.com.tr/,Existing CM Trackers-Found,,,,,
CLIENT_X.com.tr,Essential cookies,CLIENT_X - Turkey,HTTP Cookie,bench_new_T3_106675,,,,,Existing CM Trackers-Not Found,,,,,
dpm.demdex.net,Targeted Advertising cookies (including social media),"Adobe Audience Manager, Adobe Experience Cloud",Beacon,_ga_failed_lookup_marker_66_642,,,,,Existing CM Trackers-Not Found,,,,,
www.CLIENT_X.ch,Essential cookies (exempt from consent),CLIENT_X - Switzerland,HTTP Cookie,RT,,bench_update_duration,TRUE,https://www.CLIENT_X.com.tr/,Existing CM Trackers-Found,,,,,
www.realpro.lighting.CLIENT_X.com,Essential cookies,Koninklijke CLIENT_X N.V.,ETag,_ga_failed_lookup_marker_66_644,,,,,Existing CM Trackers-Not Found,,,,,
CLIENT_X.com.tr,Performance cookies,CLIENT_X - Turkey,HTTP Cookie,_ga_failed_lookup_marker_66_645,,0,TRUE,https://www.CLIENT_X.com.tr/,Existing CM Trackers-Found,,,,,
CLIENT_X.si,Essential cookies (exempt from consent),CLIENT_X - Slovenia,HTTP Cookie,_scid_r,,bench_update_duration,TRUE,https://www.CLIENT_X.com.tr/healthcare/solutions/clinical-informatics/clinical-informatics-enterprise-imaging/intellispace-portal,Existing CM Trackers-Found,,,,,
c.go-mpulse.net,Performance cookies,Akamai,JavaScript,bench_new_T3_106380,,,,,Existing CM Trackers-Not Found,,,,,
accounts.CLIENT_X.com,Performance cookies,Koninklijke CLIENT_X N.V.,HTTP Cookie,bench_new_T3_106240,,,,,Existing CM Trackers-Not Found,,,,,
www.supurgesepeti.com,Essential cookies,Supurgesepeti.com,HTTP Cookie,bench_new_T3_106134,,,,,Existing CM Trackers-Not Found,,,,,
CLIENT_X.com.tr,Essential cookies,CLIENT_X - Turkey,HTTP Cookie,bench_new_T3_106639,,365,TRUE,https://www.CLIENT_X.com.tr/,Existing CM Trackers-Found,,,,,
lighting.CLIENT_X.com.tr,Performance cookies,Signify (formerly CLIENT_X Lighting),HTTP Cookie,bench_new_T3_105851,,,,,Existing CM Trackers-Not Found,,,,,
pagead2.googlesyndication.com,Targeted Advertising cookies (including social media),Google Advertising Products,Beacon,bench_new_T3_106797,,,,,Existing CM Trackers-Not Found,,,,,
CLIENT_X.com.tr,Essential cookies,CLIENT_X - Turkey,HTTP Cookie,bench_new_T3_105764,,0,TRUE,https://www.CLIENT_X.com.tr/,Existing CM Trackers-Found,,,,,
script.hotjar.com,Targeted Advertising cookies (including social media),Hotjar,ETag,_ga_failed_lookup_marker_66_654,,,,,Existing CM Trackers-Not Found,,,,,
www.googletagmanager.com,Performance cookies,Google Inc.,JavaScript,bench_new_T3_106424,,,TRUE,https://www.CLIENT_X.com.tr/,Existing CM Trackers-Found,,,,,
lighting.CLIENT_X.com.tr,Essential cookies,Signify (formerly CLIENT_X Lighting),HTTP Cookie,bench_new_T3_105761,,,,,Existing CM Trackers-Not Found,,,,,
pages.information.signify.com,Performance cookies,Signify (formerly CLIENT_X Lighting),JavaScript,_ga_failed_lookup_marker_66_657,,,,,Existing CM Trackers-Not Found,,,,,
CLIENT_Xb2c.my.site.com,Performance cookies,"Salesforce.com, Inc.",Local Storage,bench_new_T3_106166,,,TRUE,https://www.CLIENT_X.com.tr/c-w/tuketici-urunleri-destek/support-contact-page.html,Existing CM Trackers-Found,,,,,
CLIENT_X.com.tr,Essential cookies,CLIENT_X - Turkey,HTTP Cookie,bench_new_T3_107194,,,,,Existing CM Trackers-Not Found,,,,,
lighting.CLIENT_X.com.tr,Essential cookies,Signify (formerly CLIENT_X Lighting),HTTP Cookie,bench_new_T3_105903,,,,,Existing CM Trackers-Not Found,,,,,
*.t.eloqua.com,Performance cookies,Oracle Marketing,JavaScript,bench_new_T3_106366,,,,https://www.CLIENT_X.com.tr/healthcare/education-resources/education-training,New Third Party Trackers,,,,,
supurgesepeti.com,Essential cookies,Supurgesepeti.com,HTTP Cookie,bench_new_T3_106009,,,,,Existing CM Trackers-Not Found,,,,,
analytics-ipv6.tiktokw.us,Targeted Advertising cookies (including social media),TikTok,Beacon,_ga_failed_lookup_marker_66_663,,,,https://www.CLIENT_X.com.tr/,New Third Party Trackers,,,,,
CLIENT_X.com.tr,Essential cookies,CLIENT_X - Turkey,HTTP Cookie,bench_new_T3_106430,,,,,Existing CM Trackers-Not Found,,,,,
halc.iadvize.com,Performance cookies,iAdvize,ETag,bench_new_T3_106948,,,TRUE,https://www.CLIENT_X.com.tr/c-e/ho/cooking/airfryer-7000-serisi-xxl.html,Existing CM Trackers-Found,,,,,
www.lighting.CLIENT_X.ua,Essential cookies (exempt from consent),Signify (formerly CLIENT_X Lighting),HTTP Cookie,customer_language_accept,,0,TRUE,https://www.CLIENT_X.com.tr/c-p/AMF870_15/air-performer-8000-serisi-3-1-arada-hava-temizleyici-fan-ve-isitici,Existing CM Trackers-Found,,,,,
CLIENT_X.com.tr,Performance cookies,CLIENT_X - Turkey,HTTP Cookie,bench_new_T3_106922,,,,,Existing CM Trackers-Not Found,,,,,
CLIENT_X.com.tr,Essential cookies,CLIENT_X - Turkey,HTTP Cookie,_ga_failed_lookup_marker_66_668,,0,TRUE,https://www.CLIENT_X.com.tr/,Existing CM Trackers-Found,,,,,
stats.g.doubleclick.net,Targeted Advertising cookies (including social media),Google Advertising Products,Beacon,bench_new_T3_105784,,,TRUE,https://www.CLIENT_X.com.tr/,Existing CM Trackers-Found,,,,,
CLIENT_X.com.tr,Essential cookies,CLIENT_X - Turkey,HTTP Cookie,bench_new_T3_105657,,393,TRUE,https://www.CLIENT_X.com.tr/,Existing CM Trackers-Found,,,,,
supurgesepeti.com,Essential cookies,Supurgesepeti.com,Local Storage,bench_new_T3_105825,,,,,Existing CM Trackers-Not Found,,,,,
platform.twitter.com,Targeted Advertising cookies (including social media),X (formerly Twitter),JavaScript,bench_new_T3_106217,,,,,Existing CM Trackers-Not Found,,,,,
code.jquery.com,Performance cookies,jQuery,JavaScript,bench_new_T3_105680,,,,,Existing CM Trackers-Not Found,,,,,
td.yieldify.com,Targeted Advertising cookies (including social media),Yieldify,JavaScript,bench_new_T3_106886,,,,,Existing CM Trackers-Not Found,,,,,
CLIENT_Xb2c.my.site.com,Performance cookies,"Salesforce.com, Inc.",Local Storage,bench_new_T3_105631,,,TRUE,https://www.CLIENT_X.com.tr/c-w/tuketici-urunleri-destek/support-contact-page.html,Existing CM Trackers-Found,,,,,
*.t.eloqua.com,Performance cookies,Oracle Marketing,JavaScript,bench_new_T3_107115,,,,https://www.CLIENT_X.com.tr/healthcare/education-resources/education-training,Existing CM Trackers-Found,,,,,
CLIENT_X.com.tr,Essential cookies,CLIENT_X - Turkey,HTTP Cookie,bench_new_T3_106685,,0,TRUE,https://www.CLIENT_X.com.tr/,Existing CM Trackers-Found,,,,,
www.store-CLIENT_X.tw,Essential cookies (exempt from consent),CLIENT_X Store - Taiwan,HTTP Cookie,_cft_test,,1,TRUE,https://www.CLIENT_X.com.tr/c-e/ho/cooking/airfryer-7000-serisi-xxl.html,Existing CM Trackers-Found,,,,,
nebula-cdn.kampyle.com,Performance cookies,Medallia,JavaScript,bench_new_T3_106363,,,TRUE,https://www.CLIENT_X.com.tr/,Existing CM Trackers-Found,,,,,
www.CLIENT_X.com.tr,Essential cookies,CLIENT_X - Turkey,HTTP Cookie,_ga_failed_lookup_marker_66_680,,365,TRUE,https://www.CLIENT_X.com.tr/c-p/AMF870_15/air-performer-8000-serisi-3-1-arada-hava-temizleyici-fan-ve-isitici,Existing CM Trackers-Found,,,,,
www.static.accounts.CLIENT_X.com,Essential cookies,Koninklijke CLIENT_X N.V.,JavaScript,bench_new_T3_106434,,,,,Existing CM Trackers-Not Found,,,,,
beacon.speedcurve.com,Performance cookies,Speedcurve,Beacon,bench_new_T3_106090,,,,https://www.CLIENT_X.com.tr/c-e/ho/cooking/elektrikli-akilli-duduklu-tencere-3000-serisi.html,New Third Party Trackers,,,,,
www.google.com,Targeted Advertising cookies (including social media),Google Inc.,Beacon,bench_new_T3_107045,,,TRUE,https://www.CLIENT_X.com.tr/,Existing CM Trackers-Found,,,,,
lighting.CLIENT_X.com.tr,Essential cookies,Signify (formerly CLIENT_X Lighting),HTTP Cookie,bench_new_T3_106828,,,,,Existing CM Trackers-Not Found,,,,,
cdn-scripts.signifyd.com,Essential cookies,Signifyd,JavaScript,bench_new_T3_106474,,,TRUE,https://www.CLIENT_X.com.tr/,Existing CM Trackers-Found,,,,,
platform.twitter.com,Targeted Advertising cookies (including social media),X (formerly Twitter),JavaScript,bench_new_T3_106806,,,,,Existing CM Trackers-Not Found,,,,,
linkedin.com,Targeted Advertising cookies (including social media),LinkedIn,HTTP Cookie,_ga_failed_lookup_marker_66_687,,1,TRUE,https://www.CLIENT_X.com.tr/c-e/ho/cooking/airfryer-7000-serisi-xxl.html,Existing CM Trackers-Found,,,,,
CLIENT_Xb2c.my.site.com,Performance cookies,"Salesforce.com, Inc.",JavaScript,bench_new_T3_106078,,,TRUE,https://www.CLIENT_X.com.tr/c-w/tuketici-urunleri-destek/support-contact-page.html,Existing CM Trackers-Found,,,,,
*.online-metrix.net,Performance cookies,LexisNexis Risk Solutions (formerly ThreatMetrix),Beacon,bench_new_T3_105685,,,,https://www.CLIENT_X.com.tr/,New Third Party Trackers,,,,,
CLIENT_X.com,Essential cookies,Koninklijke CLIENT_X N.V.,HTTP Cookie,bench_new_T3_105959,,,,,Existing CM Trackers-Not Found,,,,,
munchkin.marketo.net,Targeted Advertising cookies (including social media),Marketo,ETag,bench_new_T3_106972,,,,,Existing CM Trackers-Not Found,,,,,
CLIENT_X.com.tr,Essential cookies,CLIENT_X - Turkey,HTTP Cookie,bench_new_T3_106450,,0,TRUE,https://www.CLIENT_X.com.tr/,Existing CM Trackers-Found,,,,,
CLIENT_X.com.tr,Essential cookies,CLIENT_X - Turkey,HTTP Cookie,bench_new_T3_105858,,90,TRUE,https://www.CLIENT_X.com.tr/,Existing CM Trackers-Found,,,,,
beacon.speedcurve.com,Performance cookies,Speedcurve,Beacon,bench_new_T3_106190,,,,https://www.CLIENT_X.com.tr/c-e/ho/cooking/elektrikli-akilli-duduklu-tencere-3000-serisi.html,New Third Party Trackers,,,,,
CLIENT_X.com.hk,Essential cookies (exempt from consent),CLIENT_X - Hong Kong,HTTP Cookie,com.adobe.alloy.getTld,,,TRUE,https://www.CLIENT_X.com.tr/c-e/ho/cooking/airfryer-7000-serisi-xxl.html,Existing CM Trackers-Found,,,,,
CLIENT_Xlighting.d3.sc.omtrdc.net,Performance cookies,"Adobe Audience Manager, Adobe Experience Cloud",Beacon,bench_new_T3_106273,,,,,Existing CM Trackers-Not Found,,,,,
CLIENT_X.com.tr,Performance cookies,CLIENT_X - Turkey,HTTP Cookie,bench_new_T3_105729,,400,,https://www.CLIENT_X.com.tr/,Existing CM Trackers-Found,,,,,
sc-static.net,Targeted Advertising cookies (including social media),Snap Inc.,JavaScript,bench_new_T3_106879,,,TRUE,https://www.CLIENT_X.com.tr/c-e/ho/cooking/airfryer-7000-serisi-xxl.html,Existing CM Trackers-Found,,,,,
www.CLIENT_X.com.tr,Essential cookies,CLIENT_X - Turkey,HTTP Cookie,bench_new_T3_106757,,365,TRUE,https://www.CLIENT_X.com.tr/c-p/AMF870_15/air-performer-8000-serisi-3-1-arada-hava-temizleyici-fan-ve-isitici,Existing CM Trackers-Found,,,,,
www.googletagmanager.com,Performance cookies,Google Inc.,Beacon,bench_new_T3_106270,,,TRUE,https://www.CLIENT_X.com.tr/c-e/ho/homeid-app.html,Existing CM Trackers-Found,,,,,
linkedin.com,Targeted Advertising cookies (including social media),LinkedIn,HTTP Cookie,bench_new_T3_105641,,180,TRUE,https://www.CLIENT_X.com.tr/c-e/ho/cooking/airfryer-7000-serisi-xxl.html,Existing CM Trackers-Found,,,,,
www.googletagmanager.com,Performance cookies,Google Inc.,Beacon,bench_new_T3_106752,,,TRUE,https://www.CLIENT_X.com.tr/c-e/ho/homeid-app.html,Existing CM Trackers-Found,,,,,
lighting.CLIENT_X.com.tr,Essential cookies,Signify (formerly CLIENT_X Lighting),HTTP Cookie,bench_new_T3_106541,,,,,Existing CM Trackers-Not Found,,,,,
doubleclick.net,Targeted Advertising cookies (including social media),Google Advertising Products,HTTP Cookie,bench_new_T3_106223,,,,,Existing CM Trackers-Not Found,,,,,
connect.facebook.net,Targeted Advertising cookies (including social media),Meta (formerly Facebook),Beacon,bench_new_T3_106600,,,TRUE,https://www.CLIENT_X.com.tr/c-p/EP4441_50/4400-serisi-tam-otomatik-espresso-makinesi/destek,Existing CM Trackers-Found,,,,,
www.google.com,Essential cookies,Google Inc.,HTTP Cookie,_ga_failed_lookup_marker_66_706,,180,TRUE,https://www.CLIENT_X.com.tr/c-e/welcome?mag=F02&origin=20_tr_tr_mylumea_app,Existing CM Trackers-Found,,,,,
CLIENT_X.cl,Essential cookies (exempt from consent),CLIENT_X - Chile,HTTP Cookie,_clsk,,0,TRUE,https://www.CLIENT_X.com.tr/c-p/AMF870_15/air-performer-8000-serisi-3-1-arada-hava-temizleyici-fan-ve-isitici,Existing CM Trackers-Found,,,,,
www.lighting.CLIENT_X.com.tr,Essential cookies,Signify (formerly CLIENT_X Lighting),HTTP Cookie,bench_new_T3_105848,,,,,Existing CM Trackers-Not Found,,,,,
lighting.CLIENT_X.com.tr,Essential cookies,Signify (formerly CLIENT_X Lighting),HTTP Cookie,bench_new_T3_105861,,,,,Existing CM Trackers-Not Found,,,,,
*.akstat.io,Performance cookies,Akamai,Beacon,bench_new_T3_105671,,,,https://www.CLIENT_X.com.tr/c-p/SPT6607B_62/6000-series-kablosuz-klavye-fare-seti,Existing CM Trackers-Found,,,,,
supurgesepeti.com,Essential cookies,Supurgesepeti.com,HTTP Cookie,bench_new_T3_105695,,,,,Existing CM Trackers-Not Found,,,,,
CLIENT_X.co.id,Essential cookies (exempt from consent),CLIENT_X - Indonesia,HTTP Cookie,com.adobe.alloy.getTld,,,,https://www.CLIENT_X.com.tr/healthcare,New Third Party Trackers,,,,,
code.jquery.com,Performance cookies,jQuery,ETag,bench_new_T3_105727,,,,,Existing CM Trackers-Not Found,,,,,
tracker-detail-page.trustarc.com,Essential cookies,TrustArc,ETag,bench_new_T3_106692,,,,https://www.CLIENT_X.com.tr/a-w/tanimlama-bilgileri-politikasi,New Third Party Trackers,,,,,
supurgesepeti.com,Essential cookies,Supurgesepeti.com,HTTP Cookie,_ga_failed_lookup_marker_66_715,,,,,Existing CM Trackers-Not Found,,,,,
*.casalemedia.com,Targeted Advertising cookies (including social media),Index Exchange Inc.,Beacon,_ga_failed_lookup_marker_66_716,,,,https://www.CLIENT_X.com.tr/a-w/about,Existing CM Trackers-Found,,,,,
www.youtube.com,Targeted Advertising cookies (including social media),Google Advertising Products,JavaScript,bench_new_T3_106584,,,TRUE,https://www.CLIENT_X.com.tr/healthcare/clinical-solutions/early-warning-scoring,Existing CM Trackers-Found,,,,,
www.lampreplacementtool.lighting.CLIENT_X.com,Performance cookies,Koninklijke CLIENT_X N.V.,JavaScript,bench_new_T3_106225,,,,,Existing CM Trackers-Not Found,,,,,
CLIENT_X.com.tr,Essential cookies,CLIENT_X - Turkey,HTTP Cookie,bench_new_T3_106755,,365,,https://www.CLIENT_X.com.tr/,New First Party Trackers,,,,,
cdn.mouseflow.com,Performance cookies,Mouseflow,ETag,_ga_failed_lookup_marker_66_720,,,,https://www.CLIENT_X.com.tr/c-m-pe/hair-removal,New Third Party Trackers,,,,,
www.CLIENT_X.de,Essential cookies (exempt from consent),CLIENT_X - Germany,HTTP Cookie,DE_Pub-cart-com,,,,https://www.CLIENT_X.com.tr/c-p/SPT6607B_62/6000-series-kablosuz-klavye-fare-seti,Existing CM Trackers-Found,,,,,
stg.CLIENT_X.co.id,Essential cookies (exempt from consent),CLIENT_X - Indonesia,HTTP Cookie,kampyleUserSession,,bench_update_duration,,,Existing CM Trackers-Not Found,,,,,
CLIENT_X.com.tr,Essential cookies,CLIENT_X - Turkey,HTTP Cookie,bench_new_T3_105762,,0,TRUE,https://www.CLIENT_X.com.tr/,Existing CM Trackers-Found,,,,,
code.jquery.com,Performance cookies,jQuery,JavaScript,bench_new_T3_106805,,,,,Existing CM Trackers-Not Found,,,,,
www.CLIENT_X.co.za,Essential cookies (exempt from consent),CLIENT_X - South Africa,HTTP Cookie,_sdsat_pgm_optin,,,,,Existing CM Trackers-Not Found,,,,,
www.lighting.CLIENT_X.com.tr,Essential cookies,Signify (formerly CLIENT_X Lighting),ETag,_ga_failed_lookup_marker_66_726,,,,,Existing CM Trackers-Not Found,,,,,
www.realpro.lighting.CLIENT_X.com,Essential cookies,Koninklijke CLIENT_X N.V.,ETag,bench_new_T3_107040,,,,,Existing CM Trackers-Not Found,,,,,
casalemedia.com,Targeted Advertising cookies (including social media),Index Exchange Inc.,HTTP Cookie,bench_new_T3_106608,,90,TRUE,https://www.CLIENT_X.com.tr/a-w/about,Existing CM Trackers-Found,,,,,
www.lighting.CLIENT_X.com.tr,Essential cookies,Signify (formerly CLIENT_X Lighting),HTTP Cookie,_ga_failed_lookup_marker_66_729,,,,,Existing CM Trackers-Not Found,,,,,
www.lighting.CLIENT_X.ee,Essential cookies (exempt from consent),Signify (formerly CLIENT_X Lighting),HTTP Cookie,d01-layout,,,,,Existing CM Trackers-Not Found,,,,,
static.cloudflareinsights.com,Performance cookies,Cloudflare,JavaScript,bench_new_T3_106910,,,,,Existing CM Trackers-Not Found,,,,,
CLIENT_X.com.tr,Essential cookies,CLIENT_X - Turkey,HTTP Cookie,bench_new_T3_106371,,,,,Existing CM Trackers-Not Found,,,,,
www.googleadservices.com,Targeted Advertising cookies (including social media),Google Advertising Products,ETag,bench_new_T3_106950,,,,,Existing CM Trackers-Not Found,,,,,
cdn.channelsight.com,Essential cookies,ChannelSight,ETag,bench_new_T3_106182,,,TRUE,https://www.CLIENT_X.com.tr/c-e/ho/cooking/airfryer-7000-serisi-xxl.html,Existing CM Trackers-Found,,,,,
media.flixcar.com,Targeted Advertising Cookies (including social media) [Requires consent],Flixmedia,JavaScript,-,,bench_update_duration,TRUE,https://www.CLIENT_X.com.tr/,Existing CM Trackers-Found,,,,,
www.accounts.CLIENT_X.com,Essential cookies,Koninklijke CLIENT_X N.V.,ETag,bench_new_T3_105793,,,,,Existing CM Trackers-Not Found,,,,,
www.CLIENT_X.lv,Essential cookies (exempt from consent),CLIENT_X - Latvia,HTTP Cookie,notice_settings,,bench_update_duration,,,Existing CM Trackers-Not Found,,,,,
www.CLIENT_X.com.tr,Essential cookies,CLIENT_X - Turkey,HTTP Cookie,bench_new_T3_106586,,,,,Existing CM Trackers-Not Found,,,,,
CLIENT_X.com.tr,Performance cookies,CLIENT_X - Turkey,HTTP Cookie,bench_new_T3_106925,,session,TRUE,https://www.CLIENT_X.com.tr/,Existing CM Trackers-Found,,,,,
CLIENT_X.com.tr,Essential cookies,CLIENT_X - Turkey,HTTP Cookie,bench_new_T3_105841,,,,,Existing CM Trackers-Not Found,,,,,
CLIENT_X.com.tr,Essential cookies,CLIENT_X - Turkey,HTTP Cookie,_ga_failed_lookup_marker_66_741,,0,TRUE,https://www.CLIENT_X.com.tr/,Existing CM Trackers-Found,,,,,
*.en25.com,Targeted Advertising cookies (including social media),Oracle Marketing,JavaScript,bench_new_T3_105620,,,,https://www.CLIENT_X.com.tr/healthcare,Existing CM Trackers-Found,,,,,
munchkin.marketo.net,Targeted Advertising cookies (including social media),Marketo,JavaScript,bench_new_T3_106588,,,,,Existing CM Trackers-Not Found,,,,,
CLIENT_X.com.tr,Essential cookies,CLIENT_X - Turkey,HTTP Cookie,bench_new_T3_106739,,,,,Existing CM Trackers-Not Found,,,,,
cdn-scripts.signifyd.com,Essential cookies,Signifyd,ETag,bench_new_T3_107177,,,TRUE,https://www.CLIENT_X.com.tr/,Existing CM Trackers-Found,,,,,
www.gearselectiontool.lighting.CLIENT_X.com,Performance cookies,Signify (formerly CLIENT_X Lighting),JavaScript,bench_new_T3_106267,,,,,Existing CM Trackers-Not Found,,,,,
CLIENT_X.com.tr,Performance cookies,CLIENT_X - Turkey,HTTP Cookie,bench_new_T3_106084,,,,,Existing CM Trackers-Not Found,,,,,
consent.trustarc.com,Essential cookies,TrustArc,JavaScript,_ga_failed_lookup_marker_66_748,,,TRUE,https://www.CLIENT_X.com.tr/,Existing CM Trackers-Found,,,,,
CLIENT_X.com.tr,Essential cookies,CLIENT_X - Turkey,HTTP Cookie,bench_new_T3_106319,,,,,Existing CM Trackers-Not Found,,,,,
casalemedia.com,Targeted Advertising cookies (including social media),Index Exchange Inc.,HTTP Cookie,bench_new_T3_106804,,90,TRUE,https://www.CLIENT_X.com.tr/a-w/about,Existing CM Trackers-Found,,,,,
CLIENT_X.com.tr,Targeted Advertising cookies (including social media),CLIENT_X - Turkey,HTTP Cookie,bench_new_T3_106478,,90,TRUE,https://www.CLIENT_X.com.tr/,Existing CM Trackers-Found,,,,,
analytics.tiktok.com,Targeted Advertising cookies (including social media),TikTok,Beacon,_ga_failed_lookup_marker_66_752,,,TRUE,https://www.CLIENT_X.com.tr/,Existing CM Trackers-Found,,,,,
www.CLIENT_X.com.tr,Essential cookies,CLIENT_X - Turkey,HTTP Cookie,_ga_failed_lookup_marker_66_753,,session,TRUE,https://www.CLIENT_X.com.tr/c-p/AMF870_15/air-performer-8000-serisi-3-1-arada-hava-temizleyici-fan-ve-isitici,Existing CM Trackers-Found,,,,,
www.CLIENT_X.com.eg,Essential cookies (exempt from consent),CLIENT_X - Egypt,HTTP Cookie,_sdsat_pgm_optin,,180,TRUE,https://www.CLIENT_X.com.tr/healthcare/clinical-solutions/early-warning-scoring,Existing CM Trackers-Found,,,,,
ticimax.cloud,Performance cookies,Ticimax,HTTP Cookie,bench_new_T3_106472,,,,,Existing CM Trackers-Not Found,,,,,
CLIENT_X.com.tr,Performance cookies,CLIENT_X - Turkey,HTTP Cookie,bench_new_T3_105763,,,,,Existing CM Trackers-Not Found,,,,,
stats.g.doubleclick.net,Targeted Advertising cookies (including social media),Google Advertising Products,Beacon,bench_new_T3_106141,,,TRUE,https://www.CLIENT_X.com.tr/,Existing CM Trackers-Found,,,,,
youtube.com,Targeted Advertising cookies (including social media),Google Advertising Products,HTTP Cookie,bench_new_T3_107024,,180,TRUE,https://www.CLIENT_X.com.tr/healthcare/clinical-solutions/early-warning-scoring,Existing CM Trackers-Found,,,,,
www.CLIENT_X.com.tr,Essential cookies,CLIENT_X - Turkey,HTTP Cookie,bench_new_T3_105971,,365,TRUE,https://www.CLIENT_X.com.tr/c-p/AMF870_15/air-performer-8000-serisi-3-1-arada-hava-temizleyici-fan-ve-isitici,Existing CM Trackers-Found,,,,,
www.CLIENT_X.com.tr,Essential cookies,CLIENT_X - Turkey,ETag,bench_new_T3_106836,,,TRUE,https://www.CLIENT_X.com.tr/,Existing CM Trackers-Found,,,,,
assets.kampyle.com,Performance cookies,Medallia,ETag,bench_new_T3_106283,,,TRUE,https://www.CLIENT_X.com.tr/a-w/about,Existing CM Trackers-Found,,,,,
script.hotjar.com,Targeted Advertising cookies (including social media),Hotjar,ETag,bench_new_T3_105781,,,,,Existing CM Trackers-Not Found,,,,,
www.facebook.com,Targeted Advertising cookies (including social media),Meta (formerly Facebook),Beacon,bench_new_T3_106052,,,TRUE,https://www.CLIENT_X.com.tr/,Existing CM Trackers-Found,,,,,
static.doubleclick.net,Targeted Advertising cookies (including social media),Google Advertising Products,JavaScript,bench_new_T3_106612,,,,,Existing CM Trackers-Not Found,,,,,
comment.niceteknoloji.com,Performance cookies,Nice Technology,JavaScript,bench_new_T3_106823,,,,,Existing CM Trackers-Not Found,,,,,
static.cloud.coveo.com,Targeted Advertising cookies (including social media),Coveo Solutions Inc.,JavaScript,bench_new_T3_105732,,,TRUE,https://www.CLIENT_X.com.tr/c-p/AMF870_15/air-performer-8000-serisi-3-1-arada-hava-temizleyici-fan-ve-isitici,Existing CM Trackers-Found,,,,,
pixel.rubiconproject.com,Targeted Advertising cookies (including social media),"Magnite, Inc.",Beacon,bench_new_T3_105651,,,TRUE,https://www.CLIENT_X.com.tr/a-w/about,Existing CM Trackers-Found,,,,,
smetrics.marketing.lighting.CLIENT_X.com.tr,Essential cookies,CLIENT_X - Turkey,JavaScript,bench_new_T3_106384,,,,,Existing CM Trackers-Not Found,,,,,
beacon.speedcurve.com,Performance cookies,Speedcurve,Beacon,bench_new_T3_106843,,,,https://www.CLIENT_X.com.tr/c-e/ho/cooking/elektrikli-akilli-duduklu-tencere-3000-serisi.html,New Third Party Trackers,,,,,
labs.iadvize.com,Performance cookies,iAdvize,JavaScript,bench_new_T3_106136,,,TRUE,https://www.CLIENT_X.com.tr/c-e/ho/cooking/airfryer-7000-serisi-xxl.html,Existing CM Trackers-Found,,,,,
www.CLIENT_X.co.za,Essential cookies (exempt from consent),CLIENT_X - South Africa,HTTP Cookie,p-hc-specialty,,,,,Existing CM Trackers-Not Found,,,,,
company-target.com,Targeted Advertising cookies (including social media),"Demandbase, Inc.",HTTP Cookie,_ga_failed_lookup_marker_66_772,,396,TRUE,https://www.CLIENT_X.com.tr/a-w/about,Existing CM Trackers-Found,,,,,
www.lighting.CLIENT_X.com.tr,Essential cookies,Signify (formerly CLIENT_X Lighting),HTTP Cookie,bench_new_T3_106356,,,,,Existing CM Trackers-Not Found,,,,,
CLIENT_X.com.tr,Essential cookies,CLIENT_X - Turkey,HTTP Cookie,bench_new_T3_105775,,400,,https://www.CLIENT_X.com.tr/,New First Party Trackers,,,,,
lighting.CLIENT_X.com.tr,Essential cookies,Signify (formerly CLIENT_X Lighting),HTTP Cookie,_ga_failed_lookup_marker_66_775,,,,,Existing CM Trackers-Not Found,,,,,
www.CLIENT_X.com.tr,Essential cookies,CLIENT_X - Turkey,HTTP Cookie,bench_new_T3_106245,,0,,https://www.CLIENT_X.com.tr/c-p/AMF870_15/air-performer-8000-serisi-3-1-arada-hava-temizleyici-fan-ve-isitici,New First Party Trackers,,,,,
youtube.com,Targeted Advertising cookies (including social media),Google Advertising Products,HTTP Cookie,bench_new_T3_106503,,180,,https://www.CLIENT_X.com.tr/healthcare/clinical-solutions/early-warning-scoring,New Third Party Trackers,,,,,
connect.facebook.net,Targeted Advertising cookies (including social media),Meta (formerly Facebook),Beacon,bench_new_T3_106955,,,TRUE,https://www.CLIENT_X.com.tr/c-p/EP4441_50/4400-serisi-tam-otomatik-espresso-makinesi/destek,Existing CM Trackers-Found,,,,,
www.lighting.CLIENT_X.com,Performance cookies,Signify (formerly CLIENT_X Lighting),ETag,bench_new_T3_107193,,,,,Existing CM Trackers-Not Found,,,,,
*.org.coveo.com,Performance cookies,Coveo Solutions Inc.,Beacon,bench_new_T3_105787,,,,https://www.CLIENT_X.com.tr/a-w/about/news/all-news.html,New Third Party Trackers,,,,,
www.lighting.CLIENT_X.com.tr,Essential cookies,Signify (formerly CLIENT_X Lighting),HTTP Cookie,bench_new_T3_106269,,,,,Existing CM Trackers-Not Found,,,,,
*.akstat.io,Performance cookies,Akamai,Beacon,bench_new_T3_106234,,,,https://www.CLIENT_X.com.tr/c-p/SPT6607B_62/6000-series-kablosuz-klavye-fare-seti,Existing CM Trackers-Found,,,,,
CLIENT_X.com.tr,Targeted Advertising cookies (including social media),CLIENT_X - Turkey,HTTP Cookie,bench_new_T3_106473,,90,TRUE,https://www.CLIENT_X.com.tr/,Existing CM Trackers-Found,,,,,
cdn.mouseflow.com,Performance cookies,Mouseflow,ETag,bench_new_T3_107130,,,,https://www.CLIENT_X.com.tr/c-m-pe/hair-removal,New Third Party Trackers,,,,,
labs.iadvize.com,Performance cookies,iAdvize,ETag,bench_new_T3_106160,,,TRUE,https://www.CLIENT_X.com.tr/c-e/ho/cooking/airfryer-7000-serisi-xxl.html,Existing CM Trackers-Found,,,,,
CLIENT_X.de,Essential cookies (exempt from consent),CLIENT_X - Germany,HTTP Cookie,s_pv,,,,,Existing CM Trackers-Not Found,,,,,
www.CLIENT_X.com.au,Essential cookies (exempt from consent),CLIENT_X - Australia,HTTP Cookie,notice_settings,,bench_update_duration,,,Existing CM Trackers-Not Found,,,,,
www.CLIENT_X.com.tr,Essential cookies,CLIENT_X - Turkey,HTTP Cookie,bench_new_T3_106238,,,,,Existing CM Trackers-Not Found,,,,,
s2.go-mpulse.net,Performance cookies,Akamai,JavaScript,bench_new_T3_105706,,,TRUE,https://www.CLIENT_X.com.tr/,Existing CM Trackers-Found,,,,,
pages.information.signify.com,Performance cookies,Signify (formerly CLIENT_X Lighting),ETag,bench_new_T3_106331,,,,,Existing CM Trackers-Not Found,,,,,
CLIENT_X.com.tr,Essential cookies,CLIENT_X - Turkey,HTTP Cookie,bench_new_T3_106471,,0,TRUE,https://www.CLIENT_X.com.tr/,Existing CM Trackers-Found,,,,,
demdex.net,Targeted Advertising cookies (including social media),"Adobe Audience Manager, Adobe Experience Cloud",HTTP Cookie,bench_new_T3_106016,,,,,Existing CM Trackers-Not Found,,,,,
www.googleadservices.com,Targeted Advertising cookies (including social media),Google Advertising Products,ETag,bench_new_T3_107110,,,,,Existing CM Trackers-Not Found,,,,,
*.e.aa.online-metrix.net,Performance cookies,LexisNexis Risk Solutions (formerly ThreatMetrix),Beacon,bench_new_T3_106954,,,,https://www.CLIENT_X.com.tr/c-p/SWV9433C_00/hdmi-2.1-kablosu,New Third Party Trackers,,,,,
support.niceteknoloji.com,Performance cookies,Nice Technology,ETag,bench_new_T3_107042,,,,,Existing CM Trackers-Not Found,,,,,
CLIENT_X.com.tr,Performance cookies,CLIENT_X - Turkey,HTTP Cookie,bench_new_T3_106355,,session,TRUE,https://www.CLIENT_X.com.tr/,Existing CM Trackers-Found,,,,,
cdn.ticimax.cloud,Performance cookies,Ticimax,ETag,bench_new_T3_106746,,,,,Existing CM Trackers-Not Found,,,,,
pages.information.signify.com,Performance cookies,Signify (formerly CLIENT_X Lighting),JavaScript,_ga_failed_lookup_marker_66_798,,,,,Existing CM Trackers-Not Found,,,,,
*.mktoweb.com,Targeted Advertising cookies (including social media),Marketo,Local Storage,bench_new_T3_106655,,,,,Existing CM Trackers-Not Found,,,,,
CLIENT_X.co.uk,Targeted Advertising cookies (including social media),CLIENT_X - United Kingdom,Local Storage,bench_new_T3_106899,,,,,Existing CM Trackers-Not Found,,,,,
www.google.ie,Targeted Advertising cookies (including social media),Google Inc.,Beacon,bench_new_T3_106820,,,TRUE,https://www.CLIENT_X.com.tr/,Existing CM Trackers-Found,,,,,
nebula-cdn.kampyle.com,Performance cookies,Medallia,JavaScript,bench_new_T3_106768,,,TRUE,https://www.CLIENT_X.com.tr/,Existing CM Trackers-Found,,,,,
cdn.speedcurve.com,Performance cookies,Speedcurve,JavaScript,bench_new_T3_106390,,,,https://www.CLIENT_X.com.tr/,New Third Party Trackers,,,,,
tracker-detail-page.trustarc.com,Essential cookies,TrustArc,JavaScript,_ga_failed_lookup_marker_66_804,,,,https://www.CLIENT_X.com.tr/a-w/tanimlama-bilgileri-politikasi,New Third Party Trackers,,,,,
www.lighting.CLIENT_X.com.tr,Essential cookies,Signify (formerly CLIENT_X Lighting),HTTP Cookie,bench_new_T3_106635,,,,,Existing CM Trackers-Not Found,,,,,
amazon-adsystem.com,Targeted Advertising cookies (including social media),Amazon Ads,HTTP Cookie,bench_new_T3_107174,,223,TRUE,https://www.CLIENT_X.com.tr/,Existing CM Trackers-Found,,,,,
www.supurgesepeti.com,Essential cookies,Supurgesepeti.com,HTTP Cookie,bench_new_T3_106419,,,,,Existing CM Trackers-Not Found,,,,,
www.googletagmanager.com,Performance cookies,Google Inc.,JavaScript,bench_new_T3_106854,,,TRUE,https://www.CLIENT_X.com.tr/,Existing CM Trackers-Found,,,,,
ad.doubleclick.net,Targeted Advertising cookies (including social media),Google Advertising Products,Beacon,bench_new_T3_106420,,,TRUE,https://www.CLIENT_X.com.tr/,Existing CM Trackers-Found,,,,,
www.CLIENT_X.nl,Essential cookies (exempt from consent),CLIENT_X - Netherlands,Local Storage,blank (local storage),,bench_update_duration,TRUE,https://www.CLIENT_X.com.tr/c-e/ho/cooking/airfryer-7000-serisi-xxl.html,Existing CM Trackers-Found,,,,,
CLIENT_X.co.uk,Targeted Advertising cookies (including social media),CLIENT_X - United Kingdom,Local Storage,bench_new_T3_105688,,,,,Existing CM Trackers-Not Found,,,,,
www.eu-west-1.api.CLIENT_X.com,Targeted Advertising cookies (including social media),Koninklijke CLIENT_X N.V.,Beacon,bench_new_T3_105690,,,,https://www.CLIENT_X.com.tr/c-e/shop/checkout,New Third Party Trackers,,,,,
demdex.net,Targeted Advertising cookies (including social media),"Adobe Audience Manager, Adobe Experience Cloud",HTTP Cookie,bench_new_T3_107073,,,,,Existing CM Trackers-Not Found,,,,,
CLIENT_X.hr,Essential cookies (exempt from consent),CLIENT_X - Croatia,HTTP Cookie,notice_behavior,,bench_update_duration,,,Existing CM Trackers-Not Found,,,,,
CLIENT_X.co.uk,Essential cookies,CLIENT_X - United Kingdom,HTTP Cookie,bench_new_T3_106351,,,,,Existing CM Trackers-Not Found,,,,,
www.crsc.CLIENT_X.com,Targeted Advertising cookies (including social media),Koninklijke CLIENT_X N.V.,ETag,bench_new_T3_106602,,,TRUE,https://www.CLIENT_X.com.tr/shop/order-search/search-input,Existing CM Trackers-Found,,,,,
casalemedia.com,Targeted Advertising cookies (including social media),Index Exchange Inc.,HTTP Cookie,bench_new_T3_106657,,365,TRUE,https://www.CLIENT_X.com.tr/a-w/about,Existing CM Trackers-Found,,,,,
cdn.ticimax.cloud,Performance cookies,Ticimax,JavaScript,bench_new_T3_106492,,,,,Existing CM Trackers-Not Found,,,,,
www.lighting.CLIENT_X.com.tr,Essential cookies,Signify (formerly CLIENT_X Lighting),HTTP Cookie,bench_new_T3_106280,,,,,Existing CM Trackers-Not Found,,,,,
consent.truste.com,Essential cookies,TrustArc,JavaScript,bench_new_T3_106702,,,,,Existing CM Trackers-Not Found,,,,,
CLIENT_X.com.tr,Targeted Advertising cookies (including social media),CLIENT_X - Turkey,HTTP Cookie,bench_new_T3_106312,,,,,Existing CM Trackers-Not Found,,,,,
consent-pref.trustarc.com,Essential cookies,TrustArc,JavaScript,_ga_failed_lookup_marker_66_822,,,,,Existing CM Trackers-Not Found,,,,,
platform.twitter.com,Targeted Advertising cookies (including social media),X (formerly Twitter),ETag,_ga_failed_lookup_marker_66_823,,,,,Existing CM Trackers-Not Found,,,,,
www.CLIENT_X.be,Essential cookies (exempt from consent),CLIENT_X - Belgium,Beacon,blank (beacon),,bench_update_duration,TRUE,https://www.CLIENT_X.com.tr/,Existing CM Trackers-Found,,,,,
www.lighting.CLIENT_X.com.tr,Essential cookies,Signify (formerly CLIENT_X Lighting),HTTP Cookie,bench_new_T3_106466,,,,,Existing CM Trackers-Not Found,,,,,
assets.kampyle.com,Performance cookies,Medallia,ETag,bench_new_T3_106073,,,TRUE,https://www.CLIENT_X.com.tr/a-w/about,Existing CM Trackers-Found,,,,,
CLIENT_X.com.tr,Essential cookies,CLIENT_X - Turkey,HTTP Cookie,bench_new_T3_106108,,,,,Existing CM Trackers-Not Found,,,,,
company-target.com,Targeted Advertising cookies (including social media),"Demandbase, Inc.",HTTP Cookie,bench_new_T3_106494,,396,TRUE,https://www.CLIENT_X.com.tr/a-w/about,Existing CM Trackers-Found,,,,,
CLIENT_X.com.pe,Essential cookies (exempt from consent),CLIENT_X - Peru,HTTP Cookie,s_vtime,,bench_update_duration,TRUE,https://www.CLIENT_X.com.tr/c-p/EP4441_50/4400-serisi-tam-otomatik-espresso-makinesi/destek,Existing CM Trackers-Found,,,,,
casalemedia.com,Targeted Advertising cookies (including social media),Index Exchange Inc.,HTTP Cookie,bench_new_T3_106302,,90,TRUE,https://www.CLIENT_X.com.tr/a-w/about,Existing CM Trackers-Found,,,,,
sc-static.net,Targeted Advertising cookies (including social media),Snap Inc.,ETag,bench_new_T3_106377,,,TRUE,https://www.CLIENT_X.com.tr/c-e/ho/ironing/azur-8000-series,Existing CM Trackers-Found,,,,,
www.lighting.CLIENT_X.com,Performance cookies,Signify (formerly CLIENT_X Lighting),ETag,bench_new_T3_106227,,,,,Existing CM Trackers-Not Found,,,,,
sc-static.net,Targeted Advertising cookies (including social media),Snap Inc.,ETag,bench_new_T3_106569,,,TRUE,https://www.CLIENT_X.com.tr/c-e/ho/ironing/azur-8000-series,Existing CM Trackers-Found,,,,,
halc.iadvize.com,Performance cookies,iAdvize,ETag,bench_new_T3_106347,,,TRUE,https://www.CLIENT_X.com.tr/c-e/ho/cooking/airfryer-7000-serisi-xxl.html,Existing CM Trackers-Found,,,,,
CLIENT_X.cz,Essential cookies (exempt from consent),CLIENT_X - Czech Republic,HTTP Cookie,s_cc,,bench_update_duration,TRUE,https://www.CLIENT_X.com.tr/c-e/ho/cooking/airfryer-7000-serisi-xxl.html,Existing CM Trackers-Found,,,,,
img.youtube.com,Targeted Advertising cookies (including social media),Google Advertising Products,ETag,bench_new_T3_105625,,,TRUE,https://www.CLIENT_X.com.tr/healthcare/solutions/clinical-informatics/clinical-informatics-enterprise-imaging/intellispace-portal,Existing CM Trackers-Found,,,,,
smetrics.marketing.CLIENT_X-hue.com,Targeted Advertising cookies (including social media),CLIENT_X Hue,JavaScript,bench_new_T3_106568,,,,,Existing CM Trackers-Not Found,,,,,
CLIENT_X.si,Essential cookies (exempt from consent),CLIENT_X - Slovenia,HTTP Cookie,s_cm_direct,,0,TRUE,https://www.CLIENT_X.com.tr/,Existing CM Trackers-Found,,,,,
www.CLIENT_X.be,Essential cookies (exempt from consent),CLIENT_X - Belgium,HTTP Cookie,kampyleUserPercentile,,bench_update_duration,,,Existing CM Trackers-Not Found,,,,,
www.CLIENT_X.com.tr,Performance cookies,CLIENT_X - Turkey,HTTP Cookie,bench_new_T3_106800,,,,,Existing CM Trackers-Not Found,,,,,
nebula-cdn.kampyle.com,Performance cookies,Medallia,JavaScript,bench_new_T3_106996,,,TRUE,https://www.CLIENT_X.com.tr/,Existing CM Trackers-Found,,,,,
supurgesepeti.com,Essential cookies,Supurgesepeti.com,Local Storage,bench_new_T3_106825,,,,,Existing CM Trackers-Not Found,,,,,
agent-versuni.mindtouch.us,Performance cookies,MindTouch,Beacon,bench_new_T3_106014,,,,https://www.CLIENT_X.com.tr/c-f/XC000021443/CLIENT_X-vantilat%C3%B6r%C3%BCm-sal%C4%B1n%C4%B1m-yaparken-al%C4%B1%C5%9F%C4%B1lmad%C4%B1k-bir-ses-%C3%A7%C4%B1kar%C4%B1yor,New Third Party Trackers,,,,,
www.healthcare.shop.CLIENT_X.co.uk,Essential cookies (exempt from consent),CLIENT_X - United Kingdom,HTTP Cookie,kampyleUserSession,,,,,Existing CM Trackers-Not Found,,,,,
CLIENT_X.com.tr,Essential cookies,CLIENT_X - Turkey,HTTP Cookie,bench_new_T3_107170,,0,TRUE,https://www.CLIENT_X.com.tr/,Existing CM Trackers-Found,,,,,
CLIENT_X.com.tr,Essential cookies,CLIENT_X - Turkey,HTTP Cookie,bench_new_T3_106137,,session,TRUE,https://www.CLIENT_X.com.tr/,Existing CM Trackers-Found,,,,,
supurgesepeti.com,Essential cookies,Supurgesepeti.com,HTTP Cookie,bench_new_T3_105929,,,,,Existing CM Trackers-Not Found,,,,,
www.crsc.CLIENT_X.com,Targeted Advertising cookies (including social media),Koninklijke CLIENT_X N.V.,ETag,bench_new_T3_106324,,,TRUE,https://www.CLIENT_X.com.tr/shop/order-search/search-input,Existing CM Trackers-Found,,,,,
*.online-metrix.net,Performance cookies,LexisNexis Risk Solutions (formerly ThreatMetrix),Beacon,_ga_failed_lookup_marker_66_849,,,,https://www.CLIENT_X.com.tr/,Existing CM Trackers-Found,,,,,
comment.niceteknoloji.com,Performance cookies,Nice Technology,ETag,bench_new_T3_106373,,,,,Existing CM Trackers-Not Found,,,,,
region1.google-analytics.com,Performance cookies,Google Inc.,HTTP Cookie,bench_new_T3_106109,,,,,Existing CM Trackers-Not Found,,,,,
*.t.eloqua.com,Performance cookies,Oracle Marketing,Beacon,bench_new_T3_105731,,,,https://www.CLIENT_X.com.tr/healthcare,New Third Party Trackers,,,,,
consent-st.trustarc.com,Essential cookies,TrustArc,JavaScript,bench_new_T3_106344,,,,,Existing CM Trackers-Not Found,,,,,
analytics-fe.digital-cloud-us-main.medallia.com,Performance cookies,Medallia,Beacon,bench_new_T3_106939,,,TRUE,https://www.CLIENT_X.com.tr/a-w/about,Existing CM Trackers-Found,,,,,
www.CLIENT_X.cl,Essential cookies (exempt from consent),CLIENT_X - Chile,HTTP Cookie,AWSELBCORS,,0,,,Existing CM Trackers-Not Found,,,,,
www.lighting.CLIENT_X.com.tr,Essential cookies,Signify (formerly CLIENT_X Lighting),HTTP Cookie,bench_new_T3_106208,,,,,Existing CM Trackers-Not Found,,,,,
www.CLIENT_X.com.pe,Essential cookies (exempt from consent),CLIENT_X - Peru,HTTP Cookie,kampyleUserSessionsCount,,,,,Existing CM Trackers-Not Found,,,,,
accounts.CLIENT_X.com,Performance cookies,Koninklijke CLIENT_X N.V.,HTTP Cookie,bench_new_T3_106999,,,,,Existing CM Trackers-Not Found,,,,,
labs.iadvize.com,Performance cookies,iAdvize,ETag,bench_new_T3_105975,,,TRUE,https://www.CLIENT_X.com.tr/c-e/ho/cooking/airfryer-7000-serisi-xxl.html,Existing CM Trackers-Found,,,,,
munchkin.marketo.net,Targeted Advertising cookies (including social media),Marketo,ETag,bench_new_T3_107196,,,,,Existing CM Trackers-Not Found,,,,,
consent-pref.trustarc.com,Essential cookies,TrustArc,Local Storage,bench_new_T3_105818,,,,,Existing CM Trackers-Not Found,,,,,
eloqua.com,Essential cookies,Oracle Marketing,HTTP Cookie,bench_new_T3_105951,,392,TRUE,https://www.CLIENT_X.com.tr/healthcare,Existing CM Trackers-Found,,,,,
nebula-cdn.kampyle.com,Performance cookies,Medallia,ETag,bench_new_T3_106883,,,TRUE,https://www.CLIENT_X.com.tr/c-p/AC3033_10/3000i-series-hava-temizleyici,Existing CM Trackers-Found,,,,,
smetrics.marketing.CLIENT_X-hue.com,Targeted Advertising cookies (including social media),CLIENT_X Hue,JavaScript,bench_new_T3_107010,,,,,Existing CM Trackers-Not Found,,,,,
CLIENT_X.com.tr,Essential cookies,CLIENT_X - Turkey,HTTP Cookie,_ga_failed_lookup_marker_66_865,,60,TRUE,https://www.CLIENT_X.com.tr/,Existing CM Trackers-Found,,,,,
CLIENT_X.com.tr,Essential cookies,CLIENT_X - Turkey,HTTP Cookie,bench_new_T3_107172,,,,,Existing CM Trackers-Not Found,,,,,
www.lighting.CLIENT_X.ma,Essential cookies (exempt from consent),Signify (formerly CLIENT_X Lighting),HTTP Cookie,s_sid,,7,,https://www.CLIENT_X.com.tr/c-p/AMF870_15/air-performer-8000-serisi-3-1-arada-hava-temizleyici-fan-ve-isitici,New First Party Trackers,,,,,
www.assets.signify.com,Performance cookies,Signify (formerly CLIENT_X Lighting),ETag,bench_new_T3_106596,,,,,Existing CM Trackers-Not Found,,,,,
lighting.CLIENT_X.com.tr,Essential cookies,Signify (formerly CLIENT_X Lighting),HTTP Cookie,bench_new_T3_106714,,,,,Existing CM Trackers-Not Found,,,,,
www.CLIENT_X.ca,Essential cookies (exempt from consent),CLIENT_X - Canada,Local Storage,blank (local storage),,bench_update_duration,,,Existing CM Trackers-Not Found,,,,,
www.CLIENT_X.com.tr,Essential cookies,CLIENT_X - Turkey,HTTP Cookie,bench_new_T3_106891,,0,,https://www.CLIENT_X.com.tr/c-p/AMF870_15/air-performer-8000-serisi-3-1-arada-hava-temizleyici-fan-ve-isitici,New First Party Trackers,,,,,
*.e.aa.online-metrix.net,Performance cookies,LexisNexis Risk Solutions (formerly ThreatMetrix),Beacon,bench_new_T3_105681,,,,https://www.CLIENT_X.com.tr/c-p/SWV9433C_00/hdmi-2.1-kablosu,New Third Party Trackers,,,,,
www.eu-west-1.api.CLIENT_X.com,Targeted Advertising cookies (including social media),Koninklijke CLIENT_X N.V.,Beacon,_ga_failed_lookup_marker_66_873,,,,https://www.CLIENT_X.com.tr/c-e/shop/checkout,New Third Party Trackers,,,,,
tr.snapchat.com,Targeted Advertising cookies (including social media),Snap Inc.,JavaScript,bench_new_T3_106461,,,TRUE,https://www.CLIENT_X.com.tr/c-e/ho/ironing/azur-8000-series,Existing CM Trackers-Found,,,,,
CLIENT_X.com.tr,Essential cookies,CLIENT_X - Turkey,HTTP Cookie,bench_new_T3_107046,,90,TRUE,https://www.CLIENT_X.com.tr/,Existing CM Trackers-Found,,,,,
www.CLIENT_X.com.tw,Essential cookies (exempt from consent),CLIENT_X - Taiwan,HTTP Cookie,kampyleUserSessionsCount,,bench_update_duration,TRUE,https://www.CLIENT_X.com.tr/,Existing CM Trackers-Found,,,,,
CLIENT_X.com.tr,Essential cookies,CLIENT_X - Turkey,HTTP Cookie,bench_new_T3_106822,,60,TRUE,https://www.CLIENT_X.com.tr/,Existing CM Trackers-Found,,,,,
munchkin.marketo.net,Targeted Advertising cookies (including social media),Marketo,JavaScript,bench_new_T3_106336,,,,,Existing CM Trackers-Not Found,,,,,
agent-versuni.mindtouch.us,Performance cookies,MindTouch,Beacon,bench_new_T3_106855,,,,https://www.CLIENT_X.com.tr/c-f/XC000021443/CLIENT_X-vantilat%C3%B6r%C3%BCm-sal%C4%B1n%C4%B1m-yaparken-al%C4%B1%C5%9F%C4%B1lmad%C4%B1k-bir-ses-%C3%A7%C4%B1kar%C4%B1yor,New Third Party Trackers,,,,,
CLIENT_X.com.tr,Essential cookies,CLIENT_X - Turkey,HTTP Cookie,bench_new_T3_105977,,0,TRUE,https://www.CLIENT_X.com.tr/,Existing CM Trackers-Found,,,,,
CLIENT_X.com.tr,Essential cookies,CLIENT_X - Turkey,HTTP Cookie,bench_new_T3_106941,,365,,https://www.CLIENT_X.com.tr/,New First Party Trackers,,,,,
static.cloudflareinsights.com,Performance cookies,Cloudflare,JavaScript,_ga_failed_lookup_marker_66_882,,,,,Existing CM Trackers-Not Found,,,,,
lighting.CLIENT_X.com.tr,Essential cookies,Signify (formerly CLIENT_X Lighting),HTTP Cookie,_ga_failed_lookup_marker_66_883,,,,,Existing CM Trackers-Not Found,,,,,
CLIENT_X.efmfeedback.com,Performance Cookies [Requires consent],Verint Systems Inc.,HTTP Cookie,AWSALBCORS,,bench_update_duration,,,Existing CM Trackers-Not Found,,,,,
analytics-ipv6.tiktokw.us,Targeted Advertising cookies (including social media),TikTok,Beacon,bench_new_T3_106603,,,,https://www.CLIENT_X.com.tr/,New Third Party Trackers,,,,,
www.eu-west-1.api.CLIENT_X.com,Targeted Advertising cookies (including social media),Koninklijke CLIENT_X N.V.,Beacon,bench_new_T3_106395,,,,https://www.CLIENT_X.com.tr/c-e/shop/checkout,New Third Party Trackers,,,,,
CLIENT_X.hu,Essential cookies (exempt from consent),CLIENT_X - Hungary,HTTP Cookie,_schn1,,bench_update_duration,TRUE,https://www.CLIENT_X.com.tr/c-p/AMF870_15/air-performer-8000-serisi-3-1-arada-hava-temizleyici-fan-ve-isitici,Existing CM Trackers-Found,,,,,
CLIENT_X.fi,Essential cookies (exempt from consent),CLIENT_X - Finland,HTTP Cookie,notice_behavior,,bench_update_duration,,,Existing CM Trackers-Not Found,,,,,
CLIENT_X.com.tr,Essential cookies,CLIENT_X - Turkey,HTTP Cookie,bench_new_T3_105739,,,,,Existing CM Trackers-Not Found,,,,,
CLIENT_X.com.tr,Performance cookies,CLIENT_X - Turkey,HTTP Cookie,_ga_failed_lookup_marker_66_890,,,,,Existing CM Trackers-Not Found,,,,,
www.CLIENT_X.com.tr,Essential cookies,CLIENT_X - Turkey,HTTP Cookie,_ga_failed_lookup_marker_66_891,,7,,https://www.CLIENT_X.com.tr/c-p/AMF870_15/air-performer-8000-serisi-3-1-arada-hava-temizleyici-fan-ve-isitici,New First Party Trackers,,,,,
youtube.com,Targeted Advertising cookies (including social media),Google Advertising Products,HTTP Cookie,bench_new_T3_106913,,180,TRUE,https://www.CLIENT_X.com.tr/healthcare/clinical-solutions/early-warning-scoring,Existing CM Trackers-Found,,,,,
CLIENT_X.com.tr,Essential cookies,CLIENT_X - Turkey,HTTP Cookie,bench_new_T3_106335,,365,TRUE,https://www.CLIENT_X.com.tr/,Existing CM Trackers-Found,,,,,
lighting.CLIENT_X.com.tr,Essential cookies,Signify (formerly CLIENT_X Lighting),HTTP Cookie,bench_new_T3_106476,,,,,Existing CM Trackers-Not Found,,,,,
lighting.CLIENT_X.co.za,Essential cookies (exempt from consent),Signify (formerly CLIENT_X Lighting),HTTP Cookie,s_ppvl,,bench_update_duration,TRUE,https://www.CLIENT_X.com.tr/,Existing CM Trackers-Found,,,,,
www.CLIENT_X.com.tr,Essential cookies,CLIENT_X - Turkey,Beacon,bench_new_T3_105713,,,TRUE,https://www.CLIENT_X.com.tr/a-w/about-CLIENT_X/sustainability.html,Existing CM Trackers-Found,,,,,
cdn-scripts.signifyd.com,Essential cookies,Signifyd,JavaScript,bench_new_T3_106453,,,TRUE,https://www.CLIENT_X.com.tr/,Existing CM Trackers-Found,,,,,
www.lampreplacementtool.lighting.CLIENT_X.com,Performance cookies,Koninklijke CLIENT_X N.V.,JavaScript,bench_new_T3_106222,,,,,Existing CM Trackers-Not Found,,,,,
versuni.scene7.com,Performance cookies,Adobe Experience Cloud - Experience Manager,ETag,bench_new_T3_107076,,,TRUE,https://www.CLIENT_X.com.tr/c-f/XC000021357/CLIENT_X-homerun-uygulamamda-haritalar-nas%C4%B1l-olu%C5%9Fturulur-ve-y%C3%B6netilir,Existing CM Trackers-Found,,,,,
munchkin.marketo.net,Targeted Advertising cookies (including social media),Marketo,ETag,bench_new_T3_105815,,,,,Existing CM Trackers-Not Found,,,,,
imgs.signifyd.com,Essential cookies,Signifyd,HTTP Cookie,bench_new_T3_106933,,390,TRUE,https://www.CLIENT_X.com.tr/,Existing CM Trackers-Found,,,,,
company-target.com,Targeted Advertising cookies (including social media),"Demandbase, Inc.",HTTP Cookie,bench_new_T3_106289,,396,TRUE,https://www.CLIENT_X.com.tr/a-w/about,Existing CM Trackers-Found,,,,,
www.lighting.CLIENT_X.com.tr,Essential cookies,Signify (formerly CLIENT_X Lighting),HTTP Cookie,bench_new_T3_106451,,,,,Existing CM Trackers-Not Found,,,,,
agent-versuni.mindtouch.us,Performance cookies,MindTouch,Beacon,bench_new_T3_106787,,,,https://www.CLIENT_X.com.tr/c-f/XC000021443/CLIENT_X-vantilat%C3%B6r%C3%BCm-sal%C4%B1n%C4%B1m-yaparken-al%C4%B1%C5%9F%C4%B1lmad%C4%B1k-bir-ses-%C3%A7%C4%B1kar%C4%B1yor,New Third Party Trackers,,,,,
CLIENT_Xb2c.my.salesforce-scrt.com,Performance cookies,"Salesforce.com, Inc.",Beacon,bench_new_T3_105941,,,,https://www.CLIENT_X.com.tr/c-w/tuketici-urunleri-destek/support-contact-page.html,New Third Party Trackers,,,,,
c.go-mpulse.net,Performance cookies,Akamai,JavaScript,bench_new_T3_106701,,,,,Existing CM Trackers-Not Found,,,,,
www.CLIENT_X.it,Essential cookies (exempt from consent),CLIENT_X - Italy,HTTP Cookie,shop-health,,,,,Existing CM Trackers-Not Found,,,,,
demdex.net,Targeted Advertising cookies (including social media),"Adobe Audience Manager, Adobe Experience Cloud",HTTP Cookie,_ga_failed_lookup_marker_66_908,,,,,Existing CM Trackers-Not Found,,,,,
youtube.com,Targeted Advertising cookies (including social media),Google Advertising Products,HTTP Cookie,bench_new_T3_105667,,session,TRUE,https://www.CLIENT_X.com.tr/healthcare/clinical-solutions/early-warning-scoring,Existing CM Trackers-Found,,,,,
tremorhub.com,Targeted Advertising cookies (including social media),"Magnite CTV, Inc.",HTTP Cookie,bench_new_T3_106587,,365,TRUE,https://www.CLIENT_X.com.tr/a-w/about,Existing CM Trackers-Found,,,,,
CLIENT_X.com.tr,Essential cookies,CLIENT_X - Turkey,HTTP Cookie,bench_new_T3_106061,,365,TRUE,https://www.CLIENT_X.com.tr/,Existing CM Trackers-Found,,,,,
CLIENT_X.com.qa,Essential cookies (exempt from consent),CLIENT_X - Qatar,HTTP Cookie,mbox,,,,,Existing CM Trackers-Not Found,,,,,
consent-pref.trustarc.com,Essential cookies,TrustArc,JavaScript,bench_new_T3_107106,,,,,Existing CM Trackers-Not Found,,,,,
imgs.signifyd.com,Essential cookies,Signifyd,JavaScript,bench_new_T3_106669,,,TRUE,https://www.CLIENT_X.com.tr/c-e/ho/uetueleme/descale-steam-generators,Existing CM Trackers-Found,,,,,
www.CLIENT_X.com.tr,Essential cookies,CLIENT_X - Turkey,HTTP Cookie,bench_new_T3_105879,,0,TRUE,https://www.CLIENT_X.com.tr/c-p/AMF870_15/air-performer-8000-serisi-3-1-arada-hava-temizleyici-fan-ve-isitici,Existing CM Trackers-Found,,,,,
CLIENT_X.ro,Essential cookies (exempt from consent),CLIENT_X - Romania,HTTP Cookie,_scid,,bench_update_duration,,,Existing CM Trackers-Not Found,,,,,
CLIENT_X.sa,Essential cookies (exempt from consent),CLIENT_X - Kingdom of Saudi Arabia,HTTP Cookie,_schn1,,bench_update_duration,TRUE,https://www.CLIENT_X.com.tr/,Existing CM Trackers-Found,,,,,
CLIENT_X.co.uk,Targeted Advertising cookies (including social media),CLIENT_X - United Kingdom,Local Storage,bench_new_T3_107097,,,,,Existing CM Trackers-Not Found,,,,,
tag.demandbase.com,Targeted Advertising cookies (including social media),"Demandbase, Inc.",JavaScript,bench_new_T3_105829,,,TRUE,https://www.CLIENT_X.com.tr/a-w/about,Existing CM Trackers-Found,,,,,
tr.snapchat.com,Targeted Advertising Cookies (including social media) [Requires consent],Snap Inc.,Beacon,-,,,,,Existing CM Trackers-Not Found,,,,,
dpm.demdex.net,Targeted Advertising cookies (including social media),"Adobe Audience Manager, Adobe Experience Cloud",Beacon,bench_new_T3_107035,,,,,Existing CM Trackers-Not Found,,,,,
lighting.CLIENT_X.com.tr,Performance cookies,Signify (formerly CLIENT_X Lighting),HTTP Cookie,bench_new_T3_106653,,,,,Existing CM Trackers-Not Found,,,,,
CLIENT_X.com.tr,Performance cookies,CLIENT_X - Turkey,HTTP Cookie,bench_new_T3_105615,,session,TRUE,https://www.CLIENT_X.com.tr/,Existing CM Trackers-Found,,,,,
www.google.com,Targeted Advertising cookies (including social media),Google Inc.,Beacon,bench_new_T3_106732,,,TRUE,https://www.CLIENT_X.com.tr/,Existing CM Trackers-Found,,,,,
widget-cdn.janraincapture.com,Performance cookies,Akamai,JavaScript,bench_new_T3_107095,,,,,Existing CM Trackers-Not Found,,,,,
lighting.CLIENT_X.com.tr,Essential cookies,Signify (formerly CLIENT_X Lighting),HTTP Cookie,bench_new_T3_106456,,,,,Existing CM Trackers-Not Found,,,,,
doubleclick.net,Targeted Advertising cookies (including social media),Google Advertising Products,HTTP Cookie,bench_new_T3_106421,,390,TRUE,https://www.CLIENT_X.com.tr/,Existing CM Trackers-Found,,,,,
imgs.signifyd.com,Essential cookies,Signifyd,Local Storage,bench_new_T3_106065,,,TRUE,https://www.CLIENT_X.com.tr/,Existing CM Trackers-Found,,,,,
agent-versuni.mindtouch.us,Performance cookies,MindTouch,HTTP Cookie,bench_new_T3_106548,,400,,https://www.CLIENT_X.com.tr/c-f/XC000021443/CLIENT_X-vantilat%C3%B6r%C3%BCm-sal%C4%B1n%C4%B1m-yaparken-al%C4%B1%C5%9F%C4%B1lmad%C4%B1k-bir-ses-%C3%A7%C4%B1kar%C4%B1yor,New Third Party Trackers,,,,,
c.amazon-adsystem.com,Targeted Advertising cookies (including social media),Amazon Ads,JavaScript,bench_new_T3_106956,,,TRUE,https://www.CLIENT_X.com.tr/,Existing CM Trackers-Found,,,,,
CLIENT_X.com.tr,Essential cookies,CLIENT_X - Turkey,HTTP Cookie,bench_new_T3_106528,,,,,Existing CM Trackers-Not Found,,,,,
CLIENT_X.com.mx,Essential cookies (exempt from consent),CLIENT_X - Mexico,HTTP Cookie,FPLC,,bench_update_duration,TRUE,https://www.CLIENT_X.com.tr/a-w/about,Existing CM Trackers-Found,,,,,
*.t.eloqua.com,Performance cookies,Oracle Marketing,Beacon,bench_new_T3_107047,,,,https://www.CLIENT_X.com.tr/healthcare,Existing CM Trackers-Found,,,,,
versuni.scene7.com,Performance cookies,Adobe Experience Cloud - Experience Manager,JavaScript,bench_new_T3_106644,,,TRUE,https://www.CLIENT_X.com.tr/c-f/XC000021359/CLIENT_X-homerun-elektrikli-robot-s%C3%BCp%C3%BCrgemi-nas%C4%B1l-temizlerim,Existing CM Trackers-Found,,,,,
cdn.mouseflow.com,Performance cookies,Mouseflow,JavaScript,bench_new_T3_106788,,,,https://www.CLIENT_X.com.tr/c-m-pe/hair-removal,New Third Party Trackers,,,,,
custom.yieldify.com,Targeted Advertising cookies (including social media),Yieldify,ETag,bench_new_T3_106819,,,,,Existing CM Trackers-Not Found,,,,,
lighting.CLIENT_X.co.id,Essential cookies (exempt from consent),Signify (formerly CLIENT_X Lighting),HTTP Cookie,s_nr,,bench_update_duration,,,Existing CM Trackers-Not Found,,,,,
cdn-scripts.signifyd.com,Essential cookies,Signifyd,JavaScript,bench_new_T3_106524,,,TRUE,https://www.CLIENT_X.com.tr/,Existing CM Trackers-Found,,,,,
nebula-cdn.kampyle.com,Performance cookies,Medallia,JavaScript,bench_new_T3_106392,,,TRUE,https://www.CLIENT_X.com.tr/,Existing CM Trackers-Found,,,,,
CLIENT_X.com.tr,Essential cookies,CLIENT_X - Turkey,HTTP Cookie,bench_new_T3_105636,,,,,Existing CM Trackers-Not Found,,,,,
region1.google-analytics.com,Performance cookies,Google Inc.,HTTP Cookie,bench_new_T3_107015,,,,,Existing CM Trackers-Not Found,,,,,
www.gstatic.com,Performance cookies,Google Inc.,JavaScript,bench_new_T3_105870,,,TRUE,https://www.CLIENT_X.com.tr/c-e/welcome?mag=F02&origin=20_tr_tr_mylumea_app,Existing CM Trackers-Found,,,,,
tracker-detail-page.trustarc.com,Essential cookies,TrustArc,JavaScript,bench_new_T3_105886,,,,https://www.CLIENT_X.com.tr/a-w/tanimlama-bilgileri-politikasi,New Third Party Trackers,,,,,
pages.information.signify.com,Performance cookies,Signify (formerly CLIENT_X Lighting),Local Storage,bench_new_T3_106915,,,,,Existing CM Trackers-Not Found,,,,,
CLIENT_Xlighting.d3.sc.omtrdc.net,Performance cookies,"Adobe Audience Manager, Adobe Experience Cloud",JavaScript,bench_new_T3_106668,,,,,Existing CM Trackers-Not Found,,,,,
widget-cdn.janraincapture.com,Performance cookies,Akamai,ETag,bench_new_T3_106821,,,,,Existing CM Trackers-Not Found,,,,,
*.casalemedia.com,Targeted Advertising cookies (including social media),Index Exchange Inc.,Beacon,bench_new_T3_106906,,,,https://www.CLIENT_X.com.tr/a-w/about,Existing CM Trackers-Found,,,,,
connect.facebook.net,Targeted Advertising cookies (including social media),Meta (formerly Facebook),JavaScript,bench_new_T3_105751,,,TRUE,https://www.CLIENT_X.com.tr/,Existing CM Trackers-Found,,,,,
munchkin.marketo.net,Targeted Advertising cookies (including social media),Marketo,JavaScript,bench_new_T3_107037,,,,,Existing CM Trackers-Not Found,,,,,
checkout-ui.prod.ticimax.net,Performance cookies,Ticimax,HTTP Cookie,bench_new_T3_106706,,,,,Existing CM Trackers-Not Found,,,,,
www.lighting.CLIENT_X.com.tr,Essential cookies,Signify (formerly CLIENT_X Lighting),HTTP Cookie,bench_new_T3_106480,,,,,Existing CM Trackers-Not Found,,,,,
code.jquery.com,Performance cookies,jQuery,JavaScript,bench_new_T3_105807,,,,,Existing CM Trackers-Not Found,,,,,
img.en25.com,Performance cookies,Oracle Marketing,JavaScript,bench_new_T3_105895,,,,https://www.CLIENT_X.com.tr/healthcare,New Third Party Trackers,,,,,
lighting.CLIENT_X.com.tr,Essential cookies,Signify (formerly CLIENT_X Lighting),HTTP Cookie,bench_new_T3_106320,,,,,Existing CM Trackers-Not Found,,,,,
www.supurgesepeti.com,Essential cookies,Supurgesepeti.com,HTTP Cookie,bench_new_T3_106275,,,,,Existing CM Trackers-Not Found,,,,,
CLIENT_X.112.2o7.net,Performance cookies,"Adobe Audience Manager, Adobe Experience Cloud",HTTP Cookie,bench_new_T3_107022,,400,,https://www.CLIENT_X.com.tr/,New Third Party Trackers,,,,,
c.amazon-adsystem.com,Targeted Advertising cookies (including social media),Amazon Ads,ETag,bench_new_T3_106257,,,TRUE,https://www.CLIENT_X.com.tr/,Existing CM Trackers-Found,,,,,
ticimax.cloud,Performance cookies,Ticimax,HTTP Cookie,bench_new_T3_107082,,,,,Existing CM Trackers-Not Found,,,,,
youtube.com,Targeted Advertising cookies (including social media),Google Advertising Products,Local Storage,_ga_failed_lookup_marker_66_959,,,,,Existing CM Trackers-Not Found,,,,,
*.online-metrix.net,Performance cookies,LexisNexis Risk Solutions (formerly ThreatMetrix),Beacon,bench_new_T3_106083,,,,https://www.CLIENT_X.com.tr/,New Third Party Trackers,,,,,
www.CLIENT_X.com.tr,Essential cookies,CLIENT_X - Turkey,HTTP Cookie,bench_new_T3_105678,,session,TRUE,https://www.CLIENT_X.com.tr/c-p/AMF870_15/air-performer-8000-serisi-3-1-arada-hava-temizleyici-fan-ve-isitici,Existing CM Trackers-Found,,,,,
CLIENT_X.com.tr,Targeted Advertising cookies (including social media),CLIENT_X - Turkey,HTTP Cookie,bench_new_T3_106188,,,,,Existing CM Trackers-Not Found,,,,,
cdn.mouseflow.com,Performance cookies,Mouseflow,JavaScript,bench_new_T3_105956,,,,https://www.CLIENT_X.com.tr/c-m-pe/hair-removal,New Third Party Trackers,,,,,
CLIENT_X.com.sg,Essential cookies (exempt from consent),CLIENT_X - Singapore,HTTP Cookie,_scid_r,,bench_update_duration,TRUE,https://www.CLIENT_X.com.tr/c-p/AMF870_15/air-performer-8000-serisi-3-1-arada-hava-temizleyici-fan-ve-isitici,Existing CM Trackers-Found,,,,,
cdn.mouseflow.com,Performance cookies,Mouseflow,ETag,bench_new_T3_105605,,,,https://www.CLIENT_X.com.tr/c-m-pe/hair-removal,New Third Party Trackers,,,,,
lighting.CLIENT_X.com.tr,Essential cookies,Signify (formerly CLIENT_X Lighting),HTTP Cookie,bench_new_T3_107114,,,,,Existing CM Trackers-Not Found,,,,,
www.CLIENT_X.ca,Essential cookies (exempt from consent),CLIENT_X - Canada,HTTP Cookie,__attentive_ss_referrer,,session,TRUE,https://www.CLIENT_X.com.tr/,Existing CM Trackers-Found,,,,,
www.lighting.CLIENT_X.com.tr,Essential cookies,Signify (formerly CLIENT_X Lighting),HTTP Cookie,bench_new_T3_106783,,,,,Existing CM Trackers-Not Found,,,,,
CLIENT_X.com.tr,Targeted Advertising cookies (including social media),CLIENT_X - Turkey,HTTP Cookie,bench_new_T3_105855,,90,TRUE,https://www.CLIENT_X.com.tr/,Existing CM Trackers-Found,,,,,
www.hcare.CLIENT_X.com.cn,Essential cookies (exempt from consent),CLIENT_X - China,HTTP Cookie,ASP.NET_SessionId,,,,,Existing CM Trackers-Not Found,,,,,
www.supurgesepeti.com,Essential cookies,Supurgesepeti.com,HTTP Cookie,bench_new_T3_105769,,,,,Existing CM Trackers-Not Found,,,,,
supurgesepeti.com,Essential cookies,Supurgesepeti.com,HTTP Cookie,bench_new_T3_106935,,,,,Existing CM Trackers-Not Found,,,,,
www.lampreplacementtool.lighting.CLIENT_X.com,Performance cookies,Koninklijke CLIENT_X N.V.,JavaScript,bench_new_T3_106142,,,,,Existing CM Trackers-Not Found,,,,,
*.online-metrix.net,Performance cookies,LexisNexis Risk Solutions (formerly ThreatMetrix),Beacon,bench_new_T3_106326,,,,https://www.CLIENT_X.com.tr/,Existing CM Trackers-Found,,,,,
*.akstat.io,Performance cookies,Akamai,Beacon,bench_new_T3_106477,,,,https://www.CLIENT_X.com.tr/c-p/SPT6607B_62/6000-series-kablosuz-klavye-fare-seti,Existing CM Trackers-Found,,,,,
lighting.CLIENT_X.com.tr,Essential cookies,Signify (formerly CLIENT_X Lighting),HTTP Cookie,bench_new_T3_106167,,,,,Existing CM Trackers-Not Found,,,,,
*.mktoweb.com,Targeted Advertising cookies (including social media),Marketo,ETag,bench_new_T3_106389,,,,,Existing CM Trackers-Not Found,,,,,
*.akstat.io,Performance cookies,Akamai,Beacon,bench_new_T3_105672,,,,https://www.CLIENT_X.com.tr/c-p/SPT6607B_62/6000-series-kablosuz-klavye-fare-seti,New Third Party Trackers,,,,,
maps.gstatic.com,Performance cookies,Google Inc.,JavaScript,_ga_failed_lookup_marker_66_979,,,,,Existing CM Trackers-Not Found,,,,,
CLIENT_X.com.tr,Essential cookies,CLIENT_X - Turkey,HTTP Cookie,bench_new_T3_106314,,365,TRUE,https://www.CLIENT_X.com.tr/,Existing CM Trackers-Found,,,,,
CLIENT_X.hu,Essential cookies (exempt from consent),CLIENT_X - Hungary,HTTP Cookie,s_cm,,bench_update_duration,,https://www.CLIENT_X.com.tr/,New First Party Trackers,,,,,
lighting.CLIENT_X.com.tr,Essential cookies,Signify (formerly CLIENT_X Lighting),HTTP Cookie,bench_new_T3_106862,,,,,Existing CM Trackers-Not Found,,,,,
www.CLIENT_X.com.tr,Essential cookies,CLIENT_X - Turkey,HTTP Cookie,bench_new_T3_106775,,365,TRUE,https://www.CLIENT_X.com.tr/c-p/AMF870_15/air-performer-8000-serisi-3-1-arada-hava-temizleyici-fan-ve-isitici,Existing CM Trackers-Found,,,,,
www.supurgesepeti.com,Essential cookies,Supurgesepeti.com,HTTP Cookie,bench_new_T3_105612,,,,,Existing CM Trackers-Not Found,,,,,
CLIENT_X.com.gh,Essential cookies (exempt from consent),CLIENT_X - Ghana,HTTP Cookie,_hjTLDTest,,bench_update_duration,,,Existing CM Trackers-Not Found,,,,,
www.realpro.lighting.CLIENT_X.com,Essential cookies,Koninklijke CLIENT_X N.V.,ETag,bench_new_T3_106138,,,,,Existing CM Trackers-Not Found,,,,,
doubleclick.net,Targeted Advertising cookies (including social media),Google Advertising Products,HTTP Cookie,bench_new_T3_106704,,0,TRUE,https://www.CLIENT_X.com.tr/,Existing CM Trackers-Found,,,,,
stats.g.doubleclick.net,Targeted Advertising cookies (including social media),Google Advertising Products,Beacon,bench_new_T3_105905,,,TRUE,https://www.CLIENT_X.com.tr/,Existing CM Trackers-Found,,,,,
consent-pref.trustarc.com,Essential cookies,TrustArc,JavaScript,bench_new_T3_105987,,,,,Existing CM Trackers-Not Found,,,,,
CLIENT_X.com.tr,Essential cookies,CLIENT_X - Turkey,HTTP Cookie,_ga_failed_lookup_marker_66_990,,,,,Existing CM Trackers-Not Found,,,,,
sc-static.net,Targeted Advertising cookies (including social media),Snap Inc.,ETag,bench_new_T3_106552,,,TRUE,https://www.CLIENT_X.com.tr/c-e/ho/ironing/azur-8000-series,Existing CM Trackers-Found,,,,,
www.CLIENT_X.ie,Essential cookies (exempt from consent),CLIENT_X - Ireland,HTTP Cookie,kampyleSessionPageCounter,,bench_update_duration,TRUE,https://www.CLIENT_X.com.tr/,Existing CM Trackers-Found,,,,,
imgs.signifyd.com,Essential cookies,Signifyd,HTTP Cookie,bench_new_T3_105714,,390,TRUE,https://www.CLIENT_X.com.tr/,Existing CM Trackers-Found,,,,,
imgs.signifyd.com,Essential cookies,Signifyd,HTTP Cookie,bench_new_T3_106343,,390,TRUE,https://www.CLIENT_X.com.tr/,Existing CM Trackers-Found,,,,,
respirtech.com,Essential cookies (exempt from consent),RespirTech,HTTP Cookie,notice_behavior,,392,TRUE,https://www.CLIENT_X.com.tr/healthcare,Existing CM Trackers-Found,,,,,
snap.licdn.com,Performance cookies,LinkedIn,JavaScript,bench_new_T3_106890,,,TRUE,https://www.CLIENT_X.com.tr/c-e/ho/cooking/airfryer-7000-serisi-xxl.html,Existing CM Trackers-Found,,,,,
CLIENT_X.com.tr,Essential cookies,CLIENT_X - Turkey,HTTP Cookie,bench_new_T3_106525,,393,TRUE,https://www.CLIENT_X.com.tr/,Existing CM Trackers-Found,,,,,
assets.adoberesources.net,Performance cookies,Adobe Inc.,ETag,bench_new_T3_106018,,,,,Existing CM Trackers-Not Found,,,,,
tr.snapchat.com,Targeted Advertising cookies (including social media),Snap Inc.,Beacon,bench_new_T3_106118,,,TRUE,https://www.CLIENT_X.com.tr/c-e/ho/cooking/airfryer-7000-serisi-xxl.html,Existing CM Trackers-Found,,,,,
pages.information.signify.com,Performance cookies,Signify (formerly CLIENT_X Lighting),JavaScript,bench_new_T3_106011,,,,,Existing CM Trackers-Not Found,,,,,
www.lighting.CLIENT_X.com.tr,Essential cookies,Signify (formerly CLIENT_X Lighting),HTTP Cookie,bench_new_T3_105716,,,,,Existing CM Trackers-Not Found,,,,,
lighting.CLIENT_X.com.tw,Essential cookies (exempt from consent),Signify (formerly CLIENT_X Lighting),HTTP Cookie,s_sid,,,TRUE,https://www.CLIENT_X.com.tr/c-p/AC3033_10/3000i-series-hava-temizleyici,Existing CM Trackers-Found,,,,,
static.doubleclick.net,Targeted Advertising cookies (including social media),Google Advertising Products,JavaScript,bench_new_T3_106121,,,,,Existing CM Trackers-Not Found,,,,,
www.lighting.CLIENT_X.be,Essential cookies (exempt from consent),Signify (formerly CLIENT_X Lighting),HTTP Cookie,d01-layout,,bench_update_duration,,,Existing CM Trackers-Not Found,,,,,
doubleclick.net,Targeted Advertising cookies (including social media),Google Advertising Products,HTTP Cookie,bench_new_T3_106876,,390,TRUE,https://www.CLIENT_X.com.tr/,Existing CM Trackers-Found,,,,,
www.CLIENT_X.com.tr,Essential cookies,CLIENT_X - Turkey,HTTP Cookie,bench_new_T3_105791,,0,TRUE,https://www.CLIENT_X.com.tr/c-p/AMF870_15/air-performer-8000-serisi-3-1-arada-hava-temizleyici-fan-ve-isitici,Existing CM Trackers-Found,,,,,
cdn-scripts.signifyd.com,Essential cookies,Signifyd,ETag,bench_new_T3_107181,,,TRUE,https://www.CLIENT_X.com.tr/,Existing CM Trackers-Found,,,,,
stats.g.doubleclick.net,Targeted Advertising cookies (including social media),Google Advertising Products,Beacon,bench_new_T3_105669,,,TRUE,https://www.CLIENT_X.com.tr/,Existing CM Trackers-Found,,,,,
td.yieldify.com,Targeted Advertising cookies (including social media),Yieldify,JavaScript,bench_new_T3_106172,,,,,Existing CM Trackers-Not Found,,,,,
CLIENT_Xb2c.my.site.com,Performance cookies,"Salesforce.com, Inc.",Beacon,bench_new_T3_106989,,,TRUE,https://www.CLIENT_X.com.tr/c-w/tuketici-urunleri-destek/support-contact-page.html,Existing CM Trackers-Found,,,,,
CLIENT_X.com.tr,Essential cookies,CLIENT_X - Turkey,HTTP Cookie,bench_new_T3_105942,,session,TRUE,https://www.CLIENT_X.com.tr/,Existing CM Trackers-Found,,,,,
www.crsc.CLIENT_X.com,Targeted Advertising cookies (including social media),Koninklijke CLIENT_X N.V.,ETag,bench_new_T3_106591,,,TRUE,https://www.CLIENT_X.com.tr/shop/order-search/search-input,Existing CM Trackers-Found,,,,,
www.CLIENT_X.com.sg,Essential cookies (exempt from consent),CLIENT_X - Singapore,HTTP Cookie,_sdsat_pgm_sh_alloc,,bench_update_duration,,,Existing CM Trackers-Not Found,,,,,
www.CLIENT_X.com.tr,Essential cookies,CLIENT_X - Turkey,HTTP Cookie,bench_new_T3_106745,,30,TRUE,https://www.CLIENT_X.com.tr/c-p/AMF870_15/air-performer-8000-serisi-3-1-arada-hava-temizleyici-fan-ve-isitici,Existing CM Trackers-Found,,,,,
CLIENT_X.com.tr,Essential cookies,CLIENT_X - Turkey,Local Storage,bench_new_T3_106406,,,TRUE,https://www.CLIENT_X.com.tr/c-w/tuketici-urunleri-destek/support-contact-page.html,Existing CM Trackers-Found,,,,,
CLIENT_X.com.tr,Targeted Advertising cookies (including social media),CLIENT_X - Turkey,HTTP Cookie,bench_new_T3_106239,,90,TRUE,https://www.CLIENT_X.com.tr/,Existing CM Trackers-Found,,,,,
script.hotjar.com,Targeted Advertising cookies (including social media),Hotjar,ETag,bench_new_T3_106130,,,,,Existing CM Trackers-Not Found,,,,,
CLIENT_X.com.tr,Essential cookies,CLIENT_X - Turkey,HTTP Cookie,bench_new_T3_106764,,,,,Existing CM Trackers-Not Found,,,,,
CLIENT_X.com.tr,Performance cookies,CLIENT_X - Turkey,HTTP Cookie,_ga_failed_lookup_marker_66_1019,,0,TRUE,https://www.CLIENT_X.com.tr/,Existing CM Trackers-Found,,,,,
www.CLIENT_X.com.tr,Essential cookies,CLIENT_X - Turkey,HTTP Cookie,bench_new_T3_107179,,0,TRUE,https://www.CLIENT_X.com.tr/c-p/AMF870_15/air-performer-8000-serisi-3-1-arada-hava-temizleyici-fan-ve-isitici,Existing CM Trackers-Found,,,,,
*.fls.doubleclick.net,Targeted Advertising cookies (including social media),Google Advertising Products,Beacon,bench_new_T3_106287,,,,,Existing CM Trackers-Not Found,,,,,
www.lighting.CLIENT_X.com.tr,Essential cookies,Signify (formerly CLIENT_X Lighting),ETag,bench_new_T3_106207,,,,,Existing CM Trackers-Not Found,,,,,
CLIENT_X.com.tr,Essential cookies,CLIENT_X - Turkey,HTTP Cookie,_ga_failed_lookup_marker_66_1023,,400,,https://www.CLIENT_X.com.tr/,New First Party Trackers,,,,,
dsum-sec.casalemedia.com,Targeted Advertising cookies (including social media),Index Exchange Inc.,Beacon,bench_new_T3_106957,,,,https://www.CLIENT_X.com.tr/a-w/about,New Third Party Trackers,,,,,
www.CLIENT_X.com.tr,Essential cookies,CLIENT_X - Turkey,HTTP Cookie,bench_new_T3_106830,,,,,Existing CM Trackers-Not Found,,,,,
www.CLIENT_X.com.tr,Essential cookies,CLIENT_X - Turkey,HTTP Cookie,bench_new_T3_105883,,session,TRUE,https://www.CLIENT_X.com.tr/c-p/AMF870_15/air-performer-8000-serisi-3-1-arada-hava-temizleyici-fan-ve-isitici,Existing CM Trackers-Found,,,,,
www.CLIENT_X.com.tr,Essential cookies,CLIENT_X - Turkey,HTTP Cookie,bench_new_T3_106811,,365,TRUE,https://www.CLIENT_X.com.tr/c-p/AMF870_15/air-performer-8000-serisi-3-1-arada-hava-temizleyici-fan-ve-isitici,Existing CM Trackers-Found,,,,,
CLIENT_X.com.tr,Essential cookies,CLIENT_X - Turkey,HTTP Cookie,bench_new_T3_106619,,,,,Existing CM Trackers-Not Found,,,,,
koninklijkeCLIENT_Xnvproduction2k8xfrmr.analytics.org.coveo.com,Performance cookies,Coveo Solutions Inc.,Beacon,bench_new_T3_105715,,,TRUE,https://www.CLIENT_X.com.tr/a-w/about/news/all-news.html,Existing CM Trackers-Found,,,,,
CLIENT_X.com.tr,Essential cookies,CLIENT_X - Turkey,HTTP Cookie,bench_new_T3_106740,,,,,Existing CM Trackers-Not Found,,,,,
CLIENT_X.com.tr,Essential cookies,CLIENT_X - Turkey,HTTP Cookie,bench_new_T3_107189,,,,,Existing CM Trackers-Not Found,,,,,
CLIENT_X.com.tr,Essential cookies,CLIENT_X - Turkey,HTTP Cookie,bench_new_T3_106442,,,,,Existing CM Trackers-Not Found,,,,,
CLIENT_X.com.tr,Essential cookies,CLIENT_X - Turkey,HTTP Cookie,bench_new_T3_106799,,365,,https://www.CLIENT_X.com.tr/,New First Party Trackers,,,,,
www.accounts.CLIENT_X.com,Essential cookies,Koninklijke CLIENT_X N.V.,JavaScript,bench_new_T3_106712,,,,,Existing CM Trackers-Not Found,,,,,
imgs.signifyd.com,Essential cookies,Signifyd,HTTP Cookie,bench_new_T3_106191,,390,TRUE,https://www.CLIENT_X.com.tr/,Existing CM Trackers-Found,,,,,
tag.demandbase.com,Targeted Advertising cookies (including social media),"Demandbase, Inc.",JavaScript,_ga_failed_lookup_marker_66_1036,,,TRUE,https://www.CLIENT_X.com.tr/a-w/about,Existing CM Trackers-Found,,,,,
lighting.CLIENT_X.com.tr,Essential cookies,Signify (formerly CLIENT_X Lighting),HTTP Cookie,bench_new_T3_106376,,,,,Existing CM Trackers-Not Found,,,,,
CLIENT_X.com.hk,Essential cookies (exempt from consent),CLIENT_X - Hong Kong,HTTP Cookie,s_cc,,,TRUE,https://www.CLIENT_X.com.tr/c-e/ho/cooking/airfryer-7000-serisi-xxl.html,Existing CM Trackers-Found,,,,,
www.CLIENT_X.com.tr,Performance cookies,CLIENT_X - Turkey,HTTP Cookie,bench_new_T3_105826,,,,,Existing CM Trackers-Not Found,,,,,
demdex.net,Targeted Advertising cookies (including social media),"Adobe Audience Manager, Adobe Experience Cloud",HTTP Cookie,bench_new_T3_106961,,,,,Existing CM Trackers-Not Found,,,,,
imgs.signifyd.com,Essential cookies,Signifyd,HTTP Cookie,bench_new_T3_106045,,390,TRUE,https://www.CLIENT_X.com.tr/,Existing CM Trackers-Found,,,,,
www.google.ie,Targeted Advertising cookies (including social media),Google Inc.,Beacon,_ga_failed_lookup_marker_66_1042,,,TRUE,https://www.CLIENT_X.com.tr/,Existing CM Trackers-Found,,,,,
CLIENT_X.ma,Essential cookies (exempt from consent),CLIENT_X - Morocco,HTTP Cookie,mboxEdgeCluster,,bench_update_duration,TRUE,https://www.CLIENT_X.com.tr/shop/order-search/search-input,Existing CM Trackers-Found,,,,,
www.lighting.CLIENT_X.es,Essential cookies (exempt from consent),Signify (formerly CLIENT_X Lighting),HTTP Cookie,s_mc,,,,,Existing CM Trackers-Not Found,,,,,
connect.facebook.net,Targeted Advertising cookies (including social media),Meta (formerly Facebook),Beacon,bench_new_T3_106236,,,TRUE,https://www.CLIENT_X.com.tr/c-p/EP4441_50/4400-serisi-tam-otomatik-espresso-makinesi/destek,Existing CM Trackers-Found,,,,,
*.t.eloqua.com,Performance cookies,Oracle Marketing,JavaScript,bench_new_T3_105642,,,,https://www.CLIENT_X.com.tr/healthcare/education-resources/education-training,Existing CM Trackers-Found,,,,,
pages.information.signify.com,Performance cookies,Signify (formerly CLIENT_X Lighting),HTTP Cookie,bench_new_T3_106521,,,,,Existing CM Trackers-Not Found,,,,,
platform-eu.cloud.coveo.com,Performance cookies,Coveo Solutions Inc.,Beacon,bench_new_T3_106277,,,,,Existing CM Trackers-Not Found,,,,,
CLIENT_X.com.tr,Performance cookies,CLIENT_X - Turkey,HTTP Cookie,_ga_failed_lookup_marker_66_1049,,400,,https://www.CLIENT_X.com.tr/,Existing CM Trackers-Found,,,,,
*.mktoweb.com,Targeted Advertising cookies (including social media),Marketo,Local Storage,bench_new_T3_106589,,,,,Existing CM Trackers-Not Found,,,,,
CLIENT_X.com.tr,Essential cookies,CLIENT_X - Turkey,HTTP Cookie,bench_new_T3_106982,,session,TRUE,https://www.CLIENT_X.com.tr/,Existing CM Trackers-Found,,,,,
www.accounts.CLIENT_X.com,Essential cookies,Koninklijke CLIENT_X N.V.,JavaScript,bench_new_T3_106663,,,,,Existing CM Trackers-Not Found,,,,,
cdn.channelsight.com,Essential cookies,ChannelSight,ETag,bench_new_T3_106095,,,TRUE,https://www.CLIENT_X.com.tr/c-e/ho/cooking/airfryer-7000-serisi-xxl.html,Existing CM Trackers-Found,,,,,
www.CLIENT_X.com,Essential cookies,Koninklijke CLIENT_X N.V.,ETag,bench_new_T3_107028,,,TRUE,https://www.CLIENT_X.com.tr/healthcare/sites/lumify-handheld-ultrasound/lumify-academy,Existing CM Trackers-Found,,,,,
www.lighting.CLIENT_X.com.tr,Essential cookies,Signify (formerly CLIENT_X Lighting),HTTP Cookie,bench_new_T3_105983,,,,,Existing CM Trackers-Not Found,,,,,
www.googleadservices.com,Targeted Advertising cookies (including social media),Google Advertising Products,JavaScript,bench_new_T3_105979,,,,,Existing CM Trackers-Not Found,,,,,
assets.kampyle.com,Performance cookies,Medallia,ETag,bench_new_T3_107023,,,TRUE,https://www.CLIENT_X.com.tr/a-w/about,Existing CM Trackers-Found,,,,,
amazon-adsystem.com,Targeted Advertising cookies (including social media),Amazon Ads,HTTP Cookie,bench_new_T3_106647,,223,TRUE,https://www.CLIENT_X.com.tr/,Existing CM Trackers-Found,,,,,
www.CLIENT_X.com.tr,Essential cookies,CLIENT_X - Turkey,HTTP Cookie,bench_new_T3_106871,,365,TRUE,https://www.CLIENT_X.com.tr/c-p/AMF870_15/air-performer-8000-serisi-3-1-arada-hava-temizleyici-fan-ve-isitici,Existing CM Trackers-Found,,,,,
www.googleadservices.com,Targeted Advertising Cookies (including social media) [Requires consent],Google Advertising Products,ETag,-,,bench_update_duration,TRUE,https://www.CLIENT_X.com.tr/,Existing CM Trackers-Found,,,,,
www.google.com,Essential cookies,Google Inc.,HTTP Cookie,bench_new_T3_107167,,180,TRUE,https://www.CLIENT_X.com.tr/c-e/welcome?mag=F02&origin=20_tr_tr_mylumea_app,Existing CM Trackers-Found,,,,,
www.ledsavingscalculator.CLIENT_X.co.uk,Performance cookies,Signify (formerly CLIENT_X Lighting),ETag,bench_new_T3_106722,,,,,Existing CM Trackers-Not Found,,,,,
cdn.ticimax.cloud,Performance cookies,Ticimax,JavaScript,bench_new_T3_107124,,,,,Existing CM Trackers-Not Found,,,,,
*.online-metrix.net,Performance cookies,LexisNexis Risk Solutions (formerly ThreatMetrix),JavaScript,bench_new_T3_105874,,,,https://www.CLIENT_X.com.tr/c-f/XC000021305/CLIENT_X-buhar-%C3%9Creticiminhepsi-bir-arada-%C3%87%C3%B6z%C3%BCm%C3%BCm%C3%BCn-kirecini-nas%C4%B1l-temizlerim,Existing CM Trackers-Found,,,,,
supurgesepeti.com,Essential cookies,Supurgesepeti.com,HTTP Cookie,_ga_failed_lookup_marker_66_1065,,,,,Existing CM Trackers-Not Found,,,,,
dpm.demdex.net,Targeted Advertising cookies (including social media),"Adobe Audience Manager, Adobe Experience Cloud",Beacon,bench_new_T3_105778,,,,,Existing CM Trackers-Not Found,,,,,
www.crsc.CLIENT_X.com,Targeted Advertising cookies (including social media),Koninklijke CLIENT_X N.V.,JavaScript,bench_new_T3_106047,,,TRUE,https://www.CLIENT_X.com.tr/shop/order-search/search-input,Existing CM Trackers-Found,,,,,
assets-v2.yieldify.com,Targeted Advertising cookies (including social media),Yieldify,ETag,bench_new_T3_106526,,,,,Existing CM Trackers-Not Found,,,,,
www.supurgesepeti.com,Essential cookies,Supurgesepeti.com,HTTP Cookie,bench_new_T3_106202,,,,,Existing CM Trackers-Not Found,,,,,
lighting.CLIENT_X.com.tr,Performance cookies,Signify (formerly CLIENT_X Lighting),HTTP Cookie,bench_new_T3_106230,,,,,Existing CM Trackers-Not Found,,,,,
munchkin.marketo.net,Targeted Advertising cookies (including social media),Marketo,ETag,bench_new_T3_107026,,,,,Existing CM Trackers-Not Found,,,,,
doubleclick.net,Targeted Advertising cookies (including social media),Google Advertising Products,HTTP Cookie,bench_new_T3_106759,,0,TRUE,https://www.CLIENT_X.com.tr/,Existing CM Trackers-Found,,,,,
cdn-scripts.signifyd.com,Essential cookies,Signifyd,JavaScript,bench_new_T3_105649,,,TRUE,https://www.CLIENT_X.com.tr/,Existing CM Trackers-Found,,,,,
www.CLIENT_X.com.tr,Essential cookies,CLIENT_X - Turkey,HTTP Cookie,bench_new_T3_106621,,0,,https://www.CLIENT_X.com.tr/c-p/AMF870_15/air-performer-8000-serisi-3-1-arada-hava-temizleyici-fan-ve-isitici,New First Party Trackers,,,,,
www.realpro.lighting.CLIENT_X.com,Essential cookies,Koninklijke CLIENT_X N.V.,ETag,bench_new_T3_105670,,,,,Existing CM Trackers-Not Found,,,,,
assets.kampyle.com,Performance cookies,Medallia,ETag,bench_new_T3_106919,,,TRUE,https://www.CLIENT_X.com.tr/a-w/about,Existing CM Trackers-Found,,,,,
acc.CLIENT_X.ru,Essential cookies (exempt from consent),CLIENT_X - Russia,ETag,blank (etag),,bench_update_duration,,https://www.CLIENT_X.com.tr/healthcare,Existing CM Trackers-Found,,,,,
CLIENT_X.ch,Essential cookies (exempt from consent),CLIENT_X - Switzerland,HTTP Cookie,com.adobe.alloy.getTld,,,,,Existing CM Trackers-Not Found,,,,,
analytics.tiktok.com,Targeted Advertising cookies (including social media),TikTok,JavaScript,bench_new_T3_106135,,,TRUE,https://www.CLIENT_X.com.tr/,Existing CM Trackers-Found,,,,,
www.CLIENT_X.co.uk,Performance cookies,CLIENT_X - United Kingdom,ETag,_ga_failed_lookup_marker_66_1080,,,,,Existing CM Trackers-Not Found,,,,,
www.CLIENT_X.com.tr,Essential cookies,CLIENT_X - Turkey,HTTP Cookie,bench_new_T3_106512,,0,TRUE,https://www.CLIENT_X.com.tr/c-p/AMF870_15/air-performer-8000-serisi-3-1-arada-hava-temizleyici-fan-ve-isitici,Existing CM Trackers-Found,,,,,
CLIENT_X.com.tr,Essential cookies,CLIENT_X - Turkey,HTTP Cookie,bench_new_T3_105724,,400,TRUE,https://www.CLIENT_X.com.tr/,Existing CM Trackers-Found,,,,,
dsum-sec.casalemedia.com,Targeted Advertising cookies (including social media),Index Exchange Inc.,Beacon,bench_new_T3_106605,,,,https://www.CLIENT_X.com.tr/a-w/about,New Third Party Trackers,,,,,
lighting.CLIENT_X.com.tr,Performance cookies,Signify (formerly CLIENT_X Lighting),HTTP Cookie,bench_new_T3_105753,,,,,Existing CM Trackers-Not Found,,,,,
*.fls.doubleclick.net,Targeted Advertising cookies (including social media),Google Advertising Products,Beacon,bench_new_T3_106530,,,,,Existing CM Trackers-Not Found,,,,,
www.CLIENT_X.com.tr,Essential cookies,CLIENT_X - Turkey,HTTP Cookie,bench_new_T3_106214,,7,TRUE,https://www.CLIENT_X.com.tr/c-p/AMF870_15/air-performer-8000-serisi-3-1-arada-hava-temizleyici-fan-ve-isitici,Existing CM Trackers-Found,,,,,
www.CLIENT_X.com.tr,Essential cookies,CLIENT_X - Turkey,HTTP Cookie,bench_new_T3_105610,,session,TRUE,https://www.CLIENT_X.com.tr/c-p/AMF870_15/air-performer-8000-serisi-3-1-arada-hava-temizleyici-fan-ve-isitici,Existing CM Trackers-Found,,,,,
www.CLIENT_X.com.pk,Essential cookies (exempt from consent),CLIENT_X - Pakistan,HTTP Cookie,kampyle_userid,,bench_update_duration,,,Existing CM Trackers-Not Found,,,,,
www.accounts.CLIENT_X.com,Essential cookies,Koninklijke CLIENT_X N.V.,JavaScript,bench_new_T3_106801,,,,,Existing CM Trackers-Not Found,,,,,
maps.googleapis.com,Targeted Advertising cookies (including social media),Google Inc.,ETag,bench_new_T3_106044,,,TRUE,https://www.CLIENT_X.com.tr/healthcare/about/distributors,Existing CM Trackers-Found,,,,,
CLIENT_X.com.tr,Essential cookies,CLIENT_X - Turkey,HTTP Cookie,bench_new_T3_106958,,,,,Existing CM Trackers-Not Found,,,,,
munchkin.marketo.net,Targeted Advertising cookies (including social media),Marketo,JavaScript,bench_new_T3_106520,,,,,Existing CM Trackers-Not Found,,,,,
www.crsc.CLIENT_X.com,Targeted Advertising cookies (including social media),Koninklijke CLIENT_X N.V.,ETag,bench_new_T3_106674,,,TRUE,https://www.CLIENT_X.com.tr/shop/order-search/search-input,Existing CM Trackers-Found,,,,,
assets.adobedtm.com,Performance cookies,Adobe Inc.,ETag,bench_new_T3_105880,,,,,Existing CM Trackers-Not Found,,,,,
www.ledsavingscalculator.CLIENT_X.co.uk,Performance cookies,Signify (formerly CLIENT_X Lighting),ETag,bench_new_T3_105737,,,,,Existing CM Trackers-Not Found,,,,,
www.lighting.CLIENT_X.com.tr,Essential cookies,Signify (formerly CLIENT_X Lighting),JavaScript,_ga_failed_lookup_marker_66_1096,,,,,Existing CM Trackers-Not Found,,,,,
www.lampreplacementtool.CLIENT_X.com,Essential cookies,Koninklijke CLIENT_X N.V.,ETag,_ga_failed_lookup_marker_66_1097,,,,,Existing CM Trackers-Not Found,,,,,
td.yieldify.com,Targeted Advertising cookies (including social media),Yieldify,JavaScript,bench_new_T3_105960,,,,,Existing CM Trackers-Not Found,,,,,
CLIENT_X.com.tr,Performance cookies,CLIENT_X - Turkey,HTTP Cookie,bench_new_T3_105993,,,,,Existing CM Trackers-Not Found,,,,,
CLIENT_Xb2c.my.site.com,Performance cookies,"Salesforce.com, Inc.",Beacon,bench_new_T3_106165,,,TRUE,https://www.CLIENT_X.com.tr/c-w/tuketici-urunleri-destek/support-contact-page.html,Existing CM Trackers-Found,,,,,
support.niceteknoloji.com,Performance cookies,Nice Technology,JavaScript,bench_new_T3_106881,,,,,Existing CM Trackers-Not Found,,,,,
CLIENT_Xtest.scene7.com,Performance cookies,Adobe Experience Cloud - Experience Manager,ETag,bench_new_T3_106062,,,,,Existing CM Trackers-Not Found,,,,,
platform.twitter.com,Targeted Advertising cookies (including social media),X (formerly Twitter),JavaScript,_ga_failed_lookup_marker_66_1103,,,,,Existing CM Trackers-Not Found,,,,,
CLIENT_X.com.tr,Essential cookies,CLIENT_X - Turkey,HTTP Cookie,bench_new_T3_106074,,,,,Existing CM Trackers-Not Found,,,,,
pixel.mathtag.com,Targeted Advertising Cookies (including social media) [Requires consent],"MediaMath, Inc.",Beacon,-,,bench_update_duration,TRUE,https://www.CLIENT_X.com.tr/c-e/ho/cooking/airfryer-7000-serisi-xxl.html,Existing CM Trackers-Found,,,,,
consent.truste.com,Essential cookies,TrustArc,JavaScript,bench_new_T3_105734,,,,,Existing CM Trackers-Not Found,,,,,
www.google.com,Targeted Advertising cookies (including social media),Google Inc.,JavaScript,bench_new_T3_106703,,,TRUE,https://www.CLIENT_X.com.tr/c-e/welcome?mag=F02&origin=20_tr_tr_mylumea_app,Existing CM Trackers-Found,,,,,
www.eu-west-1.api.CLIENT_X.com,Targeted Advertising cookies (including social media),Koninklijke CLIENT_X N.V.,Beacon,bench_new_T3_106769,,,,https://www.CLIENT_X.com.tr/c-e/shop/checkout,New Third Party Trackers,,,,,
px.ads.linkedin.com,Targeted Advertising cookies (including social media),LinkedIn,JavaScript,bench_new_T3_105752,,,TRUE,https://www.CLIENT_X.com.tr/healthcare/solutions/value-products,Existing CM Trackers-Found,,,,,
cdn.jsdelivr.net,Performance cookies,Volentio JSD Limited,ETag,bench_new_T3_106971,,,,,Existing CM Trackers-Not Found,,,,,
static.hotjar.com,Performance cookies,Hotjar,ETag,bench_new_T3_106193,,,,,Existing CM Trackers-Not Found,,,,,
www.lighting.CLIENT_X.com.tr,Essential cookies,Signify (formerly CLIENT_X Lighting),ETag,bench_new_T3_106004,,,,,Existing CM Trackers-Not Found,,,,,
www.assets.signify.com,Performance cookies,Signify (formerly CLIENT_X Lighting),ETag,bench_new_T3_106542,,,,,Existing CM Trackers-Not Found,,,,,
dpm.demdex.net,Targeted Advertising cookies (including social media),"Adobe Audience Manager, Adobe Experience Cloud",HTTP Cookie,_ga_failed_lookup_marker_66_1114,,,,,Existing CM Trackers-Not Found,,,,,
imgs.signifyd.com,Essential cookies,Signifyd,HTTP Cookie,bench_new_T3_106050,,390,TRUE,https://www.CLIENT_X.com.tr/,Existing CM Trackers-Found,,,,,
CLIENT_X.com.pe,Essential cookies (exempt from consent),CLIENT_X - Peru,HTTP Cookie,_ga,,bench_update_duration,,https://www.CLIENT_X.com.tr/,New Third Party Trackers,,,,,
www.CLIENT_X.com.tr,Essential cookies,CLIENT_X - Turkey,HTTP Cookie,bench_new_T3_106864,,,,,Existing CM Trackers-Not Found,,,,,
CLIENT_X.com.tr,Essential cookies,CLIENT_X - Turkey,HTTP Cookie,_ga_failed_lookup_marker_66_1118,,session,TRUE,https://www.CLIENT_X.com.tr/,Existing CM Trackers-Found,,,,,
www.lighting.CLIENT_X.com.tr,Essential cookies,Signify (formerly CLIENT_X Lighting),HTTP Cookie,bench_new_T3_106328,,,,,Existing CM Trackers-Not Found,,,,,
td.yieldify.com,Targeted Advertising cookies (including social media),Yieldify,JavaScript,bench_new_T3_105618,,,,,Existing CM Trackers-Not Found,,,,,
CLIENT_X.hr,Essential cookies (exempt from consent),CLIENT_X - Croatia,HTTP Cookie,_gcl_au,,bench_update_duration,,,Existing CM Trackers-Not Found,,,,,
www.CLIENT_X.com.tr,Performance cookies,CLIENT_X - Turkey,HTTP Cookie,bench_new_T3_105928,,,,,Existing CM Trackers-Not Found,,,,,
comment.niceteknoloji.com,Performance cookies,Nice Technology,JavaScript,bench_new_T3_106246,,,,,Existing CM Trackers-Not Found,,,,,
google.com,Performance cookies,Google Inc.,Local Storage,bench_new_T3_105994,,,TRUE,https://www.CLIENT_X.com.tr/c-e/welcome?mag=F02&origin=20_tr_tr_mylumea_app,Existing CM Trackers-Found,,,,,
www.facebook.com,Targeted Advertising cookies (including social media),Meta (formerly Facebook),Beacon,_ga_failed_lookup_marker_66_1125,,,TRUE,https://www.CLIENT_X.com.tr/,Existing CM Trackers-Found,,,,,
www.CLIENT_X.com.tr,Essential cookies,CLIENT_X - Turkey,HTTP Cookie,bench_new_T3_105910,,,,,Existing CM Trackers-Not Found,,,,,
images.CLIENT_X.com,Essential cookies,Koninklijke CLIENT_X N.V.,ETag,bench_new_T3_105816,,,TRUE,https://www.CLIENT_X.com.tr/c-p/AMF870_15/air-performer-8000-serisi-3-1-arada-hava-temizleyici-fan-ve-isitici,Existing CM Trackers-Found,,,,,
linkedin.com,Targeted Advertising cookies (including social media),LinkedIn,HTTP Cookie,bench_new_T3_106534,,365,TRUE,https://www.CLIENT_X.com.tr/c-e/ho/cooking/airfryer-7000-serisi-xxl.html,Existing CM Trackers-Found,,,,,
platform.twitter.com,Targeted Advertising cookies (including social media),X (formerly Twitter),ETag,bench_new_T3_106978,,,,,Existing CM Trackers-Not Found,,,,,
ticimax.cloud,Performance cookies,Ticimax,HTTP Cookie,bench_new_T3_107168,,,,,Existing CM Trackers-Not Found,,,,,
CLIENT_X.com.tr,Essential cookies,CLIENT_X - Turkey,Local Storage,bench_new_T3_105850,,,TRUE,https://www.CLIENT_X.com.tr/c-w/tuketici-urunleri-destek/support-contact-page.html,Existing CM Trackers-Found,,,,,
www.lampreplacementtool.CLIENT_X.com,Essential cookies,Koninklijke CLIENT_X N.V.,ETag,bench_new_T3_106576,,,,,Existing CM Trackers-Not Found,,,,,
custom.yieldify.com,Targeted Advertising cookies (including social media),Yieldify,ETag,bench_new_T3_106680,,,,,Existing CM Trackers-Not Found,,,,,
company-target.com,Targeted Advertising cookies (including social media),"Demandbase, Inc.",HTTP Cookie,bench_new_T3_106737,,396,TRUE,https://www.CLIENT_X.com.tr/a-w/about,Existing CM Trackers-Found,,,,,
www.CLIENT_X.com.tr,Essential cookies,CLIENT_X - Turkey,HTTP Cookie,bench_new_T3_107162,,0,TRUE,https://www.CLIENT_X.com.tr/c-p/AMF870_15/air-performer-8000-serisi-3-1-arada-hava-temizleyici-fan-ve-isitici,Existing CM Trackers-Found,,,,,
www.lighting.CLIENT_X.com.tr,Essential cookies,Signify (formerly CLIENT_X Lighting),ETag,bench_new_T3_106169,,,,,Existing CM Trackers-Not Found,,,,,
CLIENT_X.com.eg,Essential cookies (exempt from consent),CLIENT_X - Egypt,HTTP Cookie,TEST_AMCV_COOKIE,,,,https://www.CLIENT_X.com.tr/c-e/shop/checkout,New Third Party Trackers,,,,,
CLIENT_X.com.tr,Essential cookies,CLIENT_X - Turkey,HTTP Cookie,bench_new_T3_106499,,393,TRUE,https://www.CLIENT_X.com.tr/,Existing CM Trackers-Found,,,,,
*.cloudfront.net,Performance cookies,Amazon (Cloudfront),ETag,bench_new_T3_107088,,,,,Existing CM Trackers-Not Found,,,,,
maps.googleapis.com,Targeted Advertising cookies (including social media),Google Inc.,JavaScript,bench_new_T3_105931,,,TRUE,https://www.CLIENT_X.com.tr/healthcare/about/distributors,Existing CM Trackers-Found,,,,,
static.doubleclick.net,Targeted Advertising cookies (including social media),Google Advertising Products,JavaScript,bench_new_T3_105838,,,,,Existing CM Trackers-Not Found,,,,,
support.niceteknoloji.com,Performance cookies,Nice Technology,ETag,bench_new_T3_107120,,,,,Existing CM Trackers-Not Found,,,,,
fonts.yieldify-production.com,Targeted Advertising cookies (including social media),Yieldify,ETag,bench_new_T3_106397,,,,,Existing CM Trackers-Not Found,,,,,
lighting.CLIENT_X.com.tr,Essential cookies,Signify (formerly CLIENT_X Lighting),HTTP Cookie,bench_new_T3_106183,,,,,Existing CM Trackers-Not Found,,,,,
dpm.demdex.net,Targeted Advertising cookies (including social media),"Adobe Audience Manager, Adobe Experience Cloud",HTTP Cookie,_ga_failed_lookup_marker_66_1145,,,,,Existing CM Trackers-Not Found,,,,,
munchkin.marketo.net,Targeted Advertising cookies (including social media),Marketo,JavaScript,bench_new_T3_105674,,,,,Existing CM Trackers-Not Found,,,,,
www.supurgesepeti.com,Essential cookies,Supurgesepeti.com,HTTP Cookie,bench_new_T3_106818,,,,,Existing CM Trackers-Not Found,,,,,
i.ytimg.com,Targeted Advertising cookies (including social media),Google Inc.,ETag,bench_new_T3_106002,,,TRUE,https://www.CLIENT_X.com.tr/c-f/XC000004909/CLIENT_X-epilat%C3%B6r-cihaz%C4%B1m%C4%B1n-aparatlar%C4%B1-nas%C4%B1l-kullan%C4%B1l%C4%B1r,Existing CM Trackers-Found,,,,,
www.CLIENT_X.com.tr,Performance cookies,CLIENT_X - Turkey,HTTP Cookie,bench_new_T3_106649,,,,,Existing CM Trackers-Not Found,,,,,
CLIENT_X.com.tr,Essential cookies,CLIENT_X - Turkey,HTTP Cookie,bench_new_T3_106001,,session,TRUE,https://www.CLIENT_X.com.tr/,Existing CM Trackers-Found,,,,,
assets.adoberesources.net,Performance cookies,Adobe Inc.,ETag,_ga_failed_lookup_marker_66_1151,,,,,Existing CM Trackers-Not Found,,,,,
www.lampreplacementtool.CLIENT_X.com,Essential cookies,Koninklijke CLIENT_X N.V.,ETag,bench_new_T3_106015,,,,,Existing CM Trackers-Not Found,,,,,
tr.snapchat.com,Targeted Advertising cookies (including social media),Snap Inc.,JavaScript,bench_new_T3_106072,,,TRUE,https://www.CLIENT_X.com.tr/c-e/ho/ironing/azur-8000-series,Existing CM Trackers-Found,,,,,
*.casalemedia.com,Targeted Advertising cookies (including social media),Index Exchange Inc.,Beacon,bench_new_T3_106224,,,,https://www.CLIENT_X.com.tr/a-w/about,Existing CM Trackers-Found,,,,,
tremorhub.com,Targeted Advertising cookies (including social media),"Magnite CTV, Inc.",HTTP Cookie,bench_new_T3_106413,,365,TRUE,https://www.CLIENT_X.com.tr/a-w/about,Existing CM Trackers-Found,,,,,
assets.kampyle.com,Performance cookies,Medallia,ETag,bench_new_T3_106772,,,TRUE,https://www.CLIENT_X.com.tr/a-w/about,Existing CM Trackers-Found,,,,,
CLIENT_X.co.uk,Targeted Advertising cookies (including social media),CLIENT_X - United Kingdom,Local Storage,bench_new_T3_106152,,,,,Existing CM Trackers-Not Found,,,,,
script.hotjar.com,Targeted Advertising cookies (including social media),Hotjar,ETag,bench_new_T3_107060,,,,,Existing CM Trackers-Not Found,,,,,
www.CLIENT_X.nl,Essential cookies (exempt from consent),CLIENT_X - Netherlands,HTTP Cookie,fl_qualified_entry,,bench_update_duration,TRUE,https://www.CLIENT_X.com.tr/,Existing CM Trackers-Found,,,,,
ticimax.cloud,Performance cookies,Ticimax,HTTP Cookie,bench_new_T3_106102,,,,,Existing CM Trackers-Not Found,,,,,
ticimax.cloud,Performance cookies,Ticimax,HTTP Cookie,bench_new_T3_105860,,,,,Existing CM Trackers-Not Found,,,,,
CLIENT_X.ca,Essential cookies (exempt from consent),CLIENT_X - Canada,HTTP Cookie,TAsessionID,,365,TRUE,https://www.CLIENT_X.com.tr/c-p/AMF870_15/air-performer-8000-serisi-3-1-arada-hava-temizleyici-fan-ve-isitici,Existing CM Trackers-Found,,,,,
CLIENT_X.com.tr,Essential cookies,CLIENT_X - Turkey,HTTP Cookie,bench_new_T3_105872,,90,TRUE,https://www.CLIENT_X.com.tr/,Existing CM Trackers-Found,,,,,
eloqua.com,Essential cookies,Oracle Marketing,HTTP Cookie,bench_new_T3_106563,,392,TRUE,https://www.CLIENT_X.com.tr/healthcare,Existing CM Trackers-Found,,,,,
www.mercadopago.com,Performance Cookies [Requires consent],Mercado Pago,JavaScript,-,,392,TRUE,https://www.CLIENT_X.com.tr/healthcare,Existing CM Trackers-Found,,,,,
www.supurgesepeti.com,Essential cookies,Supurgesepeti.com,HTTP Cookie,bench_new_T3_106532,,,,,Existing CM Trackers-Not Found,,,,,
CLIENT_X.com.tr,Essential cookies,CLIENT_X - Turkey,HTTP Cookie,bench_new_T3_106665,,,,,Existing CM Trackers-Not Found,,,,,
www.CLIENT_X.co.nz,Essential cookies (exempt from consent),CLIENT_X - New Zealand,HTTP Cookie,kampyleUserSessionsCount,,,,,Existing CM Trackers-Not Found,,,,,
youtube.com,Targeted Advertising cookies (including social media),Google Advertising Products,HTTP Cookie,bench_new_T3_105648,,180,TRUE,https://www.CLIENT_X.com.tr/healthcare/clinical-solutions/early-warning-scoring,Existing CM Trackers-Found,,,,,
*.t.eloqua.com,Performance cookies,Oracle Marketing,Beacon,bench_new_T3_106921,,,,https://www.CLIENT_X.com.tr/healthcare,New Third Party Trackers,,,,,
www.lighting.CLIENT_X.com.tr,Essential cookies,Signify (formerly CLIENT_X Lighting),HTTP Cookie,bench_new_T3_106803,,,,,Existing CM Trackers-Not Found,,,,,
CLIENT_X.com.tr,Essential cookies,CLIENT_X - Turkey,HTTP Cookie,bench_new_T3_106690,,0,TRUE,https://www.CLIENT_X.com.tr/,Existing CM Trackers-Found,,,,,
beacon.speedcurve.com,Performance cookies,Speedcurve,Beacon,bench_new_T3_107143,,,,https://www.CLIENT_X.com.tr/c-e/ho/cooking/elektrikli-akilli-duduklu-tencere-3000-serisi.html,New Third Party Trackers,,,,,
c.amazon-adsystem.com,Targeted Advertising cookies (including social media),Amazon Ads,ETag,bench_new_T3_106306,,,TRUE,https://www.CLIENT_X.com.tr/,Existing CM Trackers-Found,,,,,
*.t.eloqua.com,Performance cookies,Oracle Marketing,JavaScript,bench_new_T3_107065,,,,https://www.CLIENT_X.com.tr/healthcare/education-resources/education-training,Existing CM Trackers-Found,,,,,
CLIENT_X.com.tr,Essential cookies,CLIENT_X - Turkey,HTTP Cookie,bench_new_T3_106561,,,,,Existing CM Trackers-Not Found,,,,,
CLIENT_X.com.tr,Performance cookies,CLIENT_X - Turkey,HTTP Cookie,bench_new_T3_107038,,,,,Existing CM Trackers-Not Found,,,,,
pagead2.googlesyndication.com,Targeted Advertising cookies (including social media),Google Advertising Products,Beacon,bench_new_T3_106781,,,,,Existing CM Trackers-Not Found,,,,,
dsum-sec.casalemedia.com,Targeted Advertising cookies (including social media),Index Exchange Inc.,Beacon,bench_new_T3_107039,,,,https://www.CLIENT_X.com.tr/a-w/about,New Third Party Trackers,,,,,
CLIENT_X.com.tr,Essential cookies,CLIENT_X - Turkey,HTTP Cookie,bench_new_T3_106046,,,,,Existing CM Trackers-Not Found,,,,,
youtube.com,Targeted Advertising cookies (including social media),Google Advertising Products,HTTP Cookie,bench_new_T3_105908,,session,TRUE,https://www.CLIENT_X.com.tr/healthcare/clinical-solutions/early-warning-scoring,Existing CM Trackers-Found,,,,,
cdn.ticimax.cloud,Performance cookies,Ticimax,JavaScript,bench_new_T3_106965,,,,,Existing CM Trackers-Not Found,,,,,
www.lighting.CLIENT_X.com.tr,Essential cookies,Signify (formerly CLIENT_X Lighting),HTTP Cookie,bench_new_T3_106696,,,,,Existing CM Trackers-Not Found,,,,,
snapchat.com,Targeted Advertising cookies (including social media),Snap Inc.,HTTP Cookie,bench_new_T3_106607,,390,TRUE,https://www.CLIENT_X.com.tr/c-e/ho/cooking/airfryer-7000-serisi-xxl.html,Existing CM Trackers-Found,,,,,
CLIENT_X.com.tr,Essential cookies,CLIENT_X - Turkey,HTTP Cookie,bench_new_T3_106274,,90,TRUE,https://www.CLIENT_X.com.tr/,Existing CM Trackers-Found,,,,,
dpm.demdex.net,Targeted Advertising cookies (including social media),"Adobe Audience Manager, Adobe Experience Cloud",Beacon,bench_new_T3_105754,,,,,Existing CM Trackers-Not Found,,,,,
CLIENT_X.com.tr,Essential cookies,CLIENT_X - Turkey,HTTP Cookie,bench_new_T3_105730,,400,TRUE,https://www.CLIENT_X.com.tr/,Existing CM Trackers-Found,,,,,
yt3.ggpht.com,Performance cookies,Google Inc.,ETag,bench_new_T3_105891,,,,,Existing CM Trackers-Not Found,,,,,
labs.iadvize.com,Performance cookies,iAdvize,ETag,bench_new_T3_105877,,,TRUE,https://www.CLIENT_X.com.tr/c-e/ho/cooking/airfryer-7000-serisi-xxl.html,Existing CM Trackers-Found,,,,,
agent-versuni.mindtouch.us,Performance cookies,MindTouch,Beacon,_ga_failed_lookup_marker_66_1190,,,,https://www.CLIENT_X.com.tr/c-f/XC000021443/CLIENT_X-vantilat%C3%B6r%C3%BCm-sal%C4%B1n%C4%B1m-yaparken-al%C4%B1%C5%9F%C4%B1lmad%C4%B1k-bir-ses-%C3%A7%C4%B1kar%C4%B1yor,New Third Party Trackers,,,,,
www.lighting.CLIENT_X.com.vn,Essential cookies (exempt from consent),Signify (formerly CLIENT_X Lighting),HTTP Cookie,customer_language_accept,,bench_update_duration,,https://www.CLIENT_X.com.tr/,New First Party Trackers,,,,,
www.supurgesepeti.com,Essential cookies,Supurgesepeti.com,HTTP Cookie,bench_new_T3_106786,,,,,Existing CM Trackers-Not Found,,,,,
platform.twitter.com,Targeted Advertising cookies (including social media),X (formerly Twitter),JavaScript,_ga_failed_lookup_marker_66_1193,,,,,Existing CM Trackers-Not Found,,,,,
supurgesepeti.com,Essential cookies,Supurgesepeti.com,HTTP Cookie,bench_new_T3_106839,,,,,Existing CM Trackers-Not Found,,,,,
static.hotjar.com,Performance cookies,Hotjar,ETag,bench_new_T3_105638,,,,,Existing CM Trackers-Not Found,,,,,
www.supurgesepeti.com,Essential cookies,Supurgesepeti.com,HTTP Cookie,bench_new_T3_107129,,,,,Existing CM Trackers-Not Found,,,,,
youtube.com,Targeted Advertising cookies (including social media),Google Advertising Products,HTTP Cookie,bench_new_T3_106043,,180,TRUE,https://www.CLIENT_X.com.tr/healthcare/clinical-solutions/early-warning-scoring,Existing CM Trackers-Found,,,,,
www.lampreplacementtool.lighting.CLIENT_X.com,Performance cookies,Koninklijke CLIENT_X N.V.,ETag,bench_new_T3_106859,,,,,Existing CM Trackers-Not Found,,,,,
CLIENT_X.co.uk,Essential cookies,CLIENT_X - United Kingdom,HTTP Cookie,bench_new_T3_106368,,,,,Existing CM Trackers-Not Found,,,,,
cdn.mouseflow.com,Performance cookies,Mouseflow,ETag,bench_new_T3_106401,,,,https://www.CLIENT_X.com.tr/c-m-pe/hair-removal,New Third Party Trackers,,,,,
CLIENT_X.com.tr,Essential cookies,CLIENT_X - Turkey,HTTP Cookie,bench_new_T3_106437,,393,TRUE,https://www.CLIENT_X.com.tr/,Existing CM Trackers-Found,,,,,
i.ytimg.com,Targeted Advertising cookies (including social media),Google Inc.,ETag,bench_new_T3_106454,,,TRUE,https://www.CLIENT_X.com.tr/c-f/XC000004909/CLIENT_X-epilat%C3%B6r-cihaz%C4%B1m%C4%B1n-aparatlar%C4%B1-nas%C4%B1l-kullan%C4%B1l%C4%B1r,Existing CM Trackers-Found,,,,,
CLIENT_Xlighting.d3.sc.omtrdc.net,Performance cookies,"Adobe Audience Manager, Adobe Experience Cloud",Beacon,bench_new_T3_106599,,,,,Existing CM Trackers-Not Found,,,,,
koninklijkeCLIENT_Xnvproduction2k8xfrmr.analytics.org.coveo.com,Performance cookies,Coveo Solutions Inc.,Beacon,bench_new_T3_105943,,,TRUE,https://www.CLIENT_X.com.tr/a-w/about/news/all-news.html,Existing CM Trackers-Found,,,,,
region1.analytics.google.com,Performance cookies,Google Inc.,Beacon,_ga_failed_lookup_marker_66_1205,,,TRUE,https://www.CLIENT_X.com.tr/,Existing CM Trackers-Found,,,,,
checkout-ui.prod.ticimax.net,Performance cookies,Ticimax,HTTP Cookie,bench_new_T3_105758,,,,,Existing CM Trackers-Not Found,,,,,
sc-static.net,Targeted Advertising cookies (including social media),Snap Inc.,ETag,bench_new_T3_107027,,,TRUE,https://www.CLIENT_X.com.tr/c-e/ho/ironing/azur-8000-series,Existing CM Trackers-Found,,,,,
youtube.com,Targeted Advertising cookies (including social media),Google Advertising Products,HTTP Cookie,bench_new_T3_106992,,180,TRUE,https://www.CLIENT_X.com.tr/healthcare/clinical-solutions/early-warning-scoring,Existing CM Trackers-Found,,,,,
youtube.com,Targeted Advertising cookies (including social media),Google Advertising Products,Local Storage,bench_new_T3_105726,,,,,Existing CM Trackers-Not Found,,,,,
checkout-ui.prod.ticimax.net,Performance cookies,Ticimax,JavaScript,_ga_failed_lookup_marker_66_1210,,,,,Existing CM Trackers-Not Found,,,,,
www.CLIENT_X.com.tr,Essential cookies,CLIENT_X - Turkey,HTTP Cookie,_ga_failed_lookup_marker_66_1211,,0,TRUE,https://www.CLIENT_X.com.tr/c-p/AMF870_15/air-performer-8000-serisi-3-1-arada-hava-temizleyici-fan-ve-isitici,Existing CM Trackers-Found,,,,,
www.supurgesepeti.com,Essential cookies,Supurgesepeti.com,JavaScript,bench_new_T3_106725,,,,,Existing CM Trackers-Not Found,,,,,
CLIENT_Xtest.scene7.com,Performance cookies,Adobe Experience Cloud - Experience Manager,ETag,bench_new_T3_106870,,,,,Existing CM Trackers-Not Found,,,,,
CLIENT_X.com.tr,Essential cookies,CLIENT_X - Turkey,HTTP Cookie,bench_new_T3_107116,,400,,https://www.CLIENT_X.com.tr/,New First Party Trackers,,,,,
CLIENT_X.com.tr,Essential cookies,CLIENT_X - Turkey,HTTP Cookie,_ga_failed_lookup_marker_66_1215,,0,TRUE,https://www.CLIENT_X.com.tr/,Existing CM Trackers-Found,,,,,
www.eu-west-1.api.CLIENT_X.com,Targeted Advertising cookies (including social media),Koninklijke CLIENT_X N.V.,Beacon,bench_new_T3_106037,,,,https://www.CLIENT_X.com.tr/c-e/shop/checkout,New Third Party Trackers,,,,,
CLIENT_X.com.tr,Essential cookies,CLIENT_X - Turkey,Local Storage,_ga_failed_lookup_marker_66_1217,,,TRUE,https://www.CLIENT_X.com.tr/c-w/tuketici-urunleri-destek/support-contact-page.html,Existing CM Trackers-Found,,,,,
www.lighting.CLIENT_X.com.tr,Essential cookies,Signify (formerly CLIENT_X Lighting),HTTP Cookie,bench_new_T3_105869,,,,,Existing CM Trackers-Not Found,,,,,
raw.githubusercontent.com,Performance cookies,GitHub Inc.,ETag,bench_new_T3_106000,,,TRUE,https://www.CLIENT_X.com.tr/healthcare/about/distributors,Existing CM Trackers-Found,,,,,
consent.truste.com,Essential cookies,TrustArc,JavaScript,bench_new_T3_105965,,,,,Existing CM Trackers-Not Found,,,,,
youtube.com,Targeted Advertising cookies (including social media),Google Advertising Products,HTTP Cookie,_ga_failed_lookup_marker_66_1221,,180,TRUE,https://www.CLIENT_X.com.tr/healthcare/clinical-solutions/early-warning-scoring,Existing CM Trackers-Found,,,,,
lighting.CLIENT_X.com.tr,Essential cookies,Signify (formerly CLIENT_X Lighting),HTTP Cookie,bench_new_T3_105925,,,,,Existing CM Trackers-Not Found,,,,,
*.online-metrix.net,Performance cookies,LexisNexis Risk Solutions (formerly ThreatMetrix),JavaScript,bench_new_T3_106422,,,,https://www.CLIENT_X.com.tr/c-f/XC000021305/CLIENT_X-buhar-%C3%9Creticiminhepsi-bir-arada-%C3%87%C3%B6z%C3%BCm%C3%BCm%C3%BCn-kirecini-nas%C4%B1l-temizlerim,Existing CM Trackers-Found,,,,,
CLIENT_Xlighting.d3.sc.omtrdc.net,Performance cookies,"Adobe Audience Manager, Adobe Experience Cloud",JavaScript,bench_new_T3_106063,,,,,Existing CM Trackers-Not Found,,,,,
www.CLIENT_X.com.tr,Essential cookies,CLIENT_X - Turkey,HTTP Cookie,bench_new_T3_106572,,365,TRUE,https://www.CLIENT_X.com.tr/c-p/AMF870_15/air-performer-8000-serisi-3-1-arada-hava-temizleyici-fan-ve-isitici,Existing CM Trackers-Found,,,,,
www.lighting.CLIENT_X.com,Performance cookies,Signify (formerly CLIENT_X Lighting),ETag,bench_new_T3_106056,,,,,Existing CM Trackers-Not Found,,,,,
fonts.yieldify-production.com,Targeted Advertising cookies (including social media),Yieldify,ETag,bench_new_T3_106019,,,,,Existing CM Trackers-Not Found,,,,,
eloqua.com,Essential cookies,Oracle Marketing,HTTP Cookie,bench_new_T3_106293,,392,TRUE,https://www.CLIENT_X.com.tr/healthcare,Existing CM Trackers-Found,,,,,
www.CLIENT_X.com.tr,Essential cookies,CLIENT_X - Turkey,HTTP Cookie,_ga_failed_lookup_marker_66_1229,,session,TRUE,https://www.CLIENT_X.com.tr/c-p/AMF870_15/air-performer-8000-serisi-3-1-arada-hava-temizleyici-fan-ve-isitici,Existing CM Trackers-Found,,,,,
www.ledsavingscalculator.CLIENT_X.co.uk,Performance cookies,Signify (formerly CLIENT_X Lighting),ETag,bench_new_T3_107159,,,,,Existing CM Trackers-Not Found,,,,,
www.supurgesepeti.com,Essential cookies,Supurgesepeti.com,HTTP Cookie,bench_new_T3_106774,,,,,Existing CM Trackers-Not Found,,,,,
CLIENT_X.com.tr,Performance cookies,CLIENT_X - Turkey,HTTP Cookie,_ga_failed_lookup_marker_66_1232,,session,TRUE,https://www.CLIENT_X.com.tr/,Existing CM Trackers-Found,,,,,
www.supurgesepeti.com,Essential cookies,Supurgesepeti.com,HTTP Cookie,bench_new_T3_106259,,,,,Existing CM Trackers-Not Found,,,,,
www.CLIENT_X.com.tr,Essential cookies,CLIENT_X - Turkey,HTTP Cookie,bench_new_T3_107148,,30,TRUE,https://www.CLIENT_X.com.tr/c-p/AMF870_15/air-performer-8000-serisi-3-1-arada-hava-temizleyici-fan-ve-isitici,Existing CM Trackers-Found,,,,,
dpm.demdex.net,Targeted Advertising cookies (including social media),"Adobe Audience Manager, Adobe Experience Cloud",HTTP Cookie,bench_new_T3_106386,,,,,Existing CM Trackers-Not Found,,,,,
platform-eu.cloud.coveo.com,Performance cookies,Coveo Solutions Inc.,Beacon,bench_new_T3_105881,,,,,Existing CM Trackers-Not Found,,,,,
CLIENT_X.pt,Essential cookies (exempt from consent),CLIENT_X - Portugal,HTTP Cookie,FPLC,,bench_update_duration,,,Existing CM Trackers-Not Found,,,,,
www.CLIENT_X.com.tr,Essential cookies,CLIENT_X - Turkey,HTTP Cookie,bench_new_T3_106067,,0,TRUE,https://www.CLIENT_X.com.tr/c-p/AMF870_15/air-performer-8000-serisi-3-1-arada-hava-temizleyici-fan-ve-isitici,Existing CM Trackers-Found,,,,,
casalemedia.com,Targeted Advertising cookies (including social media),Index Exchange Inc.,HTTP Cookie,bench_new_T3_106633,,90,TRUE,https://www.CLIENT_X.com.tr/a-w/about,Existing CM Trackers-Found,,,,,
CLIENT_X.com.tr,Essential cookies,CLIENT_X - Turkey,HTTP Cookie,bench_new_T3_106439,,,,,Existing CM Trackers-Not Found,,,,,
tag.demandbase.com,Targeted Advertising cookies (including social media),"Demandbase, Inc.",JavaScript,bench_new_T3_106252,,,TRUE,https://www.CLIENT_X.com.tr/a-w/about,Existing CM Trackers-Found,,,,,
www.CLIENT_X.com.tr,Essential cookies,CLIENT_X - Turkey,JavaScript,bench_new_T3_107002,,,TRUE,https://www.CLIENT_X.com.tr/,Existing CM Trackers-Found,,,,,
www.CLIENT_X.com.tr,Essential cookies,CLIENT_X - Turkey,HTTP Cookie,bench_new_T3_106802,,365,TRUE,https://www.CLIENT_X.com.tr/c-p/AMF870_15/air-performer-8000-serisi-3-1-arada-hava-temizleyici-fan-ve-isitici,Existing CM Trackers-Found,,,,,
www.lampreplacementtool.CLIENT_X.com,Essential cookies,Koninklijke CLIENT_X N.V.,ETag,bench_new_T3_106984,,,,,Existing CM Trackers-Not Found,,,,,
td.yieldify.com,Targeted Advertising cookies (including social media),Yieldify,JavaScript,bench_new_T3_106042,,,,,Existing CM Trackers-Not Found,,,,,
demdex.net,Targeted Advertising cookies (including social media),"Adobe Audience Manager, Adobe Experience Cloud",HTTP Cookie,_ga_failed_lookup_marker_66_1246,,,,,Existing CM Trackers-Not Found,,,,,
www.supurgesepeti.com,Essential cookies,Supurgesepeti.com,ETag,_ga_failed_lookup_marker_66_1247,,,,,Existing CM Trackers-Not Found,,,,,
*.en25.com,Targeted Advertising cookies (including social media),Oracle Marketing,JavaScript,bench_new_T3_106687,,,,https://www.CLIENT_X.com.tr/healthcare,Existing CM Trackers-Found,,,,,
smetrics.marketing.lighting.CLIENT_X.com,Targeted Advertising cookies (including social media),Koninklijke CLIENT_X N.V.,JavaScript,bench_new_T3_106734,,,,,Existing CM Trackers-Not Found,,,,,
cdnjs.cloudflare.com,Performance cookies,Cloudflare,ETag,bench_new_T3_106973,,,,,Existing CM Trackers-Not Found,,,,,
CLIENT_X.com.tr,Performance cookies,CLIENT_X - Turkey,HTTP Cookie,_ga_failed_lookup_marker_66_1251,,0,TRUE,https://www.CLIENT_X.com.tr/,Existing CM Trackers-Found,,,,,
CLIENT_X.com.tr,Essential cookies,CLIENT_X - Turkey,HTTP Cookie,bench_new_T3_106940,,0,TRUE,https://www.CLIENT_X.com.tr/,Existing CM Trackers-Found,,,,,
CLIENT_X.com.tr,Essential cookies,CLIENT_X - Turkey,HTTP Cookie,bench_new_T3_106272,,,,,Existing CM Trackers-Not Found,,,,,
platform-eu.cloud.coveo.com,Performance cookies,Coveo Solutions Inc.,Beacon,bench_new_T3_106773,,,,,Existing CM Trackers-Not Found,,,,,
analytics-ipv6.tiktokw.us,Targeted Advertising cookies (including social media),TikTok,Beacon,bench_new_T3_105820,,,,https://www.CLIENT_X.com.tr/,New Third Party Trackers,,,,,
demdex.net,Targeted Advertising cookies (including social media),"Adobe Audience Manager, Adobe Experience Cloud",HTTP Cookie,bench_new_T3_105609,,,,,Existing CM Trackers-Not Found,,,,,
lighting.CLIENT_X.com.tr,Essential cookies,Signify (formerly CLIENT_X Lighting),HTTP Cookie,bench_new_T3_105757,,,,,Existing CM Trackers-Not Found,,,,,
youtube.com,Targeted Advertising cookies (including social media),Google Advertising Products,Local Storage,bench_new_T3_107063,,,,,Existing CM Trackers-Not Found,,,,,
s2.go-mpulse.net,Performance cookies,Akamai,JavaScript,bench_new_T3_107079,,,TRUE,https://www.CLIENT_X.com.tr/,Existing CM Trackers-Found,,,,,
lighting.CLIENT_X.com.tr,Essential cookies,Signify (formerly CLIENT_X Lighting),HTTP Cookie,_ga_failed_lookup_marker_66_1260,,,,,Existing CM Trackers-Not Found,,,,,
CLIENT_X.com.tr,Essential cookies,CLIENT_X - Turkey,HTTP Cookie,bench_new_T3_106218,,,,,Existing CM Trackers-Not Found,,,,,
CLIENT_X.co.uk,Targeted Advertising cookies (including social media),CLIENT_X - United Kingdom,Local Storage,bench_new_T3_106747,,,,,Existing CM Trackers-Not Found,,,,,
www.realpro.lighting.CLIENT_X.com,Essential cookies,Koninklijke CLIENT_X N.V.,ETag,bench_new_T3_106081,,,,,Existing CM Trackers-Not Found,,,,,
raw.githubusercontent.com,Performance cookies,GitHub Inc.,ETag,bench_new_T3_106357,,,TRUE,https://www.CLIENT_X.com.tr/healthcare/about/distributors,Existing CM Trackers-Found,,,,,
CLIENT_X.com.tr,Essential cookies,CLIENT_X - Turkey,HTTP Cookie,bench_new_T3_106998,,400,TRUE,https://www.CLIENT_X.com.tr/,Existing CM Trackers-Found,,,,,
cdn.jsdelivr.net,Performance cookies,Volentio JSD Limited,JavaScript,bench_new_T3_106735,,,,,Existing CM Trackers-Not Found,,,,,
lighting.CLIENT_X.com.tr,Performance cookies,Signify (formerly CLIENT_X Lighting),HTTP Cookie,bench_new_T3_106003,,,,,Existing CM Trackers-Not Found,,,,,
CLIENT_X.gr,Essential cookies (exempt from consent),CLIENT_X - Greece,HTTP Cookie,s_gnr,,,,,Existing CM Trackers-Not Found,,,,,
CLIENT_X.com.tr,Essential cookies,CLIENT_X - Turkey,HTTP Cookie,bench_new_T3_106974,,,,,Existing CM Trackers-Not Found,,,,,
CLIENT_X.com.tr,Essential cookies,CLIENT_X - Turkey,HTTP Cookie,_ga_failed_lookup_marker_66_1270,,,,,Existing CM Trackers-Not Found,,,,,
www.supurgesepeti.com,Essential cookies,Supurgesepeti.com,HTTP Cookie,bench_new_T3_105665,,,,,Existing CM Trackers-Not Found,,,,,
CLIENT_X.co.il,Essential cookies (exempt from consent),CLIENT_X - Israel,HTTP Cookie,mbox,,session,TRUE,https://www.CLIENT_X.com.tr/c-p/AMF870_15/air-performer-8000-serisi-3-1-arada-hava-temizleyici-fan-ve-isitici,Existing CM Trackers-Found,,,,,
CLIENT_X.com.tr,Essential cookies,CLIENT_X - Turkey,HTTP Cookie,bench_new_T3_106481,,session,TRUE,https://www.CLIENT_X.com.tr/,Existing CM Trackers-Found,,,,,
youtube.com,Targeted Advertising cookies (including social media),Google Advertising Products,HTTP Cookie,_ga_failed_lookup_marker_66_1274,,180,TRUE,https://www.CLIENT_X.com.tr/healthcare/clinical-solutions/early-warning-scoring,Existing CM Trackers-Found,,,,,
www.crsc.CLIENT_X.com,Targeted Advertising cookies (including social media),Koninklijke CLIENT_X N.V.,ETag,bench_new_T3_106970,,,TRUE,https://www.CLIENT_X.com.tr/shop/order-search/search-input,Existing CM Trackers-Found,,,,,
CLIENT_X.112.2o7.net,Performance cookies,"Adobe Audience Manager, Adobe Experience Cloud",Beacon,_ga_failed_lookup_marker_66_1276,,,TRUE,https://www.CLIENT_X.com.tr/,Existing CM Trackers-Found,,,,,
www.supurgesepeti.com,Essential cookies,Supurgesepeti.com,HTTP Cookie,bench_new_T3_107061,,,,,Existing CM Trackers-Not Found,,,,,
tag-logger.demandbase.com,Targeted Advertising cookies (including social media),"Demandbase, Inc.",ETag,bench_new_T3_106176,,,,https://www.CLIENT_X.com.tr/a-w/about-CLIENT_X/bilgi-toplumu-hizmetleri.html,New Third Party Trackers,,,,,
CLIENT_X.112.2o7.net,Performance cookies,"Adobe Audience Manager, Adobe Experience Cloud",HTTP Cookie,bench_new_T3_107009,,400,,https://www.CLIENT_X.com.tr/,New Third Party Trackers,,,,,
lighting.CLIENT_X.sa,Essential cookies (exempt from consent),Signify (formerly CLIENT_X Lighting),HTTP Cookie,s_ppvl,,400,,https://www.CLIENT_X.com.tr/,Existing CM Trackers-Found,,,,,
CLIENT_X.com.tr,Essential cookies,CLIENT_X - Turkey,HTTP Cookie,bench_new_T3_106721,,,,,Existing CM Trackers-Not Found,,,,,
*.t.eloqua.com,Performance cookies,Oracle Marketing,Beacon,bench_new_T3_106841,,,,https://www.CLIENT_X.com.tr/healthcare,Existing CM Trackers-Found,,,,,
www.google.com,Targeted Advertising cookies (including social media),Google Inc.,JavaScript,bench_new_T3_106241,,,TRUE,https://www.CLIENT_X.com.tr/c-e/welcome?mag=F02&origin=20_tr_tr_mylumea_app,Existing CM Trackers-Found,,,,,
www.supurgesepeti.com,Essential cookies,Supurgesepeti.com,JavaScript,bench_new_T3_106749,,,,,Existing CM Trackers-Not Found,,,,,
custom.yieldify.com,Targeted Advertising cookies (including social media),Yieldify,ETag,bench_new_T3_106333,,,,,Existing CM Trackers-Not Found,,,,,
CLIENT_X.it,Essential cookies (exempt from consent),CLIENT_X - Italy,HTTP Cookie,s_tid,,bench_update_duration,TRUE,https://www.CLIENT_X.com.tr/,Existing CM Trackers-Found,,,,,
CLIENT_X.com.tr,Essential cookies,CLIENT_X - Turkey,HTTP Cookie,bench_new_T3_106709,,0,TRUE,https://www.CLIENT_X.com.tr/,Existing CM Trackers-Found,,,,,
CLIENT_X.com.tr,Performance cookies,CLIENT_X - Turkey,HTTP Cookie,bench_new_T3_105663,,session,TRUE,https://www.CLIENT_X.com.tr/,Existing CM Trackers-Found,,,,,
consent.trustarc.com,Essential cookies,TrustArc,Beacon,bench_new_T3_106718,,,TRUE,https://www.CLIENT_X.com.tr/,Existing CM Trackers-Found,,,,,
www.CLIENT_X.com.tr,Essential cookies,CLIENT_X - Turkey,HTTP Cookie,bench_new_T3_106342,,,,,Existing CM Trackers-Not Found,,,,,
CLIENT_X.com.tr,Essential cookies,CLIENT_X - Turkey,HTTP Cookie,bench_new_T3_105887,,,,,Existing CM Trackers-Not Found,,,,,
www.lighting.CLIENT_X.com.tw,Essential cookies (exempt from consent),Signify (formerly CLIENT_X Lighting),HTTP Cookie,s_int,,,,,Existing CM Trackers-Not Found,,,,,
CLIENT_X.com.tr,Essential cookies,CLIENT_X - Turkey,HTTP Cookie,bench_new_T3_106040,,400,TRUE,https://www.CLIENT_X.com.tr/,Existing CM Trackers-Found,,,,,
ajax.googleapis.com,Performance cookies,Google Inc.,JavaScript,bench_new_T3_105906,,,,,Existing CM Trackers-Not Found,,,,,
www.lighting.CLIENT_X.com.tw,Essential cookies (exempt from consent),Signify (formerly CLIENT_X Lighting),HTTP Cookie,CLIENT_X,,,,,Existing CM Trackers-Not Found,,,,,
www.CLIENT_X.com.tr,Essential cookies,CLIENT_X - Turkey,HTTP Cookie,bench_new_T3_105819,,session,TRUE,https://www.CLIENT_X.com.tr/c-p/AMF870_15/air-performer-8000-serisi-3-1-arada-hava-temizleyici-fan-ve-isitici,Existing CM Trackers-Found,,,,,
CLIENT_X.com.tr,Targeted Advertising cookies (including social media),CLIENT_X - Turkey,HTTP Cookie,bench_new_T3_106614,,,,,Existing CM Trackers-Not Found,,,,,
lighting.CLIENT_X.com.tr,Essential cookies,Signify (formerly CLIENT_X Lighting),HTTP Cookie,bench_new_T3_106445,,,,,Existing CM Trackers-Not Found,,,,,
lighting.CLIENT_X.com.tr,Essential cookies,Signify (formerly CLIENT_X Lighting),HTTP Cookie,bench_new_T3_106573,,,,,Existing CM Trackers-Not Found,,,,,
casalemedia.com,Targeted Advertising cookies (including social media),Index Exchange Inc.,HTTP Cookie,bench_new_T3_106872,,90,TRUE,https://www.CLIENT_X.com.tr/a-w/about,Existing CM Trackers-Found,,,,,
www.CLIENT_X.com.tr,Essential cookies,CLIENT_X - Turkey,HTTP Cookie,bench_new_T3_106120,,365,TRUE,https://www.CLIENT_X.com.tr/c-p/AMF870_15/air-performer-8000-serisi-3-1-arada-hava-temizleyici-fan-ve-isitici,Existing CM Trackers-Found,,,,,
demdex.net,Targeted Advertising cookies (including social media),"Adobe Audience Manager, Adobe Experience Cloud",HTTP Cookie,bench_new_T3_107153,,,,,Existing CM Trackers-Not Found,,,,,
static.cloudflareinsights.com,Performance cookies,Cloudflare,JavaScript,bench_new_T3_106383,,,,,Existing CM Trackers-Not Found,,,,,
*.mktoweb.com,Targeted Advertising cookies (including social media),Marketo,ETag,bench_new_T3_105831,,,,,Existing CM Trackers-Not Found,,,,,
lighting.CLIENT_X.com.tr,Essential cookies,Signify (formerly CLIENT_X Lighting),HTTP Cookie,bench_new_T3_105981,,,,,Existing CM Trackers-Not Found,,,,,
www.lighting.CLIENT_X.hu,Essential cookies (exempt from consent),CLIENT_X - Hungary,HTTP Cookie,AWSELBCORS,,bench_update_duration,,,Existing CM Trackers-Not Found,,,,,
lighting.CLIENT_X.com.tr,Essential cookies,Signify (formerly CLIENT_X Lighting),HTTP Cookie,bench_new_T3_106641,,,,,Existing CM Trackers-Not Found,,,,,
www.static.accounts.CLIENT_X.com,Essential cookies,Koninklijke CLIENT_X N.V.,JavaScript,bench_new_T3_105647,,,,,Existing CM Trackers-Not Found,,,,,
www.lighting.CLIENT_X.com.tr,Essential cookies,Signify (formerly CLIENT_X Lighting),HTTP Cookie,bench_new_T3_106858,,,,,Existing CM Trackers-Not Found,,,,,
tracker-detail-page.trustarc.com,Essential cookies,TrustArc,ETag,bench_new_T3_105918,,,,https://www.CLIENT_X.com.tr/a-w/tanimlama-bilgileri-politikasi,New Third Party Trackers,,,,,
www.ledsavingscalculator.CLIENT_X.co.uk,Performance cookies,Signify (formerly CLIENT_X Lighting),ETag,_ga_failed_lookup_marker_66_1311,,,,,Existing CM Trackers-Not Found,,,,,
CLIENT_X.com.tr,Essential cookies,CLIENT_X - Turkey,HTTP Cookie,bench_new_T3_106070,,90,TRUE,https://www.CLIENT_X.com.tr/,Existing CM Trackers-Found,,,,,
CLIENT_Xtest.scene7.com,Performance cookies,Adobe Experience Cloud - Experience Manager,ETag,bench_new_T3_105873,,,,,Existing CM Trackers-Not Found,,,,,
www.crsc.lighting.CLIENT_X.com,Performance cookies,Signify (formerly CLIENT_X Lighting),JavaScript,bench_new_T3_105948,,,,,Existing CM Trackers-Not Found,,,,,
platform.twitter.com,Targeted Advertising cookies (including social media),X (formerly Twitter),ETag,bench_new_T3_105623,,,,,Existing CM Trackers-Not Found,,,,,
cdn-scripts.signifyd.com,Essential cookies,Signifyd,JavaScript,bench_new_T3_105759,,,TRUE,https://www.CLIENT_X.com.tr/,Existing CM Trackers-Found,,,,,
region1.google-analytics.com,Performance cookies,Google Inc.,HTTP Cookie,bench_new_T3_105650,,,,,Existing CM Trackers-Not Found,,,,,
cdn.jsdelivr.net,Performance cookies,Volentio JSD Limited,JavaScript,bench_new_T3_105919,,,,,Existing CM Trackers-Not Found,,,,,
www.CLIENT_X.com.tr,Essential cookies,CLIENT_X - Turkey,HTTP Cookie,bench_new_T3_106942,,0,,https://www.CLIENT_X.com.tr/c-p/AMF870_15/air-performer-8000-serisi-3-1-arada-hava-temizleyici-fan-ve-isitici,New First Party Trackers,,,,,
agent-versuni.mindtouch.us,Performance cookies,MindTouch,HTTP Cookie,bench_new_T3_106986,,session,,https://www.CLIENT_X.com.tr/c-f/XC000021443/CLIENT_X-vantilat%C3%B6r%C3%BCm-sal%C4%B1n%C4%B1m-yaparken-al%C4%B1%C5%9F%C4%B1lmad%C4%B1k-bir-ses-%C3%A7%C4%B1kar%C4%B1yor,New Third Party Trackers,,,,,
static.ticimax.cloud,Performance cookies,Ticimax,ETag,bench_new_T3_106329,,,,,Existing CM Trackers-Not Found,,,,,
www.supurgesepeti.com,Essential cookies,Supurgesepeti.com,HTTP Cookie,bench_new_T3_107101,,,,,Existing CM Trackers-Not Found,,,,,
td.yieldify.com,Targeted Advertising cookies (including social media),Yieldify,ETag,bench_new_T3_106168,,,,,Existing CM Trackers-Not Found,,,,,
supurgesepeti.com,Essential cookies,Supurgesepeti.com,Local Storage,bench_new_T3_106892,,,,,Existing CM Trackers-Not Found,,,,,
*.e.aa.online-metrix.net,Performance cookies,LexisNexis Risk Solutions (formerly ThreatMetrix),Beacon,bench_new_T3_106432,,,,https://www.CLIENT_X.com.tr/c-p/SWV9433C_00/hdmi-2.1-kablosu,New Third Party Trackers,,,,,
consent.trustarc.com,Essential cookies,TrustArc,Beacon,bench_new_T3_105628,,,TRUE,https://www.CLIENT_X.com.tr/,Existing CM Trackers-Found,,,,,
region1.analytics.google.com,Performance cookies,Google Inc.,Beacon,bench_new_T3_105970,,,TRUE,https://www.CLIENT_X.com.tr/,Existing CM Trackers-Found,,,,,
lighting.CLIENT_X.com.tr,Essential cookies,Signify (formerly CLIENT_X Lighting),HTTP Cookie,_ga_failed_lookup_marker_66_1328,,,,,Existing CM Trackers-Not Found,,,,,
www.CLIENT_X.com.tr,Performance cookies,CLIENT_X - Turkey,HTTP Cookie,bench_new_T3_105634,,session,TRUE,https://www.CLIENT_X.com.tr/c-p/AMF870_15/air-performer-8000-serisi-3-1-arada-hava-temizleyici-fan-ve-isitici,Existing CM Trackers-Found,,,,,
doubleclick.net,Targeted Advertising cookies (including social media),Google Advertising Products,HTTP Cookie,bench_new_T3_106504,,0,TRUE,https://www.CLIENT_X.com.tr/,Existing CM Trackers-Found,,,,,
lighting.CLIENT_X.com.tr,Essential cookies,Signify (formerly CLIENT_X Lighting),Local Storage,bench_new_T3_106482,,,,,Existing CM Trackers-Not Found,,,,,
images.CLIENT_X.com,Essential cookies,Koninklijke CLIENT_X N.V.,ETag,bench_new_T3_105859,,,TRUE,https://www.CLIENT_X.com.tr/c-p/AMF870_15/air-performer-8000-serisi-3-1-arada-hava-temizleyici-fan-ve-isitici,Existing CM Trackers-Found,,,,,
www.google.com,Targeted Advertising cookies (including social media),Google Inc.,JavaScript,bench_new_T3_105974,,,TRUE,https://www.CLIENT_X.com.tr/c-e/welcome?mag=F02&origin=20_tr_tr_mylumea_app,Existing CM Trackers-Found,,,,,
CLIENT_X.com.tr,Essential cookies,CLIENT_X - Turkey,Local Storage,bench_new_T3_106332,,,TRUE,https://www.CLIENT_X.com.tr/c-w/tuketici-urunleri-destek/support-contact-page.html,Existing CM Trackers-Found,,,,,
cdn.jsdelivr.net,Performance cookies,Volentio JSD Limited,ETag,bench_new_T3_105854,,,,,Existing CM Trackers-Not Found,,,,,
www.lighting.CLIENT_X.com.mx,Essential cookies (exempt from consent),Signify (formerly CLIENT_X Lighting),HTTP Cookie,AWSELB,,0,,https://www.CLIENT_X.com.tr/c-m-pe/hair-removal,New Third Party Trackers,,,,,
www.crsc.CLIENT_X.com,Targeted Advertising cookies (including social media),Koninklijke CLIENT_X N.V.,JavaScript,bench_new_T3_106543,,,TRUE,https://www.CLIENT_X.com.tr/shop/order-search/search-input,Existing CM Trackers-Found,,,,,
tiktok.com,Targeted Advertising cookies (including social media),TikTok,HTTP Cookie,bench_new_T3_106299,,90,TRUE,https://www.CLIENT_X.com.tr/,Existing CM Trackers-Found,,,,,
www.gstatic.com,Performance cookies,Google Inc.,JavaScript,bench_new_T3_105710,,,TRUE,https://www.CLIENT_X.com.tr/c-e/welcome?mag=F02&origin=20_tr_tr_mylumea_app,Existing CM Trackers-Found,,,,,
CLIENT_X.112.2o7.net,Performance cookies,"Adobe Audience Manager, Adobe Experience Cloud",HTTP Cookie,bench_new_T3_106570,,400,,https://www.CLIENT_X.com.tr/,New Third Party Trackers,,,,,
platform-eu.cloud.coveo.com,Performance cookies,Coveo Solutions Inc.,Beacon,bench_new_T3_106341,,,,,Existing CM Trackers-Not Found,,,,,
CLIENT_X.com.tr,Essential cookies,CLIENT_X - Turkey,HTTP Cookie,bench_new_T3_106012,,400,TRUE,https://www.CLIENT_X.com.tr/,Existing CM Trackers-Found,,,,,
www.lighting.CLIENT_X.com.tr,Essential cookies,Signify (formerly CLIENT_X Lighting),HTTP Cookie,bench_new_T3_106457,,,,,Existing CM Trackers-Not Found,,,,,
CLIENT_X.com.tr,Essential cookies,CLIENT_X - Turkey,HTTP Cookie,_ga_failed_lookup_marker_66_1344,,session,TRUE,https://www.CLIENT_X.com.tr/,Existing CM Trackers-Found,,,,,
www.CLIENT_X.com.tr,Essential cookies,CLIENT_X - Turkey,HTTP Cookie,bench_new_T3_105955,,,,,Existing CM Trackers-Not Found,,,,,
CLIENT_X.com.tr,Essential cookies,CLIENT_X - Turkey,HTTP Cookie,bench_new_T3_105639,,session,TRUE,https://www.CLIENT_X.com.tr/,Existing CM Trackers-Found,,,,,
CLIENT_X.com.tr,Essential cookies,CLIENT_X - Turkey,HTTP Cookie,bench_new_T3_106695,,365,,https://www.CLIENT_X.com.tr/,New First Party Trackers,,,,,
cdn.ticimax.cloud,Performance cookies,Ticimax,ETag,bench_new_T3_106646,,,,,Existing CM Trackers-Not Found,,,,,
lighting.CLIENT_X.com.tr,Essential cookies,Signify (formerly CLIENT_X Lighting),HTTP Cookie,bench_new_T3_106197,,,,,Existing CM Trackers-Not Found,,,,,
www.CLIENT_X.co.in,Essential cookies (exempt from consent),CLIENT_X - India,Beacon,blank (beacon),,223,TRUE,https://www.CLIENT_X.com.tr/,Existing CM Trackers-Found,,,,,
www.google.com,Essential cookies,Google Inc.,HTTP Cookie,bench_new_T3_106683,,180,TRUE,https://www.CLIENT_X.com.tr/c-e/welcome?mag=F02&origin=20_tr_tr_mylumea_app,Existing CM Trackers-Found,,,,,
www.lighting.CLIENT_X.com.tr,Essential cookies,Signify (formerly CLIENT_X Lighting),HTTP Cookie,bench_new_T3_106762,,,,,Existing CM Trackers-Not Found,,,,,
snapchat.com,Targeted Advertising cookies (including social media),Snap Inc.,HTTP Cookie,bench_new_T3_106731,,390,TRUE,https://www.CLIENT_X.com.tr/c-e/ho/cooking/airfryer-7000-serisi-xxl.html,Existing CM Trackers-Found,,,,,
pages.information.signify.com,Performance cookies,Signify (formerly CLIENT_X Lighting),Local Storage,bench_new_T3_106410,,,,,Existing CM Trackers-Not Found,,,,,
CLIENT_X.com.tr,Essential cookies,CLIENT_X - Turkey,HTTP Cookie,bench_new_T3_106455,,0,TRUE,https://www.CLIENT_X.com.tr/,Existing CM Trackers-Found,,,,,
CLIENT_X.com.tr,Essential cookies,CLIENT_X - Turkey,HTTP Cookie,bench_new_T3_105733,,0,TRUE,https://www.CLIENT_X.com.tr/,Existing CM Trackers-Found,,,,,
checkout-ui.prod.ticimax.net,Performance cookies,Ticimax,ETag,bench_new_T3_106867,,,,,Existing CM Trackers-Not Found,,,,,
CLIENT_X.com.tr,Targeted Advertising cookies (including social media),CLIENT_X - Turkey,HTTP Cookie,bench_new_T3_106361,,90,TRUE,https://www.CLIENT_X.com.tr/,Existing CM Trackers-Found,,,,,
CLIENT_X.co.uk,Essential cookies,CLIENT_X - United Kingdom,HTTP Cookie,bench_new_T3_107122,,,,,Existing CM Trackers-Not Found,,,,,
static.hotjar.com,Performance cookies,Hotjar,ETag,bench_new_T3_105738,,,,,Existing CM Trackers-Not Found,,,,,
lighting.CLIENT_X.com.tr,Essential cookies,Signify (formerly CLIENT_X Lighting),HTTP Cookie,bench_new_T3_106203,,,,,Existing CM Trackers-Not Found,,,,,
www.subscription.CLIENT_X.co.uk,Essential cookies (exempt from consent),CLIENT_X - United Kingdom,HTTP Cookie,mdLogger,,bench_update_duration,,,Existing CM Trackers-Not Found,,,,,
CLIENT_X.com.tr,Essential cookies,CLIENT_X - Turkey,HTTP Cookie,bench_new_T3_106463,,0,TRUE,https://www.CLIENT_X.com.tr/,Existing CM Trackers-Found,,,,,
stats.g.doubleclick.net,Targeted Advertising cookies (including social media),Google Advertising Products,Beacon,bench_new_T3_106643,,,TRUE,https://www.CLIENT_X.com.tr/,Existing CM Trackers-Found,,,,,
CLIENT_X.com.tr,Essential cookies,CLIENT_X - Turkey,HTTP Cookie,bench_new_T3_106126,,400,,https://www.CLIENT_X.com.tr/,New First Party Trackers,,,,,
dpm.demdex.net,Targeted Advertising cookies (including social media),"Adobe Audience Manager, Adobe Experience Cloud",HTTP Cookie,bench_new_T3_106068,,,,,Existing CM Trackers-Not Found,,,,,
snap.licdn.com,Performance cookies,LinkedIn,JavaScript,bench_new_T3_106099,,,TRUE,https://www.CLIENT_X.com.tr/c-e/ho/cooking/airfryer-7000-serisi-xxl.html,Existing CM Trackers-Found,,,,,
www.lighting.CLIENT_X.com.tr,Essential cookies,Signify (formerly CLIENT_X Lighting),HTTP Cookie,bench_new_T3_106276,,,,,Existing CM Trackers-Not Found,,,,,
static.doubleclick.net,Targeted Advertising cookies (including social media),Google Advertising Products,JavaScript,bench_new_T3_106838,,,,,Existing CM Trackers-Not Found,,,,,
www.CLIENT_X.com.tr,Essential cookies,CLIENT_X - Turkey,HTTP Cookie,bench_new_T3_106502,,session,TRUE,https://www.CLIENT_X.com.tr/c-p/AMF870_15/air-performer-8000-serisi-3-1-arada-hava-temizleyici-fan-ve-isitici,Existing CM Trackers-Found,,,,,
www.abonnementen.CLIENT_X.nl,Essential cookies (exempt from consent),CLIENT_X - Netherlands,JavaScript,blank (java),,bench_update_duration,,,Existing CM Trackers-Not Found,,,,,
www.crsc.CLIENT_X.com,Targeted Advertising cookies (including social media),Koninklijke CLIENT_X N.V.,ETag,bench_new_T3_105603,,,TRUE,https://www.CLIENT_X.com.tr/shop/order-search/search-input,Existing CM Trackers-Found,,,,,
CLIENT_Xb2c.my.site.com,Performance cookies,"Salesforce.com, Inc.",Beacon,bench_new_T3_106484,,,TRUE,https://www.CLIENT_X.com.tr/c-w/tuketici-urunleri-destek/support-contact-page.html,Existing CM Trackers-Found,,,,,
www.static.accounts.CLIENT_X.com,Essential cookies,Koninklijke CLIENT_X N.V.,JavaScript,bench_new_T3_105771,,,,,Existing CM Trackers-Not Found,,,,,
www.ledsavingscalculator.CLIENT_X.co.uk,Performance cookies,Signify (formerly CLIENT_X Lighting),ETag,bench_new_T3_106667,,,,,Existing CM Trackers-Not Found,,,,,
www.crsc.lighting.CLIENT_X.com,Performance cookies,Signify (formerly CLIENT_X Lighting),JavaScript,bench_new_T3_106185,,,,,Existing CM Trackers-Not Found,,,,,
CLIENT_X.com.tr,Essential cookies,CLIENT_X - Turkey,HTTP Cookie,bench_new_T3_105875,,60,TRUE,https://www.CLIENT_X.com.tr/,Existing CM Trackers-Found,,,,,
halc.iadvize.com,Performance cookies,iAdvize,JavaScript,bench_new_T3_106264,,,TRUE,https://www.CLIENT_X.com.tr/c-e/ho/cooking/airfryer-7000-serisi-xxl.html,Existing CM Trackers-Found,,,,,
www.CLIENT_X.com.tr,Essential cookies,CLIENT_X - Turkey,HTTP Cookie,bench_new_T3_105923,,0,TRUE,https://www.CLIENT_X.com.tr/c-p/AMF870_15/air-performer-8000-serisi-3-1-arada-hava-temizleyici-fan-ve-isitici,Existing CM Trackers-Found,,,,,
www.CLIENT_X.co.uk,Performance cookies,CLIENT_X - United Kingdom,ETag,bench_new_T3_106196,,,,,Existing CM Trackers-Not Found,,,,,
www.supurgesepeti.com,Essential cookies,Supurgesepeti.com,HTTP Cookie,bench_new_T3_107052,,,,,Existing CM Trackers-Not Found,,,,,
maps.gstatic.com,Performance cookies,Google Inc.,JavaScript,bench_new_T3_106507,,,,,Existing CM Trackers-Not Found,,,,,
lighting.CLIENT_X.com.my,Essential cookies (exempt from consent),Signify (formerly CLIENT_X Lighting),HTTP Cookie,s_nr,,bench_update_duration,,https://www.CLIENT_X.com.tr/a-w/about,Existing CM Trackers-Found,,,,,
www.googleapis.com,Performance cookies,Google Inc.,JavaScript,bench_new_T3_107150,,,TRUE,https://www.CLIENT_X.com.tr/c-f/XC000004909/CLIENT_X-epilat%C3%B6r-cihaz%C4%B1m%C4%B1n-aparatlar%C4%B1-nas%C4%B1l-kullan%C4%B1l%C4%B1r,Existing CM Trackers-Found,,,,,
imgs.signifyd.com,Essential cookies,Signifyd,HTTP Cookie,bench_new_T3_107080,,390,TRUE,https://www.CLIENT_X.com.tr/,Existing CM Trackers-Found,,,,,
CLIENT_X.co.il,Essential cookies (exempt from consent),CLIENT_X - Israel,HTTP Cookie,_scid_r,,bench_update_duration,,,Existing CM Trackers-Not Found,,,,,
CLIENT_X.cl,Essential cookies (exempt from consent),CLIENT_X - Chile,HTTP Cookie,s_eVar8,,,TRUE,https://www.CLIENT_X.com.tr/healthcare/sites/lumify-handheld-ultrasound/lumify-academy,Existing CM Trackers-Found,,,,,
maps.gstatic.com,Performance cookies,Google Inc.,JavaScript,bench_new_T3_106983,,,,,Existing CM Trackers-Not Found,,,,,
www.googleapis.com,Performance cookies,Google Inc.,JavaScript,bench_new_T3_106975,,,TRUE,https://www.CLIENT_X.com.tr/c-f/XC000004909/CLIENT_X-epilat%C3%B6r-cihaz%C4%B1m%C4%B1n-aparatlar%C4%B1-nas%C4%B1l-kullan%C4%B1l%C4%B1r,Existing CM Trackers-Found,,,,,
casalemedia.com,Targeted Advertising cookies (including social media),Index Exchange Inc.,HTTP Cookie,bench_new_T3_106402,,90,TRUE,https://www.CLIENT_X.com.tr/a-w/about,Existing CM Trackers-Found,,,,,
youtube.com,Targeted Advertising cookies (including social media),Google Advertising Products,HTTP Cookie,bench_new_T3_107128,,180,TRUE,https://www.CLIENT_X.com.tr/healthcare/clinical-solutions/early-warning-scoring,Existing CM Trackers-Found,,,,,
CLIENT_X.com.tr,Essential cookies,CLIENT_X - Turkey,HTTP Cookie,bench_new_T3_106255,,0,TRUE,https://www.CLIENT_X.com.tr/,Existing CM Trackers-Found,,,,,
CLIENT_X.ro,Essential cookies (exempt from consent),CLIENT_X - Romania,HTTP Cookie,s_tid,,,TRUE,https://www.CLIENT_X.com.tr/c-p/AMF870_15/air-performer-8000-serisi-3-1-arada-hava-temizleyici-fan-ve-isitici,Existing CM Trackers-Found,,,,,
CLIENT_X.com.tr,Essential cookies,CLIENT_X - Turkey,HTTP Cookie,bench_new_T3_106330,,session,TRUE,https://www.CLIENT_X.com.tr/,Existing CM Trackers-Found,,,,,
www.static.accounts.CLIENT_X.com,Essential cookies,Koninklijke CLIENT_X N.V.,JavaScript,bench_new_T3_106990,,,,,Existing CM Trackers-Not Found,,,,,
munchkin.marketo.net,Targeted Advertising cookies (including social media),Marketo,ETag,bench_new_T3_106684,,,,,Existing CM Trackers-Not Found,,,,,
www.lighting.CLIENT_X.com.tr,Essential cookies,Signify (formerly CLIENT_X Lighting),HTTP Cookie,_ga_failed_lookup_marker_66_1397,,,,,Existing CM Trackers-Not Found,,,,,
www.CLIENT_X.com.tr,Essential cookies,CLIENT_X - Turkey,HTTP Cookie,bench_new_T3_107031,,session,TRUE,https://www.CLIENT_X.com.tr/c-p/AMF870_15/air-performer-8000-serisi-3-1-arada-hava-temizleyici-fan-ve-isitici,Existing CM Trackers-Found,,,,,
www.CLIENT_X.com.tr,Essential cookies,CLIENT_X - Turkey,JavaScript,_ga_failed_lookup_marker_66_1399,,,TRUE,https://www.CLIENT_X.com.tr/,Existing CM Trackers-Found,,,,,
consent.trustarc.com,Essential cookies,TrustArc,JavaScript,bench_new_T3_106728,,,TRUE,https://www.CLIENT_X.com.tr/,Existing CM Trackers-Found,,,,,
doubleclick.net,Targeted Advertising cookies (including social media),Google Advertising Products,HTTP Cookie,bench_new_T3_106370,,30,TRUE,https://www.CLIENT_X.com.tr/,Existing CM Trackers-Found,,,,,
*.mktoweb.com,Targeted Advertising cookies (including social media),Marketo,Local Storage,bench_new_T3_106908,,,,,Existing CM Trackers-Not Found,,,,,
img.en25.com,Performance cookies,Oracle Marketing,JavaScript,bench_new_T3_106416,,,,https://www.CLIENT_X.com.tr/healthcare,New Third Party Trackers,,,,,
cdn.ticimax.cloud,Performance cookies,Ticimax,ETag,bench_new_T3_105736,,,,,Existing CM Trackers-Not Found,,,,,
CLIENT_X.com.tr,Targeted Advertising cookies (including social media),CLIENT_X - Turkey,HTTP Cookie,bench_new_T3_106869,,90,TRUE,https://www.CLIENT_X.com.tr/,Existing CM Trackers-Found,,,,,
*.en25.com,Targeted Advertising cookies (including social media),Oracle Marketing,JavaScript,_ga_failed_lookup_marker_66_1406,,,,https://www.CLIENT_X.com.tr/healthcare,Existing CM Trackers-Found,,,,,
www.CLIENT_X.com.tr,Performance cookies,CLIENT_X - Turkey,HTTP Cookie,bench_new_T3_106006,,,,,Existing CM Trackers-Not Found,,,,,
CLIENT_X.com.tr,Essential cookies,CLIENT_X - Turkey,HTTP Cookie,bench_new_T3_107176,,session,TRUE,https://www.CLIENT_X.com.tr/,Existing CM Trackers-Found,,,,,
www.lampreplacementtool.lighting.CLIENT_X.com,Performance cookies,Koninklijke CLIENT_X N.V.,ETag,_ga_failed_lookup_marker_66_1409,,,,,Existing CM Trackers-Not Found,,,,,
consent.truste.com,Essential cookies,TrustArc,JavaScript,bench_new_T3_106555,,,,,Existing CM Trackers-Not Found,,,,,
analytics-fe.digital-cloud-us-main.medallia.com,Performance cookies,Medallia,Beacon,bench_new_T3_106470,,,TRUE,https://www.CLIENT_X.com.tr/a-w/about,Existing CM Trackers-Found,,,,,
CLIENT_X.com.tr,Performance cookies,CLIENT_X - Turkey,HTTP Cookie,bench_new_T3_106253,,,,,Existing CM Trackers-Not Found,,,,,
www.lighting.CLIENT_X.com.tr,Essential cookies,Signify (formerly CLIENT_X Lighting),ETag,_ga_failed_lookup_marker_66_1413,,,,,Existing CM Trackers-Not Found,,,,,
CLIENT_X.112.2o7.net,Performance cookies,"Adobe Audience Manager, Adobe Experience Cloud",HTTP Cookie,bench_new_T3_105687,,400,,https://www.CLIENT_X.com.tr/,New Third Party Trackers,,,,,
www.CLIENT_X.ro,Essential cookies (exempt from consent),CLIENT_X - Romania,HTTP Cookie,shop-health,,session,TRUE,https://www.CLIENT_X.com.tr/,Existing CM Trackers-Found,,,,,
nebula-cdn.kampyle.com,Performance cookies,Medallia,JavaScript,bench_new_T3_107164,,,TRUE,https://www.CLIENT_X.com.tr/,Existing CM Trackers-Found,,,,,
assets.adoberesources.net,Performance cookies,Adobe Inc.,JavaScript,bench_new_T3_106648,,,,,Existing CM Trackers-Not Found,,,,,
CLIENT_Xb2c.my.site.com,Performance cookies,"Salesforce.com, Inc.",JavaScript,bench_new_T3_106048,,,TRUE,https://www.CLIENT_X.com.tr/c-w/tuketici-urunleri-destek/support-contact-page.html,Existing CM Trackers-Found,,,,,
comment.niceteknoloji.com,Performance cookies,Nice Technology,ETag,bench_new_T3_106897,,,,,Existing CM Trackers-Not Found,,,,,
labs.iadvize.com,Performance cookies,iAdvize,ETag,bench_new_T3_107041,,,TRUE,https://www.CLIENT_X.com.tr/c-e/ho/cooking/airfryer-7000-serisi-xxl.html,Existing CM Trackers-Found,,,,,
custom.yieldify.com,Targeted Advertising cookies (including social media),Yieldify,ETag,bench_new_T3_105961,,,,,Existing CM Trackers-Not Found,,,,,
casalemedia.com,Targeted Advertising cookies (including social media),Index Exchange Inc.,HTTP Cookie,bench_new_T3_105668,,90,TRUE,https://www.CLIENT_X.com.tr/a-w/about,Existing CM Trackers-Found,,,,,
CLIENT_X.com.tr,Performance cookies,CLIENT_X - Turkey,HTTP Cookie,bench_new_T3_106103,,,,,Existing CM Trackers-Not Found,,,,,
supurgesepeti.com,Essential cookies,Supurgesepeti.com,HTTP Cookie,_ga_failed_lookup_marker_66_1424,,,,,Existing CM Trackers-Not Found,,,,,
nebula-cdn.kampyle.com,Performance cookies,Medallia,JavaScript,bench_new_T3_106936,,,TRUE,https://www.CLIENT_X.com.tr/,Existing CM Trackers-Found,,,,,
accounts.CLIENT_X.com,Performance cookies,Koninklijke CLIENT_X N.V.,HTTP Cookie,bench_new_T3_106560,,,,,Existing CM Trackers-Not Found,,,,,
lighting.CLIENT_X.com.tr,Essential cookies,Signify (formerly CLIENT_X Lighting),HTTP Cookie,bench_new_T3_107034,,,,,Existing CM Trackers-Not Found,,,,,
labs.iadvize.com,Performance cookies,iAdvize,ETag,bench_new_T3_106178,,,TRUE,https://www.CLIENT_X.com.tr/c-e/ho/cooking/airfryer-7000-serisi-xxl.html,Existing CM Trackers-Found,,,,,
lighting.CLIENT_X.com.tr,Essential cookies,Signify (formerly CLIENT_X Lighting),HTTP Cookie,_ga_failed_lookup_marker_66_1429,,,,,Existing CM Trackers-Not Found,,,,,
comment.niceteknoloji.com,Performance cookies,Nice Technology,ETag,bench_new_T3_107147,,,,,Existing CM Trackers-Not Found,,,,,
imgs.signifyd.com,Essential cookies,Signifyd,HTTP Cookie,bench_new_T3_106104,,390,TRUE,https://www.CLIENT_X.com.tr/,Existing CM Trackers-Found,,,,,
doubleclick.net,Targeted Advertising cookies (including social media),Google Advertising Products,HTTP Cookie,bench_new_T3_107105,,0,TRUE,https://www.CLIENT_X.com.tr/,Existing CM Trackers-Found,,,,,
www.facebook.com,Targeted Advertising cookies (including social media),Meta (formerly Facebook),Beacon,bench_new_T3_106460,,,TRUE,https://www.CLIENT_X.com.tr/,Existing CM Trackers-Found,,,,,
munchkin.marketo.net,Targeted Advertising cookies (including social media),Marketo,ETag,_ga_failed_lookup_marker_66_1434,,,,,Existing CM Trackers-Not Found,,,,,
CLIENT_X.com.tr,Essential cookies,CLIENT_X - Turkey,HTTP Cookie,bench_new_T3_106204,,400,TRUE,https://www.CLIENT_X.com.tr/,Existing CM Trackers-Found,,,,,
www.supurgesepeti.com,Essential cookies,Supurgesepeti.com,ETag,bench_new_T3_106260,,,,,Existing CM Trackers-Not Found,,,,,
CLIENT_X.com.tr,Targeted Advertising cookies (including social media),CLIENT_X - Turkey,HTTP Cookie,bench_new_T3_107140,,,,,Existing CM Trackers-Not Found,,,,,
*.t.eloqua.com,Performance cookies,Oracle Marketing,Beacon,bench_new_T3_106075,,,,https://www.CLIENT_X.com.tr/healthcare,Existing CM Trackers-Found,,,,,
www.lighting.CLIENT_X.com.tr,Essential cookies,Signify (formerly CLIENT_X Lighting),HTTP Cookie,bench_new_T3_106307,,,,,Existing CM Trackers-Not Found,,,,,
CLIENT_X.com.tr,Essential cookies,CLIENT_X - Turkey,HTTP Cookie,bench_new_T3_105655,,0,TRUE,https://www.CLIENT_X.com.tr/,Existing CM Trackers-Found,,,,,
CLIENT_X.com.tr,Essential cookies,CLIENT_X - Turkey,HTTP Cookie,_ga_failed_lookup_marker_66_1441,,,,,Existing CM Trackers-Not Found,,,,,
supurgesepeti.com,Essential cookies,Supurgesepeti.com,Local Storage,bench_new_T3_107118,,,,,Existing CM Trackers-Not Found,,,,,
www.CLIENT_X.com.tr,Performance cookies,CLIENT_X - Turkey,HTTP Cookie,bench_new_T3_105635,,session,TRUE,https://www.CLIENT_X.com.tr/c-p/AMF870_15/air-performer-8000-serisi-3-1-arada-hava-temizleyici-fan-ve-isitici,Existing CM Trackers-Found,,,,,
lighting.CLIENT_X.ru,Essential cookies (exempt from consent),Signify (formerly CLIENT_X Lighting),HTTP Cookie,s_cc,,session,TRUE,https://www.CLIENT_X.com.tr/c-p/AMF870_15/air-performer-8000-serisi-3-1-arada-hava-temizleyici-fan-ve-isitici,Existing CM Trackers-Found,,,,,
CLIENT_X.com.tr,Essential cookies,CLIENT_X - Turkey,HTTP Cookie,bench_new_T3_105846,,session,TRUE,https://www.CLIENT_X.com.tr/,Existing CM Trackers-Found,,,,,
CLIENT_X.com.tr,Performance cookies,CLIENT_X - Turkey,HTTP Cookie,bench_new_T3_106617,,session,TRUE,https://www.CLIENT_X.com.tr/,Existing CM Trackers-Found,,,,,
maps.gstatic.com,Performance cookies,Google Inc.,JavaScript,bench_new_T3_106261,,,,,Existing CM Trackers-Not Found,,,,,
www.supurgesepeti.com,Essential cookies,Supurgesepeti.com,HTTP Cookie,_ga_failed_lookup_marker_66_1448,,,,,Existing CM Trackers-Not Found,,,,,
cdn.ticimax.cloud,Performance cookies,Ticimax,ETag,bench_new_T3_106418,,,,,Existing CM Trackers-Not Found,,,,,
imgs.signifyd.com,Essential cookies,Signifyd,Beacon,bench_new_T3_106106,,,TRUE,https://www.CLIENT_X.com.tr/,Existing CM Trackers-Found,,,,,
www.lampreplacementtool.lighting.CLIENT_X.com,Performance cookies,Koninklijke CLIENT_X N.V.,ETag,bench_new_T3_106582,,,,,Existing CM Trackers-Not Found,,,,,
*.t.eloqua.com,Performance cookies,Oracle Marketing,JavaScript,bench_new_T3_106447,,,,https://www.CLIENT_X.com.tr/healthcare/education-resources/education-training,New Third Party Trackers,,,,,
CLIENT_X.com.tr,Essential cookies,CLIENT_X - Turkey,HTTP Cookie,bench_new_T3_106904,,0,TRUE,https://www.CLIENT_X.com.tr/,Existing CM Trackers-Found,,,,,
www.CLIENT_X.com.tr,Performance cookies,CLIENT_X - Turkey,HTTP Cookie,bench_new_T3_105645,,session,TRUE,https://www.CLIENT_X.com.tr/c-p/AMF870_15/air-performer-8000-serisi-3-1-arada-hava-temizleyici-fan-ve-isitici,Existing CM Trackers-Found,,,,,
CLIENT_X.com.tr,Essential cookies,CLIENT_X - Turkey,HTTP Cookie,bench_new_T3_107051,,90,,https://www.CLIENT_X.com.tr/,New First Party Trackers,,,,,
www.CLIENT_X.com.tr,Essential cookies,CLIENT_X - Turkey,HTTP Cookie,_ga_failed_lookup_marker_66_1456,,,,,Existing CM Trackers-Not Found,,,,,
dpm.demdex.net,Targeted Advertising cookies (including social media),"Adobe Audience Manager, Adobe Experience Cloud",Beacon,bench_new_T3_106882,,,,,Existing CM Trackers-Not Found,,,,,
cdn.mouseflow.com,Performance cookies,Mouseflow,ETag,bench_new_T3_106885,,,,https://www.CLIENT_X.com.tr/c-m-pe/hair-removal,New Third Party Trackers,,,,,
pixel.rubiconproject.com,Targeted Advertising cookies (including social media),"Magnite, Inc.",Beacon,bench_new_T3_106500,,,TRUE,https://www.CLIENT_X.com.tr/a-w/about,Existing CM Trackers-Found,,,,,
www.CLIENT_X.com.tr,Essential cookies,CLIENT_X - Turkey,HTTP Cookie,bench_new_T3_106946,,365,TRUE,https://www.CLIENT_X.com.tr/c-p/AMF870_15/air-performer-8000-serisi-3-1-arada-hava-temizleyici-fan-ve-isitici,Existing CM Trackers-Found,,,,,
www.crsc.lighting.CLIENT_X.com,Performance cookies,Signify (formerly CLIENT_X Lighting),ETag,bench_new_T3_106433,,,,,Existing CM Trackers-Not Found,,,,,
www.CLIENT_X.com,Essential cookies,Koninklijke CLIENT_X N.V.,ETag,bench_new_T3_107078,,,TRUE,https://www.CLIENT_X.com.tr/healthcare/sites/lumify-handheld-ultrasound/lumify-academy,Existing CM Trackers-Found,,,,,
CLIENT_X.com.tr,Essential cookies,CLIENT_X - Turkey,HTTP Cookie,bench_new_T3_107152,,90,TRUE,https://www.CLIENT_X.com.tr/,Existing CM Trackers-Found,,,,,
www.lighting.CLIENT_X.com.tr,Essential cookies,Signify (formerly CLIENT_X Lighting),HTTP Cookie,bench_new_T3_106235,,,,,Existing CM Trackers-Not Found,,,,,
*.akstat.io,Performance cookies,Akamai,Beacon,bench_new_T3_105969,,,,https://www.CLIENT_X.com.tr/c-p/SPT6607B_62/6000-series-kablosuz-klavye-fare-seti,Existing CM Trackers-Found,,,,,
youtube.com,Targeted Advertising cookies (including social media),Google Advertising Products,HTTP Cookie,bench_new_T3_106753,,180,TRUE,https://www.CLIENT_X.com.tr/healthcare/clinical-solutions/early-warning-scoring,Existing CM Trackers-Found,,,,,
CLIENT_X.co.uk,Essential cookies,CLIENT_X - United Kingdom,HTTP Cookie,bench_new_T3_106840,,,,,Existing CM Trackers-Not Found,,,,,
static.cloud.coveo.com,Targeted Advertising cookies (including social media),Coveo Solutions Inc.,ETag,bench_new_T3_106501,,,TRUE,https://www.CLIENT_X.com.tr/c-p/AMF870_15/air-performer-8000-serisi-3-1-arada-hava-temizleyici-fan-ve-isitici,Existing CM Trackers-Found,,,,,
CLIENT_Xb2c.my.site.com,Performance cookies,"Salesforce.com, Inc.",Beacon,bench_new_T3_106793,,,TRUE,https://www.CLIENT_X.com.tr/c-w/tuketici-urunleri-destek/support-contact-page.html,Existing CM Trackers-Found,,,,,
accounts.CLIENT_X.com,Performance cookies,Koninklijke CLIENT_X N.V.,HTTP Cookie,bench_new_T3_106711,,,,,Existing CM Trackers-Not Found,,,,,
*.online-metrix.net,Performance cookies,LexisNexis Risk Solutions (formerly ThreatMetrix),Beacon,bench_new_T3_106244,,,,https://www.CLIENT_X.com.tr/,Existing CM Trackers-Found,,,,,
CLIENT_X.com.tr,Performance cookies,CLIENT_X - Turkey,HTTP Cookie,bench_new_T3_106598,,0,TRUE,https://www.CLIENT_X.com.tr/,Existing CM Trackers-Found,,,,,
versuni.scene7.com,Performance cookies,Adobe Experience Cloud - Experience Manager,ETag,bench_new_T3_107068,,,TRUE,https://www.CLIENT_X.com.tr/c-f/XC000021357/CLIENT_X-homerun-uygulamamda-haritalar-nas%C4%B1l-olu%C5%9Fturulur-ve-y%C3%B6netilir,Existing CM Trackers-Found,,,,,
static.cloud.coveo.com,Targeted Advertising cookies (including social media),Coveo Solutions Inc.,JavaScript,bench_new_T3_106338,,,TRUE,https://www.CLIENT_X.com.tr/c-p/AMF870_15/air-performer-8000-serisi-3-1-arada-hava-temizleyici-fan-ve-isitici,Existing CM Trackers-Found,,,,,
*.mktoweb.com,Targeted Advertising cookies (including social media),Marketo,ETag,_ga_failed_lookup_marker_66_1475,,,,,Existing CM Trackers-Not Found,,,,,
casalemedia.com,Targeted Advertising cookies (including social media),Index Exchange Inc.,HTTP Cookie,_ga_failed_lookup_marker_66_1476,,90,TRUE,https://www.CLIENT_X.com.tr/a-w/about,Existing CM Trackers-Found,,,,,
munchkin.marketo.net,Targeted Advertising cookies (including social media),Marketo,ETag,bench_new_T3_106431,,,,,Existing CM Trackers-Not Found,,,,,
www.supurgesepeti.com,Essential cookies,Supurgesepeti.com,ETag,bench_new_T3_106458,,,,,Existing CM Trackers-Not Found,,,,,
analytics-ipv6.tiktokw.us,Targeted Advertising cookies (including social media),TikTok,Beacon,bench_new_T3_106055,,,,https://www.CLIENT_X.com.tr/,New Third Party Trackers,,,,,
checkout-ui.prod.ticimax.net,Performance cookies,Ticimax,HTTP Cookie,bench_new_T3_106076,,,,,Existing CM Trackers-Not Found,,,,,
analytics-ipv6.tiktokw.us,Targeted Advertising cookies (including social media),TikTok,Beacon,bench_new_T3_106776,,,,https://www.CLIENT_X.com.tr/,New Third Party Trackers,,,,,
consent.truste.com,Essential cookies,TrustArc,JavaScript,bench_new_T3_106630,,,,,Existing CM Trackers-Not Found,,,,,
www.CLIENT_X.com.my,Essential cookies (exempt from consent),CLIENT_X - Malaysia,HTTP Cookie,CLIENT_X,,bench_update_duration,,,Existing CM Trackers-Not Found,,,,,
connect.facebook.net,Targeted Advertising cookies (including social media),Meta (formerly Facebook),Beacon,bench_new_T3_106750,,,TRUE,https://www.CLIENT_X.com.tr/c-p/EP4441_50/4400-serisi-tam-otomatik-espresso-makinesi/destek,Existing CM Trackers-Found,,,,,
CLIENT_X.com.tr,Essential cookies,CLIENT_X - Turkey,HTTP Cookie,bench_new_T3_106488,,0,TRUE,https://www.CLIENT_X.com.tr/,Existing CM Trackers-Found,,,,,
platform.twitter.com,Targeted Advertising cookies (including social media),X (formerly Twitter),JavaScript,bench_new_T3_106132,,,,,Existing CM Trackers-Not Found,,,,,
script.hotjar.com,Targeted Advertising cookies (including social media),Hotjar,ETag,bench_new_T3_106760,,,,,Existing CM Trackers-Not Found,,,,,
lighting.CLIENT_X.com.tr,Essential cookies,Signify (formerly CLIENT_X Lighting),HTTP Cookie,_ga_failed_lookup_marker_66_1488,,,,,Existing CM Trackers-Not Found,,,,,
snapchat.com,Targeted Advertising cookies (including social media),Snap Inc.,HTTP Cookie,bench_new_T3_105805,,390,TRUE,https://www.CLIENT_X.com.tr/c-e/ho/cooking/airfryer-7000-serisi-xxl.html,Existing CM Trackers-Found,,,,,
tremorhub.com,Targeted Advertising cookies (including social media),"Magnite CTV, Inc.",HTTP Cookie,bench_new_T3_105608,,365,TRUE,https://www.CLIENT_X.com.tr/a-w/about,Existing CM Trackers-Found,,,,,
www.supurgesepeti.com,Essential cookies,Supurgesepeti.com,HTTP Cookie,bench_new_T3_106393,,,,,Existing CM Trackers-Not Found,,,,,
widget-cdn.janraincapture.com,Performance cookies,Akamai,JavaScript,bench_new_T3_105800,,,,,Existing CM Trackers-Not Found,,,,,
CLIENT_X.com.tr,Targeted Advertising cookies (including social media),CLIENT_X - Turkey,HTTP Cookie,bench_new_T3_106877,,,,,Existing CM Trackers-Not Found,,,,,
halc.iadvize.com,Performance cookies,iAdvize,ETag,bench_new_T3_107178,,,TRUE,https://www.CLIENT_X.com.tr/c-e/ho/cooking/airfryer-7000-serisi-xxl.html,Existing CM Trackers-Found,,,,,
www.CLIENT_X.com.tr,Essential cookies,CLIENT_X - Turkey,HTTP Cookie,bench_new_T3_106005,,session,TRUE,https://www.CLIENT_X.com.tr/c-p/AMF870_15/air-performer-8000-serisi-3-1-arada-hava-temizleyici-fan-ve-isitici,Existing CM Trackers-Found,,,,,
*.t.eloqua.com,Performance cookies,Oracle Marketing,Beacon,bench_new_T3_106508,,,,https://www.CLIENT_X.com.tr/healthcare,New Third Party Trackers,,,,,
www.CLIENT_X.sk,Essential cookies (exempt from consent),CLIENT_X - Slovakia,HTTP Cookie,T01-recentlyViewedProducts,,,,,Existing CM Trackers-Not Found,,,,,
*.online-metrix.net,Performance cookies,LexisNexis Risk Solutions (formerly ThreatMetrix),Beacon,bench_new_T3_106089,,,,https://www.CLIENT_X.com.tr/,New Third Party Trackers,,,,,
CLIENT_X.com.tr,Essential cookies,CLIENT_X - Turkey,HTTP Cookie,_ga_failed_lookup_marker_66_1499,,0,TRUE,https://www.CLIENT_X.com.tr/,Existing CM Trackers-Found,,,,,
analytics.tiktok.com,Targeted Advertising cookies (including social media),TikTok,JavaScript,bench_new_T3_106535,,,TRUE,https://www.CLIENT_X.com.tr/,Existing CM Trackers-Found,,,,,
linkedin.com,Targeted Advertising cookies (including social media),LinkedIn,HTTP Cookie,bench_new_T3_106662,,180,TRUE,https://www.CLIENT_X.com.tr/c-e/ho/cooking/airfryer-7000-serisi-xxl.html,Existing CM Trackers-Found,,,,,
www.CLIENT_X.com.tr,Essential cookies,CLIENT_X - Turkey,HTTP Cookie,bench_new_T3_105749,,session,TRUE,https://www.CLIENT_X.com.tr/c-p/AMF870_15/air-performer-8000-serisi-3-1-arada-hava-temizleyici-fan-ve-isitici,Existing CM Trackers-Found,,,,,
www.CLIENT_X.com.tr,Essential cookies,CLIENT_X - Turkey,HTTP Cookie,bench_new_T3_107094,,365,TRUE,https://www.CLIENT_X.com.tr/c-p/AMF870_15/air-performer-8000-serisi-3-1-arada-hava-temizleyici-fan-ve-isitici,Existing CM Trackers-Found,,,,,
CLIENT_X.com.tr,Targeted Advertising cookies (including social media),CLIENT_X - Turkey,HTTP Cookie,_ga_failed_lookup_marker_66_1504,,90,TRUE,https://www.CLIENT_X.com.tr/,Existing CM Trackers-Found,,,,,
CLIENT_X.com.tr,Essential cookies,CLIENT_X - Turkey,HTTP Cookie,bench_new_T3_106554,,,,,Existing CM Trackers-Not Found,,,,,
*.akstat.io,Performance cookies,Akamai,Beacon,bench_new_T3_106233,,,,https://www.CLIENT_X.com.tr/c-p/SPT6607B_62/6000-series-kablosuz-klavye-fare-seti,New Third Party Trackers,,,,,
CLIENT_X.com.tr,Essential cookies,CLIENT_X - Turkey,HTTP Cookie,bench_new_T3_106452,,393,TRUE,https://www.CLIENT_X.com.tr/,Existing CM Trackers-Found,,,,,
*.e.aa.online-metrix.net,Performance cookies,LexisNexis Risk Solutions (formerly ThreatMetrix),Beacon,bench_new_T3_105708,,,,https://www.CLIENT_X.com.tr/c-p/SWV9433C_00/hdmi-2.1-kablosu,New Third Party Trackers,,,,,
lighting.CLIENT_X.com.tr,Essential cookies,Signify (formerly CLIENT_X Lighting),HTTP Cookie,bench_new_T3_107001,,,,,Existing CM Trackers-Not Found,,,,,
google.com,Performance cookies,Google Inc.,Local Storage,_ga_failed_lookup_marker_66_1510,,,TRUE,https://www.CLIENT_X.com.tr/c-e/welcome?mag=F02&origin=20_tr_tr_mylumea_app,Existing CM Trackers-Found,,,,,
CLIENT_X.com.tr,Performance cookies,CLIENT_X - Turkey,HTTP Cookie,bench_new_T3_105656,,,,,Existing CM Trackers-Not Found,,,,,
*.mktoweb.com,Targeted Advertising cookies (including social media),Marketo,ETag,bench_new_T3_107171,,,,,Existing CM Trackers-Not Found,,,,,
lighting.CLIENT_X.com.tr,Essential cookies,Signify (formerly CLIENT_X Lighting),HTTP Cookie,_ga_failed_lookup_marker_66_1513,,,,,Existing CM Trackers-Not Found,,,,,
images.CLIENT_X.com,Essential cookies,Koninklijke CLIENT_X N.V.,JavaScript,bench_new_T3_106497,,,TRUE,https://www.CLIENT_X.com.tr/healthcare/product/HCNOCTN424PACS,Existing CM Trackers-Found,,,,,
ajax.googleapis.com,Performance cookies,Google Inc.,JavaScript,bench_new_T3_106154,,,,,Existing CM Trackers-Not Found,,,,,
pages.information.signify.com,Performance cookies,Signify (formerly CLIENT_X Lighting),JavaScript,bench_new_T3_106658,,,,,Existing CM Trackers-Not Found,,,,,
lighting.CLIENT_X.com.tr,Essential cookies,Signify (formerly CLIENT_X Lighting),HTTP Cookie,bench_new_T3_106531,,,,,Existing CM Trackers-Not Found,,,,,
www.lighting.CLIENT_X.com.tr,Essential cookies,Signify (formerly CLIENT_X Lighting),JavaScript,bench_new_T3_106210,,,,,Existing CM Trackers-Not Found,,,,,
i.ytimg.com,Targeted Advertising cookies (including social media),Google Inc.,ETag,bench_new_T3_106527,,,TRUE,https://www.CLIENT_X.com.tr/c-f/XC000004909/CLIENT_X-epilat%C3%B6r-cihaz%C4%B1m%C4%B1n-aparatlar%C4%B1-nas%C4%B1l-kullan%C4%B1l%C4%B1r,Existing CM Trackers-Found,,,,,
CLIENT_X.com.tr,Performance cookies,CLIENT_X - Turkey,HTTP Cookie,_ga_failed_lookup_marker_66_1520,,session,TRUE,https://www.CLIENT_X.com.tr/,Existing CM Trackers-Found,,,,,
CLIENT_X.dk,Essential cookies (exempt from consent),CLIENT_X - Denmark,HTTP Cookie,s_gnr,,bench_update_duration,,https://www.CLIENT_X.com.tr/healthcare,New Third Party Trackers,,,,,
images.CLIENT_X.com,Essential cookies,Koninklijke CLIENT_X N.V.,JavaScript,bench_new_T3_107072,,,TRUE,https://www.CLIENT_X.com.tr/healthcare/product/HCNOCTN424PACS,Existing CM Trackers-Found,,,,,
raw.githubusercontent.com,Performance cookies,GitHub Inc.,ETag,bench_new_T3_105693,,,TRUE,https://www.CLIENT_X.com.tr/healthcare/about/distributors,Existing CM Trackers-Found,,,,,
CLIENT_X.com.tr,Essential cookies,CLIENT_X - Turkey,HTTP Cookie,bench_new_T3_106206,,0,TRUE,https://www.CLIENT_X.com.tr/,Existing CM Trackers-Found,,,,,
cdn.speedcurve.com,Performance cookies,Speedcurve,JavaScript,bench_new_T3_107135,,,,https://www.CLIENT_X.com.tr/,New Third Party Trackers,,,,,
CLIENT_X.com.tr,Essential cookies,CLIENT_X - Turkey,HTTP Cookie,bench_new_T3_105892,,,,,Existing CM Trackers-Not Found,,,,,
pixel.rubiconproject.com,Targeted Advertising cookies (including social media),"Magnite, Inc.",Beacon,bench_new_T3_106623,,,TRUE,https://www.CLIENT_X.com.tr/a-w/about,Existing CM Trackers-Found,,,,,
tremorhub.com,Targeted Advertising cookies (including social media),"Magnite CTV, Inc.",HTTP Cookie,bench_new_T3_106181,,365,TRUE,https://www.CLIENT_X.com.tr/a-w/about,Existing CM Trackers-Found,,,,,
www.lampreplacementtool.lighting.CLIENT_X.com,Performance cookies,Koninklijke CLIENT_X N.V.,ETag,bench_new_T3_106809,,,,,Existing CM Trackers-Not Found,,,,,
www.assets.signify.com,Performance cookies,Signify (formerly CLIENT_X Lighting),ETag,bench_new_T3_106364,,,,,Existing CM Trackers-Not Found,,,,,
supurgesepeti.com,Essential cookies,Supurgesepeti.com,HTTP Cookie,bench_new_T3_106699,,,,,Existing CM Trackers-Not Found,,,,,
www.lighting.CLIENT_X.com.tr,Essential cookies,Signify (formerly CLIENT_X Lighting),HTTP Cookie,bench_new_T3_106128,,,,,Existing CM Trackers-Not Found,,,,,
www.ledsavingscalculator.CLIENT_X.co.uk,Performance cookies,Signify (formerly CLIENT_X Lighting),ETag,_ga_failed_lookup_marker_66_1533,,,,,Existing CM Trackers-Not Found,,,,,
www.lighting.CLIENT_X.gr,Essential cookies (exempt from consent),Signify (formerly CLIENT_X Lighting),HTTP Cookie,AWSELBCORS,,0,,https://www.CLIENT_X.com.tr/healthcare,New Third Party Trackers,,,,,
script.hotjar.com,Targeted Advertising cookies (including social media),Hotjar,JavaScript,_ga_failed_lookup_marker_66_1535,,,,,Existing CM Trackers-Not Found,,,,,
*.casalemedia.com,Targeted Advertising cookies (including social media),Index Exchange Inc.,Beacon,bench_new_T3_106810,,,,https://www.CLIENT_X.com.tr/a-w/about,Existing CM Trackers-Found,,,,,
linkedin.com,Targeted Advertising cookies (including social media),LinkedIn,HTTP Cookie,bench_new_T3_106123,,365,TRUE,https://www.CLIENT_X.com.tr/c-e/ho/cooking/airfryer-7000-serisi-xxl.html,Existing CM Trackers-Found,,,,,
stats.g.doubleclick.net,Targeted Advertising cookies (including social media),Google Advertising Products,Beacon,_ga_failed_lookup_marker_66_1538,,,TRUE,https://www.CLIENT_X.com.tr/,Existing CM Trackers-Found,,,,,
CLIENT_Xb2c.my.site.com,Performance cookies,"Salesforce.com, Inc.",Beacon,bench_new_T3_105982,,,TRUE,https://www.CLIENT_X.com.tr/c-w/tuketici-urunleri-destek/support-contact-page.html,Existing CM Trackers-Found,,,,,
CLIENT_X.com.tr,Essential cookies,CLIENT_X - Turkey,HTTP Cookie,bench_new_T3_106694,,400,,https://www.CLIENT_X.com.tr/,New First Party Trackers,,,,,
pages.information.signify.com,Performance cookies,Signify (formerly CLIENT_X Lighting),HTTP Cookie,bench_new_T3_106968,,,,,Existing CM Trackers-Not Found,,,,,
smetrics.marketing.lighting.CLIENT_X.com.tr,Essential cookies,CLIENT_X - Turkey,JavaScript,bench_new_T3_107111,,,,,Existing CM Trackers-Not Found,,,,,
halc.iadvize.com,Performance cookies,iAdvize,JavaScript,bench_new_T3_105833,,,TRUE,https://www.CLIENT_X.com.tr/c-e/ho/cooking/airfryer-7000-serisi-xxl.html,Existing CM Trackers-Found,,,,,
www.lighting.CLIENT_X.com.tr,Essential cookies,Signify (formerly CLIENT_X Lighting),HTTP Cookie,bench_new_T3_106327,,,,,Existing CM Trackers-Not Found,,,,,
company-target.com,Targeted Advertising cookies (including social media),"Demandbase, Inc.",HTTP Cookie,bench_new_T3_106834,,396,TRUE,https://www.CLIENT_X.com.tr/a-w/about,Existing CM Trackers-Found,,,,,
c.amazon-adsystem.com,Targeted Advertising cookies (including social media),Amazon Ads,JavaScript,_ga_failed_lookup_marker_66_1546,,,TRUE,https://www.CLIENT_X.com.tr/,Existing CM Trackers-Found,,,,,
static.hotjar.com,Performance cookies,Hotjar,ETag,bench_new_T3_106640,,,,,Existing CM Trackers-Not Found,,,,,
CLIENT_X.com.tr,Essential cookies,CLIENT_X - Turkey,HTTP Cookie,bench_new_T3_106651,,session,TRUE,https://www.CLIENT_X.com.tr/,Existing CM Trackers-Found,,,,,
CLIENT_X.com.tr,Essential cookies,CLIENT_X - Turkey,HTTP Cookie,bench_new_T3_106610,,90,TRUE,https://www.CLIENT_X.com.tr/,Existing CM Trackers-Found,,,,,
CLIENT_X.co.jp,Essential cookies (exempt from consent),CLIENT_X Electronics Corporation Japan,HTTP Cookie,zScalerUser,,,,,Existing CM Trackers-Not Found,,,,,
lighting.CLIENT_X.com.tr,Essential cookies,Signify (formerly CLIENT_X Lighting),HTTP Cookie,_ga_failed_lookup_marker_66_1551,,,,,Existing CM Trackers-Not Found,,,,,
www.CLIENT_X.com.tr,Essential cookies,CLIENT_X - Turkey,HTTP Cookie,bench_new_T3_105777,,30,TRUE,https://www.CLIENT_X.com.tr/c-p/AMF870_15/air-performer-8000-serisi-3-1-arada-hava-temizleyici-fan-ve-isitici,Existing CM Trackers-Found,,,,,
googleads.g.doubleclick.net,Targeted Advertising cookies (including social media),Google Advertising Products,Beacon,bench_new_T3_106717,,,TRUE,https://www.CLIENT_X.com.tr/,Existing CM Trackers-Found,,,,,
www.lampreplacementtool.lighting.CLIENT_X.com,Performance cookies,Koninklijke CLIENT_X N.V.,ETag,bench_new_T3_105920,,,,,Existing CM Trackers-Not Found,,,,,
CLIENT_X.com.tr,Essential cookies,CLIENT_X - Turkey,HTTP Cookie,bench_new_T3_105909,,400,TRUE,https://www.CLIENT_X.com.tr/,Existing CM Trackers-Found,,,,,
CLIENT_X.com.tr,Performance cookies,CLIENT_X - Turkey,HTTP Cookie,bench_new_T3_106369,,session,TRUE,https://www.CLIENT_X.com.tr/,Existing CM Trackers-Found,,,,,
*.casalemedia.com,Targeted Advertising cookies (including social media),Index Exchange Inc.,Beacon,bench_new_T3_106444,,,,https://www.CLIENT_X.com.tr/a-w/about,Existing CM Trackers-Found,,,,,
CLIENT_X.com.tr,Essential cookies,CLIENT_X - Turkey,HTTP Cookie,_ga_failed_lookup_marker_66_1558,,400,TRUE,https://www.CLIENT_X.com.tr/,Existing CM Trackers-Found,,,,,
www.CLIENT_X.com.tr,Essential cookies,CLIENT_X - Turkey,HTTP Cookie,_ga_failed_lookup_marker_66_1559,,365,TRUE,https://www.CLIENT_X.com.tr/c-p/AMF870_15/air-performer-8000-serisi-3-1-arada-hava-temizleyici-fan-ve-isitici,Existing CM Trackers-Found,,,,,
tag.demandbase.com,Targeted Advertising cookies (including social media),"Demandbase, Inc.",ETag,bench_new_T3_105632,,,TRUE,https://www.CLIENT_X.com.tr/a-w/about,Existing CM Trackers-Found,,,,,
www.google.com,Targeted Advertising cookies (including social media),Google Inc.,Beacon,bench_new_T3_106632,,,TRUE,https://www.CLIENT_X.com.tr/,Existing CM Trackers-Found,,,,,
CLIENT_X.com.tr,Targeted Advertising cookies (including social media),CLIENT_X - Turkey,HTTP Cookie,_ga_failed_lookup_marker_66_1562,,90,TRUE,https://www.CLIENT_X.com.tr/,Existing CM Trackers-Found,,,,,
tr.snapchat.com,Targeted Advertising cookies (including social media),Snap Inc.,Beacon,bench_new_T3_105913,,,TRUE,https://www.CLIENT_X.com.tr/c-e/ho/cooking/airfryer-7000-serisi-xxl.html,Existing CM Trackers-Found,,,,,
region1.analytics.google.com,Performance cookies,Google Inc.,Beacon,bench_new_T3_107158,,,TRUE,https://www.CLIENT_X.com.tr/,Existing CM Trackers-Found,,,,,
static.hotjar.com,Performance cookies,Hotjar,JavaScript,bench_new_T3_105902,,,,,Existing CM Trackers-Not Found,,,,,
www.CLIENT_X.ru,Essential cookies (exempt from consent),CLIENT_X - Russia,HTTP Cookie,p-gc35,,,,,Existing CM Trackers-Not Found,,,,,
CLIENT_Xtest.scene7.com,Performance cookies,Adobe Experience Cloud - Experience Manager,ETag,bench_new_T3_106101,,,,,Existing CM Trackers-Not Found,,,,,
linkedin.com,Targeted Advertising cookies (including social media),LinkedIn,HTTP Cookie,bench_new_T3_105722,,180,TRUE,https://www.CLIENT_X.com.tr/c-e/ho/cooking/airfryer-7000-serisi-xxl.html,Existing CM Trackers-Found,,,,,
CLIENT_X.com.tr,Essential cookies,CLIENT_X - Turkey,HTTP Cookie,bench_new_T3_106479,,,,,Existing CM Trackers-Not Found,,,,,
CLIENT_X.com.tr,Performance cookies,CLIENT_X - Turkey,HTTP Cookie,bench_new_T3_107126,,session,TRUE,https://www.CLIENT_X.com.tr/,Existing CM Trackers-Found,,,,,
custom.yieldify.com,Targeted Advertising cookies (including social media),Yieldify,ETag,bench_new_T3_106372,,,,,Existing CM Trackers-Not Found,,,,,
lighting.CLIENT_X.com.tr,Performance cookies,Signify (formerly CLIENT_X Lighting),HTTP Cookie,bench_new_T3_107066,,,,,Existing CM Trackers-Not Found,,,,,
www.gstatic.com,Performance cookies,Google Inc.,JavaScript,bench_new_T3_107096,,,TRUE,https://www.CLIENT_X.com.tr/c-e/welcome?mag=F02&origin=20_tr_tr_mylumea_app,Existing CM Trackers-Found,,,,,
www.CLIENT_X.com.tr,Essential cookies,CLIENT_X - Turkey,HTTP Cookie,bench_new_T3_105646,,,,,Existing CM Trackers-Not Found,,,,,
www.ledsavingscalculator.CLIENT_X.co.uk,Performance cookies,Signify (formerly CLIENT_X Lighting),ETag,_ga_failed_lookup_marker_66_1575,,,,,Existing CM Trackers-Not Found,,,,,
*.mktoweb.com,Targeted Advertising cookies (including social media),Marketo,Local Storage,bench_new_T3_106443,,,,,Existing CM Trackers-Not Found,,,,,
CLIENT_X.com.tr,Performance cookies,CLIENT_X - Turkey,HTTP Cookie,bench_new_T3_105972,,session,TRUE,https://www.CLIENT_X.com.tr/,Existing CM Trackers-Found,,,,,
sc-static.net,Targeted Advertising cookies (including social media),Snap Inc.,HTTP Cookie,bench_new_T3_105616,,1,TRUE,https://www.CLIENT_X.com.tr/c-e/ho/cooking/airfryer-7000-serisi-xxl.html,Existing CM Trackers-Found,,,,,
CLIENT_X.com.tr,Performance cookies,CLIENT_X - Turkey,HTTP Cookie,bench_new_T3_105814,,0,TRUE,https://www.CLIENT_X.com.tr/,Existing CM Trackers-Found,,,,,
youtube.com,Targeted Advertising cookies (including social media),Google Advertising Products,HTTP Cookie,bench_new_T3_106436,,180,TRUE,https://www.CLIENT_X.com.tr/healthcare/clinical-solutions/early-warning-scoring,Existing CM Trackers-Found,,,,,
CLIENT_X.com.tr,Essential cookies,CLIENT_X - Turkey,HTTP Cookie,bench_new_T3_106385,,393,TRUE,https://www.CLIENT_X.com.tr/,Existing CM Trackers-Found,,,,,
static.cloud.coveo.com,Targeted Advertising cookies (including social media),Coveo Solutions Inc.,ETag,_ga_failed_lookup_marker_66_1582,,,TRUE,https://www.CLIENT_X.com.tr/c-p/AMF870_15/air-performer-8000-serisi-3-1-arada-hava-temizleyici-fan-ve-isitici,Existing CM Trackers-Found,,,,,
pages.information.signify.com,Performance cookies,Signify (formerly CLIENT_X Lighting),Local Storage,bench_new_T3_106625,,,,,Existing CM Trackers-Not Found,,,,,
www.CLIENT_X.com.tr,Essential cookies,CLIENT_X - Turkey,HTTP Cookie,_ga_failed_lookup_marker_66_1584,,session,TRUE,https://www.CLIENT_X.com.tr/c-p/AMF870_15/air-performer-8000-serisi-3-1-arada-hava-temizleyici-fan-ve-isitici,Existing CM Trackers-Found,,,,,
sc-static.net,Targeted Advertising cookies (including social media),Snap Inc.,HTTP Cookie,bench_new_T3_106459,,1,TRUE,https://www.CLIENT_X.com.tr/c-e/ho/cooking/airfryer-7000-serisi-xxl.html,Existing CM Trackers-Found,,,,,
analytics-fe.digital-cloud-us-main.medallia.com,Performance cookies,Medallia,Beacon,_ga_failed_lookup_marker_66_1586,,,TRUE,https://www.CLIENT_X.com.tr/a-w/about,Existing CM Trackers-Found,,,,,
lighting.CLIENT_X.com.tr,Essential cookies,Signify (formerly CLIENT_X Lighting),HTTP Cookie,bench_new_T3_107137,,,,,Existing CM Trackers-Not Found,,,,,
www.CLIENT_X.com.tr,Essential cookies,CLIENT_X - Turkey,HTTP Cookie,bench_new_T3_106807,,session,TRUE,https://www.CLIENT_X.com.tr/c-p/AMF870_15/air-performer-8000-serisi-3-1-arada-hava-temizleyici-fan-ve-isitici,Existing CM Trackers-Found,,,,,
CLIENT_X.com.tr,Essential cookies,CLIENT_X - Turkey,HTTP Cookie,bench_new_T3_106111,,400,,https://www.CLIENT_X.com.tr/,New First Party Trackers,,,,,
CLIENT_X.co.ke,Essential cookies (exempt from consent),CLIENT_X - Kenya,HTTP Cookie,test,,bench_update_duration,,,Existing CM Trackers-Not Found,,,,,
assets.adobedtm.com,Performance cookies,Adobe Inc.,JavaScript,bench_new_T3_106362,,,,,Existing CM Trackers-Not Found,,,,,
*.t.eloqua.com,Performance cookies,Oracle Marketing,JavaScript,bench_new_T3_106994,,,,https://www.CLIENT_X.com.tr/healthcare/education-resources/education-training,Existing CM Trackers-Found,,,,,
www.lighting.CLIENT_X.com.tr,Essential cookies (exempt from consent),Signify (formerly CLIENT_X Lighting),HTTP Cookie,customer_country,,bench_update_duration,TRUE,https://www.CLIENT_X.com.tr/c-w/tuketici-urunleri-destek/support-contact-page.html,Existing CM Trackers-Found,,,,,
cdn.channelsight.com,Essential cookies,ChannelSight,ETag,bench_new_T3_105767,,,TRUE,https://www.CLIENT_X.com.tr/c-e/ho/cooking/airfryer-7000-serisi-xxl.html,Existing CM Trackers-Found,,,,,
CLIENT_X.ch,Essential cookies (exempt from consent),CLIENT_X - Switzerland,HTTP Cookie,s_tid,,bench_update_duration,,https://www.CLIENT_X.com.tr/c-e/ho/cooking/elektrikli-akilli-duduklu-tencere-3000-serisi.html,New Third Party Trackers,,,,,
www.CLIENT_X.com.tr,Essential cookies,CLIENT_X - Turkey,HTTP Cookie,bench_new_T3_106266,,0,TRUE,https://www.CLIENT_X.com.tr/c-p/AMF870_15/air-performer-8000-serisi-3-1-arada-hava-temizleyici-fan-ve-isitici,Existing CM Trackers-Found,,,,,
CLIENT_X.com.tr,Essential cookies,CLIENT_X - Turkey,HTTP Cookie,bench_new_T3_107077,,0,TRUE,https://www.CLIENT_X.com.tr/,Existing CM Trackers-Found,,,,,
lighting.CLIENT_X.com.tr,Performance cookies,Signify (formerly CLIENT_X Lighting),HTTP Cookie,bench_new_T3_106979,,,,,Existing CM Trackers-Not Found,,,,,
CLIENT_X.com.tr,Targeted Advertising cookies (including social media),CLIENT_X - Turkey,HTTP Cookie,_ga_failed_lookup_marker_66_1599,,7,TRUE,https://www.CLIENT_X.com.tr/,Existing CM Trackers-Found,,,,,
agent-versuni.mindtouch.us,Performance cookies,MindTouch,HTTP Cookie,bench_new_T3_106441,,session,,https://www.CLIENT_X.com.tr/c-f/XC000021443/CLIENT_X-vantilat%C3%B6r%C3%BCm-sal%C4%B1n%C4%B1m-yaparken-al%C4%B1%C5%9F%C4%B1lmad%C4%B1k-bir-ses-%C3%A7%C4%B1kar%C4%B1yor,New Third Party Trackers,,,,,
lighting.CLIENT_X.com.tr,Essential cookies,Signify (formerly CLIENT_X Lighting),HTTP Cookie,_ga_failed_lookup_marker_66_1601,,,,,Existing CM Trackers-Not Found,,,,,
amazon-adsystem.com,Targeted Advertising cookies (including social media),Amazon Ads,HTTP Cookie,bench_new_T3_105774,,400,TRUE,https://www.CLIENT_X.com.tr/,Existing CM Trackers-Found,,,,,
analytics-ipv6.tiktokw.us,Targeted Advertising cookies (including social media),TikTok,Beacon,bench_new_T3_107144,,,,https://www.CLIENT_X.com.tr/,New Third Party Trackers,,,,,
google.com,Performance cookies,Google Inc.,Local Storage,bench_new_T3_107199,,,TRUE,https://www.CLIENT_X.com.tr/c-e/welcome?mag=F02&origin=20_tr_tr_mylumea_app,Existing CM Trackers-Found,,,,,
*.online-metrix.net,Performance cookies,LexisNexis Risk Solutions (formerly ThreatMetrix),Beacon,bench_new_T3_107195,,,,https://www.CLIENT_X.com.tr/,Existing CM Trackers-Found,,,,,
nebula-cdn.kampyle.com,Performance cookies,Medallia,ETag,bench_new_T3_106571,,,TRUE,https://www.CLIENT_X.com.tr/c-p/AC3033_10/3000i-series-hava-temizleyici,Existing CM Trackers-Found,,,,,
www.lighting.CLIENT_X.com.tr,Essential cookies,Signify (formerly CLIENT_X Lighting),HTTP Cookie,bench_new_T3_106874,,,,,Existing CM Trackers-Not Found,,,,,
www.supurgesepeti.com,Essential cookies,Supurgesepeti.com,ETag,bench_new_T3_106485,,,,,Existing CM Trackers-Not Found,,,,,
CLIENT_X.com.tr,Essential cookies,CLIENT_X - Turkey,HTTP Cookie,bench_new_T3_105945,,,,,Existing CM Trackers-Not Found,,,,,
CLIENT_X.112.2o7.net,Performance cookies,"Adobe Audience Manager, Adobe Experience Cloud",HTTP Cookie,bench_new_T3_106546,,400,,https://www.CLIENT_X.com.tr/,New Third Party Trackers,,,,,
lighting.CLIENT_X.com.tr,Essential cookies,Signify (formerly CLIENT_X Lighting),HTTP Cookie,bench_new_T3_105809,,,,,Existing CM Trackers-Not Found,,,,,
CLIENT_Xb2c.my.salesforce-scrt.com,Performance cookies,"Salesforce.com, Inc.",Beacon,bench_new_T3_106905,,,,https://www.CLIENT_X.com.tr/c-w/tuketici-urunleri-destek/support-contact-page.html,New Third Party Trackers,,,,,
www.CLIENT_X.com.tr,Performance cookies,CLIENT_X - Turkey,HTTP Cookie,bench_new_T3_106785,,session,TRUE,https://www.CLIENT_X.com.tr/c-p/AMF870_15/air-performer-8000-serisi-3-1-arada-hava-temizleyici-fan-ve-isitici,Existing CM Trackers-Found,,,,,
cdn.jsdelivr.net,Performance cookies,Volentio JSD Limited,ETag,bench_new_T3_105692,,,,,Existing CM Trackers-Not Found,,,,,
www.CLIENT_X.pl,Essential cookies (exempt from consent),CLIENT_X - Poland,HTTP Cookie,kampyleUserSession,,bench_update_duration,TRUE,https://www.CLIENT_X.com.tr/,Existing CM Trackers-Found,,,,,
static.hotjar.com,Performance cookies,Hotjar,ETag,bench_new_T3_105992,,,,,Existing CM Trackers-Not Found,,,,,
policy.app.cookieinformation.com,Performance Cookies [Requires consent],Cookie Information A/S,JavaScript,-,,bench_update_duration,,,Existing CM Trackers-Not Found,,,,,
sc-static.net,Targeted Advertising cookies (including social media),Snap Inc.,HTTP Cookie,bench_new_T3_106490,,1,TRUE,https://www.CLIENT_X.com.tr/c-e/ho/cooking/airfryer-7000-serisi-xxl.html,Existing CM Trackers-Found,,,,,
CLIENT_X.com,Essential cookies,Koninklijke CLIENT_X N.V.,HTTP Cookie,bench_new_T3_105644,,,,,Existing CM Trackers-Not Found,,,,,
googleads.g.doubleclick.net,Targeted Advertising cookies (including social media),Google Advertising Products,Beacon,bench_new_T3_107109,,,TRUE,https://www.CLIENT_X.com.tr/,Existing CM Trackers-Found,,,,,
CLIENT_X.com.tr,Essential cookies,CLIENT_X - Turkey,HTTP Cookie,bench_new_T3_106354,,session,TRUE,https://www.CLIENT_X.com.tr/,Existing CM Trackers-Found,,,,,
CLIENT_X.com.tr,Essential cookies,CLIENT_X - Turkey,HTTP Cookie,bench_new_T3_107098,,,,,Existing CM Trackers-Not Found,,,,,
platform.twitter.com,Targeted Advertising cookies (including social media),X (formerly Twitter),ETag,bench_new_T3_106249,,,,,Existing CM Trackers-Not Found,,,,,
labs.iadvize.com,Performance cookies,iAdvize,JavaScript,bench_new_T3_106187,,,TRUE,https://www.CLIENT_X.com.tr/c-e/ho/cooking/airfryer-7000-serisi-xxl.html,Existing CM Trackers-Found,,,,,
CLIENT_X.com.tr,Essential cookies,CLIENT_X - Turkey,HTTP Cookie,bench_new_T3_105637,,0,TRUE,https://www.CLIENT_X.com.tr/,Existing CM Trackers-Found,,,,,
supurgesepeti.com,Essential cookies,Supurgesepeti.com,HTTP Cookie,bench_new_T3_105936,,,,,Existing CM Trackers-Not Found,,,,,
CLIENT_X.com.tr,Essential cookies,CLIENT_X - Turkey,HTTP Cookie,bench_new_T3_106620,,,,,Existing CM Trackers-Not Found,,,,,
*.mktoweb.com,Targeted Advertising cookies (including social media),Marketo,HTTP Cookie,bench_new_T3_106564,,,,,Existing CM Trackers-Not Found,,,,,
tremorhub.com,Targeted Advertising cookies (including social media),"Magnite CTV, Inc.",HTTP Cookie,bench_new_T3_105999,,400,TRUE,https://www.CLIENT_X.com.tr/a-w/about,Existing CM Trackers-Found,,,,,
www.CLIENT_X.com.tr,Essential cookies,CLIENT_X - Turkey,HTTP Cookie,bench_new_T3_106779,,0,TRUE,https://www.CLIENT_X.com.tr/c-p/AMF870_15/air-performer-8000-serisi-3-1-arada-hava-temizleyici-fan-ve-isitici,Existing CM Trackers-Found,,,,,
www.google.com,Targeted Advertising cookies (including social media),Google Inc.,Beacon,bench_new_T3_106754,,,TRUE,https://www.CLIENT_X.com.tr/,Existing CM Trackers-Found,,,,,
www.crsc.lighting.CLIENT_X.com,Performance cookies,Signify (formerly CLIENT_X Lighting),JavaScript,bench_new_T3_107149,,,,,Existing CM Trackers-Not Found,,,,,
tracker-detail-page.trustarc.com,Essential cookies,TrustArc,ETag,bench_new_T3_106219,,,,https://www.CLIENT_X.com.tr/a-w/tanimlama-bilgileri-politikasi,New Third Party Trackers,,,,,
consent-pref.trustarc.com,Essential cookies,TrustArc,Local Storage,bench_new_T3_105768,,,,,Existing CM Trackers-Not Found,,,,,
www.lighting.CLIENT_X.co.jp,Essential cookies (exempt from consent),Signify (formerly CLIENT_X Lighting),Beacon,blank (beacon),,180,,https://www.CLIENT_X.com.tr/healthcare/clinical-solutions/early-warning-scoring,New Third Party Trackers,,,,,
www.CLIENT_X.com.tr,Essential cookies,CLIENT_X - Turkey,HTTP Cookie,bench_new_T3_107173,,,,,Existing CM Trackers-Not Found,,,,,
google.com,Performance cookies,Google Inc.,Local Storage,bench_new_T3_106129,,,TRUE,https://www.CLIENT_X.com.tr/c-e/welcome?mag=F02&origin=20_tr_tr_mylumea_app,Existing CM Trackers-Found,,,,,
assets.kampyle.com,Performance cookies,Medallia,ETag,bench_new_T3_106491,,,TRUE,https://www.CLIENT_X.com.tr/a-w/about,Existing CM Trackers-Found,,,,,
tracker-detail-page.trustarc.com,Essential cookies,TrustArc,JavaScript,bench_new_T3_106889,,,,https://www.CLIENT_X.com.tr/a-w/tanimlama-bilgileri-politikasi,New Third Party Trackers,,,,,
supurgesepeti.com,Essential cookies,Supurgesepeti.com,HTTP Cookie,bench_new_T3_106425,,,,,Existing CM Trackers-Not Found,,,,,
www.CLIENT_X.com.tr,Essential cookies,CLIENT_X - Turkey,HTTP Cookie,bench_new_T3_106609,,,,,Existing CM Trackers-Not Found,,,,,
amazon-adsystem.com,Targeted Advertising cookies (including social media),Amazon Ads,HTTP Cookie,bench_new_T3_105686,,223,TRUE,https://www.CLIENT_X.com.tr/,Existing CM Trackers-Found,,,,,
td.yieldify.com,Targeted Advertising cookies (including social media),Yieldify,JavaScript,bench_new_T3_105627,,,,,Existing CM Trackers-Not Found,,,,,
www.lighting.CLIENT_X.com.tr,Essential cookies,Signify (formerly CLIENT_X Lighting),HTTP Cookie,bench_new_T3_106761,,,,,Existing CM Trackers-Not Found,,,,,
*.casalemedia.com,Targeted Advertising cookies (including social media),Index Exchange Inc.,Beacon,bench_new_T3_105675,,,,https://www.CLIENT_X.com.tr/a-w/about,Existing CM Trackers-Found,,,,,
www.static.accounts.CLIENT_X.com,Essential cookies,Koninklijke CLIENT_X N.V.,JavaScript,_ga_failed_lookup_marker_66_1646,,,,,Existing CM Trackers-Not Found,,,,,
pages.information.signify.com,Performance cookies,Signify (formerly CLIENT_X Lighting),HTTP Cookie,bench_new_T3_105785,,,,,Existing CM Trackers-Not Found,,,,,
cdn.jsdelivr.net,Performance cookies,Volentio JSD Limited,ETag,bench_new_T3_106780,,,,,Existing CM Trackers-Not Found,,,,,
CLIENT_X.com.tr,Performance cookies,CLIENT_X - Turkey,HTTP Cookie,bench_new_T3_106698,,session,TRUE,https://www.CLIENT_X.com.tr/,Existing CM Trackers-Found,,,,,
labs.iadvize.com,Performance cookies,iAdvize,ETag,bench_new_T3_106229,,,TRUE,https://www.CLIENT_X.com.tr/c-e/ho/cooking/airfryer-7000-serisi-xxl.html,Existing CM Trackers-Found,,,,,
www.CLIENT_X.com.tr,Essential cookies,CLIENT_X - Turkey,HTTP Cookie,bench_new_T3_105852,,0,TRUE,https://www.CLIENT_X.com.tr/c-p/AMF870_15/air-performer-8000-serisi-3-1-arada-hava-temizleyici-fan-ve-isitici,Existing CM Trackers-Found,,,,,
analytics-fe.digital-cloud-us-main.medallia.com,Performance cookies,Medallia,Beacon,bench_new_T3_105912,,,TRUE,https://www.CLIENT_X.com.tr/a-w/about,Existing CM Trackers-Found,,,,,
CLIENT_X.ro,Essential cookies (exempt from consent),CLIENT_X - Romania,HTTP Cookie,FPLC,,bench_update_duration,,,Existing CM Trackers-Not Found,,,,,
www.lighting.CLIENT_X.com,Performance cookies,Signify (formerly CLIENT_X Lighting),JavaScript,bench_new_T3_106147,,,,,Existing CM Trackers-Not Found,,,,,
CLIENT_X.com.tr,Essential cookies,CLIENT_X - Turkey,HTTP Cookie,bench_new_T3_105770,,,,,Existing CM Trackers-Not Found,,,,,
analytics.tiktok.com,Targeted Advertising cookies (including social media),TikTok,Beacon,bench_new_T3_106547,,,TRUE,https://www.CLIENT_X.com.tr/,Existing CM Trackers-Found,,,,,
www.googleadservices.com,Targeted Advertising cookies (including social media),Google Advertising Products,ETag,bench_new_T3_107085,,,,,Existing CM Trackers-Not Found,,,,,
CLIENT_X.com.gh,Essential cookies (exempt from consent),CLIENT_X - Ghana,HTTP Cookie,zScalerUser,,,,,Existing CM Trackers-Not Found,,,,,
cdn.speedcurve.com,Performance cookies,Speedcurve,JavaScript,bench_new_T3_106824,,,,https://www.CLIENT_X.com.tr/,New Third Party Trackers,,,,,
www.crsc.lighting.CLIENT_X.com,Performance cookies,Signify (formerly CLIENT_X Lighting),ETag,bench_new_T3_105988,,,,,Existing CM Trackers-Not Found,,,,,
*.mktoweb.com,Targeted Advertising cookies (including social media),Marketo,Local Storage,bench_new_T3_106400,,,,,Existing CM Trackers-Not Found,,,,,
cdnjs.cloudflare.com,Performance cookies,Cloudflare,ETag,bench_new_T3_105783,,,,,Existing CM Trackers-Not Found,,,,,
px.ads.linkedin.com,Targeted Advertising cookies (including social media),LinkedIn,JavaScript,bench_new_T3_106966,,,TRUE,https://www.CLIENT_X.com.tr/healthcare/solutions/value-products,Existing CM Trackers-Found,,,,,
static.iadvize.com,Performance cookies,iAdvize,ETag,bench_new_T3_106559,,,,,Existing CM Trackers-Not Found,,,,,
CLIENT_X.com.tr,Essential cookies,CLIENT_X - Turkey,HTTP Cookie,bench_new_T3_105684,,400,TRUE,https://www.CLIENT_X.com.tr/,Existing CM Trackers-Found,,,,,
cdn.ticimax.cloud,Performance cookies,Ticimax,ETag,bench_new_T3_106976,,,,,Existing CM Trackers-Not Found,,,,,
c.amazon-adsystem.com,Targeted Advertising cookies (including social media),Amazon Ads,JavaScript,bench_new_T3_106290,,,TRUE,https://www.CLIENT_X.com.tr/,Existing CM Trackers-Found,,,,,
www.supurgesepeti.com,Essential cookies,Supurgesepeti.com,HTTP Cookie,bench_new_T3_106792,,,,,Existing CM Trackers-Not Found,,,,,
raw.githubusercontent.com,Performance cookies,GitHub Inc.,ETag,_ga_failed_lookup_marker_66_1669,,,TRUE,https://www.CLIENT_X.com.tr/healthcare/about/distributors,Existing CM Trackers-Found,,,,,
supurgesepeti.com,Essential cookies,Supurgesepeti.com,HTTP Cookie,bench_new_T3_106215,,,,,Existing CM Trackers-Not Found,,,,,
www.CLIENT_X.com.tr,Performance cookies,CLIENT_X - Turkey,HTTP Cookie,bench_new_T3_105725,,,,,Existing CM Trackers-Not Found,,,,,
beacon.speedcurve.com,Performance cookies,Speedcurve,Beacon,bench_new_T3_105700,,,,https://www.CLIENT_X.com.tr/c-e/ho/cooking/elektrikli-akilli-duduklu-tencere-3000-serisi.html,New Third Party Trackers,,,,,
assets.kampyle.com,Performance cookies,Medallia,ETag,bench_new_T3_106581,,,TRUE,https://www.CLIENT_X.com.tr/a-w/about,Existing CM Trackers-Found,,,,,
*.online-metrix.net,Performance cookies,LexisNexis Risk Solutions (formerly ThreatMetrix),Beacon,_ga_failed_lookup_marker_66_1674,,,,https://www.CLIENT_X.com.tr/,New Third Party Trackers,,,,,
doubleclick.net,Targeted Advertising cookies (including social media),Google Advertising Products,HTTP Cookie,bench_new_T3_107043,,0,TRUE,https://www.CLIENT_X.com.tr/,Existing CM Trackers-Found,,,,,
www.CLIENT_X.com.tr,Essential cookies,CLIENT_X - Turkey,HTTP Cookie,bench_new_T3_106033,,,,,Existing CM Trackers-Not Found,,,,,
assets-v2.yieldify.com,Targeted Advertising cookies (including social media),Yieldify,ETag,bench_new_T3_105804,,,,,Existing CM Trackers-Not Found,,,,,
www.googleadservices.com,Targeted Advertising cookies (including social media),Google Advertising Products,JavaScript,bench_new_T3_106064,,,,,Existing CM Trackers-Not Found,,,,,
widget-cdn.janraincapture.com,Performance cookies,Akamai,ETag,bench_new_T3_106375,,,,,Existing CM Trackers-Not Found,,,,,
*.mktoweb.com,Targeted Advertising cookies (including social media),Marketo,JavaScript,_ga_failed_lookup_marker_66_1680,,,,,Existing CM Trackers-Not Found,,,,,
snapchat.com,Targeted Advertising cookies (including social media),Snap Inc.,HTTP Cookie,bench_new_T3_105601,,390,TRUE,https://www.CLIENT_X.com.tr/c-e/ho/cooking/airfryer-7000-serisi-xxl.html,Existing CM Trackers-Found,,,,,
www.lighting.CLIENT_X.com.tr,Essential cookies,Signify (formerly CLIENT_X Lighting),HTTP Cookie,bench_new_T3_106538,,,,,Existing CM Trackers-Not Found,,,,,
analytics-ipv6.tiktokw.us,Targeted Advertising cookies (including social media),TikTok,Beacon,bench_new_T3_106053,,,,https://www.CLIENT_X.com.tr/,New Third Party Trackers,,,,,
www.supurgesepeti.com,Essential cookies,Supurgesepeti.com,JavaScript,_ga_failed_lookup_marker_66_1684,,,,,Existing CM Trackers-Not Found,,,,,
imgs.signifyd.com,Essential cookies,Signifyd,Beacon,bench_new_T3_105845,,,TRUE,https://www.CLIENT_X.com.tr/,Existing CM Trackers-Found,,,,,
demdex.net,Targeted Advertising Cookies (including social media) [Requires consent],"Adobe Audience Manager, Adobe Experience Platform",HTTP Cookie,demdex,,bench_update_duration,TRUE,https://www.CLIENT_X.com.tr/c-e/welcome?mag=F02&origin=20_tr_tr_mylumea_app,Existing CM Trackers-Found,,,,,
*.t.eloqua.com,Performance cookies,Oracle Marketing,Beacon,bench_new_T3_107019,,,,https://www.CLIENT_X.com.tr/healthcare,Existing CM Trackers-Found,,,,,
consent.trustarc.com,Essential cookies,TrustArc,JavaScript,bench_new_T3_106295,,,TRUE,https://www.CLIENT_X.com.tr/,Existing CM Trackers-Found,,,,,
CLIENT_X.com.tr,Performance cookies,CLIENT_X - Turkey,HTTP Cookie,bench_new_T3_106429,,400,,https://www.CLIENT_X.com.tr/,Existing CM Trackers-Found,,,,,
www.supurgesepeti.com,Essential cookies,Supurgesepeti.com,HTTP Cookie,bench_new_T3_106010,,,,,Existing CM Trackers-Not Found,,,,,
www.lighting.CLIENT_X.com.tr,Essential cookies,Signify (formerly CLIENT_X Lighting),HTTP Cookie,bench_new_T3_105773,,,,,Existing CM Trackers-Not Found,,,,,
CLIENT_X.fr,Essential cookies (exempt from consent),CLIENT_X - France,HTTP Cookie,s_nrpv,,bench_update_duration,,https://www.CLIENT_X.com.tr/c-p/AMF870_15/air-performer-8000-serisi-3-1-arada-hava-temizleyici-fan-ve-isitici,New First Party Trackers,,,,,
CLIENT_X.com.tr,Essential cookies,CLIENT_X - Turkey,Local Storage,bench_new_T3_106237,,,TRUE,https://www.CLIENT_X.com.tr/c-w/tuketici-urunleri-destek/support-contact-page.html,Existing CM Trackers-Found,,,,,
CLIENT_X.com,Essential cookies (exempt from consent),Koninklijke CLIENT_X N.V.,HTTP Cookie,s_sq,,,,,Existing CM Trackers-Not Found,,,,,
*.akstat.io,Performance cookies,Akamai,Beacon,bench_new_T3_105630,,,,https://www.CLIENT_X.com.tr/c-p/SPT6607B_62/6000-series-kablosuz-klavye-fare-seti,New Third Party Trackers,,,,,
stats.g.doubleclick.net,Targeted Advertising cookies (including social media),Google Advertising Products,Beacon,bench_new_T3_106556,,,TRUE,https://www.CLIENT_X.com.tr/,Existing CM Trackers-Found,,,,,
CLIENT_X.co.uk,Targeted Advertising cookies (including social media),CLIENT_X - United Kingdom,Local Storage,bench_new_T3_105602,,,,,Existing CM Trackers-Not Found,,,,,
consent.trustarc.com,Essential cookies,TrustArc,JavaScript,bench_new_T3_106113,,,TRUE,https://www.CLIENT_X.com.tr/,Existing CM Trackers-Found,,,,,
demdex.net,Targeted Advertising cookies (including social media),"Adobe Audience Manager, Adobe Experience Cloud",HTTP Cookie,bench_new_T3_106790,,,,,Existing CM Trackers-Not Found,,,,,
static.ticimax.cloud,Performance cookies,Ticimax,JavaScript,_ga_failed_lookup_marker_66_1700,,,,,Existing CM Trackers-Not Found,,,,,
CLIENT_X.com.tr,Essential cookies,CLIENT_X - Turkey,HTTP Cookie,bench_new_T3_106398,,,,,Existing CM Trackers-Not Found,,,,,
w.usabilla.com,Performance cookies,GetFeedback,JavaScript,_ga_failed_lookup_marker_66_1702,,,,,Existing CM Trackers-Not Found,,,,,
lighting.CLIENT_X.com.tr,Essential cookies,Signify (formerly CLIENT_X Lighting),HTTP Cookie,bench_new_T3_107156,,,,,Existing CM Trackers-Not Found,,,,,
tracker-detail-page.trustarc.com,Essential cookies,TrustArc,ETag,bench_new_T3_106098,,,,https://www.CLIENT_X.com.tr/a-w/tanimlama-bilgileri-politikasi,New Third Party Trackers,,,,,
subscription.CLIENT_X.fr,Essential cookies (exempt from consent),CLIENT_X - France,HTTP Cookie,TAsessionID,,,,,Existing CM Trackers-Not Found,,,,,
supurgesepeti.com,Essential cookies,Supurgesepeti.com,Local Storage,bench_new_T3_106349,,,,,Existing CM Trackers-Not Found,,,,,
www.usa.CLIENT_X.com,Essential cookies (exempt from consent),Koninklijke CLIENT_X N.V.,HTTP Cookie,gtm_mouseflow_session_inscope,,bench_update_duration,,,Existing CM Trackers-Not Found,,,,,
static.ticimax.cloud,Performance cookies,Ticimax,ETag,bench_new_T3_106756,,,,,Existing CM Trackers-Not Found,,,,,
www.CLIENT_X.com,Essential cookies,Koninklijke CLIENT_X N.V.,ETag,bench_new_T3_106505,,,TRUE,https://www.CLIENT_X.com.tr/healthcare/sites/lumify-handheld-ultrasound/lumify-academy,Existing CM Trackers-Found,,,,,
agent-versuni.mindtouch.us,Performance cookies,MindTouch,HTTP Cookie,bench_new_T3_106153,,session,,https://www.CLIENT_X.com.tr/c-f/XC000021443/CLIENT_X-vantilat%C3%B6r%C3%BCm-sal%C4%B1n%C4%B1m-yaparken-al%C4%B1%C5%9F%C4%B1lmad%C4%B1k-bir-ses-%C3%A7%C4%B1kar%C4%B1yor,New Third Party Trackers,,,,,
CLIENT_X.ch,Essential cookies (exempt from consent),CLIENT_X - Switzerland,HTTP Cookie,_scid,,,TRUE,https://www.CLIENT_X.com.tr/,Existing CM Trackers-Found,,,,,
custom.yieldify.com,Targeted Advertising cookies (including social media),Yieldify,ETag,bench_new_T3_105799,,,,,Existing CM Trackers-Not Found,,,,,
*.mktoweb.com,Targeted Advertising cookies (including social media),Marketo,JavaScript,bench_new_T3_105863,,,,,Existing CM Trackers-Not Found,,,,,
lighting.CLIENT_X.com.tr,Essential cookies,Signify (formerly CLIENT_X Lighting),Local Storage,bench_new_T3_106514,,,,,Existing CM Trackers-Not Found,,,,,
CLIENT_X.com.tr,Essential cookies,CLIENT_X - Turkey,Local Storage,bench_new_T3_106360,,,TRUE,https://www.CLIENT_X.com.tr/c-w/tuketici-urunleri-destek/support-contact-page.html,Existing CM Trackers-Found,,,,,
lighting.CLIENT_X.com.tr,Essential cookies,Signify (formerly CLIENT_X Lighting),HTTP Cookie,bench_new_T3_105796,,,,,Existing CM Trackers-Not Found,,,,,
CLIENT_Xb2c.my.site.com,Performance cookies,"Salesforce.com, Inc.",ETag,bench_new_T3_106522,,,TRUE,https://www.CLIENT_X.com.tr/c-w/tuketici-urunleri-destek/support-contact-page.html,Existing CM Trackers-Found,,,,,
imgs.signifyd.com,Essential cookies,Signifyd,Local Storage,bench_new_T3_107020,,,TRUE,https://www.CLIENT_X.com.tr/,Existing CM Trackers-Found,,,,,
static.cloud.coveo.com,Targeted Advertising cookies (including social media),Coveo Solutions Inc.,JavaScript,bench_new_T3_106022,,,TRUE,https://www.CLIENT_X.com.tr/c-p/AMF870_15/air-performer-8000-serisi-3-1-arada-hava-temizleyici-fan-ve-isitici,Existing CM Trackers-Found,,,,,
cdn-scripts.signifyd.com,Essential cookies,Signifyd,ETag,bench_new_T3_106304,,,TRUE,https://www.CLIENT_X.com.tr/,Existing CM Trackers-Found,,,,,
casalemedia.com,Targeted Advertising cookies (including social media),Index Exchange Inc.,HTTP Cookie,bench_new_T3_106967,,365,TRUE,https://www.CLIENT_X.com.tr/a-w/about,Existing CM Trackers-Found,,,,,
casalemedia.com,Targeted Advertising cookies (including social media),Index Exchange Inc.,HTTP Cookie,bench_new_T3_106742,,365,TRUE,https://www.CLIENT_X.com.tr/a-w/about,Existing CM Trackers-Found,,,,,
CLIENT_Xb2c.my.site.com,Performance cookies,"Salesforce.com, Inc.",ETag,bench_new_T3_106583,,,TRUE,https://www.CLIENT_X.com.tr/c-w/tuketici-urunleri-destek/support-contact-page.html,Existing CM Trackers-Found,,,,,
cdn.mouseflow.com,Performance cookies,Mouseflow,ETag,bench_new_T3_105779,,,,https://www.CLIENT_X.com.tr/c-m-pe/hair-removal,New Third Party Trackers,,,,,
maps.googleapis.com,Targeted Advertising cookies (including social media),Google Inc.,ETag,bench_new_T3_105836,,,TRUE,https://www.CLIENT_X.com.tr/healthcare/about/distributors,Existing CM Trackers-Found,,,,,
CLIENT_X.co.jp,Essential cookies (exempt from consent),CLIENT_X Electronics Corporation Japan,HTTP Cookie,s_tid,,bench_update_duration,,https://www.CLIENT_X.com.tr/,New First Party Trackers,,,,,
eloqua.com,Essential cookies,Oracle Marketing,HTTP Cookie,bench_new_T3_106199,,392,TRUE,https://www.CLIENT_X.com.tr/healthcare,Existing CM Trackers-Found,,,,,
youtube.com,Targeted Advertising cookies (including social media),Google Advertising Products,HTTP Cookie,bench_new_T3_106017,,180,TRUE,https://www.CLIENT_X.com.tr/healthcare/clinical-solutions/early-warning-scoring,Existing CM Trackers-Found,,,,,
www.accounts.CLIENT_X.com,Essential cookies,Koninklijke CLIENT_X N.V.,JavaScript,bench_new_T3_105935,,,,,Existing CM Trackers-Not Found,,,,,
www.CLIENT_X.com.tr,Essential cookies,CLIENT_X - Turkey,HTTP Cookie,bench_new_T3_107089,,session,TRUE,https://www.CLIENT_X.com.tr/c-p/AMF870_15/air-performer-8000-serisi-3-1-arada-hava-temizleyici-fan-ve-isitici,Existing CM Trackers-Found,,,,,
images.CLIENT_X.com,Essential cookies,Koninklijke CLIENT_X N.V.,JavaScript,bench_new_T3_105890,,,TRUE,https://www.CLIENT_X.com.tr/healthcare/product/HCNOCTN424PACS,Existing CM Trackers-Found,,,,,
www.CLIENT_X.com.tr,Essential cookies,CLIENT_X - Turkey,HTTP Cookie,_ga_failed_lookup_marker_66_1732,,,,,Existing CM Trackers-Not Found,,,,,
www.googletagmanager.com,Performance cookies,Google Inc.,Beacon,bench_new_T3_106932,,,TRUE,https://www.CLIENT_X.com.tr/c-e/ho/homeid-app.html,Existing CM Trackers-Found,,,,,
www.CLIENT_X.com.sg,Essential cookies (exempt from consent),CLIENT_X - Singapore,HTTP Cookie,eddl_itc_list,,390,TRUE,https://www.CLIENT_X.com.tr/c-e/ho/cooking/airfryer-7000-serisi-xxl.html,Existing CM Trackers-Found,,,,,
www.CLIENT_X.com,Essential cookies,Koninklijke CLIENT_X N.V.,ETag,bench_new_T3_106849,,,TRUE,https://www.CLIENT_X.com.tr/healthcare/sites/lumify-handheld-ultrasound/lumify-academy,Existing CM Trackers-Found,,,,,
checkout-ui.prod.ticimax.net,Performance cookies,Ticimax,HTTP Cookie,bench_new_T3_106156,,,,,Existing CM Trackers-Not Found,,,,,
www.crsc.CLIENT_X.com,Targeted Advertising cookies (including social media),Koninklijke CLIENT_X N.V.,ETag,bench_new_T3_106028,,,TRUE,https://www.CLIENT_X.com.tr/shop/order-search/search-input,Existing CM Trackers-Found,,,,,
*.t.eloqua.com,Performance cookies,Oracle Marketing,JavaScript,bench_new_T3_106720,,,,https://www.CLIENT_X.com.tr/healthcare/education-resources/education-training,New Third Party Trackers,,,,,
nebula-cdn.kampyle.com,Performance cookies,Medallia,ETag,bench_new_T3_106041,,,TRUE,https://www.CLIENT_X.com.tr/c-p/AC3033_10/3000i-series-hava-temizleyici,Existing CM Trackers-Found,,,,,
maps.googleapis.com,Targeted Advertising cookies (including social media),Google Inc.,ETag,_ga_failed_lookup_marker_66_1740,,,TRUE,https://www.CLIENT_X.com.tr/healthcare/about/distributors,Existing CM Trackers-Found,,,,,
supurgesepeti.com,Essential cookies,Supurgesepeti.com,HTTP Cookie,bench_new_T3_106628,,,,,Existing CM Trackers-Not Found,,,,,
CLIENT_X.com.tr,Essential cookies,CLIENT_X - Turkey,HTTP Cookie,bench_new_T3_107125,,,,,Existing CM Trackers-Not Found,,,,,
company-target.com,Targeted Advertising cookies (including social media),"Demandbase, Inc.",HTTP Cookie,_ga_failed_lookup_marker_66_1743,,396,TRUE,https://www.CLIENT_X.com.tr/a-w/about,Existing CM Trackers-Found,,,,,
checkout-ui.prod.ticimax.net,Performance cookies,Ticimax,JavaScript,bench_new_T3_106021,,,,,Existing CM Trackers-Not Found,,,,,
CLIENT_X.com.tr,Essential cookies,CLIENT_X - Turkey,HTTP Cookie,bench_new_T3_106309,,,,,Existing CM Trackers-Not Found,,,,,
www.google.com,Essential cookies,Google Inc.,HTTP Cookie,bench_new_T3_105718,,180,TRUE,https://www.CLIENT_X.com.tr/c-e/welcome?mag=F02&origin=20_tr_tr_mylumea_app,Existing CM Trackers-Found,,,,,
www.youtube.com,Targeted Advertising cookies (including social media),Google Advertising Products,JavaScript,bench_new_T3_106124,,,TRUE,https://www.CLIENT_X.com.tr/healthcare/clinical-solutions/early-warning-scoring,Existing CM Trackers-Found,,,,,
*.e.aa.online-metrix.net,Performance cookies,LexisNexis Risk Solutions (formerly ThreatMetrix),Beacon,bench_new_T3_106827,,,,https://www.CLIENT_X.com.tr/c-p/SWV9433C_00/hdmi-2.1-kablosu,New Third Party Trackers,,,,,
CLIENT_X.com.qa,Essential cookies (exempt from consent),CLIENT_X - Qatar,HTTP Cookie,iAdvize:splitGroup,,bench_update_duration,,,Existing CM Trackers-Not Found,,,,,
supurgesepeti.com,Essential cookies,Supurgesepeti.com,HTTP Cookie,bench_new_T3_107191,,,,,Existing CM Trackers-Not Found,,,,,
platform.twitter.com,Targeted Advertising cookies (including social media),X (formerly Twitter),ETag,bench_new_T3_105621,,,,,Existing CM Trackers-Not Found,,,,,
imgs.signifyd.com,Essential cookies,Signifyd,Local Storage,bench_new_T3_105899,,,TRUE,https://www.CLIENT_X.com.tr/,Existing CM Trackers-Found,,,,,
www.lampreplacementtool.lighting.CLIENT_X.com,Performance cookies,Koninklijke CLIENT_X N.V.,ETag,bench_new_T3_106726,,,,,Existing CM Trackers-Not Found,,,,,
www.lighting.CLIENT_X.com,Performance cookies,Signify (formerly CLIENT_X Lighting),ETag,_ga_failed_lookup_marker_66_1754,,,,,Existing CM Trackers-Not Found,,,,,
www.CLIENT_X.com.tr,Essential cookies,CLIENT_X - Turkey,HTTP Cookie,bench_new_T3_107044,,0,TRUE,https://www.CLIENT_X.com.tr/c-p/AMF870_15/air-performer-8000-serisi-3-1-arada-hava-temizleyici-fan-ve-isitici,Existing CM Trackers-Found,,,,,
company-target.com,Targeted Advertising cookies (including social media),"Demandbase, Inc.",HTTP Cookie,bench_new_T3_106407,,396,TRUE,https://www.CLIENT_X.com.tr/a-w/about,Existing CM Trackers-Found,,,,,
ssl-static.janraincapture.com,Performance cookies,Akamai,JavaScript,bench_new_T3_106345,,,,,Existing CM Trackers-Not Found,,,,,
CLIENT_X.com.tr,Essential cookies,CLIENT_X - Turkey,HTTP Cookie,_ga_failed_lookup_marker_66_1758,,400,TRUE,https://www.CLIENT_X.com.tr/,Existing CM Trackers-Found,,,,,
www.googleapis.com,Performance cookies,Google Inc.,JavaScript,bench_new_T3_106112,,,TRUE,https://www.CLIENT_X.com.tr/c-f/XC000004909/CLIENT_X-epilat%C3%B6r-cihaz%C4%B1m%C4%B1n-aparatlar%C4%B1-nas%C4%B1l-kullan%C4%B1l%C4%B1r,Existing CM Trackers-Found,,,,,
checkout-ui.prod.ticimax.net,Performance cookies,Ticimax,ETag,bench_new_T3_106498,,,,,Existing CM Trackers-Not Found,,,,,
www.CLIENT_X.com.tr,Essential cookies,CLIENT_X - Turkey,HTTP Cookie,bench_new_T3_105811,,0,TRUE,https://www.CLIENT_X.com.tr/c-p/AMF870_15/air-performer-8000-serisi-3-1-arada-hava-temizleyici-fan-ve-isitici,Existing CM Trackers-Found,,,,,
www.CLIENT_X.com.tr,Essential cookies,CLIENT_X - Turkey,HTTP Cookie,bench_new_T3_106340,,365,TRUE,https://www.CLIENT_X.com.tr/c-p/AMF870_15/air-performer-8000-serisi-3-1-arada-hava-temizleyici-fan-ve-isitici,Existing CM Trackers-Found,,,,,
support.niceteknoloji.com,Performance cookies,Nice Technology,JavaScript,_ga_failed_lookup_marker_66_1763,,,,,Existing CM Trackers-Not Found,,,,,
cdnjs.cloudflare.com,Performance cookies,Cloudflare,ETag,bench_new_T3_106715,,,,,Existing CM Trackers-Not Found,,,,,
tag.demandbase.com,Targeted Advertising cookies (including social media),"Demandbase, Inc.",JavaScript,bench_new_T3_105944,,,TRUE,https://www.CLIENT_X.com.tr/a-w/about,Existing CM Trackers-Found,,,,,
pixel.rubiconproject.com,Targeted Advertising cookies (including social media),"Magnite, Inc.",Beacon,_ga_failed_lookup_marker_66_1766,,,TRUE,https://www.CLIENT_X.com.tr/a-w/about,Existing CM Trackers-Found,,,,,
prefmgr-cookie.truste-svc.net,Essential cookies (exempt from consent),TrustArc,HTTP Cookie,cookie_3rdparty,,bench_update_duration,TRUE,https://www.CLIENT_X.com.tr/,Existing CM Trackers-Found,,,,,
platform.twitter.com,Targeted Advertising cookies (including social media),X (formerly Twitter),ETag,bench_new_T3_107187,,,,,Existing CM Trackers-Not Found,,,,,
*.mktoweb.com,Targeted Advertising cookies (including social media),Marketo,Local Storage,bench_new_T3_105817,,,,,Existing CM Trackers-Not Found,,,,,
analytics.tiktok.com,Targeted Advertising cookies (including social media),TikTok,Beacon,bench_new_T3_105986,,,TRUE,https://www.CLIENT_X.com.tr/,Existing CM Trackers-Found,,,,,
lighting.CLIENT_X.co.nz,Essential cookies (exempt from consent),Signify (formerly CLIENT_X Lighting),HTTP Cookie,s_vs,,90,TRUE,https://www.CLIENT_X.com.tr/,Existing CM Trackers-Found,,,,,
www.gearselectiontool.lighting.CLIENT_X.com,Performance cookies,Signify (formerly CLIENT_X Lighting),JavaScript,bench_new_T3_107005,,,,,Existing CM Trackers-Not Found,,,,,
lighting.CLIENT_X.com.tr,Essential cookies,Signify (formerly CLIENT_X Lighting),HTTP Cookie,bench_new_T3_106615,,,,,Existing CM Trackers-Not Found,,,,,
www.supurgesepeti.com,Essential cookies,Supurgesepeti.com,JavaScript,bench_new_T3_105976,,,,,Existing CM Trackers-Not Found,,,,,
www.CLIENT_X.com.tr,Essential cookies,CLIENT_X - Turkey,HTTP Cookie,bench_new_T3_105867,,,,,Existing CM Trackers-Not Found,,,,,
c.amazon-adsystem.com,Targeted Advertising cookies (including social media),Amazon Ads,JavaScript,bench_new_T3_105707,,,TRUE,https://www.CLIENT_X.com.tr/,Existing CM Trackers-Found,,,,,
www.CLIENT_X.com.tr,Essential cookies,CLIENT_X - Turkey,HTTP Cookie,bench_new_T3_106303,,365,TRUE,https://www.CLIENT_X.com.tr/c-p/AMF870_15/air-performer-8000-serisi-3-1-arada-hava-temizleyici-fan-ve-isitici,Existing CM Trackers-Found,,,,,
assets.adobedtm.com,Performance cookies,Adobe Inc.,JavaScript,bench_new_T3_105676,,,,,Existing CM Trackers-Not Found,,,,,
www.CLIENT_X.ee,Essential cookies (exempt from consent),CLIENT_X - Republic of Estonia,ETag,blank (etag),,bench_update_duration,TRUE,https://www.CLIENT_X.com.tr/,Existing CM Trackers-Found,,,,,
versuni.scene7.com,Performance cookies,Adobe Experience Cloud - Experience Manager,ETag,bench_new_T3_106850,,,TRUE,https://www.CLIENT_X.com.tr/c-f/XC000021357/CLIENT_X-homerun-uygulamamda-haritalar-nas%C4%B1l-olu%C5%9Fturulur-ve-y%C3%B6netilir,Existing CM Trackers-Found,,,,,
www.CLIENT_X.co.uk,Performance cookies,CLIENT_X - United Kingdom,ETag,bench_new_T3_106116,,,,,Existing CM Trackers-Not Found,,,,,
*.fls.doubleclick.net,Targeted Advertising cookies (including social media),Google Advertising Products,Beacon,bench_new_T3_106751,,,,,Existing CM Trackers-Not Found,,,,,
i.ytimg.com,Targeted Advertising cookies (including social media),Google Inc.,ETag,bench_new_T3_105930,,,TRUE,https://www.CLIENT_X.com.tr/c-f/XC000004909/CLIENT_X-epilat%C3%B6r-cihaz%C4%B1m%C4%B1n-aparatlar%C4%B1-nas%C4%B1l-kullan%C4%B1l%C4%B1r,Existing CM Trackers-Found,,,,,
www.googleadservices.com,Targeted Advertising cookies (including social media),Google Advertising Products,ETag,_ga_failed_lookup_marker_66_1784,,,,,Existing CM Trackers-Not Found,,,,,
supurgesepeti.com,Essential cookies,Supurgesepeti.com,HTTP Cookie,bench_new_T3_106027,,,,,Existing CM Trackers-Not Found,,,,,
images.CLIENT_X.com,Essential cookies,Koninklijke CLIENT_X N.V.,JavaScript,_ga_failed_lookup_marker_66_1786,,,TRUE,https://www.CLIENT_X.com.tr/healthcare/product/HCNOCTN424PACS,Existing CM Trackers-Found,,,,,
www.eu-west-1.api.CLIENT_X.com,Targeted Advertising cookies (including social media),Koninklijke CLIENT_X N.V.,Beacon,bench_new_T3_106092,,,,https://www.CLIENT_X.com.tr/c-e/shop/checkout,New Third Party Trackers,,,,,
s2.go-mpulse.net,Performance cookies,Akamai,JavaScript,bench_new_T3_106597,,,TRUE,https://www.CLIENT_X.com.tr/,Existing CM Trackers-Found,,,,,
lighting.CLIENT_X.com.tr,Essential cookies,Signify (formerly CLIENT_X Lighting),HTTP Cookie,_ga_failed_lookup_marker_66_1789,,,,,Existing CM Trackers-Not Found,,,,,
static.ticimax.cloud,Performance cookies,Ticimax,JavaScript,bench_new_T3_105864,,,,,Existing CM Trackers-Not Found,,,,,
www.google.com,Targeted Advertising cookies (including social media),Google Inc.,JavaScript,_ga_failed_lookup_marker_66_1791,,,TRUE,https://www.CLIENT_X.com.tr/c-e/welcome?mag=F02&origin=20_tr_tr_mylumea_app,Existing CM Trackers-Found,,,,,
*.online-metrix.net,Performance cookies,LexisNexis Risk Solutions (formerly ThreatMetrix),Beacon,bench_new_T3_105952,,,,https://www.CLIENT_X.com.tr/,New Third Party Trackers,,,,,
*.online-metrix.net,Performance cookies,LexisNexis Risk Solutions (formerly ThreatMetrix),Beacon,bench_new_T3_106866,,,,https://www.CLIENT_X.com.tr/,Existing CM Trackers-Found,,,,,
static.cloud.coveo.com,Targeted Advertising cookies (including social media),Coveo Solutions Inc.,JavaScript,bench_new_T3_107069,,,TRUE,https://www.CLIENT_X.com.tr/c-p/AMF870_15/air-performer-8000-serisi-3-1-arada-hava-temizleyici-fan-ve-isitici,Existing CM Trackers-Found,,,,,
www.lampreplacementtool.CLIENT_X.com,Essential cookies,Koninklijke CLIENT_X N.V.,ETag,bench_new_T3_107108,,,,,Existing CM Trackers-Not Found,,,,,
www.lighting.CLIENT_X.ma,Essential cookies (exempt from consent),Signify (formerly CLIENT_X Lighting),HTTP Cookie,s_mc,,0,TRUE,https://www.CLIENT_X.com.tr/,Existing CM Trackers-Found,,,,,
sc-static.net,Targeted Advertising cookies (including social media),Snap Inc.,JavaScript,bench_new_T3_106159,,,TRUE,https://www.CLIENT_X.com.tr/c-e/ho/cooking/airfryer-7000-serisi-xxl.html,Existing CM Trackers-Found,,,,,
www.google.ie,Targeted Advertising cookies (including social media),Google Inc.,Beacon,bench_new_T3_106679,,,TRUE,https://www.CLIENT_X.com.tr/,Existing CM Trackers-Found,,,,,
youtube.com,Targeted Advertising cookies (including social media),Google Advertising Products,HTTP Cookie,bench_new_T3_105900,,session,TRUE,https://www.CLIENT_X.com.tr/healthcare/clinical-solutions/early-warning-scoring,Existing CM Trackers-Found,,,,,
www.supurgesepeti.com,Essential cookies,Supurgesepeti.com,ETag,bench_new_T3_106212,,,,,Existing CM Trackers-Not Found,,,,,
agent-versuni.mindtouch.us,Performance cookies,MindTouch,HTTP Cookie,bench_new_T3_106545,,session,,https://www.CLIENT_X.com.tr/c-f/XC000021443/CLIENT_X-vantilat%C3%B6r%C3%BCm-sal%C4%B1n%C4%B1m-yaparken-al%C4%B1%C5%9F%C4%B1lmad%C4%B1k-bir-ses-%C3%A7%C4%B1kar%C4%B1yor,New Third Party Trackers,,,,,
amazon-adsystem.com,Targeted Advertising cookies (including social media),Amazon Ads,HTTP Cookie,bench_new_T3_105772,,400,TRUE,https://www.CLIENT_X.com.tr/,Existing CM Trackers-Found,,,,,
www.CLIENT_X.com.tr,Essential cookies,CLIENT_X - Turkey,HTTP Cookie,bench_new_T3_106069,,30,TRUE,https://www.CLIENT_X.com.tr/c-p/AMF870_15/air-performer-8000-serisi-3-1-arada-hava-temizleyici-fan-ve-isitici,Existing CM Trackers-Found,,,,,
supurgesepeti.com,Essential cookies,Supurgesepeti.com,HTTP Cookie,bench_new_T3_106263,,,,,Existing CM Trackers-Not Found,,,,,
*.online-metrix.net,Performance cookies,LexisNexis Risk Solutions (formerly ThreatMetrix),Beacon,bench_new_T3_106540,,,,https://www.CLIENT_X.com.tr/,New Third Party Trackers,,,,,
CLIENT_X.com.tr,Essential cookies,CLIENT_X - Turkey,HTTP Cookie,_ga_failed_lookup_marker_66_1806,,0,TRUE,https://www.CLIENT_X.com.tr/,Existing CM Trackers-Found,,,,,
tracker-detail-page.trustarc.com,Essential cookies,TrustArc,JavaScript,bench_new_T3_106127,,,,https://www.CLIENT_X.com.tr/a-w/tanimlama-bilgileri-politikasi,New Third Party Trackers,,,,,
www.lighting.CLIENT_X.no,Essential cookies (exempt from consent),Signify (formerly CLIENT_X Lighting),HTTP Cookie,customer_language_accept,,bench_update_duration,,,Existing CM Trackers-Not Found,,,,,
sc-static.net,Targeted Advertising cookies (including social media),Snap Inc.,JavaScript,bench_new_T3_107197,,,TRUE,https://www.CLIENT_X.com.tr/c-e/ho/cooking/airfryer-7000-serisi-xxl.html,Existing CM Trackers-Found,,,,,
www.lighting.CLIENT_X.com.tr,Essential cookies,Signify (formerly CLIENT_X Lighting),HTTP Cookie,bench_new_T3_106798,,,,,Existing CM Trackers-Not Found,,,,,
munchkin.marketo.net,Targeted Advertising cookies (including social media),Marketo,JavaScript,bench_new_T3_106394,,,,,Existing CM Trackers-Not Found,,,,,
CLIENT_X.com.tr,Essential cookies,CLIENT_X - Turkey,HTTP Cookie,bench_new_T3_106374,,0,TRUE,https://www.CLIENT_X.com.tr/,Existing CM Trackers-Found,,,,,
www.lampreplacementtool.lighting.CLIENT_X.com,Performance cookies,Koninklijke CLIENT_X N.V.,ETag,bench_new_T3_105626,,,,,Existing CM Trackers-Not Found,,,,,
comment.niceteknoloji.com,Performance cookies,Nice Technology,ETag,bench_new_T3_106791,,,,,Existing CM Trackers-Not Found,,,,,
www.CLIENT_X.com.tr,Essential cookies,CLIENT_X - Turkey,HTTP Cookie,bench_new_T3_106817,,365,TRUE,https://www.CLIENT_X.com.tr/c-p/AMF870_15/air-performer-8000-serisi-3-1-arada-hava-temizleyici-fan-ve-isitici,Existing CM Trackers-Found,,,,,
www.googleadservices.com,Targeted Advertising cookies (including social media),Google Advertising Products,JavaScript,bench_new_T3_106180,,,,,Existing CM Trackers-Not Found,,,,,
www.CLIENT_X.com.tr,Essential cookies,CLIENT_X - Turkey,HTTP Cookie,bench_new_T3_106186,,,,,Existing CM Trackers-Not Found,,,,,
www.lampreplacementtool.lighting.CLIENT_X.com,Performance cookies,Koninklijke CLIENT_X N.V.,ETag,bench_new_T3_107087,,,,,Existing CM Trackers-Not Found,,,,,
www.lighting.CLIENT_X.com.vn,Essential cookies (exempt from consent),Signify (formerly CLIENT_X Lighting),HTTP Cookie,ltc_cf,,,TRUE,https://www.CLIENT_X.com.tr/,Existing CM Trackers-Found,,,,,
ad.doubleclick.net,Targeted Advertising cookies (including social media),Google Advertising Products,Beacon,bench_new_T3_106778,,,TRUE,https://www.CLIENT_X.com.tr/,Existing CM Trackers-Found,,,,,
CLIENT_X.com.tr,Essential cookies,CLIENT_X - Turkey,HTTP Cookie,bench_new_T3_107175,,0,TRUE,https://www.CLIENT_X.com.tr/,Existing CM Trackers-Found,,,,,
youtube.com,Targeted Advertising cookies (including social media),Google Advertising Products,HTTP Cookie,bench_new_T3_106115,,180,,https://www.CLIENT_X.com.tr/healthcare/clinical-solutions/early-warning-scoring,New Third Party Trackers,,,,,
youtube.com,Targeted Advertising cookies (including social media),Google Advertising Products,HTTP Cookie,bench_new_T3_105973,,180,TRUE,https://www.CLIENT_X.com.tr/healthcare/clinical-solutions/early-warning-scoring,Existing CM Trackers-Found,,,,,
www.accounts.CLIENT_X.com,Essential cookies,Koninklijke CLIENT_X N.V.,JavaScript,bench_new_T3_107004,,,,,Existing CM Trackers-Not Found,,,,,
cdn.jsdelivr.net,Performance cookies,Volentio JSD Limited,ETag,bench_new_T3_106826,,,,,Existing CM Trackers-Not Found,,,,,
nebula-cdn.kampyle.com,Performance cookies,Medallia,JavaScript,bench_new_T3_106038,,,TRUE,https://www.CLIENT_X.com.tr/,Existing CM Trackers-Found,,,,,
CLIENT_X.com.tr,Performance cookies,CLIENT_X - Turkey,HTTP Cookie,_ga_failed_lookup_marker_66_1827,,session,TRUE,https://www.CLIENT_X.com.tr/,Existing CM Trackers-Found,,,,,
www.lighting.CLIENT_X.com.tr,Essential cookies,Signify (formerly CLIENT_X Lighting),HTTP Cookie,_ga_failed_lookup_marker_66_1828,,,,,Existing CM Trackers-Not Found,,,,,
snap.licdn.com,Performance cookies,LinkedIn,JavaScript,bench_new_T3_107054,,,TRUE,https://www.CLIENT_X.com.tr/c-e/ho/cooking/airfryer-7000-serisi-xxl.html,Existing CM Trackers-Found,,,,,
consent-st.trustarc.com,Essential cookies,TrustArc,JavaScript,bench_new_T3_106415,,,,,Existing CM Trackers-Not Found,,,,,
www.realpro.lighting.CLIENT_X.com,Essential cookies,Koninklijke CLIENT_X N.V.,ETag,bench_new_T3_105619,,,,,Existing CM Trackers-Not Found,,,,,
CLIENT_X.com.tr,Essential cookies,CLIENT_X - Turkey,HTTP Cookie,bench_new_T3_106713,,0,TRUE,https://www.CLIENT_X.com.tr/,Existing CM Trackers-Found,,,,,
google.com,Performance cookies,Google Inc.,Local Storage,bench_new_T3_106414,,,TRUE,https://www.CLIENT_X.com.tr/c-e/welcome?mag=F02&origin=20_tr_tr_mylumea_app,Existing CM Trackers-Found,,,,,
CLIENT_X.com.tr,Essential cookies,CLIENT_X - Turkey,HTTP Cookie,bench_new_T3_105790,,0,TRUE,https://www.CLIENT_X.com.tr/,Existing CM Trackers-Found,,,,,
region1.analytics.google.com,Performance cookies,Google Inc.,Beacon,bench_new_T3_106549,,,TRUE,https://www.CLIENT_X.com.tr/,Existing CM Trackers-Found,,,,,
CLIENT_X.com.tr,Targeted Advertising cookies (including social media),CLIENT_X - Turkey,HTTP Cookie,_ga_failed_lookup_marker_66_1836,,,,,Existing CM Trackers-Not Found,,,,,
www.lampreplacementtool.lighting.CLIENT_X.com,Performance cookies,Koninklijke CLIENT_X N.V.,ETag,bench_new_T3_105664,,,,,Existing CM Trackers-Not Found,,,,,
imgs.signifyd.com,Essential cookies,Signifyd,HTTP Cookie,bench_new_T3_106873,,390,TRUE,https://www.CLIENT_X.com.tr/,Existing CM Trackers-Found,,,,,
supurgesepeti.com,Essential cookies,Supurgesepeti.com,HTTP Cookie,bench_new_T3_105606,,,,,Existing CM Trackers-Not Found,,,,,
cdn.speedcurve.com,Performance cookies,Speedcurve,JavaScript,bench_new_T3_105611,,,,https://www.CLIENT_X.com.tr/,New Third Party Trackers,,,,,
doubleclick.net,Targeted Advertising cookies (including social media),Google Advertising Products,HTTP Cookie,bench_new_T3_107131,,390,TRUE,https://www.CLIENT_X.com.tr/,Existing CM Trackers-Found,,,,,
CLIENT_Xb2c.my.site.com,Performance cookies,"Salesforce.com, Inc.",Local Storage,bench_new_T3_105882,,,TRUE,https://www.CLIENT_X.com.tr/c-w/tuketici-urunleri-destek/support-contact-page.html,Existing CM Trackers-Found,,,,,
CLIENT_X.112.2o7.net,Performance cookies,"Adobe Audience Manager, Adobe Experience Cloud",HTTP Cookie,_ga_failed_lookup_marker_66_1843,,400,,https://www.CLIENT_X.com.tr/,New Third Party Trackers,,,,,
nebula-cdn.kampyle.com,Performance cookies,Medallia,JavaScript,bench_new_T3_106580,,,TRUE,https://www.CLIENT_X.com.tr/,Existing CM Trackers-Found,,,,,
www.googleadservices.com,Targeted Advertising cookies (including social media),Google Advertising Products,JavaScript,bench_new_T3_106151,,,,,Existing CM Trackers-Not Found,,,,,
platform-eu.cloud.coveo.com,Performance cookies,Coveo Solutions Inc.,Beacon,bench_new_T3_105857,,,,,Existing CM Trackers-Not Found,,,,,
CLIENT_X.com.tr,Targeted Advertising cookies (including social media),CLIENT_X - Turkey,HTTP Cookie,bench_new_T3_106697,,,,,Existing CM Trackers-Not Found,,,,,
consent.trustarc.com,Essential cookies,TrustArc,Beacon,bench_new_T3_106557,,,TRUE,https://www.CLIENT_X.com.tr/,Existing CM Trackers-Found,,,,,
support.niceteknoloji.com,Performance cookies,Nice Technology,JavaScript,bench_new_T3_107062,,,,,Existing CM Trackers-Not Found,,,,,
w.usabilla.com,Performance cookies,GetFeedback,JavaScript,bench_new_T3_106155,,,,,Existing CM Trackers-Not Found,,,,,
CLIENT_X.com.tr,Essential cookies,CLIENT_X - Turkey,HTTP Cookie,bench_new_T3_106741,,90,,https://www.CLIENT_X.com.tr/,New First Party Trackers,,,,,
www.CLIENT_X.com.tr,Essential cookies,CLIENT_X - Turkey,HTTP Cookie,bench_new_T3_106171,,30,TRUE,https://www.CLIENT_X.com.tr/c-p/AMF870_15/air-performer-8000-serisi-3-1-arada-hava-temizleyici-fan-ve-isitici,Existing CM Trackers-Found,,,,,
td.yieldify.com,Targeted Advertising cookies (including social media),Yieldify,JavaScript,bench_new_T3_107161,,,,,Existing CM Trackers-Not Found,,,,,
CLIENT_X.com.tr,Essential cookies,CLIENT_X - Turkey,HTTP Cookie,bench_new_T3_105810,,,,,Existing CM Trackers-Not Found,,,,,
www.supurgesepeti.com,Essential cookies,Supurgesepeti.com,HTTP Cookie,bench_new_T3_107138,,,,,Existing CM Trackers-Not Found,,,,,
dpm.demdex.net,Targeted Advertising cookies (including social media),"Adobe Audience Manager, Adobe Experience Cloud",Beacon,bench_new_T3_106765,,,,,Existing CM Trackers-Not Found,,,,,
CLIENT_X.de,Essential cookies (exempt from consent),CLIENT_X - Germany,HTTP Cookie,_schn1,,bench_update_duration,,,Existing CM Trackers-Not Found,,,,,
www.googletagmanager.com,Performance cookies,Google Inc.,JavaScript,bench_new_T3_107059,,,TRUE,https://www.CLIENT_X.com.tr/,Existing CM Trackers-Found,,,,,
yt3.ggpht.com,Performance cookies,Google Inc.,ETag,bench_new_T3_105922,,,,,Existing CM Trackers-Not Found,,,,,
www.lighting.CLIENT_X.com.tr,Essential cookies,Signify (formerly CLIENT_X Lighting),JavaScript,bench_new_T3_106624,,,,,Existing CM Trackers-Not Found,,,,,
px.ads.linkedin.com,Targeted Advertising cookies (including social media),LinkedIn,JavaScript,bench_new_T3_105662,,,TRUE,https://www.CLIENT_X.com.tr/healthcare/solutions/value-products,Existing CM Trackers-Found,,,,,
tag.demandbase.com,Targeted Advertising cookies (including social media),"Demandbase, Inc.",ETag,bench_new_T3_106645,,,TRUE,https://www.CLIENT_X.com.tr/a-w/about,Existing CM Trackers-Found,,,,,
code.jquery.com,Performance cookies,jQuery,ETag,bench_new_T3_105640,,,,,Existing CM Trackers-Not Found,,,,,
www.supurgesepeti.com,Essential cookies,Supurgesepeti.com,HTTP Cookie,bench_new_T3_106348,,,,,Existing CM Trackers-Not Found,,,,,
eloqua.com,Essential cookies,Oracle Marketing,HTTP Cookie,bench_new_T3_106388,,392,TRUE,https://www.CLIENT_X.com.tr/healthcare,Existing CM Trackers-Found,,,,,
casalemedia.com,Targeted Advertising cookies (including social media),Index Exchange Inc.,HTTP Cookie,bench_new_T3_105806,,90,TRUE,https://www.CLIENT_X.com.tr/a-w/about,Existing CM Trackers-Found,,,,,
CLIENT_X.com.tr,Essential cookies,CLIENT_X - Turkey,HTTP Cookie,bench_new_T3_106782,,0,TRUE,https://www.CLIENT_X.com.tr/,Existing CM Trackers-Found,,,,,
CLIENT_X.com.tr,Essential cookies,CLIENT_X - Turkey,HTTP Cookie,bench_new_T3_105966,,,,,Existing CM Trackers-Not Found,,,,,
www.CLIENT_X.com.tr,Performance cookies,CLIENT_X - Turkey,HTTP Cookie,bench_new_T3_106226,,,,,Existing CM Trackers-Not Found,,,,,
CLIENT_X.com.tr,Essential cookies,CLIENT_X - Turkey,HTTP Cookie,bench_new_T3_107165,,0,TRUE,https://www.CLIENT_X.com.tr/,Existing CM Trackers-Found,,,,,
region1.analytics.google.com,Performance cookies,Google Inc.,Beacon,bench_new_T3_106427,,,TRUE,https://www.CLIENT_X.com.tr/,Existing CM Trackers-Found,,,,,
CLIENT_X.com.tr,Essential cookies,CLIENT_X - Turkey,HTTP Cookie,bench_new_T3_106789,,,,,Existing CM Trackers-Not Found,,,,,
www.lighting.CLIENT_X.com.tr,Essential cookies,Signify (formerly CLIENT_X Lighting),HTTP Cookie,bench_new_T3_106256,,,,,Existing CM Trackers-Not Found,,,,,
www.CLIENT_X.com,Essential cookies,Koninklijke CLIENT_X N.V.,ETag,bench_new_T3_106539,,,TRUE,https://www.CLIENT_X.com.tr/healthcare/sites/lumify-handheld-ultrasound/lumify-academy,Existing CM Trackers-Found,,,,,
lighting.CLIENT_X.com.tr,Essential cookies,Signify (formerly CLIENT_X Lighting),HTTP Cookie,bench_new_T3_106981,,,,,Existing CM Trackers-Not Found,,,,,
*.akstat.io,Performance cookies,Akamai,Beacon,bench_new_T3_106177,,,,https://www.CLIENT_X.com.tr/c-p/SPT6607B_62/6000-series-kablosuz-klavye-fare-seti,Existing CM Trackers-Found,,,,,
tag-logger.demandbase.com,Targeted Advertising cookies (including social media),"Demandbase, Inc.",ETag,bench_new_T3_106149,,,,https://www.CLIENT_X.com.tr/a-w/about-CLIENT_X/bilgi-toplumu-hizmetleri.html,New Third Party Trackers,,,,,
CLIENT_X.com.tr,Essential cookies,CLIENT_X - Turkey,HTTP Cookie,bench_new_T3_105950,,,,,Existing CM Trackers-Not Found,,,,,
www.CLIENT_X.com.eg,Essential cookies (exempt from consent),CLIENT_X - Egypt,HTTP Cookie,_schn3,,bench_update_duration,,,Existing CM Trackers-Not Found,,,,,
tiktok.com,Targeted Advertising cookies (including social media),TikTok,HTTP Cookie,bench_new_T3_106025,,90,TRUE,https://www.CLIENT_X.com.tr/,Existing CM Trackers-Found,,,,,
tracker-detail-page.trustarc.com,Essential cookies,TrustArc,ETag,bench_new_T3_106918,,,,https://www.CLIENT_X.com.tr/a-w/tanimlama-bilgileri-politikasi,New Third Party Trackers,,,,,
td.yieldify.com,Targeted Advertising cookies (including social media),Yieldify,ETag,bench_new_T3_106578,,,,,Existing CM Trackers-Not Found,,,,,
www.CLIENT_X.dk,Essential cookies (exempt from consent),CLIENT_X - Denmark,HTTP Cookie,shop-health,,session,TRUE,https://www.CLIENT_X.com.tr/,Existing CM Trackers-Found,,,,,
agent-versuni.mindtouch.us,Performance cookies,MindTouch,HTTP Cookie,_ga_failed_lookup_marker_66_1884,,session,,https://www.CLIENT_X.com.tr/c-f/XC000021443/CLIENT_X-vantilat%C3%B6r%C3%BCm-sal%C4%B1n%C4%B1m-yaparken-al%C4%B1%C5%9F%C4%B1lmad%C4%B1k-bir-ses-%C3%A7%C4%B1kar%C4%B1yor,New Third Party Trackers,,,,,
lighting.CLIENT_X.com.tr,Essential cookies,Signify (formerly CLIENT_X Lighting),HTTP Cookie,bench_new_T3_105613,,,,,Existing CM Trackers-Not Found,,,,,
snap.licdn.com,Performance cookies,LinkedIn,JavaScript,_ga_failed_lookup_marker_66_1886,,,TRUE,https://www.CLIENT_X.com.tr/c-e/ho/cooking/airfryer-7000-serisi-xxl.html,Existing CM Trackers-Found,,,,,
tag.demandbase.com,Targeted Advertising cookies (including social media),"Demandbase, Inc.",ETag,bench_new_T3_106428,,,TRUE,https://www.CLIENT_X.com.tr/a-w/about,Existing CM Trackers-Found,,,,,
CLIENT_X.com.tr,Essential cookies,CLIENT_X - Turkey,HTTP Cookie,bench_new_T3_105720,,,,,Existing CM Trackers-Not Found,,,,,
agent-versuni.mindtouch.us,Performance cookies,MindTouch,Beacon,bench_new_T3_106423,,,,https://www.CLIENT_X.com.tr/c-f/XC000021443/CLIENT_X-vantilat%C3%B6r%C3%BCm-sal%C4%B1n%C4%B1m-yaparken-al%C4%B1%C5%9F%C4%B1lmad%C4%B1k-bir-ses-%C3%A7%C4%B1kar%C4%B1yor,New Third Party Trackers,,,,,
tag.demandbase.com,Targeted Advertising cookies (including social media),"Demandbase, Inc.",JavaScript,bench_new_T3_106920,,,TRUE,https://www.CLIENT_X.com.tr/a-w/about,Existing CM Trackers-Found,,,,,
static.doubleclick.net,Targeted Advertising cookies (including social media),Google Advertising Products,JavaScript,bench_new_T3_106903,,,,,Existing CM Trackers-Not Found,,,,,
www.CLIENT_X.com.tr,Performance cookies,CLIENT_X - Turkey,HTTP Cookie,bench_new_T3_106852,,session,TRUE,https://www.CLIENT_X.com.tr/c-p/AMF870_15/air-performer-8000-serisi-3-1-arada-hava-temizleyici-fan-ve-isitici,Existing CM Trackers-Found,,,,,
CLIENT_X.com.tr,Essential cookies,CLIENT_X - Turkey,HTTP Cookie,bench_new_T3_106281,,0,TRUE,https://www.CLIENT_X.com.tr/,Existing CM Trackers-Found,,,,,
tracker-detail-page.trustarc.com,Essential cookies,TrustArc,JavaScript,bench_new_T3_106863,,,,https://www.CLIENT_X.com.tr/a-w/tanimlama-bilgileri-politikasi,New Third Party Trackers,,,,,
www.CLIENT_X.com.tr,Essential cookies,CLIENT_X - Turkey,HTTP Cookie,_ga_failed_lookup_marker_66_1895,,session,TRUE,https://www.CLIENT_X.com.tr/c-p/AMF870_15/air-performer-8000-serisi-3-1-arada-hava-temizleyici-fan-ve-isitici,Existing CM Trackers-Found,,,,,
*.online-metrix.net,Performance cookies,LexisNexis Risk Solutions (formerly ThreatMetrix),JavaScript,bench_new_T3_106282,,,,https://www.CLIENT_X.com.tr/c-f/XC000021305/CLIENT_X-buhar-%C3%9Creticiminhepsi-bir-arada-%C3%87%C3%B6z%C3%BCm%C3%BCm%C3%BCn-kirecini-nas%C4%B1l-temizlerim,Existing CM Trackers-Found,,,,,
CLIENT_X.com.tr,Targeted Advertising cookies (including social media),CLIENT_X - Turkey,HTTP Cookie,bench_new_T3_106285,,,,,Existing CM Trackers-Not Found,,,,,
*.t.eloqua.com,Performance cookies,Oracle Marketing,JavaScript,bench_new_T3_106758,,,,https://www.CLIENT_X.com.tr/healthcare/education-resources/education-training,New Third Party Trackers,,,,,
w.usabilla.com,Performance cookies,GetFeedback,JavaScript,bench_new_T3_105897,,,,,Existing CM Trackers-Not Found,,,,,
js-package.s3.ap-northeast-1.amazonaws.com,Performance Cookies [Requires consent],Amazon (Web Services),JavaScript,-,,90,TRUE,https://www.CLIENT_X.com.tr/,Existing CM Trackers-Found,,,,,
images.CLIENT_X.com,Essential cookies,Koninklijke CLIENT_X N.V.,ETag,bench_new_T3_105629,,,TRUE,https://www.CLIENT_X.com.tr/c-p/AMF870_15/air-performer-8000-serisi-3-1-arada-hava-temizleyici-fan-ve-isitici,Existing CM Trackers-Found,,,,,
cdn.ticimax.cloud,Performance cookies,Ticimax,ETag,bench_new_T3_106150,,,,,Existing CM Trackers-Not Found,,,,,
www.CLIENT_X.com.tr,Essential cookies,CLIENT_X - Turkey,HTTP Cookie,bench_new_T3_107160,,0,TRUE,https://www.CLIENT_X.com.tr/c-p/AMF870_15/air-performer-8000-serisi-3-1-arada-hava-temizleyici-fan-ve-isitici,Existing CM Trackers-Found,,,,,
www.gstatic.com,Performance cookies,Google Inc.,JavaScript,_ga_failed_lookup_marker_66_1904,,,TRUE,https://www.CLIENT_X.com.tr/c-e/welcome?mag=F02&origin=20_tr_tr_mylumea_app,Existing CM Trackers-Found,,,,,
halc.iadvize.com,Performance cookies,iAdvize,ETag,bench_new_T3_106637,,,TRUE,https://www.CLIENT_X.com.tr/c-e/ho/cooking/airfryer-7000-serisi-xxl.html,Existing CM Trackers-Found,,,,,
cdn.speedcurve.com,Performance cookies,Speedcurve,JavaScript,_ga_failed_lookup_marker_66_1906,,,,https://www.CLIENT_X.com.tr/,New Third Party Trackers,,,,,
versuni.scene7.com,Performance cookies,Adobe Experience Cloud - Experience Manager,JavaScript,bench_new_T3_106268,,,TRUE,https://www.CLIENT_X.com.tr/c-f/XC000021359/CLIENT_X-homerun-elektrikli-robot-s%C3%BCp%C3%BCrgemi-nas%C4%B1l-temizlerim,Existing CM Trackers-Found,,,,,
www.supurgesepeti.com,Essential cookies,Supurgesepeti.com,ETag,bench_new_T3_106829,,,,,Existing CM Trackers-Not Found,,,,,
www.lighting.CLIENT_X.com.tr,Essential cookies,Signify (formerly CLIENT_X Lighting),HTTP Cookie,bench_new_T3_106977,,,,,Existing CM Trackers-Not Found,,,,,
doubleclick.net,Targeted Advertising cookies (including social media),Google Advertising Products,HTTP Cookie,bench_new_T3_106462,,390,TRUE,https://www.CLIENT_X.com.tr/,Existing CM Trackers-Found,,,,,
CLIENT_X.pl,Essential cookies (exempt from consent),CLIENT_X - Poland,HTTP Cookie,iadvize-6965-vuid,,bench_update_duration,,,Existing CM Trackers-Not Found,,,,,
www.CLIENT_X.com.tr,Essential cookies,CLIENT_X - Turkey,HTTP Cookie,bench_new_T3_106565,,7,,https://www.CLIENT_X.com.tr/c-p/AMF870_15/air-performer-8000-serisi-3-1-arada-hava-temizleyici-fan-ve-isitici,New First Party Trackers,,,,,
linkedin.com,Targeted Advertising cookies (including social media),LinkedIn,HTTP Cookie,bench_new_T3_107053,,180,TRUE,https://www.CLIENT_X.com.tr/c-e/ho/cooking/airfryer-7000-serisi-xxl.html,Existing CM Trackers-Found,,,,,
cdn-scripts.signifyd.com,Essential cookies,Signifyd,JavaScript,bench_new_T3_106189,,,TRUE,https://www.CLIENT_X.com.tr/,Existing CM Trackers-Found,,,,,
connect.facebook.net,Targeted Advertising cookies (including social media),Meta (formerly Facebook),Beacon,_ga_failed_lookup_marker_66_1915,,,TRUE,https://www.CLIENT_X.com.tr/c-p/EP4441_50/4400-serisi-tam-otomatik-espresso-makinesi/destek,Existing CM Trackers-Found,,,,,
static.cloudflareinsights.com,Performance cookies,Cloudflare,ETag,bench_new_T3_106077,,,,,Existing CM Trackers-Not Found,,,,,
www.CLIENT_X.se,Essential cookies (exempt from consent),CLIENT_X - Sweden,HTTP Cookie,fl_qualified_entry,,,,,Existing CM Trackers-Not Found,,,,,
img.youtube.com,Targeted Advertising cookies (including social media),Google Advertising Products,ETag,bench_new_T3_105813,,,TRUE,https://www.CLIENT_X.com.tr/healthcare/solutions/clinical-informatics/clinical-informatics-enterprise-imaging/intellispace-portal,Existing CM Trackers-Found,,,,,
company-target.com,Targeted Advertising cookies (including social media),"Demandbase, Inc.",HTTP Cookie,bench_new_T3_106931,,396,TRUE,https://www.CLIENT_X.com.tr/a-w/about,Existing CM Trackers-Found,,,,,
www.CLIENT_X.com.tr,Essential cookies,CLIENT_X - Turkey,HTTP Cookie,bench_new_T3_106837,,365,TRUE,https://www.CLIENT_X.com.tr/c-p/AMF870_15/air-performer-8000-serisi-3-1-arada-hava-temizleyici-fan-ve-isitici,Existing CM Trackers-Found,,,,,
cdn.channelsight.com,Essential cookies,ChannelSight,ETag,_ga_failed_lookup_marker_66_1921,,,TRUE,https://www.CLIENT_X.com.tr/c-e/ho/cooking/airfryer-7000-serisi-xxl.html,Existing CM Trackers-Found,,,,,
images.CLIENT_X.com,Essential cookies,Koninklijke CLIENT_X N.V.,JavaScript,_ga_failed_lookup_marker_66_1922,,,TRUE,https://www.CLIENT_X.com.tr/healthcare/product/HCNOCTN424PACS,Existing CM Trackers-Found,,,,,
www.CLIENT_X.com.tr,Essential cookies,CLIENT_X - Turkey,HTTP Cookie,bench_new_T3_105926,,365,TRUE,https://www.CLIENT_X.com.tr/c-p/AMF870_15/air-performer-8000-serisi-3-1-arada-hava-temizleyici-fan-ve-isitici,Existing CM Trackers-Found,,,,,
www.CLIENT_X.com.tr,Essential cookies,CLIENT_X - Turkey,HTTP Cookie,bench_new_T3_106125,,0,TRUE,https://www.CLIENT_X.com.tr/c-p/AMF870_15/air-performer-8000-serisi-3-1-arada-hava-temizleyici-fan-ve-isitici,Existing CM Trackers-Found,,,,,
CLIENT_X.com.tw,Essential cookies (exempt from consent),CLIENT_X - Taiwan,HTTP Cookie,_hjTLDTest,,bench_update_duration,,,Existing CM Trackers-Not Found,,,,,
pagead2.googlesyndication.com,Targeted Advertising cookies (including social media),Google Advertising Products,Beacon,bench_new_T3_106087,,,,,Existing CM Trackers-Not Found,,,,,
*.online-metrix.net,Performance cookies,LexisNexis Risk Solutions (formerly ThreatMetrix),Beacon,bench_new_T3_106845,,,,https://www.CLIENT_X.com.tr/,New Third Party Trackers,,,,,
checkout-ui.prod.ticimax.net,Performance cookies,Ticimax,HTTP Cookie,bench_new_T3_106174,,,,,Existing CM Trackers-Not Found,,,,,
supurgesepeti.com,Essential cookies,Supurgesepeti.com,HTTP Cookie,_ga_failed_lookup_marker_66_1929,,,,,Existing CM Trackers-Not Found,,,,,
www.CLIENT_X.ro,Essential cookies (exempt from consent),CLIENT_X - Romania,HTTP Cookie,_sdsat_pgm_sh_alloc,,bench_update_duration,TRUE,https://www.CLIENT_X.com.tr/,Existing CM Trackers-Found,,,,,
company-target.com,Targeted Advertising cookies (including social media),"Demandbase, Inc.",HTTP Cookie,bench_new_T3_107081,,396,TRUE,https://www.CLIENT_X.com.tr/a-w/about,Existing CM Trackers-Found,,,,,
www.google.ie,Targeted Advertising cookies (including social media),Google Inc.,Beacon,bench_new_T3_105782,,,TRUE,https://www.CLIENT_X.com.tr/,Existing CM Trackers-Found,,,,,
tag.demandbase.com,Targeted Advertising cookies (including social media),"Demandbase, Inc.",JavaScript,_ga_failed_lookup_marker_66_1933,,,TRUE,https://www.CLIENT_X.com.tr/a-w/about,Existing CM Trackers-Found,,,,,
CLIENT_X.com.tr,Essential cookies,CLIENT_X - Turkey,HTTP Cookie,bench_new_T3_106294,,400,,https://www.CLIENT_X.com.tr/,New First Party Trackers,,,,,
CLIENT_X.com.tr,Essential cookies,CLIENT_X - Turkey,HTTP Cookie,bench_new_T3_105750,,,,,Existing CM Trackers-Not Found,,,,,
CLIENT_X.com.tr,Essential cookies,CLIENT_X - Turkey,HTTP Cookie,bench_new_T3_105962,,400,TRUE,https://www.CLIENT_X.com.tr/,Existing CM Trackers-Found,,,,,
CLIENT_X.com.tr,Essential cookies,CLIENT_X - Turkey,HTTP Cookie,bench_new_T3_105712,,0,TRUE,https://www.CLIENT_X.com.tr/,Existing CM Trackers-Found,,,,,
consent.trustarc.com,Essential cookies,TrustArc,JavaScript,bench_new_T3_105924,,,TRUE,https://www.CLIENT_X.com.tr/,Existing CM Trackers-Found,,,,,
stats.g.doubleclick.net,Targeted Advertising cookies (including social media),Google Advertising Products,Beacon,bench_new_T3_106350,,,TRUE,https://www.CLIENT_X.com.tr/,Existing CM Trackers-Found,,,,,
CLIENT_X.co.uk,Essential cookies,CLIENT_X - United Kingdom,HTTP Cookie,_ga_failed_lookup_marker_66_1940,,,,,Existing CM Trackers-Not Found,,,,,
amazon-adsystem.com,Targeted Advertising cookies (including social media),Amazon Ads,HTTP Cookie,bench_new_T3_106893,,223,TRUE,https://www.CLIENT_X.com.tr/,Existing CM Trackers-Found,,,,,
CLIENT_X.com.tw,Essential cookies (exempt from consent),CLIENT_X - Taiwan,HTTP Cookie,_gdXXX,,session,TRUE,https://www.CLIENT_X.com.tr/,Existing CM Trackers-Found,,,,,
static.ticimax.cloud,Performance cookies,Ticimax,JavaScript,bench_new_T3_106626,,,,,Existing CM Trackers-Not Found,,,,,
koninklijkeCLIENT_Xnvproduction2k8xfrmr.analytics.org.coveo.com,Performance cookies,Coveo Solutions Inc.,Beacon,bench_new_T3_106652,,,TRUE,https://www.CLIENT_X.com.tr/a-w/about/news/all-news.html,Existing CM Trackers-Found,,,,,
www.crsc.CLIENT_X.com,Essential cookies (exempt from consent),Koninklijke CLIENT_X N.V.,JavaScript,blank (java),,bench_update_duration,,https://www.CLIENT_X.com.tr/c-w/tuketici-urunleri-destek/support-contact-page.html,New Third Party Trackers,,,,,
sc-static.net,Targeted Advertising cookies (including social media),Snap Inc.,JavaScript,bench_new_T3_106960,,,TRUE,https://www.CLIENT_X.com.tr/c-e/ho/cooking/airfryer-7000-serisi-xxl.html,Existing CM Trackers-Found,,,,,
consent-pref.trustarc.com,Essential cookies,TrustArc,JavaScript,bench_new_T3_106248,,,,,Existing CM Trackers-Not Found,,,,,
CLIENT_X.com.tr,Essential cookies,CLIENT_X - Turkey,HTTP Cookie,bench_new_T3_106279,,400,TRUE,https://www.CLIENT_X.com.tr/,Existing CM Trackers-Found,,,,,
lighting.CLIENT_X.com.tr,Performance cookies,Signify (formerly CLIENT_X Lighting),HTTP Cookie,bench_new_T3_106007,,,,,Existing CM Trackers-Not Found,,,,,
linkedin.com,Targeted Advertising cookies (including social media),LinkedIn,HTTP Cookie,bench_new_T3_106895,,180,TRUE,https://www.CLIENT_X.com.tr/c-e/ho/cooking/airfryer-7000-serisi-xxl.html,Existing CM Trackers-Found,,,,,
static.cloudflareinsights.com,Performance cookies,Cloudflare,ETag,bench_new_T3_107190,,,,,Existing CM Trackers-Not Found,,,,,
CLIENT_X.com.tr,Essential cookies,CLIENT_X - Turkey,HTTP Cookie,bench_new_T3_105661,,session,TRUE,https://www.CLIENT_X.com.tr/,Existing CM Trackers-Found,,,,,
*.mktoweb.com,Targeted Advertising cookies (including social media),Marketo,JavaScript,_ga_failed_lookup_marker_66_1953,,,,,Existing CM Trackers-Not Found,,,,,
www.lighting.CLIENT_X.com,Performance cookies,Signify (formerly CLIENT_X Lighting),ETag,bench_new_T3_106071,,,,,Existing CM Trackers-Not Found,,,,,
amazon-adsystem.com,Targeted Advertising cookies (including social media),Amazon Ads,HTTP Cookie,bench_new_T3_107186,,223,TRUE,https://www.CLIENT_X.com.tr/,Existing CM Trackers-Found,,,,,
www.lighting.CLIENT_X.com,Performance cookies,Signify (formerly CLIENT_X Lighting),ETag,bench_new_T3_107183,,,,,Existing CM Trackers-Not Found,,,,,
lighting.CLIENT_X.com.tr,Essential cookies,Signify (formerly CLIENT_X Lighting),HTTP Cookie,bench_new_T3_106339,,,,,Existing CM Trackers-Not Found,,,,,
CLIENT_X.com.tr,Essential cookies,CLIENT_X - Turkey,HTTP Cookie,bench_new_T3_106399,,,,,Existing CM Trackers-Not Found,,,,,
company-target.com,Targeted Advertising cookies (including social media),"Demandbase, Inc.",HTTP Cookie,bench_new_T3_106057,,396,TRUE,https://www.CLIENT_X.com.tr/a-w/about,Existing CM Trackers-Found,,,,,
CLIENT_X.com.tr,Essential cookies,CLIENT_X - Turkey,HTTP Cookie,bench_new_T3_106079,,365,,https://www.CLIENT_X.com.tr/,New First Party Trackers,,,,,
CLIENT_X.com.tr,Essential cookies,CLIENT_X - Turkey,HTTP Cookie,bench_new_T3_107133,,session,TRUE,https://www.CLIENT_X.com.tr/,Existing CM Trackers-Found,,,,,
CLIENT_X.com.au,Essential cookies (exempt from consent),CLIENT_X - Australia,HTTP Cookie,test,,729,,,Existing CM Trackers-Not Found,,,,,
CLIENT_X.com.ar,Essential cookies (exempt from consent),CLIENT_X - Argentina,HTTP Cookie,_ga,,89,,,Existing CM Trackers-Not Found,,,,,
cdnjs.cloudflare.com,Performance cookies,Cloudflare,ETag,bench_new_T3_106930,,,,,Existing CM Trackers-Not Found,,,,,
consent-pref.trustarc.com,Essential cookies,TrustArc,JavaScript,bench_new_T3_106710,,,,,Existing CM Trackers-Not Found,,,,,
www.lighting.CLIENT_X.com.tr,Essential cookies,Signify (formerly CLIENT_X Lighting),HTTP Cookie,bench_new_T3_106686,,,,,Existing CM Trackers-Not Found,,,,,
www.googletagmanager.com,Performance cookies,Google Inc.,Beacon,bench_new_T3_106438,,,TRUE,https://www.CLIENT_X.com.tr/c-e/ho/homeid-app.html,Existing CM Trackers-Found,,,,,
CLIENT_X.co.uk,Essential cookies,CLIENT_X - United Kingdom,HTTP Cookie,bench_new_T3_107057,,,,,Existing CM Trackers-Not Found,,,,,
tr.snapchat.com,Targeted Advertising cookies (including social media),Snap Inc.,Beacon,bench_new_T3_105728,,,TRUE,https://www.CLIENT_X.com.tr/c-e/ho/cooking/airfryer-7000-serisi-xxl.html,Existing CM Trackers-Found,,,,,
www.lighting.CLIENT_X.com.tr,Essential cookies,Signify (formerly CLIENT_X Lighting),HTTP Cookie,bench_new_T3_105705,,,,,Existing CM Trackers-Not Found,,,,,
CLIENT_X.com.tr,Essential cookies,CLIENT_X - Turkey,HTTP Cookie,bench_new_T3_105949,,session,TRUE,https://www.CLIENT_X.com.tr/,Existing CM Trackers-Found,,,,,
CLIENT_X.com.tr,Targeted Advertising cookies (including social media),CLIENT_X - Turkey,HTTP Cookie,bench_new_T3_106832,,,,,Existing CM Trackers-Not Found,,,,,
cdn-scripts.signifyd.com,Essential cookies,Signifyd,ETag,bench_new_T3_105968,,,TRUE,https://www.CLIENT_X.com.tr/,Existing CM Trackers-Found,,,,,
assets-v2.yieldify.com,Targeted Advertising cookies (including social media),Yieldify,ETag,bench_new_T3_105856,,,,,Existing CM Trackers-Not Found,,,,,
www.assets.lighting.CLIENT_X.com,Performance cookies,Signify (formerly CLIENT_X Lighting),ETag,bench_new_T3_106808,,,,,Existing CM Trackers-Not Found,,,,,
ajax.googleapis.com,Performance cookies,Google Inc.,JavaScript,bench_new_T3_106131,,,,,Existing CM Trackers-Not Found,,,,,
imgs.signifyd.com,Essential cookies,Signifyd,Beacon,bench_new_T3_106097,,,TRUE,https://www.CLIENT_X.com.tr/,Existing CM Trackers-Found,,,,,
analytics.tiktok.com,Targeted Advertising cookies (including social media),TikTok,Beacon,bench_new_T3_106678,,,TRUE,https://www.CLIENT_X.com.tr/,Existing CM Trackers-Found,,,,,
lighting.CLIENT_X.com.tr,Essential cookies,Signify (formerly CLIENT_X Lighting),HTTP Cookie,bench_new_T3_106844,,,,,Existing CM Trackers-Not Found,,,,,
www.CLIENT_X.com.tr,Essential cookies,CLIENT_X - Turkey,HTTP Cookie,bench_new_T3_106953,,,,,Existing CM Trackers-Not Found,,,,,
cdn.ticimax.cloud,Performance cookies,Ticimax,ETag,bench_new_T3_107090,,,,,Existing CM Trackers-Not Found,,,,,
www.CLIENT_X.com.tr,Essential cookies,CLIENT_X - Turkey,HTTP Cookie,bench_new_T3_107113,,7,TRUE,https://www.CLIENT_X.com.tr/c-p/AMF870_15/air-performer-8000-serisi-3-1-arada-hava-temizleyici-fan-ve-isitici,Existing CM Trackers-Found,,,,,
CLIENT_X.112.2o7.net,Performance cookies,"Adobe Audience Manager, Adobe Experience Cloud",Beacon,bench_new_T3_106562,,,TRUE,https://www.CLIENT_X.com.tr/,Existing CM Trackers-Found,,,,,
c.amazon-adsystem.com,Targeted Advertising cookies (including social media),Amazon Ads,JavaScript,bench_new_T3_106660,,,TRUE,https://www.CLIENT_X.com.tr/,Existing CM Trackers-Found,,,,,
www.CLIENT_X.com.tr,Essential cookies,CLIENT_X - Turkey,HTTP Cookie,bench_new_T3_105622,,400,TRUE,https://www.CLIENT_X.com.tr/c-p/AMF870_15/air-performer-8000-serisi-3-1-arada-hava-temizleyici-fan-ve-isitici,Existing CM Trackers-Found,,,,,
smetrics.marketing.CLIENT_X-hue.com,Targeted Advertising cookies (including social media),CLIENT_X Hue,JavaScript,bench_new_T3_106853,,,,,Existing CM Trackers-Not Found,,,,,
www.CLIENT_X.com.tr,Essential cookies,CLIENT_X - Turkey,HTTP Cookie,bench_new_T3_106403,,7,TRUE,https://www.CLIENT_X.com.tr/c-p/AMF870_15/air-performer-8000-serisi-3-1-arada-hava-temizleyici-fan-ve-isitici,Existing CM Trackers-Found,,,,,
www.dictation.CLIENT_X.com,Essential cookies (exempt from consent),Koninklijke CLIENT_X N.V.,HTTP Cookie,fe_typo_user,,,,,Existing CM Trackers-Not Found,,,,,
CLIENT_X.com.tr,Essential cookies,CLIENT_X - Turkey,HTTP Cookie,bench_new_T3_105997,,90,,https://www.CLIENT_X.com.tr/,New First Party Trackers,,,,,
lighting.CLIENT_X.com.hk,Essential cookies (exempt from consent),CLIENT_X - Hong Kong,HTTP Cookie,s_cc,,,,,Existing CM Trackers-Not Found,,,,,
www.CLIENT_X.com.gh,Essential cookies (exempt from consent),CLIENT_X - Ghana,HTTP Cookie,kampyleUserPercentile,,bench_update_duration,TRUE,https://www.CLIENT_X.com.tr/c-e/ho/ironing/azur-8000-series,Existing CM Trackers-Found,,,,,
versuni.scene7.com,Performance cookies,Adobe Experience Cloud - Experience Manager,JavaScript,bench_new_T3_105721,,,TRUE,https://www.CLIENT_X.com.tr/c-f/XC000021359/CLIENT_X-homerun-elektrikli-robot-s%C3%BCp%C3%BCrgemi-nas%C4%B1l-temizlerim,Existing CM Trackers-Found,,,,,
www.CLIENT_X.com.br,Essential cookies (exempt from consent),CLIENT_X - Brazil,HTTP Cookie,kampyleUserPercentile,,session,TRUE,https://www.CLIENT_X.com.tr/,Existing CM Trackers-Found,,,,,
CLIENT_X.com.tr,Essential cookies,CLIENT_X - Turkey,HTTP Cookie,bench_new_T3_106184,,,,,Existing CM Trackers-Not Found,,,,,
www.CLIENT_X.com.tr,Essential cookies,CLIENT_X - Turkey,HTTP Cookie,bench_new_T3_105802,,,,,Existing CM Trackers-Not Found,,,,,
CLIENT_X.com.tr,Essential cookies,CLIENT_X - Turkey,HTTP Cookie,bench_new_T3_106980,,400,TRUE,https://www.CLIENT_X.com.tr/,Existing CM Trackers-Found,,,,,
www.CLIENT_X.com.tr,Performance cookies,CLIENT_X - Turkey,HTTP Cookie,bench_new_T3_105624,,,,,Existing CM Trackers-Not Found,,,,,
www.CLIENT_X.fr,Essential cookies (exempt from consent),CLIENT_X - France,HTTP Cookie,mdLogger,,,,,Existing CM Trackers-Not Found,,,,,
*.fls.doubleclick.net,Targeted Advertising cookies (including social media),Google Advertising Products,Beacon,bench_new_T3_106618,,,,,Existing CM Trackers-Not Found,,,,,
